id_semana,ano,mes,semana_operativa,data_inicio,data_fim,pld_medio_se,pld_medio_s,pld_medio_ne,pld_medio_n,preco_petroleo_brent,volatilidade_petroleo,preco_gas_natural,ptax_medio_semanal,preco_petroleo_brl,preco_gas_brl,ena_bruta_mw_se,ena_bruta_mlt_se,ena_bruta_mw_s,ena_bruta_mlt_s,ena_bruta_mw_ne,ena_bruta_mlt_ne,ena_bruta_mw_n,ena_bruta_mlt_n,ena_arm_mw_se,ena_arm_mlt_se,ena_arm_mw_s,ena_arm_mlt_s,ena_arm_mw_ne,ena_arm_mlt_ne,ena_arm_mw_n,ena_arm_mlt_n,vol_ena_arm_mlt_se,vol_ena_arm_mlt_s,vol_ena_arm_mlt_ne,vol_ena_arm_mlt_n,preco_petroleo_brl_lag1,preco_gas_brl_lag1,ena_arm_mlt_se_lag1,ena_arm_mlt_s_lag1,ena_arm_mlt_ne_lag1,ena_arm_mlt_n_lag1,volatilidade_petroleo_lag1
1266,2001,6,1,2001-06-30,2001-07-06,684,141.61,684,684,25.9,0.392428337407083,3.218,2.39134,61.935706,7.69533212,16977.4285714286,91.4142859328572,8450,123.452857968571,2165.71428571429,55.7785720828571,2222.85714285714,89.2485716685714,16965.7142857143,91.3471429014286,8180.71428571429,119.511427742857,2165.71428571429,55.7785720828571,2200.42857142857,88.3485723214286,5.89420159377472,12.0907890848401,3.47615378673482,14.0276150541244,NA,NA,NA,NA,NA,NA,NA
1265,2001,7,2,2001-07-07,2001-07-13,684,4,684,684,24.472,0.74643820909707,3.25,2.51142,61.45947024,8.162115,14434.4285714286,79.7371422914286,6767.71428571429,98.2742854528571,1952.28571428571,51.6314294,2006.85714285714,86.0985717785714,14424.2857142857,79.6799992142857,6746.85714285714,97.9728567957143,1952.28571428571,51.6314294,1991.71428571429,85.4485724314286,2.76819440598151,5.7744546386977,1.29723350915986,1.3225271203002,61.935706,7.69533212,91.3471429014286,119.511427742857,55.7785720828571,88.3485723214286,0.392428337407083
1264,2001,7,3,2001-07-14,2001-07-20,684,4,684,684,23.472,0.295753275552034,2.955,2.51088,58.93537536,7.4196504,13692.8571428571,75.6385716028571,6964.28571428571,101.130000521429,2020.85714285714,53.4457141328571,1866.14285714286,80.0599997371429,13678,75.5585719514286,6497,94.3442862357143,2020.85714285714,53.4457141328571,1852.42857142857,79.4714268285714,1.07830961831942,17.5846407118179,3.12324102770409,1.70330445588117,61.45947024,8.162115,79.6799992142857,97.9728567957143,51.6314294,85.4485724314286,0.74643820909707
1263,2001,7,4,2001-07-21,2001-07-27,684,86.94,684,684,24.694,0.268477187112807,3.167,2.46072,60.76501968,7.79310024,13788,76.1642859328571,9514.42857142857,138.159999302857,1942.42857142857,51.3714283528572,1732.14285714286,74.3128574928571,13776.7142857143,76.10142953,7548.28571428571,109.607142857143,1942.42857142857,51.3714283528572,1719.85714285714,73.78428541,1.22311722817462,26.384704585889,2.3757834947888,1.35824283980473,58.93537536,7.4196504,75.5585719514286,94.3442862357143,53.4457141328571,79.4714268285714,0.295753275552034
1262,2001,7,5,2001-07-28,2001-08-03,684,4,684,684,24.826,0.66251792428595,2.971,2.46606,61.22240556,7.32666426,15784.1428571429,94.95714242,10977.2857142857,167.975714547143,1842.28571428571,51.7542855385714,1629.28571428571,82.5000010914286,15773.7142857143,94.8957148971429,8037,124.022857667143,1842.28571428571,51.7542855385714,1619.57142857143,82.0000000014286,12.3119281550081,10.3286333329003,3.62621865014864,14.772809592365,60.76501968,7.79310024,76.10142953,109.607142857143,51.3714283528572,73.78428541,0.268477187112807
1261,2001,8,6,2001-08-04,2001-08-10,684,4,684,684,25.6,0.271385334902402,3.04,2.46654,63.143424,7.4982816,13463.8571428571,89.6157150285714,8280.14285714286,137.752856662857,1837.14285714286,55.6657137171429,1536.57142857143,94.00142997,13450.5714285714,89.52571433,7127,118.567143031429,1837.14285714286,55.6657137171429,1530.14285714286,93.6071428557143,4.96505436668586,10.9325582036679,0.0901589317652472,2.07224185608707,61.22240556,7.32666426,94.8957148971429,124.022857667143,51.7542855385714,82.0000000014286,0.66251792428595
1260,2001,8,7,2001-08-11,2001-08-17,684,37.12,684,684,25.412,0.483911148869288,3.303,2.50254,63.59454648,8.26588962,11708.5714285714,77.9285714271429,5091,84.6942863471429,1845.71428571429,55.9314291814286,1369.57142857143,83.7842865014286,11697.7142857143,77.8585717342857,4990.14285714286,83.0185715814286,1845.71428571429,55.9314291814286,1367.71428571429,83.67000035,2.75715042685429,15.9105264982054,0.0511309369839462,2.58980106338378,63.143424,7.4982816,89.52571433,118.567143031429,55.6657137171429,93.6071428557143,0.271385334902402
1259,2001,8,8,2001-08-18,2001-08-24,684,60.62,684,684,25.482,0.724410104843927,2.706,2.53264,64.53673248,6.85332384,11021.4285714286,73.3557150728571,3160.42857142857,52.57857132,1842.14285714286,55.8214285742857,1263,77.26285771,11007.2857142857,73.2642865857143,3099.85714285714,51.5728569042857,1842.14285714286,55.8214285742857,1262.71428571429,77.24571446,0.381263862154658,1.86086655543819,0.0909997551571591,1.88378946339781,63.59454648,8.26588962,77.8585717342857,83.0185715814286,55.9314291814286,83.67000035,0.483911148869288
1258,2001,8,9,2001-08-25,2001-08-31,684,86.94,684,684,26.57,0.231516738055817,2.38,2.55006,67.7550942,6.0691428,12562.5714285714,83.6157139371429,4626.57142857143,76.97000013,1835.85714285714,55.6271427685714,1141.42857142857,69.8271429871428,12541,83.4714279185714,4621.28571428571,76.8814288542857,1835.42857142857,55.6128572728571,1141.42857142857,69.8271429871428,8.41778140822518,28.2456677148846,0.0689720831788721,2.33839568225667,64.53673248,6.85332384,73.2642865857143,51.5728569042857,55.8214285742857,77.24571446,0.724410104843927
1257,2001,9,10,2001-09-01,2001-09-07,684,93.24,684,684,26.642,0.524185081817298,2.5,2.5699,68.4672758,6.42475,14555.1428571429,96.7942853642857,5430,77.0142854971429,1860.28571428571,62.8999998914286,1031.28571428571,79.9014293128571,14536.7142857143,96.6714292257143,5430,77.0142854971429,1859.42857142857,62.8714283542857,1031.28571428571,79.9014293128571,10.0403169538154,10.7129868463253,0.320334720261412,2.29418298796782,67.7550942,6.0691428,83.4714279185714,76.8814288542857,55.6128572728571,69.8271429871428,0.231516738055817
1256,2001,9,11,2001-09-08,2001-09-14,684,63.55,684,684,28.474,0.686498361250462,2.552,2.66094,75.76760556,6.79071888,11288,75.0671419428571,4898.57142857143,69.4757145485714,2012.28571428571,68.0400003714286,1028.57142857143,79.6928569257143,11262.5714285714,74.8985726514286,4864.28571428571,68.9885722585714,2012.28571428571,68.0400003714286,1025.14285714286,79.4271436428571,3.47418839675692,2.5495841508537,10.3756599607625,1.63798511060563,68.4672758,6.42475,96.6714292257143,77.0142854971429,62.8714283542857,79.9014293128571,0.524185081817298
1255,2001,9,12,2001-09-15,2001-09-21,684,79.72,684,684,26.408,1.42382232037567,2.103,2.71652,71.73786016,5.71284156,13240,88.0485709071429,4278,60.67571422,1965.28571428571,66.4500002185714,1068.57142857143,82.7914287,13194,87.7414289185714,4212,59.7385722585714,1963.71428571429,66.3971426842857,1065.42857142857,82.5485709042857,7.92654108152435,11.9292603163251,0.379769060539452,2.18329722291857,75.76760556,6.79071888,74.8985726514286,68.9885722585714,68.0400003714286,79.4271436428571,0.686498361250462
1254,2001,9,13,2001-09-22,2001-09-28,336,63.55,562.15,336,20.954,0.701769192826165,2.244,2.7159,56.9089686,6.0944796,13848.5714285714,92.0942862385714,4985.85714285714,70.7142851685714,1927.57142857143,65.1742847971429,1032.71428571429,80.0128555285714,13777.4285714286,91.6214283514286,4936.28571428571,70.0114288357143,1926.85714285714,65.1514282214286,1032.71428571429,80.0128555285714,5.05710198795884,24.0911876051016,0.365397124441738,3.89649290416707,71.73786016,5.71284156,87.7414289185714,59.7385722585714,66.3971426842857,82.5485709042857,1.42382232037567
1253,2001,9,14,2001-09-29,2001-10-05,336,63.55,562.15,336,21.108,0.326450608821766,2.227,2.72034,57.42093672,6.05819718,18508,107.901428222857,24654.5714285714,301.71999904,1897,60.8271424414286,1096.14285714286,78.6185716914286,18448.2857142857,107.55428641,19887.8571428571,245.147142682857,1897,60.8271424414286,1096.14285714286,78.6185716914286,12.6443524280556,56.3689002247397,2.7634082310836,6.73892344774954,56.9089686,6.0944796,91.6214283514286,70.0114288357143,65.1514282214286,80.0128555285714,0.701769192826165
1252,2001,10,15,2001-10-06,2001-10-12,336,4,562.15,336,20.906,0.32253681960368,2.43,2.7794,58.1061364,6.753942,21982.5714285714,120.382856098571,20566.1428571429,243.981432231429,1728.71428571429,54.2057146342857,1079.14285714286,74.77571433,21920.4285714286,120.045714242857,7485.85714285714,88.8071441642857,1725.71428571429,54.1114289414286,1079.14285714286,74.77571433,5.71454352045493,82.4621140815289,1.76664854776349,4.74451217616487,57.42093672,6.05819718,107.55428641,245.147142682857,60.8271424414286,78.6185716914286,0.326450608821766
1251,2001,10,16,2001-10-13,2001-10-19,336,4,562.15,336,19.884,0.546882071382898,2.681,2.7497,54.6750348,7.3719457,19704.4285714286,105.508572171429,16158.4285714286,191.692855835714,2002.42857142857,62.7900003714286,1233.28571428571,85.45428685,19636.2857142857,105.145713804286,9620.42857142857,114.127142771429,2002.42857142857,62.7900003714286,1233.28571428571,85.45428685,11.6613614864953,11.9729249602032,4.21933689212774,4.78514966786918,58.1061364,6.753942,120.045714242857,88.8071441642857,54.1114289414286,74.77571433,0.32253681960368
1250,2001,10,17,2001-10-20,2001-10-26,336,4,562.15,336,20.458,0.150897316079332,3.041,2.7292,55.8339736,8.2994972,19111.7142857143,102.334286281429,10437.2857142857,123.821426391429,2400.85714285714,75.2842864971428,1561.57142857143,108.202856882857,19078.7142857143,102.157143727143,7828.71428571429,92.8742850171429,2400.85714285714,75.2842864971428,1561.57142857143,108.202856882857,3.41968288321672,9.67141798581781,7.03434935689711,12.9580217770317,54.6750348,7.3719457,105.145713804286,114.127142771429,62.7900003714286,85.45428685,0.546882071382898
1249,2001,10,18,2001-10-27,2001-11-02,336,4,562.15,336,19.722,0.785824407867284,3.248,2.7084,53.4150648,8.7968832,15911.1428571429,80.87571553,5651.85714285714,73.0442853671429,2890.42857142857,80.7585705371429,1980.57142857143,121.359999521429,15878.8571428571,80.7142846228571,5545.28571428571,71.7228573385714,2889.85714285714,80.7399995014286,1980.57142857143,121.359999521429,13.690508667553,8.34270830984896,14.6004081958475,24.4865464221111,55.8339736,8.2994972,102.157143727143,92.8742850171429,75.2842864971428,108.202856882857,0.150897316079332
1248,2001,11,19,2001-11-03,2001-11-09,336,41.74,562.15,336,19.308,0.862160077943789,2.925,2.58288,49.87024704,7.554924,16048.5714285714,69.0528559,3974.85714285714,64.8257157457143,2973.28571428571,58.97000013,2082.14285714286,87.52142988,15955.8571428571,68.6542870657143,3919.14285714286,63.92000035,2973.28571428571,58.97000013,2082.14285714286,87.52142988,4.39612379571112,3.98449842907949,1.96592731213592,1.52968816251006,53.4150648,8.7968832,80.7142846228571,71.7228573385714,80.7399995014286,121.359999521429,0.785824407867284
1247,2001,11,20,2001-11-10,2001-11-16,336,46.62,562.15,336,18.42,1.69833742230453,2.637,2.535775,46.7089755,6.686838675,19625,84.3742861057143,6240.42857142857,101.774286542857,2773.57142857143,55.0071427485714,2175.28571428571,91.4371425085714,19536.8571428571,83.9971422457143,6237.71428571429,101.731428965714,2773.57142857143,55.0071427485714,2175.28571428571,91.4371425085714,10.5810388281405,12.5149824870835,1.23412233587322,0.629091774390421,49.87024704,7.554924,68.6542870657143,63.92000035,58.97000013,87.52142988,0.862160077943789
1246,2001,11,21,2001-11-17,2001-11-23,336,41.74,562.15,336,18.572,1.22628300159461,2.813,2.52784,46.94704448,7.11081392,28270.2857142857,121.545714241429,4735.71428571429,77.2342856285714,3464.57142857143,68.7100001757143,2255.14285714286,94.7942853671428,27810.2857142857,119.567143032857,4687.28571428571,76.4457146785714,3464.57142857143,68.7100001757143,2255.14285714286,94.7942853671428,8.96978938438712,12.741235373262,6.23547623533597,4.49120669056136,46.7089755,6.686838675,83.9971422457143,101.731428965714,55.0071427485714,91.4371425085714,1.69833742230453
1245,2001,11,22,2001-11-24,2001-11-30,336,31.82,562.15,336,18.804,0.215476216784971,2.701,2.49348,46.88739792,6.73488948,27429.4285714286,117.930000307143,4631.28571428571,75.5314282,4148.14285714286,82.2671443414286,2915.42857142857,122.549998692857,27222,117.039999825714,4591.14285714286,74.87714277,4148,82.2642865871428,2915.42857142857,122.549998692857,7.13993072101097,15.709067632924,4.63626491328311,13.4755698839037,46.94704448,7.11081392,119.567143032857,76.4457146785714,68.7100001757143,94.7942853671428,1.22628300159461
1244,2001,12,23,2001-12-01,2001-12-07,336,4,562.15,336,18.986,0.829355171202266,2.568,2.43334,46.19939324,6.24881712,28243.8571428571,81.4614290514286,6063.85714285714,121.950000218571,6260.57142857143,67.5142854957143,4072.28571428571,87.2599999557143,28148.2857142857,81.1871436,6027.57142857143,121.219997952857,6259.85714285714,67.5057144171429,4072.28571428571,87.2599999557143,2.24042916768456,7.97736564405856,8.68676343714476,10.5545168506256,46.88739792,6.73488948,117.039999825714,74.87714277,82.2642865871428,122.549998692857,0.215476216784971
1243,2001,12,24,2001-12-08,2001-12-14,336,4,562.15,336,18.022,0.353227971712435,2.846,2.36388,42.60184536,6.72760248,27584.2857142857,79.5585708628571,5519.85714285714,111.011427742857,7429.42857142857,80.1199994771429,5688.42857142857,121.888570512857,27534.2857142857,79.4128559642857,5491.71428571429,110.444285801429,7429.42857142857,80.1199994771429,5688.42857142857,121.888570512857,1.27716716428192,8.23381683790888,3.95253554181052,6.02753634574659,46.19939324,6.24881712,81.1871436,121.219997952857,67.5057144171429,87.2599999557143,0.829355171202266
1242,2001,12,25,2001-12-15,2001-12-21,336,49.3,562.15,336,18.744,0.211849002829659,2.895,2.32826,43.64090544,6.7403127,34611.4285714286,99.8285729542857,5735.71428571429,115.352857317143,6134.14285714286,66.1499998914286,5353.28571428571,114.707144601429,34405.8571428571,99.2314278742857,5731.57142857143,115.270001002857,6132.28571428571,66.1299988871429,5353.28571428571,114.707144601429,9.87977415902028,15.2028812244658,4.49686558127627,2.47824847561539,42.60184536,6.72760248,79.4128559642857,110.444285801429,80.1199994771429,121.888570512857,0.353227971712435
1241,2001,12,26,2001-12-22,2001-12-28,336,41.74,562.15,336,19.0966666666667,0.593408234972806,2.774,2.32275,44.3567825,6.4433085,41154.2857142857,118.697141374286,4842.14285714286,97.3814293985714,4971.57142857143,53.6142861514286,6062.14285714286,129.898572648571,40297,116.227143425714,4831.14285714286,97.1585726042857,4970.85714285714,53.6071428571429,6062.14285714286,129.898572648571,4.58424843035945,8.61955330916132,1.68938492277268,11.5474210107768,43.64090544,6.7403127,99.2314278742857,115.270001002857,66.1299988871429,114.707144601429,0.211849002829659
1240,2001,12,27,2001-12-29,2001-12-31,336,41.74,562.15,336,19.35,0,2.275,2.3196,44.88426,5.27709,49276.3333333333,142.12333679,3580,72,5917.33333333333,63.8100001033333,7435,159.316670733333,47019.6666666667,135.613332113333,3573,71.8599980666667,5917.33333333333,63.8100001033333,7435,159.316670733333,8.95270520449363,5.27045584013369,6.03132687670809,5.74196039638119,44.3567825,6.4433085,116.227143425714,97.1585726042857,53.6071428571429,129.898572648571,0.593408234972806
1239,2002,1,28,2002-01-01,2002-01-04,336,41.74,562.15,4,20.6,0.546717477313469,2.275,2.3025,47.4315,5.2381875,51025.25,107.954999925,2897.75,59.644999505,11392.75,85.819999695,8776,105.7449989325,48198.5,101.9724998475,2897.75,59.644999505,11392.75,85.819999695,8776,105.7449989325,3.23630838840952,3.06213923315062,9.20053269096226,5.31671812422906,44.88426,5.27709,135.613332113333,71.8599980666667,63.8100001033333,159.316670733333,0
1238,2002,1,29,2002-01-05,2002-01-11,336,64.04,562.15,4,20.422,0.606522876732567,2.204,2.374,48.481828,5.232296,42715.7142857143,90.3757138942857,2811.71428571429,57.8785716457143,15477.5714285714,116.587142944286,12053.5714285714,145.232860018571,41827.1428571429,88.49571555,2811.71428571429,57.8785716457143,15477.5714285714,116.587142944286,11143,134.258573258571,5.18674252602809,7.35659970482112,11.0807182994656,8.80359231909373,47.4315,5.2381875,101.9724998475,59.644999505,85.819999695,105.7449989325,0.546717477313469
1237,2002,1,30,2002-01-12,2002-01-18,336,64.04,562.15,4,18.524,0.345586458068037,2.236,2.37994,44.08600856,5.32154584,53548.7142857143,113.294286454286,5580.14285714286,114.858571732857,17080.5714285714,128.664284841429,17105.8571428571,206.108572822857,50426.8571428571,106.691429137143,5561,114.46571459,16839.4285714286,126.84714399,8503.42857142857,102.458572388571,14.2513845928506,14.993322294998,12.3300555156026,5.89363139644976,48.481828,5.232296,88.49571555,57.8785716457143,116.587142944286,134.258573258571,0.606522876732567
1236,2002,1,31,2002-01-19,2002-01-25,336,64.04,562.15,4,18.772,0.28030340704338,2.037,2.384,44.752448,4.856208,57658.8571428571,121.99142892,5164.57142857143,106.308571951429,16505.5714285714,124.332856314286,18815.2857142857,226.705714634286,54715.2857142857,115.76285771,5164.57142857143,106.308571951429,15884.1428571429,119.65285492,6606.71428571429,79.6042861942857,10.7534019870991,19.4542908091668,22.9189722066882,11.0423560011969,44.08600856,5.32154584,106.691429137143,114.46571459,126.84714399,102.458572388571,0.345586458068037
1235,2002,1,32,2002-01-26,2002-02-01,134.76,8.88,319.41,4.19,19.296,0.434775804294584,2.138,2.423,46.754208,5.180374,49793.4285714286,104.710001265714,8126.28571428571,165.278568814286,13046.1428571429,97.4028560071429,17929.7142857143,209.124287195714,40818.8571428571,85.8571428571429,7731.28571428571,157.74571446,12908,96.3628561842857,5019.71428571429,57.8585711885714,3.80045426668963,30.6591646082967,7.62474521557395,7.58103879751197,44.752448,4.856208,115.76285771,106.308571951429,119.65285492,79.6042861942857,0.28030340704338
1234,2002,2,33,2002-02-02,2002-02-08,134.76,10.82,319.41,5.17,19.912,0.306708330503119,2.191,2.43634,48.51240208,5.33802094,51170.1428571429,103.671428135714,5399.14285714286,101.235714502857,14212.5714285714,101.011428831429,13469.8571428571,119.930000307143,42771.1428571429,86.6542881557143,4644.71428571429,87.0899996085714,14212.5714285714,101.011428831429,4984.28571428571,44.37714277,7.20725378519084,10.3483678287321,2.76108155516145,3.37798598125327,46.754208,5.180374,85.8571428571429,157.74571446,96.3628561842857,57.8585711885714,0.434775804294584
1233,2002,2,34,2002-02-09,2002-02-15,9.25,8.88,319.41,4.19,20.994,0.639398154517226,2.206,2.4279,50.9713326,5.3559474,62534.4285714286,126.697142465714,3984,74.7014280028571,11883.7142857143,84.4614290514286,16437,146.350001742857,53385.2857142857,108.157142638571,3940,73.8771427685714,11883.7142857143,84.4614290514286,3964.57142857143,35.3014292057143,4.91437818034013,3.93166921081976,4.8415694505183,4.57526546468443,48.51240208,5.33802094,86.6542881557143,87.0899996085714,101.011428831429,44.37714277,0.306708330503119
1232,2002,2,35,2002-02-16,2002-02-22,5.42,5.14,319.41,4,20.018,0.324992307601551,2.449,2.42582,48.56006476,5.94083318,64266.7142857143,130.201429094286,3731.14285714286,69.9585702071429,12948.7142857143,92.02999987,16733.2857142857,148.98714338,56883,115.242856705714,3731.14285714286,69.9585702071429,12948.7142857143,92.02999987,4330,38.55285699,7.96255349618082,3.48043034766495,7.08167933010975,3.67524015712966,50.9713326,5.3559474,108.157142638571,73.8771427685714,84.4614290514286,35.3014292057143,0.639398154517226
1231,2002,2,36,2002-02-23,2002-02-28,8.14,6.97,319.41,4.49,20.2975,0.504207298638001,2.359,2.38215,48.351689625,5.61949185,65545.8333333333,132.796666463333,3354.83333333333,62.9033330266667,15289.3333333333,108.664999643333,14417,128.363334653333,54568.6666666667,110.555000305,3341,62.643333435,15289.3333333333,108.664999643333,4302.33333333333,38.3066666916667,4.63307638856378,6.85301351835348,2.5250246037796,2.78468421599811,48.56006476,5.94083318,115.242856705714,69.9585702071429,92.02999987,38.55285699,0.324992307601551
1230,2002,3,37,2002-03-02,2002-03-08,4.66,4.12,4,4,22.274,0.5430745805136,2.8,2.34816,52.30291584,6.574848,51216.4285714286,111.481426784286,3655,78.5457131528571,14841.1428571429,105.281427655714,12763.8571428571,96.8257152014286,41573.5714285714,90.4900000442857,3644.57142857143,78.3199996971429,14841.1428571429,105.281427655714,3889.71428571429,29.5071424757143,3.31697689161501,10.2122340517296,3.64822100300582,3.24486599120023,48.351689625,5.61949185,110.555000305,62.643333435,108.664999643333,38.3066666916667,0.504207298638001
1229,2002,3,38,2002-03-09,2002-03-15,8.7,8.38,4.88,4.88,23.42,0.493761075825335,3.076,2.34588,54.9405096,7.21592688,36997,80.5285720814286,3604.71428571429,77.4628568371429,12712.2857142857,90.1799992157143,12991.2857142857,98.5514275671429,35095.5714285714,76.39000048,3578.57142857143,76.8999993457143,12712.2857142857,90.1799992157143,3588.14285714286,27.2199998585714,3.81781790878908,6.30663310767647,9.95882337706811,2.27436409030454,52.30291584,6.574848,90.4900000442857,78.3199996971429,105.281427655714,29.5071424757143,0.5430745805136
1228,2002,3,39,2002-03-16,2002-03-22,13.1,12.32,7.32,7.32,24.434,0.423709806353331,3.326,2.34322,57.25423748,7.79354972,34259.5714285714,74.5714296614286,3372.57142857143,72.4728578828571,8143.71428571429,57.7728560314286,12332.5714285714,93.5542864128571,33916.5714285714,73.8271429885714,3372.57142857143,72.4728578828571,8143.71428571429,57.7728560314286,3718.14285714286,28.2057143614286,3.23066331869111,5.5261194119589,7.42666140188875,5.96960028801083,54.9405096,7.21592688,76.39000048,76.8999993457143,90.1799992157143,27.2199998585714,0.493761075825335
1227,2002,3,40,2002-03-23,2002-03-29,12.3,11.21,7.04,7.04,25.032,0.341130473572672,3.283,2.34295,58.6487244,7.69190485,44038.4285714286,95.8571439471428,2712.85714285714,58.2971425714286,6361.57142857143,45.1257144385714,12473.7142857143,94.6257149842857,41177.7142857143,89.6314294,2712.85714285714,58.2971425714286,6361.57142857143,45.1257144385714,4085.85714285714,30.99571446,4.81560894463565,2.5269059038582,1.06448467918731,2.1309065918615002,57.25423748,7.79354972,73.8271429885714,72.4728578828571,57.7728560314286,28.2057143614286,0.423709806353331
1226,2002,3,41,2002-03-30,2002-04-05,11.64,11.64,6.17,6.17,26.422,0.686563908168673,3.275,2.30442,60.88738524,7.5469755,38809.4285714286,102.660000392857,2565,58.7142862585714,7872.71428571429,65.0028582985714,13774.8571428571,104.404285975714,36168,96.47000122,2565,58.7142862585714,7872.71428571429,65.0028582985714,3729.28571428571,28.2628568942857,13.2358659515629,4.84403968773181,11.9136155090406,3.98028319076023,58.6487244,7.69190485,89.6314294,58.2971425714286,45.1257144385714,30.99571446,0.341130473572672
1225,2002,4,42,2002-04-06,2002-04-12,10.87,11.09,5.72,5.72,25.9657142857143,1.06606530667459,3.125,2.28268,59.2714166857143,7.133375,29049,83.2300011785714,2335,54.82000024,8753,75.6642848428571,12902,97.7528566628572,28798.4285714286,82.5157132828571,2335,54.82000024,8753,75.6642848428571,3964.71428571429,30.0385720385714,4.30082914781965,2.45905061701371,4.01829498162867,2.79770449355325,60.88738524,7.5469755,96.47000122,58.7142862585714,65.0028582985714,28.2628568942857,0.686563908168673
1224,2002,4,43,2002-04-13,2002-04-19,15.84,17.03,8.71,8.71,24.6614285714286,1.0476549777389,3.527,2.32146,57.2505199714286,8.18778942,25711.1428571429,73.6671425942857,2109.14285714286,49.5171427042857,6510.28571428571,56.2785709914286,12592,95.4042859757143,25405.1428571429,72.7899998271429,2109.14285714286,49.5171427042857,6510.28571428571,56.2785709914286,3366.14285714286,25.5042854028571,2.64309861485291,2.40052618667361,14.0570228827323,5.77025621174745,59.2714166857143,7.133375,82.5157132828571,54.82000024,75.6642848428571,30.0385720385714,1.06606530667459
1223,2002,4,44,2002-04-20,2002-04-26,15.96,16.37,8.75,8.75,25.6685714285714,0.811550544152512,3.319,2.35172,60.3652928,7.80535868,22033,63.12999998,2939,69.0014283328571,5107,44.1471426828571,11262.2857142857,85.3314296171429,21809,62.48714338,2939,69.0014283328571,5107,44.1471426828571,3487.42857142857,26.4242853428571,3.70032361239007,6.08424475067479,0.699158976077441,4.40021495323543,57.2505199714286,8.18778942,72.7899998271429,49.5171427042857,56.2785709914286,25.5042854028571,1.0476549777389
1222,2002,4,45,2002-04-27,2002-05-03,20.11,20.09,4,20.11,26.3571428571429,0.361096214588945,3.745,2.380025,62.7306589285714,8.913193625,20064.8571428571,66.23142842,2628.71428571429,52.9042859757143,4501.85714285714,48.8142858228571,8770.42857142857,80.5099999557143,19911,65.7728571214286,2620.28571428571,52.7657149185714,4501.85714285714,48.8142858228571,3350.14285714286,31.2671427057143,11.7700689498123,9.14314404887757,9.52311958429818,8.46460569943348,60.3652928,7.80535868,62.48714338,69.0014283328571,44.1471426828571,26.4242853428571,0.811550544152512
1221,2002,5,46,2002-05-04,2002-05-10,25.31,26.67,4.38,25.31,26.3214285714286,0.517572171181028,3.749,2.44318,64.3079878571429,9.15948182,22900.2857142857,88.0257143285714,3142.14285714286,51.8957138071429,3445,49.1528571,7300.42857142857,84.5757141114286,22818,87.71142905,3128.28571428571,51.6685709271429,3445,49.1528571,3189,36.9471424657143,4.23999896512831,4.87077499337403,2.0211444400993,2.65217294905182,62.7306589285714,8.913193625,65.7728571214286,52.7657149185714,48.8142858228571,31.2671427057143,0.361096214588945
1220,2002,5,47,2002-05-11,2002-05-17,18.95,20.13,4,4,26.2542857142857,0.594358397569783,3.598,2.4949,65.5018174285714,8.9766502,22862.5714285714,86.4485713414286,4178.57142857143,69.0142854971429,3146.71428571429,44.8985715585714,5888.14285714286,68.2142851685714,22776.4285714286,86.1214283557143,4178.57142857143,69.0142854971429,3146.71428571429,44.8985715585714,3402.42857142857,39.4171420514286,2.58052600000539,38.6205913041079,0.740370371603552,5.45036072053826,64.3079878571429,9.15948182,87.71142905,51.6685709271429,49.1528571,36.9471424657143,0.517572171181028
1219,2002,5,48,2002-05-18,2002-05-24,20.89,22.86,4.13,4.13,25.6785714285714,1.22950435232291,3.347,2.50072,64.2149171428571,8.36990984,31223,118.060000828571,14473.7142857143,239.054288592857,3019,43.0757141128571,4974.42857142857,57.6314288542857,27373.2857142857,103.504286631429,14089.8571428571,232.712857927143,3019,43.0757141128571,3961.85714285714,45.8971432285714,7.27267363828458,36.2475909273369,0.382006587814254,0.857024444556501,65.5018174285714,8.9766502,86.1214283557143,69.0142854971429,44.8985715585714,39.4171420514286,0.594358397569783
1218,2002,5,49,2002-05-25,2002-05-31,12.92,11.36,4,4,24.0714285714286,0.490864155390642,3.217,2.521625,60.6991160714286,8.112067625,28283.7142857143,106.945712497143,6905.85714285714,114.059998648571,2903,41.4228570114286,4643.14285714286,53.7914287028571,25348.4285714286,95.84714072,6905.85714285714,114.059998648571,2903,41.4228570114286,3412.42857142857,39.5342854085714,6.33356615100928,19.3216197635226,1.15988027583369,4.49518271975539,64.2149171428571,8.36990984,103.504286631429,232.712857927143,43.0757141128571,45.8971432285714,1.22950435232291
1217,2002,6,50,2002-06-01,2002-06-07,8.91,4,5.57,5.57,23.6357142857143,0.688376281376566,3.204,2.60564,61.5861625714286,8.34847056,21431.4285714286,93.1828569685714,4524,61.5,2710.71428571429,58.9400002628571,3752.42857142857,92.64000048,21215.1428571429,92.2442866742857,4524,61.5,2710.71428571429,58.9400002628571,2864.85714285714,70.7285723,3.82269510855418,6.32182084597486,0.427239380013337,7.96133240959215,60.6991160714286,8.112067625,95.84714072,114.059998648571,41.4228570114286,39.5342854085714,0.490864155390642
1216,2002,6,51,2002-06-08,2002-06-14,14.21,14.14,7.69,6.6,23.1016666666667,0.338728012816229,3.342,2.6916,62.180446,8.9953272,19166,83.3314274385714,9870.57142857143,134.185713631429,2840.42857142857,61.7599994114286,2983.42857142857,73.6557137628572,19157.2857142857,83.2957131514286,7990.85714285714,108.632857185714,2840.42857142857,61.7599994114286,2813.85714285714,69.4685701657143,2.52208304593432,18.0059939609584,1.18862717784062,3.17576341739734,61.5861625714286,8.34847056,92.2442866742857,61.5,58.9400002628571,70.7285723,0.688376281376566
1215,2002,6,52,2002-06-15,2002-06-21,14.42,13.91,7.73,7.16,23.8728571428571,0.896859600415273,3.237,2.71856,64.8997945142857,8.79997872,17923.7142857143,77.9328558771429,8843.28571428571,120.218571254286,2575,55.9899994985714,2623.85714285714,64.7785720814286,17908.8571428571,77.8657139357143,5599.28571428571,76.1185722357143,2575,55.9899994985714,2611.28571428571,64.4671429228571,1.41053005663301,11.5832765691122,0.87859733921,4.1546905900317,62.180446,8.9953272,83.2957131514286,108.632857185714,61.7599994114286,69.4685701657143,0.338728012816229
1214,2002,6,53,2002-06-22,2002-06-28,15.3,14.09,7.61,6.3,24.74,0.401995024844909,3.245,2.8369,70.184906,9.2057405,17103,74.3614283957143,4799.71428571429,65.24857276,2394.71428571429,52.0699996942857,2257.42857142857,55.7300006314286,17080,74.2628566185714,4511.28571428571,61.3271440785714,2394.71428571429,52.0699996942857,2248.71428571429,55.5171432485714,0.490702561600461,7.81269528292911,1.7061745099692,1.76878268470184,64.8997945142857,8.79997872,77.8657139357143,76.1185722357143,55.9899994985714,64.4671429228571,0.896859600415273
1213,2002,6,54,2002-06-29,2002-07-05,15.97,15.95,15.89,15.57,25.3628571428571,0.298591933677072,3.142,2.8708,72.8116902857143,9.0200536,16415.5714285714,81.328572955714293,5860,76.3957143514286,2332.57142857143,58.7414289214286,1945.28571428571,72.43428639,16390.8571428571,81.19857134,4860.42857142857,63.4600001728572,2332.57142857143,58.7414289214286,1945.28571428571,72.43428639,5.70453920595,11.1725058880913,8.13414548664958,14.1654613918247,70.184906,9.2057405,74.2628566185714,61.3271440785714,52.0699996942857,55.5171432485714,0.401995024844909
1212,2002,7,55,2002-07-06,2002-07-12,17.79,17.79,17.52,14.12,25.6028571428571,0.259468320848773,2.787,2.84284,72.7848264,7.92299508,15581.2857142857,81.1128572728571,4744.42857142857,61.2457139157143,2516,66.5385709471429,1735.14285714286,74.4385713842857,15578.5714285714,81.0971439914286,4224.71428571429,54.5385714914286,2516,66.5385709471429,1735.14285714286,74.4385713842857,1.67294812081978,3.46106685090369,1.401838032826,1.21642214827111,72.8116902857143,9.0200536,81.19857134,63.4600001728572,58.7414289214286,72.43428639,0.298591933677072
1211,2002,7,56,2002-07-13,2002-07-19,17.9,17.9,17.35,12.19,25.9614285714286,0.555740604102061,2.933,2.86624,74.4116850285714,8.40668192,16505.8571428571,85.4228591928571,3577.85714285714,46.1900002614286,2476.28571428571,65.4900000428571,1620.28571428571,69.5114277428571,16460.1428571429,85.1857136314286,3399.85714285714,43.8885710585714,2476.28571428571,65.4900000428571,1620.28571428571,69.5114277428571,0.633453599739263,3.43767584212274,0.241106949390242,3.47043520723481,72.7848264,7.92299508,81.0971439914286,54.5385714914286,66.5385709471429,74.4385713842857,0.259468320848773
1210,2002,7,57,2002-07-20,2002-07-26,16.22,16.22,15.59,12.36,25.9585714285714,0.501246066366414,2.936,2.94772,76.5186001714285,8.65450592,16897.4285714286,87.36428615,3673.57142857143,47.4228575585714,2449,64.7685699442857,1448.57142857143,62.1457143514286,16856.5714285714,87.1528571028571,3533.28571428571,45.6114289442857,2449,64.7685699442857,1448.57142857143,62.1457143514286,3.12101786232683,3.31527923504269,0.295264417824213,2.18375733879038,74.4116850285714,8.40668192,85.1857136314286,43.8885710585714,65.4900000428571,69.5114277428571,0.555740604102061
1209,2002,7,58,2002-07-27,2002-08-02,14.69,16.21,15.44,14.69,25.5442857142857,0.403272329113721,2.858,3.23926,82.7445829428571,9.25780508,17099.2857142857,93.6157150257143,5638.71428571429,76.4585707528571,2424,66.7471433371428,1468.14285714286,70.4685718,17059,93.3928571428571,4797.57142857143,65.3057147442857,2424,66.7471433371428,1468.14285714286,70.4685718,9.38652727394049,29.2699227175152,4.04917192238466,11.9079229808935,76.5186001714285,8.65450592,87.1528571028571,45.6114289442857,64.7685699442857,62.1457143514286,0.501246066366414
1208,2002,8,59,2002-08-03,2002-08-09,13.6,15.39,13.52,13.3,25.6571428571429,0.400238024418757,2.761,3.04414,78.1039348571428,8.40487054,18852.2857142857,117.477142332857,9692.71428571429,140.712857927143,2153.42857142857,65.2514299657143,1230.71428571429,75.2871431628571,18660.7142857143,116.284285408571,9405.14285714286,136.540002004286,2153.42857142857,65.2514299657143,1230.71428571429,75.2871431628571,3.16700754917994,3.50112975707703,3.48079691796323,2.88656952963194,82.7445829428571,9.25780508,93.3928571428571,65.3057147442857,66.7471433371428,70.4685718,0.403272329113721
1207,2002,8,60,2002-08-10,2002-08-16,9.43,9.37,11.72,9.43,25.8785714285714,0.478972113712549,3.149,3.1706,82.0505985714286,9.9842194,15859.7142857143,98.8299996514286,7167.57142857143,104.052856444286,1955.42857142857,59.2528572085714,1158.85714285714,70.8928560542857,15731.7142857143,98.0314287457143,6889.42857142857,100.017144338571,1955.42857142857,59.2528572085714,1158.85714285714,70.8928560542857,5.58583526326852,16.4968335447918,0.85347742144684,1.18568921628841,78.1039348571428,8.40487054,116.284285408571,136.540002004286,65.2514299657143,75.2871431628571,0.400238024418757
1206,2002,8,61,2002-08-17,2002-08-23,10.08,10.02,12.41,10.08,27.05,0.633850665903751,3.487,3.10744,84.056252,10.83564328,12894.8571428571,80.3557118,6704,97.3257130228571,1828,55.3899999342857,1118.28571428571,68.4114287228572,12831.8571428571,79.9628568385714,6434.71428571429,93.4171436842857,1828,55.3899999342857,1118.28571428571,68.4114287228572,3.48720047351189,35.8573220968132,1.67952478943768,3.69690182052208,82.0505985714286,9.9842194,98.0314287457143,100.017144338571,59.2528572085714,70.8928560542857,0.478972113712549
1205,2002,8,62,2002-08-24,2002-08-30,11.83,11.94,14.07,11.83,27.5271428571429,0.210611355005512,3.296,3.08756,84.9917052,10.17659776,12007.7142857143,74.8271408085714,7396.57142857143,107.379999434286,1664.28571428571,50.4299997585714,945.571428571429,57.8457151142857,11955.7142857143,74.5014277885714,6253.57142857143,90.7871431628572,1664.28571428571,50.4299997585714,945.571428571429,57.8457151142857,1.57739787035279,30.8060770122217,2.25642760924599,5.14720525805171,84.056252,10.83564328,79.9628568385714,93.4171436842857,55.3899999342857,68.4114287228572,0.633850665903751
1204,2002,8,63,2002-08-31,2002-09-06,6.93,6.93,5.9,5.9,27.4857142857143,0.240891202472358,3.265,3.11708,85.6751702857143,10.1772662,12577.1428571429,78.5185710357143,4109.71428571429,52.37142781,1536.71428571429,51.1285711028571,1053.14285714286,79.3028558985714,12533.2857142857,78.2428567071429,3930.42857142857,50.0457142414286,1536.71428571429,51.1285711028571,1053.14285714286,79.3028558985714,4.18587867235379,8.12954443360471,3.91211087863025,8.98134221580608,84.9917052,10.17659776,74.5014277885714,90.7871431628572,50.4299997585714,57.8457151142857,0.210611355005512
1203,2002,9,64,2002-09-07,2002-09-13,6.53,7.09,5.75,5.75,27.8428571428571,0.777789909202523,3.467,3.12952,87.1347782857142,10.85004584,14550.2857142857,90.8614273057143,5954.57142857143,73.67428698,1435.71428571429,48.54285758,1005.14285714286,77.8757149871428,14514.7142857143,90.6385705128572,5741.57142857143,71.0414281585714,1435.71428571429,48.54285758,1005.14285714286,77.8757149871428,2.3015030384507,9.88991384715047,1.30925777499231,6.18417098898585,85.6751702857143,10.1772662,78.2428567071429,50.0457142414286,51.1285711028571,79.3028558985714,0.240891202472358
1202,2002,9,65,2002-09-14,2002-09-20,5.9,6.08,5.54,5.54,28.4471428571429,0.356544260259071,3.758,3.30904,94.1327336,12.43537232,15462.8571428571,96.5599997385714,15214.4285714286,188.245717731429,1463.57142857143,49.4857150485714,970,75.1542870657143,15428.7142857143,96.3457151128571,12267.2857142857,151.781430924286,1463.57142857143,49.4857150485714,970,75.1542870657143,4.4533773652407,34.6280368233596,0.980881700524861,3.80818990638021,87.1347782857142,10.85004584,90.6385705128572,71.0414281585714,48.54285758,77.8757149871428,0.777789909202523
1201,2002,9,66,2002-09-21,2002-09-27,4.87,4.74,4.86,4.86,28.6614285714286,0.529856224883377,4.041,3.69876,106.011745542857,14.94668916,19657.7142857143,122.752856662857,14541.2857142857,179.920000348571,1451.28571428571,49.0700002385714,944.142857142857,73.1499993471429,19554.1428571429,122.108573911429,12546.5714285714,155.23714338,1451.28571428571,49.0700002385714,944.142857142857,73.1499993471429,5.29142042646088,32.0352484609811,2.06025038358639,2.33399483590702,94.1327336,12.43537232,96.3457151128571,151.781430924286,49.4857150485714,75.1542870657143,0.356544260259071
1200,2002,9,67,2002-09-28,2002-10-04,4,4,4,4,29.0314285714286,0.303942350424237,3.739,3.71714,107.9138844,13.89838646,16087.2857142857,91.7014280042857,13057,145.891427177143,1791.71428571429,57.9371425071429,1068,77.5885707314286,16014,91.2728565742857,12144.5714285714,136.015713282857,1791.71428571429,57.9371425071429,1068,77.5885707314286,16.4608628355612,18.8096491606165,2.31263714266278,4.17576093869065,106.011745542857,14.94668916,122.108573911429,155.23714338,49.0700002385714,73.1499993471429,0.529856224883377
1199,2002,10,68,2002-10-05,2002-10-11,4,4,4,4,28.53,0.574775318421705,4.146,3.8185,108.941805,15.831501,13430.1428571429,70.0885723685714,13992.4285714286,147.885711671429,2383,74.72285734,1139.14285714286,78.9314291828571,13276.4285714286,69.2857142857143,10482.2857142857,110.788570948571,2383,74.72285734,1139.14285714286,78.9314291828571,5.67206875607681,17.883319253711,8.05064521439815,3.83453297917901,107.9138844,13.89838646,91.2728565742857,136.015713282857,57.9371425071429,77.5885707314286,0.303942350424237
1198,2002,10,69,2002-10-12,2002-10-18,4.09,4,4.01,4.01,28.2628571428571,0.298703547892914,4.239,3.87776,109.596576914286,16.43782464,10619.4285714286,55.3614283971429,11006.2857142857,116.325716292857,1968.57142857143,61.7271428785714,1180.71428571429,81.8142852785714,10388.4285714286,54.1571426385714,9102.14285714286,96.2000013071429,1968.57142857143,61.7271428785714,1180.71428571429,81.8142852785714,3.23848108310057,4.73425913751081,9.16235008051067,2.95864103195914,108.941805,15.831501,69.2857142857143,110.788570948571,74.72285734,78.9314291828571,0.574775318421705
1197,2002,10,70,2002-10-19,2002-10-25,4.87,4,4.62,4.62,27.7371428571429,0.877813842940155,4.028,3.87946,107.605136228571,15.62646488,9756,50.8600000657143,10950.7142857143,115.737142292857,1799.28571428571,56.4185714742857,1010.57142857143,70.02285494,9547.71428571429,49.7728576671429,8523.85714285714,90.0871429457143,1799.28571428571,56.4185714742857,1010.57142857143,70.02285494,1.14234734419781,9.09095491959362,2.80216753265548,6.67839706895121,109.596576914286,16.43782464,54.1571426385714,96.2000013071429,61.7271428785714,81.8142852785714,0.298703547892914
1196,2002,10,71,2002-10-26,2002-11-01,7.24,7.24,6.61,6.61,26.05,0.656861223293632,4.06,3.71166,96.688743,15.0693396,12372.1428571429,62.17142759,14205.7142857143,158.33857291,1639.57142857143,48.8385718214286,1269.42857142857,82.70999963,12159.7142857143,61.0914284842857,9486.85714285714,105.350000654286,1639.57142857143,48.8385718214286,1269.42857142857,82.70999963,7.31461138668149,11.946682693398,7.98412944583354,13.8104935732171,107.605136228571,15.62646488,49.7728576671429,90.0871429457143,56.4185714742857,70.02285494,0.877813842940155
1195,2002,11,72,2002-11-02,2002-11-08,7.21,4,6.72,6.72,25.0842857142857,0.760873558108459,3.903,3.56936,89.5348460571429,13.93121208,18484.8571428571,76.5828574042857,11968,176.694285801429,1356,26.8914288114286,1397.71428571429,58.7528572085714,17999.1428571429,74.5685708157143,7887,116.442858015714,1356,26.8914288114286,1397.71428571429,58.7528572085714,3.40415152161403,13.4904521272937,2.27008399751669,3.00771605495807,96.688743,15.0693396,61.0914284842857,105.350000654286,48.8385718214286,82.70999963,0.656861223293632
1194,2002,11,73,2002-11-09,2002-11-15,5.92,4,5.66,5.77,23.7042857142857,0.674681582744841,3.981,3.591725,85.1392756071428,14.298657225,18801.1428571429,77.80857195,14283.2857142857,210.87714277,2205.71428571429,43.7442855828571,1908,80.2028590628571,18447.1428571429,76.3442851485714,7725.57142857143,114.060000828571,2205.71428571429,43.7442855828571,1908,80.2028590628571,2.64378464115194,30.7121827834799,7.6956311065767,9.16869890775285,89.5348460571429,13.93121208,74.5685708157143,116.442858015714,26.8914288114286,58.7528572085714,0.760873558108459
1193,2002,11,74,2002-11-16,2002-11-22,6.29,4,5.9,5.9,23.5857142857143,0.624842837382807,4.26,3.54522,83.616546,15.1026372,21629.1428571429,89.5128588014286,10360.7142857143,152.964285714286,3847.28571428571,76.3014286585714,1868.85714285714,78.5557142,21189.2857142857,87.6914280485714,7772.28571428571,114.748570032857,3847.28571428571,76.3014286585714,1868.85714285714,78.5557142,3.160218608413,6.94592706900442,10.3067750774024,4.8919371830296,85.1392756071428,14.298657225,76.3442851485714,114.060000828571,43.7442855828571,80.2028590628571,0.674681582744841
1192,2002,11,75,2002-11-23,2002-11-29,6.37,5.67,5.67,6.98,24.7242857142857,0.587646638234842,4.2,3.59234,88.8180405428571,15.087828,23121.2857142857,95.6885713842857,10943.4285714286,161.567144121429,3353.71428571429,66.5114282871429,1642.85714285714,69.05999974,22864.8571428571,94.6257138942857,7876,116.279999867143,3353.71428571429,66.5114282871429,1642.85714285714,69.05999974,4.51591472434523,11.485722914648,11.0283625996169,1.88267545372018,83.616546,15.1026372,87.6914280485714,114.748570032857,76.3014286585714,78.5557142,0.624842837382807
1191,2002,11,76,2002-11-30,2002-12-06,5.58,5.18,5.66,5.84,25.5571428571429,0.536709551673321,4.383,3.69668,94.4765788571428,16.20254844,25707.5714285714,75.7157124114286,15560.7142857143,276.507141112857,3270.42857142857,38.5628577628571,1612.28571428571,39.5199999114286,22943.1428571429,67.81999915,7054.28571428571,126.69857134,3270.42857142857,38.5628577628571,1612.28571428571,39.5199999114286,13.8673516168831,25.6966378783851,9.11091052962459,13.9256071642903,88.8180405428571,15.087828,94.6257138942857,116.279999867143,66.5114282871429,69.05999974,0.587646638234842
1190,2002,12,77,2002-12-07,2002-12-13,5.65,4,5.74,7.16,26.2885714285714,0.567051689925669,5.284,3.76912,99.0847803428571,19.91603008,27962.2857142857,76.9085715157143,13052.8571428571,239.528568814286,3661.42857142857,39.4857139585714,1776.42857142857,38.0657147,24101,66.2871426157143,7297.85714285714,133.921430314286,3661.42857142857,39.4857139585714,1776.42857142857,38.0657147,10.7030802706521,37.2373733421127,7.39572508978841,2.44189724515012,94.4765788571428,16.20254844,67.81999915,126.69857134,38.5628577628571,39.5199999114286,0.536709551673321
1189,2002,12,78,2002-12-14,2002-12-20,5.64,4,6.13,9.46,28.1528571428571,1.52524002794884,5.183,3.53492,99.5180977714286,18.32149036,36781.7142857143,101.162858147143,8492.57142857143,155.845714024286,3388.85714285714,36.5457145142857,2413.85714285714,51.7257140014286,35487.8571428571,97.6028573171429,7029,128.988568987143,3388.85714285714,36.5457145142857,2413.85714285714,51.7257140014286,6.47398829325974,11.2847035790811,5.83345510719122,8.58063513942028,99.0847803428571,19.91603008,66.2871426157143,133.921430314286,39.4857139585714,38.0657147,0.567051689925669
1188,2002,12,79,2002-12-21,2002-12-27,4,4,4.01,4.01,29.932,0.536115659162887,4.988,3.514725,105.2027487,17.5314483,35045.2857142857,96.3871427271429,12075.1428571429,221.58857509,6934.85714285714,74.7842854085714,3203,68.6314288528571,34474.2857142857,94.8171419428571,8519.71428571429,156.342859538571,6934.85714285714,74.7842854085714,3203,68.6314288528571,4.09726444622193,32.6038346305451,21.4284074164279,4.75791725973121,99.5180977714286,18.32149036,97.6028573171429,128.988568987143,36.5457145142857,51.7257140014286,1.52524002794884
1187,2002,12,80,2002-12-28,2003-01-03,4,4,4,4,31.356,0.733914163918254,5.344,3.5139,110.1818484,18.7782816,31478.5714285714,76.6514287685714,7714.71428571429,142.875714982857,9840,93.1657148085714,3794.42857142857,64.8685711442857,30029.8571428571,73.1642870242857,6462.42857142857,119.835714067143,9840,93.1657148085714,3794.42857142857,64.8685711442857,12.3685756672153,7.20754793048997,21.8367752747621,14.7705807859228,105.2027487,17.5314483,94.8171419428571,156.342859538571,74.7842854085714,68.6314288528571,0.536115659162887
1186,2003,1,81,2003-01-04,2003-01-10,4.17,4.1,5.23,5.23,30.4766666666667,0.824734300648765,5.143,3.32772,101.4178132,17.11446396,43113.2857142857,86.9985722128571,6601.14285714286,124.031429835714,8680,65.3857138471429,5186.85714285714,62.4971427914286,41632.1428571429,84.0071432928571,6430.85714285714,120.830001831429,8680,65.3857138471429,5186.85714285714,62.4971427914286,7.9869327476113,14.0125521963561,1.32589281031609,3.80179169288054,110.1818484,18.7782816,73.1642870242857,119.835714067143,93.1657148085714,64.8685711442857,0.733914163918254
1185,2003,1,82,2003-01-11,2003-01-17,4,4,4,4,30.6985714285714,1.01681575799874,5.536,3.30452,101.444043257143,18.29382272,47774.7142857143,96.4057148528571,5894.85714285714,110.760002135714,9956.42857142857,74.9971433371429,4765.28571428571,57.4171425942857,45427.5714285714,91.6685725614286,5719.28571428571,107.458570208571,9956.42857142857,74.9971433371429,4765.28571428571,57.4171425942857,3.01049686565108,14.9396902714634,5.46884708170082,2.34811793848574,101.4178132,17.11446396,84.0071432928571,120.830001831429,65.3857138471429,62.4971427914286,0.824734300648765
1184,2003,1,83,2003-01-18,2003-01-24,4.06,4,4.25,4.06,31.8071428571429,0.389217774761746,5.524,3.48956,110.992933428571,19.27632944,60228.2857142857,121.532855442857,4750.71428571429,89.26285662,13468.8571428571,101.458571297143,5207.85714285714,62.74857167,57487.8571428571,116.004284448571,4587.14285714286,86.1885724757143,13468.8571428571,101.458571297143,5207.85714285714,62.74857167,10.0300321325603,2.50916407866141,8.55260101339057,7.04030751765304,101.444043257143,18.29382272,91.6685725614286,107.458570208571,74.9971433371429,57.4171425942857,1.01681575799874
1183,2003,1,84,2003-01-25,2003-01-31,4,4,4,4,31.5014285714286,0.339628648743547,5.605,3.60532,113.572730457143,20.2078186,72887.5714285714,146.801428658571,4479.28571428571,84.1628559642857,15335.4285714286,115.518571034286,8316.42857142857,100.204286848571,67926.4285714286,136.814287457143,4303.57142857143,80.85999952,15335.4285714286,115.518571034286,8316.42857142857,100.204286848571,6.86765452172807,8.22796064557325,6.28546283757011,6.93481237144567,110.992933428571,19.27632944,116.004284448571,86.1885724757143,101.458571297143,62.74857167,0.389217774761746
1182,2003,2,85,2003-02-01,2003-02-07,4,4,4,4,31.3585714285714,0.406875434313531,6.043,3.55976,111.628988228571,21.51162968,72790,139.74142892,4754.28571428571,80.3871438157143,16086,114.327142985714,8737.85714285714,77.7985719971428,66067.5714285714,126.837142942857,4733.85714285714,80.0414297914286,16086,114.327142985714,8737.85714285714,77.7985719971428,7.90828016407729,1.6628946590967,1.33705841974858,0.658090053704292,113.572730457143,20.2078186,136.814287457143,80.85999952,115.518571034286,100.204286848571,0.339628648743547
1181,2003,2,86,2003-02-08,2003-02-14,4,4,4,4,32.1571428571429,0.667250934449648,5.851,3.61362,116.203694571429,21.14329062,51569.1428571429,99.0028577542857,5735.85714285714,96.98285784,14811,105.264285495714,7528.71428571429,67.0342859542857,47851.8571428571,91.8657139357143,5735.85714285714,96.98285784,14811,105.264285495714,7528.71428571429,67.0342859542857,10.6218015420974,7.11590268982659,4.4149852008,4.16769393793525,111.628988228571,21.51162968,126.837142942857,80.0414297914286,114.327142985714,77.7985719971428,0.406875434313531
1180,2003,2,87,2003-02-15,2003-02-21,4,4,4,4,32.92,0.340147027034195,6.606,3.6036,118.630512,23.8053816,50725.5714285714,97.3828571885714,6502.71428571429,109.950000217143,11991.7142857143,85.2257145485714,8412,74.8985704685714,45648.7142857143,87.6357138514286,6495,109.818571907143,11991.7142857143,85.2257145485714,7891.71428571429,70.2657143742857,5.81575293712332,21.451840672534,9.50974000948285,2.20131084009548,116.203694571429,21.14329062,91.8657139357143,96.98285784,105.264285495714,67.0342859542857,0.667250934449648
1179,2003,2,88,2003-02-22,2003-02-28,4,4,4,4,33.2714285714286,0.458345887274177,8.101,3.58284,119.206205142857,29.02458684,50923,97.7628577085714,8224.57142857143,139.061430794286,8805,62.5771429857143,11339.1428571429,100.960000172857,40789.7142857143,78.3085719542857,8190.42857142857,138.48285784,8805,62.5771429857143,7392.71428571429,65.8228579928571,6.27120139451287,24.8494172862798,4.17874439117592,7.78346038387334,118.630512,23.8053816,87.6357138514286,109.818571907143,85.2257145485714,70.2657143742857,0.340147027034195
1178,2003,3,89,2003-03-01,2003-03-07,4,4,4,4,33.8428571428571,0.35938439428686,6.993,3.52943333333333,119.446108095238,24.6813273,36470.4285714286,75.0142865871429,6376.42857142857,124.778572084286,8934,63.3757138914286,11667.2857142857,88.50857108,32797.4285714286,67.4585707528571,6357.14285714286,124.401427134286,8934,63.3757138914286,4230,32.0885712757143,3.17526491111109,7.05785846514472,1.69822289402391,3.47542531993895,119.206205142857,29.02458684,78.3085719542857,138.48285784,62.5771429857143,65.8228579928571,0.458345887274177
1177,2003,3,90,2003-03-08,2003-03-14,4,4,4,4,34.3185714285714,0.34532248558114,5.429,3.46632,118.959150514286,18.81865128,42072.4285714286,86.5357153742857,8400.71428571429,164.392857142857,7628.14285714286,54.1157144814286,11075.8571428571,84.0199999128571,38726.2857142857,79.6542859742857,8267.85714285714,161.794287544286,7628.14285714286,54.1157144814286,4670.42857142857,35.4285708842857,6.12066123712097,9.28362643219472,5.94311293207693,3.27994117466067,119.446108095238,24.6813273,67.4585707528571,124.401427134286,63.3757138914286,32.0885712757143,0.35938439428686
1176,2003,3,91,2003-03-15,2003-03-21,4,4,4,4,31.49,2.67587368909678,5.128,3.45156,108.6896244,17.69959968,49419.5714285714,101.650000435714,5940,116.239998952857,6185,43.8742855628571,11833.2857142857,89.7671432471429,39446,81.1328582771429,5907.28571428571,115.598570687143,6185,43.8742855628571,3680.57142857143,27.9200000757143,2.78858747348322,12.0996943884444,1.30282825132236,4.88643381163607,118.959150514286,18.81865128,79.6542859742857,161.794287544286,54.1157144814286,35.4285708842857,0.34532248558114
1175,2003,3,92,2003-03-22,2003-03-28,4,4,4,4,27.1928571428571,1.18506981912059,5.146,3.38914,92.1603998571428,17.44051444,47052,96.7771432057143,4036.85714285714,78.9971422457143,8202.14285714286,58.1842858457143,13344.5714285714,101.230001178571,39358.4285714286,80.9542857585714,4036.85714285714,78.9971422457143,8162.14285714286,57.9014287685714,4216.28571428571,31.9842861728571,3.44654294777509,14.2922071492728,5.1101974635453,4.10709523632505,108.6896244,17.69959968,81.1328582771429,115.598570687143,43.8742855628571,27.9200000757143,2.67587368909678
1174,2003,3,93,2003-03-29,2003-03-31,4,4,4,4,26.85,0.753458691634622,4.943,3.3523,90.009255,16.5704189,42665.3333333333,87.7566680933333,3088.33333333333,60.4366658533333,9127.66666666667,64.7500025466667,13534.6666666667,102.67333476,37791,77.7333323166667,3088.33333333333,60.4366658533333,8983.66666666667,63.7300008133333,3898,29.57000033,2.99082502214739,2.09538465919766,0.459021857216344,5.54700880077726,92.1603998571428,17.44051444,80.9542857585714,78.9971422457143,57.9014287685714,31.9842861728571,1.18506981912059
1173,2003,4,94,2003-04-01,2003-04-04,5.48,5.48,5.48,5.48,27.1875,0.80913019141954,4.943,3.27885,89.143734375,16.20735555,39608.25,107.4975013725,3065.25,64.975000385,9346.75,80.79750061,14152,107.2250003825,38147.75,103.53499985,3065.25,64.975000385,9346.75,80.79750061,4933.5,37.380000115,1.6491318233747,4.91621470315672,0.966452150016968,2.2529529257847,90.009255,16.5704189,77.7333323166667,60.4366658533333,63.7300008133333,29.57000033,0.753458691634622
1172,2003,4,95,2003-04-05,2003-04-11,5.48,5.48,5.48,5.48,26.02,1.0474095028529,5.411,3.18986,83.0001572,17.26033246,40490.7142857143,109.891427175714,3138.57142857143,66.52999987,9646.71428571429,83.3928582314286,15152.8571428571,114.80999974,39349.8571428571,106.795714244286,3136.42857142857,66.4842856271429,9646.71428571429,83.3928582314286,3564.71428571429,27.0114285614286,4.28086382852229,9.61955108733091,1.04222103133957,2.70123687995234,89.143734375,16.20735555,103.53499985,64.975000385,80.79750061,37.380000115,0.80913019141954
1171,2003,4,96,2003-04-12,2003-04-18,5.48,5.48,5.48,5.48,24.9257142857143,0.319679899423483,5.709,3.099525,77.2578745714286,17.695188225,41176,111.751427787143,2321.28571428571,49.20571518,8400.14285714286,72.6157144842857,14553.8571428571,110.268569945714,37816,102.634283881429,2321.28571428571,49.20571518,8400.14285714286,72.6157144842857,3519.71428571429,26.6699998014286,5.49512131596032,2.76892823121869,8.38355310872331,1.41962463049231,83.0001572,17.26033246,106.795714244286,66.4842856271429,83.3928582314286,27.0114285614286,1.0474095028529
1170,2003,4,97,2003-04-19,2003-04-25,5.48,5.48,5.48,5.48,25.0142857142857,0.638718956006313,5.477,3.02265,75.6094307142857,16.55505405,37410,101.532857621429,3010.28571428571,63.8114291614286,6203.42857142857,53.6271422242857,12242.5714285714,92.7600010471429,32711,88.7771442985714,3010.28571428571,63.8114291614286,6203.42857142857,53.6271422242857,3974.28571428571,30.1128572742857,3.16094190676953,6.08292828982754,4.46312941709887,2.93606691225657,77.2578745714286,17.695188225,102.634283881429,49.20571518,72.6157144842857,26.6699998014286,0.319679899423483
1169,2003,4,98,2003-04-26,2003-05-02,5.48,5.48,5.48,5.48,24.2057142857143,0.775023809158092,5.255,2.929775,70.9172965714286,15.395967625,29620.2857142857,88.171427044285707,3631,68.9042859757143,4893.42857142857,49.7985719957143,10899.4285714286,94.3542851042857,28395.5714285714,84.7528577528571,3513.85714285714,66.79285649,4893.42857142857,49.7985719957143,3600.42857142857,31.77714266,10.2443826044764,21.4737938799027,11.5226263867404,9.50184279146297,75.6094307142857,16.55505405,88.7771442985714,63.8114291614286,53.6271422242857,30.1128572742857,0.638718956006313
1168,2003,5,99,2003-05-03,2003-05-09,6.65,6.65,5.57,5.49,23.7757142857143,0.390805029942664,5.806,2.954,70.23346,17.150924,26362.4285714286,98.0814296185714,3643,60.1700003471429,4417.85714285714,63.0357148314286,9320.71428571429,107.985713414286,26029.1428571429,96.8414295742857,3608.85714285714,59.6042851042857,4417.85714285714,63.0357148314286,3904.85714285714,45.2385711671429,1.95339259624024,19.2567363890076,1.72198423561975,4.68579602751884,70.9172965714286,15.395967625,84.7528577528571,66.79285649,49.7985719957143,31.77714266,0.775023809158092
1167,2003,5,100,2003-05-10,2003-05-16,6.64,6.64,5.96,5.79,25.1985714285714,1.0827808114823,6.122,2.90618,73.2315843142857,17.79163396,25136.7142857143,93.4071426385714,2122.28571428571,35.0542853228571,4101.14285714286,58.51714325,8489.57142857143,98.3542872828571,24902.5714285714,92.53428432,2078.28571428571,34.3271424428571,4101.14285714286,58.51714325,4187.71428571429,48.5157138285714,3.99468861151205,2.35640810591661,1.1973955991828,1.76457558104643,70.23346,17.150924,96.8414295742857,59.6042851042857,63.0357148314286,45.2385711671429,0.390805029942664
1166,2003,5,101,2003-05-17,2003-05-23,7.25,7.25,6.25,6.25,26.7871428571429,0.785572281540073,6.119,2.98624,79.9928374857142,18.27280256,22704.4285714286,84.32285745,1973.71428571429,32.5985715071429,3997.71428571429,57.0414281557143,6814.42857142857,78.9457135857143,22544.1428571429,83.7271434228571,1940.42857142857,32.0485714514286,3997.71428571429,57.0414281557143,4013.85714285714,46.5014283314286,1.42729157096063,3.321111624139,0.979241293757834,3.60358786162484,73.2315843142857,17.79163396,92.53428432,34.3271424428571,58.51714325,48.5157138285714,1.0827808114823
1165,2003,5,102,2003-05-24,2003-05-30,8.52,8.52,7.1,7.1,26.9114285714286,0.445437184925119,6.251,2.98132,80.2315802285714,18.63623132,22635.1428571429,84.0671441214286,2412,39.8371434885714,3625.42857142857,51.72714288,5189.42857142857,60.1200000214286,22410.8571428571,83.2328556614286,2405.71428571429,39.73285784,3625.42857142857,51.72714288,3869,44.8228574485714,0.739744274238934,4.46163569879301,3.27989755396064,4.25188489811916,79.9928374857142,18.27280256,83.7271434228571,32.0485714514286,57.0414281557143,46.5014283314286,0.785572281540073
1164,2003,5,103,2003-05-31,2003-06-06,12.03,12.03,11.49,9.31,27.03,0.696945717637488,6.51,2.91824,78.8800272,18.9977424,22730,95.3114275242857,3864.28571428571,53.3457145685714,3186.57142857143,65.7157140457143,4372.42857142857,98.9799995428571,22577.7142857143,94.6742837071429,3864.28571428571,53.3457145685714,3186.57142857143,65.7157140457143,3854.42857142857,87.27714266,5.82405275628053,32.3148757183044,8.20262133972007,17.5362365503363,80.2315802285714,18.63623132,83.2328556614286,39.73285784,51.72714288,44.8228574485714,0.445437184925119
1163,2003,6,104,2003-06-07,2003-06-13,12.11,12.11,11.31,11.31,28.2985714285714,0.476425180254891,5.675,2.86254,81.0057926571429,16.2449145,23429.4285714286,99.7957142414286,8633.85714285714,117.372858318571,2961.71428571429,63.9414291385714,3411.28571428571,84.2185701642857,23179,98.7300000885714,8628.28571428571,117.297143117143,2954.42857142857,63.7871431628571,3411.28571428571,84.2185701642857,2.6079627321537,11.8982166803798,1.22534062473685,3.67870224714334,78.8800272,18.9977424,94.6742837071429,53.3457145685714,65.7157140457143,87.27714266,0.696945717637488
1162,2003,6,105,2003-06-14,2003-06-20,9.17,9.17,9.17,9.17,27.6314285714286,1.05712548248259,5.805,2.876375,79.4783503571429,16.697356875,20433.8571428571,86.8814272185714,6021.57142857143,81.8614273057143,2880.57142857143,61.0757141114286,3090.85714285714,76.3085708614286,20277.1428571429,86.2142857114286,5959.28571428571,81.0128566185714,2855.57142857143,60.5442859114286,3090.85714285714,76.3085708614286,3.87232515258838,4.43848124119299,0.735160292038654,3.53803189959222,81.0057926571429,16.2449145,98.7300000885714,117.297143117143,63.7871431628571,84.2185701642857,0.476425180254891
1161,2003,6,106,2003-06-21,2003-06-27,10.72,10.72,10.55,10.55,26.92,0.423635063075015,5.362,2.8735,77.35462,15.407707,18536,78.8114275242857,4149.57142857143,56.4114281785714,2785,59.0485719957143,2616.57142857143,64.5985712328572,18368.2857142857,78.0971439914286,4144.14285714286,56.3371429442857,2761.42857142857,58.54857145,2616.57142857143,64.5985712328572,1.72790638231874,10.0921493333684,0.613933315858032,3.53448301695302,79.4783503571429,16.697356875,86.2142857114286,81.0128566185714,60.5442859114286,76.3085708614286,1.05712548248259
1160,2003,6,107,2003-06-28,2003-07-04,13.52,13.52,9.98,13.52,27.7885714285714,0.774778001998677,5.226,2.83946,78.9045370285714,14.83901796,17420.2857142857,82.2857131942857,2891.28571428571,38.2214284614286,2684.28571428571,63.9057148528572,2354.42857142857,82.0428581242857,17284.2857142857,81.6385716028572,2891.28571428571,38.2214284614286,2655.85714285714,63.2314289628571,2354.42857142857,82.0428581242857,6.46068165922124,3.42500877558233,6.36092807770594,20.7342466049598,77.35462,15.407707,78.0971439914286,56.3371429442857,58.54857145,64.5985712328572,0.423635063075015
1159,2003,7,108,2003-07-05,2003-07-11,14.39,14.67,10.33,14.35,28.2771428571429,0.648452370024485,5.154,2.88162,81.4839804,14.85186948,18015.4285714286,91.6585715171429,4293.85714285714,55.42999976,2841.85714285714,73.2400000442857,2028.28571428571,87.0171421585714,17867.5714285714,90.90571376,4132,53.3385723657143,2814,72.52142988,2028.28571428571,87.0171421585714,5.16798836559328,17.3413120405207,2.03310504802906,4.98022750387377,78.9045370285714,14.83901796,81.6385716028572,38.2214284614286,63.2314289628571,82.0428581242857,0.774778001998677
1158,2003,7,109,2003-07-12,2003-07-18,13.85,16.96,10.84,13.79,28.6442857142857,0.539439744638104,5.022,2.86562,82.0836380285714,14.39114364,19257.1428571429,97.9757156385714,6749.28571428571,87.1300010685714,2677,68.99142783,1801.42857142857,77.28428541,19121.2857142857,97.2857142842857,6563.28571428571,84.7257140014286,2650.42857142857,68.3071408957143,1801.42857142857,77.28428541,1.78989567650056,24.3681820856636,3.26982035463981,1.86813380401705,81.4839804,14.85186948,90.90571376,53.3385723657143,72.52142988,87.0171421585714,0.648452370024485
1157,2003,7,110,2003-07-19,2003-07-25,11.87,11.89,9.04,11.84,28.3685714285714,0.582535508829966,4.706,2.88676,81.8932572571428,13.58509256,18422.8571428571,93.7314289642857,6754.14285714286,87.1914280471429,2477.28571428571,63.8428568171429,1534.57142857143,65.8371429442857,18323.5714285714,93.2271423328572,6560.85714285714,84.6971413742857,2449.85714285714,63.1371427257143,1534.57142857143,65.8371429442857,2.18410751365272,12.6110713249407,0.632237584390985,4.6424127152743,82.0836380285714,14.39114364,97.2857142842857,84.7257140014286,68.3071408957143,77.28428541,0.539439744638104
1156,2003,7,111,2003-07-26,2003-08-01,12.05,12.13,9.08,12.02,28.1142857142857,0.404757422944345,4.874,2.94428,82.7763291428572,14.35042072,16262.1428571429,84.9857145028571,3876.57142857143,50.7457139142857,2428.57142857143,63.8857143914286,1437.57142857143,65.3199996942857,16169.2857142857,84.5000000014286,3707.85714285714,48.5285715385714,2400.57142857143,63.1500004357143,1437.57142857143,65.3199996942857,3.94350140501752,6.223791046459,3.14053054965801,8.97954684638566,81.8932572571428,13.58509256,93.2271423328572,84.6971413742857,63.1371427257143,65.8371429442857,0.582535508829966
1155,2003,8,112,2003-08-02,2003-08-08,15.6,17.16,13.12,15.52,29.2671428571429,0.814508323790577,5.037,3.02834,88.6308594,15.25374858,14623.5714285714,89.5357131942857,2787.71428571429,40.4699995857143,2393,70.7185723442857,1316.14285714286,80.5142854971429,14389,88.1000006542857,2775.14285714286,40.2871426171429,2365,69.8914282642857,1316.14285714286,80.5142854971429,3.29747858049194,0.726400703646549,0.393507322306352,6.76048815171209,82.7763291428572,14.35042072,84.5000000014286,48.5285715385714,63.1500004357143,65.3199996942857,0.404757422944345
1154,2003,8,113,2003-08-09,2003-08-15,18.67,18.98,14.31,18.66,29.9571428571429,0.528447862004614,4.848,3.01042,90.183582,14.59451616,14841,90.8671428142857,2347.57142857143,34.08142798,2307.71428571429,68.2000002157143,1239.57142857143,75.8300007414286,14728.7142857143,90.1785703385714,2330.71428571429,33.83571352,2279.71428571429,67.3700005657143,1239.57142857143,75.8300007414286,1.72877964567132,2.11550457637704,1.5021982685400601,2.6436953832547,88.6308594,15.25374858,88.1000006542857,40.2871426171429,69.8914282642857,80.5142854971429,0.814508323790577
1153,2003,8,114,2003-08-16,2003-08-22,17.47,18.75,13.64,17.39,29.5771428571429,0.441615001470689,5.28,2.99498,88.5829513142857,15.8134944,14614.8571428571,89.4814289642857,2172.42857142857,31.5385717685714,2151.14285714286,63.57142748,1330.71428571429,81.40714373,14455.4285714286,88.5057133257143,2172.42857142857,31.5385717685714,2123.71428571429,62.7628571642857,1330.71428571429,81.40714373,1.06725364784219,3.02903426886341,1.86957076159678,3.23550652968732,90.183582,14.59451616,90.1785703385714,33.83571352,67.3700005657143,75.8300007414286,0.528447862004614
1152,2003,8,115,2003-08-23,2003-08-29,16.81,20.34,12.93,16.72,29.8228571428571,0.415319727668671,4.731,2.97362,88.6818444571429,14.06819622,13234.8571428571,81.0299998685714,2024.85714285714,29.3971426842857,2048.42857142857,60.53428541,1190.42857142857,72.8228585371429,13117,80.3085708614286,2024.85714285714,29.3971426842857,2020.85714285714,59.7228578828571,1190.42857142857,72.8228585371429,1.16758351037423,1.2959518863902,0.467714479241527,6.36160732227042,88.5829513142857,15.8134944,88.5057133257143,31.5385717685714,62.7628571642857,81.40714373,0.441615001470689
1151,2003,8,116,2003-08-30,2003-09-05,16.88,18.76,13.77,16.88,29.3757142857143,1.17735377213569,4.771,2.95582,86.8293238,14.10221722,13886.5714285714,85.1299994342857,1668.14285714286,21.7228570671429,2043.42857142857,65.3542867385714,1163.14285714286,84.8971448628571,13657.1428571429,83.72428676,1633.85714285714,21.2985717242857,2016,64.4771434242857,1163.14285714286,84.8971448628571,1.48969597544039,3.13117880661049,3.20544177352778,11.3957577214344,88.6818444571429,14.06819622,80.3085708614286,29.3971426842857,59.7228578828571,72.8228585371429,0.415319727668671
1150,2003,9,117,2003-09-06,2003-09-12,17.72,20.41,14.3,17.72,27.8414285714286,0.348780187292466,4.766,2.90992,81.0163298285714,13.86867872,13489.1428571429,82.7357145028571,1848.71428571429,22.8714286257143,2120,69.8799994342857,1057.42857142857,81.92857143,13417.5714285714,82.2942853642857,1723.71428571429,21.3285713185714,2093.28571428571,68.9985711228571,1057.42857142857,81.92857143,1.45497858647422,3.03132770526073,1.7031682890041,6.90620954781707,86.8293238,14.10221722,83.72428676,21.2985717242857,64.4771434242857,84.8971448628571,1.17735377213569
1149,2003,9,118,2003-09-13,2003-09-19,17.03,19.53,13.62,17.03,26.7285714285714,0.906263916149375,4.483,2.89844,77.4711605714286,12.99370652,14407.8571428571,88.3685727814286,2143,26.5157143728571,2163.42857142857,71.3100008271428,979.714285714286,75.9057126742857,14338.8571428571,87.94428689,2029,25.1042856485714,2136.14285714286,70.41142927,979.714285714286,75.9057126742857,2.17128846384012,0.879144463926343,1.78906205623413,3.50793796609723,81.0163298285714,13.86867872,82.2942853642857,21.3285713185714,68.9985711228571,81.92857143,0.348780187292466
1148,2003,9,119,2003-09-20,2003-09-26,17.93,20.56,16.95,17.93,26.1114285714286,0.612765005839048,4.43,2.92098,76.2709606285714,12.9399414,13553.5714285714,83.1299994328571,1860.14285714286,23.0142860428571,1949,64.2428583428571,893,69.1871435971428,13507.4285714286,82.84714181,1766.42857142857,21.8557142528571,1926.14285714286,63.4885717128571,893,69.1871435971428,2.82560673698224,2.74946602437648,2.25005536491078,5.67717130990108,77.4711605714286,12.99370652,87.94428689,25.1042856485714,70.41142927,75.9057126742857,0.906263916149375
1147,2003,9,120,2003-09-27,2003-10-03,23.91,24.37,20.02,23.91,27.3228571428571,1.00493307050284,4.767,2.90932,79.4909347428571,13.86872844,12977.7142857143,74.28999928,2595.85714285714,30.2199998585714,1748.57142857143,55.6442860185714,794.142857142857,58.4771434257143,12878.7142857143,73.70142855,2501.71428571429,29.1285713742857,1721.57142857143,54.7842864985714,794.142857142857,58.4771434257143,9.46823733958406,4.15503445545691,4.53428080370924,3.4558203234134,76.2709606285714,12.9399414,82.84714181,21.8557142528571,63.4885717128571,69.1871435971428,0.612765005839048
1146,2003,10,121,2003-10-04,2003-10-10,26.65,27.3,21.13,26.65,29.0042857142857,0.808926390199975,5.652,2.85362,82.7672098,16.12866024,12731,65.4314286357143,3032.85714285714,32.0528572642857,1554.85714285714,46.9685712528571,927,64.2328562057143,11989.5714285714,61.6200005671429,2923.28571428571,30.8971426814286,1528.85714285714,46.18285697,927,64.2328562057143,4.71498347399721,10.9611478908956,1.28896209907194,2.45170365035047,79.4909347428571,13.86872844,73.70142855,29.1285713742857,54.7842864985714,58.4771434257143,1.00493307050284
1145,2003,10,122,2003-10-11,2003-10-17,26.83,27.69,20.05,26.83,30.4185714285714,0.932209357233804,5.036,2.84136,86.4301121142857,14.30908896,16715.8571428571,85.9114292685714,4213.14285714286,44.5271432071429,1452.42857142857,43.8757138928571,1002.57142857143,69.4685712528571,16553.5714285714,85.0771429885714,4166.28571428571,44.0328565328571,1425.85714285714,43.0714285728571,1002.57142857143,69.4685712528571,3.23793066135978,7.60604304935388,0.851556352026377,2.57697190739396,82.7672098,16.12866024,61.6200005671429,30.8971426814286,46.18285697,64.2328562057143,0.808926390199975
1144,2003,10,123,2003-10-18,2003-10-24,22.7,23.01,17.32,22.69,30.38,0.868696341268467,4.786,2.86872,87.1517136,13.72969392,13755.1428571429,70.6942858014286,2802.14285714286,29.6157139357143,1419.42857142857,42.87571444,1010.57142857143,70.0214293357143,13505.4285714286,69.4114303614286,2774.71428571429,29.3257143814286,1391.57142857143,42.0371431642857,1010.57142857143,70.0214293357143,2.92814675364543,1.0600448782258,0.651221809862011,5.42572403636357,86.4301121142857,14.30908896,85.0771429885714,44.0328565328571,43.0714285728571,69.4685712528571,0.932209357233804
1143,2003,10,124,2003-10-25,2003-10-31,27.87,28.01,20.95,27.5,29.13,0.857535227653446,4.893,2.85804,83.2547052,13.98438972,15381.4285714286,79.0542864114285,6141.42857142857,64.90857206,1576,47.6085711885714,1108.42857142857,76.8028564442857,14984.7142857143,77.0128577085714,5943.71428571429,62.8185713657143,1548.71428571429,46.7828570785714,1108.42857142857,76.8028564442857,5.84084890662807,19.9988371447843,1.77953765922165,5.62577323646773,87.1517136,13.72969392,69.4114303614286,29.3257143814286,42.0371431642857,70.0214293357143,0.868696341268467
1142,2003,11,125,2003-11-01,2003-11-07,24.35,25.93,20.5,24.11,28.1571428571429,0.539280826215613,4.706,2.86258,80.602074,13.47130148,17124.5714285714,70.0571419857143,3311,48.8842860628571,1773.28571428571,32.9828570228571,1611.14285714286,67.72428567,16868.1428571429,69.00857217,3272.28571428571,48.3128574914286,1745.28571428571,32.4628571128571,1611.14285714286,67.72428567,0.799862544684614,6.83260343842193,1.46981557885941,7.18806427970524,83.2547052,13.98438972,77.0128577085714,62.8185713657143,46.7828570785714,76.8028564442857,0.857535227653446
1141,2003,11,126,2003-11-08,2003-11-14,27.67,30.56,23.2,27.67,28.4114285714286,0.594374421035243,5.112,2.90896,82.6477092571428,14.87060352,16343.4285714286,66.8628567285714,2642.14285714286,39.0085710785714,2187.71428571429,40.6871425071429,1846.28571428571,77.6085695528571,16187.5714285714,66.2257140028571,2642.14285714286,39.0085710785714,2179.57142857143,40.5357137385714,1846.28571428571,77.6085695528571,2.70120145835811,6.55459216367036,2.69441934747067,7.28431297941879,80.602074,13.47130148,69.00857217,48.3128574914286,32.4628571128571,67.72428567,0.539280826215613
1140,2003,11,127,2003-11-15,2003-11-21,31.9,35.12,26.7,31.9,29.32,0.596405902049996,4.634,2.9443,86.326876,13.6438862,20281.5714285714,82.9714290071429,8624.14285714286,127.325714111429,2868.14285714286,53.3442862371429,1987.42857142857,83.5414287042857,19909.4285714286,81.4500013085714,8606.28571428571,127.062854222857,2868,53.3414290285714,1987.42857142857,83.5414287042857,10.3724380111141,45.5169164575842,5.18133110860124,1.56477258637564,82.6477092571428,14.87060352,66.2257140028571,39.0085710785714,40.5357137385714,77.6085695528571,0.594374421035243
1139,2003,11,128,2003-11-22,2003-11-28,29.19,29.3,29.19,29.19,29.1685714285714,0.833375237041597,4.925,2.93616,85.6435926857143,14.460588,23490.7142857143,96.1028562257143,6934.14285714286,102.374285017143,2986,55.5357153757143,2240.14285714286,94.1628570557143,23186,94.8542872857143,6934.14285714286,102.374285017143,2967,55.1842858442857,2240.14285714286,94.1628570557143,3.18644070149624,8.77733122203826,3.91749869314561,4.79810634541837,86.326876,13.6438862,81.4500013085714,127.062854222857,53.3414290285714,83.5414287042857,0.596405902049996
1138,2003,11,129,2003-11-29,2003-11-30,24.63,24.63,21.95,23.62,27.925,0.431335136523821,6.135,2.93616,81.992268,18.0133416,25380.5,103.830001835,5325,78.61500168,2596.5,48.28999901,2324.5,97.70999908,24970.5,102.155002595,5325,78.61500168,2570.5,47.809999465,2324.5,97.70999908,1.46371081785301,7.43169378347899,0.777819078579641,0.509117745125149,85.6435926857143,14.460588,94.8542872857143,102.374285017143,55.1842858442857,94.1628570557143,0.833375237041597
1137,2003,12,130,2003-12-01,2003-12-05,24.79,24.79,82.72,24.25,28.906,0.443655271579031,6.135,2.93382,84.80500092,17.9989857,30022.4,81.73000183,4205.8,77.179998778,2677.6,27.041999818,2409.6,51.63199997,29616.8,80.62799835,4205.8,77.179998778,2655.6,26.822000122,2409.6,51.63199997,7.36335048542789,6.79291244692991,1.39616289149601,1.19886202048017,81.992268,18.0133416,102.155002595,78.61500168,47.809999465,97.70999908,0.431335136523821
1136,2003,12,131,2003-12-06,2003-12-12,23.47,23.47,82.72,22.89,29.5442857142857,0.585686410486391,7.221,2.9403,86.8690632857143,21.2319063,40046.2857142857,109.02142988,5642.42857142857,103.541429791429,3736.71428571429,37.7385708957143,2774,59.44285638,39286.2857142857,106.949999127143,5631.71428571429,103.344286237143,3712.85714285714,37.49714279,2774,59.44285638,5.19600741158711,34.7050036548891,4.04150809482196,3.84591450369659,84.80500092,17.9989857,80.62799835,77.179998778,26.822000122,51.63199997,0.443655271579031
1135,2003,12,132,2003-12-13,2003-12-19,16.95,16.95,16.95,16.95,30.43,0.468508271004831,6.982,2.93146,89.2043278,20.46745372,33892.4285714286,92.2685710357143,17175,315.174283708571,5361.42857142857,54.14571435,3081.14285714286,66.0228565757143,32690,88.992857798571407,15644.4285714286,287.087142945714,5361.42857142857,54.14571435,3081.14285714286,66.0228565757143,10.2350060952036,57.0875476563555,6.63628191159074,0.889264806068038,86.8690632857143,21.2319063,106.949999127143,103.344286237143,37.49714279,59.44285638,0.585686410486391
1134,2003,12,133,2003-12-20,2003-12-26,18.82,18.81,18.45,18.82,30.2833333333333,0.940630993890174,6.379,2.91145,88.1684108333333,18.57213955,24982.2857142857,68.0114299228571,17830,327.192860194286,6277.71428571429,63.3999998914286,3143.28571428571,67.35142735,24192.8571428571,65.8614273071429,16303.8571428571,299.187142508571,6277.71428571429,63.3999998914286,3143.28571428571,67.35142735,1.6170176894301,55.9403025254049,6.7443385732013,1.95264406040199,89.2043278,20.46745372,88.992857798571407,287.087142945714,54.14571435,66.0228565757143,0.468508271004831
1133,2003,12,134,2003-12-27,2004-01-02,17.39,17.39,58.24,17.2,29.415,0.723456978679484,6.189,2.887425,84.933606375,17.870273325,24546.7142857143,61.5985712328571,13788.5714285714,250.335712977143,4489.57142857143,41.64571435,3584.14285714286,66.3671439014286,24034,60.2814282014286,13188.5714285714,239.425713674286,4475.14285714286,41.5157143728571,3584.14285714286,66.3671439014286,7.56261216247729,27.5932308451037,5.51719758993947,12.7621187921151,88.1684108333333,18.57213955,65.8614273071429,299.187142508571,63.3999998914286,67.35142735,0.940630993890174
1132,2004,1,135,2004-01-03,2004-01-09,27.05,27.05,412.83,26.97,30.95,1.0627950570701,7.287,2.85656,88.410532,20.81575272,32828.5714285714,65.5514292028571,10223.2857142857,186.125714982857,4798.71428571429,35.1171422685714,4096.71428571429,50.0099999557143,32079.5714285714,64.0571430742857,10064.1428571429,183.227142334286,4798.71428571429,35.1171422685714,4096.71428571429,50.0099999557143,5.68279500225669,33.1660478288973,2.35377457185298,0.565096060420163,84.933606375,17.870273325,60.2814282014286,239.425713674286,41.5157143728571,66.3671439014286,0.723456978679484
1131,2004,1,136,2004-01-10,2004-01-16,25.34,25.34,299.73,25.06,31.4128571428571,0.352548544445627,5.94,2.81194,88.3310695142857,16.7029236,45793.4285714286,91.4428569228571,6143.85714285714,111.854286195714,8452.42857142857,61.8571434014286,4898.71428571429,59.8028575357143,43849.5714285714,87.5585708614286,5986.42857142857,108.987143381429,8421.71428571429,61.63285773,4898.71428571429,59.8028575357143,3.83440707293321,15.7182303328607,14.6947938476901,5.52146107182755,88.410532,20.81575272,64.0571430742857,183.227142334286,35.1171422685714,50.0099999557143,1.0627950570701
1130,2004,1,137,2004-01-17,2004-01-23,17.58,17.58,315.21,16.95,31.7314285714286,0.436555783813567,6.059,2.8406,90.136296,17.2111954,39825.1428571429,79.5228576657143,4041.85714285714,73.58428519,14643.5714285714,107.167143685714,7608.71428571429,92.8828571871428,38734.4285714286,77.3428573614286,4038.57142857143,73.5257165085714,14067.1428571429,102.947142462857,7608.71428571429,92.8828571871428,5.19806561393155,9.14799280733358,23.7958912931219,13.087646741979,88.3310695142857,16.7029236,87.5585708614286,108.987143381429,61.63285773,59.8028575357143,0.352548544445627
1129,2004,1,138,2004-01-24,2004-01-30,27.28,27.28,255.33,18.59,31.3,0.967746523286613,5.397,2.88816,90.399408,15.58739952,51502,102.839998517143,4273.28571428571,77.7999986928571,25928.8571428571,189.75428554,10632.7142857143,129.799999782857,50140.1428571429,100.120000567143,4271,77.75857108,23667,173.201426915714,10632.7142857143,129.799999782857,17.2090460982862,7.57249245430635,6.7198721334217,11.3238720340182,90.136296,17.2111954,77.3428573614286,73.5257165085714,102.947142462857,92.8828571871428,0.436555783813567
1128,2004,1,139,2004-01-31,2004-02-06,18.59,18.59,18.59,18.59,29.9671428571429,0.750215841957347,5.354,2.93426,87.9313886,15.71002804,55140.7142857143,106.304285321429,4627,77.7085723885714,28827.7142857143,202.245712281429,15579.4285714286,145.37714277,52922.1428571429,102.03428432,4625.42857142857,77.6828580585714,18039.4285714286,126.579999652857,12362.5714285714,116.557144165714,4.51080416966967,3.52322121393538,14.8162708315477,21.2122218333406,90.399408,15.58739952,100.120000567143,77.75857108,173.201426915714,129.799999782857,0.967746523286613
1127,2004,2,140,2004-02-07,2004-02-13,18.59,18.59,18.59,18.59,29.6542857142857,0.54175200792918,5.536,2.91758,86.5187509142857,16.15172288,57945.7142857143,111.007143292857,3680.71428571429,60.9657135,20833.7142857143,144.922855922857,18376.4285714286,164.632856097143,54426.4285714286,104.265714372857,3680.71428571429,60.9657135,15630.1428571429,108.725713457143,7036.85714285714,63.0414281571429,3.99645475832986,7.7906057226878,6.14188759141546,9.98660733367938,87.9313886,15.71002804,102.03428432,77.6828580585714,126.579999652857,116.557144165714,0.750215841957347
1126,2004,2,141,2004-02-14,2004-02-20,18.59,18.59,18.59,18.59,30.8285714285714,0.651342935056131,5.193,2.93668,90.5336491428571,15.25017924,60484.8571428571,115.872857228571,3131,51.8585706442857,14946.7142857143,103.972856794286,19815.4285714286,177.522859844286,57333.4285714286,109.832856312857,3129.85714285714,51.8399996085714,14083.7142857143,97.97000013,6852.57142857143,61.3914288114286,2.24408689369612,6.39248533983469,3.84776852478248,2.59571644083455,86.5187509142857,16.15172288,104.265714372857,60.9657135,108.725713457143,63.0414281571429,0.54175200792918
1125,2004,2,142,2004-02-21,2004-02-27,18.59,18.59,18.59,18.59,31.8071428571429,0.486645465944205,5.416,2.92953333333333,93.1800852380952,15.8663525333333,73360.7142857143,140.538570948571,2301.42857142857,38.1199994771429,15506,107.862857272857,20645.4285714286,184.960000174286,68541.5714285714,131.304287501429,2301.42857142857,38.1199994771429,15136.8571428571,105.292857578571,7990.42857142857,71.58428628,12.5988900854226,2.06594617426682,6.02983193941791,4.5614002475353,90.5336491428571,15.25017924,109.832856312857,51.8399996085714,97.97000013,61.3914288114286,0.651342935056131
1124,2004,2,143,2004-02-28,2004-03-05,18.59,18.59,18.59,18.59,32.7942857142857,0.66857702480378,5.443,2.88942,94.7564650285714,15.72711306,75515,151.811425347143,1872.28571428571,34.31142807,18760,131.590000697143,21612.7142857143,173.049996514286,69793.8571428571,140.308569772857,1872.28571428571,34.31142807,18433.2857142857,129.295710974286,7355.71428571429,58.9328569671429,3.44936819728878,2.17329530824057,6.44866401738346,4.7032838239573,93.1800852380952,15.8663525333333,131.304287501429,38.1199994771429,105.292857578571,71.58428628,0.486645465944205
1123,2004,3,144,2004-03-06,2004-03-12,18.59,18.59,18.59,18.59,33.6628571428571,0.605797388728954,5.596,2.89112,97.3233595428571,16.17870752,62039.5714285714,127.238571168571,1724.85714285714,32.9714284614286,19649.8571428571,138.251427787143,21574.2857142857,164.854287282857,55275.8571428571,113.365715027143,1724.85714285714,32.9714284614286,19515.5714285714,137.308571951429,4978.85714285714,38.0457134242857,12.453182251514,3.90083920587385,1.77699665382769,5.81802577515618,94.7564650285714,15.72711306,140.308569772857,34.31142807,129.295710974286,58.9328569671429,0.66857702480378
1122,2004,3,145,2004-03-13,2004-03-19,18.59,18.59,18.59,18.59,33.7571428571429,0.858287331175925,5.582,2.90358,98.0165648571429,16.20778356,52082.8571428571,106.818570818571,3004.71428571429,57.43857084,20606.2857142857,144.981430052857,19417.4285714286,148.374282838571,49218.1428571429,100.941428048571,2993.57142857143,57.2257134571429,20606.2857142857,144.981430052857,5274.14285714286,40.3014292057143,2.85561777682688,6.15197220103528,3.41936323638284,5.80829310640412,97.3233595428571,16.17870752,113.365715027143,32.9714284614286,137.308571951429,38.0457134242857,0.605797388728954
1121,2004,3,146,2004-03-20,2004-03-26,18.59,18.59,18.59,18.59,34.2085714285714,0.588371440827465,5.395,2.92444,100.040914628571,15.7773538,49090.4285714286,100.681428092857,2810.28571428571,53.7200001314286,21495.2857142857,151.234287805714,18673.5714285714,142.688570295714,43812.4285714286,89.8557139785714,2810.28571428571,53.7200001314286,20541.8571428571,144.527141027143,5068,38.72714288,4.34006438017125,6.77902965534656,7.93253836654067,5.70945651927076,98.0165648571429,16.20778356,100.941428048571,57.2257134571429,144.981430052857,40.3014292057143,0.858287331175925
1120,2004,3,147,2004-03-27,2004-04-02,18.59,18.59,18.59,18.59,33.0414285714286,0.929505757045885,5.812,2.90922,96.1247848285714,16.90838664,41674,92.9871433814286,2563.28571428571,50.17000035,19009.8571428571,142.157145907143,20953.2857142857,160.13999939,38752.1428571429,86.6042872842857,2556.57142857143,50.0414287042857,18724.5714285714,140.140003747143,5317.42857142857,40.6414293585714,10.7058867282072,5.18641315597524,13.626812380622,6.73059093819591,100.040914628571,15.7773538,89.8557139785714,53.7200001314286,144.527141027143,38.72714288,0.588371440827465
1119,2004,4,148,2004-04-03,2004-04-09,18.59,18.59,18.59,18.59,32.4757142857143,1.02794061344124,5.941,2.878425,93.4789078928571,17.100722925,39455.2857142857,107.078570774286,2321.14285714286,48.4442852585714,17534.1428571429,151.117141724286,20099.1428571429,153.685714721429,38066.4285714286,103.312857492857,2321.14285714286,48.4442852585714,17522,151.011428832857,4760.71428571429,36.4028570985714,2.13620932107046,2.72995639692034,3.29495693509935,5.68881288462302,96.1247848285714,16.90838664,86.6042872842857,50.0414287042857,140.140003747143,40.6414293585714,0.929505757045885
1118,2004,4,149,2004-04-10,2004-04-16,18.59,18.59,18.59,18.59,33.4757142857143,0.986793749859579,5.61,2.89678,96.9717796285714,16.2509358,46785.1428571429,126.972856795714,1917.14285714286,40.0114288342857,16156.7142857143,139.247144425714,19040,145.58857291,42408.7142857143,115.09714181,1917.14285714286,40.0114288342857,15586,134.32571629,4851.57142857143,37.0985712314286,2.90816535004656,2.58956624933088,6.62607267225062,6.11364975717107,93.4789078928571,17.100722925,103.312857492857,48.4442852585714,151.011428832857,36.4028570985714,1.02794061344124
1117,2004,4,150,2004-04-17,2004-04-23,18.59,18.59,18.59,18.59,33.7771428571429,0.526298846844953,5.571,2.918325,98.5726804285714,16.257988575,46880.2857142857,127.231427872857,3190.85714285714,66.59571457,14218.4285714286,122.541428701429,18158.5714285714,138.848571777143,40102.2857142857,108.835712977143,3190.85714285714,66.59571457,14117.1428571429,121.66857038,4049.85714285714,30.9671429214286,3.89940162875246,20.7359692187675,3.46057422581216,1.82215754359681,96.9717796285714,16.2509358,115.09714181,40.0114288342857,134.32571629,37.0985712314286,0.986793749859579
1116,2004,4,151,2004-04-24,2004-04-30,18.59,18.59,18.59,18.59,33.9528571428571,0.695861918431905,5.862,2.9302,99.488662,17.1768324,38095.7142857143,103.39000048,3402,71.0042855385714,14792.1428571429,127.484287805714,15685.2857142857,119.937144687143,33321.7142857143,90.4328580571429,3402,71.0042855385714,12541.4285714286,108.08857182,4337,33.1628567828571,5.28155109058871,9.10174504793928,13.9797807554526,2.94674769118832,98.5726804285714,16.257988575,108.835712977143,66.59571457,121.66857038,30.9671429214286,0.526298846844953
1115,2004,5,152,2004-05-01,2004-05-07,18.59,18.59,18.59,18.59,35.3742857142857,1.05515965842241,6.294,2.98488,105.587997942857,18.78683472,31995.8571428571,118.137142727143,5208,83.9728567942857,13087.7142857143,186.172858101429,13294.4285714286,155.98285784,28238.8571428571,104.264285495714,5208,83.9728567942857,9233.14285714286,131.340000695714,3881.28571428571,45.5399998242857,7.62680288942134,17.3450985570379,12.6212788681661,4.99626535197723,99.488662,17.1768324,90.4328580571429,71.0042855385714,108.08857182,33.1628567828571,0.695861918431905
1114,2004,5,153,2004-05-08,2004-05-14,18.59,18.59,18.59,18.59,37.0042857142857,0.919018627719558,6.401,3.11464,115.255028457143,19.93681064,32573.2857142857,120.2714277,7282.71428571429,117.425713674286,9782.85714285714,139.162855967143,11371.8571428571,133.424285888571,31910.1428571429,117.820000785714,7282.71428571429,117.425713674286,8055.28571428571,114.587142944286,3910.71428571429,45.88571385,1.85125129759338,12.6647741463736,9.65590948656695,11.0094003865896,105.587997942857,18.78683472,104.264285495714,83.9728567942857,131.340000695714,45.5399998242857,1.05515965842241
1113,2004,5,154,2004-05-15,2004-05-21,18.59,18.59,18.59,18.59,38.34,0.720509079285831,6.353,3.14544,120.5961696,19.98298032,33113.4285714286,122.264285498571,6042.57142857143,97.4300003028572,7359,104.682856967143,9155.14285714286,107.417143687143,31974.8571428571,118.058570862857,6042.57142857143,97.4300003028572,7312.57142857143,104.021428788571,4210.28571428571,49.4014282242857,3.80563807389648,18.6445355955368,6.66285122251436,5.10470419379397,115.255028457143,19.93681064,117.820000785714,117.425713674286,114.587142944286,45.88571385,0.919018627719558
1112,2004,5,155,2004-05-22,2004-05-28,18.59,18.59,18.59,18.59,38.2242857142857,0.74600842584297,6.442,3.14778,120.321642085714,20.27799876,37008.8571428571,136.645715985714,6691.57142857143,107.89428602,6000.57142857143,85.3571439471428,7629.42857142857,89.5142865857143,34481.5714285714,127.314286368571,6691.57142857143,107.89428602,6000.57142857143,85.3571439471428,3833.57142857143,44.9799995414286,7.16361608210067,32.3273475754371,5.11902262311192,4.76352180504805,120.5961696,19.98298032,118.058570862857,97.4300003028572,104.021428788571,49.4014282242857,0.720509079285831
1111,2004,5,156,2004-05-29,2004-06-04,18.59,18.59,18.59,18.59,37.3985714285714,0.78003052443367,6.261,3.13796,117.3552212,19.64676756,38960.2857142857,155.411424911429,6582.14285714286,95.7728565757143,5366.42857142857,98.00571442,5937.28571428571,112.294283185714,32817.4285714286,131.362856185714,6582.14285714286,95.7728565757143,5366.42857142857,98.00571442,3325,65.9028565542857,12.58754186858,18.405739049477,17.3946158094424,28.5335878599734,120.321642085714,20.27799876,127.314286368571,107.89428602,85.3571439471428,44.9799995414286,0.74600842584297
1110,2004,6,157,2004-06-05,2004-06-11,18.59,18.59,18.59,18.59,36.4685714285714,1.51424820259026,6.176,3.12025,113.79106,19.270664,34406.8571428571,145.408573694286,5701.57142857143,75.2042857571429,4696.71428571429,101.177142551429,4550.71428571429,113.752857752857,31289.1428571429,132.23285784,5699.28571428571,75.1742858871429,4696.71428571429,101.177142551429,3681.85714285714,92.0328565328571,5.31885723905656,16.8696294242792,1.83195338919839,11.306983079628,117.3552212,19.64676756,131.362856185714,95.7728565757143,98.00571442,65.9028565542857,0.78003052443367
1109,2004,6,158,2004-06-12,2004-06-18,18.59,18.59,18.59,18.59,35.2142857142857,0.445228673188098,6.52,3.14128,110.617931428571,20.4811456,31678.2857142857,133.728569031429,8712.42857142857,114.918570382857,4456.42857142857,95.9999989114286,3676,91.8885705142857,28202.8571428571,119.058571951429,8709.42857142857,114.878570557143,4456.42857142857,95.9999989114286,3615,90.3614283957143,3.43668595124592,15.6018012310763,1.16968531839764,2.69565314239515,113.79106,19.270664,132.23285784,75.1742858871429,101.177142551429,92.0328565328571,1.51424820259026
1108,2004,6,159,2004-06-19,2004-06-25,18.59,18.59,18.59,18.59,34.9385714285714,0.399308926831806,6.353,3.11966,108.996463742857,19.81919998,27169.2857142857,114.51714325,5923.71428571429,78.1357138514286,4124.85714285714,88.8571439471429,3148,78.6885713857143,26364.8571428571,111.130001615714,5923.71428571429,78.1357138514286,4124.85714285714,88.8571439471429,3138.71428571429,78.4557146342857,2.76489899411064,8.0271506908384,2.02638147282168,5.52173089930679,110.617931428571,20.4811456,119.058571951429,114.878570557143,95.9999989114286,90.3614283957143,0.445228673188098
1107,2004,6,160,2004-06-26,2004-07-02,18.59,18.59,18.59,18.59,34.3942857142857,0.88688325317493,6.148,3.09428,106.4255504,19.02363344,25228.1428571429,112.43142809,4685.85714285714,61.3771411357143,4083.71428571429,93.2942864557143,2778.42857142857,83.7485711214286,25087.8571428571,111.789999824286,4685.85714285714,61.3771411357143,4083.71428571429,93.2942864557143,2771.42857142857,83.5599997371429,8.20662283834857,4.96169151636995,8.15641461461801,23.48364799015,108.996463742857,19.81919998,111.130001615714,78.1357138514286,88.8571439471429,78.4557146342857,0.399308926831806
1106,2004,7,161,2004-07-03,2004-07-09,18.59,18.59,18.59,18.59,35.0357142857143,1.57012586695957,6.141,3.0393,106.484046428571,18.6643413,23704.4285714286,120.531427654286,8445.28571428571,108.509999957143,4074.85714285714,106.681429182857,2495.71428571429,108.420001438571,23371.4285714286,118.840000697143,8434,108.365713937143,4074.85714285714,106.681429182857,2489.42857142857,108.14428602,2.36831918433283,22.4267766221047,0.712097952753684,3.75228302531571,106.4255504,19.02363344,111.789999824286,61.3771411357143,93.2942864557143,83.5599997371429,0.88688325317493
1105,2004,7,162,2004-07-10,2004-07-16,18.59,18.59,18.59,18.59,37.2071428571429,0.914634977932248,5.887,3.02542,112.567234142857,17.81064754,26020.5714285714,132.309999738571,8955.57142857143,115.067144122857,3970.85714285714,103.957143511429,2247.14285714286,97.6228583185714,25820.2857142857,131.291428701429,8250.42857142857,106.005716597143,3970.85714285714,103.957143511429,2244.57142857143,97.5099999557143,4.929687949741,24.999519468048,1.2424667626651,3.78641257323335,106.484046428571,18.6643413,118.840000697143,108.365713937143,106.681429182857,108.14428602,1.57012586695957
1104,2004,7,163,2004-07-17,2004-07-23,18.59,18.59,18.59,18.59,38.2571428571429,0.880221833511471,6.134,3.02088,115.570237714286,18.53007792,29030.8571428571,147.617146081429,12419.8571428571,159.578571864286,3846.57142857143,100.704285758571,2321.28571428571,100.844284057143,25466.8571428571,129.49571337,11244.5714285714,144.477141244286,3802.28571428571,99.5442853657143,2316.57142857143,100.638570512857,4.08806316215521,20.9918922084913,3.43097665706411,3.15693583455574,112.567234142857,17.81064754,131.291428701429,106.005716597143,103.957143511429,97.5099999557143,0.914634977932248
1103,2004,7,164,2004-07-24,2004-07-30,18.59,18.59,18.59,18.59,39.7071428571429,0.979722992920502,6.112,3.04804,121.028959714286,18.62962048,25084.4285714286,127.551428658571,7348.71428571429,94.4214292271429,3615.42857142857,94.6514304028572,1914.57142857143,83.1742847985714,22484.4285714286,114.32999965,7149.28571428571,91.8585706457143,3615.42857142857,94.6514304028572,1910,82.9757134557143,4.07813688591151,10.8054693540545,4.10851762681415,5.56659390506127,115.570237714286,18.53007792,129.49571337,144.477141244286,99.5442853657143,100.638570512857,0.880221833511471
1102,2004,7,165,2004-07-31,2004-08-06,18.59,18.59,18.59,18.59,41.3085714285714,0.741494629592329,5.588,3.05362,126.140679885714,17.06362856,21228.1428571429,126.284285408571,4978.57142857143,70.2471422457143,3365.28571428571,99.0571430742857,1767.42857142857,104.524287632857,20648.7142857143,122.901427134286,4978.57142857143,70.2471422457143,3365.28571428571,99.0571430742857,1767,104.498573302857,7.50645371008035,8.53718841116422,4.6340405113553,10.6842149044373,121.028959714286,18.62962048,114.32999965,91.8585706457143,94.6514304028572,82.9757134557143,0.979722992920502
1101,2004,8,166,2004-08-07,2004-08-13,18.59,18.59,18.59,18.59,42.55,0.649486977031703,5.533,3.0315,128.990325,16.7732895,18688,114.01714325,3356.28571428571,48.2285712085714,3149.71428571429,94.46142905,1648,102.065713064286,18551,113.181429182857,3356.28571428571,48.2285712085714,3149.71428571429,94.46142905,1639.71428571429,101.549998691429,3.08876194674877,5.29516239177949,2.6357762360054,3.24922479129685,126.140679885714,17.06362856,122.901427134286,70.2471422457143,99.0571430742857,104.498573302857,0.741494629592329
1100,2004,8,167,2004-08-14,2004-08-20,18.59,18.59,18.59,18.59,43.6985714285714,0.924291234251799,5.552,2.99104,130.704175085714,16.60625408,16979.8571428571,103.594286238571,2770.42857142857,39.8114286142857,2909.14285714286,87.2442844928571,1531.42857142857,94.8442851485714,16860.8571428571,102.872856138571,2770.42857142857,39.8114286142857,2895.71428571429,86.8414284842857,1521.71428571429,94.242857798571407,2.77319739205273,3.70124565736638,0.749543023501332,4.61612320174531,128.990325,16.7732895,113.181429182857,48.2285712085714,94.46142905,101.549998691429,0.649486977031703
1099,2004,8,168,2004-08-21,2004-08-27,18.59,18.59,18.59,18.59,43.7,1.6427010277794,5.082,2.95694,129.218278,15.02716908,16455,100.394286018571,2571.57142857143,36.9528568814286,2861.42857142857,85.8128585814286,1517.85714285714,94.0028566642857,16354.7142857143,99.78000096,2556.71428571429,36.7399994985714,2838,85.10999952,1513.14285714286,93.7100001742857,0.881172370485421,1.71302898929579,0.272213145535903,5.6124914451554,130.704175085714,16.60625408,102.872856138571,39.8114286142857,86.8414284842857,94.242857798571407,0.924291234251799
1098,2004,8,169,2004-08-28,2004-09-03,18.59,18.59,18.59,18.59,41.5542857142857,0.993694405453096,4.675,2.93468,121.9485312,13.719629,15917.5714285714,97.3757138928571,3137.42857142857,42.6214283528571,2759.28571428571,86.87714277,1474.71428571429,101.205714634286,15765.7142857143,96.4485724314286,3137.42857142857,42.6214283528571,2735.28571428571,86.1228572314286,1470.71428571429,100.922857011429,1.84592682901052,7.16993116339872,5.79506856359834,8.53460371237635,129.218278,15.02716908,99.78000096,36.7399994985714,85.10999952,93.7100001742857,1.6427010277794
1097,2004,9,170,2004-09-04,2004-09-10,18.59,18.59,18.59,18.59,40.8542857142857,0.911095625110759,4.57,2.9035,118.620418571429,13.268995,14161.2857142857,86.9528568828571,2243.42857142857,27.70857157,2860.71428571429,95.71142796,1346,105.457142421429,14068,86.3800016142857,2243.42857142857,27.70857157,2837,94.9185714728571,1346,105.457142421429,3.56346637530131,2.88589853272531,0.900118445003309,1.80701292667088,121.9485312,13.719629,96.4485724314286,42.6214283528571,86.1228572314286,100.922857011429,0.993694405453096
1096,2004,9,171,2004-09-11,2004-09-17,18.59,18.59,18.59,18.59,40.8457142857143,0.728145066655699,5.108,2.89646,118.3079776,14.79511768,13699.8571428571,84.1214272642857,6239.85714285714,77.0714291157143,2742.71428571429,91.7614288314286,1335,104.594286235714,13517.2857142857,82.9985711228571,6190.71428571429,76.4642862585714,2721.85714285714,91.06714194,1335,104.594286235714,2.06953566124557,38.0587988786976,2.08470338189376,4.02210907462171,118.620418571429,13.268995,86.3800016142857,27.70857157,94.9185714728571,105.457142421429,0.911095625110759
1095,2004,9,172,2004-09-18,2004-09-24,18.59,18.59,18.59,18.59,43.2742857142857,2.17773473394454,5.392,2.8702,124.205854857143,15.4761184,14516.2857142857,89.1328571857143,5411.57142857143,66.8385712757143,2618.28571428571,87.5999973842857,1289,100.990001135714,14426.8571428571,88.5842851914285,5168.57142857143,63.8371423985714,2598.28571428571,86.9300003042857,1289,100.990001135714,2.03192811227805,6.17087766055214,0.627905961647597,3.1482170132004,118.3079776,14.79511768,82.9985711228571,76.4642862585714,91.06714194,104.594286235714,0.728145066655699
1094,2004,9,173,2004-09-25,2004-10-01,18.59,18.59,18.59,18.59,46.2928571428571,1.00272485900013,6.772,2.86162,132.472565857143,19.37889064,12784.8571428571,76.8914271742857,8319.71428571429,100.811428615714,2543,84.0985717771429,1056.57142857143,81.5357153757143,12718.2857142857,76.4928572514286,5365.57142857143,64.7085712957143,2518.71428571429,83.2971420285714,1056.57142857143,81.5357153757143,8.52576577219335,22.1654296707788,3.92282986578245,5.58135034975398,124.205854857143,15.4761184,88.5842851914285,63.8371423985714,86.9300003042857,100.990001135714,2.17773473394454
1093,2004,10,174,2004-10-02,2004-10-08,18.59,18.59,18.59,18.59,47.5142857142857,0.821662078611749,7.163,2.83194,134.557606285714,20.28518622,12848.1428571429,66.1499993442857,4027.42857142857,42.1357143942857,2666.28571428571,81.8114286157143,1168.14285714286,81.8799994328571,12759,65.6914285942857,3822.71428571429,39.9942861285714,2642.14285714286,81.0699996942857,1168.14285714286,81.8799994328571,3.32128237163195,6.60435470225668,3.33360095685374,6.88946713803055,132.472565857143,19.37889064,76.4928572514286,64.7085712957143,83.2971420285714,81.5357153757143,1.00272485900013
1092,2004,10,175,2004-10-09,2004-10-15,19.32,19.32,18.59,19.32,49.4171428571429,1.53177146125754,6.709,2.84785,140.732610285714,19.10622565,15872,81.7171423785714,7156.14285714286,74.8685725042857,2796.85714285714,85.8185719071429,1264.71428571429,88.64857047,15736.2857142857,81.0199999114286,6878.14285714286,71.9585721142857,2768,84.9328569685714,1264.71428571429,88.64857047,12.6133180903957,43.7482814982505,0.53863008582475,4.2361156402132,134.557606285714,20.28518622,65.6914285942857,39.9942861285714,81.0699996942857,81.8799994328571,0.821662078611749
1091,2004,10,176,2004-10-16,2004-10-22,18.59,18.59,18.59,18.59,50.7185714285714,0.752161963308461,8.105,2.86168,145.140321485714,23.1939164,24963,128.382857185714,12640.8571428571,132.248571122857,2665.14285714286,81.7771432071429,1313.71428571429,92.0828563142857,23275.5714285714,119.711427961429,11815.4285714286,123.612856184286,2636.57142857143,80.9000015271429,1313.71428571429,92.0828563142857,5.92485559388156,11.7358626130362,1.8816220150014,3.62099829241241,140.732610285714,19.10622565,81.0199999114286,71.9585721142857,84.9328569685714,88.64857047,1.53177146125754
1090,2004,10,177,2004-10-23,2004-10-29,18.59,18.59,18.59,18.59,50.5542857142857,1.25703165092535,8.725,2.86622,144.8997048,25.0077695,27734,142.454286847143,16086.2857142857,168.292858667143,2643.85714285714,81.1242861071429,1449.85714285714,101.628571645714,24187.1428571429,124.234285628571,14180.2857142857,148.355712891429,2614.85714285714,80.2342867171429,1449.85714285714,101.628571645714,6.12361549817594,29.0657836170897,3.47094634589357,15.599896841249,145.140321485714,23.1939164,119.711427961429,123.612856184286,80.9000015271429,92.0828563142857,0.752161963308461
1089,2004,10,178,2004-10-30,2004-11-05,18.59,18.59,18.59,18.59,48.1957142857143,2.33813214014135,7.954,2.831475,136.464960107143,22.52155215,23696.7142857143,104.192855834286,13279.2857142857,178.209997995714,2866,64.1299999785714,1913.85714285714,96.4785723014286,20917.5714285714,91.29285758,6730.57142857143,91.7657143714286,2855,63.8257146585714,1913.85714285714,96.4785723014286,10.0981929454868,39.6267961839859,18.0139850035362,26.5449684543925,144.8997048,25.0077695,124.234285628571,148.355712891429,80.2342867171429,101.628571645714,1.25703165092535
1088,2004,11,179,2004-11-06,2004-11-12,18.59,18.59,18.59,18.59,44.5214285714286,1.60415531845106,7.176,2.81892,125.502345428571,20.22856992,23380,95.0057144157143,11956.8571428571,174.130002701429,3128.85714285714,59.0942851485714,1812.57142857143,76.9757145471429,20244.1428571429,82.2642854957143,8267.57142857143,120.40285819,3124.71428571429,59.0157132842857,1812.57142857143,76.9757145471429,4.85973313217111,17.7541970135399,2.28072289437293,1.21527609028215,136.464960107143,22.52155215,91.29285758,91.7657143714286,63.8257146585714,96.4785723014286,2.33813214014135
1087,2004,11,180,2004-11-13,2004-11-19,18.59,18.59,18.59,18.59,41.3971428571429,1.38481905299013,7.115,2.76845,114.605920142857,19.69752175,25369.4285714286,103.089999607143,11076.7142857143,161.30999756,2883.57142857143,54.4628573828571,1805.14285714286,76.6600014814286,23448.2857142857,95.2828554414286,7288.28571428571,106.139999391429,2862.42857142857,54.0628574914286,1805.14285714286,76.6600014814286,10.3845875017371,9.95176158939418,3.42636198100368,2.21442197288689,125.502345428571,20.22856992,82.2642854957143,120.40285819,59.0157132842857,76.9757145471429,1.60415531845106
1086,2004,11,181,2004-11-20,2004-11-26,18.59,18.59,18.59,18.59,41.6914285714286,1.14508265453366,7.976,2.74824,114.578051657143,21.91996224,26086.4285714286,105.999999998571,6660.28571428571,96.9971433357143,3327.28571428571,62.8428579042857,1963.85714285714,83.4014282242857,24983.5714285714,101.519999911429,6470.28571428571,94.2285712085714,3317.57142857143,62.65857206,1963.85714285714,83.4014282242857,7.69268042281095,13.648568066627,4.47887433885162,5.4624645029246,114.605920142857,19.69752175,95.2828554414286,106.139999391429,54.0628574914286,76.6600014814286,1.38481905299013
1085,2004,11,182,2004-11-27,2004-12-03,18.59,18.59,18.59,18.59,42.1957142857143,1.84242464470833,6.796,2.72296,114.897242171429,18.50523616,24163.1428571429,83.29999978,4786.28571428571,76.4828567514286,3630.85714285714,54.7385711671429,2737.42857142857,89.18571363,22988,78.7214279171428,4745.57142857143,75.8557161614286,3630.85714285714,54.7385711671429,2737.42857142857,89.18571363,10.7141415947197,3.92215012838488,15.7726508895824,22.5716181626649,114.578051657143,21.91996224,101.519999911429,94.2285712085714,62.65857206,83.4014282242857,1.14508265453366
1084,2004,12,183,2004-12-04,2004-12-10,18.59,18.59,18.59,18.59,39.4485714285714,2.46202104358346,6.843,2.75486,108.675291485714,18.85150698,27777,75.3185719085714,4114.85714285714,74.7357145042857,3909.85714285714,39.87714277,3010.28571428571,65.0571414428571,27307.8571428571,74.0485730857143,4105.42857142857,74.5657152442857,3909.85714285714,39.87714277,3010.28571428571,65.0571414428571,4.50732214949986,3.43851236355016,2.57203962552632,2.68007294056799,114.897242171429,18.50523616,78.7214279171428,75.8557161614286,54.7385711671429,89.18571363,1.84242464470833
1083,2004,12,184,2004-12-11,2004-12-17,18.59,18.59,18.59,18.59,38.4814285714286,2.12994857975049,7.457,2.7457,105.658458428571,20.4746849,32992,89.4600012642857,5080.14285714286,92.2685710357143,4841.42857142857,49.0514292042857,2755.42857142857,59.5528569885714,32279.2857142857,87.52999987,5059.85714285714,91.9014271314286,4841.42857142857,49.0514292042857,2755.42857142857,59.5528569885714,2.40057009231228,4.21621268432708,11.4174610000504,3.68870245423604,108.675291485714,18.85150698,74.0485730857143,74.5657152442857,39.87714277,65.0571414428571,2.46202104358346
1082,2004,12,185,2004-12-18,2004-12-24,18.59,18.59,18.59,18.59,40.93,2.00407085703081,6.668,2.69496,110.3047128,17.96999328,40553.5714285714,109.967141287143,4526.42857142857,82.2128579271428,5273.14285714286,52.8100002828572,3248.57142857143,70.2085712957143,39231.1428571429,106.379999432857,4523.85714285714,82.1657158985714,5273.14285714286,52.8100002828572,3248.57142857143,70.2085712957143,19.5044155878094,2.37354028862559,4.15541412266379,2.85943040078684,105.658458428571,20.4746849,87.52999987,91.9014271314286,49.0514292042857,59.5528569885714,2.12994857975049
1081,2004,12,186,2004-12-25,2004-12-31,18.59,18.59,18.59,18.59,40.2028571428571,1.23235160412531,6.149,2.67524,107.552291542857,16.45005076,51296.7142857143,139.097141811429,3734.28571428571,67.53571374,8047.85714285714,80.599999562857107,4023.42857142857,86.9571424228571,48722,132.117142814286,3729,67.4414285928572,8047.85714285714,80.599999562857107,4023.42857142857,86.9571424228571,7.10366773377873,11.7174869329439,7.71541442654502,7.57095200650058,110.3047128,17.96999328,106.379999432857,82.1657158985714,52.8100002828572,70.2085712957143,2.00407085703081
1080,2005,1,187,2005-01-01,2005-01-07,18.33,18.33,18.33,18.33,40.9828571428571,1.68056254753895,6.001,2.69728,110.542240914286,16.18637728,45054.8571428571,89.5142854942857,2980.85714285714,53.6942858028571,11461.8571428571,82.9885711671429,4102.71428571429,50.0842857357143,43011.5714285714,85.4557135457143,2966.85714285714,53.4428569257143,11461.8571428571,82.9885711671429,4102.71428571429,50.0842857357143,4.05583353447403,2.93115313776655,8.0925354662169,0.90529714988061,107.552291542857,16.45005076,132.117142814286,67.4414285928572,80.599999562857107,86.9571424228571,1.23235160412531
1079,2005,1,188,2005-01-08,2005-01-14,18.33,18.33,18.33,18.33,43.2142857142857,1.82511056416552,6.395,2.70474,116.883407142857,17.2968123,53133.7142857143,105.564285278571,4365.14285714286,78.63143049,12497.7142857143,90.4900000428571,4269.28571428571,52.11857169,46890.2857142857,93.1628603257143,4351.28571428571,78.3785711014286,12496.7142857143,90.48285784,4269.28571428571,52.11857169,2.91961020495345,11.2387422184658,8.98841483441425,0.858262818869037,110.542240914286,16.18637728,85.4557135457143,53.4428569257143,82.9885711671429,50.0842857357143,1.68056254753895
1078,2005,1,189,2005-01-15,2005-01-21,18.33,18.33,18.33,18.33,44.6485714285714,0.881748803447282,6.24,2.71024,121.008344228571,16.9118976,64128.1428571429,127.408572604286,3879,69.8714288985714,11495.8571428571,83.2342867185714,5455.42857142857,66.5985712314286,51854.1428571429,103.022858757143,3867.71428571429,69.6699987142857,11495.8571428571,83.2342867185714,5455.42857142857,66.5985712314286,12.4110751915913,5.4975466062997,3.4686052615889,6.47918094658273,116.883407142857,17.2968123,93.1628603257143,78.3785711014286,90.48285784,52.11857169,1.82511056416552
1077,2005,1,190,2005-01-22,2005-01-28,18.33,18.33,18.33,18.33,45.4957142857143,0.786041923030645,6.259,2.67028,121.486295942857,16.71328252,77217.1428571429,153.412859234286,4509.14285714286,81.2242862142857,11676.1428571429,84.5399998257143,7065.14285714286,86.2485722142857,52475.7142857143,104.260001045714,4421,79.6342866071429,11676.1428571429,84.5399998257143,7065.14285714286,86.2485722142857,6.8601203819832,15.2415947040034,1.68004869527823,4.24982581749735,121.008344228571,16.9118976,103.022858757143,69.6699987142857,83.2342867185714,66.5985712314286,0.881748803447282
1076,2005,1,191,2005-01-29,2005-02-04,18.33,18.33,18.33,18.33,45.0214285714286,1.22123473817061,6.096,2.61284,117.633789428571,15.92787264,82404,159.967141288571,3929,67.4499985828571,12884.7142857143,90.6371427271429,8233.57142857143,84.8757149828571,51114.7142857143,99.1842858442857,3898.57142857143,66.9185703814286,12884.7142857143,90.6371427271429,8233.57142857143,84.8757149828571,5.00249190325132,12.3948845477798,1.5672133434838,11.8787218707935,121.486295942857,16.71328252,104.260001045714,79.6342866071429,84.5399998257143,86.2485722142857,0.786041923030645
1075,2005,2,192,2005-02-05,2005-02-11,18.33,18.33,18.33,18.33,43.5585714285714,0.930545155118649,6.093,2.61163333333333,113.759017095238,15.9126819,67727.7142857143,129.165714808571,2428,39.7328575685714,11901.7142857143,81.9714279171428,9720.85714285714,87.08857182,40376.2857142857,77.0028566642857,2417.71428571429,39.5642850042857,11863.7142857143,81.7100001757143,9527.71428571429,85.3571428557143,6.82177671866721,7.13205592778565,4.09790924701102,3.38093929758999,117.633789428571,15.92787264,99.1842858442857,66.9185703814286,90.6371427271429,84.8757149828571,1.22123473817061
1074,2005,2,193,2005-02-12,2005-02-18,18.33,18.33,18.33,18.33,44.1542857142857,1.15759603119102,5.908,2.5768,113.776763428571,15.2237344,46239.8571428571,88.1842836642857,1660.57142857143,27.1757147657143,14951.7142857143,102.978572302857,10521.8571428571,94.2657143742857,39272.2857142857,74.8971437728571,1652.14285714286,27.0357145585714,13074.7142857143,90.05142975,7856.28571428571,70.3828560971429,4.08547158825424,1.82615131864554,4.90857990504609,1.89230769850729,113.759017095238,15.9126819,77.0028566642857,39.5642850042857,81.7100001757143,85.3571428557143,0.930545155118649
1073,2005,2,194,2005-02-19,2005-02-25,18.33,18.33,18.33,18.33,46.4428571428571,1.61652625801654,6.715,2.59868,120.690124,17.4501362,38196.5714285714,72.8471429,1648.57142857143,26.9799998157143,18432.8571428571,126.954286847143,12747,114.198571342857,37057.5714285714,70.6728570128572,1639.85714285714,26.8342857357143,13844.1428571429,95.349999562857107,8785.28571428571,78.7057135442857,3.12259899233974,1.73980686731268,7.12600343474777,4.78238091967362,113.776763428571,15.2237344,74.8971437728571,27.0357145585714,90.05142975,70.3828560971429,1.15759603119102
1072,2005,2,195,2005-02-26,2005-03-04,18.33,24.6,18.33,18.33,49.8742857142857,1.78356251308859,6.744,2.63204,131.271114971429,17.75047776,40990.4285714286,81.5371431614286,1837.85714285714,32.6714289528571,15421.5714285714,106.872857228571,12345.1428571429,101.598572868571,39412.5714285714,78.3757149857143,1828.42857142857,32.5099999571429,13331.7142857143,92.4114281785714,6624,54.5771429871428,9.66495175988811,1.48063066819542,5.49400354479842,9.18888238603906,120.690124,17.4501362,70.6728570128572,26.8342857357143,95.349999562857107,78.7057135442857,1.61652625801654
1071,2005,3,196,2005-03-05,2005-03-11,18.33,26.74,18.33,18.33,52.2185714285714,1.2424227483885,6.772,2.69942,140.959856085714,18.28047224,47660.4285714286,97.2885731285714,1453.85714285714,27.49285698,12550.2857142857,87.4314291828571,12221,93.3842860614286,42681,87.1214294457143,1446.28571428571,27.3499998371429,11177.5714285714,77.8671428128572,5664.85714285714,43.2871426171429,2.13698752669205,3.03748770073784,10.6765194984789,2.96900503186235,131.271114971429,17.75047776,78.3757149857143,32.5099999571429,92.4114281785714,54.5771429871428,1.78356251308859
1070,2005,3,197,2005-03-12,2005-03-18,18.33,25.1,18.33,18.33,53.9871428571429,1.0610170323121,7.273,2.74718,148.312399114286,19.98024014,44488.8571428571,90.8157163357143,1826.14285714286,34.5328573485714,12234.5714285714,85.23285675,16103.7142857143,123.052856445714,41087.2857142857,83.8714283542857,1811.14285714286,34.2500002728571,10282.7142857143,71.63571494,4624.14285714286,35.3342857357143,3.60338486267774,7.31677753045022,5.99461216583489,1.98761865309938,140.959856085714,18.28047224,87.1214294457143,27.3499998371429,77.8671428128572,43.2871426171429,1.2424227483885
1069,2005,3,198,2005-03-19,2005-03-25,18.33,25.08,18.33,18.33,54.32,1.81360598440392,7.062,2.72555,148.051876,19.2478341,55804.7142857143,113.912858145714,1849,34.9642857142857,15750.4285714286,109.72428676,18293.2857142857,139.781430924286,49055,100.135713851429,1838.57142857143,34.7685713085714,11962,83.3314296185714,4848.28571428571,37.0457142414286,5.3518617735655996,8.43896457436859,6.07852350902441,4.32172688254209,148.312399114286,19.98024014,83.8714283542857,34.2500002728571,71.63571494,35.3342857357143,1.0610170323121
1068,2005,3,199,2005-03-26,2005-04-01,18.33,32.28,18.33,18.33,52.3257142857143,1.57409081846074,7.749,2.68792,140.647333942857,20.82869208,57718.1428571429,122.61857278,2061,39.5199999128571,18363.2857142857,132.050001961429,18242.7142857143,139.409999302857,46549.4285714286,99.3714272642857,2052.28571428571,39.3542856485714,14321.7142857143,103.07142857,4512.42857142857,34.4842850828571,11.4899011592343,6.73815663129419,11.2548867354123,4.07695458409958,148.051876,19.2478341,100.135713851429,34.7685713085714,83.3314296185714,37.0457142414286,1.81360598440392
1067,2005,4,200,2005-04-02,2005-04-08,18.33,133.75,18.33,18.33,53.14,1.78893823258366,7.242,2.61682,139.0578148,18.95101044,44376.1428571429,119.848570688571,5974.28571428571,123.049999782857,17061.2857142857,145.549996514286,17086,130.647140504286,40987.4285714286,110.695712498571,5912,121.767143248571,14473.2857142857,123.472856794286,5029.14285714286,38.4557140885714,6.39672964214522,34.7722017746022,6.9600511127141,1.78602797215668,140.647333942857,20.82869208,99.3714272642857,39.3542856485714,103.07142857,34.4842850828571,1.57409081846074
1066,2005,4,201,2005-04-09,2005-04-15,19.83,37.81,18.33,18.33,52.0142857142857,1.84104913154505,6.997,2.57916,134.153165142857,18.04638252,32771.8571428571,88.50857217,4365.28571428571,89.9099993028571,14589.2857142857,124.464286804286,14116.1428571429,107.938571385714,32237.1428571429,87.0628574928571,4301.28571428571,88.5928562685714,14583.7142857143,124.417143685714,4987.57142857143,38.1385713314286,6.24673773474078,18.7137346027302,9.38665983871188,7.04007636718234,139.0578148,18.95101044,110.695712498571,121.767143248571,123.472856794286,38.4557140885714,1.78893823258366
1065,2005,4,202,2005-04-16,2005-04-22,25.3,74,18.33,18.33,50.3957142857143,1.22327234829174,7.195,2.574675,129.752585678571,18.524786625,27169.7142857143,73.3785705571429,2906.57142857143,59.8671422671429,10080.5714285714,85.9971411571429,10896.4285714286,83.3200007857143,26856.7142857143,72.5328576228571,2876.42857142857,59.2471433385714,9608.42857142857,81.9700001314286,5165.71428571429,39.4985705785714,2.28348205294014,4.64914589506156,15.1841260435574,2.37886140568316,134.153165142857,18.04638252,87.0628574928571,88.5928562685714,124.417143685714,38.1385713314286,1.84104913154505
1064,2005,4,203,2005-04-23,2005-04-29,33.69,98.93,18.33,20.09,51.8128571428571,1.087393125564,6.585,2.52696,130.929017485714,16.6400316,28663.7142857143,77.4114292685714,3675.28571428571,75.70000131,7782.42857142857,66.3942871114286,10154,77.6428571428571,28306.8571428571,76.4485713414286,3668.42857142857,75.5585719514286,7524.14285714286,64.1914285928572,4645.14285714286,35.5199999114286,4.51276923292874,13.1383159510228,1.1696928088939,8.67687345211786,129.752585678571,18.524786625,72.5328576228571,59.2471433385714,81.9700001314286,39.4985705785714,1.22327234829174
1063,2005,4,204,2005-04-30,2005-05-06,48.08,72.54,18.33,21.6,50.8814285714286,0.837066874497039,6.621,2.48318,126.3477458,16.44113478,30101,106.234285627143,2712.14285714286,45.3142863685714,9211.57142857143,123.460000174286,11830.5714285714,132.207142421429,29749.8571428571,104.99142783,2707.14285714286,45.23285675,8161.71428571429,108.685713631429,4282,47.55714253,10.2772529220095,10.3299785245006,38.0027443535691,7.78218083025435,130.929017485714,16.6400316,76.4485713414286,75.5585719514286,64.1914285928572,35.5199999114286,1.087393125564
1062,2005,5,205,2005-05-07,2005-05-13,42.25,98.08,18.33,20.89,49.3385714285714,0.95706893815454,6.536,2.4646,121.599843142857,16.1086256,25351.4285714286,93.1557137628571,2507.71428571429,39.8728566871429,7105.42857142857,100.045714242857,11584.5714285714,135.91999817,25222.4285714286,92.68142809,2488,39.5585714057143,5971.28571428571,84.0757141114286,4376.71428571429,51.3514289871429,4.42166856479084,5.06070269997881,14.8680656248055,3.63736837575333,126.3477458,16.44113478,104.99142783,45.23285675,108.685713631429,47.55714253,0.837066874497039
1061,2005,5,206,2005-05-14,2005-05-20,49.39,131.08,18.33,21.66,47.78,1.47587262323031,6.343,2.46196,117.6324488,15.61621228,22985,84.4600012642857,10348,164.528569902857,6459.28571428571,90.94428471,8497.85714285714,99.7042846671428,22871,84.0400009157143,5288.57142857143,84.0857140671429,6443.42857142857,90.7242856714286,4471.14285714286,52.4585718442857,2.35928742437986,42.713786972193,6.98182570768972,8.53015497730657,121.599843142857,16.1086256,92.68142809,39.5585714057143,84.0757141114286,51.3514289871429,0.95706893815454
1060,2005,5,207,2005-05-21,2005-05-27,45.6,47.91,18.33,18.33,47.8171428571429,1.15463867776473,6.37,2.41575,115.514262857143,15.3883275,29792,109.471430095714,21065.5714285714,334.934282574286,5263.71428571429,74.1128583642857,7093.42857142857,83.2257156371429,29239.5714285714,107.441429137143,15941.4285714286,253.461427962857,5239.14285714286,73.76714107,4198.71428571429,49.2628571642857,22.068807450564,50.9563178918536,2.67080324821604,5.98706059782118,117.6324488,15.61621228,84.0400009157143,84.0857140671429,90.7242856714286,52.4585718442857,1.47587262323031
1059,2005,5,208,2005-05-28,2005-06-03,28.53,22.87,18.33,18.33,49.5357142857143,1.23718574653465,6.88,2.40598,119.181937857143,16.5531424,37300,145.091428484286,9714.71428571429,144.370001655714,4833,82.6728570128571,5307.42857142857,90.4242853428571,36190.1428571429,140.935714721429,9225.71428571429,136.731428964286,4821.71428571429,82.49142783,4568.71428571429,78.5542858671429,6.57882260514494,33.0004991510602,16.7321105164657,29.8166084526198,115.514262857143,15.3883275,107.441429137143,253.461427962857,73.76714107,49.2628571642857,1.15463867776473
1058,2005,6,209,2005-06-04,2005-06-10,18.33,18.33,18.33,18.33,51.2642857142857,1.09245682054792,6.932,2.46548,126.391071142857,17.09070736,27548.8571428571,115.880000522857,5560.71428571429,72.2271434242857,4965,105.829998562857,4410.42857142857,110.245715551429,27224,114.51285771,5554,72.1399988442857,4964.71428571429,105.822855268571,3901,97.5142854957143,12.6343125441941,12.8498788503213,3.15062865322978,4.91087058431495,119.181937857143,16.5531424,140.935714721429,136.731428964286,82.49142783,78.5542858671429,1.23718574653465
1057,2005,6,210,2005-06-11,2005-06-17,31.52,31.52,18.33,31.52,52.4714285714286,1.21033643492805,7.69,2.42772,127.385936571429,18.6691668,22800.8571428571,95.9085715157143,15039.1428571429,195.338569095714,4654.85714285714,99.2171423785714,3490.42857142857,87.2485733028571,22523.8571428571,94.7428567071429,11413,148.240000044286,4651,99.1357149385714,3490.42857142857,87.2485733028571,1.65218769935531,76.9848071561966,7.54792269428011,4.41711965049604,126.391071142857,17.09070736,114.51285771,72.1399988442857,105.822855268571,97.5142854957143,1.09245682054792
1056,2005,6,211,2005-06-18,2005-06-24,30.3,27.15,18.33,30.3,55.5785714285714,1.55201405246421,7.36,2.38198,132.387045571429,17.5313728,25199,105.994283401429,20702.8571428571,268.904288155714,3956.71428571429,84.3371407657143,3044,76.0871418542857,24152.1428571429,101.592856271429,16137.8571428571,209.60999843,3956.71428571429,84.3371407657143,3043.28571428571,76.0685708171428,1.65402276532213,41.3186121289178,1.46476149374242,3.37674062982086,127.385936571429,18.6691668,94.7428567071429,148.240000044286,99.1357149385714,87.2485733028571,1.21033643492805
1055,2005,6,212,2005-06-25,2005-07-01,24.44,19.04,18.33,24.44,56.7057142857143,1.14658706811186,7.171,2.35992,133.820949257143,16.92298632,24099,104.234285628571,9030.71428571429,116.908571517143,3960.28571428571,86.95285797,2643.42857142857,72.57857023,23680.7142857143,102.468571252857,8718.14285714286,112.854286192857,3960.28571428571,86.95285797,2643.42857142857,72.57857023,6.54589695262621,17.641121914636,6.40837250311764,15.4751447608746,132.387045571429,17.5313728,101.592856271429,209.60999843,84.3371407657143,76.0685708171428,1.55201405246421
1054,2005,7,213,2005-07-02,2005-07-08,26.36,26.32,18.33,26.36,56.8571428571429,1.16744327893191,7.472,2.37634,135.111902857143,17.75601248,21300.4285714286,108.06857191,6291.85714285714,79.3342862814286,3768.71428571429,97.39428602,2292.42857142857,99.5914284871428,21209.1428571429,107.608571735714,6260.85714285714,78.9414280485714,3746,96.8085708614286,2292.42857142857,99.5914284871428,4.16931886412421,3.30366867394332,2.29361170861519,3.47341500202623,133.820949257143,16.92298632,102.468571252857,112.854286192857,86.95285797,72.57857023,1.14658706811186
1053,2005,7,214,2005-07-09,2005-07-15,32.79,32.79,18.33,32.79,57.7157142857143,0.998646703341212,7.849,2.34314,135.235998771429,18.39130586,19117.8571428571,96.9942866728572,4884.71428571429,61.5914284857143,3620.14285714286,93.5557141985714,2075.71428571429,90.1742847985714,18993.1428571429,96.3628572714286,4877.85714285714,61.5042849942857,3600.57142857143,93.0499997814286,2075.71428571429,90.1742847985714,3.20738575970713,5.5554984080069,1.82113430262743,6.30765520127099,135.111902857143,17.75601248,107.608571735714,78.9414280485714,96.8085708614286,99.5914284871428,1.16744327893191
1052,2005,7,215,2005-07-16,2005-07-22,35.45,35.45,18.33,35.45,57.04,1.19215491163441,7.384,2.34772,133.91394879999999,17.33556448,18391.1428571429,93.30857086,6564.85714285714,82.7771421171429,3445.71428571429,89.0485730842857,1835.57142857143,79.7428588871429,18251.8571428571,92.60142953,6402.57142857143,80.7285706657143,3426.57142857143,88.5528597157143,1835.57142857143,79.7428588871429,2.83416255543372,14.8506767294303,0.67591209140173,1.66506030409235,135.235998771429,18.39130586,96.3628572714286,61.5042849942857,93.0499997814286,90.1742847985714,0.998646703341212
1051,2005,7,216,2005-07-23,2005-07-29,34.3,34.3,18.33,34.3,57.12,1.00136573405204,7.885,2.42916,138.7536192,19.1539266,19927.4285714286,101.10571507,9523.71428571429,120.085715157143,3463.28571428571,89.5014299671429,1661.28571428571,72.1714281357143,19866.7142857143,100.794285364286,9212.85714285714,116.165714808571,3446.28571428571,89.0614297057143,1661.28571428571,72.1714281357143,1.82939628449783,15.0646788401955,0.508081632388857,3.46970550612134,133.91394879999999,17.33556448,92.60142953,80.7285706657143,88.5528597157143,79.7428588871429,1.19215491163441
1050,2005,7,217,2005-07-30,2005-08-05,28.67,28.67,18.33,28.67,59.4557142857143,1.03353531052185,8.7,2.32932,138.4913844,20.265084,18685,108.027143207143,6150.85714285714,83.5771418985714,3250.14285714286,92.61428506,1413.28571428571,79.4299992128571,18617.1428571429,107.632857185714,6140.85714285714,83.4428569242857,3231.57142857143,92.0885718214286,1413.28571428571,79.4299992128571,6.55468359099352,8.83698207464814,5.01168916867647,9.97289051299778,138.7536192,19.1539266,100.794285364286,116.165714808571,89.0614297057143,72.1714281357143,1.00136573405204
1049,2005,8,218,2005-08-06,2005-08-12,27.41,27.41,18.33,27.41,61.9642857142857,2.21748248503349,9.588,2.3181,143.639410714286,22.2259428,15988.1428571429,97.3128564028572,5413.71428571429,76.16714314,2944.28571428571,87.2514288757143,1315.71428571429,81.4842856271429,15848,96.45714351,5359.42857142857,75.4042854314286,2922.42857142857,86.6042851042857,1315.71428571429,81.4842856271429,3.03062561999727,18.6877243219364,0.587164680702079,2.22933320283639,138.4913844,20.265084,107.632857185714,83.4428569242857,92.0885718214286,79.4299992128571,1.03353531052185
1048,2005,8,219,2005-08-13,2005-08-19,37.72,37.72,18.33,37.72,64.5085714285714,2.10305673224668,9.111,2.36538,152.587284685714,21.55097718,15400.7142857143,93.7400000428571,5248.57142857143,73.8428562714286,2959.42857142857,87.6985713428572,1275.42857142857,78.9885711671429,15256.1428571429,92.8571439485714,5227.85714285714,73.5528564442857,2937,87.0342864971429,1275.42857142857,78.9885711671429,1.3830489551833,7.85072630246949,0.482868985510301,2.46978464743019,143.639410714286,22.2259428,96.45714351,75.4042854314286,86.6042851042857,81.4842856271429,2.21748248503349
1047,2005,8,220,2005-08-20,2005-08-26,33.34,33.34,18.33,33.34,64.4957142857143,1.50213023340061,9.792,2.41304,155.6307384,23.62848768,14985.7142857143,91.2100001757143,4727.28571428571,66.5114282871429,2948.85714285714,87.3871416357143,1162,71.9657135014286,14863.2857142857,90.4657124114286,4641.57142857143,65.3042864128571,2927,86.7385711671428,1162,71.9657135014286,2.04323169102044,3.42012653077,0.770571666136843,9.4953830898929,152.587284685714,21.55097718,92.8571439485714,73.5528564442857,87.0342864971429,78.9885711671429,2.10305673224668
1046,2005,8,221,2005-08-27,2005-09-02,47.44,47.44,19.41,47.44,65.84,0.809650130200229,11.691,2.3701,156.047384,27.7088391,14710.4285714286,89.4757134585714,10855.4285714286,139.025714328571,2876,88.08857182,1033.71428571429,69.0285699028571,14561.5714285714,88.5699996942857,8977.85714285714,115.440000261429,2850.71428571429,87.3114286142857,1033.71428571429,69.0285699028571,1.4873787378379,76.0061828667656,4.12999030714079,10.6765106947994,155.6307384,23.62848768,90.4657124114286,65.3042864128571,86.7385711671428,71.9657135014286,1.50213023340061
1045,2005,9,222,2005-09-03,2005-09-09,39.49,39.49,18.33,39.49,65.0157142857143,1.93599980322714,11.263,2.32245,150.995745642857,26.15775435,17175.5714285714,104.467142377143,21553.1428571429,257.998574392857,2884,95.61428506,940.857142857143,73.7157135,17039.7142857143,103.645713805714,14044,168.111427307143,2872.57142857143,95.2357134142857,940.857142857143,73.7157135,6.24803884762758,35.7163665325348,0.636364816377105,4.53478331633489,156.047384,27.7088391,88.5699996942857,115.440000261429,87.3114286142857,69.0285699028571,0.809650130200229
1044,2005,9,223,2005-09-10,2005-09-16,32.08,27.21,18.33,32.08,62.3328571428571,1.20872817851028,11.144,2.3135,144.207065,25.781644,17837.7142857143,107.702856881429,18678.5714285714,223.58857073,2885.28571428571,95.6571415485714,1043.57142857143,81.76285662,17764,107.261429921429,6907.14285714286,82.6799997614286,2856.71428571429,94.7099990842857,1043.57142857143,81.76285662,3.66005126246229,22.7421392058986,1.58218336088784,4.08350315504378,150.995745642857,26.15775435,103.645713805714,168.111427307143,95.2357134142857,73.7157135,1.93599980322714
1043,2005,9,224,2005-09-17,2005-09-23,27.96,24.32,18.33,27.96,62.6257142857143,1.66398975500506,12.324,2.28148,142.879314628571,28.11695952,19347.2857142857,116.819998605714,19453.1428571429,232.858570644286,3096.14285714286,102.648570471429,952.714285714286,74.6457138071429,19234.7142857143,116.138569422857,11877.4285714286,142.177143642857,3067.28571428571,101.692856922857,952.714285714286,74.6457138071429,0.571764787913474,22.6991832137746,3.49123498631379,4.51028461837485,144.207065,25.781644,107.261429921429,82.6799997614286,94.7099990842857,81.76285662,1.20872817851028
1042,2005,9,225,2005-09-24,2005-09-30,23.8,21.52,18.33,23.8,62.9514285714286,1.13195153858894,13.921,2.2395,140.979724285714,31.1760795,21388.1428571429,129.140000478571,15018,179.76714216,2789,92.4657135014286,1031.28571428571,80.7985719971429,20758,125.337141854286,9607.71428571429,115.005713325714,2760.42857142857,91.5171421585714,1031.28571428571,80.7985719971429,4.24546362519774,20.5931850955488,1.69312026260325,6.45473836829317,142.879314628571,28.11695952,116.138569422857,142.177143642857,101.692856922857,74.6457138071429,1.66398975500506
1041,2005,10,226,2005-10-01,2005-10-07,36.87,18.33,18.33,36.87,61.037142857142904,2.03588403636464,13.226,2.25848,137.8511664,29.87065648,21684.7142857143,109.872856138571,20878.1428571429,212.677143641429,3003.28571428571,91.2442855828572,1079.42857142857,75.6628570585714,17449.1428571429,88.4128559671428,6702,68.2699993685714,2974.85714285714,90.3785716471428,1079.42857142857,75.6628570585714,8.07745882842923,49.0611690649221,3.24948087429603,3.52961442024393,140.979724285714,31.1760795,125.337141854286,115.005713325714,91.5171421585714,80.7985719971429,1.13195153858894
1040,2005,10,227,2005-10-08,2005-10-14,40.61,20.56,18.33,40.61,58.4842857142857,1.25557234150881,13.219,2.246025,131.357167821429,29.690204475,22944.1428571429,116.252856664286,22419.8571428571,228.38142831,2995.28571428571,91.0000010914286,1155.85714285714,81.0185699442857,18553.1428571429,94.0057133271429,9202.14285714286,93.7371425642857,2967.57142857143,90.15714264,1155.85714285714,81.0185699442857,10.3300654951802,55.7498466733803,3.35263092144793,3.12989564250456,137.8511664,29.87065648,88.4128559671428,68.2699993685714,90.3785716471428,75.6628570585714,2.03588403636464
1039,2005,10,228,2005-10-15,2005-10-21,42.64,18.33,18.33,42.64,58.7028571428571,1.0651715712457,12.872,2.24482,131.777347771429,28.89532304,19793.1428571429,100.28857095,26539.1428571429,270.341426302857,2701,82.0571419842857,979.571428571429,68.6642859314286,17818.2857142857,90.2814276542857,9286.14285714286,94.5914301171429,2672.28571428571,81.1842858457143,979.571428571429,68.6642859314286,11.3950886849646,52.1856341200887,5.07857623554585,3.04481508731304,131.357167821429,29.690204475,94.0057133271429,93.7371425642857,90.15714264,81.0185699442857,1.25557234150881
1038,2005,10,229,2005-10-22,2005-10-28,49.91,18.33,19.5,49.91,57.8942857142857,0.725668821223014,13.055,2.27178,131.5230804,29.6580879,22265.8571428571,112.817141941429,15506,157.951426915714,2443.71428571429,74.2400000428571,1025,71.8457151142857,18938.5714285714,95.9571424214286,7121.42857142857,72.5428573057143,2415.14285714286,73.3728572314286,1025,71.8457151142857,10.4260698198389,45.0796427149426,1.91561752544796,3.83113978435307,131.777347771429,28.89532304,90.2814276542857,94.5914301171429,81.1842858457143,68.6642859314286,1.0651715712457
1037,2005,10,230,2005-10-29,2005-11-04,48.85,18.33,21.03,48.85,58.7714285714286,0.538746340170802,11.415,2.23985,131.639184285714,25.56788775,28989.1428571429,128.60999952,20292.8571428571,244.261426652857,2334.28571428571,55.12571444,1065.42857142857,58.58714349,22932.4285714286,101.821428571429,6698.28571428571,86.8842866085714,2305.71428571429,54.4499996714286,1065.42857142857,58.58714349,9.0869670145007,64.3214099807998,14.3009463148458,19.1328940981306,131.5230804,29.6580879,95.9571424214286,72.5428573057143,73.3728572314286,71.8457151142857,0.725668821223014
1036,2005,11,231,2005-11-05,2005-11-11,32.19,18.33,18.58,32.19,58.1428571428571,1.5890113727903,11.712,2.18224,126.881668571429,25.55839488,25961.2857142857,103.961427961429,13066.2857142857,185.674285888571,2602.85714285714,48.3714288985714,1076.71428571429,45.72714288,23788.1428571429,95.2614288314286,7001,99.4857139585714,2592.85714285714,48.1857141757143,1076.71428571429,45.72714288,5.41775677427361,27.6247569690643,2.1020614078714,5.87536616693611,131.639184285714,25.56788775,101.821428571429,86.8842866085714,54.4499996714286,58.58714349,0.538746340170802
1035,2005,11,232,2005-11-12,2005-11-18,33.18,18.33,18.54,33.18,55.3328571428572,1.83146311534155,11.414,2.199625,121.711535892857,25.10651975,22564.8571428571,90.3614283971428,8578,121.892857142857,3982.85714285714,74.01714216,1314,55.8028575357143,20681.4285714286,82.8199986028571,6838.71428571429,97.1785714285714,3982.85714285714,74.01714216,1314,55.8028575357143,3.34245451828491,14.4199002945473,15.3225238460863,3.06882609684425,126.881668571429,25.55839488,95.2614288314286,99.4857139585714,48.1857141757143,45.72714288,1.5890113727903
1034,2005,11,233,2005-11-19,2005-11-25,36.7,33.37,21.36,36.7,53.61,0.492679747232696,11.62,2.23462,119.7979782,25.9662844,24460,97.9485724314286,5990,85.1171417242857,4795.57142857143,89.1185716885714,1663.42857142857,70.6428565985714,23749.4285714286,95.10571398,5488,77.9871422885714,4795.57142857143,89.1185716885714,1663.42857142857,70.6428565985714,5.2150424786932,9.57452521904397,6.42997194709431,15.3968044544095,121.711535892857,25.10651975,82.8199986028571,97.1785714285714,74.01714216,55.8028575357143,1.83146311534155
1033,2005,11,234,2005-11-26,2005-12-02,32.4,32.32,20.04,32.4,53.4728571428571,0.431188832791137,13.931,2.20684,118.006040057143,30.74348804,36265.1428571429,129.664285931429,4878.42857142857,73.7271434228571,6959.42857142857,110.087142945714,2287.14285714286,83.53857095,34757.5714285714,124.298571994286,4763.85714285714,72.0657141557143,6358.85714285714,101.56428527999999,2287.14285714286,83.53857095,16.908241807956,4.71186054300933,23.2059658630214,23.6484967020525,119.7979782,25.9662844,95.10571398,77.9871422885714,89.1185716885714,70.6428565985714,0.492679747232696
1032,2005,12,235,2005-12-03,2005-12-09,18.33,18.33,18.33,18.33,54.6471428571429,1.28050399303963,14.312,2.20216,120.341752114286,31.51731392,48746.4285714286,130.298573084286,3854.85714285714,68.25857217,9701.57142857143,97.1614270885714,2844,61.4657135,46773.4285714286,125.02571433,3819,67.6242850157143,9356.28571428571,93.7042868457143,2844,61.4657135,9.18689285170023,4.52061205619149,14.2239285891539,4.7224237071066,118.006040057143,30.74348804,124.298571994286,72.0657141557143,101.56428527999999,83.53857095,0.431188832791137
1031,2005,12,236,2005-12-10,2005-12-16,18.33,18.33,18.33,18.33,57.2542857142857,1.78459012234203,13.633,2.28502,130.827187942857,31.15167766,61059.1428571429,163.131430488571,2802.42857142857,49.6214283542857,14133.5714285714,141.549998692857,3960.85714285714,85.6028584071429,54707.8571428571,146.161429268571,2794.71428571429,49.4885706228571,13997.5714285714,140.187141418571,3960.85714285714,85.6028584071429,10.7451470980843,3.5088905505818,12.2894884014921,12.8788931739002,120.341752114286,31.51731392,125.02571433,67.6242850157143,93.7042868457143,61.4657135,1.28050399303963
1030,2005,12,237,2005-12-17,2005-12-23,18.33,18.33,18.33,18.33,57.9957142857143,1.56072480109778,12.283,2.33882,135.641536485714,28.72772606,59269,158.345716202857,2951.71428571429,52.2657149185714,15538.7142857143,155.621427264286,6295,136.049998691429,46348.4285714286,123.83000074,2939.85714285714,52.0571425285714,15364.7142857143,153.880000522857,6295,136.049998691429,11.0552499852954,4.3321579594625,9.19107518312306,17.6770419522542,130.827187942857,31.15167766,146.161429268571,49.4885706228571,140.187141418571,85.6028584071429,1.78459012234203
1029,2005,12,238,2005-12-24,2005-12-30,18.33,18.33,18.33,18.33,56.6971428571429,0.639445444263295,11.225,2.34216,132.793780114286,26.290746,44355,118.50428554,2919.42857142857,51.6957141328571,14154,141.751427787143,7145.57142857143,154.434284755714,36271.2857142857,96.9057159414286,2909.14285714286,51.5142860414286,14153.2857142857,141.744286672857,7144.85714285714,154.418570382857,2.29682320208904,5.04920426153704,1.05270674803735,9.31892370085084,135.641536485714,28.72772606,123.83000074,52.0571425285714,153.880000522857,136.049998691429,1.56072480109778
1028,2005,12,239,2005-12-31,2006-01-06,16.92,16.92,16.92,16.92,59.7216666666667,2.33782306145407,9.632,2.31102,138.0179661,22.25974464,47797.4285714286,97.7814276542857,2998.42857142857,53.2614282885714,14747.7142857143,112.367141724286,8408.57142857143,111.581428525714,43534,88.9885722557143,2987.85714285714,53.0742852357143,14747.7142857143,112.367141724286,8384.14285714286,111.268571035714,13.9580212489191,5.99342666362489,12.9341242607614,14.2530431330615,132.793780114286,26.290746,96.9057159414286,51.5142860414286,141.744286672857,154.418570382857,0.639445444263295
1027,2006,1,240,2006-01-07,2006-01-13,16.92,16.92,16.92,16.92,61.9814285714286,0.640531773123831,8.791,2.2677,140.555285571429,19.9353507,59272.5714285714,116.305714197143,2450.85714285714,43.5514281142857,14972.7142857143,108.408572607143,9975.57142857143,121.777143207143,53159.1428571429,104.30856977,2437.85714285714,43.3214285714286,14972.7142857143,108.408572607143,9948.28571428571,121.44571468,3.01619147277192,3.09984076690749,0.870314035396358,5.68483458450696,138.0179661,22.25974464,88.9885722557143,53.0742852357143,112.367141724286,111.268571035714,2.33782306145407
1026,2006,1,241,2006-01-14,2006-01-20,16.92,16.92,16.92,16.92,62.5671428571429,0.866654761823295,9.28,2.29806,143.783048314286,21.3259968,42468.8571428571,83.3314285271428,2335.71428571429,41.5071427485714,13386,96.9228570114286,9728.71428571429,118.76285771,39485.8571428571,77.4799979071429,2323.57142857143,41.2928570342857,13386,96.9228570114286,9686.14285714286,118.244285582857,9.25774354822503,3.71069501618166,4.0771724372338,4.13109622271407,140.555285571429,19.9353507,104.30856977,43.3214285714286,108.408572607143,121.44571468,0.640531773123831
1025,2006,1,242,2006-01-21,2006-01-27,39.69,40.31,16.92,16.92,63.64,0.839424405967328,8.4,2.23952,142.5230528,18.811968,29585.5714285714,58.0514286585714,4384.71428571429,77.9185714714286,11511.8571428571,83.3500006557143,7808.42857142857,95.3214296614286,29358.4285714286,57.6071423114286,4370.14285714286,77.6600009371429,11508.5714285714,83.32714299,7557.57142857143,92.2614288342857,2.88899485427981,20.8127360772141,8.38299765303646,9.33628964277972,143.783048314286,21.3259968,77.4799979071429,41.2928570342857,96.9228570114286,118.244285582857,0.866654761823295
1024,2006,1,243,2006-01-28,2006-02-03,68.04,68.04,34.12,34.12,64.0828571428571,1.16998168483861,8.613,2.2173,142.090919142857,19.0976049,33809.2857142857,65.16428484,4112.71428571429,69.9771423328571,7874.42857142857,55.9400002642857,6409.28571428571,69.2128568371429,33368.2857142857,64.3057141985714,4102.14285714286,69.8057142,7850.42857142857,55.7685721271429,6273.57142857143,67.7414283742857,5.66982556667568,16.6506131032507,7.25298240407886,10.2598314506303,142.5230528,18.811968,57.6071423114286,77.6600009371429,83.32714299,92.2614288342857,0.839424405967328
1023,2006,2,244,2006-02-04,2006-02-10,60.7,61.8,37.53,16.92,62.8142857142857,1.70101790254019,7.316,2.18024,136.950218285714,15.95063584,36146.4285714286,68.21142796,2979.14285714286,45.7100001757143,6605.85714285714,45.4971427914286,7841.42857142857,70.2514283314286,35968.8571428571,67.8757128057143,2970.14285714286,45.5714280257143,6581.57142857143,45.3300001957143,7520.28571428571,67.3728572314286,2.15551081630212,1.25013893161283,1.17169343743738,3.36136262406652,142.090919142857,19.0976049,64.3057141985714,69.8057142,55.7685721271429,67.7414283742857,1.16998168483861
1022,2006,2,245,2006-02-11,2006-02-17,85.25,85.25,44.93,44.93,59.49,1.76303715218963,7.182,2.13508,127.0159092,15.33414456,46994.1428571429,88.6828580571429,2832.85714285714,43.4642857142857,6976.42857142857,48.0471425742857,9591.85714285714,85.9328569685714,46253.5714285714,87.2842864971429,2821.28571428571,43.2885714942857,6948.42857142857,47.85571398,8425,75.4800000857143,6.61776657397128,0.621943954710544,1.66843127613097,1.85535187889101,136.950218285714,15.95063584,67.8757128057143,45.5714280257143,45.3300001957143,67.3728572314286,1.70101790254019
1021,2006,2,246,2006-02-18,2006-02-24,35.41,53.73,30.66,30.66,58.3614285714286,1.00681723881818,7.112,2.13262,124.4627498,15.16719344,53354.8571428571,100.68571363,3248.28571428571,49.8385723671429,7023.28571428571,48.37285723,9785.71428571429,87.6700003471429,51760.1428571429,97.6771436428571,3220.57142857143,49.4142853857143,6994.85714285714,48.1771425514286,6347.57142857143,56.8671422685714,1.36645172941971,7.52275395992818,0.955784342544805,7.54298796762932,127.0159092,15.33414456,87.2842864971429,43.2885714942857,47.85571398,75.4800000857143,1.76303715218963
1020,2006,2,247,2006-02-25,2006-03-03,38.26,43.13,39.91,16.92,59.9614285714286,1.32149446425177,6.79,2.11486666666667,126.810426571429,14.3599446666667,50045.5714285714,97.2414278328571,3061.57142857143,50.2328572957143,7474.85714285714,51.7342850828571,9568.14285714286,80.2985709042857,46235.2857142857,89.86428615,3054,50.1085711885714,7451.57142857143,51.5699996928571,4929,41.1271433142857,3.42316534415269,3.93116325988666,1.13014723716286,4.18321928924034,124.4627498,15.16719344,97.6771436428571,49.4142853857143,48.1771425514286,56.8671422685714,1.00681723881818
1019,2006,3,248,2006-03-04,2006-03-10,39.29,44.58,39.95,16.92,60.6442857142857,1.66648189451964,6.646,2.15486,130.679945514286,14.32119956,50461.7142857143,101.937142507143,2617.85714285714,46.7200001314286,7104.42857142857,49.4914289214286,9817,75.0157143728571,45420,91.7514277857143,2603.85714285714,46.4714273714286,7089,49.3842855185714,4863.28571428571,37.1614281785714,3.49431167938748,4.57080411982927,1.96394895837939,7.54495727104482,126.810426571429,14.3599446666667,89.86428615,50.1085711885714,51.5699996928571,41.1271433142857,1.32149446425177
1018,2006,3,249,2006-03-11,2006-03-17,16.92,44.83,39.18,16.92,60.3214285714286,1.78562247383023,7.053,2.12096,127.939337142857,14.95913088,55218.4285714286,111.545716422857,1947,34.74857085,9916.28571428571,69.0814285285714,10095,77.1371427285714,42936.4285714286,86.7357145042857,1939.85714285714,34.6199994742857,9912.28571428571,69.0542864114286,5503.14285714286,42.0514289314286,4.1668476488891,3.17516398726647,4.6895697103637,8.36947362723305,130.679945514286,14.32119956,91.7514277857143,46.4714273714286,49.3842855185714,37.1614281785714,1.66648189451964
1017,2006,3,250,2006-03-18,2006-03-24,16.92,41.72,32.67,16.92,62.3442857142857,0.784620017224273,7.29,2.15248,134.194828114286,15.6915792,57392.5714285714,115.937141418571,3103.14285714286,55.3799994328571,11471,79.9128581457143,12402.7142857143,94.7728587571429,43691.2857142857,88.2599988657143,3096,55.25571442,11461.5714285714,79.8457140228571,5624.85714285714,42.9828572942857,2.9079432234884,14.9505996565571,5.20768640246695,5.28640612534795,127.939337142857,14.95913088,86.7357145042857,34.6199994742857,69.0542864114286,42.0514289314286,1.78562247383023
1016,2006,3,251,2006-03-25,2006-03-31,36.89,39.31,30.97,25.88,62.7357142857143,2.0767190240285,7.21,2.19812,137.900628285714,15.8484452,54823.4285714286,110.748571122857,4475.42857142857,79.8728572285714,15386.1428571429,107.18714251,13136.7142857143,100.379999435714,46640.5714285714,94.21571241,4467.42857142857,79.7299989971429,15376.8571428571,107.12285832,6165,47.1085717342857,5.91944514725555,4.77611279499031,7.91745477476238,6.22991760907549,134.194828114286,15.6915792,88.2599988657143,55.25571442,79.8457140228571,42.9828572942857,0.784620017224273
1015,2006,4,252,2006-04-01,2006-04-07,23.42,23.55,16.92,16.92,66.1142857142857,1.20468332135993,6.743,2.13694,141.282261714286,14.40938642,52606.8571428571,137.711427961429,3501.28571428571,67.5914295728571,16693,142.410001481429,15539.2857142857,118.82142857,44506.4285714286,116.505713325714,3489.14285714286,67.3571428571429,16605,141.659999302857,5662.71428571429,43.29857145,3.523525321639,7.46619379640383,6.49562881403277,3.88293472355464,137.900628285714,15.8484452,94.21571241,79.7299989971429,107.12285832,47.1085717342857,2.0767190240285
1014,2006,4,253,2006-04-08,2006-04-14,21.47,21.94,16.92,16.92,67.7842857142857,1.3452986922719,7.135,2.1418,145.180383142857,15.281743,53192.5714285714,139.24285888571401,2764.71428571429,53.3714278085714,14423.8571428571,123.051430838571,18396.8571428571,140.671425957143,43706.4285714286,114.412855965714,2754,53.1642859328571,14192.7142857143,121.082857404286,5644.57142857143,43.1599998485714,5.8221629213496104,6.08889172837532,7.33204048089799,3.06460524855462,141.282261714286,14.40938642,116.505713325714,67.3571428571429,141.659999302857,43.29857145,1.20468332135993
1013,2006,4,254,2006-04-15,2006-04-21,17.38,17.47,16.92,16.92,71.0885714285714,2.03243227498052,7.981,2.12455,151.031224428571,16.95603355,47296.1428571429,123.808571951429,2138.57142857143,41.2842859528571,12086.7142857143,103.112856182857,17739.7142857143,135.647144861429,37922,99.2699999128571,2127.28571428571,41.0671430314286,11691.4285714286,99.7428577971429,5192.85714285714,39.70571436,8.19489786075707,2.6875620224819,6.69403305240096,7.93481156442122,145.180383142857,15.281743,114.412855965714,53.1642859328571,121.082857404286,43.1599998485714,1.3452986922719
1012,2006,4,255,2006-04-22,2006-04-28,16.92,16.92,16.92,16.92,72.7685714285714,1.11862160077259,6.555,2.11254,153.726517885714,13.8476997,37377.5714285714,97.8457129328571,1710.85714285714,33.0271429342857,11183.7142857143,95.4099993014286,18475.7142857143,141.274285452857,33121.8571428571,86.7042857585714,1696.85714285714,32.7571435642857,9888.57142857143,84.3614283971429,5292.28571428571,40.4685712542857,1.66230553295294,3.63035714979104,5.07244984714503,4.41410015653271,151.031224428571,16.95603355,99.2699999128571,41.0671430314286,99.7428577971429,39.70571436,2.03243227498052
1011,2006,4,256,2006-04-29,2006-05-05,36.34,36.63,16.92,16.92,72.7428571428571,0.813464080044874,6.775,2.06615,150.297654285714,13.99816625,30549.1428571429,100.197144644286,1235,19.9728567957143,10074.4285714286,125.330000741429,16961.7142857143,178.032856532857,28400.1428571429,93.3328574042857,1227.57142857143,19.8499998371429,8760.57142857143,109.491427831429,4986.14285714286,52.27999987,11.4429293493924,3.22556470281312,23.9528412486331,8.38622065535295,153.726517885714,13.8476997,86.7042857585714,32.7571435642857,84.3614283971429,40.4685712542857,1.11862160077259
1010,2006,5,257,2006-05-06,2006-05-12,49.11,49.42,18.9,17.14,71.6471428571429,2.14065188113141,6.28,2.08054,149.0647466,13.0657912,27476.8571428571,97.9928567057143,1204.14285714286,17.8871428628571,8174.28571428571,115.094287328571,15382.7142857143,180.484287805714,27206.1428571429,97.0299998685714,1197.14285714286,17.7814283357143,7793.42857142857,109.732857838571,5133.85714285714,60.2342867171429,1.64784728630211,3.85553002613134,5.83275416473995,7.3071131544136,150.297654285714,13.99816625,93.3328574042857,19.8499998371429,109.491427831429,52.27999987,0.813464080044874
1009,2006,5,258,2006-05-13,2006-05-19,56.29,56.29,20.82,16.92,69.6471428571429,1.85858112804489,5.962,2.17452,151.449105085714,12.96448824,26179.4285714286,93.0828563128571,1287.71428571429,19.1300002514286,6902.28571428571,97.18571363,14724.4285714286,172.761426654286,25667.4285714286,91.2657143728571,1280.85714285714,19.0271432071429,6633.14285714286,93.3971426828572,4900.42857142857,57.4957150057143,2.2745529888829,1.80973035016931,4.32295573801831,8.21509086465056,149.0647466,13.0657912,97.0299998685714,17.7814283357143,109.732857838571,60.2342867171429,2.14065188113141
1008,2006,5,259,2006-05-20,2006-05-26,55.63,56.38,20.25,16.92,67.7114285714286,0.841930887334461,5.925,2.2965,155.499295714286,13.6067625,27313.8571428571,96.8900004785714,1208.42857142857,17.9499999457143,5658.14285714286,79.6671425942857,13116.5714285714,153.897144861429,27195.7142857143,96.4714290071429,1201.57142857143,17.8514287128571,5535.71428571429,77.9428580157143,5008,58.75857217,2.62916670294314,0.64416428350466,5.28652984533759,7.8533062942318,151.449105085714,12.96448824,91.2657143728571,19.0271432071429,93.3971426828572,57.4957150057143,1.85858112804489
1007,2006,5,260,2006-05-27,2006-06-02,60,61.98,21.84,16.92,68.7585714285714,0.711018719196963,6.623,2.28148,156.871305542857,15.11024204,25979.4285714286,95.9857155942857,1067.28571428571,15.0500000542857,4882.42857142857,78.3685705985714,9973.42857142857,149.721430095714,25873.7142857143,95.5857151585714,1053.85714285714,14.8585713242857,4837.28571428571,77.5771429857143,5302.57142857143,83.4814300528571,4.20788041955393,1.56028214050116,13.8206578529889,39.0017893322527,155.499295714286,13.6067625,96.4714290071429,17.8514287128571,77.9428580157143,58.75857217,0.841930887334461
1006,2006,6,261,2006-06-03,2006-06-09,61.86,63.92,22.38,16.92,68.0914285714286,1.36574068514023,6.172,2.26038,153.912503314286,13.95106536,23571.5714285714,96.4128559671429,1086.85714285714,13.2228572028571,4370.28571428571,93.1542859757143,6894,172.325714111429,23516.2857142857,96.1857125414286,973.571428571429,11.8471429,4338.85714285714,92.4842845357143,5253.28571428571,131.314285278571,1.82476224935041,1.55475289397049,0.903712199055101,5.44048036588736,156.871305542857,15.11024204,95.5857151585714,14.8585713242857,77.5771429857143,83.4814300528571,0.711018719196963
1005,2006,6,262,2006-06-10,2006-06-16,64.72,66.84,23.15,23.15,67.2128571428571,1.47677254269515,7.185,2.276475,153.008388964286,16.356472875,22187.1428571429,90.7499999985714,1180,14.3585713242857,4037.28571428571,86.0557131071429,5120.28571428571,127.989998954286,22143.5714285714,90.5714307528572,1010.28571428571,12.2942857757143,4010,85.4757145471428,4766.14285714286,119.137144905714,1.58582737625373,0.698328057754897,4.91910562822665,5.20695370703302,153.912503314286,13.95106536,96.1857125414286,11.8471429,92.4842845357143,131.314285278571,1.36574068514023
1004,2006,6,263,2006-06-17,2006-06-23,74.19,76.86,24.4,74.19,66.63,1.65184745058377,6.226,2.24202,149.3857926,13.95881652,21251.1428571429,86.9199992585714,2475.14285714286,30.1157139385714,3621.85714285714,77.2000002157143,4000.28571428571,99.9957144614286,21130,86.4257147657143,2264.57142857143,27.5557143357143,3598.14285714286,76.6942858014286,3949.42857142857,98.7228567928571,1.40128434090445,17.227904476488,1.03132241877176,6.39474157512712,153.008388964286,16.356472875,90.5714307528572,12.2942857757143,85.4757145471428,119.137144905714,1.47677254269515
1003,2006,6,264,2006-06-24,2006-06-30,73.07,74.91,24.29,73.07,69.9828571428571,1.90001503753443,6.104,2.21004,154.6649136,13.49008416,20455.7142857143,83.6685725642857,2393.28571428571,29.1214289,3576.71428571429,76.2385711671429,3370.42857142857,84.2471422457143,20347.7142857143,83.2257156371429,2161.57142857143,26.3000000557143,3569.28571428571,76.08000074,3321.71428571429,83.0285720828571,0.672058918087194,3.7990345699314,0.607370454314514,2.52281144871554,149.3857926,13.95881652,86.4257147657143,27.5557143357143,76.6942858014286,98.7228567928571,1.65184745058377
1002,2006,7,265,2006-07-01,2006-07-07,92.72,93.9,28.72,92.72,72.74,0.916951470907735,5.523,2.17734,158.3797116,12.02544882,20761.5714285714,102.637141635714,1453.57142857143,17.0399999628571,3415.14285714286,88.2571432942857,2898.85714285714,125.935713632857,20632.5714285714,102.001429967143,1300.71428571429,15.2485715328571,3404.28571428571,87.9771434242857,2872.28571428571,124.779999868571,0.67966664022579,1.48143453557534,2.95469037202611,8.96105481095744,154.6649136,13.49008416,83.2257156371429,26.3000000557143,76.08000074,83.0285720828571,1.90001503753443
1001,2006,7,266,2006-07-08,2006-07-14,88.16,89.15,28.57,88.16,73.4242857142857,0.952520465971725,6.347,2.1944,161.122252571429,13.9278568,20682,102.12714277,1639.57142857143,19.2185709814286,3326.71428571429,85.9728567942857,2543.14285714286,110.480000088571,20618.8571428571,101.81428527999999,1506.42857142857,17.65857138,3321.14285714286,85.8271429871428,2516,109.302857534286,1.63448272279424,2.55400625815326,1.39824430201949,4.94334079602203,158.3797116,12.02544882,102.001429967143,15.2485715328571,87.9771434242857,124.779999868571,0.916951470907735
1000,2006,7,267,2006-07-15,2006-07-21,85.43,85.43,28.42,85.43,73.8342857142857,1.65887368559563,6.139,2.19376,161.974702628571,13.46749264,19484,96.21142905,1406.85714285714,16.4928573885714,3276.85714285714,84.6828580585714,2196.28571428571,95.4128559642857,19387.1428571429,95.73285675,1262.57142857143,14.8028569885714,3276.85714285714,84.6828580585714,2170.42857142857,94.2871420714286,2.73243323436731,0.82693644634024,1.19219396915672,5.34809478970369,161.122252571429,13.9278568,101.81428527999999,17.65857138,85.8271429871428,109.302857534286,0.952520465971725
999,2006,7,268,2006-07-22,2006-07-28,91.25,91.25,28.83,91.26,73.3814285714286,1.49660091063568,7.184,2.19104,160.781645257143,15.74043136,17907,88.4228570128571,4035.85714285714,47.31285722,3102.71428571429,80.1828547871429,2038.42857142857,88.5557142,17754,87.6685714742857,3557,41.6971423285714,3102.71428571429,80.1828547871429,2019.85714285714,87.7485700342857,2.5185798254772,34.044909341861,1.18703706436013,2.59730197014848,161.974702628571,13.46749264,95.73285675,14.8028569885714,84.6828580585714,94.2871420714286,1.65887368559563
998,2006,7,269,2006-07-29,2006-08-04,105.25,105.71,49.03,105.25,74.8885714285714,1.71273104107089,7.246,2.18006,163.261579028571,15.79671476,17822.1428571429,97.52999987,3218,39.5199999128571,3031.71428571429,84.9471424657143,1896.28571428571,101.695713588571,17007.2857142857,92.8685705985714,2944.71428571429,36.1857141771429,3010.71428571429,84.3500006542857,1880.28571428571,100.838570728571,8.20502539807678,9.33599603250648,6.4496142083931,14.666360216929201,160.781645257143,15.74043136,87.6685714742857,41.6971423285714,80.1828547871429,87.7485700342857,1.49660091063568
997,2006,8,270,2006-08-05,2006-08-11,99.86,100.58,47.76,99.86,76.9428571428571,0.954073971377679,7.269,2.17046,167.001393714286,15.77707374,17852.7142857143,105.052858624286,1836.14285714286,23.6042853771429,3091.71428571429,91.6200005685714,1671.42857142857,103.514286587143,16387.8571428571,96.4328569685714,1686,21.6700000757143,3085.14285714286,91.4257136757143,1657.28571428571,102.637142725714,2.91334005356137,1.68923031191731,0.721592713264581,3.76832748181211,163.261579028571,15.79671476,92.8685705985714,36.1857141771429,84.3500006542857,100.838570728571,1.71273104107089
996,2006,8,271,2006-08-12,2006-08-18,99.09,99.09,48.85,99.09,74.8485714285714,2.81240957526582,6.731,2.1439,160.467852285714,14.4305909,16704.5714285714,98.2957153314286,6543.28571428571,84.1071423128571,3083.85714285714,91.3885726928571,1392,86.2085734771429,15246.5714285714,89.7185712542857,6297.42857142857,80.9500006271429,3074.14285714286,91.0999995642857,1380.28571428571,85.4842856285714,3.12146454972689,81.7726960508669,1.07382582778005,6.72549026954838,167.001393714286,15.77707374,96.4328569685714,21.6700000757143,91.4257136757143,102.637142725714,0.954073971377679
995,2006,8,272,2006-08-19,2006-08-25,97.04,97.04,49.76,97.04,71.8428571428571,1.08306223714228,7.157,2.14248,153.921884571429,15.33372936,15576.1428571429,91.6557148528571,4573.14285714286,58.7842848628571,2983.14285714286,88.4042870657143,1302.57142857143,80.67000035,14150.8571428571,83.2699988228571,4361.14285714286,56.0585708642857,2960.71428571429,87.7399989528571,1293.14285714286,80.0871429457143,2.69047767244737,15.4396282030505,1.0146609793117,4.78804562618031,160.467852285714,14.4305909,89.7185712542857,80.9500006271429,91.0999995642857,85.4842856285714,2.81240957526582
994,2006,8,273,2006-08-26,2006-09-01,126.82,126.82,64.89,126.82,70.2014285714286,2.1502746225494,5.877,2.14076,150.284410228571,12.58124652,15909.1428571429,93.7300000871429,2526.71428571429,31.70142855,2990.85714285714,90.1428582328572,1363,87.5957140228571,14475.1428571429,85.2785720814286,2367.28571428571,29.6928574671429,2966.42857142857,89.40714482,1359.14285714286,87.3471429,4.78086013095257,2.57084127666975,4.1610808995196,9.68404435663705,153.921884571429,15.33372936,83.2699988228571,56.0585708642857,87.7399989528571,80.0871429457143,1.08306223714228
993,2006,9,274,2006-09-02,2006-09-08,124.44,124.44,66.75,124.44,67.2657142857143,1.97682284776052,5.675,2.139075,143.886407785714,12.139250625,18120.1428571429,107.432856968571,4148.14285714286,45.8371424,3009.28571428571,99.7685721257143,1321,103.498572215714,16542.7142857143,98.0799996514286,4032.71428571429,44.5628574942857,2984.71428571429,98.95285688,1317.14285714286,103.197143555714,7.59561752392138,7.81445573258827,0.846063718608509,3.35046090691782,150.284410228571,12.58124652,85.2785720814286,29.6928574671429,89.40714482,87.3471429,2.1502746225494
992,2006,9,275,2006-09-09,2006-09-15,116.71,116.71,66.48,116.71,63.5157142857143,2.03958212340073,4.982,2.16552,137.5445496,10.78862064,16901.8571428571,100.131429401429,3621.71428571429,40.0214287885714,2883.14285714286,95.5871429457143,1197.71428571429,93.8371418528571,15553.7142857143,92.1442860185714,3525,38.9514280042857,2860.28571428571,94.8285707728571,1195.42857142857,93.6599993014286,6.2742760150493,5.19931192471073,1.30938141202702,3.46984709789538,143.886407785714,12.139250625,98.0799996514286,44.5628574942857,98.95285688,103.197143555714,1.97682284776052
991,2006,9,276,2006-09-16,2006-09-22,126.73,126.73,69.83,126.73,60.6171428571428,1.16064226882841,4.627,2.17534,131.862895542857,10.06529818,16410.5714285714,97.22000013,4330,47.8457151157143,2855.14285714286,94.6585726071429,1106,86.6514282214286,15044.7142857143,89.1285727357143,4241,46.8628578185714,2834.42857142857,93.9714290085714,1106,86.6514282214286,4.81689283401014,10.1157707382146,1.06698164582536,2.52430530113792,137.5445496,10.78862064,92.1442860185714,38.9514280042857,94.8285707728571,93.6599993014286,2.03958212340073
990,2006,9,277,2006-09-23,2006-09-29,129.42,129.42,74.03,129.42,59.4085714285714,1.70066093594434,5.62,2.19046,130.132099371429,12.3103852,19555.8571428571,115.852857318571,5076.71428571429,56.0971429028571,2906.57142857143,96.3614283985714,1127.42857142857,88.3328574042857,18297.1428571429,108.397143775714,5012,55.38285773,2883.42857142857,95.5971429014286,1127.42857142857,88.3328574042857,2.58268340317192,5.82471458284237,0.790921866108859,11.3849274300154,131.862895542857,10.06529818,89.1285727357143,46.8628578185714,93.9714290085714,86.6514282214286,1.16064226882841
989,2006,9,278,2006-09-30,2006-10-06,107.89,107.89,52.23,107.89,58.35,1.49171042766329,6.427,2.16358,126.244893,13.90532866,20522.1428571429,104.277143205714,5412.57142857143,52.5357142857143,2949.28571428571,90.75857217,1331.85714285714,94.9700001328571,19090.8571428571,97.0314287457143,5393,52.3385712771429,2927.14285714286,90.0785718657143,1331.85714285714,94.9700001328571,7.80940577355967,4.68672408858372,3.00156335484926,7.4250931931708,130.132099371429,12.3103852,108.397143775714,55.38285773,95.5971429014286,88.3328574042857,1.70066093594434
988,2006,10,279,2006-10-07,2006-10-13,113.51,113.51,52.62,113.51,57.4,1.15813067771582,5.659,2.15045,123.43583,12.16939655,25367,125.384286062857,4583,43.7028568814286,2912.42857142857,88.4799989957143,1222.28571428571,85.6771414628571,24057.8571428571,118.911428178571,4570.42857142857,43.58285686,2889.14285714286,87.7757154214286,1222.28571428571,85.6771414628571,2.17723351351235,6.15560658017106,3.97546114734509,2.61129308533795,126.244893,13.90532866,97.0314287457143,52.3385712771429,90.0785718657143,94.9700001328571,1.49171042766329
987,2006,10,280,2006-10-14,2006-10-20,82.01,82.01,48.13,82.01,58.1228571428571,0.47094636232883,7.241,2.1367,124.19110885714301,15.4718447,27351,135.188570295714,4342.71428571429,41.4099998442857,3702.28571428571,112.478572302857,1394,97.7114279614286,25944.8571428571,128.238572255714,4329.28571428571,41.2842854085714,3683.85714285714,111.917142595714,1394,97.7114279614286,5.01825179052892,2.30448752474106,6.98669715574912,6.56392474582497,123.43583,12.16939655,118.911428178571,43.58285686,87.7757154214286,85.6771414628571,1.15813067771582
986,2006,10,281,2006-10-21,2006-10-27,81.32,81.32,45.52,81.32,58.3471428571429,1.10302182338194,7.153,2.14138,124.943404771429,15.31729114,27079.8571428571,133.845714024286,3041.71428571429,29.0057138728571,5047.85714285714,153.358570644286,1853.28571428571,129.907145905714,25500.1428571429,126.03857204,3028.57142857143,28.8814288557143,5037,153.027143205714,1853.28571428571,129.907145905714,9.94031769048005,4.58702302562717,13.2663305163303,13.4730616546462,124.19110885714301,15.4718447,128.238572255714,41.2842854085714,111.917142595714,97.7114279614286,0.47094636232883
985,2006,10,282,2006-10-28,2006-11-03,70.01,70.01,24.11,70.01,57.4014285714286,1.1028966190818,7.884,2.1421,122.959600142857,16.8883164,22216.8571428571,99.5457153328571,2662.57142857143,30.4800000871429,6029.14285714286,150.62714168,2148.14285714286,122.874286107143,21207,94.9142859328572,2646,30.2985711771429,6010,150.115716117143,2148.14285714286,122.874286107143,11.9739725065457,10.6569046971409,29.3537985709258,22.7180304474805,124.943404771429,15.31729114,126.03857204,28.8814288557143,153.027143205714,129.907145905714,1.10302182338194
984,2006,11,283,2006-11-04,2006-11-10,94.81,94.81,33.29,94.81,57.0328571428571,1.24683217643369,7.794,2.14112,122.114191085714,16.68788928,28439.4285714286,109.777145385714,4649.85714285714,62.3499995642857,6434.28571428571,119.574286322857,2612.85714285714,110.964286807143,27723,107.011428832857,4634.42857142857,62.1442854728571,6423.71428571429,119.375713892857,2612.85714285714,110.964286807143,12.7167656650534,14.396465491904,3.96828622899572,2.50955380423249,122.959600142857,16.8883164,94.9142859328572,30.2985711771429,150.115716117143,122.874286107143,1.1028966190818
983,2006,11,284,2006-11-11,2006-11-17,68.68,68.68,23.56,68.68,58.2028571428571,1.24234609087972,8.179,2.155875,125.478084642857,17.632901625,29393.2857142857,113.45714133,2684.42857142857,35.9957139142857,8155.57142857143,151.564286368571,3081.42857142857,130.862856184286,28113.8571428571,108.518571035714,2667.71428571429,35.77285712,7623.71428571429,141.680000305714,3081.42857142857,130.862856184286,14.3783455467683,4.74955686707134,14.7094750706355,15.5675362506153,122.114191085714,16.68788928,107.011428832857,62.1442854728571,119.375713892857,110.964286807143,1.24683217643369
982,2006,11,285,2006-11-18,2006-11-24,79.45,79.45,22.95,79.45,58.3028571428571,1.02542209659799,7.718,2.16452,126.197700342857,16.70576536,23785.1428571429,91.8099986471428,7972.14285714286,106.897142682857,10640.1428571429,197.735713414286,3817.42857142857,162.118569511429,21951.8571428571,84.7342856271429,7951,106.614285605714,10580.5714285714,196.630000522857,3817.42857142857,162.118569511429,2.61208081366994,37.3703530982934,14.5002539574198,8.23877937291563,125.478084642857,17.632901625,108.518571035714,35.77285712,141.680000305714,130.862856184286,1.24234609087972
981,2006,11,286,2006-11-25,2006-12-01,85.79,85.79,16.92,85.79,60.8028571428571,1.9117942208451,8.422,2.17506,132.249862457143,18.31835532,31219.8571428571,113.444286891429,6800.71428571429,94.1871435985714,9769,171.728570121429,3096.57142857143,122.128570558571,29360.7142857143,106.678571427143,6781.85714285714,93.9271425514286,9769,171.728570121429,3096.57142857143,122.128570558571,14.6087570887926,12.7335052383044,46.6538635740135,24.6050424653922,126.197700342857,16.70576536,84.7342856271429,106.614285605714,196.630000522857,162.118569511429,1.02542209659799
980,2006,12,287,2006-12-02,2006-12-08,79.07,79.07,19.64,79.07,63.3271428571429,1.25917584535438,7.561,2.15222,136.2939434,16.27293542,42266.5714285714,108.107142857143,5406.71428571429,90.2514288771429,8211.85714285714,82.2442844928571,3145.42857142857,67.9799989971428,39830.4285714286,101.879998342857,5396,90.0714296614286,8211.85714285714,82.2442844928571,3145.42857142857,67.9799989971428,5.34372531463788,10.3583634064775,2.66845123965465,0.980984824554824,132.249862457143,18.31835532,106.678571427143,93.9271425514286,171.728570121429,122.128570558571,1.9117942208451
979,2006,12,288,2006-12-09,2006-12-15,70.11,70.11,16.92,70.11,63.0742857142857,0.679996498590639,7.409,2.14428,135.248929371429,15.88697052,54512.2857142857,139.43285805857099,3988.14285714286,66.5728558128571,11199.8571428571,112.167142594286,3566.57142857143,77.0828563142857,51158.8571428571,130.85571398,3969.85714285714,66.2671432485714,10891.1428571429,109.0757152,3566.57142857143,77.0828563142857,10.0136160364371,9.49276928521573,15.7349388628294,3.94247828958972,136.2939434,16.27293542,101.879998342857,90.0714296614286,82.2442844928571,67.9799989971428,1.25917584535438
978,2006,12,289,2006-12-16,2006-12-22,52.1,52.1,16.92,16.92,62.6142857142857,0.44862222945527,6.635,2.15346,134.837359714286,14.2882071,62464.1428571429,159.771429878571,3874.14285714286,64.6685703828572,14491.7142857143,145.137141637143,4027.57142857143,87.04571315,59466.5714285714,152.104285104286,3860.42857142857,64.4400002614286,14095.2857142857,141.1642892,4027.57142857143,87.04571315,1.8417028008061,17.0549592285911,6.22839965319854,7.21403197994278,135.248929371429,15.88697052,130.85571398,66.2671432485714,109.0757152,77.0828563142857,0.679996498590639
977,2006,12,290,2006-12-23,2006-12-29,36.44,36.79,16.92,16.92,61.2057142857143,1.55776396524928,6.299,2.14155,131.075097428571,13.48962345,58892.8571428571,150.638573781429,9185.71428571429,153.329999651429,14285.7142857143,143.07285418,4665.57142857143,100.834285191429,54710.5714285714,139.940000261429,9173.85714285714,153.134286062857,14275.2857142857,142.968569075714,4665.57142857143,100.834285191429,5.84216436977016,39.6850849510869,1.72111969828475,2.13241542446518,134.837359714286,14.2882071,152.104285104286,64.4400002614286,141.1642892,87.04571315,0.44862222945527
976,2006,12,291,2006-12-30,2007-01-05,36.14,42.84,17.59,17.59,57.1833333333333,3.052989791445,6.184,2.139625,122.350889583333,13.231441,65506.1428571429,134.548573085714,5908,98.8999993471429,15718.4285714286,125.515715462857,4368.71428571429,65.9157137214286,60325.1428571429,123.505715505714,5901.14285714286,98.7857142871428,15718.4285714286,125.515715462857,4368.71428571429,65.9157137214286,12.5399928383702,12.1293386687632,15.7769329344945,24.1515043967173,131.075097428571,13.48962345,139.940000261429,153.134286062857,142.968569075714,100.834285191429,1.55776396524928
975,2007,1,292,2007-01-06,2007-01-12,26.49,37.58,17.59,17.59,54.1614285714286,2.54853832991527,6.601,2.14826,116.352830542857,14.18066426,90565.5714285714,170.309999738571,6648,111.427143641429,16349.2857142857,118.375713892857,4674.28571428571,57.0628564014286,81320.1428571429,152.927143641429,6639.85714285714,111.290000917143,16349.2857142857,118.375713892857,4674.28571428571,57.0628564014286,4.01081814329401,4.66494874259519,0.223894756751935,3.2540828718859,122.350889583333,13.231441,123.505715505714,98.7857142871428,125.515715462857,65.9157137214286,3.052989791445
974,2007,1,293,2007-01-13,2007-01-19,17.59,17.59,17.59,17.59,51.49,0.889737789089087,6.886,2.13594,109.9795506,14.70808284,99877.2857142857,187.824284145714,5310.85714285714,89.0157143728571,16835.5714285714,121.895714898571,5670.57142857143,69.2214279157143,82306.1428571429,154.778573171429,5303.14285714286,88.8871427271429,16835.5714285714,121.895714898571,5670.57142857143,69.2214279157143,1.15906998530576,17.4073723212445,2.07778533604039,3.74843134214861,116.352830542857,14.18066426,152.927143641429,111.290000917143,118.375713892857,57.0628564014286,2.54853832991527
973,2007,1,294,2007-01-20,2007-01-26,17.59,17.59,17.59,17.59,52.9585714285714,2.03355541332099,7.175,2.13164,112.8886092,15.294517,97439,183.235715592857,5155.28571428571,86.4071415471429,17270.4285714286,125.044285364286,5506.14285714286,67.2157145914286,74899.1428571429,140.849999564286,5148,86.28714098,17270.4285714286,125.044285364286,5506.14285714286,67.2157145914286,3.44941977251712,14.5752157505545,1.26554289392603,1.47492411113021,109.9795506,14.70808284,154.778573171429,88.8871427271429,121.895714898571,69.2214279157143,0.889737789089087
972,2007,1,295,2007-01-27,2007-02-02,17.59,17.59,17.59,17.59,55.4242857142857,0.98758724750197,7.476,2.11942,117.467339628571,15.84478392,98663.5714285714,183.427141462857,5168.71428571429,84.2357134128572,18060.2857142857,128.912858145714,5868.28571428571,65.6057145271429,70864,131.765713282857,5158,84.0614286142857,16828.1428571429,120.19000244,5868.28571428571,65.6057145271429,5.10280241064703,10.1590227403578,5.26987130511731,5.41014677824119,112.8886092,15.294517,140.849999564286,86.28714098,125.044285364286,67.2157145914286,2.03355541332099
971,2007,2,296,2007-02-03,2007-02-09,17.59,17.59,17.59,17.59,57.02,1.31054695960594,7.827,2.09186,119.2778572,16.37298822,101962.142857143,184.172858101429,4453,67.4642857157143,19063.4285714286,131.295715331429,9148.57142857143,81.9628568371429,66457.8571428571,120.044286455714,4444.57142857143,67.3371424,14097.8571428571,97.09714181,9148.57142857143,81.9628568371429,4.5149598995951,2.78316084808508,8.06349141615358,13.68102959821,117.467339628571,15.84478392,131.765713282857,84.0614286142857,120.19000244,65.6057145271429,0.98758724750197
970,2007,2,297,2007-02-10,2007-02-16,17.59,17.59,17.59,17.59,56.5228571428571,1.57942726207699,7.503,2.09994,118.694608628571,15.75584982,91420.7142857143,165.13142831,3330.14285714286,50.4542852114286,20534.7142857143,141.429999215714,12553.7142857143,112.467142375714,52627.7142857143,95.0614286157143,3322,50.3285707757143,12789.7142857143,88.0857140685714,11730.8571428571,105.0971429,5.08188400268416,4.91883343334983,11.1689709554518,4.7957642074035,119.2778572,16.37298822,120.044286455714,67.3371424,97.09714181,81.9628568371429,1.31054695960594
969,2007,2,298,2007-02-17,2007-02-23,17.59,17.59,17.59,17.59,56.9914285714286,2.11280562737027,7.755,2.0804,118.564968,16.133502,80745.8571428571,145.849997385714,5761.71428571429,81.56142698,24085.8571428571,165.888569424286,14671.5714285714,131.439998081429,44950.2857142857,81.1928580142857,5717.57142857143,80.9357136328571,13833.7142857143,95.2771442971428,7895.71428571429,70.7371439257143,4.05807835918934,31.8236601035928,4.34919369482032,11.1398262089518,118.694608628571,15.75584982,95.0614286157143,50.3285707757143,88.0857140685714,105.0971429,1.57942726207699
968,2007,2,299,2007-02-24,2007-03-02,17.59,17.59,17.59,17.59,59.08,1.81841506079659,7.243,2.11276,124.8218608,15.30272068,66024.8571428571,121.425714764286,10968.1428571429,161.282856532857,22993.8571428571,158.869999477143,17633.4285714286,151.157143728571,38209.5714285714,70.3242841442857,10750.1428571429,158.162854877143,13737.2857142857,94.9028570985714,7646.14285714286,65.4242853457143,2.80850448647802,24.7874660945714,4.8842375121123,3.0445188654829,118.564968,16.133502,81.1928580142857,80.9357136328571,95.2771442971428,70.7371439257143,2.11280562737027
967,2007,3,300,2007-03-03,2007-03-09,17.59,17.59,17.59,17.59,60.6542857142857,0.882040383484368,7.083,2.1143,128.241356285714,14.9755869,53469.5714285714,103.098572868571,9262.28571428571,153.107143947143,21301.1428571429,148.394287108571,16127.2857142857,123.231430052857,33142.1428571429,63.90428652,9032.71428571429,149.311428614286,12190.4285714286,84.92428589,5903.42857142857,45.1100006114286,3.63687133457352,29.210170451248,2.59232220884622,5.71047021076789,124.8218608,15.30272068,70.3242841442857,158.162854877143,94.9028570985714,65.4242853457143,1.81841506079659
966,2007,3,301,2007-03-10,2007-03-16,17.59,17.59,17.59,17.59,60.5485714285714,0.490830200490005,6.924,2.09384,126.7790208,14.49774816,44792.4285714286,86.3699994757143,6795.14285714286,112.324286324286,21830.8571428571,152.084285191429,13759.4285714286,105.138571604286,38542.8571428571,74.3185708185714,6730,111.247142247143,14022.2857142857,97.6857136314286,5552.42857142857,42.4271430971429,4.83363023428715,4.62224201656098,14.0356535020721,5.37461534174842,128.241356285714,14.9755869,63.90428652,149.311428614286,84.92428589,45.1100006114286,0.882040383484368
965,2007,3,302,2007-03-17,2007-03-23,17.59,17.59,17.59,17.59,60.8542857142857,0.541013158892548,7.269,2.0689,125.901431714286,15.0388341,50979.1428571429,98.29999978,9427.71428571429,155.841427394286,23400.5714285714,163.018569947143,13576.4285714286,103.739998954286,46533.7142857143,89.7271445142857,9283.71428571429,153.46142905,18304,127.514285497143,5145,39.3128569471429,5.80845432929525,27.7703327961691,6.66435386574832,3.47085433364711,126.7790208,14.49774816,74.3185708185714,111.247142247143,97.6857136314286,42.4271430971429,0.490830200490005
964,2007,3,303,2007-03-24,2007-03-30,17.59,17.59,17.59,17.59,63.2471428571429,2.81233422791881,7.73,2.05926,130.2423114,15.9180798,46758.7142857143,90.1599993028571,6054,100.07142857,16437.7142857143,114.511429922857,13469.1428571429,102.920001438571,44843,86.4657145914286,6023.14285714286,99.5657152457143,15020.1428571429,104.63571494,4965.42857142857,37.9414291385714,5.06796808199876,11.5000066217532,12.2457603807526,4.10755180775494,125.901431714286,15.0388341,89.7271445142857,153.46142905,127.514285497143,39.3128569471429,0.541013158892548
963,2007,3,304,2007-03-31,2007-04-06,17.59,17.59,17.59,17.59,67.4628571428571,1.75862365014761,7.607,2.0368,137.408347428571,15.4939376,35967.8571428571,88.0842851914286,4788.42857142857,84.7628566214286,10295.4285714286,85.2928575785714,12064.7142857143,92.2442855842857,35046.8571428571,85.8014286571429,4762.28571428571,84.2928575785714,10294,85.2800009585714,5840.71428571429,44.6542859771429,6.08441805394188,6.78193957988596,4.27444320406421,3.77090544375395,130.2423114,15.9180798,86.4657145914286,99.5657152457143,104.63571494,37.9414291385714,2.81233422791881
962,2007,4,305,2007-04-07,2007-04-13,62.73,62.68,17.59,17.59,68.2928571428572,0.558620750469861,7.801,2.02826,138.515670428571,15.82245626,34737.4285714286,88.0742863257143,5306.14285714286,94.8514284428571,8234.85714285714,70.2528577542857,11160.7142857143,85.3399996071429,34482.5714285714,87.4300013957143,5290.42857142857,94.5700007842857,8225.71428571429,70.1742869814286,5870.14285714286,44.8842849742857,1.69064953931087,10.9794648668444,5.40709395811267,2.61271774086509,137.408347428571,15.4939376,85.8014286571429,84.2928575785714,85.2800009585714,44.6542859771429,1.75862365014761
961,2007,4,306,2007-04-14,2007-04-20,53.82,53.76,33.94,17.59,67.31,1.31886314680418,7.381,2.03174,136.7564194,14.99627294,33381.4285714286,84.6385726928571,5449.28571428571,97.4100003928571,6979.14285714286,59.5400003714286,12001.2857142857,91.7685721271428,32561,82.5571419842857,5434.57142857143,97.1471437714286,6972.57142857143,59.4842856257143,5930.57142857143,45.3471429014286,0.711565070844791,18.6024038185389,1.65698347283503,3.06019443908728,138.515670428571,15.82245626,87.4300013957143,94.5700007842857,70.1742869814286,44.8842849742857,0.558620750469861
960,2007,4,307,2007-04-21,2007-04-27,56.45,55.25,34.95,34.95,66.5271428571429,0.830335560394628,7.831,2.02888,134.9755896,15.88815928,33360.2857142857,84.58428628,10051.5714285714,179.681426455714,6797.42857142857,57.9885717128572,11669.7142857143,89.2342856285714,32940.5714285714,83.5199999114286,7779.71428571429,139.06714194,6797.42857142857,57.9885717128572,5813,44.4485718885714,0.514522890038144,100.169654601193,1.5193350214912,5.67975418023667,136.7564194,14.99627294,82.5571419842857,97.1471437714286,59.4842856257143,45.3471429014286,1.31886314680418
959,2007,4,308,2007-04-28,2007-05-04,54.74,54.7,43.73,43.73,66.8314285714286,1.15015112878634,7.938,2.028075,135.5391495,16.09885935,32429.2857142857,98.9157126285714,12538.5714285714,201.488570077143,6171.42857142857,71.9357152657143,9301,92.0428564885714,29231.4285714286,89.9599990857143,10873.5714285714,174.049999782857,6171.42857142857,71.9357152657143,5161.85714285714,50.4914283742857,16.2038968477915,75.0854812142327,17.1930669886663,11.6267124133483,134.9755896,15.88815928,83.5199999114286,139.06714194,57.9885717128572,44.4485718885714,0.830335560394628
958,2007,5,309,2007-05-05,2007-05-11,36.76,20.42,32.28,32.28,64.8271428571428,1.50525428954403,7.899,2.0217,131.061034714286,15.9694083,27606,95.9814300542857,11053.8571428571,151.677141462857,5455.14285714286,76.8099986485714,7716.14285714286,90.5328576228571,26547.5714285714,92.3014297485714,10178.1428571429,139.661428178571,5455.14285714286,76.8099986485714,5471.85714285714,64.1999996728571,2.52094802795682,38.0878505331862,2.36703096071147,10.8213546800052,135.5391495,16.09885935,89.9599990857143,174.049999782857,71.9357152657143,50.4914283742857,1.15015112878634
957,2007,5,310,2007-05-12,2007-05-18,44.21,19.63,36.76,36.76,65.5185714285714,1.97375638965742,7.944,1.97618,129.476490485714,15.69877392,25700.4285714286,89.3542861957143,15371.8571428571,210.930001392857,4799.57142857143,67.57857023,5655.14285714286,66.3528573185714,25030.1428571429,87.0242865442857,12728,174.651430401429,4797.85714285714,67.5542847771429,5355.14285714286,62.8342862828571,1.35315648999013,32.5536355896819,3.65436064595074,4.15381671916082,131.061034714286,15.9694083,92.3014297485714,139.661428178571,76.8099986485714,64.1999996728571,1.50525428954403
956,2007,5,311,2007-05-19,2007-05-25,49.92,17.59,39.74,39.74,69.1985714285714,1.94406300113488,7.64,1.94932,134.890159257143,14.8928048,27775.1428571429,96.5685708171429,28078.2857142857,385.281428742857,3871.42857142857,54.5085705328571,4499.42857142857,52.7914292457143,26459.7142857143,91.9942855828571,10236.2857142857,140.461427144286,3871.42857142857,54.5085705328571,4476.28571428571,52.5199999128571,7.86622607510411,71.3869148843784,3.7862401486825,3.87123108005724,129.476490485714,15.69877392,87.0242865442857,174.651430401429,67.5542847771429,62.8342862828571,1.97375638965742
955,2007,5,312,2007-05-26,2007-06-01,120.62,17.59,119.72,119.72,69.7442857142857,1.6139687847334,7.878,1.9335,134.850576428571,15.232113,30180.2857142857,107.141430447143,17430.8571428571,234.164284842857,3431.42857142857,51.7928570357143,3616.28571428571,48.8028569914286,28094.1428571429,99.8042853214286,10770.2857142857,144.384287152857,3431.42857142857,51.7928570357143,3603.42857142857,48.6157144828571,6.30797068960086,22.681402466679,8.84298881431353,15.6047652663837,134.890159257143,14.8928048,91.9942855828571,140.461427144286,54.5085705328571,52.5199999128571,1.94406300113488
954,2007,6,313,2007-06-02,2007-06-08,103.11,29.15,103.04,103.04,69.7914285714286,1.80303844081289,7.663,1.945825,135.8019065,14.910856975,26791.1428571429,107.757143292857,12034.1428571429,135.672858101429,3966.85714285714,84.5528564442857,3404.14285714286,85.09285736,25932.8571428571,104.305714197143,10116.4285714286,114.052856444286,3966.85714285714,84.5528564442857,3384.71428571429,84.6071428571429,4.03203339191464,5.74575030154299,4.94073100806492,1.73317330195082,134.850576428571,15.232113,99.8042853214286,144.384287152857,51.7928570357143,48.6157144828571,1.6139687847334
953,2007,6,314,2007-06-09,2007-06-15,116.74,54.21,116.57,116.57,70.6471428571429,1.29304181790645,7.918,1.9339,136.624509571429,15.3126202,24085.1428571429,96.8757128014286,6430.14285714286,72.4942855842857,4057.14285714286,86.4800011785714,2713.42857142857,67.8271418971429,23294.2857142857,93.6914291371429,6392.85714285714,72.0714291171429,4057.14285714286,86.4800011785714,2703.85714285714,67.5871429428571,1.70125911830119,15.2590382167105,0.754807384636664,6.06557392549144,135.8019065,14.910856975,104.305714197143,114.052856444286,84.5528564442857,84.6071428571429,1.80303844081289
952,2007,6,315,2007-06-16,2007-06-22,76.61,67.42,77.6,77.18,70.7571428571429,1.3961341182673,7.13,1.91588,135.562194857143,13.6602244,22177.2857142857,89.1985724328571,4392.71428571429,49.5214287914286,3824.71428571429,81.52428436,2375.28571428571,59.3742855628571,21970,88.3671417242857,4376.85714285714,49.3457145685714,3824.71428571429,81.52428436,2359.57142857143,58.9814278742857,2.52392323196916,3.69375596210571,2.38504860170123,3.13306788488627,136.624509571429,15.3126202,93.6914291371429,72.0714291171429,86.4800011785714,67.5871429428571,1.29304181790645
951,2007,6,316,2007-06-23,2007-06-29,82.92,81.49,83.66,83.58,71.6757142857143,0.558237020834469,6.773,1.93688,138.827257485714,13.11848824,20319.7142857143,81.7300011771429,3512.57142857143,39.6014289857143,3726,79.4214292257143,1940.14285714286,48.4957139171429,20086.7142857143,80.79285649,3506,39.5271421157143,3726,79.4214292257143,1940.14285714286,48.4957139171429,1.61106404593772,0.673169471269559,1.03178591129106,1.30754043334968,135.562194857143,13.6602244,88.3671417242857,49.3457145685714,81.52428436,58.9814278742857,1.3961341182673
950,2007,6,317,2007-06-30,2007-07-06,138.99,138.99,130.74,138.99,72.6216666666667,1.44740342222501,6.444,1.91094,138.7756477,12.31409736,19686,93.3728550485714,3077.28571428571,33.5142854957143,3238.85714285714,81.3628572742857,1781,72.4042865214286,19513.2857142857,92.5614286157143,3070.28571428571,33.4385713842857,3238.85714285714,81.3628572742857,1779.85714285714,72.35428674,6.15626076174273,1.90950651371008,6.10555937421119,11.1800685910945,138.827257485714,13.11848824,80.79285649,39.5271421157143,79.4214292257143,48.4957139171429,0.558237020834469
949,2007,7,318,2007-07-07,2007-07-13,141.98,141.98,131.97,141.98,76.5033333333333,1.44949186498818,6.662,1.885,144.208783333333,12.55787,18282.2857142857,88.93142918,10861.7142857143,117.541428157143,3044,78.6657126285714,1646.42857142857,71.5271421171428,18068.2857142857,87.8914282671429,10115.8571428571,109.470000675714,3044,78.6657126285714,1636.42857142857,71.0914284828572,1.94754776440393,56.7430880598814,0.967347992172625,3.04643067560153,138.7756477,12.31409736,92.5614286157143,33.4385713842857,81.3628572742857,72.35428674,1.44740342222501
948,2007,7,319,2007-07-14,2007-07-20,130.75,130.45,130.45,130.75,78.0314285714286,0.305200948635667,6.446,1.85958,145.105683942857,11.98685268,20954.2857142857,101.928571427143,8058.42857142857,87.2057146342857,3042.14285714286,78.6171428128571,1505.42857142857,65.40142877,20783,101.095714022857,7662.85714285714,82.9242858871429,3042.14285714286,78.6171428128571,1505.42857142857,65.40142877,9.82231999488783,7.24381969270372,0.584799427583146,1.21948828721705,144.208783333333,12.55787,87.8914282671429,109.470000675714,78.6657126285714,71.0914284828572,1.44949186498818
947,2007,7,320,2007-07-21,2007-07-27,117.02,116.47,117.02,117.02,77.7,1.24466863060079,6.11,1.87398,145.608246,11.4500178,26851.7142857143,130.61428615,16150,174.769997732857,2980.57142857143,77.0285720842857,1442.14285714286,62.6514282242857,26469.2857142857,128.752857751429,10569,114.37285505,2980.57142857143,77.0285720842857,1442.14285714286,62.6514282242857,15.708907631441,27.1173689441839,0.594429013541664,3.71552346753993,145.105683942857,11.98685268,101.095714022857,82.9242858871429,78.6171428128571,65.40142877,0.305200948635667
946,2007,7,321,2007-07-28,2007-08-03,59.68,57.95,61.67,61.67,76.3242857142857,0.722699964090746,6.09,1.87888,143.404173942857,11.4423792,29578.8571428571,155.088568552857,9409.71428571429,106.764285495714,2945.14285714286,80.9314302728571,1357,69.5171432485714,28584.2857142857,150.144287108571,8537.28571428571,96.4585723885714,2945.14285714286,80.9314302728571,1357,69.5171432485714,7.83527154492441,12.5472132522705,6.56469727625816,12.262807304787,145.608246,11.4500178,128.752857751429,114.37285505,77.0285720842857,62.6514282242857,1.24466863060079
945,2007,8,322,2007-08-04,2007-08-10,29.13,17.59,35.27,29.57,74.16,2.96528806919899,6.82,1.915,142.0164,13.0603,21782,127.13142831,7810.71428571429,93.0528597157143,3098.42857142857,91.8185708171428,1208.42857142857,74.8399996071429,21433,125.094282968571,6875.14285714286,81.9057148528571,3098.42857142857,91.8185708171428,1208.42857142857,74.8399996071429,9.48290701552324,12.4292870681669,0.822584106126479,3.45583577230857,143.404173942857,11.4423792,150.144287108571,96.4585723885714,80.9314302728571,69.5171432485714,0.722699964090746
944,2007,8,323,2007-08-11,2007-08-17,27.97,27.11,37.68,37.68,70.31,0.923832596668184,7.01,2.01446,141.6366826,14.1213646,17686.4285714286,103.228571208571,4327.14285714286,51.5514286585714,3025.42857142857,89.6557148528571,1106,68.4971422471429,17479,102.015715462857,4319.28571428571,51.4571429657143,3025.42857142857,89.6557148528571,1106,68.4971422471429,4.83579887178639,5.71094767788865,1.48559670430545,0.927825883195875,142.0164,13.0603,125.094282968571,81.9057148528571,91.8185708171428,74.8399996071429,2.96528806919899
943,2007,8,324,2007-08-18,2007-08-24,34.09,33.88,41.68,40.96,69.1414285714286,1.15539933315139,5.523,2.01184,139.101491657143,11.11139232,15912,92.8699994771429,3228.14285714286,38.4585718442857,2917.85714285714,86.4685701642857,1063,65.8357140685714,15765.1428571429,92.0128577114286,3221.42857142857,38.3785711014286,2917.85714285714,86.4685701642857,1063,65.8357140685714,3.05630922920162,0.86086029210625,0.515636171476274,1.9911469752365,141.6366826,14.1213646,102.015715462857,51.4571429657143,89.6557148528571,68.4971422471429,0.923832596668184
942,2007,8,325,2007-08-25,2007-08-31,57.06,56.58,61.83,61.83,69.2314285714286,1.35830075917715,5.468,1.97118,136.467607371429,10.77841224,14666.5714285714,85.6014273514286,3325.85714285714,39.6199994757143,2871.71428571429,85.0999995657143,1007.28571428571,62.3828577314286,14472.4285714286,84.47000013,3312.14285714286,39.4585707528571,2871.71428571429,85.0999995657143,1007.28571428571,62.3828577314286,0.480136722864773,1.65224525120561,0.945993444482256,2.44370591596133,139.101491657143,11.11139232,92.0128577114286,38.3785711014286,86.4685701642857,65.8357140685714,1.15539933315139
941,2007,9,326,2007-09-01,2007-09-07,128.2,128.2,126.55,128.2,72.8428571428571,2.50990513954679,5.501,1.9557,142.458775714286,10.7583057,14388.5714285714,84.6771425514286,4913.28571428571,50.1900008085714,2486.14285714286,82.4257147642857,863.571428571429,67.6600003914286,14102.2857142857,82.9885700785714,4905.28571428571,50.10999952,2479.71428571429,82.21142796,863.571428571429,67.6600003914286,1.40618165457136,8.71608493438623,5.40835841894317,2.35705342639328,136.467607371429,10.77841224,84.47000013,39.4585707528571,85.0999995657143,62.3828577314286,1.35830075917715
940,2007,9,327,2007-09-08,2007-09-14,131.01,131.01,131.01,131.01,75.7414285714286,1.353900889669,6.279,1.92004,145.426572514286,12.05593116,13187.1428571429,77.6042851042857,2775.71428571429,28.3571428585714,2201.14285714286,72.9757145485714,927,72.6300016128571,12971.4285714286,76.33428737,2763.85714285714,28.2342858971429,2201.14285714286,72.9757145485714,927,72.6300016128571,1.69952821938152,3.48610089112948,2.00691948503084,1.09863602389738,142.458775714286,10.7583057,82.9885700785714,50.10999952,82.21142796,67.6600003914286,2.50990513954679
939,2007,9,328,2007-09-15,2007-09-21,147.57,148.7,147.37,147.57,77.7757142857143,0.82190545163467,6.08,1.87874,146.120345457143,11.4227392,12405.8571428571,73.0057133257143,3190.42857142857,32.5914282114286,2226,73.7999986914286,810.285714285714,63.4842867157143,12220,71.9114281771429,3134.28571428571,32.0171429785714,2226,73.7999986914286,810.285714285714,63.4842867157143,2.3852149930629,13.2689633264271,4.58569163693337,2.43255705387321,145.426572514286,12.05593116,76.33428737,28.2342858971429,72.9757145485714,72.6300016128571,1.353900889669
938,2007,9,329,2007-09-22,2007-09-28,186.48,186.48,186.48,186.48,77.9742857142857,1.02226638966154,6.87,1.85202,144.409936628571,12.7233774,11654.1428571429,68.5799996528572,15345.5714285714,156.765713284286,2060.28571428571,68.3057142,938.285714285714,73.51285662,10506.2857142857,61.8271435314286,12462.4285714286,127.311429704286,2060.28571428571,68.3057142,938.285714285714,73.51285662,4.04740178014094,52.4709296895413,0.761332917394465,3.12533095111208,146.120345457143,11.4227392,71.9114281771429,32.0171429785714,73.7999986914286,63.4842867157143,0.82190545163467
937,2007,9,330,2007-09-29,2007-10-05,167.25,167.25,167.25,167.25,78.1185714285714,1.54464050371327,7.073,1.8214,142.285166,12.8827622,12269.7142857143,63.7842859542857,5440,50.89857156,2019.42857142857,62.9585707528571,910,65.7428572528571,10669.1428571429,55.5842851914286,5193.28571428571,48.5071427485714,2019.42857142857,62.9585707528571,910,65.7428572528571,6.86654430914797,12.0690034331782,2.97868635281237,5.38303980321168,144.409936628571,12.7233774,61.8271435314286,127.311429704286,68.3057142,73.51285662,1.02226638966154
936,2007,10,331,2007-10-06,2007-10-12,172.24,172.24,169.43,172.24,78.1685714285714,1.37847051197367,6.974,1.804425,141.0493245,12.58405995,11132.8571428571,54.8257141114286,4181.57142857143,37.0799996528571,1897.57142857143,57.6500004371429,930,65.18857084,9457.57142857143,46.5742857785714,3911.57142857143,34.6885713842857,1897.57142857143,57.6500004371429,930,65.18857084,2.79165970584176,7.32014527418462,1.70438673081213,3.71669759277712,142.285166,12.8827622,55.5842851914286,48.5071427485714,62.9585707528571,65.7428572528571,1.54464050371327
935,2007,10,332,2007-10-13,2007-10-19,205.77,205.77,205.77,205.77,81.4414285714286,3.03316901700405,7.041,1.80906,147.332430771429,12.73759146,10823.1428571429,53.2971431185714,13814.1428571429,122.500001088571,1765.42857142857,53.63571385,867.571428571429,60.8114291628571,9420,46.3885716028571,11972.1428571429,106.165715897143,1765.42857142857,53.63571385,867.571428571429,60.8114291628571,0.927513124020489,31.54401338218,1.57313855458006,1.46868926895535,141.0493245,12.58405995,46.5742857785714,34.6885713842857,57.6500004371429,65.18857084,1.37847051197367
934,2007,10,333,2007-10-20,2007-10-26,210.07,210.07,209.89,210.07,84.3628571428572,0.983492319673579,7.218,1.7958,151.498818857143,12.9620844,14175.4285714286,69.8057158328571,8937,79.2514283314286,1664.85714285714,50.5800001957143,848.714285714286,59.4899994985714,12680.5714285714,62.44714301,7850.42857142857,69.6157133914286,1664.85714285714,50.5800001957143,848.714285714286,59.4899994985714,9.19294709720711,12.8868258250299,3.3605161231774,0.992186008367571,147.332430771429,12.73759146,46.3885716028571,106.165715897143,53.63571385,60.8114291628571,3.03316901700405
933,2007,10,334,2007-10-27,2007-11-02,237.66,237.66,237.66,237.66,86.57,3.38452852452645,8.418,1.750375,151.52996375,14.73465675,17599,81.2828565328572,9556.71428571429,101.240000044286,1654.42857142857,45.1299991614286,893.714285714286,55.2057140885714,16886.1428571429,77.9228581028571,8280.42857142857,86.4528585142857,1654.42857142857,45.1299991614286,893.714285714286,55.2057140885714,9.00817793530557,49.5158519480199,12.300550120553,10.4662848030135,151.498818857143,12.9620844,62.44714301,69.6157133914286,50.5800001957143,59.4899994985714,0.983492319673579
932,2007,11,335,2007-11-03,2007-11-09,223.91,223.91,223.91,223.91,91.9457142857143,2.06813005025389,7.897,1.7417,160.141850571429,13.7542049,20588.7142857143,79.1385716028572,15344.2857142857,192.577141898571,1527.71428571429,28.3928574142857,1007.85714285714,42.8014286585714,20320.8571428571,78.1085706428571,12392.1428571429,155.524287631429,1527.71428571429,28.3928574142857,1007.85714285714,42.8014286585714,7.1952268788874,22.3016031202531,1.34166228124452,1.51881995846287,151.52996375,14.73465675,77.9228581028571,86.4528585142857,45.1299991614286,55.2057140885714,3.38452852452645
931,2007,11,336,2007-11-10,2007-11-16,181.42,181.42,181.42,181.42,92.5957142857143,1.82983475704599,8.001,1.75455,162.4638105,14.03815455,27732,106.592858452857,14410,180.848571777143,1539.14285714286,28.6028573171429,1083.71428571429,46.0228571214286,27565.2857142857,105.95285688,13471.8571428571,169.075711932857,1539.14285714286,28.6028573171429,1083.71428571429,46.0228571214286,8.9365996236327,34.0088354453038,1.11272530579754,1.41356154167433,160.141850571429,13.7542049,78.1085706428571,155.524287631429,28.3928574142857,42.8014286585714,2.06813005025389
930,2007,11,337,2007-11-17,2007-11-23,150.54,150.54,150.54,150.54,91.4483333333333,2.00332140872696,7.7,1.7755,162.366515833333,13.67135,24481.1428571429,94.1000006542857,10788,135.389998301429,2148.28571428571,39.9242853442857,1173.14285714286,49.8214285714286,24214.1428571429,93.0742852357143,10640.1428571429,133.535715374286,2148.28571428571,39.9242853442857,1173.14285714286,49.8214285714286,7.09967501024871,28.4290787924312,2.47935366677766,3.35897998941869,162.4638105,14.03815455,105.95285688,169.075711932857,28.6028573171429,46.0228571214286,1.82983475704599
929,2007,11,338,2007-11-24,2007-11-30,169.55,169.55,169.55,169.55,94.0242857142857,1.44894049961668,7.302,1.80662,169.866155057143,13.19193924,20457.7142857143,78.6342849728571,5942.71428571429,74.58285686,2498.57142857143,46.4342853,1281.85714285714,54.4357141771429,19748.8571428571,75.9100003914286,5931.14285714286,74.4357141757143,2411.42857142857,44.8157147,1281.85714285714,54.4357141771429,2.77312648639413,11.4188155873888,6.67161639349659,2.78103074866337,162.366515833333,13.67135,93.0742852357143,133.535715374286,39.9242853442857,49.8214285714286,2.00332140872696
928,2007,12,339,2007-12-01,2007-12-07,189.25,189.25,189.25,189.25,90.4185714285714,2.10237507414329,7.155,1.79052,161.896260514286,12.8111706,18335.2857142857,46.68285697,5212.71428571429,81.9928577957143,3393.85714285714,33.98999977,2163.14285714286,46.7514288771429,17449.2857142857,44.4271420042857,5200.71428571429,81.8042858671429,3386.14285714286,33.9128567814286,2163.14285714286,46.7514288771429,2.05168849253597,29.2779998796327,2.22978847667974,8.243668775628,169.866155057143,13.19193924,75.9100003914286,74.4357141757143,44.8157147,54.4357141771429,1.44894049961668
927,2007,12,340,2007-12-08,2007-12-14,212.2,212.2,212.2,212.2,89.8828571428571,1.9029776166639,7.025,1.77118,159.198718914286,12.4425395,25271.1428571429,64.34142903,8409.14285714286,132.269999912857,4373.71428571429,43.8028575342857,2345.42857142857,50.6899997171429,23768.2857142857,60.5142860428571,8384.71428571429,131.88571385,4373.71428571429,43.8028575342857,2345.42857142857,50.6899997171429,8.23334223701077,12.6200566174455,3.71187135796056,3.37834770390304,161.896260514286,12.8111706,44.4271420042857,81.8042858671429,33.9128567814286,46.7514288771429,2.10237507414329
926,2007,12,341,2007-12-15,2007-12-21,200.48,200.48,200.48,200.48,90.8928571428571,1.55453866989201,7.19,1.80382,163.954353571429,12.9694658,31889.8571428571,81.1928580142857,6321.85714285714,99.4428569257143,4767.85714285714,47.7514277857143,2159.85714285714,46.6785708828572,30823.1428571429,78.4771434228571,6314.71428571429,99.3300007414286,4767.85714285714,47.7514277857143,2159.85714285714,46.6785708828572,6.78050983195947,7.94512189074788,3.56790113119303,0.595326967776952,159.198718914286,12.4425395,60.5142860428571,131.88571385,43.8028575342857,50.6899997171429,1.9029776166639
925,2007,12,342,2007-12-22,2007-12-28,199.76,199.76,199.76,199.76,91.8383333333333,1.89398433643651,7.386,1.7764,163.141615333333,13.1204904,38611.7142857143,98.3071430757143,6204.14285714286,97.5871429442857,5546.85714285714,55.5514281142857,2368.71428571429,51.1928574714286,37637.7142857143,95.8271418971429,6190.14285714286,97.3671417228571,5546.85714285714,55.5514281142857,2368.71428571429,51.1928574714286,3.16737834855543,12.8623169838058,6.70969767972239,2.61252000976736,163.954353571429,12.9694658,78.4771434228571,99.3300007414286,47.7514277857143,46.6785708828572,1.55453866989201
924,2007,12,343,2007-12-29,2008-01-04,247.01,247.01,247.01,247.01,96.144,1.76233651724038,7.841,1.76365,169.5643656,13.82877965,27835.1428571429,61.2671437957143,7310.28571428571,115.084284101429,7008.42857142857,58.6671436857143,2946.71428571429,47.4557151785714,27389.2857142857,60.3828571871429,7248.28571428571,114.109999521429,7008.42857142857,58.6671436857143,2946.71428571429,47.4557151785714,19.0885072987997,10.689713406801,7.9229242941215,13.3206924476404,163.141615333333,13.1204904,95.8271418971429,97.3671417228571,55.5514281142857,51.1928574714286,1.89398433643651
923,2008,1,344,2008-01-05,2008-01-11,473.14,473.14,473.14,473.14,96.0133333333333,2.09151300896376,8.21,1.76088,169.0679584,14.4568248,25427.2857142857,47.59142903,7676.42857142857,120.924286977143,7066,51.1614276328571,2985,36.4400002628571,24066.2857142857,45.04428591,7663.28571428571,120.718570162857,7066,51.1614276328571,2985,36.4400002628571,3.47095013469011,16.3095193828444,7.30028439528287,1.69755783981992,169.5643656,13.82877965,60.3828571871429,114.109999521429,58.6671436857143,47.4557151785714,1.76233651724038
922,2008,1,345,2008-01-12,2008-01-18,569.59,569.59,569.59,569.59,92.49,3.30457763312231,7.993,1.75982,162.7657518,14.06624126,31930.5714285714,59.7614282885714,5739.42857142857,90.4128592357143,4508.57142857143,32.6428565985714,3441.42857142857,42.0114282885714,30766.4285714286,57.5814285271429,5728.57142857143,90.2399989528571,4508.57142857143,32.6428565985714,3441.42857142857,42.0114282885714,2.68937050376666,4.71332804480761,2.11818031100282,1.52774776480229,169.0679584,14.4568248,45.04428591,120.718570162857,51.1614276328571,36.4400002628571,2.09151300896376
921,2008,1,346,2008-01-19,2008-01-25,569.59,569.59,548.14,569.59,89.0428571428572,1.53038899505579,7.983,1.80488,160.711672,14.40835704,42107.8571428571,78.8099997385714,6121.57142857143,96.4314302714286,5014.14285714286,36.3042864114286,4300.14285714286,52.4942850385714,41776.4285714286,78.1914275028571,6104.71428571429,96.16571481,5014.14285714286,36.3042864114286,4300.14285714286,52.4942850385714,9.48834034882164,7.64269816680404,4.0112130794052,4.44561461844366,162.7657518,14.06624126,57.5814285271429,90.2399989528571,32.6428565985714,42.0114282885714,3.30457763312231
920,2008,1,347,2008-01-26,2008-02-01,550.28,550.28,550.28,550.28,89.8242857142857,2.14605729298178,7.74,1.76968,158.960241942857,13.6973232,58291.2857142857,108.397142681429,5005.14285714286,77.4971444271429,6015.28571428571,43.2071424214286,5410,63.1385710571428,57367.2857142857,106.688571385714,4994.14285714286,77.3271429885714,6015.28571428571,43.2071424214286,5410,63.1385710571428,11.532507637421,4.15024690314227,2.2873906826602,5.20118334071679,160.711672,14.40835704,78.1914275028571,96.16571481,36.3042864114286,52.4942850385714,1.53038899505579
919,2008,2,348,2008-02-02,2008-02-08,255,255,256.05,255.06,90.9014285714286,1.6305257697188,8.301,1.7605,160.031965,14.6139105,70945.4285714286,127.559999738571,5236.14285714286,74.1200000242857,7574.85714285714,52.1714292271429,7695.42857142857,68.9414285928572,69558.5714285714,125.0628564,5221.28571428571,73.9099998457143,7574.85714285714,52.1714292271429,7695.42857142857,68.9414285928572,6.81818406081968,10.0705247838352,8.55902016731454,6.39296831550718,158.960241942857,13.6973232,106.688571385714,77.3271429885714,43.2071424214286,63.1385710571428,2.14605729298178
918,2008,2,349,2008-02-09,2008-02-15,122.91,123.87,126.3,122.91,91.7142857142857,2.90086686551251,8.66,1.75016,160.514674285714,15.1563856,65201,117.231428964286,3875.71428571429,54.8642861514286,11428.5714285714,78.7142868042857,8950,80.1814291828571,64207.5714285714,115.444285801429,3867.71428571429,54.75,11428.5714285714,78.7142868042857,8950,80.1814291828571,9.09028338426417,2.43509818406476,4.49164664678002,1.47839389421301,160.031965,14.6139105,125.0628564,73.9099998457143,52.1714292271429,68.9414285928572,1.6305257697188
917,2008,2,350,2008-02-16,2008-02-22,160.7,160.7,180.33,160.7,96.0642857142857,1.55239446386132,9.146,1.72356,165.572560285714,15.76367976,51581,92.742857798571407,3902.57142857143,55.2414289214286,14089.7142857143,97.0428575814286,9010.71428571429,80.7271423328571,51288.8571428571,92.2157135,3894.85714285714,55.1342860628571,14089.7142857143,97.0428575814286,9009.71428571429,80.7171423771429,3.73183129543821,1.88736956958051,5.5169178596031,1.84481995200032,160.514674285714,15.1563856,115.444285801429,54.75,78.7142868042857,80.1814291828571,2.90086686551251
916,2008,2,351,2008-02-23,2008-02-29,213.52,213.52,247.02,213.52,97.72,1.16289867715762,9.366,1.6835,164.51162,15.767661,56812,102.145713807143,3541.14285714286,50.1257144371429,13313.7142857143,91.6985724314286,8138.57142857143,72.9128592371429,55841.5714285714,100.4028571,3524.85714285714,49.8971421385714,13313.7142857143,91.6985724314286,8120.42857142857,72.7485722128572,3.0951128345374,1.35690546359522,5.97997104618099,1.79317744943529,165.572560285714,15.76367976,92.2157135,55.1342860628571,97.0428575814286,80.7171423771429,1.55239446386132
915,2008,3,352,2008-03-01,2008-03-07,139.01,139.05,135.46,135.46,100.615714285714,1.74825491221856,9.769,1.67534,168.565530771429,16.36639646,59001.5714285714,113.241428921429,4068.57142857143,67.25428554,12275.5714285714,85.51714325,9447.42857142857,72.1885713857143,58492,112.264285497143,4055.14285714286,67.0314282014286,12275.5714285714,85.51714325,9421.42857142857,71.9900000414286,5.76066701249662,5.19236481772256,1.48896793749375,4.81941279261325,164.51162,15.767661,100.4028571,49.8971421385714,91.6985724314286,72.7485722128572,1.16289867715762
914,2008,3,353,2008-03-08,2008-03-14,133.23,133.23,125.59,125.59,104.311428571429,3.71980030185967,9.868,1.69234,176.530403028571,16.70001112,53965.1428571429,103.574285235714,3419.85714285714,56.5314287457143,11738.4285714286,81.7742854542857,11481.2857142857,87.7314278742857,52554.8571428571,100.867142812857,3407.42857142857,56.3257146557143,11738.4285714286,81.7742854542857,11431.4285714286,87.3499995642857,3.04412414573814,5.59927036000801,3.37676422087287,6.37601652083324,168.565530771429,16.36639646,112.264285497143,67.0314282014286,85.51714325,71.9900000414286,1.74825491221856
913,2008,3,354,2008-03-15,2008-03-21,174.63,176.82,167.72,167.72,105.707142857143,3.57083423626136,9.065,1.7173,181.530876428571,15.5673245,71415.4285714286,137.06714194142901,3351.28571428571,55.3957143528571,13822.4285714286,96.29285867,13197.2857142857,100.842857361429,68356.8571428571,131.197142464286,3339.28571428571,55.1985718871429,13822.4285714286,96.29285867,13022.5714285714,99.5099999571429,6.74024568111945,2.98227838438643,6.34514323645658,3.87891872004418,176.530403028571,16.70001112,100.867142812857,56.3257146557143,81.7742854542857,87.3499995642857,3.71980030185967
912,2008,3,355,2008-03-22,2008-03-28,69.51,77.7,80.48,69.51,102.191428571429,2.08530116587123,9.8,1.73594,177.398188514286,17.012212,64506.2857142857,123.805714198571,3734.85714285714,61.7371422885714,14502.7142857143,101.031429834286,14236.2857142857,108.784284317143,61365.2857142857,117.778572081429,3727.28571428571,61.6128572757143,14380.1428571429,100.178572518571,11937.1428571429,91.2142857142857,4.5641622145876,4.69813398090231,3.27431204540056,8.46546858061807,181.530876428571,15.5673245,131.197142464286,55.1985718871429,96.29285867,99.5099999571429,3.57083423626136
911,2008,3,356,2008-03-29,2008-04-04,84.47,89.33,85.29,59.96,101.828571428571,1.78013509385609,9.322,1.73254,176.422073142857,16.15073788,50274.1428571429,113.149999344286,2845.42857142857,48.8271424414286,20827.2857142857,166.215713501429,15222.2857142857,116.364285058571,46891.7142857143,105.624286107143,2828.71428571429,48.5371426157143,20588.5714285714,164.340000698571,9680.14285714286,73.9971422471429,9.66229576313752,3.5773020263575,45.3857626873274,4.75862654077077,177.398188514286,17.012212,117.778572081429,61.6128572757143,100.178572518571,91.2142857142857,2.08530116587123
910,2008,4,357,2008-04-05,2008-04-11,117.1,121.04,113.25,77.75,103.267142857143,3.74762464451684,9.901,1.69128,174.653653371429,16.74536328,51315.8571428571,130.111430575714,2110,37.2085718428571,18139.4285714286,154.749998911429,16369.7142857143,125.16857038,46197.7142857143,117.132856097143,2090.14285714286,36.85714286,17878.4285714286,152.522858754286,7628.28571428571,58.3285718642857,4.80600596006761,2.02734448853944,24.8554778334783,3.35258431838806,176.422073142857,16.15073788,105.624286107143,48.5371426157143,164.340000698571,73.9971422471429,1.78013509385609
909,2008,4,358,2008-04-12,2008-04-18,68.38,71.89,68.38,49.24,108.234285714286,2.22447639638852,10.587,1.67258,181.0305016,17.70760446,52968.8571428571,134.301428658571,4961.42857142857,87.4899989557143,11760.1428571429,100.327141897143,15005.5714285714,114.738571167143,45807.5714285714,116.14428602,4936.42857142857,87.0485725428571,11698,99.7971420271429,7822.42857142857,59.8128569471428,4.95370902859122,18.1459130743344,7.30755435409348,3.17946341306187,174.653653371429,16.74536328,117.132856097143,36.85714286,152.522858754286,58.3285718642857,3.74762464451684
908,2008,4,359,2008-04-19,2008-04-25,32,35.65,48.28,32,112.191428571429,2.00402452223317,10.963,1.6625,186.51825,18.2259875,52313.4285714286,132.641429355714,5986.57142857143,105.567143031429,10935.1428571429,93.28857095,12638.4285714286,96.6385716028571,40017.7142857143,101.462857927143,5952.85714285714,104.97000122,10935.1428571429,93.28857095,7163.14285714286,54.7742859957143,3.8848156058905,4.47076276985318,3.31216758133118,5.17718947159063,181.0305016,17.70760446,116.14428602,87.0485725428571,99.7971420271429,59.8128569471428,2.22447639638852
907,2008,4,360,2008-04-26,2008-05-02,40.47,40.49,41.4,30.16,113.495714285714,3.26313681980386,10.777,1.6792,190.582003428571,18.0967384,45532,127.347142901429,10377,166.86428833,9083.42857142857,91.2285712114286,12596,110.438571384286,38527,108.204283577143,10302.7142857143,165.640002657143,9083.42857142857,91.2285712114286,6588.14285714286,58.5100005,19.1414378523647,65.5758175037783,21.1997398678819,16.0332254292444,186.51825,18.2259875,101.462857927143,104.97000122,93.28857095,54.7742859957143,2.00402452223317
906,2008,5,361,2008-05-03,2008-05-09,29.05,29.05,29.36,24.33,114.285714285714,4.71375242293876,11.537,1.67558,191.494857142857,19.33116646,43883.1428571429,152.574286324286,15467.8571428571,209.425713675714,7600.42857142857,107.014285495714,11991.7142857143,140.698569162857,41345.2857142857,143.750002178571,14806,200.467141288571,7600.42857142857,107.014285495714,6633.14285714286,77.8285702285714,4.21342228687783,50.8551030412481,6.90937004861445,12.2944863292813,190.582003428571,18.0967384,108.204283577143,165.640002657143,91.2285712114286,58.5100005,3.26313681980386
905,2008,5,362,2008-05-10,2008-05-16,15.47,15.47,15.47,15.47,121.481428571429,1.56210785555224,11.094,1.65924,201.566845542857,18.40760856,35767.7142857143,124.358570642857,8583.71428571429,116.218570165714,6191.14285714286,87.1700003485714,11774.4285714286,138.147142682857,34616.8571428571,120.357141767143,8550.57142857143,115.769999911429,6191.14285714286,87.1700003485714,6698,78.5857151585714,5.01841040470976,14.5958595910691,6.83124226115124,15.8735465674235,191.494857142857,19.33116646,143.750002178571,200.467141288571,107.014285495714,77.8285702285714,4.71375242293876
904,2008,5,363,2008-05-17,2008-05-23,34.04,34.04,34.34,27.51,124.077142857143,2.90737404018221,11.857,1.650925,204.842057071429,19.575017725,30701.5714285714,106.742855617143,5076.42857142857,68.7314278714286,5101.42857142857,71.8271418971429,9189.14285714286,107.81428527999999,30400.5714285714,105.697143554286,5040.85714285714,68.25000109,5101.42857142857,71.8271418971429,6289.42857142857,73.7942859114286,3.09289275665068,13.6144151133582,4.47931018862582,12.3995944915077,201.566845542857,18.40760856,120.357141767143,115.769999911429,87.1700003485714,78.5857151585714,1.56210785555224
903,2008,5,364,2008-05-24,2008-05-30,50.52,50.52,51.16,38.22,128.038571428571,1.92607916565764,11.703,1.65342,211.701534771429,19.34997426,28446.7142857143,98.9042848857143,3689.42857142857,49.9542863028571,4218,59.3871432714286,6973.71428571429,81.8214285728571,28246.7142857143,98.2085723871429,3651.57142857143,49.4399997171429,4218,59.3871432714286,6288.28571428571,73.78142929,1.32242816536276,5.84090996238898,2.79465953761009,9.84810656390488,204.842057071429,19.575017725,105.697143554286,68.25000109,71.8271418971429,73.7942859114286,2.90737404018221
902,2008,5,365,2008-05-31,2008-06-06,76.2,76.2,71.93,71.93,126.801428571429,3.29000217107965,12.693,1.62692,206.295780171429,20.65049556,30386.7142857143,119.935712541429,5602.85714285714,63.6071428571428,3799.71428571429,76.9500002171429,5103.42857142857,116.737142291429,30225.5714285714,119.292856488571,5561.42857142857,63.1385710585714,3799.71428571429,76.9500002171429,5040.57142857143,115.254286628571,8.01297291228391,18.1956102304151,9.72598259693441,23.2147955635673,211.701534771429,19.34997426,98.2085723871429,49.4399997171429,59.3871432714286,73.78142929,1.92607916565764
901,2008,6,366,2008-06-07,2008-06-13,76.2,76.2,76.2,76.2,129.175714285714,5.60377508810777,12.625,1.63626,211.365054257143,20.6577825,29350.8571428571,118.052857535714,7200,79.9471435557143,3523.14285714286,75.0971429014286,3767,94.1614281785714,29171.1428571429,117.328570774286,7079.42857142857,78.6085717342857,3523.14285714286,75.0971429014286,3717.85714285714,92.9328591485714,3.97175552793368,4.96057295913537,2.35359746196221,9.13799892438278,206.295780171429,20.65049556,119.292856488571,63.1385710585714,76.9500002171429,115.254286628571,3.29000217107965
900,2008,6,367,2008-06-14,2008-06-20,70.41,70.41,70.41,70.41,133.002857142857,2.12109024077886,12.994,1.6114,214.320804,20.9385316,26812.5714285714,107.844286238571,8953.85714285714,99.4214292257143,3274.71428571429,69.8014275671429,3464.14285714286,86.5900006985714,26770.4285714286,107.671428135714,8702,96.6257160728571,3259.85714285714,69.4842856257143,3418.28571428571,85.4442858014286,2.91976916310881,10.3388838368204,1.50152891394754,2.01129987623027,211.365054257143,20.6577825,117.328570774286,78.6085717342857,75.0971429014286,92.9328591485714,5.60377508810777
899,2008,6,368,2008-06-21,2008-06-27,76.83,76.83,76.83,76.83,132.78,2.57049281915614,13.198,1.60304,212.8516512,21.15692192,24878.5714285714,100.062855311429,7362.85714285714,81.75428336,3160.14285714286,67.35999952,2852,71.2914287014286,24812.5714285714,99.7985709042857,7253.71428571429,80.54285867,3150,67.1428571428571,2812.85714285714,70.3114275228571,0.834454984229868,13.1627840686692,0.499991234553469,5.43005293751176,214.320804,20.9385316,107.671428135714,96.6257160728571,69.4842856257143,85.4442858014286,2.12109024077886
898,2008,6,369,2008-06-28,2008-07-04,88.21,88.21,88.21,88.21,138.107142857143,4.02661029604157,13.577,1.60244,221.30841,21.75632788,24153.5714285714,108.651428222857,13284.2857142857,144.570002964286,3019.85714285714,72.0700007857143,2405.28571428571,84.9257142214286,24084.2857142857,108.325715202857,13071.1428571429,142.23714229,3019.85714285714,72.0700007857143,2374.85714285714,83.8500006528571,9.39510677283503,40.6276451776774,6.12011397574174,21.3274645413585,212.8516512,21.15692192,99.7985709042857,80.54285867,67.1428571428571,70.3114275228571,2.57049281915614
897,2008,7,370,2008-07-05,2008-07-11,91.37,91.37,91.37,91.37,138.478571428571,3.88151357321458,11.904,1.60598,222.393816142857,19.11758592,22018.4285714286,107.102857317143,6789.28571428571,72.1485715614286,2877.14285714286,74.3542872842857,2116.42857142857,91.9428580142857,21909.7142857143,106.575714111429,6731.42857142857,71.5371431628571,2877.14285714286,74.3542872842857,2092.28571428571,90.8942860185714,3.69327250074437,12.0286181046231,0.936871056583764,4.14714998572382,221.30841,21.75632788,108.325715202857,142.23714229,72.0700007857143,83.8500006528571,4.02661029604157
896,2008,7,371,2008-07-12,2008-07-18,102.64,102.64,102.64,102.64,136.778571428571,4.36906713373242,10.57,1.59246,217.814403857143,16.8323022,19803,96.3285707728571,4414.28571428571,46.9099993014286,2801.42857142857,72.3971426828571,1835.71428571429,79.7500010914286,19736.1428571429,96.0028577557143,4389.57142857143,46.6485721057143,2801.42857142857,72.3971426828571,1808.42857142857,78.5628564014286,2.39588385546369,3.98838480565819,0.462661554378024,5.50800126258502,222.393816142857,19.11758592,106.575714111429,71.5371431628571,74.3542872842857,90.8942860185714,3.88151357321458
895,2008,7,372,2008-07-19,2008-07-25,110.35,110.35,110.35,110.35,130.637142857143,3.94284463421054,9.084,1.57898,206.273435828571,14.34345432,19046.8571428571,92.6500004342857,4171.57142857143,44.3314285271429,2698,69.7257145471429,1613.57142857143,70.0985717771429,18968.1428571429,92.26714216,4152.28571428571,44.12571444,2698,69.7257145471429,1593.57142857143,69.2285701185714,1.13831264786092,6.4984512649148,1.41227788019176,2.23091576396705,217.814403857143,16.8323022,96.0028577557143,46.6485721057143,72.3971426828571,78.5628564014286,4.36906713373242
894,2008,7,373,2008-07-26,2008-08-01,146.3,146.3,146.3,146.3,125.2,1.62877254397385,9.389,1.56688,196.173376,14.71143632,19705.5714285714,98.4657135,4556.71428571429,49.1142856071429,2657.28571428571,70.1071428557143,1544.85714285714,71.0714274828571,19619.5714285714,98.0399998271429,4537,48.9042865214286,2657.28571428571,70.1071428557143,1532.42857142857,70.5199999142857,5.28494511111567,3.33888162248347,3.72762422702691,9.73158719112171,206.273435828571,14.34345432,92.26714216,44.12571444,69.7257145471429,69.2285701185714,3.94284463421054
893,2008,8,374,2008-08-02,2008-08-08,138.69,138.69,138.69,138.69,121.395714285714,4.1486016003097,8.248,1.58224,192.077154971429,13.05031552,20426.2857142857,119.218570165714,6191.71428571429,72.282857077142907,2657.85714285714,78.7614288342857,1399.28571428571,86.66142818,20311.2857142857,118.547140938571,6137,71.64428602,2657.71428571429,78.7571432942857,1388.71428571429,86.0057144157143,9.00032285995914,11.8250953142025,0.493547828830492,2.85708971577673,196.173376,14.71143632,98.0399998271429,48.9042865214286,70.1071428557143,70.5199999142857,1.62877254397385
892,2008,8,375,2008-08-09,2008-08-15,118.13,118.13,118.13,118.13,113.425714285714,2.6297392592115,8.092,1.62146,183.915258685714,13.12085432,26483,154.570002962857,8402.14285714286,98.08857073,2579.85714285714,76.4514269142857,1283.85714285714,79.5114299228571,25014,145.99713789,8183.85714285714,95.53857204,2579.85714285714,76.4514269142857,1277.57142857143,79.12285723,6.53343359494903,13.6115125313312,1.14800509819257,3.40241916262718,192.077154971429,13.05031552,118.547140938571,71.64428602,78.7571432942857,86.0057144157143,4.1486016003097
891,2008,8,376,2008-08-16,2008-08-22,79.16,77.05,79.16,79.16,110.795714285714,3.06398355708526,7.843,1.62438,179.974342371429,12.74001234,25380,148.132856097143,11125.7142857143,129.882858277143,2455.57142857143,72.7685710357143,1094.14285714286,67.7628566171429,23083.4285714286,134.729998997143,10688.8571428571,124.782856532857,2455.57142857143,72.7685710357143,1088.14285714286,67.38999939,7.69844488484947,13.8759912208728,0.594878011679062,1.95749132261355,183.915258685714,13.12085432,145.99713789,95.53857204,76.4514269142857,79.12285723,2.6297392592115
890,2008,8,377,2008-08-23,2008-08-29,71.64,66.79,71.61,71.64,112.185714285714,3.14634103440209,7.943,1.62858,182.703410571429,12.93581094,18465.8571428571,107.778570992857,6957.85714285714,81.2257145457143,2393.42857142857,70.9271425514286,1050.28571428571,65.0457142428571,18042.4285714286,105.30856977,6918.42857142857,80.7657143742857,2393.42857142857,70.9271425514286,1045.85714285714,64.77142879,9.16391423550291,11.2722613984323,0.881698249756359,0.961117615932667,179.974342371429,12.74001234,134.729998997143,124.782856532857,72.7685710357143,67.38999939,3.06398355708526
889,2008,8,378,2008-08-30,2008-09-05,93.55,93.25,93.55,93.55,108.868571428571,5.27376977304125,7.449,1.68104,183.012423314286,12.52206696,15835.8571428571,92.9657135,4419.28571428571,46.6042851042857,2197.71428571429,70.5342864985714,1075.57142857143,79.0542853228572,14875.2857142857,87.3242874142857,4399.14285714286,46.3942854757143,2191,70.3114286157143,1070.71428571429,78.6885724771429,2.64592036811911,7.64427593591761,3.73206218002511,7.16058466255478,182.703410571429,12.93581094,105.30856977,80.7657143742857,70.9271425514286,64.77142879,3.14634103440209
888,2008,9,379,2008-09-06,2008-09-12,106.1,105.84,106.08,106.1,101.118571428571,3.69039938476125,7.366,1.77622,179.608828942857,13.08363652,14750.1428571429,86.8014286585714,7980.14285714286,79.96142905,2046,67.8314285271428,957.142857142857,74.9914300085714,14295.1428571429,84.1242861057143,7821.14285714286,78.3700005671429,2037.71428571429,67.5557152885714,956,74.90142931,0.857183194431996,21.4255241454292,0.878178077460256,3.99477857358692,183.012423314286,12.52206696,87.3242874142857,46.3942854757143,70.3114286157143,78.6885724771429,5.27376977304125
887,2008,9,380,2008-09-13,2008-09-19,119.11,118.04,119.06,119.11,93.25,4.34905736913199,7.531,1.85424,172.90788,13.96428144,14929.1428571429,87.8542851028571,10134.4285714286,101.549997601429,1981.57142857143,65.6957141328571,758.142857142857,59.3971437728571,14825.5714285714,87.24571228,9736.14285714286,97.5600013728572,1981.42857142857,65.6914285928571,758.142857142857,59.3971437728571,2.09482546047328,31.1249613654637,3.01246548399829,3.84091100129441,179.608828942857,13.08363652,84.1242861057143,78.3700005671429,67.5557152885714,74.90142931,3.69039938476125
886,2008,9,381,2008-09-20,2008-09-26,121.65,120.97,121.65,121.65,94.18,6.91764651694005,7.472,1.82936,172.2891248,13.66897792,16714.8571428571,98.3628572728571,5531.71428571429,55.43000085,1931.85714285714,64.04857145,922,72.2371422914286,16550.1428571429,97.3957127157143,5513.28571428571,55.2457139142857,1921.14285714286,63.6942852557143,922,72.2371422914286,2.94968370469297,5.36176219023638,1.85838375740476,2.96967786875261,172.90788,13.96428144,87.24571228,97.5600013728572,65.6914285928571,59.3971437728571,4.34905736913199
885,2008,9,382,2008-09-27,2008-10-03,100.48,100.48,100.48,100.48,97.31,5.10200614137865,7.358,1.96992,191.6929152,14.49467136,18539.7142857143,100.895714895714,4991.28571428571,46.842857360000004,2036.85714285714,64.9228575571429,881.285714285714,66.0028561157143,18266.4285714286,99.3885705142857,4966.85714285714,46.61142894,2036.85714285714,64.9228575571429,881.285714285714,66.0028561157143,5.23405164732579,5.05731960109839,3.17859504761685,5.64843130421249,172.2891248,13.66897792,97.3957127157143,55.2457139142857,63.6942852557143,72.2371422914286,6.91764651694005
884,2008,10,383,2008-10-04,2008-10-10,97.99,97.99,97.99,97.99,87.2357142857143,4.98444867276505,6.535,2.24468,195.816263142857,14.6689838,25924.2857142857,127.665712631429,14241.4285714286,124.490000042857,2520.42857142857,76.5714285742857,965,67.6399993885714,25724.2857142857,126.677143641429,13999,122.370001657143,2520.42857142857,76.5714285742857,965,67.6399993885714,7.01825670374046,27.1268190669133,1.65971300633883,4.65001111195829,191.6929152,14.49467136,99.3885705142857,46.61142894,64.9228575571429,66.0028561157143,5.10200614137865
883,2008,10,384,2008-10-11,2008-10-17,75.46,74.34,75.46,75.46,75.0757142857143,7.40361816308512,6.786,2.13472,160.2656288,14.48620992,20107.5714285714,99.02142879,12701.1428571429,111.027143204286,2433.71428571429,73.9385724757143,1017.14285714286,71.2942848214286,19798.1428571429,97.4957122814286,12509.4285714286,109.35142844,2433.71428571429,73.9385724757143,1010.57142857143,70.8342862814286,10.647919059586,22.4192042906239,4.74137606469992,5.57798933745811,195.816263142857,14.6689838,126.677143641429,122.370001657143,76.5714285742857,67.6399993885714,4.98444867276505
882,2008,10,385,2008-10-18,2008-10-24,93.31,93.31,93.31,93.31,66.7842857142857,3.93329741710806,6.239,2.25968,150.911114742857,14.09814352,17767,87.4928567071429,18621.4285714286,162.77999878,1888.42857142857,57.3742861071429,853.428571428571,59.8214280257143,17589,86.6171439057143,17112.4285714286,149.585712978571,1888.42857142857,57.3742861071429,852.714285714286,59.7714282442857,0.539498168814015,21.5344856069622,2.56501975440096,4.15423534632721,160.2656288,14.48620992,97.4957122814286,109.35142844,73.9385724757143,70.8342862814286,7.40361816308512
881,2008,10,386,2008-10-25,2008-10-31,99.48,99.48,99.48,99.48,62.6814285714286,2.49519156626943,6.783,2.15616,135.151189028571,14.62523328,17329.1428571429,85.33428628,33284.5714285714,290.954284668571,1929.42857142857,58.6185716914286,820.142857142857,57.48714338,17103.4285714286,84.2257134585714,20939.2857142857,183.040002005714,1927.85714285714,58.57000024,820.142857142857,57.48714338,1.46406841470242,52.5457330146032,3.27809470932963,7.65375181698139,150.911114742857,14.09814352,86.6171439057143,149.585712978571,57.3742861071429,59.7714282442857,3.93329741710806
880,2008,11,387,2008-11-01,2008-11-07,104.79,79.29,104.79,104.79,60.1828571428571,2.37951475645547,6.757,2.14842,129.298053942857,14.51687394,20672.5714285714,79.4585723871429,26765.2857142857,332.025708878571,1415.28571428571,26.3014283871429,906.857142857143,38.5128568928571,19711.4285714286,75.7657138285714,14986.7142857143,185.912857055714,1392.42857142857,25.8785716471429,906.857142857143,38.5128568928571,9.76134404410728,30.052020290424,1.54712041056168,5.04708707789212,135.151189028571,14.62523328,84.2257134585714,183.040002005714,58.57000024,57.48714338,2.49519156626943
879,2008,11,388,2008-11-08,2008-11-14,118.37,104.08,118.37,118.37,56.8171428571429,4.15245595716458,6.312,2.24102,127.328353485714,14.14531824,25557.1428571429,98.2357134128571,18973,235.361430575714,1498,27.83857155,1157,49.1357138514286,23754.4285714286,91.3057142,10460.7142857143,129.765713282857,1494,27.7642860428571,1157,49.1357138514286,5.73980053690083,19.1183494891744,0.876333989056995,1.96625534112946,129.298053942857,14.51687394,75.7657138285714,185.912857055714,25.8785716471429,38.5128568928571,2.37951475645547
878,2008,11,389,2008-11-15,2008-11-21,111.77,100.21,111.77,111.77,50.6028571428571,2.87695275297609,6.48,2.35802,119.3225492,15.2799696,29630.7142857143,113.892858231429,13616,168.90714155,2505.85714285714,46.5700005114286,1327.28571428571,56.3671433585714,28103.7142857143,108.02142879,10544.2857142857,130.802856445714,2505.85714285714,46.5700005114286,1327.28571428571,56.3671433585714,4.75301808754035,9.962888121982,9.34548772490056,5.19177832720821,127.328353485714,14.14531824,91.3057142,129.765713282857,27.7642860428571,49.1357138514286,4.15245595716458
877,2008,11,390,2008-11-22,2008-11-28,92.69,91.04,92.69,92.69,47.8416666666667,1.9913052670716,6.51,2.3145,110.7295375,15.067395,24983.1428571429,96.0285720828572,9484.42857142857,117.654284885714,4373.85714285714,81.2828576214286,1922.57142857143,81.6471448628571,24469.1428571429,94.0499997828572,9086,112.71142687,4373.85714285714,81.2828576214286,1922.57142857143,81.6471448628571,4.61045930341411,15.2909578975721,16.3281287331372,9.05772022366536,119.3225492,15.2799696,108.02142879,130.802856445714,46.5700005114286,56.3671433585714,2.87695275297609
876,2008,11,391,2008-11-29,2008-12-05,95.54,95.35,95.54,95.54,46.8542857142857,1.99385603912677,5.742,2.42208,113.484828342857,13.90758336,24081.1428571429,70.0971418085714,6174.28571428571,89.8128574914286,6825.28571428571,83.7100001742857,2587.42857142857,69.5228565757143,23186.5714285714,67.6128567285714,6050.28571428571,87.9071426385714,6797.42857142857,83.4300003057143,2587.42857142857,69.5228565757143,14.5854075516886,10.460193859665,22.8351785845964,19.5122796113988,110.7295375,15.067395,94.0499997828572,112.71142687,81.2828576214286,81.6471448628571,1.9913052670716
875,2008,12,392,2008-12-06,2008-12-12,103.51,103.51,103.51,103.51,41.9714285714286,3.16949222311404,5.488,2.42956,101.972104,13.33342528,21438.1428571429,54.5828579485714,4619.14285714286,71.8185708171429,6508.85714285714,65.1871430528571,3937,85.0871418557143,21078.2857142857,53.6657148085714,4576.28571428571,71.14857047,6399.57142857143,64.0914290285714,3937,85.0871418557143,2.30973138842866,2.5915205277196,3.71061719530508,6.12905469599923,113.484828342857,13.90758336,67.6128567285714,87.9071426385714,83.4300003057143,69.5228565757143,1.99385603912677
874,2008,12,393,2008-12-13,2008-12-19,113.15,113.15,113.15,113.15,41.7257142857143,2.09999886621296,5.334,2.3688,98.839872,12.6351792,34158.8571428571,86.9700006771428,4430.14285714286,68.8771422257143,6418.71428571429,64.2857148314286,4390,94.8785705571429,32297.2857142857,82.2285706671429,4404.14285714286,68.4728573385714,6416.57142857143,64.2642860414286,4390,94.8785705571429,21.1849605103333,5.69521500695616,1.78448761081816,1.48408855044128,101.972104,13.33342528,53.6657148085714,71.14857047,64.0914290285714,85.0871418557143,3.16949222311404
873,2008,12,394,2008-12-20,2008-12-26,91.57,91.57,91.57,91.57,39.3466666666667,2.81353632758973,5.826,2.372525,93.3509503333333,13.82233065,47269.8571428571,120.350000652857,3324,51.6800003057143,7033,70.4371414157143,5129,110.851428442857,45188.8571428571,115.051428658571,3294,51.2142868042857,7033,70.4371414157143,5129,110.851428442857,4.02758407205376,2.44187043281624,4.46799988929976,11.1009586575522,98.839872,12.6351792,82.2285706671429,68.4728573385714,64.2642860414286,94.8785705571429,2.09999886621296
872,2008,12,395,2008-12-27,2009-01-02,74.11,74.11,74.11,74.11,34.5983333333333,0.787893816873269,5.971,2.34905,81.2732149166667,14.02617755,58149,137.061428615714,2785.85714285714,43.3328574028571,10452.8571428571,95.0171432485714,6593.71428571429,124.188569205714,55205.8571428571,130.02571433,2760.28571428571,42.9357136314286,10422,94.70714351,6566,123.659998212857,20.214294737326,4.35951046841892,9.85172984995618,28.3840103356771,93.3509503333333,13.82233065,115.051428658571,51.2142868042857,70.4371414157143,110.851428442857,2.81353632758973
871,2009,1,396,2009-01-03,2009-01-09,28.13,28.13,26.55,26.55,42.1185714285714,4.71192964212979,5.516,2.24706,94.6429571142857,12.39478296,55895,104.61857169,4432.85714285714,69.0400003714286,14165.4285714286,102.562857492857,6011,73.3785705571429,52717.4285714286,98.6671425957143,4393.42857142857,68.4257147657143,14034.1428571429,101.614286151429,6001.85714285714,73.2671432514286,4.27360015482837,10.4828830582273,7.22368628965835,5.87115618495403,81.2732149166667,14.02617755,130.02571433,42.9357136314286,94.70714351,123.659998212857,0.787893816873269
870,2009,1,397,2009-01-10,2009-01-16,62.52,62.52,61.3,61.3,43.6928571428571,2.8219007440949,4.801,2.32808,101.720466857143,11.17711208,41668.5714285714,77.9871444714286,4468.85714285714,69.599999562857107,17261.8571428571,124.984285628571,5975,72.9385713842857,40543.8571428571,75.8842849728571,4442.42857142857,69.1885724757143,17135.7142857143,124.071429662857,5964,72.8057141985714,6.89113996752965,5.05925645124275,4.416276727827,4.23066949990535,94.6429571142857,12.39478296,98.6671425957143,68.4257147657143,101.614286151429,73.2671432514286,4.71192964212979
869,2009,1,398,2009-01-17,2009-01-23,139.48,139.48,125.44,125.68,42.3585714285714,1.17313580588437,4.518,2.3445,99.3096707142857,10.592451,45997,86.0900006985714,5197.85714285714,80.9542857585714,17730.2857142857,128.375713892857,6327.14285714286,77.2385711685714,44403.8571428571,83.1100006114286,5171.42857142857,80.5442842757143,17730.2857142857,128.375713892857,6318.57142857143,77.1328560971429,9.97209061388872,8.95381473730886,0.626280199154496,1.59204979383883,101.720466857143,11.17711208,75.8842849728571,69.1885724757143,124.071429662857,72.8057141985714,2.8219007440949
868,2009,1,399,2009-01-24,2009-01-30,109.78,109.87,107.59,107.59,42.9514285714286,2.52162929188931,4.417,2.30246,98.8939462285714,10.16996582,64074.2857142857,119.927140372857,4288.14285714286,66.7871431614286,16329.1428571429,118.230001177143,6994.28571428571,85.3828571857143,58533.7142857143,109.554285324286,4258.42857142857,66.3214280257143,16202.7142857143,117.315715245714,6975.85714285714,85.1571426385714,5.86278835694804,1.84465486602267,15.7449203194874,2.22675798319882,99.3096707142857,10.592451,83.1100006114286,80.5442842757143,128.375713892857,77.1328560971429,1.17313580588437
867,2009,1,400,2009-01-31,2009-02-06,65.31,65.31,16.31,16.31,43.3685714285714,0.545357025914774,4.774,2.30592,100.004456228571,11.00846208,66072.7142857143,119.517142158571,3620.85714285714,51.4800000871429,12807.5714285714,88.8271408057143,7665.57142857143,72.1128572742857,60900,110.154285975714,3595,51.1071428585714,12807.5714285714,88.8271408057143,7649.28571428571,71.9542846671428,4.44695783289539,3.8396168094098,5.30135075929851,8.04259355914548,98.8939462285714,10.16996582,109.554285324286,66.3214280257143,117.315715245714,85.1571426385714,2.52162929188931
866,2009,2,401,2009-02-07,2009-02-13,70.46,70.46,27.06,27.06,44.8485714285714,1.6809861051518,4.452,2.26786,101.7102812,10.09651272,60568.8571428571,108.904284887143,3125,43.6699998028571,15102.5714285714,104.01714325,7430.71428571429,66.5699996957143,54269.7142857143,97.5757152014286,3099.71428571429,43.3171424857143,15102.5714285714,104.01714325,7412.57142857143,66.4085715157143,1.35726171871675,2.44390874877021,1.67678028475602,1.55352657171164,100.004456228571,11.00846208,110.154285975714,51.1071428585714,88.8271408057143,71.9542846671428,0.545357025914774
865,2009,2,402,2009-02-14,2009-02-20,56.42,84.61,43.46,43.46,43.5228571428571,2.57900312967194,4.006,2.32742,101.295968171429,9.32364452,70866.5714285714,127.418570381429,3417.85714285714,47.7628577085714,15120.8571428571,104.14428493,8825.71428571429,79.06857082,61457.4285714286,110.501428877143,3383.28571428571,47.27999987,15120.8571428571,104.14428493,8803.57142857143,78.8699994771429,4.93299684364324,5.7483163546962,0.951926436417386,6.24306428512253,101.7102812,10.09651272,97.5757152014286,43.3171424857143,104.01714325,66.4085715157143,1.6809861051518
864,2009,2,403,2009-02-21,2009-02-27,16.31,47.88,16.31,16.31,41.7757142857143,1.93403599710422,4.198,2.36923333333333,98.9764148095238,9.94604153333333,60330.2857142857,108.47428567,5284,73.8399996071429,14904.1428571429,102.649999344286,11696.4285714286,104.787144251429,53247,95.7357145042857,5236.57142857143,73.1757147657143,14904.1428571429,102.649999344286,11655.4285714286,104.420000348571,8.37158813876336,6.82205507391519,2.50108665674978,7.90391285207805,101.295968171429,9.32364452,110.501428877143,47.27999987,104.14428493,78.8699994771429,2.57900312967194
863,2009,2,404,2009-02-28,2009-03-06,63.39,63.39,61.01,61.01,43.6042857142857,2.00379520862161,3.945,2.39612,104.481101085714,9.4526934,48782.8571428571,92.6785714285714,5812.42857142857,93.0857140657143,14097.5714285714,98.0471442071429,12407.8571428571,97.25856999,43117.1428571429,81.9471435557143,5777.71428571429,92.52999987,14097.5714285714,98.0471442071429,12344.7142857143,96.7657132814286,2.008213856355,16.5828648723214,1.89612636504768,9.17687006963071,98.9764148095238,9.94604153333333,95.7357145042857,73.1757147657143,102.649999344286,104.420000348571,1.93403599710422
862,2009,3,405,2009-03-07,2009-03-13,82.63,82.63,77.26,16.31,43.8085714285714,1.31391816806856,3.932,2.33584,102.329813485714,9.18452288,41184.2857142857,79.0414287042857,4426.42857142857,72.1585709714286,11536.8571428571,80.3714283528571,11012.5714285714,84.1499993471429,40777.1428571429,78.26285771,4372.71428571429,71.282857077142907,11536.8571428571,80.3714283528571,10628.4285714286,81.2142868028571,2.31173625579262,6.44135329477444,6.05765382168016,4.25283390119033,104.481101085714,9.4526934,81.9471435557143,92.52999987,98.0471442071429,96.7657132814286,2.00379520862161
861,2009,3,406,2009-03-14,2009-03-20,107.86,107.86,95.85,16.31,44.6742857142857,1.84382624943206,4.227,2.265,101.187257142857,9.574155,45600.1428571429,87.5199988228571,3170.28571428571,51.3799999785714,9225.42857142857,64.2700004585714,10784.8571428571,82.4114292685714,43797.5714285714,84.0599997414286,3142.85714285714,50.9342858442857,9225.42857142857,64.2700004585714,10254.2857142857,78.3585717342857,1.36282740630307,5.18802483524273,2.48849934826911,3.8976295559526,102.329813485714,9.18452288,78.26285771,71.282857077142907,80.3714283528571,81.2142868028571,1.31391816806856
860,2009,3,407,2009-03-21,2009-03-27,97.08,98.87,91.91,16.31,49.0342857142857,2.88109271598384,3.631,2.25174,110.412462514286,8.17606794,45486.5714285714,87.29999869,2392,38.7657149185714,8843.28571428571,61.6042856471429,11333.8571428571,86.60571398,42212.8571428571,81.0185710357143,2356.28571428571,38.1857158114286,8843.28571428571,61.6042856471429,10628.8571428571,81.2171434671429,2.91915752516175,2.55536620192741,0.631924780045539,4.79737366756615,101.187257142857,9.574155,84.0599997414286,50.9342858442857,64.2700004585714,78.3585717342857,1.84382624943206
859,2009,3,408,2009-03-28,2009-04-03,106.11,106.11,97.75,16.31,50.1914285714286,2.0891260419244,3.801,2.2747,114.170442571429,8.6461347,54469.1428571429,119.680002484286,1949.85714285714,32.5671430328571,9077.14285714286,69.5342865014286,11010.1428571429,84.1542859771429,45489.4285714286,99.7442855828571,1926,32.1699998042857,9077.14285714286,69.5342865014286,7974.14285714286,60.9457152242857,18.6600567120641,1.45555235707977,9.96445756299333,5.08747234093872,110.412462514286,8.17606794,81.0185710357143,38.1857158114286,61.6042856471429,81.2171434671429,2.88109271598384
858,2009,4,409,2009-04-04,2009-04-10,27.96,37.31,30.65,16.31,49.8171428571429,2.67433302766431,3.61,2.206225,109.907826,7.96447225,56022.5714285714,142.0428554,1656.71428571429,28.9285717014286,11464.2857142857,97.8028564442857,11925.1428571429,91.1857136314286,48621,123.278572084286,1623.71428571429,28.3542859185714,11464.2857142857,97.8028564442857,6745.71428571429,51.5814285285714,3.96037406823835,2.74657302308148,11.5066556114038,3.88576255619479,114.170442571429,8.6461347,99.7442855828571,32.1699998042857,69.5342865014286,60.9457152242857,2.0891260419244
857,2009,4,410,2009-04-11,2009-04-17,49.88,49.97,16.31,16.31,51.5628571428571,0.683220664346383,3.729,2.18364,112.594717371429,8.14279356,50342,127.641430445714,1348.57142857143,23.5471428457143,15428.5714285714,131.624289375714,13606.4285714286,104.041428701429,44621.1428571429,113.135713847143,1321.71428571429,23.0785713185714,15350.1428571429,130.955715724286,6380.14285714286,48.7842854085714,3.89961834861776,1.3336970852163,9.98590729326218,4.38455212179316,109.907826,7.96447225,123.278572084286,28.3542859185714,97.8028564442857,51.5814285285714,2.67433302766431
856,2009,4,411,2009-04-18,2009-04-24,38.14,39.15,16.31,16.31,50.4385714285714,1.73686910436981,3.297,2.21215,111.577685785714,7.29345855,41218.5714285714,104.508569988571,1397.57142857143,24.4028573728571,14334.4285714286,122.288572037143,14925.4285714286,114.127142771429,38155.2857142857,96.7428577971429,1359.85714285714,23.7442858557143,14322.8571428571,122.19000026,6478.28571428571,49.53571374,6.40762348559664,4.72953764390148,0.900092090830798,11.0694309288391,112.594717371429,8.14279356,113.135713847143,23.0785713185714,130.955715724286,48.7842854085714,0.683220664346383
855,2009,4,412,2009-04-25,2009-05-01,45.48,45.7,16.31,16.31,49.28,0.935663757269325,3.546,2.194775,108.158512,7.78267215,34241.5714285714,91.3028564457143,1472.28571428571,24.9942861285714,11918.1428571429,108.61428615,15697,129.378570555714,33668.2857142857,89.73285675,1365.42857142857,23.2142859871429,11176.7142857143,100.515714372857,6867.42857142857,55.8500001085714,10.6304521727559,4.12630117135595,19.6840253255545,6.26316532888931,111.577685785714,7.29345855,96.7428577971429,23.7442858557143,122.19000026,49.53571374,1.73686910436981
854,2009,5,413,2009-05-02,2009-05-08,45.89,45.89,36.36,16.31,52.2671428571429,2.86822659661393,4.311,2.11504,110.547097828571,9.11793744,33612.1428571429,116.862857275714,1123.42857142857,15.0542855942857,8698.42857142857,122.474285672857,17691,207.567140852857,32533.2857142857,113.111427308571,1021.71428571429,13.6899998514286,7993.42857142857,112.545715332857,6060.42857142857,71.1057150714286,1.93234348108541,0.506491231052701,8.2826652912678,7.30116626690265,108.158512,7.78267215,89.73285675,23.2142859871429,100.515714372857,55.8500001085714,0.935663757269325
853,2009,5,414,2009-05-09,2009-05-15,36.28,36.57,28.82,16.31,55.7085714285714,1.25840412919707,4.098,2.07742,115.730100457143,8.51326716,32081.2857142857,111.540000914286,2121.14285714286,28.4242857514286,9142.71428571429,128.73000226428599,18371.1428571429,215.547143118571,31577.4285714286,109.78857204,1889.28571428571,25.31714276,7618,107.259999957143,6856.28571428571,80.4442858014286,2.47672728101586,17.1656655614585,8.26729900172416,2.3842040319141,110.547097828571,9.11793744,113.111427308571,13.6899998514286,112.545715332857,71.1057150714286,2.86822659661393
852,2009,5,415,2009-05-16,2009-05-22,36.23,36.33,28.8,16.31,57.0814285714286,1.07327269867208,3.515,2.03948,116.416431942857,7.1687722,29298,101.86428506,2660.71428571429,35.6542854328571,7788.14285714286,109.657143728571,16752.8571428571,196.561427525714,29109.2857142857,101.208572388571,2453.57142857143,32.8800002514286,7220.71428571429,101.667142595714,6552.28571428571,76.87714059,3.61148362267117,8.93377722882846,9.63331358375485,5.48399350738855,115.730100457143,8.51326716,109.78857204,25.31714276,107.259999957143,80.4442858014286,1.25840412919707
851,2009,5,416,2009-05-23,2009-05-29,37.12,37.12,29.6,16.31,60.3814285714286,2.94890052150164,3.835,2.00848,121.274891657143,7.7025208,26905.5714285714,93.5457142414286,2579.14285714286,34.5628572185714,6191.57142857143,87.1771425528571,14627.4285714286,171.622855051429,26811,93.2171434671428,2368.57142857143,31.73857144,5925.28571428571,83.42857252,6881.42857142857,80.7400011328571,1.03818395741401,9.91705804925969,2.63626909479842,6.21433627636406,116.416431942857,7.1687722,101.208572388571,32.8800002514286,101.667142595714,76.87714059,1.07327269867208
850,2009,5,417,2009-05-30,2009-06-05,37.69,37.69,26.98,16.31,64.1728571428572,3.10531648567246,3.868,1.94802,125.010009171429,7.53494136,26140.7142857143,100.988572255714,4055.57142857143,47.0514292042857,5488.14285714286,105.150000434286,11479.7142857143,238.7285723,26074.1428571429,100.730000087143,3835,44.4399997185714,5488.14285714286,105.150000434286,6887,151.16285869,5.83982639148053,5.03812148529264,17.4889134452499,62.4240174752383,121.274891657143,7.7025208,93.2171434671428,31.73857144,83.42857252,80.7400011328571,2.94890052150164
849,2009,6,418,2009-06-06,2009-06-12,34.99,34.99,25.56,16.31,68.4442857142857,1.93956917160204,3.857,1.9458,133.178891142857,7.5049506,24500,98.5414287014286,2616,28.7171429228571,4903.28571428571,104.514285495714,8838.14285714286,220.921428135714,24262.4285714286,97.5871418557143,2405.42857142857,26.40571458,4903.28571428571,104.514285495714,7070.28571428571,176.731427874286,1.10265789322257,1.66277720479063,5.12810961653702,12.5631845780671,125.010009171429,7.53494136,100.730000087143,44.4399997185714,105.150000434286,151.16285869,3.10531648567246
848,2009,6,419,2009-06-13,2009-06-19,40.88,40.88,28.86,16.31,69.8842857142857,1.15419318346761,4.032,1.95928,136.922883314286,7.89981696,24755.4285714286,99.5671408514286,2912.42857142857,31.9728570671429,4176.57142857143,89.0242865442857,6557,163.904288154286,24584.2857142857,98.8814294,2709.71428571429,29.7471436114286,4176.57142857143,89.0242865442857,6146.71428571429,153.647140504286,0.362372415058676,7.89857780747816,2.83886764473741,8.62044364555368,133.178891142857,7.5049506,97.5871418557143,26.40571458,104.514285495714,176.731427874286,1.93956917160204
847,2009,6,420,2009-06-20,2009-06-26,42.75,42.75,30.27,30.27,69.0471428571429,1.5253165167237701,3.949,1.9747,136.347393,7.7980903,24395.2857142857,98.1199983842857,3505.85714285714,38.48571396,4583.14285714286,97.6914280471429,4970.28571428571,124.239998954286,24310.5714285714,97.78000096,3313,36.3685719628571,4583.14285714286,97.6914280471429,4918.14285714286,122.937141418571,0.607069113590623,5.37655567631947,4.5393294697706,7.46459486073227,136.922883314286,7.89981696,98.8814294,29.7471436114286,89.0242865442857,153.647140504286,1.15419318346761
846,2009,6,421,2009-06-27,2009-07-03,51.64,51.64,43.08,43.08,67.9657142857143,1.41569602602216,3.615,1.94496,132.190595657143,7.0310304,25517,112.047143118571,4004.85714285714,42.9942850385714,3803.14285714286,88.4299992142857,4006.57142857143,130.461426871429,25442.4285714286,111.721431187143,3827.71428571429,41.0871423985714,3803.14285714286,88.4299992142857,3968.14285714286,129.155714852857,13.9295648430343,5.1300605949542,9.24851549625521,33.4252094775233,136.347393,7.7980903,97.78000096,36.3685719628571,97.6914280471429,122.937141418571,1.5253165167237701
845,2009,7,422,2009-07-04,2009-07-10,38.92,38.92,30.4,30.4,63.7014285714286,3.83590679662312,3.373,1.98724,126.590026914286,6.70296052,25625.1428571429,124.647143775714,6307.28571428571,66.1128561828571,3947.57142857143,102.015714371429,3449.57142857143,149.858570644286,24909.7142857143,121.167141507143,6088.85714285714,63.82428687,3947.57142857143,102.015714371429,3413.85714285714,148.308569772857,1.72523200430003,25.5899511360405,0.495341059229835,8.30417538443074,132.190595657143,7.0310304,111.721431187143,41.0871423985714,88.4299992142857,129.155714852857,1.41569602602216
844,2009,7,423,2009-07-11,2009-07-17,31.43,31.43,25.45,25.45,60.0528571428571,1.54355341431942,3.669,1.95218,117.233986657143,7.16254842,30583.5714285714,148.765712194286,14933.1428571429,156.532857622857,3880,100.270001004286,3043.14285714286,132.201429094286,29357.5714285714,142.804286411429,14046.5714285714,147.238568988571,3880,100.270001004286,3004.42857142857,130.52142988,7.559962521639,30.7327573361632,0.820772312174144,3.30255277553554,126.590026914286,6.70296052,121.167141507143,63.82428687,102.015714371429,148.308569772857,3.83590679662312
843,2009,7,424,2009-07-18,2009-07-24,20.77,20.77,17.32,17.32,63.6214285714286,2.64021734314587,3.695,1.89964,120.857810571429,7.0191698,25064.5714285714,121.922857011429,13253.8571428571,138.930000304286,3679.57142857143,95.0900006971429,2614.28571428571,113.572856357143,24939.1428571429,121.312857492857,12231,128.20714242,3679.57142857143,95.0900006971429,2575.85714285714,111.901428221429,5.78935613284697,26.8451695786836,2.52876921347844,5.51264790753532,117.233986657143,7.16254842,142.804286411429,147.238568988571,100.270001004286,130.52142988,1.54355341431942
842,2009,7,425,2009-07-25,2009-07-31,21.5,21.5,21.5,21.5,67.5085714285714,1.77786790446127,3.653,1.8827,127.098387428571,6.8775031,28424.2857142857,138.264285495714,9627,100.909999301429,3266.85714285714,84.42428589,2366.14285714286,102.791428702857,28292,137.621429442857,9308.42857142857,97.5728563585714,3266.85714285714,84.42428589,2335.57142857143,101.462857928571,7.71002565050481,2.7894310015887,3.54562184822041,2.84782813243024,120.857810571429,7.0191698,121.312857492857,128.20714242,95.0900006971429,111.901428221429,2.64021734314587
841,2009,8,426,2009-08-01,2009-08-07,16.31,16.31,16.31,16.31,70.7314285714286,3.32849029126539,3.674,1.82724,129.243295542857,6.71327976,26952.2857142857,157.30999756,19555.5714285714,224.861424038571,3420.85714285714,101.374283924286,2058.42857142857,127.482855661429,26418,154.191430227143,17145.1428571429,197.14428493,3420.85714285714,101.374283924286,2028,125.59714181,12.0553547859444,43.885400834329,5.78605963993935,6.33032285757086,127.098387428571,6.8775031,137.621429442857,97.5728563585714,84.42428589,101.462857928571,1.77786790446127
840,2009,8,427,2009-08-08,2009-08-14,16.31,16.31,16.31,16.31,74.0871428571428,0.329176461583705,3.238,1.8385,136.209212142857,5.953063,20772.1428571429,121.238572257143,21212.2857142857,243.908571514286,3007.71428571429,89.1314293985714,1742.57142857143,107.919999257143,20576.8571428571,120.098570687143,17743,204.020002092857,3007.71428571429,89.1314293985714,1716.28571428571,106.29285758,6.8479969610449,46.5431572148765,8.63054404889178,6.19351072545151,129.243295542857,6.71327976,154.191430227143,197.14428493,101.374283924286,125.59714181,3.32849029126539
839,2009,8,428,2009-08-15,2009-08-21,16.31,16.31,16.31,16.31,72.2728571428571,1.92629795450353,2.804,1.8476,133.531330857143,5.1806704,20379.4285714286,118.947142464286,14890.8571428571,171.222855704286,2741.71428571429,81.2485711228571,1540.71428571429,95.4185714714286,20267.8571428571,118.295715334286,12514,143.895713807143,2741.71428571429,81.2485711228571,1530.28571428571,94.7742854514286,8.97845901792113,26.5853934621764,0.223339755307571,1.90255914611427,136.209212142857,5.953063,120.098570687143,204.020002092857,89.1314293985714,106.29285758,0.329176461583705
838,2009,8,429,2009-08-22,2009-08-28,16.31,16.31,16.31,16.31,72.0985714285714,2.10300918187413,3.033,1.85594,133.810622657143,5.62906602,26387.5714285714,154.014286585714,10239.5714285714,117.741430008571,2646.28571428571,78.42000144,1447.28571428571,89.6328571871428,25935.4285714286,151.37285723,9622.57142857143,110.647144861429,2646.28571428571,78.42000144,1437.42857142857,89.0228576657143,6.49260912431191,14.9891600627015,1.88578877959236,2.98427905307849,133.531330857143,5.1806704,118.295715334286,143.895713807143,81.2485711228571,94.7742854514286,1.92629795450353
837,2009,8,430,2009-08-29,2009-09-04,16.31,16.31,16.31,16.31,70.1028571428571,2.43155447046908,2.728,1.87788,131.644753371429,5.12285664,23695,138.927141462857,8449.14285714286,87.9014276785714,2797.71428571429,88.7199990414286,1523.71428571429,108.567143031429,23465,137.574284145714,7955.42857142857,83,2797.71428571429,88.7199990414286,1515.57142857143,107.984285627143,7.12832183538331,21.823219769168,9.20657003079166,12.6221982029137,133.810622657143,5.62906602,151.37285723,110.647144861429,78.42000144,89.0228576657143,2.10300918187413
836,2009,9,431,2009-09-05,2009-09-11,16.31,16.31,16.31,16.31,68.0685714285714,1.38361156123454,2.96,1.82355,124.126443428571,5.397708,31131,183.19999695,24188.5714285714,237.162854877143,3092.57142857143,102.53000096,1336.42857142857,104.705713544286,28942.5714285714,170.322858537143,17097,167.63142831,3092.57142857143,102.53000096,1328.71428571429,104.102858407143,21.5135374399011,64.0296578999097,1.2455929438509,3.9154726932138,131.644753371429,5.12285664,137.574284145714,83,88.7199990414286,107.984285627143,2.43155447046908
835,2009,9,432,2009-09-12,2009-09-18,16.31,16.31,16.31,16.31,69.0942857142857,1.40097415087865,3.778,1.80742,124.882393885714,6.82843276,34489.8571428571,202.967143467143,31027.2857142857,304.212855747143,3140.85714285714,104.128571644286,1362.28571428571,106.731427874286,29885.7142857143,175.872859408571,12995.8571428571,127.42000035,3140.85714285714,104.128571644286,1348.14285714286,105.624285017143,8.71986677439829,19.0174755821413,2.34280563817723,2.17206334564073,124.126443428571,5.397708,170.322858537143,167.63142831,102.53000096,104.102858407143,1.38361156123454
834,2009,9,433,2009-09-19,2009-09-25,16.31,16.31,16.31,16.31,68.2642857142857,2.28769066340414,3.985,1.80086,122.934421571429,7.1764271,30628,180.238571167143,22305.8571428571,218.700001307143,3008.71428571429,99.7514288771429,1430.85714285714,112.104286194286,26274.7142857143,154.620001655714,12098.2857142857,118.620000568571,3005.71428571429,99.6514282228571,1422.71428571429,111.467144557143,6.15174287922144,25.0243156557407,1.48825991318052,1.78664143545856,124.882393885714,6.82843276,175.872859408571,127.42000035,104.128571644286,105.624285017143,1.40097415087865
833,2009,9,434,2009-09-26,2009-10-02,16.31,16.31,16.31,16.31,66.4342857142857,1.76252524466904,4.718,1.78434,118.541353371429,8.41851612,31991.5714285714,180.417146952857,34510.7142857143,328.262856618571,2778.14285714286,89.9085715157143,1424.28571428571,108.155714851429,24288.4285714286,135.96571677,8238.71428571429,77.1199993414286,2767.42857142857,89.5542853214286,1424.28571428571,108.155714851429,8.30341161036557,37.296351918891,4.06489074764962,4.28848726968228,122.934421571429,7.1764271,154.620001655714,118.620000568571,99.6514282228571,111.467144557143,2.28769066340414
832,2009,10,435,2009-10-03,2009-10-09,16.31,16.31,16.31,16.31,66.4928571428571,1.35918743232472,4.77,1.75124,116.444951142857,8.3534148,26003,128.052859712857,21553.7142857143,185.01714216,3412.42857142857,103.672857012857,1458.71428571429,102.247142247143,24924.1428571429,122.74142892,11476.1428571429,98.5128566185714,3412.42857142857,103.672857012857,1458.71428571429,102.247142247143,2.87758856599077,14.196707228943,7.99048778939449,3.19418966481781,118.541353371429,8.41851612,135.96571677,77.1199993414286,89.5542853214286,108.155714851429,1.76252524466904
831,2009,10,436,2009-10-10,2009-10-16,16.31,16.31,16.31,16.31,70.0185714285714,2.0603917796661,4.781,1.713425,119.97157075,8.191884925,28822.8571428571,141.940000261429,24850.2857142857,213.3142831,3316.57142857143,100.759999957143,1514.71428571429,106.172857012857,26012.5714285714,128.101427351429,11394.4285714286,97.8114297042857,3316.57142857143,100.759999957143,1514.71428571429,106.172857012857,12.6342204210624,37.5870854689827,5.73964327264937,8.50373999561532,116.444951142857,8.3534148,122.74142892,98.5128566185714,103.672857012857,102.247142247143,1.35918743232472
830,2009,10,437,2009-10-17,2009-10-23,16.31,16.31,16.31,16.31,74.6642857142857,2.82859126977188,4.787,1.72794,129.015405857143,8.27164878,43520.8571428571,214.320002962857,23166.2857142857,198.857142857143,3495,106.179999215714,1886.57142857143,132.238573345714,28132.1428571429,138.538570948571,10401.1428571429,89.2842848614286,3495,106.179999215714,1886.57142857143,132.238573345714,17.2343272840594,29.5955132806201,10.6858725311681,7.0572834631009,119.97157075,8.191884925,128.101427351429,97.8114297042857,100.759999957143,106.172857012857,2.0603917796661
829,2009,10,438,2009-10-24,2009-10-30,16.31,16.31,16.31,16.31,77.01,1.08489630840869,5.045,1.73564,133.6616364,8.7563038,45972.2857142857,226.392854964286,16900.4285714286,145.072858537143,6328.57142857143,192.265716551429,2062.14285714286,144.544285365714,32646.5714285714,160.767144338571,10937.7142857143,93.8899982985714,6328.57142857143,192.265716551429,2062.14285714286,144.544285365714,8.8483563880745,16.8918661696601,20.851009541279,3.7990810162599,129.015405857143,8.27164878,138.538570948571,89.2842848614286,106.179999215714,132.238573345714,2.82859126977188
828,2009,10,439,2009-10-31,2009-11-06,16.31,16.31,16.31,16.31,76.5257142857143,1.35844098317285,4.595,1.73115,132.477490285714,7.95463425,38357.1428571429,154.165714808571,10716.8571428571,124.277142114286,7221.28571428571,143.584285191429,2696.57142857143,123.39857156,33032.2857142857,132.39428602,9355.42857142857,108.997141155714,6912,137.831430705714,2696.57142857143,123.39857156,20.7208732572113,11.8185857676001,20.9736768718735,20.5007550691359,133.6616364,8.7563038,160.767144338571,93.8899982985714,192.265716551429,144.544285365714,1.08489630840869
827,2009,11,440,2009-11-07,2009-11-13,16.31,16.31,16.31,16.31,76.6814285714286,1.23163074243672,4.392,1.71464,131.481044685714,7.53069888,36809.8571428571,141.325714111429,10396.5714285714,126.932856968571,8811.57142857143,163.755715505714,3416.85714285714,145.108570644286,32088,123.195712497143,9208.85714285714,112.434283664286,8811.57142857143,163.755715505714,3407,144.688572474286,4.44566652890415,12.2834176394967,4.67167610180986,5.96635656508671,132.477490285714,7.95463425,132.39428602,108.997141155714,137.831430705714,123.39857156,1.35844098317285
826,2009,11,441,2009-11-14,2009-11-20,16.31,16.31,16.31,16.31,76.6114285714286,1.29539477343692,4.424,1.71972,131.750205942857,7.60804128,36933.8571428571,141.799998692857,12450.1428571429,152.005713327143,8589.71428571429,159.63142831,3475.42857142857,147.594286237143,30842,118.412855964286,10506.5714285714,128.275715418571,8589.71428571429,159.63142831,3473.85714285714,147.528573171429,3.82007561471691,22.2280795402686,7.20985942566543,7.16074131367066,131.481044685714,7.53069888,123.195712497143,112.434283664286,163.755715505714,144.688572474286,1.23163074243672
825,2009,11,442,2009-11-21,2009-11-27,16.31,16.31,16.31,16.31,77.1283333333333,1.13485535054827,5.192,1.73222,133.603241566667,8.99368624,34157.1428571429,131.035716464286,15988.8571428571,195.210000174286,7241.28571428571,134.57143075,3568,151.527143205714,28177.1428571429,108.095714025714,12396,151.345717291429,7241.28571428571,134.57143075,3568,151.527143205714,2.31876966443474,25.4633037161256,3.38087068003146,4.53573767171707,131.750205942857,7.60804128,118.412855964286,128.275715418571,159.63142831,147.528573171429,1.29539477343692
824,2009,11,443,2009-11-28,2009-12-04,16.31,16.31,16.31,16.31,76.8828571428571,0.964049000928155,4.586,1.72372,132.524518514286,7.90497992,43120.4285714286,129.751428875714,14188.5714285714,199.012858798571,5520.85714285714,77.2271434228571,3531.71428571429,108.019998822857,33087,99.2542855414286,11314.5714285714,158.964285714286,5520.85714285714,77.2271434228571,3528,107.938572475714,11.1643396228017,28.2505308364623,32.0193438414177,39.8895466559134,133.603241566667,8.99368624,108.095714025714,151.345717291429,134.57143075,151.527143205714,1.13485535054827
823,2009,12,444,2009-12-05,2009-12-11,16.31,16.31,16.31,16.31,75.98,2.76236010203862,5.163,1.75006,132.9695588,9.03555978,65297.2857142857,164.857145035714,10878,166.501429965714,5002,50.0942862385714,4308,93.1042861942857,51458.7142857143,129.917143685714,8467,129.598570687143,5002,50.0942862385714,4307.42857142857,93.0914284842857,13.6899554072221,11.1761835585861,2.51250801566615,12.1955645456075,132.524518514286,7.90497992,99.2542855414286,158.964285714286,77.2271434228571,107.938572475714,0.964049000928155
822,2009,12,445,2009-12-12,2009-12-18,16.31,16.31,16.31,16.31,72.1928571428571,1.77315833364955,5.782,1.7644,127.377077142857,10.2017608,67617,170.711427961429,10596,162.1857169,7441,74.5214282442857,5717.14285714286,123.55999865,45582.2857142857,115.07999965,8908.28571428571,136.352858405714,7441,74.5214282442857,5717.14285714286,123.55999865,11.1945644259648,15.5945144091906,13.891408855174,7.73508803569054,132.9695588,9.03555978,129.917143685714,129.598570687143,50.0942862385714,93.0914284842857,2.76236010203862
821,2009,12,446,2009-12-19,2009-12-25,16.31,16.31,16.31,16.31,72.7971428571429,1.43170893556954,5.643,1.77175,128.978337857143,9.99798525,55972.5714285714,141.312857491429,8136.28571428571,124.538568768571,10480.1428571429,104.960000175714,6008,129.84714399,29994.8571428571,75.7285723028571,7631,116.801428657143,10480.1428571429,104.960000175714,6008,129.84714399,7.27271830820486,7.61546758776992,2.0425063847975,6.19049371046096,127.377077142857,10.2017608,115.07999965,136.352858405714,74.5214282442857,123.55999865,1.77315833364955
820,2009,12,447,2009-12-26,2010-01-01,16.31,16.31,16.31,16.31,75.6328571428571,2.24976083384936,5.572,1.740275,131.621970464286,9.6968123,63959.4285714286,153.93285479,9721.42857142857,148.877144948571,10034.5714285714,96.7942842742857,6630.57142857143,133.082858492857,35435.4285714286,85.6742847971428,7053.71428571429,108.01714325,10034.5714285714,96.7942842742857,6630.57142857143,133.082858492857,11.3255470790027,14.3111038756933,13.0754374725307,20.2976403793456,128.978337857143,9.99798525,75.7285723028571,116.801428657143,104.960000175714,129.84714399,1.43170893556954
819,2010,1,448,2010-01-02,2010-01-08,12.8,12.8,12.8,12.8,78.7442857142857,1.4140468773805701,5.749,1.73134,136.333131628571,9.95347366,76690,142.25,13046.1428571429,200.498572212857,9414.42857142857,68.1642859328572,9529,116.325714111429,46294,85.8685716914286,8970.57142857143,137.86428724,9414.42857142857,68.1642859328572,9529,116.325714111429,5.43559132581966,40.6945198367342,2.48046313754378,10.5559871444229,131.621970464286,9.6968123,85.6742847971428,108.01714325,96.7942842742857,133.082858492857,2.24976083384936
818,2010,1,449,2010-01-09,2010-01-15,12.8,12.8,12.8,12.8,79.3371428571429,1.25445491862309,5.691,1.75046,138.876495085714,9.96186786,66007.7142857143,122.434285845714,12476.5714285714,191.748570034286,12037.7142857143,87.1571437285714,11013.4285714286,134.445712498571,43773.5714285714,81.1942858014286,7817,120.135713848571,12037.7142857143,87.1571437285714,11013.4285714286,134.445712498571,4.1739415882348,16.4491546367918,8.47198845977544,4.86852080092474,136.333131628571,9.95347366,85.8685716914286,137.86428724,68.1642859328572,116.325714111429,1.4140468773805701
817,2010,1,450,2010-01-16,2010-01-22,12.8,12.8,12.8,12.8,76.1942857142857,2.30786955973717,5.819,1.78744,136.192714057143,10.40111336,63678.2857142857,118.112858364286,15296.8571428571,230.39428493,11960.1428571429,86.5957151142857,9810.42857142857,119.761429922857,41073,76.1842847571429,7280.42857142857,109.902855465714,11960.1428571429,86.5957151142857,9810.42857142857,119.761429922857,2.14737644073031,34.47703571813,10.2533156911174,2.50903241050851,138.876495085714,9.96186786,81.1942858014286,120.135713848571,87.1571437285714,134.445712498571,1.25445491862309
816,2010,1,451,2010-01-23,2010-01-29,12.8,12.8,12.8,12.8,73.2442857142857,1.64873544616107,5.131,1.84684,135.270476628571,9.47613604,68757.2857142857,127.53428432,17714.1428571429,263.922853744286,8459.57142857143,61.2514288785714,9489.85714285714,115.847143991429,38497.7142857143,71.4071426385714,7655.28571428571,114.055713652857,8459.57142857143,61.2514288785714,9236.71428571429,112.757144382857,4.11275080004926,47.3826088009215,5.93360099352763,1.02206866637842,136.192714057143,10.40111336,76.1842847571429,109.902855465714,86.5957151142857,119.761429922857,2.30786955973717
815,2010,1,452,2010-01-30,2010-02-05,12.8,12.8,12.8,12.8,72.2685714285714,1.72222171018933,5.515,1.85802,134.276451085714,10.2469803,77340.8571428571,138.957142421429,13327.5714285714,184.471426828571,6462.42857142857,45.1971424642857,10572.1428571429,104.371428352857,45107.1428571429,80.9742867614286,10917,150.452856881429,6462.42857142857,45.1971424642857,8697.85714285714,86.4914289214286,3.97271463291257,15.39174650896,3.23070005693396,18.038718818505,135.270476628571,9.47613604,71.4071426385714,114.055713652857,61.2514288785714,112.757144382857,1.64873544616107
814,2010,2,453,2010-02-06,2010-02-12,12.8,12.8,12.8,12.8,71.9271428571429,2.24901248170335,5.468,1.85818,133.653578314286,10.16052824,62403.8571428571,110.799998688571,11851,158.164287021429,7266.85714285714,50.0500003257143,10366.7142857143,92.8742850171429,41446.8571428571,73.5899996085714,10192.8571428571,136.034286498571,7266.85714285714,50.0500003257143,7947.28571428571,71.1971413728571,4.46074206236743,8.87855491303609,2.01007450019541,2.28230678396473,134.276451085714,10.2469803,80.9742867614286,150.452856881429,45.1971424642857,86.4914289214286,1.72222171018933
813,2010,2,454,2010-02-13,2010-02-19,12.8,12.8,14.84,12.8,73.2885714285714,2.80767655171449,5.044,1.82236666666667,133.558649619048,9.19201746666667,50294.2857142857,89.2971442085714,18064.7142857143,241.094279697143,5258.57142857143,36.2171437385714,10330.8571428571,92.5528575328571,34886.2857142857,61.9428569242857,8908.14285714286,118.888571602857,5258.57142857143,36.2171437385714,6843.85714285714,61.31428528,1.50817358151623,18.564336704955,5.24927242698137,4.79641136637701,133.653578314286,10.16052824,73.5899996085714,136.034286498571,50.0500003257143,71.1971413728571,2.24901248170335
812,2010,2,455,2010-02-20,2010-02-26,12.8,12.8,16.97,12.8,75.9328571428571,1.17376480162037,4.813,1.81738,137.998855914286,8.74704994,50251.1428571429,89.2214290071429,12343.2857142857,164.734285627143,3986.42857142857,27.4557146342857,9900.57142857143,88.6971424642857,39139.5714285714,69.4928577971429,9080.14285714286,121.185714722857,3986.42857142857,27.4557146342857,7422.57142857143,66.4971427914286,5.27011009337232,8.393221252201,1.08540089629656,2.24828570840654,133.558649619048,9.19201746666667,61.9428569242857,118.888571602857,36.2171437385714,61.31428528,2.80767655171449
811,2010,2,456,2010-02-27,2010-03-05,28.62,28.62,34.59,28.62,76.6842857142857,1.37142088291527,4.593,1.78738,137.0639586,8.20943634,56668.7142857143,105.377142771429,8276.85714285714,123.45714351,5705.14285714286,39.6271427685714,10056.7142857143,80.6971424642857,47570.1428571429,88.47142901,7547,113.181428091429,5705.14285714286,39.6271427685714,7013,56.2185717985714,9.92784473581549,10.6433208090232,3.58480921780152,4.47602352381192,137.998855914286,8.74704994,69.4928577971429,121.185714722857,27.4557146342857,66.4971427914286,1.17376480162037
810,2010,3,457,2010-03-06,2010-03-12,15.85,15.85,20.89,15.85,78.8442857142857,0.944419700888352,4.4,1.77462,139.918646314286,7.808328,59055.4285714286,111.419999258571,6574,102.934286935714,6073.42857142857,42.3100002814286,9549.71428571429,72.9728578857143,45524.8571428571,85.8900004785714,6330.14285714286,99.1157161157143,6017.14285714286,41.9171425957143,7396.85714285714,56.5228576685714,4.41901131062674,6.82290373344823,2.44018253667941,3.80205963141721,137.0639586,8.20943634,88.47142901,113.181428091429,39.6271427685714,56.2185717985714,1.37142088291527
809,2010,3,458,2010-03-13,2010-03-19,21.05,21.05,25.68,21.05,79.3328571428572,1.13961564113679,4.169,1.77424,140.755528457143,7.39680656,48639.1428571429,91.7642865885714,6733.71428571429,105.437143597143,7870.85714285714,54.8314285271429,10108.5714285714,77.2428556157143,40376,76.1742869785714,6717.57142857143,105.184286935714,7870.85714285714,54.8314285271429,7915.85714285714,60.4857139585714,1.0775259680045,11.4637254493866,8.33131046557092,1.81978732070325,139.918646314286,7.808328,85.8900004785714,99.1157161157143,41.9171425957143,56.5228576685714,0.944419700888352
808,2010,3,459,2010-03-20,2010-03-26,35.82,35.82,35.94,35.82,78.9928571428571,0.941996360319439,3.872,1.79892,142.101830571429,6.96541824,47536,89.6842858442857,8868.42857142857,138.85999952,10205.4285714286,71.0957151157143,11207,85.6342849728571,41418.5714285714,78.1428560514286,8707.42857142857,136.337141855714,10205.4285714286,71.0957151157143,7278,55.6114283985714,3.9549363809887,58.3380923463469,2.51419182294565,4.44977696288532,140.755528457143,7.39680656,76.1742869785714,105.184286935714,54.8314285271429,60.4857139585714,1.13961564113679
807,2010,3,460,2010-03-27,2010-04-02,37.88,37.88,38.26,37.88,79.53,1.63398286404715,4.086,1.787375,142.14993375,7.30321425,51158.2857142857,105.775715418571,14750.1428571429,235.328574045714,8751,64.6957152214286,11728.7142857143,89.64000048,40486.2857142857,83.0071422028571,11487,183.475714547143,8751,64.6957152214286,7194.28571428571,54.9857139585714,8.81622519898392,29.7101850364527,4.62642007961746,3.68667925840568,142.101830571429,6.96541824,78.1428560514286,136.337141855714,71.0957151157143,55.6114283985714,0.941996360319439
806,2010,4,461,2010-04-03,2010-04-09,21.34,21.34,26.6,21.34,82.73,2.15348554673593,4.07,1.76672,146.1607456,7.1905504,57697.8571428571,143.75,10833.8571428571,183.670000348571,9097,77.6085706428571,12564,96.0714274814286,41297,102.888571602857,7426.85714285714,125.910000392857,9097,77.6085706428571,7124.42857142857,54.4757134571429,3.14360955727124,33.4795705219719,6.42011273240829,4.14497983196264,142.14993375,7.30321425,83.0071422028571,183.475714547143,64.6957152214286,54.9857139585714,1.63398286404715
805,2010,4,462,2010-04-10,2010-04-16,12.8,12.8,20.63,12.8,84.6942857142857,1.55501186643712,4.039,1.75278,148.450450114286,7.07947842,47817.4285714286,119.134286064286,8128.57142857143,137.804284232857,9472.14285714286,80.8071441671429,15623.7142857143,119.465714592857,35356.4285714286,88.0871418557143,7424.71428571429,125.87142944285701,9357.71428571429,79.8328574057143,6800.71428571429,52.0014288771429,6.35782291182435,20.2965679956893,4.58195809731764,6.13106347565383,146.1607456,7.1905504,102.888571602857,125.910000392857,77.6085706428571,54.4757134571429,2.15348554673593
804,2010,4,463,2010-04-17,2010-04-23,23.97,23.97,24.05,23.96,84.74,1.30955463167254,4.257,1.757575,148.9369055,7.481996775,36091.2857142857,89.9199992585715,10752,182.282861981429,9434.42857142857,80.4871433814286,14955.1428571429,114.352856225714,30500.5714285714,75.9899989528571,8090.42857142857,137.161426002857,9434.42857142857,80.4871433814286,7432.85714285714,56.83571461,2.74152202100811,66.1224305246099,5.74315031132095,6.43879126961258,148.450450114286,7.07947842,88.0871418557143,125.87142944285701,79.8328574057143,52.0014288771429,1.55501186643712
803,2010,4,464,2010-04-24,2010-04-30,23.13,23.13,23.32,23.1,85.44,1.0585839598244,3.92,1.74366,148.9783104,6.8351472,34310.1428571429,85.4828567514286,43461.1428571429,736.812857491429,5803.14285714286,49.5071427485714,10750.8571428571,82.2042868485714,28043.7142857143,69.8685706,7594.14285714286,128.74571555,5803.14285714286,49.5071427485714,7324.14285714286,56.0028572071429,1.34154652776325,35.4795353198492,8.9717358917809,3.26061158740645,148.9369055,7.481996775,75.9899989528571,137.161426002857,80.4871433814286,56.83571461,1.30955463167254
802,2010,5,465,2010-05-01,2010-05-07,23.8,19.94,25.02,23.8,84.8285714285714,2.73152233849832,4.015,1.7878,151.65652,7.178017,31035.2857142857,106.344284058571,21805.8571428571,283.790002005714,3883.14285714286,54.6757147657143,8018.57142857143,94.0828574057143,27117.8571428571,92.9199992614286,7866.42857142857,102.37714386,3883.14285714286,54.6757147657143,7033.71428571429,82.5257132385714,2.98539095306457,41.7044749629536,2.4525074035766,5.27906466223171,148.9783104,6.8351472,69.8685706,128.74571555,49.5071427485714,56.0028572071429,1.0585839598244
801,2010,5,466,2010-05-08,2010-05-14,27.28,23.62,30.6,27.28,80.0828571428572,2.95801574418662,4.312,1.78126,142.648390114286,7.68079312,28992.1428571429,99.34285627,27496.8571428571,357.854287282857,3799.14285714286,53.49285725,6694.57142857143,78.5457142414286,26594.7142857143,91.1271427685714,9932.42857142857,129.264287675714,3799.14285714286,53.49285725,6478.28571428571,76.0099999585714,2.79615666008506,54.2482214949193,1.16580012148009,3.03545079613645,151.65652,7.178017,92.9199992614286,102.37714386,54.6757147657143,82.5257132385714,2.73152233849832
800,2010,5,467,2010-05-15,2010-05-21,32.9,32.9,34.48,32.9,75.5471428571428,3.86905550182379,4.035,1.83358,138.5217302,7.3984953,28204.1428571429,96.6428582328572,24442.5714285714,318.105710711429,3656.14285714286,51.4785717557143,5072.57142857143,59.5157143714286,25388.5714285714,86.9971422471428,15395.2857142857,200.358570644286,3656.14285714286,51.4785717557143,5049.57142857143,59.2471427914286,1.63811628694794,19.4100992185072,2.07175772984482,6.21220741413137,142.648390114286,7.68079312,91.1271427685714,129.264287675714,53.49285725,76.0099999585714,2.95801574418662
799,2010,5,468,2010-05-22,2010-05-28,35.07,32.67,36.25,35.09,71.5371428571429,2.10936573631095,4.341,1.84622,132.073303885714,8.01444102,27687.2857142857,94.8728583214286,16671.1428571429,216.964283534286,3806.57142857143,53.5971423557143,3953.57142857143,46.3885721485714,25012.1428571429,85.7057157242857,10499.7142857143,136.648572648571,3806.57142857143,53.5971423557143,3938.42857142857,46.2100001742857,1.60912875461106,23.2277708376835,1.34382173370658,1.59190734145167,138.5217302,7.3984953,86.9971422471428,200.358570644286,51.4785717557143,59.2471427914286,3.86905550182379
798,2010,5,469,2010-05-29,2010-06-04,56.48,56.48,56.48,56.48,71.7242857142857,2.23645446442091,4.797,1.828825,131.171166821429,8.772873525,25102.5714285714,93.77571324,10574.1428571429,124.497142247143,3634.28571428571,65.9471435542857,3894,74.3928582314286,23099.2857142857,86.3028564471428,8762.71428571429,102.261429922857,3632.42857142857,65.90714373,3882.28571428571,74.1342849728571,6.01464206735569,14.9013155938075,12.7602445924315,25.4402224338149,132.073303885714,8.01444102,85.7057157242857,136.648572648571,53.5971423557143,46.2100001742857,2.10936573631095
797,2010,6,470,2010-06-05,2010-06-11,60.57,60.57,60.57,60.57,72.8457142857143,1.08992136020332,4.781,1.8397,134.014260571429,8.7956057,25012.7142857143,99.4514280014286,9692.14285714286,103.617143905714,3386.71428571429,72.1885702942857,3087.85714285714,77.1857136314286,23746.1428571429,94.4157137171429,7859.71428571429,84.02571433,3361.28571428571,71.6457127157143,3068.85714285714,76.7099990857143,5.81172237431814,11.6995486267424,1.05610703283298,5.3169534609715,131.171166821429,8.772873525,86.3028564471428,102.261429922857,65.90714373,74.1342849728571,2.23645446442091
796,2010,6,471,2010-06-12,2010-06-18,59.8,59.8,59.8,59.8,74.4957142857143,1.98877564632816,4.997,1.78864,133.2460144,8.93783408,23315.5714285714,92.7057146328572,8328.14285714286,89.0357131957143,2985.14285714286,63.6285711,2517.85714285714,62.94000026,22871.5714285714,90.9371425085714,7943.85714285714,84.9242847985714,2961,63.1142866942857,2505.71428571429,62.63571385,3.34749981373751,22.8512916422746,5.44809708765024,2.09590668935303,134.014260571429,8.7956057,94.4157137171429,84.02571433,71.6457127157143,76.7099990857143,1.08992136020332
795,2010,6,472,2010-06-19,2010-06-25,65.73,65.73,65.73,65.73,76.4142857142857,1.31834311596997,4.861,1.77798,135.863071714286,8.64276078,20998,83.4885722571429,12471.1428571429,133.327144077143,2684.71428571429,57.2242856728571,2241.57142857143,56.0314287471429,20781.8571428571,82.6299994328571,10845.1428571429,115.94571468,2684.71428571429,57.2242856728571,2228.57142857143,55.7071440571429,1.37006133547729,14.7367498424192,2.95936892539229,1.7974305504592,133.2460144,8.93783408,90.9371425085714,84.9242847985714,63.1142866942857,62.63571385,1.98877564632816
794,2010,6,473,2010-06-26,2010-07-02,100.56,100.56,110.68,110.68,75.43,1.96577380862232,4.687,1.79336,135.2731448,8.40547832,20292.1428571429,85.4728557042857,7447.85714285714,78.7042863028571,2963,66.7471417,1901.28571428571,56.9985716671429,20066.1428571429,84.5171421585714,7395,78.14428493,2963,66.7471417,1887.28571428571,56.5885712771429,7.36490225321456,12.1623800119732,3.8881341485874,14.5183709678042,135.863071714286,8.64276078,82.6299994328571,115.94571468,57.2242856728571,55.7071440571429,1.31834311596997
793,2010,7,474,2010-07-03,2010-07-09,102.78,102.78,102.95,102.95,73.6228571428571,1.46980400377849,4.402,1.76646,130.051832228571,7.77595692,19410.7142857143,93.43143027,5184.57142857143,52.7642854957143,2636.28571428571,68.1285738257143,1742.85714285714,75.7157135028571,19091.2857142857,91.8928582342857,5166,52.5757146557143,2636.28571428571,68.1285738257143,1736.42857142857,75.4357136285714,1.38407274638448,4.6570230640754,0.746266983330858,1.99641232396916,135.2731448,8.40547832,84.5171421585714,78.14428493,66.7471417,56.5885712771429,1.96577380862232
792,2010,7,475,2010-07-10,2010-07-16,96.21,96.21,98.66,98.66,74.6157142857143,1.31383480878051,4.519,1.76536,131.723597371429,7.97766184,19356.2857142857,93.1671425942857,6909.71428571429,70.3242852357143,2583.14285714286,66.7557144171429,1616.57142857143,70.2271434228572,18596.1428571429,89.5099988642857,6722,68.4114276342857,2580.85714285714,66.6971424657143,1611.28571428571,69.9985722142857,4.5000631901823,14.6462462498282,0.93276857495278,1.05523047964529,130.051832228571,7.77595692,91.8928582342857,52.5757146557143,68.1285738257143,75.4357136285714,1.46980400377849
791,2010,7,476,2010-07-17,2010-07-23,80.9,80.9,94.51,94.51,76.2542857142857,0.736474872685132,4.58,1.77252,135.162246514286,8.1181416,22329.1428571429,107.47857012,16834.8571428571,171.332858494286,2504.42857142857,64.7214284614286,1588.28571428571,68.9971422457143,21861.4285714286,105.227144514286,15162.2857142857,154.310001917143,2480.85714285714,64.1114289414286,1578.85714285714,68.5899990628571,2.39520798359434,50.1022088288543,0.44588672879425,2.42296625032266,131.723597371429,7.97766184,89.5099988642857,68.4114276342857,66.6971424657143,69.9985722142857,1.31383480878051
790,2010,7,477,2010-07-24,2010-07-30,73.15,73.14,89.21,89.21,77.1542857142857,0.981374158053652,4.923,1.76304,136.026091885714,8.67944592,19671.2857142857,94.6385726942857,13603.1428571429,138.444283622857,2312.85714285714,59.7714293342857,1290.28571428571,56.0542853214286,19387.5714285714,93.2714287885714,12376.8571428571,125.962859017143,2297.14285714286,59.3642861514286,1283.71428571429,55.7699999128571,5.56014801830228,24.3573317759124,2.83283639123264,3.38454349977471,135.162246514286,8.1181416,105.227144514286,154.310001917143,64.1114289414286,68.5899990628571,0.736474872685132
789,2010,7,478,2010-07-31,2010-08-06,105.27,105.27,105.68,105.68,79.5528571428571,3.27385967061217,4.467,1.75414,139.546848828571,7.83574338,17287.5714285714,97.2371422885714,12875.4285714286,141.754284451429,2170,63.1628570557143,1219.14285714286,72.3371434885714,16920.2857142857,95.1457138057143,11539.7142857143,126.96571459,2153.85714285714,62.6985713414286,1215.28571428571,72.1157150257143,4.58777955313586,20.3869543978443,4.84727585919441,9.00120242303771,136.026091885714,8.67944592,93.2714287885714,125.962859017143,59.3642861514286,55.7699999128571,0.981374158053652
788,2010,8,479,2010-08-07,2010-08-13,125.3,125.3,125.75,125.75,81.0771428571428,2.8125238623325,4.328,1.76366,142.992513771429,7.63312048,16863.8571428571,96.8528573157143,10547,117.268572125714,2314.57142857143,68.5899996085714,1169,72.3985704685714,16573.1428571429,95.1857158128571,10188.4285714286,113.281428748571,2304.14285714286,68.2814276571429,1169,72.3985704685714,1.69831030687443,11.8620513823633,1.86835276182037,2.30294300449465,139.546848828571,7.83574338,95.1457138057143,126.96571459,62.6985713414286,72.1157150257143,3.27385967061217
787,2010,8,480,2010-08-14,2010-08-20,117.23,117.23,118.4,118.4,76.2842857142857,1.96981265727525,4.117,1.75642,133.987245114286,7.23118114,15578.1428571429,89.3642872414286,7588,84.36857278,2119.71428571429,62.81714303,1082.71428571429,67.0557141985714,14806.4285714286,84.9357125414286,7516.42857142857,83.5728574485714,2095.71428571429,62.1042851042857,1082.71428571429,67.0557141985714,4.9761389953347,14.8701380837129,1.04565578945892,1.48659535203622,142.992513771429,7.63312048,95.1857158128571,113.281428748571,68.2814276571429,72.3985704685714,2.8125238623325
786,2010,8,481,2010-08-21,2010-08-27,123.44,123.44,123.98,123.91,74.0685714285714,1.887886195117,3.651,1.76164,130.482158171429,6.43174764,14416.7142857143,82.7014269142857,4985.28571428571,55.4300003057143,1939.42857142857,57.4742862128571,1056,65.3999993471429,13371.4285714286,76.7042857585714,4966.71428571429,55.22285734,1918.57142857143,56.8542851028571,1056,65.3999993471429,2.11515028490343,6.26623739139974,2.03920658542581,1.08366642479902,133.987245114286,7.23118114,84.9357125414286,83.5728574485714,62.1042851042857,67.0557141985714,1.96981265727525
785,2010,8,482,2010-08-28,2010-09-03,105.98,105.97,154.88,154.88,73.9314285714286,2.2763525545005,3.939,1.744,128.936411428571,6.869616,13526.5714285714,77.54714421,4146.57142857143,43.1328571871429,1892.85714285714,58.9985722114286,992.285714285714,68.40857206,12566.7142857143,72.0485709042857,4121.85714285714,42.8857143942857,1872.71428571429,58.3642856057143,992.285714285714,68.40857206,1.01817613753204,4.04792427619173,4.48443908355858,8.46374215912923,130.482158171429,6.43174764,76.7042857585714,55.22285734,56.8542851028571,65.3999993471429,1.887886195117
784,2010,9,483,2010-09-04,2010-09-10,126.25,125.41,174.53,174.53,76.27,1.2971378749647,3.883,1.72205,131.3407535,6.68672015,12754,73.5057144185714,3722,35.5028566628571,1877.42857142857,62.2442850385714,934.571428571429,73.2214290071429,12425.4285714286,71.6114262185714,3646.42857142857,34.7814284714286,1858.42857142857,61.61285673,934.571428571429,73.2214290071429,0.455756019555899,3.85647737247548,2.23191666181288,0.827675050990852,128.936411428571,6.869616,72.0485709042857,42.8857143942857,58.3642856057143,68.40857206,2.2763525545005
783,2010,9,484,2010-09-11,2010-09-17,117.26,117.26,171.77,171.77,77.7914285714286,1.03254424556415,4.024,1.71458,133.3796276,6.89946992,12713,73.2699988242857,3310,31.5728569014286,2034.85714285714,67.46142905,880.285714285714,68.9685712528571,12279.8571428571,70.7714287885714,3287.57142857143,31.3600000657143,2012.71428571429,66.7271434257143,880.285714285714,68.9685712528571,0.844974033386602,3.45643332433411,2.66805046793541,1.05999202226555,131.3407535,6.68672015,71.6114262185714,34.7814284714286,61.61285673,73.2214290071429,1.2971378749647
782,2010,9,485,2010-09-18,2010-09-24,132.62,132.09,187.76,187.76,78.2957142857143,0.829173426628686,3.881,1.71858,134.557448657143,6.66980898,12575.5714285714,72.47857121,10215.8571428571,97.4457130428572,1871.28571428571,62.04142761,818.714285714286,64.1428582328571,12269.5714285714,70.7128568371429,8378.14285714286,79.91714314,1849.28571428571,61.3114286157143,818.714285714286,64.1428582328571,0.865519083845278,63.9967950918301,1.36600957247882,3.01914874233806,133.3796276,6.89946992,70.7714287885714,31.3600000657143,66.7271434257143,68.9685712528571,1.03254424556415
781,2010,9,486,2010-09-25,2010-10-01,168.6,168.6,246.32,246.32,78.5342857142857,1.16143384289818,3.797,1.6992,133.445458285714,6.4518624,18179.8571428571,101.628570555714,7309.42857142857,68.8728572285714,2064.71428571429,67.6428555071429,861.285714285714,66.5185715814286,16677,93.3457151142857,6230.85714285714,58.59571457,2047,67.0600008285714,861.285714285714,66.5185715814286,12.6349782043099,15.1224713434337,2.768921793805,4.31724228550644,134.557448657143,6.66980898,70.7128568371429,79.91714314,61.3114286157143,64.1428582328571,0.829173426628686
780,2010,10,487,2010-10-02,2010-10-08,140.59,140.59,221.61,221.61,81.9271428571429,2.39098804043902,3.651,1.67978,137.619576028571,6.13287678,25268,121.808571951429,5999.71428571429,50.1742858857143,2054.71428571429,62.4214292257143,805.857142857143,56.4842856271429,21235.2857142857,102.36857169,5919.42857142857,49.5042849942857,2037.71428571429,61.9085720642857,805.857142857143,56.4842856271429,6.92772587235684,11.2161326121839,1.22585223191888,3.94724309303779,133.445458285714,6.4518624,93.3457151142857,58.59571457,67.0600008285714,66.5185715814286,1.16143384289818
779,2010,10,488,2010-10-09,2010-10-15,116.22,116.22,180.45,180.45,83.7928571428572,0.62109350572623,3.535,1.65925,139.033298214286,5.86544875,22105.4285714286,106.562857492857,6425.85714285714,53.7371428342857,2275,69.1157150271429,889,62.31285749,20708.2857142857,99.8285729542857,6358,53.1685709257143,2250.85714285714,68.38142831,889,62.31285749,6.24132480392354,8.82686412678594,2.01016905521813,1.89481509092026,137.619576028571,6.13287678,102.36857169,49.5042849942857,61.9085720642857,56.4842856271429,2.39098804043902
778,2010,10,489,2010-10-16,2010-10-22,143.33,143.33,257.54,257.54,82.5357142857143,1.01062451225075,3.332,1.68286,138.896052142857,5.60728952,19886.8571428571,95.8657139371428,6759,56.5242854514286,2338.57142857143,71.0471420285714,900.857142857143,63.1457138071428,18537.2857142857,89.3614283971428,6681.28571428571,55.8728572314286,2317.14285714286,70.3985715614286,900.857142857143,63.1457138071428,4.77915689530435,6.3561117535855,3.37775352362515,6.37041660218389,139.033298214286,5.86544875,99.8285729542857,53.1685709257143,68.38142831,62.31285749,0.62109350572623
777,2010,10,490,2010-10-23,2010-10-29,143.66,143.66,292.61,292.61,81.5685714285714,0.72303592744801,4.038,1.70468,139.048312342857,6.88349784,19492.1428571429,93.9642868057143,4831.71428571429,40.4071431857143,2752.85714285714,83.6342860642857,1530.42857142857,107.274286541429,18614.4285714286,89.73286002,4817.71428571429,40.2885714928572,2735.42857142857,83.1042851028571,1530.42857142857,107.274286541429,0.649428079831042,3.66556662758025,9.93289373093657,9.1866561275814,138.896052142857,5.60728952,89.3614283971428,55.8728572314286,70.3985715614286,63.1457138071428,1.01062451225075
776,2010,10,491,2010-10-30,2010-11-05,148.25,148.25,148.25,148.25,83.65,1.90100850427707,3.937,1.689225,141.30367125,6.650478825,22189.1428571429,89.3871427242857,6451.57142857143,69.5385720371429,3057.42857142857,67.0457142428571,1618.57142857143,80.75428445,21109.7142857143,84.6514293128571,6403.71428571429,69.0914295742857,3045.14285714286,66.7785704471429,1618.57142857143,80.75428445,3.8639424984094,10.8756228965843,17.1222895193296,17.9187602352584,139.048312342857,6.88349784,89.73286002,40.2885714928572,83.1042851028571,107.274286541429,0.72303592744801
775,2010,11,492,2010-11-06,2010-11-12,120.25,120.25,118.11,120.25,86.7242857142857,1.26277283709059,3.799,1.70692,148.031417771429,6.48458908,25111.8571428571,94.1142861485714,4524.28571428571,53.8899993914286,3707.42857142857,68.8985710171429,1692.85714285714,71.8914282657143,23905.8571428571,89.5971429014286,4498.42857142857,53.58428628,3694.57142857143,68.6614281785714,1692.85714285714,71.8914282657143,3.15597721898565,4.39624332416206,8.93638508499337,1.0180262274159,141.30367125,6.650478825,84.6514293128571,69.0914295742857,66.7785704471429,80.75428445,1.90100850427707
774,2010,11,493,2010-11-13,2010-11-19,126.57,126.57,125.73,126.57,86.0785714285714,2.00910783327164,4.164,1.722325,148.255275535714,7.1717613,28657.1428571429,107.40285819,3958,47.1442854757143,5626.28571428571,104.557143077143,1819.14285714286,77.2557144171429,27971,104.829999652857,3902.85714285714,46.4871428357143,5626.28571428571,104.557143077143,1819.14285714286,77.2557144171429,7.86431649199333,7.61098514863104,8.53878807679359,3.83551395656174,148.031417771429,6.48458908,89.5971429014286,53.58428628,68.6614281785714,71.8914282657143,1.26277283709059
773,2010,11,494,2010-11-20,2010-11-26,101.57,101.57,98.71,101.57,83.5133333333333,0.748910319507454,4.399,1.72564,144.113948533333,7.59109036,32918.7142857143,123.375714982857,5502.57142857143,65.5414292471429,6814.57142857143,126.64428493,2192.28571428571,93.10142844,32165.7142857143,120.551427567143,5314.57142857143,63.3057136542857,6814.57142857143,126.64428493,2192.28571428571,93.10142844,4.94887709588446,13.6293267494822,3.61763548438124,7.80104411010649,148.255275535714,7.1717613,104.829999652857,46.4871428357143,104.557143077143,77.2557144171429,2.00910783327164
772,2010,11,495,2010-11-27,2010-12-03,80.25,80.25,78.01,80.25,85.9157142857143,2.40509776061118,4.349,1.7078,146.726856857143,7.4272222,34786.1428571429,111.464286802857,6816.85714285714,91.71857289,7235.28571428571,107.100000652857,2663.85714285714,88.4157148071429,33500.2857142857,107.354286194286,6384.85714285714,85.95999963,7235.28571428571,107.100000652857,2663.85714285714,88.4157148071429,23.2509843557458,30.1757363822499,30.6078884169183,26.8641679354212,144.113948533333,7.59109036,120.551427567143,63.3057136542857,126.64428493,93.10142844,0.748910319507454
771,2010,12,496,2010-12-04,2010-12-10,89.92,89.92,82.41,89.92,88.8385714285714,2.9805616281239,4.417,1.69136,150.258006171429,7.47073712,40388.5714285714,99.8928582314286,15382.5714285714,229.398570468571,7984.71428571429,79.9671423771429,3000.28571428571,64.8428562714286,36931.4285714286,91.3414273957143,14559.7142857143,217.12714277,7984.71428571429,79.9671423771429,3000.28571428571,64.8428562714286,7.53679655827547,31.871024681580302,5.02125437967428,1.05005972404877,146.726856857143,7.4272222,107.354286194286,85.95999963,107.100000652857,88.4157148071429,2.40509776061118
770,2010,12,497,2010-12-11,2010-12-17,75.41,75.41,72.65,75.41,90.3357142857143,0.636313789020333,4.066,1.701,153.66105,6.916266,41459.5714285714,102.54142761,19081.1428571429,284.557148524286,10226.1428571429,102.41571481,3467,74.92999976,38731.1428571429,95.79285758,17972.1428571429,268.01714434,10226.1428571429,102.41571481,3467,74.92999976,6.54957107233602,45.8125844254206,3.66534730984357,13.1901327960401,150.258006171429,7.47073712,91.3414273957143,217.12714277,79.9671423771429,64.8428562714286,2.9805616281239
769,2010,12,498,2010-12-18,2010-12-24,63.95,63.95,62.52,63.95,91.8071428571428,1.2397004246436,4.083,1.69698,155.794885285714,6.92876934,45729.2857142857,113.099999564286,15085.2857142857,224.967143467143,10229.2857142857,102.44857352,4936.71428571429,106.69428471,42506.7142857143,105.129999432857,14792.2857142857,220.595711845714,10229.2857142857,102.44857352,4936.71428571429,106.69428471,1.64101794599239,5.23253451476691,2.45621287405174,4.58152155908655,153.66105,6.916266,95.79285758,268.01714434,102.41571481,74.92999976,0.636313789020333
768,2010,12,499,2010-12-25,2010-12-31,53.36,53.36,53.15,53.36,93.2728571428571,0.405697518098949,4.405,1.6772,156.437236,7.388066,52158.2857142857,129.001429965714,13155,193.232855661429,9061.14285714286,90.7485722142857,4685.28571428571,101.259999954286,48632.1428571429,120.27999987,12947.8571428571,190.178571428571,9061.14285714286,90.7485722142857,4685.28571428571,101.259999954286,12.579568371594,22.0843227656408,1.94250290077944,6.69991298456509,155.794885285714,6.92876934,105.129999432857,220.595711845714,102.44857352,106.69428471,1.2397004246436
767,2011,1,500,2011-01-01,2011-01-07,69,69,69,69,94.0871428571428,1.19793870580272,4.422,1.66914,157.044613628571,7.38093708,70420.4285714286,128.19000026,9300.28571428571,131.004287718571,8253.57142857143,59.7585716257143,5018,61.25714275,66572.4285714286,121.187144687143,9181.57142857143,129.334284102857,8253.57142857143,59.7585716257143,5018,61.25714275,10.0820704516962,13.4836785448914,4.17711384216471,8.0010076265666,156.437236,7.388066,120.27999987,190.178571428571,90.7485722142857,101.259999954286,0.405697518098949
766,2011,1,501,2011-01-08,2011-01-14,12.08,12.08,12.08,12.08,95.5085714285714,1.69860166579728,4.48,1.68152,160.599573028571,7.5332096,78965.4285714286,143.74571446,8852.14285714286,124.692856924286,11788.4285714286,85.3528562257143,7876,96.1471426814286,75763.4285714286,137.917144774286,8664.57142857143,122.05142757,11788.4285714286,85.3528562257143,7876,96.1471426814286,2.44149936509184,13.4838210815443,15.3240089215673,7.75589905286867,157.044613628571,7.38093708,121.187144687143,129.334284102857,59.7585716257143,61.25714275,1.19793870580272
765,2011,1,502,2011-01-15,2011-01-21,15.51,15.51,15.37,15.37,97.4157142857143,0.777171305500042,4.736,1.6735,163.025197857143,7.925696,87429,159.154285975714,10183.8571428571,143.452856881429,15469.5714285714,112.007142204286,8149.14285714286,99.4800000885714,79840.5714285714,145.340000697143,9800.42857142857,138.051428658571,15469.5714285714,112.007142204286,8149.14285714286,99.4800000885714,3.56974583985441,11.8550875496308,3.35723598184257,2.59320832706739,160.599573028571,7.5332096,137.917144774286,122.05142757,85.3528562257143,96.1471426814286,1.69860166579728
764,2011,1,503,2011-01-22,2011-01-28,21.83,21.83,21.83,21.83,96.9485714285714,0.865533141508001,4.323,1.6726,162.156180571429,7.2306498,74028.5714285714,134.759999955714,16865.7142857143,237.574284145714,15791.4285714286,114.337142945714,9265.28571428571,113.105713981429,66936.8571428571,121.849998474286,15447.7142857143,217.597141811429,15791.4285714286,114.337142945714,9260.14285714286,113.04285758,9.03819113397164,8.82851080460874,1.41055320291534,4.28152560825133,163.025197857143,7.925696,145.340000697143,138.051428658571,112.007142204286,99.4800000885714,0.777171305500042
763,2011,1,504,2011-01-29,2011-02-04,15.49,15.49,23.27,15.49,98.3285714285714,2.35458721485937,4.31,1.66862,164.073020857143,7.1917522,53566.2857142857,95.3757149828571,15611,206.649998257143,15860.1428571429,111.704285757143,9913.57142857143,102.662855964286,50382.2857142857,89.69428689,14111.7142857143,186.854285104286,15859.2857142857,111.69857134,9855.57142857143,102.10142844,7.81104937918789,19.5771513136658,6.64499396073624,17.7546092761134,162.156180571429,7.2306498,121.849998474286,217.597141811429,114.337142945714,113.04285758,0.865533141508001
762,2011,2,505,2011-02-05,2011-02-11,37.78,37.78,37.78,37.78,100.451428571429,0.86518646489862,3.91,1.66898,167.651425257143,6.5257118,46980.5714285714,82.0728563542857,18482.4285714286,232.160001481429,11482.8571428571,79.0857140671429,9717.14285714286,87.0542853214286,43388,75.7942842757143,14407.1428571429,180.971429007143,11482.8571428571,79.0857140671429,9625.85714285714,86.2357134142857,2.67167809997491,26.0845141517549,10.9934025510446,1.79193377258112,164.073020857143,7.1917522,89.69428689,186.854285104286,111.69857134,102.10142844,2.35458721485937
761,2011,2,506,2011-02-12,2011-02-18,54.1,53.62,54.1,54.1,101.347142857143,1.72251477289913,3.876,1.6673,168.976091285714,6.4624548,49195.4285714286,85.9414280485714,23673.8571428571,297.371429442857,7637.42857142857,52.6028567714286,11291.8571428571,101.162854874286,42118.5714285714,73.5785707742857,13579.7142857143,170.578569685714,7628.57142857143,52.5414287028571,11235.4285714286,100.655715942857,2.09226673265404,14.5882262164822,5.72987514027525,6.53740191643697,167.651425257143,6.5257118,75.7942842757143,180.971429007143,79.0857140671429,86.2357134142857,0.86518646489862
760,2011,2,507,2011-02-19,2011-02-25,63.3,45.69,62.54,62.54,106.58,4.96736684102666,4.005,1.6663,177.594254,6.6735315,49893,87.1599993028571,19088.5714285714,239.774285452857,6366.42857142857,43.8457145685714,13658.4285714286,122.362856182857,44545.1428571429,77.8171430328572,11794,148.147144861429,6348.71428571429,43.7242851257143,13594.4285714286,121.790000915714,2.65133787505483,12.5951752150881,0.879864860314204,4.52906410132058,168.976091285714,6.4624548,73.5785707742857,170.578569685714,52.5414287028571,100.655715942857,1.72251477289913
759,2011,2,508,2011-02-26,2011-03-04,79.77,56.02,79.05,79.05,112.221428571429,3.29728387500738,3.809,1.65632,185.874596571429,6.30892288,59436.5714285714,108.017142158571,20782.8571428571,283.462857928571,6504.71428571429,45.0842851914286,15863.5714285714,129.718570165714,52289.5714285714,95.0257143314286,13820.5714285714,192.352857317143,6379.28571428571,44.2114290514286,12731.7142857143,105.142857142857,12.9248355886123,41.2441935811283,3.21066706111787,19.7711482292496,177.594254,6.6735315,77.8171430328572,148.147144861429,43.7242851257143,121.790000915714,4.96736684102666
758,2011,3,509,2011-03-05,2011-03-11,12.08,12.08,12.08,12.08,115.171428571429,1.31401964180522,3.889,1.65986666666667,191.169215238095,6.45522146666667,89135.1428571429,165.944285801429,10609,156.825714111429,6650.85714285714,46.3328568585714,17846.8571428571,136.372855051429,65421.5714285714,121.798569815714,9098.28571428571,134.49571337,6449.28571428571,44.9271430957143,7632,58.3171424857143,13.3245104435242,24.195594582151,2.32213032797797,5.3392346606029,185.874596571429,6.30892288,95.0257143314286,192.352857317143,44.2114290514286,105.142857142857,3.29728387500738
757,2011,3,510,2011-03-12,2011-03-18,22.52,22.52,29.13,22.52,113.391428571429,1.41611473842297,4.168,1.66868,189.214009028571,6.95505824,96688.4285714286,180.00857108,10053.7142857143,148.617142814286,10545.5714285714,73.4642857142857,16898.7142857143,129.127141681429,66201.2857142857,123.248570035714,9199.85714285714,135.99571555,10425.8571428571,72.6299994328571,7738.28571428571,59.1299999785714,8.59326549235609,17.9686070342672,14.1213521713718,1.69220854350219,191.169215238095,6.45522146666667,121.798569815714,134.49571337,44.9271430957143,58.3171424857143,1.31401964180522
756,2011,3,511,2011-03-19,2011-03-25,12.99,12.99,13.5,12.99,113.765714285714,1.9500329667549,4.403,1.66052,188.910243885714,7.31126956,90163.1428571429,167.858570644286,6328.71428571429,93.5528586242857,15736.2857142857,109.62714386,16056.5714285714,122.692858015714,60871.1428571429,113.325715201429,6108.85714285714,90.3042864128571,15663.7142857143,109.120001657143,8133,62.1471432271429,5.15781996190492,9.8511693295967,6.28510759472748,2.47960778297566,189.214009028571,6.95505824,123.248570035714,135.99571555,72.6299994328571,59.1299999785714,1.41611473842297
755,2011,3,512,2011-03-26,2011-04-01,12.08,12.08,12.08,12.08,115.768571428571,0.554329281543902,4.362,1.63922,189.770157657143,7.15027764,76728.7142857143,148.781426567143,21487.2857142857,321.664291382857,17025.2857142857,122.487142288571,15210.8571428571,116.24142892,56264,109.238572257143,15679.7142857143,234.617141724286,17025.2857142857,122.487142288571,7648.57142857143,58.4500007628571,10.6489251459454,62.3097989934019,11.4847394347704,4.05453668965624,188.910243885714,7.31126956,113.325715201429,90.3042864128571,109.120001657143,62.1471432271429,1.9500329667549
754,2011,4,513,2011-04-02,2011-04-08,12.08,12.08,12.08,12.08,118.925714285714,3.2092515074538,4.041,1.59886,190.145567542857,6.46099326,66376,163.132858275714,16022.2857142857,254.459997994286,17176.5714285714,146.534286498571,16309.7142857143,124.710000175714,51902.2857142857,127.560000828571,11573,183.797145297143,17176.5714285714,146.534286498571,8258.42857142857,63.1471415942857,3.33377868538345,32.8209975614451,1.98524118089963,5.65583646969606,189.770157657143,7.15027764,109.238572257143,234.617141724286,122.487142288571,58.4500007628571,0.554329281543902
753,2011,4,514,2011-04-09,2011-04-15,12.08,12.08,12.08,12.08,123.854285714286,1.72904460269087,4.204,1.58234,195.979590457143,6.65215736,59775.8571428571,146.911431447143,9424,149.667142595714,16361.4285714286,139.581431795714,16119.1428571429,123.254286628571,46109.5714285714,113.324285235714,8355.42857142857,132.697145732857,16361.4285714286,139.581431795714,7633.57142857143,58.3714278071429,5.16193565688438,8.3318583756147,2.8233693982395,5.41824729914534,190.145567542857,6.46099326,127.560000828571,183.797145297143,146.534286498571,63.1471415942857,3.2092515074538
752,2011,4,515,2011-04-16,2011-04-22,12.08,12.08,12.08,12.08,122.998571428571,1.24610631664486,4.412,1.58006666666667,194.345942761905,6.97125413333333,50063.5714285714,123.042858667143,8446.14285714286,134.138571602857,15266.7142857143,130.242857795714,16225.5714285714,124.06714303,40273.5714285714,98.9814300542857,8164.71428571429,129.668568204286,15266.7142857143,130.242857795714,8075.71428571429,61.7499994542857,6.95208559567616,8.31825099150693,4.52894323584163,7.70480735798357,195.979590457143,6.65215736,113.324285235714,132.697145732857,139.581431795714,58.3714278071429,1.72904460269087
751,2011,4,516,2011-04-23,2011-04-29,12.08,12.08,12.08,12.08,124.221666666667,1.72157389230471,4.698,1.5725,195.338570833333,7.387605,41967.4285714286,103.142856051429,8304.85714285714,131.892858232857,12552,107.084285191429,15433.5714285714,118.014286585714,38155.4285714286,93.7742854528571,7747.28571428571,123.03856877,12552,107.084285191429,7375.85714285714,56.4014282214286,3.81027144331219,23.7687449609967,11.6337417439859,5.58511455309399,194.345942761905,6.97125413333333,98.9814300542857,129.668568204286,130.242857795714,61.7499994542857,1.24610631664486
750,2011,4,517,2011-04-30,2011-05-06,15.54,15.54,15.57,15.54,122.887142857143,5.12968717137745,4.235,1.59914,196.513745628571,6.7723579,40689.2857142857,132.057143074286,5159,65.54714203,8311,109.211427961429,14590.5714285714,162.371428354286,39022,126.791428702857,5070.85714285714,64.4328564242857,8311,109.211427961429,7248.28571428571,81.1399999342857,13.7464562926582,10.8634175598128,14.6954362679615,15.6306850084154,195.338570833333,7.387605,93.7742854528571,123.03856877,107.084285191429,56.4014282214286,1.72157389230471
749,2011,5,518,2011-05-07,2011-05-13,13.82,13.82,13.7,13.69,116.131428571429,4.73355549445092,4.246,1.61882,187.9958792,6.87350972,36486.2857142857,123.37285832,6051.14285714286,73.3785700114286,6359.14285714286,89.53857204,13593,159.487141201429,33991.2857142857,114.937142507143,5903.42857142857,71.5842868285714,6359.14285714286,89.53857204,7298.28571428571,85.6300005242857,2.81328233164143,20.9842033496109,5.20466742659465,4.34887183237262,196.513745628571,6.7723579,126.791428702857,64.4328564242857,109.211427961429,81.1399999342857,5.12968717137745
748,2011,5,519,2011-05-14,2011-05-20,15.48,15.48,15.48,15.48,114.127142857143,1.92389114631146,4.23,1.62134,185.0389018,6.8582682,31638.5714285714,106.981428965714,8617.85714285714,104.502857752857,5589.57142857143,78.7000002171428,11758.7142857143,137.965714591429,30973.5714285714,104.734286717143,8156.71428571429,98.9099993028571,5589.57142857143,78.7000002171428,7170.71428571429,84.1342860642857,2.20898929260358,14.910349480644,3.88398621104789,3.80878622687513,187.9958792,6.87350972,114.937142507143,71.5842868285714,89.53857204,85.6300005242857,4.73355549445092
747,2011,5,520,2011-05-21,2011-05-27,17.06,17.06,17.06,17.06,112.291428571429,2.13982420283593,4.518,1.62172,182.105255542857,7.32693096,29147.8571428571,98.5399998257143,5286.14285714286,64.1014289871429,4824.42857142857,67.9257147642857,9481.14285714286,111.240000045714,28815.1428571429,97.4142848414286,5230.14285714286,63.4200003485714,4824.42857142857,67.9257147642857,7180.85714285714,84.2514277857143,2.06022551346236,6.86600808837043,2.99054919565835,6.94105460903262,185.0389018,6.8582682,104.734286717143,98.9099993028571,78.7000002171428,84.1342860642857,1.92389114631146
746,2011,5,521,2011-05-28,2011-06-03,30.01,30.01,29.44,29.44,114.634285714286,1.10617745928563,4.707,1.58288,181.452318171429,7.45061616,27445.1428571429,98.9771412442857,3699,41.6771430971429,4196.42857142857,71.7985719957143,6708.28571428571,112.415713718571,27070,97.6228572285714,3650.57142857143,41.1342852457143,4194.14285714286,71.75,6065.85714285714,104.548571995714,6.45708889539184,7.12820699333401,14.5763912934524,39.949707581907,182.105255542857,7.32693096,97.4142848414286,63.4200003485714,67.9257147642857,84.2514277857143,2.13982420283593
745,2011,6,522,2011-06-04,2011-06-10,32.79,32.79,32.79,32.79,116.642857142857,2.0044759438613,4.757,1.58338,184.689967142857,7.53213866,27356.7142857143,107.281429837143,5240.42857142857,51.9557151785714,3911.42857142857,83.3728561385714,4710.71428571429,117.748572212857,26767.1428571429,104.969999041429,5107,50.6299999771429,3893.57142857143,82.9899989542857,4659.71428571429,116.474285671429,2.41655290273901,18.4040797042739,5.69535734209887,8.55873554891472,181.452318171429,7.45061616,97.6228572285714,41.1342852457143,71.75,104.548571995714,1.10617745928563
744,2011,6,523,2011-06-11,2011-06-17,34.95,34.95,34.95,34.95,118.391428571429,2.22448817012977,4.325,1.59432,188.7538224,6.895434,31422,123.224286761429,4645.71428571429,46.05714253,3528,75.2014290942857,3895.14285714286,97.3671439042857,30861.5714285714,121.024285452857,4581.14285714286,45.4185714728571,3525.14285714286,75.14000048,3846,96.1371427257143,3.19047031895666,5.15672186172212,1.26692394356242,5.75413785418127,184.689967142857,7.53213866,104.969999041429,50.6299999771429,82.9899989542857,116.474285671429,2.0044759438613
743,2011,6,524,2011-06-18,2011-06-24,29.67,29.67,29.67,29.67,113.931428571429,3.59368162460822,4.229,1.5928,181.469979428571,6.7359512,27725.4285714286,108.730000088571,10299,102.104286192857,3563.42857142857,75.9557146357143,3302.71428571429,82.5557142,27319.2857142857,107.132857185714,9500.71428571429,94.18857193,3563.42857142857,75.9557146357143,3253,81.3114275242857,6.36072287693329,54.4974273469007,0.887523872169212,2.9234180125683,188.7538224,6.895434,121.024285452857,45.4185714728571,75.14000048,96.1371427257143,2.22448817012977
742,2011,6,525,2011-06-25,2011-07-01,30.41,30.41,30.41,30.41,109.491428571429,3.64975080688788,4.311,1.57404,172.343888228571,6.78568644,24586.2857142857,99.2757132371429,16213,159.074285234286,3621.42857142857,79.7557144157143,2909.28571428571,79.9171425942857,24307.8571428571,98.1457148971429,14424.1428571429,141.630000522857,3621.42857142857,79.7557144157143,2864.57142857143,78.6757136757143,7.10694000135407,24.3277427400761,10.0205579526426,16.960108479312,181.469979428571,6.7359512,107.132857185714,94.18857193,75.9557146357143,81.3114275242857,3.59368162460822
741,2011,7,526,2011-07-02,2011-07-08,27.77,27.77,27.77,27.77,112.705714285714,3.6958934740378,4.205,1.56108,175.942636457143,6.5643414,26846.4285714286,127.397143771429,24097.4285714286,226.641424998571,3335.14285714286,86.1885724742857,2651.57142857143,115.18999917,25667.4285714286,121.804286412857,20424.2857142857,192.094284058571,3335.14285714286,86.1885724742857,2608.42857142857,113.319999697143,4.3489461710063,35.3676239629204,4.13960364578595,1.19387323492765,172.343888228571,6.78568644,98.1457148971429,141.630000522857,79.7557144157143,78.6757136757143,3.64975080688788
740,2011,7,527,2011-07-09,2011-07-15,23.14,23.14,23.14,23.14,116.392857142857,2.09780611024716,4.546,1.57526,183.349012142857,7.16113196,24490.7142857143,116.221427915714,13893.7142857143,130.672857012857,3172.71428571429,81.9928567057143,2461.71428571429,106.942856927143,23547.8571428571,111.745715551429,13559.1428571429,127.52571324,3172.71428571429,81.9928567057143,2422.85714285714,105.255713325714,3.95268670400965,6.38050841905629,2.35208298017763,6.56413218935263,175.942636457143,6.5643414,121.804286412857,192.094284058571,86.1885724742857,113.319999697143,3.6958934740378
739,2011,7,528,2011-07-16,2011-07-22,20.97,20.97,20.97,20.97,117.868571428571,0.594934970438849,4.399,1.56488,184.450170057143,6.88390712,23026.2857142857,109.268571035714,28517.2857142857,268.209995815714,3065.14285714286,79.2099990842857,2054.14285714286,89.2385733471429,22749.2857142857,107.955714632857,16492.7142857143,155.115716114286,3065.14285714286,79.2099990842857,2017.14285714286,87.6300016128572,0.926260883682426,38.327524685085,1.06373456177226,3.10913171849771,183.349012142857,7.16113196,111.745715551429,127.52571324,81.9928567057143,105.255713325714,2.09780611024716
738,2011,7,529,2011-07-23,2011-07-29,19.29,19.29,19.51,19.5,118.337142857143,0.328720463105867,4.145,1.55214,183.675812914286,6.4336203,22896.7142857143,108.654285975714,21846.8571428571,205.4742824,3010.42857142857,77.7971431185714,1794.28571428571,77.9471435557143,21407.4285714286,101.58857182,15035.2857142857,141.409999302857,3010.42857142857,77.7971431185714,1763.28571428571,76.60142735,4.04134628700936,24.4443482823225,1.99808879313108,2.01526992205926,184.450170057143,6.88390712,107.955714632857,155.115716114286,79.2099990842857,87.6300016128572,0.594934970438849
737,2011,7,530,2011-07-30,2011-08-05,23.55,18.85,23.55,23.55,115.782857142857,2.92933845936719,3.941,1.5693,181.698037714286,6.1846113,25191.2857142857,137.702856881429,28824.2857142857,288.63571603,2730.57142857143,77.7828565314286,1672.14285714286,94.4114270885714,21279.5714285714,115.799999781429,12175,121.335715157143,2730.57142857143,77.7828565314286,1646.14285714286,92.9671423757143,19.3493702824584,19.6776103280105,2.94830758747118,13.1659334933501,183.675812914286,6.4336203,101.58857182,141.409999302857,77.7971431185714,76.60142735,0.328720463105867
736,2011,8,531,2011-08-06,2011-08-12,16.17,12.6,16.17,16.17,108.802857142857,4.84066701425144,4.06,1.61878,176.127889085714,6.5722468,26774.2857142857,152.412857055714,34042,347.198566982857,2436.42857142857,72.2014280028571,1535.14285714286,95.07571411,23520.8571428571,133.892854964286,10098,102.99142674,2436.42857142857,72.2014280028571,1509.14285714286,93.4628579285714,7.57685286491879,76.7279624506673,1.51959962102309,2.85114442862703,181.698037714286,6.1846113,115.799999781429,121.335715157143,77.7828565314286,92.9671423757143,2.92933845936719
735,2011,8,532,2011-08-13,2011-08-19,17.88,15.97,17.88,17.88,107.44,2.78529471809827,3.94,1.59372,171.2292768,6.2792568,21141.5714285714,120.348571777143,22660.8571428571,231.121427264286,2493.42857142857,73.8914271757143,1361.28571428571,84.3085708614286,19593.7142857143,111.538572038571,12253.2857142857,124.972857882857,2493.42857142857,73.8914271757143,1339.85714285714,82.9799989971429,6.02425293244357,36.2637170202203,1.18201051968013,3.17838984522061,176.127889085714,6.5722468,133.892854964286,102.99142674,72.2014280028571,93.4628579285714,4.84066701425144
734,2011,8,533,2011-08-20,2011-08-26,24.11,19.3,24.11,24.11,110.205714285714,1.49601534242143,3.931,1.60624,177.016826514286,6.31412944,23962.5714285714,136.40714264,27586.7142857143,281.36000497,2343,69.4342858457143,1261.85714285714,78.1514282214286,19534.8571428571,111.204285758571,12046.8571428571,122.86857169,2343,69.4342858457143,1240.57142857143,76.8328563128571,6.25533288027845,35.3622859333019,1.38193052731222,3.1497697373931,171.2292768,6.2792568,111.538572038571,124.972857882857,73.8914271757143,82.9799989971429,2.78529471809827
733,2011,8,534,2011-08-27,2011-09-02,16.54,12.08,16.61,16.61,113.612857142857,2.57148928499903,3.872,1.60186,181.991891342857,6.20240192,20175.7142857143,115.137143817143,36352,354.915714807143,2239.57142857143,68.6028573157143,1157.42857142857,77.3500006528571,17902.1428571429,102.177142552857,11467.5714285714,108.939999172857,2239.57142857143,68.6028573157143,1134.28571428571,75.8457162057143,8.15665815984095,71.910364454198,3.53391059342369,12.0918882971118,177.016826514286,6.31412944,111.204285758571,122.86857169,69.4342858457143,76.8328563128571,1.49601534242143
732,2011,9,535,2011-09-03,2011-09-09,17.2,12.08,17.2,17.2,116.43,1.02596296229222,3.915,1.660325,193.31163975,6.500172375,18077.4285714286,103.845714024286,29217.8571428571,256.032860891429,2319.42857142857,76.89857156,1044.28571428571,81.81857191,15610.7142857143,89.6771436428571,8553.28571428571,74.9499993985714,2316.28571428571,76.7942853657143,1022.28571428571,80.09285845,6.06177740342995,41.580669908510004,1.30890280741229,8.0602222676888,181.991891342857,6.20240192,102.177142552857,108.939999172857,68.6028573157143,75.8457162057143,2.57148928499903
731,2011,9,536,2011-09-10,2011-09-16,20.78,17.28,20.78,20.78,115.491428571429,1.95917864228343,3.809,1.71004,197.494962514286,6.51354236,16991,97.6071417657143,33574.4285714286,294.208570205714,2207.85714285714,73.2000013071429,960,75.2142846242857,15353.5714285714,88.2014290942857,12893.8571428571,112.984285627143,2190,72.6071439471429,948,74.2728576671429,4.10306617888194,20.2293424698187,4.29864957584668,2.6959203515743,193.31163975,6.500172375,89.6771436428571,74.9499993985714,76.7942853657143,80.09285845,1.02596296229222
730,2011,9,537,2011-09-17,2011-09-23,23.56,19.66,23.56,23.56,113.787142857143,2.48980397009972,3.701,1.83248,208.512663542857,6.78200848,15413.5714285714,88.5414276128571,20057.2857142857,175.755715505714,2136.42857142857,70.8314296171428,938.714285714286,73.54571533,13471,77.3842849728571,14391.1428571429,126.108572821429,2123.57142857143,70.4042859771429,936.428571428571,73.3671428128572,0.962094792513751,11.2297781841496,1.12280655744215,4.38541712031686,197.494962514286,6.51354236,88.2014290942857,112.984285627143,72.6071439471429,74.2728576671429,1.95917864228343
729,2011,9,538,2011-09-24,2011-09-30,24.47,20.28,24.47,24.47,110.075714285714,2.99497833683197,3.666,1.82758,201.172173914286,6.69990828,14624.5714285714,84.0114277428571,12888,112.934284752857,2060.85714285714,68.3242863257143,870.142857142857,68.1742858885714,14299.2857142857,82.1428571442857,9335.14285714286,81.79999951,2059.42857142857,68.2771432057143,870.142857142857,68.1742858885714,1.05029890409952,35.8606025180784,1.24411604209084,2.26476408161988,208.512663542857,6.78200848,77.3842849728571,126.108572821429,70.4042859771429,73.3671428128572,2.48980397009972
728,2011,10,539,2011-10-01,2011-10-07,42.97,42.81,42.97,42.97,106.045714285714,2.36923234503472,3.481,1.83738,194.846274514286,6.39591978,15223.4285714286,73.1557148542857,6951.14285714286,53.8085714085714,1959,59.5157143728571,961.428571428571,67.3914288128571,14786.1428571429,71.0542864114286,6649.28571428571,51.4714290071429,1948,59.1814286371429,961.428571428571,67.3914288128571,3.20047401601658,5.78806285308788,0.922938615147475,7.0590005257601,201.172173914286,6.69990828,82.1428571442857,81.79999951,68.2771432057143,68.1742858885714,2.99497833683197
727,2011,10,540,2011-10-08,2011-10-14,43.13,42.88,43.13,43.13,107.275714285714,4.26381228926597,3.703,1.750525,187.78881975,6.482194075,18793.5714285714,90.31285749,10437.2857142857,80.7942870014286,2009.57142857143,61.0528564471429,1037.28571428571,72.7085712985714,18499.8571428571,88.90285819,9911,76.7200012214286,1993.85714285714,60.5742852342857,1037.28571428571,72.7085712985714,10.3998008866861,47.8509481281821,2.10339293925983,2.45101639265962,194.846274514286,6.39591978,71.0542864114286,51.4714290071429,59.1814286371429,67.3914288128571,2.36923234503472
726,2011,10,541,2011-10-15,2011-10-21,38.43,38.43,38.45,38.43,111.731428571429,1.95586663290602,3.629,1.7682,197.563512,6.4167978,34149.5714285714,164.107142857143,14666.4285714286,113.531430924286,2566.57142857143,77.9742867614286,1327.28571428571,93.0342843185714,29869.7142857143,143.540000914286,13833.7142857143,107.087141854286,2551.42857142857,77.5157132828571,1327.28571428571,93.0342843185714,16.9360076951088,24.6168782621479,9.12313579824973,12.7643488588397,187.78881975,6.482194075,88.90285819,76.7200012214286,60.5742852342857,72.7085712985714,4.26381228926597
725,2011,10,542,2011-10-22,2011-10-28,23.59,23.59,23.59,23.59,111.284285714286,1.1842417706799,3.923,1.74392,194.070891542857,6.84139816,30572.4285714286,146.917142595714,11043.8571428571,85.49142892,3651.71428571429,110.941428048571,2010.42857142857,140.920001438571,28813.1428571429,138.464286804286,10352.8571428571,80.1428571428571,3648.42857142857,110.842857361429,2009.85714285714,140.880001612857,9.50211017440703,8.99900441105733,10.1782569124059,15.6353988765516,197.563512,6.4167978,143.540000914286,107.087141854286,77.5157132828571,93.0342843185714,1.95586663290602
724,2011,10,543,2011-10-29,2011-11-04,38.21,38.21,38.21,38.21,110.715714285714,1.3396996820545,3.783,1.726175,191.114698107143,6.530120025,24916.4285714286,104.94000026,11551.4285714286,108.36285727,4601.57142857143,108.908571515714,2447.71428571429,132.795713151429,21299.7142857143,89.32571411,10290.5714285714,97.1071428571429,4598.57142857143,108.852857317143,2429.28571428571,131.740001131429,12.7133590534267,11.3749992174299,30.0163553738155,35.0162858510473,194.070891542857,6.84139816,138.464286804286,80.1428571428571,110.842857361429,140.880001612857,1.1842417706799
723,2011,11,544,2011-11-05,2011-11-11,43.63,43.63,43.63,43.63,112.018571428571,2.84036047343484,3.584,1.7519,196.245335285714,6.2788096,20489.2857142857,76.55857086,6311.57142857143,69.9771445142857,3860.42857142857,71.7399989528571,2692.42857142857,114.341428484286,18973,70.8928571414286,6062.71428571429,67.21857071,3859.71428571429,71.7271423328571,2680.57142857143,113.838572911429,3.63055442373094,9.92301746477122,4.37508351518777,6.83161083654214,191.114698107143,6.530120025,89.32571411,97.1071428571429,108.852857317143,131.740001131429,1.3396996820545
722,2011,11,545,2011-11-12,2011-11-18,39.47,39.47,39.47,39.47,113.197142857143,2.21234953752513,3.316,1.77225,200.613636428571,5.876781,24598.2857142857,91.9114281785714,6933.28571428571,76.8714289,3821,71.0100010485714,2917.85714285714,123.914285931429,22429.5714285714,83.8085714071429,6812.57142857143,75.53428759,3812.42857142857,70.8500006528571,2902.14285714286,123.248572214286,22.4892274160892,12.4061596147092,1.99913342270335,1.17171479570547,196.245335285714,6.2788096,70.8928571414286,67.21857071,71.7271423328571,113.838572911429,2.84036047343484
721,2011,11,546,2011-11-19,2011-11-25,44.9,44.9,44.9,44.9,108.948333333333,2.53559789135956,3.542,1.84262,200.750377966667,6.52656004,31508.2857142857,117.728572301429,7015.71428571429,77.7842864985714,3367.85714285714,62.5885718214286,3352.14285714286,142.357140678571,28750,107.424285887143,6931.28571428571,76.8485706871429,3367.85714285714,62.5885718214286,3327.57142857143,141.315717422857,5.39011784780297,5.28978103484868,3.2354466698626,8.14858733427748,200.613636428571,5.876781,83.8085714071429,75.53428759,70.8500006528571,123.248572214286,2.21234953752513
720,2011,11,547,2011-11-26,2011-12-02,63.59,63.59,63.59,63.59,108.498571428571,1.74328644205282,3.584,1.81856,197.311162057143,6.51771904,34801.7142857143,117.41571263,4886.85714285714,57.6857141757143,4803.85714285714,75.4057137642857,4143.85714285714,149.512857708571,30202.4285714286,101.325714111429,4836.71428571429,57.0742852342857,4803.85714285714,75.4057137642857,4134.14285714286,149.100000652857,15.9168649713092,4.49347620719911,15.6891279027682,36.9998933000406,200.750377966667,6.52656004,107.424285887143,76.8485706871429,62.5885718214286,141.315717422857,2.53559789135956
719,2011,12,548,2011-12-03,2011-12-09,51.44,51.44,51.44,51.44,109.91,1.13294601224492,3.317,1.7952,197.310432,5.9546784,33234.5714285714,82.1014284428571,3578.28571428571,49.9085704257143,7469,74.8028575357143,5225.14285714286,112.928571428571,30581.4285714286,75.5485709057143,3221.42857142857,44.9299992142857,7386,73.9728567928571,5216.57142857143,112.74142783,1.93416306829167,6.29936542101942,14.2784932736416,9.16615919293466,197.311162057143,6.51771904,101.325714111429,57.0742852342857,75.4057137642857,149.100000652857,1.74328644205282
718,2011,12,549,2011-12-10,2011-12-16,35.12,35.12,28.8,28.8,107.775714285714,2.08168887479008,3.127,1.8479,199.158742428571,5.7783833,41766.2857142857,103.178570338571,4287.28571428571,59.79857036,11605.7142857143,116.232857841429,5374.71428571429,116.162857057143,39443,97.4371435985714,3894.57142857143,54.3214285714286,11605.7142857143,116.232857841429,5361.85714285714,115.882856095714,13.9934769317054,7.90985707771521,5.67198568278379,4.81866172667683,197.310432,5.9546784,75.5485709057143,44.9299992142857,73.9728567928571,112.74142783,1.13294601224492
717,2011,12,550,2011-12-17,2011-12-23,45.22,45.22,35.04,35.04,106.431428571429,2.25504196983447,3.114,1.85568,197.502673371429,5.77858752,55726.2857142857,137.664284842857,3486.85714285714,48.63142831,11100.7142857143,111.172857012857,5696.57142857143,123.117141724286,51235.1428571429,126.569998604286,3419,47.6857147228571,11100.7142857143,111.172857012857,5696.57142857143,123.117141724286,5.15098681112077,7.87695300678512,5.33672703480548,13.1508143286686,199.158742428571,5.7783833,97.4371435985714,54.3214285714286,116.232857841429,115.882856095714,2.08168887479008
716,2011,12,551,2011-12-24,2011-12-30,40.23,40.23,29.63,29.63,108.082857142857,0.820827108990067,2.989,1.8653,201.606953428571,5.5753817,46951.7142857143,115.987142288571,3277.14285714286,45.7085723885714,12855.8571428571,128.754288807143,7313.14285714286,158.055714198571,44032.5714285714,108.775713237143,3211.42857142857,44.7914281585714,12855.8571428571,128.754288807143,7313.14285714286,158.055714198571,2.43500135682802,1.88645613502982,12.7719538976558,3.50446144900525,197.502673371429,5.77858752,126.569998604286,47.6857147228571,111.172857012857,123.117141724286,2.25504196983447
715,2011,12,552,2011-12-31,2012-01-06,46.71,46.71,16.01,16.01,109.865,2.72934241164357,3.062,1.84396,202.5866654,5.64620552,61919,117.242857797143,4191,58.7242856728571,15554.4285714286,118.369999477143,6887.57142857143,93.6814291814286,55638.7142857143,105.498571122857,4135.85714285714,57.9528568814286,15408.8571428571,117.317141941429,6887.57142857143,93.6814291814286,11.8000489944985,5.36782663736453,12.7703143426865,26.8401941960241,201.606953428571,5.5753817,108.775713237143,44.7914281585714,128.754288807143,158.055714198571,0.820827108990067
714,2012,1,553,2012-01-07,2012-01-13,29.28,29.28,12.2,12.2,112.56,0.985122665795313,2.67,1.8045,203.11452,4.818015,78471.7142857143,142.685714721429,3446.71428571429,48.3257141114286,17141.2857142857,124.111427305714,9462.57142857143,115.515715464286,69326.2857142857,126.055712018571,3397.85714285714,47.6414282671429,16891.2857142857,122.301428658571,9462.57142857143,115.515715464286,8.67016277288597,5.94030619929614,1.73524527982635,20.3299637415069,202.5866654,5.64620552,105.498571122857,57.9528568814286,117.317141941429,93.6814291814286,2.72934241164357
713,2012,1,554,2012-01-14,2012-01-20,12.2,12.2,12.2,12.2,110.735,1.33414766798967,2.343,1.7735,196.3885225,4.1553105,78848.7142857143,143.36857169,9573.71428571429,134.235714504286,17697.1428571429,128.134284972857,13025.2857142857,159.007143292857,72705.8571428571,132.201429094286,9057,126.990000045714,17626.1428571429,127.621428354286,13019.8571428571,158.941428048571,2.43314257135058,20.4817721021655,1.34701452512448,4.58778694356916,203.11452,4.818015,126.055712018571,47.6414282671429,122.301428658571,115.515715464286,0.985122665795313
712,2012,1,555,2012-01-21,2012-01-27,12.2,12.2,12.2,12.2,109.145,0.558560650237052,2.678,1.75196,191.2176742,4.69174888,72363,131.577141898571,8717.85714285714,122.235715591429,17626.2857142857,127.621428352857,13859,169.182859147143,64620.2857142857,117.498571122857,8604.85714285714,120.651429311429,17626.2857142857,127.621428352857,13167.5714285714,160.742854528571,5.97635930525465,19.6019309244879,0.665518486881906,6.58474089002238,196.3885225,4.1553105,132.201429094286,126.990000045714,127.621428354286,158.941428048571,1.33414766798967
711,2012,1,556,2012-01-28,2012-02-03,15.62,15.62,12.2,12.2,109.942857142857,1.34344971727908,2.499,1.73586,190.845408,4.33791414,65551.1428571429,117.155713761429,6263.28571428571,84.5400009157143,17201.4285714286,121.959999085714,14640.1428571429,158.707139152857,56002.4285714286,100.002857752857,6202.14285714286,83.7171440114286,17201.4285714286,121.959999085714,10915.4285714286,119.205714634286,2.26729349870245,22.426146022103,4.02808403577983,27.438581982913,191.2176742,4.69174888,117.498571122857,120.651429311429,127.621428352857,160.742854528571,0.558560650237052
710,2012,2,557,2012-02-04,2012-02-10,36.88,36.88,12.2,12.2,113.827142857143,3.18560676735054,2.477,1.7232,196.146932571429,4.2683664,51226,89.37285723,4946.28571428571,61.9071431857143,16937.5714285714,116.65714264,13435.1428571429,120.36428724,48963.2857142857,85.4257147671428,4818.85714285714,60.3142847314286,16937.5714285714,116.65714264,9367.85714285714,83.9271436428571,8.96617510170947,7.93521209785589,0.412986153982945,4.03972761390329,190.845408,4.33791414,100.002857752857,83.7171440114286,121.959999085714,119.205714634286,1.34344971727908
709,2012,2,558,2012-02-11,2012-02-17,55.13,55.13,12.2,12.2,118.65,1.51584959676093,2.684,1.7186,203.91189,4.6127224,47045.8571428571,82.0828574042857,4769.85714285714,59.7000007628571,16344.8571428571,112.571428571429,13480,120.765714372857,44353,77.3828571871428,4613.57142857143,57.7428567071429,16227.1428571429,111.761427742857,8041,72.0385725842857,1.93949987658323,6.12483810134319,4.02117586408998,16.0848087939978,196.146932571429,4.2683664,85.4257147671428,60.3142847314286,116.65714264,83.9271436428571,3.18560676735054
708,2012,2,559,2012-02-18,2012-02-24,62.77,62.77,12.2,12.2,121.818571428571,2.41992030565448,2.55,1.70643333333333,207.875270904762,4.351405,45527.5714285714,79.4314291828571,4378.14285714286,54.79571424,14317.4285714286,98.6085717342857,14804.4285714286,132.632856097143,43756.1428571429,76.3400006971429,4317.14285714286,54.0342859542857,12749.5714285714,87.8114286157143,5840,52.3214291171429,0.959792215329186,5.43388102058078,5.10286600931328,6.68844307996735,203.91189,4.6127224,77.3828571871428,57.7428567071429,111.761427742857,72.0385725842857,1.51584959676093
707,2012,2,560,2012-02-25,2012-03-02,67.55,67.55,14.35,14.35,123.97,2.00566697135959,2.484,1.7114,212.162258,4.2511176,43223,76.7785720828572,9078.14285714286,120.158573694286,11095.8571428571,76.6414271757143,15107,129.712855748571,41628.2857142857,73.9385724728571,8964.14285714286,118.660000392857,11091.7142857143,76.6128550928571,7360.85714285714,63.4400013514286,1.56092242095316,30.3582388298217,8.36001772694243,9.15477934026835,207.875270904762,4.351405,76.3400006971429,54.0342859542857,87.8114286157143,52.3214291171429,2.41992030565448
706,2012,3,561,2012-03-03,2012-03-09,97.15,97.15,86.52,86.52,125.421428571429,1.85083250251812,2.324,1.7599,220.729172142857,4.0900076,36517,67.8828577314286,6313.71428571429,92.9914294657143,7900.85714285714,55.0414281571429,14352.5714285714,109.66999926,34614.7142857143,64.3457151142857,6271.71428571429,92.3728572314286,7897.42857142857,55.0185710357143,7695.71428571429,58.8057147414286,3.47198830435578,26.7266654239308,3.583905700267,4.99553196937578,212.162258,4.2511176,73.9385724728571,118.660000392857,76.6128550928571,63.4400013514286,2.00566697135959
705,2012,3,562,2012-03-10,2012-03-16,137.24,137.24,116.8,116.8,126.331428571429,1.67963714902365,2.326,1.80798,228.404696228571,4.20536148,32298,60.04142761,3043.57142857143,44.8271429871429,6030.71428571429,42.0128566214286,13310.7142857143,101.710000172857,30640.5714285714,56.95999963,2992.42857142857,44.0742857814286,6029.28571428571,42.0028566642857,7104.42857142857,54.2871431628571,0.842456807518848,4.06648450673605,5.11803631502514,1.1287407429504,220.729172142857,4.0900076,64.3457151142857,92.3728572314286,55.0185710357143,58.8057147414286,1.85083250251812
704,2012,3,563,2012-03-17,2012-03-23,140.63,140.63,119.17,119.17,125.14,1.98484256302609,2.275,1.8206,227.829884,4.141865,37707.8571428571,70.0971418128571,2536.14285714286,37.3542851028571,4607.85714285714,32.10000011,12004.4285714286,91.7271434242857,36051.5714285714,67.01857158,2474.42857142857,36.4442858028571,4598,32.0314282,7068.85714285714,54.0142860428571,3.52586368757469,0.892465846299091,0.624004080129981,3.38773192536125,228.404696228571,4.20536148,56.95999963,44.0742857814286,42.0028566642857,54.2871431628571,1.67963714902365
703,2012,3,564,2012-03-24,2012-03-30,132.55,132.55,132.55,132.55,124.208571428571,1.13868972319666,2.126,1.8205,226.121704285714,3.870383,38432.5714285714,71.4471424628571,2144.85714285714,31.5900004257143,5741.57142857143,39.9985711228571,13799.8571428571,105.447142467143,36473.1428571429,67.80142975,2087.42857142857,30.7428572514286,5740.71428571429,39.9914278285714,7410.14285714286,56.6228577757143,1.38986058854483,3.25347862922147,4.57905167310412,2.31009212532895,227.829884,4.141865,67.01857158,36.4442858028571,32.0314282,54.0142860428571,1.98484256302609
702,2012,3,565,2012-03-31,2012-04-06,185.65,185.65,168.38,168.38,123.908571428571,0.806709955549776,2.089,1.829075,226.638070285714,3.820937675,35262.8571428571,83.3828560957143,1782.57142857143,27.8685714171429,8226.71428571429,68.5200004557143,12302.2857142857,94.0599986471428,33942.2857142857,80.3042853214286,1645.57142857143,25.7171429228571,8226.71428571429,68.5200004557143,7398.71428571429,56.56857191,6.79089967547453,2.05105459857338,7.65951620974226,4.12292099888571,226.121704285714,3.870383,67.80142975,30.7428572514286,39.9914278285714,56.6228577757143,1.13868972319666
701,2012,4,566,2012-04-07,2012-04-13,192.04,196.21,187.17,187.17,122.252857142857,1.95855145695242,1.981,1.82968,223.683607657143,3.62459608,32169.2857142857,78.9471435557143,1990,31.4128573285714,7057,60.2057135428571,9733.42857142857,74.4242858885714,31395.4285714286,77.0499997814286,1721.85714285714,27.1800000328571,7057,60.2057135428571,7275.57142857143,55.6314294,1.94115975641926,4.5841540105419,5.14834871278166,5.48352545534229,226.638070285714,3.820937675,80.3042853214286,25.7171429228571,68.5200004557143,56.56857191,0.806709955549776
700,2012,4,567,2012-04-14,2012-04-20,202.08,210.95,180.89,180.89,119.128571428571,2.39788398781934,1.927,1.86286,221.919850571429,3.58973122,29833.1428571429,73.21142905,2678.14285714286,42.27571433,5702.71428571429,48.6514282228571,8957,68.48714229,28929.7142857143,70.99571555,2423.14285714286,38.251428602857096,5702.71428571429,48.6514282228571,7110.71428571429,54.3700000214286,1.52671565592362,4.83053947705052,3.38831131946449,4.22606251012319,223.683607657143,3.62459608,77.0499997814286,27.1800000328571,60.2057135428571,55.6314294,1.95855145695242
699,2012,4,568,2012-04-21,2012-04-27,191.6,191.6,191.6,191.6,117.301428571429,1.27527027947637,2.186,1.88286,220.8621678,4.11593196,29646.5714285714,72.7557144171429,4371.14285714286,68.9999994557143,4960.85714285714,42.3228569028571,7894.14285714286,60.3614283971429,28969.4285714286,71.0957151142857,4030.71428571429,63.6271422271429,4960.85714285714,42.3228569028571,6619.71428571429,50.6185711442857,2.44197866986059,62.1392879186558,1.85087990677198,2.3231836606981,221.919850571429,3.58973122,70.99571555,38.251428602857096,48.6514282228571,54.3700000214286,2.39788398781934
698,2012,4,569,2012-04-28,2012-05-04,189.07,189.07,184.51,184.51,117.994285714286,1.21225488440584,2.279,1.91325,225.752567142857,4.36029675,35560.8571428571,106.474284581429,11358.8571428571,157.587145122857,4211.14285714286,48.9128576014286,6774.28571428571,67.1357154842857,35046.7142857143,104.868572782857,11043.4285714286,153.131427221429,4211.14285714286,48.9128576014286,6439,64.03857204,20.2640633899916,42.9354383223509,10.9699568706066,13.0666238771737,220.8621678,4.11593196,71.0957151142857,63.6271422271429,42.3228569028571,50.6185711442857,1.27527027947637
697,2012,5,570,2012-05-05,2012-05-11,179.96,179.96,179.96,179.96,114.477142857143,3.19112161204457,2.509,1.94552,222.717570971429,4.88130968,30678,103.5842841,7218.57142857143,87.00428445,3775.28571428571,53.1557143071429,5629.28571428571,66.0499992371429,30165.1428571429,101.852858407143,6981.14285714286,84.1414293557143,3775.28571428571,53.1557143071429,5588.28571428571,65.5671419414286,6.72006617464393,9.72513155381471,1.4724221108358,5.38538874762256,225.752567142857,4.36029675,104.868572782857,153.131427221429,48.9128576014286,64.03857204,1.21225488440584
696,2012,5,571,2012-05-12,2012-05-18,170.51,170.51,170.51,170.51,111.001428571429,1.23762445261701,2.742,1.99648,221.612132114286,5.47434816,28342.2857142857,95.6971435542857,4213.71428571429,50.78857204,3765,53.0099999557143,4485.85714285714,52.6328571871429,27828.5714285714,93.9628579285714,3959.42857142857,47.72428567,3765,53.0099999557143,4458.85714285714,52.3157141557143,2.2939318752859,10.0411884323025,2.59764656800502,2.7377717000745,222.717570971429,4.88130968,101.852858407143,84.1414293557143,53.1557143071429,65.5671419414286,3.19112161204457
695,2012,5,572,2012-05-19,2012-05-25,190.84,190.84,190.84,190.84,108.805714285714,1.57625988913482,2.568,2.04136,222.111632914286,5.24221248,27797.8571428571,93.8600006114286,3025.85714285714,36.4685707071429,3458.28571428571,48.6928569242857,4215,49.4542857571429,27287.8571428571,92.13999939,2812.71428571429,33.9028568257143,3458.28571428571,48.6928569242857,4185.28571428571,49.10571398,2.42775719327672,4.6391294500519,0.781146467325541,0.372239498585718,221.612132114286,5.47434816,93.9628579285714,47.72428567,53.0099999557143,52.3157141557143,1.23762445261701
694,2012,5,573,2012-05-26,2012-06-01,177.28,177.28,177.28,177.28,105.434285714286,3.67628370841601,2.326,2.00686,211.591850628571,4.66795636,27130.1428571429,93.7071446,4836.14285714286,56.7128573814286,3676.28571428571,55.7299989957143,3828.28571428571,51.5257143285714,26578.4285714286,91.7857142857143,4605.57142857143,53.9757145471429,3676.28571428571,55.7299989957143,3814.57142857143,51.3471434457143,4.92733644376599,5.87696591112373,11.7938555970118,15.9013945722291,222.111632914286,5.24221248,92.13999939,33.9028568257143,48.6928569242857,49.10571398,1.57625988913482
693,2012,6,574,2012-06-02,2012-06-08,146.75,146.75,146.75,146.75,101.831428571429,3.45283182605973,2.299,2.02965,206.682159,4.66616535,31471.5714285714,123.417142595714,11291.1428571429,111.939998627143,3684.71428571429,78.5399998242857,3212.71428571429,80.30571529,30604.2857142857,120.015715462857,10436,103.461428507143,3684.71428571429,78.5399998242857,3193.57142857143,79.8257141114286,17.8128565919136,35.663622210399,1.6132774855161,3.140264917501,211.591850628571,4.66795636,91.7857142857143,53.9757145471429,55.7299989957143,51.3471434457143,3.67628370841601
692,2012,6,575,2012-06-09,2012-06-15,147.83,147.83,147.83,147.83,98.5371428571429,1.62714181194714,2.467,2.05238,202.235661257143,5.06322146,37262.8571428571,146.128572735714,14028.4285714286,139.077141898571,3562.14285714286,75.9299992157143,2930.57142857143,73.2528566614286,35429,138.93714033,9704.85714285714,96.21428517,3543.28571428571,75.5271432057143,2922.71428571429,73.0557131085714,3.56552391181115,17.5528806678205,1.30639121907898,3.14991973289183,206.682159,4.66616535,120.015715462857,103.461428507143,78.5399998242857,79.8257141114286,3.45283182605973
691,2012,6,576,2012-06-16,2012-06-22,102.87,102.87,102.87,102.87,95.0571428571428,2.89022325715351,2.625,2.04508,194.399461714286,5.368335,38492.5714285714,150.951431272857,17732.5714285714,175.800000871429,3648.71428571429,77.7742865428571,2603.57142857143,65.0828574042857,33580.5714285714,131.688571384286,9657.71428571429,95.7442844928571,3635.71428571429,77.4957144614286,2582.14285714286,64.5471425757143,12.6193550657558,35.0707754459425,1.81724958927576,1.69499980750786,202.235661257143,5.06322146,138.93714033,96.21428517,75.5271432057143,73.0557131085714,1.62714181194714
690,2012,6,577,2012-06-23,2012-06-29,76.95,76.95,77.62,76.95,91.2642857142857,2.43917921401656,2.824,2.06622,188.572092428571,5.83500528,46506,182.377140591429,15114.5714285714,149.84714508,3531.28571428571,75.2714276985714,2397.85714285714,59.94142859,38759.4285714286,151.997142247143,12823.1428571429,127.12714168,3528.42857142857,75.2085712971429,2385.42857142857,59.6271422271429,9.55991079112902,13.8775036768284,4.7677819219442,2.05504020826612,194.399461714286,5.368335,131.688571384286,95.7442844928571,77.4957144614286,64.5471425757143,2.89022325715351
689,2012,6,578,2012-06-30,2012-07-06,56.3,56.29,56.3,56.3,94.0433333333333,4.13926885653337,2.776,2.01208,189.222710133333,5.58553408,33115.4285714286,152.675715854286,9139.85714285714,86.6942858,2960.71428571429,74.4971422457143,2094.85714285714,85.2385722571429,30630.7142857143,141.48714338,8693,82.4228581014286,2958.28571428571,74.4342847542857,2080.28571428571,84.6685720171429,9.31858834688379,11.3622544557217,3.87693068935572,13.6652370863216,188.572092428571,5.83500528,151.997142247143,127.12714168,75.2085712971429,59.6271422271429,2.43917921401656
688,2012,7,579,2012-07-07,2012-07-13,95,95,95,95,99.7133333333333,1.04014742544927,2.874,2.03462,202.878742266667,5.84749788,26730.2857142857,126.84714399,8487.14285714286,79.2271434257143,2825.71428571429,73.0228565757143,1866,81.0614297057143,26084,123.781429835714,7928.71428571429,74.0142854971429,2808,72.56714303,1854.42857142857,80.5600008271429,2.99095862333038,9.49882851012541,1.43438262635274,2.58806283595966,189.222710133333,5.58553408,141.48714338,82.4228581014286,74.4342847542857,84.6685720171429,4.13926885653337
687,2012,7,580,2012-07-14,2012-07-20,106.43,106.43,106.43,106.43,102.182857142857,3.4742467494679,3.081,2.02848,207.275882057143,6.24974688,25295.1428571429,120.037142072857,6960.28571428571,64.9742845814286,2721.14285714286,70.3200007842857,1684,73.1571415471429,24684.7142857143,117.14000048,6508.57142857143,60.7585716242857,2703.71428571429,69.8714283557143,1671.85714285714,72.6314304885714,2.43768245249457,6.34909924228134,1.31107289248232,2.45887062807161,202.878742266667,5.84749788,123.781429835714,74.0142854971429,72.56714303,80.5600008271429,1.04014742544927
686,2012,7,581,2012-07-21,2012-07-27,103.86,103.86,103.86,103.86,105.132857142857,1.88480515602928,3.01,2.03264,213.697250742857,6.1182464,23726.8571428571,112.595715114286,8568.42857142857,79.9842856285714,2644.71428571429,68.3457151142857,1482.85714285714,64.4199998028571,23462.8571428571,111.342857361429,8097.28571428571,75.5871423985714,2630,67.9642862585714,1481.28571428571,64.3528578614286,3.99473308355682,24.4350474450976,7.61434223669527,1.42717400266017,207.275882057143,6.24974688,117.14000048,60.7585716242857,69.8714283557143,72.6314304885714,3.4742467494679
685,2012,7,582,2012-07-28,2012-08-03,88.35,88.35,88.35,88.35,105.408571428571,1.90106486450391,2.877,2.0401,215.044026571429,5.8693677,21207.7142857143,108.889999388571,20038.8571428571,193.681427002857,2363.28571428571,64.9185714728571,1341.28571428571,68.2228573385714,20789.7142857143,106.761428834286,17629.4285714286,170.11857169,2339.42857142857,64.2642860414286,1339.71428571429,68.1542854285714,6.91054339874289,14.8667790861934,4.82848453143018,9.28787224500421,213.697250742857,6.1182464,111.342857361429,75.5871423985714,67.9642862585714,64.3528578614286,1.88480515602928
684,2012,8,583,2012-08-04,2012-08-10,106.59,106.59,106.59,106.59,109.54,3.04757827353704,2.77,2.02324,221.6257096,5.6043748,18802.5714285714,107.035713195714,12087.7142857143,122.335716247143,2329.57142857143,69.0357131942857,1300.42857142857,69.6585726057143,18532.1428571429,105.495713368571,10838.2857142857,109.69000135,2314,68.5757130214286,1292.14285714286,69.2142868028571,3.21276629920275,14.554913014355,1.09586745917926,1.76556842928268,215.044026571429,5.8693677,106.761428834286,170.11857169,64.2642860414286,68.1542854285714,1.90106486450391
683,2012,8,584,2012-08-11,2012-08-17,116.3,116.3,116.3,116.3,114.081428571429,1.34624698788181,2.719,2.02248,230.727407657143,5.49912312,17201.1428571429,97.9171447771429,6496.85714285714,65.7514272414286,2292.28571428571,67.9285703371429,1209.57142857143,64.7900009171429,16931.7142857143,96.38571494,6327.14285714286,64.03571483,2269.57142857143,67.2571432928571,1205.42857142857,64.5714285714286,2.33279413608308,9.71811804092613,0.670044601229057,2.6065281560569,221.6257096,5.6043748,105.495713368571,109.69000135,68.5757130214286,69.2142868028571,3.04757827353704
682,2012,8,585,2012-08-18,2012-08-24,128.76,128.64,128.76,128.76,115.635714285714,1.06309073213926,2.702,2.0212,233.722905714286,5.4612824,15916,90.6042861942857,4336.42857142857,43.88571385,2211.14285714286,65.5257126942857,1125,60.2599999571429,15608.4285714286,88.8514284414286,4193,42.43714251,2191,64.9271441885714,1119.71428571429,59.97714288,2.4786311086344,3.3919496220823,1.98796231526155,1.20656145420685,230.727407657143,5.49912312,96.38571494,64.03571483,67.2571432928571,64.5714285714286,1.34624698788181
681,2012,8,586,2012-08-25,2012-08-31,137.76,137.76,137.76,137.76,114.794285714286,1.95893557102622,2.799,2.0418,234.386972571429,5.7149982,14995.7142857143,85.3642861514286,3684.28571428571,37.2871426171429,2116,62.7057146357143,1166.28571428571,62.4728578842857,14718.4285714286,83.7842864985714,3541.57142857143,35.84142903,2100.14285714286,62.2357145014286,1140.14285714286,61.0728574471429,2.0241288307619,1.80696316771734,0.613836594287905,3.58199158347214,233.722905714286,5.4612824,88.8514284414286,42.43714251,64.9271441885714,59.97714288,1.06309073213926
680,2012,9,587,2012-09-01,2012-09-07,173.95,173.95,173.95,173.95,113.26,0.82030482139063,2.682,2.03675,230.682305,5.4625635,14148.7142857143,81.2785709928571,3063.57142857143,26.6400002071429,2078.71428571429,68.9157148085714,1091.57142857143,72.5914284842857,13408.1428571429,77.0242865428571,2895.57142857143,25.1785711571429,2067,68.5299998714286,1091.57142857143,72.5914284842857,1.25042450072624,1.45775438810632,0.577811501332426,1.18219325940125,234.386972571429,5.7149982,83.7842864985714,35.84142903,62.2357145014286,61.0728574471429,1.95893557102622
679,2012,9,588,2012-09-08,2012-09-14,181.4,181.4,181.4,181.4,114.448571428571,0.927279687605533,2.943,2.02014,231.202137085714,5.94527202,13484.1428571429,77.4600012642857,4874.85714285714,42.3914282657143,1964.14285714286,65.11857169,1067.85714285714,71.0128566185714,12637,72.5942862385714,4512.57142857143,39.23857144,1943.71428571429,64.4399991728571,1067.85714285714,71.0128566185714,2.1586624983443,13.0440330939534,2.05628356330095,2.65532525595767,230.682305,5.4625635,77.0242865428571,25.1785711571429,68.5299998714286,72.5914284842857,0.82030482139063
678,2012,9,589,2012-09-15,2012-09-21,190.19,190.19,190.19,190.19,113.971428571429,3.56609229910186,2.885,2.02592,230.896996571429,5.8447792,13122.2857142857,75.3800005228571,7176.28571428571,62.4014287685714,1940.71428571429,64.3428579042857,1065.85714285714,70.8799994342857,11800.5714285714,67.7885720385714,5934.85714285714,51.6085709157143,1922.42857142857,63.7342850814286,1054.42857142857,70.1199994785714,1.94871336452754,26.4203892944466,2.48049522345055,2.21326204289196,231.202137085714,5.94527202,72.5942862385714,39.23857144,64.4399991728571,71.0128566185714,0.927279687605533
677,2012,9,590,2012-09-22,2012-09-28,187.45,187.45,187.45,187.45,110.3,1.74154146280427,3.32,2.02904,223.803112,6.7364128,16574.4285714286,95.2128568357143,4650.28571428571,40.4385711114286,1884.42857142857,62.4742851242857,1044.42857142857,69.4557135442857,15128.1428571429,86.9028592785714,4333,37.6757142214286,1882.42857142857,62.4099993042857,1032,68.6285705571429,8.76549220747989,9.95955453684153,2.10060286169673,1.00830681900135,230.896996571429,5.8447792,67.7885720385714,51.6085709157143,63.7342850814286,70.1199994785714,3.56609229910186
676,2012,9,591,2012-09-29,2012-10-05,180.51,180.51,184.15,184.15,110.707142857143,1.25259349997847,3.396,2.02464,224.142109714286,6.87567744,16657.1428571429,84.8042853214286,5853.85714285714,45.8671430857143,1803.42857142857,56.22000013,1069,64.7114279614286,15268,77.73714338,5396.42857142857,42.3042855957143,1793.42857142857,55.9028576442857,1063.71428571429,64.4014282228571,11.1129777779666,17.8573356082194,2.40138611505572,4.68674473551881,223.803112,6.7364128,86.9028592785714,37.6757142214286,62.4099993042857,68.6285705571429,1.74154146280427
675,2012,10,592,2012-10-06,2012-10-12,243.09,243.09,256.3,256.3,113.131428571429,2.74512555008223,3.611,2.03435,230.148921714286,7.34603785,13521.7142857143,64.9799989971429,5971.28571428571,45.8657133928571,1733.71428571429,52.6714286785714,1012,58.8428568142857,11778,56.6000006557143,5618.71428571429,43.15857097,1719.71428571429,52.2471427914286,1008.71428571429,58.6514287671429,4.57243251216479,3.90671474480187,0.604889247978126,0.904533438037648,224.142109714286,6.87567744,77.73714338,42.3042855957143,55.9028576442857,64.4014282228571,1.25259349997847
674,2012,10,593,2012-10-13,2012-10-19,322.49,322.49,329.04,329.04,114.692857142857,1.32865488729011,3.617,2.03216,233.074236571429,7.35032272,13608.8571428571,65.3985721028571,4335.28571428571,33.2985717214286,1653.42857142857,50.2314289642857,1125.42857142857,65.4371425071429,11049.2857142857,53.0985712314286,4174,32.0600002842857,1636.14285714286,49.7100001742857,1121.85714285714,65.2299989957143,0.491679081643924,5.37766937232108,0.551029812140538,5.9267586831846,230.148921714286,7.34603785,56.6000006557143,43.15857097,52.2471427914286,58.6514287671429,2.74512555008223
673,2012,10,594,2012-10-20,2012-10-26,288.17,288.17,330.39,330.39,111.125714285714,2.87887626886402,3.4,2.02622,225.1651448,6.889148,15474,74.3614273057143,9173.85714285714,70.4671434685714,1566.28571428571,47.5842862814286,1305.85714285714,75.9285714285714,12048.7142857143,57.9000004342857,8693.28571428571,66.7742862714286,1542.28571428571,46.8571423114286,1301.57142857143,75.6785714271429,2.45479148379253,35.5247037607413,0.699564373272427,2.95911387410422,233.074236571429,7.35032272,53.0985712314286,32.0600002842857,49.7100001742857,65.2299989957143,1.32865488729011
672,2012,10,595,2012-10-27,2012-11-02,361.89,361.89,361.89,361.89,108.541428571429,0.937255364904513,3.554,2.030575,220.401511321429,7.21666355,16743,75.45999963,11252.2857142857,95.6185716914286,1608,43.3571431285714,1309.14285714286,66.94285747,14262.8571428571,64.1857141757143,10900.1428571429,92.5785718671429,1589.28571428571,42.8757149828571,1308.71428571429,66.9185709271429,7.7194496423105,8.77862058224692,8.93033967858451,12.9508215702729,225.1651448,6.889148,57.9000004342857,66.7742862714286,46.8571423114286,75.6785714271429,2.87887626886402
671,2012,11,596,2012-11-03,2012-11-09,429.01,429.01,429.01,429.01,107.992857142857,1.53549898823016,3.503,2.03726,220.009528142857,7.13652178,18043,67.4171431414286,6632.57142857143,72.9314280914286,2146.71428571429,39.8957138071429,1369.85714285714,47.8142847357143,16334.8571428571,61.0342859542857,6500.28571428571,71.4757150928571,2140.14285714286,39.7728576671429,1369.85714285714,47.8142847357143,3.21574089322566,10.2660423827332,3.65176534445946,0.884022320956207,220.401511321429,7.21666355,64.1857141757143,92.5785718671429,42.8757149828571,66.9185709271429,0.937255364904513
670,2012,11,597,2012-11-10,2012-11-16,451.82,451.82,451.82,451.82,109.04,1.08506528221597,3.79,2.060225,224.646934,7.80825275,25691.2857142857,95.99571337,4234,46.5557142,2994.42857142857,55.6457143514286,1929.28571428571,67.3414284842857,24145,90.2171434671429,4121.14285714286,45.3157147,2991.71428571429,55.5971429,1816.42857142857,63.4042848857143,8.2222577181652,4.70055993971711,7.5734638397,7.11199388197492,220.009528142857,7.13652178,61.0342859542857,71.4757150928571,39.7728576671429,47.8142847357143,1.53549898823016
669,2012,11,598,2012-11-17,2012-11-23,315.12,315.12,315.12,315.12,109.371666666667,1.41279038313108,3.901,2.08744,228.306791866667,8.14310344,25663.7142857143,95.89428493,3642.28571428571,40.0514281128571,5455.42857142857,101.382859364286,3003.71428571429,104.845714024286,24644.4285714286,92.0857151571429,3473.28571428571,38.1942858014286,5454.28571428571,101.361430575714,2892.71428571429,100.974285671429,6.72064028174024,1.96225036628646,22.6567124221059,11.7883852320946,224.646934,7.80825275,90.2171434671429,45.3157147,55.5971429,63.4042848857143,1.08506528221597
668,2012,11,599,2012-11-24,2012-11-30,310.18,310.18,310.18,310.18,110.007142857143,0.81534684410552,3.561,2.08978,229.890727,7.44170658,24126.1428571429,90.1485704685714,2924.28571428571,32.1542851585714,8825.85714285714,164.019997734286,3312.28571428571,115.617142812857,23037.4285714286,86.0785718657143,2671.57142857143,29.3757141657143,8824.57142857143,163.995712281429,3106.28571428571,108.427143642857,4.15137184779211,3.22099282449712,8.37876105058539,9.61046648901968,228.306791866667,8.14310344,92.0857151571429,38.1942858014286,101.361430575714,100.974285671429,1.41279038313108
667,2012,12,600,2012-12-01,2012-12-07,203.27,203.27,203.27,203.27,109.591428571429,1.28381499928314,3.551,2.09712,229.826376685714,7.44687312,25250,62.3757138928571,2993.42857142857,41.4071426385714,8018.57142857143,80.3057141957143,4846.71428571429,87.1185727814286,24278.5714285714,59.9771428785714,2823.71428571429,39.0614283414286,8016.28571428571,80.2828565314286,4775.57142857143,85.8414284842857,0.699254455117828,4.81543469881466,5.42903513735216,14.4508002407922,229.890727,7.44170658,86.0785718657143,29.3757141657143,163.995712281429,108.427143642857,0.81534684410552
666,2012,12,601,2012-12-08,2012-12-14,271.65,271.65,271.65,271.65,108.756666666667,1.17673559760376,3.314,2.0783,226.028980333333,6.8874862,24482.8571428571,60.4828572957143,4157.42857142857,57.0828568585714,8093.28571428571,81.0557131071429,5937.28571428571,106.721429008571,23732,58.6257138928571,3950.14285714286,54.2314289642857,8084,80.96142796,5782,103.931426998571,2.82270969389361,17.4575579614802,2.84200954072212,3.35811139843358,229.826376685714,7.44687312,59.9771428785714,39.0614283414286,80.2828565314286,85.8414284842857,1.28381499928314
665,2012,12,602,2012-12-15,2012-12-21,184.86,184.86,184.69,184.69,109.467142857143,0.956742986832489,3.451,2.08024,227.717929257143,7.17890824,30555.5714285714,75.48285784,4977.28571428571,66.35142844,6391,64.0057149642857,4884.14285714286,87.7914276128571,30186.7142857143,74.5728563571429,4651.85714285714,62.0114288328571,6387.85714285714,63.9742862185714,4841.14285714286,87.0185732157143,4.35209850156967,5.42491931915839,12.7667790894776,4.6976999088284,226.028980333333,6.8874862,58.6257138928571,54.2314289642857,80.96142796,103.931426998571,1.17673559760376
664,2012,12,603,2012-12-22,2012-12-28,343.4,343.4,315.53,315.53,109.83,0.799708280145612,3.469,2.0559,225.799497,7.1319171,29295.1428571429,72.3700005671429,4783.57142857143,63.7671432485714,4771.14285714286,47.7828581685714,4311.71428571429,77.5014288757143,29138.2857142857,71.9814300557143,4425.57142857143,58.9942861285714,4751,47.5814290742857,4301,77.3114275242857,4.38840309602905,11.3801910989573,2.55672619193077,4.10743074685071,227.717929257143,7.17890824,74.5728563571429,62.0114288328571,63.9742862185714,87.0185732157143,0.956742986832489
663,2012,12,604,2012-12-29,2013-01-04,341.66,341.66,341.66,341.66,111.27,1.38176698469761,3.287,2.042875,227.31070125,6.714930125,29146.2857142857,60.8457145685714,8832.28571428571,117.774285452857,4406.85714285714,37.3571425857143,3682.42857142857,50.5914273942857,28964.7142857143,60.4785712085714,8415,112.208571295714,4287,36.3485715057143,3664.57142857143,50.33428519,8.13294451110946,11.0457943816207,7.82886243598895,15.4463206137214,225.799497,7.1319171,71.9814300557143,58.9942861285714,47.5814290742857,77.3114275242857,0.799708280145612
662,2013,1,605,2013-01-05,2013-01-11,554.82,554.82,551.68,551.68,112.853333333333,0.250812014593878,3.327,2.03368,229.507566933333,6.76605336,31813,57.8457145685714,15880.2857142857,211.798569815714,3702.85714285714,26.8085714057143,4239.57142857143,44.4042854314286,31497.7142857143,57.2728571228571,14989.7142857143,199.921430312857,3603.28571428571,26.08999988,4233.71428571429,44.3442851485714,5.69557734193766,68.7321120807339,2.25865734825667,5.63173684614729,227.31070125,6.714930125,60.4785712085714,112.208571295714,36.3485715057143,50.33428519,1.38176698469761
661,2013,1,606,2013-01-12,2013-01-18,339.83,339.83,339.83,339.83,111.81,1.17525883673888,3.566,2.03878,227.9559918,7.27028948,51970.1428571429,94.4971422471429,9556.85714285714,127.461429048571,3662.85714285714,26.5242854514286,5589.42857142857,58.5457147885714,50248.8571428571,91.3671428142857,9323.14285714286,124.344285148571,3451.42857142857,24.9900000457143,5540.14285714286,58.0300004157143,13.5144469123542,28.9507611235197,1.41675678293771,5.65475151036451,229.507566933333,6.76605336,57.2728571228571,199.921430312857,26.08999988,44.3442851485714,0.250812014593878
660,2013,1,607,2013-01-19,2013-01-25,479.82,479.82,478.5,478.5,112.508571428571,1.49765848990448,3.444,2.03768,229.256465828571,7.01776992,63324.4285714286,115.144287108571,5806.42857142857,77.4428580157143,5418.57142857143,39.23571423,8172.57142857143,85.6028573185714,62022.8571428571,112.774286542857,5716.14285714286,76.2371439271429,5109.71428571429,36.99571446,7899.85714285714,82.7471433371428,2.66898708184234,8.73649888874418,8.56052380486961,7.15223672090525,227.9559918,7.27028948,91.3671428142857,124.344285148571,24.9900000457143,58.0300004157143,1.17525883673888
659,2013,1,608,2013-01-26,2013-02-01,307.52,307.52,290.91,290.91,114.251428571429,1.00714826071217,3.301,1.995,227.9316,6.585495,63042.8571428571,113.935713631429,3753.71428571429,49.4271436428571,8205.28571428571,58.9714284628571,11264.7142857143,113.41143036,61366.4285714286,110.917142595714,3669.14285714286,48.3142858214286,7969.42857142857,57.2814282014286,10720.1428571429,107.899999347143,3.01078536919408,6.41250025494675,2.5947609872104,9.74043045467705,229.256465828571,7.01776992,112.774286542857,76.2371439271429,36.99571446,82.7471433371428,1.49765848990448
658,2013,2,609,2013-02-02,2013-02-08,174.99,174.99,174.99,174.99,115.828333333333,0.713510102705055,3.272,1.98108,229.4651946,6.48209376,66344.5714285714,115.751429965714,3733.85714285714,44.6814297285714,9728.14285714286,67.0014305114286,13275.7142857143,103.764286587143,64274,112.14000048,3633.14285714286,43.4742851257143,9499.14285714286,65.4228586471429,12881,100.68142918,1.54928134447584,4.30768990958204,5.08877883107524,5.1011191168269,227.9316,6.585495,110.917142595714,48.3142858214286,57.2814282014286,107.899999347143,1.00714826071217
657,2013,2,610,2013-02-09,2013-02-15,156.62,156.62,152.61,152.61,118.05,0.764748324616441,3.153,1.96396666666667,231.846265,6.1923869,67473.7142857143,117.720000131429,5581.42857142857,66.7871442514286,11625,80.0657141557143,12929.4285714286,101.057143075714,65441.1428571429,114.175714767143,5481.85714285714,65.59857178,11526.2857142857,79.3871416357143,12779.4285714286,99.8857138514286,1.52110532633574,11.7825661042289,4.18908694432166,3.81541645003003,229.4651946,6.48209376,112.14000048,43.4742851257143,65.4228586471429,100.68142918,0.713510102705055
656,2013,2,611,2013-02-16,2013-02-22,214.62,214.62,213.35,213.35,116.622857142857,1.97097027108985,3.291,1.96478,229.138257257143,6.46609098,56756,99.0214276971429,10298,123.2285723,11888.7142857143,81.8814283114286,10898.8571428571,85.1857136314286,55161.5714285714,96.2400011342857,10151.2857142857,121.47428458,11835.7142857143,81.5171432485714,10857.2857142857,84.8628572728571,9.01261556970213,13.3279383226634,3.78706911206306,3.17403441847524,231.846265,6.1923869,114.175714767143,65.59857178,79.3871416357143,99.8857138514286,0.764748324616441
655,2013,2,612,2013-02-23,2013-03-01,312.59,312.59,312.59,312.59,114.312857142857,1.83816678863803,3.456,1.9775,226.053675,6.83424,45740.4285714286,80.5271432057143,8909.28571428571,108.822858538571,8539.57142857143,58.89285769,10132.4285714286,77.6814291814286,44741.4285714286,78.7699988228571,8542.57142857143,104.359998428571,8525.42857142857,58.7971436642857,10081,77.2842875914286,2.48240469762044,9.18674781729091,8.60670477175636,4.91009819315484,229.138257257143,6.46609098,96.2400011342857,121.47428458,81.5171432485714,84.8628572728571,1.97097027108985
654,2013,3,613,2013-03-02,2013-03-08,373.9,373.9,372.56,372.56,111.161428571429,1.25536752349725,3.629,1.96672,218.6234048,7.13722688,45255.5714285714,84.12714386,7749.42857142857,109.238570077143,5963.57142857143,41.54428591,9867.14285714286,66.5957151142857,44113.1428571429,82.00428445,7614.85714285714,107.341429572857,5873.42857142857,40.9157142628572,9802,66.1542859757143,0.807749961008349,26.971924807169,3.78330038411785,0.459521802151542,226.053675,6.83424,78.7699988228571,104.359998428571,58.7971436642857,77.2842875914286,1.83816678863803
653,2013,3,614,2013-03-09,2013-03-15,341.98,341.98,341.75,341.75,109.181428571429,1.19604108863998,3.872,1.96306,214.329695171429,7.60096832,47427.8571428571,88.1657137185714,15332.8571428571,216.137145995714,5132.57142857143,35.7542849942857,9928,67.0057144171429,46404.4285714286,86.2642854942857,14116.2857142857,198.988568985714,5021.57142857143,34.9828572942857,9860.85714285714,66.5514286585714,7.03636875529554,55.8500832736309,1.68357368936324,0.95614556710626,218.6234048,7.13722688,82.00428445,107.341429572857,40.9157142628572,66.1542859757143,1.25536752349725
652,2013,3,615,2013-03-16,2013-03-22,338.89,338.89,338.89,338.89,108.09,0.918222921370609,3.927,1.99192,215.3066328,7.82226984,54185.4285714286,100.730000087143,16258.4285714286,229.185714721429,5191.14285714286,36.1642859328571,11672.1428571429,78.7785720842857,53000,98.5271432057143,15246.1428571429,214.917142595714,5105.42857142857,35.5657152457143,10684.1428571429,72.1071428585714,1.73886768120054,25.9411014574368,3.11866340748652,2.11867711991968,214.329695171429,7.60096832,86.2642854942857,198.988568985714,34.9828572942857,66.5514286585714,1.19604108863998
651,2013,3,616,2013-03-23,2013-03-29,319.56,319.56,321.51,319.56,107.468333333333,1.03762067571424,4.024,2.01315,216.34987525,8.1009156,59352.2857142857,110.331428527143,13941.4285714286,196.522855487143,4952.42857142857,34.50142833,14295,96.4771423342857,57633,107.135714938571,13372.7142857143,188.507145471429,4790.14285714286,33.3700000228571,9200.28571428571,62.0914273928571,1.26481719387492,29.6730357966445,0.926624460394167,6.44038062124782,215.3066328,7.82226984,98.5271432057143,214.917142595714,35.5657152457143,72.1071428585714,0.918222921370609
650,2013,3,617,2013-03-30,2013-04-05,299.64,299.64,299.64,299.64,107.912857142857,1.47496569774553,4.125,2.0162,217.573902571429,8.316825,58353.4285714286,132.891428267143,9367.42857142857,139.237141201429,5316,43.1171428128571,16193.5714285714,110.889999388571,56763.2857142857,129.321428572857,9210.42857142857,136.900001525714,5237.71428571429,42.5185715814286,8792,60.2185718014286,14.0349124862217,12.367550041586,6.72918354513819,3.15958046062948,216.34987525,8.1009156,107.135714938571,188.507145471429,33.3700000228571,62.0914273928571,1.03762067571424
649,2013,4,618,2013-04-06,2013-04-12,189.11,189.11,189.79,189.11,105.447142857143,2.40301695295509,4.222,1.98084,208.873918457143,8.36310648,59448.7142857143,145.892859321429,10025.5714285714,152.13571385,8005.14285714286,68.2914287028571,14484.7142857143,99.7585699914286,57529.7142857143,141.182859147143,9664,146.650002614286,7991.28571428571,68.1742853442857,9221.28571428571,63.50999941,4.20075314805232,16.7260318401277,7.85313026979889,4.43704080782091,217.573902571429,8.316825,129.321428572857,136.900001525714,42.5185715814286,60.2185718014286,1.47496569774553
648,2013,4,619,2013-04-13,2013-04-19,150.3,150.3,151.25,150.3,100.96,3.25254771935268,4.408,1.99688,201.6050048,8.80224704,63013,154.639997211429,8925,135.434284755714,8247.71428571429,70.3628561857143,12701.1428571429,87.4728557042857,60060.5714285714,147.395714895714,8424.42857142857,127.83857291,8240,70.29714203,8182,56.35000011,5.18403534383527,24.6849020904389,4.3701088721541,2.70781560267712,208.873918457143,8.36310648,141.182859147143,146.650002614286,68.1742853442857,63.50999941,2.40301695295509
647,2013,4,620,2013-04-20,2013-04-26,128.33,128.33,131.47,128.33,98.9342857142857,1.7319147125157,4.152,2.01318,199.172525314286,8.35872336,47708.7142857143,117.081430707143,5229.42857142857,79.3542861942857,9160.28571428571,78.1457148957143,14041.8571428571,96.7085712971429,47035.4285714286,115.431428091429,5122,77.72428676,9063.85714285714,77.3228574471429,8585.14285714286,59.1285711014286,12.2701384911621,8.24433316626285,7.06032460946393,7.94168737972766,201.6050048,8.80224704,147.395714895714,127.83857291,70.29714203,56.35000011,3.25254771935268
646,2013,4,621,2013-04-27,2013-05-03,277.68,277.68,278.7,277.68,100.787142857143,1.64409766828457,4.041,2.004525,202.030347535714,8.100285525,36166.5714285714,102.324285234286,3947,54.1100000642857,8849.28571428571,94.2514288771429,12265.1428571429,103.338570731429,35684.8571428571,100.985714505714,3855.42857142857,52.85142844,8812.71428571429,93.9300003057143,8210.85714285714,69.5785713185714,13.0005321979909,9.47225486960491,16.7808952540552,16.7422023349255,199.172525314286,8.35872336,115.431428091429,77.72428676,77.3228574471429,59.1285711014286,1.7319147125157
645,2013,5,622,2013-05-04,2013-05-10,349.42,348.25,345.77,345.77,102.452857142857,2.46629083365917,3.91,2.01072,206.004008914286,7.8619152,31620.5714285714,106.768571035714,3424,39.74571446,5607.28571428571,78.9499991285714,11152.4285714286,119.482857841429,31261.2857142857,105.554284231429,3335.14285714286,38.7142857142857,5539.85714285714,78.0014277857143,7326.42857142857,78.492857798571407,3.37062356601248,1.92407444822093,11.2718051248534,11.4233714329844,202.030347535714,8.100285525,100.985714505714,52.85142844,93.9300003057143,69.5785713185714,1.64409766828457
644,2013,5,623,2013-05-11,2013-05-17,356.57,356.57,356.57,356.57,103.125714285714,1.46155005779061,4.055,2.0205,208.365505714286,8.1931275,29883.4285714286,100.90285819,4340.28571428571,50.37999998,4098.71428571429,57.71000072,10785.5714285714,115.551428657143,29560.8571428571,99.8099997385714,4257,49.4114281785714,4036.57142857143,56.8342857385714,7961.71428571429,85.3000008714286,2.14166698811253,25.3852902608005,3.425288035356,7.85945580782842,206.004008914286,7.8619152,105.554284231429,38.7142857142857,78.0014277857143,78.492857798571407,2.46629083365917
643,2013,5,624,2013-05-18,2013-05-24,354.32,354.32,354.32,354.32,102.788571428571,1.51203426516994,4.237,2.0425,209.945657142857,8.6540725,28801.1428571429,97.24571446,6859.71428571429,79.6242855628571,3476.42857142857,48.9471424642857,8553.14285714286,91.6357138485714,28570.7142857143,96.47142901,6774.28571428571,78.6342871528572,3442,48.4642857142857,7374.42857142857,79.0071422028572,2.34788626795084,13.447504777118,2.27043962991689,6.30972639252551,208.365505714286,8.1931275,99.8099997385714,49.4114281785714,56.8342857385714,85.3000008714286,1.46155005779061
642,2013,5,625,2013-05-25,2013-05-31,356.02,356.02,356.02,356.02,101.614285714286,0.971765697805486,3.984,2.083325,211.695581785714,8.2999668,31427,106.112856184286,6002,69.6685714714286,3088.85714285714,43.4900000428571,6533,69.99142783,30565.8571428571,103.205713544286,5912.14285714286,68.6242850171429,3045.14285714286,42.8757144385714,6397.42857142857,68.5414292471428,10.2573918586723,16.0146304651185,1.15059201009413,4.20788298893849,209.945657142857,8.6540725,96.47142901,78.6342871528572,48.4642857142857,79.0071422028572,1.51203426516994
641,2013,6,626,2013-06-01,2013-06-07,323.54,323.54,323.54,323.54,102.377142857143,1.22200264982959,3.828,2.1293,217.991650285714,8.1509604,44276.1428571429,173.187142508571,13579.8571428571,129.617141724286,3118,66.4599990842857,4965.28571428571,111.26285771,43256,169.197143554286,13375.2857142857,127.664284842857,3086.85714285714,65.7985719942857,4912,110.067141941429,8.33722684464978,30.0003558729202,2.13341344889002,6.57024747899612,211.695581785714,8.2999668,103.205713544286,68.6242850171429,42.8757144385714,68.5414292471428,0.971765697805486
640,2013,6,627,2013-06-08,2013-06-14,180.62,180.62,181.1,180.62,103.335714285714,0.656756097367397,3.733,2.14466,221.619973,8.00601578,36184,141.074286324286,7932.42857142857,75.7128579271429,3521.28571428571,75.0542864128571,4458.71428571429,99.9114281785714,35717.1428571429,139.252854484286,7793.71428571429,74.3900010271428,3510.71428571429,74.8328552242857,4429.42857142857,99.25428554,12.0104506876783,12.9429399487676,2.96248567537254,3.33944448117499,217.991650285714,8.1509604,169.197143554286,127.664284842857,65.7985719942857,110.067141941429,1.22200264982959
639,2013,6,628,2013-06-15,2013-06-21,192.06,192.06,192.06,192.06,103.881428571429,1.62532487594788,3.771,2.20258,228.807156942857,8.30592918,32716.5714285714,127.555713108571,10186.4285714286,97.2271450585714,3746.57142857143,79.8585695528571,3669.28571428571,82.2214290071429,32073.8571428571,125.048568725714,8739,83.4099987585714,3726.85714285714,79.4399991714286,3633.28571428571,81.4157137185714,2.11434189462062,46.5531603661653,1.31091527397395,6.47574889909781,221.619973,8.00601578,139.252854484286,74.3900010271428,74.8328552242857,99.25428554,0.656756097367397
638,2013,6,629,2013-06-22,2013-06-28,166.07,165.94,166.07,166.07,102.43,2.31600949911714,3.565,2.21296,226.6734928,7.8892024,44495,173.47428676,39507.7142857143,377.090000697143,3173,67.6328560971429,3252,72.8699983857143,31124,121.347143992857,21030,200.725714545714,3147.57142857143,67.0942862371429,3220,72.15285601,6.53519664705377,51.4340220480724,4.58217304729707,1.17807439348244,228.807156942857,8.30592918,125.048568725714,83.4099987585714,79.4399991714286,81.4157137185714,1.62532487594788
637,2013,6,630,2013-06-29,2013-07-05,97.15,55.54,99.43,97.58,102.778333333333,1.88084466840368,3.617,2.2511,231.364306166667,8.1422287,46683.2857142857,208.417146952857,28372.8571428571,261.911429267143,2786.28571428571,68.3028580814286,2997,99.9800000871429,33104.5714285714,148.065715244286,13962.1428571429,128.238570078571,2758.14285714286,67.6114283971428,2961.28571428571,98.7457133685714,9.01793168663962,21.6814255513445,4.97725091303793,20.0882101724809,226.6734928,7.8892024,121.347143992857,200.725714545714,67.0942862371429,72.15285601,2.31600949911714
636,2013,7,631,2013-07-06,2013-07-12,106.35,73.76,106.35,106.35,107.092857142857,1.56681964805138,3.644,2.26426,242.486072714286,8.25096344,34816,164.328569685714,18235.4285714286,165.50857108,2648.85714285714,68.4542868485714,2507,95.3628572728571,31375.5714285714,148.090000697143,13731.7142857143,124.631428308571,2629.71428571429,67.9600012657143,2464,93.7257134571428,10.6815796720269,20.2914223362122,1.09530734971257,4.30108423731915,231.364306166667,8.1422287,148.065715244286,128.238570078571,67.6114283971428,98.7457133685714,1.88084466840368
635,2013,7,632,2013-07-13,2013-07-19,123.73,100.14,123.73,123.73,108.852857142857,0.70853638546350906,3.789,2.2381,243.623579571429,8.4801609,27214.1428571429,128.447143554286,11135.5714285714,101.068570818571,2529,65.3571439471428,2423.14285714286,87.6271427714286,25792.7142857143,121.738572257143,10171.7142857143,92.3200018742857,2514.57142857143,64.9814284185714,2391.57142857143,86.48285566,4.27310567009695,15.2609320476111,0.823396544317649,1.60714703275121,242.486072714286,8.25096344,148.090000697143,124.631428308571,67.9600012657143,93.7257134571428,1.56681964805138
634,2013,7,633,2013-07-20,2013-07-26,128.18,128.18,128.18,128.18,109.022857142857,0.656295519960874,3.555,2.23914,244.117440342857,7.9601427,27881.1428571429,131.598572865714,15797,143.375716071429,2469.85714285714,63.8300001971429,2194.42857142857,79.3571417671428,24875.4285714286,117.412857057143,11964,108.587142944286,2450.28571428571,63.3214285714286,2167,78.36428506,3.77372704680653,12.8988001443319,0.256997466099668,2.56077219985384,243.623579571429,8.4801609,121.738572257143,92.3200018742857,64.9814284185714,86.48285566,0.70853638546350906
633,2013,7,634,2013-07-27,2013-08-02,153.04,153.04,153.04,153.04,108.442857142857,0.84395328238892,3.347,2.28128,247.388521142857,7.63544416,27359.2857142857,135.994283404286,12058.2857142857,112.065714157143,2346.14285714286,63.11857169,1971.28571428571,79.4500013085714,25682.4285714286,127.961426871429,9039.28571428571,84.14428602,2322,62.4628579271428,1938.57142857143,78.12714168,9.41072734956675,9.66895783292324,3.49355066883702,12.0480697260991,244.117440342857,7.9601427,117.412857057143,108.587142944286,63.3214285714286,78.36428506,0.656295519960874
632,2013,8,635,2013-08-03,2013-08-09,165.67,165.67,165.67,165.67,108.635714285714,1.13835930389381,3.23,2.29188,248.980020857143,7.4027724,22962.7142857143,130.087144034286,15813.1428571429,156.201431272857,2326.57142857143,68.9457135885714,1815.71428571429,92.9914289214286,22627.8571428571,128.189999171429,13497.1428571429,133.32571629,2302.14285714286,68.2214290057143,1773,90.8042842328571,6.50584483834407,26.4593386424125,0.352675349444603,2.90385255579763,247.388521142857,7.63544416,127.961426871429,84.14428602,62.4628579271428,78.12714168,0.84395328238892
631,2013,8,636,2013-08-10,2013-08-16,147.27,96.7,149.1,147.27,109.155714285714,1.39404515879621,3.368,2.31688,252.900691314286,7.80325184,20160.5714285714,114.212857925714,24248.4285714286,239.528570992857,2340.71428571429,69.3657150257143,1631.85714285714,83.5728585385714,19753,111.904285974286,13340.7142857143,131.779999868571,2316.14285714286,68.6385716028571,1612.14285714286,82.5657152442857,2.4817672777077,40.0915193710135,0.438878240978386,1.49284949792378,248.980020857143,7.4027724,128.189999171429,133.32571629,68.2214290057143,90.8042842328571,1.13835930389381
630,2013,8,637,2013-08-17,2013-08-23,172.59,162.66,174.37,172.59,111.012857142857,0.590471966192109,3.485,2.40774,267.290096657143,8.3909739,18919.4285714286,107.181429181429,10005,98.8285707742857,2256,66.8542851042857,1597.71428571429,81.8242874142857,18596.4285714286,105.351428441429,9499.42857142857,93.8371451242857,2230.71428571429,66.1042851028571,1570,80.4057148528571,1.9230209639845,10.0846007036327,1.27977752604951,1.47771022128898,252.900691314286,7.80325184,111.904285974286,131.779999868571,68.6385716028571,82.5657152442857,1.39404515879621
629,2013,8,638,2013-08-24,2013-08-30,157.3,139.82,159.49,157.3,112.8,2.68105700548606,3.581,2.36982,267.315696,8.48632542,17683.1428571429,100.178571428571,24743.8571428571,244.421425957143,2151.71428571429,63.7642860428571,1440.14285714286,73.7585721714286,17385.8571428571,98.492857798571407,12333.7142857143,121.832855225714,2131.14285714286,63.1557137628571,1415.85714285714,72.5128577114286,2.07475164368899,24.3549117710183,0.586085099680739,3.36919798091554,267.290096657143,8.3909739,105.351428441429,93.8371451242857,66.1042851028571,80.4057148528571,0.590471966192109
628,2013,8,639,2013-08-31,2013-09-06,258.13,251.28,258.13,258.13,116.138571428571,0.691939991893831,3.53,2.34682,272.5563222,8.2842746,17340.8571428571,99.00428554,11801,103.002857751429,1998.28571428571,65.2028563342857,1398,86.71142687,16868.4285714286,96.3071419857143,10265.2857142857,89.5757141128571,1975.42857142857,64.4585718428572,1371.85714285714,85.1171428128572,0.815694467138346,14.2978636269526,2.28792054947214,8.35541096902295,267.315696,8.48632542,98.492857798571407,121.832855225714,63.1557137628571,72.5128577114286,2.68105700548606
627,2013,9,640,2013-09-07,2013-09-13,270.23,260.95,270.23,270.23,114.968571428571,1.65646640544823,3.677,2.28236,262.399668685714,8.39223772,17243.1428571429,98.5714285728571,7163.28571428571,60.8299996514286,1816.14285714286,60.21142905,1499.28571428571,95.6242861057143,16920.1428571429,96.7257134585714,6805.71428571429,57.7928575771429,1791.14285714286,59.3828577314286,1473.14285714286,93.95714351,2.24910765634616,7.78246030797232,1.30565078743636,0.56708905718252,272.5563222,8.2842746,96.3071419857143,89.5757141128571,64.4585718428572,85.1171428128572,0.691939991893831
626,2013,9,641,2013-09-14,2013-09-20,274.92,274.92,274.92,274.92,111.642857142857,1.51468054151964,3.687,2.23626,249.662455714286,8.24509062,16683.4285714286,95.3700005657143,8810,74.8142847328571,1754,58.1514282242857,1310.71428571429,83.5971429,16264.8571428571,92.97857012,8530,72.4385713857143,1732.71428571429,57.4442847114286,1303.28571428571,83.1228572285714,2.12035616415216,23.3239260622622,0.795756490636511,8.22504344990266,262.399668685714,8.39223772,96.7257134585714,57.7928575771429,59.3828577314286,93.95714351,1.65646640544823
625,2013,9,642,2013-09-21,2013-09-27,260.92,247.45,272.51,272.51,109.414285714286,0.761355307828988,3.589,2.22226,243.146990571429,7.97569114,19299.2857142857,110.324285234286,38340.2857142857,325.591428485714,1863.71428571429,61.7885714957143,1131.14285714286,72.14428493,18987.1428571429,108.539998734286,22262.2857142857,189.05571202,1841,61.0371431628571,1125.28571428571,71.7714276985714,5.51965229804093,44.3160166231376,0.863861881840597,1.74438462632622,249.662455714286,8.24509062,92.97857012,72.4385713857143,57.4442847114286,83.1228572285714,1.51468054151964
624,2013,9,643,2013-09-28,2013-10-04,265.42,175.7,267.3,267.3,108.84,0.771103105946398,3.506,2.21204,240.7584336,7.75541224,22060.1428571429,113.697143552857,20790,165.074288502857,1780.42857142857,56.2699999128571,1181.85714285714,70.3700005671429,21707.7142857143,111.924286978571,13094.8571428571,103.468571254286,1757,55.5342854085714,1181.85714285714,70.3700005671429,8.34302491598575,12.9048183776866,4.40389468440384,5.03369668813141,243.146990571429,7.97569114,108.539998734286,189.05571202,61.0371431628571,71.7714276985714,0.761355307828988
623,2013,10,644,2013-10-05,2013-10-11,242,93.11,254.75,242,109.375714285714,1.26568633743219,3.776,2.19596,240.184693542857,8.29194496,30152.4285714286,144.091428484286,15086.5714285714,112.785713197143,1641.57142857143,49.8714288985714,1223.28571428571,68.9185703814286,29380,140.401428222857,12340.7142857143,92.2599999571429,1618.71428571429,49.1785714285714,1223.28571428571,68.9185703814286,5.27131452890449,10.3654737736057,1.25589859572699,1.32247874150381,240.7584336,7.75541224,111.924286978571,103.468571254286,55.5342854085714,70.3700005671429,0.771103105946398
622,2013,10,645,2013-10-12,2013-10-18,247.56,235.66,253.27,253.27,110.332857142857,0.858423250029646,3.764,2.16922,239.336240371429,8.16494408,24385.7142857143,116.534286498571,9430.85714285714,70.0328587142857,1770.57142857143,53.7914281557143,1305.71428571429,73.5628574942857,23957.8571428571,114.488571167143,9151.71428571429,67.96142905,1745.28571428571,53.0228571214286,1303.42857142857,73.4342858471429,6.83836812342798,6.6321039963314,4.23001849554292,3.90743328370934,240.184693542857,8.29194496,140.401428222857,92.2599999571429,49.1785714285714,68.9185703814286,1.26568633743219
621,2013,10,646,2013-10-19,2013-10-25,249.21,243.87,270.87,249.21,109.202857142857,1.51425134731902,3.707,2.18292,238.381100914286,8.09208444,24569.5714285714,117.412858144286,11750.2857142857,86.7514299671429,2430.28571428571,73.8342857342857,1530.42857142857,86.2214279157143,24155.8571428571,115.434285845714,10497.2857142857,77.4985716671429,2406,73.09571348,1530.42857142857,86.2214279157143,1.51840713407919,20.9505961155972,7.42267772365943,3.88043920547313,239.336240371429,8.16494408,114.488571167143,67.96142905,53.0228571214286,73.4342858471429,0.858423250029646
620,2013,10,647,2013-10-26,2013-11-01,309.23,309.23,309.23,309.23,107.695714285714,1.25991874265641,3.513,2.20004,236.934879257143,7.72874052,21847.7142857143,101.371429444286,14207.7142857143,108.925713675714,2416.42857142857,69.5471425728571,1836.14285714286,97.3042842314286,21565.8571428571,100.045714242857,12791.2857142857,98.2028568814286,2401,69.0842851914286,1836.14285714286,97.3042842314286,13.0975220683038,17.250339025138,12.2809544450705,13.9779269586764,238.381100914286,8.09208444,115.434285845714,77.4985716671429,73.09571348,86.2214279157143,1.51425134731902
619,2013,11,648,2013-11-02,2013-11-08,316.38,316.38,316.38,316.38,106.164285714286,1.92832273528727,3.559,2.27846,241.891078428571,8.10903914,20693.4285714286,76.7599999571429,6862.28571428571,72.2100001742857,2422.57142857143,45.0214282442857,2083.85714285714,71.3885726914286,20480.4285714286,75.97000013,6764.71428571429,71.1842858457143,2416.14285714286,44.9000004371429,2083.85714285714,71.3885726914286,4.88848253732876,8.90501128641909,1.6164362403248,3.14707988955306,236.934879257143,7.72874052,100.045714242857,98.2028568814286,69.0842851914286,97.3042842314286,1.25991874265641
618,2013,11,649,2013-11-09,2013-11-15,317.87,317.87,317.87,317.87,105.541428571429,1.70107249082722,3.66,2.325075,245.391737035714,8.5097745,23692.5714285714,87.8871438157143,7012.57142857143,73.7928575785714,2294,42.6314288542857,2411.42857142857,82.6071406757143,23471,87.0628564014286,6652.14285714286,69.9985716685714,2289.71428571429,42.5514286571429,2402.42857142857,82.2985698142857,2.24005048032525,11.9782884274558,0.513271693449132,4.47724664599812,241.891078428571,8.10903914,75.97000013,71.1842858457143,44.9000004371429,71.3885726914286,1.92832273528727
617,2013,11,650,2013-11-16,2013-11-22,336.58,336.58,336.58,336.58,108.1,1.1925882217564,3.768,2.28316,246.809596,8.60294688,22599.2857142857,83.82999856,6391.57142857143,67.2571438385714,2387,44.3600000657143,2721.42857142857,93.2257145471429,22348.2857142857,82.8985715614286,6147.28571428571,64.6871430542857,2383.14285714286,44.2871426171429,2717.42857142857,93.0914273942857,0.96893949240091,10.0328851599198,0.309069391978652,0.972565244107488,245.391737035714,8.5097745,87.0628564014286,69.9985716685714,42.5514286571429,82.2985698142857,1.70107249082722
616,2013,11,651,2013-11-23,2013-11-29,359.46,359.46,359.46,359.46,109.995,1.42882819120931,3.954,2.30792,253.8596604,9.12551568,28177.5714285714,104.52142879,6305.85714285714,66.35428565,3197.28571428571,59.4171425957143,2963.71428571429,101.527143208571,27805.2857142857,103.141429355714,6191,65.1442854742857,3178.28571428571,59.0642858242857,2936.57142857143,100.598571778571,14.6964186554049,9.4394707360811,13.3914921848849,4.26018531265844,246.809596,8.60294688,82.8985715614286,64.6871430542857,44.2871426171429,93.0914273942857,1.1925882217564
615,2013,11,652,2013-11-30,2013-12-06,309.62,309.62,309.62,309.62,111.821428571429,0.735264772521723,4.114,2.35978,263.873970714286,9.7081349199999991,36979.2857142857,96.7957142428571,7231.71428571429,93.2528561185714,4253.28571428571,47.6928563771429,3304,66.2299989985714,36437.5714285714,95.4185714728571,6963.14285714286,89.7828570757143,4247.85714285714,47.6100000628571,3293.71428571429,65.99142892,13.2140830149467,20.0941389627452,13.0376836077516,18.6041488834683,253.8596604,9.12551568,103.141429355714,65.1442854742857,59.0642858242857,100.598571778571,1.42882819120931
614,2013,12,653,2013-12-07,2013-12-13,276.99,276.99,280.78,276.99,111.204285714286,1.71974665908278,4.351,2.32502,258.552188371429,10.11616202,39178.2857142857,96.1157139357143,9245.42857142857,121.960000174286,5254.85714285714,52.6271433171429,3499.71428571429,62.2300006328571,38520.4285714286,94.5042844485714,9061.85714285714,119.539999824286,5241.57142857143,52.4942855857143,3499.71428571429,62.2300006328571,2.5170409580346,10.295939367654,7.96728564552045,0.854321809624951,263.873970714286,9.7081349199999991,95.4185714728571,89.7828570757143,47.6100000628571,65.99142892,0.735264772521723
613,2013,12,654,2013-12-14,2013-12-20,308.1,308.1,309.33,308.1,109.441428571429,0.902171982339127,4.418,2.3413,256.235216714286,10.3438634,43508.7142857143,106.741427831429,6862.42857142857,90.52571542,8130.14285714286,81.4228570114286,3961.28571428571,70.4371425071429,41817.2857142857,102.591427394286,6807.71428571429,89.8042853214286,7953.85714285714,79.6557137628571,3961.28571428571,70.4371425071429,0.74297613560087306,11.1468290443321,9.50723901121157,6.16717895486495,258.552188371429,10.11616202,94.5042844485714,119.539999824286,52.4942855857143,62.2300006328571,1.71974665908278
612,2013,12,655,2013-12-21,2013-12-27,294.31,294.31,294.31,294.31,110.771666666667,1.28519907666625,4.407,2.3569,261.077741166667,10.3868583,47155.7142857143,115.688570295714,4097.57142857143,54.0557142,13688.4285714286,137.089999608571,7562.42857142857,134.471427918571,42387.5714285714,103.988571167143,4039,53.2799998671429,12653.7142857143,126.728573388571,6969,123.918570384286,1.41715003185413,7.49106656245528,12.5442722869902,28.3208393541461,256.235216714286,10.3438634,102.591427394286,89.8042853214286,79.6557137628571,70.4371425071429,0.902171982339127
611,2013,12,656,2013-12-28,2014-01-03,249.92,249.92,249.92,249.92,110.738,1.67124803664972,4.304,2.363575,261.73756835,10.1728268,41327.2857142857,90.4271425528571,5948,78.4585713,15107.4285714286,134.001429967143,11972.4285714286,174.267142158571,38861.5714285714,84.68571363,5752.85714285714,75.8842844285714,14756.8571428571,130.737143381429,11346.8571428571,165.189999172857,14.2414534598946,23.7301831678664,25.2146005225537,42.8070607855765,261.077741166667,10.3868583,103.988571167143,53.2799998671429,126.728573388571,123.918570384286,1.28519907666625
610,2014,1,657,2014-01-04,2014-01-10,284.27,284.27,284.27,224.82,107.68,1.22451623100581,4.053,2.37902,256.1728736,9.64216806,32764,59.2514283314286,9772.57142857143,128.902858191429,14089.1428571429,102.011428831429,10773.4285714286,111.915713718571,32228.7142857143,58.2828570757143,9447.57142857143,124.615712845714,14087.8571428571,102.00285666142901,10760.5714285714,111.782856531429,5.01411590518602,7.37244126546994,0.723454920232258,10.9650197221636,261.73756835,10.1728268,84.68571363,75.8842844285714,130.737143381429,165.189999172857,1.67124803664972
609,2014,1,658,2014-01-11,2014-01-17,388.98,388.98,391.8,388.98,107.418571428571,0.569193246953487,4.326,2.35666,253.149050542857,10.19491116,27357,49.4728578842857,14737.2857142857,194.389997211429,13882.2857142857,100.512857707143,8966.42857142857,93.1428571428571,27055.8571428571,48.92571422,14001.2857142857,184.68143136,13880.4285714286,100.499999997143,8966.42857142857,93.1428571428571,0.795359220063515,32.5107584882103,4.47359684553722,0.341843895998661,256.1728736,9.64216806,58.2828570757143,124.615712845714,102.00285666142901,111.782856531429,1.22451623100581
608,2014,1,659,2014-01-18,2014-01-24,410.2,410.2,410.2,410.2,108.358571428571,1.00737991131146,5.182,2.36808,256.601765828571,12.27139056,28426.5714285714,51.4071426385714,10617.5714285714,140.049999781429,8563.28571428571,62.00142833,9009.71428571429,93.5928573614286,28077.4285714286,50.7757137828571,10296.4285714286,135.812857491429,8557.71428571429,61.9599996271429,9009.71428571429,93.5928573614286,0.863730350457946,28.5670607840863,14.5244800568823,2.59539774233289,253.149050542857,10.19491116,48.92571422,184.68143136,100.499999997143,93.1428571428571,0.569193246953487
607,2014,1,660,2014-01-25,2014-01-31,484.43,484.43,486.59,484.43,109.228571428571,0.381201109277739,4.943,2.42124,264.468586285714,11.96818932,27385.8571428571,49.52571433,7199,94.9571424228571,5379.85714285714,38.9528568828571,10525.2857142857,109.337144034286,26886.5714285714,48.6214278071429,7146.85714285714,94.2699999128571,5377.28571428571,38.9342858457143,10525.2857142857,109.337144034286,2.78903518194562,9.59494592653354,2.4403061039378,6.21149089875472,256.601765828571,12.27139056,50.7757137828571,135.812857491429,61.9599996271429,93.5928573614286,1.00737991131146
606,2014,2,661,2014-02-01,2014-02-07,822.83,822.83,822.83,822.83,108.137142857143,1.09419246152606,4.775,2.40404,259.966016914286,11.479291,21156.1428571429,36.7200004042857,4493.57142857143,53.1271433157143,5423.57142857143,37.3542851028571,11549.1428571429,89.4314270014286,20474.5714285714,35.5357140128571,4400.85714285714,52.0328565314286,5416.14285714286,37.30285699,11519.1428571429,89.1985713428571,3.76543394759064,6.83688410982662,1.62409678942204,0.852728430686967,264.468586285714,11.96818932,48.6214278071429,94.2699999128571,38.9342858457143,109.337144034286,0.381201109277739
605,2014,2,662,2014-02-08,2014-02-14,822.83,822.83,740.56,205.95,108.557142857143,1.34033222604948,5.214,2.40462,261.038676857143,12.53768868,17139.4285714286,29.7471427928571,3652.71428571429,43.1842858457143,4737.28571428571,32.6271424957143,10894.4285714286,84.35999843,15898.7142857143,27.5957140228571,3389.57142857143,40.07142857,4717.57142857143,32.4914281028571,10484.1428571429,81.1828580571429,1.04501758763526,2.30379000999541,3.71745126771157,3.02602405189356,259.966016914286,11.479291,35.5357140128571,52.0328565314286,37.30285699,89.1985713428571,1.09419246152606
604,2014,2,663,2014-02-15,2014-02-21,822.83,822.83,730.19,574.31,109.18,0.599054811071709,6.135,2.38466,260.3571788,14.6298891,23207.4285714286,40.2800001414286,4803.57142857143,56.7942859128571,3373.14285714286,23.23285757,13207.1428571429,102.269997734286,22135.4285714286,38.4185720185714,4608.85714285714,54.4914289214286,3354.28571428571,23.1014287128571,10392.7142857143,80.4771434242857,6.17792683337616,8.49342798921509,1.67339360783508,4.01058522451217,261.038676857143,12.53768868,27.5957140228571,40.07142857,32.4914281028571,81.1828580571429,1.34033222604948
603,2014,2,664,2014-02-22,2014-02-28,822.83,822.83,730.17,205.95,109.521428571429,0.63138547579986,4.609,2.33904,256.175002285714,10.78063536,30229.1428571429,52.4657140471429,7062.57142857143,83.5,2933.85714285714,20.2057143614286,16255.1428571429,125.869999475714,28601.1428571429,49.6399999328571,6721.57142857143,79.4685717985714,2929.28571428571,20.1742858871429,9599.57142857143,74.3328552242857,1.00462301329188,28.5662600595817,0.385177840484436,1.57225644961341,260.3571788,14.6298891,38.4185720185714,54.4914289214286,23.1014287128571,80.4771434242857,0.599054811071709
602,2014,3,665,2014-03-01,2014-03-07,822.83,822.83,626.11,400.51,109.071428571429,1.09656172605468,4.618,2.32326666666667,253.402014285714,10.7288454666667,30898.1428571429,57.1171428142857,10178,141.832855225714,3679.85714285714,25.637143,17273.5714285714,115.375714982857,29754.5714285714,55.0028566628571,10082.1428571429,140.497143337143,3674.85714285714,25.6014287142857,8910.57142857143,59.5171427057143,3.04840154933555,31.0293172342845,2.6277523928835,5.17404840502268,256.175002285714,10.78063536,49.6399999328571,79.4685717985714,20.1742858871429,74.3328552242857,0.63138547579986
601,2014,3,666,2014-03-08,2014-03-14,822.83,822.83,725.25,684.39,108.297142857143,0.636493369588334,4.425,2.35226,254.743037257143,10.4087505,38903.7142857143,71.9157148071428,9017.85714285714,125.664285931429,4117.14285714286,28.6842855728571,18449.8571428571,123.23285675,37090.2857142857,68.5628564014286,8836.57142857143,123.138571602857,4106.42857142857,28.6071425842857,8079.14285714286,53.9628573814286,2.55549436898308,19.8417901018944,1.06526526349323,9.80811559270366,253.402014285714,10.7288454666667,55.0028566628571,140.497143337143,25.6014287142857,59.5171427057143,1.09656172605468
600,2014,3,667,2014-03-15,2014-03-21,822.83,822.83,822.83,822.83,107.208571428571,1.03317356675645,4.313,2.3403,250.900219714286,10.0937139,33805,62.4885717114286,12656,176.362854004286,3896,27.1414285385714,19051.7142857143,127.252857752857,32746.2857142857,60.5328570771429,12282.1428571429,171.152857098571,3887.28571428571,27.0799999242857,8907.28571428571,59.4942866728571,3.57822416062755,65.3760596133297,0.628198129918673,2.4946271522506702,254.743037257143,10.4087505,68.5628564014286,123.138571602857,28.6071425842857,53.9628573814286,0.636493369588334
599,2014,3,668,2014-03-22,2014-03-28,822.83,822.83,822.83,822.83,106.391428571429,0.541831110563858,4.485,2.29788,244.474735885714,10.3059918,35374.7142857143,65.3914293557143,14086.8571428571,196.302852088571,4174.85714285714,29.0842857371429,15829.5714285714,105.730000088571,34514.5714285714,63.8000003271429,13876.7142857143,193.374282838571,4174.85714285714,29.0842857371429,8908.57142857143,59.5042860871429,2.24948197976832,55.4172731463699,0.449586787913869,3.27946552500056,250.900219714286,10.0937139,60.5328570771429,171.152857098571,27.0799999242857,59.4942866728571,1.03317356675645
598,2014,3,669,2014-03-29,2014-04-04,822.83,822.83,822.83,822.83,105.761428571429,1.26171085662065,4.439,2.26324,239.3634956,10.04652236,34194.2857142857,74.9200003514286,8661.85714285714,125.988572255714,3713,29.1214286271429,15833.4285714286,106.777141024286,33215,72.7799993228572,8439.28571428571,122.704286847143,3701.57142857143,29.0242854514286,8576.57142857143,57.8428573614286,12.1139590619211,4.21560550546064,2.45407745531613,3.29007447358484,244.474735885714,10.3059918,63.8000003271429,193.374282838571,29.0842857371429,59.5042860871429,0.541831110563858
597,2014,4,670,2014-04-05,2014-04-11,822.83,822.83,822.4,755.37,105.677142857143,1.41856399556887,4.62,2.20856,233.394310628571,10.2035472,32980.1428571429,80.4028570985714,7940.57142857143,119.158572605714,5593.57142857143,47.71857071,16154.1428571429,109.680002484286,32042.7142857143,78.1171417228571,7670.57142857143,115.107143947143,5585,47.6471426842857,9164.28571428571,62.2200001285714,4.39469730925838,23.7765979726227,11.3328180090335,5.06463740289507,239.3634956,10.04652236,72.7799993228572,122.704286847143,29.0242854514286,57.8428573614286,1.26171085662065
596,2014,4,671,2014-04-12,2014-04-18,822.83,822.83,751.99,695.31,107.834285714286,1.43555862695855,4.741,2.228825,240.343751857143,10.566859325,32996,80.4414291371429,10736.4285714286,161.111428398571,6633.71428571429,56.5942851471429,15609.8571428571,105.984284537143,32066.8571428571,78.1757125828571,10388.5714285714,155.891430445714,6624.14285714286,56.5114293771429,8478,57.5628564028571,2.10423204535634,39.2695982945398,9.07728419570324,1.43182408268588,233.394310628571,10.2035472,78.1171417228571,115.107143947143,47.6471426842857,62.2200001285714,1.41856399556887
595,2014,4,672,2014-04-19,2014-04-25,822.83,822.83,695.92,665.37,109.3,0.590254182537724,4.647,2.235125,244.2991625,10.386625875,35157.2857142857,85.7099990842857,6790.14285714286,101.892857144286,4820.85714285714,41.1271422242857,14654.8571428571,99.5014277871428,34299.7142857143,83.6199994771429,6649.28571428571,99.7814287457143,4814.14285714286,41.07000024,8512,57.7914292485714,0.641638993463109,3.67692975691728,3.07284915498654,3.37315079821871,240.343751857143,10.566859325,78.1757125828571,155.891430445714,56.5114293771429,57.5628564028571,1.43555862695855
594,2014,4,673,2014-04-26,2014-05-02,822.83,822.83,628.3,217.66,108.96,0.526624470881886,4.674,2.22815,242.779224,10.4143731,30129.1428571429,80.6542870657143,11472.7142857143,148.618571688571,4194.14285714286,42.6871430542857,14137.5714285714,110.514285495714,29438.5714285714,78.8214285728571,10215.5714285714,133.624283927143,4185.85714285714,42.6014278957143,8755.71428571429,68.1785714285714,8.719811930773,68.0724603601697,12.7174576502212,15.1969240850492,244.2991625,10.386625875,83.6199994771429,99.7814287457143,41.07000024,57.7914292485714,0.590254182537724
593,2014,5,674,2014-05-03,2014-05-09,792.95,792.95,697.82,226.71,108.924285714286,0.686970575373125,4.531,2.22318,242.158293514286,10.07322858,23808.4285714286,79.8571417657143,11609,133.234286717143,3777.57142857143,53.1900002614286,11932.2857142857,124.609998431429,23293.7142857143,78.1299983428571,11132.4285714286,127.765715462857,3771.42857142857,53.1042856471429,8509.14285714286,88.8614283971428,5.00010890947769,46.7199387566555,3.62312000967883,15.2245577541737,242.779224,10.4143731,78.8214285728571,133.624283927143,42.6014278957143,68.1785714285714,0.526624470881886
592,2014,5,675,2014-05-10,2014-05-16,822.83,822.83,820.18,149.51,108.7,0.758727004044027,4.413,2.2128,240.53136,9.7650864,20415,68.4757145471429,5762.71428571429,66.13857215,3414.14285714286,48.0699996942857,9666.14285714286,100.945714678571,19991.1428571429,67.0542864142857,5664.85714285714,65.0142854957143,3394.28571428571,47.7914287028571,8002,83.5628563985714,1.92204661682924,6.32034297392003,1.73696516912243,9.75415783362101,242.158293514286,10.07322858,78.1299983428571,127.765715462857,53.1042856471429,88.8614283971428,0.686970575373125
591,2014,5,676,2014-05-17,2014-05-23,822.83,822.83,822.83,147.66,110.334285714286,0.898217812169567,4.405,2.21332,244.205081257143,9.7496746,19147.2857142857,64.1500004371429,8863.57142857143,101.725713457143,2902,40.8614278514286,8473.71428571429,88.4928556157143,18711.5714285714,62.6942858028572,8408.28571428571,96.5000005457143,2887.71428571429,40.6585715157143,8197.71428571429,85.6085717342857,0.929763747362881,66.9412301020184,1.88016402024038,4.51096141885217,240.53136,9.7650864,67.0542864142857,65.0142854957143,47.7914287028571,83.5628563985714,0.758727004044027
590,2014,5,677,2014-05-24,2014-05-30,817.05,817.05,817.05,817.05,110.261428571429,0.712189782089889,4.542,2.23158,246.057198771429,10.13583636,24876.5714285714,83.3457140228572,16647.8571428571,191.065713065714,2635.71428571429,37.1114289414286,7687.42857142857,80.2800020485714,24435.8571428571,81.8714272628571,15777,181.070000784286,2619.42857142857,36.8814288542857,7228.28571428571,75.4857145042857,9.15997213930909,18.5596552373487,0.951689992139911,5.20693181773304,244.205081257143,9.7496746,62.6942858028572,96.5000005457143,40.6585715157143,85.6085717342857,0.898217812169567
589,2014,5,678,2014-05-31,2014-06-06,577.65,577.65,577.39,577.39,109.275714285714,0.513480189259732,4.71,2.26412,247.413330228571,10.6640052,23136.4285714286,88.2142835342857,21005,203.150002614286,2380.28571428571,48.1514282228571,5718,112.01285662,22942.5714285714,87.48285784,17403.2857142857,168.940000261429,2357.42857142857,47.6885724757143,5671.28571428571,111.078570774286,3.32069510840448,21.9020942943033,5.8207858436989,20.2527956160148,246.057198771429,10.13583636,81.8714272628571,181.070000784286,36.8814288542857,75.4857145042857,0.712189782089889
588,2014,6,679,2014-06-07,2014-06-13,299.27,219.32,299.27,299.27,109.734285714286,1.27934693161553,4.739,2.2312,244.839138285714,10.5736568,35575.4285714286,138.562857491429,54757.4285714286,517.030003137143,2188.14285714286,46.6428571414286,4647.57142857143,99.4042848857143,28110,109.4871412,26002,245.515710015714,2166.42857142857,46.1799997585714,4606.42857142857,98.5228576657143,4.76669337118297,92.2832467590445,0.677618854642885,6.07742761636141,247.413330228571,10.6640052,87.48285784,168.940000261429,47.6885724757143,111.078570774286,0.513480189259732
587,2014,6,680,2014-06-14,2014-06-20,384.12,15.62,384.12,384.12,112.457142857143,2.22891389310105,4.531,2.242225,252.154217142857,10.159521475,25749.5714285714,100.29285758,32784.7142857143,309.558571951429,2113.14285714286,45.0414292457143,3844,82.2185701657143,22638.1428571429,88.1742847971429,14423.5714285714,136.190000261429,2096.14285714286,44.6799997585714,3808.71428571429,81.4600001757143,5.57278565174278,21.6346843798865,0.540525353276632,4.30948682364116,244.839138285714,10.5736568,109.4871412,245.515710015714,46.1799997585714,98.5228576657143,1.27934693161553
586,2014,6,681,2014-06-21,2014-06-27,435.93,150.75,435.93,435.93,113.868571428571,0.920388116889788,4.409,2.20996,251.644988114286,9.74371364,20438,79.6028562271429,36648.4285714286,346.041425432857,2041.71428571429,43.52142879,3398.57142857143,72.6885713842857,20070.5714285714,78.1728570114286,13986.1428571429,132.060001372857,2016.85714285714,42.9899994985714,3360.28571428571,71.87285614,2.61341936500995,57.275762703569,0.497762625725471,2.91387447493551,252.154217142857,10.159521475,88.1742847971429,136.190000261429,44.6799997585714,81.4600001757143,2.22891389310105
585,2014,6,682,2014-06-28,2014-07-04,368.53,15.62,368.53,368.53,111.714285714286,1.69764402572945,4.406,2.21224,247.138811428571,9.74712944,18757.4285714286,81.5071432928571,54386.2857142857,503.447147915714,2022.42857142857,48.3757144371429,3107,92.07142748,18512.7142857143,80.4428569271429,20876,191.428571564286,2002.28571428571,47.8928565971429,3072,91.0400009157143,4.65469340686761,95.8241764637396,5.23478610532425,21.9181450721476,251.644988114286,9.74371364,78.1728570114286,132.060001372857,42.9899994985714,71.87285614,0.920388116889788
584,2014,7,683,2014-07-05,2014-07-11,545.13,355.13,545.13,545.13,108.484285714286,1.69974367815447,4.146,2.2184,240.661539428571,9.1974864,16953.7142857143,79.94571468,18204.1428571429,163.31714521,2119.85714285714,54.7799998714286,2673.85714285714,96.6928558342857,16756.4285714286,79.01714325,12541.7142857143,112.514284407143,2086.71428571429,53.9257147642857,2612.14285714286,94.4628579257143,0.68346331212233,12.4215381635277,0.832542992793341,3.33447064459585,247.138811428571,9.74712944,80.4428569271429,191.428571564286,47.8928565971429,91.0400009157143,1.69764402572945
583,2014,7,684,2014-07-12,2014-07-18,651.08,650.1,651.08,651.08,106.091428571429,0.950884300208941,3.951,2.22598,236.157398171429,8.79484698,16715.8571428571,78.8242852357143,10855.7142857143,97.3899993885714,2184.28571428571,56.4457141328571,2393.57142857143,86.5571430757143,16522.1428571429,77.9128592357143,9453.71428571429,84.8128585828571,2174.42857142857,56.1928569242857,2368.85714285714,85.6628559657143,0.84633887504233,12.0313264600332,0.817796694875744,3.7956799293949,240.661539428571,9.1974864,79.01714325,112.514284407143,53.9257147642857,94.4628579257143,1.69974367815447
582,2014,7,685,2014-07-19,2014-07-25,715.19,715.19,715.19,715.19,105.792857142857,0.647835223021406,3.781,2.22072,234.936313714286,8.39654232,17312.1428571429,81.6357138485714,11116.1428571429,99.7271456042857,2287.14285714286,59.1071428557143,2087,75.46999904,17064.7142857143,80.4685712542857,8672.85714285714,77.8085703171429,2273.85714285714,58.7657138271429,2065,74.67714255,3.11627774950676,20.1195327364963,0.521115867195919,2.42878267553679,236.157398171429,8.79484698,77.9128592357143,84.8128585828571,56.1928569242857,85.6628559657143,0.950884300208941
581,2014,7,686,2014-07-26,2014-08-01,581.9,581.9,581.9,581.9,106.301428571429,0.706149855938236,3.798,2.24554,238.704109914286,8.52856092,20534.2857142857,99.5185732185714,11576.5714285714,104.789999825714,2474,65.1842858457143,1945.85714285714,74.24571337,20192.4285714286,97.87285614,9944.14285714286,90.0357164671429,2449.42857142857,64.53571483,1923.85714285714,73.4014293114286,6.94239991656204,19.3237434301271,3.43141384353095,8.10921716804912,234.936313714286,8.39654232,80.4685712542857,77.8085703171429,58.7657138271429,74.67714255,0.647835223021406
580,2014,8,687,2014-08-02,2014-08-08,809.43,809.43,809.43,809.43,104.808571428571,1.39982651986315,3.962,2.27762,238.714098457143,9.0239304400000009,17893.4285714286,101.279999868571,7760,75.6771430971429,2224.57142857143,65.9242842528571,1723.42857142857,88.2628555271429,17740.5714285714,100.414284844286,6989,68.1571420942857,2209.42857142857,65.4757150928571,1700.57142857143,87.0928573614286,6.22334369357848,8.73580323053956,1.4170025496118,1.5577837407358,238.704109914286,8.52856092,97.87285614,90.0357164671429,64.53571483,73.4014293114286,0.706149855938236
579,2014,8,688,2014-08-09,2014-08-15,649.96,649.96,649.96,649.96,103.037142857143,1.05971244976675,3.776,2.27208,234.108631542857,8.57937408,15062.7142857143,85.2585710814286,6265.71428571429,61.1042872842857,2157.71428571429,63.9428558342857,1715.71428571429,87.8700005671429,14944.7142857143,84.5899996085714,5633.28571428571,54.9371430528571,2142,63.4771423342857,1671.28571428571,85.5942862371429,2.71151686903724,4.6735302591042,0.683658778052448,9.10292776362482,238.714098457143,9.0239304400000009,100.414284844286,68.1571420942857,65.4757150928571,87.0928573614286,1.39982651986315
578,2014,8,689,2014-08-16,2014-08-22,697.22,697.22,697.22,697.22,100.828571428571,1.0206767129603,3.84,2.26124,227.997598857143,8.6831616,14078.8571428571,79.6885702942857,7129.28571428571,69.52571433,2069.57142857143,61.3300007414286,1446.14285714286,74.0628564028572,13889.2857142857,78.6142861514286,6573.14285714286,64.10142844,2048.71428571429,60.71142796,1428.85714285714,73.1757147642857,1.80098008825671,7.39366713336182,1.40582715765036,1.64970727592867,234.108631542857,8.57937408,84.5899996085714,54.9371430528571,63.4771423342857,85.5942862371429,1.05971244976675
577,2014,8,690,2014-08-23,2014-08-29,695.03,695.03,695.03,695.03,100.232857142857,0.337920813492183,4.065,2.26024,226.550313028571,9.1878756,13029,73.7485722128572,5333.28571428571,52.0099999557143,1924.42857142857,57.0285715371429,1367.85714285714,70.0528586271429,12813,72.5242854514286,5007.14285714286,48.8285707728571,1899.85714285714,56.2999997814286,1356,69.4471435557143,1.8174044967285,1.75974831060081,0.711383501473539,0.67026674882947,227.997598857143,8.6831616,78.6142861514286,64.10142844,60.71142796,73.1757147642857,1.0206767129603
576,2014,8,691,2014-08-30,2014-09-05,728.81,728.81,728.81,728.81,100.618571428571,0.57281260959437,3.793,2.23892,225.276931942857,8.49222356,13033.1428571429,74.2628566185714,10609.2857142857,91.1300005228571,1954.71428571429,62.8414284842857,1341.85714285714,80.6357160285714,12889.1428571429,73.4428580157143,9549.28571428571,82.1485715571429,1943.28571428571,62.4871428357143,1325.28571428571,79.6399993885714,3.35177505350666,24.2224924399826,3.66751837409425,7.06898567737764,226.550313028571,9.1878756,72.5242854514286,48.8285707728571,56.2999997814286,69.4471435557143,0.337920813492183
575,2014,9,692,2014-09-06,2014-09-12,703.31,703.31,703.31,703.31,99.1457142857143,2.01820759704447,3.857,2.28742,226.787889771429,8.82257894,13700.2857142857,78.2599999557143,10789.1428571429,90.4114281785714,1994.57142857143,66.1285727371428,1315.42857142857,83.89857156,13524.4285714286,77.25428663,10066.1428571429,84.3528562271429,1972.42857142857,65.3914293557143,1298.71428571429,82.8328563142857,3.35015731081585,9.48388584290204,1.94473815441578,1.8993139682226,225.276931942857,8.49222356,73.4428580157143,82.1485715571429,62.4871428357143,79.6399993885714,0.57281260959437
574,2014,9,693,2014-09-13,2014-09-19,770.63,770.63,770.63,770.63,96.86,0.734461253801285,3.837,2.34858,227.4834588,9.01150146,11973.5714285714,68.3957148971429,7248.85714285714,60.74571337,2023.42857142857,67.0842862814286,1243,79.2785709928571,11747.8571428571,67.1057156142857,6294.28571428571,52.7471422457143,2001.28571428571,66.349999562857107,1231.85714285714,78.5699996942857,2.23735455133642,8.7248778947319,0.957860914959407,1.2652271565778,226.787889771429,8.82257894,77.25428663,84.3528562271429,65.3914293557143,82.8328563142857,2.01820759704447
573,2014,9,694,2014-09-20,2014-09-26,745.91,745.91,745.91,745.91,96.2514285714286,1.21190522967572,3.984,2.4066,231.638688,9.5878944,14210.2857142857,81.1714292271429,10429.1428571429,87.3957138057143,1857.28571428571,61.5771435314286,1271.28571428571,81.0842851928571,13933.7142857143,79.5914295742857,9413.42857142857,78.8842849714286,1844.57142857143,61.15428652,1258,80.2357155928571,9.29251681546016,10.8103280153302,2.05289969478274,1.45705085677669,227.4834588,9.01150146,67.1057156142857,52.7471422457143,66.349999562857107,78.5699996942857,0.734461253801285
572,2014,9,695,2014-09-27,2014-10-03,671.68,671.68,671.68,671.68,94.4628571428571,1.45507977199075,4.039,2.46684,233.024754514286,9.96356676,22211.8571428571,117.74999891,39273.1428571429,307.018576485714,1798.28571428571,57.5199999114286,1337.42857142857,80.9742845814286,21927,116.24571446,25053.2857142857,196.072856358571,1783.85714285714,57.0542858671429,1321.71428571429,80.0200010028571,10.4391569610534,64.4155040877829,3.66072240600148,4.19142849997122,231.638688,9.5878944,79.5914295742857,78.8842849714286,61.15428652,80.2357155928571,1.21190522967572
571,2014,10,696,2014-10-04,2014-10-10,697.51,496.95,697.51,697.51,91.8142857142857,1.94346646607544,3.859,2.40386,220.708688857143,9.27649574,17396.8571428571,83.0728574485714,22081.7142857143,163.025714328571,1635.71428571429,49.6957141342857,1310.71428571429,73.8442862385714,17213.5714285714,82.1985724328571,17022.1428571429,125.67000035,1617.14285714286,49.1299999785714,1301.42857142857,73.3199996942857,15.7701984179613,36.9426075058278,3.97063795821296,0.80849545643091,233.024754514286,9.96356676,116.24571446,196.072856358571,57.0542858671429,80.0200010028571,1.45507977199075
570,2014,10,697,2014-10-11,2014-10-17,808.68,808.68,808.68,808.68,88.02,2.93596662106419,3.766,2.4289,213.791778,9.1472374,11469.7142857143,54.77142879,14251.1428571429,105.214285715714,1484.57142857143,45.1042861928572,1252.14285714286,70.5457153328571,11260.5714285714,53.7728571214286,11970,88.3700005657143,1466.85714285714,44.5628564028572,1245.85714285714,70.1914280485714,4.13867825487816,8.05839554310142,2.3897187338104,1.34686693130027,220.708688857143,9.27649574,82.1985724328571,125.67000035,49.1299999785714,73.3199996942857,1.94346646607544
569,2014,10,698,2014-10-18,2014-10-24,822.83,822.83,822.83,822.83,85.2014285714286,1.05543716963537,3.623,2.47822,211.147884314286,8.97859106,10248.1428571429,48.93571472,16628.4285714286,122.765713282857,1459.85714285714,44.3514284414286,1411.42857142857,79.5200010028572,10120.4285714286,48.3271429857143,12355,91.2142857128571,1444.85714285714,43.8942860185714,1397.71428571429,78.7471422485714,0.719599999269769,17.2367097389812,4.46829555893007,6.14135389862415,213.791778,9.1472374,53.7728571214286,88.3700005657143,44.5628564028572,70.1914280485714,2.93596662106419
568,2014,10,699,2014-10-25,2014-10-31,822.83,822.83,822.83,822.83,85.9342857142857,0.579420893158588,3.873,2.46174,211.547868514286,9.53431902,11889.7142857143,56.7757148728571,7129.57142857143,52.6357143928571,1346.71428571429,40.9157137185714,1529.14285714286,86.1514271328572,11604.7142857143,55.4142859342857,6298.71428571429,46.5028566642857,1330,40.4071426371429,1512.85714285714,85.2314289642857,3.24386652295229,7.91989799484912,3.03536268978804,2.17732526291031,211.147884314286,8.97859106,48.3271429857143,91.2142857128571,43.8942860185714,78.7471422485714,1.05543716963537
567,2014,11,700,2014-11-01,2014-11-07,822.83,822.83,822.83,822.83,84.5728571428571,1.66661047524347,4.412,2.52436,213.492337657143,11.13747632,14352.7142857143,53.1885713842857,7684.57142857143,80.8642850614286,1452,26.9828572971429,1664.42857142857,57.0171432485714,13563.8571428571,50.2657143728571,6457.57142857143,67.9499996728571,1434.28571428571,26.6557143071429,1655.42857142857,56.7128573828571,3.7178609848767,24.7242178265913,2.55721134827435,2.08154372954916,211.547868514286,9.53431902,55.4142859342857,46.5028566642857,40.4071426371429,85.2314289642857,0.579420893158588
566,2014,11,701,2014-11-08,2014-11-14,822.83,822.83,822.83,822.83,81.62,1.94415362904581,4.02,2.56828,209.6230136,10.3244856,17777.5714285714,65.8800005228571,12683,133.459999087143,1982,36.8342857357143,1962.14285714286,67.0142854957143,17298.4285714286,64.1028556828571,11654.4285714286,122.634287152857,1966,36.53428541,1952.42857142857,66.68285806,2.82498074554389,37.4882879506869,4.09708378291257,2.93685715292965,213.492337657143,11.13747632,50.2657143728571,67.9499996728571,26.6557143071429,56.7128573828571,1.66661047524347
565,2014,11,702,2014-11-15,2014-11-21,822.83,822.83,822.83,822.83,78.3271428571428,1.63983448642204,4.266,2.57314,201.546704371429,10.97701524,18312.5714285714,67.86285673,5984,62.9671423785714,2970.42857142857,55.2014285485714,2578.14285714286,86.61428506,17964,66.5685713614286,5241.57142857143,55.1557143071429,2969.14285714286,55.1771430957143,2538,85.2685721257143,3.58206834217727,11.7155004081748,6.11987686000155,8.50441846183759,209.6230136,10.3244856,64.1028556828571,122.634287152857,36.53428541,66.68285806,1.94415362904581
564,2014,11,703,2014-11-22,2014-11-28,822.83,822.83,822.83,822.83,78.0433333333333,1.07650669606221,4.088,2.52514,197.070342733333,10.32277232,19623.1428571429,72.71999904,7381.42857142857,77.6728570128571,3360.14285714286,62.44285747,2977.14285714286,100.022856575714,19404.5714285714,71.9085704242857,6429.85714285714,67.65714373,3356.71428571429,62.3800005228571,2955.28571428571,99.2885709471429,10.0793921106188,20.1531010417234,2.32312360712213,4.42894868549865,201.546704371429,10.97701524,66.5685713614286,55.1557143071429,55.1771430957143,85.2685721257143,1.63983448642204
563,2014,11,704,2014-11-29,2014-12-05,548.75,548.75,548.75,548.75,72.4642857142857,3.59584879707527,3.802,2.571,186.305678571429,9.774942,31149.7142857143,86.5900006971429,6464.71428571429,79.7228567928571,3673.57142857143,45.2971425728571,2682.14285714286,59.2357134142857,30666.5714285714,85.1457148971429,5660.57142857143,69.7571422028572,3666.14285714286,45.1599993014286,2653,58.3314285285714,12.721036498072,5.11516904653173,13.0089600822562,19.3109037135973,197.070342733333,10.32277232,71.9085704242857,67.65714373,62.3800005228571,99.2885709471429,1.07650669606221
562,2014,12,705,2014-12-06,2014-12-12,676.22,676.22,676.22,676.22,67.1928571428571,3.06589690132011,3.795,2.61338,175.600469,9.9177771,31046.8571428571,76.0757152014286,4632.42857142857,61.1085717328571,4956.57142857143,49.6400004785714,3199.57142857143,56.0957145728571,30489.7142857143,74.7085712971429,3572.42857142857,47.1271427714286,4947.71428571429,49.5514286585714,3189.14285714286,55.9128565085714,2.03476992809521,6.51767192284848,6.18926061802157,4.9032600878687,186.305678571429,9.774942,85.1457148971429,69.7571422028572,45.1599993014286,58.3314285285714,3.59584879707527
561,2014,12,706,2014-12-13,2014-12-19,658.05,658.05,658.05,658.05,62.07,2.48667783732975,3.464,2.68994,166.9645758,9.31795216,34461.1428571429,84.4399991714286,5818.85714285714,76.7585710785714,7613.71428571429,76.2514277857143,4501.42857142857,78.6757136757143,33909.5714285714,83.0899996085714,5043.42857142857,66.5314287457143,7596.42857142857,76.0785702285714,4496,78.5785707757143,3.88438764339726,13.5504566985547,8.70537982705809,9.63401557333732,175.600469,9.9177771,74.7085712971429,47.1271427714286,49.5514286585714,55.9128565085714,3.06589690132011
560,2014,12,707,2014-12-20,2014-12-26,658.73,658.73,658.73,658.73,59.1266666666667,0.752985170284116,3.007,2.672925,158.0411455,8.037485475,38535.7142857143,94.4257125842857,9212.14285714286,121.522857665714,8466.85714285714,84.79714312,6332.14285714286,110.297143118571,38113.1428571429,93.39000048,8806.42857142857,116.168570928571,8134.57142857143,81.4657135014286,6314,109.978571211429,8.01469024953394,32.4154335710844,4.52615050518574,9.01232147665044,166.9645758,9.31795216,83.0899996085714,66.5314287457143,76.0785702285714,78.5785707757143,2.48667783732975
559,2014,12,708,2014-12-27,2015-01-02,388.48,388.48,388.48,388.48,57.5314285714286,1.60832654822129,3.003,2.6703,153.626173714286,8.0189109,35675.4285714286,81.5485703614286,18397.2857142857,242.678571428571,7244.57142857143,67.1628570542857,6427.42857142857,99.7214279171429,35461.2857142857,81.0599986471429,16924.1428571429,223.24571446,7162.71428571429,66.3571423128571,6420.28571428571,99.6042851028571,17.3701546692826,71.1544975835921,11.8470454078179,27.7138411989884,158.0411455,8.037485475,93.39000048,116.168570928571,81.4657135014286,109.978571211429,0.752985170284116
558,2015,1,709,2015-01-03,2015-01-09,388.48,388.48,388.48,388.48,53.0128571428572,3.01893863405491,2.946,2.68816,142.507042057143,7.91931936,27695.7142857143,50.0257148742857,19785.7142857143,260.97857012,5860.42857142857,42.4342858457143,5458.42857142857,55.2985719957143,27494.4285714286,49.6614276328571,18449.5714285714,243.354287282857,5842.71428571429,42.3057142,5454.85714285714,55.2628566214286,2.66041053366031,57.0749151854355,3.01631011610336,1.93042954744995,153.626173714286,8.0189109,81.0599986471429,223.24571446,66.3571423128571,99.6042851028571,1.60832654822129
557,2015,1,710,2015-01-10,2015-01-16,388.48,388.48,388.48,388.48,48.09,1.51733318687764,3.127,2.63134,126.5411406,8.22820018,22194.1428571429,40.0885712742857,16973.8571428571,223.88999939,4292.71428571429,31.0799999228571,5182.28571428571,52.5014288785714,22023.7142857143,39.7799998671429,14677.8571428571,193.605712891429,4275.42857142857,30.95571409,5155.57142857143,52.2285717571429,3.69090801480713,23.3662263675629,3.82090703565779,1.44089528855404,142.507042057143,7.91931936,49.6614276328571,243.354287282857,42.3057142,55.2628566214286,3.01893863405491
556,2015,1,711,2015-01-17,2015-01-23,388.48,388.48,388.48,388.48,46.4671428571429,0.880903216130908,2.986,2.60074,120.848957114286,7.76580964,17226.7142857143,31.1142856057143,13709.1428571429,180.827144077143,2922.28571428571,21.1585715157143,6199.85714285714,62.8099986485714,16996.4285714286,30.70000049,10503.4285714286,138.544285365714,2898.28571428571,20.9857142328571,6180.42857142857,62.6142856071429,1.74209596768788,15.3549857683541,2.61267358939729,4.71458713549424,126.5411406,8.22820018,39.7799998671429,193.605712891429,30.95571409,52.2285717571429,1.51733318687764
555,2015,1,712,2015-01-24,2015-01-30,388.48,388.48,388.48,388.48,46.5028571428571,0.347884764719266,2.691,2.6025,121.023685714286,7.0033275,18734.1428571429,33.8385715485714,9687.28571428571,127.77999878,2102.14285714286,15.2214286,7042.85714285714,71.3485717771429,18432.8571428571,33.29428564,8001,105.537143164286,2088.28571428571,15.1200001571429,7005.28571428571,70.9685712528571,2.85324877115056,4.54174160579444,1.37411813663653,2.12599350525029,120.848957114286,7.76580964,30.70000049,138.544285365714,20.9857142328571,62.6142856071429,0.880903216130908
554,2015,1,713,2015-01-31,2015-02-06,388.48,388.48,388.48,388.48,50.0771428571429,4.13483459679551,2.579,2.72196,136.307979771429,7.01993484,23133.7142857143,40.3271435328571,10303,123.778570992857,2197.42857142857,15.22714288,6648.71428571429,52.3971437742857,22858,39.8457145685714,8872.85714285714,106.572856357143,2185.28571428571,15.1428570057143,6604.57142857143,52.0342859542857,3.01370222586085,5.42466164527679,2.04837893426441,6.53609858634318,121.023685714286,7.0033275,33.29428564,105.537143164286,15.1200001571429,70.9685712528571,0.347884764719266
553,2015,2,714,2015-02-07,2015-02-13,388.48,388.48,388.48,388.48,55.4357142857143,1.19597738471972,2.804,2.8302,156.894158571429,7.9358808,34150.5714285714,59.2042863042857,9266.71428571429,109.56285858,2848.42857142857,19.6199997485714,6831,51.2599999585714,33852.4285714286,58.6871435985714,7770.28571428571,91.8671428157143,2837.14285714286,19.5414287042857,6786.28571428571,50.9214286814286,4.95222054449654,9.88331465338688,1.75922738087067,1.36219708652943,136.307979771429,7.01993484,39.8457145685714,106.572856357143,15.1428570057143,52.0342859542857,4.13483459679551
552,2015,2,715,2015-02-14,2015-02-20,388.48,388.48,388.48,388.48,58.1285714285714,3.01419656830516,2.951,2.85523333333333,165.970634761905,8.42579356666667,37634.5714285714,65.24571446,10563.8571428571,124.895713805714,4067.71428571429,28.0171427042857,7562,56.7442850385714,37303.7142857143,64.6714281342857,9490.14285714286,112.202857972857,4056.71428571429,27.94142832,7539,56.5700002385714,3.33122414097922,8.19462006179039,3.10315674117279,2.03799792222719,156.894158571429,7.9358808,58.6871435985714,91.8671428157143,19.5414287042857,50.9214286814286,1.19597738471972
551,2015,2,716,2015-02-21,2015-02-27,388.48,388.48,388.48,388.48,60.3157142857143,0.906547611230362,2.734,2.87172,173.209843028571,7.85128248,40857.4285714286,70.8314279828572,16252.8571428571,192.157143728571,7072.85714285714,48.7128568371429,8624.42857142857,64.71428735,40280.2857142857,69.8314296185714,15209.8571428571,179.827144077143,7032.57142857143,48.4357141757143,8382.71428571429,62.9028570971429,5.01483653966494,29.5175612359721,6.35859843992603,3.74183028995638,165.970634761905,8.42579356666667,64.6714281342857,112.202857972857,27.94142832,56.5700002385714,3.01419656830516
550,2015,2,717,2015-02-28,2015-03-06,388.48,388.48,388.48,388.48,60.52,0.923489758109456,2.839,2.95554,178.8692808,8.39077806,34206.5714285714,62.5642847328572,11152.4285714286,151.269999912857,6304.28571428571,43.8357140671429,9467.57142857143,62.4371430514286,33518.2857142857,61.30428532,10343.5714285714,140.345712935714,6286.14285714286,43.7099990842857,9166.85714285714,60.4228575571429,1.83313777961171,15.0479727785343,4.67175585213964,4.81644006714101,173.209843028571,7.85128248,69.8314296185714,179.827144077143,48.4357141757143,62.9028570971429,0.906547611230362
549,2015,3,718,2015-03-07,2015-03-13,388.48,388.48,388.48,355.45,58.8042857142857,1.74853135652764,2.727,3.13768,184.5090312,8.55645336,37813.2857142857,69.8114275242857,9292.71428571429,129.494285582857,5018.28571428571,34.9599996285714,9219.85714285714,59.3171430328571,36997.2857142857,68.3042864128571,8673.85714285714,120.871428354286,5001.28571428571,34.8399996071429,9187.28571428571,59.1071428585714,7.32817349871123,11.4762607373273,1.91274650523843,0.51425384062953,178.8692808,8.39077806,61.30428532,140.345712935714,43.7099990842857,60.4228575571429,0.923489758109456
548,2015,3,719,2015-03-14,2015-03-20,388.48,388.48,388.48,388.48,54.4885714285714,1.95654822388331,2.786,3.24984,177.079138971429,9.05405424,45718,84.4028560085714,7195.42857142857,100.268572125714,4707.28571428571,32.7942861842857,10032.8571428571,64.5485714514286,44771.4285714286,82.6585704242857,6517.57142857143,90.8228563585714,4686.85714285714,32.6499996171429,9874.28571428571,63.5285709942857,2.77218561564237,10.5619663696898,1.82434431300683,4.127873614805,184.5090312,8.55645336,68.3042864128571,120.871428354286,34.8399996071429,59.1071428585714,1.74853135652764
547,2015,3,720,2015-03-21,2015-03-27,388.48,388.48,388.48,388.48,53.8028571428571,1.59927811095885,2.59,3.17456,170.800398171429,8.2221104,50224,92.7242867628571,5407.28571428571,75.3514284414286,6105.85714285714,42.5357142857143,12569.1428571429,80.8657161171429,49244.8571428571,90.9157148071429,4863.71428571429,67.7757148742857,6086.14285714286,42.3985710128571,12281.4285714286,79.0142854971429,1.49578035557007,6.05933610032371,2.72548128941724,5.21800240297694,177.079138971429,9.05405424,82.6585704242857,90.8228563585714,32.6499996171429,63.5285709942857,1.95654822388331
546,2015,3,721,2015-03-28,2015-04-03,388.48,388.48,388.48,68.69,55.2428571428571,1.31855620896079,2.713,3.1926,176.368345714286,8.6615238,45169.8571428571,94.3914271771429,8701.71428571429,125.614286151429,7151.57142857143,54.7242851242857,14256.7142857143,91.9371425085714,44331,92.6299994328571,8192,118.327141897143,7138.42857142857,54.6185711457143,13560.7142857143,87.4457135871429,10.8733800200231,30.2782308739074,7.17063357507134,1.12568284610372,170.800398171429,8.2221104,90.9157148071429,67.7757148742857,42.3985710128571,79.0142854971429,1.59927811095885
545,2015,4,722,2015-04-04,2015-04-10,388.48,388.48,388.48,92.03,55.5814285714286,0.873621362898954,2.511,3.08442,171.436469914286,7.74497862,40805.4285714286,99.3557128914286,8364.42857142857,125.517141068571,8294.85714285714,70.7642854957143,13128.7142857143,84.92428589,40064.2857142857,97.5499997828571,8080.14285714286,121.248572211429,8275.57142857143,70.6000006557143,12639.5714285714,81.75856999,3.18619716460603,16.1336740365559,2.14567758874326,2.76199635079315,176.368345714286,8.6615238,92.6299994328571,118.327141897143,54.6185711457143,87.4457135871429,1.31855620896079
544,2015,4,723,2015-04-11,2015-04-17,388.48,388.48,388.48,213.53,57.6314285714286,1.52757355056345,2.634,3.0667,176.738302,8.0776878,35661.4285714286,86.8314274385714,4860.14285714286,72.9328586028571,7139.85714285714,60.9114298142857,12896.4285714286,83.42000035,34918.8571428571,85.0228565757143,4506,67.6171433571429,7115.14285714286,60.7014274585714,10758.5714285714,69.5928568157143,3.10634190451998,8.50217912319505,5.47334881045953,6.4517094126345,171.436469914286,7.74497862,97.5499997828571,121.248572211429,70.6000006557143,81.75856999,0.873621362898954
543,2015,4,724,2015-04-18,2015-04-24,388.48,388.48,388.48,108.95,60.3471428571429,1.5925840039145,2.531,3.011575,181.73994675,7.622296325,33700.4285714286,82.0557152871429,7576,113.685712542857,6072.28571428571,51.80142866,12244.7142857143,79.2071435114286,33165.7142857143,80.75428554,7103.14285714286,106.590000697143,6051.28571428571,51.6242855628571,9232.57142857143,59.7228578857143,0.829074486607886,34.0494232765271,0.714629454665863,2.280224842877,176.738302,8.0776878,85.0228565757143,67.6171433571429,60.7014274585714,69.5928568157143,1.52757355056345
542,2015,4,725,2015-04-25,2015-05-01,388.48,388.48,388.48,119.33,62.37,1.61751867583247,2.776,2.936625,183.15730125,8.152071,33086.2857142857,84.6014295285714,6167.14285714286,90.05285699,5159,47.63142831,12410.2857142857,86.0457153328571,32635.2857142857,83.4571435114286,5997.14285714286,87.5799996514286,5135.14285714286,47.4071431857143,8680.57142857143,60.1485710128571,8.71254576721571,19.279761234961,7.9204650116212,11.3338748426916,181.73994675,7.622296325,80.75428554,106.590000697143,51.6242855628571,59.7228578857143,1.5925840039145
541,2015,5,726,2015-05-02,2015-05-08,388.48,388.48,388.48,100.06,64.34,1.10516967023188,2.88,3.0431,195.793054,8.764128,30488.2857142857,102.148570471429,5331.85714285714,61.1928569257143,4705.28571428571,66.2528566628571,13958.7142857143,134.199999127143,29970.2857142857,100.41142927,5137,58.9571429657143,4683.71428571429,65.9485718871428,8908.57142857143,85.6499993457143,1.09598245826393,5.39223196340953,2.43559958395898,3.16025339273188,183.15730125,8.152071,83.4571435114286,87.5799996514286,47.4071431857143,60.1485710128571,1.61751867583247
540,2015,5,727,2015-05-09,2015-05-15,388.48,388.48,388.48,92.96,65.02,1.28674006699108,3.016,3.0112,195.788224,9.0817792,32999.4285714286,110.562857491429,5056.85714285714,58.0371426157143,4745.71428571429,66.8185713642857,13353.8571428571,128.385713851429,32537.4285714286,109.01285662,4998.57142857143,57.3685716885714,4719.71428571429,66.45142964,8452.28571428571,81.26285662,5.34567866568102,2.57858091120859,2.89731801409274,5.35046727425609,195.793054,8.764128,100.41142927,58.9571429657143,65.9485718871428,85.6499993457143,1.10516967023188
539,2015,5,728,2015-05-16,2015-05-22,388.48,388.48,388.48,133.55,65.0085714285714,0.867168352964337,2.887,3.03386,197.226904514286,8.75875382,30209.4285714286,101.214285714286,4370.57142857143,50.1614281771429,3973.28571428571,55.9428569257143,10929.8571428571,105.081428528571,29902.8571428571,100.185714721429,4300,49.3500006542857,3957.28571428571,55.7200006757143,8221.14285714286,79.0385720385714,6.7004948868118,3.92270735636332,2.19811942992202,10.5003076886119,195.788224,9.0817792,109.01285662,57.3685716885714,66.45142964,81.26285662,1.28674006699108
538,2015,5,729,2015-05-23,2015-05-29,388.48,388.48,388.48,158.54,63.1985714285714,1.79499701551716,2.642,3.15614,199.463539228571,8.33852188,26438.4285714286,88.5799996514286,10728.7142857143,123.13142722142901,3882.71428571429,54.6700003471428,8817,84.7699999128571,26283.5714285714,88.05999974,10078,115.662855421429,3863,54.3885710571429,7950.57142857143,76.4385724771429,1.56344791060463,63.3662668136379,0.824811202767703,3.40665383507219,197.226904514286,8.75875382,100.185714721429,49.3500006542857,55.7200006757143,79.0385720385714,0.867168352964337
537,2015,6,730,2015-06-01,2015-06-05,375.81,375.81,375.81,375.81,61.854,1.49116732796858,2.642,3.151875,194.95607625,8.32725375,26658.8,103.838000488,9799.6,92.530000306,3123.4,66.57599945,7078.2,130.71000061,26550.6,103.41200104,9591,90.56000061,3101.8,66.117999268,6884.4,127.125997924,1.18982082010507,13.7476615143596,2.94083729752991,6.88678349970796,199.463539228571,8.33852188,88.05999974,115.662855421429,54.3885710571429,76.4385724771429,1.79499701551716
536,2015,6,731,2015-06-06,2015-06-12,383.85,383.85,383.85,383.85,62.3414285714286,1.69637288129158,2.75,3.1123,194.025228142857,8.558825,24876.2857142857,96.8928571428571,6610.71428571429,62.4185709271429,2686.42857142857,57.2628566185714,6249.42857142857,115.404284885714,24778.1428571429,96.5085721714286,6519.85714285714,61.5628564014286,2662.28571428571,56.7457139157143,6053,111.77571433,4.00501405120646,5.01557788093928,2.93367168745845,3.58124246409103,194.95607625,8.32725375,103.41200104,90.56000061,66.117999268,127.125997924,1.49116732796858
535,2015,6,732,2015-06-13,2015-06-19,360.54,360.54,360.54,360.54,62.5671428571429,1.52408130016858,2.816,3.08674,193.128502542857,8.69225984,22194.4285714286,86.4471413742857,22331.4285714286,210.8600017,2473.85714285714,52.7328562057143,5136.42857142857,94.8500006557143,22103.5714285714,86.0914284828572,20292.4285714286,191.605713981429,2449.85714285714,52.2199995842857,4995.28571428571,92.2428577971429,1.8266023454623601,53.522005483278,0.356838293629869,6.15219733032586,194.025228142857,8.558825,96.5085721714286,61.5628564014286,56.7457139157143,111.77571433,1.69637288129158
534,2015,6,733,2015-06-20,2015-06-26,369.03,369.03,369.03,369.03,60.67,0.731869751617226,2.773,3.09814,187.9641538,8.59114222,20901.5714285714,81.4099993014286,17174,162.160002571429,2370.28571428571,50.5228571214286,4124,76.1557148514286,20775.5714285714,80.9199992585714,15813.5714285714,149.315714154286,2341.28571428571,49.9042859757143,4092.85714285714,75.57999965,2.50077926212479,23.5331861822968,1.26096309202449,3.99420952360706,193.128502542857,8.69225984,86.0914284828572,191.605713981429,52.2199995842857,92.2428577971429,1.52408130016858
533,2015,6,734,2015-06-27,2015-07-03,378.01,378.01,378.01,378.01,60.87,1.0709030457203,2.822,3.12036,189.9363132,8.80565592,19749.1428571429,84.171427044285707,10936.4285714286,101.08428519,2129.28571428571,49.3899999328571,3537,82.6857147214286,19587.8571428571,83.49571446,10500.2857142857,97.0657152457143,2111.28571428571,48.9742851242857,3527.28571428571,82.4685701642857,13.1524393771615,6.89574623006822,3.7320448699691,19.5163988175245,187.9641538,8.59114222,80.9199992585714,149.315714154286,49.9042859757143,75.57999965,0.731869751617226
532,2015,7,735,2015-07-04,2015-07-10,317.79,317.79,317.79,317.79,59.0671428571429,2.29849743880444,2.77,3.19092,188.478527485714,8.8388484,28403,133.934283665714,16288.2857142857,146.128570557143,2085.28571428571,53.8899999342857,3183.71428571429,96.6485704685714,28218.8571428571,133.067144121429,14755.7142857143,132.379998344286,2057.85714285714,53.1800003042857,3168.57142857143,96.1885713842857,9.04152766519546,45.0339551179416,0.75538118946716,2.63565561604807,189.9363132,8.80565592,83.49571446,97.0657152457143,48.9742851242857,82.4685701642857,1.0709030457203
531,2015,7,736,2015-07-11,2015-07-17,231.65,231.65,238.74,231.65,56.8928571428571,1.19888440206876,2.87,3.15066,179.250049285714,9.0423942,34046.5714285714,160.547143118571,44154.8571428571,396.132866997143,1954.42857142857,50.5085716257143,2766.28571428571,83.9757134585714,30330.1428571429,143.022854397143,25308.8571428571,227.054286412857,1929.85714285714,49.8728566828571,2749.42857142857,83.4642857142857,9.41393785051606,36.3720640394718,3.16420540091169,4.63296531174154,188.478527485714,8.8388484,133.067144121429,132.379998344286,53.1800003042857,96.1885713842857,2.29849743880444
530,2015,7,737,2015-07-18,2015-07-24,172.69,105.22,179.81,177.84,56.6814285714286,0.606806629589287,2.776,3.2426,183.795200285714,9.0014576,30475.4285714286,143.709997995714,35990.8571428571,322.890001567143,1990.71428571429,51.4457141357143,2465.14285714286,74.8371429442857,27147.4285714286,128.014284405714,17100.1428571429,153.410000391429,1967.42857142857,50.8442856957143,2454.85714285714,74.5242854528571,6.90823783335961,44.4235583404874,3.77752015959528,0.954968271819646,179.250049285714,9.0423942,143.022854397143,227.054286412857,49.8728566828571,83.4642857142857,1.19888440206876
529,2015,7,738,2015-07-25,2015-07-31,178.63,95.04,180.61,178.63,55.0628571428571,0.933554395589413,2.716,3.36704,185.398842514286,9.14488064,23130.7142857143,109.072857447143,24693.1428571429,221.532856532857,1960.42857142857,50.66285651,2472.71428571429,75.0657141557143,22363.8571428571,105.457142418571,14302.7142857143,128.317141942857,1926,49.7742859957143,2432.14285714286,73.8328574028571,5.84875995596871,16.5748984214203,1.371992005194,2.1274931719275,183.795200285714,9.0014576,128.014284405714,153.410000391429,50.8442856957143,74.5242854528571,0.606806629589287
528,2015,8,739,2015-08-01,2015-08-07,118.81,118.81,118.81,118.81,51.8485714285714,2.94935828371428,2.798,3.48896,180.897591771429,9.76211008,19062,107.89428493,14022.7142857143,136.74999891,1814.28571428571,53.76714325,2279,93.2257156371429,18912,107.044285364286,11734.4285714286,114.434285845714,1794.71428571429,53.1842852985714,2203.42857142857,90.13571385,6.08829935208563,16.6961236766182,1.35871040228893,4.27289381867196,185.398842514286,9.14488064,105.457142418571,128.317141942857,49.7742859957143,73.8328574028571,0.933554395589413
527,2015,8,740,2015-08-08,2015-08-14,129.52,129.52,129.52,129.52,48.2942857142857,0.587022348888735,2.801,3.4893,168.513251142857,9.7735293,16249.8571428571,91.9771423357143,7670.85714285714,74.8085724971429,1749.28571428571,51.8385707314286,2073.57142857143,84.8228574485714,16079.2857142857,91.0114288328571,6850.28571428571,66.8042858671429,1725.57142857143,51.1371432728572,2031.42857142857,83.0985728685714,3.22212767908861,12.2270077607634,1.72163453897607,3.76513490874054,180.897591771429,9.76211008,107.044285364286,114.434285845714,53.1842852985714,90.13571385,2.94935828371428
526,2015,8,741,2015-08-15,2015-08-21,136.94,136.94,136.94,136.94,47.2242857142857,1.08760987403365,2.676,3.48044,164.361292971429,9.31365744,14816,83.8628572728571,5580.42857142857,54.4214292242857,1696.14285714286,50.2628571671429,1726.57142857143,70.6300005214286,14666.2857142857,83.0128577114286,4705.71428571429,45.8914293571429,1673,49.5771429871429,1694.57142857143,69.3214307514286,1.98143451594474,2.29983633466142,1.8292858416312,2.87046697677926,168.513251142857,9.7735293,91.0114288328571,66.8042858671429,51.1371432728572,83.0985728685714,0.587022348888735
525,2015,8,742,2015-08-22,2015-08-28,139.91,139.91,139.91,139.91,45.1471428571429,2.06924877097733,2.715,3.5696,161.157241142857,9.691464,14286.2857142857,80.8614283971428,6172.14285714286,60.1914285928572,1716.28571428571,50.8614278514286,1676.42857142857,68.5771418971429,14132.5714285714,79.9928577971429,5392.14285714286,52.5857140685714,1699.42857142857,50.3600000657143,1634,66.84142903,1.46753419332151,10.4848641499334,1.57487497786374,2.75461078456791,164.361292971429,9.31365744,83.0128577114286,45.8914293571429,49.5771429871429,69.3214307514286,1.08760987403365
524,2015,8,743,2015-08-29,2015-09-04,274.98,274.98,274.98,274.98,46.96,2.85725975951314,2.655,3.7244,174.89782400000001,9.888282,14501.1428571429,82.5028577542857,6349.57142857143,57.1542854314286,1560.28571428571,49.33142853,1467.14285714286,70.5371426157143,14363.5714285714,81.7185723442857,5538.28571428571,50.0985717785714,1537,48.5942846028571,1456.42857142857,70.0128582542857,1.59840945123738,11.4079693493605,3.01173726411261,8.36394674690429,161.157241142857,9.691464,79.9928577971429,52.5857140685714,50.3600000657143,66.84142903,2.06924877097733
523,2015,9,744,2015-09-05,2015-09-11,245.97,245.97,245.97,245.97,48.2428571428571,1.22767686147063,2.693,3.8317,184.852155714286,10.3187681,17961.8571428571,102.599998474286,8065.28571428571,67.5857146128571,1390.42857142857,46.0971434457143,1333.42857142857,71.6142850614286,17786.8571428571,101.601428441429,7451.71428571429,62.44285638,1367.57142857143,45.3414284842857,1294,69.4971422471429,27.10330163133,17.7349773164354,4.89122202850568,2.71045396944224,174.89782400000001,9.888282,81.7185723442857,50.0985717785714,48.5942846028571,70.0128582542857,2.85725975951314
522,2015,9,745,2015-09-12,2015-09-18,199.89,199.89,199.89,199.89,47.8642857142857,1.18386171972441,2.605,3.87062,185.264461571429,10.0829651,29864.1428571429,170.590002875714,9855,82.5842851914286,1328.28571428571,44.03857204,1194.71428571429,64.16571481,29711.5714285714,169.717143467143,8773.42857142857,73.51857267,1303.28571428571,43.20571409,1175.71428571429,63.1442860185714,11.0430507728095,20.1082882700904,4.32929483409715,1.96209121512118,184.852155714286,10.3187681,101.601428441429,62.44285638,45.3414284842857,69.4971422471429,1.22767686147063
521,2015,9,746,2015-09-19,2015-09-25,222.23,222.23,222.23,222.23,47.6442857142857,1.07310852422407,2.564,4.05364,193.132782342857,10.39353296,21107.5714285714,120.568571907143,17685.7142857143,148.204285758571,1341.71428571429,44.4828572957143,1145,61.4942855828571,20958.7142857143,119.72000122,14553,121.95285797,1318.28571428571,43.7057146342857,1071.14285714286,57.5271432071428,16.8325707824646,41.3579858000985,1.57213091810062,0.793173540968613,185.264461571429,10.0829651,169.717143467143,73.51857267,43.20571409,63.1442860185714,1.18386171972441
520,2015,9,747,2015-09-26,2015-10-02,206.68,206.68,206.68,206.68,47.12,0.620940147410496,2.451,4.01542,189.2065904,9.84179442,17822.1428571429,96.7228557057143,24804.4285714286,202.617137364286,1477.14285714286,47.5871434885714,1089.57142857143,57.7642854957143,17655.1428571429,95.8271440785714,15355,124.76285662,1450.28571428571,46.7185718014286,1031.14285714286,54.66428484,4.65820358745038,19.6631781288231,4.12672014672567,1.02708090353466,193.132782342857,10.39353296,119.72000122,121.95285797,43.7057146342857,57.5271432071428,1.07310852422407
519,2015,10,748,2015-10-03,2015-10-09,217.18,217.18,217.18,217.18,48.8771428571429,2.24435376211592,2.502,3.8328,187.336313142857,9.5896656,19792.5714285714,94.5142865857143,21484,158.611427307143,1338,40.64999989,1334.28571428571,68.5071427485714,19564.7142857143,93.4257147657143,10290.5714285714,75.9728578842857,1309.42857142857,39.7814282,1319.85714285714,67.7642854985714,4.40048217066046,19.776389598177,4.5177373062688,5.53457442970623,189.2065904,9.84179442,95.8271440785714,124.76285662,46.7185718014286,54.66428484,0.620940147410496
518,2015,10,749,2015-10-10,2015-10-16,205.67,205.67,205.67,205.67,50.6114285714286,1.7934829110926,2.43,3.837825,194.237805857143,9.32591475,23243,110.988572258571,41742.8571428571,308.17999485571403,1005,30.53285735,1325.28571428571,68.0442853671429,21774.8571428571,103.978572301429,22613.7142857143,166.95285906,973.857142857143,29.5857146128571,1314.71428571429,67.5014283314286,14.767821911917,29.4734408192854,2.47948178876833,3.09702185663629,187.336313142857,9.5896656,93.4257147657143,75.9728578842857,39.7814282,67.7642854985714,2.24435376211592
517,2015,10,750,2015-10-17,2015-10-23,207.24,192.4,207.24,207.24,47.8342857142857,0.962546226471399,2.286,3.9075,186.912471428571,8.932545,18912.7142857143,90.3128564014286,36027,265.980002268571,877.571428571429,26.6614284528571,997.857142857143,51.2314289642857,17673.4285714286,84.3957148957143,13623.4285714286,100.578572545714,851.428571428571,25.8671430842857,989.571428571429,50.80714253,8.92988037845626,48.9338804019674,2.36733804197278,5.3346308767972,194.237805857143,9.32591475,103.978572301429,166.95285906,29.5857146128571,67.5014283314286,1.7934829110926
516,2015,10,751,2015-10-24,2015-10-30,214.83,197.08,244.03,244.03,46.9642857142857,0.627026239293201,2.321,3.88754,182.575539285714,9.02298034,17454.4285714286,83.3485728657143,29065.8571428571,214.587142944286,791.142857142857,24.03428568,1199.14285714286,61.56571361,17150.7142857143,81.9000015271429,15912.5714285714,117.477142334286,762.428571428571,23.1628573285714,1194.57142857143,61.3328574042857,4.45937581108302,13.2264512261636,4.97600122203758,4.92833543241376,186.912471428571,8.932545,84.3957148957143,100.578572545714,25.8671430842857,50.80714253,0.962546226471399
515,2015,10,752,2015-10-31,2015-11-06,245.3,187.89,245.3,245.3,47.32,0.887148991620697,2.371,3.7935,179.50842,8.9943885,23474.8571428571,89.9685712542857,17620.8571428571,177.182859147143,705.571428571429,14.5971429014286,1304.57142857143,46.3114286171429,21702,83.27999987,11917,119.480000087143,678.571428571429,14.0514286585714,1295.57142857143,45.9971422485714,11.8348692454489,10.650464946715,5.3091697877186,9.39465796337312,182.575539285714,9.02298034,81.9000015271429,117.477142334286,23.1628573285714,61.3328574042857,0.627026239293201
514,2015,11,753,2015-11-07,2015-11-13,208.17,195.6,212.39,212.39,46.2257142857143,1.18703913362706,2.361,3.78446,174.939366685714,8.93511006,27712.7142857143,102.695714678571,20124.8571428571,211.76714216,867.714285714286,16.1271429042857,1416,46.5285715371429,25880,95.90285819,11388.5714285714,119.840000695714,839.428571428571,15.5985715042857,1408.28571428571,46.2757148742857,3.69544728893677,23.7171516596144,3.50097843021541,3.04310684183384,179.50842,8.9943885,83.27999987,119.480000087143,14.0514286585714,45.9971422485714,0.887148991620697
513,2015,11,754,2015-11-14,2015-11-20,188.81,188.81,274.91,274.91,43.19,2.2683106783098,2.145,3.7745,163.020655,8.0963025,28209,104.537143162857,19345.5714285714,203.56856864,1163.57142857143,21.6228575042857,1365,44.8557145271429,24161.2857142857,89.5357153757143,10691.7142857143,112.50428772,1134.57142857143,21.0857140671429,1348.28571428571,44.3042864128571,5.12317339671141,17.877879667404,0.79816147445849694,2.66427515852701,174.939366685714,8.93511006,95.90285819,119.840000695714,15.5985715042857,46.2757148742857,1.18703913362706
512,2015,11,755,2015-11-21,2015-11-27,199.57,192.96,323.15,323.15,42.6071428571429,1.02104055234059,2.212,3.73946,159.327706428571,8.27168552,40452.8571428571,149.908569337143,18673.8571428571,196.501427787143,1278.57142857143,23.7614288342857,1666.57142857143,54.7614282871429,27910.8571428571,103.430001395714,12252.7142857143,128.931429182857,1254,23.3042858671429,1649,54.1857141757143,8.12353132235221,10.7848611728996,3.98154460704223,5.52318950182431,163.020655,8.0963025,89.5357153757143,112.50428772,21.0857140671429,44.3042864128571,2.2683106783098
511,2015,11,756,2015-11-28,2015-12-04,149.49,149.49,371.08,196.62,43.1728571428571,0.914288690470991,2.186,3.8262,165.187986,8.3640732,44876.4285714286,134.565714155714,21894.1428571429,266.705714635714,1867.85714285714,24.1314288557143,1545.28571428571,37.4985711228572,32650.1428571429,96.98285784,10393.5714285714,126.315715244286,1842.14285714286,23.7828573514286,1527.14285714286,37.0600000114286,18.803527546072,38.453006807047,4.05280857701178,14.5675456578153,159.327706428571,8.27168552,103.430001395714,128.931429182857,23.3042858671429,54.1857141757143,1.02104055234059
510,2015,12,757,2015-12-05,2015-12-11,134.33,134.33,323.15,159.61,40.8157142857143,1.67149491117844,1.99,3.78356,154.428703942857,7.5292844,45138.2857142857,110.604286192857,22854.4285714286,301.484283447143,3265.42857142857,32.7028571542857,1363.28571428571,23.5799999242857,34361,84.1957146771429,12733.4285714286,167.971429007143,3242.28571428571,32.4714284614286,1345.57142857143,23.2700001857143,2.3270940366361,29.307164316407,3.54357365580024,1.41177208331718,165.187986,8.3640732,96.98285784,126.315715244286,23.7828573514286,37.0600000114286,0.914288690470991
509,2015,12,758,2015-12-12,2015-12-18,110.1,98.39,309.97,175.7,37.6971428571429,1.30266028170194,1.767,3.90088,147.052030628571,6.89285496,43923.1428571429,107.625714982857,20907.7142857143,275.800000871429,3297.85714285714,33.0299998685714,1650.71428571429,28.54857118,32499,79.63142831,13727.4285714286,181.084285191429,3281.71428571429,32.8671428128571,1633,28.2414281028571,2.68606312148349,18.6594216720366,2.2490496406251,5.99811466369311,154.428703942857,7.5292844,84.1957146771429,167.971429007143,32.4714284614286,23.2700001857143,1.67149491117844
508,2015,12,759,2015-12-19,2015-12-25,140.15,127.35,201.72,197.89,36.5742857142857,0.816330348630483,2.029,3.96815,145.132251857143,8.05137635,38824.1428571429,95.1314294014286,21207.4285714286,279.755711145714,3241,32.46000072,1714.57142857143,29.6528571,30362,74.3971426814286,13388.2857142857,176.609996252857,3216.42857142857,32.2142859871429,1692.71428571429,29.2742854514286,5.40424081687948,27.5350250178113,1.98815586081701,0.981102640582482,147.052030628571,6.89285496,79.63142831,181.084285191429,32.8671428128571,28.2414281028571,1.30266028170194
507,2015,12,760,2015-12-26,2016-01-01,50.59,50.59,344.41,109.12,36.3514285714286,0.774498301513912,2.337,3.89375,141.543375,9.09969375,43679.5714285714,91.4642868042857,21079.7142857143,278.065717424286,3532.85714285714,34.0285715371429,1690.14285714286,27.2842856828571,32149.8571428571,67.7414278285714,11030.8571428571,145.511429922857,3508.57142857143,33.7942861828571,1673.85714285714,27.0214282442857,7.50231810689624,23.7069677104196,4.19772483694161,3.71994836613427,145.132251857143,8.05137635,74.3971426814286,176.609996252857,32.2142859871429,29.2742854514286,0.816330348630483
506,2016,1,761,2016-01-02,2016-01-08,46.02,45.78,352.86,111.14,35.4871428571429,1.29131346937558,2.472,4.02996,143.011766228571,9.96206112,54487,87.2514288785714,20345.2857142857,268.36000279,3446.57142857143,24.9542857571429,2014.71428571429,20.2185712542857,38934.5714285714,62.3471434471429,11921,157.241431098571,3419.28571428571,24.7542855385714,2002,20.08999988,4.91777417523346,37.9601090475848,3.68623041822123,1.05587278119428,141.543375,9.09969375,67.7414278285714,145.511429922857,33.7942861828571,27.0214282442857,0.774498301513912
505,2016,1,762,2016-01-09,2016-01-15,35.76,35.76,318.24,85.28,31.75,2.69331270619165,2.1,4.0182,127.57785,8.43822,70574.1428571429,113.014284407143,18825.7142857143,248.315713065714,3675.42857142857,26.6100000657143,3065.28571428571,30.7599999557143,50267.4285714286,80.4942866728571,11440.7142857143,150.907144818571,3656,26.4714287357143,3054.42857142857,30.6514284957143,13.0776686725242,37.1284495557962,1.96741317003662,4.78651382770038,143.011766228571,9.96206112,62.3471434471429,157.241431098571,24.7542855385714,20.08999988,1.29131346937558
504,2016,1,763,2016-01-16,2016-01-22,30.25,30.25,309.97,30.25,28.0457142857143,1.11838957349183,2.139,4.08576,114.5880576,8.73944064,105695.571428571,169.254287718571,12687.1428571429,167.34714399,6105.28571428571,44.2071435114286,4624.28571428571,46.4042854314286,81029.8571428571,129.755713327143,10052.1428571429,132.592857361429,6074.42857142857,43.9814289642857,4605,46.21142796,9.26164272301021,10.8584090904371,15.7779236000771,6.90742937097349,127.57785,8.43822,80.4942866728571,150.907144818571,26.4714287357143,30.6514284957143,2.69331270619165
503,2016,1,764,2016-01-23,2016-01-29,30.25,30.25,304.41,30.25,29.44,2.5545906390914,2.298,4.07294,119.9073536,9.35961612,92902.8571428571,148.768569947143,8555.14285714286,112.844286235714,14491.2857142857,104.9242848,8677.28571428571,87.0728563571429,76273.5714285714,122.138571602857,7494.71428571429,98.8571439471428,12831.7142857143,92.9085715171429,7771.71428571429,77.9885706214286,8.70174464619823,8.58593331327267,10.4103718400423,14.5221483386342,114.5880576,8.73944064,129.755713327143,132.592857361429,43.9814289642857,46.21142796,1.11838957349183
502,2016,1,765,2016-01-30,2016-02-05,30.25,30.25,139.88,30.25,32.3585714285714,0.763400911959909,2.063,3.94118,127.530954542857,8.13065434,69230.7142857143,105.988573345714,16635,200.397141592857,15367.5714285714,107.36000061,13695.5714285714,111.24999891,63367.2857142857,96.8842849742857,14540.4285714286,175.39857047,14640.7142857143,102.227143424286,13265,107.185714722857,9.60145882583651,44.9756820729168,3.13364809503399,9.79589534089191,119.9073536,9.35961612,122.138571602857,98.8571439471428,92.9085715171429,77.9885706214286,2.5545906390914
501,2016,2,766,2016-02-06,2016-02-12,30.25,30.25,111.65,30.25,31.2242857142857,1.49913149459792,1.966,3.9642,123.779313428571,7.7936172,55237.5714285714,82.7000013071429,13444.7142857143,158.958570208571,16538.5714285714,113.907143728571,10216.5714285714,75.64571326,49384.7142857143,73.9357147214286,11572.8571428571,136.82571629,16464.4285714286,113.395713805714,10080.4285714286,74.6371438171429,2.6695011964959,16.1439127470407,3.21708944045782,11.054302495829,127.530954542857,8.13065434,96.8842849742857,175.39857047,102.227143424286,107.185714722857,0.763400911959909
500,2016,2,767,2016-02-13,2016-02-19,30.25,30.25,137.81,30.25,31.2114285714286,1.7229473639806001,1.804,4.01936,125.449967542857,7.25092544,53074.4285714286,79.4614290528571,11547.2857142857,136.524283274286,16286.7142857143,112.174284798571,7978.85714285714,59.0771424428572,48176.8571428571,72.1285716471428,11101.4285714286,131.252857752857,16266.1428571429,112.02999987,7873.42857142857,58.2942853657143,1.0047299590192,7.25904682234107,5.81416048205018,1.00054811674148,123.779313428571,7.7936172,73.9357147214286,136.82571629,113.395713805714,74.6371438171429,1.49913149459792
499,2016,2,768,2016-02-20,2016-02-26,30.25,30.25,243.41,30.25,32.6057142857143,1.02841070172798,1.791,3.96298,129.2157936,7.09769718,58460.1428571429,87.5228565742857,11457.2857142857,135.460001264286,10144.7142857143,69.8685711442857,7503,55.5528569914286,45904.2857142857,68.7242845814286,10183.7142857143,120.40285601,10122.2857142857,69.71571459,7430.14285714286,55.01285662,3.86406932791438,3.65796618375344,13.8879629074608,1.28527262576617,125.449967542857,7.25092544,72.1285716471428,131.252857752857,112.02999987,58.2942853657143,1.7229473639806001
498,2016,2,769,2016-02-27,2016-03-04,32.16,32.16,223.17,32.16,34.8357142857143,1.87812723337959,1.666,3.88974,135.501871285714,6.48030684,69256.2857142857,105.64857265,16512.2857142857,215.102857317143,6524.28571428571,45.2114274157143,7250.28571428571,49.2114279614286,48753.7142857143,74.3800005214286,11193.5714285714,147.035714285714,6505.14285714286,45.0800001971429,7096.28571428571,48.1771420057143,5.43412276113676,39.337113520014,3.8240079221851,4.41675837154527,129.2157936,7.09769718,68.7242845814286,120.40285601,69.71571459,55.01285662,1.02841070172798
497,2016,3,770,2016-03-05,2016-03-11,51.93,51.93,240.34,51.93,38.1714285714286,1.64150772737982,1.822,3.7101,141.619817142857,6.7598022,70236.5714285714,108.53857095,16653.4285714286,232.067145211429,5079.57142857143,35.3871424528571,8080.28571428571,51.0871424,51189.1428571429,79.10142953,13502.4285714286,188.159999302857,5052.57142857143,35.1985710671429,7891.14285714286,49.8899999342857,6.72405501466602,19.6412261945997,2.51724339717963,4.2839313785668,135.501871285714,6.48030684,74.3800005214286,147.035714285714,45.0800001971429,48.1771420057143,1.87812723337959
496,2016,3,771,2016-03-12,2016-03-18,30.58,30.58,259.26,30.58,38.5314285714286,1.01520816537682,1.907,3.67988,141.791033371429,7.01753116,70151,108.405713762857,12785.5714285714,178.16999817,4127.28571428571,28.7528572085714,9884.85714285714,62.4942855828572,55508,85.7757132385714,9990.85714285714,139.225715637143,4102.14285714286,28.5757141128571,9593.42857142857,60.6528570985714,3.54868926860764,24.8326293028807,0.850585133089973,1.08658032408385,141.619817142857,6.7598022,79.10142953,188.159999302857,35.1985710671429,49.8899999342857,1.64150772737982
495,2016,3,772,2016-03-19,2016-03-25,30.25,30.25,248.6,30.25,39.537142857142904,0.827983781759657,1.806,3.643925,144.070383285714,6.58092855,57570.2857142857,88.9642846242857,12329.2857142857,171.811426435714,4764.42857142857,33.1899997171429,9406.85714285714,59.47285734,46200,71.39285878,10249.1428571429,142.822859627143,4743.14285714286,33.04142843,9111.28571428571,57.6042856471429,4.44193970535497,31.289964803321,1.42099070442161,0.585345341600809,141.791033371429,7.01753116,85.7757132385714,139.225715637143,28.5757141128571,60.6528570985714,1.01520816537682
494,2016,3,773,2016-03-26,2016-04-01,41.82,41.82,265.53,41.82,37.7257142857143,0.930337880250381,1.956,3.61136,136.241135542857,7.06382016,53688,85.9642846228571,16728.8571428571,234.960000174286,4597.57142857143,32.97857094,9514.28571428571,60.1628570557143,45813.4285714286,73.4285714271429,13017,182.960000174286,4565.71428571429,32.7499994528571,8957.85714285714,56.6442854728571,7.4173721019586,28.751879921807,1.86688638825022,0.566710488618833,144.070383285714,6.58092855,71.39285878,142.822859627143,33.04142843,57.6042856471429,0.827983781759657
493,2016,4,774,2016-04-02,2016-04-08,43.13,43.13,276.82,43.13,36.5,0.672755527662303,1.99,3.64954,133.20821,7.2625846,46164,90.0442864557143,8815,132.278570992857,3567.14285714286,30.4314283642857,9404.85714285714,59.5385709471429,40022.8571428571,78.0671441214286,7390.28571428571,110.89857156,3537.57142857143,30.1771428242857,8884.14285714286,56.2414278314286,3.20178064351588,23.6573062711224,3.0129704068032,1.60119141600292,136.241135542857,7.06382016,73.4285714271429,182.960000174286,32.7499994528571,56.6442854728571,0.930337880250381
492,2016,4,775,2016-04-09,2016-04-15,47.79,47.79,275.5,47.79,40.8657142857143,2.48282673004554,1.902,3.52982,144.2486156,6.71371764,37095.2857142857,72.3571428557143,9791.14285714286,146.92714473,2963.71428571429,25.28285708,8418.57142857143,53.2957142428571,32893,64.1614276328571,8489.71428571429,127.397142682857,2938.71428571429,25.0714285714286,8108.14285714286,51.3285713214286,3.82764109408739,20.5194027827074,0.783952456518572,0.422115253682155,133.20821,7.2625846,78.0671441214286,110.89857156,30.1771428242857,56.2414278314286,0.672755527662303
491,2016,4,776,2016-04-16,2016-04-22,51.45,51.45,262.72,51.45,42.56,0.748576426737348,2.14,3.56875,151.886,7.637125,32464.2857142857,63.3242852328572,8259.42857142857,123.941429138571,2374.57142857143,20.2557144157143,7779.57142857143,49.2485711228571,28564.2857142857,55.7171429214286,7669.85714285714,115.095716204286,2349,20.0414284285714,7342.42857142857,46.4828562042857,1.58116676318069,22.4245546974581,1.69092070494864,3.63612226424644,144.2486156,6.71371764,64.1614276328571,127.397142682857,25.0714285714286,51.3285713214286,2.48282673004554
490,2016,4,777,2016-04-23,2016-04-29,51.03,51.03,275.22,51.03,43.3271428571429,0.861446734389321,2.178,3.51074,152.110333514286,7.64639172,31879.4285714286,62.1814286357143,11556.8571428571,173.422857011429,2004.71428571429,17.1014287142857,6200.85714285714,39.2542860871429,28059.1428571429,54.7314284185714,9781.57142857143,146.782854354286,1977.14285714286,16.8671430857143,5497.28571428571,34.8000003257143,1.7738426479046,28.2482872604795,0.630706512424367,2.50780099690296,151.886,7.637125,55.7171429214286,115.095716204286,20.0414284285714,46.4828562042857,0.748576426737348
489,2016,4,778,2016-04-30,2016-05-06,86.45,86.45,103.2,87.9,44.3557142857143,1.30433708760247,2.101,3.53132,156.634220971429,7.41930332,33090.5714285714,84.33857073,8258.57142857143,100.19571468,1773.14285714286,23.4728567942857,5632,49.9100003942857,28966.7142857143,73.8442856928571,7690.28571428571,93.1085717328571,1748.71428571429,23.1385714671429,5034.85714285714,44.6600001214286,7.29442164859637,23.8762162951336,3.28527734740558,5.69933910956351,152.110333514286,7.64639172,54.7314284185714,146.782854354286,16.8671430857143,34.8000003257143,0.861446734389321
488,2016,5,779,2016-05-07,2016-05-13,80.39,80.39,99.79,82.12,44.0857142857143,1.16179253946748,2.096,3.49382,154.027550285714,7.32304672,32688.5714285714,86.6642859314286,7828.57142857143,89.8471439914286,1572.85714285714,22.1457146242857,4842.14285714286,44.9914283742857,30183,80.02142879,7458.14285714286,85.5957140242857,1543.42857142857,21.7328570228571,4363.28571428571,40.5457136957143,5.31491190325134,3.87965948999666,0.43926905569451,2.40349683229031,156.634220971429,7.41930332,73.8442856928571,93.1085717328571,23.1385714671429,44.6600001214286,1.30433708760247
487,2016,5,780,2016-05-14,2016-05-20,74.51,72.54,99.79,76.7,47.7714285714286,1.21114860871043,2.062,3.53664,168.950345142857,7.29255168,32849.4285714286,87.09285845,8650.71428571429,99.2828565357143,1705.14285714286,24.0071430185714,3922.28571428571,36.4457141328571,29815.4285714286,79.0485719971429,8429.14285714286,96.7400000428571,1676.28571428571,23.6028570442857,3609.28571428571,33.5371426185714,1.72360520361004,13.345370729193,1.0515179500359,1.74568739757922,154.027550285714,7.32304672,80.02142879,85.5957140242857,21.7328570228571,40.5457136957143,1.16179253946748
486,2016,5,781,2016-05-21,2016-05-27,73.31,73.31,99.79,77.98,48.28,0.677052435192978,2.169,3.577475,172.720493,7.759543275,35488,94.0871418514286,17033.8571428571,195.49571446,1778.28571428571,25.0385714957143,3358.71428571429,31.20999963,31694.2857142857,84.0285720842857,16055.1428571429,184.261426654286,1749.57142857143,24.6314283085714,3139.28571428571,29.1714284071429,4.24838157480061,29.0716680724561,1.12140413770301,0.889033994191962,168.950345142857,7.29255168,79.0485719971429,96.7400000428571,23.6028570442857,33.5371426185714,1.21114860871043
485,2016,5,782,2016-05-28,2016-06-03,59.68,55.8,143.67,143.67,49.0585714285714,0.262578786362458,2.398,3.58828,176.035890685714,8.60469544,37004.4285714286,107.342857361429,14256.2857142857,151.129998344286,1442.71428571429,24.5699999657143,2859.14285714286,36.3542859185714,31147.7142857143,90.1857136285714,11371.4285714286,121.020003182857,1414.71428571429,24.0871426714286,2715.57142857143,34.4685712528571,11.8954301214555,21.2138997279104,4.27653141851192,10.6459236405691,172.720493,7.759543275,84.0285720842857,184.261426654286,24.6314283085714,29.1714284071429,0.677052435192978
484,2016,6,783,2016-06-04,2016-06-10,59.54,50.34,113.72,90.74,49.7385714285714,0.971981285338081,2.556,3.43578,170.890788942857,8.78185368,44776.2857142857,143.661429268571,10985.2857142857,103.722856794286,1496.57142857143,31.9000001642857,2676.71428571429,46.9657140457143,29429.4285714286,94.42285592,8855.57142857143,83.6142850585714,1472.14285714286,31.3785713728571,2518,44.18285697,5.69026511668361,8.35166874558963,1.23954886996406,0.566059638828594,176.035890685714,8.60469544,90.1857136285714,121.020003182857,24.0871426714286,34.4685712528571,0.262578786362458
483,2016,6,784,2016-06-11,2016-06-17,58.29,50.22,130.78,87.19,49.0614285714286,1.42853571383921,2.623,3.46772,170.131297085714,9.09582956,41760,133.984285627143,7346.14285714286,69.3657144814286,1464.14285714286,31.2071429685714,2422,42.49714279,33971,108.994285582857,6672.57142857143,63.0014288771429,1436.14285714286,30.6128567285714,2315.71428571429,40.6314288542857,3.75972116919749,3.60771570401555,0.178858683564555,1.73843225433326,170.890788942857,8.78185368,94.42285592,83.6142850585714,31.3785713728571,44.18285697,0.971981285338081
482,2016,6,785,2016-06-18,2016-06-24,56.8,53.12,112.76,109.14,47.5957142857143,1.10825474121612,2.662,3.3778,160.768803714286,8.9917036,33131.1428571429,106.298570905714,9700.71428571429,91.5957140228571,1422,30.31000001,2152.14285714286,37.7628566214286,31953.5714285714,102.519999912857,8972.42857142857,84.7185723442857,1397.85714285714,29.7942856385714,2034.71428571429,35.7014290957143,3.72644975931124,12.4897726098772,0.409750351579627,0.950603032939493,170.131297085714,9.09582956,108.994285582857,63.0014288771429,30.6128567285714,40.6314288542857,1.42853571383921
481,2016,6,786,2016-06-25,2016-07-01,72.94,72.94,104.13,104.13,47.1142857142857,1.37837896509935,2.987,3.28004,154.536741714286,9.79747948,28478.7142857143,94.4728567957143,9230,86.6100017,1490.28571428571,32.65714291,2121,40.1542859771429,27040.5714285714,89.8071430757143,7987.42857142857,74.9214281357143,1460.85714285714,32.01285662,1968.42857142857,37.31714303,7.49390385811141,6.85120088785682,2.25026454565752,7.72185221372506,160.768803714286,8.9917036,102.519999912857,84.7185723442857,29.7942856385714,35.7014290957143,1.10825474121612
480,2016,7,787,2016-07-02,2016-07-08,82.14,82.14,95.22,83.94,47.0142857142857,1.28537746911,2.801,3.29904,155.102009142857,9.24061104,24482.4285714286,99.0457142414286,7188.14285714286,64.4871412,1381.85714285714,35.7114287771429,2172.14285714286,59.2157151357143,23866.8571428571,96.5571430757143,6744.14285714286,60.5042860842857,1361,35.1728567385714,1870.71428571429,50.9971427928571,2.83194197065397,2.24383570085495,2.40065096588125,2.28073654522585,154.536741714286,9.79747948,89.8071430757143,74.9214281357143,32.01285662,37.31714303,1.37837896509935
479,2016,7,788,2016-07-09,2016-07-15,86.22,86.22,108.91,108.91,45.4728571428572,1.07687378223083,2.756,3.27228,148.799920971429,9.01840368,22412.8571428571,90.6742869771429,11680.7142857143,104.791429791429,1156.71428571429,29.8928568714286,1919.28571428571,52.3242863228572,21928.1428571429,88.7128568371428,10177.1428571429,91.3014275685714,1128.85714285714,29.1728570114286,1721.57142857143,46.9328569685714,1.72921640785602,64.1871126525439,0.722119970665133,0.56091315467386,155.102009142857,9.24061104,96.5571430757143,60.5042860842857,35.1728567385714,50.9971427928571,1.28537746911
478,2016,7,789,2016-07-16,2016-07-22,79.96,79.96,111.88,111.88,45.6428571428571,0.512110479151621,2.777,3.26712,149.120691428571,9.07279224,23414.4285714286,94.7257134542857,17668,158.507140022857,1195.71428571429,30.9014287671429,1769.42857142857,48.23714229,22727.4285714286,91.9457135885714,16623.4285714286,149.137141637143,1172,30.2857142871429,1662,45.3071430757143,2.83962959221767,59.3452109798922,0.244052889711724,0.492060818411425,148.799920971429,9.01840368,88.7128568371428,91.3014275685714,29.1728570114286,46.9328569685714,1.07687378223083
477,2016,7,790,2016-07-23,2016-07-29,77.36,77.36,117.05,117.05,44.1014285714286,1.01745480770094,2.876,3.27058,144.237250257143,9.40618808,20480.5714285714,82.85571289,7766.57142857143,69.6757147657143,1225.28571428571,31.6671425971429,1553.71428571429,42.3571428571429,20126.7142857143,81.4257136742857,7608.28571428571,68.2571422042857,1201,31.0371428885714,1449.85714285714,39.5228571214286,2.73825335551428,8.29103918949312,1.05975958728131,3.04538331025862,149.120691428571,9.07279224,91.9457135885714,149.137141637143,30.2857142871429,45.3071430757143,0.512110479151621
476,2016,7,791,2016-07-30,2016-08-05,117.58,117.58,117.58,117.58,40.8614285714286,1.06769890530095,2.772,3.23794,132.306854028571,8.97556968,18650.2857142857,87.3457140242857,5508,52.4285714271429,1355.28571428571,38.7000002185714,1335.71428571429,47.5785718628571,18387.4285714286,86.10571289,5425.57142857143,51.6428565957143,1332,38.0242854528571,1267.42857142857,45.2114285071429,7.02810679678898,1.51005226939498,2.7455231728478,6.83230269572888,144.237250257143,9.40618808,81.4257136742857,68.2571422042857,31.0371428885714,39.5228571214286,1.01745480770094
475,2016,8,792,2016-08-06,2016-08-12,117.44,117.44,117.44,117.44,42.3457142857143,1.1227326357722,2.586,3.15024,133.399162971429,8.14652064,18133.2857142857,89.6842869357143,6010.71428571429,58.6171428142857,1266,37.5171432514286,1220.28571428571,47.76714325,17833.5714285714,88.2014280042857,5934.14285714286,57.8700000214286,1241.42857142857,36.79000037,1174,45.9528568814286,0.726484262440536,4.99228769931876,1.18774310136259,1.35295694368594,132.306854028571,8.97556968,86.10571289,51.6428565957143,38.0242854528571,45.2114285071429,1.06769890530095
474,2016,8,793,2016-08-13,2016-08-19,115.63,115.63,115.63,115.63,46.2814285714286,2.46803855028943,2.584,3.20242,148.212572485714,8.27505328,18774.5714285714,92.85571398,7575.28571428571,73.8757138942857,1235.28571428571,36.6071434014286,1189,46.5414276114286,18492.8571428571,91.4628568371429,7452.57142857143,72.67999976,1206,35.7385722557143,1145,44.8171430328571,1.38368663211749,23.7101318643915,1.30217016201384,1.36226093894089,133.399162971429,8.14652064,88.2014280042857,57.8700000214286,36.79000037,45.9528568814286,1.1227326357722
473,2016,8,794,2016-08-20,2016-08-26,94.51,94.51,111.74,111.74,48.6414285714286,0.671278098640363,2.871,3.2206,156.654584857143,9.2463426,26366,130.402857098571,23772.2857142857,231.828571864286,1343.71428571429,39.8214285714286,1108.71428571429,43.3971432285714,23931.7142857143,118.361427308571,21163.8571428571,206.391431535714,1313.28571428571,38.9185709271429,1087.42857142857,42.5642852785714,10.6841887921808,48.4283701128422,1.46913210618073,1.09170907171001,148.212572485714,8.27505328,91.4628568371429,72.67999976,35.7385722557143,44.8171430328571,2.46803855028943
472,2016,8,795,2016-08-27,2016-08-31,140.71,122.17,140.71,140.71,48.47,0.923904756996091,2.792,3.25076666666667,157.564660333333,9.07614053333333,23599,116.717999268,13534.2,131.985998536,1270.2,37.63999939,1081.4,42.32799988,22305,110.315998842,10952.6,106.808000184,1242.2,36.812000274,1059,41.451999666,3.64382128640743,9.6930275492633,2.94724781426359,0.741800617296402,156.654584857143,9.2463426,118.361427308571,206.391431535714,38.9185709271429,42.5642852785714,0.671278098640363
471,2016,9,796,2016-09-01,2016-09-02,140.71,122.17,140.71,140.71,48.8,1.21622366364076,2.792,3.24455,158.33404,9.0587836,21843.5,112.299999235,12537,105.060001375,1253,41.54000092,1092.5,56.73500061,21280,109.40499878,10635,89.11999893,1225,40.61499977,1075.5,55.84500122,0.374765731361341,6.15183223487183,1.83140667641044,0.403050653144555,157.564660333333,9.07614053333333,110.315998842,106.808000184,36.812000274,41.451999666,0.923904756996091
470,2016,9,797,2016-09-03,2016-09-09,147.87,127.83,147.87,147.87,46.4414285714286,0.904644102607051,2.797,3.243025,150.610713892857,9.070740925,21573.1428571429,110.909999301429,14242.1428571429,119.348572868571,1206.42857142857,39.9985716671429,1032,53.5885712757143,20900.1428571429,107.451429094286,12522.4285714286,104.93714142,1180.85714285714,39.14999989,1021.14285714286,53.02571433,2.30800399430804,13.0065579519929,2.22106608376136,1.70050899952706,158.33404,9.0587836,109.40499878,89.11999893,40.61499977,55.84500122,1.21622366364076
469,2016,9,798,2016-09-10,2016-09-16,148.26,135.69,148.26,148.26,47.4814285714286,1.20174080083043,2.948,3.30776,157.057170171429,9.75127648,19646,101.002855572857,9014.42857142857,75.5414287028571,1131,37.5000000014286,1053.57142857143,54.70999963,18850.8571428571,96.9142859314286,8687.85714285714,72.8028558985714,1104.85714285714,36.62857219,1031.57142857143,53.5671424857143,6.14353510228929,10.2945126983693,1.34478547988897,0.989608174085184,150.610713892857,9.070740925,107.451429094286,104.93714142,39.14999989,53.02571433,0.904644102607051
468,2016,9,799,2016-09-17,2016-09-23,145.5,145.5,145.5,145.5,45.6071428571429,0.359523494166031,2.955,3.23622,147.594747857143,9.5630301,16665.1428571429,85.6771425514286,6916.85714285714,57.9628568371429,1115.85714285714,36.9957144585714,981.285714285714,50.9557146342857,16167.1428571429,83.1171439028572,6531,54.7300000871429,1087.71428571429,36.0600002828571,970,50.3699994785714,2.45187337303496,6.4201110709189,1.27245195686716,2.02055271068809,157.057170171429,9.75127648,96.9142859314286,72.8028558985714,36.62857219,53.5671424857143,1.20174080083043
467,2016,9,800,2016-09-24,2016-09-30,155.22,155.22,155.22,155.22,45.9871428571429,0.894831721344119,2.906,3.23802,148.907288314286,9.40968612,15285,78.5814285285714,4551.71428571429,38.1414288114286,1130.57142857143,37.4828578414286,1196.42857142857,62.1299988871429,14988.1428571429,77.0542864114286,4050.28571428571,33.9414285928571,1100.85714285714,36.4971433371429,1174.28571428571,60.9785723014286,1.51343878609868,5.08401862200992,3.46909609132671,9.46022688166933,147.594747857143,9.5630301,83.1171439028572,54.7300000871429,36.0600002828571,50.3699994785714,0.359523494166031
466,2016,10,801,2016-10-01,2016-10-07,213.29,213.29,213.29,213.29,48.28,1.30019229347064,3.193,3.22628,155.7647984,10.30151204,15406.4285714286,66.15285819,4234.14285714286,31.2571424757143,1281.28571428571,38.9271425514286,1245.28571428571,62.6985718871429,15097.1428571429,64.8242863257143,3938.57142857143,29.0785710471429,1260.57142857143,38.2985703614286,1233.14285714286,62.0857151571429,3.44013938534216,4.86422103256112,2.9081056510996,5.5223666055908,148.907288314286,9.40968612,77.0542864114286,33.9414285928571,36.4971433371429,60.9785723014286,0.894831721344119
465,2016,10,802,2016-10-08,2016-10-14,214.32,214.32,214.32,214.32,50.3185714285714,0.681601754971643,3.285,3.2047,161.255925857143,10.5274395,17607.7142857143,75.60571507,6019.42857142857,44.4399997171429,1260.71428571429,38.3014292028571,1091,54.9285714285714,17115.8571428571,73.4942855828571,5669,41.8542856485714,1239.71428571429,37.6628576014286,1077.57142857143,54.2542860842857,3.3640451791381,11.7256976688833,3.20810295872811,0.603624556876033,155.7647984,10.30151204,64.8242863257143,29.0785710471429,38.2985703614286,62.0857151571429,1.30019229347064
464,2016,10,803,2016-10-15,2016-10-21,193.41,193.41,193.41,193.41,49.7814285714286,0.969388614393201,2.993,3.1761,158.110795285714,9.5060673,21140.8571428571,90.7785709928571,20371.8571428571,150.401427132857,1380.14285714286,41.9314286357143,947.571428571429,47.7071429657143,20492.2857142857,87.9928567057143,16538.4285714286,122.099999564286,1354.57142857143,41.1542865214286,931.142857142857,46.8814277657143,2.02352557364916,64.8809618633757,3.34324558060347,3.05297936284656,161.255925857143,10.5274395,73.4942855828571,41.8542856485714,37.6628576014286,54.2542860842857,0.681601754971643
463,2016,10,804,2016-10-22,2016-10-28,165.81,165.81,165.81,165.81,49.9271428571428,1.03387159560114,3.105,3.13874,156.708320371429,9.7457877,22599.7142857143,97.0414287042857,19129,141.224284581429,1471.14285714286,44.6957141342857,1010.14285714286,50.8614283971429,22004.5714285714,94.4885711671429,15842.4285714286,116.961426871429,1445,43.9014287685714,967.142857142857,48.69285747,7.20831350222893,14.3608304382577,1.77006982795168,3.83860077188414,158.110795285714,9.5060673,87.9928567057143,122.099999564286,41.1542865214286,46.8814277657143,0.969388614393201
462,2016,10,805,2016-10-29,2016-10-31,232.85,232.85,232.85,232.85,48.63,0.73993242934783,2.767,3.1805,154.667715,8.8004435,25821,110.87666575,13353.6666666667,98.58999888,1193,36.2433331833333,1050.66666666667,52.8966662066667,24660,105.88999939,12322.3333333333,90.9766667666667,1166.66666666667,35.4433326733333,1014.33333333333,51.0699996933333,6.37473159728397,10.2366499288801,2.12937539389728,0.298664015912866,156.708320371429,9.7457877,94.4885711671429,116.961426871429,43.9014287685714,48.69285747,1.03387159560114
461,2016,11,806,2016-11-01,2016-11-04,178.59,178.59,178.59,178.59,45.5,0.851156076560908,2.767,3.22646666666667,146.804233333333,8.92763326666667,22619.25,73.5949993125,10962.5,115.354999545,1185.25,22.0275001525,1076.25,35.0474996575,22028.5,71.6700000775,10284,108.21500206,1165.5,21.6574997875,1045,34.02999878,1.37508895574163,8.04636829092881,0.535062498265708,1.02306698627233,154.667715,8.8004435,105.88999939,90.9766667666667,35.4433326733333,51.0699996933333,0.73993242934783
460,2016,11,807,2016-11-05,2016-11-11,184.23,184.23,184.23,184.23,43.5442857142857,0.494666795021202,2.619,3.27514,142.613631914286,8.57759166,21838.7142857143,71.0557141971429,7614.28571428571,80.1242861071429,1258.71428571429,23.3928571414286,1083.85714285714,35.2971425742857,21288.2857142857,69.2642854971429,7107,74.78428541,1237.14285714286,22.9899997714286,1050.28571428571,34.2028574271429,2.14641477086213,6.18318956274816,1.75761199444016,1.39467751005846,146.804233333333,8.92763326666667,71.6700000775,108.21500206,21.6574997875,34.02999878,0.851156076560908
459,2016,11,808,2016-11-12,2016-11-18,169.9,169.9,169.9,169.9,43.48,1.28071594560755,2.843,3.41435,148.455938,9.70699705,28112.7142857143,91.4685712542857,6684.14285714286,70.3342862814286,1709,31.7599991371429,1406.71428571429,45.8099997385714,27202.2857142857,88.5057133271429,6443.42857142857,67.8042858642857,1688.28571428571,31.3742861085714,1372.85714285714,44.7100007214286,12.242682949251,2.91767057241469,5.01016259142548,9.78045149307368,142.613631914286,8.57759166,69.2642854971429,74.78428541,22.9899997714286,34.2028574271429,0.494666795021202
458,2016,11,809,2016-11-19,2016-11-25,153.48,153.48,153.48,153.48,45.5357142857143,0.840849910167249,3.085,3.38312,154.052785714286,10.4369252,32240.4285714286,104.900001525714,4784.42857142857,50.34571457,2629.85714285714,48.8728566857143,2272.57142857143,74.007142201428593,31369.1428571429,102.062856402857,4035.42857142857,42.4657140457143,2624.14285714286,48.7671427042857,2238.42857142857,72.8957127142857,2.04780944559234,7.58945504119779,4.73602739044429,4.4701665594567,148.455938,9.70699705,88.5057133271429,67.8042858642857,31.3742861085714,44.7100007214286,1.28071594560755
457,2016,11,810,2016-11-26,2016-12-02,142.85,142.85,142.85,142.85,46.3357142857143,1.26974875655061,3.436,3.4201,158.472776428571,11.7514636,29772.1428571429,87.4271420057143,5295,60.1242861085714,3954.57142857143,62.1671425942857,2166.71428571429,61.24571446,29213.7142857143,85.8457151128572,4406.42857142857,50.0585724957143,3938.85714285714,61.9299997614286,2133.71428571429,60.3057158314286,16.9911142859966,11.6024034322049,13.0991632848998,16.6439936141197,154.052785714286,10.4369252,102.062856402857,42.4657140457143,48.7671427042857,72.8957127142857,0.840849910167249
456,2016,12,811,2016-12-03,2016-12-09,101.99,101.99,101.99,101.99,51.7714285714286,1.73828870417051,3.746,3.41366,176.730054857143,12.78757036,31583.4285714286,67.32857132,6668.14285714286,87.9628568371429,4989.71428571429,49.9728578842857,2189.85714285714,37.6628576014286,30581.7142857143,65.1957146785714,6000.85714285714,79.1614281785714,4971.14285714286,49.7871431628571,2161.42857142857,37.17428589,3.12096570033423,11.7082928045764,1.28241612641796,1.46088803684816,158.472776428571,11.7514636,85.8457151128572,50.0585724957143,61.9299997614286,60.3057158314286,1.26974875655061
455,2016,12,812,2016-12-10,2016-12-16,121.56,121.56,121.56,121.56,52.77,0.877040477971246,3.415,3.35304,176.9399208,11.4506316,40025.4285714286,85.3271440771429,7445.42857142857,98.2157134985714,5420.42857142857,54.28428541,2661.14285714286,45.77142879,37486.4285714286,79.9142859314286,7203,95.0185710342857,5415.14285714286,54.2314284185714,2632.42857142857,45.27571433,6.55165871863491,11.6062256679882,1.15046964322924,3.79519300028414,176.730054857143,12.78757036,65.1957146785714,79.1614281785714,49.7871431628571,37.17428589,1.73828870417051
454,2016,12,813,2016-12-17,2016-12-23,142.93,142.93,142.93,142.93,53.5257142857143,1.01628173821437,3.662,3.33258,178.378724914286,12.20390796,42366.8571428571,90.3171430328571,7016.28571428571,92.5557141971429,5361.14285714286,53.6914285957143,3440.28571428571,59.1714286814286,40621.1428571429,86.5971439928571,6735,88.8428573614286,5357.42857142857,53.6542859771429,3399.71428571429,58.4742856714286,2.13201432077725,11.6681241572286,1.23854567127462,2.59675373065243,176.9399208,11.4506316,79.9142859314286,95.0185710342857,54.2314284185714,45.27571433,0.877040477971246
453,2016,12,814,2016-12-24,2016-12-30,113.62,113.62,113.62,113.62,53.96,0.561634519357007,3.724,3.26806,176.3445176,12.17025544,35841.2857142857,76.4071426385714,8381.85714285714,110.568570818571,6743.14285714286,67.5328581671429,3573.57142857143,61.4628579285714,35020.2857142857,74.6557126728571,8002.28571428571,105.560000828571,6724.42857142857,67.3442851457143,3534.85714285714,60.7971425728571,4.70043272195601,10.9930859207658,8.7433148669703,2.6157830430223,178.378724914286,12.20390796,86.5971439928571,88.8428573614286,53.6542859771429,58.4742856714286,1.01628173821437
452,2016,12,815,2016-12-31,2017-01-06,140.86,140.86,140.86,140.86,54.7857142857143,0.411819424135209,3.285,3.237,177.341357142857,10.633545,33061.4285714286,54.1257138942857,13733.7142857143,181.15285601,7742.42857142857,59.3771433142857,3073.14285714286,33.8542856485714,31990.1428571429,52.4042848857143,13116.2857142857,173.008573258571,7716.57142857143,59.1814286371429,3046.14285714286,33.5585711342857,6.89069382955117,22.2922119600194,12.786029454669,8.80109861548551,176.3445176,12.17025544,74.6557126728571,105.560000828571,67.3442851457143,60.7971425728571,0.561634519357007
451,2017,1,816,2017-01-07,2017-01-13,101.24,101.24,124.05,101.24,54.2657142857143,1.00041419993342,3.419,3.19668,173.470123542857,10.92944892,35249.2857142857,54.85428674,18420.4285714286,242.970005581429,4055.42857142857,29.3642861514286,3216,32.03571456,34577.4285714286,53.8085714071429,16871.2857142857,222.535714285714,4029.42857142857,29.1742853428571,3189,31.7657146442857,1.97898481678775,24.3505079287344,5.50620774959595,1.19739855274482,177.341357142857,10.633545,52.4042848857143,173.008573258571,59.1814286371429,33.5585711342857,0.411819424135209
450,2017,1,817,2017-01-14,2017-01-20,128.5,128.5,135.09,128.5,54.2742857142857,0.426257244036901,3.204,3.21092,174.270389485714,10.28778768,44466.5714285714,69.1957157685714,10780,142.191428048571,2860.42857142857,20.7114285042857,4099.71428571429,40.8371434871429,42961.1428571429,66.8557156157143,10175.5714285714,134.22000231,2841.57142857143,20.5742860528571,4052.85714285714,40.3700005671429,5.45490871934271,21.9177080035872,0.591575546353166,3.93972524487872,173.470123542857,10.92944892,53.8085714071429,222.535714285714,29.1742853428571,31.7657146442857,1.00041419993342
449,2017,1,818,2017-01-21,2017-01-27,129.9,129.9,138.94,129.9,54.3614285714286,0.661826477043003,3.391,3.16626,172.122416828571,10.73678766,54374.4285714286,84.6157128471429,7118.42857142857,93.8928571428572,2732,19.7814284728571,5286,52.6528576457143,52745.5714285714,82.07999965,6603.28571428571,87.0985717771429,2714.71428571429,19.6557143085714,5213.28571428571,51.9285708828571,2.49220076351659,6.83501740791583,0.616815603340282,3.25997694259681,174.270389485714,10.28778768,66.8557156157143,134.22000231,20.5742860528571,40.3700005671429,0.426257244036901
448,2017,1,819,2017-01-28,2017-02-03,100.64,100.64,171.33,100.64,55.1557142857143,0.562727202791987,3.063,3.1294400000000002,172.606498514286,9.58547472,55560,84.0157143714286,7549.28571428571,94.7742865428571,3986.14285714286,28.171428680000002,6181.28571428571,53.6614287257143,53574.4285714286,81.0128588,7096.14285714286,89.1428560528571,3964.42857142857,28.0171427042857,5468.28571428571,47.5657152457143,5.24853270269388,1.93986049515517,4.1592694832713,7.97094945685655,172.122416828571,10.73678766,82.07999965,87.0985717771429,19.6557143085714,51.9285708828571,0.661826477043003
447,2017,2,820,2017-02-04,2017-02-10,111.91,111.91,171.33,111.91,54.9528571428571,0.966397335222479,3.034,3.12094,171.504569971429,9.46893196,53932.4285714286,78.2585721714286,7386,87.3242852342857,4378.57142857143,30.1557143085714,7030.71428571429,50.4885711671429,52252.2857142857,75.8214285714286,6907,81.6614292671429,4357.42857142857,30.0114288342857,5932.57142857143,42.6028573171429,2.15133558816145,7.40265626946375,1.65818565967093,4.41103853276804,172.606498514286,9.58547472,81.0128588,89.1428560528571,28.0171427042857,47.5657152457143,0.562727202791987
446,2017,2,821,2017-02-11,2017-02-17,120.97,120.97,159.77,120.97,54.6057142857143,0.45445414667354,2.834,3.08776,168.609340342857,8.75071184,53285.2857142857,77.3185697285714,10701.4285714286,126.524285452857,4457.42857142857,30.6985716157143,11691.4285714286,83.9557146342857,51413,74.6042861942857,10296,121.729998998571,4427.71428571429,30.4957141885714,10315.2857142857,74.07428469,1.75268263593259,29.7616531048811,0.852933801450987,8.90093927479056,171.504569971429,9.46893196,75.8214285714286,81.6614292671429,30.0114288342857,42.6028573171429,0.966397335222479
445,2017,2,822,2017-02-18,2017-02-24,132.38,132.38,148.93,33.68,55.1485714285714,0.882240114168673,2.627,3.08626,170.202830057143,8.10760502,44099,63.9914289214286,8890,105.10714177,5159.14285714286,35.5342862271429,13865.5714285714,99.5714296614286,41208.4285714286,59.7957142428571,8364.14285714286,98.8899982985714,5145,35.4371433242857,11820.7142857143,84.8842849728571,5.41149653514342,17.3023283548805,4.88423940563994,2.07099639725667,168.609340342857,8.75071184,74.6042861942857,121.729998998571,30.4957141885714,74.07428469,0.45445414667354
444,2017,2,823,2017-02-25,2017-03-03,184.49,184.49,184.49,33.68,54.6071428571429,0.985794337673972,2.827,3.11533333333333,170.119452380952,8.80704733333333,42046.7142857143,61.8271429871429,6910.85714285714,88.2900009157143,6204.71428571429,42.9300003057143,13843.4285714286,92.2942853671428,37981.8571428571,55.8457151142857,6560.71428571429,83.75,6194.85714285714,42.8614283957143,11437.5714285714,76.3057141985714,3.66557377203741,11.4736348275284,2.97528358509481,8.88136181046931,170.202830057143,8.10760502,59.7957142428571,98.8899982985714,35.4371433242857,84.8842849728571,0.882240114168673
443,2017,3,824,2017-03-04,2017-03-10,185.06,185.06,185.06,33.68,54.3228571428572,0.518064162232321,3.008,3.14202,170.6835036,9.45119616,49555.4285714286,74.0371420714286,7526.42857142857,104.881429401429,3910.71428571429,27.2428572528571,13700.2857142857,81.7714287885714,42862.1428571429,64.0371442528571,7331.85714285714,102.171429227143,3883.71428571429,27.0557147428571,10947.7142857143,65.3414279414286,1.53061839486365,6.03992267883996,4.57761160707928,1.4688482098069,170.119452380952,8.80704733333333,55.8457151142857,83.75,42.8614283957143,76.3057141985714,0.985794337673972
442,2017,3,825,2017-03-11,2017-03-17,238.55,238.55,241.65,33.68,50.1871428571429,0.467465303015964,2.948,3.13868,157.521381542857,9.25282864,46405.8571428571,69.3314296185714,7456.42857142857,103.908571515714,3288,22.9042854314286,14147.5714285714,84.4414291385714,39482,58.9871428357143,7174.71428571429,99.9814300528571,3264.85714285714,22.7442858557143,8515.85714285714,50.8285718642857,2.56198958235889,10.4803378379447,1.85031418672109,10.6237503919254,170.6835036,9.45119616,64.0371442528571,102.171429227143,27.0557147428571,65.3414279414286,0.518064162232321
441,2017,3,826,2017-03-18,2017-03-24,219.1,219.1,386.46,33.68,50.3314285714286,0.410626698734919,3.076,3.10204,156.130104685714,9.54187504,44692.1428571429,66.7699988214286,4993.28571428571,69.5828563157143,3368.57142857143,23.4671423771429,15016.8571428571,89.6285694657143,39178,58.5328576228571,4904.14285714286,68.3400017871429,3342.42857142857,23.28428568,6630.57142857143,39.5742852357143,2.03597391035006,10.2735651745342,2.98719377206636,4.41654064696737,157.521381542857,9.25282864,58.9871428357143,99.9814300528571,22.7442858557143,50.8285718642857,0.467465303015964
440,2017,3,827,2017-03-25,2017-03-31,235.67,235.67,365.35,33.68,50.4542857142857,0.500061900930694,3.19,3.13378,158.112631485714,9.9967582,42452.4285714286,63.4257147657143,3668.85714285714,51.12714168,2533.57142857143,17.6514284942857,13961.5714285714,83.3299996514286,38310.7142857143,57.23571396,3343.57142857143,46.5942862371429,2511.57142857143,17.4985711242857,6633.14285714286,39.5885715514286,0.523348982394737,5.45674440285918,0.383120037977954,7.92627603047552,156.130104685714,9.54187504,58.5328576228571,68.3400017871429,23.28428568,39.5742852357143,0.410626698734919
439,2017,4,828,2017-04-01,2017-04-07,426.1,426.1,430.14,33.68,52.5857142857143,0.580972091780296,3.261,3.11506,163.807655142857,10.15821066,40282.8571428571,75.9385702971429,4246.57142857143,63.7228562471429,3072.71428571429,26.2142857142857,14322.4285714286,83.0600008314286,36190.8571428571,68.2228567928571,3978,59.6942863471429,3059.71428571429,26.10142844,5846.42857142857,33.9057140371429,1.51938300571548,22.9323119258243,1.57713265661216,5.314850371802,158.112631485714,9.9967582,57.23571396,46.5942862371429,17.4985711242857,39.5885715514286,0.500061900930694
438,2017,4,829,2017-04-08,2017-04-14,356.68,356.68,356.68,33.68,54.5214285714286,0.442584401419535,3.227,3.138525,171.116866607143,10.128020175,40462.1428571429,76.2757143285714,5459.28571428571,81.9228570114286,3250.42857142857,27.7300000857143,14765.1428571429,85.6257149842857,35449.5714285714,66.8257162914286,5137.14285714286,77.0900001542857,3231,27.5657141571429,6767.42857142857,39.2442858585714,0.663999473535467,9.34847775402687,0.506650723026463,5.4475617824387,163.807655142857,10.15821066,68.2228567928571,59.6942863471429,26.10142844,33.9057140371429,0.580972091780296
437,2017,4,830,2017-04-15,2017-04-21,350.66,350.66,350.66,33.68,53.66,1.22490815982264,3.101,3.117925,167.3078555,9.668685425,38047.2857142857,71.7242856714286,3908.28571428571,58.6471432285714,2969.85714285714,25.3385715485714,12304.7142857143,71.3585717328571,34460.1428571429,64.9642862614286,3714,55.7328572957143,2946.42857142857,25.1342857885714,6029.42857142857,34.9657140471429,1.4956265288595,3.08210296974952,2.34187161697348,7.31744215546505,171.116866607143,10.128020175,66.8257162914286,77.0900001542857,27.5657141571429,39.2442858585714,0.442584401419535
436,2017,4,831,2017-04-22,2017-04-28,331.01,331.01,331.01,33.68,49.7457142857143,0.480758329546362,3.276,3.16784,157.586463542857,10.37784384,37238.1428571429,70.1985713414286,7705.28571428571,115.624283928571,2122.28571428571,18.1057145242857,10582.2857142857,61.3714278071429,33875.2857142857,63.85999952,6939.28571428571,104.13142722142901,2093.71428571429,17.8614285342857,5992.85714285714,34.75428554,1.62611919552939,63.8044519321473,1.55428858467095,4.91905071115087,167.3078555,9.668685425,64.9642862614286,55.7328572957143,25.1342857885714,34.9657140471429,1.22490815982264
435,2017,4,832,2017-04-29,2017-05-05,448.58,448.58,448.58,33.68,49.5971428571429,0.595530975564562,3.266,3.168325,157.139867642857,10.34774945,37792,89.4757145471429,6223,79.8542861928571,1772,22.0314286071429,9599.42857142857,74.5785713185714,34021.5714285714,80.6528581885714,5747.71428571429,73.5128571642857,1746.14285714286,21.7185713885714,4846.71428571429,37.9157142657143,9.96354867336241,27.9665182489678,4.31600279674159,11.3909057230741,157.586463542857,10.37784384,63.85999952,104.13142722142901,17.8614285342857,34.75428554,0.480758329546362
434,2017,5,833,2017-05-06,2017-05-12,463.69,463.69,463.69,33.68,47.2014285714286,0.532116170631954,3.424,3.1644,149.364200571429,10.8349056,33969.2857142857,87.4214292257143,4134,47.4442858,1646.42857142857,23.18142891,8259.71428571429,70.9571424214286,31787.7142857143,81.8099997385714,3905.57142857143,44.8228569028571,1621.85714285714,22.8357146128571,5744.85714285714,49.3500001085714,2.50602774877698,4.3102884321846,0.22515609341096,5.96198442018837,157.139867642857,10.34774945,80.6528581885714,73.5128571642857,21.7185713885714,37.9157142657143,0.595530975564562
433,2017,5,834,2017-05-13,2017-05-19,477.5,477.5,477.5,145.62,50.7171428571429,1.10096494473002,3.256,3.19242,161.9104212,10.39451952,31458.7142857143,80.9600001757143,7187.28571428571,82.4885711685714,1637.14285714286,23.0514292042857,7034.42857142857,60.4299997614286,29552.7142857143,76.0557131057143,6535.57142857143,75.0085705357143,1607.42857142857,22.6328571857143,5493.14285714286,47.1899991714286,3.28342214668335,48.2581776857983,0.172116026868862,1.59295310565054,149.364200571429,10.8349056,81.8099997385714,44.8228569028571,22.8357146128571,49.3500001085714,0.532116170631954
432,2017,5,835,2017-05-20,2017-05-26,478.01,478.01,478.01,476.01,52.98,0.593155404032853,3.236,3.27108,173.3018184,10.58521488,48831.4285714286,125.672854834286,19197.8571428571,220.329997472857,1695.85714285714,23.8800002514286,5847,50.2314289628571,42342,108.971430098571,16716.5714285714,191.852857317143,1550.85714285714,21.8385712742857,4866.71428571429,41.8085719514286,11.4661446126509,16.1248964539366,1.88997712502027,1.11415741278242,161.9104212,10.39451952,76.0557131057143,75.0085705357143,22.6328571857143,47.1899991714286,1.10096494473002
431,2017,5,836,2017-05-27,2017-06-02,118.77,118.77,157.33,118.77,51.1842857142857,1.10154220894869,2.999,3.24966,166.331525914286,9.74573034,42322.7142857143,114.905713762857,46003.2857142857,494.481423514286,1603.71428571429,26.2700001842857,4810.71428571429,51.44571468,37990.4285714286,103.285714285714,22832.5714285714,244.704284667143,1397,22.9785712085714,4238.28571428571,45.3485717771429,6.3982488305475,36.8656025847248,7.68531836823832,14.4556397955935,173.3018184,10.58521488,108.971430098571,191.852857317143,21.8385712742857,41.8085719514286,0.593155404032853
430,2017,6,837,2017-06-03,2017-06-09,103.07,33.68,127.6,103.07,48.3814285714286,0.999740442505056,3.039,3.27864,158.625286971429,9.96378696,37325.8571428571,117.018572125714,51867.8571428571,489.745710101429,1960.42857142857,41.7871420714286,4400.71428571429,71.5099999557143,29290.2857142857,91.8271429885714,21347.2857142857,201.567139762857,1776.71428571429,37.8728572314286,3844,62.4657140442857,8.0130537087578,55.5401871483955,0.969582878510122,2.3460165869015,166.331525914286,9.74573034,103.285714285714,244.704284667143,22.9785712085714,45.3485717771429,1.10154220894869
429,2017,6,838,2017-06-10,2017-06-16,93.9,33.68,123.25,93.9,46.6671428571428,0.613017517034624,3.037,3.29745,153.882570214286,10.01435565,39491.4285714286,123.810000828571,29015.8571428571,273.972861152857,1643.57142857143,35.0328576228571,3796.85714285714,61.69714301,30413.4285714286,95.34857287,16789.8571428571,158.531427657143,1462.42857142857,31.1700000757143,3338.28571428571,54.24857167,4.91103967707675,39.6448579339055,3.81955054033871,4.31341818794807,158.625286971429,9.96378696,91.8271429885714,201.567139762857,37.8728572314286,62.4657140442857,0.999740442505056
428,2017,6,839,2017-06-17,2017-06-23,140.18,87,140.18,140.18,45.1071428571429,0.888514008250392,2.929,3.32082,149.792702142857,9.72668178,31654.4285714286,99.2400000414286,15587.8571428571,147.18285588,1288.42857142857,27.4628568385714,3315,53.8714294428571,28541.1428571429,89.47857121,10519.7142857143,99.3285707757143,1108,23.6171428128571,2911.57142857143,47.3128569471429,4.79035741082277,20.33878820672,1.25513255038222,1.78837729688002,153.882570214286,10.01435565,95.34857287,158.531427657143,31.1700000757143,54.24857167,0.613017517034624
427,2017,6,840,2017-06-24,2017-06-30,160.62,91.44,178.85,178.85,45.0814285714286,1.11663823702283,3.035,3.30668,149.069858228571,10.0357738,26387.8571428571,82.7299989985714,9033.14285714286,85.2928564885714,1177,25.0885715485714,3019.57142857143,49.0700002414286,24884.4285714286,78.0157154642857,8247.28571428571,77.8728566857143,992.571428571429,21.16000012,2643.42857142857,42.9542857571429,2.23711021487167,12.2214837235218,0.699237943407242,0.579334750181776,149.792702142857,9.72668178,89.47857121,99.3285707757143,23.6171428128571,47.3128569471429,0.888514008250392
426,2017,7,841,2017-07-01,2017-07-07,233.32,233.32,233.32,233.32,48.32,1.03804303057934,2.864,3.30374,159.6367168,9.46191136,23108.2857142857,91.5728574485714,5867.42857142857,52.6414282657143,1282.57142857143,33.1442852014286,2737.42857142857,71.8914282657143,22593.5714285714,89.5328576214286,5527.71428571429,49.5899996071429,1102.57142857143,28.49285698,2402.28571428571,63.08857182,2.23433577786954,4.11134692910994,0.841897251555417,1.67324588613116,149.069858228571,10.0357738,78.0157154642857,77.8728566857143,21.16000012,42.9542857571429,1.11663823702283
425,2017,7,842,2017-07-08,2017-07-14,253.45,253.45,253.45,253.45,46.89,0.728537347475459,2.98,3.22826,151.3731114,9.6202148,21046.5714285714,83.4014293128571,4586.28571428571,41.1442860171429,1321,34.1385716028571,2403.85714285714,63.1299994342857,20727.4285714286,82.13999939,4374,39.24142892,1134.71428571429,29.3228574485714,2212.14285714286,58.0928568142857,2.81082953135607,2.49809570488297,0.856654581547303,1.34984800311583,159.6367168,9.46191136,89.5328576214286,49.5899996071429,28.49285698,63.08857182,1.03804303057934
424,2017,7,843,2017-07-15,2017-07-21,266.98,266.98,266.98,266.98,47.8628571428571,0.245812549566305,2.97,3.153,150.911588571429,9.36441,19264.7142857143,76.3414295757143,3887.42857142857,34.8757144385714,1252.28571428571,32.3628567285714,2220.14285714286,58.3042858685714,18947,75.0828574042857,3723.28571428571,33.4042857,1071.57142857143,27.69285665,2066,54.2557133257143,1.88311402983245,1.93121667966215,1.36107455783158,3.03857293772307,151.3731114,9.6202148,82.13999939,39.24142892,29.3228574485714,58.0928568142857,0.728537347475459
423,2017,7,844,2017-07-22,2017-07-28,269.76,269.76,269.76,269.76,48.5842857142857,0.949874678450795,2.941,3.15224,153.1493288,9.27073784,18114,71.7800009614286,3322,29.8042861414286,1240,32.0471433928571,2028.14285714286,53.2614288342857,17585.1428571429,69.6857147214286,3198.28571428571,28.6928571971429,1058.28571428571,27.3514287114286,1900.28571428571,49.9057143085714,1.60672302446819,1.47571127731537,1.7687985419435,1.44047229159701,150.911588571429,9.36441,75.0828574042857,33.4042857,27.69285665,54.2557133257143,0.245812549566305
422,2017,7,845,2017-07-29,2017-08-04,514.66,514.66,514.66,514.66,51.4685714285714,0.686304805254283,2.774,3.12246,160.708555542857,8.66170404,16876.8571428571,76.2342856271429,3239.42857142857,30.5971426271429,1235.14285714286,34.5699996942857,1869.14285714286,61.1685720171428,16436.5714285714,74.2042857585714,3164.57142857143,29.8885710571429,1060,29.6700000757143,1751,57.2971431185714,7.08785065208439,5.29356634660822,2.07107849797321,10.4157462451779,153.1493288,9.27073784,69.6857147214286,28.6928571971429,27.3514287114286,49.9057143085714,0.949874678450795
421,2017,8,846,2017-08-05,2017-08-11,533.82,533.82,533.82,533.82,52.1028571428571,0.531341518726743,2.983,3.14518,163.872864228571,9.38207194,15954.2857142857,78.9085693357143,3620.28571428571,35.3057141985714,1205,35.7100001742857,1737.42857142857,65.3328574042857,15497.8571428571,76.6499993471429,3535.14285714286,34.4742853971429,1023.85714285714,30.3414293014286,1662.42857142857,62.5114282857143,1.86416972893194,4.73346514833841,1.75047126806328,1.20431666497375,160.708555542857,8.66170404,74.2042857585714,29.8885710571429,29.6700000757143,57.2971431185714,0.686304805254283
420,2017,8,847,2017-08-12,2017-08-18,521.83,521.83,521.83,521.83,50.9757142857143,0.975121482053653,2.893,3.17522,161.859107514286,9.18591146,16147.8571428571,79.8671428128572,5507.85714285714,53.7128573828571,1180.28571428571,34.9771423328571,1556.14285714286,58.5157138271429,15708.8571428571,77.6942847114286,5253,51.2285723,1000,29.6357143914286,1508.28571428571,56.7171434685714,2.33607121599407,11.5081177420804,1.9953854167604,1.77502789793174,163.872864228571,9.38207194,76.6499993471429,34.4742853971429,30.3414293014286,62.5114282857143,0.531341518726743
419,2017,8,848,2017-08-19,2017-08-25,505.61,505.61,505.61,505.61,51.7285714285714,0.763138881450001,2.892,3.14774,162.828093428571,9.10326408,19401.7142857143,95.9571435128571,7797.57142857143,76.0414297928571,1240.71428571429,36.7685710357143,1390.85714285714,52.3014286571429,19069.4285714286,94.3128574928571,7651.71428571429,74.6199994771429,1058.42857142857,31.3657142085714,1362.28571428571,51.2257145485714,6.6860967648345,17.5586143418116,0.248385055624382,2.07654277486847,161.859107514286,9.18591146,77.6942847114286,51.2285723,29.6357143914286,56.7171434685714,0.975121482053653
418,2017,8,849,2017-08-26,2017-09-01,449.04,449.04,449.04,449.04,51.79,0.117046999107353,3.07,3.1534,163.314586,9.680938,17739.5714285714,88.1799992128572,4826,46.3214291185714,1166.85714285714,35.1528571014286,1305.42857142857,51.3357146128571,17243.7142857143,85.71571568,4641.28571428571,44.5799993771429,990.714285714286,29.85142817,1279.42857142857,50.3057141985714,7.48408034887029,9.88327827852347,1.34545387132129,5.70176465066086,162.828093428571,9.10326408,94.3128574928571,74.6199994771429,31.3657142085714,51.2257145485714,0.763138881450001
417,2017,9,850,2017-09-02,2017-09-08,494.46,494.46,494.46,494.46,53.2542857142857,0.703582668510278,2.89,3.115225,165.899082214286,9.00300025,14262.1428571429,73.3228563585714,3033.42857142857,25.4200003485714,1078.85714285714,35.7685715828571,1244,61.8285718642857,13856,71.2342867171429,2857.85714285714,23.9485713428571,918.285714285714,30.4442855285714,1232,61.2314289642857,4.07847452906185,2.39959317521994,1.58986246279985,1.0286958102571,163.314586,9.680938,85.71571568,44.5799993771429,29.85142817,50.3057141985714,0.117046999107353
416,2017,9,851,2017-09-09,2017-09-15,533.82,533.82,533.82,533.82,54.6785714285714,0.538900998064018,3.024,3.11836,170.50747,9.42992064,12780.2857142857,65.7057135457143,2496.57142857143,20.9214289542857,1061,35.1771430957143,1181.42857142857,58.7185718014286,12275.5714285714,63.1100000657143,2334.85714285714,19.5628572185714,899.142857142857,29.8085714057143,1177.71428571429,58.5328581685714,2.17749169279737,1.01752489587191,0.838360494420685,1.21171651310046,165.899082214286,9.00300025,71.2342867171429,23.9485713428571,30.4442855285714,61.2314289642857,0.703582668510278
415,2017,9,852,2017-09-16,2017-09-22,533.82,533.82,533.82,533.82,56.3285714285714,0.641233929530898,2.959,3.1289,176.246467142857,9.2584151,12261.7142857143,63.0400003685714,3221.71428571429,26.9971430642857,948.857142857143,31.4571429657143,1201.14285714286,59.6957146785714,11663,59.9614285071429,2723.85714285714,22.8242860514286,802.714285714286,26.6128567285714,1176.57142857143,58.47714288,0.964199882888635,4.94838652041158,1.7924998872486,0.770080813427248,170.50747,9.42992064,63.1100000657143,19.5628572185714,29.8085714057143,58.5328581685714,0.538900998064018
414,2017,9,853,2017-09-23,2017-09-29,533.82,533.82,533.82,533.82,59.0014285714286,0.808773321589802,3.007,3.17078,187.080549685714,9.53453546,11608.4285714286,59.6814286342857,2059.42857142857,17.2585713528571,997.714285714286,33.0799999228571,1137.71428571429,56.5428570328571,11070.2857142857,56.9142859328571,1815.14285714286,15.21285711,858.142857142857,28.4499996728571,1122.71428571429,55.7985719957143,0.524876610304271,1.10385229631339,3.85410122690539,1.62042618339706,176.246467142857,9.2584151,59.9614285071429,22.8242860514286,26.6128567285714,58.47714288,0.641233929530898
413,2017,9,854,2017-09-30,2017-10-06,533.82,533.82,533.82,533.82,56.4857142857143,1.11621170546981,2.863,3.14848,177.844141714286,9.01409824,14396.8571428571,63.2557144157143,3919.14285714286,29.3557139814286,937.714285714286,28.8771427714286,1059.42857142857,51.4957133685714,13863.1428571429,60.89999989,3682.42857142857,27.5628569457143,806.857142857143,24.8485715057143,1054,51.2299989957143,6.70412509046498,3.05720280881695,1.7432389841151,4.03572355266901,187.080549685714,9.53453546,56.9142859328571,15.21285711,28.4499996728571,55.7985719957143,0.808773321589802
412,2017,10,855,2017-10-07,2017-10-13,533.82,533.82,533.82,533.82,56.0771428571429,0.729193945067735,3,3.16615,177.548645857143,9.49845,16852.2857142857,72.3628561828571,11002.2857142857,81.2285701214286,838.857142857143,25.4842856271429,1001.71428571429,48.4842850814286,16172.4285714286,69.4442858014286,9910.14285714286,73.16571481,709.571428571429,21.5585714071429,996.571428571429,48.2357139585714,1.30812692837007,31.0918197783453,2.31453684175543,0.763301055978565,177.844141714286,9.01409824,60.89999989,27.5628569457143,24.8485715057143,51.2299989957143,1.11621170546981
411,2017,10,856,2017-10-14,2017-10-20,533.82,533.82,533.82,533.82,57.3257142857143,0.633820614548977,2.915,3.1717,181.819968,9.2455055,14133,60.6857152657143,12473.4285714286,92.0885701857143,866.285714285714,26.3185713628571,989.142857142857,47.8771427714286,13417.7142857143,57.6157133928571,11566.5714285714,85.39428602,739.285714285714,22.4585712971429,980.857142857143,47.4757145485714,4.71703601645522,24.1626441040802,1.31256001409835,1.40646014984146,177.548645857143,9.49845,69.4442858014286,73.16571481,21.5585714071429,48.2357139585714,0.729193945067735
410,2017,10,857,2017-10-21,2017-10-27,533.82,533.82,533.82,533.82,57.8885714285714,0.259321458903637,2.752,3.2415,187.645804285714,8.920608,13923.2857142857,59.7842859528571,12759.1428571429,94.1985713414286,824.571428571429,25.0514283842857,1060.71428571429,51.3428568157143,13310.7142857143,57.1557143085714,12111.4285714286,89.4157148071429,692.571428571429,21.0414287014286,1060.28571428571,51.3228569028571,4.01068160163879,12.7395755323472,0.966926851963455,2.32583820796379,181.819968,9.2455055,57.6157133928571,85.39428602,22.4585712971429,47.4757145485714,0.633820614548977
409,2017,10,858,2017-10-28,2017-11-03,533.82,533.82,533.82,533.82,60.5542857142857,0.902290735532028,2.984,3.2737,198.236565142857,9.7687208,26369.4285714286,99.08857182,15107.8571428571,131.964283537143,807,20.4514286857143,1270.85714285714,51.83285795,25771.7142857143,96.7685721271429,14298,125.007144382857,668.714285714286,16.9642857142857,1267.42857142857,51.7000002185714,15.6468201821036,32.3231031679206,4.5269150972668,8.88094139468337,187.645804285714,8.920608,57.1557143085714,89.4157148071429,21.0414287014286,51.3228569028571,0.259321458903637
408,2017,11,859,2017-11-04,2017-11-10,483.21,483.21,483.21,483.21,63.3471428571429,1.54830783207222,3.213,3.26478,206.814485057143,10.48973814,31601,102.81714303,14969.1428571429,157.515714372857,813.285714285714,15.1128571371429,1535.57142857143,48.5400003714286,31173,101.425713674286,13937,146.657144818571,677,12.5814285271429,1533.42857142857,48.47428567,3.0352102012474,26.76694015662,1.91396140284891,3.89772454841351,198.236565142857,9.7687208,96.7685721271429,125.007144382857,16.9642857142857,51.7000002185714,0.902290735532028
407,2017,11,860,2017-11-11,2017-11-17,481.66,481.66,481.66,481.66,62.5414285714286,1.54792795451886,3.097,3.281975,205.259405035714,10.164276575,29149.5714285714,94.8457151142857,9995.28571428571,105.178572517143,1244.42857142857,23.1242861057143,1911.14285714286,60.4142859314286,28975.8571428571,94.2771421142857,9427.57142857143,99.2042868485714,1122.85714285714,20.8657144828571,1887.85714285714,59.6771430985714,3.89381829797485,16.3503609059593,2.83617636612514,2.6453836366837,206.814485057143,10.48973814,101.425713674286,146.657144818571,12.5814285271429,48.47428567,1.54830783207222
406,2017,11,861,2017-11-18,2017-11-24,449.83,449.83,449.83,449.83,61.8114285714286,0.6749673713456,2.813,3.24814,200.7721736,9.13701782,29484.1428571429,95.9314270028571,11863.1428571429,124.832860674286,2040.14285714286,37.9157131742857,2076.71428571429,65.6499998914286,28944.7142857143,94.1771425528571,11249.5714285714,118.375713892857,1923.28571428571,35.7414281014286,2046.42857142857,64.6914285914286,8.21890656822041,5.47127038918472,3.8028736931144,1.80851114968035,205.259405035714,10.164276575,94.2771421142857,99.2042868485714,20.8657144828571,59.6771430985714,1.54792795451886
405,2017,11,862,2017-11-25,2017-12-01,208.53,208.52,208.53,208.53,63.4585714285714,0.19878200551008,3.061,3.23616,205.362090514286,9.90588576,37198.1428571429,114.654284884286,9316.85714285714,100.862857274286,2941.14285714286,50.5028572085714,2137.28571428571,63.06714303,36435.2857142857,112.324286325714,9007.14285714286,97.5600008285714,2816.14285714286,48.3371429442857,2103,62.02714157,13.8830394709441,9.36808347394524,10.0292553641969,11.5834352593338,200.7721736,9.13701782,94.1771425528571,118.375713892857,35.7414281014286,64.6914285914286,0.6749673713456
404,2017,12,863,2017-12-02,2017-12-08,220.16,220.16,220.16,220.16,63.45,0.670919766688972,2.772,3.2571,206.662995,9.0286812,45962.8571428571,97.98285784,6156,81.2042846671429,3513,35.1828564228571,2184.42857142857,36.9042854328571,44281.2857142857,94.3971437728571,5990.42857142857,79.0228576671429,3393.71428571429,33.9899997714286,2159.28571428571,36.4799989985714,3.9926462132144,5.92139305239048,3.15172927170697,1.85134164922837,205.362090514286,9.90588576,112.324286325714,97.5600008285714,48.3371429442857,62.02714157,0.19878200551008
403,2017,12,864,2017-12-09,2017-12-15,214.51,214.51,214.51,214.51,64.4357142857143,1.19409459623745,2.612,3.31028,213.300256285714,8.64645136,46627.7142857143,99.4014293128571,4543.14285714286,59.9300003042857,4917.71428571429,49.2500005457143,3059.28571428571,51.6871425085714,45756.4285714286,97.5442875471429,4414.57142857143,58.2357145014286,4794,48.01285771,3040.14285714286,51.3614289414286,2.49807137239305,8.01563373945898,4.33448878092255,8.55171920864751,206.662995,9.0286812,94.3971437728571,79.0228576671429,33.9899997714286,36.4799989985714,0.670919766688972
402,2017,12,865,2017-12-16,2017-12-22,274.98,274.98,274.98,274.98,64.0342857142857,0.384788129704822,2.667,3.29794,211.181232228571,8.79560598,41191.5714285714,87.8114286157143,4240.42857142857,55.9371419642857,6448.85714285714,64.5871429442857,5722.14285714286,96.6771414628571,40790.5714285714,86.9585702057143,4120.28571428571,54.3514278957143,6347.85714285714,63.5728569028571,5715.71428571429,96.5671419414286,4.34674787217737,9.45083566661544,4.8509129000213,15.6372022097579,213.300256285714,8.64645136,97.5442875471429,58.2357145014286,48.01285771,51.3614289414286,1.19409459623745
401,2017,12,866,2017-12-23,2017-12-29,245.63,245.63,245.63,245.63,65.0883333333333,0.729504397977144,2.953,3.30915,215.38705825,9.77191995,43551.5714285714,92.8428584528571,8989.14285714286,118.581427437143,8026.71428571429,80.3885705128571,6597,111.460000174286,42869.8571428571,91.3899993885714,8680.42857142857,114.507142202857,7909,79.2085712971429,6369.85714285714,107.620000567143,8.42635722309497,22.2577170827305,6.40204538165589,7.05621121974594,211.181232228571,8.79560598,86.9585702057143,54.3514278957143,63.5728569028571,96.5671419414286,0.384788129704822
400,2017,12,867,2017-12-30,2018-01-05,196.1,199.55,182.49,168.14,66.8542857142857,0.442864055245152,2.795,3.248375,217.167790357143,9.079208125,56435.0100446429,96.0237426785714,13515.7060546886,181.624542235714,8204.05085100571,66.9725434442857,5854.72321428571,69.3438148485714,52299.9313616071,88.9212003442857,12014.6506696429,161.506256104286,8085.34863281286,66.00684302,5595.92759486572,66.2414708814286,9.36414015299419,13.6791688053235,16.3949381110476,19.8359727351151,215.38705825,9.77191995,91.3899993885714,114.507142202857,79.2085712971429,107.620000567143,0.729504397977144
399,2018,1,868,2018-01-06,2018-01-12,176.64,178.67,179.91,165.52,68.8071428571429,0.573053641633335,3.2,3.2338,222.508538571429,10.34816,67878.1540178571,105.351914541429,8810.75481306,119.275784082857,4752.73196847286,34.7925714757143,6040.25551060429,59.1499857228571,64747.2845982143,100.49255698,8190.54352678571,110.87965829,4589.97851562571,33.6011284428571,5913.73430524714,57.9109856742857,4.70151700556512,9.76862882419986,4.65625464241234,2.02330152430188,217.167790357143,9.079208125,88.9212003442857,161.506256104286,66.00684302,66.2414708814286,0.442864055245152
398,2018,1,869,2018-01-13,2018-01-19,162.95,165.82,162.06,142.37,69.8014285714286,0.508508556839502,3.185,3.21384,224.3306232,10.2360804,67902.7209821429,105.390057157143,13462.1416015643,182.244018555714,4199.97900390857,30.74610029,6839.77260044714,66.9793722971429,59280.2198660714,92.0072566442857,12430.2675781271,168.274987355714,4080.84884207571,29.8740139,6500.35944475429,63.6556145785714,2.29323075039545,32.6287626477896,2.92301923993188,1.79337865567206,222.508538571429,10.34816,100.49255698,110.87965829,33.6011284428571,57.9109856742857,0.573053641633335
397,2018,1,870,2018-01-20,2018-01-26,192.89,191.89,190.37,145.6,69.4585714285714,0.464952634554857,3.505,3.17918,220.821301114286,11.1430259,60827.06640625,94.4080995842857,17854.7244698671,241.708655221429,5595.94601004429,40.9653293057143,6423.96958705286,62.9075568057143,50513.1696428571,78.4001726414286,16109.9994419657,218.089427404286,5472.02441406286,40.05817141,6223.64376395286,60.9458280271429,1.9820814163381,16.1884525075579,2.21040583016207,1.39207170259513,224.3306232,10.2360804,92.0072566442857,168.274987355714,29.8740139,63.6556145785714,0.508508556839502
396,2018,1,871,2018-01-27,2018-02-02,175.04,152.06,176.34,78.68,68.76,1.3070960178968,2.846,3.17398,218.2428648,9.03314708,53343.0608258929,81.2049713128571,15305.0058593786,202.567740302857,4979.0242048,35.9992850171429,7570.35525948857,67.8542142585714,48386.9135044643,73.6108409357143,14214.2730189743,188.071555001429,4853.67368861572,35.0942859657143,7352.63818359714,65.8497014714286,2.14099828372875,29.3254800404278,4.62937413908679,6.98615048717798,220.821301114286,11.1430259,78.4001726414286,218.089427404286,40.05817141,60.9458280271429,0.464952634554857
395,2018,2,872,2018-02-03,2018-02-09,179.42,178.5,176.42,40.16,67.2385714285714,0.915504024593513,2.584,3.25836,219.0874716,8.41960224,61350.76953125,88.87061419,8921.07198660714,109.44631413,4232.68153599571,29.4505002171429,10727.1749441986,76.3975432271429,54824.0970982143,79.41632952,8508.05217633857,104.37927246,3999.28738839429,27.8265713285714,9884.92898995572,70.3991857257143,2.50859920310056,13.3333173181783,2.1163532713558,8.37109038433757,218.2428648,9.03314708,73.6108409357143,188.071555001429,35.0942859657143,65.8497014714286,1.3070960178968
394,2018,2,873,2018-02-10,2018-02-16,170.45,173.44,167.6,40.16,62.5528571428571,0.838743391145241,2.558,3.23693333333333,202.479428380952,8.28007546666666,56924.5290178571,82.45892879,7077.17006138428,86.8247996742857,5463.52699497714,38.0145857671429,17188.8593750029,122.416799272857,50752.0574776786,73.5176871157143,6803.07589285857,83.4621429442857,5310.16148158714,36.9474852414286,13137.3571428571,93.5625272457143,2.22337323285269,6.65985916763838,2.80135906181571,7.29495205640156,219.0874716,8.41960224,79.41632952,104.37927246,27.8265713285714,70.3991857257143,0.915504024593513
393,2018,2,874,2018-02-17,2018-02-23,210.79,214.37,184.27,40.16,64.6671428571429,0.973990319694024,2.625,3.24788,210.031119942857,8.525685,54377.14453125,78.7688555028571,5531.27336774714,67.8592856242857,8734.95207868429,60.7767726342857,17843.3616071471,127.078084674286,48176.234375,69.7864412571429,5411.06033761143,66.3844577228571,8629.41469029286,60.0424722942857,7198.72342355,51.2683715828571,2.15135165234996,2.78059781152093,11.3484419018234,8.86965339296651,202.479428380952,8.28007546666666,73.5176871157143,83.4621429442857,36.9474852414286,93.5625272457143,0.838743391145241
392,2018,2,875,2018-02-24,2018-03-02,201.98,201.98,189.22,40.16,66.81,1.44883401395774,2.695,3.24774,216.9815094,8.7526593,59029.3984375,86.2022443514286,4297.33450753286,55.4959711357143,9665.48297991286,67.4238864357143,26987.0792410729,113.535684858571,51724.0329241071,75.5394003742857,4195.08328683286,54.1976857871429,9559.12820870572,66.6823136471429,16744.0467354929,70.4526427142857,3.08931315804191,6.49203864671699,8.4830408089504,6.09706710098842,210.031119942857,8.525685,69.7864412571429,66.3844577228571,60.0424722942857,51.2683715828571,0.973990319694024
391,2018,3,876,2018-03-03,2018-03-09,223.21,223.21,223.21,40.16,65.075,0.832412157526509,2.732,3.2426,211.012195,8.8587832,60505.7282366071,90.0787429828572,4892.53606305857,70.7725715628572,6635.25425502286,46.6482996271429,24278.0680803586,90.8795580185714,53607.1774553571,79.8084160942857,4822.80273437714,69.7638413557143,6560.26722935429,46.1211286257143,14889.2882254457,55.7347428471429,0.945541127241481,5.51904755664916,4.55305612553392,2.87053739321798,216.9815094,8.7526593,75.5394003742857,54.1976857871429,66.6823136471429,70.4526427142857,1.44883401395774
390,2018,3,877,2018-03-10,2018-03-16,236.02,236.02,236.02,40.16,64.2883333333333,0.596671322141642,2.688,3.26832,210.1148456,8.78524416,62527.4603794643,93.0886132385714,4390.19569615,63.5060010642857,8273.55838448857,58.16619982,23377.2455357157,87.5075422014286,55758.2014508929,83.0107999542857,4299.46023995571,62.1934710928571,8176.23221261428,57.4819717414286,13888.51688058,51.9885853371429,1.73017230520887,10.6706824045262,4.21549171796412,3.1288016813361,211.012195,8.8587832,79.8084160942857,69.7638413557143,46.1211286257143,55.7347428471429,0.832412157526509
389,2018,3,878,2018-03-17,2018-03-23,219.5,219.5,218.38,40.16,66.2416666666667,1.88040864353075,2.591,3.29714,218.408048833333,8.54288974,57573.17578125,85.71284267,6054.29520089429,87.5779004785714,7894.20758928714,55.4992425085714,24449.6724330371,91.5219159814286,50772.9045758929,75.5888562885714,5959.28264509,86.2034988385714,7705.27825056,54.1710003442857,13984.8803013386,52.3492998385714,1.23039035581857,6.23445808381742,2.62810042596083,1.53135032400149,210.1148456,8.78524416,83.0107999542857,62.1934710928571,57.4819717414286,51.9885853371429,0.596671322141642
388,2018,3,879,2018-03-24,2018-03-30,228.54,228.54,228.54,40.16,68.7383333333333,0.333611550559553,2.733,3.3221,228.355617166667,9.0792993,57623.4162946429,85.7876434314286,10467.7794363857,151.420801435714,8891.56382533571,62.5110146642857,26842.6621093771,100.479556492857,49548.9458705357,73.7666713157143,10130.7765066971,146.54590171,8629.12883649571,60.6660003657143,12678.4066685286,47.4587996371429,2.0123129076162,25.7338923345968,3.13086936940496,3.54003309910136,218.408048833333,8.54288974,75.5888562885714,86.2034988385714,54.1710003442857,52.3492998385714,1.88040864353075
387,2018,3,880,2018-03-31,2018-04-06,40.16,40.16,40.16,40.16,67.655,1.58932899887593,2.701,3.3322600000000002,225.4440503,9.00043426,57635.2025669643,103.320228577143,11102.6223493314,170.725099835714,7905.85588727857,66.0831860128571,26621.6635044643,98.7678843914286,47880.8666294643,85.90398625,10674.75027902,164.139212472857,7757.89780971,64.8681716928571,13558.9986049114,50.3013572685714,7.69497880577004,21.2161997342621,5.134687428038,3.05972471183578,228.355617166667,9.0792993,73.7666713157143,146.54590171,60.6660003657143,47.4587996371429,0.333611550559553
386,2018,4,881,2018-04-07,2018-04-13,84.83,84.83,106.83,78.04,69.6233333333333,2.36267362677677,2.735,3.40166,236.834908066667,9.3035401,54026.2170758929,99.8356563014286,6502.76136997714,101.123271394286,6378.37151227714,54.9658437442857,29212.8482142886,108.216213771429,45347.7142857143,83.7985698157143,6401.72502790571,99.5520858771429,6122.78369140714,52.7633285528571,15762.5721261186,58.3909568785714,3.69472598814961,15.2693558142534,5.01966059562025,2.56856705513439,225.4440503,9.00043426,85.90398625,164.139212472857,64.8681716928571,50.3013572685714,1.58932899887593
385,2018,4,882,2018-04-14,2018-04-20,122.73,122.73,122.73,49.29,72.9283333333333,1.21869465686239,2.739,3.40394,248.243670966667,9.32339166,47699.2421875,88.1439721228571,4783.33544922143,74.3847999585714,4673.95982143143,40.2780140485714,29389.8484933071,108.871901375714,40531.0072544643,74.89769854,4684.77186802571,72.8520709457143,4478.25558035857,38.59154238,15616.1476004471,57.8485428942857,1.49607488596421,8.20963688365541,2.8230402675818,2.87481380255068,236.834908066667,9.3035401,83.7985698157143,99.5520858771429,52.7633285528571,58.3909568785714,2.36267362677677
384,2018,4,883,2018-04-21,2018-04-27,135.38,135.38,135.38,40.16,74.79,0.729218760043905,2.771,3.47502,259.8967458,9.62928042,41267.5279017857,76.2587291171428,3437.51457868429,53.4561854771429,4386.71519252286,37.8026858728571,23999.8836495557,88.9053148542857,35185.1171875,65.0189857471429,3341.6398577,51.9652426571429,4266.18376813714,36.76399994,15127.24135045,56.0374434342857,2.31290923181074,4.32848200099828,1.14547314256443,5.59884315499219,248.243670966667,9.32339166,74.89769854,72.8520709457143,38.59154238,57.8485428942857,1.21869465686239
383,2018,4,884,2018-04-28,2018-05-04,216.86,216.86,154.51,40.16,74.7683333333333,1.21361306299358,2.711,3.525075,263.563982625,9.556478325,35570.4988839286,79.1672286985714,2624.27204241143,35.5668572,3626.12384905286,42.0515572671429,18998.3275669657,82.6358141214286,30697.5873325929,68.58038548,2524.17400251,34.1921430314286,3523.25899832714,40.8855002257143,12628.5937500014,55.5161574242857,10.5130629129427,6.01720492934693,7.50597902364964,9.48267627983284,259.8967458,9.62928042,65.0189857471429,51.9652426571429,36.76399994,56.0374434342857,0.729218760043905
382,2018,5,885,2018-05-05,2018-05-11,305.96,305.96,154.51,40.16,75.6,1.56212675542005,2.806,3.56884,269.804304,10.01416504,31789.6163504486,80.4198848185714,2478.14142717571,29.6305430271429,2819.20915876143,40.1537426528571,16490.2004743329,80.7594855171428,28952.4888392886,73.2426714214286,2373.68955775714,28.3816141414286,2725.97910853857,38.8258716028571,12627.09235491,61.84021432,1.56870228796133,1.28572012203789,1.6848808046361,5.77532028373321,263.563982625,9.556478325,68.58038548,34.1921430314286,40.8855002257143,55.5161574242857,1.21361306299358
381,2018,5,886,2018-05-12,2018-05-18,326.46,326.46,165.95,114.9,78.4883333333333,0.928620841176134,2.847,3.68,288.837066666667,10.47696,30356.9986049129,76.7956989828571,2629.09399414143,31.4354147242857,2448.72471400857,34.87695694,15296.1875000014,74.9118990228571,27906.1250000029,70.5956006742857,2528.52758789143,30.2329998014286,2353.55681501143,33.5214996328571,12167.5057198671,59.5894290385714,1.04106464746924,5.52670317130738,1.17455755614755,4.46218295105631,269.804304,10.01416504,73.2426714214286,28.3816141414286,38.8258716028571,61.84021432,1.56212675542005
380,2018,5,887,2018-05-19,2018-05-25,340.8,340.8,201.88,201.88,78.845,0.804232553430849,2.939,3.66148,288.6893906,10.76108972,30291.6875000014,76.6304855357143,4625.30433872857,55.3036286485714,2068.62580217571,29.4632573814286,12478.1315569214,61.11068562,28167.8007812529,71.2575716271429,4395.70043945286,52.5583278114286,1987.13643973286,28.3026142114286,10541.9474051343,51.6283852728571,0.798132340312993,10.2880825033404,1.39372500901315,6.44851206953887,288.837066666667,10.47696,70.5956006742857,30.2329998014286,33.5214996328571,59.5894290385714,0.928620841176134
379,2018,5,888,2018-05-26,2018-06-01,402.29,402.29,380.73,380.73,75.592,1.02255562195905,2.962,3.7285,281.844772,11.043817,28427.3783482157,74.1147439142857,2578.50645228857,30.0532425457143,1872.20955985143,28.5713710785714,9871.39160156429,54.04161453,25069.5454799129,65.4883302971429,2399.17630441,28.0023855471429,1774.20399693,27.09019988,7753.46184430857,42.5476858971429,6.26855161275962,3.68079634917698,4.64920342235395,10.9628408279914,288.6893906,10.76108972,71.2575716271429,52.5583278114286,28.3026142114286,51.6283852728571,0.804232553430849
378,2018,6,889,2018-06-02,2018-06-08,440.98,440.98,321.06,321.06,73.7883333333333,0.89586643349656,2.89,3.80396,280.687868466667,10.9934444,26552.7332589314,82.2166562742857,2715.92072405143,26.6908572042857,1820.86214773857,39.2487569514286,7957.21275111714,74.2692718514286,25422.54324777,78.7171848842857,2549.67857142857,25.0571144657143,1727.66442871143,37.2398856028572,6608.67271205429,61.6825430714286,1.61812819350951,1.46817220351085,0.519875878448297,0.78023676449239,281.844772,11.043817,65.4883302971429,28.0023855471429,27.09019988,42.5476858971429,1.02255562195905
377,2018,6,890,2018-06-09,2018-06-15,472.21,472.21,463.52,463.52,74.8283333333333,0.230427139608665,3.022,3.71552,278.026169066667,11.22830144,25862.4793526814,80.0794001971429,6125.30437360571,60.1968146757143,1802.20772879286,38.8466573428571,6365.36690848286,59.4116428942857,24640.92103795,76.2970155971429,5781.88044085,56.8217857885714,1729.13699776857,37.27161353,5555.40004185286,51.8517706757143,1.97923310263451,29.4113794880757,1.29371773215125,2.49546294877903,280.687868466667,10.9934444,78.7171848842857,25.0571144657143,37.2398856028572,61.6825430714286,0.89586643349656
376,2018,6,891,2018-06-16,2018-06-22,477.77,477.77,477.77,477.77,73.9666666666667,1.23396380281856,2.945,3.75942,278.071766,11.0714919,24301.1261160743,75.2448861271429,4521.26070731,44.4329861242857,1686.08801269429,36.3436998642857,5593.41364397286,52.2065860214286,23665.59933036,73.2770560157143,4444.33949497714,43.6770139414286,1598.23498535143,34.4500143871429,4915.81026785857,45.8820849828571,2.3577304854195,8.86454036574155,0.240985966685338,2.9620186273401,278.026169066667,11.22830144,76.2970155971429,56.8217857885714,37.27161353,51.8517706757143,0.230427139608665
375,2018,6,892,2018-06-23,2018-06-29,505.18,505.18,505.18,505.18,74.2066666666667,1.56777124181617,2.924,3.81776,283.303243733333,11.16313024,21850.54073661,67.65699986,6105.75924246857,60.0047280442857,1606.29642159714,34.6237858357143,4745.57714844,44.29321398,21307.6037946443,65.9758714957143,5749.92184012429,56.50772912,1507.36572265571,32.4913147514286,4104.90185547,38.3134144371429,2.26786785482932,19.0980508909946,0.572332461409963,1.10609791943025,278.071766,11.0714919,73.2770560157143,43.6770139414286,34.4500143871429,45.8820849828571,1.23396380281856
374,2018,6,893,2018-06-30,2018-07-06,505.18,505.18,505.18,505.18,76.8016666666667,0.531203037141163,2.858,3.90918,300.2315393,11.17243644,20310.9701450914,77.3203435628571,10006.51981027,93.9556721285714,1531.86755371143,39.0009133485714,4195.94778878429,73.2645013,19892.7329799129,75.7516147057143,9537.86104911,89.5587703157143,1440.84913853143,36.7062718542857,3573.52082170857,62.2888712185714,6.25374735551108,8.26160454642955,2.55208942889905,11.7100393953004,283.303243733333,11.16313024,65.9758714957143,56.50772912,32.4913147514286,38.3134144371429,1.56777124181617
373,2018,7,894,2018-07-07,2018-07-13,505.18,505.18,505.18,505.18,75.7333333333333,2.08524019399848,2.752,3.85668,292.079232,10.61358336,18794.3950892886,73.8121283371429,6337.96595982143,59.0285137728571,1520.09558105286,39.7160862514286,3665.98245675429,69.3410851628571,18282.2890625014,71.80088697,6187.06522042286,57.62311336,1428.57458496,37.3248710628571,3076.85058593857,58.19779968,2.19635521129824,13.4137767739533,0.244125422675669,2.77427799490379,300.2315393,11.17243644,75.7516147057143,89.5587703157143,36.7062718542857,62.2888712185714,0.531203037141163
372,2018,7,895,2018-07-14,2018-07-20,505.18,505.18,505.18,505.18,71.5833333333333,1.32386806996362,2.757,3.84668,275.358176666667,10.60529676,17319.1930803586,68.0184860214286,4868.39658900857,45.3417145857143,1488.95286342143,38.9023568285714,3547.31389508857,67.0964851385714,16926.7695312529,66.47731236,4624.97907366,43.0746568971429,1399.94839913571,36.5769571571429,3110.54757254429,58.8351576671429,1.57737190862832,6.1348166049566,0.358060677545664,2.4807665499438,292.079232,10.61358336,71.80088697,57.62311336,37.3248710628571,58.19779968,2.08524019399848
371,2018,7,896,2018-07-21,2018-07-27,505.18,505.18,505.18,505.18,73.4333333333333,0.813428956127615,2.822,3.73742,274.451208666667,10.54699924,16038.98981585,62.9907003142857,5552.73123605,51.7152568257143,1457.73597935143,38.0867859957143,3118.33510044857,58.9824709214286,15671.6803850471,61.5481431157143,5021.61701311571,46.7687426971429,1366.18399483857,35.6947713585714,2774.42790876143,52.4775565014286,1.41981132948386,13.7051891374365,0.961103976141073,1.01128235110824,275.358176666667,10.60529676,66.47731236,43.0746568971429,36.5769571571429,58.8351576671429,1.32386806996362
370,2018,7,897,2018-07-28,2018-08-03,505.18,505.18,505.18,505.18,74.035,1.16146028774107,2.853,3.74022,276.9071877,10.67084766,15757.3636997786,68.5089291171429,4702.08122907429,45.0942143028571,1405.10930524571,39.0062419357143,2765.50115094857,66.6626150942857,15386.5644531271,66.8550567614286,4418.16660853714,42.4196292342857,1311.22701590429,36.4238706314286,2406.44328962,58.09768513,7.94310962375845,7.41249156544782,2.94082589515022,16.0548301082606,274.451208666667,10.54699924,61.5481431157143,46.7687426971429,35.6947713585714,52.4775565014286,0.813428956127615
369,2018,8,898,2018-08-04,2018-08-10,505.18,505.18,505.18,505.18,71.845,0.945425829983463,2.944,3.76646,270.6013187,11.08845824,18039.84012277,88.46408626,3671.80667550286,37.1603001157143,1334.01829310857,39.9628137857143,2380.86244419571,73.85748509,17666.6099330371,86.6338293885714,3544.22530692,35.8691286342857,1242.27383858857,37.2144421157143,2193.21229771143,68.0363431657143,3.03028487994386,3.54439233145765,1.33074503356767,2.37986970541292,276.9071877,10.67084766,66.8550567614286,42.4196292342857,36.4238706314286,58.09768513,1.16146028774107
368,2018,8,899,2018-08-11,2018-08-17,505.18,505.18,505.18,505.18,70.1,1.05358435827489,2.946,3.90206,273.534406,11.49546876,17963.50948661,88.0897848942857,3383.00673130857,34.23752921,1288.49586704714,38.5991145542857,2256.77943638429,70.0082713528571,17672.2511160743,86.6614728657143,3298.59458705429,33.3832288471429,1197.16601562571,35.8631575442857,2116.57144601,65.6588281885714,3.93031550237434,4.67891799272315,0.622442848009449,2.39986981012707,270.6013187,11.08845824,86.6338293885714,35.8691286342857,37.2144421157143,68.0363431657143,0.945425829983463
367,2018,8,900,2018-08-18,2018-08-24,505.18,505.18,505.18,505.18,71.7833333333333,1.32658458707569,2.917,4.03188,289.421786,11.76099396,16135.1269531271,79.1237149928571,5015.07369559143,50.7547566528571,1308.75870187143,39.2061010085714,2112.96400669571,65.5469425757143,15858.2919921886,77.76614271,4713.11436244428,47.6987994057143,1216.52715192429,36.4431571942857,2029.53730119857,62.95892879,1.93286307062822,20.6824226406274,0.247385162409561,0.982593287819384,273.534406,11.49546876,86.6614728657143,33.3832288471429,35.8631575442857,65.6588281885714,1.05358435827489
366,2018,8,901,2018-08-25,2018-08-31,505.18,505.18,505.18,505.18,75.3766666666667,1.12858613613024,2.916,4.12734,311.1051314,12.03532344,15729.8763950914,77.1364430028571,7179.42271205429,72.6589279171429,1376.84455217714,41.2457569671429,2158.85797991,66.97062901,15395.23060826,75.4953994742857,6901.47014509,69.8459140228571,1284.13357979857,38.4684279314286,2081.61167689714,64.5743277414286,1.12811619448384,10.371226815,2.97845352732462,2.82686349566047,289.421786,11.76099396,77.76614271,47.6987994057143,36.4431571942857,62.95892879,1.32658458707569
365,2018,9,902,2018-09-01,2018-09-07,486.25,486.25,486.25,489.78,77.07,0.826776874374274,2.776,4.1494,319.794258,11.5187344,15056.7882254471,76.91884395,21661.6305803586,187.275373184286,1328.60644531286,44.51274327,2117.38827078714,92.2131718228571,14817.9680524571,75.6988296514286,17743.0941685271,153.397726877143,1231.37057059143,41.2550141471429,2053.99895368429,89.4525429857143,2.81565052585784,40.9402712973219,0.932077975217934,2.71092676791253,311.1051314,12.03532344,75.4953994742857,69.8459140228571,38.4684279314286,64.5743277414286,1.12858613613024
364,2018,9,903,2018-09-08,2018-09-14,496.28,496.28,496.28,496.28,77.4983333333333,1.53379811796364,2.767,4.14786,321.4522369,11.47712862,13566.3317522329,69.3047572557143,9673.98849051429,83.63635799,1319.58801269571,44.2106001728571,1623.89915248143,70.7215140214286,13297.9359654014,67.9336155485714,8677.43254743286,75.0206718457143,1227.70516531857,41.1322146814286,1576.13384138,68.6412996557143,1.39019436055072,14.6668357051104,1.94984157785514,6.58137633835797,319.794258,11.5187344,75.6988296514286,153.397726877143,41.2550141471429,89.4525429857143,0.826776874374274
363,2018,9,904,2018-09-15,2018-09-21,491.71,491.71,491.71,491.71,78.67,0.646312617855024,2.977,4.1222,324.293474,12.2717894,15883.5994698686,81.1427143628571,8877.77071707571,76.7526713785714,1267.16615513429,42.4542852128571,1392.23099190714,60.6322719014286,15489.3969029043,79.1288713714286,8068.46177455429,69.75578635,1177.58829171286,39.4531429857143,1378.99340820286,60.0557425385714,7.67387830014878,2.96600959510315,1.24371746462252,0.654909011297664,321.4522369,11.47712862,67.9336155485714,75.0206718457143,41.1322146814286,68.6412996557143,1.53379811796364
362,2018,9,905,2018-09-22,2018-09-28,441.87,441.87,441.87,441.87,81.05,1.17743789645111,3.008,4.05102,328.335171,12.18546816,19407.00167411,99.1423132771428,7195.46937779,62.2083718442857,1200.80142647857,40.2308420457143,1306.46315220571,56.89705767,19005.0937500014,97.0891145985714,6707.90066964143,57.9930861328571,1108.08501325429,37.1245574957143,1289.21800014,56.1460004528571,1.85586851960444,3.57368935636374,1.31540023215045,2.16474764677987,324.293474,12.2717894,79.1288713714286,69.75578635,39.4531429857143,60.0557425385714,0.646312617855024
361,2018,9,906,2018-09-29,2018-10-05,386.47,386.47,386.47,386.47,84.9583333333333,1.17809026252919,3.143,3.92072,333.097836666667,12.32282296,18209.7553013414,81.9440002442857,10271.85902623,80.0379001085714,1180.31827218143,37.1838427942857,1219.54485212,51.3223713457143,17801.2142857157,80.1380429942857,8299.60191127429,64.9345861171429,1086.40427943571,34.1845141814286,1207.30998883857,50.8052150157143,8.51898869020665,18.3506971943868,1.16860445901328,1.06577234311782,328.335171,12.18546816,97.0891145985714,57.9930861328571,37.1245574957143,56.1460004528571,1.17743789645111
360,2018,10,907,2018-10-06,2018-10-12,325.52,325.52,325.52,325.52,84.15,1.35029626378813,3.161,3.748125,315.40471875,11.847823125,21206.1250000029,90.1868994571429,12159.5364118314,92.6150992271429,1191.11969866,36.5618716657143,1291.48128836429,53.60201427,20875.30915179,88.7799846114286,11636.7897600471,88.6335296642857,1122.30541992286,34.4495996757143,1281.34528459857,53.1813147414286,11.4843575310856,2.64522153298666,1.48247205764093,1.95996570954678,333.097836666667,12.32282296,80.1380429942857,64.9345861171429,34.1845141814286,50.8052150157143,1.17809026252919
359,2018,10,908,2018-10-13,2018-10-19,270.28,270.28,270.28,270.28,80.545,0.389140077604546,3.25,3.70862,298.7107979,12.053015,26371.9174107157,112.156356811429,20206.6732700914,153.907472881429,1503.23503766714,46.1423574185714,1350.75859723571,56.0622716614286,25925.3867187529,110.257329668571,17849.1425781286,135.950942992857,1419.55501883571,43.5737718857143,1350.01302664429,56.0313290171429,2.90841245901932,19.7146515472517,5.76507012556804,2.47982452424725,315.40471875,11.847823125,88.7799846114286,88.6335296642857,34.4495996757143,53.1813147414286,1.35029626378813
358,2018,10,909,2018-10-20,2018-10-26,229.71,229.71,229.71,229.71,79.0983333333333,1.53661207422917,3.185,3.69558,292.3142187,11.7704223,29270.8964843771,124.485328672857,17112.8977399571,130.343213762857,1658.55486188571,50.90995734,1741.66442871,72.28654371,28943.3233816971,123.09222739,16365.5580357171,124.65097046,1573.93101283571,48.3124286114286,1741.64428710857,72.2857153757143,2.23590638061151,20.7449003324098,5.29060058513654,5.67873879377407,298.7107979,12.053015,110.257329668571,135.950942992857,43.5737718857143,56.0313290171429,0.389140077604546
357,2018,10,910,2018-10-27,2018-11-02,142.4,142.4,142.4,142.4,75.715,2.46375120497153,3.284,3.68785,279.22556275,12.1108994,32273.4907924114,127.360384261429,17154.7529296914,150.045172554286,1540.22068568571,41.5393431528571,1808.59899902286,66.1268713828571,31417.7092633943,124.19152941,15720.3286830371,136.249415805714,1469.80186244429,39.6841286271429,1808.59899902286,66.1268713828571,17.8800665661642,39.0225700075758,7.12805181599949,13.7212898017875,292.3142187,11.7704223,123.09222739,124.65097046,48.3124286114286,72.2857153757143,1.53661207422917
356,2018,11,911,2018-11-03,2018-11-09,149.95,149.95,149.95,149.95,71.0833333333333,1.37687569034587,3.719,3.73998,265.850245,13.90898562,31123.9419642886,99.57911573,16044.01702009,174.560144697143,2069.38288225286,38.7311717428571,2020.08386230571,49.9388858257143,30376.47293527,97.1876297,14759.2797154029,160.582101004286,2003.92415945857,37.5060424814286,2020.08386230571,49.9388858257143,3.6357662872069,36.0588881556866,2.87538081346512,0.898697718315372,279.22556275,12.1108994,124.19152941,136.249415805714,39.6841286271429,66.1268713828571,2.46375120497153
355,2018,11,912,2018-11-10,2018-11-16,120.77,120.77,120.77,120.77,67.4283333333333,2.34778548139878,4.272,3.767375,254.027817291667,16.094226,38038.6183035714,121.702199662857,7874.37841796857,85.6738575528571,2909.37646484571,54.4527576971429,2408.85543387286,59.5497425628571,37440.3694196429,119.788097927143,7736.49365234429,84.1736428385714,2837.17923409429,53.1014567785714,2396.21184430857,59.2371711728571,4.5702265535813,12.0017269156495,5.114253401956,6.36535653544174,265.850245,13.90898562,97.1876297,160.582101004286,37.5060424814286,49.9388858257143,1.37687569034587
354,2018,11,913,2018-11-17,2018-11-23,119.21,119.21,119.21,119.21,62.9716666666667,1.75972062176585,4.308,3.78318,238.2331499,16.29793944,40826.7020089286,130.62246813,7170.76311384,78.0184565957143,4221.66252790143,79.0138724185714,3903.5831822,96.5011989057143,39263.0301339286,125.619615825714,6853.26946149714,74.5640994485714,4147.70410156429,77.6296572,3885.16451590571,96.04587228,12.7478945022766,8.23407568198882,9.34199055793268,9.49596649298167,254.027817291667,16.094226,119.788097927143,84.1736428385714,53.1014567785714,59.2371711728571,2.34778548139878
353,2018,11,914,2018-11-24,2018-11-30,100.72,100.72,100.72,100.72,58.8216666666667,0.93879532735651,4.612,3.86764,227.501030866667,17.83755568,53161.9458705357,170.088317871429,7522.31863839428,81.8434284757143,6579.71805245429,123.147927421429,5253.47746930857,129.872183662857,51581.3214285714,165.031217302857,5981.10142299143,65.0748438142857,6510.64320591429,121.855099268571,5234.17731584857,129.395070758571,13.1735331125632,14.4840232831609,11.6918175178569,17.68301827723,238.2331499,16.29793944,125.619615825714,74.5640994485714,77.6296572,96.04587228,1.75972062176585
352,2018,12,915,2018-12-01,2018-12-07,59.04,59.04,59.16,59.04,59.75,1.61766498385805,4.488,3.86542,230.958845,17.34800496,56608.8883928571,118.896670751429,6950.67389788143,95.2304295128572,8728.04582868571,87.8768572114286,8665.48025948857,103.903714861429,54726.9464285714,114.944001332857,6563.13085937571,89.9207556614286,8694.56731305857,87.5397709414286,8515.44642857143,102.10471344,3.90181659701776,17.6310211114685,11.1753888932266,14.3645253777161,227.501030866667,17.83755568,165.031217302857,65.0748438142857,121.855099268571,129.395070758571,0.93879532735651
351,2018,12,916,2018-12-08,2018-12-14,66.13,66.13,66.41,66.13,60.165,0.888408689736694,3.827,3.89204,234.1645866,14.89483708,50200.0753348214,105.436127797143,3826.26946149714,52.4233000628571,8881.32282366286,89.4200995314286,11286.3736049129,135.329586571429,47489.04296875,99.7420850485714,3722.03470284571,50.99521419,8828.75864955571,88.8908418928571,11111.59123884,133.233883448571,7.75910579370039,6.69094013501243,4.0479603926332,4.21277525639571,230.958845,17.34800496,114.944001332857,89.9207556614286,87.5397709414286,102.10471344,1.61766498385805
350,2018,12,917,2018-12-15,2018-12-21,79.16,79.16,79.16,40.16,56.24,2.09558583694378,3.816,3.88218,218.3338032,14.81439888,38134.2578125,80.0940562642857,4878.75798688857,66.8433434614286,8983.87304687714,90.45261492,10408.8233816971,124.80731528,37333.7360491071,78.4127142785714,4751.90802874,65.1053859171429,8945.79645647429,90.0692280357143,10020.3448660743,120.149213517143,4.52204151640488,20.1804385500626,4.08103945752957,8.48961490740069,234.1645866,14.89483708,99.7420850485714,50.99521419,88.8908418928571,133.233883448571,0.888408689736694
349,2018,12,918,2018-12-22,2018-12-28,87.21,87.21,87.21,40.16,51.6366666666667,0.254034118444967,3.303,3.903925,201.585673916667,12.894664275,37311.6646205357,78.3663417285714,7481.14627511143,102.498385838571,9134.17850167429,91.9659293042857,8432.87876674143,101.114670888571,34883.5680803571,73.2665710442857,6808.76150948857,93.2861001142857,9118.12395368429,91.8042864128571,8233.60498046857,98.72528621,2.42285782846951,10.0850104887157,7.06379114526761,4.5149969440788,218.3338032,14.81439888,78.4127142785714,65.1053859171429,90.0692280357143,120.149213517143,2.09558583694378
348,2018,12,919,2018-12-29,2019-01-04,136.43,136.43,53.86,53.86,52.98,1.65362228657798,3.044,3.815725,202.1571105,11.6150669,45707.1768973214,80.78074319,5156.55294364,70.2179712585714,5805.75571986428,50.4039279385714,8408.44587053857,72.8341849185714,43083.3671875,76.1695709242857,5021.70689174286,68.3832996928572,5792.32693917429,50.2753704628571,8204.79052734429,70.9408291414286,11.0127085747736,10.5417981306208,16.4830865480455,21.005448349891,201.585673916667,12.894664275,73.2665710442857,93.2861001142857,91.8042864128571,98.72528621,0.254034118444967
347,2019,1,920,2019-01-05,2019-01-11,138.8,138.8,103.89,103.89,57.78,1.80664329628207,3.099,3.70362,213.9951636,11.47751838,46942.40625,71.9079295571429,5704.30782645143,77.2221728728571,4377.56124442,32.0461145142857,10902.31654576,69.4656415671429,45549.1467633929,69.7736718285714,5571.83300781143,75.4287850514286,4363.47628348429,31.9430136,10723.26702009,68.3247855057143,1.94874535259279,10.2820550870284,1.70915265033016,3.61005840034695,202.1571105,11.6150669,76.1695709242857,68.3832996928572,50.2753704628571,70.9408291414286,1.65362228657798
346,2019,1,921,2019-01-12,2019-01-18,166.17,166.17,80.44,80.44,59.1916666666667,0.532594279604534,3.482,3.73108,220.848843666667,12.99162056,41522.359375,63.6053292414286,8963.23681640857,121.339987615714,6547.08140346,47.9281997671429,12715.2367466529,81.01689911,37775.8035714286,57.86622783,8260.66036551571,111.828856332857,6527.95849609429,47.78818512,12162.0684988857,77.4922855914286,3.97038712489219,16.8551231384439,6.18831818229945,2.26391874117019,213.9951636,11.47751838,69.7736718285714,75.4287850514286,31.9430136,68.3247855057143,1.80664329628207
345,2019,1,922,2019-01-19,2019-01-25,178.76,178.76,42.35,42.35,61.5733333333333,0.618826847079022,3.178,3.77436,232.3999264,11.99491608,37864.9308035714,58.0027574814286,10018.0230189743,135.619155881429,6111.35651506714,44.7384436485714,13319.04966518,84.864170618571407,31746.2279575914,48.6299569271429,9453.39257812714,127.975471495714,6091.63441685429,44.5940715242857,12791.6962890657,81.5040577457143,1.10499389381245,12.1262415970046,7.89397222715605,1.1369776279734,220.848843666667,12.99162056,57.86622783,111.828856332857,47.78818512,77.4922855914286,0.532594279604534
344,2019,1,923,2019-01-26,2019-02-01,337.1,337.1,137.55,83.06,61.04,1.13866588602695,2.734,3.7076,226.311904,10.1365784,36960.55859375,56.0790999257143,5717.79185267857,76.5870862671429,3303.33258928571,24.0429859157143,14005.53836496,85.2342992514286,31865.3638392886,48.3312715785714,5498.14257812571,73.65681512,3284.61687360571,23.9066856928571,13412.6683872771,81.52377047,1.8597861361382,17.0339518754327,4.12627214050088,9.15839541969777,232.3999264,11.99491608,48.6299569271429,127.975471495714,44.5940715242857,81.5040577457143,0.618826847079022
343,2019,2,924,2019-02-02,2019-02-08,451.57,451.57,141.05,42.35,61.88,0.491080441475923,2.583,3.69726,228.7864488,9.55002258,37245.4017857143,53.1866286142857,5103.60532924143,62.6125292114286,3087.68575613714,21.4837714585714,14018.7572544657,61.53642927,32689.4375000014,46.6807141985714,4885.95500837,59.9423152385714,3076.93202427571,21.40894263,13788.0482700886,60.5237143371429,1.96402546612472,5.27312371013838,2.61694124642957,1.62013829710922,226.311904,10.1365784,48.3312715785714,73.65681512,23.9066856928571,81.52377047,1.13866588602695
342,2019,2,925,2019-02-09,2019-02-15,510.81,510.81,178.71,48.14,62.3033333333333,1.16397021725985,2.625,3.7369,232.821326333333,9.8093625,42354.2572544643,60.4821286885714,4522.79774693143,55.4870000557143,2950.54743303714,20.5295568214286,15213.0235770086,66.7787562785714,37072.171875,52.9392427714286,4315.47855050429,52.9435571957143,2925.94384765857,20.3584000728571,14789.5901227686,64.9200733728571,2.09825457889675,9.70693697451051,1.03274894529951,0.26986897903858,228.7864488,9.55002258,46.6807141985714,59.9423152385714,21.40894263,60.5237143371429,0.491080441475923
341,2019,2,926,2019-02-16,2019-02-22,472.96,472.96,164.36,42.35,66.4266666666667,0.556153456042729,2.717,3.73234,247.926905066667,10.14076778,50660.4614955357,72.3434143057143,8834.96233259,108.389900207143,4088.90373883857,28.4501002171429,14574.7099609414,63.9768289842857,45494.7996651786,64.9668001428571,8571.09326172,105.152672904286,4069.03864397286,28.3119000028571,14202.5319475443,62.3431429171429,5.31957979863439,6.84611892467896,3.14920770866197,0.964521909230502,232.821326333333,9.8093625,52.9392427714286,52.9435571957143,20.3584000728571,64.9200733728571,1.16397021725985
340,2019,2,927,2019-02-23,2019-03-01,339.46,339.46,178.71,42.35,64.564,0.744566988255554,2.859,3.74836,242.00911504,10.71656124,57116.1958705357,81.8912996557143,8563.30545479714,105.181042261429,4802.47286551429,33.4675576357143,16381.82728795,70.2285570414286,50951.9866071429,73.0502864285714,8237.48960658714,101.189213342857,4778.31780134143,33.29947172,15624.5976562514,66.9784731185714,2.61889283356157,14.2526821227102,2.33435512922623,4.08428715085123,247.926905066667,10.14076778,64.9668001428571,105.152672904286,28.3119000028571,62.3431429171429,0.556153456042729
339,2019,3,928,2019-03-02,2019-03-08,251.81,251.81,164.36,42.35,64.734,0.558014336735267,2.865,3.84833333333333,249.11801,11.025475,67706.9051339286,99.26715633,7307.81919643,103.024542672857,5592.20668247857,39.31531361,20458.0998883957,76.5803702214286,59265.3431919643,86.8907438014286,7022.64341518143,99.0041689171428,5574.10463169714,39.1880286071429,19299.24107143,72.2424577985714,4.8508193309619,18.9884053702572,2.24222152668471,3.12891034514166,242.00911504,10.71656124,73.0502864285714,101.189213342857,33.29947172,66.9784731185714,0.744566988255554
338,2019,3,929,2019-03-09,2019-03-15,250.06,250.06,160.22,42.35,65.714,0.495005050480431,2.795,3.82992,251.67936288,10.7046264,70164.0859375,102.869726997143,12360.6434151786,174.258499144286,5794.98451451143,40.7409144814286,24454.2061942,91.5389001042857,61469.6858258929,90.1225705842857,11726.3452846,165.316258021429,5777.69140625,40.61932809,20820.9098772357,77.9384722028571,2.28933981081583,18.9690745693238,1.19984683542171,1.67162723500309,249.11801,11.025475,86.8907438014286,99.0041689171428,39.1880286071429,72.2424577985714,0.558014336735267
337,2019,3,930,2019-03-16,2019-03-22,199.09,199.09,160.22,42.35,67.344,0.943970338516553,2.753,3.81044,256.61027136,10.49014132,66989.7912946429,98.2157996042857,12140.1589006714,171.150155202857,6166.00132533572,43.3492992942857,22869.3097098229,85.6061848228571,59838.5775669643,87.7311564857143,11577.7862723229,163.221886771429,6140.74044364,43.17169898,18203.7131696443,68.1415721357143,0.478325793047078,13.4259813369384,2.65265653281002,1.74983218930936,251.67936288,10.7046264,90.1225705842857,165.316258021429,40.61932809,77.9384722028571,0.495005050480431
336,2019,3,931,2019-03-23,2019-03-29,229.74,229.74,160.22,42.35,67.248,0.693411854527992,2.662,3.90848,262.83746304,10.40437376,62731.2472098214,91.9721864971429,7387.40583147286,104.14654432,7409.14676339429,52.0890715457143,22098.8024553614,82.7219859542857,56045.4827008929,82.16998618,7213.70256696286,101.697700501429,7392.16992187714,51.96972874,15634.23479353,58.5232996257143,4.31059421240201,16.6004550962058,6.04765860715617,4.20160493857931,256.61027136,10.49014132,87.7311564857143,163.221886771429,43.17169898,68.1415721357143,0.943970338516553
335,2019,3,932,2019-03-30,2019-04-05,210.52,210.52,42.35,42.35,69.54,0.374098917401108,2.664,3.86168,268.5412272,10.28751552,52738.5697544643,91.1965419228571,4959.88609096,73.5962415428571,6631.47726004429,54.1677573085714,24560.8540736643,91.25101253,46170.3314732143,79.82824271,4862.13204520143,72.1545584542857,6614.60226004714,54.0314282014286,15039.7830636171,55.8599711814286,5.41669444860209,2.48252111259487,6.00813869008605,5.39547016663768,262.83746304,10.40437376,82.16998618,101.697700501429,51.96972874,58.5232996257143,0.693411854527992
334,2019,4,933,2019-04-06,2019-04-12,181.41,181.41,42.35,42.35,71.328,0.26864474683155,2.66,3.8524,274.7839872,10.247384,52685.1612723214,97.2842570714286,6939.28145926571,105.246585301429,8016.02797154,69.0784149171429,26114.1208147343,96.73728398,46348.953125,85.5843287871429,6749.52776227714,102.368600028571,7939.84151785714,68.4219000657143,15258.8902064743,56.5251285,5.05432086260895,12.46962659048,1.32178923258381,1.57982430400885,268.5412272,10.28751552,79.82824271,72.1545584542857,54.0314282014286,55.8599711814286,0.374098917401108
333,2019,4,934,2019-04-13,2019-04-19,186.94,186.94,42.35,42.35,70.8725,0.196871362403603,2.49,3.90535,276.781917875,9.7243215,57170.1819196429,105.565941947143,6872.31019810571,104.230842591429,6375.35135324,54.9398291457143,27323.7301897357,101.218171255714,51807.2315848214,95.6631567814286,6776.24734933,102.773857117143,6354.77427455429,54.7625138414286,16282.75795201,60.3179283128571,2.97589784719712,3.637415463689,7.41193460719637,2.61970916628422,274.7839872,10.247384,85.5843287871429,102.368600028571,68.4219000657143,56.5251285,0.26864474683155
332,2019,4,935,2019-04-20,2019-04-26,172.38,172.38,42.35,42.35,73.4875,1.72955437420497,2.566,3.94688,290.046344,10.12769408,52115.5552455357,96.2324720114286,5576.95179966714,84.5844138014286,5161.05412946429,44.4755853928571,25685.1378348243,95.1481715628571,48328.6199776786,89.2398147585714,5490.11397879714,83.2673721314286,5140.52615792571,44.2986711771429,16604.2519531286,61.50888552,4.78734501836871,3.58399486991055,0.9645959066629,2.66375045186353,276.781917875,9.7243215,95.6631567814286,102.773857117143,54.7625138414286,60.3179283128571,0.196871362403603
331,2019,4,936,2019-04-27,2019-05-03,142.12,142.12,42.35,42.35,71.586,0.682590653320081,2.567,3.945775,282.46224915,10.128804425,44279.2795758929,94.2112721014286,9692.44991629857,132.929713658571,5542.50662667571,61.06139973,22427.6674107157,94.1118567328571,41486.1383928571,88.2233428957143,9441.23974609714,129.276088171429,5520.21665736571,60.79799979,15735.1570870557,65.9695151185714,11.7918400287154,27.8306150720309,16.2722122664669,9.44900993257393,290.046344,10.12769408,89.2398147585714,83.2673721314286,44.2986711771429,61.50888552,1.72955437420497
330,2019,5,937,2019-05-04,2019-05-10,174.86,174.86,42.35,42.35,71.252,0.534434280339177,2.619,3.96138,282.25624776,10.37485422,40454.5262276786,102.242372784286,9524.29017857286,111.088900974286,4847.02287946429,69.0357295457143,19265.3931361643,94.3507864814286,38453.6015625,97.1853419714286,9204.37527901714,107.357499258571,4824.64299665143,68.7169587271429,14995.3663504486,73.4386563985714,1.39612234377336,5.99882985362012,4.89218871848305,7.0724305353324,282.46224915,10.128804425,88.2233428957143,129.276088171429,60.79799979,65.9695151185714,0.682590653320081
329,2019,5,938,2019-05-11,2019-05-17,98.21,98.21,42.35,42.35,73.322,0.988266158481249,2.631,4.01322,294.25731684,10.55878182,38528.1233258929,97.3736997328571,14355.6017020114,167.440072195714,3723.20786830286,53.0293137685714,17602.0744977686,86.2047991071429,37332.3627232143,94.3515995585714,13128.0503627257,153.122214181429,3699.96868024714,52.6983135771429,14093.7126116086,69.0228571214286,1.32121641578078,22.4696903432586,3.98745831337202,5.21519909719878,282.25624776,10.37485422,97.1853419714286,107.357499258571,68.7169587271429,73.4386563985714,0.534434280339177
328,2019,5,939,2019-05-18,2019-05-24,136.05,136.05,80.44,80.44,70.888,2.52516732118869,2.598,4.05798,287.66208624,10.54263204,37342.6311383929,94.3775569371429,9158.46428571571,106.821985517143,3553.13511439857,50.6069853642857,17933.5041852714,87.8279571542857,35659.6707589286,90.1241411485714,8979.08705357286,104.729799542857,3531.01356724286,50.2919142585714,13319.2173549114,65.2298278828572,3.08319276387187,14.6753572147383,0.880345968238097,5.52415869658477,294.25731684,10.55878182,94.3515995585714,153.122214181429,52.6983135771429,69.0228571214286,0.988266158481249
327,2019,5,940,2019-05-25,2019-05-31,128.33,128.33,42.35,42.35,69.028,1.61036331304476,2.454,3.99094,275.48660632,9.79376676,35269.2751116071,89.1374991271429,24759.36997768,288.786987305714,3381.22091238857,48.1584281942857,15909.6519252243,77.91631426,34319.2419084829,86.7364142257143,19833.3812779029,231.331529892857,3350.23287527857,47.7170704457143,13266.6506696443,64.9723995757143,2.90125212833959,55.6444396564689,2.67578147163191,3.72769904571534,287.66208624,10.54263204,90.1241411485714,104.729799542857,50.2919142585714,65.2298278828572,2.52516732118869
326,2019,6,941,2019-06-01,2019-06-07,42.35,42.35,42.35,42.35,63.1483333333333,0.668622963011714,2.337,3.87182,244.498979966667,9.04844334,38536.7003348214,118.655071804286,31331.1810825914,300.177655901429,3261.98357282286,70.3121708457143,12623.6934988843,117.824242727143,34332.89453125,105.711500984286,21101.0493861629,202.164870124286,3236.84814453143,69.7703868328571,10889.8317522314,101.641084941429,4.17455450796677,65.6281900376241,1.13205224527991,10.4426920225765,275.48660632,9.79376676,86.7364142257143,231.331529892857,47.7170704457143,64.9723995757143,1.61036331304476
325,2019,6,942,2019-06-08,2019-06-14,42.35,42.35,42.35,42.35,63.188,0.967455425329813,2.387,3.86206,244.03584728,9.21873722,33622.8058035729,103.525113787143,17842.54701451,170.9457986,2505.34242466286,54.0027416771429,9944.51199777,92.8178710942857,31538.5611049143,97.1076987128571,9112.71261160857,87.3070422585714,2484.68369838286,53.5574428014286,8665.66085379571,80.8816288542857,3.49132230659872,22.7047489165103,6.10575858269849,6.19634424081035,244.498979966667,9.04844334,105.711500984286,202.164870124286,69.7703868328571,101.641084941429,0.668622963011714
324,2019,6,943,2019-06-15,2019-06-21,78.42,78.42,78.42,78.42,64.038,1.56884352310859,2.186,3.861425,247.27793415,8.44107505,28514.9179687514,87.7978722728571,12052.8088727686,115.475515094286,2039.93844168571,43.9709706985714,8106.46644810286,75.6623131885714,27650.8649553586,85.1374152042857,11551.91685268,110.676586695714,2016.72269112571,43.47054291,7277.52455357286,67.9253283928571,3.22595215885121,17.7795030997151,1.61946842139505,5.65856846021692,244.03584728,9.21873722,97.1076987128571,87.3070422585714,53.5574428014286,80.8816288542857,0.967455425329813
323,2019,6,944,2019-06-22,2019-06-28,124.92,124.92,124.92,124.92,66.51,0.880908621821925,2.308,3.83824,255.2813424,8.85865792,25732.4375,79.2305581228571,6703.33349609571,64.2232573357143,1831.21071079714,39.4718284614286,6389.90227399571,59.6406429828571,25078.1702008957,77.2160426557143,6564.24330357143,62.8906718657143,1809.52913992714,39.0044860842857,5829.76653181,54.4125714971429,1.92937239412839,4.64766208834096,1.04832714029844,3.3947046143962,247.27793415,8.44107505,85.1374152042857,110.676586695714,43.47054291,67.9253283928571,1.56884352310859
322,2019,6,945,2019-06-29,2019-07-05,170.94,170.94,170.94,170.94,63.84,0.885804718885171,2.418,3.82692,244.3105728,9.25349256,23502.6774553614,86.1550292971428,12430.5591517871,114.13041469,1751.36858258857,43.47707149,5379.08182198714,86.2541433057143,23239.9098772343,85.2621732442857,9909.87137277,91.1668428685714,1728.67743792,42.9155436928571,4920.94782366286,79.0624858314286,9.52870572725359,24.6420460555199,3.99704232235275,21.4276393824786,255.2813424,8.85865792,77.2160426557143,62.8906718657143,39.0044860842857,54.4125714971429,0.880908621821925
321,2019,7,946,2019-07-06,2019-07-12,177.6,177.6,177.6,177.6,65.978,1.36013602260951,2.453,3.77138,248.82810964,9.25119514,24890.3853236629,97.1799425414286,7695.77559989,70.0748999442857,1967.19871303286,51.39768655,4808.63825334857,90.95411573,24524.83231027,95.7526855442857,7555.14885602571,68.7944423128571,1945.65427943714,50.8347849157143,4519.73186384,85.4895172128571,2.6068357948574,16.2872700773641,2.43027548570078,2.0502334531175,244.3105728,9.25349256,85.2621732442857,91.1668428685714,42.9155436928571,79.0624858314286,0.885804718885171
320,2019,7,947,2019-07-13,2019-07-19,175.04,175.04,175.04,175.04,63.628,2.77241230699905,2.251,3.75144,238.69662432,8.44449144,22661.3828125029,88.4771870214286,5149.47593471,46.8892435328572,1914.52099609429,50.0213426857143,4474.5007673,84.6340005071429,22473.2795758943,87.7427836842857,5067.42257254571,46.1421001985714,1897.95314243857,49.5884715485714,4211.44576590571,79.6583709714286,2.93176381154082,2.08094558941734,1.1536593696223,2.6707178604314,248.82810964,9.25119514,95.7526855442857,68.7944423128571,50.8347849157143,85.4895172128571,1.36013602260951
319,2019,7,948,2019-07-20,2019-07-26,186.18,186.18,186.18,186.18,62.8,0.806442806403461,2.169,3.76354,236.350312,8.16311826,19796.8498883957,77.2931562142857,5011.53773716571,45.6332288457143,1838.43129185286,48.0333284642857,4012.02378627143,75.8863416414286,19519.0292968771,76.2084568585714,4689.51206752286,42.7009860442857,1818.28370884429,47.5069291228571,3740.43945312571,70.7494005485714,2.78161038068095,5.7548088689806,0.281965556017048,3.49777373144571,238.69662432,8.44449144,87.7427836842857,46.1421001985714,49.5884715485714,79.6583709714286,2.77241230699905
318,2019,7,949,2019-07-27,2019-08-02,225,225,174.61,174.61,62.586,1.06523706281719,2.121,3.80926,238.40634636,8.07944046,18257.9905133957,76.2547422128572,3994.37039620714,37.2316856385714,1809.58585030714,49.2391858785714,3441.39428711,76.3984860028571,18013.4637276814,75.2093277,3730.59688895,34.7594713471429,1789.26656668429,48.6855572285714,3171.12789481,70.4357719428571,7.38797723468259,1.90151124873591,2.97223956361073,16.0533696895888,236.350312,8.16311826,76.2084568585714,42.7009860442857,47.5069291228571,70.7494005485714,0.806442806403461
317,2019,8,950,2019-08-03,2019-08-09,236.35,236.35,217.98,217.98,57.328,1.73373008279855,2.119,3.95276,226.60382528,8.37589844,17825.4782366086,86.8548856471429,3330.38766043571,33.0406289785714,1710.93099539714,51.2538855414286,2950.63846261143,91.5327137542857,17601.3853236643,85.7630157457143,3155.00484793429,31.30067117,1688.94672502571,50.5953145714286,2746.94527762143,85.2138846257143,0.762574933220652,2.04099325332273,1.0599723376934,2.70724247966387,238.40634636,8.07944046,75.2093277,34.7594713471429,48.6855572285714,70.4357719428571,1.06523706281719
316,2019,8,951,2019-08-10,2019-08-16,233.3,233.3,217.98,217.98,58.252,1.16896107719638,2.2,3.99734,232.85304968,8.794148,17079.7391183057,83.2212709714286,2819.83701869286,27.9754712242857,1694.13302176429,50.7506713857143,2634.75673130714,81.73362841,16939.51729911,82.5380434314286,2670.14027622857,26.4903425485714,1674.41714913571,50.1600423557143,2476.38330078143,76.8206721728571,1.73198180053432,1.58354857895441,2.1079565063665,1.83172677593979,226.60382528,8.37589844,85.7630157457143,31.30067117,50.5953145714286,85.2138846257143,1.73373008279855
315,2019,8,952,2019-08-17,2019-08-23,241.04,241.04,223.39,223.39,59.574,0.762122037471968,2.152,4.04436,240.93870264,8.70346272,15714.9489397329,76.5713130414286,2601.75230189857,25.8118855628571,1564.39744349857,46.86421476,2318.82432338143,71.9329844871429,15539.9394531257,75.7185843342857,2493.24574497857,24.7354000642857,1543.81626674143,46.24765723,2196.50068010714,68.13835689,2.04798045969226,0.758932020030114,0.463454628388162,3.90736362989941,232.85304968,8.794148,82.5380434314286,26.4903425485714,50.1600423557143,76.8206721728571,1.16896107719638
314,2019,8,953,2019-08-24,2019-08-30,247.08,247.08,198.37,198.37,59.826,1.19769779159879,2.285,4.15036,248.29943736,9.4835726,14820.45856585,72.2128851742857,2479.14062500286,24.5954284657143,1502.06199428143,44.99684252,1974.11915806286,61.2397858742857,14592.0620814743,71.1000289914286,2386.18028041286,23.6731858928571,1482.82971191571,44.4207147871429,1910.98214285714,59.2811709814286,1.48289177413025,0.829518643451282,0.858974061392367,1.66762369862265,240.93870264,8.70346272,75.7185843342857,24.7354000642857,46.24765723,68.13835689,0.762122037471968
313,2019,8,954,2019-08-31,2019-09-06,200.69,200.69,200.34,200.34,60.228,1.96966240762242,2.496,4.11932,248.09840496,10.28182272,14935.4058314729,75.3971568528571,2817.90244838143,24.4019143242857,1409.36812918714,46.4865286685714,1788.97971889,74.52147075,14669.4281529029,74.0514995028571,2730.06365095,23.6403141028571,1390.24000767286,45.8572714671429,1737.73702567,72.40977042,2.42517962371935,0.740357839406454,1.52985757120684,7.19815855601769,248.29943736,9.4835726,71.1000289914286,23.6731858928571,44.4207147871429,59.2811709814286,1.19769779159879
312,2019,9,955,2019-09-07,2019-09-13,210.71,210.71,210.71,210.71,62.738,1.69604540033562,2.614,4.0717,255.4503146,10.6434238,14614.2945033486,74.1883272457143,2874.54139927286,24.3661717,1347.52915736571,45.1467138042857,1660.77342006,72.3273707785714,14242.2451171886,72.29965646,2745.62841796857,23.2734146128571,1334.96283830857,44.7256998314286,1627.36928013143,70.8726425157143,2.54971791407235,1.56738049927533,0.787202856551499,1.27577821411706,248.09840496,10.28182272,74.0514995028571,23.6403141028571,45.8572714671429,72.40977042,1.96966240762242
311,2019,9,956,2019-09-14,2019-09-20,225.55,225.55,221.28,221.28,65.556,1.70428284037576,2.534,4.11784,269.94911904,10.43460656,12967.79171317,65.8299707671429,2708.45971679714,22.9583571314286,1312.64442662,43.9779565,1519.35573032857,66.1686014428571,12653.0333426357,64.2321434,2576.96812221,21.8437573571429,1294.72757394286,43.3776997171429,1498.15741838857,65.2453989285714,2.40806164999907,2.99163274754902,1.9661931687179801,1.68972199155403,255.4503146,10.6434238,72.29965646,23.2734146128571,44.7256998314286,70.8726425157143,1.69604540033562
310,2019,9,957,2019-09-21,2019-09-27,231.12,231.12,231.12,231.12,63.152,1.15994396416387,2.404,4.16616,263.10133632,10.01544864,12639.5492466514,64.1636717657143,4471.58970424143,37.9036140442857,1224.79399762857,41.0346864971429,1424.12559291286,62.0212729314286,12007.5799386171,60.9555288057143,4356.52758789286,36.92824282,1212.86600167571,40.6350566314286,1412.23869978,61.5035999828571,1.63366241016406,2.10078715857683,1.92918623095612,2.49851182861433,269.94911904,10.43460656,64.2321434,21.8437573571429,43.3776997171429,65.2453989285714,1.70428284037576
309,2019,9,958,2019-09-28,2019-10-04,238.02,238.02,238.02,238.02,59.222,1.32293990793236,2.352,4.13044,244.61291768,9.71479488,13516.5924944214,62.1122142242857,3605.80838448857,28.4363852928571,1106.11357770714,35.3690003,1350.75898088714,57.2712429585714,13117.2555803586,60.25641523,3505.57655552571,27.6379282814286,1092.97988455571,34.9497004928571,1345.66556222143,57.0578139171429,6.37859680172854,5.17638735056089,3.9373883392767,2.81160114760158,263.10133632,10.01544864,60.9555288057143,36.92824282,40.6350566314286,61.5035999828571,1.15994396416387
308,2019,10,959,2019-10-05,2019-10-11,270.84,270.84,270.84,270.84,59.394,0.894360106444487,2.214,4.0937,243.1412178,9.0634518,13297.8313337057,56.2168720785714,5064.91196986714,37.68067169,1078.10128348143,33.0927284785714,1489.65874372286,61.8272285457143,13023.5559430829,55.0573425271429,4743.28948102714,35.28794316,1066.85143171,32.7474141785714,1488.97630092,61.7989147714286,1.67491901745979,5.51204592700254,1.56445189001041,3.69537906457925,244.61291768,9.71479488,60.25641523,27.6379282814286,34.9497004928571,57.0578139171429,1.32293990793236
307,2019,10,960,2019-10-12,2019-10-18,273.52,273.52,273.52,273.52,59.322,0.414692657277829,2.32,4.14538,245.91223236,9.6172816,14312.8017578129,60.5076430185714,4134.74393136286,30.7606566285714,1096.28613281286,33.6508996157143,1628.00601632143,67.5692291257143,13934.9645647314,58.91035734,3908.30001395,29.0759857728571,1086.56998988571,33.3526856557143,1628.00601632143,67.5692291257143,1.25379106243697,6.84699097134384,2.05497016483472,1.62670040358893,243.1412178,9.0634518,55.0573425271429,35.28794316,32.7474141785714,61.7989147714286,0.894360106444487
306,2019,10,961,2019-10-19,2019-10-25,273.51,273.51,273.51,273.51,60.748,1.22403839809024,2.3,4.0618,246.7462264,9.34214,13619.6928013429,57.5775429857143,6689.5867048,49.7675149128571,1033.86642891857,31.7349139614286,2125.94867815143,88.2359848042857,13249.5916573671,56.0129132957143,6496.80078125,48.3332579485714,1027.62786865286,31.5434145242857,2124.28283691143,88.16685595,1.18640823165298,5.67265171678825,4.04429949248053,7.67042456068435,245.91223236,9.6172816,58.91035734,29.0759857728571,33.3526856557143,67.5692291257143,0.414692657277829
305,2019,10,962,2019-10-26,2019-11-01,301.65,301.65,301.65,301.65,60.226,0.625803483531143,2.714,3.99442,240.56793892,10.84085588,14640.9024832614,59.3811574671428,7477.24365234429,60.9049851557143,834.195138114286,24.1644570485714,2102.04244559143,82.1949283057143,14235.6552734386,57.7500147142857,6811.55189732286,55.2403433671429,828.365295411429,23.9903994957143,2102.04244559143,82.1949283057143,5.33814068292341,24.8595340962176,3.66272664396393,13.4696606805812,246.7462264,9.34214,56.0129132957143,48.3332579485714,31.5434145242857,88.16685595,1.22403839809024
304,2019,11,963,2019-11-02,2019-11-08,334.73,334.73,334.73,334.73,62.39,0.316385840388285,2.789,4.05156,252.7768284,11.29980084,15262.5145089286,48.3370285042857,15113.5700334829,160.317196438571,1067.06744384857,19.9715431742857,2096.67072405143,51.8321854714286,14849.7430245543,47.0297568185714,12282.9592633943,130.291511535714,1057.99912806857,19.8018144885714,2090.60902622714,51.6823430728571,0.857539347823524,39.7594534951956,1.26419085639023,0.878626497260551,240.56793892,10.84085588,57.7500147142857,55.2403433671429,23.9903994957143,82.1949283057143,0.625803483531143
303,2019,11,964,2019-11-09,2019-11-15,308.2,308.2,308.2,308.2,62.564,0.449699899933742,2.688,4.172225,261.0310849,11.2149408,17610.2380022343,55.7723573942857,11292.8768136171,119.789202008571,1177.01443917429,22.0293284828571,2229.06131417571,55.1050431385714,17234.3214285743,54.5818149042857,9254.41978236857,98.1662575857143,1163.71913365143,21.7805284771429,2229.06131417571,55.1050431385714,3.4198494161308,9.22973669761613,0.526463355329887,2.25019540504571,252.7768284,11.29980084,47.0297568185714,130.291511535714,19.8018144885714,51.6823430728571,0.316385840388285
302,2019,11,965,2019-11-16,2019-11-22,322.84,322.84,322.84,322.84,63.762,1.16994444312518,2.665,4.1951599999999996,267.49179192,11.1801014,22562.5256696457,71.4564721242857,6429.71351841571,68.2031991142857,1299.12555803571,24.3148283257143,2639.97984095857,65.26341302,22163.0820312529,70.1914133328571,6145.10253906428,65.1841708585714,1284.19386509571,24.0353570657143,2637.64801897286,65.2057707642857,4.17104400787196,13.6104990050169,1.67534380022294,4.66972613111642,261.0310849,11.2149408,54.5818149042857,98.1662575857143,21.7805284771429,55.1050431385714,0.449699899933742
301,2019,11,966,2019-11-23,2019-11-29,317.33,317.33,317.33,317.33,64.74,0.197863589371726,2.281,4.2388,274.419912,9.6687028,23525.8459821457,74.5073438385714,4496.83182198714,47.7001282828571,1617.38842773571,30.2715140742857,3354.82627650714,82.9352994628571,23052.4375000029,73.0080424714286,4240.56672014571,44.9818137028571,1589.46857561571,29.7489422385714,3334.18397740143,82.4249845228571,2.64246358423185,7.41622214505411,2.34891541452421,5.01656444175301,267.49179192,11.1801014,70.1914133328571,65.1841708585714,24.0353570657143,65.2057707642857,1.16994444312518
300,2019,11,967,2019-11-30,2019-12-06,234.99,234.99,234.99,234.99,64.714,1.5648418450438,2.334,4.20168,271.90751952,9.80672112,30382.24637277,67.2732440385714,4887.98960658286,63.1729714542857,2194.20268903571,24.3874285585714,3969.01039341429,54.1812869485714,29761.0619419657,65.9122859414286,4679.02929687571,60.4846000685714,2160.86214774,24.0146146485714,3967.96955217571,54.1688014442857,8.52476958787823,3.26002289853623,5.26040969592965,15.8275500591765,274.419912,9.6687028,73.0080424714286,44.9818137028571,29.7489422385714,82.4249845228571,0.197863589371726
299,2019,12,968,2019-12-07,2019-12-13,217.57,217.57,217.57,217.57,66.498,0.741262436657111,2.296,4.12188,274.09677624,9.46383648,37526.5959821429,78.0058146871429,4053.32512555857,54.13760049,3321.23859514714,33.43931416,4409.88776506714,52.8768713814286,36829.6484375,76.5570864,3870.20424107143,51.69177137,3306.00010463286,33.2859001157143,4393.34144810286,52.67848587,3.77435032955101,3.82382467479439,3.23906596450762,0.567652376927549,271.90751952,9.80672112,65.9122859414286,60.4846000685714,24.0146146485714,54.1688014442857,1.5648418450438
298,2019,12,969,2019-12-14,2019-12-20,226.59,226.59,226.59,226.59,68.88,0.703325434394913,2.328,4.06832,280.2258816,9.47104896,43508.2628348214,90.4398138885714,5038.50934709714,67.2960575642857,4591.73130580429,46.2310567571429,4403.10142299143,52.7955289571429,42649.0993303571,88.6538837971429,4846.81288365286,64.73569979,4576.49274553714,46.0776285428571,4350.06501116143,52.1595851357143,2.15792665840205,12.7811456342692,7.88035741073651,0.813097551273413,274.09677624,9.46383648,76.5570864,51.69177137,33.2859001157143,52.67848587,0.741262436657111
297,2019,12,970,2019-12-21,2019-12-27,195.13,195.13,195.13,195.13,68.73,0.842970936628866,2.158,4.06695,279.5214735,8.7764781,44621.1261160714,92.7530713771429,4938.50115094714,65.96031407,7233.4342215385695,72.8286012928571,4509.88106864,54.0758574357143,42278.78125,87.88408552,4824.40032087143,64.4363430571429,7209.49379185429,72.5875712785714,4469.93917410857,53.5969429028572,1.91598678997138,11.6678760420378,5.08682220170834,0.304796760316666,280.2258816,9.47104896,88.6538837971429,64.73569979,46.0776285428571,52.1595851357143,0.703325434394913
296,2019,12,971,2019-12-28,2020-01-03,290.33,290.33,290.33,290.33,68.05,0.856699091474346,2.13,4.033125,274.45415625,8.59055625,38251.9983258929,70.7885567785714,2852.81072126143,37.9255142185714,6022.10965401857,54.5543011257143,5095.32066127143,47.8046569814286,37574.9715401786,69.5558013914286,2739.60083007714,36.4216575614286,5998.74560546857,54.3462142942857,5054.15478515571,47.46818597,14.2673607875082,4.5375214187388,15.2206517018751,11.9026764890023,279.5214735,8.7764781,87.88408552,64.4363430571429,72.5875712785714,53.5969429028572,0.842970936628866
295,2020,1,972,2020-01-04,2020-01-10,368.51,368.51,368.51,368.51,67.93,1.5484669838262901,2.202,4.07052,276.5104236,8.96328504,43837.5904017857,66.7492000042857,3058.15209960857,40.3615711757143,5419.08175223143,39.9496432714286,7426.22858538143,47.43642807,42059.6478794643,64.0419998171429,2931.77612304857,38.6936569214286,5393.43115234429,39.7605710714286,7393.73263114,47.2288420542857,5.03131840133777,2.12870959643711,0.649056793528964,5.72048369802057,274.45415625,8.59055625,69.5558013914286,36.4216575614286,54.3462142942857,47.46818597,0.856699091474346
294,2020,1,973,2020-01-11,2020-01-17,268.32,268.32,268.32,268.32,64.112,0.515480358500127,2.003,4.15814,266.58667168,8.32875442,48605.703125,74.0093558171429,4824.01960100571,63.66757202,5183.04261997714,38.20955658,10006.5551060286,63.9187431342857,46528.2483258929,70.84612819,4609.43802316,60.83551298,5167.80615234429,38.0972284585714,9991.79673549286,63.82447161,0.756058962853317,6.4550840146378,0.701723183539136,3.52965778871464,276.5104236,8.96328504,64.0419998171429,38.6936569214286,39.7605710714286,47.2288420542857,1.5484669838262901
293,2020,1,974,2020-01-18,2020-01-24,355.42,355.42,355.42,355.42,62.2,2.06807881861391,1.893,4.18266,260.161452,7.91777538,46636.65234375,71.0111716114286,3539.69625418571,46.7170143128571,6389.71017020286,47.1051428657143,10433.6226283486,66.6467132571429,45242.3660714286,68.8881563457143,3367.94803292571,44.4502710614286,6369.83984375143,46.9586710257143,10380.8874162957,66.30987331,1.64432197301398,8.83022474713077,4.82511482698807,0.737667348430648,266.58667168,8.32875442,70.84612819,60.83551298,38.0972284585714,63.82447161,0.515480358500127
292,2020,1,975,2020-01-25,2020-01-31,333,333,332.28,332.28,58.572,0.835984449615371,1.841,4.22922,247.71387384,7.78599402,62776.5362723214,95.5864998957143,2458.05255998857,32.4414569314286,7687.25244140571,56.6706575657143,11779.2096819214,75.2419139314286,58665.0318080357,89.3261555271429,2286.48200334714,30.1770564471429,7683.37625558143,56.6421001971429,11736.3250558057,74.9679554514286,5.15409833166915,2.13604270993423,1.67655227628166,5.24128394607951,260.161452,7.91777538,68.8881563457143,44.4502710614286,46.9586710257143,66.30987331,2.06807881861391
291,2020,2,976,2020-02-01,2020-02-07,190.96,191.01,190.96,190.96,54.594,0.664966164551939,1.858,4.25656,232.38263664,7.90868848,59531.37890625,84.4473288385714,3012.08757673,36.1346855157143,8473.15415737,59.4537707728571,14077.8949497771,62.03951427,58120.1277901786,82.4454007828571,2896.13528878286,34.7436719614286,8458.41476004857,59.3503576,14049.3634207614,61.9137992871429,3.40665616572541,1.35064030466662,7.01663915336637,2.27565156689084,247.71387384,7.78599402,89.3261555271429,30.1770564471429,56.6421001971429,74.9679554514286,0.835984449615371
290,2020,2,977,2020-02-08,2020-02-14,150.67,174.24,150.67,149.89,55.328,1.63999085363306,1.837,4.32462,239.27257536,7.94432694,76027.3716517857,107.847456794286,2698.21010044571,32.3692572442857,11954.5784040214,83.8819558285714,15928.7752511171,70.1961299342857,72131.2823660714,102.320743015714,2535.58799525714,30.4183570314286,11949.9178292443,83.8492704128571,15818.1001674129,69.7083865585714,3.39861039428451,1.17895706326308,5.61476026487877,4.4306692700029,232.38263664,7.90868848,82.4454007828571,34.7436719614286,59.3503576,61.9137992871429,0.664966164551939
289,2020,2,978,2020-02-15,2020-02-21,146.13,171.14,144.93,132.63,58.644,1.07871683031234,1.905,4.36246,255.83210424,8.3104863,82060.0848214286,116.405070711429,2107.38685826,25.2813859671429,13275.9084821443,93.1533715385714,19012.5440848229,83.7858984814286,77417.4732142857,109.819372994286,1927.99373953714,23.1292716442857,13263.5513392871,93.0666710985714,18949.0973772343,83.5062866228571,1.28794404182704,1.87786709578599,0.803640129461011,3.17666921227821,239.27257536,7.94432694,102.320743015714,30.4183570314286,83.8492704128571,69.7083865585714,1.63999085363306
288,2020,2,979,2020-02-22,2020-02-28,143.85,180.77,125.8,39.68,54.242,2.37942640146704,1.684,4.46973333333333,242.447275466667,7.52703093333333,77703.6060267857,110.225256785714,2731.64217703714,32.7703146257143,12815.3094308043,89.9214717328571,19384.8942522343,85.4267861485714,72734.3705357143,103.176243372857,2580.5844029,30.9581287914286,12808.28138951,89.8721575071429,19242.0025111629,84.7971006128571,1.54047046810503,16.5148886533636,2.67703340575876,1.25961078374255,255.83210424,8.3104863,109.819372994286,23.1292716442857,93.0666710985714,83.5062866228571,1.07871683031234
287,2020,2,980,2020-02-29,2020-03-06,58.6,66.78,58.6,57.34,50.702,2.88910366722974,1.708,4.55446,230.92023092,7.77901768,88914.4464285714,128.61667088,3737.83447265714,51.0878137857143,12505.3678850457,88.3719144557143,22827.2430245557,87.5856007171429,80094.4419642857,115.855086191429,3645.74598912,49.82308633,12495.1265345986,88.2995714457143,22769.0736607171,87.3615722657143,5.49270545062932,10.1988081341363,1.01223826833924,4.96959951043193,242.447275466667,7.52703093333333,103.176243372857,30.9581287914286,89.8721575071429,84.7971006128571,2.37942640146704
286,2020,3,981,2020-03-07,2020-03-13,86.62,158.2,84.67,39.68,34.098,2.16226039134974,1.869,4.73944,161.60542512,8.85801336,81415.0602678571,118.116771154286,1751.92885044571,24.6053431385714,12817.5499441971,90.6853713971428,26740.4559151786,100.254199435714,74080.1383928571,107.475273131429,1605.16702706571,22.54410008,12754.2399553571,90.2374441971428,24600.1537388414,92.2298289714286,7.04459687406914,3.58241499263277,1.44540457266749,3.2326772201262,230.92023092,7.77901768,115.855086191429,49.82308633,88.2995714457143,87.3615722657143,2.88910366722974
285,2020,3,982,2020-03-14,2020-03-20,100.86,224.12,98.97,39.68,25.654,2.33397300755596,1.604,5.05464,129.67173456,8.10764256,61755.7455357143,89.5950568057143,1369.40155901286,19.2328425828571,13053.1371372786,92.3521717614286,32160.5583147343,120.575014388571,57224.2834821429,83.0208435071429,1140.62416294571,16.0197571328571,12834.2505580386,90.8035147528572,20907.6049107171,78.3859143942857,5.51799325595737,1.3177612679121,3.49870859422212,2.38649417755352,161.60542512,8.85801336,107.475273131429,22.54410008,90.2374441971428,92.2298289714286,2.16226039134974
284,2020,3,983,2020-03-21,2020-03-27,101.98,201.83,39.68,39.68,23.582,1.53442823227417,1.634,5.06624,119.47207168,8.27823616,59382.83203125,86.1524571,1399.92442103857,19.6615431657143,15131.30106027,107.055400302857,33951.7427455357,127.290427072857,54124.9547991071,78.5243715557143,1043.75198800429,14.6592287357143,14942.98465402,105.723029002857,18107.9525669671,67.8895568828571,2.1512593690976902,2.26968517585539,3.5061374253852,3.47976393717457,129.67173456,8.10764256,83.0208435071429,16.0197571328571,90.8035147528572,78.3859143942857,2.33397300755596
283,2020,3,984,2020-03-28,2020-04-03,39.68,39.68,39.68,39.68,18.716,3.96997229209475,1.621,5.23208,97.92360928,8.48120168,58223.6702008929,93.4618715557143,1036.85114397286,15.03801414,14787.2551618314,114.357699804286,31336.7784598243,116.894342695714,52668.2204241071,84.5540139328571,740.539289201429,10.7392144885714,14562.8381696443,112.675573075714,17453.2133091529,65.0770715985714,7.36838303354129,0.356699927443528,9.72826768863766,4.020568751452,119.47207168,8.27823616,78.5243715557143,14.6592287357143,105.723029002857,67.8895568828571,1.53442823227417
282,2020,4,985,2020-04-04,2020-04-10,39.68,39.68,39.68,39.68,22.5325,2.05859782376252,1.733,5.18915,116.924522375,8.99279695,50938.9313616071,93.07258497,1122.86241803714,17.0285566871429,13066.0228794671,113.165772575714,28959.0973772357,107.273256575714,45891.3058035714,83.8498731328571,786.841134207143,11.9326857171429,12976.6026785729,112.391285488571,19848.0189732171,73.5230712885714,3.61023430850753,1.2999535003875,3.49435910209837,5.1035804781349,97.92360928,8.48120168,84.5540139328571,10.7392144885714,112.675573075714,65.0770715985714,3.96997229209475
281,2020,4,986,2020-04-11,2020-04-17,39.68,39.68,39.68,39.68,20.042,1.10569887401589,1.753,5.22362,104.69179204,9.15700586,46725.76953125,85.3745138985714,1184.83014787857,17.9683143071429,12770.3374720986,110.604813712857,28532.9215959843,105.694586615714,42662.6400669643,77.9506160171428,846.802289688571,12.8420143128571,12672.1467633943,109.754371644286,19005.1805245557,70.4009568371428,1.08032649602246,2.08441069367627,1.95016525298806,6.55076194350553,116.924522375,8.99279695,83.8498731328571,11.9326857171429,112.391285488571,73.5230712885714,2.05859782376252
280,2020,4,987,2020-04-18,2020-04-24,39.68,39.68,39.68,39.68,14.236,3.14240831210712,1.746,5.440925,77.4570083,9.49985505,46224.4481026786,84.4585571285714,986.667000907143,14.9631144671429,11096.1820591529,96.1048148014286,32402.67996652,120.029329572857,41421.6344866071,75.6831272671429,633.046299525714,9.60034302428572,10744.75139509,93.0610863814286,16345.3447265643,60.5481153214286,1.83374484427499,1.2181153428739,6.02368241728682,2.22065075578361,104.69179204,9.15700586,77.9506160171428,12.8420143128571,109.754371644286,70.4009568371428,1.10569887401589
279,2020,4,988,2020-04-25,2020-05-01,39.68,39.68,39.68,39.68,17.046,1.54030191845627,1.89,5.51445,93.9993147,10.4223105,41277.6082589286,79.0307998642857,776.452723911429,11.3999714185714,8584.63351004572,80.4993863771429,33010.4854910729,127.67465646,37339.9547991071,71.6309422057143,486.191711425714,7.14412859428572,8409.08147321714,78.8574295042857,17175.7430245557,66.8593570171429,7.52955716346313,0.87863595081474,13.7287538209892,11.599972658111,77.4570083,9.49985505,75.6831272671429,9.60034302428572,93.0610863814286,60.5481153214286,3.14240831210712
278,2020,5,989,2020-05-02,2020-05-08,53.85,53.85,39.68,39.68,23.5725,2.19495444144063,1.823,5.6767,133.81401075,10.3486241,34714.6629464286,86.8696430757143,867.417140414286,10.0459999371429,7422.38448660857,106.2240557,28793.35323661,141.146669661429,32967.7226562514,82.4981013714286,567.466574534286,6.57212863714286,7360.06068638571,105.332114081429,19053.2912946443,93.40031324,1.76396298699177,1.39535841410308,1.92603597305488,3.85803848340249,93.9993147,10.4223105,71.6309422057143,7.14412859428572,78.8574295042857,66.8593570171429,1.54030191845627
277,2020,5,990,2020-05-09,2020-05-15,61.33,61.33,39.68,39.68,28.182,2.23134936753528,1.646,5.8454,164.7350628,9.6215284,31674.3077566986,79.2614855071429,1011.90000697571,11.7193286085714,6214.94238281286,88.9439708171429,24559.7918526814,120.393499102857,30526.5292968771,76.3892724157143,689.965288435714,7.99084282142857,6197.05824497857,88.6880286071429,17741.1961495557,86.9683565414286,2.00741818690948,1.71369580254317,8.14086059416871,4.91419174125246,133.81401075,10.3486241,82.4981013714286,6.57212863714286,105.332114081429,93.40031324,2.19495444144063
276,2020,5,991,2020-05-16,2020-05-22,78.88,78.88,39.68,39.68,33.94,0.80336791073578,1.731,5.66712,192.3420528,9.80978472,30540.8789062529,76.4252003271429,1427.65600585857,16.5344002571429,4763.72412109571,68.1751572757143,22310.8579799129,109.3691003,29285.5482700929,73.2838581628571,1096.60785784,12.7003570971429,4739.14515904143,67.82338551,16733.7978515657,82.0300576357143,0.745160688891992,8.31088653117551,4.4256879800712,3.40369666838287,164.7350628,9.6215284,76.3892724157143,7.99084282142857,88.6880286071429,86.9683565414286,2.23134936753528
275,2020,5,992,2020-05-23,2020-05-29,91.41,91.41,39.68,39.68,33.722,0.568304495847065,1.849,5.38218,181.49787396,9.95165082,30393.07700893,76.0553425371429,3754.29809570571,43.4804861885714,4258.52103097143,60.9450144085714,20731.9042968771,101.628985814286,29188.0870535757,73.0399845657143,3439.00629534143,39.8288705014286,4221.22834124,60.4113142828571,17372.2170758957,85.1596134742857,2.87464680734208,12.2764474566805,2.24339863482705,3.50909470645883,192.3420528,9.80978472,73.2838581628571,12.7003570971429,67.82338551,82.0300576357143,0.80336791073578
274,2020,5,993,2020-05-30,2020-06-05,104.09,104.09,39.68,39.68,38.37,1.5929532322074,1.782,5.15084,197.6377308,9.17879688,27802.5864955386,80.5659997128571,1924.34101213714,19.4767145442857,4019.72380719857,78.6247558585714,18349.7265625029,147.071056911429,27249.9294084857,79.0927134928571,1561.16413225143,15.8132855557143,3942.52626255571,77.1038851057143,15304.0905412943,123.718229022857,6.92474128376673,3.9134621788669,13.8821738378033,33.6576668122478,181.49787396,9.95165082,73.0399845657143,39.8288705014286,60.4113142828571,85.1596134742857,0.568304495847065
273,2020,6,994,2020-06-06,2020-06-12,114.92,114.92,39.68,39.68,39.518,1.38727070177398,1.731,4.940775,195.24954645,8.552481525,26186.2734375014,80.2773568285714,9473.45692661857,90.1900427685714,3887.80510602714,84.2659421642857,14736.1343471014,137.751484462857,25650.6877790214,78.63544246,8413.03574916428,80.09449986,3839.10874721143,83.2104731985714,13555.12151228,126.71155984,1.47925747085044,49.901114659824,2.93061996336354,5.30905087552259,197.6377308,9.17879688,79.0927134928571,15.8132855557143,77.1038851057143,123.718229022857,1.5929532322074
272,2020,6,995,2020-06-13,2020-06-19,127.68,127.68,86.21,86.21,40.948,1.12859204321118,1.669,5.2514,215.0343272,8.7645866,25097.9333147343,76.9408852742857,11490.9389648457,109.397040231429,3259.00980050286,70.6371558057143,11565.0062779029,108.108185905714,24371.7519531286,74.7146998828571,11152.1125837057,106.171285357143,3240.19803292286,70.22944314,10454.9168526786,97.7312153428571,1.28855949904728,33.0789390371131,3.15339409440333,6.28408589127729,195.24954645,8.552481525,78.63544246,80.09449986,83.2104731985714,126.71155984,1.38727070177398
271,2020,6,996,2020-06-20,2020-06-26,117.82,117.82,89.07,89.07,41.694,1.2024475040518,1.495,5.28504,220.35445776,7.9011348,23037.3058035743,70.6238000071429,4591.07700892857,43.7083418728571,3022.15028599429,65.5033574785714,9391.74776785714,87.7928564885714,22803.0404575929,69.90561349,4297.52200753286,40.9136428842857,3006.05269949857,65.1544565471429,8724.03390067143,81.55115727,2.64884959574288,7.23055762904319,1.02940155803577,4.39149590630422,215.0343272,8.7645866,74.7146998828571,106.171285357143,70.22944314,97.7312153428571,1.12859204321118
270,2020,6,997,2020-06-27,2020-07-03,96.57,96.57,90.69,94.82,42.302,0.732270441845307,1.734,5.384,227.753968,9.335856,25117.2126116114,86.15815735,8911.15883091714,82.8038558957143,2824.92588588143,66.6390849528571,8029.60511997857,106.524756295714,24899.0627790214,85.3913279942857,7891.24246651857,73.35710035,2808.14397321429,66.2474719471429,7206.19531250143,95.8618283957143,13.3851409391132,27.8938923352551,5.43768490766452,33.1690434605219,220.35445776,7.9011348,69.90561349,40.9136428842857,65.1544565471429,81.55115727,1.2024475040518
269,2020,7,998,2020-07-04,2020-07-10,83.69,83.69,83.69,83.69,43.06,0.519037570894392,1.805,5.32546,229.3143076,9.6124553,23692.8292410743,92.2046432485714,20516.9885602686,187.572826931429,2625.89299665143,69.0046277728571,6821.27643694429,129.246287755714,23455.4525669671,91.28085763,17115.5661272329,156.475927081429,2610.05528041286,68.5884290414286,6147.42180524714,116.47842843,5.66196161523152,83.6437300703195,1.39891378435133,6.34194070789696,227.753968,9.335856,85.3913279942857,73.35710035,66.2474719471429,95.8618283957143,0.732270441845307
268,2020,7,999,2020-07-11,2020-07-17,85.45,85.45,85.35,85.45,43.404,0.477995815880641,1.718,5.3661,232.9102044,9.2189598,20316.65792411,79.0657010757143,16578.5245535729,151.566114154286,2426.18111746714,63.7564724514286,5823.13204520143,110.333928788571,20096.1869419643,78.2076993671429,13999.4701450886,127.987616404286,2409.89941406429,63.3286285385714,5304.24853515857,100.502371651429,2.21875255096821,22.1835864971305,2.41784196111462,5.34652401447384,229.3143076,9.6124553,91.28085763,156.475927081429,68.5884290414286,116.47842843,0.519037570894392
267,2020,7,1000,2020-07-18,2020-07-24,90.32,90.32,89.9,90.32,43.568,0.556569851860343,1.808,5.21584,227.24371712,9.43023872,18436.5083705386,71.7487716671428,10169.2840401786,92.9708132071429,2280.87569754429,59.9380722028571,5001.01904296714,94.7569416585714,18238.0736607157,70.9765428814286,9405.85574777,85.9913281042857,2265.66144670714,59.5382712214286,4621.73869977714,87.5705130442857,2.41406239126575,23.0946084065361,0.218929200010226,3.8572717760764,232.9102044,9.2189598,78.2076993671429,127.987616404286,63.3286285385714,100.502371651429,0.477995815880641
266,2020,7,1001,2020-07-25,2020-07-31,93.25,93.25,80.93,93.25,43.224,0.218357505024216,1.799,5.17802,223.81473648,9.31525798,16854.9645647343,65.5939440057143,6294.74776785714,57.5485714485714,2310.13085937571,60.7068432414286,4444.04255022571,84.2036002014286,16639.3394252229,64.7547858114286,6064.45738002429,55.4431855342857,2294.02389090429,60.2836003985714,3947.92525809286,74.8034144828571,1.66485348309759,3.60697803585101,0.400888964252922,2.42774926533255,227.24371712,9.43023872,70.9765428814286,85.9913281042857,59.5382712214286,87.5705130442857,0.556569851860343
265,2020,8,1002,2020-08-01,2020-08-07,92.98,92.98,73.03,92.98,44.356,0.582434545679011,2.238,5.33584,236.67651904,11.94160992,16238.6782924114,78.9009704585714,5001.2719029,50.01984351,2361.89742606,71.1651142671429,3774.453125,117.394871302857,16072.6429966543,78.0942578985714,4929.27239118286,49.2997714457143,2348.12775530143,70.7502288828571,3596.27570451857,111.853114537143,1.36612839131545,6.0296926762138,2.94699872597302,2.69306791440581,223.81473648,9.31525798,64.7547858114286,55.4431855342857,60.2836003985714,74.8034144828571,0.218357505024216
264,2020,8,1003,2020-08-08,2020-08-14,103.18,103.18,76.71,103.18,44.538,0.586489556598867,2.356,5.40784,240.85437792,12.74087104,15334.8141741086,74.5092718957143,4877.04467773429,48.7774151385714,2242.92431640571,67.5804149071429,3413.09315708571,106.155686514286,15096.5057198671,73.3513565071429,4717.13476562571,47.1781000428571,2230.98999023286,67.2208142942857,3342.16643415286,103.949685234286,2.03662425688855,14.4522084099701,2.16997609247166,3.33472226632267,236.67651904,11.94160992,78.0942578985714,49.2997714457143,70.7502288828571,111.853114537143,0.582434545679011
263,2020,8,1004,2020-08-15,2020-08-21,94.16,94.16,73.86,94.16,44.792,0.563178479702391,2.448,5.53212,247.79471904,13.54262976,16993.1277901786,82.5667277742857,18051.2081473257,180.537872312857,2096.42797851714,63.16639982,2811.67124721,87.4499707885714,16692.34919085,81.1053150728571,16362.8491908514,163.651869638571,2081.60184151714,62.7196862357143,2762.42456054714,85.9182989942857,11.2583171631762,16.5243474333591,0.970119174172185,8.41138411357369,240.85437792,12.74087104,73.3513565071429,47.1781000428571,67.2208142942857,103.949685234286,0.586489556598867
262,2020,8,1005,2020-08-22,2020-08-28,58.27,58.27,56.82,58.27,45.258,0.653888369677755,2.657,5.56472,251.84809776,14.78546104,21220.1788504486,103.105257307143,11805.51171875,118.071983338571,2196.10414341571,66.1696848185714,2442.83611188714,75.9782714857143,20922.9121093786,101.660886492857,11499.6761997786,115.013184684286,2191.65754045857,66.0357153757143,2380.11631557143,74.0275279457143,6.65455239320422,22.4720201434924,4.9261399666578,4.22208894974678,247.79471904,13.54262976,81.1053150728571,163.651869638571,62.7196862357143,85.9182989942857,0.563178479702391
261,2020,8,1006,2020-08-29,2020-09-04,66.89,66.89,51.88,66.89,43.06,1.92893753138881,2.588,5.36166,230.8730796,13.87597608,17209.4863281271,85.5888998842857,7046.70354352714,65.1337569114286,1897.35299246571,60.9975291671429,3543.72739955429,141.173601424286,16931.9860491071,84.20275661,6857.21184430857,63.4430558342857,1876.17229352857,60.3255282814286,3433.27343750143,136.759943282857,4.23473999324435,14.0228867520942,2.6926187941464,69.4342212066448,251.84809776,14.78546104,101.660886492857,115.013184684286,66.0357153757143,74.0275279457143,0.653888369677755
260,2020,9,1007,2020-09-05,2020-09-11,76.24,76.24,55.23,76.24,39.45,0.876156378736205,2.269,5.3122,209.56629,12.0533818,14058.7519531257,71.2595585428571,6311.21637835,53.9346144542857,1822.89442661571,61.4616857257143,2199.15255301429,96.1205422542857,13782.7306082614,69.8604987014286,5919.96547154,50.5910568228571,1807.93214634571,60.9572143542857,2150.34029715429,93.9870714457143,4.12863067608805,7.5719448678665,0.470447465067455,3.95161410305414,230.8730796,13.87597608,84.20275661,63.4430558342857,60.3255282814286,136.759943282857,1.92893753138881
259,2020,9,1008,2020-09-12,2020-09-18,88.98,88.98,63.42,88.98,40.28,1.61581764647711,2.048,5.27392,212.4334976,10.80098816,12131.6456473243,61.49164309,5217.72042410857,44.5897990628571,1831.42586844286,61.74935695,1941.19072614429,84.8455854128571,11465.9271763414,58.1173144742857,4945.75627790143,42.2656141,1815.23601423,61.2034705014286,1897.72741699429,82.9458705357143,3.53077633375551,4.53451769300444,2.4333965552945,3.21345547557576,209.56629,12.0533818,69.8604987014286,50.5910568228571,60.9572143542857,93.9870714457143,0.876156378736205
258,2020,9,1009,2020-09-19,2020-09-25,105.54,105.54,68.71,105.54,40.8033333333333,0.363629848425906,2.139,5.50862,224.770058066667,11.78293818,11634.2437221,58.97045735,3862.34242466571,33.0069566457143,1644.84157017286,55.4583571314286,1870.86270577714,81.77167184,10997.5998883929,55.7435003014286,3617.65035574857,30.9158564971429,1629.86415318143,54.9533860328571,1834.1988351,80.1691698357143,0.781728270370765,3.9168740770934,5.05297550252858,1.56006374000672,212.4334976,10.80098816,58.1173144742857,42.2656141,61.2034705014286,82.9458705357143,1.61581764647711
257,2020,9,1010,2020-09-26,2020-10-02,172.67,172.67,160.33,172.67,39.994,1.30281618043367,2.438,5.63334,225.29979996,13.73408292,11949.1438337071,57.75939996,3799.96128627143,31.2544858114286,1584.23114885429,52.1161864142857,1863.33372279714,80.3234874171428,11221.4980468786,54.2406147542857,3574.02873884,29.3877571642857,1571.12397112429,51.68314307,1848.77715192429,79.6930716385714,5.41904897113858,3.5854476654194,1.9432111456559,1.27728770661107,224.770058066667,11.78293818,55.7435003014286,30.9158564971429,54.9533860328571,80.1691698357143,0.363629848425906
256,2020,10,1011,2020-10-03,2020-10-09,261.89,261.89,164.86,261.89,41.06,0.878151467572722,2.741,5.5817,229.184602,15.2994397,11159.09486607,47.1687573042857,3589.42103794714,26.8853430071429,1795.60171944714,55.5448575685714,1824.82301548571,75.9686856957143,10520.4733537957,44.4693565371429,3390.12398856,25.3925571442857,1784.56143624429,55.2033429828571,1824.80301339286,75.9678573614286,1.27992095866728,1.92783365619836,2.16412877959496,1.37622648655792,225.29979996,13.73408292,54.2406147542857,29.3877571642857,51.68314307,79.6930716385714,1.30281618043367
255,2020,10,1012,2020-10-10,2020-10-16,281.43,281.43,170.66,281.43,41.32,0.499349576949905,2.773,5.597725,231.297997,15.522491425,11047.5294363843,46.6971996857143,2978.69587053571,22.3109283442857,1751.89971052,54.1929860785714,1870.64798409714,77.8764277871429,10698.4778180829,45.2217570714286,2823.79101562286,21.1506715514286,1743.14927455286,53.92231478,1870.64798409714,77.8764277871429,1.23431650162234,0.944790415498154,2.53529812399888,0.460114521913649,229.184602,15.2994397,44.4693565371429,25.3925571442857,55.2033429828571,75.9678573614286,0.878151467572722
254,2020,10,1013,2020-10-17,2020-10-23,315.94,315.94,219.01,315.94,40.998,0.603961919329167,2.971,5.59538,229.39938924,16.62387398,12020.7897600471,50.8110711228571,2311.68214634571,17.3148856842857,1770.91343471,54.7811562671429,1821.94414411286,75.8488431685714,11564.3522600457,48.8817716328571,2112.14242117714,15.82027122,1762.36669921857,54.5167574214286,1802.57257952143,75.0423998171429,0.878587981634997,1.8585622618323001,4.4773449918188,1.97620268287876,231.297997,15.522491425,45.2217570714286,21.1506715514286,53.92231478,77.8764277871429,0.499349576949905
253,2020,10,1014,2020-10-24,2020-10-30,317.03,317.03,185.11,317.03,37.906,1.49331175579664,3.354,5.71268,216.54484808,19.16032872,15355.1471819229,64.9051993228571,1902.80683245,14.2523429057143,1889.94243512857,58.4631718242857,1828.82468959,76.1352724357143,14700.3469587071,62.1374141171429,1724.06155831429,12.9134999657143,1883.29141671143,58.2574424742857,1820.47783551571,75.78780038,5.80703791000556,0.440077442978807,3.62156211794085,3.40356819279366,229.39938924,16.62387398,48.8817716328571,15.82027122,54.5167574214286,75.0423998171429,0.603961919329167
252,2020,10,1015,2020-10-31,2020-11-06,370.77,370.77,150.6,370.77,38.636,0.872427647429888,2.888,5.6185,217.076366,16.226228,18073.0027901814,60.0327001285714,1697.23271833286,17.19625691,2866.98828125,58.1653273442857,2662.54160853714,71.1206278128571,17423.4891183057,57.8727144514286,1345.17728097143,13.6202572428571,2791.03710937714,56.7315853642857,2644.42989676286,70.6710559285714,5.23266158372268,1.33000450455173,8.3950005617592,12.0331531225039,216.54484808,19.16032872,62.1374141171429,12.9134999657143,58.2574424742857,75.78780038,1.49331175579664
251,2020,11,1016,2020-11-07,2020-11-13,559.75,559.75,196.76,559.75,41.87,0.640039061307668,2.995,5.3891,225.641617,16.1403545,16347.3790457629,51.9918000357143,1653.13783482286,17.5386998314286,4927.94426618571,93.0250429442857,3724.40223911857,92.4474868757143,15750.76060268,50.0943140285714,1354.88157435857,14.3743856985714,4860.98353794714,91.7610277471428,3686.99909319286,91.5190582285714,1.60174388649113,3.01015499425856,8.45154418516723,4.12333066545681,217.076366,16.226228,57.8727144514286,13.6202572428571,56.7315853642857,70.6710559285714,0.872427647429888
250,2020,11,1017,2020-11-14,2020-11-20,476.59,476.59,276.71,476.59,43.008,0.483652768006739,2.65,5.35806,230.43944448,14.198859,19011.2195870557,60.4640001571429,2199.94841657286,23.3399998785714,5446.13337053571,102.806913105714,3742.88940429714,92.9063568114286,18060.4176897343,57.4400285985714,1956.03287179143,20.7522147042857,5402.92947823714,101.991371155714,3740.05430385143,92.8359712871428,5.97773519764091,2.6006008902395,1.88080051171577,4.26906244360786,225.641617,16.1403545,50.0943140285714,14.3743856985714,91.7610277471428,91.5190582285714,0.640039061307668
249,2020,11,1018,2020-11-21,2020-11-27,559.75,559.75,196.29,559.75,46.426,0.874116697014823,2.843,5.36076,248.87864376,15.24064068,21530.6771763429,68.4769723085714,2104.49368722143,22.32731465,5233.83377511143,98.7993436542857,5030.56291852857,124.869115557143,20916.0072544671,66.5220565785714,1815.89085170143,19.2653999328571,5079.11537388428,95.8787155142857,5010.40959821572,124.368859425714,3.77782790687079,1.06220230498485,6.92496906518029,10.8993119997637,230.43944448,14.198859,57.4400285985714,20.7522147042857,101.991371155714,92.8359712871428,0.483652768006739
248,2020,11,1019,2020-11-28,2020-12-04,559.75,559.75,559.75,559.75,47.828,0.938813080437144,2.575,5.23348,250.30688144,13.476211,17988.7500000029,46.4816850957143,4656.40318080286,58.7073846542857,4762.09591238857,64.7954428542857,5412.81842913,95.9870278514286,17291.8814174129,44.73761422,4301.32777622857,54.5173143642857,4654.38469587286,63.3162721914286,5399.07645089429,95.7124285,13.3532024120663,27.7365927307188,17.0296132437557,40.4882113557286,248.87864376,15.24064068,66.5220565785714,19.2653999328571,95.8787155142857,124.368859425714,0.874116697014823
247,2020,12,1020,2020-12-05,2020-12-11,210.74,210.74,200.33,210.74,49.324,0.784652789455352,2.591,5.0912,251.1183488,13.1912992,23085.67885045,48.0837435057143,8754.10100446571,117.450814382857,4861.84263393,49.2418000357143,4580.18087332571,55.2146993342857,21905.9762834843,45.6266288757143,8478.02559989,113.746829441429,4804.29813058143,48.6589862257143,4580.18087332571,55.2146993342857,8.1964824722751,11.1411605248555,4.06140188745041,1.90433464940575,250.30688144,13.476211,44.73761422,54.5173143642857,63.3162721914286,95.7124285,0.938813080437144
246,2020,12,1021,2020-12-12,2020-12-18,264.24,264.24,264.24,264.24,51.22,1.34350288425489,2.7,5.08342,260.3727724,13.725234,33358.5479910714,69.4805145257143,6591.60867745571,88.43739864,3548.80789620714,35.9430999742857,4510.39732143,54.3734719414286,32290.52120536,67.2559700014286,6188.02197265571,83.0226135257143,3543.03533063714,35.8846435528571,4510.01422991286,54.3688436228571,2.30526288151121,2.77079920090659,2.31489357945622,1.90309313291145,251.1183488,13.1912992,45.6266288757143,113.746829441429,48.6589862257143,55.2146993342857,0.784652789455352
245,2020,12,1022,2020-12-19,2020-12-25,198.36,198.36,197.79,198.36,50.605,0.51617180602288,2.518,5.1638,261.314099,13.0024484,35303.1138392857,73.5307159442857,7613.90750558286,102.15324402,4265.08244977714,43.1976852414286,5483.14508928714,66.1000845757143,34412.109375,71.67491477,7282.40680803857,97.7056012842857,4255.203125,43.0976284585714,5470.08586774429,65.9426291328571,1.71734970632077,13.7941244809982,5.79933510428214,5.88047708841042,260.3727724,13.725234,67.2559700014286,83.0226135257143,35.8846435528571,54.3688436228571,1.34350288425489
244,2020,12,1023,2020-12-26,2021-01-01,220.89,220.89,220.89,220.89,50.82,0.323728281125347,2.539,5.20605,264.571461,13.21816095,39511.66796875,78.9845433928571,5399.86181640857,72.41417149,5166.17557198714,50.2315859128571,6957.77999442,78.9565429685714,38788.7589285714,77.5006294242857,5148.56124442143,69.0448575714286,5154.55308314857,50.11971501,6936.93073381714,78.7051860271429,7.2961332637034,4.05340577158044,5.12510289977891,18.1776515965751,261.314099,13.0024484,71.67491477,97.7056012842857,43.0976284585714,65.9426291328571,0.51617180602288
243,2021,1,1024,2021-01-02,2021-01-08,297.43,297.43,291.83,297.43,53.308,1.8640198496799,2.7,5.30326,282.70618408,14.318802,43055.8683035714,65.4313141957143,5268.65659877286,70.4752273571429,5622.15199497857,41.6096997957143,6493.68673270286,41.6404996614286,42236.6824776786,64.1863991857143,5091.51269531571,68.1056845528571,5604.99197823571,41.4826856342857,6486.19914899714,41.5924851557143,0.860674125133219,3.25708575030192,3.16816369494761,1.7272642933048,264.571461,13.21816095,77.5006294242857,69.0448575714286,50.11971501,78.7051860271429,0.323728281125347
242,2021,1,1025,2021-01-09,2021-01-15,306.12,306.12,306.11,306.11,55.38,0.536656314600383,2.737,5.35948,296.8080024,14.66889676,43567.16015625,66.2083140785714,5007.25453404143,66.978628432857107,6243.58844866286,46.2089429585714,6535.98800223143,41.9117284485714,42381.921875,64.4071273814286,4879.78236607143,65.2735137957143,6232.25055803571,46.1250288842857,6508.32275390714,41.7343286771429,1.32253983841319,2.40655654361096,1.47990947940327,1.93594876174601,282.70618408,14.318802,64.1863991857143,68.1056845528571,41.4826856342857,41.5924851557143,1.8640198496799
241,2021,1,1026,2021-01-16,2021-01-22,215.56,214.3,214.19,214.29,55.23,0.602162768693303,2.446,5.32406,294.0478338,13.02265076,49592.6763392857,75.3651864171429,9422.30922154143,126.035813467143,6348.07296317,46.9822284142857,6847.74532645286,43.9108717785714,47271.0256696429,71.8370285042857,9274.70354352857,124.061386108571,6341.63797433143,46.93459974,6604.70228794857,42.3523575914286,4.63300911942527,66.604997591018,3.44345874112339,2.60580872042204,296.8080024,14.66889676,64.4071273814286,65.2735137957143,46.1250288842857,41.7343286771429,0.536656314600383
240,2021,1,1027,2021-01-23,2021-01-29,184.35,178.85,178.41,178.81,55.178,0.21626372788821,2.564,5.4356,299.9255368,13.9368784,49118.9553571429,74.64529964,22144.7954799157,296.215872628572,7054.33956473286,52.2093565814286,8616.47746931,55.2528005328571,48156.4252232143,73.1825583328571,20962.5309709843,280.401515414286,7043.92096819286,52.1322424771428,8057.20961216428,51.6664853771429,3.85236163385705,18.6299494844313,1.84206047760131,2.63270969336662,294.0478338,13.02265076,71.8370285042857,124.061386108571,46.93459974,42.3523575914286,0.602162768693303
239,2021,1,1028,2021-01-30,2021-02-05,152.1,141.53,146.43,146.43,58.222,1.21627299567221,2.863,5.3934,314.0145348,15.4413042,44088.6010044643,63.5442286914286,24896.9003906271,313.173346382857,6709.23835100429,47.8603428428572,8528.75969587,42.8653575357143,42829.01953125,61.7375292114286,22995.1922433071,289.0884552,6696.16413225714,47.7666429785714,7848.72133091714,39.5888859871429,2.55947860598355,59.1884576316938,4.48316837751933,10.7486589566022,299.9255368,13.9368784,73.1825583328571,280.401515414286,52.1322424771428,51.6664853771429,0.21626372788821
238,2021,2,1029,2021-02-06,2021-02-12,170.45,169.7,170.42,170.42,61.128,0.847419612707091,2.912,5.38642,329.26108176,15.68525504,46695.1037946429,65.8576567514286,11741.5124162957,142.91985866,5144.97739955429,36.0880154214286,8877.50613839428,39.2313711985714,45055.9308035714,63.5457861757143,11448.9031808043,139.358171735714,5129.34960937571,35.9784000928571,8039.87486049286,35.5297004157143,3.01254656209618,33.3922488024464,2.41556715454919,3.87999703763495,314.0145348,15.4413042,61.7375292114286,289.0884552,47.7666429785714,39.5888859871429,1.21627299567221
237,2021,2,1030,2021-02-13,2021-02-19,173.37,173.36,173.51,173.37,63.898,0.793737992034562,3.069,5.4094,345.6498412,16.6014486,52802.1350446429,74.4708426342857,6570.59019252286,79.9784426,4494.99658203143,31.5288857042857,13772.4393136186,60.8630278442857,49898.96484375,70.37628501,6481.38916015714,78.8926860257143,4485.4915597114305,31.4622285028571,13159.4425223243,58.1540570928571,3.18503540927077,9.6282354395678,1.97250455341312,10.331357653064,329.26108176,15.68525504,63.5457861757143,139.358171735714,35.9784000928571,35.5297004157143,0.847419612707091
236,2021,2,1031,2021-02-20,2021-02-26,184.15,184.44,184.05,184.03,65.858,0.926806344389774,2.771,5.47176,360.35917008,15.16224696,57982.2544642857,81.7767715457143,4443.56651088143,54.08789989,7311.81019810143,51.2866717771429,21498.4411272343,95.0056719085714,52046.0619419643,73.40448325,4372.31410435286,53.22064209,7304.09598214286,51.2325428571429,20784.5881696457,91.8510142728571,1.10331543086374,5.85473353551326,11.9446476652806,10.7102464985173,345.6498412,16.6014486,70.37628501,78.8926860257143,31.4622285028571,58.1540570928571,0.793737992034562
235,2021,2,1032,2021-02-27,2021-03-05,119.64,123.01,63.42,61.47,65.94,2.69719298530928,2.701,5.65732,373.0436808,15.28042132,58227.1015625,83.46208627,4821.15122767857,66.3974712914286,9539.75111607143,67.2462986528571,29208.9202008971,114.555927822857,49833.4559151786,71.4264864242857,4753.33900669714,65.4705412757143,9473.75041852857,66.7802145828571,26069.1174665214,102.557240077143,1.22732381349994,17.552280135586,3.01010164214457,7.24527095131518,360.35917008,15.16224696,73.40448325,53.22064209,51.2325428571429,91.8510142728571,0.926806344389774
234,2021,3,1033,2021-03-06,2021-03-12,70.71,71.37,60.03,52.49,68.154,0.94811919081944,2.6,5.69378,388.05388212,14.803828,56735.8978794643,81.8401434742857,6272.61007254429,89.4851008814286,12026.8348214314,84.9362716685714,29966.6395089314,112.276285444286,50940.0279017857,73.4797428685714,6204.79457310286,88.5176293514286,11935.6771763414,84.2925011785714,23450.22684152,87.8611875242857,1.27408989160485,7.19042828587085,5.2309840444098,4.38913635812918,373.0436808,15.28042132,71.4264864242857,65.4705412757143,66.7802145828571,102.557240077143,2.69719298530928
233,2021,3,1034,2021-03-13,2021-03-19,117.4,118.38,85.41,54.41,66.114,2.89788371057198,2.535,5.58504,369.24933456,14.1580764,53127.8984375,76.63569859,4752.30140904,67.7963556557143,11073.3671875,78.2026421685714,28394.7497209857,106.386899675714,48008.1657366071,69.2506136214286,4666.18464006714,66.5678144171429,11059.6801060271,78.10599954,22773.4087611643,85.3253577114286,1.29918544142745,3.97973573940266,5.51253085340102,4.99646671980026,388.05388212,14.803828,73.4797428685714,88.5176293514286,84.2925011785714,87.8611875242857,0.94811919081944
232,2021,3,1035,2021-03-20,2021-03-26,126.23,127.56,83.98,49.77,62.506,1.80973202436172,2.557,5.58294,348.96724764,14.27557758,47312.1746651786,68.2466561457143,3898.30751255571,55.6132708942857,8490.39794921857,59.9611434914286,29996.3652343771,112.387656075714,43055.5535714286,62.1065853671429,3798.74539620571,54.1929288585714,8465.56801060143,59.7857856757143,20960.1308593771,78.5315279271429,3.0747726801425,3.63126916653677,3.71625456900139,6.52971059556493,369.24933456,14.1580764,69.2506136214286,66.5678144171429,78.10599954,85.3253577114286,2.89788371057198
231,2021,3,1036,2021-03-27,2021-04-02,99.96,100.28,88.19,56.42,63.6775,0.345868472110376,2.639,5.734125,365.1347446875,15.132355875,41777.5228794643,64.5940143028571,4199.02291434143,61.16495732,6949.36460658571,51.8499995671429,28962.5772879486,108.171043397143,36333.8660714286,56.1666717514286,4108.95936802286,59.83927209,6926.99532645143,51.6799278257143,19173.5976562514,71.5925859728571,5.11599786515966,2.94107855036065,3.20830106865106,3.79344460252162,348.96724764,14.27557758,62.1065853671429,54.1929288585714,59.7857856757143,78.5315279271429,1.80973202436172
230,2021,4,1037,2021-04-03,2021-04-09,125.43,126.8,50.03,49.77,62.232,0.93194420433804,2.526,5.61876,349.66667232,14.19298776,38436.58984375,69.9315850371429,3025.71829659429,46.6686428614286,4926.73876953143,42.5672433042857,25965.8376116086,96.1677845528571,32442.8922991086,59.0266571028571,2885.14990234286,44.50050027,4905.69733537857,42.3854430071429,18938.6531808043,70.14169911,1.40521950889486,4.74388894609892,5.11042632681666,8.09996323113173,365.1347446875,15.132355875,56.1666717514286,59.83927209,51.6799278257143,71.5925859728571,0.345868472110376
229,2021,4,1038,2021-04-10,2021-04-16,108.77,115.38,66.47,49.77,64.686,1.90720476089999,2.68,5.66228,366.27024408,15.1749104,35574.1462053571,64.7236573357143,2180.77929687429,33.6363143942857,3544.37039620429,30.62352889,21495.7681361643,79.6122992371429,30436.6102120557,55.3763999928571,2040.31314523,31.4697715228571,3522.40970284571,30.4337858485714,16853.1092354943,62.4176276057143,1.36168796329436,1.77809221543722,1.98009339862474,3.76678832793338,349.66667232,14.19298776,59.0266571028571,44.50050027,42.3854430071429,70.14169911,0.93194420433804
228,2021,4,1039,2021-04-17,2021-04-23,161.94,165.53,133.06,115.01,65.344,0.925110804174518,2.73,5.518725,360.6155664,15.06611925,33096.0223214286,60.2149718157143,1909.68055943143,29.4549001971429,3605.96100725429,31.1556709828571,19626.9174107171,72.69077083,29327.62918527,53.3587428485714,1744.52657645143,26.9075431828571,3585.43028041286,30.97825677,15038.6861049114,55.6976721642857,0.769256291582278,1.41021671073906,1.50683354345885,1.96615571637513,366.27024408,15.1749104,55.3763999928571,31.4697715228571,30.4337858485714,62.4176276057143,1.90720476089999
227,2021,4,1040,2021-04-24,2021-04-30,146.95,153.74,109.19,102.38,66.964,1.11050889235595,2.931,5.41326,362.49354264,15.86626506,30830.3231026829,56.0927429185714,1545.12527901857,23.8320143571429,3341.09640067,28.8672286414286,20731.7753906271,76.7827715185714,27648.8339843786,50.3043142057143,1379.94656808143,21.2842715142857,3316.37789481,28.6536568228571,15108.8649553571,55.9575860171428,0.624269341168506,1.17636283033691,2.41431881108607,4.66580496781987,360.6155664,15.06611925,53.3587428485714,26.9075431828571,30.97825677,55.6976721642857,0.925110804174518
226,2021,5,1041,2021-05-01,2021-05-07,207.05,239.8,149.74,146.5,69.02,0.600083327547501,2.958,5.35096,369.3232592,15.82813968,28879.06277902,72.0910154057143,1472.27500697571,17.3304713114286,2836.34095982,40.5877140585714,20801.9553571443,102.027813502857,26197.0652901814,65.3959290628571,1267.78315080857,14.9233574171429,2785.83778599429,39.8650289271429,15674.6782924114,76.8799427585714,1.5948530238979,2.57546500093336,1.18381259442847,7.65200729325066,362.49354264,15.86626506,50.3043142057143,21.2842715142857,28.6536568228571,55.9575860171428,1.11050889235595
225,2021,5,1042,2021-05-08,2021-05-14,191.8,192.04,151.85,153.01,68.732,0.859284586151989,2.961,5.24938,360.80038616,15.54341418,25793.50167411,64.3884991242857,1937.09099469857,22.8019144871429,2691.77455357143,38.51897158,19672.2327008929,96.4868414742857,24223.7806919671,60.4699865085714,1632.13783482143,19.2122282314286,2670.63099888429,38.2164284857143,15864.5362723243,77.8111583171429,2.6907453668919,1.26434662503373,0.257965873309638,4.22761975823485,369.3232592,15.82813968,65.3959290628571,14.9233574171429,39.8650289271429,76.8799427585714,0.600083327547501
224,2021,5,1043,2021-05-15,2021-05-21,230.39,230.41,207.93,207.96,67.482,1.81301406503127,2.906,5.28134,356.39538588,15.34757404,24197.1830357157,60.4035998742857,1930.68085588857,22.7264567785714,2711.02200753429,38.7943850928571,16994.1145368314,83.3514142714286,23550.6559709843,58.7896575914286,1616.05214146286,19.0228854585714,2690.16643415286,38.4959569657143,14901.5753348229,73.0880998871429,1.61885479867652,1.67679638499388,0.818864562913407,4.97886763318843,360.80038616,15.54341418,60.4699865085714,19.2122282314286,38.2164284857143,77.8111583171429,0.859284586151989
223,2021,5,1044,2021-05-22,2021-05-28,231.73,231.73,221.99,222.99,69.022,0.362312020224964,2.986,5.29188,365.25614136,15.80155368,23513.2661830386,58.6963288428571,2996.30179269,35.2701143528571,2360.34800502286,33.7763140542857,13298.87779018,65.2273298014286,22710.6975446443,56.6928852628571,2545.33225795,29.96164322,2339.05932617143,33.4716854085714,11780.9299665186,57.7821998585714,2.3458135870077,4.48722777975128,2.14087266435459,4.96890862528004,356.39538588,15.34757404,58.7896575914286,19.0228854585714,38.4959569657143,73.0880998871429,1.81301406503127
222,2021,5,1045,2021-05-29,2021-06-04,252.82,252.82,250.52,250.77,70.66,0.520448524511142,3.097,5.143675,363.4520755,15.929961475,23438.8381696443,66.0655435814286,4827.68153599429,52.2362575542857,1832.39686802429,33.6868427828571,10556.94405692,77.5569567,23079.7907366086,65.0945995871429,4026.66786412143,43.3787713757143,1813.26042829286,33.3320287971429,9167.65813337143,67.08411571,7.26936375276458,15.904225424476,5.84975431797768,17.8223729634817,365.25614136,15.80155368,56.6928852628571,29.96164322,33.4716854085714,57.7821998585714,0.362312020224964
221,2021,6,1046,2021-06-05,2021-06-11,276.15,276.15,271.74,273.07,71.458,0.429092064711994,3.296,5.0663,362.0276654,16.6985248,22131.4121093786,67.7597013214286,4558.55939592714,43.8767994471429,1745.65940638857,37.8647864214286,8527.22126116143,79.9677581785714,21771.4408482171,66.6575862328571,4047.06113978857,38.9535566042857,1723.79769461429,37.3905715942857,7294.86356026714,68.4107862185714,1.0729732605395,19.5255826802453,1.28802575957609,3.5426124703322,363.4520755,15.929961475,65.0945995871429,43.3787713757143,33.3320287971429,67.08411571,0.520448524511142
220,2021,6,1047,2021-06-12,2021-06-18,284.47,284.47,282.85,284.28,73.11,0.593211597999802,3.215,5.04862,369.1046082,16.2313133,22954.8518415214,70.2808140357143,4831.04893275714,46.4995427814286,1808.34572056286,39.2244862142857,7257.41127232286,68.0595719485714,22531.5279017871,68.9847706385714,4377.14320591714,42.13062886,1786.86713518429,38.7585994185714,6035.87283761143,56.6040425971429,1.15301396172066,12.0627946121073,0.651692940425559,3.28453311963385,362.0276654,16.6985248,66.6575862328571,38.9535566042857,37.3905715942857,68.4107862185714,0.429092064711994
219,2021,6,1048,2021-06-19,2021-06-25,321.3,321.3,293.7,320.69,75.406,0.789892397735356,3.496,4.97046,374.80250676000003,17.37672816,20725.6682477714,63.4557429714286,6509.05057198857,62.6505573828571,1776.23814174,38.5280423842857,6290.07652064714,58.98795809,20455.4305245557,62.6283438557143,6229.91333007857,59.9638132371429,1758.65112304571,38.1465704757143,5241.50453404143,49.1544990542857,3.24699391664937,13.1010960578889,0.533173804589612,1.77415913605489,369.1046082,16.2313133,68.9847706385714,42.13062886,38.7585994185714,56.6040425971429,0.593211597999802
218,2021,6,1049,2021-06-26,2021-07-02,583.88,583.88,583.88,583.88,76.26,1.1373873570605,3.7,4.9842,380.095092,18.44154,18617.84151786,61.3533859242857,10813.65359933,102.781556264286,1703.44627162429,39.1714428485714,5484.15924944429,65.67848587,18439.0597098243,60.7788996014286,9836.72963169714,93.4368994585714,1688.39029366857,38.8258852257143,4813.11530412857,57.9421572,7.25739674215856,14.4944151903093,3.40689214758042,20.7079081583414,374.80250676000003,17.37672816,62.6283438557143,59.9638132371429,38.1465704757143,49.1544990542857,0.789892397735356
217,2021,7,1050,2021-07-03,2021-07-09,583.88,583.88,583.88,583.88,76.134,1.61574441048125,3.674,5.1931,395.3714754,19.0794494,17773.77762277,69.082701548571407,6317.92696707714,58.0043138771429,1645.60070800714,43.3224427371429,4846.50223214429,92.3823994228571,17645.6699218771,68.5847723857143,6159.57875279,56.55052839,1631.65829031857,42.9553718585714,4074.65171596143,77.66961452,2.63988903825894,11.0130114395924,0.378022833405726,4.45665773064743,380.095092,18.44154,60.7788996014286,93.4368994585714,38.8258852257143,57.9421572,1.1373873570605
216,2021,7,1051,2021-07-10,2021-07-16,583.88,583.88,583.88,583.88,75.8,1.34564111114416,3.674,5.136,389.3088,18.869664,15590.9515904029,60.59854344,3938.39693778,36.1580859585714,1588.99942452429,41.8323140842857,4454.27099609429,84.9058140357143,15456.5181361614,60.0760285514286,3818.44367327143,35.0567855842857,1575.02413504571,41.4644143257143,3612.61579241143,68.8624572757143,2.01991637822407,2.07873288770625,0.241873627773178,1.92216887210227,395.3714754,19.0794494,68.5847723857143,56.55052839,42.9553718585714,77.66961452,1.61574441048125
215,2021,7,1052,2021-07-17,2021-07-23,583.88,583.88,583.88,583.88,72.202,2.46675292641942,4.06,5.21216,376.32837632,21.1613696,14718.0763113871,57.2058574142857,3467.47443499143,31.8345712957143,1591.48657226571,41.8978135242857,3954.62398856143,75.3817138671428,14611.2391183057,56.7906145385714,3354.44471958571,30.7968428457143,1576.46730259429,41.50239999,3135.85470145286,59.7746140614286,0.376819415361917,1.48269789407582,0.043323090655789,2.09827274514529,389.3088,18.869664,60.0760285514286,35.0567855842857,41.4644143257143,68.8624572757143,1.34564111114416
214,2021,7,1053,2021-07-24,2021-07-30,583.88,583.88,583.88,583.88,75.754,1.25647522856644,3.914,5.13854,389.26495916,20.11224556,14435.6410435271,56.1081139685714,3402.68129185143,31.2397142128571,1583.88328334143,41.6976427342857,3434.24026925143,65.4623276828571,14212.1217912957,55.2393428271429,3285.01625279143,30.15942846,1574.69342912857,41.4557140885714,2890.70385742143,55.1016142714286,1.45707089235239,3.72577553420565,0.383174026560583,1.14453299059864,376.32837632,21.1613696,56.7906145385714,30.7968428457143,41.50239999,59.7746140614286,2.46675292641942
213,2021,7,1054,2021-07-31,2021-08-06,583.88,583.88,583.88,583.88,72.26,1.30841507175669,4.14,5.19558,375.4326108,21.5097012,13376.10449219,62.9806714742857,2897.13288225571,28.74327142,1527.04199218714,45.23575701,3152.37203543571,93.1720559257143,13164.7445591529,61.9804562142857,2709.04684012429,26.8870999485714,1515.29656110571,44.88905716,2714.42982701,80.1533279428571,4.15747156123569,1.09104658355448,2.05008020112091,11.6599815525555,389.26495916,20.11224556,55.2393428271429,30.15942846,41.4557140885714,55.1016142714286,1.25647522856644
212,2021,8,1055,2021-08-07,2021-08-13,583.88,583.88,583.88,583.88,71.094,0.923596232127358,3.861,5.23598,372.24676212,20.21611878,12716.8417968771,61.6774286542857,2605.06372070286,26.2267001014286,1452.16599818714,43.8280852171429,2780.17354910714,87.1714717328572,12553.7512555814,60.8864288314286,2466.40869140571,24.8307574157143,1442.73313685857,43.5433725628571,2501.85309709857,78.4448154985714,0.895219178078557,2.62851872685764,0.908519114215445,3.90675449759079,375.4326108,21.5097012,61.9804562142857,26.8870999485714,44.88905716,80.1533279428571,1.30841507175669
211,2021,8,1056,2021-08-14,2021-08-20,583.88,583.88,583.88,583.88,68.078,1.88591357172089,3.851,5.33058,362.89522524,20.52806358,12165.4485212057,59.0031422214286,3501.10414341429,35.24765723,1412.46627371714,42.6298713671429,2516.98200334857,78.9191731042857,11998.9029017886,58.1953571857143,3343.88943917571,33.6648712142857,1403.54413713857,42.3606000614286,2231.11495535714,69.9559140885714,0.667556988623419,1.06489817912836,0.143241424502973,0.816828320471945,372.24676212,20.21611878,60.8864288314286,24.8307574157143,43.5433725628571,78.4448154985714,0.923596232127358
210,2021,8,1057,2021-08-21,2021-08-27,583.88,583.88,583.88,583.88,71.016,1.3177746393072,4.37,5.27534,374.63354544,23.0532358,11532.1548549129,55.9316002971429,3997.04408482286,40.2405850542857,1411.51199776714,42.6010856614286,2231.89003208714,69.9802148014286,11364.7847377243,55.1198719557143,3753.15234375143,37.7851854057143,1401.73786272286,42.3060858585714,2111.30972726143,66.1994579885714,0.957335475128812,9.33737473219928,0.280140138334132,2.52865412720171,362.89522524,20.52806358,58.1953571857143,33.6648712142857,42.3606000614286,69.9559140885714,1.88591357172089
209,2021,8,1058,2021-08-28,2021-09-03,583.88,583.88,583.88,583.88,73.0175,0.716443763784843,4.712,5.16702,377.28288285,24.34699824,11516.91280692,56.9498438171429,3151.31476701857,30.1607284542857,1401.17257254429,44.4638421171429,2021.48186383857,74.3292290828572,11335.9561941971,56.0531567171429,2887.30904715571,27.6173708771429,1391.24827357857,44.1462004514286,1952.83602469429,71.8346568514286,1.32619703457152,7.35074472008973,2.76695189660234,13.3988322293298,374.63354544,23.0532358,55.1198719557143,37.7851854057143,42.3060858585714,66.1994579885714,1.3177746393072
208,2021,9,1059,2021-09-04,2021-09-10,583.88,583.88,583.88,583.88,72.014,0.547704299782079,4.938,5.2314,376.7340396,25.8326532,11247.0870535714,57.03527178,3844.61631557,33.2847431728571,1375.44616699286,46.4782142628572,2013.80186244429,88.5904137742857,11058.60532924,56.0794285357143,3194.73001534571,27.6583709714286,1368.14801897286,46.2316006242857,1922.44386509571,84.5714285728571,0.765288281886039,9.78718191774376,0.351251185785296,1.49633563764238,377.28288285,24.34699824,56.0531567171429,27.6173708771429,44.1462004514286,71.8346568514286,0.716443763784843
207,2021,9,1060,2021-09-11,2021-09-17,583.88,583.88,583.88,583.88,74.128,1.03637348480214,5.105,5.25386,389.45813408,26.8209553,11101.0022321443,56.2944134314286,8112.74689592857,70.2360850728571,1343.83670479857,45.4100995757143,1840.04485212143,80.94657244,10943.0193917414,55.49328559,7774.46725027857,67.3074136457143,1334.57130649857,45.0970142914286,1797.93127441429,79.0939004085714,0.141334600324182,34.3118977452513,0.466670708759917,2.20109914588891,376.7340396,25.8326532,56.0794285357143,27.6583709714286,46.2316006242857,84.5714285728571,0.547704299782079
206,2021,9,1061,2021-09-18,2021-09-24,583.88,583.88,583.88,583.88,75.32,1.6940041322261,5.14,5.3091,399.881412,27.288774,11128.7089843757,56.4349572314286,13922.3395647343,120.532584055714,1284.33897181857,43.3995568414286,1732.73627580857,76.2258867542857,10951.1410435286,55.5344859542857,13093.0387834814,113.352912902857,1276.45971679714,43.1333421971429,1691.38516671286,74.4067862371429,0.406555222463265,24.5303061653672,0.524495614426338,0.703339576394435,389.45813408,26.8209553,55.49328559,67.3074136457143,45.0970142914286,79.0939004085714,1.03637348480214
205,2021,9,1062,2021-09-25,2021-10-01,549.01,549.01,518.89,549.01,78.444,0.678697281561147,5.619,5.40264,423.80469216,30.35743416,10818.3024553586,53.5573572442857,6753.42578125,57.2902853842857,1222.67914690143,40.8361571171429,1648.46170479857,72.0100435528571,10629.7120535757,52.6206289,6601.45570591571,56.0136282785714,1216.20828683143,40.61997223,1633.22973632857,71.3412857042857,3.12129470807075,8.77408744061934,1.46776077929257,1.19676844083978,399.881412,27.288774,55.5344859542857,113.352912902857,43.1333421971429,74.4067862371429,1.6940041322261
204,2021,10,1063,2021-10-02,2021-10-08,452.28,452.28,450.72,452.28,82.012,0.580491171336451,5.565,5.48212,449.59962544,30.5079978,14563.6817801357,61.68510001,10820.47014509,82.3705150057143,1142.21716308714,35.4289283757143,1723.15115792429,72.0989140114286,14069.1725725457,59.5905843442857,10482.7321428571,79.7994864328572,1134.28472028571,35.1828716814286,1715.64787946571,71.7849589757143,11.179936583015,5.43522624084083,1.15902791043199,1.28844089977284,423.80469216,30.35743416,52.6206289,56.0136282785714,40.61997223,71.3412857042857,0.678697281561147
203,2021,10,1064,2021-10-09,2021-10-15,209.43,209.43,209.43,209.43,83.868,0.470552866315047,5.41,5.502625,461.4941535,29.76920125,20137.7965959857,85.2945142485714,11677.5355747771,88.8948713014286,1027.29370989286,31.8642856057143,1694.28344726571,70.8910424357143,19447.2617187529,82.36969975,11272.9718191986,85.81514413,1016.76770019429,31.5377853928571,1691.30887276857,70.7665710442857,6.87778180766026,6.98625547629672,0.878122657480376,0.462832897530949,449.59962544,30.5079978,59.5905843442857,79.7994864328572,35.1828716814286,71.7849589757143,0.580491171336451
202,2021,10,1065,2021-10-16,2021-10-22,177.38,177.38,177.38,177.38,84.984,0.650945466227588,5.28,5.5959,475.5619656,29.546352,26883.8942522357,113.867870875714,16168.4295479929,123.081685745714,1247.58097621429,38.6970713485714,1998.76602608714,83.6310130514286,26343.6930803586,111.579828534286,15362.4730747771,116.946387152857,1222.11585344571,37.9072004028571,1996.68144879857,83.5437850928571,6.24000877760087,18.7787396472352,8.94806609002333,11.0253419574133,461.4941535,29.76920125,82.36969975,85.81514413,31.5377853928571,70.7665710442857,0.470552866315047
201,2021,10,1066,2021-10-23,2021-10-29,161.22,161.22,161.22,161.22,84.116,0.87631615299356,5.426,5.59928,470.98903648,30.38169328,27549.7137276814,116.687970841429,11760.3148716543,89.5250560228572,1922.29343959143,59.6250997257143,2608.77943638286,109.154785154286,27072.8155692,114.668054852857,11435.6554129486,87.05357143,1898.49412318571,58.8869002214286,2595.59486606857,108.603127615714,2.81140799553375,10.0999850667014,5.41288583844375,3.48462152947998,475.5619656,29.546352,111.579828534286,116.946387152857,37.9072004028571,83.5437850928571,0.650945466227588
200,2021,10,1067,2021-10-30,2021-11-05,101.07,101.07,101.07,101.07,82.522,1.950094869487,5.516,5.618475,463.64779395,30.9915081,27932.0516183043,97.0301012314286,7398.68666294571,72.0397704,2992.57770647429,64.9122287185714,2888.91845703286,85.0392259885714,27365.3886718786,95.1300277714286,7142.12744140714,69.5543409071429,2981.13773019,64.6269574842857,2882.34943498857,84.8571428557143,12.6373080385763,7.11801389466358,9.27823465747852,20.4584042992696,470.98903648,30.38169328,114.668054852857,87.05357143,58.8869002214286,108.603127615714,0.87631615299356
199,2021,11,1068,2021-11-06,2021-11-12,107.09,107.09,107.09,107.09,83.39,0.666408283261217,4.791,5.47028,456.1666492,26.20811148,25808.2731584857,82.1036573128571,5793.21358817143,62.4994147142857,4112.77825055857,77.5540150228571,4430.40736607286,109.969842092857,25494.7028459857,81.1061128885714,5554.64913504714,59.9256847914286,4112.67009626143,77.5519725257143,4406.47534179857,109.375813075714,2.4246120025726,5.54820878963739,8.035768984704,18.3671466147678,463.64779395,30.9915081,95.1300277714286,69.5543409071429,64.6269574842857,84.8571428557143,1.950094869487
198,2021,11,1069,2021-11-13,2021-11-19,74.13,74.13,74.01,74.13,81.63,1.13033180969162,5.065,5.519875,450.58739625,27.958166875,28753.1975446471,91.4723423557143,4563.81947544571,49.2362425671429,4071.35763114,76.7729426814286,6262.99121093714,155.45752825,28254.9082031271,89.8871143885714,4247.01886858286,45.81847218,4053.07407924286,76.4281714314286,6256.99058314714,155.30858503,1.98873100660186,4.89464495499049,7.58295112194254,10.350523942538,456.1666492,26.20811148,81.1061128885714,59.9256847914286,77.5519725257143,109.375813075714,0.666408283261217
197,2021,11,1070,2021-11-20,2021-11-26,94.1,94.1,94.09,94.1,80.238,4.48494370087303,5.447,5.59798,449.17071924,30.49219706,33063.0002790186,105.183085851429,4719.74473353714,50.9184286942857,4738.57114955429,89.3544987285714,7861.68694196429,195.139757428571,32634.6517857157,103.820358275714,4451.30657087143,48.0223862785714,4735.20047433143,89.2909273442857,7843.4460798,194.686970302857,5.14884132825039,5.8325644708426,2.54767987850678,13.2418595938548,450.58739625,27.958166875,89.8871143885714,45.81847218,76.4281714314286,155.30858503,1.13033180969162
196,2021,11,1071,2021-11-27,2021-12-03,50.79,50.79,50.79,50.79,71,1.40835009852022,4.132,5.62464,399.34944,23.24101248,31619.0711495557,85.46747044,3421.13727678714,40.4402427685714,6378.39160156286,94.76575688,9134.36383928571,175.232769558571,31340.8300781286,84.7272426057143,3288.59524972143,38.9102723257143,6369.03536551429,94.5916421071429,9093.25697544714,174.573711938571,17.4039819313675,2.54933949610731,24.2241844966909,57.2651284278434,449.17071924,30.49219706,103.820358275714,48.0223862785714,89.2909273442857,194.686970302857,4.48494370087303
195,2021,12,1072,2021-12-04,2021-12-10,59.15,59.15,59.15,59.15,74.788,1.0470530072527,3.925,5.61064,419.60854432,22.021762,34564.8992745543,71.94744437,2612.09409877286,35.3530861985714,8384.97586495572,85.2335717342857,10480.7908761171,126.759786332857,34149.1760602686,71.08214242,2457.08855329286,33.2551708242857,8055.21568080429,81.88155692,10323.5073939729,124.857529775714,3.26741156672646,1.72574545969013,3.40490465129282,11.7909725421184,399.34944,23.24101248,84.7272426057143,38.9102723257143,94.5916421071429,174.573711938571,1.40835009852022
194,2021,12,1073,2021-12-11,2021-12-17,82.26,82.26,82.26,82.26,73.762,0.648590780078185,3.69,5.67674,418.72769588,20.9471706,37056.9207589286,77.1346708028571,2216.44409179714,29.9982141757143,8741.52078683,88.8578578414286,14204.8380301343,171.800242832857,35858.5186941971,74.6401421685714,2059.86987304714,27.8790572028571,7907.32659040286,80.3782577514286,13812.6010044629,167.056331087143,5.34836309313521,0.947386060120008,1.83109926579495,9.55111352701101,419.60854432,22.021762,71.08214242,33.2551708242857,81.88155692,124.857529775714,1.0470530072527
193,2021,12,1074,2021-12-18,2021-12-24,66.34,66.34,66.32,66.32,73.91,2.26844660505804,3.731,5.70112,421.3697792,21.27087872,49551.4860491071,103.142327445714,1888.11614118143,25.5545000342857,9805.02064732286,99.6683861871428,16717.9400111643,202.194902691429,47443.4017857143,98.7543149671429,1688.83058384571,22.8572714671429,9157.48897879714,93.0861696528572,16410.7426060286,198.479533604286,7.6463656278657,0.895015840301013,10.9311702036298,9.67439415912733,418.72769588,20.9471706,74.6401421685714,27.8790572028571,80.3782577514286,167.056331087143,0.648590780078185
192,2021,12,1075,2021-12-25,2021-12-31,65.5,65.5,64.59,63.93,77.43,1.59839502835321,3.73,5.62574,435.6010482,20.9840102,54310.4838169643,113.048271178571,1655.85328892429,22.4109431671429,14153.4372209829,143.870201111429,23166.6969866086,280.189355031429,47710.6082589286,99.3105141785714,1350.81326729857,18.2824143,12034.4080636186,122.330184935714,21401.2237723243,258.83682687,3.21379143278547,1.38355704089421,7.917018954273,29.8681022569662,421.3697792,21.27087872,98.7543149671429,22.8572714671429,93.0861696528572,198.479533604286,2.26844660505804
191,2022,1,1076,2022-01-01,2022-01-07,69.7,69.71,61.92,55.73,80.502,1.7097572927171,3.916,5.66956,456.41091912,22.20199696,65391.78125,99.5092718957143,1804.49499511571,24.1613856728571,15726.2145647343,116.668944221429,32850.0602678586,207.490942818571,57856.4268973214,88.0424139828571,1552.65201241571,20.7893144071429,14529.14857701,107.788200378571,27077.6082589314,171.03038897,7.06527655427883,4.28971162265211,5.3205570998037,6.30566251183528,435.6010482,20.9840102,99.3105141785714,18.2824143,122.330184935714,258.83682687,1.59839502835321
190,2022,1,1077,2022-01-08,2022-01-14,57.09,57.11,56.22,55.7,85.068,2.1123849081075,4.262,5.58526,475.12689768,23.80437812,91272.8325892857,138.893501281429,1972.83342634,26.4153714871429,16755.7310267886,124.306671142857,37028.1478794643,233.881001062857,77912.2767857143,118.562199182857,1748.68327985429,23.4141001,15876.9009486614,117.786856514286,25154.51199777,158.883514405714,12.1835884038325,1.60377382984467,1.62847790120979,7.14527673883681,456.41091912,22.20199696,88.0424139828571,20.7893144071429,107.788200378571,171.03038897,1.7097572927171
189,2022,1,1078,2022-01-15,2022-01-21,62.1,62.13,55.7,55.7,89.158,0.84129067509446,3.999,5.47572,488.20424376,21.89740428,78344.5401785714,119.219997951429,3261.02256557143,43.66364234,16855.41043527,125.046157837143,38956.6473214286,246.061998641429,71332.3805803571,108.549314228571,3125.20474679143,41.8450862342857,14718.7601841514,109.194871084286,20954.6994977714,132.356240408571,8.10493330129217,11.3868006469622,2.42203678495763,2.80205875747293,475.12689768,23.80437812,118.562199182857,23.4141001,117.786856514286,158.883514405714,2.1123849081075
188,2022,1,1079,2022-01-22,2022-01-28,65.82,65.82,55.7,55.7,90.124,1.53542502259089,4.639,5.43882,490.16821368,25.23068598,58430.6919642857,88.9163000928571,3379.23339843857,45.2464141828571,19439.2078683057,144.214728217143,34001.2633928571,214.762285504286,55317.0089285714,84.1780994971429,3263.61568777857,43.6983566285714,15488.6414620557,114.906427657143,20685.92885045,130.658614021429,6.33152804670192,2.3449285623818,11.7106070766295,3.54471823598406,488.20424376,21.89740428,108.549314228571,41.8450862342857,109.194871084286,132.356240408571,0.84129067509446
187,2022,1,1080,2022-01-29,2022-02-04,55.7,55.7,55.7,55.7,92.774,2.50745488493766,4.572,5.31238,492.85074212,24.28820136,60212.5301339286,87.6208997457143,4286.36282784714,54.5804574142857,23916.3337053586,171.945955551429,29312.4550781271,153.333056858571,56074.2606026786,81.5991298128571,4064.76778739,51.7006574371429,19602.9204799129,140.958140781429,19865.7703683057,103.967185974286,5.00640564488918,3.82907312915846,4.45935170480789,23.2734443659125,490.16821368,25.23068598,84.1780994971429,43.6983566285714,114.906427657143,130.658614021429,1.53542502259089
186,2022,2,1081,2022-02-05,2022-02-11,55.7,55.7,55.7,55.7,96.434,1.0235868307085,3.941,5.2481,506.0952754,20.6827621,79363.9330357143,112.062656948571,3710.3984375,45.3765858228571,23626.77120536,165.938145228571,28218.1679687529,123.706243244286,73994.5859375,104.481115067143,3524.02832031143,43.0973720542857,19463.8306361643,136.700531005714,19642.9308035743,86.1130698042857,7.61912614378073,9.17529635218709,2.11912684818195,2.60292200776879,492.85074212,24.28820136,81.5991298128571,51.7006574371429,140.958140781429,103.967185974286,2.50745488493766
185,2022,2,1082,2022-02-12,2022-02-18,55.7,55.7,55.7,55.7,97.798,2.46986234434293,4.431,5.16982,505.59805636,22.90747242,87895.3258928571,124.109073095714,1968.96787806857,24.0796424314286,21391.5625000029,150.239586967143,30384.5931919657,133.203683034286,80900.96875,114.232957022857,1791.43486677143,21.9084998557143,17467.7752511171,122.681599207143,20180.1562500014,88.4682421,3.63863719158351,2.86469521522362,6.89881494053112,2.80564590851167,506.0952754,20.6827621,104.481115067143,43.0973720542857,136.700531005714,86.1130698042857,1.0235868307085
184,2022,2,1083,2022-02-19,2022-02-25,55.7,55.7,55.7,55.7,99.364,1.11071148368917,4.47,5.08578,505.34344392,22.7334366,79228.8091517857,111.871871948571,1736.08698381857,21.23160008,18149.0527343771,127.466455732857,33752.0290178571,147.966284617143,70937.5926339286,100.16458675,1512.85100446429,18.5015286028571,13185.9609375014,92.6090992514286,19443.7578125029,85.23992811,4.56715244237883,2.77359775733127,9.77073374924226,1.9530672911402,505.59805636,22.90747242,114.232957022857,21.9084998557143,122.681599207143,88.4682421,2.46986234434293
183,2022,2,1084,2022-02-26,2022-03-04,55.7,55.7,55.7,55.7,114.434,7.92468169707789,5.016,5.08553333333333,581.957921466667,25.5090352,63225.2416294643,90.5491289414286,2598.20926339571,35.0217001771429,16259.4263392857,114.616884504286,32694.47293527,130.965427942857,58034.8136160714,83.1195286342857,2339.28318568714,31.5874571128571,10642.8836495557,75.0429000857143,18661.1967075929,74.4994005471429,4.62411460013512,5.59742998877704,9.13356587453575,5.89306832595402,505.34344392,22.7334366,100.16458675,18.5015286028571,92.6090992514286,85.23992811,1.11071148368917
182,2022,3,1085,2022-03-05,2022-03-11,55.7,55.7,55.7,55.7,122.286,8.27683393575079,4.725,5.04628,617.08939608,23.843673,52876.1283482143,76.6221149985714,3273.89369419571,46.8475570671429,17521.2444196457,123.84588623,31667.5025111643,117.455571855714,49273.38671875,71.4014293128571,3026.04356166286,43.3009572671429,12691.7924107157,89.7097571257143,19955.0569196457,74.0138146514286,3.71145989221698,7.50885192094793,8.04889392058913,1.83897024481619,581.957921466667,25.5090352,83.1195286342857,31.5874571128571,75.0429000857143,74.4994005471429,7.92468169707789
181,2022,3,1086,2022-03-12,2022-03-18,55.7,55.7,55.7,55.7,109.592,4.55257839031868,4.863,5.08786,557.58875312,24.74226318,51255.1635044643,74.27318464,6040.69886997714,86.4389555785714,18287.6967075914,129.263398305714,33555.7360491071,124.4590574,48084.6294642857,69.67881339,5781.40611049143,82.7286142628571,14799.7512555814,104.609472002857,19562.57868304,72.5580858485714,3.25530682813061,18.7350915853746,2.56460800698879,1.69797334221731,617.08939608,23.843673,71.4014293128571,43.3009572671429,89.7097571257143,74.0138146514286,8.27683393575079
180,2022,3,1087,2022-03-19,2022-03-25,55.7,55.7,55.7,55.7,123.598,2.36519978014534,5.571,4.86794,601.66764812,27.11929374,52840.7081473214,76.57081386,9887.98011997857,141.491355895714,17882.2952008943,126.397886004286,33009.0742187514,122.431485857143,48812.1462053571,70.7330442142857,9521.47412109429,136.24685778,15880.7848772329,112.250572204286,18509.7896205386,68.6532854342857,1.35437548103083,40.990338975287,4.24064221230644,1.0800144714689,557.58875312,24.74226318,69.67881339,82.7286142628571,104.609472002857,72.5580858485714,4.55257839031868
179,2022,3,1088,2022-03-26,2022-04-01,55.7,55.7,55.7,55.7,111.26,4.29142167585556,5.72,4.7444,527.861944,27.137968,49641.2706473214,74.5658863614286,10796.7910156271,155.607013157143,15555.1770368329,113.398771012857,33347.5203683043,123.552871702857,45874.5837053571,68.7949131557143,10475.2068917443,150.983985901429,15334.8457031257,111.805343627143,18698.1255580386,69.2802145842857,4.21747386417628,48.3312268577574,6.34555840092785,0.998854749018173,601.66764812,27.11929374,70.7330442142857,136.24685778,112.250572204286,68.6532854342857,2.36519978014534
178,2022,4,1089,2022-04-02,2022-04-08,55.7,55.7,55.7,55.7,103.33,3.76864033837148,6.278,4.68894,484.5081702,29.43716532,46640.5027901786,85.3786577485714,9098.72705078286,140.45981489,10645.3091517871,92.98928615,33155.5111607157,122.072983878571,41752.9441964286,76.4316297242857,8843.12172154143,136.513956342857,10553.8519810286,92.1903719214286,18130.0694754486,66.7518730171429,1.51283437080147,31.7495402887797,17.8724555928963,3.63618224034111,527.861944,27.137968,68.7949131557143,150.983985901429,111.805343627143,69.2802145842857,4.29142167585556
177,2022,4,1090,2022-04-09,2022-04-15,55.7,55.7,55.7,55.7,105.415,5.65517167437645,7.3,4.686325,494.008949875,34.2101725,42392.8934151786,77.6031297957143,12336.2286551343,190.438145228571,6251.34354073714,54.6069717414286,29904.7670200914,110.104299271429,40289.5122767857,73.7527291428571,12047.7280970986,185.984442575714,6230.71065848143,54.4267289314286,19928.8800223243,73.3747722071429,1.43130866643581,21.4636660322087,5.94099843966062,2.82256756040319,484.5081702,29.43716532,76.4316297242857,136.513956342857,92.1903719214286,66.7518730171429,3.76864033837148
176,2022,4,1091,2022-04-16,2022-04-22,55.7,55.7,55.7,55.7,106.744,2.4436816486594,6.534,4.677725,499.3190774,30.56425515,40329.6462053571,73.8262002114286,8196.90171596,126.53807177,6654.60365513571,58.1295280485714,28167.0036272357,103.706144061429,38842.6227678571,71.1040987285714,7992.36007254571,123.380499705714,6540.86342075857,57.1359716157143,19109.9827008943,70.3597008828571,2.42325089832954,16.6774991142165,5.78954016115059,1.68312479971941,494.008949875,34.2101725,73.7527291428571,185.984442575714,54.4267289314286,73.3747722071429,5.65517167437645
175,2022,4,1092,2022-04-23,2022-04-29,55.7,55.7,55.7,55.7,103.92,3.40003676450681,7.244,4.95844,515.2810848,35.91893936,34576.6696428571,63.2949856342857,11151.5114397329,172.149274552857,6071.42766462143,53.03535734,27278.6107700914,100.435227528571,33896.7586495543,62.0503708971429,10644.4409877229,164.321485245714,4828.28452846,42.17621449,18527.4363839314,68.2148993357143,2.36779482551886,14.1358132146265,6.8782990520912,1.29702664172604,499.3190774,30.56425515,71.1040987285714,123.380499705714,57.1359716157143,70.3597008828571,2.4436816486594
174,2022,4,1093,2022-04-30,2022-05-06,55.7,55.7,55.7,55.7,109.96,3.46113420716331,8.043,5.02594,552.6523624,40.42363542,30068.9207589329,72.4467282985714,31279.5712890629,371.372606548571,4487.07979910857,61.06262752,24332.8376116086,114.381401062857,29339.96763393,70.6552282071429,22273.9144810286,265.70575823,3952.24431501,54.4301569814286,18543.9341517886,87.4451272142857,5.74717555668972,112.332612844342,13.5696651917172,10.5043806087108,515.2810848,35.91893936,62.0503708971429,164.321485245714,42.17621449,68.2148993357143,3.40003676450681
173,2022,5,1094,2022-05-07,2022-05-13,55.7,55.7,55.7,55.7,107.432,3.40131886185327,7.663,5.13002,551.12830864,39.31134326,27863.0770089314,70.0227998985714,21725.6251395114,254.390128,3868.22638811571,56.0227290557143,21264.5957031286,103.80040087,26801.7756696443,67.3556431371428,15733.28152902,184.22443935,3800.32341657286,55.0392859328571,17735.82854353,86.5751724242857,1.57317379306595,70.7477178020324,3.0152326959031,5.87464064692661,552.6523624,40.42363542,70.6552282071429,265.70575823,54.4301569814286,87.4451272142857,3.46113420716331
172,2022,5,1095,2022-05-14,2022-05-20,55.7,55.7,55.7,55.7,112.928,1.77853029212319,8.083,4.95758,559.84959424,40.07211914,26784.7307477714,67.3128138942857,11424.8159877257,133.775671822857,3356.47098214286,48.6110714485714,17496.47684152,85.4068276557143,26096.0396205371,65.5820579528571,8861.30894252429,103.759014675714,3319.71128627143,48.0786999271428,15243.10825893,74.40727016,2.13780533551672,9.34019510915109,0.634797751537034,3.63189168625118,551.12830864,39.31134326,67.3556431371428,184.22443935,55.0392859328571,86.5751724242857,3.40131886185327
171,2022,5,1096,2022-05-21,2022-05-27,55.7,55.7,55.7,55.7,117.662,2.67483083577263,8.727,4.79618,564.32813116,41.85626286,25568.3537946457,64.2559296728571,7188.16503906429,84.1677998128572,3420.36983816857,49.5365142814286,14577.19168527,71.1567132128571,25089.9849330386,63.0537436357143,6794.03703962,79.5528847842857,3401.88201032143,49.26877158,12423.46749442,60.6435574114286,1.69536098426956,8.48373321614481,1.20556327740918,2.69198743930405,559.84959424,40.07211914,65.5820579528571,103.759014675714,48.0786999271428,74.40727016,1.77853029212319
170,2022,5,1097,2022-05-28,2022-06-03,55.7,55.7,55.7,55.7,124.105,1.76439791430457,8.523,4.7615,590.9259575,40.5822645,23902.2765066986,65.9312580671429,23490.8779296886,250.069123405714,3280.21125139571,57.7611143942857,12665.93498884,85.0878715528571,23751.4893973229,65.5147143771429,11983.5507812514,128.244297571429,3261.92769949857,57.4285708842857,10670.92564174,71.8722577771428,7.98608409907635,29.2183259197498,11.77923423888,23.1460790711422,564.32813116,41.85626286,63.0537436357143,79.5528847842857,49.26877158,60.6435574114286,2.67483083577263
169,2022,6,1098,2022-06-04,2022-06-10,55.76,55.76,55.76,55.76,127.398,1.61668487962168,8.85,4.88432,622.25259936,43.226232,25371.3406808043,78.1124714442857,25993.6328125029,247.706359864286,3058.62970842571,67.0897140485714,11454.5453404029,107.105327062857,25080.8328683057,77.2180731642857,14088.4866071443,134.256272451429,3035.33471679857,66.57875824,9836.26130022429,91.9735990242857,0.677372308893053,22.0863485078936,3.03761478739208,3.35427287083984,590.9259575,40.5822645,65.5147143771429,128.244297571429,57.4285708842857,71.8722577771428,1.76439791430457
168,2022,6,1099,2022-06-11,2022-06-17,55.7,55.7,55.7,55.7,125.084,3.53189467566641,6.944,5.1161,639.9422524,35.5261984,26399.5178571457,81.2780009685714,16924.8875558057,161.285742622857,2717.36188616143,59.6041717542857,10406.6869419657,97.3073566985714,25836.9718192,79.5460412157143,12050.1562500029,114.831984381429,2691.00896344714,59.02610016,9340.11216517857,87.3343712957143,1.97600682661111,12.3130828556649,1.06861519705442,0.654962978729124,622.25259936,43.226232,77.2180731642857,134.256272451429,66.57875824,91.9735990242857,1.61668487962168
167,2022,6,1100,2022-06-18,2022-06-24,55.7,55.7,55.7,55.7,116.832,1.74733225232127,6.22,5.17498,604.60326336,32.1883756,23918.7494419657,73.6403143742857,28629.8219866086,272.827944074286,2747.47687639571,60.2647138328571,9180.45061384286,85.8414709885714,23639.8604910729,72.7816717971429,11227.7343052443,106.994712828571,2723.88190569286,59.7471575071429,8468.45277622857,79.1839708614286,2.33022796735365,20.6499182681953,0.567581154484083,5.5152572274603,639.9422524,35.5261984,79.5460412157143,114.831984381429,59.02610016,87.3343712957143,3.53189467566641
166,2022,6,1101,2022-06-25,2022-07-01,55.7,55.7,55.7,55.7,120.338,1.19598076907329,5.73,5.24306,630.93935428,30.0427338,20798.5669642886,66.3920015585714,22645.5710100457,215.309901642857,2757.94904436286,62.3811569214286,7412.23486328143,78.8837574542857,20452.74246652,65.3116705785714,13431.59905134,127.592341831429,2738.74612862857,61.9476149428571,6705.15820312571,71.2925998142857,5.44628194564894,25.2252947255675,6.07047723818372,21.0002144333036,604.60326336,32.1883756,72.7816717971429,106.994712828571,59.7471575071429,79.1839708614286,1.74733225232127
165,2022,7,1102,2022-07-02,2022-07-08,57.17,57.17,57.16,57.17,113.636,5.06635273150182,6.034,5.35908,608.98441488,32.33668872,18601.1194196457,72.8050569828572,9625.20954241143,89.2437842228571,2590.36164202,68.8820713585714,6435.80008370571,122.510185242857,18462.0295758971,72.2606277457143,8712.95500837143,80.7854843142857,2571.56727818143,68.38229915,5893.28313337,112.182986667143,2.19942772286857,8.17929863427037,2.14971701481034,4.96942562506913,630.93935428,30.0427338,65.3116705785714,127.592341831429,61.9476149428571,71.2925998142857,1.19598076907329
164,2022,7,1103,2022-07-09,2022-07-15,59,59,59,59,109.8,3.55903779131356,7.016,5.40284,593.231832,37.90632544,17040.5711495557,66.6970280242857,7540.82373047,69.9176128914286,2426.39711216714,64.5219721114286,5591.37925502286,106.436013358571,16879.2653459857,66.06567056,7075.42194475571,65.6024709442857,2405.45786830429,63.9651712685714,5109.46658761143,97.2624577114286,1.55598332998249,4.16383077400123,0.80764043400952,2.84201834169566,608.98441488,32.33668872,72.2606277457143,80.7854843142857,68.38229915,112.182986667143,5.06635273150182
163,2022,7,1104,2022-07-16,2022-07-22,68.82,68.82,68.76,68.82,113.534,4.11331131814798,8.299,5.42218,615.60178412,44.99867182,16237.6166294657,63.5542569828571,8252.88023158571,76.5197285257143,2338.44342913,62.18314307,5021.81375558,95.5939145771429,16095.4591238857,62.9978577742857,7548.94433593857,69.9929280942857,2319.13542829429,61.66971479,4575.14208984286,87.0911996042857,0.292668703878743,4.25285867586243,0.510561846432664,3.46223996433493,593.231832,37.90632544,66.06567056,65.6024709442857,63.9651712685714,97.2624577114286,3.55903779131356
162,2022,7,1105,2022-07-23,2022-07-29,71.35,71.35,71.35,71.35,109.276,1.5973822335314,8.229,5.29658,578.78907608,43.58555682,15583.3821149557,60.9935722357143,5428.56787109571,50.33304269,2389.22569056857,63.53352901,4439.02622767714,84.5001296985714,15441.4589843757,60.4380858285714,5130.74037388429,47.5716144028571,2369.30789620571,63.0038719185714,4106.13759068143,78.16332899,0.970287194495613,6.30494709339958,1.8266374213468899,1.08717047376753,615.60178412,44.99867182,62.9978577742857,69.9929280942857,61.66971479,87.0911996042857,4.11331131814798
161,2022,7,1106,2022-07-30,2022-08-05,110.92,110.92,110.9,110.92,102.544,3.69313958577214,8.064,5.2265,535.946216,42.146496,14906.0267857143,68.5524422785714,4393.61718750143,43.2916859214286,2329.74142020143,68.3267865857143,4101.26482282286,113.874126978571,14760.2686941986,67.88315691,4118.48549107143,40.5758427214286,2311.10644531286,67.7829709728571,3710.72171456571,102.825571332857,6.363652651137,1.56131177161245,3.00918051835558,19.9144107501751,578.78907608,43.58555682,60.4380858285714,47.5716144028571,63.0038719185714,78.16332899,1.5973822335314
160,2022,8,1107,2022-08-06,2022-08-12,91.03,91.03,91.03,91.03,104.644,1.55271697356543,8.768,5.10176,533.86857344,44.73223168,14892.9934430814,72.6575840528571,11610.1307896229,117.449315208571,2128.28515625143,64.9040718085714,3660.70989118286,114.957714625714,14751.9554966529,71.9695292885714,11002.4215959829,111.301656995714,2115.51726423,64.5147143785714,3350.69269670714,105.222200665714,2.59387271897705,50.9924938759103,0.741596503388754,1.41478438320852,535.946216,42.146496,67.88315691,40.5758427214286,67.7829709728571,102.825571332857,3.69313958577214
159,2022,8,1108,2022-08-13,2022-08-19,69.36,69.36,69.36,69.36,96.726,1.07820684471815,9.336,5.15508,498.63026808,48.12782688,16879.6891741114,82.3499723157143,17042.0258091543,172.398941038571,2045.76098632857,62.3874282828571,3290.62381417286,103.335857935714,16731.43387277,81.6266708385714,15239.1741071457,154.161085945714,2037.48740932,62.1351138514286,3140.17386300143,98.6112561914286,2.96152248108818,40.0910464059949,2.61375260920152,2.9431218811868,533.86857344,44.73223168,71.9695292885714,111.301656995714,64.5147143785714,105.222200665714,1.55271697356543
158,2022,8,1109,2022-08-20,2022-08-26,56.26,56.26,56.26,56.26,98.872,2.2919249551412,9.296,5.1167,505.8983624,47.5648432,17907.4776785743,87.3641869671428,16935.9764229914,171.326130458571,1934.06869071,58.9812714728571,3023.97788783429,94.9623413071429,17734.7241908486,86.5213579457143,15632.2939453143,158.137956891429,1920.67984444857,58.5729713442857,2876.35271344857,90.3264705128571,4.1283212395233,39.662951516533,2.73676016711811,0.719030657446833,498.63026808,48.12782688,81.6266708385714,154.161085945714,62.1351138514286,98.6112561914286,1.07820684471815
157,2022,8,1110,2022-08-27,2022-09-02,59.93,59.93,59.93,59.93,95.305,3.27270021032572,8.786,5.13382,489.2787151,45.10574252,14837.65904018,73.2708424171429,8735.02497209857,84.4575729357143,1953.50413295286,61.6214855757143,2829.77671596,98.5880715514286,14688.0107421886,72.5309284742857,8611.88560267857,83.3026564471428,1936.94470214714,61.0990856728571,2717.5669642828602,94.7295150771429,2.77330540447756,18.0078667989867,4.39177541885069,13.3956107512739,505.8983624,47.5648432,86.5213579457143,158.137956891429,58.5729713442857,90.3264705128571,2.2919249551412
156,2022,9,1111,2022-09-03,2022-09-09,55.7,55.7,55.7,55.7,90.43,2.99333426132108,7.996,5.19195,469.5080385,41.5148322,13409.2519531271,68.3965715685714,7406.14418247857,63.6928144171429,2137.47059849429,72.8843427371429,2559.28752790286,112.906670705714,13252.4545200886,67.5967995785714,7319.41169085,62.9468999585714,2122.27976772,72.3663580757143,2448.17229352714,108.004641941429,1.68381344989631,6.60346020819787,3.26391647481983,4.93875838554253,489.2787151,45.10574252,72.5309284742857,83.3026564471428,61.0990856728571,94.7295150771429,3.27270021032572
155,2022,9,1112,2022-09-10,2022-09-16,55.7,55.7,55.7,55.7,91.406,1.93856390144874,7.764,5.19628,474.97116968,40.34391792,14284.0733816986,72.8587570171428,10392.2622767871,89.3734305242857,2405.28358677571,82.0163290842857,2262.66214425286,99.8206154985714,14119.0643136157,72.0171279914286,10123.2138671886,87.05958666,2391.63929966571,81.5510722571429,2196.91549246571,96.9201006228571,1.24293302011135,15.1037110370361,1.14916468027652,1.40020715249424,469.5080385,41.5148322,67.5967995785714,62.9468999585714,72.3663580757143,108.004641941429,2.99333426132108
154,2022,9,1113,2022-09-17,2022-09-23,55.7,55.7,55.7,55.7,88.72,2.50304814176541,6.828,5.19336,460.7548992,35.46026208,15651.5891462071,79.8340584885714,10729.1961495557,92.27104187,2364.44426618286,80.6237858371428,2123.59727260143,93.6855577742857,15473.1761997771,78.92402867,10586.9808872786,91.04800197,2350.00129045857,80.13128444,2070.18732561429,91.3293010185714,5.82645046487086,2.60396817040653,2.78827976898109,0.661732086186771,474.97116968,40.34391792,72.0171279914286,87.05958666,81.5510722571429,96.9201006228571,1.93856390144874
153,2022,9,1114,2022-09-24,2022-09-30,55.7,55.7,55.7,55.7,87.276,3.01674990677016,6.766,5.37204,468.85016304,36.34722264,21822.6481584829,111.310787745714,11061.8977399557,95.13228607,2094.00687081429,71.4022848942857,2108.52556500857,93.0206429628571,21628.6517857186,110.321272712857,9904.39188058143,85.1777136657143,2080.40958077714,70.93864332,2063.89500209429,91.0517294742857,14.0845953727482,4.48951505719279,2.69571658269014,1.2931570935228,460.7548992,35.46026208,78.92402867,91.04800197,80.13128444,91.3293010185714,2.50304814176541
152,2022,10,1115,2022-10-01,2022-10-07,55.7,55.7,55.7,55.7,94.66,2.98208819453791,6.748,5.19512,491.7700592,35.05666976,25027.2067522357,105.937343052857,9858.51074219,73.7905420557143,1941.94327218143,60.8898718685714,2116.55043247714,88.8012433742857,24858.2338169671,105.222099304286,8786.75188337143,65.7684555057143,1931.86586216571,60.5738721557143,2089.31769670714,87.6586706985714,2.85405382575062,4.72233177090332,2.85851079251028,0.75351465427228,468.85016304,36.34722264,110.321272712857,85.1777136657143,70.93864332,91.0517294742857,3.01674990677016
151,2022,10,1116,2022-10-08,2022-10-14,55.7,55.7,55.7,55.7,94.624,1.87393436384429,6.453,5.245625,496.36202,33.850018125,26875.5195312529,113.761041912857,30973.75767299,231.837267194286,1802.48071289,56.5169857585714,2092.37255859429,87.7868423471429,26638.9494977714,112.759670802857,13936.9033203143,104.31711415,1786.85283551857,56.0269709971429,2068.26831054714,86.7755421228571,2.61895330202131,37.1976229213596,1.46931030617139,0.47633732134875,491.7700592,35.05666976,105.222099304286,65.7684555057143,60.5738721557143,87.6586706985714,2.98208819453791
150,2022,10,1117,2022-10-15,2022-10-21,55.7,55.7,55.7,55.7,91.036,0.925353986320108,4.959,5.24566,477.54390376,26.01322794,24171.4517299143,102.315027511429,26503.2516741086,198.375712802857,1846.37955147857,57.89345714,2133.78696986714,89.5244129728571,23930.8886718771,101.296755111429,12393.84654018,92.7674146385715,1832.07958984571,57.4450863428572,2107.27228655143,88.4119851257143,7.21144878915908,17.5624788594581,3.75591171131035,0.843248372680084,496.36202,33.850018125,112.759670802857,104.31711415,56.0269709971429,86.7755421228571,1.87393436384429
149,2022,10,1118,2022-10-22,2022-10-28,55.7,55.7,55.7,55.7,93.014,1.38247242287119,5.684,5.31022,493.92480308,30.18329048,23424.2611607171,99.1522576471429,18029.6908482157,134.951469421429,1924.49269321857,60.3426993214286,2344.72586495571,98.3744855585714,23206.2039620557,98.2292709357143,11602.8461216557,86.8468006671429,1910.25502232143,59.8962576728571,2317.81455775714,97.2454289014286,6.39243576884099,12.2750393898127,4.52293203476189,5.47754638058733,477.54390376,26.01322794,101.296755111429,92.7674146385715,57.4450863428572,88.4119851257143,0.925353986320108
148,2022,10,1119,2022-10-29,2022-11-04,55.7,55.7,55.7,55.7,95.862,2.28796197520815,6.4,5.143875,493.10214525,32.9208,24595.4012276814,87.72304099,14560.3251953129,135.306441171429,2688.5988072,62.7986292142857,2786.15611049143,87.7284284328571,24333.9405692,86.7587432871428,9517.93973214572,89.7129146028572,2676.53376116,62.5153999328571,2770.69353376143,87.3478415357143,5.78769993228739,21.6554293343013,15.135785605293,19.7025256253721,493.92480308,30.18329048,98.2292709357143,86.8468006671429,59.8962576728571,97.2454289014286,1.38247242287119
147,2022,11,1120,2022-11-05,2022-11-11,55.7,55.7,55.7,55.7,96.078,2.62539901729225,5.879,5.20688,500.26661664,30.61124752,23500.5387834843,74.9201420385714,8833.42892020143,94.8673444457143,4830.3351702,91.4966724928571,4105.10498047,101.037485397143,23216.9944196443,74.0162004742857,7575.62353515571,81.3590572914286,4818.28219168571,91.2683715814286,3934.68327985571,96.8429859714286,7.94506362901991,12.6959885755713,11.4008419744458,10.7762140532179,493.10214525,32.9208,86.7587432871428,89.7129146028572,62.5153999328571,87.3478415357143,2.28796197520815
146,2022,11,1121,2022-11-12,2022-11-18,55.7,55.7,55.7,55.7,92.086,2.15511716618824,6.303,5.358125,493.40829875,33.772261875,23142.1403459843,73.7775421142857,7489.22098214429,80.4311272771428,3213.16444614857,60.8640714371429,4623.82038225571,113.80445862,22624.3869977714,72.1269585728571,6306.60888672143,67.7303586685714,3193.55301339429,60.4926000328571,4444.40938895286,109.388671874286,4.28849313381592,3.71468714019164,3.74317495173915,4.12867147439569,500.26661664,30.61124752,74.0162004742857,81.3590572914286,91.2683715814286,96.8429859714286,2.62539901729225
145,2022,11,1122,2022-11-19,2022-11-25,55.7,55.7,55.7,55.7,86.396,2.1868996318986,7.024,5.3431,461.6224676,37.5299344,23731.5025111614,75.6564723414286,4896.22446986714,52.5834143514286,4170.35654994429,78.9953002928571,4322.41169084857,106.386015755714,23388.4893973243,74.5629283357143,4823.55245535857,51.80294255,4156.56731305857,78.7340992514286,4306.62883649571,105.997543335714,2.24797232246555,2.48017550843851,4.11158452763537,5.86259472487118,493.40829875,33.772261875,72.1269585728571,67.7303586685714,60.4926000328571,109.388671874286,2.15511716618824
144,2022,11,1123,2022-11-26,2022-12-02,55.7,55.7,55.7,55.7,85.03,1.56492811336512,6.281,5.27412,448.4584236,33.12674772,26573.8406808043,75.94252886,6080.86202566857,70.7816717957143,6408.67689732,101.870129178571,6386.63427734429,128.589546202857,25813.0633370557,73.8071136471429,5615.60930524571,65.11571448,6077.63176618428,97.1685431357143,6249.44370814714,126.47039904,12.2427350401338,16.3151452486807,21.1462057495975,27.832024082578,461.6224676,37.5299344,74.5629283357143,51.80294255,78.7340992514286,105.997543335714,2.1868996318986
143,2022,12,1124,2022-12-03,2022-12-09,55.7,55.7,55.7,55.7,78.556,3.09191364691839,6.245,5.23048,410.88558688,32.6643476,32711.92857143,68.17962701,9161.05412946571,123.548170905714,7894.25202288,80.27622986,10623.9935825886,126.245414734286,32074.0454799114,66.8501161857143,8725.47732980286,117.673886981429,7484.65904018,76.1110992428571,10355.1279296871,123.050471714286,8.9052794736508,12.3340218459939,2.9154623888535,8.33222942685904,448.4584236,33.12674772,73.8071136471429,65.11571448,97.1685431357143,126.47039904,1.56492811336512
142,2022,12,1125,2022-12-10,2022-12-16,55.7,55.7,55.7,55.7,80.802,2.08614956319119,6.6,5.30202,428.41382004,34.993332,42722.0223214286,89.04308537,9171.96121652,123.695258005714,7567.81068638571,76.9566715785714,10301.3929966529,122.411970954286,42116.6411830357,87.7813437328571,9043.32798549143,121.960485185714,7220.01422991286,73.4199425842857,10260.8235212071,121.929842265714,1.99189652334841,9.16056635185091,2.08933916530203,6.84818372395593,410.88558688,32.6643476,66.8501161857143,117.673886981429,76.1110992428571,123.050471714286,3.09191364691839
141,2022,12,1126,2022-12-17,2022-12-23,55.7,55.7,55.7,55.7,80.678,1.32297770200398,5.079,5.21808,420.98425824,26.50262832,47987.2834821429,100.017171587143,8271.01750837143,111.544929504286,9920.11383928571,100.877128598571,9573.90080915143,113.767114911429,46307.9157366071,96.5169721328571,8194.67689732286,110.515385218571,9078.55894252143,92.3193719042857,9537.48228236857,113.334344044286,2.31390849758385,6.50343013095943,11.9091188853826,3.96033350502622,428.41382004,34.993332,87.7813437328571,121.960485185714,73.4199425842857,121.929842265714,2.08614956319119
140,2022,12,1127,2022-12-24,2022-12-30,55.7,55.7,55.7,55.7,81.9825,0.82568658299228,4.475,5.23528,429.2013426,23.427878,50936.6729910714,106.164413451429,6575.07958984429,88.6731011528571,12614.60700335,128.277270725714,12994.1051897314,154.409557888571,48362.5904017857,100.799414498571,6454.05015346,87.0408575857143,11821.2633928571,120.20979963,12701.6922433029,150.934801372857,5.93316367573631,7.30994210794224,6.36426501994969,20.5166997650774,420.98425824,26.50262832,96.5169721328571,110.515385218571,92.3193719042857,113.334344044286,1.32297770200398
139,2022,12,1128,2022-12-31,2023-01-06,67.13,67.13,67.13,67.13,78.326,3.14832177516857,3.71,5.3701,420.6184526,19.923071,61055.0050223214,97.55771528,6775.40904017714,89.4628274085714,12840.2833426357,100.495270867143,18966.0485491086,135.683512005714,58052.7472098214,92.6469573971429,6493.08858817286,85.7349417542857,12611.1686662957,98.7365297585715,18357.8663504486,130.879772732857,8.55216008463272,4.49690064375111,12.4195478242906,28.3235587761402,429.2013426,23.427878,100.799414498571,87.0408575857143,120.20979963,150.934801372857,0.82568658299228
138,2023,1,1129,2023-01-07,2023-01-13,69.04,69.04,69.04,69.04,80.606,2.58258204129095,3.419,5.19796,418.98676376,17.77182524,84067.4095982143,128.144901821429,5526.31745256714,72.7161865257143,13864.5327845986,103.231657845714,20014.7167968771,128.972128731429,75428.3917410714,114.976371765714,4803.62486049143,63.2068999157143,11929.0422712071,88.8205152257143,19510.9910714329,125.72618648,9.13282794024237,8.61241394892359,11.5914857329966,2.19447353828608,420.6184526,19.923071,92.6469573971429,85.7349417542857,98.7365297585715,130.879772732857,3.14832177516857
137,2023,1,1130,2023-01-14,2023-01-20,69.04,69.04,69.04,69.04,84.57,1.60614445178572,3.174,5.14654,435.2428878,16.33511796,85265.6071428571,129.971342904286,7436.86167689714,97.8554720214286,13613.1519252243,101.359927587143,20477.8934151814,131.956772938571,69701.5418526786,106.24687086,6606.41371372857,86.9282858685714,9205.77078683143,68.5437425885714,18858.2195870571,121.519813537143,7.70933210100725,18.6483865936775,4.45547442059627,3.98563518572872,418.98676376,17.77182524,114.976371765714,63.2068999157143,88.8205152257143,125.72618648,2.58258204129095
136,2023,1,1131,2023-01-21,2023-01-27,69.04,69.04,69.04,69.04,85.988,1.19827793103318,3.109,5.12696,440.85703648,15.93971864,79457.2354910714,121.117555891429,8815.38204520143,115.994258337143,16025.6275111629,119.322600228571,21267.6166294671,137.04564558,60632.3069196429,92.4225289485714,7321.00195312429,96.3309418814286,11555.4861886171,86.0391148157143,17945.2522321443,115.636757987143,1.80195313319711,19.3842380309605,9.76877462622831,1.30300588050616,435.2428878,16.33511796,106.24687086,86.9282858685714,68.5437425885714,121.519813537143,1.60614445178572
135,2023,1,1132,2023-01-28,2023-02-03,69.04,69.04,69.04,69.04,81.87,2.36967297321773,2.41,5.07148,415.2020676,12.2222668,74005.6651785714,109.388172694286,6791.07854352714,86.0217851914286,16585.1286272343,120.748328072857,21035.0772879486,117.135343278571,57279.5797991071,84.5533992228571,6190.11300223286,78.2489013685714,11526.5503627257,83.8443298357143,17578.0044642886,98.0050136028571,2.48529148300782,7.46570288614833,4.6127347245172,18.2925157432341,440.85703648,15.93971864,92.4225289485714,96.3309418814286,86.0391148157143,115.636757987143,1.19827793103318
134,2023,2,1133,2023-02-04,2023-02-10,69.04,69.04,69.04,69.04,83.298,1.84016847054876,2.514,5.2061,433.6577178,13.0881354,70651.9966517857,99.92867061,6664.35923549143,79.9809722914286,15583.2480468771,110.009958538571,22302.6559709843,98.8449717928572,54786.5290178571,77.4888992314286,6396.65534319286,76.7681721285714,13178.6420200914,93.0346134728571,17649.9218750029,78.22415706,1.06246138818211,4.1479355218854,5.72502397429444,0.949792459304052,415.2020676,12.2222668,84.5533992228571,78.2489013685714,83.8443298357143,98.0050136028571,2.36967297321773
133,2023,2,1134,2023-02-11,2023-02-17,69.04,69.04,69.04,69.04,84.172,1.4876726790522,2.275,5.19996,437.69103312,11.829909,71972.6194196429,101.796514238571,5675.25599888571,68.1104431157143,14088.1636439729,99.4553996485714,22020.1738281271,97.5930284757143,47500.2477678571,67.1833289028571,5496.35191127286,65.9633849014286,13278.0025111629,93.7360698157143,17276.2686941986,76.5681435714286,2.22967419069741,3.02107721816082,4.55874371693725,0.818287071809615,433.6577178,13.0881354,77.4888992314286,76.7681721285714,93.0346134728571,78.22415706,1.84016847054876
132,2023,2,1135,2023-02-18,2023-02-24,69.04,69.04,69.04,69.04,81.774,1.2740996821288,2.451,5.1611,422.0437914,12.6498561,76736.3303571429,108.534213474286,7999.46254185286,96.0039727342857,12879.8051060271,90.9250008728571,22637.4015066986,100.328600201429,45917.7522321429,64.9450716285714,6287.28920200857,75.45565796,12468.4686104914,88.02117048,17242.7500000014,76.4195720128571,2.9525857753438,22.9383248435543,5.23829979162173,2.03127961674804,437.69103312,11.829909,67.1833289028571,65.9633849014286,93.7360698157143,76.5681435714286,1.4876726790522
131,2023,2,1136,2023-02-25,2023-03-03,69.04,69.04,69.04,69.04,83.604,1.6286589575474,3.009,5.2039,435.0668556,15.6585351,76914.7276785714,109.792298452857,9115.47349330429,116.961671011429,9368.51409040143,66.2314850942857,23551.8155691971,97.4093279171428,50975.8755580357,72.8494012,6554.25055803714,84.79184396,9251.96554129428,65.40871375,16882.58342634,69.9154706671429,6.81555502783422,11.128451126287,7.11770931832666,7.61872158427711,422.0437914,12.6498561,64.9450716285714,75.45565796,88.02117048,76.4195720128571,1.2740996821288
130,2023,3,1137,2023-03-04,2023-03-10,69.04,69.04,69.04,69.04,82.858,1.82891224502403,2.43,5.16806,428.21511548,12.5583858,69810.2912946429,100.954356602857,10679.2721819229,151.117912291429,8083.83754185286,57.2785709942857,23465.2382812529,87.8115866528571,56482.8493303571,81.6812297271429,7726.67096819286,109.336870467143,8025.99672154143,56.8687716914286,15284.3803013414,57.1971855157143,2.59675756598021,18.4648694741358,1.83136332910457,4.09249012619967,435.0668556,15.6585351,72.8494012,84.79184396,65.40871375,69.9154706671429,1.6286589575474
129,2023,3,1138,2023-03-11,2023-03-17,69.04,69.04,69.04,69.04,74.978,3.34382565334985,2.338,5.26568,394.81015504,12.31115984,74983.4776785714,108.435429167143,9555.60874721143,135.217415948571,7138.95814732571,50.58359909,25105.79603795,93.9508863171428,47496.1104910714,68.6852722185714,7112.03871372857,100.639471871429,7060.52134486572,50.0278151385714,17032.6378348243,63.7395150314286,2.9095105550319,9.16726722887902,1.35511217151852,1.64781074691958,428.21511548,12.5583858,81.6812297271429,109.336870467143,56.8687716914286,57.1971855157143,1.82891224502403
128,2023,3,1139,2023-03-18,2023-03-24,69.04,69.04,69.04,69.04,74.244,1.35706668959236,2.216,5.26164,390.64520016,11.65979424,75656.8872767857,109.409284318571,6515.80210658286,92.20238495,9121.65771484428,64.6321291242857,31173.1540178586,116.65614319,49421.2801339286,71.4693145742857,6143.04185268143,86.9276003171428,8860.09751674286,62.7788151328571,17770.5491071457,66.5009427757143,2.93546102445733,7.08085111884052,8.16832947465615,2.10761058685174,394.81015504,12.31115984,68.6852722185714,100.639471871429,50.0278151385714,63.7395150314286,3.34382565334985
127,2023,3,1140,2023-03-25,2023-03-31,69.04,69.04,69.04,69.04,78.004,0.908779401175584,2.216,5.1512,401.8142048,11.4150592,62813.5139508929,90.7962134228571,5542.38113839286,78.42792947,6759.42020089429,47.8943568642857,32588.4866071443,121.952585492857,48461.8532366071,70.05054256,5443.23144531,77.0249001642857,6635.67013113857,47.0174996514286,18812.2441406257,70.3991590228571,2.2362168862393,4.72993026919963,6.77572859848934,3.52378824638617,390.64520016,11.65979424,71.4693145742857,86.9276003171428,62.7788151328571,66.5009427757143,1.35706668959236
126,2023,4,1141,2023-04-01,2023-04-07,69.04,69.04,69.04,69.04,85.99,0.387900330843452,2.011,5.062625,435.33512375,10.180938875,54605.5864955357,99.6854139057143,4521.08621651857,69.5013569414286,4940.86893136143,42.9946436214286,30198.7848772343,111.980769567143,45046.6194196429,82.2350136885714,4401.55866350571,67.66388539,4932.59535435286,42.9226428442857,20104.0998883957,74.5484150485714,2.65656747734518,6.67990089048312,2.86599778480152,3.26572773495167,401.8142048,11.4150592,70.05054256,77.0249001642857,47.0174996514286,70.3991590228571,0.908779401175584
125,2023,4,1142,2023-04-08,2023-04-14,69.04,69.04,69.04,69.04,87.202,0.732168013504426,2.114,4.9796,434.2310792,10.5268744,54365.7075892857,99.2475139085714,4927.76307896143,75.7530724657143,4076.97324916143,35.4771423328571,29590.4935825929,109.251043047143,42546.5904017857,77.6710859014286,4781.43258231,73.5035852714286,4061.44764927429,35.3420431942857,18404.0898437514,67.9471566342857,1.40889846646301,8.95690158384366,1.92956268025231,0.592817869559639,435.33512375,10.180938875,82.2350136885714,67.66388539,42.9226428442857,74.5484150485714,0.387900330843452
124,2023,4,1143,2023-04-15,2023-04-21,69.04,69.04,69.04,69.04,84.62,1.18686562002511,2.233,5.000975,423.1825045,11.167177175,56406.6902901786,102.973429,8242.37611607143,126.70766994,3848.91319057,33.49262837,28128.5920758943,103.669271197143,37772.015625,68.9548285357143,5438.54558454286,83.60519954,3839.92456054714,33.4144139971429,17909.1844308057,66.0051710942857,4.71116334548786,21.5288922482869,1.55528617723304,2.64752177846193,434.2310792,10.5268744,77.6710859014286,73.5035852714286,35.3420431942857,67.9471566342857,0.732168013504426
123,2023,4,1144,2023-04-22,2023-04-28,69.04,69.04,69.04,69.04,81.396,1.94269915323977,2.41,5.0384,410.1056064,12.142544,56420.4229910714,102.99849919,7309.79561942143,112.371384755714,4239.31529018143,36.8898429885714,26069.76841518,96.08138602,36989.0424107143,67.52545711,4953.13364955429,76.1430849357143,4224.50474330571,36.7609574457143,16827.43401228,62.0182991014286,8.2222561617109,20.1417448424683,0.805591791857061,4.37145837663275,423.1825045,11.167177175,68.9548285357143,83.60519954,33.4144139971429,66.0051710942857,1.18686562002511
122,2023,4,1145,2023-04-29,2023-05-05,69.04,69.04,69.04,69.04,74.6175,1.95187730147135,2.137,5.0085,373.72174875,10.7031645,47782.8030133929,109.749673027143,5857.66936384143,74.21911403,4498.81919643,57.6059701114286,23872.0842633957,107.986658368571,34103.91685268,79.0118566228572,5409.48611886429,68.6360288342857,4481.36746651857,57.3784152442857,16601.1237444214,74.9767995571429,13.5668545635765,15.8167723534141,12.9865162718072,7.80752684265454,410.1056064,12.142544,67.52545711,76.1430849357143,36.7609574457143,62.0182991014286,1.94269915323977
121,2023,5,1146,2023-05-06,2023-05-12,69.04,69.04,69.04,69.04,76.08,1.43248036635791,2.266,4.963,377.58504,11.246158,39658.50390625,99.3139713842857,9204.47084263571,108.064385551429,4124.35770089286,59.4269283842857,21752.7770647343,105.991715565714,32290.1791294671,80.8619864342857,7149.95696149429,83.9435152328571,4034.19681222143,58.12782887,14334.77901786,69.8470589771429,1.99616086236214,10.5411136806112,2.26480483336617,4.10978896059047,373.72174875,10.7031645,79.0118566228572,68.6360288342857,57.3784152442857,74.9767995571429,1.95187730147135
120,2023,5,1147,2023-05-13,2023-05-19,69.04,69.04,69.04,69.04,75.752,0.718658472431749,2.585,4.94426,374.53758352,12.7809121,35661.7628348214,89.3052128385714,4153.57317243286,48.7647149214286,4287.69866071571,61.7804565428571,18947.77371652,92.3241555328571,29971.5323660729,75.05557142,3902.79718889429,45.8204857971429,4207.01070731143,60.6178430814286,13474.1780133943,65.6537437428571,2.46716921922649,8.32756105135823,4.49676118045935,3.73533398053224,377.58504,11.246158,80.8619864342857,83.9435152328571,58.12782887,69.8470589771429,1.43248036635791
119,2023,5,1148,2023-05-20,2023-05-26,69.04,69.04,69.04,69.04,76.482,0.936947170334632,2.181,4.97804,380.73045528,10.85710524,31468.8493303586,78.80518559,3037.91643415429,35.6664292485714,3077.76398577,44.3467995785714,16291.9886997786,79.3836996914286,27241.8867187529,68.21991512,2905.22258649571,34.1085275914286,3048.23444475571,43.9213284085714,12042.6809430829,58.6787000385714,2.22933301366956,1.01541701029678,3.40990638251311,3.24368789047879,374.53758352,12.7809121,75.05557142,45.8204857971429,60.6178430814286,65.6537437428571,0.718658472431749
118,2023,5,1149,2023-05-27,2023-06-02,69.04,69.04,69.04,69.04,73.885,1.67772663645375,2.172,5.02768,371.4701368,10.92012096,31224.5175781286,83.4268133985714,3537.99037388571,39.4999138971429,2668.60811942143,43.98109981,12700.8314732143,76.5124855042857,29146.5817522357,78.0490864357143,3403.49386160571,37.9639423914286,2649.50746372714,43.6633420657143,11471.8595145114,69.99765614,12.7596107993023,5.47361619025059,8.73970954516899,22.7991389982815,380.73045528,10.85710524,68.21991512,34.1085275914286,43.9213284085714,58.6787000385714,0.936947170334632
117,2023,6,1150,2023-06-03,2023-06-09,69.04,69.04,69.04,69.04,76.06,0.825681536671655,2.254,4.913625,373.7303175,11.07531075,32601.5817522329,100.095442635714,2681.67609514571,25.6729858942857,2525.69471958714,55.1735714514286,9993.54631696571,93.2660576957143,30788.6219308071,94.5291846128572,2418.52137974429,23.1536570942857,2508.63685826,54.80097144,9647.77706473429,90.0391278942857,2.22753478307813,1.5814103811483,1.25769446328018,5.326435526184,371.4701368,10.92012096,78.0490864357143,37.9639423914286,43.6633420657143,69.99765614,1.67772663645375
116,2023,6,1151,2023-06-10,2023-06-16,69.04,69.04,69.04,69.04,74.388,1.94917161891887,2.632,4.8461,360.4916868,12.7549352,29882.7511160743,91.7479149971429,6254.40450614,59.8764288757143,2371.14400809143,51.79744339,8298.69447544714,77.4486291071429,29225.4160156286,89.7297570371428,5679.14864676286,54.3692278171429,2351.22614397429,51.3623286657143,8068.37304687571,75.2991278528572,2.24159966245988,36.8815054242316,1.05278139678308,3.87514178022057,373.7303175,11.07531075,94.5291846128572,23.1536570942857,54.80097144,90.0391278942857,0.825681536671655
115,2023,6,1152,2023-06-17,2023-06-23,69.04,69.04,69.04,69.04,75.258,1.4477810607955,2.729,4.78094,359.80398252,13.04718526,32241.7201450914,98.9906016757143,12020.6130022343,115.079113552857,2229.29010881857,48.6986421857143,6919.45312500143,64.5766874042857,30211.6143973229,92.7576283042857,9130.00962611714,87.4059862428571,2211.92585100571,48.3193413857143,6742.77964564857,62.9278717042857,3.41744993076574,22.0152504437254,0.579287833129097,3.57982229129877,360.4916868,12.7549352,89.7297570371428,54.3692278171429,51.3623286657143,75.2991278528572,1.94917161891887
114,2023,6,1153,2023-06-24,2023-06-30,69.04,69.04,69.04,69.04,73.55,0.988787135838744,2.798,4.8182,354.37861,13.4813236,28294.0265066986,86.8701302657143,13438.5648018971,128.65387181,2112.47956194143,46.1469426842857,5905.71072823857,55.1158142085714,27044.3378906286,83.0332565314286,8225.49818638571,78.7466561442857,2102.26527622857,45.9238139557143,5682.47419084714,53.0324429114286,1.86617930798251,5.17780435607595,0.791215929567576,1.71492915933808,359.80398252,13.04718526,92.7576283042857,87.4059862428571,48.3193413857143,62.9278717042857,1.4477810607955
113,2023,7,1154,2023-07-01,2023-07-07,69.04,69.04,69.04,69.04,76.596,1.51707943101159,2.582,4.8451,371.1152796,12.5100482,24535.5544084857,95.6747992371429,5492.56856863857,50.2345286771429,2081.44914899429,55.1373427271429,5210.18512834857,99.03808594,24057.9737723243,93.8125141685714,5399.77713448714,49.3858707957143,2058.72033691286,54.53524181,4969.70389229857,94.4669004171429,2.9636343620745502,6.70386857640704,0.588826231644547,4.76268327527652,354.37861,13.4813236,83.0332565314286,78.7466561442857,45.9238139557143,53.0324429114286,0.988787135838744
112,2023,7,1155,2023-07-08,2023-07-14,69.04,69.04,69.04,69.04,79.46,1.39487633860514,2.539,4.83414,384.1207644,12.27388146,23650.1185825929,92.2221003942857,27802.5800781243,254.279811312857,2353.98475864857,62.3567570271429,4326.63385881714,82.2430561614286,23409.3858816986,91.2833851414286,11116.7078683043,101.672370912857,2343.97471400714,62.0915996014286,4123.48974609429,78.3815874371429,1.23494131579997,44.5968871973074,3.11529403595159,3.15639682265207,371.1152796,12.5100482,93.8125141685714,49.3858707957143,54.53524181,94.4669004171429,1.51707943101159
111,2023,7,1156,2023-07-15,2023-07-21,69.04,69.04,69.04,69.04,79.2,1.24128965193524,2.713,4.79864,380.052288,13.01871032,23043.96902902,89.8584562014286,22940.7613002243,209.814082554286,2354.64296177571,62.37419946,3733.69827706571,70.9722148342857,22752.4871651814,88.7218279142857,12029.64481027,110.022043501429,2331.42954799,61.75928552,3621.22834124,68.8343135285714,1.52146157763524,19.8150691840412,2.12476233164137,2.4670226993276,384.1207644,12.27388146,91.2833851414286,101.672370912857,62.0915996014286,78.3815874371429,1.39487633860514
110,2023,7,1157,2023-07-22,2023-07-28,69.04,69.04,69.04,69.04,83.548,0.835146693701539,2.638,4.73492,395.59309616,12.49071896,21366.8532366086,83.3186427528571,11610.9366629486,106.19255828857101,2075.59258161286,54.9822000771429,3320.84252929857,63.1244147142857,20970.5345982157,81.7732434928572,9719.94252232286,88.89768437,2070.79183524143,54.8550284242857,3221.14930943143,61.2294142585714,2.5044358157062,7.31629739233424,2.14346980640013,2.65349964873449,380.052288,13.01871032,88.7218279142857,110.022043501429,61.75928552,68.8343135285714,1.24128965193524
109,2023,7,1158,2023-07-29,2023-08-04,69.04,69.04,69.04,69.04,85.628,1.25026797127706,2.577,4.81252,412.08646256,12.40186404,19943.2670200929,88.6624559671429,7260.79827009,69.5750421785714,2157.32053920286,62.0343001228571,2884.12799944429,74.3873852314286,19686.8833705386,87.5556128371429,7095.23256138571,68.0292570928572,2146.59544154571,61.7161140457143,2795.98957170571,72.2274006428571,9.26126994074884,8.34556595068447,5.94523438451717,15.7766227146921,395.59309616,12.49071896,81.7732434928572,88.89768437,54.8550284242857,61.2294142585714,0.835146693701539
108,2023,8,1159,2023-08-05,2023-08-11,69.04,69.04,69.04,69.04,87.83,1.02846973703721,2.77,4.89296,429.7486768,13.5534992,18824.3811383943,91.6191155571429,6113.23214285857,61.2851137428571,2154.0574428,65.4221011571428,2511.60327148429,78.7501863742857,18549.7313058057,90.28239986,5861.35421317,58.7600571771429,2117.86596679714,64.32291467,2467.36865234429,77.3632572728571,1.69711889766353,14.0910895800762,1.50922286791554,2.79990602343052,412.08646256,12.40186404,87.5556128371429,68.0292570928572,61.7161140457143,72.2274006428571,1.25026797127706
107,2023,8,1160,2023-08-12,2023-08-18,69.04,69.04,69.04,69.04,85.866,1.09689561946351,2.551,4.97148,426.88110168,12.68224548,18515.3758370557,90.1151994971429,13142.5772879471,131.754272461429,2288.30698939714,69.4994550442857,2186.76728166857,68.5651130685714,18276.4907924129,88.9525146485714,11549.61453683,115.784828184286,2284.52769252143,69.3846697142857,2166.0503976,67.9155578614286,1.34018124430538,16.0585885898586,2.53975647441715,3.84521636938,429.7486768,13.5534992,90.28239986,58.7600571771429,64.32291467,77.3632572728571,1.02846973703721
106,2023,8,1161,2023-08-19,2023-08-25,69.04,69.04,69.04,69.04,84.714,0.71405882110597,2.54,4.9149,416.3608386,12.483846,17979.8119419671,87.5085710785714,8200.25920759,82.2075718471428,2066.66130719857,62.7677427014286,1859.99400111571,58.3192857985714,17741.8317522343,86.3503287171428,7469.84305245714,74.8851427357143,2065.6398577,62.7367286685714,1848.02298409714,57.94395719,1.17946525869583,7.88947160692576,0.158364292836755,2.08271793442614,426.88110168,12.68224548,88.9525146485714,115.784828184286,69.3846697142857,67.9155578614286,1.09689561946351
105,2023,8,1162,2023-08-26,2023-09-01,69.04,69.04,69.04,69.04,86.76,0.475709995690293,2.765,4.8961,424.785636,13.5377165,18068.2726004486,88.53717259,5607.96686663,55.2058138157143,2048.56438337143,63.2724571214286,1806.97914341571,60.05467115,17768.8596540214,87.0681860785714,5524.87653459857,54.38570077,2043.66153390143,63.1235569542857,1806.97914341571,60.05467115,3.04691760740762,8.55576855163636,2.63263814084762,10.0457156415768,416.3608386,12.483846,86.3503287171428,74.8851427357143,62.7367286685714,57.94395719,0.71405882110597
104,2023,9,1163,2023-09-02,2023-09-08,69.04,69.04,69.04,69.04,91.294,0.578558553648115,2.605,4.96135,452.9414869,12.92431675,19294.8716517886,98.2241995657143,25136.2056361629,215.782798767143,2040.82142857286,69.4069998614286,1931.01027134571,84.9794998171429,19041.8657924114,96.9362139028571,16012.6448102714,137.461197991429,2036.12283761143,69.2471989228572,1931.01027134571,84.9794998171429,2.87480083004015,54.8092253661965,0.45688171443804,0.92914949544806,424.785636,13.5377165,87.0681860785714,54.38570077,63.1235569542857,60.05467115,0.475709995690293
103,2023,9,1164,2023-09-09,2023-09-15,69.04,69.04,69.04,69.04,93.868,1.4978551331812,2.644,4.90904,460.80176672,12.97950176,18916.60184152,96.29851423,15737.5799386186,135.099900381429,2130.75969587286,72.46572767,1755.67487444143,77.26335798,18684.8200334843,95.1186141957143,12542.81417411,107.674300055714,2130.75969587286,72.46572767,1751.40016392286,77.0752291,3.9235211555728,18.1402537550483,1.68024218330317,2.88487537570019,452.9414869,12.92431675,96.9362139028571,137.461197991429,69.2471989228572,84.9794998171429,0.578558553648115
102,2023,9,1165,2023-09-16,2023-09-22,69.04,69.04,69.04,69.04,94.862,1.11165192394057,2.637,4.87854,462.78806148,12.86470998,16520.4229910743,84.1003428857143,10996.9066685286,94.4033867985714,2155.90373883857,73.3208857957143,1557.17027064714,68.5276140485714,16205.85686384,82.4989852885714,9483.82854352714,81.4143011914286,2147.73229980429,73.04297093,1557.17027064714,68.5276140485714,3.86340186346805,10.8124536749909,1.85629514091075,2.35409067415917,460.80176672,12.97950176,95.1186141957143,107.674300055714,72.46572767,77.0752291,1.4978551331812
101,2023,9,1166,2023-09-23,2023-09-29,117.59,117.59,117.59,117.59,95.596,1.32737711295589,2.929,5.00266,478.23428536,14.65279114,14656.7052176343,74.6127134042857,14667.3390066971,125.912372044286,1961.80585588714,66.7197276514286,1467.38115583286,64.5761854971428,14351.4688895114,73.0588585985714,10504.6125139529,90.1772700714286,1957.82231794,66.5842568528571,1467.36101423143,64.5752993971429,2.20592565754566,17.8897032479057,1.98384430693259,0.391786848009012,462.78806148,12.86470998,82.4989852885714,81.4143011914286,73.04297093,68.5276140485714,1.11165192394057
100,2023,9,1167,2023-09-30,2023-10-06,71.6,71.6,71.6,71.6,90.328,2.66386373525374,3.338,5.13812,464.11610336,17.15104456,16507.6283482157,71.6690717414286,20268.5311104929,154.58871242,1717.74670410143,54.36751393,1452.14456612571,61.1952285785714,15637.8487723243,67.9577429628571,9749.66971261286,75.0751724242857,1708.24743652286,54.0632994528571,1436.67789132286,60.5472570142857,4.35897914336414,16.9595139808834,4.45988852909627,1.93049897248712,478.23428536,14.65279114,73.0588585985714,90.1772700714286,66.5842568528571,64.5752993971429,1.32737711295589
99,2023,10,1168,2023-10-07,2023-10-13,69.04,69.04,69.04,69.04,90.476,2.66455061877245,3.236,5.090625,460.5793875,16.4732625,23626.0033482157,100.046469552857,59446.72265625,447.672973634286,1495.22215053143,46.6775425485714,1320.50857979857,55.2325853614286,22528.0228794686,95.3969573971429,12071.4393136171,90.9058837885714,1491.54500906857,46.5627425042857,1317.88141741,55.1227002828571,13.8488753388146,34.0026445009586,1.19683681762074,2.15715660794821,464.11610336,17.15104456,67.9577429628571,75.0751724242857,54.0632994528571,60.5472570142857,2.66386373525374
98,2023,10,1169,2023-10-14,2023-10-20,69.04,69.04,69.04,69.04,92.468,1.0497952181249,2.899,5.05216,467.16313088,14.64621184,25633.8127790214,108.548743111429,56126.4849330357,422.669398717143,1494.55385044714,46.6566859642857,1318.66128976143,55.1553137642857,24535.6598772343,103.898499625714,12627.5111607143,95.0934720728571,1483.82885742286,46.3218710757143,1306.36755371143,54.6411138271429,3.81509783400526,20.205804460302,1.08494027585091,1.65536936821615,460.5793875,16.4732625,95.3969573971429,90.9058837885714,46.5627425042857,55.1227002828571,2.66455061877245
97,2023,10,1170,2023-10-21,2023-10-27,87.51,87.51,87.51,87.51,89.84,1.60945642997878,3.164,4.9943,448.687912,15.8019652,22025.6568080386,93.26965768,34958.6143973229,263.261387415714,1608.68315778429,50.2195423671429,1325.90844726429,55.4584574028571,21611.9807477686,91.5179290771429,11278.45765904,84.9342286242857,1595.00627790286,49.7925851,1320.59212821,55.2360709057143,7.01242085507096,13.4205840911567,1.20784042661061,0.612773735357426,467.16313088,14.64621184,103.898499625714,95.0934720728571,46.3218710757143,54.6411138271429,1.0497952181249
96,2023,10,1171,2023-10-28,2023-11-03,73.72,73.72,73.72,73.72,90.73,0,3.515,4.993225,453.03530425,17.551185875,28647.7187500014,105.8852005,56907.5005580357,508.731541225714,1589.55817522429,40.8964285171429,1245.99569266143,43.2231426242857,25116.41043527,94.2862276342857,12472.0503627243,109.450658527143,1575.51555524571,40.50587082,1233.18416922714,42.8104575014286,14.1932802622895,25.9225269768422,8.9461881663953,12.7565290622373,448.687912,15.8019652,91.5179290771429,84.9342286242857,49.7925851,55.2360709057143,1.60945642997878
95,2023,11,1172,2023-11-04,2023-11-10,69.04,69.04,69.04,69.04,83.52,2.33472696476452,3.033,4.8944,408.780288,14.8447152,33697.47014509,107.308885847143,49849.3487723214,534.844229564286,2033.61226981,38.4891003214286,1486.36284528571,36.5747143885714,28050.7039620557,89.3313565942857,12865.6593889514,138.034826551429,2019.92513602,38.2301139842857,1475.90556989429,36.3174138757143,4.14314238757046,49.8403830241223,3.71247753911106,3.46565380976788,453.03530425,17.551185875,94.2862276342857,109.450658527143,40.50587082,42.8104575014286,0
94,2023,11,1173,2023-11-11,2023-11-17,122.46,122.46,122.46,122.46,81.928,2.65440577154318,2.96,4.8832,400.0708096,14.454272,22811.0686383971,72.7221003942857,44617.7751116086,479.17627389,2410.22569056857,45.6547284828571,1521.81830706,37.4559854771429,21280.6914062529,67.8432284757143,11680.5620814743,125.444357735714,2403.58639090571,45.5289573685714,1492.27401297429,36.7288289742857,8.15449567471161,33.6950777575126,0.99574588417143,2.37145067567134,408.780288,14.8447152,89.3313565942857,138.034826551429,38.2301139842857,36.3174138757143,2.33472696476452
93,2023,11,1174,2023-11-18,2023-11-24,81.46,81.46,81.46,81.46,81.62,1.33691809771584,2.855,4.8865,398.83613,13.9509575,19777.8445870543,63.0521142171429,58717.4983258929,630.601409911429,2622.58457729,49.6772575385714,1481.74829101429,36.4697576242857,18864.1283482157,60.1391715985714,20973.3662109386,225.245184764286,2614.24054827143,49.5191852042857,1462.68671526286,36.0005999971429,5.05246711919007,56.423220070383,3.22979459660988,1.82270276116261,400.0708096,14.454272,67.8432284757143,125.444357735714,45.5289573685714,36.7288289742857,2.65440577154318
92,2023,11,1175,2023-11-25,2023-12-01,69.04,69.04,69.04,69.04,80.914,1.75470225394464,2.814,4.90534,396.91068076,13.80362676,26695.8694196443,80.2986564628571,26352.6079799129,293.498842511429,1691.92142159714,30.26115717,1651.24555315286,37.5106999542857,25233.3593750029,75.86650031,15226.52218192,169.919682094286,1683.21184430714,30.1051567628571,1642.72942243429,37.3011003214286,10.8934562086012,25.6371052331324,8.09461426415627,7.49523770285397,398.83613,13.9509575,60.1391715985714,225.245184764286,49.5191852042857,36.0005999971429,1.33691809771584
91,2023,12,1176,2023-12-02,2023-12-08,73.04,73.04,73.04,73.04,75.982,1.7516763399672,2.581,4.91442,373.40746044,12.68411802,30217.8364955386,62.9813292371429,22931.48604911,309.259495325714,1318.35557338143,13.4063000014286,1861.55114746,22.1208855771429,28868.3696986643,60.1687006285714,13085.3232421886,176.471799575714,1313.55786132857,13.3575000785714,1861.55114746,22.1208855771429,1.93045978414559,26.095086775642802,0.658954883836092,0.623968493353825,396.91068076,13.80362676,75.86650031,169.919682094286,30.1051567628571,37.3011003214286,1.75470225394464
90,2023,12,1177,2023-12-09,2023-12-15,69.04,69.04,69.04,69.04,75.578,1.41526322639992,2.491,4.93548,373.01370744,12.29428068,31027.1283482157,64.5930137628572,18107.1932198686,244.197943552857,1393.60628836571,14.1715143757143,2126.37468610571,25.2677999214286,29753.6749441971,61.9414858142857,11991.34291295,161.718099322857,1388.34069824286,14.1179571142857,2116.42096819143,25.1495287757143,1.65963361379704,26.2320067866675,0.438570362231997,0.702737328833277,373.40746044,12.68411802,60.1687006285714,176.471799575714,13.3575000785714,22.1208855771429,1.7516763399672
89,2023,12,1178,2023-12-16,2023-12-22,87.42,87.42,87.42,87.42,80.154,0.857572154399053,2.61,4.88344,391.42724976,12.7457784,25029.5906808057,52.0824574071429,11626.5874720986,156.798928397143,1883.52141462143,19.1534284871429,2437.74769810143,28.9678570885714,23992.8666294671,49.9252003257143,10377.4529854943,139.952814374286,1875.78410993143,19.07475703,2436.84385463,28.9571140842857,3.11364310879569,13.2177862176401,3.66075300999835,1.83949768281697,373.01370744,12.29428068,61.9414858142857,161.718099322857,14.1179571142857,25.1495287757143,1.41526322639992
88,2023,12,1179,2023-12-23,2023-12-29,69.04,69.04,69.04,69.04,79.4825,1.43530194268184,2.514,4.8369,384.44890425,12.1599666,26262.9380580386,54.6488429471429,10076.64153181,135.895986284286,2363.18872070286,24.0311287457143,2724.34333147286,32.3735144471429,25452.1704799129,52.96179962,9451.95040457571,127.471285138571,2350.11446707571,23.8981857285714,2724.34333147286,32.3735144471429,2.09957599927478,16.9767345373667,0.520297633675519,0.103562130203463,391.42724976,12.7457784,49.9252003257143,139.952814374286,19.07475703,28.9571140842857,0.857572154399053
87,2023,12,1180,2023-12-30,2024-01-05,63.35,63.35,63.35,63.35,76.88,1.11543713404144,2.893,4.904775,377.079102,14.189514075,29877.8445870571,49.6757425585714,6542.69656808143,87.1638139985714,3245.63148716571,26.17180007,3217.10784040286,24.9337425214286,29210.8828125014,48.5686716371429,6261.57826451143,83.4179011757143,3239.50282505714,26.1207283571429,3217.10784040286,24.9337425214286,5.44980712782452,6.30954818205943,2.60418308163035,6.63151283855439,384.44890425,12.1599666,52.96179962,127.471285138571,23.8981857285714,32.3735144471429,1.43530194268184
86,2024,1,1181,2024-01-06,2024-01-12,61.07,61.07,61.07,61.07,78.4,1.8887562044905,3.313,4.8799,382.58416,16.1671087,36612.6244419643,55.6409285414286,5742.30691964286,76.0797729485714,3835.97174944429,28.4581432342857,5122.32052176571,32.35411426,35968.3526785714,54.6618287214286,5540.99609374857,73.4126292642857,3768.25101144,27.9557288042857,5055.71732003429,31.9334575114286,1.03992247970148,5.32961020738854,0.502223031960385,5.44814738576267,377.079102,14.189514075,48.5686716371429,83.4179011757143,26.1207283571429,24.9337425214286,1.11543713404144
85,2024,1,1182,2024-01-13,2024-01-19,61.07,61.07,61.07,61.07,80.108,0.84585459743209,2.519,4.9149,393.7228092,12.3806331,36230.4732142857,55.0601566842857,11194.7957589314,148.319729398571,4723.94151088286,35.0457714628571,7820.12325613857,49.3942713057143,35864.7918526786,54.5044430328571,9411.33809989,124.690730502857,4723.73723493429,35.0442573,7739.30315290286,48.8837716257143,0.987329348835913,76.0875613874567,5.1310860151209,3.62162921208481,382.58416,16.1671087,54.6618287214286,73.4126292642857,27.9557288042857,31.9334575114286,1.8887562044905
84,2024,1,1183,2024-01-20,2024-01-26,61.38,61.38,61.38,61.38,82.312,0.618845699667772,2.712,4.93448,406.16691776,13.38230976,38597.3532366071,58.65717152,16727.0887276814,221.617028371429,8787.19147600572,65.1900286,7817.41699218714,49.3771858214286,37779.6417410714,57.4144434242857,13987.43498884,185.319381712857,8781.16510881714,65.1453138085714,7708.02852957714,48.6862427857143,3.67239928484886,46.0633572632447,11.1247045188366,1.30417433306358,393.7228092,12.3806331,54.5044430328571,124.690730502857,35.0442573,48.8837716257143,0.84585459743209
83,2024,1,1184,2024-01-27,2024-02-02,61.07,61.07,61.07,61.07,82.57,1.8686358660796,2.079,4.94378,408.2079146,10.27811862,41704.140625,62.14812742,10050.51904297,130.469329834286,11148.30747768,81.6803147457143,10443.3394252229,59.0417431414286,39576.0011160714,58.9486569,9545.73095703286,123.859230042857,10816.1390904029,79.25068501,10134.6558314714,57.3313860214286,3.73431510928961,20.4362608971708,12.4772352765605,5.15799543000314,406.16691776,13.38230976,57.4144434242857,185.319381712857,65.1453138085714,48.6862427857143,0.618845699667772
82,2024,2,1185,2024-02-03,2024-02-09,61.07,61.07,61.07,61.07,81.506,1.77695807491359,1.847,4.97678,405.63743068,9.19211266,37546.17578125,52.9605576642857,6106.03306361857,73.8180007942857,7571.72084263429,53.1785567142857,15188.3324497786,66.5844715685714,36851.9112723214,51.9812720157143,5923.96791294571,71.6169858642857,7548.73876953143,53.0171574157143,15074.1575055814,66.0839277,1.19556502122708,7.36763604165293,3.26092755849516,2.04933885970581,408.2079146,10.27811862,58.9486569,123.859230042857,79.25068501,57.3313860214286,1.8686358660796
81,2024,2,1186,2024-02-10,2024-02-16,61.07,61.07,61.07,61.07,84.444,0.386820371750692,1.609,4.97253333333333,419.9006048,8.00080613333333,39021.3627232143,55.0413720271429,5821.01862444286,70.3723716728571,9184.27008928714,64.5039999828571,15787.1202566971,69.2094868271429,38216.9268973214,53.9066995885714,5599.49686104857,67.6943157728571,9159.44949777,64.3296846657143,15612.2808314757,68.4430138728572,0.859432165631117,13.1136367038756,2.31686689760503,1.74364568609912,405.63743068,9.19211266,51.9812720157143,71.6169858642857,53.0171574157143,66.0839277,1.77695807491359
80,2024,2,1187,2024-02-17,2024-02-23,61.07,61.07,61.07,61.07,85.018,0.661074882294347,1.603,4.95072,420.90031296,7.93600416,46232.2366071429,65.2126295914286,8513.38769531429,102.921370371429,10557.5066964314,74.1486554842857,17382.2393973243,76.20238495,44655.2823660714,62.9882856085714,8228.45103236857,99.47668457,10438.7147042429,73.3143277842857,17247.4416852714,75.6114425657143,7.75344534708757,6.4545730782813,4.81269803438249,2.95581960806894,419.9006048,8.00080613333333,53.9066995885714,67.6943157728571,64.3296846657143,68.4430138728572,0.386820371750692
79,2024,2,1188,2024-02-24,2024-03-01,61.6,61.6,61.6,61.6,84.256,0.423119368501118,1.835,4.967,418.499552,9.114445,52973.8744419643,74.9748426185714,8438.27873884,104.95968301,11514.7154017871,80.9391566671429,20136.6015625029,86.2705426885714,49385.2834821429,69.8996571142857,8235.99504743572,102.392215182857,11261.0546875014,79.15761566,19296.5627790214,82.6008845728571,3.48084364117982,19.933183783315,3.16395137592126,5.24314419266505,420.90031296,7.93600416,62.9882856085714,99.47668457,73.3143277842857,75.6114425657143,0.661074882294347
78,2024,3,1189,2024-03-02,2024-03-08,61.07,61.07,61.07,61.07,85.632,1.02692258714997,1.805,4.94892,423.78591744,8.9328006,45008.1707589286,65.1571862357143,9586.87737165428,135.676258634286,10207.9942801343,72.15344347,19617.9020647343,72.7632849557143,41810.6763392857,60.5282434728571,9249.11516462143,130.896157401429,10205.7470703129,72.1375579814286,19547.6395089314,72.5026866371429,1.77530318549634,20.0262469245506,3.13479375882115,2.65413055431572,418.499552,9.114445,69.8996571142857,102.392215182857,79.15761566,82.6008845728571,0.423119368501118
77,2024,3,1190,2024-03-09,2024-03-15,61.07,61.07,61.07,61.07,84.52,1.1913647636217,1.655,4.98136,421.0245472,8.2441508,43624.7946428571,63.1544995971429,13645.20214844,193.110844202857,10658.6545758929,75.3388573771429,18327.5111607157,67.9772011885714,41134.6690848214,59.5496281228571,12746.3353794657,180.389829364286,10653.4450334843,75.3020422785714,17971.5326450929,66.6568848742857,1.11223341588847,36.6578458323188,3.84208382882491,1.98191895050544,423.78591744,8.9328006,60.5282434728571,130.896157401429,72.1375579814286,72.5026866371429,1.02692258714997
76,2024,3,1191,2024-03-16,2024-03-22,61.07,61.07,61.07,61.07,85.878,1.0597499705126,1.659,5.0054,429.8537412,8.3039586,42105.1171875,60.9545004714286,10390.9508928586,147.055742537143,7717.26855468857,54.5481714514286,17445.1361607171,64.7044574185714,40617.8175223214,58.8013856057143,9984.21707589571,141.299511501429,7716.14501953286,54.5402287071429,15072.3514229914,55.90372794,0.713041475081813,7.84218187652928,5.79738752071581,5.37972646955301,421.0245472,8.2441508,59.5496281228571,180.389829364286,75.3020422785714,66.6568848742857,1.1913647636217
75,2024,3,1192,2024-03-23,2024-03-29,61.07,61.07,61.07,61.07,85.8,0.586799227447642,1.763,4.988325,427.998285,8.794416975,48975.9380580357,70.9012135085714,6593.26436942143,93.3097839342857,6231.17333984286,44.0439573,19193.8272879486,71.1904002585714,46296.7405133929,67.0226146157143,6385.57903180714,90.3705553328571,6219.42696707571,43.9609287814286,13343.1985212071,49.4902572628571,5.10255245346842,18.5994389986024,1.95992177355085,4.9155824575882,429.8537412,8.3039586,58.8013856057143,141.299511501429,54.5402287071429,55.90372794,1.0597499705126
74,2024,3,1193,2024-03-30,2024-04-05,61.07,61.07,61.07,61.07,90.34,2.12234147425324,2.01,5.04916,456.1411144,10.1488116,57799.5892857143,99.4327566942857,4725.24825613857,70.5724138528571,7078.98674665286,58.8370279585714,19575.3367745557,72.2261014671429,55296.140625,95.2626865928571,4531.13399832714,67.6639278957143,7072.44949776571,58.7831420914286,13340.6672712057,49.2171287528571,11.8400195666008,3.81977559719278,12.421794691182,1.7758196493915,427.998285,8.794416975,67.0226146157143,90.3705553328571,43.9609287814286,49.4902572628571,0.586799227447642
73,2024,4,1194,2024-04-06,2024-04-12,61.07,61.07,61.07,61.07,92.008,0.668745093438052,1.77,5.06508,466.02788064,8.9651916,52019.4748883929,95.1384855014286,4608.04840959714,70.4058570871429,9197.94921875143,80.3462426342857,20636.7600446457,75.9810562128572,49403.9481026786,90.3549739285714,4419.41029575857,67.5237137928571,9106.13337053571,79.54421452,13607.6393694186,50.1010426114286,5.13884246453199,4.55544832478957,5.19979197655973,2.51950335577091,456.1411144,10.1488116,95.2626865928571,67.6639278957143,58.7831420914286,49.2171287528571,2.12234147425324
72,2024,4,1195,2024-04-13,2024-04-19,61.07,61.07,61.07,61.07,89.594,1.47260992798622,1.752,5.232,468.755808,9.166464,45868.1010044643,83.8882587985714,12700.9745396229,194.056827001429,8765.52678571571,76.5689566485714,22496.2742745557,82.8274721414286,43090.4536830357,78.8082002914286,11927.59654018,182.240456718571,8727.23521205571,76.2344709142857,13667.5318080371,50.3215424671429,1.50270327247289,59.8402340877431,2.11291706393506,1.54390097615903,466.02788064,8.9651916,90.3549739285714,67.5237137928571,79.54421452,50.1010426114286,0.668745093438052
71,2024,4,1196,2024-04-20,2024-04-26,61.07,61.07,61.07,61.07,88.532,1.00148389902108,1.614,5.16188,456.99156016,8.33127432,39807.3097098214,72.8036575314286,11409.2145647343,174.320172991429,8005.87841797,69.93324389,23738.9974888414,87.4029715414286,37974.6796875,69.4519271857143,11072.0090680814,169.168029784286,7923.65569196571,69.2150007,14753.5075334829,54.3199152257143,4.4840465938937,15.585740829134,6.72135698729496,2.8838462308981,468.755808,9.166464,78.8082002914286,182.240456718571,76.2344709142857,50.3215424671429,1.47260992798622
70,2024,4,1197,2024-04-27,2024-05-03,61.07,61.07,61.07,61.07,85.726,2.43565802197286,2.142,5.117525,438.70494815,10.96173855,30964.0033482157,65.0688007885714,30530.1834542429,386.783564975714,5346.83858817,58.0845996314286,22223.5348772343,92.94382913,29866.90792411,62.8098711285714,16773.8656529057,221.925970894286,5332.33419363857,57.9097573414286,14931.9485212057,62.7822712471428,7.2740400206421,56.3221362645733,9.09453078675828,10.99324466438,456.99156016,8.33127432,69.4519271857143,169.168029784286,69.2150007,54.3199152257143,1.00148389902108
69,2024,5,1198,2024-05-04,2024-05-10,61.07,61.07,61.07,61.07,82.9475,0.455951386298492,2.252,5.1047,423.42210325,11.4957844,25744.6127232171,64.6348718928571,36344.6113281257,421.118730817143,3667.39411272286,53.1141139442857,18883.60212054,92.1778717042857,25043.7181919643,62.8752152571428,17352.9909319229,201.066114154286,3645.94409179857,52.8034569871429,13601.3256138386,66.39312962,1.41263264507059,56.7800319202908,3.90110871886461,4.83740128530912,438.70494815,10.96173855,62.8098711285714,221.925970894286,57.9097573414286,62.7822712471428,2.43565802197286
68,2024,5,1199,2024-05-11,2024-05-17,61.07,61.07,61.07,61.07,81.61,1.21371331046383,2.626,5.13176,418.8029336,13.47600176,23371.7664620557,58.6775708885714,22603.3865792443,261.901559012857,3031.67700195286,43.90715681,15798.8535156271,77.1200714085714,22909.3468191986,57.5165993842857,11427.55873326,132.4091568,3015.43624442,43.6719284042857,13939.3762555814,68.0433000828571,1.60102930604901,17.7725071166214,2.27667408881521,2.96059847145192,423.42210325,11.4957844,62.8752152571428,201.066114154286,52.8034569871429,66.39312962,0.455951386298492
67,2024,5,1200,2024-05-18,2024-05-24,61.07,61.07,61.07,61.07,80.24,1.2832965362691,2.52,5.1309,411.703416,12.929868,22200.0923549129,55.7359139585714,25439.0820312529,294.758257185714,2574.47956194429,37.28564344,12451.2629743329,60.77924238,21894.5613839314,54.9688715242857,13471.8066406243,156.09551566,2560.07746233143,37.0770568857143,11505.6208147329,56.1632428871429,1.00699270452982,39.7538434241589,2.7160596101489,3.47176335496421,418.8029336,13.47600176,57.5165993842857,132.4091568,43.6719284042857,68.0433000828571,1.21371331046383
66,2024,5,1201,2024-05-25,2024-05-31,61.07,61.07,61.07,61.07,80.9175,1.00712048269749,2.587,5.19015,419.973962625,13.42691805,22063.2952008957,55.3925007428572,25163.6830357171,291.567256382857,2095.84033203143,30.35361399,9541.13113839286,46.57381439,21172.8897879486,53.1570434571429,12773.88169643,148.008769442857,2076.22882952,30.06961441,8833.65513393,43.1203564242857,1.49626522379862,28.8742565333519,1.52095887692454,3.88051811314321,411.703416,12.929868,54.9688715242857,156.09551566,37.0770568857143,56.1632428871429,1.2832965362691
65,2024,6,1202,2024-06-01,2024-06-07,61.07,61.07,61.07,61.07,76.586,1.26504150129595,2.918,5.26708,403.38458888,15.36933944,21024.9073660729,64.66185706,15271.0717075914,144.092928205714,1993.57228306571,43.7281428742857,7649.61914062571,71.5274854385714,20122.3370535757,61.8859852371429,9569.06633649714,90.2906276171429,1971.61157226429,43.2464561485714,6953.52190290143,65.01865823,1.7198120666474,16.0035467900315,1.31306771462131,4.09099796625345,419.973962625,13.42691805,53.1570434571429,148.008769442857,30.06961441,43.1203564242857,1.00712048269749
64,2024,6,1203,2024-06-08,2024-06-14,61.07,61.07,61.07,61.07,80.638,0.82454229727767,2.881,5.37312,433.27765056,15.47995872,18428.3267299129,56.6760995042857,8970.72098214428,84.6448429657143,1842.65068708143,40.4177425942857,5907.27922712143,55.2358006042857,18099.7299107171,55.6655000971429,7370.86642020286,69.5491153171429,1821.81358119429,39.96070099,5466.26164899714,51.1120856142857,1.44251606027614,14.5234840584648,0.45629704200953,3.81498151716322,403.38458888,15.36933944,61.8859852371429,90.2906276171429,43.2464561485714,65.01865823,1.26504150129595
63,2024,6,1204,2024-06-15,2024-06-21,61.07,61.07,61.07,61.07,85.044,1.56599169857224,2.705,5.42982,461.77361208,14.6876631,17043.9801897343,52.4185567585714,18213.31417411,171.854985918571,1832.51114327571,40.1953283057143,4874.67515346,45.5804862985714,16815.0602678571,51.7145140514286,10479.2486049114,98.8788283214286,1814.32972935286,39.7965431214286,4471.81361607286,41.8135435914286,0.976825839069822,27.7205571958089,0.388699147799559,2.56786819433225,433.27765056,15.47995872,55.6655000971429,69.5491153171429,39.96070099,51.1120856142857,0.82454229727767
62,2024,6,1205,2024-06-22,2024-06-28,71.39,71.39,71.39,71.39,86.716,0.570201718692915,2.601,5.48348,475.50545168,14.26253148,17003.9988839314,52.2955856342857,21754.4400111629,205.267911638571,1730.70200892857,37.9621718271429,4063.35630580429,37.9942861285714,16811.0115792443,51.70204326,10394.2140764514,98.0764846828572,1713.13344029,37.5768432628571,3724.05064174286,34.8216138557143,1.16811449229895,34.4169974518449,0.381849476866791,1.45417124869179,461.77361208,14.6876631,51.7145140514286,98.8788283214286,39.7965431214286,41.8135435914286,1.56599169857224
61,2024,6,1206,2024-06-29,2024-07-05,112.96,112.94,108.64,112.97,88.02,0.826891770426709,2.35,5.56424,489.7644048,13.075964,15718.3553292414,57.6213564185714,13390.5175781271,124.193928308571,1716.37329101571,43.3590997957143,3401.34329659714,54.6984280157143,15589.7544642857,57.1468146185714,10144.9554268986,94.0074855257143,1696.29914202,42.8561995371429,3220.37883649571,51.92017092,5.5646770838278,23.3630650037337,3.9595922770154,13.926880845186,475.50545168,14.26253148,51.70204326,98.0764846828572,37.5768432628571,34.8216138557143,0.570201718692915
60,2024,7,1207,2024-07-06,2024-07-12,96.63,96.62,94.39,96.64,86.804,0.414101436850455,2.329,5.43346,471.64606184,12.65452834,15443.1021205371,60.3721144528571,21201.9927455371,194.512127467143,1679.40726143857,44.6582570742857,2929.21442522286,55.7597427371429,15338.99651228,59.9650998785714,7977.07575335,73.18358503,1661.63441685286,44.1856711257143,2816.36457171,53.6115711757143,0.661363805265165,21.9508173961583,0.913969560953464,1.88328784298706,489.7644048,13.075964,57.1468146185714,94.0074855257143,42.8561995371429,51.92017092,0.826891770426709
59,2024,7,1208,2024-07-13,2024-07-19,78.81,78.8,76.49,78.82,86.046,0.571646744066298,2.128,5.48892,472.29961032,11.68042176,15816.6449497771,61.8324143542857,30176.7463727686,276.848650251429,1643.47870744857,43.7028574228572,2677.88002232143,50.9754142757143,15434.1431361614,60.3370993485714,17856.41420201,163.818998062857,1623.86727469429,43.1813572471428,2574.89833286857,49.0150865828571,1.36133242260131,27.4648392111964,0.592225550099366,1.71538685669313,471.64606184,12.65452834,59.9650998785714,73.18358503,44.1856711257143,53.6115711757143,0.414101436850455
58,2024,7,1209,2024-07-20,2024-07-26,73.76,73.74,71.6,73.77,82.516,0.800206223423003,2.006,5.61176,463.05998816,11.25719056,14476.6848493314,56.59407207,17282.8267299114,158.556756157143,1572.95727539,41.8275854942857,2308.65534319286,43.9469566342857,14272.3390066957,55.7952139728571,13845.6215122786,127.023013524286,1555.05984933,41.3516573242857,2212.41772461,42.1149858757143,2.5272145101682,14.1137279124661,0.825396866334032,2.29476643917779,472.29961032,11.68042176,60.3370993485714,163.818998062857,43.1813572471428,49.0150865828571,0.571646744066298
57,2024,7,1210,2024-07-27,2024-08-02,74.56,74.53,72.07,74.57,80.262,1.38017027935065,1.967,5.67298,455.32472076,11.15875166,13055.9451729914,54.5211279742857,12177.2977120557,114.081185475714,1510.42314801714,41.8288710471429,2004.42843192286,44.9022576471429,12911.2515345986,53.9244858857143,10415.9460100457,97.7432850428571,1496.87287248714,41.4524002057143,1936.70556640571,43.4291425428571,4.96069220750591,10.2112537887992,2.50001151510205,10.2009442106713,463.05998816,11.25719056,55.7952139728571,127.023013524286,41.3516573242857,42.1149858757143,0.800206223423003
56,2024,8,1211,2024-08-03,2024-08-09,109.4,109.39,96.51,109.42,78.844,1.98071451754204,2.143,5.63048,443.92956512,12.06611864,12364.9199218757,60.24489975,8100.20926339286,80.9675292971428,1474.19072614571,44.9568432414286,1768.52627999429,55.5372565114286,12130.0032087057,59.1003287185714,7648.28731863857,76.4502291014286,1472.76072475143,44.9132287171428,1725.21529715286,54.17715781,0.706353405318405,2.58358988505038,0.482673637270992,2.3069625736833,455.32472076,11.15875166,53.9244858857143,97.7432850428571,41.4524002057143,43.4291425428571,1.38017027935065
55,2024,8,1212,2024-08-10,2024-08-16,125.2,125.21,114.01,125.22,82.474,0.645081390213086,2.123,5.47082,451.20040868,11.61455086,12489.1873604929,60.85037177,5800.36495535714,57.97888674,1399.24686105,42.67135729,1626.54272461,51.0785288128571,12236.4372209829,59.61891447,4830.34116908714,48.2827998585714,1394.71557617286,42.5331715157143,1581.13673619,49.6526429314286,0.319060727136755,6.71550590240958,0.553314301058469,0.755014472832162,443.92956512,12.06611864,59.1003287185714,76.4502291014286,44.9132287171428,54.17715781,1.98071451754204
54,2024,8,1213,2024-08-17,2024-08-23,121.58,121.58,108.57,121.6,79.57,1.07872610054539,2.022,5.48496,436.4382672,11.09058912,11867.7258649557,57.8224569042857,4607.22802734429,46.0526003157143,1365.88459123857,41.6539437457143,1449.92785644571,45.5322565357143,11560.1635044657,56.3239435471429,4131.36077009143,41.2959572942857,1362.5138637,41.5511436471429,1437.79528808714,45.1512718214286,2.27507535022803,7.83024634192685,0.591488584850508,1.92923286250872,451.20040868,11.61455086,59.61891447,48.2827998585714,42.5331715157143,49.6526429314286,0.645081390213086
53,2024,8,1214,2024-08-24,2024-08-30,108.82,108.82,90.85,108.84,80.825,0.816843518266241,2.127,5.5619,449.5405675,11.8301613,10992.0684988857,53.5560286385714,5829.50823102714,58.27019991,1282.22316197,39.1026284357143,1322.96800014143,41.5453431271429,10809.5538504457,52.6667998185714,5244.65611048857,52.4241861614286,1268.61870466,38.68774305,1318.30099051571,41.3987857285714,0.508888699474898,9.08672019215451,0.779032614964332,0.854187243522469,436.4382672,11.09058912,56.3239435471429,41.2959572942857,41.5511436471429,45.1512718214286,1.07872610054539
52,2024,8,1215,2024-08-31,2024-09-06,251.16,251.18,221.77,251.17,75.248,1.93123535593207,2.597,5.61068,422.19244864,14.57093596,10436.2738560286,52.8179566528571,3883.69203404,34.2380853385714,1245.25041852857,41.8242138442857,1304.45127650571,55.1532004228571,10194.0369698671,51.5893859871429,3616.04338727857,31.8777424942857,1234.64887346714,41.4671565457143,1277.91085379571,54.0592575085714,1.55739243309197,3.37883238209341,1.8331797516071,6.23121749193883,449.5405675,11.8301613,52.6667998185714,52.4241861614286,38.68774305,41.3987857285714,0.816843518266241
51,2024,9,1216,2024-09-07,2024-09-13,278.46,278.48,185.82,279.4,72.102,1.71719829955609,2.305,5.61958,405.18295716,12.9531319,9499.85058593857,48.3896424428571,3594.91294643,30.9162142642857,1238.03187778857,42.2148993357143,1198.75840541143,52.8849574485714,8960.09193638429,45.6402571557143,3357.11955915286,28.8712286271429,1227.24970354571,41.8472715114286,1191.80113002143,52.5780143728571,2.09156085263879,3.11570589023778,0.550746982067877,2.44431921768325,422.19244864,14.57093596,51.5893859871429,31.8777424942857,41.4671565457143,54.0592575085714,1.93123535593207
50,2024,9,1217,2024-09-14,2024-09-20,314.2,314.99,247.97,349.08,74.984,0.908256571679823,2.434,5.47836,410.78934624,13.33432824,9151.03404017857,46.6128572728571,8333.75892857429,71.6703000742857,1210.50530134,41.2763001585714,1077.46158273143,47.5337856828572,8519.01618303714,43.3935426985714,7991.23939732286,68.7246295371429,1199.9888916,40.91771371,1043.21429443571,46.0229143442857,0.440510263964871,8.58683247588473,0.176428047377192,0.710470335608099,405.18295716,12.9531319,45.6402571557143,28.8712286271429,41.8472715114286,52.5780143728571,1.71719829955609
49,2024,9,1218,2024-09-21,2024-09-27,279.83,279.81,234.06,281.76,74.066,1.65871335679169,2.902,5.47394,405.43284004,15.88537388,9433.88392857286,48.05362865,9983.21428571571,85.85559954,1169.12770298714,39.8653853285714,1003.00673130714,44.2491138985714,8825.16950334714,44.95300075,9456.65366908714,81.3271985728571,1159.99026925143,39.5538281028571,996.49587577,43.9618851785714,0.457817763666558,13.7666541431722,0.65966740927894,0.749680735777361,410.78934624,13.33432824,43.3935426985714,68.7246295371429,40.91771371,46.0229143442857,0.908256571679823
48,2024,9,1219,2024-09-28,2024-10-04,613.22,613.21,512.01,613.29,75.88,2.67055237731811,2.854,5.45626,414.0210088,15.57216604,9051.05273437571,41.7342714585714,8666.02357701,66.8185719085714,1096.19728306429,35.81632832,991.016854422857,42.6345149442857,8469.89725167571,39.0705713557143,8050.17585100286,62.12172917,1091.64158412286,35.6649714857143,990.08857945,42.59538596,5.15864647841974,21.2628962230967,2.3858094201406,1.74687168436876,405.43284004,15.88537388,44.95300075,81.3271985728571,39.5538281028571,43.9618851785714,1.65871335679169
47,2024,10,1220,2024-10-05,2024-10-11,533.35,533.32,519.34,533.65,79.342,1.81368960960812,2.632,5.55224,440.52582608,14.61349568,8776.83133370572,37.1221711285714,11019.2792271214,80.3993557514286,1000.19156319571,31.5316284714286,944.540867395714,39.8098863871429,8300.85002790286,35.1089722771429,10160.9078543543,74.1364718842857,994.844430104286,31.3630431057143,942.976719447143,39.7439580657143,1.42231100612736,31.46572246204,0.651789597578329,0.28329911298626,414.0210088,15.57216604,39.0705713557143,62.12172917,35.6649714857143,42.59538596,2.67055237731811
46,2024,10,1221,2024-10-12,2024-10-18,528.56,528.53,506.45,528.7,74.584,2.24721605547821,2.258,5.65144,421.50700096,12.76095152,11505.7788783486,48.6644287114286,16630.5527343771,121.340613228571,1164.46385846857,36.71041407,960.808149067143,40.4955291742857,11189.9063895086,47.3284285414286,14980.1768973214,109.299058095714,1157.12570626429,36.4790717528571,954.802577428572,40.2424005785714,3.38541465957972,28.7943861791323,6.0559450776877,0.598734645048748,440.52582608,14.61349568,35.1089722771429,74.1364718842857,31.3630431057143,39.7439580657143,1.81368960960812
45,2024,10,1222,2024-10-19,2024-10-25,449.64,449.61,410.36,451.8,74.69,0.976140358760711,2.56,5.70402,426.0332538,14.6022912,16374.2195870557,69.2557988842857,9181.96051897429,66.9938294542857,1475.17513602143,46.50578526,1122.59729875857,47.3144994471429,15938.0505022343,67.4109998428571,8898.18903459857,64.92338671,1466.11615862286,46.2201707028571,1109.05730329429,46.74381474,10.1596612001826,5.21329372560538,3.59370508015361,3.27957418548703,421.50700096,12.76095152,47.3284285414286,109.299058095714,36.4790717528571,40.2424005785714,2.24721605547821
44,2024,10,1223,2024-10-26,2024-11-01,279.33,279.34,267.28,284.47,72.61,1.08027774206443,2.663,5.75502,417.8720022,15.32561826,24108.9249441986,98.2126007071429,7750.36851283714,59.0873140585714,1691.14915248429,49.6072709214286,1307.72525460429,51.7400861471429,23639.7276785729,96.3068716871429,7489.55085100714,57.09799957,1675.31696428714,49.1348855157143,1294.14814104286,51.2064862942857,10.7145930195538,9.11878966649607,7.79251750197664,7.96100721533042,426.0332538,14.6022912,67.4109998428571,64.92338671,46.2201707028571,46.74381474,0.976140358760711
43,2024,11,1224,2024-11-02,2024-11-08,126.09,126.09,123.59,126.69,75.632,1.19376295804503,2.669,5.75268,435.08669376,15.35390292,26642.2028459843,84.9242150442857,7579.31828962,78.0017716557143,2503.12953404,47.7161854328571,1435.18701172,35.5685855314286,25949.2474888414,82.71535601,7331.07568359571,75.4470002314286,2479.53456333714,47.2663993842857,1420.58785574714,35.2067565914286,9.41320894243954,18.0321761855918,3.37424332331819,1.01526050351994,417.8720022,15.32561826,96.3068716871429,57.09799957,49.1348855157143,51.2064862942857,1.08027774206443
42,2024,11,1225,2024-11-09,2024-11-15,86.08,86.08,86.08,86.08,72.89,0.539305108450217,2.823,5.7812,421.391668,16.3203276,37952.1512276786,120.975615367143,9877.03641183143,101.648513795714,3331.92961774429,63.5152865828571,1935.96958705429,47.9795570371429,37224.0011160714,118.654585701429,9679.74330357143,99.6180714214286,3323.55388532429,63.3556289671429,1882.87147739857,46.6636423371429,6.52893866895197,15.8747145055758,6.77094538732695,7.13538001794395,435.08669376,15.35390292,82.71535601,75.4470002314286,47.2663993842857,35.2067565914286,1.19376295804503
41,2024,11,1226,2024-11-16,2024-11-22,65.54,65.54,65.54,65.54,74.838,0.777926731766382,3.129,5.790475,433.34756805,18.118396275,40194.37109375,128.122887747143,6697.89501953143,68.9306722357143,4130.07101004429,78.7299423214286,3165.11185128286,78.4417016142857,39599.1233258929,126.225500922857,6507.07393973286,66.9668562757143,4114.13668387429,78.4261856085714,3151.04244559143,78.09298488,1.25071989918798,4.49038353296375,2.58710831072677,6.83034098553657,421.391668,16.3203276,118.654585701429,99.6180714214286,63.3556289671429,46.6636423371429,0.539305108450217
40,2024,11,1227,2024-11-23,2024-11-29,116.8,116.8,113.43,116.82,74.164,0.270240633514786,3.363,5.89318,437.06180152,19.81876434,37083.6395089286,118.207186017143,6082.53473772429,62.59778486,5120.01227678714,97.6007984714286,3925.92330496571,97.2970428471428,36590.2868303571,116.63457162,5760.18115234429,59.2803006871429,5112.76004464429,97.4625549328571,3902.60672432714,96.7191848771429,8.05405799261941,6.70841610935946,11.1899818647908,3.09594866233555,433.34756805,18.118396275,126.225500922857,66.9668562757143,78.4261856085714,78.09298488,0.777926731766382
39,2024,11,1228,2024-11-30,2024-12-06,77.59,77.59,77.58,77.59,73.97,0.80789850847661,2.931,6.04068,446.8290996,17.70523308,34537.6010044643,77.4311000271429,7284.27971540429,94.0212565828571,6239.26192801429,71.6887130742857,4722.73988560286,64.1928863542857,34123.84765625,76.4609004428571,6955.83782087,89.7409417285714,6237.01485770143,71.6566701628571,4707.51018415143,63.98335702,12.8289743993602,10.6016821935141,19.7811325797626,17.6865214641603,437.06180152,19.81876434,116.63457162,59.2803006871429,97.4625549328571,96.7191848771429,0.270240633514786
38,2024,12,1229,2024-12-07,2024-12-13,61.07,61.07,61.07,61.07,74.032,0.58401198617902,3.28,6.02394,445.96432608,19.7585232,44007.7734375,91.9596862785714,25879.4044363857,344.947302681429,6484.51346261286,66.5233154314286,5530.71609933,66.2389308385714,43400.8448660714,90.6914433085714,19709.7209821457,262.711412702857,6479.50844029143,66.4719717842857,5525.29568917429,66.1740014214286,10.5124860518558,70.0885305207998,6.03380013949042,1.21694616317338,446.8290996,17.70523308,76.4609004428571,89.7409417285714,71.6566701628571,63.98335702,0.80789850847661
37,2024,12,1230,2024-12-14,2024-12-20,61.07,61.07,61.07,61.07,73.7466666666667,0.555007507456785,3.748,6.1282,451.934322666667,22.9684936,48849.7310267857,102.077571321429,18412.7671596,245.424266268571,4696.11070033571,48.1764711642857,6070.82428850571,72.7075565885714,48241.2137276786,100.805985587143,15407.5877511171,205.368170602857,4676.90792410857,47.97945731,6066.55301339429,72.6563993171429,4.0244605849517,26.6877640619474,2.17240969128986,1.9980066892532,445.96432608,19.7585232,90.6914433085714,262.711412702857,66.4719717842857,66.1740014214286,0.58401198617902
36,2024,12,1231,2024-12-21,2024-12-27,61.07,61.07,61.07,61.07,73.2225,0.745939005550238,3.514,6.1692,451.724247,21.6785688,49868.484375,104.206356592857,14307.0097656257,190.698527742857,4649.09012276857,47.6940858028572,7088.64048549429,84.8975001757143,48107.8342633929,100.527284894286,10717.6473214286,142.855830601429,4625.59730747857,47.4530715942857,7088.21219308286,84.8923710428571,4.56853363531991,9.19931756283055,1.00116310520608,5.87425860779623,451.934322666667,22.9684936,100.805985587143,205.368170602857,47.97945731,72.6563993171429,0.555007507456785
35,2024,12,1232,2024-12-28,2025-01-03,60.01,60.01,60.01,60.01,75.42,1.19810962214161,3.354,6.186775,466.6065705,20.75044335,61991.6333303571,113.405256915714,9084.97156473286,120.869570735714,5898.32811830429,52.8694570342857,9007.87386718714,84.4227289271429,58057.7604419643,106.042071737143,8046.66217243286,107.04505678,5882.73529185286,52.7219715485714,8977.13829575857,84.2273717228572,12.022264199417,6.07601658012561,6.81707135785398,22.7670666148533,451.724247,21.6785688,100.527284894286,142.855830601429,47.4530715942857,84.8923710428571,0.745939005550238
34,2025,1,1233,2025-01-04,2025-01-10,58.6,58.6,58.6,58.6,78.136,1.0190829210616,3.989,6.10024,476.64835264,24.33385736,66938.9348571429,101.502385714286,5722.61771428571,75.9126428571428,8954.08014285714,66.3810142857143,11835.9361428571,74.5217714285714,64830.8517142857,98.3057857142857,5537.04328571429,73.4509571428571,8936.103,66.2477571428571,11778.0892857143,74.1575714285714,0.720526563072817,12.385111725624,9.40277232041298,6.53223443438126,466.6065705,20.75044335,106.042071737143,107.04505678,52.7219715485714,84.2273717228572,1.19810962214161
33,2025,1,1234,2025-01-11,2025-01-17,58.6,58.6,58.6,58.6,82.794,0.463389684822278,3.948,6.06056,501.77800464,23.92709088,68269.7752857143,103.520385714286,4239.05942857143,56.2326857142857,15727.2801428571,116.594085714286,16288.1032857143,102.553642857143,64015.8784285714,97.0700142857143,4096.949,54.3475714285714,15406.3557142857,114.214914285714,15964.973,100.519142857143,2.6781854400753,4.75954324829399,21.8733596983812,9.82770065357057,476.64835264,24.33385736,98.3057857142857,73.4509571428571,66.2477571428571,74.1575714285714,1.0190829210616
32,2025,1,1235,2025-01-18,2025-01-24,59.97,59.97,59.97,59.97,79.916,1.29233509586332,4.027,5.97812,477.74743792,24.07388924,63719.3668571428,96.6204,4375.22628571429,58.039,17758.4114285714,131.651842857143,21013.6547142857,132.306814285714,59810.421,90.6930857142857,4224.162,56.0350571428571,17242.6191428571,127.828042857143,20497.5398571429,129.057214285714,3.18257404806684,6.73388363820286,9.12676533934818,9.00324071032732,501.77800464,23.92709088,97.0700142857143,54.3475714285714,114.214914285714,100.519142857143,0.463389684822278
31,2025,1,1236,2025-01-25,2025-01-31,59.94,59.94,59.8,59.78,77.372,0.389576693345757,3.044,5.8815,455.063418,17.903286,58074.5582857143,88.0609428571429,5580.80514285714,74.031457142857107,15699.4661428571,116.387885714286,22782.6241428571,143.444642857143,55204.7018571429,83.7092428571429,5338.14928571429,70.8125428571429,15548.3418571429,115.267542857143,22091.1045714286,139.090685714286,1.1781231300359,5.17354099363843,1.54427282548256,1.96637625208448,477.74743792,24.07388924,90.6930857142857,56.0350571428571,127.828042857143,129.057214285714,1.29233509586332
30,2025,2,1237,2025-02-01,2025-02-07,58.63,58.63,58.6,58.6,75.4,1.03858076238622,3.309,5.79988,437.310952,19.19180292,69468.3768571429,97.9242,6839.22771428571,82.7983285714286,15867.564,111.471128571429,23350.9952857143,102.380471428571,66020.5848571429,93.0641142857143,6491.10728571429,78.5838285714286,15860.5581428571,111.421885714286,21036.1397142857,92.2311714285714,7.37110234913531,3.70605723139556,5.9954511343821,3.79381804506265,455.063418,17.903286,83.7092428571429,70.8125428571429,115.267542857143,139.090685714286,0.389576693345757
29,2025,2,1238,2025-02-08,2025-02-14,93.15,93.29,58.6,58.6,76.012,0.995901601564407,3.725,5.76696,438.35816352,21.481926,67263.1665714286,94.8156857142857,6542.43114285714,79.2051857142857,13624.856,95.7158857142857,25706.7415714286,112.709014285714,64483.2675714286,90.8970857142857,6302.275,76.2977571428571,13581.5742857143,95.4118142857143,18665.6092857143,81.8377571428571,4.19903978961431,7.41768613334754,8.53461672844334,4.54077557577186,437.310952,19.19180292,93.0641142857143,78.5838285714286,111.421885714286,92.2311714285714,1.03858076238622
28,2025,2,1239,2025-02-15,2025-02-21,112.49,112.51,58.6,58.6,76.088,0.787635702593414,4.234,5.70374,433.98616912,24.14963516,55109.6972857143,77.6838857142857,8188.39914285714,99.1319142857143,10836.4821428571,76.1272857142857,26410.2277142857,115.793414285714,51797.2122857143,73.0145142857143,7889.12971428571,95.5088571428571,10768.5757142857,75.6502428571429,17927.6292857143,78.6021571428571,4.38776684408999,15.0000241385204,0.826386295579129,1.18288116599134,438.35816352,21.481926,90.8970857142857,76.2977571428571,95.4118142857143,81.8377571428571,0.995901601564407
27,2025,2,1240,2025-02-22,2025-02-28,110.77,110.89,58.6,58.6,74.252,0.883809934319083,3.834,5.7896,429.8893792,22.1973264,46750.1915714286,65.9001285714286,6584.67385714286,79.7166142857143,9481.01557142857,66.6050285714286,27236.7668571429,119.417285714286,43048.6061428571,60.6822857142857,6412.29642857143,77.6297428571429,9468.96271428572,66.5203571428571,18078.8067142857,79.2649857142857,1.6075500784616,9.6578795213817,7.92400288445543,0.628502841225941,433.98616912,24.14963516,73.0145142857143,95.5088571428571,75.6502428571429,78.6021571428571,0.787635702593414
26,2025,3,1241,2025-03-01,2025-03-07,287.72,302.39,58.6,58.6,71.93,0.872782905424228,4.454,5.7691,414.971363,25.6955714,41828.3184285714,60.5232571428571,4817.59,68.0706857142857,5735.93442857143,40.7393857142857,28291.4355714286,104.871971428571,37291.2957142857,53.9584428571429,4652.222,65.7340857142857,5667.55128571428,40.2537,17569.4231428571,65.1271428571428,1.48949217392676,14.580402173286,5.32050743820551,2.29254091119987,429.8893792,22.1973264,60.6822857142857,77.6297428571429,66.5203571428571,79.2649857142857,0.883809934319083
25,2025,3,1242,2025-03-08,2025-03-14,335.55,343.24,58.63,58.63,71.542,0.625155980537064,4.104,5.8013,415.0366046,23.8085352,39492.6957142857,57.1437571428571,3175.59485714286,44.6087,3644.60214285714,25.8857285714286,27297.8277142857,101.188842857143,33725.9782857143,48.7996285714286,3033.44414285714,42.6087857142857,3578.94685714286,25.4194142857143,17099.6351428571,63.3857,0.417383032374367,3.62191520627255,3.06846903815162,2.15715824330694,414.971363,25.6955714,53.9584428571429,65.7340857142857,40.2537,65.1271428571428,0.872782905424228
24,2025,3,1243,2025-03-15,2025-03-21,376.96,377.16,59.5,59.5,72.21,0.379011873164438,3.98,5.6886,410.773806,22.640628,41456.3267142857,59.9850142857143,3183.71357142857,44.1375142857143,2948.75014285714,20.9434571428571,26418.7732857143,97.9303,34865.7388571429,50.4487857142857,3048.718,42.266,2891.34814285714,20.5357571428571,18976.9855714286,70.3447428571428,1.77335965559584,1.86037146290747,1.27203945019682,2.15974721117813,415.0366046,23.8085352,48.7996285714286,42.6087857142857,25.4194142857143,63.3857,0.625155980537064
23,2025,3,1244,2025-03-22,2025-03-28,354,354.22,58.86,58.86,74.35,0.444971909225282,4.065,5.73594,426.467139,23.3165961,45963.1821428571,66.5061714285714,3238.93385714286,44.9030571428572,2544.88157142857,18.0749857142857,26311.1247142857,97.5312571428571,39054.6915714286,56.51,3098.45057142857,42.9554571428571,2528.84514285714,17.9611,18072.9771428571,66.9937285714286,3.3376281927942,6.04991218389629,1.53757883266732,2.87047316466247,410.773806,22.640628,50.4487857142857,42.266,20.5357571428571,70.3447428571428,0.379011873164438
22,2025,3,1245,2025-03-29,2025-04-04,255.4,256.15,59,59,74.636,4.10283194878865,3.945,5.70424,425.74165664,22.5032268,47579.4517142857,79.1371571428571,4488.68985714286,65.3333142857143,2736.137,22.4619285714286,25525.6961428571,94.2291857142857,39859.1914285714,66.2582571428571,4333.305,63.0909428571429,2720.91771428571,22.3372571428571,17361.3351428571,64.1035,7.22008642765833,4.37044377337006,6.74418511135262,4.67468991449354,426.467139,23.3165961,56.51,42.9554571428571,17.9611,66.9937285714286,0.444971909225282
21,2025,4,1246,2025-04-05,2025-04-11,210.22,211.03,107.47,107.47,66.098,1.00551976609066,3.527,5.93344,392.18851712,20.92724288,45646.8958571429,83.4608,3846.40742857143,58.2174285714286,3816.854,33.5668285714286,23504.9431428571,86.4999571428572,37629.3507142857,68.8015285714286,3602.35085714286,54.5235,3798.16185714286,33.4024428571429,16271.2548571429,59.8794285714286,1.66895460465021,8.3810746277949,0.76737846563714,4.23462767065145,425.74165664,22.5032268,66.2582571428571,63.0909428571429,22.3372571428571,64.1035,4.10283194878865
20,2025,4,1247,2025-04-12,2025-04-18,185.81,186.44,106.88,106.87,67.7575,1.18688317313401,3.245,5.861875,397.1859953125,19.021784375,44911.4632857143,82.1161285714286,5584.77271428571,84.5285,3532.59185714286,31.0669285714286,20740.5168571429,76.3266428571428,37730.687,68.9868142857143,5428.81057142857,82.1679428571428,3516.75971428571,30.9276857142857,16125.7397142857,59.3439142857143,1.43263896060007,12.0303234844091,3.62943704377987,5.01001895220249,392.18851712,20.92724288,68.8015285714286,54.5235,33.4024428571429,59.8794285714286,1.00551976609066
19,2025,4,1248,2025-04-19,2025-04-25,145.44,146.67,83.95,83.95,67.92,0.851860708488518,2.937,5.6984,387.035328,16.7362008,46186.7031428571,84.4477857142857,4193.50942857143,63.4710142857143,3263.94171428571,28.7043142857143,19648.657,72.3085571428571,38802.5294285714,70.9465571428571,4008.27042857143,60.6673285714286,3247.701,28.5614714285714,14235.985,52.3895,1.07647558705483,6.27181178733187,0.550306653040963,2.03402291940543,397.1859953125,19.021784375,68.9868142857143,82.1679428571428,30.9276857142857,59.3439142857143,1.18688317313401
18,2025,4,1249,2025-04-26,2025-05-02,204.55,205.06,144.72,144.72,63.496,1.74836495046077,3.95,5.65315,358.9524124,22.3299425,45711.8107142857,92.4475571428571,2821.39071428571,40.4349142857143,3511.56942857143,36.9726285714286,19071.0677142857,76.5246142857143,39395.9201428571,79.4611428571428,2651.83085714286,38.1881714285714,3493.79671428571,36.7851285714286,14603.8055714286,58.2247714285714,11.1890723052834,8.82186637503916,11.5087154736044,6.75934308635438,387.035328,16.7362008,70.9465571428571,60.6673285714286,28.5614714285714,52.3895,0.851860708488518
17,2025,5,1250,2025-05-03,2025-05-09,186.4,213.52,59.84,59.84,62.29,1.61375338884204,3.795,5.6889,354.361581,21.5893755,40731.9697142857,102.330328571429,2586.99485714286,30.1070857142857,3907.68814285714,56.8695285714286,16399.1005714286,80.0898428571428,34727.3102857143,87.2449,2402.64757142857,27.9616714285714,3888.281,56.5870857142857,11361.4392857143,55.4869142857143,3.02471859793015,3.71629884056449,0.76519659876561,2.02997649528974,358.9524124,22.3299425,79.4611428571428,38.1881714285714,36.7851285714286,58.2247714285714,1.74836495046077
16,2025,5,1251,2025-05-10,2025-05-16,211.8,241.57,62.35,62.35,65.536,0.954531298596167,3.334,5.64814,370.15650304,18.83089876,33851.3364285714,85.0442142857143,2870.32185714286,33.4044285714286,3641.59,52.9969571428571,14486.5525714286,70.7493571428571,28980.9132857143,72.8083142857143,2656.37357142857,30.9145,3618.50571428571,52.6609857142857,10496.847,51.2644428571429,3.3300057709802,4.66509882746338,2.04094764054058,5.61137684555735,354.361581,21.5893755,87.2449,27.9616714285714,56.5870857142857,55.4869142857143,1.61375338884204
15,2025,5,1252,2025-05-17,2025-05-23,239.51,260.91,201.32,201.32,65.864,0.787324583636492,3.334,5.66148,372.88771872,18.87537432,29602.3428571429,74.3695285714286,2618.95085714286,30.479,2776.42385714286,40.4059714285714,12518.3181428571,61.1368857142857,26581.4818571429,66.7802571428571,2369.52857142857,27.5762571428571,2762.83885714286,40.2082714285714,10412.3992857143,50.8520142857143,1.00032622821695,5.73039049421505,4.00204756331654,1.49786527813019,370.15650304,18.83089876,72.8083142857143,30.9145,52.6609857142857,51.2644428571429,0.954531298596167
14,2025,5,1253,2025-05-24,2025-05-30,230.58,244.31,179.77,180.68,64.74,0.666533319997366,3.523,5.6742,367.347708,19.9902066,27343.1947142857,68.6939,5402.85257142857,62.8776714285714,2390.47814285714,34.7891857142857,10324.9722857143,50.4250285714286,24632.2041428571,61.8831285714286,4732.128,55.0718285714286,2367.80242857143,34.4592,8946.17428571429,43.6912714285714,1.41377212651635,16.8794204738309,0.709586802301356,3.5364469012999,372.88771872,18.87537432,66.7802571428571,27.5762571428571,40.2082714285714,50.8520142857143,0.787324583636492
13,2025,5,1254,2025-05-31,2025-06-06,274.69,278.49,267.9,270.69,67.176,0.59877374691878,3.784,5.63698,378.66976848,21.33033232,27019.261,80.9491571428572,6765.5,65.9163428571429,2132.44414285714,44.5532571428571,8432.29642857143,73.2349571428571,24911.6075714286,74.6738285714286,6404.79528571429,62.2490428571429,2108.747,44.0544857142857,7988.74085714286,69.3923857142857,6.55013692852172,21.8869537460757,5.44469961198607,12.5091988802146,367.347708,19.9902066,61.8831285714286,55.0718285714286,34.4592,43.6912714285714,0.666533319997366
12,2025,6,1255,2025-06-07,2025-06-13,252.67,252.7,250.97,251.88,71.054,3.0395772732407,3.581,5.55434,394.65807436,19.89009154,28648.5164285714,88.1440857142857,9531.65671428571,90.1536714285714,1817.20214285714,40.0657714285714,7055.80971428571,66.1343571428571,27214.7008571429,83.7326142857143,9181.92871428572,86.8458,1792.58571428571,39.5230285714286,6649.18328571429,62.3230428571429,2.39795019994787,15.4250807053534,0.833134598397805,3.07415588569003,378.66976848,21.33033232,74.6738285714286,62.2490428571429,44.0544857142857,69.3923857142857,0.59877374691878
11,2025,6,1256,2025-06-14,2025-06-20,228.97,231.09,223.1,224.15,78.246,1.94834031934854,3.847,5.4927,429.7818042,21.1304169,27046.793,83.2159857142857,14296.5222857143,135.221385714286,1859.36342857143,40.9953428571429,6060.10785714286,56.8016142857143,25190.5717142857,77.5048857142857,12389.7421428571,117.186414285714,1835.05542857143,40.4593857142857,5561.651,52.1295571428571,1.34100130304194,48.2224227770107,1.37320399726143,3.65690502467931,394.65807436,19.89009154,83.7326142857143,86.8458,39.5230285714286,62.3230428571429,3.0395772732407
10,2025,6,1257,2025-06-21,2025-06-27,212.7,212.7,210.65,211.85,69.962,2.4792680371431,3.739,5.50904,385.42345648,20.59830056,25797.0841428571,79.3709571428572,27728.3147142857,262.263885714286,1817.26442857143,40.0671285714286,5121.25514285714,48.0017,23765.3685714286,73.1199142857143,22946.6147142857,217.036914285714,1795.43142857143,39.5857571428571,4704.50114285714,44.0954714285714,2.12972471415801,30.0167968752736,0.137552194422143,2.00482371603606,429.7818042,21.1304169,77.5048857142857,117.186414285714,40.4593857142857,52.1295571428571,1.94834031934854
9,2025,6,1258,2025-06-28,2025-07-04,168.44,168.44,167.98,168.05,69.606,1.59220915711525,3.431,5.43724,378.46452744,18.65517044,25966.7855714286,92.1394,39664.3497142857,369.037814285714,1744.58571428571,43.0940428571429,4359.36785714286,64.5381571428571,23320.2607142857,82.9867857142857,28245.3605714286,262.455214285714,1720.197,42.4887857142857,3945.49642857143,58.7730428571429,11.3183169067414,75.9740643166562,4.04370011022444,20.2226768639282,385.42345648,20.59830056,73.1199142857143,217.036914285714,39.5857571428571,44.0954714285714,2.4792680371431
8,2025,7,1259,2025-07-05,2025-07-11,148.6,151.88,145.88,147.72,71.774,0.810172821069447,3.314,5.49748,394.57612952,18.21864872,23066.5747142857,90.2783285714286,14961.0167142857,136.484042857143,1755.25342857143,46.8893,3922.34142857143,74.8309714285714,20946.6352857143,81.9812714285714,13531.3748571429,123.441942857143,1733.021,46.2953857142857,3559.46828571429,67.9080285714286,1.98159415935308,19.6995100032848,0.239990391672683,2.75111401782024,378.46452744,18.65517044,82.9867857142857,262.455214285714,42.4887857142857,58.7730428571429,1.59220915711525
7,2025,7,1260,2025-07-12,2025-07-18,199.66,203.16,195.03,195.47,70.656,0.674114233643576,3.565,5.5613,392.9392128,19.8260345,20079.4548571429,78.5872571428572,8316.93214285714,75.8724142857143,1734.251,46.3282428571429,3492.38528571429,66.6282142857143,18399.8185714286,72.0134857142857,7783.38785714286,71.0050857142857,1710.18414285714,45.6853285714286,3127.20871428571,59.6613428571429,2.254971232949,10.5278173773783,0.213027609434809,1.52404701027391,394.57612952,18.21864872,81.9812714285714,123.441942857143,46.2953857142857,67.9080285714286,0.810172821069447
6,2025,7,1261,2025-07-19,2025-07-25,247.13,247.66,240.46,243.1,70.086,1.14058318416428,3.11,5.55012,388.98571032,17.2608732,17898.1622857143,69.9971714285714,5681.11,51.8267428571429,1725.56971428571,46.0963428571429,3054.65614285714,58.2771428571429,16823.1235714286,65.7926714285714,5228.61042857143,47.6987571428571,1705.137,45.5505142857143,2791.09285714286,53.2488714285714,1.22264434010021,4.88240761027357,0.304008752223928,1.43883047960763,392.9392128,19.8260345,72.0134857142857,71.0050857142857,45.6853285714286,59.6613428571429,0.674114233643576
5,2025,7,1262,2025-07-26,2025-08-01,274.45,274.45,265.64,274.34,72.408,1.57927831619386,3.083,5.58204,404.18435232,17.20942932,16886.7157142857,68.3134857142857,7966.67328571429,73.5782285714286,1743.529,47.5518714285714,2676.08128571429,55.6389857142857,16218.3611428571,65.6148714285714,6877.74814285714,63.5347428571429,1725.95742857143,47.0744857142857,2494.73428571429,51.9086428571429,5.50503170342492,12.8475711201063,2.72907849247599,10.9301802933982,388.98571032,17.2608732,65.7926714285714,47.6987571428571,45.5505142857143,53.2488714285714,1.14058318416428
4,2025,8,1263,2025-08-02,2025-08-08,305.64,305.65,288.44,304.27,68.166,1.15166401350388,2.99,5.47792,373.40789472,16.3789808,16038.0261428571,78.1451571428571,9877.26428571428,98.8999571428571,1580.35128571429,48.3736857142857,2482.728,78.2302857142857,15557.4834285714,75.8037142857143,8246.03942857143,82.5666571428571,1567.11757142857,47.9686,2329.004,73.3864714285714,1.44337439752474,20.0295189713298,2.3365065553799,2.29540947161519,404.18435232,17.20942932,65.6148714285714,63.5347428571429,47.0744857142857,51.9086428571429,1.57927831619386
3,2025,8,1264,2025-08-09,2025-08-15,289.52,289.52,284.5,289.12,67.36,0,2.959,5.40892,364.3448512,16.00499428,15014.143,73.1562857142857,8212.94242857143,82.2352714285714,1443.046,44.1708571428571,2490.61814285714,78.4788714285714,14434.9361428571,70.3341142857143,7332.76828571429,73.4222,1430.15257142857,43.7762,2187.78885714286,68.9368142857143,1.50357956826231,10.084777397973,0.548564225957331,1.36890017706271,373.40789472,16.3789808,75.8037142857143,82.5666571428571,47.9686,73.3864714285714,1.15166401350388
2,2025,8,1265,2025-08-16,2025-08-22,285.5,285.5,258.54,282.15,67.36,0,2.959,5.45574,367.4986464,16.14353466,14082.2131428571,68.6154857142857,5471.37542857143,54.7842714285714,1375.877,42.1148571428571,2138.823,67.3939,13401.5274285714,65.2988571428571,5135.56957142857,51.4218714285714,1362.43285714286,41.7033428571429,1966.48185714286,61.9634714285714,0.984336343020345,3.10222115572826,0.906381990585217,2.5989804922407,364.3448512,16.00499428,70.3341142857143,73.4222,43.7762,68.9368142857143,0
1,2025,8,1266,2025-08-23,2025-08-29,292.63,292.63,263.38,292.16,67.36,0,2.959,5.42338,365.3188768,16.04778142,13100.4131428571,63.8316428571429,17709.3848571429,177.322057142857,1328.19857142857,40.6554285714286,1793.57642857143,56.5152428571429,12590.2812857143,61.3460571428571,15160.7181428571,151.802557142857,1313.76485714286,40.2136142857143,1711.852,53.9401285714286,0.74297169048195,51.6652088186319,0.284148561075983,2.0291727400707,367.4986464,16.14353466,65.2988571428571,51.4218714285714,41.7033428571429,61.9634714285714,0
