DATE;CODE;RAW DATE;DAY;MONTH;YEAR;VALUE (R$ ou u.m.c.)
1985-01-02;GM366_ERC366;1985-01-02T00:00:00-02:00;2;1;1985;1,152e-09
1985-01-03;GM366_ERC366;1985-01-03T00:00:00-02:00;3;1;1985;1,152e-09
1985-01-04;GM366_ERC366;1985-01-04T00:00:00-02:00;4;1;1985;1,152e-09
1985-01-05;GM366_ERC366;1985-01-05T00:00:00-02:00;5;1;1985;
1985-01-06;GM366_ERC366;1985-01-06T00:00:00-02:00;6;1;1985;
1985-01-07;GM366_ERC366;1985-01-07T00:00:00-02:00;7;1;1985;1,17381818181818e-09
1985-01-08;GM366_ERC366;1985-01-08T00:00:00-02:00;8;1;1985;1,17381818181818e-09
1985-01-09;GM366_ERC366;1985-01-09T00:00:00-02:00;9;1;1985;1,17381818181818e-09
1985-01-10;GM366_ERC366;1985-01-10T00:00:00-02:00;10;1;1985;1,17381818181818e-09
1985-01-11;GM366_ERC366;1985-01-11T00:00:00-02:00;11;1;1985;1,20036363636364e-09
1985-01-12;GM366_ERC366;1985-01-12T00:00:00-02:00;12;1;1985;
1985-01-13;GM366_ERC366;1985-01-13T00:00:00-02:00;13;1;1985;
1985-01-14;GM366_ERC366;1985-01-14T00:00:00-02:00;14;1;1985;1,20036363636364e-09
1985-01-15;GM366_ERC366;1985-01-15T00:00:00-02:00;15;1;1985;1,20036363636364e-09
1985-01-16;GM366_ERC366;1985-01-16T00:00:00-02:00;16;1;1985;1,22763636363636e-09
1985-01-17;GM366_ERC366;1985-01-17T00:00:00-02:00;17;1;1985;1,22763636363636e-09
1985-01-18;GM366_ERC366;1985-01-18T00:00:00-02:00;18;1;1985;1,22763636363636e-09
1985-01-19;GM366_ERC366;1985-01-19T00:00:00-02:00;19;1;1985;
1985-01-20;GM366_ERC366;1985-01-20T00:00:00-02:00;20;1;1985;
1985-01-21;GM366_ERC366;1985-01-21T00:00:00-02:00;21;1;1985;1,22763636363636e-09
1985-01-22;GM366_ERC366;1985-01-22T00:00:00-02:00;22;1;1985;1,25127272727273e-09
1985-01-23;GM366_ERC366;1985-01-23T00:00:00-02:00;23;1;1985;1,25127272727273e-09
1985-01-24;GM366_ERC366;1985-01-24T00:00:00-02:00;24;1;1985;1,25127272727273e-09
1985-01-25;GM366_ERC366;1985-01-25T00:00:00-02:00;25;1;1985;1,25127272727273e-09
1985-01-26;GM366_ERC366;1985-01-26T00:00:00-02:00;26;1;1985;
1985-01-27;GM366_ERC366;1985-01-27T00:00:00-02:00;27;1;1985;
1985-01-28;GM366_ERC366;1985-01-28T00:00:00-02:00;28;1;1985;1,27054545454545e-09
1985-01-29;GM366_ERC366;1985-01-29T00:00:00-02:00;29;1;1985;1,27054545454545e-09
1985-01-30;GM366_ERC366;1985-01-30T00:00:00-02:00;30;1;1985;1,27054545454545e-09
1985-01-31;GM366_ERC366;1985-01-31T00:00:00-02:00;31;1;1985;1,29709090909091e-09
1985-02-01;GM366_ERC366;1985-02-01T00:00:00-02:00;1;2;1985;1,29709090909091e-09
1985-02-02;GM366_ERC366;1985-02-02T00:00:00-02:00;2;2;1985;
1985-02-03;GM366_ERC366;1985-02-03T00:00:00-02:00;3;2;1985;
1985-02-04;GM366_ERC366;1985-02-04T00:00:00-02:00;4;2;1985;1,29709090909091e-09
1985-02-05;GM366_ERC366;1985-02-05T00:00:00-02:00;5;2;1985;1,29709090909091e-09
1985-02-06;GM366_ERC366;1985-02-06T00:00:00-02:00;6;2;1985;1,29709090909091e-09
1985-02-07;GM366_ERC366;1985-02-07T00:00:00-02:00;7;2;1985;1,32290909090909e-09
1985-02-08;GM366_ERC366;1985-02-08T00:00:00-02:00;8;2;1985;1,32290909090909e-09
1985-02-09;GM366_ERC366;1985-02-09T00:00:00-02:00;9;2;1985;
1985-02-10;GM366_ERC366;1985-02-10T00:00:00-03:00;10;2;1985;
1985-02-11;GM366_ERC366;1985-02-11T00:00:00-03:00;11;2;1985;1,34909090909091e-09
1985-02-12;GM366_ERC366;1985-02-12T00:00:00-03:00;12;2;1985;1,34909090909091e-09
1985-02-13;GM366_ERC366;1985-02-13T00:00:00-03:00;13;2;1985;1,34909090909091e-09
1985-02-14;GM366_ERC366;1985-02-14T00:00:00-03:00;14;2;1985;1,37563636363636e-09
1985-02-15;GM366_ERC366;1985-02-15T00:00:00-03:00;15;2;1985;1,37563636363636e-09
1985-02-16;GM366_ERC366;1985-02-16T00:00:00-03:00;16;2;1985;
1985-02-17;GM366_ERC366;1985-02-17T00:00:00-03:00;17;2;1985;
1985-02-18;GM366_ERC366;1985-02-18T00:00:00-03:00;18;2;1985;
1985-02-19;GM366_ERC366;1985-02-19T00:00:00-03:00;19;2;1985;
1985-02-20;GM366_ERC366;1985-02-20T00:00:00-03:00;20;2;1985;1,37563636363636e-09
1985-02-21;GM366_ERC366;1985-02-21T00:00:00-03:00;21;2;1985;1,40218181818182e-09
1985-02-22;GM366_ERC366;1985-02-22T00:00:00-03:00;22;2;1985;1,40218181818182e-09
1985-02-23;GM366_ERC366;1985-02-23T00:00:00-03:00;23;2;1985;
1985-02-24;GM366_ERC366;1985-02-24T00:00:00-03:00;24;2;1985;
1985-02-25;GM366_ERC366;1985-02-25T00:00:00-03:00;25;2;1985;1,424e-09
1985-02-26;GM366_ERC366;1985-02-26T00:00:00-03:00;26;2;1985;1,424e-09
1985-02-27;GM366_ERC366;1985-02-27T00:00:00-03:00;27;2;1985;1,424e-09
1985-02-28;GM366_ERC366;1985-02-28T00:00:00-03:00;28;2;1985;1,42945454545455e-09
1985-03-01;GM366_ERC366;1985-03-01T00:00:00-03:00;1;3;1985;1,42945454545455e-09
1985-03-02;GM366_ERC366;1985-03-02T00:00:00-03:00;2;3;1985;
1985-03-03;GM366_ERC366;1985-03-03T00:00:00-03:00;3;3;1985;
1985-03-04;GM366_ERC366;1985-03-04T00:00:00-03:00;4;3;1985;1,42945454545455e-09
1985-03-05;GM366_ERC366;1985-03-05T00:00:00-03:00;5;3;1985;1,45345454545455e-09
1985-03-06;GM366_ERC366;1985-03-06T00:00:00-03:00;6;3;1985;1,45345454545455e-09
1985-03-07;GM366_ERC366;1985-03-07T00:00:00-03:00;7;3;1985;1,45345454545455e-09
1985-03-08;GM366_ERC366;1985-03-08T00:00:00-03:00;8;3;1985;1,45345454545455e-09
1985-03-09;GM366_ERC366;1985-03-09T00:00:00-03:00;9;3;1985;
1985-03-10;GM366_ERC366;1985-03-10T00:00:00-03:00;10;3;1985;
1985-03-11;GM366_ERC366;1985-03-11T00:00:00-03:00;11;3;1985;1,47927272727273e-09
1985-03-12;GM366_ERC366;1985-03-12T00:00:00-03:00;12;3;1985;1,47927272727273e-09
1985-03-13;GM366_ERC366;1985-03-13T00:00:00-03:00;13;3;1985;1,47927272727273e-09
1985-03-14;GM366_ERC366;1985-03-14T00:00:00-03:00;14;3;1985;1,50545454545455e-09
1985-03-15;GM366_ERC366;1985-03-15T00:00:00-03:00;15;3;1985;1,50545454545455e-09
1985-03-16;GM366_ERC366;1985-03-16T00:00:00-03:00;16;3;1985;
1985-03-17;GM366_ERC366;1985-03-17T00:00:00-03:00;17;3;1985;
1985-03-18;GM366_ERC366;1985-03-18T00:00:00-03:00;18;3;1985;1,50545454545455e-09
1985-03-19;GM366_ERC366;1985-03-19T00:00:00-03:00;19;3;1985;1,50545454545455e-09
1985-03-20;GM366_ERC366;1985-03-20T00:00:00-03:00;20;3;1985;1,52e-09
1985-03-21;GM366_ERC366;1985-03-21T00:00:00-03:00;21;3;1985;1,52e-09
1985-03-22;GM366_ERC366;1985-03-22T00:00:00-03:00;22;3;1985;1,53818181818182e-09
1985-03-23;GM366_ERC366;1985-03-23T00:00:00-03:00;23;3;1985;
1985-03-24;GM366_ERC366;1985-03-24T00:00:00-03:00;24;3;1985;
1985-03-25;GM366_ERC366;1985-03-25T00:00:00-03:00;25;3;1985;1,55272727272727e-09
1985-03-26;GM366_ERC366;1985-03-26T00:00:00-03:00;26;3;1985;1,56727272727273e-09
1985-03-27;GM366_ERC366;1985-03-27T00:00:00-03:00;27;3;1985;1,58181818181818e-09
1985-03-28;GM366_ERC366;1985-03-28T00:00:00-03:00;28;3;1985;1,59272727272727e-09
1985-03-29;GM366_ERC366;1985-03-29T00:00:00-03:00;29;3;1985;1,61090909090909e-09
1985-03-30;GM366_ERC366;1985-03-30T00:00:00-03:00;30;3;1985;
1985-03-31;GM366_ERC366;1985-03-31T00:00:00-03:00;31;3;1985;
1985-04-01;GM366_ERC366;1985-04-01T00:00:00-03:00;1;4;1985;1,61818181818182e-09
1985-04-02;GM366_ERC366;1985-04-02T00:00:00-03:00;2;4;1985;1,62909090909091e-09
1985-04-03;GM366_ERC366;1985-04-03T00:00:00-03:00;3;4;1985;1,64e-09
1985-04-04;GM366_ERC366;1985-04-04T00:00:00-03:00;4;4;1985;
1985-04-05;GM366_ERC366;1985-04-05T00:00:00-03:00;5;4;1985;
1985-04-06;GM366_ERC366;1985-04-06T00:00:00-03:00;6;4;1985;
1985-04-07;GM366_ERC366;1985-04-07T00:00:00-03:00;7;4;1985;
1985-04-08;GM366_ERC366;1985-04-08T00:00:00-03:00;8;4;1985;1,65090909090909e-09
1985-04-09;GM366_ERC366;1985-04-09T00:00:00-03:00;9;4;1985;1,65818181818182e-09
1985-04-10;GM366_ERC366;1985-04-10T00:00:00-03:00;10;4;1985;1,66545454545455e-09
1985-04-11;GM366_ERC366;1985-04-11T00:00:00-03:00;11;4;1985;1,67636363636364e-09
1985-04-12;GM366_ERC366;1985-04-12T00:00:00-03:00;12;4;1985;1,68363636363636e-09
1985-04-13;GM366_ERC366;1985-04-13T00:00:00-03:00;13;4;1985;
1985-04-14;GM366_ERC366;1985-04-14T00:00:00-03:00;14;4;1985;
1985-04-15;GM366_ERC366;1985-04-15T00:00:00-03:00;15;4;1985;1,69454545454545e-09
1985-04-16;GM366_ERC366;1985-04-16T00:00:00-03:00;16;4;1985;1,70545454545455e-09
1985-04-17;GM366_ERC366;1985-04-17T00:00:00-03:00;17;4;1985;1,71272727272727e-09
1985-04-18;GM366_ERC366;1985-04-18T00:00:00-03:00;18;4;1985;1,72363636363636e-09
1985-04-19;GM366_ERC366;1985-04-19T00:00:00-03:00;19;4;1985;1,73454545454545e-09
1985-04-20;GM366_ERC366;1985-04-20T00:00:00-03:00;20;4;1985;
1985-04-21;GM366_ERC366;1985-04-21T00:00:00-03:00;21;4;1985;
1985-04-22;GM366_ERC366;1985-04-22T00:00:00-03:00;22;4;1985;
1985-04-23;GM366_ERC366;1985-04-23T00:00:00-03:00;23;4;1985;1,75272727272727e-09
1985-04-24;GM366_ERC366;1985-04-24T00:00:00-03:00;24;4;1985;1,76363636363636e-09
1985-04-25;GM366_ERC366;1985-04-25T00:00:00-03:00;25;4;1985;1,77090909090909e-09
1985-04-26;GM366_ERC366;1985-04-26T00:00:00-03:00;26;4;1985;1,78181818181818e-09
1985-04-27;GM366_ERC366;1985-04-27T00:00:00-03:00;27;4;1985;
1985-04-28;GM366_ERC366;1985-04-28T00:00:00-03:00;28;4;1985;
1985-04-29;GM366_ERC366;1985-04-29T00:00:00-03:00;29;4;1985;1,79272727272727e-09
1985-04-30;GM366_ERC366;1985-04-30T00:00:00-03:00;30;4;1985;1,80363636363636e-09
1985-05-01;GM366_ERC366;1985-05-01T00:00:00-03:00;1;5;1985;
1985-05-02;GM366_ERC366;1985-05-02T00:00:00-03:00;2;5;1985;1,81090909090909e-09
1985-05-03;GM366_ERC366;1985-05-03T00:00:00-03:00;3;5;1985;1,81818181818182e-09
1985-05-04;GM366_ERC366;1985-05-04T00:00:00-03:00;4;5;1985;
1985-05-05;GM366_ERC366;1985-05-05T00:00:00-03:00;5;5;1985;
1985-05-06;GM366_ERC366;1985-05-06T00:00:00-03:00;6;5;1985;1,82909090909091e-09
1985-05-07;GM366_ERC366;1985-05-07T00:00:00-03:00;7;5;1985;1,83636363636364e-09
1985-05-08;GM366_ERC366;1985-05-08T00:00:00-03:00;8;5;1985;1,84363636363636e-09
1985-05-09;GM366_ERC366;1985-05-09T00:00:00-03:00;9;5;1985;1,85090909090909e-09
1985-05-10;GM366_ERC366;1985-05-10T00:00:00-03:00;10;5;1985;1,85818181818182e-09
1985-05-11;GM366_ERC366;1985-05-11T00:00:00-03:00;11;5;1985;
1985-05-12;GM366_ERC366;1985-05-12T00:00:00-03:00;12;5;1985;
1985-05-13;GM366_ERC366;1985-05-13T00:00:00-03:00;13;5;1985;1,86909090909091e-09
1985-05-14;GM366_ERC366;1985-05-14T00:00:00-03:00;14;5;1985;1,87636363636364e-09
1985-05-15;GM366_ERC366;1985-05-15T00:00:00-03:00;15;5;1985;1,88363636363636e-09
1985-05-16;GM366_ERC366;1985-05-16T00:00:00-03:00;16;5;1985;1,89090909090909e-09
1985-05-17;GM366_ERC366;1985-05-17T00:00:00-03:00;17;5;1985;1,89818181818182e-09
1985-05-18;GM366_ERC366;1985-05-18T00:00:00-03:00;18;5;1985;
1985-05-19;GM366_ERC366;1985-05-19T00:00:00-03:00;19;5;1985;
1985-05-20;GM366_ERC366;1985-05-20T00:00:00-03:00;20;5;1985;1,90909090909091e-09
1985-05-21;GM366_ERC366;1985-05-21T00:00:00-03:00;21;5;1985;1,91636363636364e-09
1985-05-22;GM366_ERC366;1985-05-22T00:00:00-03:00;22;5;1985;1,92363636363636e-09
1985-05-23;GM366_ERC366;1985-05-23T00:00:00-03:00;23;5;1985;1,93454545454545e-09
1985-05-24;GM366_ERC366;1985-05-24T00:00:00-03:00;24;5;1985;1,94181818181818e-09
1985-05-25;GM366_ERC366;1985-05-25T00:00:00-03:00;25;5;1985;
1985-05-26;GM366_ERC366;1985-05-26T00:00:00-03:00;26;5;1985;
1985-05-27;GM366_ERC366;1985-05-27T00:00:00-03:00;27;5;1985;1,95272727272727e-09
1985-05-28;GM366_ERC366;1985-05-28T00:00:00-03:00;28;5;1985;1,96e-09
1985-05-29;GM366_ERC366;1985-05-29T00:00:00-03:00;29;5;1985;1,96727272727273e-09
1985-05-30;GM366_ERC366;1985-05-30T00:00:00-03:00;30;5;1985;1,97454545454545e-09
1985-05-31;GM366_ERC366;1985-05-31T00:00:00-03:00;31;5;1985;1,98545454545455e-09
1985-06-01;GM366_ERC366;1985-06-01T00:00:00-03:00;1;6;1985;
1985-06-02;GM366_ERC366;1985-06-02T00:00:00-03:00;2;6;1985;
1985-06-03;GM366_ERC366;1985-06-03T00:00:00-03:00;3;6;1985;1,99636363636364e-09
1985-06-04;GM366_ERC366;1985-06-04T00:00:00-03:00;4;6;1985;2,00363636363636e-09
1985-06-05;GM366_ERC366;1985-06-05T00:00:00-03:00;5;6;1985;2,01454545454545e-09
1985-06-06;GM366_ERC366;1985-06-06T00:00:00-03:00;6;6;1985;2,02181818181818e-09
1985-06-07;GM366_ERC366;1985-06-07T00:00:00-03:00;7;6;1985;2,02181818181818e-09
1985-06-08;GM366_ERC366;1985-06-08T00:00:00-03:00;8;6;1985;
1985-06-09;GM366_ERC366;1985-06-09T00:00:00-03:00;9;6;1985;
1985-06-10;GM366_ERC366;1985-06-10T00:00:00-03:00;10;6;1985;2,03272727272727e-09
1985-06-11;GM366_ERC366;1985-06-11T00:00:00-03:00;11;6;1985;2,04e-09
1985-06-12;GM366_ERC366;1985-06-12T00:00:00-03:00;12;6;1985;2,05090909090909e-09
1985-06-13;GM366_ERC366;1985-06-13T00:00:00-03:00;13;6;1985;2,06181818181818e-09
1985-06-14;GM366_ERC366;1985-06-14T00:00:00-03:00;14;6;1985;2,06909090909091e-09
1985-06-15;GM366_ERC366;1985-06-15T00:00:00-03:00;15;6;1985;
1985-06-16;GM366_ERC366;1985-06-16T00:00:00-03:00;16;6;1985;
1985-06-17;GM366_ERC366;1985-06-17T00:00:00-03:00;17;6;1985;2,08e-09
1985-06-18;GM366_ERC366;1985-06-18T00:00:00-03:00;18;6;1985;2,09090909090909e-09
1985-06-19;GM366_ERC366;1985-06-19T00:00:00-03:00;19;6;1985;2,09818181818182e-09
1985-06-20;GM366_ERC366;1985-06-20T00:00:00-03:00;20;6;1985;2,10909090909091e-09
1985-06-21;GM366_ERC366;1985-06-21T00:00:00-03:00;21;6;1985;2,12e-09
1985-06-22;GM366_ERC366;1985-06-22T00:00:00-03:00;22;6;1985;
1985-06-23;GM366_ERC366;1985-06-23T00:00:00-03:00;23;6;1985;
1985-06-24;GM366_ERC366;1985-06-24T00:00:00-03:00;24;6;1985;2,13090909090909e-09
1985-06-25;GM366_ERC366;1985-06-25T00:00:00-03:00;25;6;1985;2,13818181818182e-09
1985-06-26;GM366_ERC366;1985-06-26T00:00:00-03:00;26;6;1985;2,14909090909091e-09
1985-06-27;GM366_ERC366;1985-06-27T00:00:00-03:00;27;6;1985;2,16e-09
1985-06-28;GM366_ERC366;1985-06-28T00:00:00-03:00;28;6;1985;2,16727272727273e-09
1985-06-29;GM366_ERC366;1985-06-29T00:00:00-03:00;29;6;1985;
1985-06-30;GM366_ERC366;1985-06-30T00:00:00-03:00;30;6;1985;
1985-07-01;GM366_ERC366;1985-07-01T00:00:00-03:00;1;7;1985;2,17454545454545e-09
1985-07-02;GM366_ERC366;1985-07-02T00:00:00-03:00;2;7;1985;2,18181818181818e-09
1985-07-03;GM366_ERC366;1985-07-03T00:00:00-03:00;3;7;1985;2,18909090909091e-09
1985-07-04;GM366_ERC366;1985-07-04T00:00:00-03:00;4;7;1985;2,19636363636364e-09
1985-07-05;GM366_ERC366;1985-07-05T00:00:00-03:00;5;7;1985;2,20363636363636e-09
1985-07-06;GM366_ERC366;1985-07-06T00:00:00-03:00;6;7;1985;
1985-07-07;GM366_ERC366;1985-07-07T00:00:00-03:00;7;7;1985;
1985-07-08;GM366_ERC366;1985-07-08T00:00:00-03:00;8;7;1985;2,21090909090909e-09
1985-07-09;GM366_ERC366;1985-07-09T00:00:00-03:00;9;7;1985;2,21818181818182e-09
1985-07-10;GM366_ERC366;1985-07-10T00:00:00-03:00;10;7;1985;2,22545454545455e-09
1985-07-11;GM366_ERC366;1985-07-11T00:00:00-03:00;11;7;1985;2,23272727272727e-09
1985-07-12;GM366_ERC366;1985-07-12T00:00:00-03:00;12;7;1985;2,24e-09
1985-07-13;GM366_ERC366;1985-07-13T00:00:00-03:00;13;7;1985;
1985-07-14;GM366_ERC366;1985-07-14T00:00:00-03:00;14;7;1985;
1985-07-15;GM366_ERC366;1985-07-15T00:00:00-03:00;15;7;1985;2,24727272727273e-09
1985-07-16;GM366_ERC366;1985-07-16T00:00:00-03:00;16;7;1985;2,25454545454545e-09
1985-07-17;GM366_ERC366;1985-07-17T00:00:00-03:00;17;7;1985;2,26181818181818e-09
1985-07-18;GM366_ERC366;1985-07-18T00:00:00-03:00;18;7;1985;2,26909090909091e-09
1985-07-19;GM366_ERC366;1985-07-19T00:00:00-03:00;19;7;1985;2,27636363636364e-09
1985-07-20;GM366_ERC366;1985-07-20T00:00:00-03:00;20;7;1985;
1985-07-21;GM366_ERC366;1985-07-21T00:00:00-03:00;21;7;1985;
1985-07-22;GM366_ERC366;1985-07-22T00:00:00-03:00;22;7;1985;2,28363636363636e-09
1985-07-23;GM366_ERC366;1985-07-23T00:00:00-03:00;23;7;1985;2,29090909090909e-09
1985-07-24;GM366_ERC366;1985-07-24T00:00:00-03:00;24;7;1985;2,29818181818182e-09
1985-07-25;GM366_ERC366;1985-07-25T00:00:00-03:00;25;7;1985;2,30545454545455e-09
1985-07-26;GM366_ERC366;1985-07-26T00:00:00-03:00;26;7;1985;2,31272727272727e-09
1985-07-27;GM366_ERC366;1985-07-27T00:00:00-03:00;27;7;1985;
1985-07-28;GM366_ERC366;1985-07-28T00:00:00-03:00;28;7;1985;
1985-07-29;GM366_ERC366;1985-07-29T00:00:00-03:00;29;7;1985;2,32e-09
1985-07-30;GM366_ERC366;1985-07-30T00:00:00-03:00;30;7;1985;2,32727272727273e-09
1985-07-31;GM366_ERC366;1985-07-31T00:00:00-03:00;31;7;1985;2,33454545454545e-09
1985-08-01;GM366_ERC366;1985-08-01T00:00:00-03:00;1;8;1985;2,34181818181818e-09
1985-08-02;GM366_ERC366;1985-08-02T00:00:00-03:00;2;8;1985;2,34909090909091e-09
1985-08-03;GM366_ERC366;1985-08-03T00:00:00-03:00;3;8;1985;
1985-08-04;GM366_ERC366;1985-08-04T00:00:00-03:00;4;8;1985;
1985-08-05;GM366_ERC366;1985-08-05T00:00:00-03:00;5;8;1985;2,36e-09
1985-08-06;GM366_ERC366;1985-08-06T00:00:00-03:00;6;8;1985;2,36727272727273e-09
1985-08-07;GM366_ERC366;1985-08-07T00:00:00-03:00;7;8;1985;2,37818181818182e-09
1985-08-08;GM366_ERC366;1985-08-08T00:00:00-03:00;8;8;1985;2,38545454545455e-09
1985-08-09;GM366_ERC366;1985-08-09T00:00:00-03:00;9;8;1985;2,39272727272727e-09
1985-08-10;GM366_ERC366;1985-08-10T00:00:00-03:00;10;8;1985;
1985-08-11;GM366_ERC366;1985-08-11T00:00:00-03:00;11;8;1985;
1985-08-12;GM366_ERC366;1985-08-12T00:00:00-03:00;12;8;1985;2,40363636363636e-09
1985-08-13;GM366_ERC366;1985-08-13T00:00:00-03:00;13;8;1985;2,41090909090909e-09
1985-08-14;GM366_ERC366;1985-08-14T00:00:00-03:00;14;8;1985;2,41818181818182e-09
1985-08-15;GM366_ERC366;1985-08-15T00:00:00-03:00;15;8;1985;2,42909090909091e-09
1985-08-16;GM366_ERC366;1985-08-16T00:00:00-03:00;16;8;1985;2,43636363636364e-09
1985-08-17;GM366_ERC366;1985-08-17T00:00:00-03:00;17;8;1985;
1985-08-18;GM366_ERC366;1985-08-18T00:00:00-03:00;18;8;1985;
1985-08-19;GM366_ERC366;1985-08-19T00:00:00-03:00;19;8;1985;2,44727272727273e-09
1985-08-20;GM366_ERC366;1985-08-20T00:00:00-03:00;20;8;1985;2,45454545454545e-09
1985-08-21;GM366_ERC366;1985-08-21T00:00:00-03:00;21;8;1985;2,46181818181818e-09
1985-08-22;GM366_ERC366;1985-08-22T00:00:00-03:00;22;8;1985;2,47272727272727e-09
1985-08-23;GM366_ERC366;1985-08-23T00:00:00-03:00;23;8;1985;2,48e-09
1985-08-24;GM366_ERC366;1985-08-24T00:00:00-03:00;24;8;1985;
1985-08-25;GM366_ERC366;1985-08-25T00:00:00-03:00;25;8;1985;
1985-08-26;GM366_ERC366;1985-08-26T00:00:00-03:00;26;8;1985;2,49090909090909e-09
1985-08-27;GM366_ERC366;1985-08-27T00:00:00-03:00;27;8;1985;2,49818181818182e-09
1985-08-28;GM366_ERC366;1985-08-28T00:00:00-03:00;28;8;1985;2,50909090909091e-09
1985-08-29;GM366_ERC366;1985-08-29T00:00:00-03:00;29;8;1985;2,51636363636364e-09
1985-08-30;GM366_ERC366;1985-08-30T00:00:00-03:00;30;8;1985;2,52727272727273e-09
1985-08-31;GM366_ERC366;1985-08-31T00:00:00-03:00;31;8;1985;
1985-09-01;GM366_ERC366;1985-09-01T00:00:00-03:00;1;9;1985;
1985-09-02;GM366_ERC366;1985-09-02T00:00:00-03:00;2;9;1985;2,54363636363636e-09
1985-09-03;GM366_ERC366;1985-09-03T00:00:00-03:00;3;9;1985;2,56e-09
1985-09-04;GM366_ERC366;1985-09-04T00:00:00-03:00;4;9;1985;2,57818181818182e-09
1985-09-05;GM366_ERC366;1985-09-05T00:00:00-03:00;5;9;1985;2,59454545454545e-09
1985-09-06;GM366_ERC366;1985-09-06T00:00:00-03:00;6;9;1985;2,61090909090909e-09
1985-09-07;GM366_ERC366;1985-09-07T00:00:00-03:00;7;9;1985;
1985-09-08;GM366_ERC366;1985-09-08T00:00:00-03:00;8;9;1985;
1985-09-09;GM366_ERC366;1985-09-09T00:00:00-03:00;9;9;1985;2,62909090909091e-09
1985-09-10;GM366_ERC366;1985-09-10T00:00:00-03:00;10;9;1985;2,64545454545455e-09
1985-09-11;GM366_ERC366;1985-09-11T00:00:00-03:00;11;9;1985;2,66363636363636e-09
1985-09-12;GM366_ERC366;1985-09-12T00:00:00-03:00;12;9;1985;2,68e-09
1985-09-13;GM366_ERC366;1985-09-13T00:00:00-03:00;13;9;1985;2,69818181818182e-09
1985-09-14;GM366_ERC366;1985-09-14T00:00:00-03:00;14;9;1985;
1985-09-15;GM366_ERC366;1985-09-15T00:00:00-03:00;15;9;1985;
1985-09-16;GM366_ERC366;1985-09-16T00:00:00-03:00;16;9;1985;2,71090909090909e-09
1985-09-17;GM366_ERC366;1985-09-17T00:00:00-03:00;17;9;1985;2,72363636363636e-09
1985-09-18;GM366_ERC366;1985-09-18T00:00:00-03:00;18;9;1985;2,73454545454545e-09
1985-09-19;GM366_ERC366;1985-09-19T00:00:00-03:00;19;9;1985;2,74727272727273e-09
1985-09-20;GM366_ERC366;1985-09-20T00:00:00-03:00;20;9;1985;2,76e-09
1985-09-21;GM366_ERC366;1985-09-21T00:00:00-03:00;21;9;1985;
1985-09-22;GM366_ERC366;1985-09-22T00:00:00-03:00;22;9;1985;
1985-09-23;GM366_ERC366;1985-09-23T00:00:00-03:00;23;9;1985;2,77272727272727e-09
1985-09-24;GM366_ERC366;1985-09-24T00:00:00-03:00;24;9;1985;2,78545454545455e-09
1985-09-25;GM366_ERC366;1985-09-25T00:00:00-03:00;25;9;1985;2,79636363636364e-09
1985-09-26;GM366_ERC366;1985-09-26T00:00:00-03:00;26;9;1985;2,80909090909091e-09
1985-09-27;GM366_ERC366;1985-09-27T00:00:00-03:00;27;9;1985;2,82181818181818e-09
1985-09-28;GM366_ERC366;1985-09-28T00:00:00-03:00;28;9;1985;
1985-09-29;GM366_ERC366;1985-09-29T00:00:00-03:00;29;9;1985;
1985-09-30;GM366_ERC366;1985-09-30T00:00:00-03:00;30;9;1985;2,83090909090909e-09
1985-10-01;GM366_ERC366;1985-10-01T00:00:00-03:00;1;10;1985;2,84181818181818e-09
1985-10-02;GM366_ERC366;1985-10-02T00:00:00-03:00;2;10;1985;2,85090909090909e-09
1985-10-03;GM366_ERC366;1985-10-03T00:00:00-03:00;3;10;1985;2,86181818181818e-09
1985-10-04;GM366_ERC366;1985-10-04T00:00:00-03:00;4;10;1985;2,87272727272727e-09
1985-10-05;GM366_ERC366;1985-10-05T00:00:00-03:00;5;10;1985;
1985-10-06;GM366_ERC366;1985-10-06T00:00:00-03:00;6;10;1985;
1985-10-07;GM366_ERC366;1985-10-07T00:00:00-03:00;7;10;1985;2,88181818181818e-09
1985-10-08;GM366_ERC366;1985-10-08T00:00:00-03:00;8;10;1985;2,89272727272727e-09
1985-10-09;GM366_ERC366;1985-10-09T00:00:00-03:00;9;10;1985;2,90181818181818e-09
1985-10-10;GM366_ERC366;1985-10-10T00:00:00-03:00;10;10;1985;2,91272727272727e-09
1985-10-11;GM366_ERC366;1985-10-11T00:00:00-03:00;11;10;1985;2,92363636363636e-09
1985-10-12;GM366_ERC366;1985-10-12T00:00:00-03:00;12;10;1985;
1985-10-13;GM366_ERC366;1985-10-13T00:00:00-03:00;13;10;1985;
1985-10-14;GM366_ERC366;1985-10-14T00:00:00-03:00;14;10;1985;2,93272727272727e-09
1985-10-15;GM366_ERC366;1985-10-15T00:00:00-03:00;15;10;1985;2,94363636363636e-09
1985-10-16;GM366_ERC366;1985-10-16T00:00:00-03:00;16;10;1985;2,95636363636364e-09
1985-10-17;GM366_ERC366;1985-10-17T00:00:00-03:00;17;10;1985;2,96909090909091e-09
1985-10-18;GM366_ERC366;1985-10-18T00:00:00-03:00;18;10;1985;2,98181818181818e-09
1985-10-19;GM366_ERC366;1985-10-19T00:00:00-03:00;19;10;1985;
1985-10-20;GM366_ERC366;1985-10-20T00:00:00-03:00;20;10;1985;
1985-10-21;GM366_ERC366;1985-10-21T00:00:00-03:00;21;10;1985;2,99454545454545e-09
1985-10-22;GM366_ERC366;1985-10-22T00:00:00-03:00;22;10;1985;3,00727272727273e-09
1985-10-23;GM366_ERC366;1985-10-23T00:00:00-03:00;23;10;1985;3,02e-09
1985-10-24;GM366_ERC366;1985-10-24T00:00:00-03:00;24;10;1985;3,03272727272727e-09
1985-10-25;GM366_ERC366;1985-10-25T00:00:00-03:00;25;10;1985;3,04545454545455e-09
1985-10-26;GM366_ERC366;1985-10-26T00:00:00-03:00;26;10;1985;
1985-10-27;GM366_ERC366;1985-10-27T00:00:00-03:00;27;10;1985;
1985-10-28;GM366_ERC366;1985-10-28T00:00:00-03:00;28;10;1985;3,05818181818182e-09
1985-10-29;GM366_ERC366;1985-10-29T00:00:00-03:00;29;10;1985;3,07090909090909e-09
1985-10-30;GM366_ERC366;1985-10-30T00:00:00-03:00;30;10;1985;3,08363636363636e-09
1985-10-31;GM366_ERC366;1985-10-31T00:00:00-03:00;31;10;1985;3,09636363636364e-09
1985-11-01;GM366_ERC366;1985-11-01T00:00:00-03:00;1;11;1985;3,10909090909091e-09
1985-11-02;GM366_ERC366;1985-11-02T00:00:00-03:00;2;11;1985;
1985-11-03;GM366_ERC366;1985-11-03T00:00:00-03:00;3;11;1985;
1985-11-04;GM366_ERC366;1985-11-04T00:00:00-03:00;4;11;1985;3,12e-09
1985-11-05;GM366_ERC366;1985-11-05T00:00:00-03:00;5;11;1985;3,13090909090909e-09
1985-11-06;GM366_ERC366;1985-11-06T00:00:00-02:00;6;11;1985;3,14181818181818e-09
1985-11-07;GM366_ERC366;1985-11-07T00:00:00-02:00;7;11;1985;3,15272727272727e-09
1985-11-08;GM366_ERC366;1985-11-08T00:00:00-02:00;8;11;1985;3,16363636363636e-09
1985-11-09;GM366_ERC366;1985-11-09T00:00:00-02:00;9;11;1985;
1985-11-10;GM366_ERC366;1985-11-10T00:00:00-02:00;10;11;1985;
1985-11-11;GM366_ERC366;1985-11-11T00:00:00-02:00;11;11;1985;3,17454545454545e-09
1985-11-12;GM366_ERC366;1985-11-12T00:00:00-02:00;12;11;1985;3,18545454545455e-09
1985-11-13;GM366_ERC366;1985-11-13T00:00:00-02:00;13;11;1985;3,19818181818182e-09
1985-11-14;GM366_ERC366;1985-11-14T00:00:00-02:00;14;11;1985;3,20909090909091e-09
1985-11-15;GM366_ERC366;1985-11-15T00:00:00-02:00;15;11;1985;
1985-11-16;GM366_ERC366;1985-11-16T00:00:00-02:00;16;11;1985;
1985-11-17;GM366_ERC366;1985-11-17T00:00:00-02:00;17;11;1985;
1985-11-18;GM366_ERC366;1985-11-18T00:00:00-02:00;18;11;1985;3,22545454545455e-09
1985-11-19;GM366_ERC366;1985-11-19T00:00:00-02:00;19;11;1985;3,24181818181818e-09
1985-11-20;GM366_ERC366;1985-11-20T00:00:00-02:00;20;11;1985;3,25818181818182e-09
1985-11-21;GM366_ERC366;1985-11-21T00:00:00-02:00;21;11;1985;3,27454545454545e-09
1985-11-22;GM366_ERC366;1985-11-22T00:00:00-02:00;22;11;1985;3,29090909090909e-09
1985-11-23;GM366_ERC366;1985-11-23T00:00:00-02:00;23;11;1985;
1985-11-24;GM366_ERC366;1985-11-24T00:00:00-02:00;24;11;1985;
1985-11-25;GM366_ERC366;1985-11-25T00:00:00-02:00;25;11;1985;3,30909090909091e-09
1985-11-26;GM366_ERC366;1985-11-26T00:00:00-02:00;26;11;1985;3,32727272727273e-09
1985-11-27;GM366_ERC366;1985-11-27T00:00:00-02:00;27;11;1985;3,34545454545455e-09
1985-11-28;GM366_ERC366;1985-11-28T00:00:00-02:00;28;11;1985;3,36545454545455e-09
1985-11-29;GM366_ERC366;1985-11-29T00:00:00-02:00;29;11;1985;3,38363636363636e-09
1985-11-30;GM366_ERC366;1985-11-30T00:00:00-02:00;30;11;1985;
1985-12-01;GM366_ERC366;1985-12-01T00:00:00-02:00;1;12;1985;
1985-12-02;GM366_ERC366;1985-12-02T00:00:00-02:00;2;12;1985;3,40181818181818e-09
1985-12-03;GM366_ERC366;1985-12-03T00:00:00-02:00;3;12;1985;3,42e-09
1985-12-04;GM366_ERC366;1985-12-04T00:00:00-02:00;4;12;1985;3,43636363636364e-09
1985-12-05;GM366_ERC366;1985-12-05T00:00:00-02:00;5;12;1985;3,45454545454545e-09
1985-12-06;GM366_ERC366;1985-12-06T00:00:00-02:00;6;12;1985;3,47272727272727e-09
1985-12-07;GM366_ERC366;1985-12-07T00:00:00-02:00;7;12;1985;
1985-12-08;GM366_ERC366;1985-12-08T00:00:00-02:00;8;12;1985;
1985-12-09;GM366_ERC366;1985-12-09T00:00:00-02:00;9;12;1985;3,49272727272727e-09
1985-12-10;GM366_ERC366;1985-12-10T00:00:00-02:00;10;12;1985;3,51090909090909e-09
1985-12-11;GM366_ERC366;1985-12-11T00:00:00-02:00;11;12;1985;3,52909090909091e-09
1985-12-12;GM366_ERC366;1985-12-12T00:00:00-02:00;12;12;1985;3,54727272727273e-09
1985-12-13;GM366_ERC366;1985-12-13T00:00:00-02:00;13;12;1985;3,56545454545455e-09
1985-12-14;GM366_ERC366;1985-12-14T00:00:00-02:00;14;12;1985;
1985-12-15;GM366_ERC366;1985-12-15T00:00:00-02:00;15;12;1985;
1985-12-16;GM366_ERC366;1985-12-16T00:00:00-02:00;16;12;1985;3,58727272727273e-09
1985-12-17;GM366_ERC366;1985-12-17T00:00:00-02:00;17;12;1985;3,60909090909091e-09
1985-12-18;GM366_ERC366;1985-12-18T00:00:00-02:00;18;12;1985;3,63090909090909e-09
1985-12-19;GM366_ERC366;1985-12-19T00:00:00-02:00;19;12;1985;3,65454545454545e-09
1985-12-20;GM366_ERC366;1985-12-20T00:00:00-02:00;20;12;1985;3,67636363636364e-09
1985-12-21;GM366_ERC366;1985-12-21T00:00:00-02:00;21;12;1985;
1985-12-22;GM366_ERC366;1985-12-22T00:00:00-02:00;22;12;1985;
1985-12-23;GM366_ERC366;1985-12-23T00:00:00-02:00;23;12;1985;3,7e-09
1985-12-24;GM366_ERC366;1985-12-24T00:00:00-02:00;24;12;1985;3,72363636363636e-09
1985-12-25;GM366_ERC366;1985-12-25T00:00:00-02:00;25;12;1985;
1985-12-26;GM366_ERC366;1985-12-26T00:00:00-02:00;26;12;1985;3,74909090909091e-09
1985-12-27;GM366_ERC366;1985-12-27T00:00:00-02:00;27;12;1985;3,77272727272727e-09
1985-12-28;GM366_ERC366;1985-12-28T00:00:00-02:00;28;12;1985;
1985-12-29;GM366_ERC366;1985-12-29T00:00:00-02:00;29;12;1985;
1985-12-30;GM366_ERC366;1985-12-30T00:00:00-02:00;30;12;1985;3,79636363636364e-09
1985-12-31;GM366_ERC366;1985-12-31T00:00:00-02:00;31;12;1985;3,79636363636364e-09
1986-01-01;GM366_ERC366;1986-01-01T00:00:00-02:00;1;1;1986;
1986-01-02;GM366_ERC366;1986-01-02T00:00:00-02:00;2;1;1986;3,82e-09
1986-01-03;GM366_ERC366;1986-01-03T00:00:00-02:00;3;1;1986;3,84545454545455e-09
1986-01-04;GM366_ERC366;1986-01-04T00:00:00-02:00;4;1;1986;
1986-01-05;GM366_ERC366;1986-01-05T00:00:00-02:00;5;1;1986;
1986-01-06;GM366_ERC366;1986-01-06T00:00:00-02:00;6;1;1986;3,86909090909091e-09
1986-01-07;GM366_ERC366;1986-01-07T00:00:00-02:00;7;1;1986;3,89272727272727e-09
1986-01-08;GM366_ERC366;1986-01-08T00:00:00-02:00;8;1;1986;3,91818181818182e-09
1986-01-09;GM366_ERC366;1986-01-09T00:00:00-02:00;9;1;1986;3,94181818181818e-09
1986-01-10;GM366_ERC366;1986-01-10T00:00:00-02:00;10;1;1986;3,96727272727273e-09
1986-01-11;GM366_ERC366;1986-01-11T00:00:00-02:00;11;1;1986;
1986-01-12;GM366_ERC366;1986-01-12T00:00:00-02:00;12;1;1986;
1986-01-13;GM366_ERC366;1986-01-13T00:00:00-02:00;13;1;1986;3,99272727272727e-09
1986-01-14;GM366_ERC366;1986-01-14T00:00:00-02:00;14;1;1986;4,01636363636364e-09
1986-01-15;GM366_ERC366;1986-01-15T00:00:00-02:00;15;1;1986;4,04181818181818e-09
1986-01-16;GM366_ERC366;1986-01-16T00:00:00-02:00;16;1;1986;4,06909090909091e-09
1986-01-17;GM366_ERC366;1986-01-17T00:00:00-02:00;17;1;1986;4,09454545454545e-09
1986-01-18;GM366_ERC366;1986-01-18T00:00:00-02:00;18;1;1986;
1986-01-19;GM366_ERC366;1986-01-19T00:00:00-02:00;19;1;1986;
1986-01-20;GM366_ERC366;1986-01-20T00:00:00-02:00;20;1;1986;4,12181818181818e-09
1986-01-21;GM366_ERC366;1986-01-21T00:00:00-02:00;21;1;1986;4,15090909090909e-09
1986-01-22;GM366_ERC366;1986-01-22T00:00:00-02:00;22;1;1986;4,17818181818182e-09
1986-01-23;GM366_ERC366;1986-01-23T00:00:00-02:00;23;1;1986;4,20727272727273e-09
1986-01-24;GM366_ERC366;1986-01-24T00:00:00-02:00;24;1;1986;4,23636363636364e-09
1986-01-25;GM366_ERC366;1986-01-25T00:00:00-02:00;25;1;1986;
1986-01-26;GM366_ERC366;1986-01-26T00:00:00-02:00;26;1;1986;
1986-01-27;GM366_ERC366;1986-01-27T00:00:00-02:00;27;1;1986;4,26727272727273e-09
1986-01-28;GM366_ERC366;1986-01-28T00:00:00-02:00;28;1;1986;4,3e-09
1986-01-29;GM366_ERC366;1986-01-29T00:00:00-02:00;29;1;1986;4,33272727272727e-09
1986-01-30;GM366_ERC366;1986-01-30T00:00:00-02:00;30;1;1986;4,36545454545455e-09
1986-01-31;GM366_ERC366;1986-01-31T00:00:00-02:00;31;1;1986;4,39818181818182e-09
1986-02-01;GM366_ERC366;1986-02-01T00:00:00-02:00;1;2;1986;
1986-02-02;GM366_ERC366;1986-02-02T00:00:00-02:00;2;2;1986;
1986-02-03;GM366_ERC366;1986-02-03T00:00:00-02:00;3;2;1986;4,43454545454545e-09
1986-02-04;GM366_ERC366;1986-02-04T00:00:00-02:00;4;2;1986;4,47090909090909e-09
1986-02-05;GM366_ERC366;1986-02-05T00:00:00-02:00;5;2;1986;4,50727272727273e-09
1986-02-06;GM366_ERC366;1986-02-06T00:00:00-02:00;6;2;1986;4,54545454545455e-09
1986-02-07;GM366_ERC366;1986-02-07T00:00:00-02:00;7;2;1986;4,58181818181818e-09
1986-02-08;GM366_ERC366;1986-02-08T00:00:00-02:00;8;2;1986;
1986-02-09;GM366_ERC366;1986-02-09T00:00:00-03:00;9;2;1986;
1986-02-10;GM366_ERC366;1986-02-10T00:00:00-03:00;10;2;1986;
1986-02-11;GM366_ERC366;1986-02-11T00:00:00-03:00;11;2;1986;
1986-02-12;GM366_ERC366;1986-02-12T00:00:00-03:00;12;2;1986;4,62e-09
1986-02-13;GM366_ERC366;1986-02-13T00:00:00-03:00;13;2;1986;4,65818181818182e-09
1986-02-14;GM366_ERC366;1986-02-14T00:00:00-03:00;14;2;1986;4,69818181818182e-09
1986-02-15;GM366_ERC366;1986-02-15T00:00:00-03:00;15;2;1986;
1986-02-16;GM366_ERC366;1986-02-16T00:00:00-03:00;16;2;1986;
1986-02-17;GM366_ERC366;1986-02-17T00:00:00-03:00;17;2;1986;4,72727272727273e-09
1986-02-18;GM366_ERC366;1986-02-18T00:00:00-03:00;18;2;1986;4,75636363636364e-09
1986-02-19;GM366_ERC366;1986-02-19T00:00:00-03:00;19;2;1986;4,78545454545455e-09
1986-02-20;GM366_ERC366;1986-02-20T00:00:00-03:00;20;2;1986;4,81454545454545e-09
1986-02-21;GM366_ERC366;1986-02-21T00:00:00-03:00;21;2;1986;4,84363636363636e-09
1986-02-22;GM366_ERC366;1986-02-22T00:00:00-03:00;22;2;1986;
1986-02-23;GM366_ERC366;1986-02-23T00:00:00-03:00;23;2;1986;
1986-02-24;GM366_ERC366;1986-02-24T00:00:00-03:00;24;2;1986;4,87636363636364e-09
1986-02-25;GM366_ERC366;1986-02-25T00:00:00-03:00;25;2;1986;4,90909090909091e-09
1986-02-26;GM366_ERC366;1986-02-26T00:00:00-03:00;26;2;1986;4,94181818181818e-09
1986-02-27;GM366_ERC366;1986-02-27T00:00:00-03:00;27;2;1986;4,97454545454545e-09
1986-02-28;GM366_ERC366;1986-02-28T00:00:00-03:00;28;2;1986;
1986-03-01;GM366_ERC366;1986-03-01T00:00:00-03:00;1;3;1986;
1986-03-02;GM366_ERC366;1986-03-02T00:00:00-03:00;2;3;1986;
1986-03-03;GM366_ERC366;1986-03-03T00:00:00-03:00;3;3;1986;5,00727272727273e-09
1986-03-04;GM366_ERC366;1986-03-04T00:00:00-03:00;4;3;1986;5,00727272727273e-09
1986-03-05;GM366_ERC366;1986-03-05T00:00:00-03:00;5;3;1986;5,00727272727273e-09
1986-03-06;GM366_ERC366;1986-03-06T00:00:00-03:00;6;3;1986;5,00727272727273e-09
1986-03-07;GM366_ERC366;1986-03-07T00:00:00-03:00;7;3;1986;5,00727272727273e-09
1986-03-08;GM366_ERC366;1986-03-08T00:00:00-03:00;8;3;1986;
1986-03-09;GM366_ERC366;1986-03-09T00:00:00-03:00;9;3;1986;
1986-03-10;GM366_ERC366;1986-03-10T00:00:00-03:00;10;3;1986;5,00727272727273e-09
1986-03-11;GM366_ERC366;1986-03-11T00:00:00-03:00;11;3;1986;5,00727272727273e-09
1986-03-12;GM366_ERC366;1986-03-12T00:00:00-03:00;12;3;1986;5,00727272727273e-09
1986-03-13;GM366_ERC366;1986-03-13T00:00:00-03:00;13;3;1986;5,00727272727273e-09
1986-03-14;GM366_ERC366;1986-03-14T00:00:00-03:00;14;3;1986;5,00727272727273e-09
1986-03-15;GM366_ERC366;1986-03-15T00:00:00-03:00;15;3;1986;
1986-03-16;GM366_ERC366;1986-03-16T00:00:00-03:00;16;3;1986;
1986-03-17;GM366_ERC366;1986-03-17T00:00:00-03:00;17;3;1986;5,00727272727273e-09
1986-03-18;GM366_ERC366;1986-03-18T00:00:00-03:00;18;3;1986;5,00727272727273e-09
1986-03-19;GM366_ERC366;1986-03-19T00:00:00-03:00;19;3;1986;5,00727272727273e-09
1986-03-20;GM366_ERC366;1986-03-20T00:00:00-03:00;20;3;1986;5,00727272727273e-09
1986-03-21;GM366_ERC366;1986-03-21T00:00:00-03:00;21;3;1986;5,00727272727273e-09
1986-03-22;GM366_ERC366;1986-03-22T00:00:00-03:00;22;3;1986;
1986-03-23;GM366_ERC366;1986-03-23T00:00:00-03:00;23;3;1986;
1986-03-24;GM366_ERC366;1986-03-24T00:00:00-03:00;24;3;1986;5,00727272727273e-09
1986-03-25;GM366_ERC366;1986-03-25T00:00:00-03:00;25;3;1986;5,00727272727273e-09
1986-03-26;GM366_ERC366;1986-03-26T00:00:00-03:00;26;3;1986;5,00727272727273e-09
1986-03-27;GM366_ERC366;1986-03-27T00:00:00-03:00;27;3;1986;
1986-03-28;GM366_ERC366;1986-03-28T00:00:00-03:00;28;3;1986;
1986-03-29;GM366_ERC366;1986-03-29T00:00:00-03:00;29;3;1986;
1986-03-30;GM366_ERC366;1986-03-30T00:00:00-03:00;30;3;1986;
1986-03-31;GM366_ERC366;1986-03-31T00:00:00-03:00;31;3;1986;5,00727272727273e-09
1986-04-01;GM366_ERC366;1986-04-01T00:00:00-03:00;1;4;1986;5,00727272727273e-09
1986-04-02;GM366_ERC366;1986-04-02T00:00:00-03:00;2;4;1986;5,00727272727273e-09
1986-04-03;GM366_ERC366;1986-04-03T00:00:00-03:00;3;4;1986;5,00727272727273e-09
1986-04-04;GM366_ERC366;1986-04-04T00:00:00-03:00;4;4;1986;5,00727272727273e-09
1986-04-05;GM366_ERC366;1986-04-05T00:00:00-03:00;5;4;1986;
1986-04-06;GM366_ERC366;1986-04-06T00:00:00-03:00;6;4;1986;
1986-04-07;GM366_ERC366;1986-04-07T00:00:00-03:00;7;4;1986;5,00727272727273e-09
1986-04-08;GM366_ERC366;1986-04-08T00:00:00-03:00;8;4;1986;5,00727272727273e-09
1986-04-09;GM366_ERC366;1986-04-09T00:00:00-03:00;9;4;1986;5,00727272727273e-09
1986-04-10;GM366_ERC366;1986-04-10T00:00:00-03:00;10;4;1986;5,00727272727273e-09
1986-04-11;GM366_ERC366;1986-04-11T00:00:00-03:00;11;4;1986;5,00727272727273e-09
1986-04-12;GM366_ERC366;1986-04-12T00:00:00-03:00;12;4;1986;
1986-04-13;GM366_ERC366;1986-04-13T00:00:00-03:00;13;4;1986;
1986-04-14;GM366_ERC366;1986-04-14T00:00:00-03:00;14;4;1986;5,00727272727273e-09
1986-04-15;GM366_ERC366;1986-04-15T00:00:00-03:00;15;4;1986;5,00727272727273e-09
1986-04-16;GM366_ERC366;1986-04-16T00:00:00-03:00;16;4;1986;5,00727272727273e-09
1986-04-17;GM366_ERC366;1986-04-17T00:00:00-03:00;17;4;1986;5,00727272727273e-09
1986-04-18;GM366_ERC366;1986-04-18T00:00:00-03:00;18;4;1986;5,00727272727273e-09
1986-04-19;GM366_ERC366;1986-04-19T00:00:00-03:00;19;4;1986;
1986-04-20;GM366_ERC366;1986-04-20T00:00:00-03:00;20;4;1986;
1986-04-21;GM366_ERC366;1986-04-21T00:00:00-03:00;21;4;1986;
1986-04-22;GM366_ERC366;1986-04-22T00:00:00-03:00;22;4;1986;5,00727272727273e-09
1986-04-23;GM366_ERC366;1986-04-23T00:00:00-03:00;23;4;1986;5,00727272727273e-09
1986-04-24;GM366_ERC366;1986-04-24T00:00:00-03:00;24;4;1986;5,00727272727273e-09
1986-04-25;GM366_ERC366;1986-04-25T00:00:00-03:00;25;4;1986;5,00727272727273e-09
1986-04-26;GM366_ERC366;1986-04-26T00:00:00-03:00;26;4;1986;
1986-04-27;GM366_ERC366;1986-04-27T00:00:00-03:00;27;4;1986;
1986-04-28;GM366_ERC366;1986-04-28T00:00:00-03:00;28;4;1986;5,00727272727273e-09
1986-04-29;GM366_ERC366;1986-04-29T00:00:00-03:00;29;4;1986;5,00727272727273e-09
1986-04-30;GM366_ERC366;1986-04-30T00:00:00-03:00;30;4;1986;5,00727272727273e-09
1986-05-01;GM366_ERC366;1986-05-01T00:00:00-03:00;1;5;1986;
1986-05-02;GM366_ERC366;1986-05-02T00:00:00-03:00;2;5;1986;5,00727272727273e-09
1986-05-03;GM366_ERC366;1986-05-03T00:00:00-03:00;3;5;1986;
1986-05-04;GM366_ERC366;1986-05-04T00:00:00-03:00;4;5;1986;
1986-05-05;GM366_ERC366;1986-05-05T00:00:00-03:00;5;5;1986;5,00727272727273e-09
1986-05-06;GM366_ERC366;1986-05-06T00:00:00-03:00;6;5;1986;5,00727272727273e-09
1986-05-07;GM366_ERC366;1986-05-07T00:00:00-03:00;7;5;1986;5,00727272727273e-09
1986-05-08;GM366_ERC366;1986-05-08T00:00:00-03:00;8;5;1986;5,00727272727273e-09
1986-05-09;GM366_ERC366;1986-05-09T00:00:00-03:00;9;5;1986;5,00727272727273e-09
1986-05-10;GM366_ERC366;1986-05-10T00:00:00-03:00;10;5;1986;
1986-05-11;GM366_ERC366;1986-05-11T00:00:00-03:00;11;5;1986;
1986-05-12;GM366_ERC366;1986-05-12T00:00:00-03:00;12;5;1986;5,00727272727273e-09
1986-05-13;GM366_ERC366;1986-05-13T00:00:00-03:00;13;5;1986;5,00727272727273e-09
1986-05-14;GM366_ERC366;1986-05-14T00:00:00-03:00;14;5;1986;5,00727272727273e-09
1986-05-15;GM366_ERC366;1986-05-15T00:00:00-03:00;15;5;1986;5,00727272727273e-09
1986-05-16;GM366_ERC366;1986-05-16T00:00:00-03:00;16;5;1986;5,00727272727273e-09
1986-05-17;GM366_ERC366;1986-05-17T00:00:00-03:00;17;5;1986;
1986-05-18;GM366_ERC366;1986-05-18T00:00:00-03:00;18;5;1986;
1986-05-19;GM366_ERC366;1986-05-19T00:00:00-03:00;19;5;1986;5,00727272727273e-09
1986-05-20;GM366_ERC366;1986-05-20T00:00:00-03:00;20;5;1986;5,00727272727273e-09
1986-05-21;GM366_ERC366;1986-05-21T00:00:00-03:00;21;5;1986;5,00727272727273e-09
1986-05-22;GM366_ERC366;1986-05-22T00:00:00-03:00;22;5;1986;5,00727272727273e-09
1986-05-23;GM366_ERC366;1986-05-23T00:00:00-03:00;23;5;1986;5,00727272727273e-09
1986-05-24;GM366_ERC366;1986-05-24T00:00:00-03:00;24;5;1986;
1986-05-25;GM366_ERC366;1986-05-25T00:00:00-03:00;25;5;1986;
1986-05-26;GM366_ERC366;1986-05-26T00:00:00-03:00;26;5;1986;
1986-05-27;GM366_ERC366;1986-05-27T00:00:00-03:00;27;5;1986;5,00727272727273e-09
1986-05-28;GM366_ERC366;1986-05-28T00:00:00-03:00;28;5;1986;5,00727272727273e-09
1986-05-29;GM366_ERC366;1986-05-29T00:00:00-03:00;29;5;1986;5,00727272727273e-09
1986-05-30;GM366_ERC366;1986-05-30T00:00:00-03:00;30;5;1986;5,00727272727273e-09
1986-05-31;GM366_ERC366;1986-05-31T00:00:00-03:00;31;5;1986;
1986-06-01;GM366_ERC366;1986-06-01T00:00:00-03:00;1;6;1986;
1986-06-02;GM366_ERC366;1986-06-02T00:00:00-03:00;2;6;1986;5,00727272727273e-09
1986-06-03;GM366_ERC366;1986-06-03T00:00:00-03:00;3;6;1986;5,00727272727273e-09
1986-06-04;GM366_ERC366;1986-06-04T00:00:00-03:00;4;6;1986;5,00727272727273e-09
1986-06-05;GM366_ERC366;1986-06-05T00:00:00-03:00;5;6;1986;5,00727272727273e-09
1986-06-06;GM366_ERC366;1986-06-06T00:00:00-03:00;6;6;1986;5,00727272727273e-09
1986-06-07;GM366_ERC366;1986-06-07T00:00:00-03:00;7;6;1986;
1986-06-08;GM366_ERC366;1986-06-08T00:00:00-03:00;8;6;1986;
1986-06-09;GM366_ERC366;1986-06-09T00:00:00-03:00;9;6;1986;5,00727272727273e-09
1986-06-10;GM366_ERC366;1986-06-10T00:00:00-03:00;10;6;1986;5,00727272727273e-09
1986-06-11;GM366_ERC366;1986-06-11T00:00:00-03:00;11;6;1986;5,00727272727273e-09
1986-06-12;GM366_ERC366;1986-06-12T00:00:00-03:00;12;6;1986;5,00727272727273e-09
1986-06-13;GM366_ERC366;1986-06-13T00:00:00-03:00;13;6;1986;5,00727272727273e-09
1986-06-14;GM366_ERC366;1986-06-14T00:00:00-03:00;14;6;1986;
1986-06-15;GM366_ERC366;1986-06-15T00:00:00-03:00;15;6;1986;
1986-06-16;GM366_ERC366;1986-06-16T00:00:00-03:00;16;6;1986;5,00727272727273e-09
1986-06-17;GM366_ERC366;1986-06-17T00:00:00-03:00;17;6;1986;5,00727272727273e-09
1986-06-18;GM366_ERC366;1986-06-18T00:00:00-03:00;18;6;1986;5,00727272727273e-09
1986-06-19;GM366_ERC366;1986-06-19T00:00:00-03:00;19;6;1986;5,00727272727273e-09
1986-06-20;GM366_ERC366;1986-06-20T00:00:00-03:00;20;6;1986;5,00727272727273e-09
1986-06-21;GM366_ERC366;1986-06-21T00:00:00-03:00;21;6;1986;
1986-06-22;GM366_ERC366;1986-06-22T00:00:00-03:00;22;6;1986;
1986-06-23;GM366_ERC366;1986-06-23T00:00:00-03:00;23;6;1986;5,00727272727273e-09
1986-06-24;GM366_ERC366;1986-06-24T00:00:00-03:00;24;6;1986;5,00727272727273e-09
1986-06-25;GM366_ERC366;1986-06-25T00:00:00-03:00;25;6;1986;5,00727272727273e-09
1986-06-26;GM366_ERC366;1986-06-26T00:00:00-03:00;26;6;1986;5,00727272727273e-09
1986-06-27;GM366_ERC366;1986-06-27T00:00:00-03:00;27;6;1986;5,00727272727273e-09
1986-06-28;GM366_ERC366;1986-06-28T00:00:00-03:00;28;6;1986;
1986-06-29;GM366_ERC366;1986-06-29T00:00:00-03:00;29;6;1986;
1986-06-30;GM366_ERC366;1986-06-30T00:00:00-03:00;30;6;1986;5,00727272727273e-09
1986-07-01;GM366_ERC366;1986-07-01T00:00:00-03:00;1;7;1986;5,00727272727273e-09
1986-07-02;GM366_ERC366;1986-07-02T00:00:00-03:00;2;7;1986;5,00727272727273e-09
1986-07-03;GM366_ERC366;1986-07-03T00:00:00-03:00;3;7;1986;5,00727272727273e-09
1986-07-04;GM366_ERC366;1986-07-04T00:00:00-03:00;4;7;1986;5,00727272727273e-09
1986-07-05;GM366_ERC366;1986-07-05T00:00:00-03:00;5;7;1986;
1986-07-06;GM366_ERC366;1986-07-06T00:00:00-03:00;6;7;1986;
1986-07-07;GM366_ERC366;1986-07-07T00:00:00-03:00;7;7;1986;5,00727272727273e-09
1986-07-08;GM366_ERC366;1986-07-08T00:00:00-03:00;8;7;1986;5,00727272727273e-09
1986-07-09;GM366_ERC366;1986-07-09T00:00:00-03:00;9;7;1986;5,00727272727273e-09
1986-07-10;GM366_ERC366;1986-07-10T00:00:00-03:00;10;7;1986;5,00727272727273e-09
1986-07-11;GM366_ERC366;1986-07-11T00:00:00-03:00;11;7;1986;5,00727272727273e-09
1986-07-12;GM366_ERC366;1986-07-12T00:00:00-03:00;12;7;1986;
1986-07-13;GM366_ERC366;1986-07-13T00:00:00-03:00;13;7;1986;
1986-07-14;GM366_ERC366;1986-07-14T00:00:00-03:00;14;7;1986;5,00727272727273e-09
1986-07-15;GM366_ERC366;1986-07-15T00:00:00-03:00;15;7;1986;5,00727272727273e-09
1986-07-16;GM366_ERC366;1986-07-16T00:00:00-03:00;16;7;1986;5,00727272727273e-09
1986-07-17;GM366_ERC366;1986-07-17T00:00:00-03:00;17;7;1986;5,00727272727273e-09
1986-07-18;GM366_ERC366;1986-07-18T00:00:00-03:00;18;7;1986;5,00727272727273e-09
1986-07-19;GM366_ERC366;1986-07-19T00:00:00-03:00;19;7;1986;
1986-07-20;GM366_ERC366;1986-07-20T00:00:00-03:00;20;7;1986;
1986-07-21;GM366_ERC366;1986-07-21T00:00:00-03:00;21;7;1986;5,00727272727273e-09
1986-07-22;GM366_ERC366;1986-07-22T00:00:00-03:00;22;7;1986;5,00727272727273e-09
1986-07-23;GM366_ERC366;1986-07-23T00:00:00-03:00;23;7;1986;5,00727272727273e-09
1986-07-24;GM366_ERC366;1986-07-24T00:00:00-03:00;24;7;1986;5,00727272727273e-09
1986-07-25;GM366_ERC366;1986-07-25T00:00:00-03:00;25;7;1986;5,00727272727273e-09
1986-07-26;GM366_ERC366;1986-07-26T00:00:00-03:00;26;7;1986;
1986-07-27;GM366_ERC366;1986-07-27T00:00:00-03:00;27;7;1986;
1986-07-28;GM366_ERC366;1986-07-28T00:00:00-03:00;28;7;1986;5,00727272727273e-09
1986-07-29;GM366_ERC366;1986-07-29T00:00:00-03:00;29;7;1986;5,00727272727273e-09
1986-07-30;GM366_ERC366;1986-07-30T00:00:00-03:00;30;7;1986;5,00727272727273e-09
1986-07-31;GM366_ERC366;1986-07-31T00:00:00-03:00;31;7;1986;5,00727272727273e-09
1986-08-01;GM366_ERC366;1986-08-01T00:00:00-03:00;1;8;1986;5,00727272727273e-09
1986-08-02;GM366_ERC366;1986-08-02T00:00:00-03:00;2;8;1986;
1986-08-03;GM366_ERC366;1986-08-03T00:00:00-03:00;3;8;1986;
1986-08-04;GM366_ERC366;1986-08-04T00:00:00-03:00;4;8;1986;5,00727272727273e-09
1986-08-05;GM366_ERC366;1986-08-05T00:00:00-03:00;5;8;1986;5,00727272727273e-09
1986-08-06;GM366_ERC366;1986-08-06T00:00:00-03:00;6;8;1986;5,00727272727273e-09
1986-08-07;GM366_ERC366;1986-08-07T00:00:00-03:00;7;8;1986;5,00727272727273e-09
1986-08-08;GM366_ERC366;1986-08-08T00:00:00-03:00;8;8;1986;5,00727272727273e-09
1986-08-09;GM366_ERC366;1986-08-09T00:00:00-03:00;9;8;1986;
1986-08-10;GM366_ERC366;1986-08-10T00:00:00-03:00;10;8;1986;
1986-08-11;GM366_ERC366;1986-08-11T00:00:00-03:00;11;8;1986;5,00727272727273e-09
1986-08-12;GM366_ERC366;1986-08-12T00:00:00-03:00;12;8;1986;5,00727272727273e-09
1986-08-13;GM366_ERC366;1986-08-13T00:00:00-03:00;13;8;1986;5,00727272727273e-09
1986-08-14;GM366_ERC366;1986-08-14T00:00:00-03:00;14;8;1986;5,00727272727273e-09
1986-08-15;GM366_ERC366;1986-08-15T00:00:00-03:00;15;8;1986;5,00727272727273e-09
1986-08-16;GM366_ERC366;1986-08-16T00:00:00-03:00;16;8;1986;
1986-08-17;GM366_ERC366;1986-08-17T00:00:00-03:00;17;8;1986;
1986-08-18;GM366_ERC366;1986-08-18T00:00:00-03:00;18;8;1986;5,00727272727273e-09
1986-08-19;GM366_ERC366;1986-08-19T00:00:00-03:00;19;8;1986;5,00727272727273e-09
1986-08-20;GM366_ERC366;1986-08-20T00:00:00-03:00;20;8;1986;5,00727272727273e-09
1986-08-21;GM366_ERC366;1986-08-21T00:00:00-03:00;21;8;1986;5,00727272727273e-09
1986-08-22;GM366_ERC366;1986-08-22T00:00:00-03:00;22;8;1986;5,00727272727273e-09
1986-08-23;GM366_ERC366;1986-08-23T00:00:00-03:00;23;8;1986;
1986-08-24;GM366_ERC366;1986-08-24T00:00:00-03:00;24;8;1986;
1986-08-25;GM366_ERC366;1986-08-25T00:00:00-03:00;25;8;1986;5,00727272727273e-09
1986-08-26;GM366_ERC366;1986-08-26T00:00:00-03:00;26;8;1986;5,00727272727273e-09
1986-08-27;GM366_ERC366;1986-08-27T00:00:00-03:00;27;8;1986;5,00727272727273e-09
1986-08-28;GM366_ERC366;1986-08-28T00:00:00-03:00;28;8;1986;5,00727272727273e-09
1986-08-29;GM366_ERC366;1986-08-29T00:00:00-03:00;29;8;1986;5,00727272727273e-09
1986-08-30;GM366_ERC366;1986-08-30T00:00:00-03:00;30;8;1986;
1986-08-31;GM366_ERC366;1986-08-31T00:00:00-03:00;31;8;1986;
1986-09-01;GM366_ERC366;1986-09-01T00:00:00-03:00;1;9;1986;5,00727272727273e-09
1986-09-02;GM366_ERC366;1986-09-02T00:00:00-03:00;2;9;1986;5,00727272727273e-09
1986-09-03;GM366_ERC366;1986-09-03T00:00:00-03:00;3;9;1986;5,00727272727273e-09
1986-09-04;GM366_ERC366;1986-09-04T00:00:00-03:00;4;9;1986;5,00727272727273e-09
1986-09-05;GM366_ERC366;1986-09-05T00:00:00-03:00;5;9;1986;5,00727272727273e-09
1986-09-06;GM366_ERC366;1986-09-06T00:00:00-03:00;6;9;1986;
1986-09-07;GM366_ERC366;1986-09-07T00:00:00-03:00;7;9;1986;
1986-09-08;GM366_ERC366;1986-09-08T00:00:00-03:00;8;9;1986;5,00727272727273e-09
1986-09-09;GM366_ERC366;1986-09-09T00:00:00-03:00;9;9;1986;5,00727272727273e-09
1986-09-10;GM366_ERC366;1986-09-10T00:00:00-03:00;10;9;1986;5,00727272727273e-09
1986-09-11;GM366_ERC366;1986-09-11T00:00:00-03:00;11;9;1986;5,00727272727273e-09
1986-09-12;GM366_ERC366;1986-09-12T00:00:00-03:00;12;9;1986;5,00727272727273e-09
1986-09-13;GM366_ERC366;1986-09-13T00:00:00-03:00;13;9;1986;
1986-09-14;GM366_ERC366;1986-09-14T00:00:00-03:00;14;9;1986;
1986-09-15;GM366_ERC366;1986-09-15T00:00:00-03:00;15;9;1986;5,00727272727273e-09
1986-09-16;GM366_ERC366;1986-09-16T00:00:00-03:00;16;9;1986;5,00727272727273e-09
1986-09-17;GM366_ERC366;1986-09-17T00:00:00-03:00;17;9;1986;5,00727272727273e-09
1986-09-18;GM366_ERC366;1986-09-18T00:00:00-03:00;18;9;1986;5,00727272727273e-09
1986-09-19;GM366_ERC366;1986-09-19T00:00:00-03:00;19;9;1986;5,00727272727273e-09
1986-09-20;GM366_ERC366;1986-09-20T00:00:00-03:00;20;9;1986;
1986-09-21;GM366_ERC366;1986-09-21T00:00:00-03:00;21;9;1986;
1986-09-22;GM366_ERC366;1986-09-22T00:00:00-03:00;22;9;1986;5,00727272727273e-09
1986-09-23;GM366_ERC366;1986-09-23T00:00:00-03:00;23;9;1986;5,00727272727273e-09
1986-09-24;GM366_ERC366;1986-09-24T00:00:00-03:00;24;9;1986;5,00727272727273e-09
1986-09-25;GM366_ERC366;1986-09-25T00:00:00-03:00;25;9;1986;5,00727272727273e-09
1986-09-26;GM366_ERC366;1986-09-26T00:00:00-03:00;26;9;1986;5,00727272727273e-09
1986-09-27;GM366_ERC366;1986-09-27T00:00:00-03:00;27;9;1986;
1986-09-28;GM366_ERC366;1986-09-28T00:00:00-03:00;28;9;1986;
1986-09-29;GM366_ERC366;1986-09-29T00:00:00-03:00;29;9;1986;5,00727272727273e-09
1986-09-30;GM366_ERC366;1986-09-30T00:00:00-03:00;30;9;1986;5,00727272727273e-09
1986-10-01;GM366_ERC366;1986-10-01T00:00:00-03:00;1;10;1986;5,00727272727273e-09
1986-10-02;GM366_ERC366;1986-10-02T00:00:00-03:00;2;10;1986;5,00727272727273e-09
1986-10-03;GM366_ERC366;1986-10-03T00:00:00-03:00;3;10;1986;5,00727272727273e-09
1986-10-04;GM366_ERC366;1986-10-04T00:00:00-03:00;4;10;1986;
1986-10-05;GM366_ERC366;1986-10-05T00:00:00-03:00;5;10;1986;
1986-10-06;GM366_ERC366;1986-10-06T00:00:00-03:00;6;10;1986;5,00727272727273e-09
1986-10-07;GM366_ERC366;1986-10-07T00:00:00-03:00;7;10;1986;5,00727272727273e-09
1986-10-08;GM366_ERC366;1986-10-08T00:00:00-03:00;8;10;1986;5,00727272727273e-09
1986-10-09;GM366_ERC366;1986-10-09T00:00:00-03:00;9;10;1986;5,00727272727273e-09
1986-10-10;GM366_ERC366;1986-10-10T00:00:00-03:00;10;10;1986;5,00727272727273e-09
1986-10-11;GM366_ERC366;1986-10-11T00:00:00-03:00;11;10;1986;
1986-10-12;GM366_ERC366;1986-10-12T00:00:00-03:00;12;10;1986;
1986-10-13;GM366_ERC366;1986-10-13T00:00:00-03:00;13;10;1986;5,00727272727273e-09
1986-10-14;GM366_ERC366;1986-10-14T00:00:00-03:00;14;10;1986;5,00727272727273e-09
1986-10-15;GM366_ERC366;1986-10-15T00:00:00-03:00;15;10;1986;5,00727272727273e-09
1986-10-16;GM366_ERC366;1986-10-16T00:00:00-03:00;16;10;1986;5,09818181818182e-09
1986-10-17;GM366_ERC366;1986-10-17T00:00:00-03:00;17;10;1986;5,09818181818182e-09
1986-10-18;GM366_ERC366;1986-10-18T00:00:00-03:00;18;10;1986;
1986-10-19;GM366_ERC366;1986-10-19T00:00:00-03:00;19;10;1986;
1986-10-20;GM366_ERC366;1986-10-20T00:00:00-03:00;20;10;1986;5,09818181818182e-09
1986-10-21;GM366_ERC366;1986-10-21T00:00:00-03:00;21;10;1986;5,09818181818182e-09
1986-10-22;GM366_ERC366;1986-10-22T00:00:00-03:00;22;10;1986;5,09818181818182e-09
1986-10-23;GM366_ERC366;1986-10-23T00:00:00-03:00;23;10;1986;5,09818181818182e-09
1986-10-24;GM366_ERC366;1986-10-24T00:00:00-03:00;24;10;1986;5,09818181818182e-09
1986-10-25;GM366_ERC366;1986-10-25T00:00:00-03:00;25;10;1986;
1986-10-26;GM366_ERC366;1986-10-26T00:00:00-03:00;26;10;1986;
1986-10-27;GM366_ERC366;1986-10-27T00:00:00-03:00;27;10;1986;5,09818181818182e-09
1986-10-28;GM366_ERC366;1986-10-28T00:00:00-03:00;28;10;1986;5,09818181818182e-09
1986-10-29;GM366_ERC366;1986-10-29T00:00:00-03:00;29;10;1986;5,09818181818182e-09
1986-10-30;GM366_ERC366;1986-10-30T00:00:00-03:00;30;10;1986;5,09818181818182e-09
1986-10-31;GM366_ERC366;1986-10-31T00:00:00-03:00;31;10;1986;5,09818181818182e-09
1986-11-01;GM366_ERC366;1986-11-01T00:00:00-03:00;1;11;1986;
1986-11-02;GM366_ERC366;1986-11-02T00:00:00-03:00;2;11;1986;
1986-11-03;GM366_ERC366;1986-11-03T00:00:00-03:00;3;11;1986;5,09818181818182e-09
1986-11-04;GM366_ERC366;1986-11-04T00:00:00-03:00;4;11;1986;5,09818181818182e-09
1986-11-05;GM366_ERC366;1986-11-05T00:00:00-02:00;5;11;1986;5,09818181818182e-09
1986-11-06;GM366_ERC366;1986-11-06T00:00:00-02:00;6;11;1986;5,09818181818182e-09
1986-11-07;GM366_ERC366;1986-11-07T00:00:00-02:00;7;11;1986;5,09818181818182e-09
1986-11-08;GM366_ERC366;1986-11-08T00:00:00-02:00;8;11;1986;
1986-11-09;GM366_ERC366;1986-11-09T00:00:00-02:00;9;11;1986;
1986-11-10;GM366_ERC366;1986-11-10T00:00:00-02:00;10;11;1986;5,09818181818182e-09
1986-11-11;GM366_ERC366;1986-11-11T00:00:00-02:00;11;11;1986;5,09818181818182e-09
1986-11-12;GM366_ERC366;1986-11-12T00:00:00-02:00;12;11;1986;5,09818181818182e-09
1986-11-13;GM366_ERC366;1986-11-13T00:00:00-02:00;13;11;1986;5,09818181818182e-09
1986-11-14;GM366_ERC366;1986-11-14T00:00:00-02:00;14;11;1986;5,09818181818182e-09
1986-11-15;GM366_ERC366;1986-11-15T00:00:00-02:00;15;11;1986;
1986-11-16;GM366_ERC366;1986-11-16T00:00:00-02:00;16;11;1986;
1986-11-17;GM366_ERC366;1986-11-17T00:00:00-02:00;17;11;1986;5,09818181818182e-09
1986-11-18;GM366_ERC366;1986-11-18T00:00:00-02:00;18;11;1986;5,09818181818182e-09
1986-11-19;GM366_ERC366;1986-11-19T00:00:00-02:00;19;11;1986;5,09818181818182e-09
1986-11-20;GM366_ERC366;1986-11-20T00:00:00-02:00;20;11;1986;5,09818181818182e-09
1986-11-21;GM366_ERC366;1986-11-21T00:00:00-02:00;21;11;1986;5,09818181818182e-09
1986-11-22;GM366_ERC366;1986-11-22T00:00:00-02:00;22;11;1986;
1986-11-23;GM366_ERC366;1986-11-23T00:00:00-02:00;23;11;1986;
1986-11-24;GM366_ERC366;1986-11-24T00:00:00-02:00;24;11;1986;5,11127272727273e-09
1986-11-25;GM366_ERC366;1986-11-25T00:00:00-02:00;25;11;1986;5,11709090909091e-09
1986-11-26;GM366_ERC366;1986-11-26T00:00:00-02:00;26;11;1986;5,12327272727273e-09
1986-11-27;GM366_ERC366;1986-11-27T00:00:00-02:00;27;11;1986;5,12981818181818e-09
1986-11-28;GM366_ERC366;1986-11-28T00:00:00-02:00;28;11;1986;5,13636363636364e-09
1986-11-29;GM366_ERC366;1986-11-29T00:00:00-02:00;29;11;1986;
1986-11-30;GM366_ERC366;1986-11-30T00:00:00-02:00;30;11;1986;
1986-12-01;GM366_ERC366;1986-12-01T00:00:00-02:00;1;12;1986;5,14363636363636e-09
1986-12-02;GM366_ERC366;1986-12-02T00:00:00-02:00;2;12;1986;5,15345454545455e-09
1986-12-03;GM366_ERC366;1986-12-03T00:00:00-02:00;3;12;1986;5,16654545454546e-09
1986-12-04;GM366_ERC366;1986-12-04T00:00:00-02:00;4;12;1986;5,17781818181818e-09
1986-12-05;GM366_ERC366;1986-12-05T00:00:00-02:00;5;12;1986;5,18872727272727e-09
1986-12-06;GM366_ERC366;1986-12-06T00:00:00-02:00;6;12;1986;
1986-12-07;GM366_ERC366;1986-12-07T00:00:00-02:00;7;12;1986;
1986-12-08;GM366_ERC366;1986-12-08T00:00:00-02:00;8;12;1986;5,2e-09
1986-12-09;GM366_ERC366;1986-12-09T00:00:00-02:00;9;12;1986;5,21163636363636e-09
1986-12-10;GM366_ERC366;1986-12-10T00:00:00-02:00;10;12;1986;5,22436363636364e-09
1986-12-11;GM366_ERC366;1986-12-11T00:00:00-02:00;11;12;1986;5,23709090909091e-09
1986-12-12;GM366_ERC366;1986-12-12T00:00:00-02:00;12;12;1986;5,24945454545455e-09
1986-12-13;GM366_ERC366;1986-12-13T00:00:00-02:00;13;12;1986;
1986-12-14;GM366_ERC366;1986-12-14T00:00:00-02:00;14;12;1986;
1986-12-15;GM366_ERC366;1986-12-15T00:00:00-02:00;15;12;1986;5,26181818181818e-09
1986-12-16;GM366_ERC366;1986-12-16T00:00:00-02:00;16;12;1986;5,27418181818182e-09
1986-12-17;GM366_ERC366;1986-12-17T00:00:00-02:00;17;12;1986;5,28654545454545e-09
1986-12-18;GM366_ERC366;1986-12-18T00:00:00-02:00;18;12;1986;5,29890909090909e-09
1986-12-19;GM366_ERC366;1986-12-19T00:00:00-02:00;19;12;1986;5,31163636363636e-09
1986-12-20;GM366_ERC366;1986-12-20T00:00:00-02:00;20;12;1986;
1986-12-21;GM366_ERC366;1986-12-21T00:00:00-02:00;21;12;1986;
1986-12-22;GM366_ERC366;1986-12-22T00:00:00-02:00;22;12;1986;5,32436363636364e-09
1986-12-23;GM366_ERC366;1986-12-23T00:00:00-02:00;23;12;1986;5,33709090909091e-09
1986-12-24;GM366_ERC366;1986-12-24T00:00:00-02:00;24;12;1986;5,35018181818182e-09
1986-12-25;GM366_ERC366;1986-12-25T00:00:00-02:00;25;12;1986;
1986-12-26;GM366_ERC366;1986-12-26T00:00:00-02:00;26;12;1986;5,36327272727273e-09
1986-12-27;GM366_ERC366;1986-12-27T00:00:00-02:00;27;12;1986;
1986-12-28;GM366_ERC366;1986-12-28T00:00:00-02:00;28;12;1986;
1986-12-29;GM366_ERC366;1986-12-29T00:00:00-02:00;29;12;1986;5,37636363636364e-09
1986-12-30;GM366_ERC366;1986-12-30T00:00:00-02:00;30;12;1986;5,38945454545455e-09
1986-12-31;GM366_ERC366;1986-12-31T00:00:00-02:00;31;12;1986;
1987-01-01;GM366_ERC366;1987-01-01T00:00:00-02:00;1;1;1987;
1987-01-02;GM366_ERC366;1987-01-02T00:00:00-02:00;2;1;1987;5,42436363636364e-09
1987-01-03;GM366_ERC366;1987-01-03T00:00:00-02:00;3;1;1987;
1987-01-04;GM366_ERC366;1987-01-04T00:00:00-02:00;4;1;1987;
1987-01-05;GM366_ERC366;1987-01-05T00:00:00-02:00;5;1;1987;5,44072727272727e-09
1987-01-06;GM366_ERC366;1987-01-06T00:00:00-02:00;6;1;1987;5,46327272727273e-09
1987-01-07;GM366_ERC366;1987-01-07T00:00:00-02:00;7;1;1987;5,48545454545455e-09
1987-01-08;GM366_ERC366;1987-01-08T00:00:00-02:00;8;1;1987;5,50763636363636e-09
1987-01-09;GM366_ERC366;1987-01-09T00:00:00-02:00;9;1;1987;5,52981818181818e-09
1987-01-10;GM366_ERC366;1987-01-10T00:00:00-02:00;10;1;1987;
1987-01-11;GM366_ERC366;1987-01-11T00:00:00-02:00;11;1;1987;
1987-01-12;GM366_ERC366;1987-01-12T00:00:00-02:00;12;1;1987;5,55745454545455e-09
1987-01-13;GM366_ERC366;1987-01-13T00:00:00-02:00;13;1;1987;5,58509090909091e-09
1987-01-14;GM366_ERC366;1987-01-14T00:00:00-02:00;14;1;1987;5,61272727272727e-09
1987-01-15;GM366_ERC366;1987-01-15T00:00:00-02:00;15;1;1987;5,64036363636364e-09
1987-01-16;GM366_ERC366;1987-01-16T00:00:00-02:00;16;1;1987;5,66909090909091e-09
1987-01-17;GM366_ERC366;1987-01-17T00:00:00-02:00;17;1;1987;
1987-01-18;GM366_ERC366;1987-01-18T00:00:00-02:00;18;1;1987;
1987-01-19;GM366_ERC366;1987-01-19T00:00:00-02:00;19;1;1987;5,69818181818182e-09
1987-01-20;GM366_ERC366;1987-01-20T00:00:00-02:00;20;1;1987;5,72727272727273e-09
1987-01-21;GM366_ERC366;1987-01-21T00:00:00-02:00;21;1;1987;5,75672727272727e-09
1987-01-22;GM366_ERC366;1987-01-22T00:00:00-02:00;22;1;1987;5,78618181818182e-09
1987-01-23;GM366_ERC366;1987-01-23T00:00:00-02:00;23;1;1987;5,816e-09
1987-01-24;GM366_ERC366;1987-01-24T00:00:00-02:00;24;1;1987;
1987-01-25;GM366_ERC366;1987-01-25T00:00:00-02:00;25;1;1987;
1987-01-26;GM366_ERC366;1987-01-26T00:00:00-02:00;26;1;1987;5,84909090909091e-09
1987-01-27;GM366_ERC366;1987-01-27T00:00:00-02:00;27;1;1987;5,88254545454545e-09
1987-01-28;GM366_ERC366;1987-01-28T00:00:00-02:00;28;1;1987;5,916e-09
1987-01-29;GM366_ERC366;1987-01-29T00:00:00-02:00;29;1;1987;5,94981818181818e-09
1987-01-30;GM366_ERC366;1987-01-30T00:00:00-02:00;30;1;1987;5,98363636363636e-09
1987-01-31;GM366_ERC366;1987-01-31T00:00:00-02:00;31;1;1987;
1987-02-01;GM366_ERC366;1987-02-01T00:00:00-02:00;1;2;1987;
1987-02-02;GM366_ERC366;1987-02-02T00:00:00-02:00;2;2;1987;6,01781818181818e-09
1987-02-03;GM366_ERC366;1987-02-03T00:00:00-02:00;3;2;1987;6,064e-09
1987-02-04;GM366_ERC366;1987-02-04T00:00:00-02:00;4;2;1987;6,11054545454545e-09
1987-02-05;GM366_ERC366;1987-02-05T00:00:00-02:00;5;2;1987;6,15745454545455e-09
1987-02-06;GM366_ERC366;1987-02-06T00:00:00-02:00;6;2;1987;6,20472727272727e-09
1987-02-07;GM366_ERC366;1987-02-07T00:00:00-02:00;7;2;1987;
1987-02-08;GM366_ERC366;1987-02-08T00:00:00-02:00;8;2;1987;
1987-02-09;GM366_ERC366;1987-02-09T00:00:00-02:00;9;2;1987;6,25563636363636e-09
1987-02-10;GM366_ERC366;1987-02-10T00:00:00-02:00;10;2;1987;6,31563636363636e-09
1987-02-11;GM366_ERC366;1987-02-11T00:00:00-02:00;11;2;1987;6,37890909090909e-09
1987-02-12;GM366_ERC366;1987-02-12T00:00:00-02:00;12;2;1987;6,44254545454545e-09
1987-02-13;GM366_ERC366;1987-02-13T00:00:00-02:00;13;2;1987;6,50763636363636e-09
1987-02-14;GM366_ERC366;1987-02-14T00:00:00-02:00;14;2;1987;
1987-02-15;GM366_ERC366;1987-02-15T00:00:00-03:00;15;2;1987;
1987-02-16;GM366_ERC366;1987-02-16T00:00:00-03:00;16;2;1987;6,57381818181818e-09
1987-02-17;GM366_ERC366;1987-02-17T00:00:00-03:00;17;2;1987;6,64072727272727e-09
1987-02-18;GM366_ERC366;1987-02-18T00:00:00-03:00;18;2;1987;6,708e-09
1987-02-19;GM366_ERC366;1987-02-19T00:00:00-03:00;19;2;1987;6,77636363636364e-09
1987-02-20;GM366_ERC366;1987-02-20T00:00:00-03:00;20;2;1987;6,84545454545455e-09
1987-02-21;GM366_ERC366;1987-02-21T00:00:00-03:00;21;2;1987;
1987-02-22;GM366_ERC366;1987-02-22T00:00:00-03:00;22;2;1987;
1987-02-23;GM366_ERC366;1987-02-23T00:00:00-03:00;23;2;1987;6,91527272727273e-09
1987-02-24;GM366_ERC366;1987-02-24T00:00:00-03:00;24;2;1987;6,98581818181818e-09
1987-02-25;GM366_ERC366;1987-02-25T00:00:00-03:00;25;2;1987;7,05709090909091e-09
1987-02-26;GM366_ERC366;1987-02-26T00:00:00-03:00;26;2;1987;7,12e-09
1987-02-27;GM366_ERC366;1987-02-27T00:00:00-03:00;27;2;1987;7,16254545454545e-09
1987-02-28;GM366_ERC366;1987-02-28T00:00:00-03:00;28;2;1987;
1987-03-01;GM366_ERC366;1987-03-01T00:00:00-03:00;1;3;1987;
1987-03-02;GM366_ERC366;1987-03-02T00:00:00-03:00;2;3;1987;
1987-03-03;GM366_ERC366;1987-03-03T00:00:00-03:00;3;3;1987;
1987-03-04;GM366_ERC366;1987-03-04T00:00:00-03:00;4;3;1987;7,20109090909091e-09
1987-03-05;GM366_ERC366;1987-03-05T00:00:00-03:00;5;3;1987;7,24072727272727e-09
1987-03-06;GM366_ERC366;1987-03-06T00:00:00-03:00;6;3;1987;7,28072727272727e-09
1987-03-07;GM366_ERC366;1987-03-07T00:00:00-03:00;7;3;1987;
1987-03-08;GM366_ERC366;1987-03-08T00:00:00-03:00;8;3;1987;
1987-03-09;GM366_ERC366;1987-03-09T00:00:00-03:00;9;3;1987;7,32618181818182e-09
1987-03-10;GM366_ERC366;1987-03-10T00:00:00-03:00;10;3;1987;7,37163636363636e-09
1987-03-11;GM366_ERC366;1987-03-11T00:00:00-03:00;11;3;1987;7,41781818181818e-09
1987-03-12;GM366_ERC366;1987-03-12T00:00:00-03:00;12;3;1987;7,464e-09
1987-03-13;GM366_ERC366;1987-03-13T00:00:00-03:00;13;3;1987;7,50036363636364e-09
1987-03-14;GM366_ERC366;1987-03-14T00:00:00-03:00;14;3;1987;
1987-03-15;GM366_ERC366;1987-03-15T00:00:00-03:00;15;3;1987;
1987-03-16;GM366_ERC366;1987-03-16T00:00:00-03:00;16;3;1987;7,53054545454545e-09
1987-03-17;GM366_ERC366;1987-03-17T00:00:00-03:00;17;3;1987;7,57236363636364e-09
1987-03-18;GM366_ERC366;1987-03-18T00:00:00-03:00;18;3;1987;7,61454545454546e-09
1987-03-19;GM366_ERC366;1987-03-19T00:00:00-03:00;19;3;1987;7,65636363636364e-09
1987-03-20;GM366_ERC366;1987-03-20T00:00:00-03:00;20;3;1987;7,69927272727273e-09
1987-03-21;GM366_ERC366;1987-03-21T00:00:00-03:00;21;3;1987;
1987-03-22;GM366_ERC366;1987-03-22T00:00:00-03:00;22;3;1987;
1987-03-23;GM366_ERC366;1987-03-23T00:00:00-03:00;23;3;1987;7,74290909090909e-09
1987-03-24;GM366_ERC366;1987-03-24T00:00:00-03:00;24;3;1987;7,78690909090909e-09
1987-03-25;GM366_ERC366;1987-03-25T00:00:00-03:00;25;3;1987;7,83127272727273e-09
1987-03-26;GM366_ERC366;1987-03-26T00:00:00-03:00;26;3;1987;7,876e-09
1987-03-27;GM366_ERC366;1987-03-27T00:00:00-03:00;27;3;1987;7,92109090909091e-09
1987-03-28;GM366_ERC366;1987-03-28T00:00:00-03:00;28;3;1987;
1987-03-29;GM366_ERC366;1987-03-29T00:00:00-03:00;29;3;1987;
1987-03-30;GM366_ERC366;1987-03-30T00:00:00-03:00;30;3;1987;7,96654545454545e-09
1987-03-31;GM366_ERC366;1987-03-31T00:00:00-03:00;31;3;1987;8,01236363636364e-09
1987-04-01;GM366_ERC366;1987-04-01T00:00:00-03:00;1;4;1987;8,05818181818182e-09
1987-04-02;GM366_ERC366;1987-04-02T00:00:00-03:00;2;4;1987;8,10436363636364e-09
1987-04-03;GM366_ERC366;1987-04-03T00:00:00-03:00;3;4;1987;8,15090909090909e-09
1987-04-04;GM366_ERC366;1987-04-04T00:00:00-03:00;4;4;1987;
1987-04-05;GM366_ERC366;1987-04-05T00:00:00-03:00;5;4;1987;
1987-04-06;GM366_ERC366;1987-04-06T00:00:00-03:00;6;4;1987;8,19745454545455e-09
1987-04-07;GM366_ERC366;1987-04-07T00:00:00-03:00;7;4;1987;8,25090909090909e-09
1987-04-08;GM366_ERC366;1987-04-08T00:00:00-03:00;8;4;1987;8,30545454545455e-09
1987-04-09;GM366_ERC366;1987-04-09T00:00:00-03:00;9;4;1987;8,36036363636364e-09
1987-04-10;GM366_ERC366;1987-04-10T00:00:00-03:00;10;4;1987;8,42436363636364e-09
1987-04-11;GM366_ERC366;1987-04-11T00:00:00-03:00;11;4;1987;
1987-04-12;GM366_ERC366;1987-04-12T00:00:00-03:00;12;4;1987;
1987-04-13;GM366_ERC366;1987-04-13T00:00:00-03:00;13;4;1987;8,48909090909091e-09
1987-04-14;GM366_ERC366;1987-04-14T00:00:00-03:00;14;4;1987;8,55345454545455e-09
1987-04-15;GM366_ERC366;1987-04-15T00:00:00-03:00;15;4;1987;8,61854545454545e-09
1987-04-16;GM366_ERC366;1987-04-16T00:00:00-03:00;16;4;1987;
1987-04-17;GM366_ERC366;1987-04-17T00:00:00-03:00;17;4;1987;
1987-04-18;GM366_ERC366;1987-04-18T00:00:00-03:00;18;4;1987;
1987-04-19;GM366_ERC366;1987-04-19T00:00:00-03:00;19;4;1987;
1987-04-20;GM366_ERC366;1987-04-20T00:00:00-03:00;20;4;1987;
1987-04-21;GM366_ERC366;1987-04-21T00:00:00-03:00;21;4;1987;8,68472727272727e-09
1987-04-22;GM366_ERC366;1987-04-22T00:00:00-03:00;22;4;1987;8,75236363636364e-09
1987-04-23;GM366_ERC366;1987-04-23T00:00:00-03:00;23;4;1987;8,82072727272727e-09
1987-04-24;GM366_ERC366;1987-04-24T00:00:00-03:00;24;4;1987;8,88981818181818e-09
1987-04-25;GM366_ERC366;1987-04-25T00:00:00-03:00;25;4;1987;
1987-04-26;GM366_ERC366;1987-04-26T00:00:00-03:00;26;4;1987;
1987-04-27;GM366_ERC366;1987-04-27T00:00:00-03:00;27;4;1987;8,95927272727273e-09
1987-04-28;GM366_ERC366;1987-04-28T00:00:00-03:00;28;4;1987;9,03527272727273e-09
1987-04-29;GM366_ERC366;1987-04-29T00:00:00-03:00;29;4;1987;9,11854545454546e-09
1987-04-30;GM366_ERC366;1987-04-30T00:00:00-03:00;30;4;1987;9,20254545454545e-09
1987-05-01;GM366_ERC366;1987-05-01T00:00:00-03:00;1;5;1987;
1987-05-02;GM366_ERC366;1987-05-02T00:00:00-03:00;2;5;1987;
1987-05-03;GM366_ERC366;1987-05-03T00:00:00-03:00;3;5;1987;
1987-05-04;GM366_ERC366;1987-05-04T00:00:00-03:00;4;5;1987;9,98363636363636e-09
1987-05-05;GM366_ERC366;1987-05-05T00:00:00-03:00;5;5;1987;1,00763636363636e-08
1987-05-06;GM366_ERC366;1987-05-06T00:00:00-03:00;6;5;1987;1,01705454545455e-08
1987-05-07;GM366_ERC366;1987-05-07T00:00:00-03:00;7;5;1987;1,02661818181818e-08
1987-05-08;GM366_ERC366;1987-05-08T00:00:00-03:00;8;5;1987;1,03956363636364e-08
1987-05-09;GM366_ERC366;1987-05-09T00:00:00-03:00;9;5;1987;
1987-05-10;GM366_ERC366;1987-05-10T00:00:00-03:00;10;5;1987;
1987-05-11;GM366_ERC366;1987-05-11T00:00:00-03:00;11;5;1987;1,05229090909091e-08
1987-05-12;GM366_ERC366;1987-05-12T00:00:00-03:00;12;5;1987;1,06803636363636e-08
1987-05-13;GM366_ERC366;1987-05-13T00:00:00-03:00;13;5;1987;1,08407272727273e-08
1987-05-14;GM366_ERC366;1987-05-14T00:00:00-03:00;14;5;1987;1,10043636363636e-08
1987-05-15;GM366_ERC366;1987-05-15T00:00:00-03:00;15;5;1987;1,11709090909091e-08
1987-05-16;GM366_ERC366;1987-05-16T00:00:00-03:00;16;5;1987;
1987-05-17;GM366_ERC366;1987-05-17T00:00:00-03:00;17;5;1987;
1987-05-18;GM366_ERC366;1987-05-18T00:00:00-03:00;18;5;1987;1,12712727272727e-08
1987-05-19;GM366_ERC366;1987-05-19T00:00:00-03:00;19;5;1987;1,13738181818182e-08
1987-05-20;GM366_ERC366;1987-05-20T00:00:00-03:00;20;5;1987;1,14781818181818e-08
1987-05-21;GM366_ERC366;1987-05-21T00:00:00-03:00;21;5;1987;1,15843636363636e-08
1987-05-22;GM366_ERC366;1987-05-22T00:00:00-03:00;22;5;1987;1,16927272727273e-08
1987-05-23;GM366_ERC366;1987-05-23T00:00:00-03:00;23;5;1987;
1987-05-24;GM366_ERC366;1987-05-24T00:00:00-03:00;24;5;1987;
1987-05-25;GM366_ERC366;1987-05-25T00:00:00-03:00;25;5;1987;1,18050909090909e-08
1987-05-26;GM366_ERC366;1987-05-26T00:00:00-03:00;26;5;1987;1,19214545454545e-08
1987-05-27;GM366_ERC366;1987-05-27T00:00:00-03:00;27;5;1987;1,20461818181818e-08
1987-05-28;GM366_ERC366;1987-05-28T00:00:00-03:00;28;5;1987;1,21727272727273e-08
1987-05-29;GM366_ERC366;1987-05-29T00:00:00-03:00;29;5;1987;1,23007272727273e-08
1987-05-30;GM366_ERC366;1987-05-30T00:00:00-03:00;30;5;1987;
1987-05-31;GM366_ERC366;1987-05-31T00:00:00-03:00;31;5;1987;
1987-06-01;GM366_ERC366;1987-06-01T00:00:00-03:00;1;6;1987;1,24312727272727e-08
1987-06-02;GM366_ERC366;1987-06-02T00:00:00-03:00;2;6;1987;1,25629090909091e-08
1987-06-03;GM366_ERC366;1987-06-03T00:00:00-03:00;3;6;1987;1,26952727272727e-08
1987-06-04;GM366_ERC366;1987-06-04T00:00:00-03:00;4;6;1987;1,28287272727273e-08
1987-06-05;GM366_ERC366;1987-06-05T00:00:00-03:00;5;6;1987;1,29632727272727e-08
1987-06-06;GM366_ERC366;1987-06-06T00:00:00-03:00;6;6;1987;
1987-06-07;GM366_ERC366;1987-06-07T00:00:00-03:00;7;6;1987;
1987-06-08;GM366_ERC366;1987-06-08T00:00:00-03:00;8;6;1987;1,30992727272727e-08
1987-06-09;GM366_ERC366;1987-06-09T00:00:00-03:00;9;6;1987;1,32367272727273e-08
1987-06-10;GM366_ERC366;1987-06-10T00:00:00-03:00;10;6;1987;1,33749090909091e-08
1987-06-11;GM366_ERC366;1987-06-11T00:00:00-03:00;11;6;1987;1,35134545454545e-08
1987-06-12;GM366_ERC366;1987-06-12T00:00:00-03:00;12;6;1987;1,36516363636364e-08
1987-06-13;GM366_ERC366;1987-06-13T00:00:00-03:00;13;6;1987;
1987-06-14;GM366_ERC366;1987-06-14T00:00:00-03:00;14;6;1987;
1987-06-15;GM366_ERC366;1987-06-15T00:00:00-03:00;15;6;1987;
1987-06-16;GM366_ERC366;1987-06-16T00:00:00-03:00;16;6;1987;1,50938181818182e-08
1987-06-17;GM366_ERC366;1987-06-17T00:00:00-03:00;17;6;1987;1,51541818181818e-08
1987-06-18;GM366_ERC366;1987-06-18T00:00:00-03:00;18;6;1987;1,52134545454545e-08
1987-06-19;GM366_ERC366;1987-06-19T00:00:00-03:00;19;6;1987;1,52727272727273e-08
1987-06-20;GM366_ERC366;1987-06-20T00:00:00-03:00;20;6;1987;
1987-06-21;GM366_ERC366;1987-06-21T00:00:00-03:00;21;6;1987;
1987-06-22;GM366_ERC366;1987-06-22T00:00:00-03:00;22;6;1987;1,53323636363636e-08
1987-06-23;GM366_ERC366;1987-06-23T00:00:00-03:00;23;6;1987;1,5392e-08
1987-06-24;GM366_ERC366;1987-06-24T00:00:00-03:00;24;6;1987;1,5452e-08
1987-06-25;GM366_ERC366;1987-06-25T00:00:00-03:00;25;6;1987;1,55123636363636e-08
1987-06-26;GM366_ERC366;1987-06-26T00:00:00-03:00;26;6;1987;1,55727272727273e-08
1987-06-27;GM366_ERC366;1987-06-27T00:00:00-03:00;27;6;1987;
1987-06-28;GM366_ERC366;1987-06-28T00:00:00-03:00;28;6;1987;
1987-06-29;GM366_ERC366;1987-06-29T00:00:00-03:00;29;6;1987;1,56334545454545e-08
1987-06-30;GM366_ERC366;1987-06-30T00:00:00-03:00;30;6;1987;1,56945454545455e-08
1987-07-01;GM366_ERC366;1987-07-01T00:00:00-03:00;1;7;1987;1,57556363636364e-08
1987-07-02;GM366_ERC366;1987-07-02T00:00:00-03:00;2;7;1987;1,58109090909091e-08
1987-07-03;GM366_ERC366;1987-07-03T00:00:00-03:00;3;7;1987;1,58661818181818e-08
1987-07-04;GM366_ERC366;1987-07-04T00:00:00-03:00;4;7;1987;
1987-07-05;GM366_ERC366;1987-07-05T00:00:00-03:00;5;7;1987;
1987-07-06;GM366_ERC366;1987-07-06T00:00:00-03:00;6;7;1987;1,59218181818182e-08
1987-07-07;GM366_ERC366;1987-07-07T00:00:00-03:00;7;7;1987;1,59774545454545e-08
1987-07-08;GM366_ERC366;1987-07-08T00:00:00-03:00;8;7;1987;1,60287272727273e-08
1987-07-09;GM366_ERC366;1987-07-09T00:00:00-03:00;9;7;1987;1,60767272727273e-08
1987-07-10;GM366_ERC366;1987-07-10T00:00:00-03:00;10;7;1987;1,61250909090909e-08
1987-07-11;GM366_ERC366;1987-07-11T00:00:00-03:00;11;7;1987;
1987-07-12;GM366_ERC366;1987-07-12T00:00:00-03:00;12;7;1987;
1987-07-13;GM366_ERC366;1987-07-13T00:00:00-03:00;13;7;1987;1,61701818181818e-08
1987-07-14;GM366_ERC366;1987-07-14T00:00:00-03:00;14;7;1987;1,62123636363636e-08
1987-07-15;GM366_ERC366;1987-07-15T00:00:00-03:00;15;7;1987;1,62527272727273e-08
1987-07-16;GM366_ERC366;1987-07-16T00:00:00-03:00;16;7;1987;1,62927272727273e-08
1987-07-17;GM366_ERC366;1987-07-17T00:00:00-03:00;17;7;1987;1,63301818181818e-08
1987-07-18;GM366_ERC366;1987-07-18T00:00:00-03:00;18;7;1987;
1987-07-19;GM366_ERC366;1987-07-19T00:00:00-03:00;19;7;1987;
1987-07-20;GM366_ERC366;1987-07-20T00:00:00-03:00;20;7;1987;1,63669090909091e-08
1987-07-21;GM366_ERC366;1987-07-21T00:00:00-03:00;21;7;1987;1,64036363636364e-08
1987-07-22;GM366_ERC366;1987-07-22T00:00:00-03:00;22;7;1987;1,64363636363636e-08
1987-07-23;GM366_ERC366;1987-07-23T00:00:00-03:00;23;7;1987;1,64669090909091e-08
1987-07-24;GM366_ERC366;1987-07-24T00:00:00-03:00;24;7;1987;1,64981818181818e-08
1987-07-25;GM366_ERC366;1987-07-25T00:00:00-03:00;25;7;1987;
1987-07-26;GM366_ERC366;1987-07-26T00:00:00-03:00;26;7;1987;
1987-07-27;GM366_ERC366;1987-07-27T00:00:00-03:00;27;7;1987;1,65294545454545e-08
1987-07-28;GM366_ERC366;1987-07-28T00:00:00-03:00;28;7;1987;1,65585454545455e-08
1987-07-29;GM366_ERC366;1987-07-29T00:00:00-03:00;29;7;1987;1,65898181818182e-08
1987-07-30;GM366_ERC366;1987-07-30T00:00:00-03:00;30;7;1987;1,66192727272727e-08
1987-07-31;GM366_ERC366;1987-07-31T00:00:00-03:00;31;7;1987;1,66516363636364e-08
1987-08-01;GM366_ERC366;1987-08-01T00:00:00-03:00;1;8;1987;
1987-08-02;GM366_ERC366;1987-08-02T00:00:00-03:00;2;8;1987;
1987-08-03;GM366_ERC366;1987-08-03T00:00:00-03:00;3;8;1987;1,66832727272727e-08
1987-08-04;GM366_ERC366;1987-08-04T00:00:00-03:00;4;8;1987;1,67149090909091e-08
1987-08-05;GM366_ERC366;1987-08-05T00:00:00-03:00;5;8;1987;1,67469090909091e-08
1987-08-06;GM366_ERC366;1987-08-06T00:00:00-03:00;6;8;1987;1,67785454545455e-08
1987-08-07;GM366_ERC366;1987-08-07T00:00:00-03:00;7;8;1987;1,68105454545455e-08
1987-08-08;GM366_ERC366;1987-08-08T00:00:00-03:00;8;8;1987;
1987-08-09;GM366_ERC366;1987-08-09T00:00:00-03:00;9;8;1987;
1987-08-10;GM366_ERC366;1987-08-10T00:00:00-03:00;10;8;1987;1,68421818181818e-08
1987-08-11;GM366_ERC366;1987-08-11T00:00:00-03:00;11;8;1987;1,68741818181818e-08
1987-08-12;GM366_ERC366;1987-08-12T00:00:00-03:00;12;8;1987;1,69065454545455e-08
1987-08-13;GM366_ERC366;1987-08-13T00:00:00-03:00;13;8;1987;1,69418181818182e-08
1987-08-14;GM366_ERC366;1987-08-14T00:00:00-03:00;14;8;1987;1,69810909090909e-08
1987-08-15;GM366_ERC366;1987-08-15T00:00:00-03:00;15;8;1987;
1987-08-16;GM366_ERC366;1987-08-16T00:00:00-03:00;16;8;1987;
1987-08-17;GM366_ERC366;1987-08-17T00:00:00-03:00;17;8;1987;1,70232727272727e-08
1987-08-18;GM366_ERC366;1987-08-18T00:00:00-03:00;18;8;1987;1,70687272727273e-08
1987-08-19;GM366_ERC366;1987-08-19T00:00:00-03:00;19;8;1987;1,71145454545455e-08
1987-08-20;GM366_ERC366;1987-08-20T00:00:00-03:00;20;8;1987;1,71603636363636e-08
1987-08-21;GM366_ERC366;1987-08-21T00:00:00-03:00;21;8;1987;1,7208e-08
1987-08-22;GM366_ERC366;1987-08-22T00:00:00-03:00;22;8;1987;
1987-08-23;GM366_ERC366;1987-08-23T00:00:00-03:00;23;8;1987;
1987-08-24;GM366_ERC366;1987-08-24T00:00:00-03:00;24;8;1987;1,7256e-08
1987-08-25;GM366_ERC366;1987-08-25T00:00:00-03:00;25;8;1987;1,7304e-08
1987-08-26;GM366_ERC366;1987-08-26T00:00:00-03:00;26;8;1987;1,7352e-08
1987-08-27;GM366_ERC366;1987-08-27T00:00:00-03:00;27;8;1987;1,74003636363636e-08
1987-08-28;GM366_ERC366;1987-08-28T00:00:00-03:00;28;8;1987;1,74487272727273e-08
1987-08-29;GM366_ERC366;1987-08-29T00:00:00-03:00;29;8;1987;
1987-08-30;GM366_ERC366;1987-08-30T00:00:00-03:00;30;8;1987;
1987-08-31;GM366_ERC366;1987-08-31T00:00:00-03:00;31;8;1987;1,74970909090909e-08
1987-09-01;GM366_ERC366;1987-09-01T00:00:00-03:00;1;9;1987;1,75458181818182e-08
1987-09-02;GM366_ERC366;1987-09-02T00:00:00-03:00;2;9;1987;1,75945454545455e-08
1987-09-03;GM366_ERC366;1987-09-03T00:00:00-03:00;3;9;1987;1,76432727272727e-08
1987-09-04;GM366_ERC366;1987-09-04T00:00:00-03:00;4;9;1987;1,76927272727273e-08
1987-09-05;GM366_ERC366;1987-09-05T00:00:00-03:00;5;9;1987;
1987-09-06;GM366_ERC366;1987-09-06T00:00:00-03:00;6;9;1987;
1987-09-07;GM366_ERC366;1987-09-07T00:00:00-03:00;7;9;1987;
1987-09-08;GM366_ERC366;1987-09-08T00:00:00-03:00;8;9;1987;1,77418181818182e-08
1987-09-09;GM366_ERC366;1987-09-09T00:00:00-03:00;9;9;1987;1,77909090909091e-08
1987-09-10;GM366_ERC366;1987-09-10T00:00:00-03:00;10;9;1987;1,78407272727273e-08
1987-09-11;GM366_ERC366;1987-09-11T00:00:00-03:00;11;9;1987;1,78901818181818e-08
1987-09-12;GM366_ERC366;1987-09-12T00:00:00-03:00;12;9;1987;
1987-09-13;GM366_ERC366;1987-09-13T00:00:00-03:00;13;9;1987;
1987-09-14;GM366_ERC366;1987-09-14T00:00:00-03:00;14;9;1987;1,79396363636364e-08
1987-09-15;GM366_ERC366;1987-09-15T00:00:00-03:00;15;9;1987;1,79898181818182e-08
1987-09-16;GM366_ERC366;1987-09-16T00:00:00-03:00;16;9;1987;1,80396363636364e-08
1987-09-17;GM366_ERC366;1987-09-17T00:00:00-03:00;17;9;1987;1,80898181818182e-08
1987-09-18;GM366_ERC366;1987-09-18T00:00:00-03:00;18;9;1987;1,81403636363636e-08
1987-09-19;GM366_ERC366;1987-09-19T00:00:00-03:00;19;9;1987;
1987-09-20;GM366_ERC366;1987-09-20T00:00:00-03:00;20;9;1987;
1987-09-21;GM366_ERC366;1987-09-21T00:00:00-03:00;21;9;1987;1,81905454545455e-08
1987-09-22;GM366_ERC366;1987-09-22T00:00:00-03:00;22;9;1987;1,82410909090909e-08
1987-09-23;GM366_ERC366;1987-09-23T00:00:00-03:00;23;9;1987;1,82916363636364e-08
1987-09-24;GM366_ERC366;1987-09-24T00:00:00-03:00;24;9;1987;1,83425454545455e-08
1987-09-25;GM366_ERC366;1987-09-25T00:00:00-03:00;25;9;1987;1,83934545454545e-08
1987-09-26;GM366_ERC366;1987-09-26T00:00:00-03:00;26;9;1987;
1987-09-27;GM366_ERC366;1987-09-27T00:00:00-03:00;27;9;1987;
1987-09-28;GM366_ERC366;1987-09-28T00:00:00-03:00;28;9;1987;1,84443636363636e-08
1987-09-29;GM366_ERC366;1987-09-29T00:00:00-03:00;29;9;1987;1,85e-08
1987-09-30;GM366_ERC366;1987-09-30T00:00:00-03:00;30;9;1987;1,85552727272727e-08
1987-10-01;GM366_ERC366;1987-10-01T00:00:00-03:00;1;10;1987;1,86109090909091e-08
1987-10-02;GM366_ERC366;1987-10-02T00:00:00-03:00;2;10;1987;1,86665454545455e-08
1987-10-03;GM366_ERC366;1987-10-03T00:00:00-03:00;3;10;1987;
1987-10-04;GM366_ERC366;1987-10-04T00:00:00-03:00;4;10;1987;
1987-10-05;GM366_ERC366;1987-10-05T00:00:00-03:00;5;10;1987;1,87229090909091e-08
1987-10-06;GM366_ERC366;1987-10-06T00:00:00-03:00;6;10;1987;1,87789090909091e-08
1987-10-07;GM366_ERC366;1987-10-07T00:00:00-03:00;7;10;1987;1,88403636363636e-08
1987-10-08;GM366_ERC366;1987-10-08T00:00:00-03:00;8;10;1987;1,89021818181818e-08
1987-10-09;GM366_ERC366;1987-10-09T00:00:00-03:00;9;10;1987;1,89701818181818e-08
1987-10-10;GM366_ERC366;1987-10-10T00:00:00-03:00;10;10;1987;
1987-10-11;GM366_ERC366;1987-10-11T00:00:00-03:00;11;10;1987;
1987-10-12;GM366_ERC366;1987-10-12T00:00:00-03:00;12;10;1987;
1987-10-13;GM366_ERC366;1987-10-13T00:00:00-03:00;13;10;1987;1,90381818181818e-08
1987-10-14;GM366_ERC366;1987-10-14T00:00:00-03:00;14;10;1987;1,91065454545455e-08
1987-10-15;GM366_ERC366;1987-10-15T00:00:00-03:00;15;10;1987;1,91825454545455e-08
1987-10-16;GM366_ERC366;1987-10-16T00:00:00-03:00;16;10;1987;1,92589090909091e-08
1987-10-17;GM366_ERC366;1987-10-17T00:00:00-03:00;17;10;1987;
1987-10-18;GM366_ERC366;1987-10-18T00:00:00-03:00;18;10;1987;
1987-10-19;GM366_ERC366;1987-10-19T00:00:00-03:00;19;10;1987;1,93447272727273e-08
1987-10-20;GM366_ERC366;1987-10-20T00:00:00-03:00;20;10;1987;1,94309090909091e-08
1987-10-21;GM366_ERC366;1987-10-21T00:00:00-03:00;21;10;1987;1,95174545454545e-08
1987-10-22;GM366_ERC366;1987-10-22T00:00:00-03:00;22;10;1987;1,96167272727273e-08
1987-10-23;GM366_ERC366;1987-10-23T00:00:00-03:00;23;10;1987;1,97170909090909e-08
1987-10-24;GM366_ERC366;1987-10-24T00:00:00-03:00;24;10;1987;
1987-10-25;GM366_ERC366;1987-10-25T00:00:00-03:00;25;10;1987;
1987-10-26;GM366_ERC366;1987-10-26T00:00:00-03:00;26;10;1987;1,98178181818182e-08
1987-10-27;GM366_ERC366;1987-10-27T00:00:00-03:00;27;10;1987;1,99185454545455e-08
1987-10-28;GM366_ERC366;1987-10-28T00:00:00-03:00;28;10;1987;2,00203636363636e-08
1987-10-29;GM366_ERC366;1987-10-29T00:00:00-03:00;29;10;1987;2,01221818181818e-08
1987-10-30;GM366_ERC366;1987-10-30T00:00:00-03:00;30;10;1987;2,02250909090909e-08
1987-10-31;GM366_ERC366;1987-10-31T00:00:00-03:00;31;10;1987;
1987-11-01;GM366_ERC366;1987-11-01T00:00:00-03:00;1;11;1987;
1987-11-02;GM366_ERC366;1987-11-02T00:00:00-03:00;2;11;1987;
1987-11-03;GM366_ERC366;1987-11-03T00:00:00-03:00;3;11;1987;2,03305454545455e-08
1987-11-04;GM366_ERC366;1987-11-04T00:00:00-02:00;4;11;1987;2,04370909090909e-08
1987-11-05;GM366_ERC366;1987-11-05T00:00:00-02:00;5;11;1987;2,0544e-08
1987-11-06;GM366_ERC366;1987-11-06T00:00:00-02:00;6;11;1987;2,06512727272727e-08
1987-11-07;GM366_ERC366;1987-11-07T00:00:00-02:00;7;11;1987;
1987-11-08;GM366_ERC366;1987-11-08T00:00:00-02:00;8;11;1987;
1987-11-09;GM366_ERC366;1987-11-09T00:00:00-02:00;9;11;1987;2,07596363636364e-08
1987-11-10;GM366_ERC366;1987-11-10T00:00:00-02:00;10;11;1987;2,0868e-08
1987-11-11;GM366_ERC366;1987-11-11T00:00:00-02:00;11;11;1987;2,09836363636364e-08
1987-11-12;GM366_ERC366;1987-11-12T00:00:00-02:00;12;11;1987;2,11003636363636e-08
1987-11-13;GM366_ERC366;1987-11-13T00:00:00-02:00;13;11;1987;2,12174545454545e-08
1987-11-14;GM366_ERC366;1987-11-14T00:00:00-02:00;14;11;1987;
1987-11-15;GM366_ERC366;1987-11-15T00:00:00-02:00;15;11;1987;
1987-11-16;GM366_ERC366;1987-11-16T00:00:00-02:00;16;11;1987;2,13356363636364e-08
1987-11-17;GM366_ERC366;1987-11-17T00:00:00-02:00;17;11;1987;2,14578181818182e-08
1987-11-18;GM366_ERC366;1987-11-18T00:00:00-02:00;18;11;1987;2,15807272727273e-08
1987-11-19;GM366_ERC366;1987-11-19T00:00:00-02:00;19;11;1987;2,17047272727273e-08
1987-11-20;GM366_ERC366;1987-11-20T00:00:00-02:00;20;11;1987;2,18290909090909e-08
1987-11-21;GM366_ERC366;1987-11-21T00:00:00-02:00;21;11;1987;
1987-11-22;GM366_ERC366;1987-11-22T00:00:00-02:00;22;11;1987;
1987-11-23;GM366_ERC366;1987-11-23T00:00:00-02:00;23;11;1987;2,19574545454545e-08
1987-11-24;GM366_ERC366;1987-11-24T00:00:00-02:00;24;11;1987;2,21181818181818e-08
1987-11-25;GM366_ERC366;1987-11-25T00:00:00-02:00;25;11;1987;2,228e-08
1987-11-26;GM366_ERC366;1987-11-26T00:00:00-02:00;26;11;1987;2,24429090909091e-08
1987-11-27;GM366_ERC366;1987-11-27T00:00:00-02:00;27;11;1987;2,26309090909091e-08
1987-11-28;GM366_ERC366;1987-11-28T00:00:00-02:00;28;11;1987;
1987-11-29;GM366_ERC366;1987-11-29T00:00:00-02:00;29;11;1987;
1987-11-30;GM366_ERC366;1987-11-30T00:00:00-02:00;30;11;1987;2,282e-08
1987-12-01;GM366_ERC366;1987-12-01T00:00:00-02:00;1;12;1987;2,30109090909091e-08
1987-12-02;GM366_ERC366;1987-12-02T00:00:00-02:00;2;12;1987;2,31458181818182e-08
1987-12-03;GM366_ERC366;1987-12-03T00:00:00-02:00;3;12;1987;2,32814545454545e-08
1987-12-04;GM366_ERC366;1987-12-04T00:00:00-02:00;4;12;1987;2,34178181818182e-08
1987-12-05;GM366_ERC366;1987-12-05T00:00:00-02:00;5;12;1987;
1987-12-06;GM366_ERC366;1987-12-06T00:00:00-02:00;6;12;1987;
1987-12-07;GM366_ERC366;1987-12-07T00:00:00-02:00;7;12;1987;2,35549090909091e-08
1987-12-08;GM366_ERC366;1987-12-08T00:00:00-02:00;8;12;1987;2,36927272727273e-08
1987-12-09;GM366_ERC366;1987-12-09T00:00:00-02:00;9;12;1987;2,38316363636364e-08
1987-12-10;GM366_ERC366;1987-12-10T00:00:00-02:00;10;12;1987;2,39712727272727e-08
1987-12-11;GM366_ERC366;1987-12-11T00:00:00-02:00;11;12;1987;2,41116363636364e-08
1987-12-12;GM366_ERC366;1987-12-12T00:00:00-02:00;12;12;1987;
1987-12-13;GM366_ERC366;1987-12-13T00:00:00-02:00;13;12;1987;
1987-12-14;GM366_ERC366;1987-12-14T00:00:00-02:00;14;12;1987;2,42534545454545e-08
1987-12-15;GM366_ERC366;1987-12-15T00:00:00-02:00;15;12;1987;2,43956363636364e-08
1987-12-16;GM366_ERC366;1987-12-16T00:00:00-02:00;16;12;1987;2,45385454545455e-08
1987-12-17;GM366_ERC366;1987-12-17T00:00:00-02:00;17;12;1987;2,46821818181818e-08
1987-12-18;GM366_ERC366;1987-12-18T00:00:00-02:00;18;12;1987;2,48269090909091e-08
1987-12-19;GM366_ERC366;1987-12-19T00:00:00-02:00;19;12;1987;
1987-12-20;GM366_ERC366;1987-12-20T00:00:00-02:00;20;12;1987;
1987-12-21;GM366_ERC366;1987-12-21T00:00:00-02:00;21;12;1987;2,49723636363636e-08
1987-12-22;GM366_ERC366;1987-12-22T00:00:00-02:00;22;12;1987;2,51185454545455e-08
1987-12-23;GM366_ERC366;1987-12-23T00:00:00-02:00;23;12;1987;2,52658181818182e-08
1987-12-24;GM366_ERC366;1987-12-24T00:00:00-02:00;24;12;1987;2,54138181818182e-08
1987-12-25;GM366_ERC366;1987-12-25T00:00:00-02:00;25;12;1987;
1987-12-26;GM366_ERC366;1987-12-26T00:00:00-02:00;26;12;1987;
1987-12-27;GM366_ERC366;1987-12-27T00:00:00-02:00;27;12;1987;
1987-12-28;GM366_ERC366;1987-12-28T00:00:00-02:00;28;12;1987;2,55629090909091e-08
1987-12-29;GM366_ERC366;1987-12-29T00:00:00-02:00;29;12;1987;2,57545454545455e-08
1987-12-30;GM366_ERC366;1987-12-30T00:00:00-02:00;30;12;1987;2,59476363636364e-08
1987-12-31;GM366_ERC366;1987-12-31T00:00:00-02:00;31;12;1987;
1988-01-01;GM366_ERC366;1988-01-01T00:00:00-02:00;1;1;1988;
1988-01-02;GM366_ERC366;1988-01-02T00:00:00-02:00;2;1;1988;
1988-01-03;GM366_ERC366;1988-01-03T00:00:00-02:00;3;1;1988;
1988-01-04;GM366_ERC366;1988-01-04T00:00:00-02:00;4;1;1988;2,61425454545455e-08
1988-01-05;GM366_ERC366;1988-01-05T00:00:00-02:00;5;1;1988;2,63385454545455e-08
1988-01-06;GM366_ERC366;1988-01-06T00:00:00-02:00;6;1;1988;2,6536e-08
1988-01-07;GM366_ERC366;1988-01-07T00:00:00-02:00;7;1;1988;2,67349090909091e-08
1988-01-08;GM366_ERC366;1988-01-08T00:00:00-02:00;8;1;1988;2,69356363636364e-08
1988-01-09;GM366_ERC366;1988-01-09T00:00:00-02:00;9;1;1988;
1988-01-10;GM366_ERC366;1988-01-10T00:00:00-02:00;10;1;1988;
1988-01-11;GM366_ERC366;1988-01-11T00:00:00-02:00;11;1;1988;2,71374545454545e-08
1988-01-12;GM366_ERC366;1988-01-12T00:00:00-02:00;12;1;1988;2,73410909090909e-08
1988-01-13;GM366_ERC366;1988-01-13T00:00:00-02:00;13;1;1988;2,75461818181818e-08
1988-01-14;GM366_ERC366;1988-01-14T00:00:00-02:00;14;1;1988;2,77527272727273e-08
1988-01-15;GM366_ERC366;1988-01-15T00:00:00-02:00;15;1;1988;2,79610909090909e-08
1988-01-16;GM366_ERC366;1988-01-16T00:00:00-02:00;16;1;1988;
1988-01-17;GM366_ERC366;1988-01-17T00:00:00-02:00;17;1;1988;
1988-01-18;GM366_ERC366;1988-01-18T00:00:00-02:00;18;1;1988;2,81709090909091e-08
1988-01-19;GM366_ERC366;1988-01-19T00:00:00-02:00;19;1;1988;2,83821818181818e-08
1988-01-20;GM366_ERC366;1988-01-20T00:00:00-02:00;20;1;1988;2,85949090909091e-08
1988-01-21;GM366_ERC366;1988-01-21T00:00:00-02:00;21;1;1988;2,88094545454545e-08
1988-01-22;GM366_ERC366;1988-01-22T00:00:00-02:00;22;1;1988;2,90254545454545e-08
1988-01-23;GM366_ERC366;1988-01-23T00:00:00-02:00;23;1;1988;
1988-01-24;GM366_ERC366;1988-01-24T00:00:00-02:00;24;1;1988;
1988-01-25;GM366_ERC366;1988-01-25T00:00:00-02:00;25;1;1988;2,92432727272727e-08
1988-01-26;GM366_ERC366;1988-01-26T00:00:00-02:00;26;1;1988;2,94741818181818e-08
1988-01-27;GM366_ERC366;1988-01-27T00:00:00-02:00;27;1;1988;2,97069090909091e-08
1988-01-28;GM366_ERC366;1988-01-28T00:00:00-02:00;28;1;1988;2,99410909090909e-08
1988-01-29;GM366_ERC366;1988-01-29T00:00:00-02:00;29;1;1988;3,01774545454545e-08
1988-01-30;GM366_ERC366;1988-01-30T00:00:00-02:00;30;1;1988;
1988-01-31;GM366_ERC366;1988-01-31T00:00:00-02:00;31;1;1988;
1988-02-01;GM366_ERC366;1988-02-01T00:00:00-02:00;1;2;1988;3,04156363636364e-08
1988-02-02;GM366_ERC366;1988-02-02T00:00:00-02:00;2;2;1988;3,0664e-08
1988-02-03;GM366_ERC366;1988-02-03T00:00:00-02:00;3;2;1988;3,09149090909091e-08
1988-02-04;GM366_ERC366;1988-02-04T00:00:00-02:00;4;2;1988;3,11676363636364e-08
1988-02-05;GM366_ERC366;1988-02-05T00:00:00-02:00;5;2;1988;3,14225454545455e-08
1988-02-06;GM366_ERC366;1988-02-06T00:00:00-02:00;6;2;1988;
1988-02-07;GM366_ERC366;1988-02-07T00:00:00-02:00;7;2;1988;
1988-02-08;GM366_ERC366;1988-02-08T00:00:00-02:00;8;2;1988;3,16792727272727e-08
1988-02-09;GM366_ERC366;1988-02-09T00:00:00-02:00;9;2;1988;3,19385454545455e-08
1988-02-10;GM366_ERC366;1988-02-10T00:00:00-02:00;10;2;1988;3,21996363636364e-08
1988-02-11;GM366_ERC366;1988-02-11T00:00:00-02:00;11;2;1988;3,24632727272727e-08
1988-02-12;GM366_ERC366;1988-02-12T00:00:00-02:00;12;2;1988;3,27592727272727e-08
1988-02-13;GM366_ERC366;1988-02-13T00:00:00-02:00;13;2;1988;
1988-02-14;GM366_ERC366;1988-02-14T00:00:00-03:00;14;2;1988;
1988-02-15;GM366_ERC366;1988-02-15T00:00:00-03:00;15;2;1988;
1988-02-16;GM366_ERC366;1988-02-16T00:00:00-03:00;16;2;1988;
1988-02-17;GM366_ERC366;1988-02-17T00:00:00-03:00;17;2;1988;3,30578181818182e-08
1988-02-18;GM366_ERC366;1988-02-18T00:00:00-03:00;18;2;1988;3,33592727272727e-08
1988-02-19;GM366_ERC366;1988-02-19T00:00:00-03:00;19;2;1988;3,36636363636364e-08
1988-02-20;GM366_ERC366;1988-02-20T00:00:00-03:00;20;2;1988;
1988-02-21;GM366_ERC366;1988-02-21T00:00:00-03:00;21;2;1988;
1988-02-22;GM366_ERC366;1988-02-22T00:00:00-03:00;22;2;1988;3,39709090909091e-08
1988-02-23;GM366_ERC366;1988-02-23T00:00:00-03:00;23;2;1988;3,42981818181818e-08
1988-02-24;GM366_ERC366;1988-02-24T00:00:00-03:00;24;2;1988;3,46290909090909e-08
1988-02-25;GM366_ERC366;1988-02-25T00:00:00-03:00;25;2;1988;3,49625454545455e-08
1988-02-26;GM366_ERC366;1988-02-26T00:00:00-03:00;26;2;1988;3,52996363636364e-08
1988-02-27;GM366_ERC366;1988-02-27T00:00:00-03:00;27;2;1988;
1988-02-28;GM366_ERC366;1988-02-28T00:00:00-03:00;28;2;1988;
1988-02-29;GM366_ERC366;1988-02-29T00:00:00-03:00;29;2;1988;3,56396363636364e-08
1988-03-01;GM366_ERC366;1988-03-01T00:00:00-03:00;1;3;1988;3,59829090909091e-08
1988-03-02;GM366_ERC366;1988-03-02T00:00:00-03:00;2;3;1988;3,62872727272727e-08
1988-03-03;GM366_ERC366;1988-03-03T00:00:00-03:00;3;3;1988;3,65963636363636e-08
1988-03-04;GM366_ERC366;1988-03-04T00:00:00-03:00;4;3;1988;3,68545454545455e-08
1988-03-05;GM366_ERC366;1988-03-05T00:00:00-03:00;5;3;1988;
1988-03-06;GM366_ERC366;1988-03-06T00:00:00-03:00;6;3;1988;
1988-03-07;GM366_ERC366;1988-03-07T00:00:00-03:00;7;3;1988;3,71090909090909e-08
1988-03-08;GM366_ERC366;1988-03-08T00:00:00-03:00;8;3;1988;3,73636363636364e-08
1988-03-09;GM366_ERC366;1988-03-09T00:00:00-03:00;9;3;1988;3,76218181818182e-08
1988-03-10;GM366_ERC366;1988-03-10T00:00:00-03:00;10;3;1988;3,788e-08
1988-03-11;GM366_ERC366;1988-03-11T00:00:00-03:00;11;3;1988;3,81454545454546e-08
1988-03-12;GM366_ERC366;1988-03-12T00:00:00-03:00;12;3;1988;
1988-03-13;GM366_ERC366;1988-03-13T00:00:00-03:00;13;3;1988;
1988-03-14;GM366_ERC366;1988-03-14T00:00:00-03:00;14;3;1988;3,83927272727273e-08
1988-03-15;GM366_ERC366;1988-03-15T00:00:00-03:00;15;3;1988;3,86436363636364e-08
1988-03-16;GM366_ERC366;1988-03-16T00:00:00-03:00;16;3;1988;3,88945454545455e-08
1988-03-17;GM366_ERC366;1988-03-17T00:00:00-03:00;17;3;1988;3,91527272727273e-08
1988-03-18;GM366_ERC366;1988-03-18T00:00:00-03:00;18;3;1988;3,94072727272727e-08
1988-03-19;GM366_ERC366;1988-03-19T00:00:00-03:00;19;3;1988;
1988-03-20;GM366_ERC366;1988-03-20T00:00:00-03:00;20;3;1988;
1988-03-21;GM366_ERC366;1988-03-21T00:00:00-03:00;21;3;1988;3,96654545454545e-08
1988-03-22;GM366_ERC366;1988-03-22T00:00:00-03:00;22;3;1988;3,99236363636364e-08
1988-03-23;GM366_ERC366;1988-03-23T00:00:00-03:00;23;3;1988;4,01854545454545e-08
1988-03-24;GM366_ERC366;1988-03-24T00:00:00-03:00;24;3;1988;4,04472727272727e-08
1988-03-25;GM366_ERC366;1988-03-25T00:00:00-03:00;25;3;1988;4,06981818181818e-08
1988-03-26;GM366_ERC366;1988-03-26T00:00:00-03:00;26;3;1988;
1988-03-27;GM366_ERC366;1988-03-27T00:00:00-03:00;27;3;1988;
1988-03-28;GM366_ERC366;1988-03-28T00:00:00-03:00;28;3;1988;4,09454545454545e-08
1988-03-29;GM366_ERC366;1988-03-29T00:00:00-03:00;29;3;1988;4,11963636363636e-08
1988-03-30;GM366_ERC366;1988-03-30T00:00:00-03:00;30;3;1988;4,14472727272727e-08
1988-03-31;GM366_ERC366;1988-03-31T00:00:00-03:00;31;3;1988;
1988-04-01;GM366_ERC366;1988-04-01T00:00:00-03:00;1;4;1988;
1988-04-02;GM366_ERC366;1988-04-02T00:00:00-03:00;2;4;1988;
1988-04-03;GM366_ERC366;1988-04-03T00:00:00-03:00;3;4;1988;
1988-04-04;GM366_ERC366;1988-04-04T00:00:00-03:00;4;4;1988;4,18072727272727e-08
1988-04-05;GM366_ERC366;1988-04-05T00:00:00-03:00;5;4;1988;4,21672727272727e-08
1988-04-06;GM366_ERC366;1988-04-06T00:00:00-03:00;6;4;1988;4,25309090909091e-08
1988-04-07;GM366_ERC366;1988-04-07T00:00:00-03:00;7;4;1988;4,29018181818182e-08
1988-04-08;GM366_ERC366;1988-04-08T00:00:00-03:00;8;4;1988;4,32909090909091e-08
1988-04-09;GM366_ERC366;1988-04-09T00:00:00-03:00;9;4;1988;
1988-04-10;GM366_ERC366;1988-04-10T00:00:00-03:00;10;4;1988;
1988-04-11;GM366_ERC366;1988-04-11T00:00:00-03:00;11;4;1988;4,368e-08
1988-04-12;GM366_ERC366;1988-04-12T00:00:00-03:00;12;4;1988;4,40763636363636e-08
1988-04-13;GM366_ERC366;1988-04-13T00:00:00-03:00;13;4;1988;4,44727272727273e-08
1988-04-14;GM366_ERC366;1988-04-14T00:00:00-03:00;14;4;1988;4,48581818181818e-08
1988-04-15;GM366_ERC366;1988-04-15T00:00:00-03:00;15;4;1988;4,52836363636364e-08
1988-04-16;GM366_ERC366;1988-04-16T00:00:00-03:00;16;4;1988;
1988-04-17;GM366_ERC366;1988-04-17T00:00:00-03:00;17;4;1988;
1988-04-18;GM366_ERC366;1988-04-18T00:00:00-03:00;18;4;1988;
1988-04-19;GM366_ERC366;1988-04-19T00:00:00-03:00;19;4;1988;4,57345454545455e-08
1988-04-20;GM366_ERC366;1988-04-20T00:00:00-03:00;20;4;1988;4,61927272727273e-08
1988-04-21;GM366_ERC366;1988-04-21T00:00:00-03:00;21;4;1988;4,66581818181818e-08
1988-04-22;GM366_ERC366;1988-04-22T00:00:00-03:00;22;4;1988;4,71236363636364e-08
1988-04-23;GM366_ERC366;1988-04-23T00:00:00-03:00;23;4;1988;
1988-04-24;GM366_ERC366;1988-04-24T00:00:00-03:00;24;4;1988;
1988-04-25;GM366_ERC366;1988-04-25T00:00:00-03:00;25;4;1988;4,75963636363636e-08
1988-04-26;GM366_ERC366;1988-04-26T00:00:00-03:00;26;4;1988;4,812e-08
1988-04-27;GM366_ERC366;1988-04-27T00:00:00-03:00;27;4;1988;4,86509090909091e-08
1988-04-28;GM366_ERC366;1988-04-28T00:00:00-03:00;28;4;1988;4,91890909090909e-08
1988-04-29;GM366_ERC366;1988-04-29T00:00:00-03:00;29;4;1988;4,97272727272727e-08
1988-04-30;GM366_ERC366;1988-04-30T00:00:00-03:00;30;4;1988;
1988-05-01;GM366_ERC366;1988-05-01T00:00:00-03:00;1;5;1988;
1988-05-02;GM366_ERC366;1988-05-02T00:00:00-03:00;2;5;1988;5,01345454545455e-08
1988-05-03;GM366_ERC366;1988-05-03T00:00:00-03:00;3;5;1988;5,05745454545455e-08
1988-05-04;GM366_ERC366;1988-05-04T00:00:00-03:00;4;5;1988;5,10145454545454e-08
1988-05-05;GM366_ERC366;1988-05-05T00:00:00-03:00;5;5;1988;5,14654545454545e-08
1988-05-06;GM366_ERC366;1988-05-06T00:00:00-03:00;6;5;1988;5,19163636363636e-08
1988-05-07;GM366_ERC366;1988-05-07T00:00:00-03:00;7;5;1988;
1988-05-08;GM366_ERC366;1988-05-08T00:00:00-03:00;8;5;1988;
1988-05-09;GM366_ERC366;1988-05-09T00:00:00-03:00;9;5;1988;5,23745454545455e-08
1988-05-10;GM366_ERC366;1988-05-10T00:00:00-03:00;10;5;1988;5,28327272727273e-08
1988-05-11;GM366_ERC366;1988-05-11T00:00:00-03:00;11;5;1988;5,32981818181818e-08
1988-05-12;GM366_ERC366;1988-05-12T00:00:00-03:00;12;5;1988;5,37636363636364e-08
1988-05-13;GM366_ERC366;1988-05-13T00:00:00-03:00;13;5;1988;
1988-05-14;GM366_ERC366;1988-05-14T00:00:00-03:00;14;5;1988;
1988-05-15;GM366_ERC366;1988-05-15T00:00:00-03:00;15;5;1988;
1988-05-16;GM366_ERC366;1988-05-16T00:00:00-03:00;16;5;1988;5,42363636363636e-08
1988-05-17;GM366_ERC366;1988-05-17T00:00:00-03:00;17;5;1988;5,47090909090909e-08
1988-05-18;GM366_ERC366;1988-05-18T00:00:00-03:00;18;5;1988;5,51890909090909e-08
1988-05-19;GM366_ERC366;1988-05-19T00:00:00-03:00;19;5;1988;5,56727272727273e-08
1988-05-20;GM366_ERC366;1988-05-20T00:00:00-03:00;20;5;1988;5,61672727272727e-08
1988-05-21;GM366_ERC366;1988-05-21T00:00:00-03:00;21;5;1988;
1988-05-22;GM366_ERC366;1988-05-22T00:00:00-03:00;22;5;1988;
1988-05-23;GM366_ERC366;1988-05-23T00:00:00-03:00;23;5;1988;5,66690909090909e-08
1988-05-24;GM366_ERC366;1988-05-24T00:00:00-03:00;24;5;1988;5,71418181818182e-08
1988-05-25;GM366_ERC366;1988-05-25T00:00:00-03:00;25;5;1988;5,76218181818182e-08
1988-05-26;GM366_ERC366;1988-05-26T00:00:00-03:00;26;5;1988;5,81018181818182e-08
1988-05-27;GM366_ERC366;1988-05-27T00:00:00-03:00;27;5;1988;5,83454545454545e-08
1988-05-28;GM366_ERC366;1988-05-28T00:00:00-03:00;28;5;1988;
1988-05-29;GM366_ERC366;1988-05-29T00:00:00-03:00;29;5;1988;
1988-05-30;GM366_ERC366;1988-05-30T00:00:00-03:00;30;5;1988;
1988-05-31;GM366_ERC366;1988-05-31T00:00:00-03:00;31;5;1988;5,88654545454545e-08
1988-06-01;GM366_ERC366;1988-06-01T00:00:00-03:00;1;6;1988;5,932e-08
1988-06-02;GM366_ERC366;1988-06-02T00:00:00-03:00;2;6;1988;5,97818181818182e-08
1988-06-03;GM366_ERC366;1988-06-03T00:00:00-03:00;3;6;1988;6,02436363636364e-08
1988-06-04;GM366_ERC366;1988-06-04T00:00:00-03:00;4;6;1988;
1988-06-05;GM366_ERC366;1988-06-05T00:00:00-03:00;5;6;1988;
1988-06-06;GM366_ERC366;1988-06-06T00:00:00-03:00;6;6;1988;6,07090909090909e-08
1988-06-07;GM366_ERC366;1988-06-07T00:00:00-03:00;7;6;1988;6,11818181818182e-08
1988-06-08;GM366_ERC366;1988-06-08T00:00:00-03:00;8;6;1988;6,16545454545455e-08
1988-06-09;GM366_ERC366;1988-06-09T00:00:00-03:00;9;6;1988;6,21345454545455e-08
1988-06-10;GM366_ERC366;1988-06-10T00:00:00-03:00;10;6;1988;6,26145454545455e-08
1988-06-11;GM366_ERC366;1988-06-11T00:00:00-03:00;11;6;1988;
1988-06-12;GM366_ERC366;1988-06-12T00:00:00-03:00;12;6;1988;
1988-06-13;GM366_ERC366;1988-06-13T00:00:00-03:00;13;6;1988;6,30836363636364e-08
1988-06-14;GM366_ERC366;1988-06-14T00:00:00-03:00;14;6;1988;6,35709090909091e-08
1988-06-15;GM366_ERC366;1988-06-15T00:00:00-03:00;15;6;1988;6,40618181818182e-08
1988-06-16;GM366_ERC366;1988-06-16T00:00:00-03:00;16;6;1988;6,456e-08
1988-06-17;GM366_ERC366;1988-06-17T00:00:00-03:00;17;6;1988;6,50690909090909e-08
1988-06-18;GM366_ERC366;1988-06-18T00:00:00-03:00;18;6;1988;
1988-06-19;GM366_ERC366;1988-06-19T00:00:00-03:00;19;6;1988;
1988-06-20;GM366_ERC366;1988-06-20T00:00:00-03:00;20;6;1988;6,55854545454546e-08
1988-06-21;GM366_ERC366;1988-06-21T00:00:00-03:00;21;6;1988;6,61272727272727e-08
1988-06-22;GM366_ERC366;1988-06-22T00:00:00-03:00;22;6;1988;6,66727272727273e-08
1988-06-23;GM366_ERC366;1988-06-23T00:00:00-03:00;23;6;1988;6,72254545454545e-08
1988-06-24;GM366_ERC366;1988-06-24T00:00:00-03:00;24;6;1988;6,78581818181818e-08
1988-06-25;GM366_ERC366;1988-06-25T00:00:00-03:00;25;6;1988;
1988-06-26;GM366_ERC366;1988-06-26T00:00:00-03:00;26;6;1988;
1988-06-27;GM366_ERC366;1988-06-27T00:00:00-03:00;27;6;1988;6,85018181818182e-08
1988-06-28;GM366_ERC366;1988-06-28T00:00:00-03:00;28;6;1988;6,91490909090909e-08
1988-06-29;GM366_ERC366;1988-06-29T00:00:00-03:00;29;6;1988;6,98036363636364e-08
1988-06-30;GM366_ERC366;1988-06-30T00:00:00-03:00;30;6;1988;7,04218181818182e-08
1988-07-01;GM366_ERC366;1988-07-01T00:00:00-03:00;1;7;1988;7,1e-08
1988-07-02;GM366_ERC366;1988-07-02T00:00:00-03:00;2;7;1988;
1988-07-03;GM366_ERC366;1988-07-03T00:00:00-03:00;3;7;1988;
1988-07-04;GM366_ERC366;1988-07-04T00:00:00-03:00;4;7;1988;7,15818181818182e-08
1988-07-05;GM366_ERC366;1988-07-05T00:00:00-03:00;5;7;1988;7,21745454545454e-08
1988-07-06;GM366_ERC366;1988-07-06T00:00:00-03:00;6;7;1988;7,27672727272727e-08
1988-07-07;GM366_ERC366;1988-07-07T00:00:00-03:00;7;7;1988;7,33927272727273e-08
1988-07-08;GM366_ERC366;1988-07-08T00:00:00-03:00;8;7;1988;7,40109090909091e-08
1988-07-09;GM366_ERC366;1988-07-09T00:00:00-03:00;9;7;1988;
1988-07-10;GM366_ERC366;1988-07-10T00:00:00-03:00;10;7;1988;
1988-07-11;GM366_ERC366;1988-07-11T00:00:00-03:00;11;7;1988;7,46472727272727e-08
1988-07-12;GM366_ERC366;1988-07-12T00:00:00-03:00;12;7;1988;7,53090909090909e-08
1988-07-13;GM366_ERC366;1988-07-13T00:00:00-03:00;13;7;1988;7,59709090909091e-08
1988-07-14;GM366_ERC366;1988-07-14T00:00:00-03:00;14;7;1988;7,66545454545455e-08
1988-07-15;GM366_ERC366;1988-07-15T00:00:00-03:00;15;7;1988;7,73963636363636e-08
1988-07-16;GM366_ERC366;1988-07-16T00:00:00-03:00;16;7;1988;
1988-07-17;GM366_ERC366;1988-07-17T00:00:00-03:00;17;7;1988;
1988-07-18;GM366_ERC366;1988-07-18T00:00:00-03:00;18;7;1988;7,81781818181818e-08
1988-07-19;GM366_ERC366;1988-07-19T00:00:00-03:00;19;7;1988;7,89818181818182e-08
1988-07-20;GM366_ERC366;1988-07-20T00:00:00-03:00;20;7;1988;7,98145454545455e-08
1988-07-21;GM366_ERC366;1988-07-21T00:00:00-03:00;21;7;1988;8,08e-08
1988-07-22;GM366_ERC366;1988-07-22T00:00:00-03:00;22;7;1988;8,17963636363636e-08
1988-07-23;GM366_ERC366;1988-07-23T00:00:00-03:00;23;7;1988;
1988-07-24;GM366_ERC366;1988-07-24T00:00:00-03:00;24;7;1988;
1988-07-25;GM366_ERC366;1988-07-25T00:00:00-03:00;25;7;1988;8,28109090909091e-08
1988-07-26;GM366_ERC366;1988-07-26T00:00:00-03:00;26;7;1988;8,38836363636364e-08
1988-07-27;GM366_ERC366;1988-07-27T00:00:00-03:00;27;7;1988;8,50363636363636e-08
1988-07-28;GM366_ERC366;1988-07-28T00:00:00-03:00;28;7;1988;8,62436363636364e-08
1988-07-29;GM366_ERC366;1988-07-29T00:00:00-03:00;29;7;1988;8,74654545454545e-08
1988-07-30;GM366_ERC366;1988-07-30T00:00:00-03:00;30;7;1988;
1988-07-31;GM366_ERC366;1988-07-31T00:00:00-03:00;31;7;1988;
1988-08-01;GM366_ERC366;1988-08-01T00:00:00-03:00;1;8;1988;8,81745454545454e-08
1988-08-02;GM366_ERC366;1988-08-02T00:00:00-03:00;2;8;1988;8,89090909090909e-08
1988-08-03;GM366_ERC366;1988-08-03T00:00:00-03:00;3;8;1988;8,96472727272727e-08
1988-08-04;GM366_ERC366;1988-08-04T00:00:00-03:00;4;8;1988;9,03963636363636e-08
1988-08-05;GM366_ERC366;1988-08-05T00:00:00-03:00;5;8;1988;9,11672727272727e-08
1988-08-06;GM366_ERC366;1988-08-06T00:00:00-03:00;6;8;1988;
1988-08-07;GM366_ERC366;1988-08-07T00:00:00-03:00;7;8;1988;
1988-08-08;GM366_ERC366;1988-08-08T00:00:00-03:00;8;8;1988;9,19490909090909e-08
1988-08-09;GM366_ERC366;1988-08-09T00:00:00-03:00;9;8;1988;9,27345454545455e-08
1988-08-10;GM366_ERC366;1988-08-10T00:00:00-03:00;10;8;1988;9,35272727272727e-08
1988-08-11;GM366_ERC366;1988-08-11T00:00:00-03:00;11;8;1988;9,43236363636364e-08
1988-08-12;GM366_ERC366;1988-08-12T00:00:00-03:00;12;8;1988;9,50945454545455e-08
1988-08-13;GM366_ERC366;1988-08-13T00:00:00-03:00;13;8;1988;
1988-08-14;GM366_ERC366;1988-08-14T00:00:00-03:00;14;8;1988;
1988-08-15;GM366_ERC366;1988-08-15T00:00:00-03:00;15;8;1988;9,58727272727273e-08
1988-08-16;GM366_ERC366;1988-08-16T00:00:00-03:00;16;8;1988;9,66581818181818e-08
1988-08-17;GM366_ERC366;1988-08-17T00:00:00-03:00;17;8;1988;9,74509090909091e-08
1988-08-18;GM366_ERC366;1988-08-18T00:00:00-03:00;18;8;1988;9,82436363636364e-08
1988-08-19;GM366_ERC366;1988-08-19T00:00:00-03:00;19;8;1988;9,90472727272727e-08
1988-08-20;GM366_ERC366;1988-08-20T00:00:00-03:00;20;8;1988;
1988-08-21;GM366_ERC366;1988-08-21T00:00:00-03:00;21;8;1988;
1988-08-22;GM366_ERC366;1988-08-22T00:00:00-03:00;22;8;1988;9,98581818181818e-08
1988-08-23;GM366_ERC366;1988-08-23T00:00:00-03:00;23;8;1988;1,00654545454545e-07
1988-08-24;GM366_ERC366;1988-08-24T00:00:00-03:00;24;8;1988;1,01454545454545e-07
1988-08-25;GM366_ERC366;1988-08-25T00:00:00-03:00;25;8;1988;1,02265454545455e-07
1988-08-26;GM366_ERC366;1988-08-26T00:00:00-03:00;26;8;1988;1,03145454545455e-07
1988-08-27;GM366_ERC366;1988-08-27T00:00:00-03:00;27;8;1988;
1988-08-28;GM366_ERC366;1988-08-28T00:00:00-03:00;28;8;1988;
1988-08-29;GM366_ERC366;1988-08-29T00:00:00-03:00;29;8;1988;1,04032727272727e-07
1988-08-30;GM366_ERC366;1988-08-30T00:00:00-03:00;30;8;1988;1,04927272727273e-07
1988-08-31;GM366_ERC366;1988-08-31T00:00:00-03:00;31;8;1988;1,05829090909091e-07
1988-09-01;GM366_ERC366;1988-09-01T00:00:00-03:00;1;9;1988;1,06789090909091e-07
1988-09-02;GM366_ERC366;1988-09-02T00:00:00-03:00;2;9;1988;1,07752727272727e-07
1988-09-03;GM366_ERC366;1988-09-03T00:00:00-03:00;3;9;1988;
1988-09-04;GM366_ERC366;1988-09-04T00:00:00-03:00;4;9;1988;
1988-09-05;GM366_ERC366;1988-09-05T00:00:00-03:00;5;9;1988;1,08727272727273e-07
1988-09-06;GM366_ERC366;1988-09-06T00:00:00-03:00;6;9;1988;1,09709090909091e-07
1988-09-07;GM366_ERC366;1988-09-07T00:00:00-03:00;7;9;1988;
1988-09-08;GM366_ERC366;1988-09-08T00:00:00-03:00;8;9;1988;1,10738181818182e-07
1988-09-09;GM366_ERC366;1988-09-09T00:00:00-03:00;9;9;1988;1,11774545454545e-07
1988-09-10;GM366_ERC366;1988-09-10T00:00:00-03:00;10;9;1988;
1988-09-11;GM366_ERC366;1988-09-11T00:00:00-03:00;11;9;1988;
1988-09-12;GM366_ERC366;1988-09-12T00:00:00-03:00;12;9;1988;1,12854545454545e-07
1988-09-13;GM366_ERC366;1988-09-13T00:00:00-03:00;13;9;1988;1,13945454545455e-07
1988-09-14;GM366_ERC366;1988-09-14T00:00:00-03:00;14;9;1988;1,15043636363636e-07
1988-09-15;GM366_ERC366;1988-09-15T00:00:00-03:00;15;9;1988;1,16272727272727e-07
1988-09-16;GM366_ERC366;1988-09-16T00:00:00-03:00;16;9;1988;1,17516363636364e-07
1988-09-17;GM366_ERC366;1988-09-17T00:00:00-03:00;17;9;1988;
1988-09-18;GM366_ERC366;1988-09-18T00:00:00-03:00;18;9;1988;
1988-09-19;GM366_ERC366;1988-09-19T00:00:00-03:00;19;9;1988;1,18770909090909e-07
1988-09-20;GM366_ERC366;1988-09-20T00:00:00-03:00;20;9;1988;1,20036363636364e-07
1988-09-21;GM366_ERC366;1988-09-21T00:00:00-03:00;21;9;1988;1,2132e-07
1988-09-22;GM366_ERC366;1988-09-22T00:00:00-03:00;22;9;1988;1,22614545454545e-07
1988-09-23;GM366_ERC366;1988-09-23T00:00:00-03:00;23;9;1988;1,23923636363636e-07
1988-09-24;GM366_ERC366;1988-09-24T00:00:00-03:00;24;9;1988;
1988-09-25;GM366_ERC366;1988-09-25T00:00:00-03:00;25;9;1988;
1988-09-26;GM366_ERC366;1988-09-26T00:00:00-03:00;26;9;1988;1,25272727272727e-07
1988-09-27;GM366_ERC366;1988-09-27T00:00:00-03:00;27;9;1988;1,26647272727273e-07
1988-09-28;GM366_ERC366;1988-09-28T00:00:00-03:00;28;9;1988;1,28036363636364e-07
1988-09-29;GM366_ERC366;1988-09-29T00:00:00-03:00;29;9;1988;1,29781818181818e-07
1988-09-30;GM366_ERC366;1988-09-30T00:00:00-03:00;30;9;1988;1,31334545454545e-07
1988-10-01;GM366_ERC366;1988-10-01T00:00:00-03:00;1;10;1988;
1988-10-02;GM366_ERC366;1988-10-02T00:00:00-03:00;2;10;1988;
1988-10-03;GM366_ERC366;1988-10-03T00:00:00-03:00;3;10;1988;1,32869090909091e-07
1988-10-04;GM366_ERC366;1988-10-04T00:00:00-03:00;4;10;1988;1,34421818181818e-07
1988-10-05;GM366_ERC366;1988-10-05T00:00:00-03:00;5;10;1988;1,35992727272727e-07
1988-10-06;GM366_ERC366;1988-10-06T00:00:00-03:00;6;10;1988;1,37581818181818e-07
1988-10-07;GM366_ERC366;1988-10-07T00:00:00-03:00;7;10;1988;1,39189090909091e-07
1988-10-08;GM366_ERC366;1988-10-08T00:00:00-03:00;8;10;1988;
1988-10-09;GM366_ERC366;1988-10-09T00:00:00-03:00;9;10;1988;
1988-10-10;GM366_ERC366;1988-10-10T00:00:00-03:00;10;10;1988;
1988-10-11;GM366_ERC366;1988-10-11T00:00:00-03:00;11;10;1988;1,40814545454545e-07
1988-10-12;GM366_ERC366;1988-10-12T00:00:00-03:00;12;10;1988;1,42461818181818e-07
1988-10-13;GM366_ERC366;1988-10-13T00:00:00-03:00;13;10;1988;1,44250909090909e-07
1988-10-14;GM366_ERC366;1988-10-14T00:00:00-03:00;14;10;1988;1,46065454545455e-07
1988-10-15;GM366_ERC366;1988-10-15T00:00:00-03:00;15;10;1988;
1988-10-16;GM366_ERC366;1988-10-16T00:00:00-03:00;16;10;1988;
1988-10-17;GM366_ERC366;1988-10-17T00:00:00-03:00;17;10;1988;1,48076363636364e-07
1988-10-18;GM366_ERC366;1988-10-18T00:00:00-03:00;18;10;1988;1,50112727272727e-07
1988-10-19;GM366_ERC366;1988-10-19T00:00:00-03:00;19;10;1988;1,52178181818182e-07
1988-10-20;GM366_ERC366;1988-10-20T00:00:00-03:00;20;10;1988;1,54272727272727e-07
1988-10-21;GM366_ERC366;1988-10-21T00:00:00-03:00;21;10;1988;1,56396363636364e-07
1988-10-22;GM366_ERC366;1988-10-22T00:00:00-03:00;22;10;1988;
1988-10-23;GM366_ERC366;1988-10-23T00:00:00-03:00;23;10;1988;
1988-10-24;GM366_ERC366;1988-10-24T00:00:00-03:00;24;10;1988;1,58549090909091e-07
1988-10-25;GM366_ERC366;1988-10-25T00:00:00-03:00;25;10;1988;1,60825454545455e-07
1988-10-26;GM366_ERC366;1988-10-26T00:00:00-03:00;26;10;1988;1,63134545454545e-07
1988-10-27;GM366_ERC366;1988-10-27T00:00:00-03:00;27;10;1988;1,65461818181818e-07
1988-10-28;GM366_ERC366;1988-10-28T00:00:00-03:00;28;10;1988;1,67650909090909e-07
1988-10-29;GM366_ERC366;1988-10-29T00:00:00-03:00;29;10;1988;
1988-10-30;GM366_ERC366;1988-10-30T00:00:00-03:00;30;10;1988;
1988-10-31;GM366_ERC366;1988-10-31T00:00:00-03:00;31;10;1988;
1988-11-01;GM366_ERC366;1988-11-01T00:00:00-03:00;1;11;1988;1,69610909090909e-07
1988-11-02;GM366_ERC366;1988-11-02T00:00:00-02:00;2;11;1988;1,71592727272727e-07
1988-11-03;GM366_ERC366;1988-11-03T00:00:00-02:00;3;11;1988;1,736e-07
1988-11-04;GM366_ERC366;1988-11-04T00:00:00-02:00;4;11;1988;1,75596363636364e-07
1988-11-05;GM366_ERC366;1988-11-05T00:00:00-02:00;5;11;1988;
1988-11-06;GM366_ERC366;1988-11-06T00:00:00-02:00;6;11;1988;
1988-11-07;GM366_ERC366;1988-11-07T00:00:00-02:00;7;11;1988;1,77614545454545e-07
1988-11-08;GM366_ERC366;1988-11-08T00:00:00-02:00;8;11;1988;1,79650909090909e-07
1988-11-09;GM366_ERC366;1988-11-09T00:00:00-02:00;9;11;1988;1,81705454545455e-07
1988-11-10;GM366_ERC366;1988-11-10T00:00:00-02:00;10;11;1988;1,83785454545455e-07
1988-11-11;GM366_ERC366;1988-11-11T00:00:00-02:00;11;11;1988;1,85883636363636e-07
1988-11-12;GM366_ERC366;1988-11-12T00:00:00-02:00;12;11;1988;
1988-11-13;GM366_ERC366;1988-11-13T00:00:00-02:00;13;11;1988;
1988-11-14;GM366_ERC366;1988-11-14T00:00:00-02:00;14;11;1988;1,88007272727273e-07
1988-11-15;GM366_ERC366;1988-11-15T00:00:00-02:00;15;11;1988;
1988-11-16;GM366_ERC366;1988-11-16T00:00:00-02:00;16;11;1988;1,90130909090909e-07
1988-11-17;GM366_ERC366;1988-11-17T00:00:00-02:00;17;11;1988;1,92218181818182e-07
1988-11-18;GM366_ERC366;1988-11-18T00:00:00-02:00;18;11;1988;1,94327272727273e-07
1988-11-19;GM366_ERC366;1988-11-19T00:00:00-02:00;19;11;1988;
1988-11-20;GM366_ERC366;1988-11-20T00:00:00-02:00;20;11;1988;
1988-11-21;GM366_ERC366;1988-11-21T00:00:00-02:00;21;11;1988;1,96465454545455e-07
1988-11-22;GM366_ERC366;1988-11-22T00:00:00-02:00;22;11;1988;1,98621818181818e-07
1988-11-23;GM366_ERC366;1988-11-23T00:00:00-02:00;23;11;1988;2,00803636363636e-07
1988-11-24;GM366_ERC366;1988-11-24T00:00:00-02:00;24;11;1988;2,03007272727273e-07
1988-11-25;GM366_ERC366;1988-11-25T00:00:00-02:00;25;11;1988;2,0524e-07
1988-11-26;GM366_ERC366;1988-11-26T00:00:00-02:00;26;11;1988;
1988-11-27;GM366_ERC366;1988-11-27T00:00:00-02:00;27;11;1988;
1988-11-28;GM366_ERC366;1988-11-28T00:00:00-02:00;28;11;1988;2,07494545454545e-07
1988-11-29;GM366_ERC366;1988-11-29T00:00:00-02:00;29;11;1988;2,09770909090909e-07
1988-11-30;GM366_ERC366;1988-11-30T00:00:00-02:00;30;11;1988;2,12781818181818e-07
1988-12-01;GM366_ERC366;1988-12-01T00:00:00-02:00;1;12;1988;2,14949090909091e-07
1988-12-02;GM366_ERC366;1988-12-02T00:00:00-02:00;2;12;1988;2,17141818181818e-07
1988-12-03;GM366_ERC366;1988-12-03T00:00:00-02:00;3;12;1988;
1988-12-04;GM366_ERC366;1988-12-04T00:00:00-02:00;4;12;1988;
1988-12-05;GM366_ERC366;1988-12-05T00:00:00-02:00;5;12;1988;2,19425454545455e-07
1988-12-06;GM366_ERC366;1988-12-06T00:00:00-02:00;6;12;1988;2,21734545454545e-07
1988-12-07;GM366_ERC366;1988-12-07T00:00:00-02:00;7;12;1988;2,24087272727273e-07
1988-12-08;GM366_ERC366;1988-12-08T00:00:00-02:00;8;12;1988;2,26461818181818e-07
1988-12-09;GM366_ERC366;1988-12-09T00:00:00-02:00;9;12;1988;2,28923636363636e-07
1988-12-10;GM366_ERC366;1988-12-10T00:00:00-02:00;10;12;1988;
1988-12-11;GM366_ERC366;1988-12-11T00:00:00-02:00;11;12;1988;
1988-12-12;GM366_ERC366;1988-12-12T00:00:00-02:00;12;12;1988;2,31407272727273e-07
1988-12-13;GM366_ERC366;1988-12-13T00:00:00-02:00;13;12;1988;2,33985454545455e-07
1988-12-14;GM366_ERC366;1988-12-14T00:00:00-02:00;14;12;1988;2,36589090909091e-07
1988-12-15;GM366_ERC366;1988-12-15T00:00:00-02:00;15;12;1988;2,39301818181818e-07
1988-12-16;GM366_ERC366;1988-12-16T00:00:00-02:00;16;12;1988;2,41974545454545e-07
1988-12-17;GM366_ERC366;1988-12-17T00:00:00-02:00;17;12;1988;
1988-12-18;GM366_ERC366;1988-12-18T00:00:00-02:00;18;12;1988;
1988-12-19;GM366_ERC366;1988-12-19T00:00:00-02:00;19;12;1988;2,44854545454545e-07
1988-12-20;GM366_ERC366;1988-12-20T00:00:00-02:00;20;12;1988;2,47843636363636e-07
1988-12-21;GM366_ERC366;1988-12-21T00:00:00-02:00;21;12;1988;2,51316363636364e-07
1988-12-22;GM366_ERC366;1988-12-22T00:00:00-02:00;22;12;1988;2,54836363636364e-07
1988-12-23;GM366_ERC366;1988-12-23T00:00:00-02:00;23;12;1988;2,58410909090909e-07
1988-12-24;GM366_ERC366;1988-12-24T00:00:00-02:00;24;12;1988;
1988-12-25;GM366_ERC366;1988-12-25T00:00:00-02:00;25;12;1988;
1988-12-26;GM366_ERC366;1988-12-26T00:00:00-02:00;26;12;1988;2,62032727272727e-07
1988-12-27;GM366_ERC366;1988-12-27T00:00:00-02:00;27;12;1988;2,65843636363636e-07
1988-12-28;GM366_ERC366;1988-12-28T00:00:00-02:00;28;12;1988;2,69712727272727e-07
1988-12-29;GM366_ERC366;1988-12-29T00:00:00-02:00;29;12;1988;2,73741818181818e-07
1988-12-30;GM366_ERC366;1988-12-30T00:00:00-02:00;30;12;1988;
1988-12-31;GM366_ERC366;1988-12-31T00:00:00-02:00;31;12;1988;
1989-01-01;GM366_ERC366;1989-01-01T00:00:00-02:00;1;1;1989;
1989-01-02;GM366_ERC366;1989-01-02T00:00:00-02:00;2;1;1989;2,76905454545455e-07
1989-01-03;GM366_ERC366;1989-01-03T00:00:00-02:00;3;1;1989;2,80130909090909e-07
1989-01-04;GM366_ERC366;1989-01-04T00:00:00-02:00;4;1;1989;2,83392727272727e-07
1989-01-05;GM366_ERC366;1989-01-05T00:00:00-02:00;5;1;1989;2,86694545454545e-07
1989-01-06;GM366_ERC366;1989-01-06T00:00:00-02:00;6;1;1989;2,90032727272727e-07
1989-01-07;GM366_ERC366;1989-01-07T00:00:00-02:00;7;1;1989;
1989-01-08;GM366_ERC366;1989-01-08T00:00:00-02:00;8;1;1989;
1989-01-09;GM366_ERC366;1989-01-09T00:00:00-02:00;9;1;1989;2,93410909090909e-07
1989-01-10;GM366_ERC366;1989-01-10T00:00:00-02:00;10;1;1989;2,96829090909091e-07
1989-01-11;GM366_ERC366;1989-01-11T00:00:00-02:00;11;1;1989;3,00283636363636e-07
1989-01-12;GM366_ERC366;1989-01-12T00:00:00-02:00;12;1;1989;3,03781818181818e-07
1989-01-13;GM366_ERC366;1989-01-13T00:00:00-02:00;13;1;1989;3,0732e-07
1989-01-14;GM366_ERC366;1989-01-14T00:00:00-02:00;14;1;1989;
1989-01-15;GM366_ERC366;1989-01-15T00:00:00-02:00;15;1;1989;
1989-01-16;GM366_ERC366;1989-01-16T00:00:00-02:00;16;1;1989;3,61818181818182e-07
1989-01-17;GM366_ERC366;1989-01-17T00:00:00-02:00;17;1;1989;3,61818181818182e-07
1989-01-18;GM366_ERC366;1989-01-18T00:00:00-02:00;18;1;1989;3,61818181818182e-07
1989-01-19;GM366_ERC366;1989-01-19T00:00:00-02:00;19;1;1989;3,61818181818182e-07
1989-01-20;GM366_ERC366;1989-01-20T00:00:00-02:00;20;1;1989;3,61818181818182e-07
1989-01-21;GM366_ERC366;1989-01-21T00:00:00-02:00;21;1;1989;
1989-01-22;GM366_ERC366;1989-01-22T00:00:00-02:00;22;1;1989;
1989-01-23;GM366_ERC366;1989-01-23T00:00:00-02:00;23;1;1989;3,61818181818182e-07
1989-01-24;GM366_ERC366;1989-01-24T00:00:00-02:00;24;1;1989;3,61818181818182e-07
1989-01-25;GM366_ERC366;1989-01-25T00:00:00-02:00;25;1;1989;3,61818181818182e-07
1989-01-26;GM366_ERC366;1989-01-26T00:00:00-02:00;26;1;1989;3,61818181818182e-07
1989-01-27;GM366_ERC366;1989-01-27T00:00:00-02:00;27;1;1989;3,61818181818182e-07
1989-01-28;GM366_ERC366;1989-01-28T00:00:00-02:00;28;1;1989;
1989-01-29;GM366_ERC366;1989-01-29T00:00:00-02:00;29;1;1989;
1989-01-30;GM366_ERC366;1989-01-30T00:00:00-02:00;30;1;1989;3,61818181818182e-07
1989-01-31;GM366_ERC366;1989-01-31T00:00:00-02:00;31;1;1989;3,61818181818182e-07
1989-02-01;GM366_ERC366;1989-02-01T00:00:00-02:00;1;2;1989;3,61818181818182e-07
1989-02-02;GM366_ERC366;1989-02-02T00:00:00-02:00;2;2;1989;3,61818181818182e-07
1989-02-03;GM366_ERC366;1989-02-03T00:00:00-02:00;3;2;1989;3,61818181818182e-07
1989-02-04;GM366_ERC366;1989-02-04T00:00:00-02:00;4;2;1989;
1989-02-05;GM366_ERC366;1989-02-05T00:00:00-02:00;5;2;1989;
1989-02-06;GM366_ERC366;1989-02-06T00:00:00-02:00;6;2;1989;
1989-02-07;GM366_ERC366;1989-02-07T00:00:00-02:00;7;2;1989;
1989-02-08;GM366_ERC366;1989-02-08T00:00:00-02:00;8;2;1989;3,61818181818182e-07
1989-02-09;GM366_ERC366;1989-02-09T00:00:00-02:00;9;2;1989;3,61818181818182e-07
1989-02-10;GM366_ERC366;1989-02-10T00:00:00-02:00;10;2;1989;3,61818181818182e-07
1989-02-11;GM366_ERC366;1989-02-11T00:00:00-02:00;11;2;1989;
1989-02-12;GM366_ERC366;1989-02-12T00:00:00-03:00;12;2;1989;
1989-02-13;GM366_ERC366;1989-02-13T00:00:00-03:00;13;2;1989;3,61818181818182e-07
1989-02-14;GM366_ERC366;1989-02-14T00:00:00-03:00;14;2;1989;3,61818181818182e-07
1989-02-15;GM366_ERC366;1989-02-15T00:00:00-03:00;15;2;1989;3,61818181818182e-07
1989-02-16;GM366_ERC366;1989-02-16T00:00:00-03:00;16;2;1989;3,61818181818182e-07
1989-02-17;GM366_ERC366;1989-02-17T00:00:00-03:00;17;2;1989;3,61818181818182e-07
1989-02-18;GM366_ERC366;1989-02-18T00:00:00-03:00;18;2;1989;
1989-02-19;GM366_ERC366;1989-02-19T00:00:00-03:00;19;2;1989;
1989-02-20;GM366_ERC366;1989-02-20T00:00:00-03:00;20;2;1989;3,61818181818182e-07
1989-02-21;GM366_ERC366;1989-02-21T00:00:00-03:00;21;2;1989;3,61818181818182e-07
1989-02-22;GM366_ERC366;1989-02-22T00:00:00-03:00;22;2;1989;3,61818181818182e-07
1989-02-23;GM366_ERC366;1989-02-23T00:00:00-03:00;23;2;1989;3,61818181818182e-07
1989-02-24;GM366_ERC366;1989-02-24T00:00:00-03:00;24;2;1989;3,61818181818182e-07
1989-02-25;GM366_ERC366;1989-02-25T00:00:00-03:00;25;2;1989;
1989-02-26;GM366_ERC366;1989-02-26T00:00:00-03:00;26;2;1989;
1989-02-27;GM366_ERC366;1989-02-27T00:00:00-03:00;27;2;1989;3,61818181818182e-07
1989-02-28;GM366_ERC366;1989-02-28T00:00:00-03:00;28;2;1989;3,61818181818182e-07
1989-03-01;GM366_ERC366;1989-03-01T00:00:00-03:00;1;3;1989;3,61818181818182e-07
1989-03-02;GM366_ERC366;1989-03-02T00:00:00-03:00;2;3;1989;3,61818181818182e-07
1989-03-03;GM366_ERC366;1989-03-03T00:00:00-03:00;3;3;1989;3,61818181818182e-07
1989-03-04;GM366_ERC366;1989-03-04T00:00:00-03:00;4;3;1989;
1989-03-05;GM366_ERC366;1989-03-05T00:00:00-03:00;5;3;1989;
1989-03-06;GM366_ERC366;1989-03-06T00:00:00-03:00;6;3;1989;3,61818181818182e-07
1989-03-07;GM366_ERC366;1989-03-07T00:00:00-03:00;7;3;1989;3,61818181818182e-07
1989-03-08;GM366_ERC366;1989-03-08T00:00:00-03:00;8;3;1989;3,61818181818182e-07
1989-03-09;GM366_ERC366;1989-03-09T00:00:00-03:00;9;3;1989;3,61818181818182e-07
1989-03-10;GM366_ERC366;1989-03-10T00:00:00-03:00;10;3;1989;3,61818181818182e-07
1989-03-11;GM366_ERC366;1989-03-11T00:00:00-03:00;11;3;1989;
1989-03-12;GM366_ERC366;1989-03-12T00:00:00-03:00;12;3;1989;
1989-03-13;GM366_ERC366;1989-03-13T00:00:00-03:00;13;3;1989;3,61818181818182e-07
1989-03-14;GM366_ERC366;1989-03-14T00:00:00-03:00;14;3;1989;3,61818181818182e-07
1989-03-15;GM366_ERC366;1989-03-15T00:00:00-03:00;15;3;1989;3,61818181818182e-07
1989-03-16;GM366_ERC366;1989-03-16T00:00:00-03:00;16;3;1989;3,61818181818182e-07
1989-03-17;GM366_ERC366;1989-03-17T00:00:00-03:00;17;3;1989;3,61818181818182e-07
1989-03-18;GM366_ERC366;1989-03-18T00:00:00-03:00;18;3;1989;
1989-03-19;GM366_ERC366;1989-03-19T00:00:00-03:00;19;3;1989;
1989-03-20;GM366_ERC366;1989-03-20T00:00:00-03:00;20;3;1989;3,61818181818182e-07
1989-03-21;GM366_ERC366;1989-03-21T00:00:00-03:00;21;3;1989;3,61818181818182e-07
1989-03-22;GM366_ERC366;1989-03-22T00:00:00-03:00;22;3;1989;3,61818181818182e-07
1989-03-23;GM366_ERC366;1989-03-23T00:00:00-03:00;23;3;1989;
1989-03-24;GM366_ERC366;1989-03-24T00:00:00-03:00;24;3;1989;
1989-03-25;GM366_ERC366;1989-03-25T00:00:00-03:00;25;3;1989;
1989-03-26;GM366_ERC366;1989-03-26T00:00:00-03:00;26;3;1989;
1989-03-27;GM366_ERC366;1989-03-27T00:00:00-03:00;27;3;1989;3,61818181818182e-07
1989-03-28;GM366_ERC366;1989-03-28T00:00:00-03:00;28;3;1989;3,61818181818182e-07
1989-03-29;GM366_ERC366;1989-03-29T00:00:00-03:00;29;3;1989;3,61818181818182e-07
1989-03-30;GM366_ERC366;1989-03-30T00:00:00-03:00;30;3;1989;3,61818181818182e-07
1989-03-31;GM366_ERC366;1989-03-31T00:00:00-03:00;31;3;1989;3,61818181818182e-07
1989-04-01;GM366_ERC366;1989-04-01T00:00:00-03:00;1;4;1989;
1989-04-02;GM366_ERC366;1989-04-02T00:00:00-03:00;2;4;1989;
1989-04-03;GM366_ERC366;1989-04-03T00:00:00-03:00;3;4;1989;3,61818181818182e-07
1989-04-04;GM366_ERC366;1989-04-04T00:00:00-03:00;4;4;1989;3,61818181818182e-07
1989-04-05;GM366_ERC366;1989-04-05T00:00:00-03:00;5;4;1989;3,61818181818182e-07
1989-04-06;GM366_ERC366;1989-04-06T00:00:00-03:00;6;4;1989;3,61818181818182e-07
1989-04-07;GM366_ERC366;1989-04-07T00:00:00-03:00;7;4;1989;3,61818181818182e-07
1989-04-08;GM366_ERC366;1989-04-08T00:00:00-03:00;8;4;1989;
1989-04-09;GM366_ERC366;1989-04-09T00:00:00-03:00;9;4;1989;
1989-04-10;GM366_ERC366;1989-04-10T00:00:00-03:00;10;4;1989;3,61818181818182e-07
1989-04-11;GM366_ERC366;1989-04-11T00:00:00-03:00;11;4;1989;3,61818181818182e-07
1989-04-12;GM366_ERC366;1989-04-12T00:00:00-03:00;12;4;1989;3,61818181818182e-07
1989-04-13;GM366_ERC366;1989-04-13T00:00:00-03:00;13;4;1989;3,61818181818182e-07
1989-04-14;GM366_ERC366;1989-04-14T00:00:00-03:00;14;4;1989;3,61818181818182e-07
1989-04-15;GM366_ERC366;1989-04-15T00:00:00-03:00;15;4;1989;
1989-04-16;GM366_ERC366;1989-04-16T00:00:00-03:00;16;4;1989;
1989-04-17;GM366_ERC366;1989-04-17T00:00:00-03:00;17;4;1989;
1989-04-18;GM366_ERC366;1989-04-18T00:00:00-03:00;18;4;1989;3,73454545454545e-07
1989-04-19;GM366_ERC366;1989-04-19T00:00:00-03:00;19;4;1989;3,73454545454545e-07
1989-04-20;GM366_ERC366;1989-04-20T00:00:00-03:00;20;4;1989;3,73454545454545e-07
1989-04-21;GM366_ERC366;1989-04-21T00:00:00-03:00;21;4;1989;3,73454545454545e-07
1989-04-22;GM366_ERC366;1989-04-22T00:00:00-03:00;22;4;1989;
1989-04-23;GM366_ERC366;1989-04-23T00:00:00-03:00;23;4;1989;
1989-04-24;GM366_ERC366;1989-04-24T00:00:00-03:00;24;4;1989;3,73454545454545e-07
1989-04-25;GM366_ERC366;1989-04-25T00:00:00-03:00;25;4;1989;3,73454545454545e-07
1989-04-26;GM366_ERC366;1989-04-26T00:00:00-03:00;26;4;1989;3,73454545454545e-07
1989-04-27;GM366_ERC366;1989-04-27T00:00:00-03:00;27;4;1989;3,73454545454545e-07
1989-04-28;GM366_ERC366;1989-04-28T00:00:00-03:00;28;4;1989;3,73454545454545e-07
1989-04-29;GM366_ERC366;1989-04-29T00:00:00-03:00;29;4;1989;
1989-04-30;GM366_ERC366;1989-04-30T00:00:00-03:00;30;4;1989;
1989-05-01;GM366_ERC366;1989-05-01T00:00:00-03:00;1;5;1989;
1989-05-02;GM366_ERC366;1989-05-02T00:00:00-03:00;2;5;1989;3,73454545454545e-07
1989-05-03;GM366_ERC366;1989-05-03T00:00:00-03:00;3;5;1989;3,73454545454545e-07
1989-05-04;GM366_ERC366;1989-05-04T00:00:00-03:00;4;5;1989;3,73454545454545e-07
1989-05-05;GM366_ERC366;1989-05-05T00:00:00-03:00;5;5;1989;3,81090909090909e-07
1989-05-06;GM366_ERC366;1989-05-06T00:00:00-03:00;6;5;1989;
1989-05-07;GM366_ERC366;1989-05-07T00:00:00-03:00;7;5;1989;
1989-05-08;GM366_ERC366;1989-05-08T00:00:00-03:00;8;5;1989;3,81090909090909e-07
1989-05-09;GM366_ERC366;1989-05-09T00:00:00-03:00;9;5;1989;3,81090909090909e-07
1989-05-10;GM366_ERC366;1989-05-10T00:00:00-03:00;10;5;1989;3,81090909090909e-07
1989-05-11;GM366_ERC366;1989-05-11T00:00:00-03:00;11;5;1989;3,81090909090909e-07
1989-05-12;GM366_ERC366;1989-05-12T00:00:00-03:00;12;5;1989;3,98181818181818e-07
1989-05-13;GM366_ERC366;1989-05-13T00:00:00-03:00;13;5;1989;
1989-05-14;GM366_ERC366;1989-05-14T00:00:00-03:00;14;5;1989;
1989-05-15;GM366_ERC366;1989-05-15T00:00:00-03:00;15;5;1989;3,98181818181818e-07
1989-05-16;GM366_ERC366;1989-05-16T00:00:00-03:00;16;5;1989;4,05818181818182e-07
1989-05-17;GM366_ERC366;1989-05-17T00:00:00-03:00;17;5;1989;4,05818181818182e-07
1989-05-18;GM366_ERC366;1989-05-18T00:00:00-03:00;18;5;1989;4,05818181818182e-07
1989-05-19;GM366_ERC366;1989-05-19T00:00:00-03:00;19;5;1989;4,05818181818182e-07
1989-05-20;GM366_ERC366;1989-05-20T00:00:00-03:00;20;5;1989;
1989-05-21;GM366_ERC366;1989-05-21T00:00:00-03:00;21;5;1989;
1989-05-22;GM366_ERC366;1989-05-22T00:00:00-03:00;22;5;1989;4,13454545454545e-07
1989-05-23;GM366_ERC366;1989-05-23T00:00:00-03:00;23;5;1989;4,13454545454545e-07
1989-05-24;GM366_ERC366;1989-05-24T00:00:00-03:00;24;5;1989;4,13454545454545e-07
1989-05-25;GM366_ERC366;1989-05-25T00:00:00-03:00;25;5;1989;
1989-05-26;GM366_ERC366;1989-05-26T00:00:00-03:00;26;5;1989;4,13454545454545e-07
1989-05-27;GM366_ERC366;1989-05-27T00:00:00-03:00;27;5;1989;
1989-05-28;GM366_ERC366;1989-05-28T00:00:00-03:00;28;5;1989;
1989-05-29;GM366_ERC366;1989-05-29T00:00:00-03:00;29;5;1989;4,17454545454545e-07
1989-05-30;GM366_ERC366;1989-05-30T00:00:00-03:00;30;5;1989;4,17454545454545e-07
1989-05-31;GM366_ERC366;1989-05-31T00:00:00-03:00;31;5;1989;4,17454545454545e-07
1989-06-01;GM366_ERC366;1989-06-01T00:00:00-03:00;1;6;1989;4,23272727272727e-07
1989-06-02;GM366_ERC366;1989-06-02T00:00:00-03:00;2;6;1989;4,23272727272727e-07
1989-06-03;GM366_ERC366;1989-06-03T00:00:00-03:00;3;6;1989;
1989-06-04;GM366_ERC366;1989-06-04T00:00:00-03:00;4;6;1989;
1989-06-05;GM366_ERC366;1989-06-05T00:00:00-03:00;5;6;1989;4,23272727272727e-07
1989-06-06;GM366_ERC366;1989-06-06T00:00:00-03:00;6;6;1989;4,40363636363636e-07
1989-06-07;GM366_ERC366;1989-06-07T00:00:00-03:00;7;6;1989;4,40363636363636e-07
1989-06-08;GM366_ERC366;1989-06-08T00:00:00-03:00;8;6;1989;4,40363636363636e-07
1989-06-09;GM366_ERC366;1989-06-09T00:00:00-03:00;9;6;1989;4,53454545454546e-07
1989-06-10;GM366_ERC366;1989-06-10T00:00:00-03:00;10;6;1989;
1989-06-11;GM366_ERC366;1989-06-11T00:00:00-03:00;11;6;1989;
1989-06-12;GM366_ERC366;1989-06-12T00:00:00-03:00;12;6;1989;4,53454545454546e-07
1989-06-13;GM366_ERC366;1989-06-13T00:00:00-03:00;13;6;1989;4,78545454545455e-07
1989-06-14;GM366_ERC366;1989-06-14T00:00:00-03:00;14;6;1989;4,78545454545455e-07
1989-06-15;GM366_ERC366;1989-06-15T00:00:00-03:00;15;6;1989;4,87636363636364e-07
1989-06-16;GM366_ERC366;1989-06-16T00:00:00-03:00;16;6;1989;4,92e-07
1989-06-17;GM366_ERC366;1989-06-17T00:00:00-03:00;17;6;1989;
1989-06-18;GM366_ERC366;1989-06-18T00:00:00-03:00;18;6;1989;
1989-06-19;GM366_ERC366;1989-06-19T00:00:00-03:00;19;6;1989;4,96727272727273e-07
1989-06-20;GM366_ERC366;1989-06-20T00:00:00-03:00;20;6;1989;5,01090909090909e-07
1989-06-21;GM366_ERC366;1989-06-21T00:00:00-03:00;21;6;1989;5,05818181818182e-07
1989-06-22;GM366_ERC366;1989-06-22T00:00:00-03:00;22;6;1989;5,10545454545455e-07
1989-06-23;GM366_ERC366;1989-06-23T00:00:00-03:00;23;6;1989;5,16e-07
1989-06-24;GM366_ERC366;1989-06-24T00:00:00-03:00;24;6;1989;
1989-06-25;GM366_ERC366;1989-06-25T00:00:00-03:00;25;6;1989;
1989-06-26;GM366_ERC366;1989-06-26T00:00:00-03:00;26;6;1989;5,22545454545455e-07
1989-06-27;GM366_ERC366;1989-06-27T00:00:00-03:00;27;6;1989;5,29090909090909e-07
1989-06-28;GM366_ERC366;1989-06-28T00:00:00-03:00;28;6;1989;5,35636363636364e-07
1989-06-29;GM366_ERC366;1989-06-29T00:00:00-03:00;29;6;1989;5,42545454545455e-07
1989-06-30;GM366_ERC366;1989-06-30T00:00:00-03:00;30;6;1989;5,49818181818182e-07
1989-07-01;GM366_ERC366;1989-07-01T00:00:00-03:00;1;7;1989;
1989-07-02;GM366_ERC366;1989-07-02T00:00:00-03:00;2;7;1989;
1989-07-03;GM366_ERC366;1989-07-03T00:00:00-03:00;3;7;1989;6,15636363636364e-07
1989-07-04;GM366_ERC366;1989-07-04T00:00:00-03:00;4;7;1989;6,22181818181818e-07
1989-07-05;GM366_ERC366;1989-07-05T00:00:00-03:00;5;7;1989;6,29090909090909e-07
1989-07-06;GM366_ERC366;1989-07-06T00:00:00-03:00;6;7;1989;6,36363636363636e-07
1989-07-07;GM366_ERC366;1989-07-07T00:00:00-03:00;7;7;1989;6,42909090909091e-07
1989-07-08;GM366_ERC366;1989-07-08T00:00:00-03:00;8;7;1989;
1989-07-09;GM366_ERC366;1989-07-09T00:00:00-03:00;9;7;1989;
1989-07-10;GM366_ERC366;1989-07-10T00:00:00-03:00;10;7;1989;6,50181818181818e-07
1989-07-11;GM366_ERC366;1989-07-11T00:00:00-03:00;11;7;1989;6,57454545454545e-07
1989-07-12;GM366_ERC366;1989-07-12T00:00:00-03:00;12;7;1989;6,65090909090909e-07
1989-07-13;GM366_ERC366;1989-07-13T00:00:00-03:00;13;7;1989;6,73090909090909e-07
1989-07-14;GM366_ERC366;1989-07-14T00:00:00-03:00;14;7;1989;6,81090909090909e-07
1989-07-15;GM366_ERC366;1989-07-15T00:00:00-03:00;15;7;1989;
1989-07-16;GM366_ERC366;1989-07-16T00:00:00-03:00;16;7;1989;
1989-07-17;GM366_ERC366;1989-07-17T00:00:00-03:00;17;7;1989;6,89090909090909e-07
1989-07-18;GM366_ERC366;1989-07-18T00:00:00-03:00;18;7;1989;6,97454545454545e-07
1989-07-19;GM366_ERC366;1989-07-19T00:00:00-03:00;19;7;1989;7,06181818181818e-07
1989-07-20;GM366_ERC366;1989-07-20T00:00:00-03:00;20;7;1989;7,14545454545455e-07
1989-07-21;GM366_ERC366;1989-07-21T00:00:00-03:00;21;7;1989;7,23272727272727e-07
1989-07-22;GM366_ERC366;1989-07-22T00:00:00-03:00;22;7;1989;
1989-07-23;GM366_ERC366;1989-07-23T00:00:00-03:00;23;7;1989;
1989-07-24;GM366_ERC366;1989-07-24T00:00:00-03:00;24;7;1989;7,32e-07
1989-07-25;GM366_ERC366;1989-07-25T00:00:00-03:00;25;7;1989;7,40727272727273e-07
1989-07-26;GM366_ERC366;1989-07-26T00:00:00-03:00;26;7;1989;7,51272727272727e-07
1989-07-27;GM366_ERC366;1989-07-27T00:00:00-03:00;27;7;1989;7,61818181818182e-07
1989-07-28;GM366_ERC366;1989-07-28T00:00:00-03:00;28;7;1989;7,72363636363636e-07
1989-07-29;GM366_ERC366;1989-07-29T00:00:00-03:00;29;7;1989;
1989-07-30;GM366_ERC366;1989-07-30T00:00:00-03:00;30;7;1989;
1989-07-31;GM366_ERC366;1989-07-31T00:00:00-03:00;31;7;1989;7,84e-07
1989-08-01;GM366_ERC366;1989-08-01T00:00:00-03:00;1;8;1989;7,92e-07
1989-08-02;GM366_ERC366;1989-08-02T00:00:00-03:00;2;8;1989;8,00363636363636e-07
1989-08-03;GM366_ERC366;1989-08-03T00:00:00-03:00;3;8;1989;8,08727272727273e-07
1989-08-04;GM366_ERC366;1989-08-04T00:00:00-03:00;4;8;1989;8,17454545454545e-07
1989-08-05;GM366_ERC366;1989-08-05T00:00:00-03:00;5;8;1989;
1989-08-06;GM366_ERC366;1989-08-06T00:00:00-03:00;6;8;1989;
1989-08-07;GM366_ERC366;1989-08-07T00:00:00-03:00;7;8;1989;8,26181818181818e-07
1989-08-08;GM366_ERC366;1989-08-08T00:00:00-03:00;8;8;1989;8,34909090909091e-07
1989-08-09;GM366_ERC366;1989-08-09T00:00:00-03:00;9;8;1989;8,43636363636364e-07
1989-08-10;GM366_ERC366;1989-08-10T00:00:00-03:00;10;8;1989;8,52727272727273e-07
1989-08-11;GM366_ERC366;1989-08-11T00:00:00-03:00;11;8;1989;8,61818181818182e-07
1989-08-12;GM366_ERC366;1989-08-12T00:00:00-03:00;12;8;1989;
1989-08-13;GM366_ERC366;1989-08-13T00:00:00-03:00;13;8;1989;
1989-08-14;GM366_ERC366;1989-08-14T00:00:00-03:00;14;8;1989;8,71636363636364e-07
1989-08-15;GM366_ERC366;1989-08-15T00:00:00-03:00;15;8;1989;8,81454545454545e-07
1989-08-16;GM366_ERC366;1989-08-16T00:00:00-03:00;16;8;1989;8,91272727272727e-07
1989-08-17;GM366_ERC366;1989-08-17T00:00:00-03:00;17;8;1989;9,01818181818182e-07
1989-08-18;GM366_ERC366;1989-08-18T00:00:00-03:00;18;8;1989;9,12e-07
1989-08-19;GM366_ERC366;1989-08-19T00:00:00-03:00;19;8;1989;
1989-08-20;GM366_ERC366;1989-08-20T00:00:00-03:00;20;8;1989;
1989-08-21;GM366_ERC366;1989-08-21T00:00:00-03:00;21;8;1989;9,22545454545454e-07
1989-08-22;GM366_ERC366;1989-08-22T00:00:00-03:00;22;8;1989;9,33454545454546e-07
1989-08-23;GM366_ERC366;1989-08-23T00:00:00-03:00;23;8;1989;9,44363636363636e-07
1989-08-24;GM366_ERC366;1989-08-24T00:00:00-03:00;24;8;1989;9,55272727272727e-07
1989-08-25;GM366_ERC366;1989-08-25T00:00:00-03:00;25;8;1989;9,66909090909091e-07
1989-08-26;GM366_ERC366;1989-08-26T00:00:00-03:00;26;8;1989;
1989-08-27;GM366_ERC366;1989-08-27T00:00:00-03:00;27;8;1989;
1989-08-28;GM366_ERC366;1989-08-28T00:00:00-03:00;28;8;1989;9,77454545454546e-07
1989-08-29;GM366_ERC366;1989-08-29T00:00:00-03:00;29;8;1989;9,88e-07
1989-08-30;GM366_ERC366;1989-08-30T00:00:00-03:00;30;8;1989;9,98909090909091e-07
1989-08-31;GM366_ERC366;1989-08-31T00:00:00-03:00;31;8;1989;1,01381818181818e-06
1989-09-01;GM366_ERC366;1989-09-01T00:00:00-03:00;1;9;1989;1,02690909090909e-06
1989-09-02;GM366_ERC366;1989-09-02T00:00:00-03:00;2;9;1989;
1989-09-03;GM366_ERC366;1989-09-03T00:00:00-03:00;3;9;1989;
1989-09-04;GM366_ERC366;1989-09-04T00:00:00-03:00;4;9;1989;1,04109090909091e-06
1989-09-05;GM366_ERC366;1989-09-05T00:00:00-03:00;5;9;1989;1,05527272727273e-06
1989-09-06;GM366_ERC366;1989-09-06T00:00:00-03:00;6;9;1989;1,06945454545455e-06
1989-09-07;GM366_ERC366;1989-09-07T00:00:00-03:00;7;9;1989;
1989-09-08;GM366_ERC366;1989-09-08T00:00:00-03:00;8;9;1989;1,08472727272727e-06
1989-09-09;GM366_ERC366;1989-09-09T00:00:00-03:00;9;9;1989;
1989-09-10;GM366_ERC366;1989-09-10T00:00:00-03:00;10;9;1989;
1989-09-11;GM366_ERC366;1989-09-11T00:00:00-03:00;11;9;1989;1,1e-06
1989-09-12;GM366_ERC366;1989-09-12T00:00:00-03:00;12;9;1989;1,11563636363636e-06
1989-09-13;GM366_ERC366;1989-09-13T00:00:00-03:00;13;9;1989;1,13127272727273e-06
1989-09-14;GM366_ERC366;1989-09-14T00:00:00-03:00;14;9;1989;1,14763636363636e-06
1989-09-15;GM366_ERC366;1989-09-15T00:00:00-03:00;15;9;1989;1,16472727272727e-06
1989-09-16;GM366_ERC366;1989-09-16T00:00:00-03:00;16;9;1989;
1989-09-17;GM366_ERC366;1989-09-17T00:00:00-03:00;17;9;1989;
1989-09-18;GM366_ERC366;1989-09-18T00:00:00-03:00;18;9;1989;1,18218181818182e-06
1989-09-19;GM366_ERC366;1989-09-19T00:00:00-03:00;19;9;1989;1,19963636363636e-06
1989-09-20;GM366_ERC366;1989-09-20T00:00:00-03:00;20;9;1989;1,21781818181818e-06
1989-09-21;GM366_ERC366;1989-09-21T00:00:00-03:00;21;9;1989;1,23563636363636e-06
1989-09-22;GM366_ERC366;1989-09-22T00:00:00-03:00;22;9;1989;1,25418181818182e-06
1989-09-23;GM366_ERC366;1989-09-23T00:00:00-03:00;23;9;1989;
1989-09-24;GM366_ERC366;1989-09-24T00:00:00-03:00;24;9;1989;
1989-09-25;GM366_ERC366;1989-09-25T00:00:00-03:00;25;9;1989;1,27636363636364e-06
1989-09-26;GM366_ERC366;1989-09-26T00:00:00-03:00;26;9;1989;1,29854545454545e-06
1989-09-27;GM366_ERC366;1989-09-27T00:00:00-03:00;27;9;1989;1,32145454545455e-06
1989-09-28;GM366_ERC366;1989-09-28T00:00:00-03:00;28;9;1989;1,34690909090909e-06
1989-09-29;GM366_ERC366;1989-09-29T00:00:00-03:00;29;9;1989;1,37381818181818e-06
1989-09-30;GM366_ERC366;1989-09-30T00:00:00-03:00;30;9;1989;
1989-10-01;GM366_ERC366;1989-10-01T00:00:00-03:00;1;10;1989;
1989-10-02;GM366_ERC366;1989-10-02T00:00:00-03:00;2;10;1989;1,39418181818182e-06
1989-10-03;GM366_ERC366;1989-10-03T00:00:00-03:00;3;10;1989;1,41454545454545e-06
1989-10-04;GM366_ERC366;1989-10-04T00:00:00-03:00;4;10;1989;1,43563636363636e-06
1989-10-05;GM366_ERC366;1989-10-05T00:00:00-03:00;5;10;1989;1,45709090909091e-06
1989-10-06;GM366_ERC366;1989-10-06T00:00:00-03:00;6;10;1989;1,47890909090909e-06
1989-10-07;GM366_ERC366;1989-10-07T00:00:00-03:00;7;10;1989;
1989-10-08;GM366_ERC366;1989-10-08T00:00:00-03:00;8;10;1989;
1989-10-09;GM366_ERC366;1989-10-09T00:00:00-03:00;9;10;1989;
1989-10-10;GM366_ERC366;1989-10-10T00:00:00-03:00;10;10;1989;1,50109090909091e-06
1989-10-11;GM366_ERC366;1989-10-11T00:00:00-03:00;11;10;1989;1,52327272727273e-06
1989-10-12;GM366_ERC366;1989-10-12T00:00:00-03:00;12;10;1989;1,54618181818182e-06
1989-10-13;GM366_ERC366;1989-10-13T00:00:00-03:00;13;10;1989;1,56945454545455e-06
1989-10-14;GM366_ERC366;1989-10-14T00:00:00-03:00;14;10;1989;
1989-10-15;GM366_ERC366;1989-10-15T00:00:00-03:00;15;10;1989;
1989-10-16;GM366_ERC366;1989-10-16T00:00:00-03:00;16;10;1989;1,59272727272727e-06
1989-10-17;GM366_ERC366;1989-10-17T00:00:00-03:00;17;10;1989;1,61563636363636e-06
1989-10-18;GM366_ERC366;1989-10-18T00:00:00-03:00;18;10;1989;1,63927272727273e-06
1989-10-19;GM366_ERC366;1989-10-19T00:00:00-03:00;19;10;1989;1,66290909090909e-06
1989-10-20;GM366_ERC366;1989-10-20T00:00:00-03:00;20;10;1989;1,68727272727273e-06
1989-10-21;GM366_ERC366;1989-10-21T00:00:00-03:00;21;10;1989;
1989-10-22;GM366_ERC366;1989-10-22T00:00:00-03:00;22;10;1989;
1989-10-23;GM366_ERC366;1989-10-23T00:00:00-03:00;23;10;1989;1,71418181818182e-06
1989-10-24;GM366_ERC366;1989-10-24T00:00:00-03:00;24;10;1989;1,74181818181818e-06
1989-10-25;GM366_ERC366;1989-10-25T00:00:00-03:00;25;10;1989;1,76981818181818e-06
1989-10-26;GM366_ERC366;1989-10-26T00:00:00-03:00;26;10;1989;1,79818181818182e-06
1989-10-27;GM366_ERC366;1989-10-27T00:00:00-03:00;27;10;1989;1,82727272727273e-06
1989-10-28;GM366_ERC366;1989-10-28T00:00:00-03:00;28;10;1989;
1989-10-29;GM366_ERC366;1989-10-29T00:00:00-03:00;29;10;1989;
1989-10-30;GM366_ERC366;1989-10-30T00:00:00-03:00;30;10;1989;1,85927272727273e-06
1989-10-31;GM366_ERC366;1989-10-31T00:00:00-03:00;31;10;1989;1,89054545454545e-06
1989-11-01;GM366_ERC366;1989-11-01T00:00:00-03:00;1;11;1989;1,92109090909091e-06
1989-11-02;GM366_ERC366;1989-11-02T00:00:00-03:00;2;11;1989;
1989-11-03;GM366_ERC366;1989-11-03T00:00:00-03:00;3;11;1989;1,952e-06
1989-11-04;GM366_ERC366;1989-11-04T00:00:00-03:00;4;11;1989;
1989-11-05;GM366_ERC366;1989-11-05T00:00:00-03:00;5;11;1989;
1989-11-06;GM366_ERC366;1989-11-06T00:00:00-03:00;6;11;1989;1,98327272727273e-06
1989-11-07;GM366_ERC366;1989-11-07T00:00:00-03:00;7;11;1989;2,01527272727273e-06
1989-11-08;GM366_ERC366;1989-11-08T00:00:00-02:00;8;11;1989;2,048e-06
1989-11-09;GM366_ERC366;1989-11-09T00:00:00-02:00;9;11;1989;2,08145454545455e-06
1989-11-10;GM366_ERC366;1989-11-10T00:00:00-02:00;10;11;1989;2,11636363636364e-06
1989-11-11;GM366_ERC366;1989-11-11T00:00:00-02:00;11;11;1989;
1989-11-12;GM366_ERC366;1989-11-12T00:00:00-02:00;12;11;1989;
1989-11-13;GM366_ERC366;1989-11-13T00:00:00-02:00;13;11;1989;2,15236363636364e-06
1989-11-14;GM366_ERC366;1989-11-14T00:00:00-02:00;14;11;1989;2,18836363636364e-06
1989-11-15;GM366_ERC366;1989-11-15T00:00:00-02:00;15;11;1989;
1989-11-16;GM366_ERC366;1989-11-16T00:00:00-02:00;16;11;1989;2,22509090909091e-06
1989-11-17;GM366_ERC366;1989-11-17T00:00:00-02:00;17;11;1989;2,26327272727273e-06
1989-11-18;GM366_ERC366;1989-11-18T00:00:00-02:00;18;11;1989;
1989-11-19;GM366_ERC366;1989-11-19T00:00:00-02:00;19;11;1989;
1989-11-20;GM366_ERC366;1989-11-20T00:00:00-02:00;20;11;1989;2,30218181818182e-06
1989-11-21;GM366_ERC366;1989-11-21T00:00:00-02:00;21;11;1989;2,34145454545455e-06
1989-11-22;GM366_ERC366;1989-11-22T00:00:00-02:00;22;11;1989;2,38145454545455e-06
1989-11-23;GM366_ERC366;1989-11-23T00:00:00-02:00;23;11;1989;2,42218181818182e-06
1989-11-24;GM366_ERC366;1989-11-24T00:00:00-02:00;24;11;1989;2,46763636363636e-06
1989-11-25;GM366_ERC366;1989-11-25T00:00:00-02:00;25;11;1989;
1989-11-26;GM366_ERC366;1989-11-26T00:00:00-02:00;26;11;1989;
1989-11-27;GM366_ERC366;1989-11-27T00:00:00-02:00;27;11;1989;2,51345454545455e-06
1989-11-28;GM366_ERC366;1989-11-28T00:00:00-02:00;28;11;1989;2,56036363636364e-06
1989-11-29;GM366_ERC366;1989-11-29T00:00:00-02:00;29;11;1989;2,61236363636364e-06
1989-11-30;GM366_ERC366;1989-11-30T00:00:00-02:00;30;11;1989;2,66581818181818e-06
1989-12-01;GM366_ERC366;1989-12-01T00:00:00-02:00;1;12;1989;2,716e-06
1989-12-02;GM366_ERC366;1989-12-02T00:00:00-02:00;2;12;1989;
1989-12-03;GM366_ERC366;1989-12-03T00:00:00-02:00;3;12;1989;
1989-12-04;GM366_ERC366;1989-12-04T00:00:00-02:00;4;12;1989;2,77563636363636e-06
1989-12-05;GM366_ERC366;1989-12-05T00:00:00-02:00;5;12;1989;2,82763636363636e-06
1989-12-06;GM366_ERC366;1989-12-06T00:00:00-02:00;6;12;1989;2,88072727272727e-06
1989-12-07;GM366_ERC366;1989-12-07T00:00:00-02:00;7;12;1989;2,93490909090909e-06
1989-12-08;GM366_ERC366;1989-12-08T00:00:00-02:00;8;12;1989;2,99054545454545e-06
1989-12-09;GM366_ERC366;1989-12-09T00:00:00-02:00;9;12;1989;
1989-12-10;GM366_ERC366;1989-12-10T00:00:00-02:00;10;12;1989;
1989-12-11;GM366_ERC366;1989-12-11T00:00:00-02:00;11;12;1989;3,04690909090909e-06
1989-12-12;GM366_ERC366;1989-12-12T00:00:00-02:00;12;12;1989;3,10872727272727e-06
1989-12-13;GM366_ERC366;1989-12-13T00:00:00-02:00;13;12;1989;3,17781818181818e-06
1989-12-14;GM366_ERC366;1989-12-14T00:00:00-02:00;14;12;1989;3,24836363636364e-06
1989-12-15;GM366_ERC366;1989-12-15T00:00:00-02:00;15;12;1989;3,32036363636364e-06
1989-12-16;GM366_ERC366;1989-12-16T00:00:00-02:00;16;12;1989;
1989-12-17;GM366_ERC366;1989-12-17T00:00:00-02:00;17;12;1989;
1989-12-18;GM366_ERC366;1989-12-18T00:00:00-02:00;18;12;1989;3,39418181818182e-06
1989-12-19;GM366_ERC366;1989-12-19T00:00:00-02:00;19;12;1989;3,46945454545455e-06
1989-12-20;GM366_ERC366;1989-12-20T00:00:00-02:00;20;12;1989;3,56218181818182e-06
1989-12-21;GM366_ERC366;1989-12-21T00:00:00-02:00;21;12;1989;3,66690909090909e-06
1989-12-22;GM366_ERC366;1989-12-22T00:00:00-02:00;22;12;1989;3,77490909090909e-06
1989-12-23;GM366_ERC366;1989-12-23T00:00:00-02:00;23;12;1989;
1989-12-24;GM366_ERC366;1989-12-24T00:00:00-02:00;24;12;1989;
1989-12-25;GM366_ERC366;1989-12-25T00:00:00-02:00;25;12;1989;
1989-12-26;GM366_ERC366;1989-12-26T00:00:00-02:00;26;12;1989;3,88581818181818e-06
1989-12-27;GM366_ERC366;1989-12-27T00:00:00-02:00;27;12;1989;4,00036363636364e-06
1989-12-28;GM366_ERC366;1989-12-28T00:00:00-02:00;28;12;1989;4,10981818181818e-06
1989-12-29;GM366_ERC366;1989-12-29T00:00:00-02:00;29;12;1989;4,10981818181818e-06
1989-12-30;GM366_ERC366;1989-12-30T00:00:00-02:00;30;12;1989;
1989-12-31;GM366_ERC366;1989-12-31T00:00:00-02:00;31;12;1989;
1990-01-01;GM366_ERC366;1990-01-01T00:00:00-02:00;1;1;1990;
1990-01-02;GM366_ERC366;1990-01-02T00:00:00-02:00;2;1;1990;11,524
1990-01-03;GM366_ERC366;1990-01-03T00:00:00-02:00;3;1;1990;11,751
1990-01-04;GM366_ERC366;1990-01-04T00:00:00-02:00;4;1;1990;11,983
1990-01-05;GM366_ERC366;1990-01-05T00:00:00-02:00;5;1;1990;12,209
1990-01-06;GM366_ERC366;1990-01-06T00:00:00-02:00;6;1;1990;
1990-01-07;GM366_ERC366;1990-01-07T00:00:00-02:00;7;1;1990;
1990-01-08;GM366_ERC366;1990-01-08T00:00:00-02:00;8;1;1990;12,44
1990-01-09;GM366_ERC366;1990-01-09T00:00:00-02:00;9;1;1990;12,677
1990-01-10;GM366_ERC366;1990-01-10T00:00:00-02:00;10;1;1990;12,917
1990-01-11;GM366_ERC366;1990-01-11T00:00:00-02:00;11;1;1990;13,162
1990-01-12;GM366_ERC366;1990-01-12T00:00:00-02:00;12;1;1990;13,412
1990-01-13;GM366_ERC366;1990-01-13T00:00:00-02:00;13;1;1990;
1990-01-14;GM366_ERC366;1990-01-14T00:00:00-02:00;14;1;1990;
1990-01-15;GM366_ERC366;1990-01-15T00:00:00-02:00;15;1;1990;13,666
1990-01-16;GM366_ERC366;1990-01-16T00:00:00-02:00;16;1;1990;13,926
1990-01-17;GM366_ERC366;1990-01-17T00:00:00-02:00;17;1;1990;14,189
1990-01-18;GM366_ERC366;1990-01-18T00:00:00-02:00;18;1;1990;14,458
1990-01-19;GM366_ERC366;1990-01-19T00:00:00-02:00;19;1;1990;14,732
1990-01-20;GM366_ERC366;1990-01-20T00:00:00-02:00;20;1;1990;
1990-01-21;GM366_ERC366;1990-01-21T00:00:00-02:00;21;1;1990;
1990-01-22;GM366_ERC366;1990-01-22T00:00:00-02:00;22;1;1990;15,055
1990-01-23;GM366_ERC366;1990-01-23T00:00:00-02:00;23;1;1990;15,384
1990-01-24;GM366_ERC366;1990-01-24T00:00:00-02:00;24;1;1990;15,721
1990-01-25;GM366_ERC366;1990-01-25T00:00:00-02:00;25;1;1990;16,064
1990-01-26;GM366_ERC366;1990-01-26T00:00:00-02:00;26;1;1990;16,429
1990-01-27;GM366_ERC366;1990-01-27T00:00:00-02:00;27;1;1990;
1990-01-28;GM366_ERC366;1990-01-28T00:00:00-02:00;28;1;1990;
1990-01-29;GM366_ERC366;1990-01-29T00:00:00-02:00;29;1;1990;16,803
1990-01-30;GM366_ERC366;1990-01-30T00:00:00-02:00;30;1;1990;17,184
1990-01-31;GM366_ERC366;1990-01-31T00:00:00-02:00;31;1;1990;17,643
1990-02-01;GM366_ERC366;1990-02-01T00:00:00-02:00;1;2;1990;18,085
1990-02-02;GM366_ERC366;1990-02-02T00:00:00-02:00;2;2;1990;18,538
1990-02-03;GM366_ERC366;1990-02-03T00:00:00-02:00;3;2;1990;
1990-02-04;GM366_ERC366;1990-02-04T00:00:00-02:00;4;2;1990;
1990-02-05;GM366_ERC366;1990-02-05T00:00:00-02:00;5;2;1990;19,002
1990-02-06;GM366_ERC366;1990-02-06T00:00:00-02:00;6;2;1990;19,566
1990-02-07;GM366_ERC366;1990-02-07T00:00:00-02:00;7;2;1990;20,147
1990-02-08;GM366_ERC366;1990-02-08T00:00:00-02:00;8;2;1990;20,744
1990-02-09;GM366_ERC366;1990-02-09T00:00:00-02:00;9;2;1990;21,36
1990-02-10;GM366_ERC366;1990-02-10T00:00:00-02:00;10;2;1990;
1990-02-11;GM366_ERC366;1990-02-11T00:00:00-03:00;11;2;1990;
1990-02-12;GM366_ERC366;1990-02-12T00:00:00-03:00;12;2;1990;21,994
1990-02-13;GM366_ERC366;1990-02-13T00:00:00-03:00;13;2;1990;22,713
1990-02-14;GM366_ERC366;1990-02-14T00:00:00-03:00;14;2;1990;23,456
1990-02-15;GM366_ERC366;1990-02-15T00:00:00-03:00;15;2;1990;24,224
1990-02-16;GM366_ERC366;1990-02-16T00:00:00-03:00;16;2;1990;25,016
1990-02-17;GM366_ERC366;1990-02-17T00:00:00-03:00;17;2;1990;
1990-02-18;GM366_ERC366;1990-02-18T00:00:00-03:00;18;2;1990;
1990-02-19;GM366_ERC366;1990-02-19T00:00:00-03:00;19;2;1990;25,859
1990-02-20;GM366_ERC366;1990-02-20T00:00:00-03:00;20;2;1990;26,744
1990-02-21;GM366_ERC366;1990-02-21T00:00:00-03:00;21;2;1990;27,658
1990-02-22;GM366_ERC366;1990-02-22T00:00:00-03:00;22;2;1990;28,603
1990-02-23;GM366_ERC366;1990-02-23T00:00:00-03:00;23;2;1990;29,581
1990-02-24;GM366_ERC366;1990-02-24T00:00:00-03:00;24;2;1990;
1990-02-25;GM366_ERC366;1990-02-25T00:00:00-03:00;25;2;1990;
1990-02-26;GM366_ERC366;1990-02-26T00:00:00-03:00;26;2;1990;
1990-02-27;GM366_ERC366;1990-02-27T00:00:00-03:00;27;2;1990;
1990-02-28;GM366_ERC366;1990-02-28T00:00:00-03:00;28;2;1990;30,483
1990-03-01;GM366_ERC366;1990-03-01T00:00:00-03:00;1;3;1990;31,251
1990-03-02;GM366_ERC366;1990-03-02T00:00:00-03:00;2;3;1990;32,037
1990-03-03;GM366_ERC366;1990-03-03T00:00:00-03:00;3;3;1990;
1990-03-04;GM366_ERC366;1990-03-04T00:00:00-03:00;4;3;1990;
1990-03-05;GM366_ERC366;1990-03-05T00:00:00-03:00;5;3;1990;32,843
1990-03-06;GM366_ERC366;1990-03-06T00:00:00-03:00;6;3;1990;33,669
1990-03-07;GM366_ERC366;1990-03-07T00:00:00-03:00;7;3;1990;34,517
1990-03-08;GM366_ERC366;1990-03-08T00:00:00-03:00;8;3;1990;35,386
1990-03-09;GM366_ERC366;1990-03-09T00:00:00-03:00;9;3;1990;36,299
1990-03-10;GM366_ERC366;1990-03-10T00:00:00-03:00;10;3;1990;
1990-03-11;GM366_ERC366;1990-03-11T00:00:00-03:00;11;3;1990;
1990-03-12;GM366_ERC366;1990-03-12T00:00:00-03:00;12;3;1990;37,236
1990-03-13;GM366_ERC366;1990-03-13T00:00:00-03:00;13;3;1990;38,197
1990-03-14;GM366_ERC366;1990-03-14T00:00:00-03:00;14;3;1990;
1990-03-15;GM366_ERC366;1990-03-15T00:00:00-03:00;15;3;1990;
1990-03-16;GM366_ERC366;1990-03-16T00:00:00-03:00;16;3;1990;
1990-03-17;GM366_ERC366;1990-03-17T00:00:00-03:00;17;3;1990;
1990-03-18;GM366_ERC366;1990-03-18T00:00:00-03:00;18;3;1990;
1990-03-19;GM366_ERC366;1990-03-19T00:00:00-03:00;19;3;1990;42,294
1990-03-20;GM366_ERC366;1990-03-20T00:00:00-03:00;20;3;1990;38,963
1990-03-21;GM366_ERC366;1990-03-21T00:00:00-03:00;21;3;1990;37,882
1990-03-22;GM366_ERC366;1990-03-22T00:00:00-03:00;22;3;1990;36,136
1990-03-23;GM366_ERC366;1990-03-23T00:00:00-03:00;23;3;1990;35,911
1990-03-24;GM366_ERC366;1990-03-24T00:00:00-03:00;24;3;1990;
1990-03-25;GM366_ERC366;1990-03-25T00:00:00-03:00;25;3;1990;
1990-03-26;GM366_ERC366;1990-03-26T00:00:00-03:00;26;3;1990;37,075
1990-03-27;GM366_ERC366;1990-03-27T00:00:00-03:00;27;3;1990;39,639
1990-03-28;GM366_ERC366;1990-03-28T00:00:00-03:00;28;3;1990;40,014
1990-03-29;GM366_ERC366;1990-03-29T00:00:00-03:00;29;3;1990;41,827
1990-03-30;GM366_ERC366;1990-03-30T00:00:00-03:00;30;3;1990;41,933
1990-03-31;GM366_ERC366;1990-03-31T00:00:00-03:00;31;3;1990;
1990-04-01;GM366_ERC366;1990-04-01T00:00:00-03:00;1;4;1990;
1990-04-02;GM366_ERC366;1990-04-02T00:00:00-03:00;2;4;1990;42,29
1990-04-03;GM366_ERC366;1990-04-03T00:00:00-03:00;3;4;1990;42,147
1990-04-04;GM366_ERC366;1990-04-04T00:00:00-03:00;4;4;1990;42,245
1990-04-05;GM366_ERC366;1990-04-05T00:00:00-03:00;5;4;1990;42,172
1990-04-06;GM366_ERC366;1990-04-06T00:00:00-03:00;6;4;1990;42,204
1990-04-07;GM366_ERC366;1990-04-07T00:00:00-03:00;7;4;1990;
1990-04-08;GM366_ERC366;1990-04-08T00:00:00-03:00;8;4;1990;
1990-04-09;GM366_ERC366;1990-04-09T00:00:00-03:00;9;4;1990;42,251
1990-04-10;GM366_ERC366;1990-04-10T00:00:00-03:00;10;4;1990;43,236
1990-04-11;GM366_ERC366;1990-04-11T00:00:00-03:00;11;4;1990;46,2
1990-04-12;GM366_ERC366;1990-04-12T00:00:00-03:00;12;4;1990;
1990-04-13;GM366_ERC366;1990-04-13T00:00:00-03:00;13;4;1990;
1990-04-14;GM366_ERC366;1990-04-14T00:00:00-03:00;14;4;1990;
1990-04-15;GM366_ERC366;1990-04-15T00:00:00-03:00;15;4;1990;
1990-04-16;GM366_ERC366;1990-04-16T00:00:00-03:00;16;4;1990;49,061
1990-04-17;GM366_ERC366;1990-04-17T00:00:00-03:00;17;4;1990;50,611
1990-04-18;GM366_ERC366;1990-04-18T00:00:00-03:00;18;4;1990;50,471
1990-04-19;GM366_ERC366;1990-04-19T00:00:00-03:00;19;4;1990;50,766
1990-04-20;GM366_ERC366;1990-04-20T00:00:00-03:00;20;4;1990;50,578
1990-04-21;GM366_ERC366;1990-04-21T00:00:00-03:00;21;4;1990;
1990-04-22;GM366_ERC366;1990-04-22T00:00:00-03:00;22;4;1990;
1990-04-23;GM366_ERC366;1990-04-23T00:00:00-03:00;23;4;1990;50,663
1990-04-24;GM366_ERC366;1990-04-24T00:00:00-03:00;24;4;1990;50,732
1990-04-25;GM366_ERC366;1990-04-25T00:00:00-03:00;25;4;1990;50,677
1990-04-26;GM366_ERC366;1990-04-26T00:00:00-03:00;26;4;1990;50,776
1990-04-27;GM366_ERC366;1990-04-27T00:00:00-03:00;27;4;1990;50,804
1990-04-28;GM366_ERC366;1990-04-28T00:00:00-03:00;28;4;1990;
1990-04-29;GM366_ERC366;1990-04-29T00:00:00-03:00;29;4;1990;
1990-04-30;GM366_ERC366;1990-04-30T00:00:00-03:00;30;4;1990;50,845
1990-05-01;GM366_ERC366;1990-05-01T00:00:00-03:00;1;5;1990;
1990-05-02;GM366_ERC366;1990-05-02T00:00:00-03:00;2;5;1990;50,759
1990-05-03;GM366_ERC366;1990-05-03T00:00:00-03:00;3;5;1990;50,775
1990-05-04;GM366_ERC366;1990-05-04T00:00:00-03:00;4;5;1990;50,701
1990-05-05;GM366_ERC366;1990-05-05T00:00:00-03:00;5;5;1990;
1990-05-06;GM366_ERC366;1990-05-06T00:00:00-03:00;6;5;1990;
1990-05-07;GM366_ERC366;1990-05-07T00:00:00-03:00;7;5;1990;50,739
1990-05-08;GM366_ERC366;1990-05-08T00:00:00-03:00;8;5;1990;50,801
1990-05-09;GM366_ERC366;1990-05-09T00:00:00-03:00;9;5;1990;50,74
1990-05-10;GM366_ERC366;1990-05-10T00:00:00-03:00;10;5;1990;50,824
1990-05-11;GM366_ERC366;1990-05-11T00:00:00-03:00;11;5;1990;50,81
1990-05-12;GM366_ERC366;1990-05-12T00:00:00-03:00;12;5;1990;
1990-05-13;GM366_ERC366;1990-05-13T00:00:00-03:00;13;5;1990;
1990-05-14;GM366_ERC366;1990-05-14T00:00:00-03:00;14;5;1990;50,866
1990-05-15;GM366_ERC366;1990-05-15T00:00:00-03:00;15;5;1990;50,99
1990-05-16;GM366_ERC366;1990-05-16T00:00:00-03:00;16;5;1990;51,041
1990-05-17;GM366_ERC366;1990-05-17T00:00:00-03:00;17;5;1990;51,088
1990-05-18;GM366_ERC366;1990-05-18T00:00:00-03:00;18;5;1990;51,102
1990-05-19;GM366_ERC366;1990-05-19T00:00:00-03:00;19;5;1990;
1990-05-20;GM366_ERC366;1990-05-20T00:00:00-03:00;20;5;1990;
1990-05-21;GM366_ERC366;1990-05-21T00:00:00-03:00;21;5;1990;51,236
1990-05-22;GM366_ERC366;1990-05-22T00:00:00-03:00;22;5;1990;51,891
1990-05-23;GM366_ERC366;1990-05-23T00:00:00-03:00;23;5;1990;52,243
1990-05-24;GM366_ERC366;1990-05-24T00:00:00-03:00;24;5;1990;52,71
1990-05-25;GM366_ERC366;1990-05-25T00:00:00-03:00;25;5;1990;54,04
1990-05-26;GM366_ERC366;1990-05-26T00:00:00-03:00;26;5;1990;
1990-05-27;GM366_ERC366;1990-05-27T00:00:00-03:00;27;5;1990;
1990-05-28;GM366_ERC366;1990-05-28T00:00:00-03:00;28;5;1990;54,464
1990-05-29;GM366_ERC366;1990-05-29T00:00:00-03:00;29;5;1990;54,936
1990-05-30;GM366_ERC366;1990-05-30T00:00:00-03:00;30;5;1990;54,952
1990-05-31;GM366_ERC366;1990-05-31T00:00:00-03:00;31;5;1990;54,975
1990-06-01;GM366_ERC366;1990-06-01T00:00:00-03:00;1;6;1990;54,875
1990-06-02;GM366_ERC366;1990-06-02T00:00:00-03:00;2;6;1990;
1990-06-03;GM366_ERC366;1990-06-03T00:00:00-03:00;3;6;1990;
1990-06-04;GM366_ERC366;1990-06-04T00:00:00-03:00;4;6;1990;54,901
1990-06-05;GM366_ERC366;1990-06-05T00:00:00-03:00;5;6;1990;55,131
1990-06-06;GM366_ERC366;1990-06-06T00:00:00-03:00;6;6;1990;55,507
1990-06-07;GM366_ERC366;1990-06-07T00:00:00-03:00;7;6;1990;55,568
1990-06-08;GM366_ERC366;1990-06-08T00:00:00-03:00;8;6;1990;55,494
1990-06-09;GM366_ERC366;1990-06-09T00:00:00-03:00;9;6;1990;
1990-06-10;GM366_ERC366;1990-06-10T00:00:00-03:00;10;6;1990;
1990-06-11;GM366_ERC366;1990-06-11T00:00:00-03:00;11;6;1990;55,467
1990-06-12;GM366_ERC366;1990-06-12T00:00:00-03:00;12;6;1990;55,415
1990-06-13;GM366_ERC366;1990-06-13T00:00:00-03:00;13;6;1990;55,454
1990-06-14;GM366_ERC366;1990-06-14T00:00:00-03:00;14;6;1990;
1990-06-15;GM366_ERC366;1990-06-15T00:00:00-03:00;15;6;1990;55,751
1990-06-16;GM366_ERC366;1990-06-16T00:00:00-03:00;16;6;1990;
1990-06-17;GM366_ERC366;1990-06-17T00:00:00-03:00;17;6;1990;
1990-06-18;GM366_ERC366;1990-06-18T00:00:00-03:00;18;6;1990;56,042
1990-06-19;GM366_ERC366;1990-06-19T00:00:00-03:00;19;6;1990;56,439
1990-06-20;GM366_ERC366;1990-06-20T00:00:00-03:00;20;6;1990;56,577
1990-06-21;GM366_ERC366;1990-06-21T00:00:00-03:00;21;6;1990;56,981
1990-06-22;GM366_ERC366;1990-06-22T00:00:00-03:00;22;6;1990;58,29
1990-06-23;GM366_ERC366;1990-06-23T00:00:00-03:00;23;6;1990;
1990-06-24;GM366_ERC366;1990-06-24T00:00:00-03:00;24;6;1990;
1990-06-25;GM366_ERC366;1990-06-25T00:00:00-03:00;25;6;1990;59,569
1990-06-26;GM366_ERC366;1990-06-26T00:00:00-03:00;26;6;1990;59,825
1990-06-27;GM366_ERC366;1990-06-27T00:00:00-03:00;27;6;1990;59,861
1990-06-28;GM366_ERC366;1990-06-28T00:00:00-03:00;28;6;1990;60,012
1990-06-29;GM366_ERC366;1990-06-29T00:00:00-03:00;29;6;1990;60,735
1990-06-30;GM366_ERC366;1990-06-30T00:00:00-03:00;30;6;1990;
1990-07-01;GM366_ERC366;1990-07-01T00:00:00-03:00;1;7;1990;
1990-07-02;GM366_ERC366;1990-07-02T00:00:00-03:00;2;7;1990;61,71
1990-07-03;GM366_ERC366;1990-07-03T00:00:00-03:00;3;7;1990;62,255
1990-07-04;GM366_ERC366;1990-07-04T00:00:00-03:00;4;7;1990;63,021
1990-07-05;GM366_ERC366;1990-07-05T00:00:00-03:00;5;7;1990;65,44
1990-07-06;GM366_ERC366;1990-07-06T00:00:00-03:00;6;7;1990;65,752
1990-07-07;GM366_ERC366;1990-07-07T00:00:00-03:00;7;7;1990;
1990-07-08;GM366_ERC366;1990-07-08T00:00:00-03:00;8;7;1990;
1990-07-09;GM366_ERC366;1990-07-09T00:00:00-03:00;9;7;1990;65,512
1990-07-10;GM366_ERC366;1990-07-10T00:00:00-03:00;10;7;1990;65,622
1990-07-11;GM366_ERC366;1990-07-11T00:00:00-03:00;11;7;1990;65,413
1990-07-12;GM366_ERC366;1990-07-12T00:00:00-03:00;12;7;1990;65,674
1990-07-13;GM366_ERC366;1990-07-13T00:00:00-03:00;13;7;1990;66,089
1990-07-14;GM366_ERC366;1990-07-14T00:00:00-03:00;14;7;1990;
1990-07-15;GM366_ERC366;1990-07-15T00:00:00-03:00;15;7;1990;
1990-07-16;GM366_ERC366;1990-07-16T00:00:00-03:00;16;7;1990;66,373
1990-07-17;GM366_ERC366;1990-07-17T00:00:00-03:00;17;7;1990;66,267
1990-07-18;GM366_ERC366;1990-07-18T00:00:00-03:00;18;7;1990;66,671
1990-07-19;GM366_ERC366;1990-07-19T00:00:00-03:00;19;7;1990;67,05
1990-07-20;GM366_ERC366;1990-07-20T00:00:00-03:00;20;7;1990;67,699
1990-07-21;GM366_ERC366;1990-07-21T00:00:00-03:00;21;7;1990;
1990-07-22;GM366_ERC366;1990-07-22T00:00:00-03:00;22;7;1990;
1990-07-23;GM366_ERC366;1990-07-23T00:00:00-03:00;23;7;1990;67,946
1990-07-24;GM366_ERC366;1990-07-24T00:00:00-03:00;24;7;1990;67,905
1990-07-25;GM366_ERC366;1990-07-25T00:00:00-03:00;25;7;1990;68,008
1990-07-26;GM366_ERC366;1990-07-26T00:00:00-03:00;26;7;1990;67,916
1990-07-27;GM366_ERC366;1990-07-27T00:00:00-03:00;27;7;1990;68,148
1990-07-28;GM366_ERC366;1990-07-28T00:00:00-03:00;28;7;1990;
1990-07-29;GM366_ERC366;1990-07-29T00:00:00-03:00;29;7;1990;
1990-07-30;GM366_ERC366;1990-07-30T00:00:00-03:00;30;7;1990;68,375
1990-07-31;GM366_ERC366;1990-07-31T00:00:00-03:00;31;7;1990;68,754
1990-08-01;GM366_ERC366;1990-08-01T00:00:00-03:00;1;8;1990;69,755
1990-08-02;GM366_ERC366;1990-08-02T00:00:00-03:00;2;8;1990;70,655
1990-08-03;GM366_ERC366;1990-08-03T00:00:00-03:00;3;8;1990;70,911
1990-08-04;GM366_ERC366;1990-08-04T00:00:00-03:00;4;8;1990;
1990-08-05;GM366_ERC366;1990-08-05T00:00:00-03:00;5;8;1990;
1990-08-06;GM366_ERC366;1990-08-06T00:00:00-03:00;6;8;1990;71,131
1990-08-07;GM366_ERC366;1990-08-07T00:00:00-03:00;7;8;1990;71,359
1990-08-08;GM366_ERC366;1990-08-08T00:00:00-03:00;8;8;1990;71,32
1990-08-09;GM366_ERC366;1990-08-09T00:00:00-03:00;9;8;1990;71,423
1990-08-10;GM366_ERC366;1990-08-10T00:00:00-03:00;10;8;1990;71,336
1990-08-11;GM366_ERC366;1990-08-11T00:00:00-03:00;11;8;1990;
1990-08-12;GM366_ERC366;1990-08-12T00:00:00-03:00;12;8;1990;
1990-08-13;GM366_ERC366;1990-08-13T00:00:00-03:00;13;8;1990;71,477
1990-08-14;GM366_ERC366;1990-08-14T00:00:00-03:00;14;8;1990;71,575
1990-08-15;GM366_ERC366;1990-08-15T00:00:00-03:00;15;8;1990;71,692
1990-08-16;GM366_ERC366;1990-08-16T00:00:00-03:00;16;8;1990;72,079
1990-08-17;GM366_ERC366;1990-08-17T00:00:00-03:00;17;8;1990;72,383
1990-08-18;GM366_ERC366;1990-08-18T00:00:00-03:00;18;8;1990;
1990-08-19;GM366_ERC366;1990-08-19T00:00:00-03:00;19;8;1990;
1990-08-20;GM366_ERC366;1990-08-20T00:00:00-03:00;20;8;1990;72,169
1990-08-21;GM366_ERC366;1990-08-21T00:00:00-03:00;21;8;1990;72,0
1990-08-22;GM366_ERC366;1990-08-22T00:00:00-03:00;22;8;1990;71,772
1990-08-23;GM366_ERC366;1990-08-23T00:00:00-03:00;23;8;1990;71,065
1990-08-24;GM366_ERC366;1990-08-24T00:00:00-03:00;24;8;1990;72,029
1990-08-25;GM366_ERC366;1990-08-25T00:00:00-03:00;25;8;1990;
1990-08-26;GM366_ERC366;1990-08-26T00:00:00-03:00;26;8;1990;
1990-08-27;GM366_ERC366;1990-08-27T00:00:00-03:00;27;8;1990;72,22
1990-08-28;GM366_ERC366;1990-08-28T00:00:00-03:00;28;8;1990;72,213
1990-08-29;GM366_ERC366;1990-08-29T00:00:00-03:00;29;8;1990;72,027
1990-08-30;GM366_ERC366;1990-08-30T00:00:00-03:00;30;8;1990;71,493
1990-08-31;GM366_ERC366;1990-08-31T00:00:00-03:00;31;8;1990;71,38
1990-09-01;GM366_ERC366;1990-09-01T00:00:00-03:00;1;9;1990;
1990-09-02;GM366_ERC366;1990-09-02T00:00:00-03:00;2;9;1990;
1990-09-03;GM366_ERC366;1990-09-03T00:00:00-03:00;3;9;1990;70,465
1990-09-04;GM366_ERC366;1990-09-04T00:00:00-03:00;4;9;1990;68,593
1990-09-05;GM366_ERC366;1990-09-05T00:00:00-03:00;5;9;1990;67,276
1990-09-06;GM366_ERC366;1990-09-06T00:00:00-03:00;6;9;1990;67,55
1990-09-07;GM366_ERC366;1990-09-07T00:00:00-03:00;7;9;1990;
1990-09-08;GM366_ERC366;1990-09-08T00:00:00-03:00;8;9;1990;
1990-09-09;GM366_ERC366;1990-09-09T00:00:00-03:00;9;9;1990;
1990-09-10;GM366_ERC366;1990-09-10T00:00:00-03:00;10;9;1990;67,28
1990-09-11;GM366_ERC366;1990-09-11T00:00:00-03:00;11;9;1990;67,258
1990-09-12;GM366_ERC366;1990-09-12T00:00:00-03:00;12;9;1990;69,929
1990-09-13;GM366_ERC366;1990-09-13T00:00:00-03:00;13;9;1990;73,041
1990-09-14;GM366_ERC366;1990-09-14T00:00:00-03:00;14;9;1990;74,861
1990-09-15;GM366_ERC366;1990-09-15T00:00:00-03:00;15;9;1990;
1990-09-16;GM366_ERC366;1990-09-16T00:00:00-03:00;16;9;1990;
1990-09-17;GM366_ERC366;1990-09-17T00:00:00-03:00;17;9;1990;74,699
1990-09-18;GM366_ERC366;1990-09-18T00:00:00-03:00;18;9;1990;75,137
1990-09-19;GM366_ERC366;1990-09-19T00:00:00-03:00;19;9;1990;77,559
1990-09-20;GM366_ERC366;1990-09-20T00:00:00-03:00;20;9;1990;79,525
1990-09-21;GM366_ERC366;1990-09-21T00:00:00-03:00;21;9;1990;81,24
1990-09-22;GM366_ERC366;1990-09-22T00:00:00-03:00;22;9;1990;
1990-09-23;GM366_ERC366;1990-09-23T00:00:00-03:00;23;9;1990;
1990-09-24;GM366_ERC366;1990-09-24T00:00:00-03:00;24;9;1990;81,8
1990-09-25;GM366_ERC366;1990-09-25T00:00:00-03:00;25;9;1990;82,083
1990-09-26;GM366_ERC366;1990-09-26T00:00:00-03:00;26;9;1990;82,463
1990-09-27;GM366_ERC366;1990-09-27T00:00:00-03:00;27;9;1990;83,751
1990-09-28;GM366_ERC366;1990-09-28T00:00:00-03:00;28;9;1990;83,746
1990-09-29;GM366_ERC366;1990-09-29T00:00:00-03:00;29;9;1990;
1990-09-30;GM366_ERC366;1990-09-30T00:00:00-03:00;30;9;1990;
1990-10-01;GM366_ERC366;1990-10-01T00:00:00-03:00;1;10;1990;84,187
1990-10-02;GM366_ERC366;1990-10-02T00:00:00-03:00;2;10;1990;84,364
1990-10-03;GM366_ERC366;1990-10-03T00:00:00-03:00;3;10;1990;
1990-10-04;GM366_ERC366;1990-10-04T00:00:00-03:00;4;10;1990;84,599
1990-10-05;GM366_ERC366;1990-10-05T00:00:00-03:00;5;10;1990;87,004
1990-10-06;GM366_ERC366;1990-10-06T00:00:00-03:00;6;10;1990;
1990-10-07;GM366_ERC366;1990-10-07T00:00:00-03:00;7;10;1990;
1990-10-08;GM366_ERC366;1990-10-08T00:00:00-03:00;8;10;1990;
1990-10-09;GM366_ERC366;1990-10-09T00:00:00-03:00;9;10;1990;88,844
1990-10-10;GM366_ERC366;1990-10-10T00:00:00-03:00;10;10;1990;90,055
1990-10-11;GM366_ERC366;1990-10-11T00:00:00-03:00;11;10;1990;90,22
1990-10-12;GM366_ERC366;1990-10-12T00:00:00-03:00;12;10;1990;90,775
1990-10-13;GM366_ERC366;1990-10-13T00:00:00-03:00;13;10;1990;
1990-10-14;GM366_ERC366;1990-10-14T00:00:00-03:00;14;10;1990;
1990-10-15;GM366_ERC366;1990-10-15T00:00:00-03:00;15;10;1990;91,693
1990-10-16;GM366_ERC366;1990-10-16T00:00:00-03:00;16;10;1990;92,522
1990-10-17;GM366_ERC366;1990-10-17T00:00:00-03:00;17;10;1990;93,482
1990-10-18;GM366_ERC366;1990-10-18T00:00:00-03:00;18;10;1990;95,032
1990-10-19;GM366_ERC366;1990-10-19T00:00:00-03:00;19;10;1990;98,752
1990-10-20;GM366_ERC366;1990-10-20T00:00:00-03:00;20;10;1990;
1990-10-21;GM366_ERC366;1990-10-21T00:00:00-03:00;21;10;1990;
1990-10-22;GM366_ERC366;1990-10-22T00:00:00-03:00;22;10;1990;99,022
1990-10-23;GM366_ERC366;1990-10-23T00:00:00-03:00;23;10;1990;98,528
1990-10-24;GM366_ERC366;1990-10-24T00:00:00-03:00;24;10;1990;99,204
1990-10-25;GM366_ERC366;1990-10-25T00:00:00-03:00;25;10;1990;100,28
1990-10-26;GM366_ERC366;1990-10-26T00:00:00-03:00;26;10;1990;102,31
1990-10-27;GM366_ERC366;1990-10-27T00:00:00-03:00;27;10;1990;
1990-10-28;GM366_ERC366;1990-10-28T00:00:00-03:00;28;10;1990;
1990-10-29;GM366_ERC366;1990-10-29T00:00:00-03:00;29;10;1990;104,18
1990-10-30;GM366_ERC366;1990-10-30T00:00:00-03:00;30;10;1990;105,16
1990-10-31;GM366_ERC366;1990-10-31T00:00:00-03:00;31;10;1990;105,88
1990-11-01;GM366_ERC366;1990-11-01T00:00:00-03:00;1;11;1990;107,62
1990-11-02;GM366_ERC366;1990-11-02T00:00:00-03:00;2;11;1990;
1990-11-03;GM366_ERC366;1990-11-03T00:00:00-03:00;3;11;1990;
1990-11-04;GM366_ERC366;1990-11-04T00:00:00-03:00;4;11;1990;
1990-11-05;GM366_ERC366;1990-11-05T00:00:00-03:00;5;11;1990;113,1
1990-11-06;GM366_ERC366;1990-11-06T00:00:00-03:00;6;11;1990;114,29
1990-11-07;GM366_ERC366;1990-11-07T00:00:00-02:00;7;11;1990;114,0
1990-11-08;GM366_ERC366;1990-11-08T00:00:00-02:00;8;11;1990;113,24
1990-11-09;GM366_ERC366;1990-11-09T00:00:00-02:00;9;11;1990;114,29
1990-11-10;GM366_ERC366;1990-11-10T00:00:00-02:00;10;11;1990;
1990-11-11;GM366_ERC366;1990-11-11T00:00:00-02:00;11;11;1990;
1990-11-12;GM366_ERC366;1990-11-12T00:00:00-02:00;12;11;1990;115,53
1990-11-13;GM366_ERC366;1990-11-13T00:00:00-02:00;13;11;1990;117,5
1990-11-14;GM366_ERC366;1990-11-14T00:00:00-02:00;14;11;1990;117,76
1990-11-15;GM366_ERC366;1990-11-15T00:00:00-02:00;15;11;1990;
1990-11-16;GM366_ERC366;1990-11-16T00:00:00-02:00;16;11;1990;117,23
1990-11-17;GM366_ERC366;1990-11-17T00:00:00-02:00;17;11;1990;
1990-11-18;GM366_ERC366;1990-11-18T00:00:00-02:00;18;11;1990;
1990-11-19;GM366_ERC366;1990-11-19T00:00:00-02:00;19;11;1990;118,13
1990-11-20;GM366_ERC366;1990-11-20T00:00:00-02:00;20;11;1990;120,84
1990-11-21;GM366_ERC366;1990-11-21T00:00:00-02:00;21;11;1990;124,57
1990-11-22;GM366_ERC366;1990-11-22T00:00:00-02:00;22;11;1990;128,07
1990-11-23;GM366_ERC366;1990-11-23T00:00:00-02:00;23;11;1990;129,12
1990-11-24;GM366_ERC366;1990-11-24T00:00:00-02:00;24;11;1990;
1990-11-25;GM366_ERC366;1990-11-25T00:00:00-02:00;25;11;1990;
1990-11-26;GM366_ERC366;1990-11-26T00:00:00-02:00;26;11;1990;130,23
1990-11-27;GM366_ERC366;1990-11-27T00:00:00-02:00;27;11;1990;133,24
1990-11-28;GM366_ERC366;1990-11-28T00:00:00-02:00;28;11;1990;136,42
1990-11-29;GM366_ERC366;1990-11-29T00:00:00-02:00;29;11;1990;140,41
1990-11-30;GM366_ERC366;1990-11-30T00:00:00-02:00;30;11;1990;143,82
1990-12-01;GM366_ERC366;1990-12-01T00:00:00-02:00;1;12;1990;
1990-12-02;GM366_ERC366;1990-12-02T00:00:00-02:00;2;12;1990;
1990-12-03;GM366_ERC366;1990-12-03T00:00:00-02:00;3;12;1990;146,66
1990-12-04;GM366_ERC366;1990-12-04T00:00:00-02:00;4;12;1990;147,26
1990-12-05;GM366_ERC366;1990-12-05T00:00:00-02:00;5;12;1990;147,22
1990-12-06;GM366_ERC366;1990-12-06T00:00:00-02:00;6;12;1990;147,95
1990-12-07;GM366_ERC366;1990-12-07T00:00:00-02:00;7;12;1990;148,96
1990-12-08;GM366_ERC366;1990-12-08T00:00:00-02:00;8;12;1990;
1990-12-09;GM366_ERC366;1990-12-09T00:00:00-02:00;9;12;1990;
1990-12-10;GM366_ERC366;1990-12-10T00:00:00-02:00;10;12;1990;149,5
1990-12-11;GM366_ERC366;1990-12-11T00:00:00-02:00;11;12;1990;149,47
1990-12-12;GM366_ERC366;1990-12-12T00:00:00-02:00;12;12;1990;149,26
1990-12-13;GM366_ERC366;1990-12-13T00:00:00-02:00;13;12;1990;150,35
1990-12-14;GM366_ERC366;1990-12-14T00:00:00-02:00;14;12;1990;150,61
1990-12-15;GM366_ERC366;1990-12-15T00:00:00-02:00;15;12;1990;
1990-12-16;GM366_ERC366;1990-12-16T00:00:00-02:00;16;12;1990;
1990-12-17;GM366_ERC366;1990-12-17T00:00:00-02:00;17;12;1990;151,75
1990-12-18;GM366_ERC366;1990-12-18T00:00:00-02:00;18;12;1990;153,74
1990-12-19;GM366_ERC366;1990-12-19T00:00:00-02:00;19;12;1990;157,7
1990-12-20;GM366_ERC366;1990-12-20T00:00:00-02:00;20;12;1990;157,51
1990-12-21;GM366_ERC366;1990-12-21T00:00:00-02:00;21;12;1990;159,61
1990-12-22;GM366_ERC366;1990-12-22T00:00:00-02:00;22;12;1990;
1990-12-23;GM366_ERC366;1990-12-23T00:00:00-02:00;23;12;1990;
1990-12-24;GM366_ERC366;1990-12-24T00:00:00-02:00;24;12;1990;161,06
1990-12-25;GM366_ERC366;1990-12-25T00:00:00-02:00;25;12;1990;
1990-12-26;GM366_ERC366;1990-12-26T00:00:00-02:00;26;12;1990;163,33
1990-12-27;GM366_ERC366;1990-12-27T00:00:00-02:00;27;12;1990;164,94
1990-12-28;GM366_ERC366;1990-12-28T00:00:00-02:00;28;12;1990;168,59
1990-12-29;GM366_ERC366;1990-12-29T00:00:00-02:00;29;12;1990;
1990-12-30;GM366_ERC366;1990-12-30T00:00:00-02:00;30;12;1990;
1990-12-31;GM366_ERC366;1990-12-31T00:00:00-02:00;31;12;1990;168,59
1991-01-01;GM366_ERC366;1991-01-01T00:00:00-02:00;1;1;1991;
1991-01-02;GM366_ERC366;1991-01-02T00:00:00-02:00;2;1;1991;171,85
1991-01-03;GM366_ERC366;1991-01-03T00:00:00-02:00;3;1;1991;172,88
1991-01-04;GM366_ERC366;1991-01-04T00:00:00-02:00;4;1;1991;173,88
1991-01-05;GM366_ERC366;1991-01-05T00:00:00-02:00;5;1;1991;
1991-01-06;GM366_ERC366;1991-01-06T00:00:00-02:00;6;1;1991;
1991-01-07;GM366_ERC366;1991-01-07T00:00:00-02:00;7;1;1991;176,29
1991-01-08;GM366_ERC366;1991-01-08T00:00:00-02:00;8;1;1991;180,43
1991-01-09;GM366_ERC366;1991-01-09T00:00:00-02:00;9;1;1991;181,47
1991-01-10;GM366_ERC366;1991-01-10T00:00:00-02:00;10;1;1991;182,26
1991-01-11;GM366_ERC366;1991-01-11T00:00:00-02:00;11;1;1991;183,47
1991-01-12;GM366_ERC366;1991-01-12T00:00:00-02:00;12;1;1991;
1991-01-13;GM366_ERC366;1991-01-13T00:00:00-02:00;13;1;1991;
1991-01-14;GM366_ERC366;1991-01-14T00:00:00-02:00;14;1;1991;187,2
1991-01-15;GM366_ERC366;1991-01-15T00:00:00-02:00;15;1;1991;189,84
1991-01-16;GM366_ERC366;1991-01-16T00:00:00-02:00;16;1;1991;194,46
1991-01-17;GM366_ERC366;1991-01-17T00:00:00-02:00;17;1;1991;195,8
1991-01-18;GM366_ERC366;1991-01-18T00:00:00-02:00;18;1;1991;198,97
1991-01-19;GM366_ERC366;1991-01-19T00:00:00-02:00;19;1;1991;
1991-01-20;GM366_ERC366;1991-01-20T00:00:00-02:00;20;1;1991;
1991-01-21;GM366_ERC366;1991-01-21T00:00:00-02:00;21;1;1991;198,63
1991-01-22;GM366_ERC366;1991-01-22T00:00:00-02:00;22;1;1991;196,82
1991-01-23;GM366_ERC366;1991-01-23T00:00:00-02:00;23;1;1991;197,68
1991-01-24;GM366_ERC366;1991-01-24T00:00:00-02:00;24;1;1991;198,57
1991-01-25;GM366_ERC366;1991-01-25T00:00:00-02:00;25;1;1991;200,93
1991-01-26;GM366_ERC366;1991-01-26T00:00:00-02:00;26;1;1991;
1991-01-27;GM366_ERC366;1991-01-27T00:00:00-02:00;27;1;1991;
1991-01-28;GM366_ERC366;1991-01-28T00:00:00-02:00;28;1;1991;205,46
1991-01-29;GM366_ERC366;1991-01-29T00:00:00-02:00;29;1;1991;211,59
1991-01-30;GM366_ERC366;1991-01-30T00:00:00-02:00;30;1;1991;215,64
1991-01-31;GM366_ERC366;1991-01-31T00:00:00-02:00;31;1;1991;219,17
1991-02-01;GM366_ERC366;1991-02-01T00:00:00-02:00;1;2;1991;
1991-02-02;GM366_ERC366;1991-02-02T00:00:00-02:00;2;2;1991;
1991-02-03;GM366_ERC366;1991-02-03T00:00:00-02:00;3;2;1991;
1991-02-04;GM366_ERC366;1991-02-04T00:00:00-02:00;4;2;1991;220,53
1991-02-05;GM366_ERC366;1991-02-05T00:00:00-02:00;5;2;1991;219,94
1991-02-06;GM366_ERC366;1991-02-06T00:00:00-02:00;6;2;1991;219,76
1991-02-07;GM366_ERC366;1991-02-07T00:00:00-02:00;7;2;1991;220,43
1991-02-08;GM366_ERC366;1991-02-08T00:00:00-02:00;8;2;1991;220,96
1991-02-09;GM366_ERC366;1991-02-09T00:00:00-02:00;9;2;1991;
1991-02-10;GM366_ERC366;1991-02-10T00:00:00-03:00;10;2;1991;
1991-02-11;GM366_ERC366;1991-02-11T00:00:00-03:00;11;2;1991;
1991-02-12;GM366_ERC366;1991-02-12T00:00:00-03:00;12;2;1991;
1991-02-13;GM366_ERC366;1991-02-13T00:00:00-03:00;13;2;1991;221,31
1991-02-14;GM366_ERC366;1991-02-14T00:00:00-03:00;14;2;1991;220,1
1991-02-15;GM366_ERC366;1991-02-15T00:00:00-03:00;15;2;1991;220,59
1991-02-16;GM366_ERC366;1991-02-16T00:00:00-03:00;16;2;1991;
1991-02-17;GM366_ERC366;1991-02-17T00:00:00-03:00;17;2;1991;
1991-02-18;GM366_ERC366;1991-02-18T00:00:00-03:00;18;2;1991;219,78
1991-02-19;GM366_ERC366;1991-02-19T00:00:00-03:00;19;2;1991;220,14
1991-02-20;GM366_ERC366;1991-02-20T00:00:00-03:00;20;2;1991;220,78
1991-02-21;GM366_ERC366;1991-02-21T00:00:00-03:00;21;2;1991;221,04
1991-02-22;GM366_ERC366;1991-02-22T00:00:00-03:00;22;2;1991;221,41
1991-02-23;GM366_ERC366;1991-02-23T00:00:00-03:00;23;2;1991;
1991-02-24;GM366_ERC366;1991-02-24T00:00:00-03:00;24;2;1991;
1991-02-25;GM366_ERC366;1991-02-25T00:00:00-03:00;25;2;1991;221,99
1991-02-26;GM366_ERC366;1991-02-26T00:00:00-03:00;26;2;1991;222,76
1991-02-27;GM366_ERC366;1991-02-27T00:00:00-03:00;27;2;1991;222,95
1991-02-28;GM366_ERC366;1991-02-28T00:00:00-03:00;28;2;1991;222,84
1991-03-01;GM366_ERC366;1991-03-01T00:00:00-03:00;1;3;1991;224,15
1991-03-02;GM366_ERC366;1991-03-02T00:00:00-03:00;2;3;1991;
1991-03-03;GM366_ERC366;1991-03-03T00:00:00-03:00;3;3;1991;
1991-03-04;GM366_ERC366;1991-03-04T00:00:00-03:00;4;3;1991;225,57
1991-03-05;GM366_ERC366;1991-03-05T00:00:00-03:00;5;3;1991;225,24
1991-03-06;GM366_ERC366;1991-03-06T00:00:00-03:00;6;3;1991;225,66
1991-03-07;GM366_ERC366;1991-03-07T00:00:00-03:00;7;3;1991;225,82
1991-03-08;GM366_ERC366;1991-03-08T00:00:00-03:00;8;3;1991;226,18
1991-03-09;GM366_ERC366;1991-03-09T00:00:00-03:00;9;3;1991;
1991-03-10;GM366_ERC366;1991-03-10T00:00:00-03:00;10;3;1991;
1991-03-11;GM366_ERC366;1991-03-11T00:00:00-03:00;11;3;1991;226,98
1991-03-12;GM366_ERC366;1991-03-12T00:00:00-03:00;12;3;1991;227,51
1991-03-13;GM366_ERC366;1991-03-13T00:00:00-03:00;13;3;1991;228,14
1991-03-14;GM366_ERC366;1991-03-14T00:00:00-03:00;14;3;1991;228,86
1991-03-15;GM366_ERC366;1991-03-15T00:00:00-03:00;15;3;1991;228,51
1991-03-16;GM366_ERC366;1991-03-16T00:00:00-03:00;16;3;1991;
1991-03-17;GM366_ERC366;1991-03-17T00:00:00-03:00;17;3;1991;
1991-03-18;GM366_ERC366;1991-03-18T00:00:00-03:00;18;3;1991;229,62
1991-03-19;GM366_ERC366;1991-03-19T00:00:00-03:00;19;3;1991;230,92
1991-03-20;GM366_ERC366;1991-03-20T00:00:00-03:00;20;3;1991;232,89
1991-03-21;GM366_ERC366;1991-03-21T00:00:00-03:00;21;3;1991;232,96
1991-03-22;GM366_ERC366;1991-03-22T00:00:00-03:00;22;3;1991;233,9
1991-03-23;GM366_ERC366;1991-03-23T00:00:00-03:00;23;3;1991;
1991-03-24;GM366_ERC366;1991-03-24T00:00:00-03:00;24;3;1991;
1991-03-25;GM366_ERC366;1991-03-25T00:00:00-03:00;25;3;1991;234,85
1991-03-26;GM366_ERC366;1991-03-26T00:00:00-03:00;26;3;1991;236,48
1991-03-27;GM366_ERC366;1991-03-27T00:00:00-03:00;27;3;1991;238,14
1991-03-28;GM366_ERC366;1991-03-28T00:00:00-03:00;28;3;1991;
1991-03-29;GM366_ERC366;1991-03-29T00:00:00-03:00;29;3;1991;
1991-03-30;GM366_ERC366;1991-03-30T00:00:00-03:00;30;3;1991;
1991-03-31;GM366_ERC366;1991-03-31T00:00:00-03:00;31;3;1991;
1991-04-01;GM366_ERC366;1991-04-01T00:00:00-03:00;1;4;1991;241,07
1991-04-02;GM366_ERC366;1991-04-02T00:00:00-03:00;2;4;1991;244,14
1991-04-03;GM366_ERC366;1991-04-03T00:00:00-03:00;3;4;1991;245,51
1991-04-04;GM366_ERC366;1991-04-04T00:00:00-03:00;4;4;1991;245,47
1991-04-05;GM366_ERC366;1991-04-05T00:00:00-03:00;5;4;1991;245,67
1991-04-06;GM366_ERC366;1991-04-06T00:00:00-03:00;6;4;1991;
1991-04-07;GM366_ERC366;1991-04-07T00:00:00-03:00;7;4;1991;
1991-04-08;GM366_ERC366;1991-04-08T00:00:00-03:00;8;4;1991;246,11
1991-04-09;GM366_ERC366;1991-04-09T00:00:00-03:00;9;4;1991;248,2
1991-04-10;GM366_ERC366;1991-04-10T00:00:00-03:00;10;4;1991;249,0
1991-04-11;GM366_ERC366;1991-04-11T00:00:00-03:00;11;4;1991;250,15
1991-04-12;GM366_ERC366;1991-04-12T00:00:00-03:00;12;4;1991;250,38
1991-04-13;GM366_ERC366;1991-04-13T00:00:00-03:00;13;4;1991;
1991-04-14;GM366_ERC366;1991-04-14T00:00:00-03:00;14;4;1991;
1991-04-15;GM366_ERC366;1991-04-15T00:00:00-03:00;15;4;1991;251,06
1991-04-16;GM366_ERC366;1991-04-16T00:00:00-03:00;16;4;1991;252,35
1991-04-17;GM366_ERC366;1991-04-17T00:00:00-03:00;17;4;1991;253,5
1991-04-18;GM366_ERC366;1991-04-18T00:00:00-03:00;18;4;1991;254,56
1991-04-19;GM366_ERC366;1991-04-19T00:00:00-03:00;19;4;1991;255,58
1991-04-20;GM366_ERC366;1991-04-20T00:00:00-03:00;20;4;1991;
1991-04-21;GM366_ERC366;1991-04-21T00:00:00-03:00;21;4;1991;
1991-04-22;GM366_ERC366;1991-04-22T00:00:00-03:00;22;4;1991;255,55
1991-04-23;GM366_ERC366;1991-04-23T00:00:00-03:00;23;4;1991;255,96
1991-04-24;GM366_ERC366;1991-04-24T00:00:00-03:00;24;4;1991;257,0
1991-04-25;GM366_ERC366;1991-04-25T00:00:00-03:00;25;4;1991;258,2
1991-04-26;GM366_ERC366;1991-04-26T00:00:00-03:00;26;4;1991;258,81
1991-04-27;GM366_ERC366;1991-04-27T00:00:00-03:00;27;4;1991;
1991-04-28;GM366_ERC366;1991-04-28T00:00:00-03:00;28;4;1991;
1991-04-29;GM366_ERC366;1991-04-29T00:00:00-03:00;29;4;1991;260,0
1991-04-30;GM366_ERC366;1991-04-30T00:00:00-03:00;30;4;1991;260,08
1991-05-01;GM366_ERC366;1991-05-01T00:00:00-03:00;1;5;1991;
1991-05-02;GM366_ERC366;1991-05-02T00:00:00-03:00;2;5;1991;261,2
1991-05-03;GM366_ERC366;1991-05-03T00:00:00-03:00;3;5;1991;261,93
1991-05-04;GM366_ERC366;1991-05-04T00:00:00-03:00;4;5;1991;
1991-05-05;GM366_ERC366;1991-05-05T00:00:00-03:00;5;5;1991;
1991-05-06;GM366_ERC366;1991-05-06T00:00:00-03:00;6;5;1991;262,36
1991-05-07;GM366_ERC366;1991-05-07T00:00:00-03:00;7;5;1991;263,77
1991-05-08;GM366_ERC366;1991-05-08T00:00:00-03:00;8;5;1991;264,62
1991-05-09;GM366_ERC366;1991-05-09T00:00:00-03:00;9;5;1991;266,86
1991-05-10;GM366_ERC366;1991-05-10T00:00:00-03:00;10;5;1991;268,96
1991-05-11;GM366_ERC366;1991-05-11T00:00:00-03:00;11;5;1991;
1991-05-12;GM366_ERC366;1991-05-12T00:00:00-03:00;12;5;1991;
1991-05-13;GM366_ERC366;1991-05-13T00:00:00-03:00;13;5;1991;268,76
1991-05-14;GM366_ERC366;1991-05-14T00:00:00-03:00;14;5;1991;270,36
1991-05-15;GM366_ERC366;1991-05-15T00:00:00-03:00;15;5;1991;272,13
1991-05-16;GM366_ERC366;1991-05-16T00:00:00-03:00;16;5;1991;273,77
1991-05-17;GM366_ERC366;1991-05-17T00:00:00-03:00;17;5;1991;274,63
1991-05-18;GM366_ERC366;1991-05-18T00:00:00-03:00;18;5;1991;
1991-05-19;GM366_ERC366;1991-05-19T00:00:00-03:00;19;5;1991;
1991-05-20;GM366_ERC366;1991-05-20T00:00:00-03:00;20;5;1991;274,77
1991-05-21;GM366_ERC366;1991-05-21T00:00:00-03:00;21;5;1991;276,12
1991-05-22;GM366_ERC366;1991-05-22T00:00:00-03:00;22;5;1991;276,83
1991-05-23;GM366_ERC366;1991-05-23T00:00:00-03:00;23;5;1991;278,02
1991-05-24;GM366_ERC366;1991-05-24T00:00:00-03:00;24;5;1991;279,25
1991-05-25;GM366_ERC366;1991-05-25T00:00:00-03:00;25;5;1991;
1991-05-26;GM366_ERC366;1991-05-26T00:00:00-03:00;26;5;1991;
1991-05-27;GM366_ERC366;1991-05-27T00:00:00-03:00;27;5;1991;280,91
1991-05-28;GM366_ERC366;1991-05-28T00:00:00-03:00;28;5;1991;282,15
1991-05-29;GM366_ERC366;1991-05-29T00:00:00-03:00;29;5;1991;283,08
1991-05-30;GM366_ERC366;1991-05-30T00:00:00-03:00;30;5;1991;
1991-05-31;GM366_ERC366;1991-05-31T00:00:00-03:00;31;5;1991;284,34
1991-06-01;GM366_ERC366;1991-06-01T00:00:00-03:00;1;6;1991;
1991-06-02;GM366_ERC366;1991-06-02T00:00:00-03:00;2;6;1991;
1991-06-03;GM366_ERC366;1991-06-03T00:00:00-03:00;3;6;1991;285,71
1991-06-04;GM366_ERC366;1991-06-04T00:00:00-03:00;4;6;1991;286,88
1991-06-05;GM366_ERC366;1991-06-05T00:00:00-03:00;5;6;1991;288,2
1991-06-06;GM366_ERC366;1991-06-06T00:00:00-03:00;6;6;1991;288,85
1991-06-07;GM366_ERC366;1991-06-07T00:00:00-03:00;7;6;1991;289,5
1991-06-08;GM366_ERC366;1991-06-08T00:00:00-03:00;8;6;1991;
1991-06-09;GM366_ERC366;1991-06-09T00:00:00-03:00;9;6;1991;
1991-06-10;GM366_ERC366;1991-06-10T00:00:00-03:00;10;6;1991;290,8
1991-06-11;GM366_ERC366;1991-06-11T00:00:00-03:00;11;6;1991;291,72
1991-06-12;GM366_ERC366;1991-06-12T00:00:00-03:00;12;6;1991;293,03
1991-06-13;GM366_ERC366;1991-06-13T00:00:00-03:00;13;6;1991;294,35
1991-06-14;GM366_ERC366;1991-06-14T00:00:00-03:00;14;6;1991;295,87
1991-06-15;GM366_ERC366;1991-06-15T00:00:00-03:00;15;6;1991;
1991-06-16;GM366_ERC366;1991-06-16T00:00:00-03:00;16;6;1991;
1991-06-17;GM366_ERC366;1991-06-17T00:00:00-03:00;17;6;1991;297,65
1991-06-18;GM366_ERC366;1991-06-18T00:00:00-03:00;18;6;1991;299,64
1991-06-19;GM366_ERC366;1991-06-19T00:00:00-03:00;19;6;1991;300,77
1991-06-20;GM366_ERC366;1991-06-20T00:00:00-03:00;20;6;1991;301,53
1991-06-21;GM366_ERC366;1991-06-21T00:00:00-03:00;21;6;1991;303,02
1991-06-22;GM366_ERC366;1991-06-22T00:00:00-03:00;22;6;1991;
1991-06-23;GM366_ERC366;1991-06-23T00:00:00-03:00;23;6;1991;
1991-06-24;GM366_ERC366;1991-06-24T00:00:00-03:00;24;6;1991;304,92
1991-06-25;GM366_ERC366;1991-06-25T00:00:00-03:00;25;6;1991;306,69
1991-06-26;GM366_ERC366;1991-06-26T00:00:00-03:00;26;6;1991;308,7
1991-06-27;GM366_ERC366;1991-06-27T00:00:00-03:00;27;6;1991;310,88
1991-06-28;GM366_ERC366;1991-06-28T00:00:00-03:00;28;6;1991;311,75
1991-06-29;GM366_ERC366;1991-06-29T00:00:00-03:00;29;6;1991;
1991-06-30;GM366_ERC366;1991-06-30T00:00:00-03:00;30;6;1991;
1991-07-01;GM366_ERC366;1991-07-01T00:00:00-03:00;1;7;1991;312,65
1991-07-02;GM366_ERC366;1991-07-02T00:00:00-03:00;2;7;1991;313,54
1991-07-03;GM366_ERC366;1991-07-03T00:00:00-03:00;3;7;1991;315,14
1991-07-04;GM366_ERC366;1991-07-04T00:00:00-03:00;4;7;1991;317,16
1991-07-05;GM366_ERC366;1991-07-05T00:00:00-03:00;5;7;1991;318,21
1991-07-06;GM366_ERC366;1991-07-06T00:00:00-03:00;6;7;1991;
1991-07-07;GM366_ERC366;1991-07-07T00:00:00-03:00;7;7;1991;
1991-07-08;GM366_ERC366;1991-07-08T00:00:00-03:00;8;7;1991;319,6
1991-07-09;GM366_ERC366;1991-07-09T00:00:00-03:00;9;7;1991;321,67
1991-07-10;GM366_ERC366;1991-07-10T00:00:00-03:00;10;7;1991;322,68
1991-07-11;GM366_ERC366;1991-07-11T00:00:00-03:00;11;7;1991;323,63
1991-07-12;GM366_ERC366;1991-07-12T00:00:00-03:00;12;7;1991;325,18
1991-07-13;GM366_ERC366;1991-07-13T00:00:00-03:00;13;7;1991;
1991-07-14;GM366_ERC366;1991-07-14T00:00:00-03:00;14;7;1991;
1991-07-15;GM366_ERC366;1991-07-15T00:00:00-03:00;15;7;1991;326,33
1991-07-16;GM366_ERC366;1991-07-16T00:00:00-03:00;16;7;1991;328,07
1991-07-17;GM366_ERC366;1991-07-17T00:00:00-03:00;17;7;1991;329,41
1991-07-18;GM366_ERC366;1991-07-18T00:00:00-03:00;18;7;1991;330,79
1991-07-19;GM366_ERC366;1991-07-19T00:00:00-03:00;19;7;1991;332,67
1991-07-20;GM366_ERC366;1991-07-20T00:00:00-03:00;20;7;1991;
1991-07-21;GM366_ERC366;1991-07-21T00:00:00-03:00;21;7;1991;
1991-07-22;GM366_ERC366;1991-07-22T00:00:00-03:00;22;7;1991;334,05
1991-07-23;GM366_ERC366;1991-07-23T00:00:00-03:00;23;7;1991;335,6
1991-07-24;GM366_ERC366;1991-07-24T00:00:00-03:00;24;7;1991;337,44
1991-07-25;GM366_ERC366;1991-07-25T00:00:00-03:00;25;7;1991;339,4
1991-07-26;GM366_ERC366;1991-07-26T00:00:00-03:00;26;7;1991;340,74
1991-07-27;GM366_ERC366;1991-07-27T00:00:00-03:00;27;7;1991;
1991-07-28;GM366_ERC366;1991-07-28T00:00:00-03:00;28;7;1991;
1991-07-29;GM366_ERC366;1991-07-29T00:00:00-03:00;29;7;1991;342,34
1991-07-30;GM366_ERC366;1991-07-30T00:00:00-03:00;30;7;1991;344,78
1991-07-31;GM366_ERC366;1991-07-31T00:00:00-03:00;31;7;1991;346,21
1991-08-01;GM366_ERC366;1991-08-01T00:00:00-03:00;1;8;1991;348,59
1991-08-02;GM366_ERC366;1991-08-02T00:00:00-03:00;2;8;1991;350,72
1991-08-03;GM366_ERC366;1991-08-03T00:00:00-03:00;3;8;1991;
1991-08-04;GM366_ERC366;1991-08-04T00:00:00-03:00;4;8;1991;
1991-08-05;GM366_ERC366;1991-08-05T00:00:00-03:00;5;8;1991;352,92
1991-08-06;GM366_ERC366;1991-08-06T00:00:00-03:00;6;8;1991;354,55
1991-08-07;GM366_ERC366;1991-08-07T00:00:00-03:00;7;8;1991;356,59
1991-08-08;GM366_ERC366;1991-08-08T00:00:00-03:00;8;8;1991;358,63
1991-08-09;GM366_ERC366;1991-08-09T00:00:00-03:00;9;8;1991;360,63
1991-08-10;GM366_ERC366;1991-08-10T00:00:00-03:00;10;8;1991;
1991-08-11;GM366_ERC366;1991-08-11T00:00:00-03:00;11;8;1991;
1991-08-12;GM366_ERC366;1991-08-12T00:00:00-03:00;12;8;1991;362,9
1991-08-13;GM366_ERC366;1991-08-13T00:00:00-03:00;13;8;1991;365,3
1991-08-14;GM366_ERC366;1991-08-14T00:00:00-03:00;14;8;1991;368,54
1991-08-15;GM366_ERC366;1991-08-15T00:00:00-03:00;15;8;1991;369,74
1991-08-16;GM366_ERC366;1991-08-16T00:00:00-03:00;16;8;1991;371,64
1991-08-17;GM366_ERC366;1991-08-17T00:00:00-03:00;17;8;1991;
1991-08-18;GM366_ERC366;1991-08-18T00:00:00-03:00;18;8;1991;
1991-08-19;GM366_ERC366;1991-08-19T00:00:00-03:00;19;8;1991;373,95
1991-08-20;GM366_ERC366;1991-08-20T00:00:00-03:00;20;8;1991;376,29
1991-08-21;GM366_ERC366;1991-08-21T00:00:00-03:00;21;8;1991;378,76
1991-08-22;GM366_ERC366;1991-08-22T00:00:00-03:00;22;8;1991;381,05
1991-08-23;GM366_ERC366;1991-08-23T00:00:00-03:00;23;8;1991;383,51
1991-08-24;GM366_ERC366;1991-08-24T00:00:00-03:00;24;8;1991;
1991-08-25;GM366_ERC366;1991-08-25T00:00:00-03:00;25;8;1991;
1991-08-26;GM366_ERC366;1991-08-26T00:00:00-03:00;26;8;1991;383,47
1991-08-27;GM366_ERC366;1991-08-27T00:00:00-03:00;27;8;1991;386,63
1991-08-28;GM366_ERC366;1991-08-28T00:00:00-03:00;28;8;1991;388,39
1991-08-29;GM366_ERC366;1991-08-29T00:00:00-03:00;29;8;1991;390,97
1991-08-30;GM366_ERC366;1991-08-30T00:00:00-03:00;30;8;1991;392,75
1991-08-31;GM366_ERC366;1991-08-31T00:00:00-03:00;31;8;1991;
1991-09-01;GM366_ERC366;1991-09-01T00:00:00-03:00;1;9;1991;
1991-09-02;GM366_ERC366;1991-09-02T00:00:00-03:00;2;9;1991;396,0
1991-09-03;GM366_ERC366;1991-09-03T00:00:00-03:00;3;9;1991;398,94
1991-09-04;GM366_ERC366;1991-09-04T00:00:00-03:00;4;9;1991;402,02
1991-09-05;GM366_ERC366;1991-09-05T00:00:00-03:00;5;9;1991;405,05
1991-09-06;GM366_ERC366;1991-09-06T00:00:00-03:00;6;9;1991;406,88
1991-09-07;GM366_ERC366;1991-09-07T00:00:00-03:00;7;9;1991;
1991-09-08;GM366_ERC366;1991-09-08T00:00:00-03:00;8;9;1991;
1991-09-09;GM366_ERC366;1991-09-09T00:00:00-03:00;9;9;1991;410,52
1991-09-10;GM366_ERC366;1991-09-10T00:00:00-03:00;10;9;1991;414,37
1991-09-11;GM366_ERC366;1991-09-11T00:00:00-03:00;11;9;1991;417,44
1991-09-12;GM366_ERC366;1991-09-12T00:00:00-03:00;12;9;1991;421,45
1991-09-13;GM366_ERC366;1991-09-13T00:00:00-03:00;13;9;1991;425,51
1991-09-14;GM366_ERC366;1991-09-14T00:00:00-03:00;14;9;1991;
1991-09-15;GM366_ERC366;1991-09-15T00:00:00-03:00;15;9;1991;
1991-09-16;GM366_ERC366;1991-09-16T00:00:00-03:00;16;9;1991;428,5
1991-09-17;GM366_ERC366;1991-09-17T00:00:00-03:00;17;9;1991;431,34
1991-09-18;GM366_ERC366;1991-09-18T00:00:00-03:00;18;9;1991;435,94
1991-09-19;GM366_ERC366;1991-09-19T00:00:00-03:00;19;9;1991;438,82
1991-09-20;GM366_ERC366;1991-09-20T00:00:00-03:00;20;9;1991;441,64
1991-09-21;GM366_ERC366;1991-09-21T00:00:00-03:00;21;9;1991;
1991-09-22;GM366_ERC366;1991-09-22T00:00:00-03:00;22;9;1991;
1991-09-23;GM366_ERC366;1991-09-23T00:00:00-03:00;23;9;1991;445,08
1991-09-24;GM366_ERC366;1991-09-24T00:00:00-03:00;24;9;1991;446,99
1991-09-25;GM366_ERC366;1991-09-25T00:00:00-03:00;25;9;1991;450,73
1991-09-26;GM366_ERC366;1991-09-26T00:00:00-03:00;26;9;1991;454,88
1991-09-27;GM366_ERC366;1991-09-27T00:00:00-03:00;27;9;1991;460,01
1991-09-28;GM366_ERC366;1991-09-28T00:00:00-03:00;28;9;1991;
1991-09-29;GM366_ERC366;1991-09-29T00:00:00-03:00;29;9;1991;
1991-09-30;GM366_ERC366;1991-09-30T00:00:00-03:00;30;9;1991;465,48
1991-10-01;GM366_ERC366;1991-10-01T00:00:00-03:00;1;10;1991;528,71
1991-10-02;GM366_ERC366;1991-10-02T00:00:00-03:00;2;10;1991;534,28
1991-10-03;GM366_ERC366;1991-10-03T00:00:00-03:00;3;10;1991;540,24
1991-10-04;GM366_ERC366;1991-10-04T00:00:00-03:00;4;10;1991;544,21
1991-10-05;GM366_ERC366;1991-10-05T00:00:00-03:00;5;10;1991;
1991-10-06;GM366_ERC366;1991-10-06T00:00:00-03:00;6;10;1991;
1991-10-07;GM366_ERC366;1991-10-07T00:00:00-03:00;7;10;1991;547,25
1991-10-08;GM366_ERC366;1991-10-08T00:00:00-03:00;8;10;1991;551,7
1991-10-09;GM366_ERC366;1991-10-09T00:00:00-03:00;9;10;1991;557,89
1991-10-10;GM366_ERC366;1991-10-10T00:00:00-03:00;10;10;1991;560,91
1991-10-11;GM366_ERC366;1991-10-11T00:00:00-03:00;11;10;1991;565,36
1991-10-12;GM366_ERC366;1991-10-12T00:00:00-03:00;12;10;1991;
1991-10-13;GM366_ERC366;1991-10-13T00:00:00-03:00;13;10;1991;
1991-10-14;GM366_ERC366;1991-10-14T00:00:00-03:00;14;10;1991;571,11
1991-10-15;GM366_ERC366;1991-10-15T00:00:00-03:00;15;10;1991;575,73
1991-10-16;GM366_ERC366;1991-10-16T00:00:00-03:00;16;10;1991;581,16
1991-10-17;GM366_ERC366;1991-10-17T00:00:00-03:00;17;10;1991;585,46
1991-10-18;GM366_ERC366;1991-10-18T00:00:00-03:00;18;10;1991;590,12
1991-10-19;GM366_ERC366;1991-10-19T00:00:00-03:00;19;10;1991;
1991-10-20;GM366_ERC366;1991-10-20T00:00:00-03:00;20;10;1991;
1991-10-21;GM366_ERC366;1991-10-21T00:00:00-03:00;21;10;1991;597,09
1991-10-22;GM366_ERC366;1991-10-22T00:00:00-03:00;22;10;1991;604,26
1991-10-23;GM366_ERC366;1991-10-23T00:00:00-03:00;23;10;1991;607,84
1991-10-24;GM366_ERC366;1991-10-24T00:00:00-03:00;24;10;1991;612,86
1991-10-25;GM366_ERC366;1991-10-25T00:00:00-03:00;25;10;1991;620,53
1991-10-26;GM366_ERC366;1991-10-26T00:00:00-03:00;26;10;1991;
1991-10-27;GM366_ERC366;1991-10-27T00:00:00-03:00;27;10;1991;
1991-10-28;GM366_ERC366;1991-10-28T00:00:00-03:00;28;10;1991;622,12
1991-10-29;GM366_ERC366;1991-10-29T00:00:00-03:00;29;10;1991;629,33
1991-10-30;GM366_ERC366;1991-10-30T00:00:00-03:00;30;10;1991;638,18
1991-10-31;GM366_ERC366;1991-10-31T00:00:00-03:00;31;10;1991;641,54
1991-11-01;GM366_ERC366;1991-11-01T00:00:00-03:00;1;11;1991;651,59
1991-11-02;GM366_ERC366;1991-11-02T00:00:00-03:00;2;11;1991;
1991-11-03;GM366_ERC366;1991-11-03T00:00:00-03:00;3;11;1991;
1991-11-04;GM366_ERC366;1991-11-04T00:00:00-03:00;4;11;1991;658,61
1991-11-05;GM366_ERC366;1991-11-05T00:00:00-03:00;5;11;1991;666,42
1991-11-06;GM366_ERC366;1991-11-06T00:00:00-02:00;6;11;1991;675,46
1991-11-07;GM366_ERC366;1991-11-07T00:00:00-02:00;7;11;1991;684,19
1991-11-08;GM366_ERC366;1991-11-08T00:00:00-02:00;8;11;1991;692,83
1991-11-09;GM366_ERC366;1991-11-09T00:00:00-02:00;9;11;1991;
1991-11-10;GM366_ERC366;1991-11-10T00:00:00-02:00;10;11;1991;
1991-11-11;GM366_ERC366;1991-11-11T00:00:00-02:00;11;11;1991;700,94
1991-11-12;GM366_ERC366;1991-11-12T00:00:00-02:00;12;11;1991;712,91
1991-11-13;GM366_ERC366;1991-11-13T00:00:00-02:00;13;11;1991;720,93
1991-11-14;GM366_ERC366;1991-11-14T00:00:00-02:00;14;11;1991;728,8
1991-11-15;GM366_ERC366;1991-11-15T00:00:00-02:00;15;11;1991;
1991-11-16;GM366_ERC366;1991-11-16T00:00:00-02:00;16;11;1991;
1991-11-17;GM366_ERC366;1991-11-17T00:00:00-02:00;17;11;1991;
1991-11-18;GM366_ERC366;1991-11-18T00:00:00-02:00;18;11;1991;740,1
1991-11-19;GM366_ERC366;1991-11-19T00:00:00-02:00;19;11;1991;749,89
1991-11-20;GM366_ERC366;1991-11-20T00:00:00-02:00;20;11;1991;761,2
1991-11-21;GM366_ERC366;1991-11-21T00:00:00-02:00;21;11;1991;771,92
1991-11-22;GM366_ERC366;1991-11-22T00:00:00-02:00;22;11;1991;782,54
1991-11-23;GM366_ERC366;1991-11-23T00:00:00-02:00;23;11;1991;
1991-11-24;GM366_ERC366;1991-11-24T00:00:00-02:00;24;11;1991;
1991-11-25;GM366_ERC366;1991-11-25T00:00:00-02:00;25;11;1991;791,67
1991-11-26;GM366_ERC366;1991-11-26T00:00:00-02:00;26;11;1991;806,0
1991-11-27;GM366_ERC366;1991-11-27T00:00:00-02:00;27;11;1991;813,62
1991-11-28;GM366_ERC366;1991-11-28T00:00:00-02:00;28;11;1991;824,93
1991-11-29;GM366_ERC366;1991-11-29T00:00:00-02:00;29;11;1991;840,35
1991-11-30;GM366_ERC366;1991-11-30T00:00:00-02:00;30;11;1991;
1991-12-01;GM366_ERC366;1991-12-01T00:00:00-02:00;1;12;1991;
1991-12-02;GM366_ERC366;1991-12-02T00:00:00-02:00;2;12;1991;850,5
1991-12-03;GM366_ERC366;1991-12-03T00:00:00-02:00;3;12;1991;861,15
1991-12-04;GM366_ERC366;1991-12-04T00:00:00-02:00;4;12;1991;871,7
1991-12-05;GM366_ERC366;1991-12-05T00:00:00-02:00;5;12;1991;882,4
1991-12-06;GM366_ERC366;1991-12-06T00:00:00-02:00;6;12;1991;893,1
1991-12-07;GM366_ERC366;1991-12-07T00:00:00-02:00;7;12;1991;
1991-12-08;GM366_ERC366;1991-12-08T00:00:00-02:00;8;12;1991;
1991-12-09;GM366_ERC366;1991-12-09T00:00:00-02:00;9;12;1991;903,5
1991-12-10;GM366_ERC366;1991-12-10T00:00:00-02:00;10;12;1991;913,85
1991-12-11;GM366_ERC366;1991-12-11T00:00:00-02:00;11;12;1991;924,6
1991-12-12;GM366_ERC366;1991-12-12T00:00:00-02:00;12;12;1991;935,15
1991-12-13;GM366_ERC366;1991-12-13T00:00:00-02:00;13;12;1991;945,8
1991-12-14;GM366_ERC366;1991-12-14T00:00:00-02:00;14;12;1991;
1991-12-15;GM366_ERC366;1991-12-15T00:00:00-02:00;15;12;1991;
1991-12-16;GM366_ERC366;1991-12-16T00:00:00-02:00;16;12;1991;956,4
1991-12-17;GM366_ERC366;1991-12-17T00:00:00-02:00;17;12;1991;967,45
1991-12-18;GM366_ERC366;1991-12-18T00:00:00-02:00;18;12;1991;978,4
1991-12-19;GM366_ERC366;1991-12-19T00:00:00-02:00;19;12;1991;989,4
1991-12-20;GM366_ERC366;1991-12-20T00:00:00-02:00;20;12;1991;1000,4
1991-12-21;GM366_ERC366;1991-12-21T00:00:00-02:00;21;12;1991;
1991-12-22;GM366_ERC366;1991-12-22T00:00:00-02:00;22;12;1991;
1991-12-23;GM366_ERC366;1991-12-23T00:00:00-02:00;23;12;1991;1011,55
1991-12-24;GM366_ERC366;1991-12-24T00:00:00-02:00;24;12;1991;1023,8
1991-12-25;GM366_ERC366;1991-12-25T00:00:00-02:00;25;12;1991;
1991-12-26;GM366_ERC366;1991-12-26T00:00:00-02:00;26;12;1991;1033,85
1991-12-27;GM366_ERC366;1991-12-27T00:00:00-02:00;27;12;1991;1045,05
1991-12-28;GM366_ERC366;1991-12-28T00:00:00-02:00;28;12;1991;
1991-12-29;GM366_ERC366;1991-12-29T00:00:00-02:00;29;12;1991;
1991-12-30;GM366_ERC366;1991-12-30T00:00:00-02:00;30;12;1991;1057,1
1991-12-31;GM366_ERC366;1991-12-31T00:00:00-02:00;31;12;1991;1068,7
1992-01-01;GM366_ERC366;1992-01-01T00:00:00-02:00;1;1;1992;
1992-01-02;GM366_ERC366;1992-01-02T00:00:00-02:00;2;1;1992;1079,3
1992-01-03;GM366_ERC366;1992-01-03T00:00:00-02:00;3;1;1992;1090,05
1992-01-04;GM366_ERC366;1992-01-04T00:00:00-02:00;4;1;1992;
1992-01-05;GM366_ERC366;1992-01-05T00:00:00-02:00;5;1;1992;
1992-01-06;GM366_ERC366;1992-01-06T00:00:00-02:00;6;1;1992;1100,8
1992-01-07;GM366_ERC366;1992-01-07T00:00:00-02:00;7;1;1992;1111,5
1992-01-08;GM366_ERC366;1992-01-08T00:00:00-02:00;8;1;1992;1122,1
1992-01-09;GM366_ERC366;1992-01-09T00:00:00-02:00;9;1;1992;1132,9
1992-01-10;GM366_ERC366;1992-01-10T00:00:00-02:00;10;1;1992;1143,75
1992-01-11;GM366_ERC366;1992-01-11T00:00:00-02:00;11;1;1992;
1992-01-12;GM366_ERC366;1992-01-12T00:00:00-02:00;12;1;1992;
1992-01-13;GM366_ERC366;1992-01-13T00:00:00-02:00;13;1;1992;1155,5
1992-01-14;GM366_ERC366;1992-01-14T00:00:00-02:00;14;1;1992;1166,9
1992-01-15;GM366_ERC366;1992-01-15T00:00:00-02:00;15;1;1992;1179,0
1992-01-16;GM366_ERC366;1992-01-16T00:00:00-02:00;16;1;1992;1202,1
1992-01-17;GM366_ERC366;1992-01-17T00:00:00-02:00;17;1;1992;1201,6
1992-01-18;GM366_ERC366;1992-01-18T00:00:00-02:00;18;1;1992;
1992-01-19;GM366_ERC366;1992-01-19T00:00:00-02:00;19;1;1992;
1992-01-20;GM366_ERC366;1992-01-20T00:00:00-02:00;20;1;1992;1213,0
1992-01-21;GM366_ERC366;1992-01-21T00:00:00-02:00;21;1;1992;1224,35
1992-01-22;GM366_ERC366;1992-01-22T00:00:00-02:00;22;1;1992;1235,8
1992-01-23;GM366_ERC366;1992-01-23T00:00:00-02:00;23;1;1992;1247,5
1992-01-24;GM366_ERC366;1992-01-24T00:00:00-02:00;24;1;1992;1259,1
1992-01-25;GM366_ERC366;1992-01-25T00:00:00-02:00;25;1;1992;
1992-01-26;GM366_ERC366;1992-01-26T00:00:00-02:00;26;1;1992;
1992-01-27;GM366_ERC366;1992-01-27T00:00:00-02:00;27;1;1992;1270,85
1992-01-28;GM366_ERC366;1992-01-28T00:00:00-02:00;28;1;1992;1282,55
1992-01-29;GM366_ERC366;1992-01-29T00:00:00-02:00;29;1;1992;1295,3
1992-01-30;GM366_ERC366;1992-01-30T00:00:00-02:00;30;1;1992;1307,3
1992-01-31;GM366_ERC366;1992-01-31T00:00:00-02:00;31;1;1992;1319,4
1992-02-01;GM366_ERC366;1992-02-01T00:00:00-02:00;1;2;1992;
1992-02-02;GM366_ERC366;1992-02-02T00:00:00-02:00;2;2;1992;
1992-02-03;GM366_ERC366;1992-02-03T00:00:00-02:00;3;2;1992;1333,2
1992-02-04;GM366_ERC366;1992-02-04T00:00:00-02:00;4;2;1992;1346,8
1992-02-05;GM366_ERC366;1992-02-05T00:00:00-02:00;5;2;1992;1360,7
1992-02-06;GM366_ERC366;1992-02-06T00:00:00-02:00;6;2;1992;1375,9
1992-02-07;GM366_ERC366;1992-02-07T00:00:00-02:00;7;2;1992;1390,85
1992-02-08;GM366_ERC366;1992-02-08T00:00:00-02:00;8;2;1992;
1992-02-09;GM366_ERC366;1992-02-09T00:00:00-03:00;9;2;1992;
1992-02-10;GM366_ERC366;1992-02-10T00:00:00-03:00;10;2;1992;1405,6
1992-02-11;GM366_ERC366;1992-02-11T00:00:00-03:00;11;2;1992;1420,5
1992-02-12;GM366_ERC366;1992-02-12T00:00:00-03:00;12;2;1992;1435,6
1992-02-13;GM366_ERC366;1992-02-13T00:00:00-03:00;13;2;1992;1467,35
1992-02-14;GM366_ERC366;1992-02-14T00:00:00-03:00;14;2;1992;1467,35
1992-02-15;GM366_ERC366;1992-02-15T00:00:00-03:00;15;2;1992;
1992-02-16;GM366_ERC366;1992-02-16T00:00:00-03:00;16;2;1992;
1992-02-17;GM366_ERC366;1992-02-17T00:00:00-03:00;17;2;1992;1483,4
1992-02-18;GM366_ERC366;1992-02-18T00:00:00-03:00;18;2;1992;1499,6
1992-02-19;GM366_ERC366;1992-02-19T00:00:00-03:00;19;2;1992;1516,45
1992-02-20;GM366_ERC366;1992-02-20T00:00:00-03:00;20;2;1992;1532,65
1992-02-21;GM366_ERC366;1992-02-21T00:00:00-03:00;21;2;1992;1548,3
1992-02-22;GM366_ERC366;1992-02-22T00:00:00-03:00;22;2;1992;
1992-02-23;GM366_ERC366;1992-02-23T00:00:00-03:00;23;2;1992;
1992-02-24;GM366_ERC366;1992-02-24T00:00:00-03:00;24;2;1992;1564,25
1992-02-25;GM366_ERC366;1992-02-25T00:00:00-03:00;25;2;1992;1580,7
1992-02-26;GM366_ERC366;1992-02-26T00:00:00-03:00;26;2;1992;1597,3
1992-02-27;GM366_ERC366;1992-02-27T00:00:00-03:00;27;2;1992;1614,0
1992-02-28;GM366_ERC366;1992-02-28T00:00:00-03:00;28;2;1992;1630,75
1992-02-29;GM366_ERC366;1992-02-29T00:00:00-03:00;29;2;1992;
1992-03-01;GM366_ERC366;1992-03-01T00:00:00-03:00;1;3;1992;
1992-03-02;GM366_ERC366;1992-03-02T00:00:00-03:00;2;3;1992;
1992-03-03;GM366_ERC366;1992-03-03T00:00:00-03:00;3;3;1992;
1992-03-04;GM366_ERC366;1992-03-04T00:00:00-03:00;4;3;1992;1647,45
1992-03-05;GM366_ERC366;1992-03-05T00:00:00-03:00;5;3;1992;1664,25
1992-03-06;GM366_ERC366;1992-03-06T00:00:00-03:00;6;3;1992;1681,05
1992-03-07;GM366_ERC366;1992-03-07T00:00:00-03:00;7;3;1992;
1992-03-08;GM366_ERC366;1992-03-08T00:00:00-03:00;8;3;1992;
1992-03-09;GM366_ERC366;1992-03-09T00:00:00-03:00;9;3;1992;1698,25
1992-03-10;GM366_ERC366;1992-03-10T00:00:00-03:00;10;3;1992;1715,45
1992-03-11;GM366_ERC366;1992-03-11T00:00:00-03:00;11;3;1992;1733,1
1992-03-12;GM366_ERC366;1992-03-12T00:00:00-03:00;12;3;1992;1750,7
1992-03-13;GM366_ERC366;1992-03-13T00:00:00-03:00;13;3;1992;1768,3
1992-03-14;GM366_ERC366;1992-03-14T00:00:00-03:00;14;3;1992;
1992-03-15;GM366_ERC366;1992-03-15T00:00:00-03:00;15;3;1992;
1992-03-16;GM366_ERC366;1992-03-16T00:00:00-03:00;16;3;1992;1786,25
1992-03-17;GM366_ERC366;1992-03-17T00:00:00-03:00;17;3;1992;1804,15
1992-03-18;GM366_ERC366;1992-03-18T00:00:00-03:00;18;3;1992;1821,9
1992-03-19;GM366_ERC366;1992-03-19T00:00:00-03:00;19;3;1992;1839,9
1992-03-20;GM366_ERC366;1992-03-20T00:00:00-03:00;20;3;1992;1857,92
1992-03-21;GM366_ERC366;1992-03-21T00:00:00-03:00;21;3;1992;
1992-03-22;GM366_ERC366;1992-03-22T00:00:00-03:00;22;3;1992;
1992-03-23;GM366_ERC366;1992-03-23T00:00:00-03:00;23;3;1992;1875,9
1992-03-24;GM366_ERC366;1992-03-24T00:00:00-03:00;24;3;1992;1894,0
1992-03-25;GM366_ERC366;1992-03-25T00:00:00-03:00;25;3;1992;1912,3
1992-03-26;GM366_ERC366;1992-03-26T00:00:00-03:00;26;3;1992;1930,85
1992-03-27;GM366_ERC366;1992-03-27T00:00:00-03:00;27;3;1992;1949,8
1992-03-28;GM366_ERC366;1992-03-28T00:00:00-03:00;28;3;1992;
1992-03-29;GM366_ERC366;1992-03-29T00:00:00-03:00;29;3;1992;
1992-03-30;GM366_ERC366;1992-03-30T00:00:00-03:00;30;3;1992;1969,0
1992-03-31;GM366_ERC366;1992-03-31T00:00:00-03:00;31;3;1992;1987,9
1992-04-01;GM366_ERC366;1992-04-01T00:00:00-03:00;1;4;1992;2007,0
1992-04-02;GM366_ERC366;1992-04-02T00:00:00-03:00;2;4;1992;2027,0
1992-04-03;GM366_ERC366;1992-04-03T00:00:00-03:00;3;4;1992;2027,4
1992-04-04;GM366_ERC366;1992-04-04T00:00:00-03:00;4;4;1992;
1992-04-05;GM366_ERC366;1992-04-05T00:00:00-03:00;5;4;1992;
1992-04-06;GM366_ERC366;1992-04-06T00:00:00-03:00;6;4;1992;2067,95
1992-04-07;GM366_ERC366;1992-04-07T00:00:00-03:00;7;4;1992;2089,05
1992-04-08;GM366_ERC366;1992-04-08T00:00:00-03:00;8;4;1992;2109,9
1992-04-09;GM366_ERC366;1992-04-09T00:00:00-03:00;9;4;1992;2131,0
1992-04-10;GM366_ERC366;1992-04-10T00:00:00-03:00;10;4;1992;2152,35
1992-04-11;GM366_ERC366;1992-04-11T00:00:00-03:00;11;4;1992;
1992-04-12;GM366_ERC366;1992-04-12T00:00:00-03:00;12;4;1992;
1992-04-13;GM366_ERC366;1992-04-13T00:00:00-03:00;13;4;1992;2174,0
1992-04-14;GM366_ERC366;1992-04-14T00:00:00-03:00;14;4;1992;2195,9
1992-04-15;GM366_ERC366;1992-04-15T00:00:00-03:00;15;4;1992;2217,85
1992-04-16;GM366_ERC366;1992-04-16T00:00:00-03:00;16;4;1992;
1992-04-17;GM366_ERC366;1992-04-17T00:00:00-03:00;17;4;1992;
1992-04-18;GM366_ERC366;1992-04-18T00:00:00-03:00;18;4;1992;
1992-04-19;GM366_ERC366;1992-04-19T00:00:00-03:00;19;4;1992;
1992-04-20;GM366_ERC366;1992-04-20T00:00:00-03:00;20;4;1992;2239,5
1992-04-21;GM366_ERC366;1992-04-21T00:00:00-03:00;21;4;1992;
1992-04-22;GM366_ERC366;1992-04-22T00:00:00-03:00;22;4;1992;2261,4
1992-04-23;GM366_ERC366;1992-04-23T00:00:00-03:00;23;4;1992;2283,4
1992-04-24;GM366_ERC366;1992-04-24T00:00:00-03:00;24;4;1992;2305,6
1992-04-25;GM366_ERC366;1992-04-25T00:00:00-03:00;25;4;1992;
1992-04-26;GM366_ERC366;1992-04-26T00:00:00-03:00;26;4;1992;
1992-04-27;GM366_ERC366;1992-04-27T00:00:00-03:00;27;4;1992;2328,0
1992-04-28;GM366_ERC366;1992-04-28T00:00:00-03:00;28;4;1992;2350,65
1992-04-29;GM366_ERC366;1992-04-29T00:00:00-03:00;29;4;1992;2373,25
1992-04-30;GM366_ERC366;1992-04-30T00:00:00-03:00;30;4;1992;2396,0
1992-05-01;GM366_ERC366;1992-05-01T00:00:00-03:00;1;5;1992;
1992-05-02;GM366_ERC366;1992-05-02T00:00:00-03:00;2;5;1992;
1992-05-03;GM366_ERC366;1992-05-03T00:00:00-03:00;3;5;1992;
1992-05-04;GM366_ERC366;1992-05-04T00:00:00-03:00;4;5;1992;2416,9
1992-05-05;GM366_ERC366;1992-05-05T00:00:00-03:00;5;5;1992;2438,1
1992-05-06;GM366_ERC366;1992-05-06T00:00:00-03:00;6;5;1992;2459,25
1992-05-07;GM366_ERC366;1992-05-07T00:00:00-03:00;7;5;1992;2480,8
1992-05-08;GM366_ERC366;1992-05-08T00:00:00-03:00;8;5;1992;2502,5
1992-05-09;GM366_ERC366;1992-05-09T00:00:00-03:00;9;5;1992;
1992-05-10;GM366_ERC366;1992-05-10T00:00:00-03:00;10;5;1992;
1992-05-11;GM366_ERC366;1992-05-11T00:00:00-03:00;11;5;1992;2524,35
1992-05-12;GM366_ERC366;1992-05-12T00:00:00-03:00;12;5;1992;2546,35
1992-05-13;GM366_ERC366;1992-05-13T00:00:00-03:00;13;5;1992;2568,5
1992-05-14;GM366_ERC366;1992-05-14T00:00:00-03:00;14;5;1992;2590,5
1992-05-15;GM366_ERC366;1992-05-15T00:00:00-03:00;15;5;1992;2612,75
1992-05-16;GM366_ERC366;1992-05-16T00:00:00-03:00;16;5;1992;
1992-05-17;GM366_ERC366;1992-05-17T00:00:00-03:00;17;5;1992;
1992-05-18;GM366_ERC366;1992-05-18T00:00:00-03:00;18;5;1992;2635,25
1992-05-19;GM366_ERC366;1992-05-19T00:00:00-03:00;19;5;1992;2658,15
1992-05-20;GM366_ERC366;1992-05-20T00:00:00-03:00;20;5;1992;2681,2
1992-05-21;GM366_ERC366;1992-05-21T00:00:00-03:00;21;5;1992;2728,55
1992-05-22;GM366_ERC366;1992-05-22T00:00:00-03:00;22;5;1992;2727,9
1992-05-23;GM366_ERC366;1992-05-23T00:00:00-03:00;23;5;1992;
1992-05-24;GM366_ERC366;1992-05-24T00:00:00-03:00;24;5;1992;
1992-05-25;GM366_ERC366;1992-05-25T00:00:00-03:00;25;5;1992;2751,6
1992-05-26;GM366_ERC366;1992-05-26T00:00:00-03:00;26;5;1992;2775,55
1992-05-27;GM366_ERC366;1992-05-27T00:00:00-03:00;27;5;1992;2799,75
1992-05-28;GM366_ERC366;1992-05-28T00:00:00-03:00;28;5;1992;2824,35
1992-05-29;GM366_ERC366;1992-05-29T00:00:00-03:00;29;5;1992;2849,0
1992-05-30;GM366_ERC366;1992-05-30T00:00:00-03:00;30;5;1992;
1992-05-31;GM366_ERC366;1992-05-31T00:00:00-03:00;31;5;1992;
1992-06-01;GM366_ERC366;1992-06-01T00:00:00-03:00;1;6;1992;2874,4
1992-06-02;GM366_ERC366;1992-06-02T00:00:00-03:00;2;6;1992;2900,0
1992-06-03;GM366_ERC366;1992-06-03T00:00:00-03:00;3;6;1992;2925,8
1992-06-04;GM366_ERC366;1992-06-04T00:00:00-03:00;4;6;1992;2952,05
1992-06-05;GM366_ERC366;1992-06-05T00:00:00-03:00;5;6;1992;2978,5
1992-06-06;GM366_ERC366;1992-06-06T00:00:00-03:00;6;6;1992;
1992-06-07;GM366_ERC366;1992-06-07T00:00:00-03:00;7;6;1992;
1992-06-08;GM366_ERC366;1992-06-08T00:00:00-03:00;8;6;1992;3004,9
1992-06-09;GM366_ERC366;1992-06-09T00:00:00-03:00;9;6;1992;3031,7
1992-06-10;GM366_ERC366;1992-06-10T00:00:00-03:00;10;6;1992;3058,8
1992-06-11;GM366_ERC366;1992-06-11T00:00:00-03:00;11;6;1992;3087,5
1992-06-12;GM366_ERC366;1992-06-12T00:00:00-03:00;12;6;1992;3115,6
1992-06-13;GM366_ERC366;1992-06-13T00:00:00-03:00;13;6;1992;
1992-06-14;GM366_ERC366;1992-06-14T00:00:00-03:00;14;6;1992;
1992-06-15;GM366_ERC366;1992-06-15T00:00:00-03:00;15;6;1992;3144,0
1992-06-16;GM366_ERC366;1992-06-16T00:00:00-03:00;16;6;1992;3172,9
1992-06-17;GM366_ERC366;1992-06-17T00:00:00-03:00;17;6;1992;3202,5
1992-06-18;GM366_ERC366;1992-06-18T00:00:00-03:00;18;6;1992;
1992-06-19;GM366_ERC366;1992-06-19T00:00:00-03:00;19;6;1992;3230,7
1992-06-20;GM366_ERC366;1992-06-20T00:00:00-03:00;20;6;1992;
1992-06-21;GM366_ERC366;1992-06-21T00:00:00-03:00;21;6;1992;
1992-06-22;GM366_ERC366;1992-06-22T00:00:00-03:00;22;6;1992;3260,05
1992-06-23;GM366_ERC366;1992-06-23T00:00:00-03:00;23;6;1992;3289,85
1992-06-24;GM366_ERC366;1992-06-24T00:00:00-03:00;24;6;1992;3320,2
1992-06-25;GM366_ERC366;1992-06-25T00:00:00-03:00;25;6;1992;3351,0
1992-06-26;GM366_ERC366;1992-06-26T00:00:00-03:00;26;6;1992;3382,5
1992-06-27;GM366_ERC366;1992-06-27T00:00:00-03:00;27;6;1992;
1992-06-28;GM366_ERC366;1992-06-28T00:00:00-03:00;28;6;1992;
1992-06-29;GM366_ERC366;1992-06-29T00:00:00-03:00;29;6;1992;3413,5
1992-06-30;GM366_ERC366;1992-06-30T00:00:00-03:00;30;6;1992;3446,6
1992-07-01;GM366_ERC366;1992-07-01T00:00:00-03:00;1;7;1992;3475,8
1992-07-02;GM366_ERC366;1992-07-02T00:00:00-03:00;2;7;1992;3505,7
1992-07-03;GM366_ERC366;1992-07-03T00:00:00-03:00;3;7;1992;3536,1
1992-07-04;GM366_ERC366;1992-07-04T00:00:00-03:00;4;7;1992;
1992-07-05;GM366_ERC366;1992-07-05T00:00:00-03:00;5;7;1992;
1992-07-06;GM366_ERC366;1992-07-06T00:00:00-03:00;6;7;1992;3566,85
1992-07-07;GM366_ERC366;1992-07-07T00:00:00-03:00;7;7;1992;3597,75
1992-07-08;GM366_ERC366;1992-07-08T00:00:00-03:00;8;7;1992;3629,05
1992-07-09;GM366_ERC366;1992-07-09T00:00:00-03:00;9;7;1992;3660,65
1992-07-10;GM366_ERC366;1992-07-10T00:00:00-03:00;10;7;1992;3692,55
1992-07-11;GM366_ERC366;1992-07-11T00:00:00-03:00;11;7;1992;
1992-07-12;GM366_ERC366;1992-07-12T00:00:00-03:00;12;7;1992;
1992-07-13;GM366_ERC366;1992-07-13T00:00:00-03:00;13;7;1992;3724,75
1992-07-14;GM366_ERC366;1992-07-14T00:00:00-03:00;14;7;1992;3757,15
1992-07-15;GM366_ERC366;1992-07-15T00:00:00-03:00;15;7;1992;3789,85
1992-07-16;GM366_ERC366;1992-07-16T00:00:00-03:00;16;7;1992;3822,8
1992-07-17;GM366_ERC366;1992-07-17T00:00:00-03:00;17;7;1992;3856,1
1992-07-18;GM366_ERC366;1992-07-18T00:00:00-03:00;18;7;1992;
1992-07-19;GM366_ERC366;1992-07-19T00:00:00-03:00;19;7;1992;
1992-07-20;GM366_ERC366;1992-07-20T00:00:00-03:00;20;7;1992;3889,7
1992-07-21;GM366_ERC366;1992-07-21T00:00:00-03:00;21;7;1992;3923,55
1992-07-22;GM366_ERC366;1992-07-22T00:00:00-03:00;22;7;1992;3957,65
1992-07-23;GM366_ERC366;1992-07-23T00:00:00-03:00;23;7;1992;3992,1
1992-07-24;GM366_ERC366;1992-07-24T00:00:00-03:00;24;7;1992;4026,8
1992-07-25;GM366_ERC366;1992-07-25T00:00:00-03:00;25;7;1992;
1992-07-26;GM366_ERC366;1992-07-26T00:00:00-03:00;26;7;1992;
1992-07-27;GM366_ERC366;1992-07-27T00:00:00-03:00;27;7;1992;4061,8
1992-07-28;GM366_ERC366;1992-07-28T00:00:00-03:00;28;7;1992;4096,9
1992-07-29;GM366_ERC366;1992-07-29T00:00:00-03:00;29;7;1992;4132,5
1992-07-30;GM366_ERC366;1992-07-30T00:00:00-03:00;30;7;1992;4168,9
1992-07-31;GM366_ERC366;1992-07-31T00:00:00-03:00;31;7;1992;4204,5
1992-08-01;GM366_ERC366;1992-08-01T00:00:00-03:00;1;8;1992;
1992-08-02;GM366_ERC366;1992-08-02T00:00:00-03:00;2;8;1992;
1992-08-03;GM366_ERC366;1992-08-03T00:00:00-03:00;3;8;1992;4244,4
1992-08-04;GM366_ERC366;1992-08-04T00:00:00-03:00;4;8;1992;4284,75
1992-08-05;GM366_ERC366;1992-08-05T00:00:00-03:00;5;8;1992;4324,95
1992-08-06;GM366_ERC366;1992-08-06T00:00:00-03:00;6;8;1992;4365,7
1992-08-07;GM366_ERC366;1992-08-07T00:00:00-03:00;7;8;1992;4406,9
1992-08-08;GM366_ERC366;1992-08-08T00:00:00-03:00;8;8;1992;
1992-08-09;GM366_ERC366;1992-08-09T00:00:00-03:00;9;8;1992;
1992-08-10;GM366_ERC366;1992-08-10T00:00:00-03:00;10;8;1992;4448,55
1992-08-11;GM366_ERC366;1992-08-11T00:00:00-03:00;11;8;1992;4490,7
1992-08-12;GM366_ERC366;1992-08-12T00:00:00-03:00;12;8;1992;4533,3
1992-08-13;GM366_ERC366;1992-08-13T00:00:00-03:00;13;8;1992;4576,55
1992-08-14;GM366_ERC366;1992-08-14T00:00:00-03:00;14;8;1992;4620,35
1992-08-15;GM366_ERC366;1992-08-15T00:00:00-03:00;15;8;1992;
1992-08-16;GM366_ERC366;1992-08-16T00:00:00-03:00;16;8;1992;
1992-08-17;GM366_ERC366;1992-08-17T00:00:00-03:00;17;8;1992;4664,35
1992-08-18;GM366_ERC366;1992-08-18T00:00:00-03:00;18;8;1992;4708,8
1992-08-19;GM366_ERC366;1992-08-19T00:00:00-03:00;19;8;1992;4754,2
1992-08-20;GM366_ERC366;1992-08-20T00:00:00-03:00;20;8;1992;4797,5
1992-08-21;GM366_ERC366;1992-08-21T00:00:00-03:00;21;8;1992;4844,45
1992-08-22;GM366_ERC366;1992-08-22T00:00:00-03:00;22;8;1992;
1992-08-23;GM366_ERC366;1992-08-23T00:00:00-03:00;23;8;1992;
1992-08-24;GM366_ERC366;1992-08-24T00:00:00-03:00;24;8;1992;4890,55
1992-08-25;GM366_ERC366;1992-08-25T00:00:00-03:00;25;8;1992;4936,0
1992-08-26;GM366_ERC366;1992-08-26T00:00:00-03:00;26;8;1992;4982,8
1992-08-27;GM366_ERC366;1992-08-27T00:00:00-03:00;27;8;1992;5029,8
1992-08-28;GM366_ERC366;1992-08-28T00:00:00-03:00;28;8;1992;5077,4
1992-08-29;GM366_ERC366;1992-08-29T00:00:00-03:00;29;8;1992;
1992-08-30;GM366_ERC366;1992-08-30T00:00:00-03:00;30;8;1992;
1992-08-31;GM366_ERC366;1992-08-31T00:00:00-03:00;31;8;1992;5130,0
1992-09-01;GM366_ERC366;1992-09-01T00:00:00-03:00;1;9;1992;5184,5
1992-09-02;GM366_ERC366;1992-09-02T00:00:00-03:00;2;9;1992;5238,9
1992-09-03;GM366_ERC366;1992-09-03T00:00:00-03:00;3;9;1992;5294,6
1992-09-04;GM366_ERC366;1992-09-04T00:00:00-03:00;4;9;1992;5350,4
1992-09-05;GM366_ERC366;1992-09-05T00:00:00-03:00;5;9;1992;
1992-09-06;GM366_ERC366;1992-09-06T00:00:00-03:00;6;9;1992;
1992-09-07;GM366_ERC366;1992-09-07T00:00:00-03:00;7;9;1992;
1992-09-08;GM366_ERC366;1992-09-08T00:00:00-03:00;8;9;1992;5406,1
1992-09-09;GM366_ERC366;1992-09-09T00:00:00-03:00;9;9;1992;5462,7
1992-09-10;GM366_ERC366;1992-09-10T00:00:00-03:00;10;9;1992;5520,1
1992-09-11;GM366_ERC366;1992-09-11T00:00:00-03:00;11;9;1992;5578,3
1992-09-12;GM366_ERC366;1992-09-12T00:00:00-03:00;12;9;1992;
1992-09-13;GM366_ERC366;1992-09-13T00:00:00-03:00;13;9;1992;
1992-09-14;GM366_ERC366;1992-09-14T00:00:00-03:00;14;9;1992;5637,3
1992-09-15;GM366_ERC366;1992-09-15T00:00:00-03:00;15;9;1992;5697,3
1992-09-16;GM366_ERC366;1992-09-16T00:00:00-03:00;16;9;1992;5758,3
1992-09-17;GM366_ERC366;1992-09-17T00:00:00-03:00;17;9;1992;5819,5
1992-09-18;GM366_ERC366;1992-09-18T00:00:00-03:00;18;9;1992;5881,25
1992-09-19;GM366_ERC366;1992-09-19T00:00:00-03:00;19;9;1992;
1992-09-20;GM366_ERC366;1992-09-20T00:00:00-03:00;20;9;1992;
1992-09-21;GM366_ERC366;1992-09-21T00:00:00-03:00;21;9;1992;5943,65
1992-09-22;GM366_ERC366;1992-09-22T00:00:00-03:00;22;9;1992;6006,75
1992-09-23;GM366_ERC366;1992-09-23T00:00:00-03:00;23;9;1992;6070,75
1992-09-24;GM366_ERC366;1992-09-24T00:00:00-03:00;24;9;1992;6137,0
1992-09-25;GM366_ERC366;1992-09-25T00:00:00-03:00;25;9;1992;6204,0
1992-09-26;GM366_ERC366;1992-09-26T00:00:00-03:00;26;9;1992;
1992-09-27;GM366_ERC366;1992-09-27T00:00:00-03:00;27;9;1992;
1992-09-28;GM366_ERC366;1992-09-28T00:00:00-03:00;28;9;1992;6272,0
1992-09-29;GM366_ERC366;1992-09-29T00:00:00-03:00;29;9;1992;6333,0
1992-09-30;GM366_ERC366;1992-09-30T00:00:00-03:00;30;9;1992;6398,0
1992-10-01;GM366_ERC366;1992-10-01T00:00:00-03:00;1;10;1992;6468,0
1992-10-02;GM366_ERC366;1992-10-02T00:00:00-03:00;2;10;1992;6537,4
1992-10-03;GM366_ERC366;1992-10-03T00:00:00-03:00;3;10;1992;
1992-10-04;GM366_ERC366;1992-10-04T00:00:00-03:00;4;10;1992;
1992-10-05;GM366_ERC366;1992-10-05T00:00:00-03:00;5;10;1992;6607,3
1992-10-06;GM366_ERC366;1992-10-06T00:00:00-03:00;6;10;1992;6677,8
1992-10-07;GM366_ERC366;1992-10-07T00:00:00-03:00;7;10;1992;6749,1
1992-10-08;GM366_ERC366;1992-10-08T00:00:00-03:00;8;10;1992;6821,2
1992-10-09;GM366_ERC366;1992-10-09T00:00:00-03:00;9;10;1992;6894,1
1992-10-10;GM366_ERC366;1992-10-10T00:00:00-03:00;10;10;1992;
1992-10-11;GM366_ERC366;1992-10-11T00:00:00-03:00;11;10;1992;
1992-10-12;GM366_ERC366;1992-10-12T00:00:00-03:00;12;10;1992;
1992-10-13;GM366_ERC366;1992-10-13T00:00:00-03:00;13;10;1992;6967,95
1992-10-14;GM366_ERC366;1992-10-14T00:00:00-03:00;14;10;1992;7042,5
1992-10-15;GM366_ERC366;1992-10-15T00:00:00-03:00;15;10;1992;7118,0
1992-10-16;GM366_ERC366;1992-10-16T00:00:00-03:00;16;10;1992;7194,3
1992-10-17;GM366_ERC366;1992-10-17T00:00:00-03:00;17;10;1992;
1992-10-18;GM366_ERC366;1992-10-18T00:00:00-03:00;18;10;1992;
1992-10-19;GM366_ERC366;1992-10-19T00:00:00-03:00;19;10;1992;7271,7
1992-10-20;GM366_ERC366;1992-10-20T00:00:00-03:00;20;10;1992;7350,0
1992-10-21;GM366_ERC366;1992-10-21T00:00:00-03:00;21;10;1992;7429,5
1992-10-22;GM366_ERC366;1992-10-22T00:00:00-03:00;22;10;1992;7510,4
1992-10-23;GM366_ERC366;1992-10-23T00:00:00-03:00;23;10;1992;7593,3
1992-10-24;GM366_ERC366;1992-10-24T00:00:00-03:00;24;10;1992;
1992-10-25;GM366_ERC366;1992-10-25T00:00:00-03:00;25;10;1992;
1992-10-26;GM366_ERC366;1992-10-26T00:00:00-03:00;26;10;1992;7679,3
1992-10-27;GM366_ERC366;1992-10-27T00:00:00-03:00;27;10;1992;7766,4
1992-10-28;GM366_ERC366;1992-10-28T00:00:00-03:00;28;10;1992;7854,5
1992-10-29;GM366_ERC366;1992-10-29T00:00:00-03:00;29;10;1992;7943,6
1992-10-30;GM366_ERC366;1992-10-30T00:00:00-03:00;30;10;1992;8034,0
1992-10-31;GM366_ERC366;1992-10-31T00:00:00-03:00;31;10;1992;
1992-11-01;GM366_ERC366;1992-11-01T00:00:00-03:00;1;11;1992;
1992-11-02;GM366_ERC366;1992-11-02T00:00:00-03:00;2;11;1992;
1992-11-03;GM366_ERC366;1992-11-03T00:00:00-03:00;3;11;1992;8122,9
1992-11-04;GM366_ERC366;1992-11-04T00:00:00-02:00;4;11;1992;8213,0
1992-11-05;GM366_ERC366;1992-11-05T00:00:00-02:00;5;11;1992;8304,1
1992-11-06;GM366_ERC366;1992-11-06T00:00:00-02:00;6;11;1992;8396,2
1992-11-07;GM366_ERC366;1992-11-07T00:00:00-02:00;7;11;1992;
1992-11-08;GM366_ERC366;1992-11-08T00:00:00-02:00;8;11;1992;
1992-11-09;GM366_ERC366;1992-11-09T00:00:00-02:00;9;11;1992;8583,5
1992-11-10;GM366_ERC366;1992-11-10T00:00:00-02:00;10;11;1992;8678,7
1992-11-11;GM366_ERC366;1992-11-11T00:00:00-02:00;11;11;1992;8678,7
1992-11-12;GM366_ERC366;1992-11-12T00:00:00-02:00;12;11;1992;8774,95
1992-11-13;GM366_ERC366;1992-11-13T00:00:00-02:00;13;11;1992;8872,2
1992-11-14;GM366_ERC366;1992-11-14T00:00:00-02:00;14;11;1992;
1992-11-15;GM366_ERC366;1992-11-15T00:00:00-02:00;15;11;1992;
1992-11-16;GM366_ERC366;1992-11-16T00:00:00-02:00;16;11;1992;8970,6
1992-11-17;GM366_ERC366;1992-11-17T00:00:00-02:00;17;11;1992;9069,6
1992-11-18;GM366_ERC366;1992-11-18T00:00:00-02:00;18;11;1992;9169,6
1992-11-19;GM366_ERC366;1992-11-19T00:00:00-02:00;19;11;1992;9269,3
1992-11-20;GM366_ERC366;1992-11-20T00:00:00-02:00;20;11;1992;9368,9
1992-11-21;GM366_ERC366;1992-11-21T00:00:00-02:00;21;11;1992;
1992-11-22;GM366_ERC366;1992-11-22T00:00:00-02:00;22;11;1992;
1992-11-23;GM366_ERC366;1992-11-23T00:00:00-02:00;23;11;1992;9468,3
1992-11-24;GM366_ERC366;1992-11-24T00:00:00-02:00;24;11;1992;9666,9
1992-11-25;GM366_ERC366;1992-11-25T00:00:00-02:00;25;11;1992;9760,9
1992-11-26;GM366_ERC366;1992-11-26T00:00:00-02:00;26;11;1992;9760,7
1992-11-27;GM366_ERC366;1992-11-27T00:00:00-02:00;27;11;1992;9854,9
1992-11-28;GM366_ERC366;1992-11-28T00:00:00-02:00;28;11;1992;
1992-11-29;GM366_ERC366;1992-11-29T00:00:00-02:00;29;11;1992;
1992-11-30;GM366_ERC366;1992-11-30T00:00:00-02:00;30;11;1992;9949,8
1992-12-01;GM366_ERC366;1992-12-01T00:00:00-02:00;1;12;1992;10046,1
1992-12-02;GM366_ERC366;1992-12-02T00:00:00-02:00;2;12;1992;10143,6
1992-12-03;GM366_ERC366;1992-12-03T00:00:00-02:00;3;12;1992;10241,8
1992-12-04;GM366_ERC366;1992-12-04T00:00:00-02:00;4;12;1992;10341,1
1992-12-05;GM366_ERC366;1992-12-05T00:00:00-02:00;5;12;1992;
1992-12-06;GM366_ERC366;1992-12-06T00:00:00-02:00;6;12;1992;
1992-12-07;GM366_ERC366;1992-12-07T00:00:00-02:00;7;12;1992;10441,5
1992-12-08;GM366_ERC366;1992-12-08T00:00:00-02:00;8;12;1992;10542,9
1992-12-09;GM366_ERC366;1992-12-09T00:00:00-02:00;9;12;1992;10645,6
1992-12-10;GM366_ERC366;1992-12-10T00:00:00-02:00;10;12;1992;10749,1
1992-12-11;GM366_ERC366;1992-12-11T00:00:00-02:00;11;12;1992;10854,2
1992-12-12;GM366_ERC366;1992-12-12T00:00:00-02:00;12;12;1992;
1992-12-13;GM366_ERC366;1992-12-13T00:00:00-02:00;13;12;1992;
1992-12-14;GM366_ERC366;1992-12-14T00:00:00-02:00;14;12;1992;10960,0
1992-12-15;GM366_ERC366;1992-12-15T00:00:00-02:00;15;12;1992;11066,85
1992-12-16;GM366_ERC366;1992-12-16T00:00:00-02:00;16;12;1992;11174,4
1992-12-17;GM366_ERC366;1992-12-17T00:00:00-02:00;17;12;1992;11283,3
1992-12-18;GM366_ERC366;1992-12-18T00:00:00-02:00;18;12;1992;11393,4
1992-12-19;GM366_ERC366;1992-12-19T00:00:00-02:00;19;12;1992;
1992-12-20;GM366_ERC366;1992-12-20T00:00:00-02:00;20;12;1992;
1992-12-21;GM366_ERC366;1992-12-21T00:00:00-02:00;21;12;1992;11505,4
1992-12-22;GM366_ERC366;1992-12-22T00:00:00-02:00;22;12;1992;11620,9
1992-12-23;GM366_ERC366;1992-12-23T00:00:00-02:00;23;12;1992;11737,4
1992-12-24;GM366_ERC366;1992-12-24T00:00:00-02:00;24;12;1992;11855,2
1992-12-25;GM366_ERC366;1992-12-25T00:00:00-02:00;25;12;1992;
1992-12-26;GM366_ERC366;1992-12-26T00:00:00-02:00;26;12;1992;
1992-12-27;GM366_ERC366;1992-12-27T00:00:00-02:00;27;12;1992;
1992-12-28;GM366_ERC366;1992-12-28T00:00:00-02:00;28;12;1992;11977,5
1992-12-29;GM366_ERC366;1992-12-29T00:00:00-02:00;29;12;1992;12106,0
1992-12-30;GM366_ERC366;1992-12-30T00:00:00-02:00;30;12;1992;12242,0
1992-12-31;GM366_ERC366;1992-12-31T00:00:00-02:00;31;12;1992;12387,0
1993-01-01;GM366_ERC366;1993-01-01T00:00:00-02:00;1;1;1993;
1993-01-02;GM366_ERC366;1993-01-02T00:00:00-02:00;2;1;1993;
1993-01-03;GM366_ERC366;1993-01-03T00:00:00-02:00;3;1;1993;
1993-01-04;GM366_ERC366;1993-01-04T00:00:00-02:00;4;1;1993;12531,3
1993-01-05;GM366_ERC366;1993-01-05T00:00:00-02:00;5;1;1993;12677,1
1993-01-06;GM366_ERC366;1993-01-06T00:00:00-02:00;6;1;1993;12824,5
1993-01-07;GM366_ERC366;1993-01-07T00:00:00-02:00;7;1;1993;12973,6
1993-01-08;GM366_ERC366;1993-01-08T00:00:00-02:00;8;1;1993;13124,6
1993-01-09;GM366_ERC366;1993-01-09T00:00:00-02:00;9;1;1993;
1993-01-10;GM366_ERC366;1993-01-10T00:00:00-02:00;10;1;1993;
1993-01-11;GM366_ERC366;1993-01-11T00:00:00-02:00;11;1;1993;13278,3
1993-01-12;GM366_ERC366;1993-01-12T00:00:00-02:00;12;1;1993;13434,4
1993-01-13;GM366_ERC366;1993-01-13T00:00:00-02:00;13;1;1993;13592,8
1993-01-14;GM366_ERC366;1993-01-14T00:00:00-02:00;14;1;1993;13915,8
1993-01-15;GM366_ERC366;1993-01-15T00:00:00-02:00;15;1;1993;14080,4
1993-01-16;GM366_ERC366;1993-01-16T00:00:00-02:00;16;1;1993;
1993-01-17;GM366_ERC366;1993-01-17T00:00:00-02:00;17;1;1993;
1993-01-18;GM366_ERC366;1993-01-18T00:00:00-02:00;18;1;1993;14080,9
1993-01-19;GM366_ERC366;1993-01-19T00:00:00-02:00;19;1;1993;14249,3
1993-01-20;GM366_ERC366;1993-01-20T00:00:00-02:00;20;1;1993;14419,8
1993-01-21;GM366_ERC366;1993-01-21T00:00:00-02:00;21;1;1993;14592,2
1993-01-22;GM366_ERC366;1993-01-22T00:00:00-02:00;22;1;1993;14768,5
1993-01-23;GM366_ERC366;1993-01-23T00:00:00-02:00;23;1;1993;
1993-01-24;GM366_ERC366;1993-01-24T00:00:00-02:00;24;1;1993;
1993-01-25;GM366_ERC366;1993-01-25T00:00:00-02:00;25;1;1993;14948,9
1993-01-26;GM366_ERC366;1993-01-26T00:00:00-02:00;26;1;1993;15133,7
1993-01-27;GM366_ERC366;1993-01-27T00:00:00-02:00;27;1;1993;15321,8
1993-01-28;GM366_ERC366;1993-01-28T00:00:00-02:00;28;1;1993;15512,9
1993-01-29;GM366_ERC366;1993-01-29T00:00:00-02:00;29;1;1993;15719,0
1993-01-30;GM366_ERC366;1993-01-30T00:00:00-02:00;30;1;1993;
1993-01-31;GM366_ERC366;1993-01-31T00:00:00-02:00;31;1;1993;
1993-02-01;GM366_ERC366;1993-02-01T00:00:00-02:00;1;2;1993;15931,2
1993-02-02;GM366_ERC366;1993-02-02T00:00:00-02:00;2;2;1993;16145,3
1993-02-03;GM366_ERC366;1993-02-03T00:00:00-02:00;3;2;1993;16361,4
1993-02-04;GM366_ERC366;1993-02-04T00:00:00-02:00;4;2;1993;16580,3
1993-02-05;GM366_ERC366;1993-02-05T00:00:00-02:00;5;2;1993;16800,1
1993-02-06;GM366_ERC366;1993-02-06T00:00:00-02:00;6;2;1993;
1993-02-07;GM366_ERC366;1993-02-07T00:00:00-02:00;7;2;1993;
1993-02-08;GM366_ERC366;1993-02-08T00:00:00-02:00;8;2;1993;17022,0
1993-02-09;GM366_ERC366;1993-02-09T00:00:00-02:00;9;2;1993;17244,1
1993-02-10;GM366_ERC366;1993-02-10T00:00:00-02:00;10;2;1993;17468,0
1993-02-11;GM366_ERC366;1993-02-11T00:00:00-02:00;11;2;1993;17924,2
1993-02-12;GM366_ERC366;1993-02-12T00:00:00-02:00;12;2;1993;18156,8
1993-02-13;GM366_ERC366;1993-02-13T00:00:00-02:00;13;2;1993;
1993-02-14;GM366_ERC366;1993-02-14T00:00:00-03:00;14;2;1993;
1993-02-15;GM366_ERC366;1993-02-15T00:00:00-03:00;15;2;1993;18156,65
1993-02-16;GM366_ERC366;1993-02-16T00:00:00-03:00;16;2;1993;18391,95
1993-02-17;GM366_ERC366;1993-02-17T00:00:00-03:00;17;2;1993;18630,2
1993-02-18;GM366_ERC366;1993-02-18T00:00:00-03:00;18;2;1993;18871,9
1993-02-19;GM366_ERC366;1993-02-19T00:00:00-03:00;19;2;1993;19117,0
1993-02-20;GM366_ERC366;1993-02-20T00:00:00-03:00;20;2;1993;
1993-02-21;GM366_ERC366;1993-02-21T00:00:00-03:00;21;2;1993;
1993-02-22;GM366_ERC366;1993-02-22T00:00:00-03:00;22;2;1993;
1993-02-23;GM366_ERC366;1993-02-23T00:00:00-03:00;23;2;1993;
1993-02-24;GM366_ERC366;1993-02-24T00:00:00-03:00;24;2;1993;19364,4
1993-02-25;GM366_ERC366;1993-02-25T00:00:00-03:00;25;2;1993;19609,5
1993-02-26;GM366_ERC366;1993-02-26T00:00:00-03:00;26;2;1993;19857,0
1993-02-27;GM366_ERC366;1993-02-27T00:00:00-03:00;27;2;1993;
1993-02-28;GM366_ERC366;1993-02-28T00:00:00-03:00;28;2;1993;
1993-03-01;GM366_ERC366;1993-03-01T00:00:00-03:00;1;3;1993;20061,9
1993-03-02;GM366_ERC366;1993-03-02T00:00:00-03:00;2;3;1993;20267,3
1993-03-03;GM366_ERC366;1993-03-03T00:00:00-03:00;3;3;1993;20473,8
1993-03-04;GM366_ERC366;1993-03-04T00:00:00-03:00;4;3;1993;20681,3
1993-03-05;GM366_ERC366;1993-03-05T00:00:00-03:00;5;3;1993;20890,45
1993-03-06;GM366_ERC366;1993-03-06T00:00:00-03:00;6;3;1993;
1993-03-07;GM366_ERC366;1993-03-07T00:00:00-03:00;7;3;1993;
1993-03-08;GM366_ERC366;1993-03-08T00:00:00-03:00;8;3;1993;21101,4
1993-03-09;GM366_ERC366;1993-03-09T00:00:00-03:00;9;3;1993;21314,3
1993-03-10;GM366_ERC366;1993-03-10T00:00:00-03:00;10;3;1993;21529,5
1993-03-11;GM366_ERC366;1993-03-11T00:00:00-03:00;11;3;1993;21745,1
1993-03-12;GM366_ERC366;1993-03-12T00:00:00-03:00;12;3;1993;21962,9
1993-03-13;GM366_ERC366;1993-03-13T00:00:00-03:00;13;3;1993;
1993-03-14;GM366_ERC366;1993-03-14T00:00:00-03:00;14;3;1993;
1993-03-15;GM366_ERC366;1993-03-15T00:00:00-03:00;15;3;1993;22182,8
1993-03-16;GM366_ERC366;1993-03-16T00:00:00-03:00;16;3;1993;22404,9
1993-03-17;GM366_ERC366;1993-03-17T00:00:00-03:00;17;3;1993;22629,9
1993-03-18;GM366_ERC366;1993-03-18T00:00:00-03:00;18;3;1993;22857,15
1993-03-19;GM366_ERC366;1993-03-19T00:00:00-03:00;19;3;1993;23087,9
1993-03-20;GM366_ERC366;1993-03-20T00:00:00-03:00;20;3;1993;
1993-03-21;GM366_ERC366;1993-03-21T00:00:00-03:00;21;3;1993;
1993-03-22;GM366_ERC366;1993-03-22T00:00:00-03:00;22;3;1993;23322,9
1993-03-23;GM366_ERC366;1993-03-23T00:00:00-03:00;23;3;1993;23562,2
1993-03-24;GM366_ERC366;1993-03-24T00:00:00-03:00;24;3;1993;23806,2
1993-03-25;GM366_ERC366;1993-03-25T00:00:00-03:00;25;3;1993;24054,65
1993-03-26;GM366_ERC366;1993-03-26T00:00:00-03:00;26;3;1993;24309,6
1993-03-27;GM366_ERC366;1993-03-27T00:00:00-03:00;27;3;1993;
1993-03-28;GM366_ERC366;1993-03-28T00:00:00-03:00;28;3;1993;
1993-03-29;GM366_ERC366;1993-03-29T00:00:00-03:00;29;3;1993;24576,3
1993-03-30;GM366_ERC366;1993-03-30T00:00:00-03:00;30;3;1993;24846,5
1993-03-31;GM366_ERC366;1993-03-31T00:00:00-03:00;31;3;1993;25120,0
1993-04-01;GM366_ERC366;1993-04-01T00:00:00-03:00;1;4;1993;25444,0
1993-04-02;GM366_ERC366;1993-04-02T00:00:00-03:00;2;4;1993;25772,8
1993-04-03;GM366_ERC366;1993-04-03T00:00:00-03:00;3;4;1993;
1993-04-04;GM366_ERC366;1993-04-04T00:00:00-03:00;4;4;1993;
1993-04-05;GM366_ERC366;1993-04-05T00:00:00-03:00;5;4;1993;26108,3
1993-04-06;GM366_ERC366;1993-04-06T00:00:00-03:00;6;4;1993;26450,4
1993-04-07;GM366_ERC366;1993-04-07T00:00:00-03:00;7;4;1993;26799,8
1993-04-08;GM366_ERC366;1993-04-08T00:00:00-03:00;8;4;1993;
1993-04-09;GM366_ERC366;1993-04-09T00:00:00-03:00;9;4;1993;
1993-04-10;GM366_ERC366;1993-04-10T00:00:00-03:00;10;4;1993;
1993-04-11;GM366_ERC366;1993-04-11T00:00:00-03:00;11;4;1993;
1993-04-12;GM366_ERC366;1993-04-12T00:00:00-03:00;12;4;1993;27156,8
1993-04-13;GM366_ERC366;1993-04-13T00:00:00-03:00;13;4;1993;27520,3
1993-04-14;GM366_ERC366;1993-04-14T00:00:00-03:00;14;4;1993;27892,2
1993-04-15;GM366_ERC366;1993-04-15T00:00:00-03:00;15;4;1993;28269,9
1993-04-16;GM366_ERC366;1993-04-16T00:00:00-03:00;16;4;1993;28653,0
1993-04-17;GM366_ERC366;1993-04-17T00:00:00-03:00;17;4;1993;
1993-04-18;GM366_ERC366;1993-04-18T00:00:00-03:00;18;4;1993;
1993-04-19;GM366_ERC366;1993-04-19T00:00:00-03:00;19;4;1993;29041,0
1993-04-20;GM366_ERC366;1993-04-20T00:00:00-03:00;20;4;1993;29434,3
1993-04-21;GM366_ERC366;1993-04-21T00:00:00-03:00;21;4;1993;
1993-04-22;GM366_ERC366;1993-04-22T00:00:00-03:00;22;4;1993;29833,5
1993-04-23;GM366_ERC366;1993-04-23T00:00:00-03:00;23;4;1993;30231,5
1993-04-24;GM366_ERC366;1993-04-24T00:00:00-03:00;24;4;1993;
1993-04-25;GM366_ERC366;1993-04-25T00:00:00-03:00;25;4;1993;
1993-04-26;GM366_ERC366;1993-04-26T00:00:00-03:00;26;4;1993;30623,5
1993-04-27;GM366_ERC366;1993-04-27T00:00:00-03:00;27;4;1993;31035,0
1993-04-28;GM366_ERC366;1993-04-28T00:00:00-03:00;28;4;1993;31449,5
1993-04-29;GM366_ERC366;1993-04-29T00:00:00-03:00;29;4;1993;31861,0
1993-04-30;GM366_ERC366;1993-04-30T00:00:00-03:00;30;4;1993;32267,0
1993-05-01;GM366_ERC366;1993-05-01T00:00:00-03:00;1;5;1993;
1993-05-02;GM366_ERC366;1993-05-02T00:00:00-03:00;2;5;1993;
1993-05-03;GM366_ERC366;1993-05-03T00:00:00-03:00;3;5;1993;32664,5
1993-05-04;GM366_ERC366;1993-05-04T00:00:00-03:00;4;5;1993;33067,0
1993-05-05;GM366_ERC366;1993-05-05T00:00:00-03:00;5;5;1993;33474,0
1993-05-06;GM366_ERC366;1993-05-06T00:00:00-03:00;6;5;1993;33885,5
1993-05-07;GM366_ERC366;1993-05-07T00:00:00-03:00;7;5;1993;34301,5
1993-05-08;GM366_ERC366;1993-05-08T00:00:00-03:00;8;5;1993;
1993-05-09;GM366_ERC366;1993-05-09T00:00:00-03:00;9;5;1993;
1993-05-10;GM366_ERC366;1993-05-10T00:00:00-03:00;10;5;1993;34721,5
1993-05-11;GM366_ERC366;1993-05-11T00:00:00-03:00;11;5;1993;35145,5
1993-05-12;GM366_ERC366;1993-05-12T00:00:00-03:00;12;5;1993;35575,0
1993-05-13;GM366_ERC366;1993-05-13T00:00:00-03:00;13;5;1993;36007,5
1993-05-14;GM366_ERC366;1993-05-14T00:00:00-03:00;14;5;1993;36445,2
1993-05-15;GM366_ERC366;1993-05-15T00:00:00-03:00;15;5;1993;
1993-05-16;GM366_ERC366;1993-05-16T00:00:00-03:00;16;5;1993;
1993-05-17;GM366_ERC366;1993-05-17T00:00:00-03:00;17;5;1993;36888,2
1993-05-18;GM366_ERC366;1993-05-18T00:00:00-03:00;18;5;1993;37336,8
1993-05-19;GM366_ERC366;1993-05-19T00:00:00-03:00;19;5;1993;37790,7
1993-05-20;GM366_ERC366;1993-05-20T00:00:00-03:00;20;5;1993;38250,1
1993-05-21;GM366_ERC366;1993-05-21T00:00:00-03:00;21;5;1993;38715,2
1993-05-22;GM366_ERC366;1993-05-22T00:00:00-03:00;22;5;1993;
1993-05-23;GM366_ERC366;1993-05-23T00:00:00-03:00;23;5;1993;
1993-05-24;GM366_ERC366;1993-05-24T00:00:00-03:00;24;5;1993;39187,4
1993-05-25;GM366_ERC366;1993-05-25T00:00:00-03:00;25;5;1993;39666,7
1993-05-26;GM366_ERC366;1993-05-26T00:00:00-03:00;26;5;1993;40155,5
1993-05-27;GM366_ERC366;1993-05-27T00:00:00-03:00;27;5;1993;41164,0
1993-05-28;GM366_ERC366;1993-05-28T00:00:00-03:00;28;5;1993;41699,0
1993-05-29;GM366_ERC366;1993-05-29T00:00:00-03:00;29;5;1993;
1993-05-30;GM366_ERC366;1993-05-30T00:00:00-03:00;30;5;1993;
1993-05-31;GM366_ERC366;1993-05-31T00:00:00-03:00;31;5;1993;41699,0
1993-06-01;GM366_ERC366;1993-06-01T00:00:00-03:00;1;6;1993;42239,45
1993-06-02;GM366_ERC366;1993-06-02T00:00:00-03:00;2;6;1993;42786,2
1993-06-03;GM366_ERC366;1993-06-03T00:00:00-03:00;3;6;1993;43339,8
1993-06-04;GM366_ERC366;1993-06-04T00:00:00-03:00;4;6;1993;43900,5
1993-06-05;GM366_ERC366;1993-06-05T00:00:00-03:00;5;6;1993;
1993-06-06;GM366_ERC366;1993-06-06T00:00:00-03:00;6;6;1993;
1993-06-07;GM366_ERC366;1993-06-07T00:00:00-03:00;7;6;1993;44466,8
1993-06-08;GM366_ERC366;1993-06-08T00:00:00-03:00;8;6;1993;45042,4
1993-06-09;GM366_ERC366;1993-06-09T00:00:00-03:00;9;6;1993;45628,0
1993-06-10;GM366_ERC366;1993-06-10T00:00:00-03:00;10;6;1993;
1993-06-11;GM366_ERC366;1993-06-11T00:00:00-03:00;11;6;1993;46227,0
1993-06-12;GM366_ERC366;1993-06-12T00:00:00-03:00;12;6;1993;
1993-06-13;GM366_ERC366;1993-06-13T00:00:00-03:00;13;6;1993;
1993-06-14;GM366_ERC366;1993-06-14T00:00:00-03:00;14;6;1993;46813,0
1993-06-15;GM366_ERC366;1993-06-15T00:00:00-03:00;15;6;1993;47411,0
1993-06-16;GM366_ERC366;1993-06-16T00:00:00-03:00;16;6;1993;48018,0
1993-06-17;GM366_ERC366;1993-06-17T00:00:00-03:00;17;6;1993;48626,0
1993-06-18;GM366_ERC366;1993-06-18T00:00:00-03:00;18;6;1993;49232,0
1993-06-19;GM366_ERC366;1993-06-19T00:00:00-03:00;19;6;1993;
1993-06-20;GM366_ERC366;1993-06-20T00:00:00-03:00;20;6;1993;
1993-06-21;GM366_ERC366;1993-06-21T00:00:00-03:00;21;6;1993;49847,0
1993-06-22;GM366_ERC366;1993-06-22T00:00:00-03:00;22;6;1993;50462,3
1993-06-23;GM366_ERC366;1993-06-23T00:00:00-03:00;23;6;1993;51095,0
1993-06-24;GM366_ERC366;1993-06-24T00:00:00-03:00;24;6;1993;51719,0
1993-06-25;GM366_ERC366;1993-06-25T00:00:00-03:00;25;6;1993;52355,0
1993-06-26;GM366_ERC366;1993-06-26T00:00:00-03:00;26;6;1993;
1993-06-27;GM366_ERC366;1993-06-27T00:00:00-03:00;27;6;1993;
1993-06-28;GM366_ERC366;1993-06-28T00:00:00-03:00;28;6;1993;53006,0
1993-06-29;GM366_ERC366;1993-06-29T00:00:00-03:00;29;6;1993;53665,0
1993-06-30;GM366_ERC366;1993-06-30T00:00:00-03:00;30;6;1993;54335,0
1993-07-01;GM366_ERC366;1993-07-01T00:00:00-03:00;1;7;1993;55676,0
1993-07-02;GM366_ERC366;1993-07-02T00:00:00-03:00;2;7;1993;56363,0
1993-07-03;GM366_ERC366;1993-07-03T00:00:00-03:00;3;7;1993;
1993-07-04;GM366_ERC366;1993-07-04T00:00:00-03:00;4;7;1993;
1993-07-05;GM366_ERC366;1993-07-05T00:00:00-03:00;5;7;1993;56360,0
1993-07-06;GM366_ERC366;1993-07-06T00:00:00-03:00;6;7;1993;57051,0
1993-07-07;GM366_ERC366;1993-07-07T00:00:00-03:00;7;7;1993;57753,0
1993-07-08;GM366_ERC366;1993-07-08T00:00:00-03:00;8;7;1993;58462,5
1993-07-09;GM366_ERC366;1993-07-09T00:00:00-03:00;9;7;1993;59177,0
1993-07-10;GM366_ERC366;1993-07-10T00:00:00-03:00;10;7;1993;
1993-07-11;GM366_ERC366;1993-07-11T00:00:00-03:00;11;7;1993;
1993-07-12;GM366_ERC366;1993-07-12T00:00:00-03:00;12;7;1993;59900,5
1993-07-13;GM366_ERC366;1993-07-13T00:00:00-03:00;13;7;1993;60638,0
1993-07-14;GM366_ERC366;1993-07-14T00:00:00-03:00;14;7;1993;61382,0
1993-07-15;GM366_ERC366;1993-07-15T00:00:00-03:00;15;7;1993;62135,0
1993-07-16;GM366_ERC366;1993-07-16T00:00:00-03:00;16;7;1993;62898,0
1993-07-17;GM366_ERC366;1993-07-17T00:00:00-03:00;17;7;1993;
1993-07-18;GM366_ERC366;1993-07-18T00:00:00-03:00;18;7;1993;
1993-07-19;GM366_ERC366;1993-07-19T00:00:00-03:00;19;7;1993;63668,0
1993-07-20;GM366_ERC366;1993-07-20T00:00:00-03:00;20;7;1993;64449,0
1993-07-21;GM366_ERC366;1993-07-21T00:00:00-03:00;21;7;1993;65239,0
1993-07-22;GM366_ERC366;1993-07-22T00:00:00-03:00;22;7;1993;66039,0
1993-07-23;GM366_ERC366;1993-07-23T00:00:00-03:00;23;7;1993;66849,0
1993-07-24;GM366_ERC366;1993-07-24T00:00:00-03:00;24;7;1993;
1993-07-25;GM366_ERC366;1993-07-25T00:00:00-03:00;25;7;1993;
1993-07-26;GM366_ERC366;1993-07-26T00:00:00-03:00;26;7;1993;67671,0
1993-07-27;GM366_ERC366;1993-07-27T00:00:00-03:00;27;7;1993;68507,0
1993-07-28;GM366_ERC366;1993-07-28T00:00:00-03:00;28;7;1993;69368,0
1993-07-29;GM366_ERC366;1993-07-29T00:00:00-03:00;29;7;1993;70251,0
1993-07-30;GM366_ERC366;1993-07-30T00:00:00-03:00;30;7;1993;71152,0
1993-07-31;GM366_ERC366;1993-07-31T00:00:00-03:00;31;7;1993;
1993-08-01;GM366_ERC366;1993-08-01T00:00:00-03:00;1;8;1993;
1993-08-02;GM366_ERC366;1993-08-02T00:00:00-03:00;2;8;1993;72,068
1993-08-03;GM366_ERC366;1993-08-03T00:00:00-03:00;3;8;1993;72,993
1993-08-04;GM366_ERC366;1993-08-04T00:00:00-03:00;4;8;1993;73,928
1993-08-05;GM366_ERC366;1993-08-05T00:00:00-03:00;5;8;1993;74,879
1993-08-06;GM366_ERC366;1993-08-06T00:00:00-03:00;6;8;1993;75,844
1993-08-07;GM366_ERC366;1993-08-07T00:00:00-03:00;7;8;1993;
1993-08-08;GM366_ERC366;1993-08-08T00:00:00-03:00;8;8;1993;
1993-08-09;GM366_ERC366;1993-08-09T00:00:00-03:00;9;8;1993;76,82
1993-08-10;GM366_ERC366;1993-08-10T00:00:00-03:00;10;8;1993;77,808
1993-08-11;GM366_ERC366;1993-08-11T00:00:00-03:00;11;8;1993;78,807
1993-08-12;GM366_ERC366;1993-08-12T00:00:00-03:00;12;8;1993;79,821
1993-08-13;GM366_ERC366;1993-08-13T00:00:00-03:00;13;8;1993;80,849
1993-08-14;GM366_ERC366;1993-08-14T00:00:00-03:00;14;8;1993;
1993-08-15;GM366_ERC366;1993-08-15T00:00:00-03:00;15;8;1993;
1993-08-16;GM366_ERC366;1993-08-16T00:00:00-03:00;16;8;1993;81,891
1993-08-17;GM366_ERC366;1993-08-17T00:00:00-03:00;17;8;1993;82,944
1993-08-18;GM366_ERC366;1993-08-18T00:00:00-03:00;18;8;1993;84,011
1993-08-19;GM366_ERC366;1993-08-19T00:00:00-03:00;19;8;1993;85,091
1993-08-20;GM366_ERC366;1993-08-20T00:00:00-03:00;20;8;1993;86,19
1993-08-21;GM366_ERC366;1993-08-21T00:00:00-03:00;21;8;1993;
1993-08-22;GM366_ERC366;1993-08-22T00:00:00-03:00;22;8;1993;
1993-08-23;GM366_ERC366;1993-08-23T00:00:00-03:00;23;8;1993;87,303
1993-08-24;GM366_ERC366;1993-08-24T00:00:00-03:00;24;8;1993;88,44
1993-08-25;GM366_ERC366;1993-08-25T00:00:00-03:00;25;8;1993;89,625
1993-08-26;GM366_ERC366;1993-08-26T00:00:00-03:00;26;8;1993;90,834
1993-08-27;GM366_ERC366;1993-08-27T00:00:00-03:00;27;8;1993;92,085
1993-08-28;GM366_ERC366;1993-08-28T00:00:00-03:00;28;8;1993;
1993-08-29;GM366_ERC366;1993-08-29T00:00:00-03:00;29;8;1993;
1993-08-30;GM366_ERC366;1993-08-30T00:00:00-03:00;30;8;1993;93,355
1993-08-31;GM366_ERC366;1993-08-31T00:00:00-03:00;31;8;1993;94,65
1993-09-01;GM366_ERC366;1993-09-01T00:00:00-03:00;1;9;1993;95,978
1993-09-02;GM366_ERC366;1993-09-02T00:00:00-03:00;2;9;1993;98,75
1993-09-03;GM366_ERC366;1993-09-03T00:00:00-03:00;3;9;1993;100,12
1993-09-04;GM366_ERC366;1993-09-04T00:00:00-03:00;4;9;1993;
1993-09-05;GM366_ERC366;1993-09-05T00:00:00-03:00;5;9;1993;
1993-09-06;GM366_ERC366;1993-09-06T00:00:00-03:00;6;9;1993;100,11
1993-09-07;GM366_ERC366;1993-09-07T00:00:00-03:00;7;9;1993;
1993-09-08;GM366_ERC366;1993-09-08T00:00:00-03:00;8;9;1993;101,501
1993-09-09;GM366_ERC366;1993-09-09T00:00:00-03:00;9;9;1993;102,924
1993-09-10;GM366_ERC366;1993-09-10T00:00:00-03:00;10;9;1993;104,385
1993-09-11;GM366_ERC366;1993-09-11T00:00:00-03:00;11;9;1993;
1993-09-12;GM366_ERC366;1993-09-12T00:00:00-03:00;12;9;1993;
1993-09-13;GM366_ERC366;1993-09-13T00:00:00-03:00;13;9;1993;105,865
1993-09-14;GM366_ERC366;1993-09-14T00:00:00-03:00;14;9;1993;107,39
1993-09-15;GM366_ERC366;1993-09-15T00:00:00-03:00;15;9;1993;108,942
1993-09-16;GM366_ERC366;1993-09-16T00:00:00-03:00;16;9;1993;110,503
1993-09-17;GM366_ERC366;1993-09-17T00:00:00-03:00;17;9;1993;112,142
1993-09-18;GM366_ERC366;1993-09-18T00:00:00-03:00;18;9;1993;
1993-09-19;GM366_ERC366;1993-09-19T00:00:00-03:00;19;9;1993;
1993-09-20;GM366_ERC366;1993-09-20T00:00:00-03:00;20;9;1993;113,735
1993-09-21;GM366_ERC366;1993-09-21T00:00:00-03:00;21;9;1993;115,34
1993-09-22;GM366_ERC366;1993-09-22T00:00:00-03:00;22;9;1993;117,062
1993-09-23;GM366_ERC366;1993-09-23T00:00:00-03:00;23;9;1993;118,78
1993-09-24;GM366_ERC366;1993-09-24T00:00:00-03:00;24;9;1993;120,565
1993-09-25;GM366_ERC366;1993-09-25T00:00:00-03:00;25;9;1993;
1993-09-26;GM366_ERC366;1993-09-26T00:00:00-03:00;26;9;1993;
1993-09-27;GM366_ERC366;1993-09-27T00:00:00-03:00;27;9;1993;122,355
1993-09-28;GM366_ERC366;1993-09-28T00:00:00-03:00;28;9;1993;124,275
1993-09-29;GM366_ERC366;1993-09-29T00:00:00-03:00;29;9;1993;126,115
1993-09-30;GM366_ERC366;1993-09-30T00:00:00-03:00;30;9;1993;128,065
1993-10-01;GM366_ERC366;1993-10-01T00:00:00-03:00;1;10;1993;130,03
1993-10-02;GM366_ERC366;1993-10-02T00:00:00-03:00;2;10;1993;
1993-10-03;GM366_ERC366;1993-10-03T00:00:00-03:00;3;10;1993;
1993-10-04;GM366_ERC366;1993-10-04T00:00:00-03:00;4;10;1993;132,05
1993-10-05;GM366_ERC366;1993-10-05T00:00:00-03:00;5;10;1993;134,088
1993-10-06;GM366_ERC366;1993-10-06T00:00:00-03:00;6;10;1993;136,154
1993-10-07;GM366_ERC366;1993-10-07T00:00:00-03:00;7;10;1993;140,385
1993-10-08;GM366_ERC366;1993-10-08T00:00:00-03:00;8;10;1993;142,57
1993-10-09;GM366_ERC366;1993-10-09T00:00:00-03:00;9;10;1993;
1993-10-10;GM366_ERC366;1993-10-10T00:00:00-03:00;10;10;1993;
1993-10-11;GM366_ERC366;1993-10-11T00:00:00-03:00;11;10;1993;142,55
1993-10-12;GM366_ERC366;1993-10-12T00:00:00-03:00;12;10;1993;
1993-10-13;GM366_ERC366;1993-10-13T00:00:00-03:00;13;10;1993;144,758
1993-10-14;GM366_ERC366;1993-10-14T00:00:00-03:00;14;10;1993;146,996
1993-10-15;GM366_ERC366;1993-10-15T00:00:00-03:00;15;10;1993;149,255
1993-10-16;GM366_ERC366;1993-10-16T00:00:00-03:00;16;10;1993;
1993-10-17;GM366_ERC366;1993-10-17T00:00:00-03:00;17;10;1993;
1993-10-18;GM366_ERC366;1993-10-18T00:00:00-03:00;18;10;1993;151,59
1993-10-19;GM366_ERC366;1993-10-19T00:00:00-03:00;19;10;1993;153,9
1993-10-20;GM366_ERC366;1993-10-20T00:00:00-03:00;20;10;1993;156,29
1993-10-21;GM366_ERC366;1993-10-21T00:00:00-03:00;21;10;1993;158,69
1993-10-22;GM366_ERC366;1993-10-22T00:00:00-03:00;22;10;1993;161,15
1993-10-23;GM366_ERC366;1993-10-23T00:00:00-03:00;23;10;1993;
1993-10-24;GM366_ERC366;1993-10-24T00:00:00-03:00;24;10;1993;
1993-10-25;GM366_ERC366;1993-10-25T00:00:00-03:00;25;10;1993;163,64
1993-10-26;GM366_ERC366;1993-10-26T00:00:00-03:00;26;10;1993;166,168
1993-10-27;GM366_ERC366;1993-10-27T00:00:00-03:00;27;10;1993;168,739
1993-10-28;GM366_ERC366;1993-10-28T00:00:00-03:00;28;10;1993;171,39
1993-10-29;GM366_ERC366;1993-10-29T00:00:00-03:00;29;10;1993;173,995
1993-10-30;GM366_ERC366;1993-10-30T00:00:00-03:00;30;10;1993;
1993-10-31;GM366_ERC366;1993-10-31T00:00:00-03:00;31;10;1993;
1993-11-01;GM366_ERC366;1993-11-01T00:00:00-03:00;1;11;1993;176,685
1993-11-02;GM366_ERC366;1993-11-02T00:00:00-03:00;2;11;1993;
1993-11-03;GM366_ERC366;1993-11-03T00:00:00-02:00;3;11;1993;179,405
1993-11-04;GM366_ERC366;1993-11-04T00:00:00-02:00;4;11;1993;182,215
1993-11-05;GM366_ERC366;1993-11-05T00:00:00-02:00;5;11;1993;184,995
1993-11-06;GM366_ERC366;1993-11-06T00:00:00-02:00;6;11;1993;
1993-11-07;GM366_ERC366;1993-11-07T00:00:00-02:00;7;11;1993;
1993-11-08;GM366_ERC366;1993-11-08T00:00:00-02:00;8;11;1993;187,858
1993-11-09;GM366_ERC366;1993-11-09T00:00:00-02:00;9;11;1993;193,695
1993-11-10;GM366_ERC366;1993-11-10T00:00:00-02:00;10;11;1993;196,692
1993-11-11;GM366_ERC366;1993-11-11T00:00:00-02:00;11;11;1993;196,692
1993-11-12;GM366_ERC366;1993-11-12T00:00:00-02:00;12;11;1993;199,755
1993-11-13;GM366_ERC366;1993-11-13T00:00:00-02:00;13;11;1993;
1993-11-14;GM366_ERC366;1993-11-14T00:00:00-02:00;14;11;1993;
1993-11-15;GM366_ERC366;1993-11-15T00:00:00-02:00;15;11;1993;
1993-11-16;GM366_ERC366;1993-11-16T00:00:00-02:00;16;11;1993;202,805
1993-11-17;GM366_ERC366;1993-11-17T00:00:00-02:00;17;11;1993;205,935
1993-11-18;GM366_ERC366;1993-11-18T00:00:00-02:00;18;11;1993;209,105
1993-11-19;GM366_ERC366;1993-11-19T00:00:00-02:00;19;11;1993;212,325
1993-11-20;GM366_ERC366;1993-11-20T00:00:00-02:00;20;11;1993;
1993-11-21;GM366_ERC366;1993-11-21T00:00:00-02:00;21;11;1993;
1993-11-22;GM366_ERC366;1993-11-22T00:00:00-02:00;22;11;1993;215,65
1993-11-23;GM366_ERC366;1993-11-23T00:00:00-02:00;23;11;1993;222,315
1993-11-24;GM366_ERC366;1993-11-24T00:00:00-02:00;24;11;1993;225,83
1993-11-25;GM366_ERC366;1993-11-25T00:00:00-02:00;25;11;1993;225,755
1993-11-26;GM366_ERC366;1993-11-26T00:00:00-02:00;26;11;1993;229,29
1993-11-27;GM366_ERC366;1993-11-27T00:00:00-02:00;27;11;1993;
1993-11-28;GM366_ERC366;1993-11-28T00:00:00-02:00;28;11;1993;
1993-11-29;GM366_ERC366;1993-11-29T00:00:00-02:00;29;11;1993;232,91
1993-11-30;GM366_ERC366;1993-11-30T00:00:00-02:00;30;11;1993;235,97
1993-12-01;GM366_ERC366;1993-12-01T00:00:00-02:00;1;12;1993;239,155
1993-12-02;GM366_ERC366;1993-12-02T00:00:00-02:00;2;12;1993;242,36
1993-12-03;GM366_ERC366;1993-12-03T00:00:00-02:00;3;12;1993;245,61
1993-12-04;GM366_ERC366;1993-12-04T00:00:00-02:00;4;12;1993;
1993-12-05;GM366_ERC366;1993-12-05T00:00:00-02:00;5;12;1993;
1993-12-06;GM366_ERC366;1993-12-06T00:00:00-02:00;6;12;1993;248,91
1993-12-07;GM366_ERC366;1993-12-07T00:00:00-02:00;7;12;1993;252,25
1993-12-08;GM366_ERC366;1993-12-08T00:00:00-02:00;8;12;1993;255,675
1993-12-09;GM366_ERC366;1993-12-09T00:00:00-02:00;9;12;1993;259,09
1993-12-10;GM366_ERC366;1993-12-10T00:00:00-02:00;10;12;1993;262,6
1993-12-11;GM366_ERC366;1993-12-11T00:00:00-02:00;11;12;1993;
1993-12-12;GM366_ERC366;1993-12-12T00:00:00-02:00;12;12;1993;
1993-12-13;GM366_ERC366;1993-12-13T00:00:00-02:00;13;12;1993;266,3
1993-12-14;GM366_ERC366;1993-12-14T00:00:00-02:00;14;12;1993;270,055
1993-12-15;GM366_ERC366;1993-12-15T00:00:00-02:00;15;12;1993;273,875
1993-12-16;GM366_ERC366;1993-12-16T00:00:00-02:00;16;12;1993;277,725
1993-12-17;GM366_ERC366;1993-12-17T00:00:00-02:00;17;12;1993;281,655
1993-12-18;GM366_ERC366;1993-12-18T00:00:00-02:00;18;12;1993;
1993-12-19;GM366_ERC366;1993-12-19T00:00:00-02:00;19;12;1993;
1993-12-20;GM366_ERC366;1993-12-20T00:00:00-02:00;20;12;1993;285,635
1993-12-21;GM366_ERC366;1993-12-21T00:00:00-02:00;21;12;1993;289,685
1993-12-22;GM366_ERC366;1993-12-22T00:00:00-02:00;22;12;1993;293,86
1993-12-23;GM366_ERC366;1993-12-23T00:00:00-02:00;23;12;1993;297,97
1993-12-24;GM366_ERC366;1993-12-24T00:00:00-02:00;24;12;1993;302,21
1993-12-25;GM366_ERC366;1993-12-25T00:00:00-02:00;25;12;1993;
1993-12-26;GM366_ERC366;1993-12-26T00:00:00-02:00;26;12;1993;
1993-12-27;GM366_ERC366;1993-12-27T00:00:00-02:00;27;12;1993;306,68
1993-12-28;GM366_ERC366;1993-12-28T00:00:00-02:00;28;12;1993;311,24
1993-12-29;GM366_ERC366;1993-12-29T00:00:00-02:00;29;12;1993;316,0
1993-12-30;GM366_ERC366;1993-12-30T00:00:00-02:00;30;12;1993;320,9
1993-12-31;GM366_ERC366;1993-12-31T00:00:00-02:00;31;12;1993;326,095
1994-01-01;GM366_ERC366;1994-01-01T00:00:00-02:00;1;1;1994;
1994-01-02;GM366_ERC366;1994-01-02T00:00:00-02:00;2;1;1994;
1994-01-03;GM366_ERC366;1994-01-03T00:00:00-02:00;3;1;1994;331,21
1994-01-04;GM366_ERC366;1994-01-04T00:00:00-02:00;4;1;1994;336,47
1994-01-05;GM366_ERC366;1994-01-05T00:00:00-02:00;5;1;1994;341,81
1994-01-06;GM366_ERC366;1994-01-06T00:00:00-02:00;6;1;1994;347,225
1994-01-07;GM366_ERC366;1994-01-07T00:00:00-02:00;7;1;1994;352,725
1994-01-08;GM366_ERC366;1994-01-08T00:00:00-02:00;8;1;1994;
1994-01-09;GM366_ERC366;1994-01-09T00:00:00-02:00;9;1;1994;
1994-01-10;GM366_ERC366;1994-01-10T00:00:00-02:00;10;1;1994;358,3
1994-01-11;GM366_ERC366;1994-01-11T00:00:00-02:00;11;1;1994;363,97
1994-01-12;GM366_ERC366;1994-01-12T00:00:00-02:00;12;1;1994;369,73
1994-01-13;GM366_ERC366;1994-01-13T00:00:00-02:00;13;1;1994;381,525
1994-01-14;GM366_ERC366;1994-01-14T00:00:00-02:00;14;1;1994;387,56
1994-01-15;GM366_ERC366;1994-01-15T00:00:00-02:00;15;1;1994;
1994-01-16;GM366_ERC366;1994-01-16T00:00:00-02:00;16;1;1994;
1994-01-17;GM366_ERC366;1994-01-17T00:00:00-02:00;17;1;1994;387,545
1994-01-18;GM366_ERC366;1994-01-18T00:00:00-02:00;18;1;1994;393,905
1994-01-19;GM366_ERC366;1994-01-19T00:00:00-02:00;19;1;1994;400,38
1994-01-20;GM366_ERC366;1994-01-20T00:00:00-02:00;20;1;1994;406,975
1994-01-21;GM366_ERC366;1994-01-21T00:00:00-02:00;21;1;1994;413,685
1994-01-22;GM366_ERC366;1994-01-22T00:00:00-02:00;22;1;1994;
1994-01-23;GM366_ERC366;1994-01-23T00:00:00-02:00;23;1;1994;
1994-01-24;GM366_ERC366;1994-01-24T00:00:00-02:00;24;1;1994;420,51
1994-01-25;GM366_ERC366;1994-01-25T00:00:00-02:00;25;1;1994;427,72
1994-01-26;GM366_ERC366;1994-01-26T00:00:00-02:00;26;1;1994;435,04
1994-01-27;GM366_ERC366;1994-01-27T00:00:00-02:00;27;1;1994;442,49
1994-01-28;GM366_ERC366;1994-01-28T00:00:00-02:00;28;1;1994;450,085
1994-01-29;GM366_ERC366;1994-01-29T00:00:00-02:00;29;1;1994;
1994-01-30;GM366_ERC366;1994-01-30T00:00:00-02:00;30;1;1994;
1994-01-31;GM366_ERC366;1994-01-31T00:00:00-02:00;31;1;1994;458,65
1994-02-01;GM366_ERC366;1994-02-01T00:00:00-02:00;1;2;1994;467,363
1994-02-02;GM366_ERC366;1994-02-02T00:00:00-02:00;2;2;1994;476,244
1994-02-03;GM366_ERC366;1994-02-03T00:00:00-02:00;3;2;1994;485,296
1994-02-04;GM366_ERC366;1994-02-04T00:00:00-02:00;4;2;1994;494,445
1994-02-05;GM366_ERC366;1994-02-05T00:00:00-02:00;5;2;1994;
1994-02-06;GM366_ERC366;1994-02-06T00:00:00-02:00;6;2;1994;
1994-02-07;GM366_ERC366;1994-02-07T00:00:00-02:00;7;2;1994;503,755
1994-02-08;GM366_ERC366;1994-02-08T00:00:00-02:00;8;2;1994;513,244
1994-02-09;GM366_ERC366;1994-02-09T00:00:00-02:00;9;2;1994;522,931
1994-02-10;GM366_ERC366;1994-02-10T00:00:00-02:00;10;2;1994;532,659
1994-02-11;GM366_ERC366;1994-02-11T00:00:00-02:00;11;2;1994;542,567
1994-02-12;GM366_ERC366;1994-02-12T00:00:00-02:00;12;2;1994;
1994-02-13;GM366_ERC366;1994-02-13T00:00:00-03:00;13;2;1994;
1994-02-14;GM366_ERC366;1994-02-14T00:00:00-03:00;14;2;1994;
1994-02-15;GM366_ERC366;1994-02-15T00:00:00-03:00;15;2;1994;
1994-02-16;GM366_ERC366;1994-02-16T00:00:00-03:00;16;2;1994;552,662
1994-02-17;GM366_ERC366;1994-02-17T00:00:00-03:00;17;2;1994;573,424
1994-02-18;GM366_ERC366;1994-02-18T00:00:00-03:00;18;2;1994;584,112
1994-02-19;GM366_ERC366;1994-02-19T00:00:00-03:00;19;2;1994;
1994-02-20;GM366_ERC366;1994-02-20T00:00:00-03:00;20;2;1994;
1994-02-21;GM366_ERC366;1994-02-21T00:00:00-03:00;21;2;1994;584,102
1994-02-22;GM366_ERC366;1994-02-22T00:00:00-03:00;22;2;1994;594,632
1994-02-23;GM366_ERC366;1994-02-23T00:00:00-03:00;23;2;1994;605,398
1994-02-24;GM366_ERC366;1994-02-24T00:00:00-03:00;24;2;1994;616,407
1994-02-25;GM366_ERC366;1994-02-25T00:00:00-03:00;25;2;1994;627,678
1994-02-26;GM366_ERC366;1994-02-26T00:00:00-03:00;26;2;1994;
1994-02-27;GM366_ERC366;1994-02-27T00:00:00-03:00;27;2;1994;
1994-02-28;GM366_ERC366;1994-02-28T00:00:00-03:00;28;2;1994;637,25
1994-03-01;GM366_ERC366;1994-03-01T00:00:00-03:00;1;3;1994;647,289
1994-03-02;GM366_ERC366;1994-03-02T00:00:00-03:00;2;3;1994;657,312
1994-03-03;GM366_ERC366;1994-03-03T00:00:00-03:00;3;3;1994;667,494
1994-03-04;GM366_ERC366;1994-03-04T00:00:00-03:00;4;3;1994;677,85
1994-03-05;GM366_ERC366;1994-03-05T00:00:00-03:00;5;3;1994;
1994-03-06;GM366_ERC366;1994-03-06T00:00:00-03:00;6;3;1994;
1994-03-07;GM366_ERC366;1994-03-07T00:00:00-03:00;7;3;1994;688,341
1994-03-08;GM366_ERC366;1994-03-08T00:00:00-03:00;8;3;1994;699,04
1994-03-09;GM366_ERC366;1994-03-09T00:00:00-03:00;9;3;1994;709,875
1994-03-10;GM366_ERC366;1994-03-10T00:00:00-03:00;10;3;1994;720,882
1994-03-11;GM366_ERC366;1994-03-11T00:00:00-03:00;11;3;1994;732,101
1994-03-12;GM366_ERC366;1994-03-12T00:00:00-03:00;12;3;1994;
1994-03-13;GM366_ERC366;1994-03-13T00:00:00-03:00;13;3;1994;
1994-03-14;GM366_ERC366;1994-03-14T00:00:00-03:00;14;3;1994;743,666
1994-03-15;GM366_ERC366;1994-03-15T00:00:00-03:00;15;3;1994;755,427
1994-03-16;GM366_ERC366;1994-03-16T00:00:00-03:00;16;3;1994;767,392
1994-03-17;GM366_ERC366;1994-03-17T00:00:00-03:00;17;3;1994;779,536
1994-03-18;GM366_ERC366;1994-03-18T00:00:00-03:00;18;3;1994;792,063
1994-03-19;GM366_ERC366;1994-03-19T00:00:00-03:00;19;3;1994;
1994-03-20;GM366_ERC366;1994-03-20T00:00:00-03:00;20;3;1994;
1994-03-21;GM366_ERC366;1994-03-21T00:00:00-03:00;21;3;1994;805,442
1994-03-22;GM366_ERC366;1994-03-22T00:00:00-03:00;22;3;1994;819,695
1994-03-23;GM366_ERC366;1994-03-23T00:00:00-03:00;23;3;1994;834,225
1994-03-24;GM366_ERC366;1994-03-24T00:00:00-03:00;24;3;1994;849,02
1994-03-25;GM366_ERC366;1994-03-25T00:00:00-03:00;25;3;1994;864,061
1994-03-26;GM366_ERC366;1994-03-26T00:00:00-03:00;26;3;1994;
1994-03-27;GM366_ERC366;1994-03-27T00:00:00-03:00;27;3;1994;
1994-03-28;GM366_ERC366;1994-03-28T00:00:00-03:00;28;3;1994;879,434
1994-03-29;GM366_ERC366;1994-03-29T00:00:00-03:00;29;3;1994;894,922
1994-03-30;GM366_ERC366;1994-03-30T00:00:00-03:00;30;3;1994;913,335
1994-03-31;GM366_ERC366;1994-03-31T00:00:00-03:00;31;3;1994;
1994-04-01;GM366_ERC366;1994-04-01T00:00:00-03:00;1;4;1994;
1994-04-02;GM366_ERC366;1994-04-02T00:00:00-03:00;2;4;1994;
1994-04-03;GM366_ERC366;1994-04-03T00:00:00-03:00;3;4;1994;
1994-04-04;GM366_ERC366;1994-04-04T00:00:00-03:00;4;4;1994;930,892
1994-04-05;GM366_ERC366;1994-04-05T00:00:00-03:00;5;4;1994;948,8
1994-04-06;GM366_ERC366;1994-04-06T00:00:00-03:00;6;4;1994;967,038
1994-04-07;GM366_ERC366;1994-04-07T00:00:00-03:00;7;4;1994;985,625
1994-04-08;GM366_ERC366;1994-04-08T00:00:00-03:00;8;4;1994;1004,55
1994-04-09;GM366_ERC366;1994-04-09T00:00:00-03:00;9;4;1994;
1994-04-10;GM366_ERC366;1994-04-10T00:00:00-03:00;10;4;1994;
1994-04-11;GM366_ERC366;1994-04-11T00:00:00-03:00;11;4;1994;1023,85
1994-04-12;GM366_ERC366;1994-04-12T00:00:00-03:00;12;4;1994;1043,51
1994-04-13;GM366_ERC366;1994-04-13T00:00:00-03:00;13;4;1994;1063,57
1994-04-14;GM366_ERC366;1994-04-14T00:00:00-03:00;14;4;1994;1084,02
1994-04-15;GM366_ERC366;1994-04-15T00:00:00-03:00;15;4;1994;1104,86
1994-04-16;GM366_ERC366;1994-04-16T00:00:00-03:00;16;4;1994;
1994-04-17;GM366_ERC366;1994-04-17T00:00:00-03:00;17;4;1994;
1994-04-18;GM366_ERC366;1994-04-18T00:00:00-03:00;18;4;1994;1126,07
1994-04-19;GM366_ERC366;1994-04-19T00:00:00-03:00;19;4;1994;1147,71
1994-04-20;GM366_ERC366;1994-04-20T00:00:00-03:00;20;4;1994;1169,69
1994-04-21;GM366_ERC366;1994-04-21T00:00:00-03:00;21;4;1994;
1994-04-22;GM366_ERC366;1994-04-22T00:00:00-03:00;22;4;1994;1191,82
1994-04-23;GM366_ERC366;1994-04-23T00:00:00-03:00;23;4;1994;
1994-04-24;GM366_ERC366;1994-04-24T00:00:00-03:00;24;4;1994;
1994-04-25;GM366_ERC366;1994-04-25T00:00:00-03:00;25;4;1994;1213,81
1994-04-26;GM366_ERC366;1994-04-26T00:00:00-03:00;26;4;1994;1235,73
1994-04-27;GM366_ERC366;1994-04-27T00:00:00-03:00;27;4;1994;1258,02
1994-04-28;GM366_ERC366;1994-04-28T00:00:00-03:00;28;4;1994;1279,56
1994-04-29;GM366_ERC366;1994-04-29T00:00:00-03:00;29;4;1994;1302,26
1994-04-30;GM366_ERC366;1994-04-30T00:00:00-03:00;30;4;1994;
1994-05-01;GM366_ERC366;1994-05-01T00:00:00-03:00;1;5;1994;
1994-05-02;GM366_ERC366;1994-05-02T00:00:00-03:00;2;5;1994;1323,51
1994-05-03;GM366_ERC366;1994-05-03T00:00:00-03:00;3;5;1994;1345,12
1994-05-04;GM366_ERC366;1994-05-04T00:00:00-03:00;4;5;1994;1367,14
1994-05-05;GM366_ERC366;1994-05-05T00:00:00-03:00;5;5;1994;1389,52
1994-05-06;GM366_ERC366;1994-05-06T00:00:00-03:00;6;5;1994;1412,33
1994-05-07;GM366_ERC366;1994-05-07T00:00:00-03:00;7;5;1994;
1994-05-08;GM366_ERC366;1994-05-08T00:00:00-03:00;8;5;1994;
1994-05-09;GM366_ERC366;1994-05-09T00:00:00-03:00;9;5;1994;1435,52
1994-05-10;GM366_ERC366;1994-05-10T00:00:00-03:00;10;5;1994;1459,35
1994-05-11;GM366_ERC366;1994-05-11T00:00:00-03:00;11;5;1994;1483,88
1994-05-12;GM366_ERC366;1994-05-12T00:00:00-03:00;12;5;1994;1508,82
1994-05-13;GM366_ERC366;1994-05-13T00:00:00-03:00;13;5;1994;1534,28
1994-05-14;GM366_ERC366;1994-05-14T00:00:00-03:00;14;5;1994;
1994-05-15;GM366_ERC366;1994-05-15T00:00:00-03:00;15;5;1994;
1994-05-16;GM366_ERC366;1994-05-16T00:00:00-03:00;16;5;1994;1560,16
1994-05-17;GM366_ERC366;1994-05-17T00:00:00-03:00;17;5;1994;1586,48
1994-05-18;GM366_ERC366;1994-05-18T00:00:00-03:00;18;5;1994;1613,26
1994-05-19;GM366_ERC366;1994-05-19T00:00:00-03:00;19;5;1994;1640,47
1994-05-20;GM366_ERC366;1994-05-20T00:00:00-03:00;20;5;1994;1668,15
1994-05-21;GM366_ERC366;1994-05-21T00:00:00-03:00;21;5;1994;
1994-05-22;GM366_ERC366;1994-05-22T00:00:00-03:00;22;5;1994;
1994-05-23;GM366_ERC366;1994-05-23T00:00:00-03:00;23;5;1994;1696,3
1994-05-24;GM366_ERC366;1994-05-24T00:00:00-03:00;24;5;1994;1724,91
1994-05-25;GM366_ERC366;1994-05-25T00:00:00-03:00;25;5;1994;1754,01
1994-05-26;GM366_ERC366;1994-05-26T00:00:00-03:00;26;5;1994;1813,67
1994-05-27;GM366_ERC366;1994-05-27T00:00:00-03:00;27;5;1994;1844,03
1994-05-28;GM366_ERC366;1994-05-28T00:00:00-03:00;28;5;1994;
1994-05-29;GM366_ERC366;1994-05-29T00:00:00-03:00;29;5;1994;
1994-05-30;GM366_ERC366;1994-05-30T00:00:00-03:00;30;5;1994;1843,85
1994-05-31;GM366_ERC366;1994-05-31T00:00:00-03:00;31;5;1994;1875,25
1994-06-01;GM366_ERC366;1994-06-01T00:00:00-03:00;1;6;1994;1908,1
1994-06-02;GM366_ERC366;1994-06-02T00:00:00-03:00;2;6;1994;
1994-06-03;GM366_ERC366;1994-06-03T00:00:00-03:00;3;6;1994;1941,51
1994-06-04;GM366_ERC366;1994-06-04T00:00:00-03:00;4;6;1994;
1994-06-05;GM366_ERC366;1994-06-05T00:00:00-03:00;5;6;1994;
1994-06-06;GM366_ERC366;1994-06-06T00:00:00-03:00;6;6;1994;1975,49
1994-06-07;GM366_ERC366;1994-06-07T00:00:00-03:00;7;6;1994;2010,07
1994-06-08;GM366_ERC366;1994-06-08T00:00:00-03:00;8;6;1994;2045,69
1994-06-09;GM366_ERC366;1994-06-09T00:00:00-03:00;9;6;1994;2081,97
1994-06-10;GM366_ERC366;1994-06-10T00:00:00-03:00;10;6;1994;2119,18
1994-06-11;GM366_ERC366;1994-06-11T00:00:00-03:00;11;6;1994;
1994-06-12;GM366_ERC366;1994-06-12T00:00:00-03:00;12;6;1994;
1994-06-13;GM366_ERC366;1994-06-13T00:00:00-03:00;13;6;1994;2157,17
1994-06-14;GM366_ERC366;1994-06-14T00:00:00-03:00;14;6;1994;2195,97
1994-06-15;GM366_ERC366;1994-06-15T00:00:00-03:00;15;6;1994;2235,49
1994-06-16;GM366_ERC366;1994-06-16T00:00:00-03:00;16;6;1994;2276,41
1994-06-17;GM366_ERC366;1994-06-17T00:00:00-03:00;17;6;1994;2318,11
1994-06-18;GM366_ERC366;1994-06-18T00:00:00-03:00;18;6;1994;
1994-06-19;GM366_ERC366;1994-06-19T00:00:00-03:00;19;6;1994;
1994-06-20;GM366_ERC366;1994-06-20T00:00:00-03:00;20;6;1994;2361,07
1994-06-21;GM366_ERC366;1994-06-21T00:00:00-03:00;21;6;1994;2405,63
1994-06-22;GM366_ERC366;1994-06-22T00:00:00-03:00;22;6;1994;2451,77
1994-06-23;GM366_ERC366;1994-06-23T00:00:00-03:00;23;6;1994;2498,77
1994-06-24;GM366_ERC366;1994-06-24T00:00:00-03:00;24;6;1994;2546,88
1994-06-25;GM366_ERC366;1994-06-25T00:00:00-03:00;25;6;1994;
1994-06-26;GM366_ERC366;1994-06-26T00:00:00-03:00;26;6;1994;
1994-06-27;GM366_ERC366;1994-06-27T00:00:00-03:00;27;6;1994;2596,28
1994-06-28;GM366_ERC366;1994-06-28T00:00:00-03:00;28;6;1994;2646,98
1994-06-29;GM366_ERC366;1994-06-29T00:00:00-03:00;29;6;1994;2698,0
1994-06-30;GM366_ERC366;1994-06-30T00:00:00-03:00;30;6;1994;2612,5
1994-07-01;GM366_ERC366;1994-07-01T00:00:00-03:00;1;7;1994;0,9
1994-07-02;GM366_ERC366;1994-07-02T00:00:00-03:00;2;7;1994;
1994-07-03;GM366_ERC366;1994-07-03T00:00:00-03:00;3;7;1994;
1994-07-04;GM366_ERC366;1994-07-04T00:00:00-03:00;4;7;1994;0,935
1994-07-05;GM366_ERC366;1994-07-05T00:00:00-03:00;5;7;1994;0,927
1994-07-06;GM366_ERC366;1994-07-06T00:00:00-03:00;6;7;1994;0,91
1994-07-07;GM366_ERC366;1994-07-07T00:00:00-03:00;7;7;1994;0,905
1994-07-08;GM366_ERC366;1994-07-08T00:00:00-03:00;8;7;1994;0,915
1994-07-09;GM366_ERC366;1994-07-09T00:00:00-03:00;9;7;1994;
1994-07-10;GM366_ERC366;1994-07-10T00:00:00-03:00;10;7;1994;
1994-07-11;GM366_ERC366;1994-07-11T00:00:00-03:00;11;7;1994;0,92
1994-07-12;GM366_ERC366;1994-07-12T00:00:00-03:00;12;7;1994;0,915
1994-07-13;GM366_ERC366;1994-07-13T00:00:00-03:00;13;7;1994;0,915
1994-07-14;GM366_ERC366;1994-07-14T00:00:00-03:00;14;7;1994;0,92
1994-07-15;GM366_ERC366;1994-07-15T00:00:00-03:00;15;7;1994;0,93
1994-07-16;GM366_ERC366;1994-07-16T00:00:00-03:00;16;7;1994;
1994-07-17;GM366_ERC366;1994-07-17T00:00:00-03:00;17;7;1994;
1994-07-18;GM366_ERC366;1994-07-18T00:00:00-03:00;18;7;1994;0,93
1994-07-19;GM366_ERC366;1994-07-19T00:00:00-03:00;19;7;1994;0,93
1994-07-20;GM366_ERC366;1994-07-20T00:00:00-03:00;20;7;1994;0,928
1994-07-21;GM366_ERC366;1994-07-21T00:00:00-03:00;21;7;1994;0,93
1994-07-22;GM366_ERC366;1994-07-22T00:00:00-03:00;22;7;1994;0,934
1994-07-23;GM366_ERC366;1994-07-23T00:00:00-03:00;23;7;1994;
1994-07-24;GM366_ERC366;1994-07-24T00:00:00-03:00;24;7;1994;
1994-07-25;GM366_ERC366;1994-07-25T00:00:00-03:00;25;7;1994;0,934
1994-07-26;GM366_ERC366;1994-07-26T00:00:00-03:00;26;7;1994;0,932
1994-07-27;GM366_ERC366;1994-07-27T00:00:00-03:00;27;7;1994;0,934
1994-07-28;GM366_ERC366;1994-07-28T00:00:00-03:00;28;7;1994;0,938
1994-07-29;GM366_ERC366;1994-07-29T00:00:00-03:00;29;7;1994;0,938
1994-07-30;GM366_ERC366;1994-07-30T00:00:00-03:00;30;7;1994;
1994-07-31;GM366_ERC366;1994-07-31T00:00:00-03:00;31;7;1994;
1994-08-01;GM366_ERC366;1994-08-01T00:00:00-03:00;1;8;1994;0,93
1994-08-02;GM366_ERC366;1994-08-02T00:00:00-03:00;2;8;1994;0,918
1994-08-03;GM366_ERC366;1994-08-03T00:00:00-03:00;3;8;1994;0,908
1994-08-04;GM366_ERC366;1994-08-04T00:00:00-03:00;4;8;1994;0,908
1994-08-05;GM366_ERC366;1994-08-05T00:00:00-03:00;5;8;1994;0,91
1994-08-06;GM366_ERC366;1994-08-06T00:00:00-03:00;6;8;1994;
1994-08-07;GM366_ERC366;1994-08-07T00:00:00-03:00;7;8;1994;
1994-08-08;GM366_ERC366;1994-08-08T00:00:00-03:00;8;8;1994;0,904
1994-08-09;GM366_ERC366;1994-08-09T00:00:00-03:00;9;8;1994;0,889
1994-08-10;GM366_ERC366;1994-08-10T00:00:00-03:00;10;8;1994;0,89
1994-08-11;GM366_ERC366;1994-08-11T00:00:00-03:00;11;8;1994;0,892
1994-08-12;GM366_ERC366;1994-08-12T00:00:00-03:00;12;8;1994;0,904
1994-08-13;GM366_ERC366;1994-08-13T00:00:00-03:00;13;8;1994;
1994-08-14;GM366_ERC366;1994-08-14T00:00:00-03:00;14;8;1994;
1994-08-15;GM366_ERC366;1994-08-15T00:00:00-03:00;15;8;1994;0,899
1994-08-16;GM366_ERC366;1994-08-16T00:00:00-03:00;16;8;1994;0,894
1994-08-17;GM366_ERC366;1994-08-17T00:00:00-03:00;17;8;1994;0,899
1994-08-18;GM366_ERC366;1994-08-18T00:00:00-03:00;18;8;1994;0,895
1994-08-19;GM366_ERC366;1994-08-19T00:00:00-03:00;19;8;1994;0,892
1994-08-20;GM366_ERC366;1994-08-20T00:00:00-03:00;20;8;1994;
1994-08-21;GM366_ERC366;1994-08-21T00:00:00-03:00;21;8;1994;
1994-08-22;GM366_ERC366;1994-08-22T00:00:00-03:00;22;8;1994;0,885
1994-08-23;GM366_ERC366;1994-08-23T00:00:00-03:00;23;8;1994;0,885
1994-08-24;GM366_ERC366;1994-08-24T00:00:00-03:00;24;8;1994;0,882
1994-08-25;GM366_ERC366;1994-08-25T00:00:00-03:00;25;8;1994;0,886
1994-08-26;GM366_ERC366;1994-08-26T00:00:00-03:00;26;8;1994;0,886
1994-08-27;GM366_ERC366;1994-08-27T00:00:00-03:00;27;8;1994;
1994-08-28;GM366_ERC366;1994-08-28T00:00:00-03:00;28;8;1994;
1994-08-29;GM366_ERC366;1994-08-29T00:00:00-03:00;29;8;1994;0,894
1994-08-30;GM366_ERC366;1994-08-30T00:00:00-03:00;30;8;1994;0,885
1994-08-31;GM366_ERC366;1994-08-31T00:00:00-03:00;31;8;1994;0,887
1994-09-01;GM366_ERC366;1994-09-01T00:00:00-03:00;1;9;1994;0,883
1994-09-02;GM366_ERC366;1994-09-02T00:00:00-03:00;2;9;1994;0,884
1994-09-03;GM366_ERC366;1994-09-03T00:00:00-03:00;3;9;1994;
1994-09-04;GM366_ERC366;1994-09-04T00:00:00-03:00;4;9;1994;
1994-09-05;GM366_ERC366;1994-09-05T00:00:00-03:00;5;9;1994;0,89
1994-09-06;GM366_ERC366;1994-09-06T00:00:00-03:00;6;9;1994;0,884
1994-09-07;GM366_ERC366;1994-09-07T00:00:00-03:00;7;9;1994;
1994-09-08;GM366_ERC366;1994-09-08T00:00:00-03:00;8;9;1994;0,879
1994-09-09;GM366_ERC366;1994-09-09T00:00:00-03:00;9;9;1994;0,87
1994-09-10;GM366_ERC366;1994-09-10T00:00:00-03:00;10;9;1994;
1994-09-11;GM366_ERC366;1994-09-11T00:00:00-03:00;11;9;1994;
1994-09-12;GM366_ERC366;1994-09-12T00:00:00-03:00;12;9;1994;0,851
1994-09-13;GM366_ERC366;1994-09-13T00:00:00-03:00;13;9;1994;0,858
1994-09-14;GM366_ERC366;1994-09-14T00:00:00-03:00;14;9;1994;0,853
1994-09-15;GM366_ERC366;1994-09-15T00:00:00-03:00;15;9;1994;0,855
1994-09-16;GM366_ERC366;1994-09-16T00:00:00-03:00;16;9;1994;0,855
1994-09-17;GM366_ERC366;1994-09-17T00:00:00-03:00;17;9;1994;
1994-09-18;GM366_ERC366;1994-09-18T00:00:00-03:00;18;9;1994;
1994-09-19;GM366_ERC366;1994-09-19T00:00:00-03:00;19;9;1994;0,852
1994-09-20;GM366_ERC366;1994-09-20T00:00:00-03:00;20;9;1994;0,852
1994-09-21;GM366_ERC366;1994-09-21T00:00:00-03:00;21;9;1994;0,855
1994-09-22;GM366_ERC366;1994-09-22T00:00:00-03:00;22;9;1994;0,853
1994-09-23;GM366_ERC366;1994-09-23T00:00:00-03:00;23;9;1994;0,855
1994-09-24;GM366_ERC366;1994-09-24T00:00:00-03:00;24;9;1994;
1994-09-25;GM366_ERC366;1994-09-25T00:00:00-03:00;25;9;1994;
1994-09-26;GM366_ERC366;1994-09-26T00:00:00-03:00;26;9;1994;0,86
1994-09-27;GM366_ERC366;1994-09-27T00:00:00-03:00;27;9;1994;0,866
1994-09-28;GM366_ERC366;1994-09-28T00:00:00-03:00;28;9;1994;0,862
1994-09-29;GM366_ERC366;1994-09-29T00:00:00-03:00;29;9;1994;0,859
1994-09-30;GM366_ERC366;1994-09-30T00:00:00-03:00;30;9;1994;0,851
1994-10-01;GM366_ERC366;1994-10-01T00:00:00-03:00;1;10;1994;
1994-10-02;GM366_ERC366;1994-10-02T00:00:00-03:00;2;10;1994;
1994-10-03;GM366_ERC366;1994-10-03T00:00:00-03:00;3;10;1994;
1994-10-04;GM366_ERC366;1994-10-04T00:00:00-03:00;4;10;1994;0,847
1994-10-05;GM366_ERC366;1994-10-05T00:00:00-03:00;5;10;1994;0,845
1994-10-06;GM366_ERC366;1994-10-06T00:00:00-03:00;6;10;1994;0,844
1994-10-07;GM366_ERC366;1994-10-07T00:00:00-03:00;7;10;1994;0,842
1994-10-08;GM366_ERC366;1994-10-08T00:00:00-03:00;8;10;1994;
1994-10-09;GM366_ERC366;1994-10-09T00:00:00-03:00;9;10;1994;
1994-10-10;GM366_ERC366;1994-10-10T00:00:00-03:00;10;10;1994;0,837
1994-10-11;GM366_ERC366;1994-10-11T00:00:00-03:00;11;10;1994;0,833
1994-10-12;GM366_ERC366;1994-10-12T00:00:00-03:00;12;10;1994;
1994-10-13;GM366_ERC366;1994-10-13T00:00:00-03:00;13;10;1994;0,834
1994-10-14;GM366_ERC366;1994-10-14T00:00:00-03:00;14;10;1994;0,827
1994-10-15;GM366_ERC366;1994-10-15T00:00:00-03:00;15;10;1994;
1994-10-16;GM366_ERC366;1994-10-16T00:00:00-03:00;16;10;1994;
1994-10-17;GM366_ERC366;1994-10-17T00:00:00-03:00;17;10;1994;0,827
1994-10-18;GM366_ERC366;1994-10-18T00:00:00-03:00;18;10;1994;0,845
1994-10-19;GM366_ERC366;1994-10-19T00:00:00-03:00;19;10;1994;0,851
1994-10-20;GM366_ERC366;1994-10-20T00:00:00-03:00;20;10;1994;0,854
1994-10-21;GM366_ERC366;1994-10-21T00:00:00-03:00;21;10;1994;0,851
1994-10-22;GM366_ERC366;1994-10-22T00:00:00-03:00;22;10;1994;
1994-10-23;GM366_ERC366;1994-10-23T00:00:00-03:00;23;10;1994;
1994-10-24;GM366_ERC366;1994-10-24T00:00:00-03:00;24;10;1994;0,851
1994-10-25;GM366_ERC366;1994-10-25T00:00:00-03:00;25;10;1994;0,852
1994-10-26;GM366_ERC366;1994-10-26T00:00:00-03:00;26;10;1994;0,854
1994-10-27;GM366_ERC366;1994-10-27T00:00:00-03:00;27;10;1994;0,85
1994-10-28;GM366_ERC366;1994-10-28T00:00:00-03:00;28;10;1994;0,848
1994-10-29;GM366_ERC366;1994-10-29T00:00:00-03:00;29;10;1994;
1994-10-30;GM366_ERC366;1994-10-30T00:00:00-03:00;30;10;1994;
1994-10-31;GM366_ERC366;1994-10-31T00:00:00-03:00;31;10;1994;0,844
1994-11-01;GM366_ERC366;1994-11-01T00:00:00-03:00;1;11;1994;0,843
1994-11-02;GM366_ERC366;1994-11-02T00:00:00-02:00;2;11;1994;
1994-11-03;GM366_ERC366;1994-11-03T00:00:00-02:00;3;11;1994;0,844
1994-11-04;GM366_ERC366;1994-11-04T00:00:00-02:00;4;11;1994;0,843
1994-11-05;GM366_ERC366;1994-11-05T00:00:00-02:00;5;11;1994;
1994-11-06;GM366_ERC366;1994-11-06T00:00:00-02:00;6;11;1994;
1994-11-07;GM366_ERC366;1994-11-07T00:00:00-02:00;7;11;1994;0,838
1994-11-08;GM366_ERC366;1994-11-08T00:00:00-02:00;8;11;1994;0,832
1994-11-09;GM366_ERC366;1994-11-09T00:00:00-02:00;9;11;1994;0,829
1994-11-10;GM366_ERC366;1994-11-10T00:00:00-02:00;10;11;1994;0,832
1994-11-11;GM366_ERC366;1994-11-11T00:00:00-02:00;11;11;1994;0,836
1994-11-12;GM366_ERC366;1994-11-12T00:00:00-02:00;12;11;1994;
1994-11-13;GM366_ERC366;1994-11-13T00:00:00-02:00;13;11;1994;
1994-11-14;GM366_ERC366;1994-11-14T00:00:00-02:00;14;11;1994;0,836
1994-11-15;GM366_ERC366;1994-11-15T00:00:00-02:00;15;11;1994;
1994-11-16;GM366_ERC366;1994-11-16T00:00:00-02:00;16;11;1994;0,831
1994-11-17;GM366_ERC366;1994-11-17T00:00:00-02:00;17;11;1994;0,831
1994-11-18;GM366_ERC366;1994-11-18T00:00:00-02:00;18;11;1994;0,834
1994-11-19;GM366_ERC366;1994-11-19T00:00:00-02:00;19;11;1994;
1994-11-20;GM366_ERC366;1994-11-20T00:00:00-02:00;20;11;1994;
1994-11-21;GM366_ERC366;1994-11-21T00:00:00-02:00;21;11;1994;0,833
1994-11-22;GM366_ERC366;1994-11-22T00:00:00-02:00;22;11;1994;0,834
1994-11-23;GM366_ERC366;1994-11-23T00:00:00-02:00;23;11;1994;0,841
1994-11-24;GM366_ERC366;1994-11-24T00:00:00-02:00;24;11;1994;0,852
1994-11-25;GM366_ERC366;1994-11-25T00:00:00-02:00;25;11;1994;0,857
1994-11-26;GM366_ERC366;1994-11-26T00:00:00-02:00;26;11;1994;
1994-11-27;GM366_ERC366;1994-11-27T00:00:00-02:00;27;11;1994;
1994-11-28;GM366_ERC366;1994-11-28T00:00:00-02:00;28;11;1994;0,855
1994-11-29;GM366_ERC366;1994-11-29T00:00:00-02:00;29;11;1994;0,851
1994-11-30;GM366_ERC366;1994-11-30T00:00:00-02:00;30;11;1994;0,843
1994-12-01;GM366_ERC366;1994-12-01T00:00:00-02:00;1;12;1994;0,846
1994-12-02;GM366_ERC366;1994-12-02T00:00:00-02:00;2;12;1994;0,855
1994-12-03;GM366_ERC366;1994-12-03T00:00:00-02:00;3;12;1994;
1994-12-04;GM366_ERC366;1994-12-04T00:00:00-02:00;4;12;1994;
1994-12-05;GM366_ERC366;1994-12-05T00:00:00-02:00;5;12;1994;0,856
1994-12-06;GM366_ERC366;1994-12-06T00:00:00-02:00;6;12;1994;0,844
1994-12-07;GM366_ERC366;1994-12-07T00:00:00-02:00;7;12;1994;0,845
1994-12-08;GM366_ERC366;1994-12-08T00:00:00-02:00;8;12;1994;0,845
1994-12-09;GM366_ERC366;1994-12-09T00:00:00-02:00;9;12;1994;0,846
1994-12-10;GM366_ERC366;1994-12-10T00:00:00-02:00;10;12;1994;
1994-12-11;GM366_ERC366;1994-12-11T00:00:00-02:00;11;12;1994;
1994-12-12;GM366_ERC366;1994-12-12T00:00:00-02:00;12;12;1994;0,842
1994-12-13;GM366_ERC366;1994-12-13T00:00:00-02:00;13;12;1994;0,841
1994-12-14;GM366_ERC366;1994-12-14T00:00:00-02:00;14;12;1994;0,845
1994-12-15;GM366_ERC366;1994-12-15T00:00:00-02:00;15;12;1994;0,849
1994-12-16;GM366_ERC366;1994-12-16T00:00:00-02:00;16;12;1994;0,847
1994-12-17;GM366_ERC366;1994-12-17T00:00:00-02:00;17;12;1994;
1994-12-18;GM366_ERC366;1994-12-18T00:00:00-02:00;18;12;1994;
1994-12-19;GM366_ERC366;1994-12-19T00:00:00-02:00;19;12;1994;0,846
1994-12-20;GM366_ERC366;1994-12-20T00:00:00-02:00;20;12;1994;0,848
1994-12-21;GM366_ERC366;1994-12-21T00:00:00-02:00;21;12;1994;0,851
1994-12-22;GM366_ERC366;1994-12-22T00:00:00-02:00;22;12;1994;0,858
1994-12-23;GM366_ERC366;1994-12-23T00:00:00-02:00;23;12;1994;0,853
1994-12-24;GM366_ERC366;1994-12-24T00:00:00-02:00;24;12;1994;
1994-12-25;GM366_ERC366;1994-12-25T00:00:00-02:00;25;12;1994;
1994-12-26;GM366_ERC366;1994-12-26T00:00:00-02:00;26;12;1994;0,848
1994-12-27;GM366_ERC366;1994-12-27T00:00:00-02:00;27;12;1994;0,85
1994-12-28;GM366_ERC366;1994-12-28T00:00:00-02:00;28;12;1994;0,854
1994-12-29;GM366_ERC366;1994-12-29T00:00:00-02:00;29;12;1994;0,846
1994-12-30;GM366_ERC366;1994-12-30T00:00:00-02:00;30;12;1994;0,844
1994-12-31;GM366_ERC366;1994-12-31T00:00:00-02:00;31;12;1994;
1995-01-01;GM366_ERC366;1995-01-01T00:00:00-02:00;1;1;1995;
1995-01-02;GM366_ERC366;1995-01-02T00:00:00-02:00;2;1;1995;0,843
1995-01-03;GM366_ERC366;1995-01-03T00:00:00-02:00;3;1;1995;0,844
1995-01-04;GM366_ERC366;1995-01-04T00:00:00-02:00;4;1;1995;0,844
1995-01-05;GM366_ERC366;1995-01-05T00:00:00-02:00;5;1;1995;0,842
1995-01-06;GM366_ERC366;1995-01-06T00:00:00-02:00;6;1;1995;0,839
1995-01-07;GM366_ERC366;1995-01-07T00:00:00-02:00;7;1;1995;
1995-01-08;GM366_ERC366;1995-01-08T00:00:00-02:00;8;1;1995;
1995-01-09;GM366_ERC366;1995-01-09T00:00:00-02:00;9;1;1995;0,844
1995-01-10;GM366_ERC366;1995-01-10T00:00:00-02:00;10;1;1995;0,846
1995-01-11;GM366_ERC366;1995-01-11T00:00:00-02:00;11;1;1995;0,849
1995-01-12;GM366_ERC366;1995-01-12T00:00:00-02:00;12;1;1995;0,844
1995-01-13;GM366_ERC366;1995-01-13T00:00:00-02:00;13;1;1995;0,845
1995-01-14;GM366_ERC366;1995-01-14T00:00:00-02:00;14;1;1995;
1995-01-15;GM366_ERC366;1995-01-15T00:00:00-02:00;15;1;1995;
1995-01-16;GM366_ERC366;1995-01-16T00:00:00-02:00;16;1;1995;0,848
1995-01-17;GM366_ERC366;1995-01-17T00:00:00-02:00;17;1;1995;0,844
1995-01-18;GM366_ERC366;1995-01-18T00:00:00-02:00;18;1;1995;0,844
1995-01-19;GM366_ERC366;1995-01-19T00:00:00-02:00;19;1;1995;0,846
1995-01-20;GM366_ERC366;1995-01-20T00:00:00-02:00;20;1;1995;0,846
1995-01-21;GM366_ERC366;1995-01-21T00:00:00-02:00;21;1;1995;
1995-01-22;GM366_ERC366;1995-01-22T00:00:00-02:00;22;1;1995;
1995-01-23;GM366_ERC366;1995-01-23T00:00:00-02:00;23;1;1995;0,85
1995-01-24;GM366_ERC366;1995-01-24T00:00:00-02:00;24;1;1995;0,852
1995-01-25;GM366_ERC366;1995-01-25T00:00:00-02:00;25;1;1995;0,851
1995-01-26;GM366_ERC366;1995-01-26T00:00:00-02:00;26;1;1995;0,844
1995-01-27;GM366_ERC366;1995-01-27T00:00:00-02:00;27;1;1995;0,843
1995-01-28;GM366_ERC366;1995-01-28T00:00:00-02:00;28;1;1995;
1995-01-29;GM366_ERC366;1995-01-29T00:00:00-02:00;29;1;1995;
1995-01-30;GM366_ERC366;1995-01-30T00:00:00-02:00;30;1;1995;0,845
1995-01-31;GM366_ERC366;1995-01-31T00:00:00-02:00;31;1;1995;0,84
1995-02-01;GM366_ERC366;1995-02-01T00:00:00-02:00;1;2;1995;0,841
1995-02-02;GM366_ERC366;1995-02-02T00:00:00-02:00;2;2;1995;0,838
1995-02-03;GM366_ERC366;1995-02-03T00:00:00-02:00;3;2;1995;0,838
1995-02-04;GM366_ERC366;1995-02-04T00:00:00-02:00;4;2;1995;
1995-02-05;GM366_ERC366;1995-02-05T00:00:00-02:00;5;2;1995;
1995-02-06;GM366_ERC366;1995-02-06T00:00:00-02:00;6;2;1995;0,836
1995-02-07;GM366_ERC366;1995-02-07T00:00:00-02:00;7;2;1995;0,835
1995-02-08;GM366_ERC366;1995-02-08T00:00:00-02:00;8;2;1995;0,834
1995-02-09;GM366_ERC366;1995-02-09T00:00:00-02:00;9;2;1995;0,832
1995-02-10;GM366_ERC366;1995-02-10T00:00:00-02:00;10;2;1995;0,833
1995-02-11;GM366_ERC366;1995-02-11T00:00:00-02:00;11;2;1995;
1995-02-12;GM366_ERC366;1995-02-12T00:00:00-03:00;12;2;1995;
1995-02-13;GM366_ERC366;1995-02-13T00:00:00-03:00;13;2;1995;0,832
1995-02-14;GM366_ERC366;1995-02-14T00:00:00-03:00;14;2;1995;0,833
1995-02-15;GM366_ERC366;1995-02-15T00:00:00-03:00;15;2;1995;0,835
1995-02-16;GM366_ERC366;1995-02-16T00:00:00-03:00;16;2;1995;0,843
1995-02-17;GM366_ERC366;1995-02-17T00:00:00-03:00;17;2;1995;0,848
1995-02-18;GM366_ERC366;1995-02-18T00:00:00-03:00;18;2;1995;
1995-02-19;GM366_ERC366;1995-02-19T00:00:00-03:00;19;2;1995;
1995-02-20;GM366_ERC366;1995-02-20T00:00:00-03:00;20;2;1995;0,84
1995-02-21;GM366_ERC366;1995-02-21T00:00:00-03:00;21;2;1995;0,841
1995-02-22;GM366_ERC366;1995-02-22T00:00:00-03:00;22;2;1995;0,846
1995-02-23;GM366_ERC366;1995-02-23T00:00:00-03:00;23;2;1995;0,843
1995-02-24;GM366_ERC366;1995-02-24T00:00:00-03:00;24;2;1995;0,8495
1995-02-25;GM366_ERC366;1995-02-25T00:00:00-03:00;25;2;1995;
1995-02-26;GM366_ERC366;1995-02-26T00:00:00-03:00;26;2;1995;
1995-02-27;GM366_ERC366;1995-02-27T00:00:00-03:00;27;2;1995;
1995-02-28;GM366_ERC366;1995-02-28T00:00:00-03:00;28;2;1995;
1995-03-01;GM366_ERC366;1995-03-01T00:00:00-03:00;1;3;1995;0,848
1995-03-02;GM366_ERC366;1995-03-02T00:00:00-03:00;2;3;1995;0,851
1995-03-03;GM366_ERC366;1995-03-03T00:00:00-03:00;3;3;1995;0,856
1995-03-04;GM366_ERC366;1995-03-04T00:00:00-03:00;4;3;1995;
1995-03-05;GM366_ERC366;1995-03-05T00:00:00-03:00;5;3;1995;
1995-03-06;GM366_ERC366;1995-03-06T00:00:00-03:00;6;3;1995;0,866
1995-03-07;GM366_ERC366;1995-03-07T00:00:00-03:00;7;3;1995;0,884
1995-03-08;GM366_ERC366;1995-03-08T00:00:00-03:00;8;3;1995;0,884
1995-03-09;GM366_ERC366;1995-03-09T00:00:00-03:00;9;3;1995;0,886
1995-03-10;GM366_ERC366;1995-03-10T00:00:00-03:00;10;3;1995;0,878
1995-03-11;GM366_ERC366;1995-03-11T00:00:00-03:00;11;3;1995;
1995-03-12;GM366_ERC366;1995-03-12T00:00:00-03:00;12;3;1995;
1995-03-13;GM366_ERC366;1995-03-13T00:00:00-03:00;13;3;1995;0,8795
1995-03-14;GM366_ERC366;1995-03-14T00:00:00-03:00;14;3;1995;0,88
1995-03-15;GM366_ERC366;1995-03-15T00:00:00-03:00;15;3;1995;0,882
1995-03-16;GM366_ERC366;1995-03-16T00:00:00-03:00;16;3;1995;0,893
1995-03-17;GM366_ERC366;1995-03-17T00:00:00-03:00;17;3;1995;0,888
1995-03-18;GM366_ERC366;1995-03-18T00:00:00-03:00;18;3;1995;
1995-03-19;GM366_ERC366;1995-03-19T00:00:00-03:00;19;3;1995;
1995-03-20;GM366_ERC366;1995-03-20T00:00:00-03:00;20;3;1995;0,9
1995-03-21;GM366_ERC366;1995-03-21T00:00:00-03:00;21;3;1995;0,899
1995-03-22;GM366_ERC366;1995-03-22T00:00:00-03:00;22;3;1995;0,9
1995-03-23;GM366_ERC366;1995-03-23T00:00:00-03:00;23;3;1995;0,912
1995-03-24;GM366_ERC366;1995-03-24T00:00:00-03:00;24;3;1995;0,907
1995-03-25;GM366_ERC366;1995-03-25T00:00:00-03:00;25;3;1995;
1995-03-26;GM366_ERC366;1995-03-26T00:00:00-03:00;26;3;1995;
1995-03-27;GM366_ERC366;1995-03-27T00:00:00-03:00;27;3;1995;0,908
1995-03-28;GM366_ERC366;1995-03-28T00:00:00-03:00;28;3;1995;0,909
1995-03-29;GM366_ERC366;1995-03-29T00:00:00-03:00;29;3;1995;0,905
1995-03-30;GM366_ERC366;1995-03-30T00:00:00-03:00;30;3;1995;0,901
1995-03-31;GM366_ERC366;1995-03-31T00:00:00-03:00;31;3;1995;0,894
1995-04-01;GM366_ERC366;1995-04-01T00:00:00-03:00;1;4;1995;
1995-04-02;GM366_ERC366;1995-04-02T00:00:00-03:00;2;4;1995;
1995-04-03;GM366_ERC366;1995-04-03T00:00:00-03:00;3;4;1995;0,9
1995-04-04;GM366_ERC366;1995-04-04T00:00:00-03:00;4;4;1995;0,899
1995-04-05;GM366_ERC366;1995-04-05T00:00:00-03:00;5;4;1995;0,898
1995-04-06;GM366_ERC366;1995-04-06T00:00:00-03:00;6;4;1995;0,892
1995-04-07;GM366_ERC366;1995-04-07T00:00:00-03:00;7;4;1995;0,898
1995-04-08;GM366_ERC366;1995-04-08T00:00:00-03:00;8;4;1995;
1995-04-09;GM366_ERC366;1995-04-09T00:00:00-03:00;9;4;1995;
1995-04-10;GM366_ERC366;1995-04-10T00:00:00-03:00;10;4;1995;0,895
1995-04-11;GM366_ERC366;1995-04-11T00:00:00-03:00;11;4;1995;0,899
1995-04-12;GM366_ERC366;1995-04-12T00:00:00-03:00;12;4;1995;0,906
1995-04-13;GM366_ERC366;1995-04-13T00:00:00-03:00;13;4;1995;
1995-04-14;GM366_ERC366;1995-04-14T00:00:00-03:00;14;4;1995;
1995-04-15;GM366_ERC366;1995-04-15T00:00:00-03:00;15;4;1995;
1995-04-16;GM366_ERC366;1995-04-16T00:00:00-03:00;16;4;1995;
1995-04-17;GM366_ERC366;1995-04-17T00:00:00-03:00;17;4;1995;0,903
1995-04-18;GM366_ERC366;1995-04-18T00:00:00-03:00;18;4;1995;0,903
1995-04-19;GM366_ERC366;1995-04-19T00:00:00-03:00;19;4;1995;0,912
1995-04-20;GM366_ERC366;1995-04-20T00:00:00-03:00;20;4;1995;0,916
1995-04-21;GM366_ERC366;1995-04-21T00:00:00-03:00;21;4;1995;
1995-04-22;GM366_ERC366;1995-04-22T00:00:00-03:00;22;4;1995;
1995-04-23;GM366_ERC366;1995-04-23T00:00:00-03:00;23;4;1995;
1995-04-24;GM366_ERC366;1995-04-24T00:00:00-03:00;24;4;1995;0,911
1995-04-25;GM366_ERC366;1995-04-25T00:00:00-03:00;25;4;1995;0,919
1995-04-26;GM366_ERC366;1995-04-26T00:00:00-03:00;26;4;1995;0,915
1995-04-27;GM366_ERC366;1995-04-27T00:00:00-03:00;27;4;1995;0,917
1995-04-28;GM366_ERC366;1995-04-28T00:00:00-03:00;28;4;1995;0,911
1995-04-29;GM366_ERC366;1995-04-29T00:00:00-03:00;29;4;1995;
1995-04-30;GM366_ERC366;1995-04-30T00:00:00-03:00;30;4;1995;
1995-05-01;GM366_ERC366;1995-05-01T00:00:00-03:00;1;5;1995;
1995-05-02;GM366_ERC366;1995-05-02T00:00:00-03:00;2;5;1995;0,912
1995-05-03;GM366_ERC366;1995-05-03T00:00:00-03:00;3;5;1995;0,904
1995-05-04;GM366_ERC366;1995-05-04T00:00:00-03:00;4;5;1995;0,903
1995-05-05;GM366_ERC366;1995-05-05T00:00:00-03:00;5;5;1995;0,9
1995-05-06;GM366_ERC366;1995-05-06T00:00:00-03:00;6;5;1995;
1995-05-07;GM366_ERC366;1995-05-07T00:00:00-03:00;7;5;1995;
1995-05-08;GM366_ERC366;1995-05-08T00:00:00-03:00;8;5;1995;0,897
1995-05-09;GM366_ERC366;1995-05-09T00:00:00-03:00;9;5;1995;0,895
1995-05-10;GM366_ERC366;1995-05-10T00:00:00-03:00;10;5;1995;0,892
1995-05-11;GM366_ERC366;1995-05-11T00:00:00-03:00;11;5;1995;0,894
1995-05-12;GM366_ERC366;1995-05-12T00:00:00-03:00;12;5;1995;0,895
1995-05-13;GM366_ERC366;1995-05-13T00:00:00-03:00;13;5;1995;
1995-05-14;GM366_ERC366;1995-05-14T00:00:00-03:00;14;5;1995;
1995-05-15;GM366_ERC366;1995-05-15T00:00:00-03:00;15;5;1995;0,889
1995-05-16;GM366_ERC366;1995-05-16T00:00:00-03:00;16;5;1995;0,889
1995-05-17;GM366_ERC366;1995-05-17T00:00:00-03:00;17;5;1995;0,889
1995-05-18;GM366_ERC366;1995-05-18T00:00:00-03:00;18;5;1995;0,888
1995-05-19;GM366_ERC366;1995-05-19T00:00:00-03:00;19;5;1995;0,889
1995-05-20;GM366_ERC366;1995-05-20T00:00:00-03:00;20;5;1995;
1995-05-21;GM366_ERC366;1995-05-21T00:00:00-03:00;21;5;1995;
1995-05-22;GM366_ERC366;1995-05-22T00:00:00-03:00;22;5;1995;0,888
1995-05-23;GM366_ERC366;1995-05-23T00:00:00-03:00;23;5;1995;0,888
1995-05-24;GM366_ERC366;1995-05-24T00:00:00-03:00;24;5;1995;0,888
1995-05-25;GM366_ERC366;1995-05-25T00:00:00-03:00;25;5;1995;0,891
1995-05-26;GM366_ERC366;1995-05-26T00:00:00-03:00;26;5;1995;0,895
1995-05-27;GM366_ERC366;1995-05-27T00:00:00-03:00;27;5;1995;
1995-05-28;GM366_ERC366;1995-05-28T00:00:00-03:00;28;5;1995;
1995-05-29;GM366_ERC366;1995-05-29T00:00:00-03:00;29;5;1995;0,904
1995-05-30;GM366_ERC366;1995-05-30T00:00:00-03:00;30;5;1995;0,904
1995-05-31;GM366_ERC366;1995-05-31T00:00:00-03:00;31;5;1995;0,904
1995-06-01;GM366_ERC366;1995-06-01T00:00:00-03:00;1;6;1995;0,906
1995-06-02;GM366_ERC366;1995-06-02T00:00:00-03:00;2;6;1995;0,903
1995-06-03;GM366_ERC366;1995-06-03T00:00:00-03:00;3;6;1995;
1995-06-04;GM366_ERC366;1995-06-04T00:00:00-03:00;4;6;1995;
1995-06-05;GM366_ERC366;1995-06-05T00:00:00-03:00;5;6;1995;0,903
1995-06-06;GM366_ERC366;1995-06-06T00:00:00-03:00;6;6;1995;0,904
1995-06-07;GM366_ERC366;1995-06-07T00:00:00-03:00;7;6;1995;0,909
1995-06-08;GM366_ERC366;1995-06-08T00:00:00-03:00;8;6;1995;0,91
1995-06-09;GM366_ERC366;1995-06-09T00:00:00-03:00;9;6;1995;0,911
1995-06-10;GM366_ERC366;1995-06-10T00:00:00-03:00;10;6;1995;
1995-06-11;GM366_ERC366;1995-06-11T00:00:00-03:00;11;6;1995;
1995-06-12;GM366_ERC366;1995-06-12T00:00:00-03:00;12;6;1995;0,916
1995-06-13;GM366_ERC366;1995-06-13T00:00:00-03:00;13;6;1995;0,913
1995-06-14;GM366_ERC366;1995-06-14T00:00:00-03:00;14;6;1995;0,905
1995-06-15;GM366_ERC366;1995-06-15T00:00:00-03:00;15;6;1995;
1995-06-16;GM366_ERC366;1995-06-16T00:00:00-03:00;16;6;1995;0,907
1995-06-17;GM366_ERC366;1995-06-17T00:00:00-03:00;17;6;1995;
1995-06-18;GM366_ERC366;1995-06-18T00:00:00-03:00;18;6;1995;
1995-06-19;GM366_ERC366;1995-06-19T00:00:00-03:00;19;6;1995;0,91
1995-06-20;GM366_ERC366;1995-06-20T00:00:00-03:00;20;6;1995;0,912
1995-06-21;GM366_ERC366;1995-06-21T00:00:00-03:00;21;6;1995;0,917
1995-06-22;GM366_ERC366;1995-06-22T00:00:00-03:00;22;6;1995;0,918
1995-06-23;GM366_ERC366;1995-06-23T00:00:00-03:00;23;6;1995;0,918
1995-06-24;GM366_ERC366;1995-06-24T00:00:00-03:00;24;6;1995;
1995-06-25;GM366_ERC366;1995-06-25T00:00:00-03:00;25;6;1995;
1995-06-26;GM366_ERC366;1995-06-26T00:00:00-03:00;26;6;1995;0,917
1995-06-27;GM366_ERC366;1995-06-27T00:00:00-03:00;27;6;1995;0,918
1995-06-28;GM366_ERC366;1995-06-28T00:00:00-03:00;28;6;1995;0,918
1995-06-29;GM366_ERC366;1995-06-29T00:00:00-03:00;29;6;1995;0,918
1995-06-30;GM366_ERC366;1995-06-30T00:00:00-03:00;30;6;1995;0,92
1995-07-01;GM366_ERC366;1995-07-01T00:00:00-03:00;1;7;1995;
1995-07-02;GM366_ERC366;1995-07-02T00:00:00-03:00;2;7;1995;
1995-07-03;GM366_ERC366;1995-07-03T00:00:00-03:00;3;7;1995;0,918
1995-07-04;GM366_ERC366;1995-07-04T00:00:00-03:00;4;7;1995;0,918
1995-07-05;GM366_ERC366;1995-07-05T00:00:00-03:00;5;7;1995;0,92
1995-07-06;GM366_ERC366;1995-07-06T00:00:00-03:00;6;7;1995;0,923
1995-07-07;GM366_ERC366;1995-07-07T00:00:00-03:00;7;7;1995;0,923
1995-07-08;GM366_ERC366;1995-07-08T00:00:00-03:00;8;7;1995;
1995-07-09;GM366_ERC366;1995-07-09T00:00:00-03:00;9;7;1995;
1995-07-10;GM366_ERC366;1995-07-10T00:00:00-03:00;10;7;1995;0,923
1995-07-11;GM366_ERC366;1995-07-11T00:00:00-03:00;11;7;1995;0,923
1995-07-12;GM366_ERC366;1995-07-12T00:00:00-03:00;12;7;1995;0,923
1995-07-13;GM366_ERC366;1995-07-13T00:00:00-03:00;13;7;1995;0,924
1995-07-14;GM366_ERC366;1995-07-14T00:00:00-03:00;14;7;1995;0,924
1995-07-15;GM366_ERC366;1995-07-15T00:00:00-03:00;15;7;1995;
1995-07-16;GM366_ERC366;1995-07-16T00:00:00-03:00;16;7;1995;
1995-07-17;GM366_ERC366;1995-07-17T00:00:00-03:00;17;7;1995;0,926
1995-07-18;GM366_ERC366;1995-07-18T00:00:00-03:00;18;7;1995;0,927
1995-07-19;GM366_ERC366;1995-07-19T00:00:00-03:00;19;7;1995;0,927
1995-07-20;GM366_ERC366;1995-07-20T00:00:00-03:00;20;7;1995;0,927
1995-07-21;GM366_ERC366;1995-07-21T00:00:00-03:00;21;7;1995;0,932
1995-07-22;GM366_ERC366;1995-07-22T00:00:00-03:00;22;7;1995;
1995-07-23;GM366_ERC366;1995-07-23T00:00:00-03:00;23;7;1995;
1995-07-24;GM366_ERC366;1995-07-24T00:00:00-03:00;24;7;1995;0,932
1995-07-25;GM366_ERC366;1995-07-25T00:00:00-03:00;25;7;1995;0,934
1995-07-26;GM366_ERC366;1995-07-26T00:00:00-03:00;26;7;1995;0,934
1995-07-27;GM366_ERC366;1995-07-27T00:00:00-03:00;27;7;1995;0,935
1995-07-28;GM366_ERC366;1995-07-28T00:00:00-03:00;28;7;1995;0,935
1995-07-29;GM366_ERC366;1995-07-29T00:00:00-03:00;29;7;1995;
1995-07-30;GM366_ERC366;1995-07-30T00:00:00-03:00;30;7;1995;
1995-07-31;GM366_ERC366;1995-07-31T00:00:00-03:00;31;7;1995;0,934
1995-08-01;GM366_ERC366;1995-08-01T00:00:00-03:00;1;8;1995;0,934
1995-08-02;GM366_ERC366;1995-08-02T00:00:00-03:00;2;8;1995;0,934
1995-08-03;GM366_ERC366;1995-08-03T00:00:00-03:00;3;8;1995;0,934
1995-08-04;GM366_ERC366;1995-08-04T00:00:00-03:00;4;8;1995;0,934
1995-08-05;GM366_ERC366;1995-08-05T00:00:00-03:00;5;8;1995;
1995-08-06;GM366_ERC366;1995-08-06T00:00:00-03:00;6;8;1995;
1995-08-07;GM366_ERC366;1995-08-07T00:00:00-03:00;7;8;1995;0,934
1995-08-08;GM366_ERC366;1995-08-08T00:00:00-03:00;8;8;1995;0,934
1995-08-09;GM366_ERC366;1995-08-09T00:00:00-03:00;9;8;1995;0,934
1995-08-10;GM366_ERC366;1995-08-10T00:00:00-03:00;10;8;1995;0,934
1995-08-11;GM366_ERC366;1995-08-11T00:00:00-03:00;11;8;1995;0,935
1995-08-12;GM366_ERC366;1995-08-12T00:00:00-03:00;12;8;1995;
1995-08-13;GM366_ERC366;1995-08-13T00:00:00-03:00;13;8;1995;
1995-08-14;GM366_ERC366;1995-08-14T00:00:00-03:00;14;8;1995;0,939
1995-08-15;GM366_ERC366;1995-08-15T00:00:00-03:00;15;8;1995;0,94
1995-08-16;GM366_ERC366;1995-08-16T00:00:00-03:00;16;8;1995;0,94
1995-08-17;GM366_ERC366;1995-08-17T00:00:00-03:00;17;8;1995;0,94
1995-08-18;GM366_ERC366;1995-08-18T00:00:00-03:00;18;8;1995;0,941
1995-08-19;GM366_ERC366;1995-08-19T00:00:00-03:00;19;8;1995;
1995-08-20;GM366_ERC366;1995-08-20T00:00:00-03:00;20;8;1995;
1995-08-21;GM366_ERC366;1995-08-21T00:00:00-03:00;21;8;1995;0,94
1995-08-22;GM366_ERC366;1995-08-22T00:00:00-03:00;22;8;1995;0,942
1995-08-23;GM366_ERC366;1995-08-23T00:00:00-03:00;23;8;1995;0,945
1995-08-24;GM366_ERC366;1995-08-24T00:00:00-03:00;24;8;1995;0,945
1995-08-25;GM366_ERC366;1995-08-25T00:00:00-03:00;25;8;1995;0,946
1995-08-26;GM366_ERC366;1995-08-26T00:00:00-03:00;26;8;1995;
1995-08-27;GM366_ERC366;1995-08-27T00:00:00-03:00;27;8;1995;
1995-08-28;GM366_ERC366;1995-08-28T00:00:00-03:00;28;8;1995;0,947
1995-08-29;GM366_ERC366;1995-08-29T00:00:00-03:00;29;8;1995;0,949
1995-08-30;GM366_ERC366;1995-08-30T00:00:00-03:00;30;8;1995;0,949
1995-08-31;GM366_ERC366;1995-08-31T00:00:00-03:00;31;8;1995;0,949
1995-09-01;GM366_ERC366;1995-09-01T00:00:00-03:00;1;9;1995;0,949
1995-09-02;GM366_ERC366;1995-09-02T00:00:00-03:00;2;9;1995;
1995-09-03;GM366_ERC366;1995-09-03T00:00:00-03:00;3;9;1995;
1995-09-04;GM366_ERC366;1995-09-04T00:00:00-03:00;4;9;1995;0,947
1995-09-05;GM366_ERC366;1995-09-05T00:00:00-03:00;5;9;1995;0,947
1995-09-06;GM366_ERC366;1995-09-06T00:00:00-03:00;6;9;1995;0,947
1995-09-07;GM366_ERC366;1995-09-07T00:00:00-03:00;7;9;1995;
1995-09-08;GM366_ERC366;1995-09-08T00:00:00-03:00;8;9;1995;0,949
1995-09-09;GM366_ERC366;1995-09-09T00:00:00-03:00;9;9;1995;
1995-09-10;GM366_ERC366;1995-09-10T00:00:00-03:00;10;9;1995;
1995-09-11;GM366_ERC366;1995-09-11T00:00:00-03:00;11;9;1995;0,95
1995-09-12;GM366_ERC366;1995-09-12T00:00:00-03:00;12;9;1995;0,95
1995-09-13;GM366_ERC366;1995-09-13T00:00:00-03:00;13;9;1995;0,951
1995-09-14;GM366_ERC366;1995-09-14T00:00:00-03:00;14;9;1995;0,951
1995-09-15;GM366_ERC366;1995-09-15T00:00:00-03:00;15;9;1995;0,951
1995-09-16;GM366_ERC366;1995-09-16T00:00:00-03:00;16;9;1995;
1995-09-17;GM366_ERC366;1995-09-17T00:00:00-03:00;17;9;1995;
1995-09-18;GM366_ERC366;1995-09-18T00:00:00-03:00;18;9;1995;0,951
1995-09-19;GM366_ERC366;1995-09-19T00:00:00-03:00;19;9;1995;0,951
1995-09-20;GM366_ERC366;1995-09-20T00:00:00-03:00;20;9;1995;0,952
1995-09-21;GM366_ERC366;1995-09-21T00:00:00-03:00;21;9;1995;0,952
1995-09-22;GM366_ERC366;1995-09-22T00:00:00-03:00;22;9;1995;0,952
1995-09-23;GM366_ERC366;1995-09-23T00:00:00-03:00;23;9;1995;
1995-09-24;GM366_ERC366;1995-09-24T00:00:00-03:00;24;9;1995;
1995-09-25;GM366_ERC366;1995-09-25T00:00:00-03:00;25;9;1995;0,952
1995-09-26;GM366_ERC366;1995-09-26T00:00:00-03:00;26;9;1995;0,953
1995-09-27;GM366_ERC366;1995-09-27T00:00:00-03:00;27;9;1995;0,954
1995-09-28;GM366_ERC366;1995-09-28T00:00:00-03:00;28;9;1995;0,954
1995-09-29;GM366_ERC366;1995-09-29T00:00:00-03:00;29;9;1995;0,952
1995-09-30;GM366_ERC366;1995-09-30T00:00:00-03:00;30;9;1995;
1995-10-01;GM366_ERC366;1995-10-01T00:00:00-03:00;1;10;1995;
1995-10-02;GM366_ERC366;1995-10-02T00:00:00-03:00;2;10;1995;0,9545
1995-10-03;GM366_ERC366;1995-10-03T00:00:00-03:00;3;10;1995;0,9575
1995-10-04;GM366_ERC366;1995-10-04T00:00:00-03:00;4;10;1995;0,9575
1995-10-05;GM366_ERC366;1995-10-05T00:00:00-03:00;5;10;1995;0,9575
1995-10-06;GM366_ERC366;1995-10-06T00:00:00-03:00;6;10;1995;0,958
1995-10-07;GM366_ERC366;1995-10-07T00:00:00-03:00;7;10;1995;
1995-10-08;GM366_ERC366;1995-10-08T00:00:00-03:00;8;10;1995;
1995-10-09;GM366_ERC366;1995-10-09T00:00:00-03:00;9;10;1995;0,9575
1995-10-10;GM366_ERC366;1995-10-10T00:00:00-03:00;10;10;1995;0,9575
1995-10-11;GM366_ERC366;1995-10-11T00:00:00-03:00;11;10;1995;0,9575
1995-10-12;GM366_ERC366;1995-10-12T00:00:00-03:00;12;10;1995;
1995-10-13;GM366_ERC366;1995-10-13T00:00:00-03:00;13;10;1995;0,9575
1995-10-14;GM366_ERC366;1995-10-14T00:00:00-03:00;14;10;1995;
1995-10-15;GM366_ERC366;1995-10-15T00:00:00-03:00;15;10;1995;
1995-10-16;GM366_ERC366;1995-10-16T00:00:00-03:00;16;10;1995;0,9575
1995-10-17;GM366_ERC366;1995-10-17T00:00:00-03:00;17;10;1995;0,9575
1995-10-18;GM366_ERC366;1995-10-18T00:00:00-03:00;18;10;1995;0,958
1995-10-19;GM366_ERC366;1995-10-19T00:00:00-03:00;19;10;1995;0,9583
1995-10-20;GM366_ERC366;1995-10-20T00:00:00-03:00;20;10;1995;0,9603
1995-10-21;GM366_ERC366;1995-10-21T00:00:00-03:00;21;10;1995;
1995-10-22;GM366_ERC366;1995-10-22T00:00:00-03:00;22;10;1995;
1995-10-23;GM366_ERC366;1995-10-23T00:00:00-03:00;23;10;1995;0,9605
1995-10-24;GM366_ERC366;1995-10-24T00:00:00-03:00;24;10;1995;0,9607
1995-10-25;GM366_ERC366;1995-10-25T00:00:00-03:00;25;10;1995;0,9607
1995-10-26;GM366_ERC366;1995-10-26T00:00:00-03:00;26;10;1995;0,961
1995-10-27;GM366_ERC366;1995-10-27T00:00:00-03:00;27;10;1995;0,9612
1995-10-28;GM366_ERC366;1995-10-28T00:00:00-03:00;28;10;1995;
1995-10-29;GM366_ERC366;1995-10-29T00:00:00-03:00;29;10;1995;
1995-10-30;GM366_ERC366;1995-10-30T00:00:00-03:00;30;10;1995;0,9607
1995-10-31;GM366_ERC366;1995-10-31T00:00:00-03:00;31;10;1995;0,9609
1995-11-01;GM366_ERC366;1995-11-01T00:00:00-03:00;1;11;1995;0,962
1995-11-02;GM366_ERC366;1995-11-02T00:00:00-03:00;2;11;1995;
1995-11-03;GM366_ERC366;1995-11-03T00:00:00-03:00;3;11;1995;0,9617
1995-11-04;GM366_ERC366;1995-11-04T00:00:00-03:00;4;11;1995;
1995-11-05;GM366_ERC366;1995-11-05T00:00:00-03:00;5;11;1995;
1995-11-06;GM366_ERC366;1995-11-06T00:00:00-03:00;6;11;1995;0,9613
1995-11-07;GM366_ERC366;1995-11-07T00:00:00-03:00;7;11;1995;0,9608
1995-11-08;GM366_ERC366;1995-11-08T00:00:00-02:00;8;11;1995;0,9608
1995-11-09;GM366_ERC366;1995-11-09T00:00:00-02:00;9;11;1995;0,9607
1995-11-10;GM366_ERC366;1995-11-10T00:00:00-02:00;10;11;1995;0,9607
1995-11-11;GM366_ERC366;1995-11-11T00:00:00-02:00;11;11;1995;
1995-11-12;GM366_ERC366;1995-11-12T00:00:00-02:00;12;11;1995;
1995-11-13;GM366_ERC366;1995-11-13T00:00:00-02:00;13;11;1995;0,961
1995-11-14;GM366_ERC366;1995-11-14T00:00:00-02:00;14;11;1995;0,9618
1995-11-15;GM366_ERC366;1995-11-15T00:00:00-02:00;15;11;1995;
1995-11-16;GM366_ERC366;1995-11-16T00:00:00-02:00;16;11;1995;0,9618
1995-11-17;GM366_ERC366;1995-11-17T00:00:00-02:00;17;11;1995;0,9614
1995-11-18;GM366_ERC366;1995-11-18T00:00:00-02:00;18;11;1995;
1995-11-19;GM366_ERC366;1995-11-19T00:00:00-02:00;19;11;1995;
1995-11-20;GM366_ERC366;1995-11-20T00:00:00-02:00;20;11;1995;0,9616
1995-11-21;GM366_ERC366;1995-11-21T00:00:00-02:00;21;11;1995;0,9629
1995-11-22;GM366_ERC366;1995-11-22T00:00:00-02:00;22;11;1995;0,9638
1995-11-23;GM366_ERC366;1995-11-23T00:00:00-02:00;23;11;1995;0,9637
1995-11-24;GM366_ERC366;1995-11-24T00:00:00-02:00;24;11;1995;0,9645
1995-11-25;GM366_ERC366;1995-11-25T00:00:00-02:00;25;11;1995;
1995-11-26;GM366_ERC366;1995-11-26T00:00:00-02:00;26;11;1995;
1995-11-27;GM366_ERC366;1995-11-27T00:00:00-02:00;27;11;1995;0,9639
1995-11-28;GM366_ERC366;1995-11-28T00:00:00-02:00;28;11;1995;0,9638
1995-11-29;GM366_ERC366;1995-11-29T00:00:00-02:00;29;11;1995;0,9637
1995-11-30;GM366_ERC366;1995-11-30T00:00:00-02:00;30;11;1995;0,9656
1995-12-01;GM366_ERC366;1995-12-01T00:00:00-02:00;1;12;1995;0,9656
1995-12-02;GM366_ERC366;1995-12-02T00:00:00-02:00;2;12;1995;
1995-12-03;GM366_ERC366;1995-12-03T00:00:00-02:00;3;12;1995;
1995-12-04;GM366_ERC366;1995-12-04T00:00:00-02:00;4;12;1995;0,9656
1995-12-05;GM366_ERC366;1995-12-05T00:00:00-02:00;5;12;1995;0,9657
1995-12-06;GM366_ERC366;1995-12-06T00:00:00-02:00;6;12;1995;0,9657
1995-12-07;GM366_ERC366;1995-12-07T00:00:00-02:00;7;12;1995;0,9656
1995-12-08;GM366_ERC366;1995-12-08T00:00:00-02:00;8;12;1995;0,9657
1995-12-09;GM366_ERC366;1995-12-09T00:00:00-02:00;9;12;1995;
1995-12-10;GM366_ERC366;1995-12-10T00:00:00-02:00;10;12;1995;
1995-12-11;GM366_ERC366;1995-12-11T00:00:00-02:00;11;12;1995;0,9657
1995-12-12;GM366_ERC366;1995-12-12T00:00:00-02:00;12;12;1995;0,9658
1995-12-13;GM366_ERC366;1995-12-13T00:00:00-02:00;13;12;1995;0,9661
1995-12-14;GM366_ERC366;1995-12-14T00:00:00-02:00;14;12;1995;0,9663
1995-12-15;GM366_ERC366;1995-12-15T00:00:00-02:00;15;12;1995;0,9667
1995-12-16;GM366_ERC366;1995-12-16T00:00:00-02:00;16;12;1995;
1995-12-17;GM366_ERC366;1995-12-17T00:00:00-02:00;17;12;1995;
1995-12-18;GM366_ERC366;1995-12-18T00:00:00-02:00;18;12;1995;0,9671
1995-12-19;GM366_ERC366;1995-12-19T00:00:00-02:00;19;12;1995;0,9666
1995-12-20;GM366_ERC366;1995-12-20T00:00:00-02:00;20;12;1995;0,9677
1995-12-21;GM366_ERC366;1995-12-21T00:00:00-02:00;21;12;1995;0,9684
1995-12-22;GM366_ERC366;1995-12-22T00:00:00-02:00;22;12;1995;0,9692
1995-12-23;GM366_ERC366;1995-12-23T00:00:00-02:00;23;12;1995;
1995-12-24;GM366_ERC366;1995-12-24T00:00:00-02:00;24;12;1995;
1995-12-25;GM366_ERC366;1995-12-25T00:00:00-02:00;25;12;1995;
1995-12-26;GM366_ERC366;1995-12-26T00:00:00-02:00;26;12;1995;0,9692
1995-12-27;GM366_ERC366;1995-12-27T00:00:00-02:00;27;12;1995;0,9699
1995-12-28;GM366_ERC366;1995-12-28T00:00:00-02:00;28;12;1995;0,9716
1995-12-29;GM366_ERC366;1995-12-29T00:00:00-02:00;29;12;1995;0,9715
1995-12-30;GM366_ERC366;1995-12-30T00:00:00-02:00;30;12;1995;
1995-12-31;GM366_ERC366;1995-12-31T00:00:00-02:00;31;12;1995;
1996-01-01;GM366_ERC366;1996-01-01T00:00:00-02:00;1;1;1996;
1996-01-02;GM366_ERC366;1996-01-02T00:00:00-02:00;2;1;1996;0,9716
1996-01-03;GM366_ERC366;1996-01-03T00:00:00-02:00;3;1;1996;0,9717
1996-01-04;GM366_ERC366;1996-01-04T00:00:00-02:00;4;1;1996;0,9718
1996-01-05;GM366_ERC366;1996-01-05T00:00:00-02:00;5;1;1996;0,9717
1996-01-06;GM366_ERC366;1996-01-06T00:00:00-02:00;6;1;1996;
1996-01-07;GM366_ERC366;1996-01-07T00:00:00-02:00;7;1;1996;
1996-01-08;GM366_ERC366;1996-01-08T00:00:00-02:00;8;1;1996;0,9716
1996-01-09;GM366_ERC366;1996-01-09T00:00:00-02:00;9;1;1996;0,9716
1996-01-10;GM366_ERC366;1996-01-10T00:00:00-02:00;10;1;1996;0,9716
1996-01-11;GM366_ERC366;1996-01-11T00:00:00-02:00;11;1;1996;0,972
1996-01-12;GM366_ERC366;1996-01-12T00:00:00-02:00;12;1;1996;0,9724
1996-01-13;GM366_ERC366;1996-01-13T00:00:00-02:00;13;1;1996;
1996-01-14;GM366_ERC366;1996-01-14T00:00:00-02:00;14;1;1996;
1996-01-15;GM366_ERC366;1996-01-15T00:00:00-02:00;15;1;1996;0,9717
1996-01-16;GM366_ERC366;1996-01-16T00:00:00-02:00;16;1;1996;0,9716
1996-01-17;GM366_ERC366;1996-01-17T00:00:00-02:00;17;1;1996;0,9717
1996-01-18;GM366_ERC366;1996-01-18T00:00:00-02:00;18;1;1996;0,9719
1996-01-19;GM366_ERC366;1996-01-19T00:00:00-02:00;19;1;1996;0,9722
1996-01-20;GM366_ERC366;1996-01-20T00:00:00-02:00;20;1;1996;
1996-01-21;GM366_ERC366;1996-01-21T00:00:00-02:00;21;1;1996;
1996-01-22;GM366_ERC366;1996-01-22T00:00:00-02:00;22;1;1996;0,9736
1996-01-23;GM366_ERC366;1996-01-23T00:00:00-02:00;23;1;1996;0,9756
1996-01-24;GM366_ERC366;1996-01-24T00:00:00-02:00;24;1;1996;0,9759
1996-01-25;GM366_ERC366;1996-01-25T00:00:00-02:00;25;1;1996;0,9758
1996-01-26;GM366_ERC366;1996-01-26T00:00:00-02:00;26;1;1996;0,9774
1996-01-27;GM366_ERC366;1996-01-27T00:00:00-02:00;27;1;1996;
1996-01-28;GM366_ERC366;1996-01-28T00:00:00-02:00;28;1;1996;
1996-01-29;GM366_ERC366;1996-01-29T00:00:00-02:00;29;1;1996;0,9778
1996-01-30;GM366_ERC366;1996-01-30T00:00:00-02:00;30;1;1996;0,9777
1996-01-31;GM366_ERC366;1996-01-31T00:00:00-02:00;31;1;1996;0,9776
1996-02-01;GM366_ERC366;1996-02-01T00:00:00-02:00;1;2;1996;0,9776
1996-02-02;GM366_ERC366;1996-02-02T00:00:00-02:00;2;2;1996;0,9776
1996-02-03;GM366_ERC366;1996-02-03T00:00:00-02:00;3;2;1996;
1996-02-04;GM366_ERC366;1996-02-04T00:00:00-02:00;4;2;1996;
1996-02-05;GM366_ERC366;1996-02-05T00:00:00-02:00;5;2;1996;0,9777
1996-02-06;GM366_ERC366;1996-02-06T00:00:00-02:00;6;2;1996;0,9776
1996-02-07;GM366_ERC366;1996-02-07T00:00:00-02:00;7;2;1996;0,9778
1996-02-08;GM366_ERC366;1996-02-08T00:00:00-02:00;8;2;1996;0,9777
1996-02-09;GM366_ERC366;1996-02-09T00:00:00-02:00;9;2;1996;0,9778
1996-02-10;GM366_ERC366;1996-02-10T00:00:00-02:00;10;2;1996;
1996-02-11;GM366_ERC366;1996-02-11T00:00:00-03:00;11;2;1996;
1996-02-12;GM366_ERC366;1996-02-12T00:00:00-03:00;12;2;1996;0,9777
1996-02-13;GM366_ERC366;1996-02-13T00:00:00-03:00;13;2;1996;0,9796
1996-02-14;GM366_ERC366;1996-02-14T00:00:00-03:00;14;2;1996;0,9803
1996-02-15;GM366_ERC366;1996-02-15T00:00:00-03:00;15;2;1996;0,9824
1996-02-16;GM366_ERC366;1996-02-16T00:00:00-03:00;16;2;1996;0,9822
1996-02-17;GM366_ERC366;1996-02-17T00:00:00-03:00;17;2;1996;
1996-02-18;GM366_ERC366;1996-02-18T00:00:00-03:00;18;2;1996;
1996-02-19;GM366_ERC366;1996-02-19T00:00:00-03:00;19;2;1996;
1996-02-20;GM366_ERC366;1996-02-20T00:00:00-03:00;20;2;1996;
1996-02-21;GM366_ERC366;1996-02-21T00:00:00-03:00;21;2;1996;0,9813
1996-02-22;GM366_ERC366;1996-02-22T00:00:00-03:00;22;2;1996;0,9814
1996-02-23;GM366_ERC366;1996-02-23T00:00:00-03:00;23;2;1996;0,9812
1996-02-24;GM366_ERC366;1996-02-24T00:00:00-03:00;24;2;1996;
1996-02-25;GM366_ERC366;1996-02-25T00:00:00-03:00;25;2;1996;
1996-02-26;GM366_ERC366;1996-02-26T00:00:00-03:00;26;2;1996;0,9826
1996-02-27;GM366_ERC366;1996-02-27T00:00:00-03:00;27;2;1996;0,983
1996-02-28;GM366_ERC366;1996-02-28T00:00:00-03:00;28;2;1996;0,9828
1996-02-29;GM366_ERC366;1996-02-29T00:00:00-03:00;29;2;1996;0,9832
1996-03-01;GM366_ERC366;1996-03-01T00:00:00-03:00;1;3;1996;0,9832
1996-03-02;GM366_ERC366;1996-03-02T00:00:00-03:00;2;3;1996;
1996-03-03;GM366_ERC366;1996-03-03T00:00:00-03:00;3;3;1996;
1996-03-04;GM366_ERC366;1996-03-04T00:00:00-03:00;4;3;1996;0,9829
1996-03-05;GM366_ERC366;1996-03-05T00:00:00-03:00;5;3;1996;0,9829
1996-03-06;GM366_ERC366;1996-03-06T00:00:00-03:00;6;3;1996;0,9829
1996-03-07;GM366_ERC366;1996-03-07T00:00:00-03:00;7;3;1996;0,9837
1996-03-08;GM366_ERC366;1996-03-08T00:00:00-03:00;8;3;1996;0,9835
1996-03-09;GM366_ERC366;1996-03-09T00:00:00-03:00;9;3;1996;
1996-03-10;GM366_ERC366;1996-03-10T00:00:00-03:00;10;3;1996;
1996-03-11;GM366_ERC366;1996-03-11T00:00:00-03:00;11;3;1996;0,9835
1996-03-12;GM366_ERC366;1996-03-12T00:00:00-03:00;12;3;1996;0,9834
1996-03-13;GM366_ERC366;1996-03-13T00:00:00-03:00;13;3;1996;0,9846
1996-03-14;GM366_ERC366;1996-03-14T00:00:00-03:00;14;3;1996;0,9861
1996-03-15;GM366_ERC366;1996-03-15T00:00:00-03:00;15;3;1996;0,986
1996-03-16;GM366_ERC366;1996-03-16T00:00:00-03:00;16;3;1996;
1996-03-17;GM366_ERC366;1996-03-17T00:00:00-03:00;17;3;1996;
1996-03-18;GM366_ERC366;1996-03-18T00:00:00-03:00;18;3;1996;0,9858
1996-03-19;GM366_ERC366;1996-03-19T00:00:00-03:00;19;3;1996;0,986
1996-03-20;GM366_ERC366;1996-03-20T00:00:00-03:00;20;3;1996;0,9875
1996-03-21;GM366_ERC366;1996-03-21T00:00:00-03:00;21;3;1996;0,9866
1996-03-22;GM366_ERC366;1996-03-22T00:00:00-03:00;22;3;1996;0,9867
1996-03-23;GM366_ERC366;1996-03-23T00:00:00-03:00;23;3;1996;
1996-03-24;GM366_ERC366;1996-03-24T00:00:00-03:00;24;3;1996;
1996-03-25;GM366_ERC366;1996-03-25T00:00:00-03:00;25;3;1996;0,9871
1996-03-26;GM366_ERC366;1996-03-26T00:00:00-03:00;26;3;1996;0,9873
1996-03-27;GM366_ERC366;1996-03-27T00:00:00-03:00;27;3;1996;0,9875
1996-03-28;GM366_ERC366;1996-03-28T00:00:00-03:00;28;3;1996;0,9873
1996-03-29;GM366_ERC366;1996-03-29T00:00:00-03:00;29;3;1996;0,9872
1996-03-30;GM366_ERC366;1996-03-30T00:00:00-03:00;30;3;1996;
1996-03-31;GM366_ERC366;1996-03-31T00:00:00-03:00;31;3;1996;
1996-04-01;GM366_ERC366;1996-04-01T00:00:00-03:00;1;4;1996;0,9873
1996-04-02;GM366_ERC366;1996-04-02T00:00:00-03:00;2;4;1996;0,9867
1996-04-03;GM366_ERC366;1996-04-03T00:00:00-03:00;3;4;1996;0,9866
1996-04-04;GM366_ERC366;1996-04-04T00:00:00-03:00;4;4;1996;0,9866
1996-04-05;GM366_ERC366;1996-04-05T00:00:00-03:00;5;4;1996;
1996-04-06;GM366_ERC366;1996-04-06T00:00:00-03:00;6;4;1996;
1996-04-07;GM366_ERC366;1996-04-07T00:00:00-03:00;7;4;1996;
1996-04-08;GM366_ERC366;1996-04-08T00:00:00-03:00;8;4;1996;0,9867
1996-04-09;GM366_ERC366;1996-04-09T00:00:00-03:00;9;4;1996;0,9878
1996-04-10;GM366_ERC366;1996-04-10T00:00:00-03:00;10;4;1996;0,9888
1996-04-11;GM366_ERC366;1996-04-11T00:00:00-03:00;11;4;1996;0,99
1996-04-12;GM366_ERC366;1996-04-12T00:00:00-03:00;12;4;1996;0,9897
1996-04-13;GM366_ERC366;1996-04-13T00:00:00-03:00;13;4;1996;
1996-04-14;GM366_ERC366;1996-04-14T00:00:00-03:00;14;4;1996;
1996-04-15;GM366_ERC366;1996-04-15T00:00:00-03:00;15;4;1996;0,9891
1996-04-16;GM366_ERC366;1996-04-16T00:00:00-03:00;16;4;1996;0,9895
1996-04-17;GM366_ERC366;1996-04-17T00:00:00-03:00;17;4;1996;0,9892
1996-04-18;GM366_ERC366;1996-04-18T00:00:00-03:00;18;4;1996;0,9888
1996-04-19;GM366_ERC366;1996-04-19T00:00:00-03:00;19;4;1996;0,9907
1996-04-20;GM366_ERC366;1996-04-20T00:00:00-03:00;20;4;1996;
1996-04-21;GM366_ERC366;1996-04-21T00:00:00-03:00;21;4;1996;
1996-04-22;GM366_ERC366;1996-04-22T00:00:00-03:00;22;4;1996;0,9908
1996-04-23;GM366_ERC366;1996-04-23T00:00:00-03:00;23;4;1996;0,9907
1996-04-24;GM366_ERC366;1996-04-24T00:00:00-03:00;24;4;1996;0,9908
1996-04-25;GM366_ERC366;1996-04-25T00:00:00-03:00;25;4;1996;0,9909
1996-04-26;GM366_ERC366;1996-04-26T00:00:00-03:00;26;4;1996;0,9914
1996-04-27;GM366_ERC366;1996-04-27T00:00:00-03:00;27;4;1996;
1996-04-28;GM366_ERC366;1996-04-28T00:00:00-03:00;28;4;1996;
1996-04-29;GM366_ERC366;1996-04-29T00:00:00-03:00;29;4;1996;0,9918
1996-04-30;GM366_ERC366;1996-04-30T00:00:00-03:00;30;4;1996;0,9917
1996-05-01;GM366_ERC366;1996-05-01T00:00:00-03:00;1;5;1996;
1996-05-02;GM366_ERC366;1996-05-02T00:00:00-03:00;2;5;1996;0,9917
1996-05-03;GM366_ERC366;1996-05-03T00:00:00-03:00;3;5;1996;0,9918
1996-05-04;GM366_ERC366;1996-05-04T00:00:00-03:00;4;5;1996;
1996-05-05;GM366_ERC366;1996-05-05T00:00:00-03:00;5;5;1996;
1996-05-06;GM366_ERC366;1996-05-06T00:00:00-03:00;6;5;1996;0,9918
1996-05-07;GM366_ERC366;1996-05-07T00:00:00-03:00;7;5;1996;0,9919
1996-05-08;GM366_ERC366;1996-05-08T00:00:00-03:00;8;5;1996;0,992
1996-05-09;GM366_ERC366;1996-05-09T00:00:00-03:00;9;5;1996;0,9931
1996-05-10;GM366_ERC366;1996-05-10T00:00:00-03:00;10;5;1996;0,9938
1996-05-11;GM366_ERC366;1996-05-11T00:00:00-03:00;11;5;1996;
1996-05-12;GM366_ERC366;1996-05-12T00:00:00-03:00;12;5;1996;
1996-05-13;GM366_ERC366;1996-05-13T00:00:00-03:00;13;5;1996;0,9943
1996-05-14;GM366_ERC366;1996-05-14T00:00:00-03:00;14;5;1996;0,9952
1996-05-15;GM366_ERC366;1996-05-15T00:00:00-03:00;15;5;1996;0,995
1996-05-16;GM366_ERC366;1996-05-16T00:00:00-03:00;16;5;1996;0,9957
1996-05-17;GM366_ERC366;1996-05-17T00:00:00-03:00;17;5;1996;0,995
1996-05-18;GM366_ERC366;1996-05-18T00:00:00-03:00;18;5;1996;
1996-05-19;GM366_ERC366;1996-05-19T00:00:00-03:00;19;5;1996;
1996-05-20;GM366_ERC366;1996-05-20T00:00:00-03:00;20;5;1996;0,9948
1996-05-21;GM366_ERC366;1996-05-21T00:00:00-03:00;21;5;1996;0,9948
1996-05-22;GM366_ERC366;1996-05-22T00:00:00-03:00;22;5;1996;0,995
1996-05-23;GM366_ERC366;1996-05-23T00:00:00-03:00;23;5;1996;0,9954
1996-05-24;GM366_ERC366;1996-05-24T00:00:00-03:00;24;5;1996;0,996
1996-05-25;GM366_ERC366;1996-05-25T00:00:00-03:00;25;5;1996;
1996-05-26;GM366_ERC366;1996-05-26T00:00:00-03:00;26;5;1996;
1996-05-27;GM366_ERC366;1996-05-27T00:00:00-03:00;27;5;1996;0,9958
1996-05-28;GM366_ERC366;1996-05-28T00:00:00-03:00;28;5;1996;0,9957
1996-05-29;GM366_ERC366;1996-05-29T00:00:00-03:00;29;5;1996;0,9959
1996-05-30;GM366_ERC366;1996-05-30T00:00:00-03:00;30;5;1996;0,9963
1996-05-31;GM366_ERC366;1996-05-31T00:00:00-03:00;31;5;1996;0,9976
1996-06-01;GM366_ERC366;1996-06-01T00:00:00-03:00;1;6;1996;
1996-06-02;GM366_ERC366;1996-06-02T00:00:00-03:00;2;6;1996;
1996-06-03;GM366_ERC366;1996-06-03T00:00:00-03:00;3;6;1996;0,9978
1996-06-04;GM366_ERC366;1996-06-04T00:00:00-03:00;4;6;1996;0,9977
1996-06-05;GM366_ERC366;1996-06-05T00:00:00-03:00;5;6;1996;0,9979
1996-06-06;GM366_ERC366;1996-06-06T00:00:00-03:00;6;6;1996;
1996-06-07;GM366_ERC366;1996-06-07T00:00:00-03:00;7;6;1996;0,9981
1996-06-08;GM366_ERC366;1996-06-08T00:00:00-03:00;8;6;1996;
1996-06-09;GM366_ERC366;1996-06-09T00:00:00-03:00;9;6;1996;
1996-06-10;GM366_ERC366;1996-06-10T00:00:00-03:00;10;6;1996;0,999
1996-06-11;GM366_ERC366;1996-06-11T00:00:00-03:00;11;6;1996;0,9988
1996-06-12;GM366_ERC366;1996-06-12T00:00:00-03:00;12;6;1996;0,9999
1996-06-13;GM366_ERC366;1996-06-13T00:00:00-03:00;13;6;1996;0,9997
1996-06-14;GM366_ERC366;1996-06-14T00:00:00-03:00;14;6;1996;1,0007
1996-06-15;GM366_ERC366;1996-06-15T00:00:00-03:00;15;6;1996;
1996-06-16;GM366_ERC366;1996-06-16T00:00:00-03:00;16;6;1996;
1996-06-17;GM366_ERC366;1996-06-17T00:00:00-03:00;17;6;1996;1,0008
1996-06-18;GM366_ERC366;1996-06-18T00:00:00-03:00;18;6;1996;1,0008
1996-06-19;GM366_ERC366;1996-06-19T00:00:00-03:00;19;6;1996;1,0012
1996-06-20;GM366_ERC366;1996-06-20T00:00:00-03:00;20;6;1996;1,0017
1996-06-21;GM366_ERC366;1996-06-21T00:00:00-03:00;21;6;1996;1,0022
1996-06-22;GM366_ERC366;1996-06-22T00:00:00-03:00;22;6;1996;
1996-06-23;GM366_ERC366;1996-06-23T00:00:00-03:00;23;6;1996;
1996-06-24;GM366_ERC366;1996-06-24T00:00:00-03:00;24;6;1996;1,0022
1996-06-25;GM366_ERC366;1996-06-25T00:00:00-03:00;25;6;1996;1,0021
1996-06-26;GM366_ERC366;1996-06-26T00:00:00-03:00;26;6;1996;1,0031
1996-06-27;GM366_ERC366;1996-06-27T00:00:00-03:00;27;6;1996;1,0028
1996-06-28;GM366_ERC366;1996-06-28T00:00:00-03:00;28;6;1996;1,0036
1996-06-29;GM366_ERC366;1996-06-29T00:00:00-03:00;29;6;1996;
1996-06-30;GM366_ERC366;1996-06-30T00:00:00-03:00;30;6;1996;
1996-07-01;GM366_ERC366;1996-07-01T00:00:00-03:00;1;7;1996;1,0037
1996-07-02;GM366_ERC366;1996-07-02T00:00:00-03:00;2;7;1996;1,0044
1996-07-03;GM366_ERC366;1996-07-03T00:00:00-03:00;3;7;1996;1,0043
1996-07-04;GM366_ERC366;1996-07-04T00:00:00-03:00;4;7;1996;1,0041
1996-07-05;GM366_ERC366;1996-07-05T00:00:00-03:00;5;7;1996;1,004
1996-07-06;GM366_ERC366;1996-07-06T00:00:00-03:00;6;7;1996;
1996-07-07;GM366_ERC366;1996-07-07T00:00:00-03:00;7;7;1996;
1996-07-08;GM366_ERC366;1996-07-08T00:00:00-03:00;8;7;1996;1,0041
1996-07-09;GM366_ERC366;1996-07-09T00:00:00-03:00;9;7;1996;1,0047
1996-07-10;GM366_ERC366;1996-07-10T00:00:00-03:00;10;7;1996;1,0049
1996-07-11;GM366_ERC366;1996-07-11T00:00:00-03:00;11;7;1996;1,0048
1996-07-12;GM366_ERC366;1996-07-12T00:00:00-03:00;12;7;1996;1,0048
1996-07-13;GM366_ERC366;1996-07-13T00:00:00-03:00;13;7;1996;
1996-07-14;GM366_ERC366;1996-07-14T00:00:00-03:00;14;7;1996;
1996-07-15;GM366_ERC366;1996-07-15T00:00:00-03:00;15;7;1996;1,0054
1996-07-16;GM366_ERC366;1996-07-16T00:00:00-03:00;16;7;1996;1,0057
1996-07-17;GM366_ERC366;1996-07-17T00:00:00-03:00;17;7;1996;1,0058
1996-07-18;GM366_ERC366;1996-07-18T00:00:00-03:00;18;7;1996;1,0063
1996-07-19;GM366_ERC366;1996-07-19T00:00:00-03:00;19;7;1996;1,0067
1996-07-20;GM366_ERC366;1996-07-20T00:00:00-03:00;20;7;1996;
1996-07-21;GM366_ERC366;1996-07-21T00:00:00-03:00;21;7;1996;
1996-07-22;GM366_ERC366;1996-07-22T00:00:00-03:00;22;7;1996;1,0069
1996-07-23;GM366_ERC366;1996-07-23T00:00:00-03:00;23;7;1996;1,007
1996-07-24;GM366_ERC366;1996-07-24T00:00:00-03:00;24;7;1996;1,0078
1996-07-25;GM366_ERC366;1996-07-25T00:00:00-03:00;25;7;1996;1,0079
1996-07-26;GM366_ERC366;1996-07-26T00:00:00-03:00;26;7;1996;1,0084
1996-07-27;GM366_ERC366;1996-07-27T00:00:00-03:00;27;7;1996;
1996-07-28;GM366_ERC366;1996-07-28T00:00:00-03:00;28;7;1996;
1996-07-29;GM366_ERC366;1996-07-29T00:00:00-03:00;29;7;1996;1,0091
1996-07-30;GM366_ERC366;1996-07-30T00:00:00-03:00;30;7;1996;1,0099
1996-07-31;GM366_ERC366;1996-07-31T00:00:00-03:00;31;7;1996;1,0104
1996-08-01;GM366_ERC366;1996-08-01T00:00:00-03:00;1;8;1996;1,01
1996-08-02;GM366_ERC366;1996-08-02T00:00:00-03:00;2;8;1996;1,0096
1996-08-03;GM366_ERC366;1996-08-03T00:00:00-03:00;3;8;1996;
1996-08-04;GM366_ERC366;1996-08-04T00:00:00-03:00;4;8;1996;
1996-08-05;GM366_ERC366;1996-08-05T00:00:00-03:00;5;8;1996;1,0093
1996-08-06;GM366_ERC366;1996-08-06T00:00:00-03:00;6;8;1996;1,0099
1996-08-07;GM366_ERC366;1996-08-07T00:00:00-03:00;7;8;1996;1,0108
1996-08-08;GM366_ERC366;1996-08-08T00:00:00-03:00;8;8;1996;1,0107
1996-08-09;GM366_ERC366;1996-08-09T00:00:00-03:00;9;8;1996;1,0111
1996-08-10;GM366_ERC366;1996-08-10T00:00:00-03:00;10;8;1996;
1996-08-11;GM366_ERC366;1996-08-11T00:00:00-03:00;11;8;1996;
1996-08-12;GM366_ERC366;1996-08-12T00:00:00-03:00;12;8;1996;1,0114
1996-08-13;GM366_ERC366;1996-08-13T00:00:00-03:00;13;8;1996;1,0118
1996-08-14;GM366_ERC366;1996-08-14T00:00:00-03:00;14;8;1996;1,0121
1996-08-15;GM366_ERC366;1996-08-15T00:00:00-03:00;15;8;1996;1,0122
1996-08-16;GM366_ERC366;1996-08-16T00:00:00-03:00;16;8;1996;1,0127
1996-08-17;GM366_ERC366;1996-08-17T00:00:00-03:00;17;8;1996;
1996-08-18;GM366_ERC366;1996-08-18T00:00:00-03:00;18;8;1996;
1996-08-19;GM366_ERC366;1996-08-19T00:00:00-03:00;19;8;1996;1,0128
1996-08-20;GM366_ERC366;1996-08-20T00:00:00-03:00;20;8;1996;1,0136
1996-08-21;GM366_ERC366;1996-08-21T00:00:00-03:00;21;8;1996;1,0139
1996-08-22;GM366_ERC366;1996-08-22T00:00:00-03:00;22;8;1996;1,014
1996-08-23;GM366_ERC366;1996-08-23T00:00:00-03:00;23;8;1996;1,0145
1996-08-24;GM366_ERC366;1996-08-24T00:00:00-03:00;24;8;1996;
1996-08-25;GM366_ERC366;1996-08-25T00:00:00-03:00;25;8;1996;
1996-08-26;GM366_ERC366;1996-08-26T00:00:00-03:00;26;8;1996;1,0147
1996-08-27;GM366_ERC366;1996-08-27T00:00:00-03:00;27;8;1996;1,0151
1996-08-28;GM366_ERC366;1996-08-28T00:00:00-03:00;28;8;1996;1,0153
1996-08-29;GM366_ERC366;1996-08-29T00:00:00-03:00;29;8;1996;1,0159
1996-08-30;GM366_ERC366;1996-08-30T00:00:00-03:00;30;8;1996;1,0161
1996-08-31;GM366_ERC366;1996-08-31T00:00:00-03:00;31;8;1996;
1996-09-01;GM366_ERC366;1996-09-01T00:00:00-03:00;1;9;1996;
1996-09-02;GM366_ERC366;1996-09-02T00:00:00-03:00;2;9;1996;1,0157
1996-09-03;GM366_ERC366;1996-09-03T00:00:00-03:00;3;9;1996;1,0159
1996-09-04;GM366_ERC366;1996-09-04T00:00:00-03:00;4;9;1996;1,0164
1996-09-05;GM366_ERC366;1996-09-05T00:00:00-03:00;5;9;1996;1,0166
1996-09-06;GM366_ERC366;1996-09-06T00:00:00-03:00;6;9;1996;1,0171
1996-09-07;GM366_ERC366;1996-09-07T00:00:00-03:00;7;9;1996;
1996-09-08;GM366_ERC366;1996-09-08T00:00:00-03:00;8;9;1996;
1996-09-09;GM366_ERC366;1996-09-09T00:00:00-03:00;9;9;1996;1,0182
1996-09-10;GM366_ERC366;1996-09-10T00:00:00-03:00;10;9;1996;1,0194
1996-09-11;GM366_ERC366;1996-09-11T00:00:00-03:00;11;9;1996;1,018
1996-09-12;GM366_ERC366;1996-09-12T00:00:00-03:00;12;9;1996;1,0189
1996-09-13;GM366_ERC366;1996-09-13T00:00:00-03:00;13;9;1996;1,0192
1996-09-14;GM366_ERC366;1996-09-14T00:00:00-03:00;14;9;1996;
1996-09-15;GM366_ERC366;1996-09-15T00:00:00-03:00;15;9;1996;
1996-09-16;GM366_ERC366;1996-09-16T00:00:00-03:00;16;9;1996;1,0184
1996-09-17;GM366_ERC366;1996-09-17T00:00:00-03:00;17;9;1996;1,0187
1996-09-18;GM366_ERC366;1996-09-18T00:00:00-03:00;18;9;1996;1,0188
1996-09-19;GM366_ERC366;1996-09-19T00:00:00-03:00;19;9;1996;1,0188
1996-09-20;GM366_ERC366;1996-09-20T00:00:00-03:00;20;9;1996;1,0191
1996-09-21;GM366_ERC366;1996-09-21T00:00:00-03:00;21;9;1996;
1996-09-22;GM366_ERC366;1996-09-22T00:00:00-03:00;22;9;1996;
1996-09-23;GM366_ERC366;1996-09-23T00:00:00-03:00;23;9;1996;1,0194
1996-09-24;GM366_ERC366;1996-09-24T00:00:00-03:00;24;9;1996;1,0194
1996-09-25;GM366_ERC366;1996-09-25T00:00:00-03:00;25;9;1996;1,0197
1996-09-26;GM366_ERC366;1996-09-26T00:00:00-03:00;26;9;1996;1,0197
1996-09-27;GM366_ERC366;1996-09-27T00:00:00-03:00;27;9;1996;1,0202
1996-09-28;GM366_ERC366;1996-09-28T00:00:00-03:00;28;9;1996;
1996-09-29;GM366_ERC366;1996-09-29T00:00:00-03:00;29;9;1996;
1996-09-30;GM366_ERC366;1996-09-30T00:00:00-03:00;30;9;1996;1,0207
1996-10-01;GM366_ERC366;1996-10-01T00:00:00-03:00;1;10;1996;1,0207
1996-10-02;GM366_ERC366;1996-10-02T00:00:00-03:00;2;10;1996;1,0207
1996-10-03;GM366_ERC366;1996-10-03T00:00:00-03:00;3;10;1996;
1996-10-04;GM366_ERC366;1996-10-04T00:00:00-03:00;4;10;1996;1,0212
1996-10-05;GM366_ERC366;1996-10-05T00:00:00-03:00;5;10;1996;
1996-10-06;GM366_ERC366;1996-10-06T00:00:00-03:00;6;10;1996;
1996-10-07;GM366_ERC366;1996-10-07T00:00:00-03:00;7;10;1996;1,0217
1996-10-08;GM366_ERC366;1996-10-08T00:00:00-03:00;8;10;1996;1,0217
1996-10-09;GM366_ERC366;1996-10-09T00:00:00-03:00;9;10;1996;1,0225
1996-10-10;GM366_ERC366;1996-10-10T00:00:00-03:00;10;10;1996;1,0239
1996-10-11;GM366_ERC366;1996-10-11T00:00:00-03:00;11;10;1996;1,0246
1996-10-12;GM366_ERC366;1996-10-12T00:00:00-03:00;12;10;1996;
1996-10-13;GM366_ERC366;1996-10-13T00:00:00-03:00;13;10;1996;
1996-10-14;GM366_ERC366;1996-10-14T00:00:00-03:00;14;10;1996;1,0239
1996-10-15;GM366_ERC366;1996-10-15T00:00:00-03:00;15;10;1996;1,0243
1996-10-16;GM366_ERC366;1996-10-16T00:00:00-03:00;16;10;1996;1,0245
1996-10-17;GM366_ERC366;1996-10-17T00:00:00-03:00;17;10;1996;1,0242
1996-10-18;GM366_ERC366;1996-10-18T00:00:00-03:00;18;10;1996;1,0244
1996-10-19;GM366_ERC366;1996-10-19T00:00:00-03:00;19;10;1996;
1996-10-20;GM366_ERC366;1996-10-20T00:00:00-03:00;20;10;1996;
1996-10-21;GM366_ERC366;1996-10-21T00:00:00-03:00;21;10;1996;1,0246
1996-10-22;GM366_ERC366;1996-10-22T00:00:00-03:00;22;10;1996;1,0255
1996-10-23;GM366_ERC366;1996-10-23T00:00:00-03:00;23;10;1996;1,0262
1996-10-24;GM366_ERC366;1996-10-24T00:00:00-03:00;24;10;1996;1,0256
1996-10-25;GM366_ERC366;1996-10-25T00:00:00-03:00;25;10;1996;1,0264
1996-10-26;GM366_ERC366;1996-10-26T00:00:00-03:00;26;10;1996;
1996-10-27;GM366_ERC366;1996-10-27T00:00:00-03:00;27;10;1996;
1996-10-28;GM366_ERC366;1996-10-28T00:00:00-03:00;28;10;1996;1,0271
1996-10-29;GM366_ERC366;1996-10-29T00:00:00-03:00;29;10;1996;1,0277
1996-10-30;GM366_ERC366;1996-10-30T00:00:00-03:00;30;10;1996;1,0267
1996-10-31;GM366_ERC366;1996-10-31T00:00:00-03:00;31;10;1996;1,0268
1996-11-01;GM366_ERC366;1996-11-01T00:00:00-03:00;1;11;1996;1,0272
1996-11-02;GM366_ERC366;1996-11-02T00:00:00-03:00;2;11;1996;
1996-11-03;GM366_ERC366;1996-11-03T00:00:00-03:00;3;11;1996;
1996-11-04;GM366_ERC366;1996-11-04T00:00:00-03:00;4;11;1996;1,0272
1996-11-05;GM366_ERC366;1996-11-05T00:00:00-03:00;5;11;1996;1,0272
1996-11-06;GM366_ERC366;1996-11-06T00:00:00-02:00;6;11;1996;1,0272
1996-11-07;GM366_ERC366;1996-11-07T00:00:00-02:00;7;11;1996;1,028
1996-11-08;GM366_ERC366;1996-11-08T00:00:00-02:00;8;11;1996;1,0287
1996-11-09;GM366_ERC366;1996-11-09T00:00:00-02:00;9;11;1996;
1996-11-10;GM366_ERC366;1996-11-10T00:00:00-02:00;10;11;1996;
1996-11-11;GM366_ERC366;1996-11-11T00:00:00-02:00;11;11;1996;1,0289
1996-11-12;GM366_ERC366;1996-11-12T00:00:00-02:00;12;11;1996;1,0303
1996-11-13;GM366_ERC366;1996-11-13T00:00:00-02:00;13;11;1996;1,0301
1996-11-14;GM366_ERC366;1996-11-14T00:00:00-02:00;14;11;1996;1,0297
1996-11-15;GM366_ERC366;1996-11-15T00:00:00-02:00;15;11;1996;
1996-11-16;GM366_ERC366;1996-11-16T00:00:00-02:00;16;11;1996;
1996-11-17;GM366_ERC366;1996-11-17T00:00:00-02:00;17;11;1996;
1996-11-18;GM366_ERC366;1996-11-18T00:00:00-02:00;18;11;1996;1,0296
1996-11-19;GM366_ERC366;1996-11-19T00:00:00-02:00;19;11;1996;1,0295
1996-11-20;GM366_ERC366;1996-11-20T00:00:00-02:00;20;11;1996;1,03
1996-11-21;GM366_ERC366;1996-11-21T00:00:00-02:00;21;11;1996;1,0303
1996-11-22;GM366_ERC366;1996-11-22T00:00:00-02:00;22;11;1996;1,0303
1996-11-23;GM366_ERC366;1996-11-23T00:00:00-02:00;23;11;1996;
1996-11-24;GM366_ERC366;1996-11-24T00:00:00-02:00;24;11;1996;
1996-11-25;GM366_ERC366;1996-11-25T00:00:00-02:00;25;11;1996;1,0303
1996-11-26;GM366_ERC366;1996-11-26T00:00:00-02:00;26;11;1996;1,0312
1996-11-27;GM366_ERC366;1996-11-27T00:00:00-02:00;27;11;1996;1,0316
1996-11-28;GM366_ERC366;1996-11-28T00:00:00-02:00;28;11;1996;1,032
1996-11-29;GM366_ERC366;1996-11-29T00:00:00-02:00;29;11;1996;1,0324
1996-11-30;GM366_ERC366;1996-11-30T00:00:00-02:00;30;11;1996;
1996-12-01;GM366_ERC366;1996-12-01T00:00:00-02:00;1;12;1996;
1996-12-02;GM366_ERC366;1996-12-02T00:00:00-02:00;2;12;1996;1,0323
1996-12-03;GM366_ERC366;1996-12-03T00:00:00-02:00;3;12;1996;1,0323
1996-12-04;GM366_ERC366;1996-12-04T00:00:00-02:00;4;12;1996;1,033
1996-12-05;GM366_ERC366;1996-12-05T00:00:00-02:00;5;12;1996;1,0338
1996-12-06;GM366_ERC366;1996-12-06T00:00:00-02:00;6;12;1996;1,0343
1996-12-07;GM366_ERC366;1996-12-07T00:00:00-02:00;7;12;1996;
1996-12-08;GM366_ERC366;1996-12-08T00:00:00-02:00;8;12;1996;
1996-12-09;GM366_ERC366;1996-12-09T00:00:00-02:00;9;12;1996;1,0342
1996-12-10;GM366_ERC366;1996-12-10T00:00:00-02:00;10;12;1996;1,0351
1996-12-11;GM366_ERC366;1996-12-11T00:00:00-02:00;11;12;1996;1,0361
1996-12-12;GM366_ERC366;1996-12-12T00:00:00-02:00;12;12;1996;1,0368
1996-12-13;GM366_ERC366;1996-12-13T00:00:00-02:00;13;12;1996;1,0373
1996-12-14;GM366_ERC366;1996-12-14T00:00:00-02:00;14;12;1996;
1996-12-15;GM366_ERC366;1996-12-15T00:00:00-02:00;15;12;1996;
1996-12-16;GM366_ERC366;1996-12-16T00:00:00-02:00;16;12;1996;1,0381
1996-12-17;GM366_ERC366;1996-12-17T00:00:00-02:00;17;12;1996;1,0399
1996-12-18;GM366_ERC366;1996-12-18T00:00:00-02:00;18;12;1996;1,0375
1996-12-19;GM366_ERC366;1996-12-19T00:00:00-02:00;19;12;1996;1,0376
1996-12-20;GM366_ERC366;1996-12-20T00:00:00-02:00;20;12;1996;1,0379
1996-12-21;GM366_ERC366;1996-12-21T00:00:00-02:00;21;12;1996;
1996-12-22;GM366_ERC366;1996-12-22T00:00:00-02:00;22;12;1996;
1996-12-23;GM366_ERC366;1996-12-23T00:00:00-02:00;23;12;1996;1,038
1996-12-24;GM366_ERC366;1996-12-24T00:00:00-02:00;24;12;1996;1,0382
1996-12-25;GM366_ERC366;1996-12-25T00:00:00-02:00;25;12;1996;
1996-12-26;GM366_ERC366;1996-12-26T00:00:00-02:00;26;12;1996;1,0381
1996-12-27;GM366_ERC366;1996-12-27T00:00:00-02:00;27;12;1996;1,0392
1996-12-28;GM366_ERC366;1996-12-28T00:00:00-02:00;28;12;1996;
1996-12-29;GM366_ERC366;1996-12-29T00:00:00-02:00;29;12;1996;
1996-12-30;GM366_ERC366;1996-12-30T00:00:00-02:00;30;12;1996;1,0386
1996-12-31;GM366_ERC366;1996-12-31T00:00:00-02:00;31;12;1996;1,0386
1997-01-01;GM366_ERC366;1997-01-01T00:00:00-02:00;1;1;1997;
1997-01-02;GM366_ERC366;1997-01-02T00:00:00-02:00;2;1;1997;1,0387
1997-01-03;GM366_ERC366;1997-01-03T00:00:00-02:00;3;1;1997;1,039
1997-01-04;GM366_ERC366;1997-01-04T00:00:00-02:00;4;1;1997;
1997-01-05;GM366_ERC366;1997-01-05T00:00:00-02:00;5;1;1997;
1997-01-06;GM366_ERC366;1997-01-06T00:00:00-02:00;6;1;1997;1,0397
1997-01-07;GM366_ERC366;1997-01-07T00:00:00-02:00;7;1;1997;1,0397
1997-01-08;GM366_ERC366;1997-01-08T00:00:00-02:00;8;1;1997;1,0402
1997-01-09;GM366_ERC366;1997-01-09T00:00:00-02:00;9;1;1997;1,0407
1997-01-10;GM366_ERC366;1997-01-10T00:00:00-02:00;10;1;1997;1,0406
1997-01-11;GM366_ERC366;1997-01-11T00:00:00-02:00;11;1;1997;
1997-01-12;GM366_ERC366;1997-01-12T00:00:00-02:00;12;1;1997;
1997-01-13;GM366_ERC366;1997-01-13T00:00:00-02:00;13;1;1997;1,0412
1997-01-14;GM366_ERC366;1997-01-14T00:00:00-02:00;14;1;1997;1,0414
1997-01-15;GM366_ERC366;1997-01-15T00:00:00-02:00;15;1;1997;1,0418
1997-01-16;GM366_ERC366;1997-01-16T00:00:00-02:00;16;1;1997;1,0428
1997-01-17;GM366_ERC366;1997-01-17T00:00:00-02:00;17;1;1997;1,0431
1997-01-18;GM366_ERC366;1997-01-18T00:00:00-02:00;18;1;1997;
1997-01-19;GM366_ERC366;1997-01-19T00:00:00-02:00;19;1;1997;
1997-01-20;GM366_ERC366;1997-01-20T00:00:00-02:00;20;1;1997;1,0424
1997-01-21;GM366_ERC366;1997-01-21T00:00:00-02:00;21;1;1997;1,0427
1997-01-22;GM366_ERC366;1997-01-22T00:00:00-02:00;22;1;1997;1,0428
1997-01-23;GM366_ERC366;1997-01-23T00:00:00-02:00;23;1;1997;1,043
1997-01-24;GM366_ERC366;1997-01-24T00:00:00-02:00;24;1;1997;1,0433
1997-01-25;GM366_ERC366;1997-01-25T00:00:00-02:00;25;1;1997;
1997-01-26;GM366_ERC366;1997-01-26T00:00:00-02:00;26;1;1997;
1997-01-27;GM366_ERC366;1997-01-27T00:00:00-02:00;27;1;1997;1,0433
1997-01-28;GM366_ERC366;1997-01-28T00:00:00-02:00;28;1;1997;1,0441
1997-01-29;GM366_ERC366;1997-01-29T00:00:00-02:00;29;1;1997;1,0448
1997-01-30;GM366_ERC366;1997-01-30T00:00:00-02:00;30;1;1997;1,0449
1997-01-31;GM366_ERC366;1997-01-31T00:00:00-02:00;31;1;1997;1,0453
1997-02-01;GM366_ERC366;1997-02-01T00:00:00-02:00;1;2;1997;
1997-02-02;GM366_ERC366;1997-02-02T00:00:00-02:00;2;2;1997;
1997-02-03;GM366_ERC366;1997-02-03T00:00:00-02:00;3;2;1997;1,0449
1997-02-04;GM366_ERC366;1997-02-04T00:00:00-02:00;4;2;1997;1,0455
1997-02-05;GM366_ERC366;1997-02-05T00:00:00-02:00;5;2;1997;1,0462
1997-02-06;GM366_ERC366;1997-02-06T00:00:00-02:00;6;2;1997;1,0464
1997-02-07;GM366_ERC366;1997-02-07T00:00:00-02:00;7;2;1997;1,0472
1997-02-08;GM366_ERC366;1997-02-08T00:00:00-02:00;8;2;1997;
1997-02-09;GM366_ERC366;1997-02-09T00:00:00-03:00;9;2;1997;
1997-02-10;GM366_ERC366;1997-02-10T00:00:00-03:00;10;2;1997;
1997-02-11;GM366_ERC366;1997-02-11T00:00:00-03:00;11;2;1997;
1997-02-12;GM366_ERC366;1997-02-12T00:00:00-03:00;12;2;1997;1,0468
1997-02-13;GM366_ERC366;1997-02-13T00:00:00-03:00;13;2;1997;1,0479
1997-02-14;GM366_ERC366;1997-02-14T00:00:00-03:00;14;2;1997;1,0487
1997-02-15;GM366_ERC366;1997-02-15T00:00:00-03:00;15;2;1997;
1997-02-16;GM366_ERC366;1997-02-16T00:00:00-03:00;16;2;1997;
1997-02-17;GM366_ERC366;1997-02-17T00:00:00-03:00;17;2;1997;1,0483
1997-02-18;GM366_ERC366;1997-02-18T00:00:00-03:00;18;2;1997;1,0487
1997-02-19;GM366_ERC366;1997-02-19T00:00:00-03:00;19;2;1997;1,0496
1997-02-20;GM366_ERC366;1997-02-20T00:00:00-03:00;20;2;1997;1,0497
1997-02-21;GM366_ERC366;1997-02-21T00:00:00-03:00;21;2;1997;1,05
1997-02-22;GM366_ERC366;1997-02-22T00:00:00-03:00;22;2;1997;
1997-02-23;GM366_ERC366;1997-02-23T00:00:00-03:00;23;2;1997;
1997-02-24;GM366_ERC366;1997-02-24T00:00:00-03:00;24;2;1997;1,0499
1997-02-25;GM366_ERC366;1997-02-25T00:00:00-03:00;25;2;1997;1,0503
1997-02-26;GM366_ERC366;1997-02-26T00:00:00-03:00;26;2;1997;1,0509
1997-02-27;GM366_ERC366;1997-02-27T00:00:00-03:00;27;2;1997;1,0507
1997-02-28;GM366_ERC366;1997-02-28T00:00:00-03:00;28;2;1997;1,0507
1997-03-01;GM366_ERC366;1997-03-01T00:00:00-03:00;1;3;1997;
1997-03-02;GM366_ERC366;1997-03-02T00:00:00-03:00;2;3;1997;
1997-03-03;GM366_ERC366;1997-03-03T00:00:00-03:00;3;3;1997;1,0507
1997-03-04;GM366_ERC366;1997-03-04T00:00:00-03:00;4;3;1997;1,0509
1997-03-05;GM366_ERC366;1997-03-05T00:00:00-03:00;5;3;1997;1,0518
1997-03-06;GM366_ERC366;1997-03-06T00:00:00-03:00;6;3;1997;1,0522
1997-03-07;GM366_ERC366;1997-03-07T00:00:00-03:00;7;3;1997;1,0524
1997-03-08;GM366_ERC366;1997-03-08T00:00:00-03:00;8;3;1997;
1997-03-09;GM366_ERC366;1997-03-09T00:00:00-03:00;9;3;1997;
1997-03-10;GM366_ERC366;1997-03-10T00:00:00-03:00;10;3;1997;1,0524
1997-03-11;GM366_ERC366;1997-03-11T00:00:00-03:00;11;3;1997;1,0531
1997-03-12;GM366_ERC366;1997-03-12T00:00:00-03:00;12;3;1997;1,0536
1997-03-13;GM366_ERC366;1997-03-13T00:00:00-03:00;13;3;1997;1,0549
1997-03-14;GM366_ERC366;1997-03-14T00:00:00-03:00;14;3;1997;1,0546
1997-03-15;GM366_ERC366;1997-03-15T00:00:00-03:00;15;3;1997;
1997-03-16;GM366_ERC366;1997-03-16T00:00:00-03:00;16;3;1997;
1997-03-17;GM366_ERC366;1997-03-17T00:00:00-03:00;17;3;1997;1,0574
1997-03-18;GM366_ERC366;1997-03-18T00:00:00-03:00;18;3;1997;1,0581
1997-03-19;GM366_ERC366;1997-03-19T00:00:00-03:00;19;3;1997;1,0597
1997-03-20;GM366_ERC366;1997-03-20T00:00:00-03:00;20;3;1997;1,0594
1997-03-21;GM366_ERC366;1997-03-21T00:00:00-03:00;21;3;1997;1,0603
1997-03-22;GM366_ERC366;1997-03-22T00:00:00-03:00;22;3;1997;
1997-03-23;GM366_ERC366;1997-03-23T00:00:00-03:00;23;3;1997;
1997-03-24;GM366_ERC366;1997-03-24T00:00:00-03:00;24;3;1997;1,0607
1997-03-25;GM366_ERC366;1997-03-25T00:00:00-03:00;25;3;1997;1,0604
1997-03-26;GM366_ERC366;1997-03-26T00:00:00-03:00;26;3;1997;1,0601
1997-03-27;GM366_ERC366;1997-03-27T00:00:00-03:00;27;3;1997;
1997-03-28;GM366_ERC366;1997-03-28T00:00:00-03:00;28;3;1997;
1997-03-29;GM366_ERC366;1997-03-29T00:00:00-03:00;29;3;1997;
1997-03-30;GM366_ERC366;1997-03-30T00:00:00-03:00;30;3;1997;
1997-03-31;GM366_ERC366;1997-03-31T00:00:00-03:00;31;3;1997;1,0585
1997-04-01;GM366_ERC366;1997-04-01T00:00:00-03:00;1;4;1997;1,0586
1997-04-02;GM366_ERC366;1997-04-02T00:00:00-03:00;2;4;1997;1,059
1997-04-03;GM366_ERC366;1997-04-03T00:00:00-03:00;3;4;1997;1,0576
1997-04-04;GM366_ERC366;1997-04-04T00:00:00-03:00;4;4;1997;1,0577
1997-04-05;GM366_ERC366;1997-04-05T00:00:00-03:00;5;4;1997;
1997-04-06;GM366_ERC366;1997-04-06T00:00:00-03:00;6;4;1997;
1997-04-07;GM366_ERC366;1997-04-07T00:00:00-03:00;7;4;1997;1,0582
1997-04-08;GM366_ERC366;1997-04-08T00:00:00-03:00;8;4;1997;1,058
1997-04-09;GM366_ERC366;1997-04-09T00:00:00-03:00;9;4;1997;1,0582
1997-04-10;GM366_ERC366;1997-04-10T00:00:00-03:00;10;4;1997;1,0581
1997-04-11;GM366_ERC366;1997-04-11T00:00:00-03:00;11;4;1997;1,0587
1997-04-12;GM366_ERC366;1997-04-12T00:00:00-03:00;12;4;1997;
1997-04-13;GM366_ERC366;1997-04-13T00:00:00-03:00;13;4;1997;
1997-04-14;GM366_ERC366;1997-04-14T00:00:00-03:00;14;4;1997;1,0592
1997-04-15;GM366_ERC366;1997-04-15T00:00:00-03:00;15;4;1997;1,0598
1997-04-16;GM366_ERC366;1997-04-16T00:00:00-03:00;16;4;1997;1,0603
1997-04-17;GM366_ERC366;1997-04-17T00:00:00-03:00;17;4;1997;1,0605
1997-04-18;GM366_ERC366;1997-04-18T00:00:00-03:00;18;4;1997;1,061
1997-04-19;GM366_ERC366;1997-04-19T00:00:00-03:00;19;4;1997;
1997-04-20;GM366_ERC366;1997-04-20T00:00:00-03:00;20;4;1997;
1997-04-21;GM366_ERC366;1997-04-21T00:00:00-03:00;21;4;1997;
1997-04-22;GM366_ERC366;1997-04-22T00:00:00-03:00;22;4;1997;1,0621
1997-04-23;GM366_ERC366;1997-04-23T00:00:00-03:00;23;4;1997;1,0625
1997-04-24;GM366_ERC366;1997-04-24T00:00:00-03:00;24;4;1997;1,0623
1997-04-25;GM366_ERC366;1997-04-25T00:00:00-03:00;25;4;1997;1,0624
1997-04-26;GM366_ERC366;1997-04-26T00:00:00-03:00;26;4;1997;
1997-04-27;GM366_ERC366;1997-04-27T00:00:00-03:00;27;4;1997;
1997-04-28;GM366_ERC366;1997-04-28T00:00:00-03:00;28;4;1997;1,0624
1997-04-29;GM366_ERC366;1997-04-29T00:00:00-03:00;29;4;1997;1,0625
1997-04-30;GM366_ERC366;1997-04-30T00:00:00-03:00;30;4;1997;1,063
1997-05-01;GM366_ERC366;1997-05-01T00:00:00-03:00;1;5;1997;
1997-05-02;GM366_ERC366;1997-05-02T00:00:00-03:00;2;5;1997;1,0635
1997-05-03;GM366_ERC366;1997-05-03T00:00:00-03:00;3;5;1997;
1997-05-04;GM366_ERC366;1997-05-04T00:00:00-03:00;4;5;1997;
1997-05-05;GM366_ERC366;1997-05-05T00:00:00-03:00;5;5;1997;1,0639
1997-05-06;GM366_ERC366;1997-05-06T00:00:00-03:00;6;5;1997;1,0642
1997-05-07;GM366_ERC366;1997-05-07T00:00:00-03:00;7;5;1997;1,0645
1997-05-08;GM366_ERC366;1997-05-08T00:00:00-03:00;8;5;1997;1,0643
1997-05-09;GM366_ERC366;1997-05-09T00:00:00-03:00;9;5;1997;1,0652
1997-05-10;GM366_ERC366;1997-05-10T00:00:00-03:00;10;5;1997;
1997-05-11;GM366_ERC366;1997-05-11T00:00:00-03:00;11;5;1997;
1997-05-12;GM366_ERC366;1997-05-12T00:00:00-03:00;12;5;1997;1,0665
1997-05-13;GM366_ERC366;1997-05-13T00:00:00-03:00;13;5;1997;1,0672
1997-05-14;GM366_ERC366;1997-05-14T00:00:00-03:00;14;5;1997;1,0675
1997-05-15;GM366_ERC366;1997-05-15T00:00:00-03:00;15;5;1997;1,067
1997-05-16;GM366_ERC366;1997-05-16T00:00:00-03:00;16;5;1997;1,0669
1997-05-17;GM366_ERC366;1997-05-17T00:00:00-03:00;17;5;1997;
1997-05-18;GM366_ERC366;1997-05-18T00:00:00-03:00;18;5;1997;
1997-05-19;GM366_ERC366;1997-05-19T00:00:00-03:00;19;5;1997;1,0672
1997-05-20;GM366_ERC366;1997-05-20T00:00:00-03:00;20;5;1997;1,0677
1997-05-21;GM366_ERC366;1997-05-21T00:00:00-03:00;21;5;1997;1,0681
1997-05-22;GM366_ERC366;1997-05-22T00:00:00-03:00;22;5;1997;1,069
1997-05-23;GM366_ERC366;1997-05-23T00:00:00-03:00;23;5;1997;1,0701
1997-05-24;GM366_ERC366;1997-05-24T00:00:00-03:00;24;5;1997;
1997-05-25;GM366_ERC366;1997-05-25T00:00:00-03:00;25;5;1997;
1997-05-26;GM366_ERC366;1997-05-26T00:00:00-03:00;26;5;1997;1,0713
1997-05-27;GM366_ERC366;1997-05-27T00:00:00-03:00;27;5;1997;1,072
1997-05-28;GM366_ERC366;1997-05-28T00:00:00-03:00;28;5;1997;1,0724
1997-05-29;GM366_ERC366;1997-05-29T00:00:00-03:00;29;5;1997;
1997-05-30;GM366_ERC366;1997-05-30T00:00:00-03:00;30;5;1997;1,0709
1997-05-31;GM366_ERC366;1997-05-31T00:00:00-03:00;31;5;1997;
1997-06-01;GM366_ERC366;1997-06-01T00:00:00-03:00;1;6;1997;
1997-06-02;GM366_ERC366;1997-06-02T00:00:00-03:00;2;6;1997;1,0701
1997-06-03;GM366_ERC366;1997-06-03T00:00:00-03:00;3;6;1997;1,0707
1997-06-04;GM366_ERC366;1997-06-04T00:00:00-03:00;4;6;1997;1,0718
1997-06-05;GM366_ERC366;1997-06-05T00:00:00-03:00;5;6;1997;1,072
1997-06-06;GM366_ERC366;1997-06-06T00:00:00-03:00;6;6;1997;1,072
1997-06-07;GM366_ERC366;1997-06-07T00:00:00-03:00;7;6;1997;
1997-06-08;GM366_ERC366;1997-06-08T00:00:00-03:00;8;6;1997;
1997-06-09;GM366_ERC366;1997-06-09T00:00:00-03:00;9;6;1997;1,0722
1997-06-10;GM366_ERC366;1997-06-10T00:00:00-03:00;10;6;1997;1,0721
1997-06-11;GM366_ERC366;1997-06-11T00:00:00-03:00;11;6;1997;1,0726
1997-06-12;GM366_ERC366;1997-06-12T00:00:00-03:00;12;6;1997;1,073
1997-06-13;GM366_ERC366;1997-06-13T00:00:00-03:00;13;6;1997;1,0737
1997-06-14;GM366_ERC366;1997-06-14T00:00:00-03:00;14;6;1997;
1997-06-15;GM366_ERC366;1997-06-15T00:00:00-03:00;15;6;1997;
1997-06-16;GM366_ERC366;1997-06-16T00:00:00-03:00;16;6;1997;1,0733
1997-06-17;GM366_ERC366;1997-06-17T00:00:00-03:00;17;6;1997;1,0733
1997-06-18;GM366_ERC366;1997-06-18T00:00:00-03:00;18;6;1997;1,0742
1997-06-19;GM366_ERC366;1997-06-19T00:00:00-03:00;19;6;1997;1,0749
1997-06-20;GM366_ERC366;1997-06-20T00:00:00-03:00;20;6;1997;1,0769
1997-06-21;GM366_ERC366;1997-06-21T00:00:00-03:00;21;6;1997;
1997-06-22;GM366_ERC366;1997-06-22T00:00:00-03:00;22;6;1997;
1997-06-23;GM366_ERC366;1997-06-23T00:00:00-03:00;23;6;1997;1,0761
1997-06-24;GM366_ERC366;1997-06-24T00:00:00-03:00;24;6;1997;1,0762
1997-06-25;GM366_ERC366;1997-06-25T00:00:00-03:00;25;6;1997;1,0761
1997-06-26;GM366_ERC366;1997-06-26T00:00:00-03:00;26;6;1997;1,076
1997-06-27;GM366_ERC366;1997-06-27T00:00:00-03:00;27;6;1997;1,0764
1997-06-28;GM366_ERC366;1997-06-28T00:00:00-03:00;28;6;1997;
1997-06-29;GM366_ERC366;1997-06-29T00:00:00-03:00;29;6;1997;
1997-06-30;GM366_ERC366;1997-06-30T00:00:00-03:00;30;6;1997;1,0761
1997-07-01;GM366_ERC366;1997-07-01T00:00:00-03:00;1;7;1997;1,0763
1997-07-02;GM366_ERC366;1997-07-02T00:00:00-03:00;2;7;1997;1,0765
1997-07-03;GM366_ERC366;1997-07-03T00:00:00-03:00;3;7;1997;1,077
1997-07-04;GM366_ERC366;1997-07-04T00:00:00-03:00;4;7;1997;1,0771
1997-07-05;GM366_ERC366;1997-07-05T00:00:00-03:00;5;7;1997;
1997-07-06;GM366_ERC366;1997-07-06T00:00:00-03:00;6;7;1997;
1997-07-07;GM366_ERC366;1997-07-07T00:00:00-03:00;7;7;1997;1,0773
1997-07-08;GM366_ERC366;1997-07-08T00:00:00-03:00;8;7;1997;1,0782
1997-07-09;GM366_ERC366;1997-07-09T00:00:00-03:00;9;7;1997;1,0788
1997-07-10;GM366_ERC366;1997-07-10T00:00:00-03:00;10;7;1997;1,0789
1997-07-11;GM366_ERC366;1997-07-11T00:00:00-03:00;11;7;1997;1,0795
1997-07-12;GM366_ERC366;1997-07-12T00:00:00-03:00;12;7;1997;
1997-07-13;GM366_ERC366;1997-07-13T00:00:00-03:00;13;7;1997;
1997-07-14;GM366_ERC366;1997-07-14T00:00:00-03:00;14;7;1997;1,0798
1997-07-15;GM366_ERC366;1997-07-15T00:00:00-03:00;15;7;1997;1,08
1997-07-16;GM366_ERC366;1997-07-16T00:00:00-03:00;16;7;1997;1,0803
1997-07-17;GM366_ERC366;1997-07-17T00:00:00-03:00;17;7;1997;1,0804
1997-07-18;GM366_ERC366;1997-07-18T00:00:00-03:00;18;7;1997;1,0808
1997-07-19;GM366_ERC366;1997-07-19T00:00:00-03:00;19;7;1997;
1997-07-20;GM366_ERC366;1997-07-20T00:00:00-03:00;20;7;1997;
1997-07-21;GM366_ERC366;1997-07-21T00:00:00-03:00;21;7;1997;1,0807
1997-07-22;GM366_ERC366;1997-07-22T00:00:00-03:00;22;7;1997;1,0809
1997-07-23;GM366_ERC366;1997-07-23T00:00:00-03:00;23;7;1997;1,0815
1997-07-24;GM366_ERC366;1997-07-24T00:00:00-03:00;24;7;1997;1,0814
1997-07-25;GM366_ERC366;1997-07-25T00:00:00-03:00;25;7;1997;1,0816
1997-07-26;GM366_ERC366;1997-07-26T00:00:00-03:00;26;7;1997;
1997-07-27;GM366_ERC366;1997-07-27T00:00:00-03:00;27;7;1997;
1997-07-28;GM366_ERC366;1997-07-28T00:00:00-03:00;28;7;1997;1,0819
1997-07-29;GM366_ERC366;1997-07-29T00:00:00-03:00;29;7;1997;1,0825
1997-07-30;GM366_ERC366;1997-07-30T00:00:00-03:00;30;7;1997;1,0826
1997-07-31;GM366_ERC366;1997-07-31T00:00:00-03:00;31;7;1997;1,0826
1997-08-01;GM366_ERC366;1997-08-01T00:00:00-03:00;1;8;1997;1,0827
1997-08-02;GM366_ERC366;1997-08-02T00:00:00-03:00;2;8;1997;
1997-08-03;GM366_ERC366;1997-08-03T00:00:00-03:00;3;8;1997;
1997-08-04;GM366_ERC366;1997-08-04T00:00:00-03:00;4;8;1997;1,0827
1997-08-05;GM366_ERC366;1997-08-05T00:00:00-03:00;5;8;1997;1,0835
1997-08-06;GM366_ERC366;1997-08-06T00:00:00-03:00;6;8;1997;1,0837
1997-08-07;GM366_ERC366;1997-08-07T00:00:00-03:00;7;8;1997;1,0843
1997-08-08;GM366_ERC366;1997-08-08T00:00:00-03:00;8;8;1997;1,085
1997-08-09;GM366_ERC366;1997-08-09T00:00:00-03:00;9;8;1997;
1997-08-10;GM366_ERC366;1997-08-10T00:00:00-03:00;10;8;1997;
1997-08-11;GM366_ERC366;1997-08-11T00:00:00-03:00;11;8;1997;1,085
1997-08-12;GM366_ERC366;1997-08-12T00:00:00-03:00;12;8;1997;1,0851
1997-08-13;GM366_ERC366;1997-08-13T00:00:00-03:00;13;8;1997;1,0855
1997-08-14;GM366_ERC366;1997-08-14T00:00:00-03:00;14;8;1997;1,0856
1997-08-15;GM366_ERC366;1997-08-15T00:00:00-03:00;15;8;1997;1,0865
1997-08-16;GM366_ERC366;1997-08-16T00:00:00-03:00;16;8;1997;
1997-08-17;GM366_ERC366;1997-08-17T00:00:00-03:00;17;8;1997;
1997-08-18;GM366_ERC366;1997-08-18T00:00:00-03:00;18;8;1997;1,0877
1997-08-19;GM366_ERC366;1997-08-19T00:00:00-03:00;19;8;1997;1,0886
1997-08-20;GM366_ERC366;1997-08-20T00:00:00-03:00;20;8;1997;1,0882
1997-08-21;GM366_ERC366;1997-08-21T00:00:00-03:00;21;8;1997;1,088
1997-08-22;GM366_ERC366;1997-08-22T00:00:00-03:00;22;8;1997;1,0904
1997-08-23;GM366_ERC366;1997-08-23T00:00:00-03:00;23;8;1997;
1997-08-24;GM366_ERC366;1997-08-24T00:00:00-03:00;24;8;1997;
1997-08-25;GM366_ERC366;1997-08-25T00:00:00-03:00;25;8;1997;1,0912
1997-08-26;GM366_ERC366;1997-08-26T00:00:00-03:00;26;8;1997;1,0917
1997-08-27;GM366_ERC366;1997-08-27T00:00:00-03:00;27;8;1997;1,0914
1997-08-28;GM366_ERC366;1997-08-28T00:00:00-03:00;28;8;1997;1,0908
1997-08-29;GM366_ERC366;1997-08-29T00:00:00-03:00;29;8;1997;1,0908
1997-08-30;GM366_ERC366;1997-08-30T00:00:00-03:00;30;8;1997;
1997-08-31;GM366_ERC366;1997-08-31T00:00:00-03:00;31;8;1997;
1997-09-01;GM366_ERC366;1997-09-01T00:00:00-03:00;1;9;1997;1,0906
1997-09-02;GM366_ERC366;1997-09-02T00:00:00-03:00;2;9;1997;1,0914
1997-09-03;GM366_ERC366;1997-09-03T00:00:00-03:00;3;9;1997;1,0917
1997-09-04;GM366_ERC366;1997-09-04T00:00:00-03:00;4;9;1997;1,0917
1997-09-05;GM366_ERC366;1997-09-05T00:00:00-03:00;5;9;1997;1,0921
1997-09-06;GM366_ERC366;1997-09-06T00:00:00-03:00;6;9;1997;
1997-09-07;GM366_ERC366;1997-09-07T00:00:00-03:00;7;9;1997;
1997-09-08;GM366_ERC366;1997-09-08T00:00:00-03:00;8;9;1997;1,0908
1997-09-09;GM366_ERC366;1997-09-09T00:00:00-03:00;9;9;1997;1,0907
1997-09-10;GM366_ERC366;1997-09-10T00:00:00-03:00;10;9;1997;1,091
1997-09-11;GM366_ERC366;1997-09-11T00:00:00-03:00;11;9;1997;1,0914
1997-09-12;GM366_ERC366;1997-09-12T00:00:00-03:00;12;9;1997;1,0917
1997-09-13;GM366_ERC366;1997-09-13T00:00:00-03:00;13;9;1997;
1997-09-14;GM366_ERC366;1997-09-14T00:00:00-03:00;14;9;1997;
1997-09-15;GM366_ERC366;1997-09-15T00:00:00-03:00;15;9;1997;1,0919
1997-09-16;GM366_ERC366;1997-09-16T00:00:00-03:00;16;9;1997;1,0924
1997-09-17;GM366_ERC366;1997-09-17T00:00:00-03:00;17;9;1997;1,093
1997-09-18;GM366_ERC366;1997-09-18T00:00:00-03:00;18;9;1997;1,0934
1997-09-19;GM366_ERC366;1997-09-19T00:00:00-03:00;19;9;1997;1,0935
1997-09-20;GM366_ERC366;1997-09-20T00:00:00-03:00;20;9;1997;
1997-09-21;GM366_ERC366;1997-09-21T00:00:00-03:00;21;9;1997;
1997-09-22;GM366_ERC366;1997-09-22T00:00:00-03:00;22;9;1997;1,0941
1997-09-23;GM366_ERC366;1997-09-23T00:00:00-03:00;23;9;1997;1,0944
1997-09-24;GM366_ERC366;1997-09-24T00:00:00-03:00;24;9;1997;1,0946
1997-09-25;GM366_ERC366;1997-09-25T00:00:00-03:00;25;9;1997;1,0947
1997-09-26;GM366_ERC366;1997-09-26T00:00:00-03:00;26;9;1997;1,0953
1997-09-27;GM366_ERC366;1997-09-27T00:00:00-03:00;27;9;1997;
1997-09-28;GM366_ERC366;1997-09-28T00:00:00-03:00;28;9;1997;
1997-09-29;GM366_ERC366;1997-09-29T00:00:00-03:00;29;9;1997;1,0954
1997-09-30;GM366_ERC366;1997-09-30T00:00:00-03:00;30;9;1997;1,0956
1997-10-01;GM366_ERC366;1997-10-01T00:00:00-03:00;1;10;1997;1,0959
1997-10-02;GM366_ERC366;1997-10-02T00:00:00-03:00;2;10;1997;1,0962
1997-10-03;GM366_ERC366;1997-10-03T00:00:00-03:00;3;10;1997;1,0963
1997-10-04;GM366_ERC366;1997-10-04T00:00:00-03:00;4;10;1997;
1997-10-05;GM366_ERC366;1997-10-05T00:00:00-03:00;5;10;1997;
1997-10-06;GM366_ERC366;1997-10-06T00:00:00-03:00;6;10;1997;1,0966
1997-10-07;GM366_ERC366;1997-10-07T00:00:00-03:00;7;10;1997;1,0969
1997-10-08;GM366_ERC366;1997-10-08T00:00:00-03:00;8;10;1997;1,0971
1997-10-09;GM366_ERC366;1997-10-09T00:00:00-03:00;9;10;1997;1,0974
1997-10-10;GM366_ERC366;1997-10-10T00:00:00-03:00;10;10;1997;1,0977
1997-10-11;GM366_ERC366;1997-10-11T00:00:00-03:00;11;10;1997;
1997-10-12;GM366_ERC366;1997-10-12T00:00:00-03:00;12;10;1997;
1997-10-13;GM366_ERC366;1997-10-13T00:00:00-03:00;13;10;1997;1,0977
1997-10-14;GM366_ERC366;1997-10-14T00:00:00-03:00;14;10;1997;1,098
1997-10-15;GM366_ERC366;1997-10-15T00:00:00-03:00;15;10;1997;1,0986
1997-10-16;GM366_ERC366;1997-10-16T00:00:00-03:00;16;10;1997;1,0988
1997-10-17;GM366_ERC366;1997-10-17T00:00:00-03:00;17;10;1997;1,0992
1997-10-18;GM366_ERC366;1997-10-18T00:00:00-03:00;18;10;1997;
1997-10-19;GM366_ERC366;1997-10-19T00:00:00-03:00;19;10;1997;
1997-10-20;GM366_ERC366;1997-10-20T00:00:00-03:00;20;10;1997;1,0995
1997-10-21;GM366_ERC366;1997-10-21T00:00:00-03:00;21;10;1997;1,0996
1997-10-22;GM366_ERC366;1997-10-22T00:00:00-03:00;22;10;1997;1,1
1997-10-23;GM366_ERC366;1997-10-23T00:00:00-03:00;23;10;1997;1,1001
1997-10-24;GM366_ERC366;1997-10-24T00:00:00-03:00;24;10;1997;1,1004
1997-10-25;GM366_ERC366;1997-10-25T00:00:00-03:00;25;10;1997;
1997-10-26;GM366_ERC366;1997-10-26T00:00:00-03:00;26;10;1997;
1997-10-27;GM366_ERC366;1997-10-27T00:00:00-03:00;27;10;1997;1,1019
1997-10-28;GM366_ERC366;1997-10-28T00:00:00-03:00;28;10;1997;1,1056
1997-10-29;GM366_ERC366;1997-10-29T00:00:00-03:00;29;10;1997;1,1016
1997-10-30;GM366_ERC366;1997-10-30T00:00:00-03:00;30;10;1997;1,1055
1997-10-31;GM366_ERC366;1997-10-31T00:00:00-03:00;31;10;1997;1,1023
1997-11-01;GM366_ERC366;1997-11-01T00:00:00-03:00;1;11;1997;
1997-11-02;GM366_ERC366;1997-11-02T00:00:00-03:00;2;11;1997;
1997-11-03;GM366_ERC366;1997-11-03T00:00:00-03:00;3;11;1997;1,1022
1997-11-04;GM366_ERC366;1997-11-04T00:00:00-03:00;4;11;1997;1,1033
1997-11-05;GM366_ERC366;1997-11-05T00:00:00-02:00;5;11;1997;1,1033
1997-11-06;GM366_ERC366;1997-11-06T00:00:00-02:00;6;11;1997;1,1061
1997-11-07;GM366_ERC366;1997-11-07T00:00:00-02:00;7;11;1997;1,1074
1997-11-08;GM366_ERC366;1997-11-08T00:00:00-02:00;8;11;1997;
1997-11-09;GM366_ERC366;1997-11-09T00:00:00-02:00;9;11;1997;
1997-11-10;GM366_ERC366;1997-11-10T00:00:00-02:00;10;11;1997;1,1045
1997-11-11;GM366_ERC366;1997-11-11T00:00:00-02:00;11;11;1997;1,1042
1997-11-12;GM366_ERC366;1997-11-12T00:00:00-02:00;12;11;1997;1,1056
1997-11-13;GM366_ERC366;1997-11-13T00:00:00-02:00;13;11;1997;1,1062
1997-11-14;GM366_ERC366;1997-11-14T00:00:00-02:00;14;11;1997;1,1074
1997-11-15;GM366_ERC366;1997-11-15T00:00:00-02:00;15;11;1997;
1997-11-16;GM366_ERC366;1997-11-16T00:00:00-02:00;16;11;1997;
1997-11-17;GM366_ERC366;1997-11-17T00:00:00-02:00;17;11;1997;1,1059
1997-11-18;GM366_ERC366;1997-11-18T00:00:00-02:00;18;11;1997;1,1058
1997-11-19;GM366_ERC366;1997-11-19T00:00:00-02:00;19;11;1997;1,1073
1997-11-20;GM366_ERC366;1997-11-20T00:00:00-02:00;20;11;1997;1,1073
1997-11-21;GM366_ERC366;1997-11-21T00:00:00-02:00;21;11;1997;1,1086
1997-11-22;GM366_ERC366;1997-11-22T00:00:00-02:00;22;11;1997;
1997-11-23;GM366_ERC366;1997-11-23T00:00:00-02:00;23;11;1997;
1997-11-24;GM366_ERC366;1997-11-24T00:00:00-02:00;24;11;1997;1,1089
1997-11-25;GM366_ERC366;1997-11-25T00:00:00-02:00;25;11;1997;1,1096
1997-11-26;GM366_ERC366;1997-11-26T00:00:00-02:00;26;11;1997;1,1096
1997-11-27;GM366_ERC366;1997-11-27T00:00:00-02:00;27;11;1997;1,1081
1997-11-28;GM366_ERC366;1997-11-28T00:00:00-02:00;28;11;1997;1,109
1997-11-29;GM366_ERC366;1997-11-29T00:00:00-02:00;29;11;1997;
1997-11-30;GM366_ERC366;1997-11-30T00:00:00-02:00;30;11;1997;
1997-12-01;GM366_ERC366;1997-12-01T00:00:00-02:00;1;12;1997;1,1088
1997-12-02;GM366_ERC366;1997-12-02T00:00:00-02:00;2;12;1997;1,1088
1997-12-03;GM366_ERC366;1997-12-03T00:00:00-02:00;3;12;1997;1,1096
1997-12-04;GM366_ERC366;1997-12-04T00:00:00-02:00;4;12;1997;1,1098
1997-12-05;GM366_ERC366;1997-12-05T00:00:00-02:00;5;12;1997;1,1097
1997-12-06;GM366_ERC366;1997-12-06T00:00:00-02:00;6;12;1997;
1997-12-07;GM366_ERC366;1997-12-07T00:00:00-02:00;7;12;1997;
1997-12-08;GM366_ERC366;1997-12-08T00:00:00-02:00;8;12;1997;1,1111
1997-12-09;GM366_ERC366;1997-12-09T00:00:00-02:00;9;12;1997;1,1114
1997-12-10;GM366_ERC366;1997-12-10T00:00:00-02:00;10;12;1997;1,1121
1997-12-11;GM366_ERC366;1997-12-11T00:00:00-02:00;11;12;1997;1,1143
1997-12-12;GM366_ERC366;1997-12-12T00:00:00-02:00;12;12;1997;1,1154
1997-12-13;GM366_ERC366;1997-12-13T00:00:00-02:00;13;12;1997;
1997-12-14;GM366_ERC366;1997-12-14T00:00:00-02:00;14;12;1997;
1997-12-15;GM366_ERC366;1997-12-15T00:00:00-02:00;15;12;1997;1,1135
1997-12-16;GM366_ERC366;1997-12-16T00:00:00-02:00;16;12;1997;1,1126
1997-12-17;GM366_ERC366;1997-12-17T00:00:00-02:00;17;12;1997;1,1133
1997-12-18;GM366_ERC366;1997-12-18T00:00:00-02:00;18;12;1997;1,1136
1997-12-19;GM366_ERC366;1997-12-19T00:00:00-02:00;19;12;1997;1,114
1997-12-20;GM366_ERC366;1997-12-20T00:00:00-02:00;20;12;1997;
1997-12-21;GM366_ERC366;1997-12-21T00:00:00-02:00;21;12;1997;
1997-12-22;GM366_ERC366;1997-12-22T00:00:00-02:00;22;12;1997;1,1143
1997-12-23;GM366_ERC366;1997-12-23T00:00:00-02:00;23;12;1997;1,1142
1997-12-24;GM366_ERC366;1997-12-24T00:00:00-02:00;24;12;1997;1,1142
1997-12-25;GM366_ERC366;1997-12-25T00:00:00-02:00;25;12;1997;
1997-12-26;GM366_ERC366;1997-12-26T00:00:00-02:00;26;12;1997;1,1143
1997-12-27;GM366_ERC366;1997-12-27T00:00:00-02:00;27;12;1997;
1997-12-28;GM366_ERC366;1997-12-28T00:00:00-02:00;28;12;1997;
1997-12-29;GM366_ERC366;1997-12-29T00:00:00-02:00;29;12;1997;1,1149
1997-12-30;GM366_ERC366;1997-12-30T00:00:00-02:00;30;12;1997;1,1156
1997-12-31;GM366_ERC366;1997-12-31T00:00:00-02:00;31;12;1997;1,1156
1998-01-01;GM366_ERC366;1998-01-01T00:00:00-02:00;1;1;1998;
1998-01-02;GM366_ERC366;1998-01-02T00:00:00-02:00;2;1;1998;1,1157
1998-01-03;GM366_ERC366;1998-01-03T00:00:00-02:00;3;1;1998;
1998-01-04;GM366_ERC366;1998-01-04T00:00:00-02:00;4;1;1998;
1998-01-05;GM366_ERC366;1998-01-05T00:00:00-02:00;5;1;1998;1,1157
1998-01-06;GM366_ERC366;1998-01-06T00:00:00-02:00;6;1;1998;1,1161
1998-01-07;GM366_ERC366;1998-01-07T00:00:00-02:00;7;1;1998;1,1167
1998-01-08;GM366_ERC366;1998-01-08T00:00:00-02:00;8;1;1998;1,1172
1998-01-09;GM366_ERC366;1998-01-09T00:00:00-02:00;9;1;1998;1,1176
1998-01-10;GM366_ERC366;1998-01-10T00:00:00-02:00;10;1;1998;
1998-01-11;GM366_ERC366;1998-01-11T00:00:00-02:00;11;1;1998;
1998-01-12;GM366_ERC366;1998-01-12T00:00:00-02:00;12;1;1998;1,1184
1998-01-13;GM366_ERC366;1998-01-13T00:00:00-02:00;13;1;1998;1,1179
1998-01-14;GM366_ERC366;1998-01-14T00:00:00-02:00;14;1;1998;1,1182
1998-01-15;GM366_ERC366;1998-01-15T00:00:00-02:00;15;1;1998;1,1198
1998-01-16;GM366_ERC366;1998-01-16T00:00:00-02:00;16;1;1998;1,1197
1998-01-17;GM366_ERC366;1998-01-17T00:00:00-02:00;17;1;1998;
1998-01-18;GM366_ERC366;1998-01-18T00:00:00-02:00;18;1;1998;
1998-01-19;GM366_ERC366;1998-01-19T00:00:00-02:00;19;1;1998;1,1193
1998-01-20;GM366_ERC366;1998-01-20T00:00:00-02:00;20;1;1998;1,1197
1998-01-21;GM366_ERC366;1998-01-21T00:00:00-02:00;21;1;1998;1,1199
1998-01-22;GM366_ERC366;1998-01-22T00:00:00-02:00;22;1;1998;1,1198
1998-01-23;GM366_ERC366;1998-01-23T00:00:00-02:00;23;1;1998;1,1207
1998-01-24;GM366_ERC366;1998-01-24T00:00:00-02:00;24;1;1998;
1998-01-25;GM366_ERC366;1998-01-25T00:00:00-02:00;25;1;1998;
1998-01-26;GM366_ERC366;1998-01-26T00:00:00-02:00;26;1;1998;1,1208
1998-01-27;GM366_ERC366;1998-01-27T00:00:00-02:00;27;1;1998;1,1216
1998-01-28;GM366_ERC366;1998-01-28T00:00:00-02:00;28;1;1998;1,1219
1998-01-29;GM366_ERC366;1998-01-29T00:00:00-02:00;29;1;1998;1,1222
1998-01-30;GM366_ERC366;1998-01-30T00:00:00-02:00;30;1;1998;1,1229
1998-01-31;GM366_ERC366;1998-01-31T00:00:00-02:00;31;1;1998;
1998-02-01;GM366_ERC366;1998-02-01T00:00:00-02:00;1;2;1998;
1998-02-02;GM366_ERC366;1998-02-02T00:00:00-02:00;2;2;1998;1,1228
1998-02-03;GM366_ERC366;1998-02-03T00:00:00-02:00;3;2;1998;1,1236
1998-02-04;GM366_ERC366;1998-02-04T00:00:00-02:00;4;2;1998;1,1237
1998-02-05;GM366_ERC366;1998-02-05T00:00:00-02:00;5;2;1998;1,1237
1998-02-06;GM366_ERC366;1998-02-06T00:00:00-02:00;6;2;1998;1,1246
1998-02-07;GM366_ERC366;1998-02-07T00:00:00-02:00;7;2;1998;
1998-02-08;GM366_ERC366;1998-02-08T00:00:00-02:00;8;2;1998;
1998-02-09;GM366_ERC366;1998-02-09T00:00:00-02:00;9;2;1998;1,1247
1998-02-10;GM366_ERC366;1998-02-10T00:00:00-02:00;10;2;1998;1,1256
1998-02-11;GM366_ERC366;1998-02-11T00:00:00-02:00;11;2;1998;1,1257
1998-02-12;GM366_ERC366;1998-02-12T00:00:00-02:00;12;2;1998;1,126
1998-02-13;GM366_ERC366;1998-02-13T00:00:00-02:00;13;2;1998;1,1268
1998-02-14;GM366_ERC366;1998-02-14T00:00:00-02:00;14;2;1998;
1998-02-15;GM366_ERC366;1998-02-15T00:00:00-03:00;15;2;1998;
1998-02-16;GM366_ERC366;1998-02-16T00:00:00-03:00;16;2;1998;1,1266
1998-02-17;GM366_ERC366;1998-02-17T00:00:00-03:00;17;2;1998;1,1276
1998-02-18;GM366_ERC366;1998-02-18T00:00:00-03:00;18;2;1998;1,1278
1998-02-19;GM366_ERC366;1998-02-19T00:00:00-03:00;19;2;1998;1,1284
1998-02-20;GM366_ERC366;1998-02-20T00:00:00-03:00;20;2;1998;1,1287
1998-02-21;GM366_ERC366;1998-02-21T00:00:00-03:00;21;2;1998;
1998-02-22;GM366_ERC366;1998-02-22T00:00:00-03:00;22;2;1998;
1998-02-23;GM366_ERC366;1998-02-23T00:00:00-03:00;23;2;1998;
1998-02-24;GM366_ERC366;1998-02-24T00:00:00-03:00;24;2;1998;
1998-02-25;GM366_ERC366;1998-02-25T00:00:00-03:00;25;2;1998;1,1289
1998-02-26;GM366_ERC366;1998-02-26T00:00:00-03:00;26;2;1998;1,129
1998-02-27;GM366_ERC366;1998-02-27T00:00:00-03:00;27;2;1998;1,1296
1998-02-28;GM366_ERC366;1998-02-28T00:00:00-03:00;28;2;1998;
1998-03-01;GM366_ERC366;1998-03-01T00:00:00-03:00;1;3;1998;
1998-03-02;GM366_ERC366;1998-03-02T00:00:00-03:00;2;3;1998;1,1297
1998-03-03;GM366_ERC366;1998-03-03T00:00:00-03:00;3;3;1998;1,1298
1998-03-04;GM366_ERC366;1998-03-04T00:00:00-03:00;4;3;1998;1,1306
1998-03-05;GM366_ERC366;1998-03-05T00:00:00-03:00;5;3;1998;1,1306
1998-03-06;GM366_ERC366;1998-03-06T00:00:00-03:00;6;3;1998;1,1307
1998-03-07;GM366_ERC366;1998-03-07T00:00:00-03:00;7;3;1998;
1998-03-08;GM366_ERC366;1998-03-08T00:00:00-03:00;8;3;1998;
1998-03-09;GM366_ERC366;1998-03-09T00:00:00-03:00;9;3;1998;1,1315
1998-03-10;GM366_ERC366;1998-03-10T00:00:00-03:00;10;3;1998;1,1316
1998-03-11;GM366_ERC366;1998-03-11T00:00:00-03:00;11;3;1998;1,1317
1998-03-12;GM366_ERC366;1998-03-12T00:00:00-03:00;12;3;1998;1,132
1998-03-13;GM366_ERC366;1998-03-13T00:00:00-03:00;13;3;1998;1,1326
1998-03-14;GM366_ERC366;1998-03-14T00:00:00-03:00;14;3;1998;
1998-03-15;GM366_ERC366;1998-03-15T00:00:00-03:00;15;3;1998;
1998-03-16;GM366_ERC366;1998-03-16T00:00:00-03:00;16;3;1998;1,1327
1998-03-17;GM366_ERC366;1998-03-17T00:00:00-03:00;17;3;1998;1,1327
1998-03-18;GM366_ERC366;1998-03-18T00:00:00-03:00;18;3;1998;1,1336
1998-03-19;GM366_ERC366;1998-03-19T00:00:00-03:00;19;3;1998;1,1336
1998-03-20;GM366_ERC366;1998-03-20T00:00:00-03:00;20;3;1998;1,1338
1998-03-21;GM366_ERC366;1998-03-21T00:00:00-03:00;21;3;1998;
1998-03-22;GM366_ERC366;1998-03-22T00:00:00-03:00;22;3;1998;
1998-03-23;GM366_ERC366;1998-03-23T00:00:00-03:00;23;3;1998;1,1341
1998-03-24;GM366_ERC366;1998-03-24T00:00:00-03:00;24;3;1998;1,1344
1998-03-25;GM366_ERC366;1998-03-25T00:00:00-03:00;25;3;1998;1,135
1998-03-26;GM366_ERC366;1998-03-26T00:00:00-03:00;26;3;1998;1,1352
1998-03-27;GM366_ERC366;1998-03-27T00:00:00-03:00;27;3;1998;1,1356
1998-03-28;GM366_ERC366;1998-03-28T00:00:00-03:00;28;3;1998;
1998-03-29;GM366_ERC366;1998-03-29T00:00:00-03:00;29;3;1998;
1998-03-30;GM366_ERC366;1998-03-30T00:00:00-03:00;30;3;1998;1,1357
1998-03-31;GM366_ERC366;1998-03-31T00:00:00-03:00;31;3;1998;1,1366
1998-04-01;GM366_ERC366;1998-04-01T00:00:00-03:00;1;4;1998;1,1367
1998-04-02;GM366_ERC366;1998-04-02T00:00:00-03:00;2;4;1998;1,1367
1998-04-03;GM366_ERC366;1998-04-03T00:00:00-03:00;3;4;1998;1,1376
1998-04-04;GM366_ERC366;1998-04-04T00:00:00-03:00;4;4;1998;
1998-04-05;GM366_ERC366;1998-04-05T00:00:00-03:00;5;4;1998;
1998-04-06;GM366_ERC366;1998-04-06T00:00:00-03:00;6;4;1998;1,138
1998-04-07;GM366_ERC366;1998-04-07T00:00:00-03:00;7;4;1998;1,138
1998-04-08;GM366_ERC366;1998-04-08T00:00:00-03:00;8;4;1998;1,1386
1998-04-09;GM366_ERC366;1998-04-09T00:00:00-03:00;9;4;1998;
1998-04-10;GM366_ERC366;1998-04-10T00:00:00-03:00;10;4;1998;
1998-04-11;GM366_ERC366;1998-04-11T00:00:00-03:00;11;4;1998;
1998-04-12;GM366_ERC366;1998-04-12T00:00:00-03:00;12;4;1998;
1998-04-13;GM366_ERC366;1998-04-13T00:00:00-03:00;13;4;1998;1,1389
1998-04-14;GM366_ERC366;1998-04-14T00:00:00-03:00;14;4;1998;1,1396
1998-04-15;GM366_ERC366;1998-04-15T00:00:00-03:00;15;4;1998;1,1399
1998-04-16;GM366_ERC366;1998-04-16T00:00:00-03:00;16;4;1998;1,1401
1998-04-17;GM366_ERC366;1998-04-17T00:00:00-03:00;17;4;1998;1,1406
1998-04-18;GM366_ERC366;1998-04-18T00:00:00-03:00;18;4;1998;
1998-04-19;GM366_ERC366;1998-04-19T00:00:00-03:00;19;4;1998;
1998-04-20;GM366_ERC366;1998-04-20T00:00:00-03:00;20;4;1998;1,141
1998-04-21;GM366_ERC366;1998-04-21T00:00:00-03:00;21;4;1998;
1998-04-22;GM366_ERC366;1998-04-22T00:00:00-03:00;22;4;1998;1,1417
1998-04-23;GM366_ERC366;1998-04-23T00:00:00-03:00;23;4;1998;1,142
1998-04-24;GM366_ERC366;1998-04-24T00:00:00-03:00;24;4;1998;1,1427
1998-04-25;GM366_ERC366;1998-04-25T00:00:00-03:00;25;4;1998;
1998-04-26;GM366_ERC366;1998-04-26T00:00:00-03:00;26;4;1998;
1998-04-27;GM366_ERC366;1998-04-27T00:00:00-03:00;27;4;1998;1,1433
1998-04-28;GM366_ERC366;1998-04-28T00:00:00-03:00;28;4;1998;1,1441
1998-04-29;GM366_ERC366;1998-04-29T00:00:00-03:00;29;4;1998;1,1445
1998-04-30;GM366_ERC366;1998-04-30T00:00:00-03:00;30;4;1998;1,1435
1998-05-01;GM366_ERC366;1998-05-01T00:00:00-03:00;1;5;1998;
1998-05-02;GM366_ERC366;1998-05-02T00:00:00-03:00;2;5;1998;
1998-05-03;GM366_ERC366;1998-05-03T00:00:00-03:00;3;5;1998;
1998-05-04;GM366_ERC366;1998-05-04T00:00:00-03:00;4;5;1998;1,1434
1998-05-05;GM366_ERC366;1998-05-05T00:00:00-03:00;5;5;1998;1,1441
1998-05-06;GM366_ERC366;1998-05-06T00:00:00-03:00;6;5;1998;1,1444
1998-05-07;GM366_ERC366;1998-05-07T00:00:00-03:00;7;5;1998;1,1443
1998-05-08;GM366_ERC366;1998-05-08T00:00:00-03:00;8;5;1998;1,1447
1998-05-09;GM366_ERC366;1998-05-09T00:00:00-03:00;9;5;1998;
1998-05-10;GM366_ERC366;1998-05-10T00:00:00-03:00;10;5;1998;
1998-05-11;GM366_ERC366;1998-05-11T00:00:00-03:00;11;5;1998;1,1451
1998-05-12;GM366_ERC366;1998-05-12T00:00:00-03:00;12;5;1998;1,1455
1998-05-13;GM366_ERC366;1998-05-13T00:00:00-03:00;13;5;1998;1,1466
1998-05-14;GM366_ERC366;1998-05-14T00:00:00-03:00;14;5;1998;1,1465
1998-05-15;GM366_ERC366;1998-05-15T00:00:00-03:00;15;5;1998;1,1464
1998-05-16;GM366_ERC366;1998-05-16T00:00:00-03:00;16;5;1998;
1998-05-17;GM366_ERC366;1998-05-17T00:00:00-03:00;17;5;1998;
1998-05-18;GM366_ERC366;1998-05-18T00:00:00-03:00;18;5;1998;1,1467
1998-05-19;GM366_ERC366;1998-05-19T00:00:00-03:00;19;5;1998;1,148
1998-05-20;GM366_ERC366;1998-05-20T00:00:00-03:00;20;5;1998;1,1481
1998-05-21;GM366_ERC366;1998-05-21T00:00:00-03:00;21;5;1998;1,1489
1998-05-22;GM366_ERC366;1998-05-22T00:00:00-03:00;22;5;1998;1,1507
1998-05-23;GM366_ERC366;1998-05-23T00:00:00-03:00;23;5;1998;
1998-05-24;GM366_ERC366;1998-05-24T00:00:00-03:00;24;5;1998;
1998-05-25;GM366_ERC366;1998-05-25T00:00:00-03:00;25;5;1998;1,1508
1998-05-26;GM366_ERC366;1998-05-26T00:00:00-03:00;26;5;1998;1,1523
1998-05-27;GM366_ERC366;1998-05-27T00:00:00-03:00;27;5;1998;1,1512
1998-05-28;GM366_ERC366;1998-05-28T00:00:00-03:00;28;5;1998;1,1492
1998-05-29;GM366_ERC366;1998-05-29T00:00:00-03:00;29;5;1998;1,1497
1998-05-30;GM366_ERC366;1998-05-30T00:00:00-03:00;30;5;1998;
1998-05-31;GM366_ERC366;1998-05-31T00:00:00-03:00;31;5;1998;
1998-06-01;GM366_ERC366;1998-06-01T00:00:00-03:00;1;6;1998;1,1512
1998-06-02;GM366_ERC366;1998-06-02T00:00:00-03:00;2;6;1998;1,1509
1998-06-03;GM366_ERC366;1998-06-03T00:00:00-03:00;3;6;1998;1,151
1998-06-04;GM366_ERC366;1998-06-04T00:00:00-03:00;4;6;1998;1,1509
1998-06-05;GM366_ERC366;1998-06-05T00:00:00-03:00;5;6;1998;1,1516
1998-06-06;GM366_ERC366;1998-06-06T00:00:00-03:00;6;6;1998;
1998-06-07;GM366_ERC366;1998-06-07T00:00:00-03:00;7;6;1998;
1998-06-08;GM366_ERC366;1998-06-08T00:00:00-03:00;8;6;1998;1,1521
1998-06-09;GM366_ERC366;1998-06-09T00:00:00-03:00;9;6;1998;1,1528
1998-06-10;GM366_ERC366;1998-06-10T00:00:00-03:00;10;6;1998;1,1538
1998-06-11;GM366_ERC366;1998-06-11T00:00:00-03:00;11;6;1998;
1998-06-12;GM366_ERC366;1998-06-12T00:00:00-03:00;12;6;1998;1,1545
1998-06-13;GM366_ERC366;1998-06-13T00:00:00-03:00;13;6;1998;
1998-06-14;GM366_ERC366;1998-06-14T00:00:00-03:00;14;6;1998;
1998-06-15;GM366_ERC366;1998-06-15T00:00:00-03:00;15;6;1998;1,1543
1998-06-16;GM366_ERC366;1998-06-16T00:00:00-03:00;16;6;1998;1,1541
1998-06-17;GM366_ERC366;1998-06-17T00:00:00-03:00;17;6;1998;1,1545
1998-06-18;GM366_ERC366;1998-06-18T00:00:00-03:00;18;6;1998;1,1549
1998-06-19;GM366_ERC366;1998-06-19T00:00:00-03:00;19;6;1998;1,1554
1998-06-20;GM366_ERC366;1998-06-20T00:00:00-03:00;20;6;1998;
1998-06-21;GM366_ERC366;1998-06-21T00:00:00-03:00;21;6;1998;
1998-06-22;GM366_ERC366;1998-06-22T00:00:00-03:00;22;6;1998;1,1546
1998-06-23;GM366_ERC366;1998-06-23T00:00:00-03:00;23;6;1998;1,1547
1998-06-24;GM366_ERC366;1998-06-24T00:00:00-03:00;24;6;1998;1,1551
1998-06-25;GM366_ERC366;1998-06-25T00:00:00-03:00;25;6;1998;1,1553
1998-06-26;GM366_ERC366;1998-06-26T00:00:00-03:00;26;6;1998;1,1556
1998-06-27;GM366_ERC366;1998-06-27T00:00:00-03:00;27;6;1998;
1998-06-28;GM366_ERC366;1998-06-28T00:00:00-03:00;28;6;1998;
1998-06-29;GM366_ERC366;1998-06-29T00:00:00-03:00;29;6;1998;1,1558
1998-06-30;GM366_ERC366;1998-06-30T00:00:00-03:00;30;6;1998;1,1561
1998-07-01;GM366_ERC366;1998-07-01T00:00:00-03:00;1;7;1998;1,1564
1998-07-02;GM366_ERC366;1998-07-02T00:00:00-03:00;2;7;1998;1,1564
1998-07-03;GM366_ERC366;1998-07-03T00:00:00-03:00;3;7;1998;1,1567
1998-07-04;GM366_ERC366;1998-07-04T00:00:00-03:00;4;7;1998;
1998-07-05;GM366_ERC366;1998-07-05T00:00:00-03:00;5;7;1998;
1998-07-06;GM366_ERC366;1998-07-06T00:00:00-03:00;6;7;1998;1,1575
1998-07-07;GM366_ERC366;1998-07-07T00:00:00-03:00;7;7;1998;1,1581
1998-07-08;GM366_ERC366;1998-07-08T00:00:00-03:00;8;7;1998;1,1589
1998-07-09;GM366_ERC366;1998-07-09T00:00:00-03:00;9;7;1998;1,1604
1998-07-10;GM366_ERC366;1998-07-10T00:00:00-03:00;10;7;1998;1,1604
1998-07-11;GM366_ERC366;1998-07-11T00:00:00-03:00;11;7;1998;
1998-07-12;GM366_ERC366;1998-07-12T00:00:00-03:00;12;7;1998;
1998-07-13;GM366_ERC366;1998-07-13T00:00:00-03:00;13;7;1998;1,1611
1998-07-14;GM366_ERC366;1998-07-14T00:00:00-03:00;14;7;1998;1,1626
1998-07-15;GM366_ERC366;1998-07-15T00:00:00-03:00;15;7;1998;1,1607
1998-07-16;GM366_ERC366;1998-07-16T00:00:00-03:00;16;7;1998;1,1613
1998-07-17;GM366_ERC366;1998-07-17T00:00:00-03:00;17;7;1998;1,1609
1998-07-18;GM366_ERC366;1998-07-18T00:00:00-03:00;18;7;1998;
1998-07-19;GM366_ERC366;1998-07-19T00:00:00-03:00;19;7;1998;
1998-07-20;GM366_ERC366;1998-07-20T00:00:00-03:00;20;7;1998;1,1599
1998-07-21;GM366_ERC366;1998-07-21T00:00:00-03:00;21;7;1998;1,1602
1998-07-22;GM366_ERC366;1998-07-22T00:00:00-03:00;22;7;1998;1,1612
1998-07-23;GM366_ERC366;1998-07-23T00:00:00-03:00;23;7;1998;1,1639
1998-07-24;GM366_ERC366;1998-07-24T00:00:00-03:00;24;7;1998;1,1647
1998-07-25;GM366_ERC366;1998-07-25T00:00:00-03:00;25;7;1998;
1998-07-26;GM366_ERC366;1998-07-26T00:00:00-03:00;26;7;1998;
1998-07-27;GM366_ERC366;1998-07-27T00:00:00-03:00;27;7;1998;1,1653
1998-07-28;GM366_ERC366;1998-07-28T00:00:00-03:00;28;7;1998;1,1627
1998-07-29;GM366_ERC366;1998-07-29T00:00:00-03:00;29;7;1998;1,1624
1998-07-30;GM366_ERC366;1998-07-30T00:00:00-03:00;30;7;1998;1,1616
1998-07-31;GM366_ERC366;1998-07-31T00:00:00-03:00;31;7;1998;1,1626
1998-08-01;GM366_ERC366;1998-08-01T00:00:00-03:00;1;8;1998;
1998-08-02;GM366_ERC366;1998-08-02T00:00:00-03:00;2;8;1998;
1998-08-03;GM366_ERC366;1998-08-03T00:00:00-03:00;3;8;1998;1,1635
1998-08-04;GM366_ERC366;1998-08-04T00:00:00-03:00;4;8;1998;1,1651
1998-08-05;GM366_ERC366;1998-08-05T00:00:00-03:00;5;8;1998;1,1663
1998-08-06;GM366_ERC366;1998-08-06T00:00:00-03:00;6;8;1998;1,1673
1998-08-07;GM366_ERC366;1998-08-07T00:00:00-03:00;7;8;1998;1,1675
1998-08-08;GM366_ERC366;1998-08-08T00:00:00-03:00;8;8;1998;
1998-08-09;GM366_ERC366;1998-08-09T00:00:00-03:00;9;8;1998;
1998-08-10;GM366_ERC366;1998-08-10T00:00:00-03:00;10;8;1998;1,1684
1998-08-11;GM366_ERC366;1998-08-11T00:00:00-03:00;11;8;1998;1,1681
1998-08-12;GM366_ERC366;1998-08-12T00:00:00-03:00;12;8;1998;1,1692
1998-08-13;GM366_ERC366;1998-08-13T00:00:00-03:00;13;8;1998;1,1708
1998-08-14;GM366_ERC366;1998-08-14T00:00:00-03:00;14;8;1998;1,1708
1998-08-15;GM366_ERC366;1998-08-15T00:00:00-03:00;15;8;1998;
1998-08-16;GM366_ERC366;1998-08-16T00:00:00-03:00;16;8;1998;
1998-08-17;GM366_ERC366;1998-08-17T00:00:00-03:00;17;8;1998;1,1722
1998-08-18;GM366_ERC366;1998-08-18T00:00:00-03:00;18;8;1998;1,1731
1998-08-19;GM366_ERC366;1998-08-19T00:00:00-03:00;19;8;1998;1,1734
1998-08-20;GM366_ERC366;1998-08-20T00:00:00-03:00;20;8;1998;1,173
1998-08-21;GM366_ERC366;1998-08-21T00:00:00-03:00;21;8;1998;1,1745
1998-08-22;GM366_ERC366;1998-08-22T00:00:00-03:00;22;8;1998;
1998-08-23;GM366_ERC366;1998-08-23T00:00:00-03:00;23;8;1998;
1998-08-24;GM366_ERC366;1998-08-24T00:00:00-03:00;24;8;1998;1,1742
1998-08-25;GM366_ERC366;1998-08-25T00:00:00-03:00;25;8;1998;1,1739
1998-08-26;GM366_ERC366;1998-08-26T00:00:00-03:00;26;8;1998;1,172
1998-08-27;GM366_ERC366;1998-08-27T00:00:00-03:00;27;8;1998;1,1745
1998-08-28;GM366_ERC366;1998-08-28T00:00:00-03:00;28;8;1998;1,1755
1998-08-29;GM366_ERC366;1998-08-29T00:00:00-03:00;29;8;1998;
1998-08-30;GM366_ERC366;1998-08-30T00:00:00-03:00;30;8;1998;
1998-08-31;GM366_ERC366;1998-08-31T00:00:00-03:00;31;8;1998;1,1761
1998-09-01;GM366_ERC366;1998-09-01T00:00:00-03:00;1;9;1998;1,1764
1998-09-02;GM366_ERC366;1998-09-02T00:00:00-03:00;2;9;1998;1,1766
1998-09-03;GM366_ERC366;1998-09-03T00:00:00-03:00;3;9;1998;1,1772
1998-09-04;GM366_ERC366;1998-09-04T00:00:00-03:00;4;9;1998;1,1776
1998-09-05;GM366_ERC366;1998-09-05T00:00:00-03:00;5;9;1998;
1998-09-06;GM366_ERC366;1998-09-06T00:00:00-03:00;6;9;1998;
1998-09-07;GM366_ERC366;1998-09-07T00:00:00-03:00;7;9;1998;
1998-09-08;GM366_ERC366;1998-09-08T00:00:00-03:00;8;9;1998;1,1761
1998-09-09;GM366_ERC366;1998-09-09T00:00:00-03:00;9;9;1998;1,1784
1998-09-10;GM366_ERC366;1998-09-10T00:00:00-03:00;10;9;1998;1,1786
1998-09-11;GM366_ERC366;1998-09-11T00:00:00-03:00;11;9;1998;1,1785
1998-09-12;GM366_ERC366;1998-09-12T00:00:00-03:00;12;9;1998;
1998-09-13;GM366_ERC366;1998-09-13T00:00:00-03:00;13;9;1998;
1998-09-14;GM366_ERC366;1998-09-14T00:00:00-03:00;14;9;1998;1,1795
1998-09-15;GM366_ERC366;1998-09-15T00:00:00-03:00;15;9;1998;1,179
1998-09-16;GM366_ERC366;1998-09-16T00:00:00-03:00;16;9;1998;1,1788
1998-09-17;GM366_ERC366;1998-09-17T00:00:00-03:00;17;9;1998;1,1793
1998-09-18;GM366_ERC366;1998-09-18T00:00:00-03:00;18;9;1998;1,18
1998-09-19;GM366_ERC366;1998-09-19T00:00:00-03:00;19;9;1998;
1998-09-20;GM366_ERC366;1998-09-20T00:00:00-03:00;20;9;1998;
1998-09-21;GM366_ERC366;1998-09-21T00:00:00-03:00;21;9;1998;1,1808
1998-09-22;GM366_ERC366;1998-09-22T00:00:00-03:00;22;9;1998;1,1822
1998-09-23;GM366_ERC366;1998-09-23T00:00:00-03:00;23;9;1998;1,183
1998-09-24;GM366_ERC366;1998-09-24T00:00:00-03:00;24;9;1998;1,1827
1998-09-25;GM366_ERC366;1998-09-25T00:00:00-03:00;25;9;1998;1,184
1998-09-26;GM366_ERC366;1998-09-26T00:00:00-03:00;26;9;1998;
1998-09-27;GM366_ERC366;1998-09-27T00:00:00-03:00;27;9;1998;
1998-09-28;GM366_ERC366;1998-09-28T00:00:00-03:00;28;9;1998;1,1841
1998-09-29;GM366_ERC366;1998-09-29T00:00:00-03:00;29;9;1998;1,1842
1998-09-30;GM366_ERC366;1998-09-30T00:00:00-03:00;30;9;1998;1,1848
1998-10-01;GM366_ERC366;1998-10-01T00:00:00-03:00;1;10;1998;1,1799
1998-10-02;GM366_ERC366;1998-10-02T00:00:00-03:00;2;10;1998;1,1829
1998-10-03;GM366_ERC366;1998-10-03T00:00:00-03:00;3;10;1998;
1998-10-04;GM366_ERC366;1998-10-04T00:00:00-03:00;4;10;1998;
1998-10-05;GM366_ERC366;1998-10-05T00:00:00-03:00;5;10;1998;1,1852
1998-10-06;GM366_ERC366;1998-10-06T00:00:00-03:00;6;10;1998;1,1841
1998-10-07;GM366_ERC366;1998-10-07T00:00:00-03:00;7;10;1998;1,1823
1998-10-08;GM366_ERC366;1998-10-08T00:00:00-03:00;8;10;1998;1,1838
1998-10-09;GM366_ERC366;1998-10-09T00:00:00-03:00;9;10;1998;1,1859
1998-10-10;GM366_ERC366;1998-10-10T00:00:00-03:00;10;10;1998;
1998-10-11;GM366_ERC366;1998-10-11T00:00:00-03:00;11;10;1998;
1998-10-12;GM366_ERC366;1998-10-12T00:00:00-03:00;12;10;1998;
1998-10-13;GM366_ERC366;1998-10-13T00:00:00-03:00;13;10;1998;1,1869
1998-10-14;GM366_ERC366;1998-10-14T00:00:00-03:00;14;10;1998;1,188
1998-10-15;GM366_ERC366;1998-10-15T00:00:00-03:00;15;10;1998;1,1878
1998-10-16;GM366_ERC366;1998-10-16T00:00:00-03:00;16;10;1998;1,1878
1998-10-17;GM366_ERC366;1998-10-17T00:00:00-03:00;17;10;1998;
1998-10-18;GM366_ERC366;1998-10-18T00:00:00-03:00;18;10;1998;
1998-10-19;GM366_ERC366;1998-10-19T00:00:00-03:00;19;10;1998;1,1891
1998-10-20;GM366_ERC366;1998-10-20T00:00:00-03:00;20;10;1998;1,1888
1998-10-21;GM366_ERC366;1998-10-21T00:00:00-03:00;21;10;1998;1,1891
1998-10-22;GM366_ERC366;1998-10-22T00:00:00-03:00;22;10;1998;1,1897
1998-10-23;GM366_ERC366;1998-10-23T00:00:00-03:00;23;10;1998;1,1903
1998-10-24;GM366_ERC366;1998-10-24T00:00:00-03:00;24;10;1998;
1998-10-25;GM366_ERC366;1998-10-25T00:00:00-03:00;25;10;1998;
1998-10-26;GM366_ERC366;1998-10-26T00:00:00-03:00;26;10;1998;1,1905
1998-10-27;GM366_ERC366;1998-10-27T00:00:00-03:00;27;10;1998;1,1914
1998-10-28;GM366_ERC366;1998-10-28T00:00:00-03:00;28;10;1998;1,1916
1998-10-29;GM366_ERC366;1998-10-29T00:00:00-03:00;29;10;1998;1,1914
1998-10-30;GM366_ERC366;1998-10-30T00:00:00-03:00;30;10;1998;1,1924
1998-10-31;GM366_ERC366;1998-10-31T00:00:00-03:00;31;10;1998;
1998-11-01;GM366_ERC366;1998-11-01T00:00:00-03:00;1;11;1998;
1998-11-02;GM366_ERC366;1998-11-02T00:00:00-03:00;2;11;1998;
1998-11-03;GM366_ERC366;1998-11-03T00:00:00-03:00;3;11;1998;1,1921
1998-11-04;GM366_ERC366;1998-11-04T00:00:00-02:00;4;11;1998;1,1908
1998-11-05;GM366_ERC366;1998-11-05T00:00:00-02:00;5;11;1998;1,1897
1998-11-06;GM366_ERC366;1998-11-06T00:00:00-02:00;6;11;1998;1,1876
1998-11-07;GM366_ERC366;1998-11-07T00:00:00-02:00;7;11;1998;
1998-11-08;GM366_ERC366;1998-11-08T00:00:00-02:00;8;11;1998;
1998-11-09;GM366_ERC366;1998-11-09T00:00:00-02:00;9;11;1998;1,1891
1998-11-10;GM366_ERC366;1998-11-10T00:00:00-02:00;10;11;1998;1,1903
1998-11-11;GM366_ERC366;1998-11-11T00:00:00-02:00;11;11;1998;1,19
1998-11-12;GM366_ERC366;1998-11-12T00:00:00-02:00;12;11;1998;1,1905
1998-11-13;GM366_ERC366;1998-11-13T00:00:00-02:00;13;11;1998;1,1907
1998-11-14;GM366_ERC366;1998-11-14T00:00:00-02:00;14;11;1998;
1998-11-15;GM366_ERC366;1998-11-15T00:00:00-02:00;15;11;1998;
1998-11-16;GM366_ERC366;1998-11-16T00:00:00-02:00;16;11;1998;1,1901
1998-11-17;GM366_ERC366;1998-11-17T00:00:00-02:00;17;11;1998;1,1901
1998-11-18;GM366_ERC366;1998-11-18T00:00:00-02:00;18;11;1998;1,1905
1998-11-19;GM366_ERC366;1998-11-19T00:00:00-02:00;19;11;1998;1,1924
1998-11-20;GM366_ERC366;1998-11-20T00:00:00-02:00;20;11;1998;1,1942
1998-11-21;GM366_ERC366;1998-11-21T00:00:00-02:00;21;11;1998;
1998-11-22;GM366_ERC366;1998-11-22T00:00:00-02:00;22;11;1998;
1998-11-23;GM366_ERC366;1998-11-23T00:00:00-02:00;23;11;1998;1,1966
1998-11-24;GM366_ERC366;1998-11-24T00:00:00-02:00;24;11;1998;1,197
1998-11-25;GM366_ERC366;1998-11-25T00:00:00-02:00;25;11;1998;1,1974
1998-11-26;GM366_ERC366;1998-11-26T00:00:00-02:00;26;11;1998;1,1984
1998-11-27;GM366_ERC366;1998-11-27T00:00:00-02:00;27;11;1998;1,1995
1998-11-28;GM366_ERC366;1998-11-28T00:00:00-02:00;28;11;1998;
1998-11-29;GM366_ERC366;1998-11-29T00:00:00-02:00;29;11;1998;
1998-11-30;GM366_ERC366;1998-11-30T00:00:00-02:00;30;11;1998;1,2004
1998-12-01;GM366_ERC366;1998-12-01T00:00:00-02:00;1;12;1998;1,2008
1998-12-02;GM366_ERC366;1998-12-02T00:00:00-02:00;2;12;1998;1,2005
1998-12-03;GM366_ERC366;1998-12-03T00:00:00-02:00;3;12;1998;1,2015
1998-12-04;GM366_ERC366;1998-12-04T00:00:00-02:00;4;12;1998;1,2018
1998-12-05;GM366_ERC366;1998-12-05T00:00:00-02:00;5;12;1998;
1998-12-06;GM366_ERC366;1998-12-06T00:00:00-02:00;6;12;1998;
1998-12-07;GM366_ERC366;1998-12-07T00:00:00-02:00;7;12;1998;1,2021
1998-12-08;GM366_ERC366;1998-12-08T00:00:00-02:00;8;12;1998;1,2027
1998-12-09;GM366_ERC366;1998-12-09T00:00:00-02:00;9;12;1998;1,2029
1998-12-10;GM366_ERC366;1998-12-10T00:00:00-02:00;10;12;1998;1,2026
1998-12-11;GM366_ERC366;1998-12-11T00:00:00-02:00;11;12;1998;1,2032
1998-12-12;GM366_ERC366;1998-12-12T00:00:00-02:00;12;12;1998;
1998-12-13;GM366_ERC366;1998-12-13T00:00:00-02:00;13;12;1998;
1998-12-14;GM366_ERC366;1998-12-14T00:00:00-02:00;14;12;1998;1,204
1998-12-15;GM366_ERC366;1998-12-15T00:00:00-02:00;15;12;1998;1,2044
1998-12-16;GM366_ERC366;1998-12-16T00:00:00-02:00;16;12;1998;1,2045
1998-12-17;GM366_ERC366;1998-12-17T00:00:00-02:00;17;12;1998;1,2057
1998-12-18;GM366_ERC366;1998-12-18T00:00:00-02:00;18;12;1998;1,206
1998-12-19;GM366_ERC366;1998-12-19T00:00:00-02:00;19;12;1998;
1998-12-20;GM366_ERC366;1998-12-20T00:00:00-02:00;20;12;1998;
1998-12-21;GM366_ERC366;1998-12-21T00:00:00-02:00;21;12;1998;1,2061
1998-12-22;GM366_ERC366;1998-12-22T00:00:00-02:00;22;12;1998;1,2066
1998-12-23;GM366_ERC366;1998-12-23T00:00:00-02:00;23;12;1998;1,207
1998-12-24;GM366_ERC366;1998-12-24T00:00:00-02:00;24;12;1998;1,2071
1998-12-25;GM366_ERC366;1998-12-25T00:00:00-02:00;25;12;1998;
1998-12-26;GM366_ERC366;1998-12-26T00:00:00-02:00;26;12;1998;
1998-12-27;GM366_ERC366;1998-12-27T00:00:00-02:00;27;12;1998;
1998-12-28;GM366_ERC366;1998-12-28T00:00:00-02:00;28;12;1998;1,2076
1998-12-29;GM366_ERC366;1998-12-29T00:00:00-02:00;29;12;1998;1,2076
1998-12-30;GM366_ERC366;1998-12-30T00:00:00-02:00;30;12;1998;1,2075
1998-12-31;GM366_ERC366;1998-12-31T00:00:00-02:00;31;12;1998;1,2079
1999-01-01;GM366_ERC366;1999-01-01T00:00:00-02:00;1;1;1999;
1999-01-02;GM366_ERC366;1999-01-02T00:00:00-02:00;2;1;1999;
1999-01-03;GM366_ERC366;1999-01-03T00:00:00-02:00;3;1;1999;
1999-01-04;GM366_ERC366;1999-01-04T00:00:00-02:00;4;1;1999;1,207
1999-01-05;GM366_ERC366;1999-01-05T00:00:00-02:00;5;1;1999;1,2077
1999-01-06;GM366_ERC366;1999-01-06T00:00:00-02:00;6;1;1999;1,2088
1999-01-07;GM366_ERC366;1999-01-07T00:00:00-02:00;7;1;1999;1,2093
1999-01-08;GM366_ERC366;1999-01-08T00:00:00-02:00;8;1;1999;1,2096
1999-01-09;GM366_ERC366;1999-01-09T00:00:00-02:00;9;1;1999;
1999-01-10;GM366_ERC366;1999-01-10T00:00:00-02:00;10;1;1999;
1999-01-11;GM366_ERC366;1999-01-11T00:00:00-02:00;11;1;1999;1,2101
1999-01-12;GM366_ERC366;1999-01-12T00:00:00-02:00;12;1;1999;1,2106
1999-01-13;GM366_ERC366;1999-01-13T00:00:00-02:00;13;1;1999;1,3185
1999-01-14;GM366_ERC366;1999-01-14T00:00:00-02:00;14;1;1999;1,3186
1999-01-15;GM366_ERC366;1999-01-15T00:00:00-02:00;15;1;1999;1,4651
1999-01-16;GM366_ERC366;1999-01-16T00:00:00-02:00;16;1;1999;
1999-01-17;GM366_ERC366;1999-01-17T00:00:00-02:00;17;1;1999;
1999-01-18;GM366_ERC366;1999-01-18T00:00:00-02:00;18;1;1999;1,5376
1999-01-19;GM366_ERC366;1999-01-19T00:00:00-02:00;19;1;1999;1,5572
1999-01-20;GM366_ERC366;1999-01-20T00:00:00-02:00;20;1;1999;1,5727
1999-01-21;GM366_ERC366;1999-01-21T00:00:00-02:00;21;1;1999;1,6594
1999-01-22;GM366_ERC366;1999-01-22T00:00:00-02:00;22;1;1999;1,7041
1999-01-23;GM366_ERC366;1999-01-23T00:00:00-02:00;23;1;1999;
1999-01-24;GM366_ERC366;1999-01-24T00:00:00-02:00;24;1;1999;
1999-01-25;GM366_ERC366;1999-01-25T00:00:00-02:00;25;1;1999;1,7598
1999-01-26;GM366_ERC366;1999-01-26T00:00:00-02:00;26;1;1999;1,8762
1999-01-27;GM366_ERC366;1999-01-27T00:00:00-02:00;27;1;1999;1,8878
1999-01-28;GM366_ERC366;1999-01-28T00:00:00-02:00;28;1;1999;1,9198
1999-01-29;GM366_ERC366;1999-01-29T00:00:00-02:00;29;1;1999;1,9824
1999-01-30;GM366_ERC366;1999-01-30T00:00:00-02:00;30;1;1999;
1999-01-31;GM366_ERC366;1999-01-31T00:00:00-02:00;31;1;1999;
1999-02-01;GM366_ERC366;1999-02-01T00:00:00-02:00;1;2;1999;1,963
1999-02-02;GM366_ERC366;1999-02-02T00:00:00-02:00;2;2;1999;1,7972
1999-02-03;GM366_ERC366;1999-02-03T00:00:00-02:00;3;2;1999;1,7701
1999-02-04;GM366_ERC366;1999-02-04T00:00:00-02:00;4;2;1999;1,8132
1999-02-05;GM366_ERC366;1999-02-05T00:00:00-02:00;5;2;1999;1,8309
1999-02-06;GM366_ERC366;1999-02-06T00:00:00-02:00;6;2;1999;
1999-02-07;GM366_ERC366;1999-02-07T00:00:00-02:00;7;2;1999;
1999-02-08;GM366_ERC366;1999-02-08T00:00:00-02:00;8;2;1999;1,8601
1999-02-09;GM366_ERC366;1999-02-09T00:00:00-02:00;9;2;1999;1,9325
1999-02-10;GM366_ERC366;1999-02-10T00:00:00-02:00;10;2;1999;1,8945
1999-02-11;GM366_ERC366;1999-02-11T00:00:00-02:00;11;2;1999;1,886
1999-02-12;GM366_ERC366;1999-02-12T00:00:00-02:00;12;2;1999;1,8976
1999-02-13;GM366_ERC366;1999-02-13T00:00:00-02:00;13;2;1999;
1999-02-14;GM366_ERC366;1999-02-14T00:00:00-03:00;14;2;1999;
1999-02-15;GM366_ERC366;1999-02-15T00:00:00-03:00;15;2;1999;
1999-02-16;GM366_ERC366;1999-02-16T00:00:00-03:00;16;2;1999;
1999-02-17;GM366_ERC366;1999-02-17T00:00:00-03:00;17;2;1999;1,9171
1999-02-18;GM366_ERC366;1999-02-18T00:00:00-03:00;18;2;1999;1,9021
1999-02-19;GM366_ERC366;1999-02-19T00:00:00-03:00;19;2;1999;1,92
1999-02-20;GM366_ERC366;1999-02-20T00:00:00-03:00;20;2;1999;
1999-02-21;GM366_ERC366;1999-02-21T00:00:00-03:00;21;2;1999;
1999-02-22;GM366_ERC366;1999-02-22T00:00:00-03:00;22;2;1999;1,9348
1999-02-23;GM366_ERC366;1999-02-23T00:00:00-03:00;23;2;1999;2,012
1999-02-24;GM366_ERC366;1999-02-24T00:00:00-03:00;24;2;1999;2,0025
1999-02-25;GM366_ERC366;1999-02-25T00:00:00-03:00;25;2;1999;2,0343
1999-02-26;GM366_ERC366;1999-02-26T00:00:00-03:00;26;2;1999;2,064
1999-02-27;GM366_ERC366;1999-02-27T00:00:00-03:00;27;2;1999;
1999-02-28;GM366_ERC366;1999-02-28T00:00:00-03:00;28;2;1999;
1999-03-01;GM366_ERC366;1999-03-01T00:00:00-03:00;1;3;1999;2,0276
1999-03-02;GM366_ERC366;1999-03-02T00:00:00-03:00;2;3;1999;2,13
1999-03-03;GM366_ERC366;1999-03-03T00:00:00-03:00;3;3;1999;2,1639
1999-03-04;GM366_ERC366;1999-03-04T00:00:00-03:00;4;3;1999;2,1014
1999-03-05;GM366_ERC366;1999-03-05T00:00:00-03:00;5;3;1999;1,9926
1999-03-06;GM366_ERC366;1999-03-06T00:00:00-03:00;6;3;1999;
1999-03-07;GM366_ERC366;1999-03-07T00:00:00-03:00;7;3;1999;
1999-03-08;GM366_ERC366;1999-03-08T00:00:00-03:00;8;3;1999;1,97
1999-03-09;GM366_ERC366;1999-03-09T00:00:00-03:00;9;3;1999;1,9048
1999-03-10;GM366_ERC366;1999-03-10T00:00:00-03:00;10;3;1999;1,8623
1999-03-11;GM366_ERC366;1999-03-11T00:00:00-03:00;11;3;1999;1,8776
1999-03-12;GM366_ERC366;1999-03-12T00:00:00-03:00;12;3;1999;1,9043
1999-03-13;GM366_ERC366;1999-03-13T00:00:00-03:00;13;3;1999;
1999-03-14;GM366_ERC366;1999-03-14T00:00:00-03:00;14;3;1999;
1999-03-15;GM366_ERC366;1999-03-15T00:00:00-03:00;15;3;1999;1,8817
1999-03-16;GM366_ERC366;1999-03-16T00:00:00-03:00;16;3;1999;1,8513
1999-03-17;GM366_ERC366;1999-03-17T00:00:00-03:00;17;3;1999;1,8769
1999-03-18;GM366_ERC366;1999-03-18T00:00:00-03:00;18;3;1999;1,8588
1999-03-19;GM366_ERC366;1999-03-19T00:00:00-03:00;19;3;1999;1,8499
1999-03-20;GM366_ERC366;1999-03-20T00:00:00-03:00;20;3;1999;
1999-03-21;GM366_ERC366;1999-03-21T00:00:00-03:00;21;3;1999;
1999-03-22;GM366_ERC366;1999-03-22T00:00:00-03:00;22;3;1999;1,8607
1999-03-23;GM366_ERC366;1999-03-23T00:00:00-03:00;23;3;1999;1,8508
1999-03-24;GM366_ERC366;1999-03-24T00:00:00-03:00;24;3;1999;1,842
1999-03-25;GM366_ERC366;1999-03-25T00:00:00-03:00;25;3;1999;1,8092
1999-03-26;GM366_ERC366;1999-03-26T00:00:00-03:00;26;3;1999;1,7742
1999-03-27;GM366_ERC366;1999-03-27T00:00:00-03:00;27;3;1999;
1999-03-28;GM366_ERC366;1999-03-28T00:00:00-03:00;28;3;1999;
1999-03-29;GM366_ERC366;1999-03-29T00:00:00-03:00;29;3;1999;1,7647
1999-03-30;GM366_ERC366;1999-03-30T00:00:00-03:00;30;3;1999;1,7326
1999-03-31;GM366_ERC366;1999-03-31T00:00:00-03:00;31;3;1999;1,7212
1999-04-01;GM366_ERC366;1999-04-01T00:00:00-03:00;1;4;1999;
1999-04-02;GM366_ERC366;1999-04-02T00:00:00-03:00;2;4;1999;
1999-04-03;GM366_ERC366;1999-04-03T00:00:00-03:00;3;4;1999;
1999-04-04;GM366_ERC366;1999-04-04T00:00:00-03:00;4;4;1999;
1999-04-05;GM366_ERC366;1999-04-05T00:00:00-03:00;5;4;1999;1,7243
1999-04-06;GM366_ERC366;1999-04-06T00:00:00-03:00;6;4;1999;1,7306
1999-04-07;GM366_ERC366;1999-04-07T00:00:00-03:00;7;4;1999;1,7287
1999-04-08;GM366_ERC366;1999-04-08T00:00:00-03:00;8;4;1999;1,7198
1999-04-09;GM366_ERC366;1999-04-09T00:00:00-03:00;9;4;1999;1,7082
1999-04-10;GM366_ERC366;1999-04-10T00:00:00-03:00;10;4;1999;
1999-04-11;GM366_ERC366;1999-04-11T00:00:00-03:00;11;4;1999;
1999-04-12;GM366_ERC366;1999-04-12T00:00:00-03:00;12;4;1999;1,7046
1999-04-13;GM366_ERC366;1999-04-13T00:00:00-03:00;13;4;1999;1,6712
1999-04-14;GM366_ERC366;1999-04-14T00:00:00-03:00;14;4;1999;1,6567
1999-04-15;GM366_ERC366;1999-04-15T00:00:00-03:00;15;4;1999;1,668
1999-04-16;GM366_ERC366;1999-04-16T00:00:00-03:00;16;4;1999;1,6692
1999-04-17;GM366_ERC366;1999-04-17T00:00:00-03:00;17;4;1999;
1999-04-18;GM366_ERC366;1999-04-18T00:00:00-03:00;18;4;1999;
1999-04-19;GM366_ERC366;1999-04-19T00:00:00-03:00;19;4;1999;1,6713
1999-04-20;GM366_ERC366;1999-04-20T00:00:00-03:00;20;4;1999;1,7093
1999-04-21;GM366_ERC366;1999-04-21T00:00:00-03:00;21;4;1999;
1999-04-22;GM366_ERC366;1999-04-22T00:00:00-03:00;22;4;1999;1,7006
1999-04-23;GM366_ERC366;1999-04-23T00:00:00-03:00;23;4;1999;1,6843
1999-04-24;GM366_ERC366;1999-04-24T00:00:00-03:00;24;4;1999;
1999-04-25;GM366_ERC366;1999-04-25T00:00:00-03:00;25;4;1999;
1999-04-26;GM366_ERC366;1999-04-26T00:00:00-03:00;26;4;1999;1,697
1999-04-27;GM366_ERC366;1999-04-27T00:00:00-03:00;27;4;1999;1,7061
1999-04-28;GM366_ERC366;1999-04-28T00:00:00-03:00;28;4;1999;1,6955
1999-04-29;GM366_ERC366;1999-04-29T00:00:00-03:00;29;4;1999;1,6668
1999-04-30;GM366_ERC366;1999-04-30T00:00:00-03:00;30;4;1999;1,6599
1999-05-01;GM366_ERC366;1999-05-01T00:00:00-03:00;1;5;1999;
1999-05-02;GM366_ERC366;1999-05-02T00:00:00-03:00;2;5;1999;
1999-05-03;GM366_ERC366;1999-05-03T00:00:00-03:00;3;5;1999;1,6727
1999-05-04;GM366_ERC366;1999-05-04T00:00:00-03:00;4;5;1999;1,6726
1999-05-05;GM366_ERC366;1999-05-05T00:00:00-03:00;5;5;1999;1,6839
1999-05-06;GM366_ERC366;1999-05-06T00:00:00-03:00;6;5;1999;1,6721
1999-05-07;GM366_ERC366;1999-05-07T00:00:00-03:00;7;5;1999;1,6704
1999-05-08;GM366_ERC366;1999-05-08T00:00:00-03:00;8;5;1999;
1999-05-09;GM366_ERC366;1999-05-09T00:00:00-03:00;9;5;1999;
1999-05-10;GM366_ERC366;1999-05-10T00:00:00-03:00;10;5;1999;1,651
1999-05-11;GM366_ERC366;1999-05-11T00:00:00-03:00;11;5;1999;1,646
1999-05-12;GM366_ERC366;1999-05-12T00:00:00-03:00;12;5;1999;1,6606
1999-05-13;GM366_ERC366;1999-05-13T00:00:00-03:00;13;5;1999;1,6502
1999-05-14;GM366_ERC366;1999-05-14T00:00:00-03:00;14;5;1999;1,6562
1999-05-15;GM366_ERC366;1999-05-15T00:00:00-03:00;15;5;1999;
1999-05-16;GM366_ERC366;1999-05-16T00:00:00-03:00;16;5;1999;
1999-05-17;GM366_ERC366;1999-05-17T00:00:00-03:00;17;5;1999;1,6662
1999-05-18;GM366_ERC366;1999-05-18T00:00:00-03:00;18;5;1999;1,6651
1999-05-19;GM366_ERC366;1999-05-19T00:00:00-03:00;19;5;1999;1,6628
1999-05-20;GM366_ERC366;1999-05-20T00:00:00-03:00;20;5;1999;1,6826
1999-05-21;GM366_ERC366;1999-05-21T00:00:00-03:00;21;5;1999;1,6955
1999-05-22;GM366_ERC366;1999-05-22T00:00:00-03:00;22;5;1999;
1999-05-23;GM366_ERC366;1999-05-23T00:00:00-03:00;23;5;1999;
1999-05-24;GM366_ERC366;1999-05-24T00:00:00-03:00;24;5;1999;1,6977
1999-05-25;GM366_ERC366;1999-05-25T00:00:00-03:00;25;5;1999;1,7472
1999-05-26;GM366_ERC366;1999-05-26T00:00:00-03:00;26;5;1999;1,7178
1999-05-27;GM366_ERC366;1999-05-27T00:00:00-03:00;27;5;1999;1,7129
1999-05-28;GM366_ERC366;1999-05-28T00:00:00-03:00;28;5;1999;1,7303
1999-05-29;GM366_ERC366;1999-05-29T00:00:00-03:00;29;5;1999;
1999-05-30;GM366_ERC366;1999-05-30T00:00:00-03:00;30;5;1999;
1999-05-31;GM366_ERC366;1999-05-31T00:00:00-03:00;31;5;1999;1,7232
1999-06-01;GM366_ERC366;1999-06-01T00:00:00-03:00;1;6;1999;1,7328
1999-06-02;GM366_ERC366;1999-06-02T00:00:00-03:00;2;6;1999;1,7534
1999-06-03;GM366_ERC366;1999-06-03T00:00:00-03:00;3;6;1999;
1999-06-04;GM366_ERC366;1999-06-04T00:00:00-03:00;4;6;1999;1,7357
1999-06-05;GM366_ERC366;1999-06-05T00:00:00-03:00;5;6;1999;
1999-06-06;GM366_ERC366;1999-06-06T00:00:00-03:00;6;6;1999;
1999-06-07;GM366_ERC366;1999-06-07T00:00:00-03:00;7;6;1999;1,7404
1999-06-08;GM366_ERC366;1999-06-08T00:00:00-03:00;8;6;1999;1,7471
1999-06-09;GM366_ERC366;1999-06-09T00:00:00-03:00;9;6;1999;1,7483
1999-06-10;GM366_ERC366;1999-06-10T00:00:00-03:00;10;6;1999;1,7589
1999-06-11;GM366_ERC366;1999-06-11T00:00:00-03:00;11;6;1999;1,7722
1999-06-12;GM366_ERC366;1999-06-12T00:00:00-03:00;12;6;1999;
1999-06-13;GM366_ERC366;1999-06-13T00:00:00-03:00;13;6;1999;
1999-06-14;GM366_ERC366;1999-06-14T00:00:00-03:00;14;6;1999;1,7775
1999-06-15;GM366_ERC366;1999-06-15T00:00:00-03:00;15;6;1999;1,7884
1999-06-16;GM366_ERC366;1999-06-16T00:00:00-03:00;16;6;1999;1,7667
1999-06-17;GM366_ERC366;1999-06-17T00:00:00-03:00;17;6;1999;1,7597
1999-06-18;GM366_ERC366;1999-06-18T00:00:00-03:00;18;6;1999;1,7477
1999-06-19;GM366_ERC366;1999-06-19T00:00:00-03:00;19;6;1999;
1999-06-20;GM366_ERC366;1999-06-20T00:00:00-03:00;20;6;1999;
1999-06-21;GM366_ERC366;1999-06-21T00:00:00-03:00;21;6;1999;1,7628
1999-06-22;GM366_ERC366;1999-06-22T00:00:00-03:00;22;6;1999;1,768
1999-06-23;GM366_ERC366;1999-06-23T00:00:00-03:00;23;6;1999;1,784
1999-06-24;GM366_ERC366;1999-06-24T00:00:00-03:00;24;6;1999;1,7995
1999-06-25;GM366_ERC366;1999-06-25T00:00:00-03:00;25;6;1999;1,7896
1999-06-26;GM366_ERC366;1999-06-26T00:00:00-03:00;26;6;1999;
1999-06-27;GM366_ERC366;1999-06-27T00:00:00-03:00;27;6;1999;
1999-06-28;GM366_ERC366;1999-06-28T00:00:00-03:00;28;6;1999;1,7892
1999-06-29;GM366_ERC366;1999-06-29T00:00:00-03:00;29;6;1999;1,7664
1999-06-30;GM366_ERC366;1999-06-30T00:00:00-03:00;30;6;1999;1,7687
1999-07-01;GM366_ERC366;1999-07-01T00:00:00-03:00;1;7;1999;1,7567
1999-07-02;GM366_ERC366;1999-07-02T00:00:00-03:00;2;7;1999;1,7698
1999-07-03;GM366_ERC366;1999-07-03T00:00:00-03:00;3;7;1999;
1999-07-04;GM366_ERC366;1999-07-04T00:00:00-03:00;4;7;1999;
1999-07-05;GM366_ERC366;1999-07-05T00:00:00-03:00;5;7;1999;1,7655
1999-07-06;GM366_ERC366;1999-07-06T00:00:00-03:00;6;7;1999;1,7746
1999-07-07;GM366_ERC366;1999-07-07T00:00:00-03:00;7;7;1999;1,7807
1999-07-08;GM366_ERC366;1999-07-08T00:00:00-03:00;8;7;1999;1,7903
1999-07-09;GM366_ERC366;1999-07-09T00:00:00-03:00;9;7;1999;1,8036
1999-07-10;GM366_ERC366;1999-07-10T00:00:00-03:00;10;7;1999;
1999-07-11;GM366_ERC366;1999-07-11T00:00:00-03:00;11;7;1999;
1999-07-12;GM366_ERC366;1999-07-12T00:00:00-03:00;12;7;1999;1,8182
1999-07-13;GM366_ERC366;1999-07-13T00:00:00-03:00;13;7;1999;1,8384
1999-07-14;GM366_ERC366;1999-07-14T00:00:00-03:00;14;7;1999;1,8101
1999-07-15;GM366_ERC366;1999-07-15T00:00:00-03:00;15;7;1999;1,8273
1999-07-16;GM366_ERC366;1999-07-16T00:00:00-03:00;16;7;1999;1,8099
1999-07-17;GM366_ERC366;1999-07-17T00:00:00-03:00;17;7;1999;
1999-07-18;GM366_ERC366;1999-07-18T00:00:00-03:00;18;7;1999;
1999-07-19;GM366_ERC366;1999-07-19T00:00:00-03:00;19;7;1999;1,7921
1999-07-20;GM366_ERC366;1999-07-20T00:00:00-03:00;20;7;1999;1,7974
1999-07-21;GM366_ERC366;1999-07-21T00:00:00-03:00;21;7;1999;1,8163
1999-07-22;GM366_ERC366;1999-07-22T00:00:00-03:00;22;7;1999;1,8163
1999-07-23;GM366_ERC366;1999-07-23T00:00:00-03:00;23;7;1999;1,8139
1999-07-24;GM366_ERC366;1999-07-24T00:00:00-03:00;24;7;1999;
1999-07-25;GM366_ERC366;1999-07-25T00:00:00-03:00;25;7;1999;
1999-07-26;GM366_ERC366;1999-07-26T00:00:00-03:00;26;7;1999;1,8195
1999-07-27;GM366_ERC366;1999-07-27T00:00:00-03:00;27;7;1999;1,8165
1999-07-28;GM366_ERC366;1999-07-28T00:00:00-03:00;28;7;1999;1,7907
1999-07-29;GM366_ERC366;1999-07-29T00:00:00-03:00;29;7;1999;1,7931
1999-07-30;GM366_ERC366;1999-07-30T00:00:00-03:00;30;7;1999;1,7884
1999-07-31;GM366_ERC366;1999-07-31T00:00:00-03:00;31;7;1999;
1999-08-01;GM366_ERC366;1999-08-01T00:00:00-03:00;1;8;1999;
1999-08-02;GM366_ERC366;1999-08-02T00:00:00-03:00;2;8;1999;1,8107
1999-08-03;GM366_ERC366;1999-08-03T00:00:00-03:00;3;8;1999;1,827
1999-08-04;GM366_ERC366;1999-08-04T00:00:00-03:00;4;8;1999;1,8209
1999-08-05;GM366_ERC366;1999-08-05T00:00:00-03:00;5;8;1999;1,8468
1999-08-06;GM366_ERC366;1999-08-06T00:00:00-03:00;6;8;1999;1,8485
1999-08-07;GM366_ERC366;1999-08-07T00:00:00-03:00;7;8;1999;
1999-08-08;GM366_ERC366;1999-08-08T00:00:00-03:00;8;8;1999;
1999-08-09;GM366_ERC366;1999-08-09T00:00:00-03:00;9;8;1999;1,8446
1999-08-10;GM366_ERC366;1999-08-10T00:00:00-03:00;10;8;1999;1,8721
1999-08-11;GM366_ERC366;1999-08-11T00:00:00-03:00;11;8;1999;1,8622
1999-08-12;GM366_ERC366;1999-08-12T00:00:00-03:00;12;8;1999;1,8503
1999-08-13;GM366_ERC366;1999-08-13T00:00:00-03:00;13;8;1999;1,8703
1999-08-14;GM366_ERC366;1999-08-14T00:00:00-03:00;14;8;1999;
1999-08-15;GM366_ERC366;1999-08-15T00:00:00-03:00;15;8;1999;
1999-08-16;GM366_ERC366;1999-08-16T00:00:00-03:00;16;8;1999;1,876
1999-08-17;GM366_ERC366;1999-08-17T00:00:00-03:00;17;8;1999;1,8812
1999-08-18;GM366_ERC366;1999-08-18T00:00:00-03:00;18;8;1999;1,8919
1999-08-19;GM366_ERC366;1999-08-19T00:00:00-03:00;19;8;1999;1,9163
1999-08-20;GM366_ERC366;1999-08-20T00:00:00-03:00;20;8;1999;1,9489
1999-08-21;GM366_ERC366;1999-08-21T00:00:00-03:00;21;8;1999;
1999-08-22;GM366_ERC366;1999-08-22T00:00:00-03:00;22;8;1999;
1999-08-23;GM366_ERC366;1999-08-23T00:00:00-03:00;23;8;1999;1,8698
1999-08-24;GM366_ERC366;1999-08-24T00:00:00-03:00;24;8;1999;1,9018
1999-08-25;GM366_ERC366;1999-08-25T00:00:00-03:00;25;8;1999;1,9303
1999-08-26;GM366_ERC366;1999-08-26T00:00:00-03:00;26;8;1999;1,9079
1999-08-27;GM366_ERC366;1999-08-27T00:00:00-03:00;27;8;1999;1,9235
1999-08-28;GM366_ERC366;1999-08-28T00:00:00-03:00;28;8;1999;
1999-08-29;GM366_ERC366;1999-08-29T00:00:00-03:00;29;8;1999;
1999-08-30;GM366_ERC366;1999-08-30T00:00:00-03:00;30;8;1999;1,9428
1999-08-31;GM366_ERC366;1999-08-31T00:00:00-03:00;31;8;1999;1,9151
1999-09-01;GM366_ERC366;1999-09-01T00:00:00-03:00;1;9;1999;1,9209
1999-09-02;GM366_ERC366;1999-09-02T00:00:00-03:00;2;9;1999;1,9236
1999-09-03;GM366_ERC366;1999-09-03T00:00:00-03:00;3;9;1999;1,9032
1999-09-04;GM366_ERC366;1999-09-04T00:00:00-03:00;4;9;1999;
1999-09-05;GM366_ERC366;1999-09-05T00:00:00-03:00;5;9;1999;
1999-09-06;GM366_ERC366;1999-09-06T00:00:00-03:00;6;9;1999;1,9051
1999-09-07;GM366_ERC366;1999-09-07T00:00:00-03:00;7;9;1999;
1999-09-08;GM366_ERC366;1999-09-08T00:00:00-03:00;8;9;1999;1,8975
1999-09-09;GM366_ERC366;1999-09-09T00:00:00-03:00;9;9;1999;1,8727
1999-09-10;GM366_ERC366;1999-09-10T00:00:00-03:00;10;9;1999;1,8613
1999-09-11;GM366_ERC366;1999-09-11T00:00:00-03:00;11;9;1999;
1999-09-12;GM366_ERC366;1999-09-12T00:00:00-03:00;12;9;1999;
1999-09-13;GM366_ERC366;1999-09-13T00:00:00-03:00;13;9;1999;1,8814
1999-09-14;GM366_ERC366;1999-09-14T00:00:00-03:00;14;9;1999;1,8915
1999-09-15;GM366_ERC366;1999-09-15T00:00:00-03:00;15;9;1999;1,8771
1999-09-16;GM366_ERC366;1999-09-16T00:00:00-03:00;16;9;1999;1,8786
1999-09-17;GM366_ERC366;1999-09-17T00:00:00-03:00;17;9;1999;1,8853
1999-09-18;GM366_ERC366;1999-09-18T00:00:00-03:00;18;9;1999;
1999-09-19;GM366_ERC366;1999-09-19T00:00:00-03:00;19;9;1999;
1999-09-20;GM366_ERC366;1999-09-20T00:00:00-03:00;20;9;1999;1,8737
1999-09-21;GM366_ERC366;1999-09-21T00:00:00-03:00;21;9;1999;1,8783
1999-09-22;GM366_ERC366;1999-09-22T00:00:00-03:00;22;9;1999;1,8898
1999-09-23;GM366_ERC366;1999-09-23T00:00:00-03:00;23;9;1999;1,8906
1999-09-24;GM366_ERC366;1999-09-24T00:00:00-03:00;24;9;1999;1,9136
1999-09-25;GM366_ERC366;1999-09-25T00:00:00-03:00;25;9;1999;
1999-09-26;GM366_ERC366;1999-09-26T00:00:00-03:00;26;9;1999;
1999-09-27;GM366_ERC366;1999-09-27T00:00:00-03:00;27;9;1999;1,9166
1999-09-28;GM366_ERC366;1999-09-28T00:00:00-03:00;28;9;1999;1,9385
1999-09-29;GM366_ERC366;1999-09-29T00:00:00-03:00;29;9;1999;1,9216
1999-09-30;GM366_ERC366;1999-09-30T00:00:00-03:00;30;9;1999;1,9215
1999-10-01;GM366_ERC366;1999-10-01T00:00:00-03:00;1;10;1999;1,9557
1999-10-02;GM366_ERC366;1999-10-02T00:00:00-03:00;2;10;1999;
1999-10-03;GM366_ERC366;1999-10-03T00:00:00-03:00;3;10;1999;
1999-10-04;GM366_ERC366;1999-10-04T00:00:00-03:00;4;10;1999;1,938
1999-10-05;GM366_ERC366;1999-10-05T00:00:00-03:00;5;10;1999;1,9517
1999-10-06;GM366_ERC366;1999-10-06T00:00:00-03:00;6;10;1999;1,9592
1999-10-07;GM366_ERC366;1999-10-07T00:00:00-03:00;7;10;1999;1,9331
1999-10-08;GM366_ERC366;1999-10-08T00:00:00-03:00;8;10;1999;1,9422
1999-10-09;GM366_ERC366;1999-10-09T00:00:00-03:00;9;10;1999;
1999-10-10;GM366_ERC366;1999-10-10T00:00:00-03:00;10;10;1999;
1999-10-11;GM366_ERC366;1999-10-11T00:00:00-03:00;11;10;1999;1,9542
1999-10-12;GM366_ERC366;1999-10-12T00:00:00-03:00;12;10;1999;
1999-10-13;GM366_ERC366;1999-10-13T00:00:00-03:00;13;10;1999;1,9579
1999-10-14;GM366_ERC366;1999-10-14T00:00:00-03:00;14;10;1999;1,964
1999-10-15;GM366_ERC366;1999-10-15T00:00:00-03:00;15;10;1999;1,9786
1999-10-16;GM366_ERC366;1999-10-16T00:00:00-03:00;16;10;1999;
1999-10-17;GM366_ERC366;1999-10-17T00:00:00-03:00;17;10;1999;
1999-10-18;GM366_ERC366;1999-10-18T00:00:00-03:00;18;10;1999;1,9821
1999-10-19;GM366_ERC366;1999-10-19T00:00:00-03:00;19;10;1999;1,9925
1999-10-20;GM366_ERC366;1999-10-20T00:00:00-03:00;20;10;1999;2,0017
1999-10-21;GM366_ERC366;1999-10-21T00:00:00-03:00;21;10;1999;1,9928
1999-10-22;GM366_ERC366;1999-10-22T00:00:00-03:00;22;10;1999;1,9826
1999-10-23;GM366_ERC366;1999-10-23T00:00:00-03:00;23;10;1999;
1999-10-24;GM366_ERC366;1999-10-24T00:00:00-03:00;24;10;1999;
1999-10-25;GM366_ERC366;1999-10-25T00:00:00-03:00;25;10;1999;1,9769
1999-10-26;GM366_ERC366;1999-10-26T00:00:00-03:00;26;10;1999;1,9861
1999-10-27;GM366_ERC366;1999-10-27T00:00:00-03:00;27;10;1999;1,9946
1999-10-28;GM366_ERC366;1999-10-28T00:00:00-03:00;28;10;1999;1,9781
1999-10-29;GM366_ERC366;1999-10-29T00:00:00-03:00;29;10;1999;1,9522
1999-10-30;GM366_ERC366;1999-10-30T00:00:00-03:00;30;10;1999;
1999-10-31;GM366_ERC366;1999-10-31T00:00:00-03:00;31;10;1999;
1999-11-01;GM366_ERC366;1999-11-01T00:00:00-03:00;1;11;1999;1,9423
1999-11-02;GM366_ERC366;1999-11-02T00:00:00-03:00;2;11;1999;
1999-11-03;GM366_ERC366;1999-11-03T00:00:00-02:00;3;11;1999;1,9406
1999-11-04;GM366_ERC366;1999-11-04T00:00:00-02:00;4;11;1999;1,9287
1999-11-05;GM366_ERC366;1999-11-05T00:00:00-02:00;5;11;1999;1,9147
1999-11-06;GM366_ERC366;1999-11-06T00:00:00-02:00;6;11;1999;
1999-11-07;GM366_ERC366;1999-11-07T00:00:00-02:00;7;11;1999;
1999-11-08;GM366_ERC366;1999-11-08T00:00:00-02:00;8;11;1999;1,9258
1999-11-09;GM366_ERC366;1999-11-09T00:00:00-02:00;9;11;1999;1,9233
1999-11-10;GM366_ERC366;1999-11-10T00:00:00-02:00;10;11;1999;1,934
1999-11-11;GM366_ERC366;1999-11-11T00:00:00-02:00;11;11;1999;1,928
1999-11-12;GM366_ERC366;1999-11-12T00:00:00-02:00;12;11;1999;1,9323
1999-11-13;GM366_ERC366;1999-11-13T00:00:00-02:00;13;11;1999;
1999-11-14;GM366_ERC366;1999-11-14T00:00:00-02:00;14;11;1999;
1999-11-15;GM366_ERC366;1999-11-15T00:00:00-02:00;15;11;1999;
1999-11-16;GM366_ERC366;1999-11-16T00:00:00-02:00;16;11;1999;1,9323
1999-11-17;GM366_ERC366;1999-11-17T00:00:00-02:00;17;11;1999;1,9319
1999-11-18;GM366_ERC366;1999-11-18T00:00:00-02:00;18;11;1999;1,9282
1999-11-19;GM366_ERC366;1999-11-19T00:00:00-02:00;19;11;1999;1,9305
1999-11-20;GM366_ERC366;1999-11-20T00:00:00-02:00;20;11;1999;
1999-11-21;GM366_ERC366;1999-11-21T00:00:00-02:00;21;11;1999;
1999-11-22;GM366_ERC366;1999-11-22T00:00:00-02:00;22;11;1999;1,9314
1999-11-23;GM366_ERC366;1999-11-23T00:00:00-02:00;23;11;1999;1,932
1999-11-24;GM366_ERC366;1999-11-24T00:00:00-02:00;24;11;1999;1,9287
1999-11-25;GM366_ERC366;1999-11-25T00:00:00-02:00;25;11;1999;1,9292
1999-11-26;GM366_ERC366;1999-11-26T00:00:00-02:00;26;11;1999;1,9255
1999-11-27;GM366_ERC366;1999-11-27T00:00:00-02:00;27;11;1999;
1999-11-28;GM366_ERC366;1999-11-28T00:00:00-02:00;28;11;1999;
1999-11-29;GM366_ERC366;1999-11-29T00:00:00-02:00;29;11;1999;1,9205
1999-11-30;GM366_ERC366;1999-11-30T00:00:00-02:00;30;11;1999;1,9219
1999-12-01;GM366_ERC366;1999-12-01T00:00:00-02:00;1;12;1999;1,9213
1999-12-02;GM366_ERC366;1999-12-02T00:00:00-02:00;2;12;1999;1,8942
1999-12-03;GM366_ERC366;1999-12-03T00:00:00-02:00;3;12;1999;1,8766
1999-12-04;GM366_ERC366;1999-12-04T00:00:00-02:00;4;12;1999;
1999-12-05;GM366_ERC366;1999-12-05T00:00:00-02:00;5;12;1999;
1999-12-06;GM366_ERC366;1999-12-06T00:00:00-02:00;6;12;1999;1,8661
1999-12-07;GM366_ERC366;1999-12-07T00:00:00-02:00;7;12;1999;1,8586
1999-12-08;GM366_ERC366;1999-12-08T00:00:00-02:00;8;12;1999;1,8619
1999-12-09;GM366_ERC366;1999-12-09T00:00:00-02:00;9;12;1999;1,866
1999-12-10;GM366_ERC366;1999-12-10T00:00:00-02:00;10;12;1999;1,8659
1999-12-11;GM366_ERC366;1999-12-11T00:00:00-02:00;11;12;1999;
1999-12-12;GM366_ERC366;1999-12-12T00:00:00-02:00;12;12;1999;
1999-12-13;GM366_ERC366;1999-12-13T00:00:00-02:00;13;12;1999;1,8556
1999-12-14;GM366_ERC366;1999-12-14T00:00:00-02:00;14;12;1999;1,8455
1999-12-15;GM366_ERC366;1999-12-15T00:00:00-02:00;15;12;1999;1,8493
1999-12-16;GM366_ERC366;1999-12-16T00:00:00-02:00;16;12;1999;1,8399
1999-12-17;GM366_ERC366;1999-12-17T00:00:00-02:00;17;12;1999;1,817
1999-12-18;GM366_ERC366;1999-12-18T00:00:00-02:00;18;12;1999;
1999-12-19;GM366_ERC366;1999-12-19T00:00:00-02:00;19;12;1999;
1999-12-20;GM366_ERC366;1999-12-20T00:00:00-02:00;20;12;1999;1,804
1999-12-21;GM366_ERC366;1999-12-21T00:00:00-02:00;21;12;1999;1,8226
1999-12-22;GM366_ERC366;1999-12-22T00:00:00-02:00;22;12;1999;1,8196
1999-12-23;GM366_ERC366;1999-12-23T00:00:00-02:00;23;12;1999;1,8278
1999-12-24;GM366_ERC366;1999-12-24T00:00:00-02:00;24;12;1999;1,8282
1999-12-25;GM366_ERC366;1999-12-25T00:00:00-02:00;25;12;1999;
1999-12-26;GM366_ERC366;1999-12-26T00:00:00-02:00;26;12;1999;
1999-12-27;GM366_ERC366;1999-12-27T00:00:00-02:00;27;12;1999;1,8259
1999-12-28;GM366_ERC366;1999-12-28T00:00:00-02:00;28;12;1999;1,8281
1999-12-29;GM366_ERC366;1999-12-29T00:00:00-02:00;29;12;1999;1,8162
1999-12-30;GM366_ERC366;1999-12-30T00:00:00-02:00;30;12;1999;1,7882
1999-12-31;GM366_ERC366;1999-12-31T00:00:00-02:00;31;12;1999;1,7882
2000-01-01;GM366_ERC366;2000-01-01T00:00:00-02:00;1;1;2000;
2000-01-02;GM366_ERC366;2000-01-02T00:00:00-02:00;2;1;2000;
2000-01-03;GM366_ERC366;2000-01-03T00:00:00-02:00;3;1;2000;1,8003
2000-01-04;GM366_ERC366;2000-01-04T00:00:00-02:00;4;1;2000;1,8329
2000-01-05;GM366_ERC366;2000-01-05T00:00:00-02:00;5;1;2000;1,8536
2000-01-06;GM366_ERC366;2000-01-06T00:00:00-02:00;6;1;2000;1,8453
2000-01-07;GM366_ERC366;2000-01-07T00:00:00-02:00;7;1;2000;1,8273
2000-01-08;GM366_ERC366;2000-01-08T00:00:00-02:00;8;1;2000;
2000-01-09;GM366_ERC366;2000-01-09T00:00:00-02:00;9;1;2000;
2000-01-10;GM366_ERC366;2000-01-10T00:00:00-02:00;10;1;2000;1,8153
2000-01-11;GM366_ERC366;2000-01-11T00:00:00-02:00;11;1;2000;1,8211
2000-01-12;GM366_ERC366;2000-01-12T00:00:00-02:00;12;1;2000;1,8306
2000-01-13;GM366_ERC366;2000-01-13T00:00:00-02:00;13;1;2000;1,8185
2000-01-14;GM366_ERC366;2000-01-14T00:00:00-02:00;14;1;2000;1,7989
2000-01-15;GM366_ERC366;2000-01-15T00:00:00-02:00;15;1;2000;
2000-01-16;GM366_ERC366;2000-01-16T00:00:00-02:00;16;1;2000;
2000-01-17;GM366_ERC366;2000-01-17T00:00:00-02:00;17;1;2000;1,7949
2000-01-18;GM366_ERC366;2000-01-18T00:00:00-02:00;18;1;2000;1,7916
2000-01-19;GM366_ERC366;2000-01-19T00:00:00-02:00;19;1;2000;1,7976
2000-01-20;GM366_ERC366;2000-01-20T00:00:00-02:00;20;1;2000;1,7793
2000-01-21;GM366_ERC366;2000-01-21T00:00:00-02:00;21;1;2000;1,7776
2000-01-22;GM366_ERC366;2000-01-22T00:00:00-02:00;22;1;2000;
2000-01-23;GM366_ERC366;2000-01-23T00:00:00-02:00;23;1;2000;
2000-01-24;GM366_ERC366;2000-01-24T00:00:00-02:00;24;1;2000;1,7644
2000-01-25;GM366_ERC366;2000-01-25T00:00:00-02:00;25;1;2000;1,7733
2000-01-26;GM366_ERC366;2000-01-26T00:00:00-02:00;26;1;2000;1,7761
2000-01-27;GM366_ERC366;2000-01-27T00:00:00-02:00;27;1;2000;1,7745
2000-01-28;GM366_ERC366;2000-01-28T00:00:00-02:00;28;1;2000;1,7867
2000-01-29;GM366_ERC366;2000-01-29T00:00:00-02:00;29;1;2000;
2000-01-30;GM366_ERC366;2000-01-30T00:00:00-02:00;30;1;2000;
2000-01-31;GM366_ERC366;2000-01-31T00:00:00-02:00;31;1;2000;1,8016
2000-02-01;GM366_ERC366;2000-02-01T00:00:00-02:00;1;2;2000;1,7924
2000-02-02;GM366_ERC366;2000-02-02T00:00:00-02:00;2;2;2000;1,7892
2000-02-03;GM366_ERC366;2000-02-03T00:00:00-02:00;3;2;2000;1,7771
2000-02-04;GM366_ERC366;2000-02-04T00:00:00-02:00;4;2;2000;1,7777
2000-02-05;GM366_ERC366;2000-02-05T00:00:00-02:00;5;2;2000;
2000-02-06;GM366_ERC366;2000-02-06T00:00:00-02:00;6;2;2000;
2000-02-07;GM366_ERC366;2000-02-07T00:00:00-02:00;7;2;2000;1,7651
2000-02-08;GM366_ERC366;2000-02-08T00:00:00-02:00;8;2;2000;1,7646
2000-02-09;GM366_ERC366;2000-02-09T00:00:00-02:00;9;2;2000;1,7624
2000-02-10;GM366_ERC366;2000-02-10T00:00:00-02:00;10;2;2000;1,7687
2000-02-11;GM366_ERC366;2000-02-11T00:00:00-02:00;11;2;2000;1,7639
2000-02-12;GM366_ERC366;2000-02-12T00:00:00-02:00;12;2;2000;
2000-02-13;GM366_ERC366;2000-02-13T00:00:00-03:00;13;2;2000;
2000-02-14;GM366_ERC366;2000-02-14T00:00:00-03:00;14;2;2000;1,7691
2000-02-15;GM366_ERC366;2000-02-15T00:00:00-03:00;15;2;2000;1,7756
2000-02-16;GM366_ERC366;2000-02-16T00:00:00-03:00;16;2;2000;1,7724
2000-02-17;GM366_ERC366;2000-02-17T00:00:00-03:00;17;2;2000;1,7732
2000-02-18;GM366_ERC366;2000-02-18T00:00:00-03:00;18;2;2000;1,7697
2000-02-19;GM366_ERC366;2000-02-19T00:00:00-03:00;19;2;2000;
2000-02-20;GM366_ERC366;2000-02-20T00:00:00-03:00;20;2;2000;
2000-02-21;GM366_ERC366;2000-02-21T00:00:00-03:00;21;2;2000;1,7776
2000-02-22;GM366_ERC366;2000-02-22T00:00:00-03:00;22;2;2000;1,7817
2000-02-23;GM366_ERC366;2000-02-23T00:00:00-03:00;23;2;2000;1,7878
2000-02-24;GM366_ERC366;2000-02-24T00:00:00-03:00;24;2;2000;1,7771
2000-02-25;GM366_ERC366;2000-02-25T00:00:00-03:00;25;2;2000;1,7733
2000-02-26;GM366_ERC366;2000-02-26T00:00:00-03:00;26;2;2000;
2000-02-27;GM366_ERC366;2000-02-27T00:00:00-03:00;27;2;2000;
2000-02-28;GM366_ERC366;2000-02-28T00:00:00-03:00;28;2;2000;1,778
2000-02-29;GM366_ERC366;2000-02-29T00:00:00-03:00;29;2;2000;1,7677
2000-03-01;GM366_ERC366;2000-03-01T00:00:00-03:00;1;3;2000;1,767
2000-03-02;GM366_ERC366;2000-03-02T00:00:00-03:00;2;3;2000;1,7592
2000-03-03;GM366_ERC366;2000-03-03T00:00:00-03:00;3;3;2000;1,7503
2000-03-04;GM366_ERC366;2000-03-04T00:00:00-03:00;4;3;2000;
2000-03-05;GM366_ERC366;2000-03-05T00:00:00-03:00;5;3;2000;
2000-03-06;GM366_ERC366;2000-03-06T00:00:00-03:00;6;3;2000;
2000-03-07;GM366_ERC366;2000-03-07T00:00:00-03:00;7;3;2000;
2000-03-08;GM366_ERC366;2000-03-08T00:00:00-03:00;8;3;2000;1,749
2000-03-09;GM366_ERC366;2000-03-09T00:00:00-03:00;9;3;2000;1,7335
2000-03-10;GM366_ERC366;2000-03-10T00:00:00-03:00;10;3;2000;1,7378
2000-03-11;GM366_ERC366;2000-03-11T00:00:00-03:00;11;3;2000;
2000-03-12;GM366_ERC366;2000-03-12T00:00:00-03:00;12;3;2000;
2000-03-13;GM366_ERC366;2000-03-13T00:00:00-03:00;13;3;2000;1,7494
2000-03-14;GM366_ERC366;2000-03-14T00:00:00-03:00;14;3;2000;1,7364
2000-03-15;GM366_ERC366;2000-03-15T00:00:00-03:00;15;3;2000;1,7423
2000-03-16;GM366_ERC366;2000-03-16T00:00:00-03:00;16;3;2000;1,7349
2000-03-17;GM366_ERC366;2000-03-17T00:00:00-03:00;17;3;2000;1,7399
2000-03-18;GM366_ERC366;2000-03-18T00:00:00-03:00;18;3;2000;
2000-03-19;GM366_ERC366;2000-03-19T00:00:00-03:00;19;3;2000;
2000-03-20;GM366_ERC366;2000-03-20T00:00:00-03:00;20;3;2000;1,738
2000-03-21;GM366_ERC366;2000-03-21T00:00:00-03:00;21;3;2000;1,7373
2000-03-22;GM366_ERC366;2000-03-22T00:00:00-03:00;22;3;2000;1,7297
2000-03-23;GM366_ERC366;2000-03-23T00:00:00-03:00;23;3;2000;1,7234
2000-03-24;GM366_ERC366;2000-03-24T00:00:00-03:00;24;3;2000;1,7226
2000-03-25;GM366_ERC366;2000-03-25T00:00:00-03:00;25;3;2000;
2000-03-26;GM366_ERC366;2000-03-26T00:00:00-03:00;26;3;2000;
2000-03-27;GM366_ERC366;2000-03-27T00:00:00-03:00;27;3;2000;1,7354
2000-03-28;GM366_ERC366;2000-03-28T00:00:00-03:00;28;3;2000;1,7448
2000-03-29;GM366_ERC366;2000-03-29T00:00:00-03:00;29;3;2000;1,7371
2000-03-30;GM366_ERC366;2000-03-30T00:00:00-03:00;30;3;2000;1,7514
2000-03-31;GM366_ERC366;2000-03-31T00:00:00-03:00;31;3;2000;1,7465
2000-04-01;GM366_ERC366;2000-04-01T00:00:00-03:00;1;4;2000;
2000-04-02;GM366_ERC366;2000-04-02T00:00:00-03:00;2;4;2000;
2000-04-03;GM366_ERC366;2000-04-03T00:00:00-03:00;3;4;2000;1,7399
2000-04-04;GM366_ERC366;2000-04-04T00:00:00-03:00;4;4;2000;1,7417
2000-04-05;GM366_ERC366;2000-04-05T00:00:00-03:00;5;4;2000;1,7524
2000-04-06;GM366_ERC366;2000-04-06T00:00:00-03:00;6;4;2000;1,7415
2000-04-07;GM366_ERC366;2000-04-07T00:00:00-03:00;7;4;2000;1,7431
2000-04-08;GM366_ERC366;2000-04-08T00:00:00-03:00;8;4;2000;
2000-04-09;GM366_ERC366;2000-04-09T00:00:00-03:00;9;4;2000;
2000-04-10;GM366_ERC366;2000-04-10T00:00:00-03:00;10;4;2000;1,7379
2000-04-11;GM366_ERC366;2000-04-11T00:00:00-03:00;11;4;2000;1,744
2000-04-12;GM366_ERC366;2000-04-12T00:00:00-03:00;12;4;2000;1,7463
2000-04-13;GM366_ERC366;2000-04-13T00:00:00-03:00;13;4;2000;1,7625
2000-04-14;GM366_ERC366;2000-04-14T00:00:00-03:00;14;4;2000;1,7825
2000-04-15;GM366_ERC366;2000-04-15T00:00:00-03:00;15;4;2000;
2000-04-16;GM366_ERC366;2000-04-16T00:00:00-03:00;16;4;2000;
2000-04-17;GM366_ERC366;2000-04-17T00:00:00-03:00;17;4;2000;1,7865
2000-04-18;GM366_ERC366;2000-04-18T00:00:00-03:00;18;4;2000;1,7688
2000-04-19;GM366_ERC366;2000-04-19T00:00:00-03:00;19;4;2000;1,7654
2000-04-20;GM366_ERC366;2000-04-20T00:00:00-03:00;20;4;2000;1,7776
2000-04-21;GM366_ERC366;2000-04-21T00:00:00-03:00;21;4;2000;
2000-04-22;GM366_ERC366;2000-04-22T00:00:00-03:00;22;4;2000;
2000-04-23;GM366_ERC366;2000-04-23T00:00:00-03:00;23;4;2000;
2000-04-24;GM366_ERC366;2000-04-24T00:00:00-03:00;24;4;2000;1,7908
2000-04-25;GM366_ERC366;2000-04-25T00:00:00-03:00;25;4;2000;1,788
2000-04-26;GM366_ERC366;2000-04-26T00:00:00-03:00;26;4;2000;1,7977
2000-04-27;GM366_ERC366;2000-04-27T00:00:00-03:00;27;4;2000;1,8075
2000-04-28;GM366_ERC366;2000-04-28T00:00:00-03:00;28;4;2000;1,8059
2000-04-29;GM366_ERC366;2000-04-29T00:00:00-03:00;29;4;2000;
2000-04-30;GM366_ERC366;2000-04-30T00:00:00-03:00;30;4;2000;
2000-05-01;GM366_ERC366;2000-05-01T00:00:00-03:00;1;5;2000;
2000-05-02;GM366_ERC366;2000-05-02T00:00:00-03:00;2;5;2000;1,8
2000-05-03;GM366_ERC366;2000-05-03T00:00:00-03:00;3;5;2000;1,8154
2000-05-04;GM366_ERC366;2000-05-04T00:00:00-03:00;4;5;2000;1,8136
2000-05-05;GM366_ERC366;2000-05-05T00:00:00-03:00;5;5;2000;1,811
2000-05-06;GM366_ERC366;2000-05-06T00:00:00-03:00;6;5;2000;
2000-05-07;GM366_ERC366;2000-05-07T00:00:00-03:00;7;5;2000;
2000-05-08;GM366_ERC366;2000-05-08T00:00:00-03:00;8;5;2000;1,805
2000-05-09;GM366_ERC366;2000-05-09T00:00:00-03:00;9;5;2000;1,8071
2000-05-10;GM366_ERC366;2000-05-10T00:00:00-03:00;10;5;2000;1,8161
2000-05-11;GM366_ERC366;2000-05-11T00:00:00-03:00;11;5;2000;1,8154
2000-05-12;GM366_ERC366;2000-05-12T00:00:00-03:00;12;5;2000;1,8258
2000-05-13;GM366_ERC366;2000-05-13T00:00:00-03:00;13;5;2000;
2000-05-14;GM366_ERC366;2000-05-14T00:00:00-03:00;14;5;2000;
2000-05-15;GM366_ERC366;2000-05-15T00:00:00-03:00;15;5;2000;1,8374
2000-05-16;GM366_ERC366;2000-05-16T00:00:00-03:00;16;5;2000;1,819
2000-05-17;GM366_ERC366;2000-05-17T00:00:00-03:00;17;5;2000;1,8284
2000-05-18;GM366_ERC366;2000-05-18T00:00:00-03:00;18;5;2000;1,8297
2000-05-19;GM366_ERC366;2000-05-19T00:00:00-03:00;19;5;2000;1,8446
2000-05-20;GM366_ERC366;2000-05-20T00:00:00-03:00;20;5;2000;
2000-05-21;GM366_ERC366;2000-05-21T00:00:00-03:00;21;5;2000;
2000-05-22;GM366_ERC366;2000-05-22T00:00:00-03:00;22;5;2000;1,846
2000-05-23;GM366_ERC366;2000-05-23T00:00:00-03:00;23;5;2000;1,8529
2000-05-24;GM366_ERC366;2000-05-24T00:00:00-03:00;24;5;2000;1,8529
2000-05-25;GM366_ERC366;2000-05-25T00:00:00-03:00;25;5;2000;1,8384
2000-05-26;GM366_ERC366;2000-05-26T00:00:00-03:00;26;5;2000;1,8447
2000-05-27;GM366_ERC366;2000-05-27T00:00:00-03:00;27;5;2000;
2000-05-28;GM366_ERC366;2000-05-28T00:00:00-03:00;28;5;2000;
2000-05-29;GM366_ERC366;2000-05-29T00:00:00-03:00;29;5;2000;1,838
2000-05-30;GM366_ERC366;2000-05-30T00:00:00-03:00;30;5;2000;1,8297
2000-05-31;GM366_ERC366;2000-05-31T00:00:00-03:00;31;5;2000;1,8258
2000-06-01;GM366_ERC366;2000-06-01T00:00:00-03:00;1;6;2000;1,8194
2000-06-02;GM366_ERC366;2000-06-02T00:00:00-03:00;2;6;2000;1,8096
2000-06-03;GM366_ERC366;2000-06-03T00:00:00-03:00;3;6;2000;
2000-06-04;GM366_ERC366;2000-06-04T00:00:00-03:00;4;6;2000;
2000-06-05;GM366_ERC366;2000-06-05T00:00:00-03:00;5;6;2000;1,7925
2000-06-06;GM366_ERC366;2000-06-06T00:00:00-03:00;6;6;2000;1,7891
2000-06-07;GM366_ERC366;2000-06-07T00:00:00-03:00;7;6;2000;1,8028
2000-06-08;GM366_ERC366;2000-06-08T00:00:00-03:00;8;6;2000;1,794
2000-06-09;GM366_ERC366;2000-06-09T00:00:00-03:00;9;6;2000;1,7991
2000-06-10;GM366_ERC366;2000-06-10T00:00:00-03:00;10;6;2000;
2000-06-11;GM366_ERC366;2000-06-11T00:00:00-03:00;11;6;2000;
2000-06-12;GM366_ERC366;2000-06-12T00:00:00-03:00;12;6;2000;1,8032
2000-06-13;GM366_ERC366;2000-06-13T00:00:00-03:00;13;6;2000;1,8092
2000-06-14;GM366_ERC366;2000-06-14T00:00:00-03:00;14;6;2000;1,8099
2000-06-15;GM366_ERC366;2000-06-15T00:00:00-03:00;15;6;2000;1,8071
2000-06-16;GM366_ERC366;2000-06-16T00:00:00-03:00;16;6;2000;1,8065
2000-06-17;GM366_ERC366;2000-06-17T00:00:00-03:00;17;6;2000;
2000-06-18;GM366_ERC366;2000-06-18T00:00:00-03:00;18;6;2000;
2000-06-19;GM366_ERC366;2000-06-19T00:00:00-03:00;19;6;2000;1,8022
2000-06-20;GM366_ERC366;2000-06-20T00:00:00-03:00;20;6;2000;1,7983
2000-06-21;GM366_ERC366;2000-06-21T00:00:00-03:00;21;6;2000;1,8113
2000-06-22;GM366_ERC366;2000-06-22T00:00:00-03:00;22;6;2000;
2000-06-23;GM366_ERC366;2000-06-23T00:00:00-03:00;23;6;2000;1,8195
2000-06-24;GM366_ERC366;2000-06-24T00:00:00-03:00;24;6;2000;
2000-06-25;GM366_ERC366;2000-06-25T00:00:00-03:00;25;6;2000;
2000-06-26;GM366_ERC366;2000-06-26T00:00:00-03:00;26;6;2000;1,8274
2000-06-27;GM366_ERC366;2000-06-27T00:00:00-03:00;27;6;2000;1,8227
2000-06-28;GM366_ERC366;2000-06-28T00:00:00-03:00;28;6;2000;1,8187
2000-06-29;GM366_ERC366;2000-06-29T00:00:00-03:00;29;6;2000;1,8164
2000-06-30;GM366_ERC366;2000-06-30T00:00:00-03:00;30;6;2000;1,7992
2000-07-01;GM366_ERC366;2000-07-01T00:00:00-03:00;1;7;2000;
2000-07-02;GM366_ERC366;2000-07-02T00:00:00-03:00;2;7;2000;
2000-07-03;GM366_ERC366;2000-07-03T00:00:00-03:00;3;7;2000;1,8072
2000-07-04;GM366_ERC366;2000-07-04T00:00:00-03:00;4;7;2000;1,8113
2000-07-05;GM366_ERC366;2000-07-05T00:00:00-03:00;5;7;2000;1,8039
2000-07-06;GM366_ERC366;2000-07-06T00:00:00-03:00;6;7;2000;1,7962
2000-07-07;GM366_ERC366;2000-07-07T00:00:00-03:00;7;7;2000;1,7964
2000-07-08;GM366_ERC366;2000-07-08T00:00:00-03:00;8;7;2000;
2000-07-09;GM366_ERC366;2000-07-09T00:00:00-03:00;9;7;2000;
2000-07-10;GM366_ERC366;2000-07-10T00:00:00-03:00;10;7;2000;1,7998
2000-07-11;GM366_ERC366;2000-07-11T00:00:00-03:00;11;7;2000;1,7964
2000-07-12;GM366_ERC366;2000-07-12T00:00:00-03:00;12;7;2000;1,8026
2000-07-13;GM366_ERC366;2000-07-13T00:00:00-03:00;13;7;2000;1,8096
2000-07-14;GM366_ERC366;2000-07-14T00:00:00-03:00;14;7;2000;1,8098
2000-07-15;GM366_ERC366;2000-07-15T00:00:00-03:00;15;7;2000;
2000-07-16;GM366_ERC366;2000-07-16T00:00:00-03:00;16;7;2000;
2000-07-17;GM366_ERC366;2000-07-17T00:00:00-03:00;17;7;2000;1,7971
2000-07-18;GM366_ERC366;2000-07-18T00:00:00-03:00;18;7;2000;1,7962
2000-07-19;GM366_ERC366;2000-07-19T00:00:00-03:00;19;7;2000;1,8036
2000-07-20;GM366_ERC366;2000-07-20T00:00:00-03:00;20;7;2000;1,8007
2000-07-21;GM366_ERC366;2000-07-21T00:00:00-03:00;21;7;2000;1,7913
2000-07-22;GM366_ERC366;2000-07-22T00:00:00-03:00;22;7;2000;
2000-07-23;GM366_ERC366;2000-07-23T00:00:00-03:00;23;7;2000;
2000-07-24;GM366_ERC366;2000-07-24T00:00:00-03:00;24;7;2000;1,7948
2000-07-25;GM366_ERC366;2000-07-25T00:00:00-03:00;25;7;2000;1,789
2000-07-26;GM366_ERC366;2000-07-26T00:00:00-03:00;26;7;2000;1,7917
2000-07-27;GM366_ERC366;2000-07-27T00:00:00-03:00;27;7;2000;1,7839
2000-07-28;GM366_ERC366;2000-07-28T00:00:00-03:00;28;7;2000;1,782
2000-07-29;GM366_ERC366;2000-07-29T00:00:00-03:00;29;7;2000;
2000-07-30;GM366_ERC366;2000-07-30T00:00:00-03:00;30;7;2000;
2000-07-31;GM366_ERC366;2000-07-31T00:00:00-03:00;31;7;2000;1,774
2000-08-01;GM366_ERC366;2000-08-01T00:00:00-03:00;1;8;2000;1,7872
2000-08-02;GM366_ERC366;2000-08-02T00:00:00-03:00;2;8;2000;1,7908
2000-08-03;GM366_ERC366;2000-08-03T00:00:00-03:00;3;8;2000;1,8071
2000-08-04;GM366_ERC366;2000-08-04T00:00:00-03:00;4;8;2000;1,7911
2000-08-05;GM366_ERC366;2000-08-05T00:00:00-03:00;5;8;2000;
2000-08-06;GM366_ERC366;2000-08-06T00:00:00-03:00;6;8;2000;
2000-08-07;GM366_ERC366;2000-08-07T00:00:00-03:00;7;8;2000;1,7953
2000-08-08;GM366_ERC366;2000-08-08T00:00:00-03:00;8;8;2000;1,7984
2000-08-09;GM366_ERC366;2000-08-09T00:00:00-03:00;9;8;2000;1,7942
2000-08-10;GM366_ERC366;2000-08-10T00:00:00-03:00;10;8;2000;1,7954
2000-08-11;GM366_ERC366;2000-08-11T00:00:00-03:00;11;8;2000;1,7951
2000-08-12;GM366_ERC366;2000-08-12T00:00:00-03:00;12;8;2000;
2000-08-13;GM366_ERC366;2000-08-13T00:00:00-03:00;13;8;2000;
2000-08-14;GM366_ERC366;2000-08-14T00:00:00-03:00;14;8;2000;1,8013
2000-08-15;GM366_ERC366;2000-08-15T00:00:00-03:00;15;8;2000;1,8048
2000-08-16;GM366_ERC366;2000-08-16T00:00:00-03:00;16;8;2000;1,8062
2000-08-17;GM366_ERC366;2000-08-17T00:00:00-03:00;17;8;2000;1,8088
2000-08-18;GM366_ERC366;2000-08-18T00:00:00-03:00;18;8;2000;1,8166
2000-08-19;GM366_ERC366;2000-08-19T00:00:00-03:00;19;8;2000;
2000-08-20;GM366_ERC366;2000-08-20T00:00:00-03:00;20;8;2000;
2000-08-21;GM366_ERC366;2000-08-21T00:00:00-03:00;21;8;2000;1,8191
2000-08-22;GM366_ERC366;2000-08-22T00:00:00-03:00;22;8;2000;1,8161
2000-08-23;GM366_ERC366;2000-08-23T00:00:00-03:00;23;8;2000;1,8178
2000-08-24;GM366_ERC366;2000-08-24T00:00:00-03:00;24;8;2000;1,8196
2000-08-25;GM366_ERC366;2000-08-25T00:00:00-03:00;25;8;2000;1,8205
2000-08-26;GM366_ERC366;2000-08-26T00:00:00-03:00;26;8;2000;
2000-08-27;GM366_ERC366;2000-08-27T00:00:00-03:00;27;8;2000;
2000-08-28;GM366_ERC366;2000-08-28T00:00:00-03:00;28;8;2000;1,8269
2000-08-29;GM366_ERC366;2000-08-29T00:00:00-03:00;29;8;2000;1,8341
2000-08-30;GM366_ERC366;2000-08-30T00:00:00-03:00;30;8;2000;1,8251
2000-08-31;GM366_ERC366;2000-08-31T00:00:00-03:00;31;8;2000;1,8226
2000-09-01;GM366_ERC366;2000-09-01T00:00:00-03:00;1;9;2000;1,821
2000-09-02;GM366_ERC366;2000-09-02T00:00:00-03:00;2;9;2000;
2000-09-03;GM366_ERC366;2000-09-03T00:00:00-03:00;3;9;2000;
2000-09-04;GM366_ERC366;2000-09-04T00:00:00-03:00;4;9;2000;1,8247
2000-09-05;GM366_ERC366;2000-09-05T00:00:00-03:00;5;9;2000;1,8286
2000-09-06;GM366_ERC366;2000-09-06T00:00:00-03:00;6;9;2000;1,8199
2000-09-07;GM366_ERC366;2000-09-07T00:00:00-03:00;7;9;2000;
2000-09-08;GM366_ERC366;2000-09-08T00:00:00-03:00;8;9;2000;1,8216
2000-09-09;GM366_ERC366;2000-09-09T00:00:00-03:00;9;9;2000;
2000-09-10;GM366_ERC366;2000-09-10T00:00:00-03:00;10;9;2000;
2000-09-11;GM366_ERC366;2000-09-11T00:00:00-03:00;11;9;2000;1,8191
2000-09-12;GM366_ERC366;2000-09-12T00:00:00-03:00;12;9;2000;1,8271
2000-09-13;GM366_ERC366;2000-09-13T00:00:00-03:00;13;9;2000;1,8312
2000-09-14;GM366_ERC366;2000-09-14T00:00:00-03:00;14;9;2000;1,8309
2000-09-15;GM366_ERC366;2000-09-15T00:00:00-03:00;15;9;2000;1,843
2000-09-16;GM366_ERC366;2000-09-16T00:00:00-03:00;16;9;2000;
2000-09-17;GM366_ERC366;2000-09-17T00:00:00-03:00;17;9;2000;
2000-09-18;GM366_ERC366;2000-09-18T00:00:00-03:00;18;9;2000;1,855
2000-09-19;GM366_ERC366;2000-09-19T00:00:00-03:00;19;9;2000;1,853
2000-09-20;GM366_ERC366;2000-09-20T00:00:00-03:00;20;9;2000;1,8538
2000-09-21;GM366_ERC366;2000-09-21T00:00:00-03:00;21;9;2000;1,8509
2000-09-22;GM366_ERC366;2000-09-22T00:00:00-03:00;22;9;2000;1,8586
2000-09-23;GM366_ERC366;2000-09-23T00:00:00-03:00;23;9;2000;
2000-09-24;GM366_ERC366;2000-09-24T00:00:00-03:00;24;9;2000;
2000-09-25;GM366_ERC366;2000-09-25T00:00:00-03:00;25;9;2000;1,8412
2000-09-26;GM366_ERC366;2000-09-26T00:00:00-03:00;26;9;2000;1,8498
2000-09-27;GM366_ERC366;2000-09-27T00:00:00-03:00;27;9;2000;1,8484
2000-09-28;GM366_ERC366;2000-09-28T00:00:00-03:00;28;9;2000;1,8471
2000-09-29;GM366_ERC366;2000-09-29T00:00:00-03:00;29;9;2000;1,8429
2000-09-30;GM366_ERC366;2000-09-30T00:00:00-03:00;30;9;2000;
2000-10-01;GM366_ERC366;2000-10-01T00:00:00-03:00;1;10;2000;
2000-10-02;GM366_ERC366;2000-10-02T00:00:00-03:00;2;10;2000;1,8475
2000-10-03;GM366_ERC366;2000-10-03T00:00:00-03:00;3;10;2000;1,849
2000-10-04;GM366_ERC366;2000-10-04T00:00:00-03:00;4;10;2000;1,8521
2000-10-05;GM366_ERC366;2000-10-05T00:00:00-03:00;5;10;2000;1,8493
2000-10-06;GM366_ERC366;2000-10-06T00:00:00-03:00;6;10;2000;1,8512
2000-10-07;GM366_ERC366;2000-10-07T00:00:00-03:00;7;10;2000;
2000-10-08;GM366_ERC366;2000-10-08T00:00:00-03:00;8;10;2000;
2000-10-09;GM366_ERC366;2000-10-09T00:00:00-03:00;9;10;2000;1,8566
2000-10-10;GM366_ERC366;2000-10-10T00:00:00-03:00;10;10;2000;1,8533
2000-10-11;GM366_ERC366;2000-10-11T00:00:00-03:00;11;10;2000;1,8595
2000-10-12;GM366_ERC366;2000-10-12T00:00:00-03:00;12;10;2000;
2000-10-13;GM366_ERC366;2000-10-13T00:00:00-03:00;13;10;2000;1,8756
2000-10-14;GM366_ERC366;2000-10-14T00:00:00-03:00;14;10;2000;
2000-10-15;GM366_ERC366;2000-10-15T00:00:00-03:00;15;10;2000;
2000-10-16;GM366_ERC366;2000-10-16T00:00:00-03:00;16;10;2000;1,8696
2000-10-17;GM366_ERC366;2000-10-17T00:00:00-03:00;17;10;2000;1,8659
2000-10-18;GM366_ERC366;2000-10-18T00:00:00-03:00;18;10;2000;1,8787
2000-10-19;GM366_ERC366;2000-10-19T00:00:00-03:00;19;10;2000;1,8706
2000-10-20;GM366_ERC366;2000-10-20T00:00:00-03:00;20;10;2000;1,8788
2000-10-21;GM366_ERC366;2000-10-21T00:00:00-03:00;21;10;2000;
2000-10-22;GM366_ERC366;2000-10-22T00:00:00-03:00;22;10;2000;
2000-10-23;GM366_ERC366;2000-10-23T00:00:00-03:00;23;10;2000;1,891
2000-10-24;GM366_ERC366;2000-10-24T00:00:00-03:00;24;10;2000;1,8973
2000-10-25;GM366_ERC366;2000-10-25T00:00:00-03:00;25;10;2000;1,9274
2000-10-26;GM366_ERC366;2000-10-26T00:00:00-03:00;26;10;2000;1,9332
2000-10-27;GM366_ERC366;2000-10-27T00:00:00-03:00;27;10;2000;1,9232
2000-10-28;GM366_ERC366;2000-10-28T00:00:00-03:00;28;10;2000;
2000-10-29;GM366_ERC366;2000-10-29T00:00:00-03:00;29;10;2000;
2000-10-30;GM366_ERC366;2000-10-30T00:00:00-03:00;30;10;2000;1,9176
2000-10-31;GM366_ERC366;2000-10-31T00:00:00-03:00;31;10;2000;1,9082
2000-11-01;GM366_ERC366;2000-11-01T00:00:00-03:00;1;11;2000;1,9091
2000-11-02;GM366_ERC366;2000-11-02T00:00:00-03:00;2;11;2000;
2000-11-03;GM366_ERC366;2000-11-03T00:00:00-03:00;3;11;2000;1,9278
2000-11-04;GM366_ERC366;2000-11-04T00:00:00-03:00;4;11;2000;
2000-11-05;GM366_ERC366;2000-11-05T00:00:00-03:00;5;11;2000;
2000-11-06;GM366_ERC366;2000-11-06T00:00:00-03:00;6;11;2000;1,9454
2000-11-07;GM366_ERC366;2000-11-07T00:00:00-03:00;7;11;2000;1,9565
2000-11-08;GM366_ERC366;2000-11-08T00:00:00-02:00;8;11;2000;1,9495
2000-11-09;GM366_ERC366;2000-11-09T00:00:00-02:00;9;11;2000;1,9675
2000-11-10;GM366_ERC366;2000-11-10T00:00:00-02:00;10;11;2000;1,9558
2000-11-11;GM366_ERC366;2000-11-11T00:00:00-02:00;11;11;2000;
2000-11-12;GM366_ERC366;2000-11-12T00:00:00-02:00;12;11;2000;
2000-11-13;GM366_ERC366;2000-11-13T00:00:00-02:00;13;11;2000;1,9571
2000-11-14;GM366_ERC366;2000-11-14T00:00:00-02:00;14;11;2000;1,9433
2000-11-15;GM366_ERC366;2000-11-15T00:00:00-02:00;15;11;2000;
2000-11-16;GM366_ERC366;2000-11-16T00:00:00-02:00;16;11;2000;1,9478
2000-11-17;GM366_ERC366;2000-11-17T00:00:00-02:00;17;11;2000;1,9601
2000-11-18;GM366_ERC366;2000-11-18T00:00:00-02:00;18;11;2000;
2000-11-19;GM366_ERC366;2000-11-19T00:00:00-02:00;19;11;2000;
2000-11-20;GM366_ERC366;2000-11-20T00:00:00-02:00;20;11;2000;1,9357
2000-11-21;GM366_ERC366;2000-11-21T00:00:00-02:00;21;11;2000;1,9092
2000-11-22;GM366_ERC366;2000-11-22T00:00:00-02:00;22;11;2000;1,9314
2000-11-23;GM366_ERC366;2000-11-23T00:00:00-02:00;23;11;2000;1,9405
2000-11-24;GM366_ERC366;2000-11-24T00:00:00-02:00;24;11;2000;1,9552
2000-11-25;GM366_ERC366;2000-11-25T00:00:00-02:00;25;11;2000;
2000-11-26;GM366_ERC366;2000-11-26T00:00:00-02:00;26;11;2000;
2000-11-27;GM366_ERC366;2000-11-27T00:00:00-02:00;27;11;2000;1,9563
2000-11-28;GM366_ERC366;2000-11-28T00:00:00-02:00;28;11;2000;1,977
2000-11-29;GM366_ERC366;2000-11-29T00:00:00-02:00;29;11;2000;1,9602
2000-11-30;GM366_ERC366;2000-11-30T00:00:00-02:00;30;11;2000;1,9588
2000-12-01;GM366_ERC366;2000-12-01T00:00:00-02:00;1;12;2000;1,9787
2000-12-02;GM366_ERC366;2000-12-02T00:00:00-02:00;2;12;2000;
2000-12-03;GM366_ERC366;2000-12-03T00:00:00-02:00;3;12;2000;
2000-12-04;GM366_ERC366;2000-12-04T00:00:00-02:00;4;12;2000;1,9839
2000-12-05;GM366_ERC366;2000-12-05T00:00:00-02:00;5;12;2000;1,964
2000-12-06;GM366_ERC366;2000-12-06T00:00:00-02:00;6;12;2000;1,9649
2000-12-07;GM366_ERC366;2000-12-07T00:00:00-02:00;7;12;2000;1,969
2000-12-08;GM366_ERC366;2000-12-08T00:00:00-02:00;8;12;2000;1,9687
2000-12-09;GM366_ERC366;2000-12-09T00:00:00-02:00;9;12;2000;
2000-12-10;GM366_ERC366;2000-12-10T00:00:00-02:00;10;12;2000;
2000-12-11;GM366_ERC366;2000-12-11T00:00:00-02:00;11;12;2000;1,964
2000-12-12;GM366_ERC366;2000-12-12T00:00:00-02:00;12;12;2000;1,9668
2000-12-13;GM366_ERC366;2000-12-13T00:00:00-02:00;13;12;2000;1,9615
2000-12-14;GM366_ERC366;2000-12-14T00:00:00-02:00;14;12;2000;1,9627
2000-12-15;GM366_ERC366;2000-12-15T00:00:00-02:00;15;12;2000;1,967
2000-12-16;GM366_ERC366;2000-12-16T00:00:00-02:00;16;12;2000;
2000-12-17;GM366_ERC366;2000-12-17T00:00:00-02:00;17;12;2000;
2000-12-18;GM366_ERC366;2000-12-18T00:00:00-02:00;18;12;2000;1,9531
2000-12-19;GM366_ERC366;2000-12-19T00:00:00-02:00;19;12;2000;1,9548
2000-12-20;GM366_ERC366;2000-12-20T00:00:00-02:00;20;12;2000;1,9551
2000-12-21;GM366_ERC366;2000-12-21T00:00:00-02:00;21;12;2000;1,957
2000-12-22;GM366_ERC366;2000-12-22T00:00:00-02:00;22;12;2000;1,9516
2000-12-23;GM366_ERC366;2000-12-23T00:00:00-02:00;23;12;2000;
2000-12-24;GM366_ERC366;2000-12-24T00:00:00-02:00;24;12;2000;
2000-12-25;GM366_ERC366;2000-12-25T00:00:00-02:00;25;12;2000;
2000-12-26;GM366_ERC366;2000-12-26T00:00:00-02:00;26;12;2000;1,957
2000-12-27;GM366_ERC366;2000-12-27T00:00:00-02:00;27;12;2000;1,96
2000-12-28;GM366_ERC366;2000-12-28T00:00:00-02:00;28;12;2000;1,9546
2000-12-29;GM366_ERC366;2000-12-29T00:00:00-02:00;29;12;2000;1,9546
2000-12-30;GM366_ERC366;2000-12-30T00:00:00-02:00;30;12;2000;
2000-12-31;GM366_ERC366;2000-12-31T00:00:00-02:00;31;12;2000;
2001-01-01;GM366_ERC366;2001-01-01T00:00:00-02:00;1;1;2001;
2001-01-02;GM366_ERC366;2001-01-02T00:00:00-02:00;2;1;2001;1,9376
2001-01-03;GM366_ERC366;2001-01-03T00:00:00-02:00;3;1;2001;1,9414
2001-01-04;GM366_ERC366;2001-01-04T00:00:00-02:00;4;1;2001;1,9349
2001-01-05;GM366_ERC366;2001-01-05T00:00:00-02:00;5;1;2001;1,9476
2001-01-06;GM366_ERC366;2001-01-06T00:00:00-02:00;6;1;2001;
2001-01-07;GM366_ERC366;2001-01-07T00:00:00-02:00;7;1;2001;
2001-01-08;GM366_ERC366;2001-01-08T00:00:00-02:00;8;1;2001;1,9516
2001-01-09;GM366_ERC366;2001-01-09T00:00:00-02:00;9;1;2001;1,9433
2001-01-10;GM366_ERC366;2001-01-10T00:00:00-02:00;10;1;2001;1,9421
2001-01-11;GM366_ERC366;2001-01-11T00:00:00-02:00;11;1;2001;1,9455
2001-01-12;GM366_ERC366;2001-01-12T00:00:00-02:00;12;1;2001;1,95
2001-01-13;GM366_ERC366;2001-01-13T00:00:00-02:00;13;1;2001;
2001-01-14;GM366_ERC366;2001-01-14T00:00:00-02:00;14;1;2001;
2001-01-15;GM366_ERC366;2001-01-15T00:00:00-02:00;15;1;2001;1,9467
2001-01-16;GM366_ERC366;2001-01-16T00:00:00-02:00;16;1;2001;1,9508
2001-01-17;GM366_ERC366;2001-01-17T00:00:00-02:00;17;1;2001;1,9493
2001-01-18;GM366_ERC366;2001-01-18T00:00:00-02:00;18;1;2001;1,9519
2001-01-19;GM366_ERC366;2001-01-19T00:00:00-02:00;19;1;2001;1,9545
2001-01-20;GM366_ERC366;2001-01-20T00:00:00-02:00;20;1;2001;
2001-01-21;GM366_ERC366;2001-01-21T00:00:00-02:00;21;1;2001;
2001-01-22;GM366_ERC366;2001-01-22T00:00:00-02:00;22;1;2001;1,9563
2001-01-23;GM366_ERC366;2001-01-23T00:00:00-02:00;23;1;2001;1,9578
2001-01-24;GM366_ERC366;2001-01-24T00:00:00-02:00;24;1;2001;1,9587
2001-01-25;GM366_ERC366;2001-01-25T00:00:00-02:00;25;1;2001;1,973
2001-01-26;GM366_ERC366;2001-01-26T00:00:00-02:00;26;1;2001;1,9732
2001-01-27;GM366_ERC366;2001-01-27T00:00:00-02:00;27;1;2001;
2001-01-28;GM366_ERC366;2001-01-28T00:00:00-02:00;28;1;2001;
2001-01-29;GM366_ERC366;2001-01-29T00:00:00-02:00;29;1;2001;1,9745
2001-01-30;GM366_ERC366;2001-01-30T00:00:00-02:00;30;1;2001;1,9706
2001-01-31;GM366_ERC366;2001-01-31T00:00:00-02:00;31;1;2001;1,9703
2001-02-01;GM366_ERC366;2001-02-01T00:00:00-02:00;1;2;2001;1,9731
2001-02-02;GM366_ERC366;2001-02-02T00:00:00-02:00;2;2;2001;1,9926
2001-02-03;GM366_ERC366;2001-02-03T00:00:00-02:00;3;2;2001;
2001-02-04;GM366_ERC366;2001-02-04T00:00:00-02:00;4;2;2001;
2001-02-05;GM366_ERC366;2001-02-05T00:00:00-02:00;5;2;2001;1,9937
2001-02-06;GM366_ERC366;2001-02-06T00:00:00-02:00;6;2;2001;1,9972
2001-02-07;GM366_ERC366;2001-02-07T00:00:00-02:00;7;2;2001;2,0037
2001-02-08;GM366_ERC366;2001-02-08T00:00:00-02:00;8;2;2001;1,9951
2001-02-09;GM366_ERC366;2001-02-09T00:00:00-02:00;9;2;2001;1,9876
2001-02-10;GM366_ERC366;2001-02-10T00:00:00-02:00;10;2;2001;
2001-02-11;GM366_ERC366;2001-02-11T00:00:00-03:00;11;2;2001;
2001-02-12;GM366_ERC366;2001-02-12T00:00:00-03:00;12;2;2001;1,9805
2001-02-13;GM366_ERC366;2001-02-13T00:00:00-03:00;13;2;2001;1,9795
2001-02-14;GM366_ERC366;2001-02-14T00:00:00-03:00;14;2;2001;1,9886
2001-02-15;GM366_ERC366;2001-02-15T00:00:00-03:00;15;2;2001;1,9804
2001-02-16;GM366_ERC366;2001-02-16T00:00:00-03:00;16;2;2001;1,9932
2001-02-17;GM366_ERC366;2001-02-17T00:00:00-03:00;17;2;2001;
2001-02-18;GM366_ERC366;2001-02-18T00:00:00-03:00;18;2;2001;
2001-02-19;GM366_ERC366;2001-02-19T00:00:00-03:00;19;2;2001;2,0019
2001-02-20;GM366_ERC366;2001-02-20T00:00:00-03:00;20;2;2001;2,0055
2001-02-21;GM366_ERC366;2001-02-21T00:00:00-03:00;21;2;2001;2,0232
2001-02-22;GM366_ERC366;2001-02-22T00:00:00-03:00;22;2;2001;2,036
2001-02-23;GM366_ERC366;2001-02-23T00:00:00-03:00;23;2;2001;2,0428
2001-02-24;GM366_ERC366;2001-02-24T00:00:00-03:00;24;2;2001;
2001-02-25;GM366_ERC366;2001-02-25T00:00:00-03:00;25;2;2001;
2001-02-26;GM366_ERC366;2001-02-26T00:00:00-03:00;26;2;2001;
2001-02-27;GM366_ERC366;2001-02-27T00:00:00-03:00;27;2;2001;
2001-02-28;GM366_ERC366;2001-02-28T00:00:00-03:00;28;2;2001;2,0444
2001-03-01;GM366_ERC366;2001-03-01T00:00:00-03:00;1;3;2001;2,042
2001-03-02;GM366_ERC366;2001-03-02T00:00:00-03:00;2;3;2001;2,0347
2001-03-03;GM366_ERC366;2001-03-03T00:00:00-03:00;3;3;2001;
2001-03-04;GM366_ERC366;2001-03-04T00:00:00-03:00;4;3;2001;
2001-03-05;GM366_ERC366;2001-03-05T00:00:00-03:00;5;3;2001;2,0224
2001-03-06;GM366_ERC366;2001-03-06T00:00:00-03:00;6;3;2001;2,02
2001-03-07;GM366_ERC366;2001-03-07T00:00:00-03:00;7;3;2001;2,0383
2001-03-08;GM366_ERC366;2001-03-08T00:00:00-03:00;8;3;2001;2,0377
2001-03-09;GM366_ERC366;2001-03-09T00:00:00-03:00;9;3;2001;2,0591
2001-03-10;GM366_ERC366;2001-03-10T00:00:00-03:00;10;3;2001;
2001-03-11;GM366_ERC366;2001-03-11T00:00:00-03:00;11;3;2001;
2001-03-12;GM366_ERC366;2001-03-12T00:00:00-03:00;12;3;2001;2,0544
2001-03-13;GM366_ERC366;2001-03-13T00:00:00-03:00;13;3;2001;2,0614
2001-03-14;GM366_ERC366;2001-03-14T00:00:00-03:00;14;3;2001;2,0755
2001-03-15;GM366_ERC366;2001-03-15T00:00:00-03:00;15;3;2001;2,0856
2001-03-16;GM366_ERC366;2001-03-16T00:00:00-03:00;16;3;2001;2,1209
2001-03-17;GM366_ERC366;2001-03-17T00:00:00-03:00;17;3;2001;
2001-03-18;GM366_ERC366;2001-03-18T00:00:00-03:00;18;3;2001;
2001-03-19;GM366_ERC366;2001-03-19T00:00:00-03:00;19;3;2001;2,1269
2001-03-20;GM366_ERC366;2001-03-20T00:00:00-03:00;20;3;2001;2,0921
2001-03-21;GM366_ERC366;2001-03-21T00:00:00-03:00;21;3;2001;2,0992
2001-03-22;GM366_ERC366;2001-03-22T00:00:00-03:00;22;3;2001;2,1411
2001-03-23;GM366_ERC366;2001-03-23T00:00:00-03:00;23;3;2001;2,1578
2001-03-24;GM366_ERC366;2001-03-24T00:00:00-03:00;24;3;2001;
2001-03-25;GM366_ERC366;2001-03-25T00:00:00-03:00;25;3;2001;
2001-03-26;GM366_ERC366;2001-03-26T00:00:00-03:00;26;3;2001;2,1365
2001-03-27;GM366_ERC366;2001-03-27T00:00:00-03:00;27;3;2001;2,1228
2001-03-28;GM366_ERC366;2001-03-28T00:00:00-03:00;28;3;2001;2,1162
2001-03-29;GM366_ERC366;2001-03-29T00:00:00-03:00;29;3;2001;2,1361
2001-03-30;GM366_ERC366;2001-03-30T00:00:00-03:00;30;3;2001;2,1608
2001-03-31;GM366_ERC366;2001-03-31T00:00:00-03:00;31;3;2001;
2001-04-01;GM366_ERC366;2001-04-01T00:00:00-03:00;1;4;2001;
2001-04-02;GM366_ERC366;2001-04-02T00:00:00-03:00;2;4;2001;2,1576
2001-04-03;GM366_ERC366;2001-04-03T00:00:00-03:00;3;4;2001;2,1724
2001-04-04;GM366_ERC366;2001-04-04T00:00:00-03:00;4;4;2001;2,1624
2001-04-05;GM366_ERC366;2001-04-05T00:00:00-03:00;5;4;2001;2,1581
2001-04-06;GM366_ERC366;2001-04-06T00:00:00-03:00;6;4;2001;2,1513
2001-04-07;GM366_ERC366;2001-04-07T00:00:00-03:00;7;4;2001;
2001-04-08;GM366_ERC366;2001-04-08T00:00:00-03:00;8;4;2001;
2001-04-09;GM366_ERC366;2001-04-09T00:00:00-03:00;9;4;2001;2,1634
2001-04-10;GM366_ERC366;2001-04-10T00:00:00-03:00;10;4;2001;2,1414
2001-04-11;GM366_ERC366;2001-04-11T00:00:00-03:00;11;4;2001;2,1376
2001-04-12;GM366_ERC366;2001-04-12T00:00:00-03:00;12;4;2001;2,1565
2001-04-13;GM366_ERC366;2001-04-13T00:00:00-03:00;13;4;2001;
2001-04-14;GM366_ERC366;2001-04-14T00:00:00-03:00;14;4;2001;
2001-04-15;GM366_ERC366;2001-04-15T00:00:00-03:00;15;4;2001;
2001-04-16;GM366_ERC366;2001-04-16T00:00:00-03:00;16;4;2001;2,1817
2001-04-17;GM366_ERC366;2001-04-17T00:00:00-03:00;17;4;2001;2,188
2001-04-18;GM366_ERC366;2001-04-18T00:00:00-03:00;18;4;2001;2,1742
2001-04-19;GM366_ERC366;2001-04-19T00:00:00-03:00;19;4;2001;2,1874
2001-04-20;GM366_ERC366;2001-04-20T00:00:00-03:00;20;4;2001;2,2356
2001-04-21;GM366_ERC366;2001-04-21T00:00:00-03:00;21;4;2001;
2001-04-22;GM366_ERC366;2001-04-22T00:00:00-03:00;22;4;2001;
2001-04-23;GM366_ERC366;2001-04-23T00:00:00-03:00;23;4;2001;2,2578
2001-04-24;GM366_ERC366;2001-04-24T00:00:00-03:00;24;4;2001;2,253
2001-04-25;GM366_ERC366;2001-04-25T00:00:00-03:00;25;4;2001;2,3003
2001-04-26;GM366_ERC366;2001-04-26T00:00:00-03:00;26;4;2001;2,2533
2001-04-27;GM366_ERC366;2001-04-27T00:00:00-03:00;27;4;2001;2,2172
2001-04-28;GM366_ERC366;2001-04-28T00:00:00-03:00;28;4;2001;
2001-04-29;GM366_ERC366;2001-04-29T00:00:00-03:00;29;4;2001;
2001-04-30;GM366_ERC366;2001-04-30T00:00:00-03:00;30;4;2001;2,1839
2001-05-01;GM366_ERC366;2001-05-01T00:00:00-03:00;1;5;2001;
2001-05-02;GM366_ERC366;2001-05-02T00:00:00-03:00;2;5;2001;2,2231
2001-05-03;GM366_ERC366;2001-05-03T00:00:00-03:00;3;5;2001;2,2345
2001-05-04;GM366_ERC366;2001-05-04T00:00:00-03:00;4;5;2001;2,2179
2001-05-05;GM366_ERC366;2001-05-05T00:00:00-03:00;5;5;2001;
2001-05-06;GM366_ERC366;2001-05-06T00:00:00-03:00;6;5;2001;
2001-05-07;GM366_ERC366;2001-05-07T00:00:00-03:00;7;5;2001;2,1949
2001-05-08;GM366_ERC366;2001-05-08T00:00:00-03:00;8;5;2001;2,2311
2001-05-09;GM366_ERC366;2001-05-09T00:00:00-03:00;9;5;2001;2,2578
2001-05-10;GM366_ERC366;2001-05-10T00:00:00-03:00;10;5;2001;2,2687
2001-05-11;GM366_ERC366;2001-05-11T00:00:00-03:00;11;5;2001;2,2855
2001-05-12;GM366_ERC366;2001-05-12T00:00:00-03:00;12;5;2001;
2001-05-13;GM366_ERC366;2001-05-13T00:00:00-03:00;13;5;2001;
2001-05-14;GM366_ERC366;2001-05-14T00:00:00-03:00;14;5;2001;2,3054
2001-05-15;GM366_ERC366;2001-05-15T00:00:00-03:00;15;5;2001;2,3376
2001-05-16;GM366_ERC366;2001-05-16T00:00:00-03:00;16;5;2001;2,3211
2001-05-17;GM366_ERC366;2001-05-17T00:00:00-03:00;17;5;2001;2,3028
2001-05-18;GM366_ERC366;2001-05-18T00:00:00-03:00;18;5;2001;2,2933
2001-05-19;GM366_ERC366;2001-05-19T00:00:00-03:00;19;5;2001;
2001-05-20;GM366_ERC366;2001-05-20T00:00:00-03:00;20;5;2001;
2001-05-21;GM366_ERC366;2001-05-21T00:00:00-03:00;21;5;2001;2,327
2001-05-22;GM366_ERC366;2001-05-22T00:00:00-03:00;22;5;2001;2,3054
2001-05-23;GM366_ERC366;2001-05-23T00:00:00-03:00;23;5;2001;2,3419
2001-05-24;GM366_ERC366;2001-05-24T00:00:00-03:00;24;5;2001;2,3486
2001-05-25;GM366_ERC366;2001-05-25T00:00:00-03:00;25;5;2001;2,3395
2001-05-26;GM366_ERC366;2001-05-26T00:00:00-03:00;26;5;2001;
2001-05-27;GM366_ERC366;2001-05-27T00:00:00-03:00;27;5;2001;
2001-05-28;GM366_ERC366;2001-05-28T00:00:00-03:00;28;5;2001;2,3257
2001-05-29;GM366_ERC366;2001-05-29T00:00:00-03:00;29;5;2001;2,3417
2001-05-30;GM366_ERC366;2001-05-30T00:00:00-03:00;30;5;2001;2,3588
2001-05-31;GM366_ERC366;2001-05-31T00:00:00-03:00;31;5;2001;2,3592
2001-06-01;GM366_ERC366;2001-06-01T00:00:00-03:00;1;6;2001;2,3825
2001-06-02;GM366_ERC366;2001-06-02T00:00:00-03:00;2;6;2001;
2001-06-03;GM366_ERC366;2001-06-03T00:00:00-03:00;3;6;2001;
2001-06-04;GM366_ERC366;2001-06-04T00:00:00-03:00;4;6;2001;2,3621
2001-06-05;GM366_ERC366;2001-06-05T00:00:00-03:00;5;6;2001;2,3887
2001-06-06;GM366_ERC366;2001-06-06T00:00:00-03:00;6;6;2001;2,3813
2001-06-07;GM366_ERC366;2001-06-07T00:00:00-03:00;7;6;2001;2,3872
2001-06-08;GM366_ERC366;2001-06-08T00:00:00-03:00;8;6;2001;2,3611
2001-06-09;GM366_ERC366;2001-06-09T00:00:00-03:00;9;6;2001;
2001-06-10;GM366_ERC366;2001-06-10T00:00:00-03:00;10;6;2001;
2001-06-11;GM366_ERC366;2001-06-11T00:00:00-03:00;11;6;2001;2,3714
2001-06-12;GM366_ERC366;2001-06-12T00:00:00-03:00;12;6;2001;2,3898
2001-06-13;GM366_ERC366;2001-06-13T00:00:00-03:00;13;6;2001;2,407
2001-06-14;GM366_ERC366;2001-06-14T00:00:00-03:00;14;6;2001;
2001-06-15;GM366_ERC366;2001-06-15T00:00:00-03:00;15;6;2001;2,4071
2001-06-16;GM366_ERC366;2001-06-16T00:00:00-03:00;16;6;2001;
2001-06-17;GM366_ERC366;2001-06-17T00:00:00-03:00;17;6;2001;
2001-06-18;GM366_ERC366;2001-06-18T00:00:00-03:00;18;6;2001;2,4578
2001-06-19;GM366_ERC366;2001-06-19T00:00:00-03:00;19;6;2001;2,4667
2001-06-20;GM366_ERC366;2001-06-20T00:00:00-03:00;20;6;2001;2,474
2001-06-21;GM366_ERC366;2001-06-21T00:00:00-03:00;21;6;2001;2,4046
2001-06-22;GM366_ERC366;2001-06-22T00:00:00-03:00;22;6;2001;2,3288
2001-06-23;GM366_ERC366;2001-06-23T00:00:00-03:00;23;6;2001;
2001-06-24;GM366_ERC366;2001-06-24T00:00:00-03:00;24;6;2001;
2001-06-25;GM366_ERC366;2001-06-25T00:00:00-03:00;25;6;2001;2,2989
2001-06-26;GM366_ERC366;2001-06-26T00:00:00-03:00;26;6;2001;2,3131
2001-06-27;GM366_ERC366;2001-06-27T00:00:00-03:00;27;6;2001;2,3228
2001-06-28;GM366_ERC366;2001-06-28T00:00:00-03:00;28;6;2001;2,2915
2001-06-29;GM366_ERC366;2001-06-29T00:00:00-03:00;29;6;2001;2,3041
2001-06-30;GM366_ERC366;2001-06-30T00:00:00-03:00;30;6;2001;
2001-07-01;GM366_ERC366;2001-07-01T00:00:00-03:00;1;7;2001;
2001-07-02;GM366_ERC366;2001-07-02T00:00:00-03:00;2;7;2001;2,3241
2001-07-03;GM366_ERC366;2001-07-03T00:00:00-03:00;3;7;2001;2,3387
2001-07-04;GM366_ERC366;2001-07-04T00:00:00-03:00;4;7;2001;2,3899
2001-07-05;GM366_ERC366;2001-07-05T00:00:00-03:00;5;7;2001;2,4105
2001-07-06;GM366_ERC366;2001-07-06T00:00:00-03:00;6;7;2001;2,4935
2001-07-07;GM366_ERC366;2001-07-07T00:00:00-03:00;7;7;2001;
2001-07-08;GM366_ERC366;2001-07-08T00:00:00-03:00;8;7;2001;
2001-07-09;GM366_ERC366;2001-07-09T00:00:00-03:00;9;7;2001;2,454
2001-07-10;GM366_ERC366;2001-07-10T00:00:00-03:00;10;7;2001;2,4794
2001-07-11;GM366_ERC366;2001-07-11T00:00:00-03:00;11;7;2001;2,5292
2001-07-12;GM366_ERC366;2001-07-12T00:00:00-03:00;12;7;2001;2,5415
2001-07-13;GM366_ERC366;2001-07-13T00:00:00-03:00;13;7;2001;2,553
2001-07-14;GM366_ERC366;2001-07-14T00:00:00-03:00;14;7;2001;
2001-07-15;GM366_ERC366;2001-07-15T00:00:00-03:00;15;7;2001;
2001-07-16;GM366_ERC366;2001-07-16T00:00:00-03:00;16;7;2001;2,5971
2001-07-17;GM366_ERC366;2001-07-17T00:00:00-03:00;17;7;2001;2,5296
2001-07-18;GM366_ERC366;2001-07-18T00:00:00-03:00;18;7;2001;2,4688
2001-07-19;GM366_ERC366;2001-07-19T00:00:00-03:00;19;7;2001;2,5024
2001-07-20;GM366_ERC366;2001-07-20T00:00:00-03:00;20;7;2001;2,4565
2001-07-21;GM366_ERC366;2001-07-21T00:00:00-03:00;21;7;2001;
2001-07-22;GM366_ERC366;2001-07-22T00:00:00-03:00;22;7;2001;
2001-07-23;GM366_ERC366;2001-07-23T00:00:00-03:00;23;7;2001;2,41
2001-07-24;GM366_ERC366;2001-07-24T00:00:00-03:00;24;7;2001;2,4239
2001-07-25;GM366_ERC366;2001-07-25T00:00:00-03:00;25;7;2001;2,4906
2001-07-26;GM366_ERC366;2001-07-26T00:00:00-03:00;26;7;2001;2,4828
2001-07-27;GM366_ERC366;2001-07-27T00:00:00-03:00;27;7;2001;2,4963
2001-07-28;GM366_ERC366;2001-07-28T00:00:00-03:00;28;7;2001;
2001-07-29;GM366_ERC366;2001-07-29T00:00:00-03:00;29;7;2001;
2001-07-30;GM366_ERC366;2001-07-30T00:00:00-03:00;30;7;2001;2,4326
2001-07-31;GM366_ERC366;2001-07-31T00:00:00-03:00;31;7;2001;2,4305
2001-08-01;GM366_ERC366;2001-08-01T00:00:00-03:00;1;8;2001;2,4927
2001-08-02;GM366_ERC366;2001-08-02T00:00:00-03:00;2;8;2001;2,4869
2001-08-03;GM366_ERC366;2001-08-03T00:00:00-03:00;3;8;2001;2,4876
2001-08-04;GM366_ERC366;2001-08-04T00:00:00-03:00;4;8;2001;
2001-08-05;GM366_ERC366;2001-08-05T00:00:00-03:00;5;8;2001;
2001-08-06;GM366_ERC366;2001-08-06T00:00:00-03:00;6;8;2001;2,4682
2001-08-07;GM366_ERC366;2001-08-07T00:00:00-03:00;7;8;2001;2,4455
2001-08-08;GM366_ERC366;2001-08-08T00:00:00-03:00;8;8;2001;2,4696
2001-08-09;GM366_ERC366;2001-08-09T00:00:00-03:00;9;8;2001;2,466
2001-08-10;GM366_ERC366;2001-08-10T00:00:00-03:00;10;8;2001;2,4834
2001-08-11;GM366_ERC366;2001-08-11T00:00:00-03:00;11;8;2001;
2001-08-12;GM366_ERC366;2001-08-12T00:00:00-03:00;12;8;2001;
2001-08-13;GM366_ERC366;2001-08-13T00:00:00-03:00;13;8;2001;2,4902
2001-08-14;GM366_ERC366;2001-08-14T00:00:00-03:00;14;8;2001;2,5132
2001-08-15;GM366_ERC366;2001-08-15T00:00:00-03:00;15;8;2001;2,4997
2001-08-16;GM366_ERC366;2001-08-16T00:00:00-03:00;16;8;2001;2,4869
2001-08-17;GM366_ERC366;2001-08-17T00:00:00-03:00;17;8;2001;2,5227
2001-08-18;GM366_ERC366;2001-08-18T00:00:00-03:00;18;8;2001;
2001-08-19;GM366_ERC366;2001-08-19T00:00:00-03:00;19;8;2001;
2001-08-20;GM366_ERC366;2001-08-20T00:00:00-03:00;20;8;2001;2,5298
2001-08-21;GM366_ERC366;2001-08-21T00:00:00-03:00;21;8;2001;2,5345
2001-08-22;GM366_ERC366;2001-08-22T00:00:00-03:00;22;8;2001;2,5223
2001-08-23;GM366_ERC366;2001-08-23T00:00:00-03:00;23;8;2001;2,5274
2001-08-24;GM366_ERC366;2001-08-24T00:00:00-03:00;24;8;2001;2,5492
2001-08-25;GM366_ERC366;2001-08-25T00:00:00-03:00;25;8;2001;
2001-08-26;GM366_ERC366;2001-08-26T00:00:00-03:00;26;8;2001;
2001-08-27;GM366_ERC366;2001-08-27T00:00:00-03:00;27;8;2001;2,5577
2001-08-28;GM366_ERC366;2001-08-28T00:00:00-03:00;28;8;2001;2,5556
2001-08-29;GM366_ERC366;2001-08-29T00:00:00-03:00;29;8;2001;2,5466
2001-08-30;GM366_ERC366;2001-08-30T00:00:00-03:00;30;8;2001;2,5395
2001-08-31;GM366_ERC366;2001-08-31T00:00:00-03:00;31;8;2001;2,5509
2001-09-01;GM366_ERC366;2001-09-01T00:00:00-03:00;1;9;2001;
2001-09-02;GM366_ERC366;2001-09-02T00:00:00-03:00;2;9;2001;
2001-09-03;GM366_ERC366;2001-09-03T00:00:00-03:00;3;9;2001;2,5582
2001-09-04;GM366_ERC366;2001-09-04T00:00:00-03:00;4;9;2001;2,5634
2001-09-05;GM366_ERC366;2001-09-05T00:00:00-03:00;5;9;2001;2,5661
2001-09-06;GM366_ERC366;2001-09-06T00:00:00-03:00;6;9;2001;2,5919
2001-09-07;GM366_ERC366;2001-09-07T00:00:00-03:00;7;9;2001;
2001-09-08;GM366_ERC366;2001-09-08T00:00:00-03:00;8;9;2001;
2001-09-09;GM366_ERC366;2001-09-09T00:00:00-03:00;9;9;2001;
2001-09-10;GM366_ERC366;2001-09-10T00:00:00-03:00;10;9;2001;2,6005
2001-09-11;GM366_ERC366;2001-09-11T00:00:00-03:00;11;9;2001;2,6361
2001-09-12;GM366_ERC366;2001-09-12T00:00:00-03:00;12;9;2001;2,6733
2001-09-13;GM366_ERC366;2001-09-13T00:00:00-03:00;13;9;2001;2,697
2001-09-14;GM366_ERC366;2001-09-14T00:00:00-03:00;14;9;2001;2,6978
2001-09-15;GM366_ERC366;2001-09-15T00:00:00-03:00;15;9;2001;
2001-09-16;GM366_ERC366;2001-09-16T00:00:00-03:00;16;9;2001;
2001-09-17;GM366_ERC366;2001-09-17T00:00:00-03:00;17;9;2001;2,6671
2001-09-18;GM366_ERC366;2001-09-18T00:00:00-03:00;18;9;2001;2,6785
2001-09-19;GM366_ERC366;2001-09-19T00:00:00-03:00;19;9;2001;2,7057
2001-09-20;GM366_ERC366;2001-09-20T00:00:00-03:00;20;9;2001;2,7314
2001-09-21;GM366_ERC366;2001-09-21T00:00:00-03:00;21;9;2001;2,7999
2001-09-22;GM366_ERC366;2001-09-22T00:00:00-03:00;22;9;2001;
2001-09-23;GM366_ERC366;2001-09-23T00:00:00-03:00;23;9;2001;
2001-09-24;GM366_ERC366;2001-09-24T00:00:00-03:00;24;9;2001;2,7667
2001-09-25;GM366_ERC366;2001-09-25T00:00:00-03:00;25;9;2001;2,7125
2001-09-26;GM366_ERC366;2001-09-26T00:00:00-03:00;26;9;2001;2,7256
2001-09-27;GM366_ERC366;2001-09-27T00:00:00-03:00;27;9;2001;2,7042
2001-09-28;GM366_ERC366;2001-09-28T00:00:00-03:00;28;9;2001;2,6705
2001-09-29;GM366_ERC366;2001-09-29T00:00:00-03:00;29;9;2001;
2001-09-30;GM366_ERC366;2001-09-30T00:00:00-03:00;30;9;2001;
2001-10-01;GM366_ERC366;2001-10-01T00:00:00-03:00;1;10;2001;2,6858
2001-10-02;GM366_ERC366;2001-10-02T00:00:00-03:00;2;10;2001;2,703
2001-10-03;GM366_ERC366;2001-10-03T00:00:00-03:00;3;10;2001;2,7279
2001-10-04;GM366_ERC366;2001-10-04T00:00:00-03:00;4;10;2001;2,7318
2001-10-05;GM366_ERC366;2001-10-05T00:00:00-03:00;5;10;2001;2,7532
2001-10-06;GM366_ERC366;2001-10-06T00:00:00-03:00;6;10;2001;
2001-10-07;GM366_ERC366;2001-10-07T00:00:00-03:00;7;10;2001;
2001-10-08;GM366_ERC366;2001-10-08T00:00:00-03:00;8;10;2001;2,782
2001-10-09;GM366_ERC366;2001-10-09T00:00:00-03:00;9;10;2001;2,7789
2001-10-10;GM366_ERC366;2001-10-10T00:00:00-03:00;10;10;2001;2,7776
2001-10-11;GM366_ERC366;2001-10-11T00:00:00-03:00;11;10;2001;2,7791
2001-10-12;GM366_ERC366;2001-10-12T00:00:00-03:00;12;10;2001;
2001-10-13;GM366_ERC366;2001-10-13T00:00:00-03:00;13;10;2001;
2001-10-14;GM366_ERC366;2001-10-14T00:00:00-03:00;14;10;2001;
2001-10-15;GM366_ERC366;2001-10-15T00:00:00-03:00;15;10;2001;2,7782
2001-10-16;GM366_ERC366;2001-10-16T00:00:00-03:00;16;10;2001;2,7518
2001-10-17;GM366_ERC366;2001-10-17T00:00:00-03:00;17;10;2001;2,7203
2001-10-18;GM366_ERC366;2001-10-18T00:00:00-03:00;18;10;2001;2,7417
2001-10-19;GM366_ERC366;2001-10-19T00:00:00-03:00;19;10;2001;2,7565
2001-10-20;GM366_ERC366;2001-10-20T00:00:00-03:00;20;10;2001;
2001-10-21;GM366_ERC366;2001-10-21T00:00:00-03:00;21;10;2001;
2001-10-22;GM366_ERC366;2001-10-22T00:00:00-03:00;22;10;2001;2,7168
2001-10-23;GM366_ERC366;2001-10-23T00:00:00-03:00;23;10;2001;2,716
2001-10-24;GM366_ERC366;2001-10-24T00:00:00-03:00;24;10;2001;2,743
2001-10-25;GM366_ERC366;2001-10-25T00:00:00-03:00;25;10;2001;2,742
2001-10-26;GM366_ERC366;2001-10-26T00:00:00-03:00;26;10;2001;2,7282
2001-10-27;GM366_ERC366;2001-10-27T00:00:00-03:00;27;10;2001;
2001-10-28;GM366_ERC366;2001-10-28T00:00:00-03:00;28;10;2001;
2001-10-29;GM366_ERC366;2001-10-29T00:00:00-03:00;29;10;2001;2,7238
2001-10-30;GM366_ERC366;2001-10-30T00:00:00-03:00;30;10;2001;2,7223
2001-10-31;GM366_ERC366;2001-10-31T00:00:00-03:00;31;10;2001;2,7063
2001-11-01;GM366_ERC366;2001-11-01T00:00:00-03:00;1;11;2001;2,6812
2001-11-02;GM366_ERC366;2001-11-02T00:00:00-03:00;2;11;2001;
2001-11-03;GM366_ERC366;2001-11-03T00:00:00-03:00;3;11;2001;
2001-11-04;GM366_ERC366;2001-11-04T00:00:00-03:00;4;11;2001;
2001-11-05;GM366_ERC366;2001-11-05T00:00:00-03:00;5;11;2001;2,62
2001-11-06;GM366_ERC366;2001-11-06T00:00:00-03:00;6;11;2001;2,5995
2001-11-07;GM366_ERC366;2001-11-07T00:00:00-02:00;7;11;2001;2,6047
2001-11-08;GM366_ERC366;2001-11-08T00:00:00-02:00;8;11;2001;2,5563
2001-11-09;GM366_ERC366;2001-11-09T00:00:00-02:00;9;11;2001;2,5339
2001-11-10;GM366_ERC366;2001-11-10T00:00:00-02:00;10;11;2001;
2001-11-11;GM366_ERC366;2001-11-11T00:00:00-02:00;11;11;2001;
2001-11-12;GM366_ERC366;2001-11-12T00:00:00-02:00;12;11;2001;2,5494
2001-11-13;GM366_ERC366;2001-11-13T00:00:00-02:00;13;11;2001;2,5262
2001-11-14;GM366_ERC366;2001-11-14T00:00:00-02:00;14;11;2001;2,5291
2001-11-15;GM366_ERC366;2001-11-15T00:00:00-02:00;15;11;2001;
2001-11-16;GM366_ERC366;2001-11-16T00:00:00-02:00;16;11;2001;2,5384
2001-11-17;GM366_ERC366;2001-11-17T00:00:00-02:00;17;11;2001;
2001-11-18;GM366_ERC366;2001-11-18T00:00:00-02:00;18;11;2001;
2001-11-19;GM366_ERC366;2001-11-19T00:00:00-02:00;19;11;2001;2,5146
2001-11-20;GM366_ERC366;2001-11-20T00:00:00-02:00;20;11;2001;2,5342
2001-11-21;GM366_ERC366;2001-11-21T00:00:00-02:00;21;11;2001;2,5403
2001-11-22;GM366_ERC366;2001-11-22T00:00:00-02:00;22;11;2001;2,5375
2001-11-23;GM366_ERC366;2001-11-23T00:00:00-02:00;23;11;2001;2,5126
2001-11-24;GM366_ERC366;2001-11-24T00:00:00-02:00;24;11;2001;
2001-11-25;GM366_ERC366;2001-11-25T00:00:00-02:00;25;11;2001;
2001-11-26;GM366_ERC366;2001-11-26T00:00:00-02:00;26;11;2001;2,4886
2001-11-27;GM366_ERC366;2001-11-27T00:00:00-02:00;27;11;2001;2,4596
2001-11-28;GM366_ERC366;2001-11-28T00:00:00-02:00;28;11;2001;2,4849
2001-11-29;GM366_ERC366;2001-11-29T00:00:00-02:00;29;11;2001;2,5064
2001-11-30;GM366_ERC366;2001-11-30T00:00:00-02:00;30;11;2001;2,5279
2001-12-01;GM366_ERC366;2001-12-01T00:00:00-02:00;1;12;2001;
2001-12-02;GM366_ERC366;2001-12-02T00:00:00-02:00;2;12;2001;
2001-12-03;GM366_ERC366;2001-12-03T00:00:00-02:00;3;12;2001;2,4664
2001-12-04;GM366_ERC366;2001-12-04T00:00:00-02:00;4;12;2001;2,4281
2001-12-05;GM366_ERC366;2001-12-05T00:00:00-02:00;5;12;2001;2,4298
2001-12-06;GM366_ERC366;2001-12-06T00:00:00-02:00;6;12;2001;2,4427
2001-12-07;GM366_ERC366;2001-12-07T00:00:00-02:00;7;12;2001;2,3997
2001-12-08;GM366_ERC366;2001-12-08T00:00:00-02:00;8;12;2001;
2001-12-09;GM366_ERC366;2001-12-09T00:00:00-02:00;9;12;2001;
2001-12-10;GM366_ERC366;2001-12-10T00:00:00-02:00;10;12;2001;2,3571
2001-12-11;GM366_ERC366;2001-12-11T00:00:00-02:00;11;12;2001;2,3409
2001-12-12;GM366_ERC366;2001-12-12T00:00:00-02:00;12;12;2001;2,3543
2001-12-13;GM366_ERC366;2001-12-13T00:00:00-02:00;13;12;2001;2,3839
2001-12-14;GM366_ERC366;2001-12-14T00:00:00-02:00;14;12;2001;2,3832
2001-12-15;GM366_ERC366;2001-12-15T00:00:00-02:00;15;12;2001;
2001-12-16;GM366_ERC366;2001-12-16T00:00:00-02:00;16;12;2001;
2001-12-17;GM366_ERC366;2001-12-17T00:00:00-02:00;17;12;2001;2,3572
2001-12-18;GM366_ERC366;2001-12-18T00:00:00-02:00;18;12;2001;2,3422
2001-12-19;GM366_ERC366;2001-12-19T00:00:00-02:00;19;12;2001;2,2922
2001-12-20;GM366_ERC366;2001-12-20T00:00:00-02:00;20;12;2001;2,3194
2001-12-21;GM366_ERC366;2001-12-21T00:00:00-02:00;21;12;2001;2,3303
2001-12-22;GM366_ERC366;2001-12-22T00:00:00-02:00;22;12;2001;
2001-12-23;GM366_ERC366;2001-12-23T00:00:00-02:00;23;12;2001;
2001-12-24;GM366_ERC366;2001-12-24T00:00:00-02:00;24;12;2001;2,337
2001-12-25;GM366_ERC366;2001-12-25T00:00:00-02:00;25;12;2001;
2001-12-26;GM366_ERC366;2001-12-26T00:00:00-02:00;26;12;2001;2,3137
2001-12-27;GM366_ERC366;2001-12-27T00:00:00-02:00;27;12;2001;2,3207
2001-12-28;GM366_ERC366;2001-12-28T00:00:00-02:00;28;12;2001;2,3196
2001-12-29;GM366_ERC366;2001-12-29T00:00:00-02:00;29;12;2001;
2001-12-30;GM366_ERC366;2001-12-30T00:00:00-02:00;30;12;2001;
2001-12-31;GM366_ERC366;2001-12-31T00:00:00-02:00;31;12;2001;2,3196
2002-01-01;GM366_ERC366;2002-01-01T00:00:00-02:00;1;1;2002;
2002-01-02;GM366_ERC366;2002-01-02T00:00:00-02:00;2;1;2002;2,3058
2002-01-03;GM366_ERC366;2002-01-03T00:00:00-02:00;3;1;2002;2,2924
2002-01-04;GM366_ERC366;2002-01-04T00:00:00-02:00;4;1;2002;2,3093
2002-01-05;GM366_ERC366;2002-01-05T00:00:00-02:00;5;1;2002;
2002-01-06;GM366_ERC366;2002-01-06T00:00:00-02:00;6;1;2002;
2002-01-07;GM366_ERC366;2002-01-07T00:00:00-02:00;7;1;2002;2,342
2002-01-08;GM366_ERC366;2002-01-08T00:00:00-02:00;8;1;2002;2,3446
2002-01-09;GM366_ERC366;2002-01-09T00:00:00-02:00;9;1;2002;2,3786
2002-01-10;GM366_ERC366;2002-01-10T00:00:00-02:00;10;1;2002;2,3888
2002-01-11;GM366_ERC366;2002-01-11T00:00:00-02:00;11;1;2002;2,416
2002-01-12;GM366_ERC366;2002-01-12T00:00:00-02:00;12;1;2002;
2002-01-13;GM366_ERC366;2002-01-13T00:00:00-02:00;13;1;2002;
2002-01-14;GM366_ERC366;2002-01-14T00:00:00-02:00;14;1;2002;2,4064
2002-01-15;GM366_ERC366;2002-01-15T00:00:00-02:00;15;1;2002;2,3697
2002-01-16;GM366_ERC366;2002-01-16T00:00:00-02:00;16;1;2002;2,3859
2002-01-17;GM366_ERC366;2002-01-17T00:00:00-02:00;17;1;2002;2,3633
2002-01-18;GM366_ERC366;2002-01-18T00:00:00-02:00;18;1;2002;2,3744
2002-01-19;GM366_ERC366;2002-01-19T00:00:00-02:00;19;1;2002;
2002-01-20;GM366_ERC366;2002-01-20T00:00:00-02:00;20;1;2002;
2002-01-21;GM366_ERC366;2002-01-21T00:00:00-02:00;21;1;2002;2,3734
2002-01-22;GM366_ERC366;2002-01-22T00:00:00-02:00;22;1;2002;2,3659
2002-01-23;GM366_ERC366;2002-01-23T00:00:00-02:00;23;1;2002;2,3796
2002-01-24;GM366_ERC366;2002-01-24T00:00:00-02:00;24;1;2002;2,3973
2002-01-25;GM366_ERC366;2002-01-25T00:00:00-02:00;25;1;2002;2,4038
2002-01-26;GM366_ERC366;2002-01-26T00:00:00-02:00;26;1;2002;
2002-01-27;GM366_ERC366;2002-01-27T00:00:00-02:00;27;1;2002;
2002-01-28;GM366_ERC366;2002-01-28T00:00:00-02:00;28;1;2002;2,422
2002-01-29;GM366_ERC366;2002-01-29T00:00:00-02:00;29;1;2002;2,4226
2002-01-30;GM366_ERC366;2002-01-30T00:00:00-02:00;30;1;2002;2,4376
2002-01-31;GM366_ERC366;2002-01-31T00:00:00-02:00;31;1;2002;2,4175
2002-02-01;GM366_ERC366;2002-02-01T00:00:00-02:00;1;2;2002;2,4153
2002-02-02;GM366_ERC366;2002-02-02T00:00:00-02:00;2;2;2002;
2002-02-03;GM366_ERC366;2002-02-03T00:00:00-02:00;3;2;2002;
2002-02-04;GM366_ERC366;2002-02-04T00:00:00-02:00;4;2;2002;2,422
2002-02-05;GM366_ERC366;2002-02-05T00:00:00-02:00;5;2;2002;2,4206
2002-02-06;GM366_ERC366;2002-02-06T00:00:00-02:00;6;2;2002;2,4198
2002-02-07;GM366_ERC366;2002-02-07T00:00:00-02:00;7;2;2002;2,451
2002-02-08;GM366_ERC366;2002-02-08T00:00:00-02:00;8;2;2002;2,4683
2002-02-09;GM366_ERC366;2002-02-09T00:00:00-02:00;9;2;2002;
2002-02-10;GM366_ERC366;2002-02-10T00:00:00-03:00;10;2;2002;
2002-02-11;GM366_ERC366;2002-02-11T00:00:00-03:00;11;2;2002;
2002-02-12;GM366_ERC366;2002-02-12T00:00:00-03:00;12;2;2002;
2002-02-13;GM366_ERC366;2002-02-13T00:00:00-03:00;13;2;2002;2,4224
2002-02-14;GM366_ERC366;2002-02-14T00:00:00-03:00;14;2;2002;2,4241
2002-02-15;GM366_ERC366;2002-02-15T00:00:00-03:00;15;2;2002;2,4372
2002-02-16;GM366_ERC366;2002-02-16T00:00:00-03:00;16;2;2002;
2002-02-17;GM366_ERC366;2002-02-17T00:00:00-03:00;17;2;2002;
2002-02-18;GM366_ERC366;2002-02-18T00:00:00-03:00;18;2;2002;2,4276
2002-02-19;GM366_ERC366;2002-02-19T00:00:00-03:00;19;2;2002;2,4241
2002-02-20;GM366_ERC366;2002-02-20T00:00:00-03:00;20;2;2002;2,4276
2002-02-21;GM366_ERC366;2002-02-21T00:00:00-03:00;21;2;2002;2,4233
2002-02-22;GM366_ERC366;2002-02-22T00:00:00-03:00;22;2;2002;2,4265
2002-02-23;GM366_ERC366;2002-02-23T00:00:00-03:00;23;2;2002;
2002-02-24;GM366_ERC366;2002-02-24T00:00:00-03:00;24;2;2002;
2002-02-25;GM366_ERC366;2002-02-25T00:00:00-03:00;25;2;2002;2,4054
2002-02-26;GM366_ERC366;2002-02-26T00:00:00-03:00;26;2;2002;2,3939
2002-02-27;GM366_ERC366;2002-02-27T00:00:00-03:00;27;2;2002;2,3819
2002-02-28;GM366_ERC366;2002-02-28T00:00:00-03:00;28;2;2002;2,3474
2002-03-01;GM366_ERC366;2002-03-01T00:00:00-03:00;1;3;2002;2,3588
2002-03-02;GM366_ERC366;2002-03-02T00:00:00-03:00;2;3;2002;
2002-03-03;GM366_ERC366;2002-03-03T00:00:00-03:00;3;3;2002;
2002-03-04;GM366_ERC366;2002-03-04T00:00:00-03:00;4;3;2002;2,3424
2002-03-05;GM366_ERC366;2002-03-05T00:00:00-03:00;5;3;2002;2,3243
2002-03-06;GM366_ERC366;2002-03-06T00:00:00-03:00;6;3;2002;2,3512
2002-03-07;GM366_ERC366;2002-03-07T00:00:00-03:00;7;3;2002;2,3655
2002-03-08;GM366_ERC366;2002-03-08T00:00:00-03:00;8;3;2002;2,3574
2002-03-09;GM366_ERC366;2002-03-09T00:00:00-03:00;9;3;2002;
2002-03-10;GM366_ERC366;2002-03-10T00:00:00-03:00;10;3;2002;
2002-03-11;GM366_ERC366;2002-03-11T00:00:00-03:00;11;3;2002;2,3479
2002-03-12;GM366_ERC366;2002-03-12T00:00:00-03:00;12;3;2002;2,3488
2002-03-13;GM366_ERC366;2002-03-13T00:00:00-03:00;13;3;2002;2,336
2002-03-14;GM366_ERC366;2002-03-14T00:00:00-03:00;14;3;2002;2,3433
2002-03-15;GM366_ERC366;2002-03-15T00:00:00-03:00;15;3;2002;2,3534
2002-03-16;GM366_ERC366;2002-03-16T00:00:00-03:00;16;3;2002;
2002-03-17;GM366_ERC366;2002-03-17T00:00:00-03:00;17;3;2002;
2002-03-18;GM366_ERC366;2002-03-18T00:00:00-03:00;18;3;2002;2,3398
2002-03-19;GM366_ERC366;2002-03-19T00:00:00-03:00;19;3;2002;2,3424
2002-03-20;GM366_ERC366;2002-03-20T00:00:00-03:00;20;3;2002;2,3372
2002-03-21;GM366_ERC366;2002-03-21T00:00:00-03:00;21;3;2002;2,3467
2002-03-22;GM366_ERC366;2002-03-22T00:00:00-03:00;22;3;2002;2,35
2002-03-23;GM366_ERC366;2002-03-23T00:00:00-03:00;23;3;2002;
2002-03-24;GM366_ERC366;2002-03-24T00:00:00-03:00;24;3;2002;
2002-03-25;GM366_ERC366;2002-03-25T00:00:00-03:00;25;3;2002;2,3633
2002-03-26;GM366_ERC366;2002-03-26T00:00:00-03:00;26;3;2002;2,3494
2002-03-27;GM366_ERC366;2002-03-27T00:00:00-03:00;27;3;2002;2,3363
2002-03-28;GM366_ERC366;2002-03-28T00:00:00-03:00;28;3;2002;2,3228
2002-03-29;GM366_ERC366;2002-03-29T00:00:00-03:00;29;3;2002;
2002-03-30;GM366_ERC366;2002-03-30T00:00:00-03:00;30;3;2002;
2002-03-31;GM366_ERC366;2002-03-31T00:00:00-03:00;31;3;2002;
2002-04-01;GM366_ERC366;2002-04-01T00:00:00-03:00;1;4;2002;2,3212
2002-04-02;GM366_ERC366;2002-04-02T00:00:00-03:00;2;4;2002;2,3014
2002-04-03;GM366_ERC366;2002-04-03T00:00:00-03:00;3;4;2002;2,2969
2002-04-04;GM366_ERC366;2002-04-04T00:00:00-03:00;4;4;2002;2,311
2002-04-05;GM366_ERC366;2002-04-05T00:00:00-03:00;5;4;2002;2,2916
2002-04-06;GM366_ERC366;2002-04-06T00:00:00-03:00;6;4;2002;
2002-04-07;GM366_ERC366;2002-04-07T00:00:00-03:00;7;4;2002;
2002-04-08;GM366_ERC366;2002-04-08T00:00:00-03:00;8;4;2002;2,2899
2002-04-09;GM366_ERC366;2002-04-09T00:00:00-03:00;9;4;2002;2,2834
2002-04-10;GM366_ERC366;2002-04-10T00:00:00-03:00;10;4;2002;2,272
2002-04-11;GM366_ERC366;2002-04-11T00:00:00-03:00;11;4;2002;2,2701
2002-04-12;GM366_ERC366;2002-04-12T00:00:00-03:00;12;4;2002;2,298
2002-04-13;GM366_ERC366;2002-04-13T00:00:00-03:00;13;4;2002;
2002-04-14;GM366_ERC366;2002-04-14T00:00:00-03:00;14;4;2002;
2002-04-15;GM366_ERC366;2002-04-15T00:00:00-03:00;15;4;2002;2,3172
2002-04-16;GM366_ERC366;2002-04-16T00:00:00-03:00;16;4;2002;2,3164
2002-04-17;GM366_ERC366;2002-04-17T00:00:00-03:00;17;4;2002;2,3157
2002-04-18;GM366_ERC366;2002-04-18T00:00:00-03:00;18;4;2002;2,3319
2002-04-19;GM366_ERC366;2002-04-19T00:00:00-03:00;19;4;2002;2,3261
2002-04-20;GM366_ERC366;2002-04-20T00:00:00-03:00;20;4;2002;
2002-04-21;GM366_ERC366;2002-04-21T00:00:00-03:00;21;4;2002;
2002-04-22;GM366_ERC366;2002-04-22T00:00:00-03:00;22;4;2002;2,3339
2002-04-23;GM366_ERC366;2002-04-23T00:00:00-03:00;23;4;2002;2,3479
2002-04-24;GM366_ERC366;2002-04-24T00:00:00-03:00;24;4;2002;2,356
2002-04-25;GM366_ERC366;2002-04-25T00:00:00-03:00;25;4;2002;2,3658
2002-04-26;GM366_ERC366;2002-04-26T00:00:00-03:00;26;4;2002;2,355
2002-04-27;GM366_ERC366;2002-04-27T00:00:00-03:00;27;4;2002;
2002-04-28;GM366_ERC366;2002-04-28T00:00:00-03:00;28;4;2002;
2002-04-29;GM366_ERC366;2002-04-29T00:00:00-03:00;29;4;2002;2,3681
2002-04-30;GM366_ERC366;2002-04-30T00:00:00-03:00;30;4;2002;2,3617
2002-05-01;GM366_ERC366;2002-05-01T00:00:00-03:00;1;5;2002;
2002-05-02;GM366_ERC366;2002-05-02T00:00:00-03:00;2;5;2002;2,3762
2002-05-03;GM366_ERC366;2002-05-03T00:00:00-03:00;3;5;2002;2,4141
2002-05-04;GM366_ERC366;2002-05-04T00:00:00-03:00;4;5;2002;
2002-05-05;GM366_ERC366;2002-05-05T00:00:00-03:00;5;5;2002;
2002-05-06;GM366_ERC366;2002-05-06T00:00:00-03:00;6;5;2002;2,4319
2002-05-07;GM366_ERC366;2002-05-07T00:00:00-03:00;7;5;2002;2,4166
2002-05-08;GM366_ERC366;2002-05-08T00:00:00-03:00;8;5;2002;2,4333
2002-05-09;GM366_ERC366;2002-05-09T00:00:00-03:00;9;5;2002;2,4511
2002-05-10;GM366_ERC366;2002-05-10T00:00:00-03:00;10;5;2002;2,483
2002-05-11;GM366_ERC366;2002-05-11T00:00:00-03:00;11;5;2002;
2002-05-12;GM366_ERC366;2002-05-12T00:00:00-03:00;12;5;2002;
2002-05-13;GM366_ERC366;2002-05-13T00:00:00-03:00;13;5;2002;2,4944
2002-05-14;GM366_ERC366;2002-05-14T00:00:00-03:00;14;5;2002;2,5146
2002-05-15;GM366_ERC366;2002-05-15T00:00:00-03:00;15;5;2002;2,5109
2002-05-16;GM366_ERC366;2002-05-16T00:00:00-03:00;16;5;2002;2,4791
2002-05-17;GM366_ERC366;2002-05-17T00:00:00-03:00;17;5;2002;2,4755
2002-05-18;GM366_ERC366;2002-05-18T00:00:00-03:00;18;5;2002;
2002-05-19;GM366_ERC366;2002-05-19T00:00:00-03:00;19;5;2002;
2002-05-20;GM366_ERC366;2002-05-20T00:00:00-03:00;20;5;2002;2,4729
2002-05-21;GM366_ERC366;2002-05-21T00:00:00-03:00;21;5;2002;2,4779
2002-05-22;GM366_ERC366;2002-05-22T00:00:00-03:00;22;5;2002;2,5008
2002-05-23;GM366_ERC366;2002-05-23T00:00:00-03:00;23;5;2002;2,5288
2002-05-24;GM366_ERC366;2002-05-24T00:00:00-03:00;24;5;2002;2,5232
2002-05-25;GM366_ERC366;2002-05-25T00:00:00-03:00;25;5;2002;
2002-05-26;GM366_ERC366;2002-05-26T00:00:00-03:00;26;5;2002;
2002-05-27;GM366_ERC366;2002-05-27T00:00:00-03:00;27;5;2002;2,522
2002-05-28;GM366_ERC366;2002-05-28T00:00:00-03:00;28;5;2002;2,524
2002-05-29;GM366_ERC366;2002-05-29T00:00:00-03:00;29;5;2002;2,5193
2002-05-30;GM366_ERC366;2002-05-30T00:00:00-03:00;30;5;2002;
2002-05-31;GM366_ERC366;2002-05-31T00:00:00-03:00;31;5;2002;2,5212
2002-06-01;GM366_ERC366;2002-06-01T00:00:00-03:00;1;6;2002;
2002-06-02;GM366_ERC366;2002-06-02T00:00:00-03:00;2;6;2002;
2002-06-03;GM366_ERC366;2002-06-03T00:00:00-03:00;3;6;2002;2,5405
2002-06-04;GM366_ERC366;2002-06-04T00:00:00-03:00;4;6;2002;2,5689
2002-06-05;GM366_ERC366;2002-06-05T00:00:00-03:00;5;6;2002;2,6078
2002-06-06;GM366_ERC366;2002-06-06T00:00:00-03:00;6;6;2002;2,641
2002-06-07;GM366_ERC366;2002-06-07T00:00:00-03:00;7;6;2002;2,67
2002-06-08;GM366_ERC366;2002-06-08T00:00:00-03:00;8;6;2002;
2002-06-09;GM366_ERC366;2002-06-09T00:00:00-03:00;9;6;2002;
2002-06-10;GM366_ERC366;2002-06-10T00:00:00-03:00;10;6;2002;2,6359
2002-06-11;GM366_ERC366;2002-06-11T00:00:00-03:00;11;6;2002;2,6656
2002-06-12;GM366_ERC366;2002-06-12T00:00:00-03:00;12;6;2002;2,7478
2002-06-13;GM366_ERC366;2002-06-13T00:00:00-03:00;13;6;2002;2,6914
2002-06-14;GM366_ERC366;2002-06-14T00:00:00-03:00;14;6;2002;2,7173
2002-06-15;GM366_ERC366;2002-06-15T00:00:00-03:00;15;6;2002;
2002-06-16;GM366_ERC366;2002-06-16T00:00:00-03:00;16;6;2002;
2002-06-17;GM366_ERC366;2002-06-17T00:00:00-03:00;17;6;2002;2,6815
2002-06-18;GM366_ERC366;2002-06-18T00:00:00-03:00;18;6;2002;2,6692
2002-06-19;GM366_ERC366;2002-06-19T00:00:00-03:00;19;6;2002;2,7022
2002-06-20;GM366_ERC366;2002-06-20T00:00:00-03:00;20;6;2002;2,7497
2002-06-21;GM366_ERC366;2002-06-21T00:00:00-03:00;21;6;2002;2,7902
2002-06-22;GM366_ERC366;2002-06-22T00:00:00-03:00;22;6;2002;
2002-06-23;GM366_ERC366;2002-06-23T00:00:00-03:00;23;6;2002;
2002-06-24;GM366_ERC366;2002-06-24T00:00:00-03:00;24;6;2002;2,8261
2002-06-25;GM366_ERC366;2002-06-25T00:00:00-03:00;25;6;2002;2,7987
2002-06-26;GM366_ERC366;2002-06-26T00:00:00-03:00;26;6;2002;2,8576
2002-06-27;GM366_ERC366;2002-06-27T00:00:00-03:00;27;6;2002;2,8585
2002-06-28;GM366_ERC366;2002-06-28T00:00:00-03:00;28;6;2002;2,8436
2002-06-29;GM366_ERC366;2002-06-29T00:00:00-03:00;29;6;2002;
2002-06-30;GM366_ERC366;2002-06-30T00:00:00-03:00;30;6;2002;
2002-07-01;GM366_ERC366;2002-07-01T00:00:00-03:00;1;7;2002;2,8587
2002-07-02;GM366_ERC366;2002-07-02T00:00:00-03:00;2;7;2002;2,9133
2002-07-03;GM366_ERC366;2002-07-03T00:00:00-03:00;3;7;2002;2,8609
2002-07-04;GM366_ERC366;2002-07-04T00:00:00-03:00;4;7;2002;2,8473
2002-07-05;GM366_ERC366;2002-07-05T00:00:00-03:00;5;7;2002;2,8738
2002-07-06;GM366_ERC366;2002-07-06T00:00:00-03:00;6;7;2002;
2002-07-07;GM366_ERC366;2002-07-07T00:00:00-03:00;7;7;2002;
2002-07-08;GM366_ERC366;2002-07-08T00:00:00-03:00;8;7;2002;2,8703
2002-07-09;GM366_ERC366;2002-07-09T00:00:00-03:00;9;7;2002;2,8543
2002-07-10;GM366_ERC366;2002-07-10T00:00:00-03:00;10;7;2002;2,8533
2002-07-11;GM366_ERC366;2002-07-11T00:00:00-03:00;11;7;2002;2,8224
2002-07-12;GM366_ERC366;2002-07-12T00:00:00-03:00;12;7;2002;2,8139
2002-07-13;GM366_ERC366;2002-07-13T00:00:00-03:00;13;7;2002;
2002-07-14;GM366_ERC366;2002-07-14T00:00:00-03:00;14;7;2002;
2002-07-15;GM366_ERC366;2002-07-15T00:00:00-03:00;15;7;2002;2,8447
2002-07-16;GM366_ERC366;2002-07-16T00:00:00-03:00;16;7;2002;2,8663
2002-07-17;GM366_ERC366;2002-07-17T00:00:00-03:00;17;7;2002;2,8775
2002-07-18;GM366_ERC366;2002-07-18T00:00:00-03:00;18;7;2002;2,8764
2002-07-19;GM366_ERC366;2002-07-19T00:00:00-03:00;19;7;2002;2,8663
2002-07-20;GM366_ERC366;2002-07-20T00:00:00-03:00;20;7;2002;
2002-07-21;GM366_ERC366;2002-07-21T00:00:00-03:00;21;7;2002;
2002-07-22;GM366_ERC366;2002-07-22T00:00:00-03:00;22;7;2002;2,8808
2002-07-23;GM366_ERC366;2002-07-23T00:00:00-03:00;23;7;2002;2,9124
2002-07-24;GM366_ERC366;2002-07-24T00:00:00-03:00;24;7;2002;2,9471
2002-07-25;GM366_ERC366;2002-07-25T00:00:00-03:00;25;7;2002;2,9814
2002-07-26;GM366_ERC366;2002-07-26T00:00:00-03:00;26;7;2002;3,0169
2002-07-27;GM366_ERC366;2002-07-27T00:00:00-03:00;27;7;2002;
2002-07-28;GM366_ERC366;2002-07-28T00:00:00-03:00;28;7;2002;
2002-07-29;GM366_ERC366;2002-07-29T00:00:00-03:00;29;7;2002;3,1441
2002-07-30;GM366_ERC366;2002-07-30T00:00:00-03:00;30;7;2002;3,2684
2002-07-31;GM366_ERC366;2002-07-31T00:00:00-03:00;31;7;2002;3,4277
2002-08-01;GM366_ERC366;2002-08-01T00:00:00-03:00;1;8;2002;3,3267
2002-08-02;GM366_ERC366;2002-08-02T00:00:00-03:00;2;8;2002;3,0294
2002-08-03;GM366_ERC366;2002-08-03T00:00:00-03:00;3;8;2002;
2002-08-04;GM366_ERC366;2002-08-04T00:00:00-03:00;4;8;2002;
2002-08-05;GM366_ERC366;2002-08-05T00:00:00-03:00;5;8;2002;3,0724
2002-08-06;GM366_ERC366;2002-08-06T00:00:00-03:00;6;8;2002;3,2062
2002-08-07;GM366_ERC366;2002-08-07T00:00:00-03:00;7;8;2002;3,059
2002-08-08;GM366_ERC366;2002-08-08T00:00:00-03:00;8;8;2002;2,8875
2002-08-09;GM366_ERC366;2002-08-09T00:00:00-03:00;9;8;2002;2,9956
2002-08-10;GM366_ERC366;2002-08-10T00:00:00-03:00;10;8;2002;
2002-08-11;GM366_ERC366;2002-08-11T00:00:00-03:00;11;8;2002;
2002-08-12;GM366_ERC366;2002-08-12T00:00:00-03:00;12;8;2002;3,0971
2002-08-13;GM366_ERC366;2002-08-13T00:00:00-03:00;13;8;2002;3,2086
2002-08-14;GM366_ERC366;2002-08-14T00:00:00-03:00;14;8;2002;3,1957
2002-08-15;GM366_ERC366;2002-08-15T00:00:00-03:00;15;8;2002;3,1904
2002-08-16;GM366_ERC366;2002-08-16T00:00:00-03:00;16;8;2002;3,1612
2002-08-17;GM366_ERC366;2002-08-17T00:00:00-03:00;17;8;2002;
2002-08-18;GM366_ERC366;2002-08-18T00:00:00-03:00;18;8;2002;
2002-08-19;GM366_ERC366;2002-08-19T00:00:00-03:00;19;8;2002;3,1134
2002-08-20;GM366_ERC366;2002-08-20T00:00:00-03:00;20;8;2002;3,0915
2002-08-21;GM366_ERC366;2002-08-21T00:00:00-03:00;21;8;2002;3,0786
2002-08-22;GM366_ERC366;2002-08-22T00:00:00-03:00;22;8;2002;3,1409
2002-08-23;GM366_ERC366;2002-08-23T00:00:00-03:00;23;8;2002;3,1128
2002-08-24;GM366_ERC366;2002-08-24T00:00:00-03:00;24;8;2002;
2002-08-25;GM366_ERC366;2002-08-25T00:00:00-03:00;25;8;2002;
2002-08-26;GM366_ERC366;2002-08-26T00:00:00-03:00;26;8;2002;3,078
2002-08-27;GM366_ERC366;2002-08-27T00:00:00-03:00;27;8;2002;3,0941
2002-08-28;GM366_ERC366;2002-08-28T00:00:00-03:00;28;8;2002;3,1211
2002-08-29;GM366_ERC366;2002-08-29T00:00:00-03:00;29;8;2002;3,1231
2002-08-30;GM366_ERC366;2002-08-30T00:00:00-03:00;30;8;2002;3,0215
2002-08-31;GM366_ERC366;2002-08-31T00:00:00-03:00;31;8;2002;
2002-09-01;GM366_ERC366;2002-09-01T00:00:00-03:00;1;9;2002;
2002-09-02;GM366_ERC366;2002-09-02T00:00:00-03:00;2;9;2002;3,0278
2002-09-03;GM366_ERC366;2002-09-03T00:00:00-03:00;3;9;2002;3,098
2002-09-04;GM366_ERC366;2002-09-04T00:00:00-03:00;4;9;2002;3,1317
2002-09-05;GM366_ERC366;2002-09-05T00:00:00-03:00;5;9;2002;3,1504
2002-09-06;GM366_ERC366;2002-09-06T00:00:00-03:00;6;9;2002;3,1775
2002-09-07;GM366_ERC366;2002-09-07T00:00:00-03:00;7;9;2002;
2002-09-08;GM366_ERC366;2002-09-08T00:00:00-03:00;8;9;2002;
2002-09-09;GM366_ERC366;2002-09-09T00:00:00-03:00;9;9;2002;3,1304
2002-09-10;GM366_ERC366;2002-09-10T00:00:00-03:00;10;9;2002;3,1298
2002-09-11;GM366_ERC366;2002-09-11T00:00:00-03:00;11;9;2002;3,1145
2002-09-12;GM366_ERC366;2002-09-12T00:00:00-03:00;12;9;2002;3,1231
2002-09-13;GM366_ERC366;2002-09-13T00:00:00-03:00;13;9;2002;3,1498
2002-09-14;GM366_ERC366;2002-09-14T00:00:00-03:00;14;9;2002;
2002-09-15;GM366_ERC366;2002-09-15T00:00:00-03:00;15;9;2002;
2002-09-16;GM366_ERC366;2002-09-16T00:00:00-03:00;16;9;2002;3,1876
2002-09-17;GM366_ERC366;2002-09-17T00:00:00-03:00;17;9;2002;3,224
2002-09-18;GM366_ERC366;2002-09-18T00:00:00-03:00;18;9;2002;3,3232
2002-09-19;GM366_ERC366;2002-09-19T00:00:00-03:00;19;9;2002;3,3835
2002-09-20;GM366_ERC366;2002-09-20T00:00:00-03:00;20;9;2002;3,4269
2002-09-21;GM366_ERC366;2002-09-21T00:00:00-03:00;21;9;2002;
2002-09-22;GM366_ERC366;2002-09-22T00:00:00-03:00;22;9;2002;
2002-09-23;GM366_ERC366;2002-09-23T00:00:00-03:00;23;9;2002;3,544
2002-09-24;GM366_ERC366;2002-09-24T00:00:00-03:00;24;9;2002;3,6208
2002-09-25;GM366_ERC366;2002-09-25T00:00:00-03:00;25;9;2002;3,7249
2002-09-26;GM366_ERC366;2002-09-26T00:00:00-03:00;26;9;2002;3,7508
2002-09-27;GM366_ERC366;2002-09-27T00:00:00-03:00;27;9;2002;3,8533
2002-09-28;GM366_ERC366;2002-09-28T00:00:00-03:00;28;9;2002;
2002-09-29;GM366_ERC366;2002-09-29T00:00:00-03:00;29;9;2002;
2002-09-30;GM366_ERC366;2002-09-30T00:00:00-03:00;30;9;2002;3,8941
2002-10-01;GM366_ERC366;2002-10-01T00:00:00-03:00;1;10;2002;3,7459
2002-10-02;GM366_ERC366;2002-10-02T00:00:00-03:00;2;10;2002;3,5928
2002-10-03;GM366_ERC366;2002-10-03T00:00:00-03:00;3;10;2002;3,6944
2002-10-04;GM366_ERC366;2002-10-04T00:00:00-03:00;4;10;2002;3,6585
2002-10-05;GM366_ERC366;2002-10-05T00:00:00-03:00;5;10;2002;
2002-10-06;GM366_ERC366;2002-10-06T00:00:00-03:00;6;10;2002;
2002-10-07;GM366_ERC366;2002-10-07T00:00:00-03:00;7;10;2002;3,6957
2002-10-08;GM366_ERC366;2002-10-08T00:00:00-03:00;8;10;2002;3,7009
2002-10-09;GM366_ERC366;2002-10-09T00:00:00-03:00;9;10;2002;3,8512
2002-10-10;GM366_ERC366;2002-10-10T00:00:00-03:00;10;10;2002;3,922
2002-10-11;GM366_ERC366;2002-10-11T00:00:00-03:00;11;10;2002;3,9227
2002-10-12;GM366_ERC366;2002-10-12T00:00:00-03:00;12;10;2002;
2002-10-13;GM366_ERC366;2002-10-13T00:00:00-03:00;13;10;2002;
2002-10-14;GM366_ERC366;2002-10-14T00:00:00-03:00;14;10;2002;3,8605
2002-10-15;GM366_ERC366;2002-10-15T00:00:00-03:00;15;10;2002;3,8559
2002-10-16;GM366_ERC366;2002-10-16T00:00:00-03:00;16;10;2002;3,8736
2002-10-17;GM366_ERC366;2002-10-17T00:00:00-03:00;17;10;2002;3,9237
2002-10-18;GM366_ERC366;2002-10-18T00:00:00-03:00;18;10;2002;3,8751
2002-10-19;GM366_ERC366;2002-10-19T00:00:00-03:00;19;10;2002;
2002-10-20;GM366_ERC366;2002-10-20T00:00:00-03:00;20;10;2002;
2002-10-21;GM366_ERC366;2002-10-21T00:00:00-03:00;21;10;2002;3,9117
2002-10-22;GM366_ERC366;2002-10-22T00:00:00-03:00;22;10;2002;3,9544
2002-10-23;GM366_ERC366;2002-10-23T00:00:00-03:00;23;10;2002;3,8696
2002-10-24;GM366_ERC366;2002-10-24T00:00:00-03:00;24;10;2002;3,8609
2002-10-25;GM366_ERC366;2002-10-25T00:00:00-03:00;25;10;2002;3,8007
2002-10-26;GM366_ERC366;2002-10-26T00:00:00-03:00;26;10;2002;
2002-10-27;GM366_ERC366;2002-10-27T00:00:00-03:00;27;10;2002;
2002-10-28;GM366_ERC366;2002-10-28T00:00:00-03:00;28;10;2002;3,7398
2002-10-29;GM366_ERC366;2002-10-29T00:00:00-03:00;29;10;2002;3,8203
2002-10-30;GM366_ERC366;2002-10-30T00:00:00-03:00;30;10;2002;3,7435
2002-10-31;GM366_ERC366;2002-10-31T00:00:00-03:00;31;10;2002;3,6442
2002-11-01;GM366_ERC366;2002-11-01T00:00:00-03:00;1;11;2002;3,6105
2002-11-02;GM366_ERC366;2002-11-02T00:00:00-03:00;2;11;2002;
2002-11-03;GM366_ERC366;2002-11-03T00:00:00-03:00;3;11;2002;
2002-11-04;GM366_ERC366;2002-11-04T00:00:00-03:00;4;11;2002;3,541
2002-11-05;GM366_ERC366;2002-11-05T00:00:00-03:00;5;11;2002;3,5617
2002-11-06;GM366_ERC366;2002-11-06T00:00:00-02:00;6;11;2002;3,5968
2002-11-07;GM366_ERC366;2002-11-07T00:00:00-02:00;7;11;2002;3,621
2002-11-08;GM366_ERC366;2002-11-08T00:00:00-02:00;8;11;2002;3,5263
2002-11-09;GM366_ERC366;2002-11-09T00:00:00-02:00;9;11;2002;
2002-11-10;GM366_ERC366;2002-11-10T00:00:00-02:00;10;11;2002;
2002-11-11;GM366_ERC366;2002-11-11T00:00:00-02:00;11;11;2002;3,5027
2002-11-12;GM366_ERC366;2002-11-12T00:00:00-02:00;12;11;2002;3,5519
2002-11-13;GM366_ERC366;2002-11-13T00:00:00-02:00;13;11;2002;3,6334
2002-11-14;GM366_ERC366;2002-11-14T00:00:00-02:00;14;11;2002;3,6789
2002-11-15;GM366_ERC366;2002-11-15T00:00:00-02:00;15;11;2002;
2002-11-16;GM366_ERC366;2002-11-16T00:00:00-02:00;16;11;2002;
2002-11-17;GM366_ERC366;2002-11-17T00:00:00-02:00;17;11;2002;
2002-11-18;GM366_ERC366;2002-11-18T00:00:00-02:00;18;11;2002;3,5881
2002-11-19;GM366_ERC366;2002-11-19T00:00:00-02:00;19;11;2002;3,5539
2002-11-20;GM366_ERC366;2002-11-20T00:00:00-02:00;20;11;2002;3,5138
2002-11-21;GM366_ERC366;2002-11-21T00:00:00-02:00;21;11;2002;3,5095
2002-11-22;GM366_ERC366;2002-11-22T00:00:00-02:00;22;11;2002;3,5608
2002-11-23;GM366_ERC366;2002-11-23T00:00:00-02:00;23;11;2002;
2002-11-24;GM366_ERC366;2002-11-24T00:00:00-02:00;24;11;2002;
2002-11-25;GM366_ERC366;2002-11-25T00:00:00-02:00;25;11;2002;3,5484
2002-11-26;GM366_ERC366;2002-11-26T00:00:00-02:00;26;11;2002;3,5864
2002-11-27;GM366_ERC366;2002-11-27T00:00:00-02:00;27;11;2002;3,589
2002-11-28;GM366_ERC366;2002-11-28T00:00:00-02:00;28;11;2002;3,6022
2002-11-29;GM366_ERC366;2002-11-29T00:00:00-02:00;29;11;2002;3,6357
2002-11-30;GM366_ERC366;2002-11-30T00:00:00-02:00;30;11;2002;
2002-12-01;GM366_ERC366;2002-12-01T00:00:00-02:00;1;12;2002;
2002-12-02;GM366_ERC366;2002-12-02T00:00:00-02:00;2;12;2002;3,6152
2002-12-03;GM366_ERC366;2002-12-03T00:00:00-02:00;3;12;2002;3,6617
2002-12-04;GM366_ERC366;2002-12-04T00:00:00-02:00;4;12;2002;3,7041
2002-12-05;GM366_ERC366;2002-12-05T00:00:00-02:00;5;12;2002;3,7506
2002-12-06;GM366_ERC366;2002-12-06T00:00:00-02:00;6;12;2002;3,7518
2002-12-07;GM366_ERC366;2002-12-07T00:00:00-02:00;7;12;2002;
2002-12-08;GM366_ERC366;2002-12-08T00:00:00-02:00;8;12;2002;
2002-12-09;GM366_ERC366;2002-12-09T00:00:00-02:00;9;12;2002;3,7972
2002-12-10;GM366_ERC366;2002-12-10T00:00:00-02:00;10;12;2002;3,7677
2002-12-11;GM366_ERC366;2002-12-11T00:00:00-02:00;11;12;2002;3,7946
2002-12-12;GM366_ERC366;2002-12-12T00:00:00-02:00;12;12;2002;3,7527
2002-12-13;GM366_ERC366;2002-12-13T00:00:00-02:00;13;12;2002;3,7334
2002-12-14;GM366_ERC366;2002-12-14T00:00:00-02:00;14;12;2002;
2002-12-15;GM366_ERC366;2002-12-15T00:00:00-02:00;15;12;2002;
2002-12-16;GM366_ERC366;2002-12-16T00:00:00-02:00;16;12;2002;3,631
2002-12-17;GM366_ERC366;2002-12-17T00:00:00-02:00;17;12;2002;3,5819
2002-12-18;GM366_ERC366;2002-12-18T00:00:00-02:00;18;12;2002;3,5308
2002-12-19;GM366_ERC366;2002-12-19T00:00:00-02:00;19;12;2002;3,5039
2002-12-20;GM366_ERC366;2002-12-20T00:00:00-02:00;20;12;2002;3,427
2002-12-21;GM366_ERC366;2002-12-21T00:00:00-02:00;21;12;2002;
2002-12-22;GM366_ERC366;2002-12-22T00:00:00-02:00;22;12;2002;
2002-12-23;GM366_ERC366;2002-12-23T00:00:00-02:00;23;12;2002;3,4939
2002-12-24;GM366_ERC366;2002-12-24T00:00:00-02:00;24;12;2002;3,5002
2002-12-25;GM366_ERC366;2002-12-25T00:00:00-02:00;25;12;2002;
2002-12-26;GM366_ERC366;2002-12-26T00:00:00-02:00;26;12;2002;3,5243
2002-12-27;GM366_ERC366;2002-12-27T00:00:00-02:00;27;12;2002;3,5405
2002-12-28;GM366_ERC366;2002-12-28T00:00:00-02:00;28;12;2002;
2002-12-29;GM366_ERC366;2002-12-29T00:00:00-02:00;29;12;2002;
2002-12-30;GM366_ERC366;2002-12-30T00:00:00-02:00;30;12;2002;3,5325
2002-12-31;GM366_ERC366;2002-12-31T00:00:00-02:00;31;12;2002;3,5325
2003-01-01;GM366_ERC366;2003-01-01T00:00:00-02:00;1;1;2003;
2003-01-02;GM366_ERC366;2003-01-02T00:00:00-02:00;2;1;2003;3,5216
2003-01-03;GM366_ERC366;2003-01-03T00:00:00-02:00;3;1;2003;3,469
2003-01-04;GM366_ERC366;2003-01-04T00:00:00-02:00;4;1;2003;
2003-01-05;GM366_ERC366;2003-01-05T00:00:00-02:00;5;1;2003;
2003-01-06;GM366_ERC366;2003-01-06T00:00:00-02:00;6;1;2003;3,3656
2003-01-07;GM366_ERC366;2003-01-07T00:00:00-02:00;7;1;2003;3,3415
2003-01-08;GM366_ERC366;2003-01-08T00:00:00-02:00;8;1;2003;3,3116
2003-01-09;GM366_ERC366;2003-01-09T00:00:00-02:00;9;1;2003;3,3289
2003-01-10;GM366_ERC366;2003-01-10T00:00:00-02:00;10;1;2003;3,291
2003-01-11;GM366_ERC366;2003-01-11T00:00:00-02:00;11;1;2003;
2003-01-12;GM366_ERC366;2003-01-12T00:00:00-02:00;12;1;2003;
2003-01-13;GM366_ERC366;2003-01-13T00:00:00-02:00;13;1;2003;3,2948
2003-01-14;GM366_ERC366;2003-01-14T00:00:00-02:00;14;1;2003;3,275
2003-01-15;GM366_ERC366;2003-01-15T00:00:00-02:00;15;1;2003;3,2975
2003-01-16;GM366_ERC366;2003-01-16T00:00:00-02:00;16;1;2003;3,2929
2003-01-17;GM366_ERC366;2003-01-17T00:00:00-02:00;17;1;2003;3,3624
2003-01-18;GM366_ERC366;2003-01-18T00:00:00-02:00;18;1;2003;
2003-01-19;GM366_ERC366;2003-01-19T00:00:00-02:00;19;1;2003;
2003-01-20;GM366_ERC366;2003-01-20T00:00:00-02:00;20;1;2003;3,4095
2003-01-21;GM366_ERC366;2003-01-21T00:00:00-02:00;21;1;2003;3,4394
2003-01-22;GM366_ERC366;2003-01-22T00:00:00-02:00;22;1;2003;3,5181
2003-01-23;GM366_ERC366;2003-01-23T00:00:00-02:00;23;1;2003;3,4893
2003-01-24;GM366_ERC366;2003-01-24T00:00:00-02:00;24;1;2003;3,5915
2003-01-25;GM366_ERC366;2003-01-25T00:00:00-02:00;25;1;2003;
2003-01-26;GM366_ERC366;2003-01-26T00:00:00-02:00;26;1;2003;
2003-01-27;GM366_ERC366;2003-01-27T00:00:00-02:00;27;1;2003;3,6615
2003-01-28;GM366_ERC366;2003-01-28T00:00:00-02:00;28;1;2003;3,6304
2003-01-29;GM366_ERC366;2003-01-29T00:00:00-02:00;29;1;2003;3,6409
2003-01-30;GM366_ERC366;2003-01-30T00:00:00-02:00;30;1;2003;3,5688
2003-01-31;GM366_ERC366;2003-01-31T00:00:00-02:00;31;1;2003;3,525
2003-02-01;GM366_ERC366;2003-02-01T00:00:00-02:00;1;2;2003;
2003-02-02;GM366_ERC366;2003-02-02T00:00:00-02:00;2;2;2003;
2003-02-03;GM366_ERC366;2003-02-03T00:00:00-02:00;3;2;2003;3,4922
2003-02-04;GM366_ERC366;2003-02-04T00:00:00-02:00;4;2;2003;3,5398
2003-02-05;GM366_ERC366;2003-02-05T00:00:00-02:00;5;2;2003;3,5837
2003-02-06;GM366_ERC366;2003-02-06T00:00:00-02:00;6;2;2003;3,6037
2003-02-07;GM366_ERC366;2003-02-07T00:00:00-02:00;7;2;2003;3,5794
2003-02-08;GM366_ERC366;2003-02-08T00:00:00-02:00;8;2;2003;
2003-02-09;GM366_ERC366;2003-02-09T00:00:00-03:00;9;2;2003;
2003-02-10;GM366_ERC366;2003-02-10T00:00:00-03:00;10;2;2003;3,6034
2003-02-11;GM366_ERC366;2003-02-11T00:00:00-03:00;11;2;2003;3,5729
2003-02-12;GM366_ERC366;2003-02-12T00:00:00-03:00;12;2;2003;3,5995
2003-02-13;GM366_ERC366;2003-02-13T00:00:00-03:00;13;2;2003;3,6351
2003-02-14;GM366_ERC366;2003-02-14T00:00:00-03:00;14;2;2003;3,6572
2003-02-15;GM366_ERC366;2003-02-15T00:00:00-03:00;15;2;2003;
2003-02-16;GM366_ERC366;2003-02-16T00:00:00-03:00;16;2;2003;
2003-02-17;GM366_ERC366;2003-02-17T00:00:00-03:00;17;2;2003;3,6224
2003-02-18;GM366_ERC366;2003-02-18T00:00:00-03:00;18;2;2003;3,5881
2003-02-19;GM366_ERC366;2003-02-19T00:00:00-03:00;19;2;2003;3,5927
2003-02-20;GM366_ERC366;2003-02-20T00:00:00-03:00;20;2;2003;3,6059
2003-02-21;GM366_ERC366;2003-02-21T00:00:00-03:00;21;2;2003;3,6089
2003-02-22;GM366_ERC366;2003-02-22T00:00:00-03:00;22;2;2003;
2003-02-23;GM366_ERC366;2003-02-23T00:00:00-03:00;23;2;2003;
2003-02-24;GM366_ERC366;2003-02-24T00:00:00-03:00;24;2;2003;3,5862
2003-02-25;GM366_ERC366;2003-02-25T00:00:00-03:00;25;2;2003;3,6005
2003-02-26;GM366_ERC366;2003-02-26T00:00:00-03:00;26;2;2003;3,5809
2003-02-27;GM366_ERC366;2003-02-27T00:00:00-03:00;27;2;2003;3,5842
2003-02-28;GM366_ERC366;2003-02-28T00:00:00-03:00;28;2;2003;3,5624
2003-03-01;GM366_ERC366;2003-03-01T00:00:00-03:00;1;3;2003;
2003-03-02;GM366_ERC366;2003-03-02T00:00:00-03:00;2;3;2003;
2003-03-03;GM366_ERC366;2003-03-03T00:00:00-03:00;3;3;2003;
2003-03-04;GM366_ERC366;2003-03-04T00:00:00-03:00;4;3;2003;
2003-03-05;GM366_ERC366;2003-03-05T00:00:00-03:00;5;3;2003;3,5629
2003-03-06;GM366_ERC366;2003-03-06T00:00:00-03:00;6;3;2003;3,5252
2003-03-07;GM366_ERC366;2003-03-07T00:00:00-03:00;7;3;2003;3,5002
2003-03-08;GM366_ERC366;2003-03-08T00:00:00-03:00;8;3;2003;
2003-03-09;GM366_ERC366;2003-03-09T00:00:00-03:00;9;3;2003;
2003-03-10;GM366_ERC366;2003-03-10T00:00:00-03:00;10;3;2003;3,5273
2003-03-11;GM366_ERC366;2003-03-11T00:00:00-03:00;11;3;2003;3,5053
2003-03-12;GM366_ERC366;2003-03-12T00:00:00-03:00;12;3;2003;3,4755
2003-03-13;GM366_ERC366;2003-03-13T00:00:00-03:00;13;3;2003;3,4285
2003-03-14;GM366_ERC366;2003-03-14T00:00:00-03:00;14;3;2003;3,395
2003-03-15;GM366_ERC366;2003-03-15T00:00:00-03:00;15;3;2003;
2003-03-16;GM366_ERC366;2003-03-16T00:00:00-03:00;16;3;2003;
2003-03-17;GM366_ERC366;2003-03-17T00:00:00-03:00;17;3;2003;3,4434
2003-03-18;GM366_ERC366;2003-03-18T00:00:00-03:00;18;3;2003;3,43
2003-03-19;GM366_ERC366;2003-03-19T00:00:00-03:00;19;3;2003;3,4568
2003-03-20;GM366_ERC366;2003-03-20T00:00:00-03:00;20;3;2003;3,4822
2003-03-21;GM366_ERC366;2003-03-21T00:00:00-03:00;21;3;2003;3,4454
2003-03-22;GM366_ERC366;2003-03-22T00:00:00-03:00;22;3;2003;
2003-03-23;GM366_ERC366;2003-03-23T00:00:00-03:00;23;3;2003;
2003-03-24;GM366_ERC366;2003-03-24T00:00:00-03:00;24;3;2003;3,4062
2003-03-25;GM366_ERC366;2003-03-25T00:00:00-03:00;25;3;2003;3,3884
2003-03-26;GM366_ERC366;2003-03-26T00:00:00-03:00;26;3;2003;3,3739
2003-03-27;GM366_ERC366;2003-03-27T00:00:00-03:00;27;3;2003;3,4023
2003-03-28;GM366_ERC366;2003-03-28T00:00:00-03:00;28;3;2003;3,3749
2003-03-29;GM366_ERC366;2003-03-29T00:00:00-03:00;29;3;2003;
2003-03-30;GM366_ERC366;2003-03-30T00:00:00-03:00;30;3;2003;
2003-03-31;GM366_ERC366;2003-03-31T00:00:00-03:00;31;3;2003;3,3523
2003-04-01;GM366_ERC366;2003-04-01T00:00:00-03:00;1;4;2003;3,3351
2003-04-02;GM366_ERC366;2003-04-02T00:00:00-03:00;2;4;2003;3,2787
2003-04-03;GM366_ERC366;2003-04-03T00:00:00-03:00;3;4;2003;3,2555
2003-04-04;GM366_ERC366;2003-04-04T00:00:00-03:00;4;4;2003;3,2461
2003-04-05;GM366_ERC366;2003-04-05T00:00:00-03:00;5;4;2003;
2003-04-06;GM366_ERC366;2003-04-06T00:00:00-03:00;6;4;2003;
2003-04-07;GM366_ERC366;2003-04-07T00:00:00-03:00;7;4;2003;3,1715
2003-04-08;GM366_ERC366;2003-04-08T00:00:00-03:00;8;4;2003;3,1641
2003-04-09;GM366_ERC366;2003-04-09T00:00:00-03:00;9;4;2003;3,1849
2003-04-10;GM366_ERC366;2003-04-10T00:00:00-03:00;10;4;2003;3,2149
2003-04-11;GM366_ERC366;2003-04-11T00:00:00-03:00;11;4;2003;3,2139
2003-04-12;GM366_ERC366;2003-04-12T00:00:00-03:00;12;4;2003;
2003-04-13;GM366_ERC366;2003-04-13T00:00:00-03:00;13;4;2003;
2003-04-14;GM366_ERC366;2003-04-14T00:00:00-03:00;14;4;2003;3,181
2003-04-15;GM366_ERC366;2003-04-15T00:00:00-03:00;15;4;2003;3,1146
2003-04-16;GM366_ERC366;2003-04-16T00:00:00-03:00;16;4;2003;3,0744
2003-04-17;GM366_ERC366;2003-04-17T00:00:00-03:00;17;4;2003;3,0281
2003-04-18;GM366_ERC366;2003-04-18T00:00:00-03:00;18;4;2003;
2003-04-19;GM366_ERC366;2003-04-19T00:00:00-03:00;19;4;2003;
2003-04-20;GM366_ERC366;2003-04-20T00:00:00-03:00;20;4;2003;
2003-04-21;GM366_ERC366;2003-04-21T00:00:00-03:00;21;4;2003;
2003-04-22;GM366_ERC366;2003-04-22T00:00:00-03:00;22;4;2003;3,0631
2003-04-23;GM366_ERC366;2003-04-23T00:00:00-03:00;23;4;2003;3,0139
2003-04-24;GM366_ERC366;2003-04-24T00:00:00-03:00;24;4;2003;3,0021
2003-04-25;GM366_ERC366;2003-04-25T00:00:00-03:00;25;4;2003;3,0115
2003-04-26;GM366_ERC366;2003-04-26T00:00:00-03:00;26;4;2003;
2003-04-27;GM366_ERC366;2003-04-27T00:00:00-03:00;27;4;2003;
2003-04-28;GM366_ERC366;2003-04-28T00:00:00-03:00;28;4;2003;2,9907
2003-04-29;GM366_ERC366;2003-04-29T00:00:00-03:00;29;4;2003;2,9243
2003-04-30;GM366_ERC366;2003-04-30T00:00:00-03:00;30;4;2003;2,889
2003-05-01;GM366_ERC366;2003-05-01T00:00:00-03:00;1;5;2003;
2003-05-02;GM366_ERC366;2003-05-02T00:00:00-03:00;2;5;2003;2,9151
2003-05-03;GM366_ERC366;2003-05-03T00:00:00-03:00;3;5;2003;
2003-05-04;GM366_ERC366;2003-05-04T00:00:00-03:00;4;5;2003;
2003-05-05;GM366_ERC366;2003-05-05T00:00:00-03:00;5;5;2003;2,9837
2003-05-06;GM366_ERC366;2003-05-06T00:00:00-03:00;6;5;2003;3,0269
2003-05-07;GM366_ERC366;2003-05-07T00:00:00-03:00;7;5;2003;2,9631
2003-05-08;GM366_ERC366;2003-05-08T00:00:00-03:00;8;5;2003;2,9169
2003-05-09;GM366_ERC366;2003-05-09T00:00:00-03:00;9;5;2003;2,8794
2003-05-10;GM366_ERC366;2003-05-10T00:00:00-03:00;10;5;2003;
2003-05-11;GM366_ERC366;2003-05-11T00:00:00-03:00;11;5;2003;
2003-05-12;GM366_ERC366;2003-05-12T00:00:00-03:00;12;5;2003;2,8749
2003-05-13;GM366_ERC366;2003-05-13T00:00:00-03:00;13;5;2003;2,8645
2003-05-14;GM366_ERC366;2003-05-14T00:00:00-03:00;14;5;2003;2,8894
2003-05-15;GM366_ERC366;2003-05-15T00:00:00-03:00;15;5;2003;2,9298
2003-05-16;GM366_ERC366;2003-05-16T00:00:00-03:00;16;5;2003;2,9723
2003-05-17;GM366_ERC366;2003-05-17T00:00:00-03:00;17;5;2003;
2003-05-18;GM366_ERC366;2003-05-18T00:00:00-03:00;18;5;2003;
2003-05-19;GM366_ERC366;2003-05-19T00:00:00-03:00;19;5;2003;2,9807
2003-05-20;GM366_ERC366;2003-05-20T00:00:00-03:00;20;5;2003;3,0133
2003-05-21;GM366_ERC366;2003-05-21T00:00:00-03:00;21;5;2003;3,0101
2003-05-22;GM366_ERC366;2003-05-22T00:00:00-03:00;22;5;2003;2,9834
2003-05-23;GM366_ERC366;2003-05-23T00:00:00-03:00;23;5;2003;2,9437
2003-05-24;GM366_ERC366;2003-05-24T00:00:00-03:00;24;5;2003;
2003-05-25;GM366_ERC366;2003-05-25T00:00:00-03:00;25;5;2003;
2003-05-26;GM366_ERC366;2003-05-26T00:00:00-03:00;26;5;2003;2,9557
2003-05-27;GM366_ERC366;2003-05-27T00:00:00-03:00;27;5;2003;3,0249
2003-05-28;GM366_ERC366;2003-05-28T00:00:00-03:00;28;5;2003;3,0132
2003-05-29;GM366_ERC366;2003-05-29T00:00:00-03:00;29;5;2003;2,948
2003-05-30;GM366_ERC366;2003-05-30T00:00:00-03:00;30;5;2003;2,9648
2003-05-31;GM366_ERC366;2003-05-31T00:00:00-03:00;31;5;2003;
2003-06-01;GM366_ERC366;2003-06-01T00:00:00-03:00;1;6;2003;
2003-06-02;GM366_ERC366;2003-06-02T00:00:00-03:00;2;6;2003;2,9772
2003-06-03;GM366_ERC366;2003-06-03T00:00:00-03:00;3;6;2003;2,9632
2003-06-04;GM366_ERC366;2003-06-04T00:00:00-03:00;4;6;2003;2,9104
2003-06-05;GM366_ERC366;2003-06-05T00:00:00-03:00;5;6;2003;2,8921
2003-06-06;GM366_ERC366;2003-06-06T00:00:00-03:00;6;6;2003;2,8483
2003-06-07;GM366_ERC366;2003-06-07T00:00:00-03:00;7;6;2003;
2003-06-08;GM366_ERC366;2003-06-08T00:00:00-03:00;8;6;2003;
2003-06-09;GM366_ERC366;2003-06-09T00:00:00-03:00;9;6;2003;2,8674
2003-06-10;GM366_ERC366;2003-06-10T00:00:00-03:00;10;6;2003;2,8595
2003-06-11;GM366_ERC366;2003-06-11T00:00:00-03:00;11;6;2003;2,8684
2003-06-12;GM366_ERC366;2003-06-12T00:00:00-03:00;12;6;2003;2,8612
2003-06-13;GM366_ERC366;2003-06-13T00:00:00-03:00;13;6;2003;2,8562
2003-06-14;GM366_ERC366;2003-06-14T00:00:00-03:00;14;6;2003;
2003-06-15;GM366_ERC366;2003-06-15T00:00:00-03:00;15;6;2003;
2003-06-16;GM366_ERC366;2003-06-16T00:00:00-03:00;16;6;2003;2,85
2003-06-17;GM366_ERC366;2003-06-17T00:00:00-03:00;17;6;2003;2,8736
2003-06-18;GM366_ERC366;2003-06-18T00:00:00-03:00;18;6;2003;2,8894
2003-06-19;GM366_ERC366;2003-06-19T00:00:00-03:00;19;6;2003;
2003-06-20;GM366_ERC366;2003-06-20T00:00:00-03:00;20;6;2003;2,8925
2003-06-21;GM366_ERC366;2003-06-21T00:00:00-03:00;21;6;2003;
2003-06-22;GM366_ERC366;2003-06-22T00:00:00-03:00;22;6;2003;
2003-06-23;GM366_ERC366;2003-06-23T00:00:00-03:00;23;6;2003;2,878
2003-06-24;GM366_ERC366;2003-06-24T00:00:00-03:00;24;6;2003;2,8608
2003-06-25;GM366_ERC366;2003-06-25T00:00:00-03:00;25;6;2003;2,8551
2003-06-26;GM366_ERC366;2003-06-26T00:00:00-03:00;26;6;2003;2,8932
2003-06-27;GM366_ERC366;2003-06-27T00:00:00-03:00;27;6;2003;2,8804
2003-06-28;GM366_ERC366;2003-06-28T00:00:00-03:00;28;6;2003;
2003-06-29;GM366_ERC366;2003-06-29T00:00:00-03:00;29;6;2003;
2003-06-30;GM366_ERC366;2003-06-30T00:00:00-03:00;30;6;2003;2,8712
2003-07-01;GM366_ERC366;2003-07-01T00:00:00-03:00;1;7;2003;2,8435
2003-07-02;GM366_ERC366;2003-07-02T00:00:00-03:00;2;7;2003;2,8211
2003-07-03;GM366_ERC366;2003-07-03T00:00:00-03:00;3;7;2003;2,8324
2003-07-04;GM366_ERC366;2003-07-04T00:00:00-03:00;4;7;2003;2,8291
2003-07-05;GM366_ERC366;2003-07-05T00:00:00-03:00;5;7;2003;
2003-07-06;GM366_ERC366;2003-07-06T00:00:00-03:00;6;7;2003;
2003-07-07;GM366_ERC366;2003-07-07T00:00:00-03:00;7;7;2003;2,8668
2003-07-08;GM366_ERC366;2003-07-08T00:00:00-03:00;8;7;2003;2,8815
2003-07-09;GM366_ERC366;2003-07-09T00:00:00-03:00;9;7;2003;2,8663
2003-07-10;GM366_ERC366;2003-07-10T00:00:00-03:00;10;7;2003;2,8914
2003-07-11;GM366_ERC366;2003-07-11T00:00:00-03:00;11;7;2003;2,9021
2003-07-12;GM366_ERC366;2003-07-12T00:00:00-03:00;12;7;2003;
2003-07-13;GM366_ERC366;2003-07-13T00:00:00-03:00;13;7;2003;
2003-07-14;GM366_ERC366;2003-07-14T00:00:00-03:00;14;7;2003;2,8745
2003-07-15;GM366_ERC366;2003-07-15T00:00:00-03:00;15;7;2003;2,8546
2003-07-16;GM366_ERC366;2003-07-16T00:00:00-03:00;16;7;2003;2,8669
2003-07-17;GM366_ERC366;2003-07-17T00:00:00-03:00;17;7;2003;2,8555
2003-07-18;GM366_ERC366;2003-07-18T00:00:00-03:00;18;7;2003;2,8766
2003-07-19;GM366_ERC366;2003-07-19T00:00:00-03:00;19;7;2003;
2003-07-20;GM366_ERC366;2003-07-20T00:00:00-03:00;20;7;2003;
2003-07-21;GM366_ERC366;2003-07-21T00:00:00-03:00;21;7;2003;2,882
2003-07-22;GM366_ERC366;2003-07-22T00:00:00-03:00;22;7;2003;2,8818
2003-07-23;GM366_ERC366;2003-07-23T00:00:00-03:00;23;7;2003;2,887
2003-07-24;GM366_ERC366;2003-07-24T00:00:00-03:00;24;7;2003;2,8953
2003-07-25;GM366_ERC366;2003-07-25T00:00:00-03:00;25;7;2003;2,8877
2003-07-26;GM366_ERC366;2003-07-26T00:00:00-03:00;26;7;2003;
2003-07-27;GM366_ERC366;2003-07-27T00:00:00-03:00;27;7;2003;
2003-07-28;GM366_ERC366;2003-07-28T00:00:00-03:00;28;7;2003;2,8957
2003-07-29;GM366_ERC366;2003-07-29T00:00:00-03:00;29;7;2003;2,9147
2003-07-30;GM366_ERC366;2003-07-30T00:00:00-03:00;30;7;2003;2,9465
2003-07-31;GM366_ERC366;2003-07-31T00:00:00-03:00;31;7;2003;2,9647
2003-08-01;GM366_ERC366;2003-08-01T00:00:00-03:00;1;8;2003;2,9998
2003-08-02;GM366_ERC366;2003-08-02T00:00:00-03:00;2;8;2003;
2003-08-03;GM366_ERC366;2003-08-03T00:00:00-03:00;3;8;2003;
2003-08-04;GM366_ERC366;2003-08-04T00:00:00-03:00;4;8;2003;3,0732
2003-08-05;GM366_ERC366;2003-08-05T00:00:00-03:00;5;8;2003;3,0358
2003-08-06;GM366_ERC366;2003-08-06T00:00:00-03:00;6;8;2003;3,0382
2003-08-07;GM366_ERC366;2003-08-07T00:00:00-03:00;7;8;2003;3,0061
2003-08-08;GM366_ERC366;2003-08-08T00:00:00-03:00;8;8;2003;2,9884
2003-08-09;GM366_ERC366;2003-08-09T00:00:00-03:00;9;8;2003;
2003-08-10;GM366_ERC366;2003-08-10T00:00:00-03:00;10;8;2003;
2003-08-11;GM366_ERC366;2003-08-11T00:00:00-03:00;11;8;2003;2,9937
2003-08-12;GM366_ERC366;2003-08-12T00:00:00-03:00;12;8;2003;3,0229
2003-08-13;GM366_ERC366;2003-08-13T00:00:00-03:00;13;8;2003;3,0301
2003-08-14;GM366_ERC366;2003-08-14T00:00:00-03:00;14;8;2003;3,0132
2003-08-15;GM366_ERC366;2003-08-15T00:00:00-03:00;15;8;2003;2,9922
2003-08-16;GM366_ERC366;2003-08-16T00:00:00-03:00;16;8;2003;
2003-08-17;GM366_ERC366;2003-08-17T00:00:00-03:00;17;8;2003;
2003-08-18;GM366_ERC366;2003-08-18T00:00:00-03:00;18;8;2003;2,984
2003-08-19;GM366_ERC366;2003-08-19T00:00:00-03:00;19;8;2003;2,9965
2003-08-20;GM366_ERC366;2003-08-20T00:00:00-03:00;20;8;2003;3,0002
2003-08-21;GM366_ERC366;2003-08-21T00:00:00-03:00;21;8;2003;3,0024
2003-08-22;GM366_ERC366;2003-08-22T00:00:00-03:00;22;8;2003;2,9918
2003-08-23;GM366_ERC366;2003-08-23T00:00:00-03:00;23;8;2003;
2003-08-24;GM366_ERC366;2003-08-24T00:00:00-03:00;24;8;2003;
2003-08-25;GM366_ERC366;2003-08-25T00:00:00-03:00;25;8;2003;2,9887
2003-08-26;GM366_ERC366;2003-08-26T00:00:00-03:00;26;8;2003;2,9888
2003-08-27;GM366_ERC366;2003-08-27T00:00:00-03:00;27;8;2003;2,9726
2003-08-28;GM366_ERC366;2003-08-28T00:00:00-03:00;28;8;2003;2,9523
2003-08-29;GM366_ERC366;2003-08-29T00:00:00-03:00;29;8;2003;2,9657
2003-08-30;GM366_ERC366;2003-08-30T00:00:00-03:00;30;8;2003;
2003-08-31;GM366_ERC366;2003-08-31T00:00:00-03:00;31;8;2003;
2003-09-01;GM366_ERC366;2003-09-01T00:00:00-03:00;1;9;2003;2,9832
2003-09-02;GM366_ERC366;2003-09-02T00:00:00-03:00;2;9;2003;2,9781
2003-09-03;GM366_ERC366;2003-09-03T00:00:00-03:00;3;9;2003;2,956
2003-09-04;GM366_ERC366;2003-09-04T00:00:00-03:00;4;9;2003;2,941
2003-09-05;GM366_ERC366;2003-09-05T00:00:00-03:00;5;9;2003;2,9208
2003-09-06;GM366_ERC366;2003-09-06T00:00:00-03:00;6;9;2003;
2003-09-07;GM366_ERC366;2003-09-07T00:00:00-03:00;7;9;2003;
2003-09-08;GM366_ERC366;2003-09-08T00:00:00-03:00;8;9;2003;2,9147
2003-09-09;GM366_ERC366;2003-09-09T00:00:00-03:00;9;9;2003;2,9298
2003-09-10;GM366_ERC366;2003-09-10T00:00:00-03:00;10;9;2003;2,9117
2003-09-11;GM366_ERC366;2003-09-11T00:00:00-03:00;11;9;2003;2,8983
2003-09-12;GM366_ERC366;2003-09-12T00:00:00-03:00;12;9;2003;2,8951
2003-09-13;GM366_ERC366;2003-09-13T00:00:00-03:00;13;9;2003;
2003-09-14;GM366_ERC366;2003-09-14T00:00:00-03:00;14;9;2003;
2003-09-15;GM366_ERC366;2003-09-15T00:00:00-03:00;15;9;2003;2,889
2003-09-16;GM366_ERC366;2003-09-16T00:00:00-03:00;16;9;2003;2,8959
2003-09-17;GM366_ERC366;2003-09-17T00:00:00-03:00;17;9;2003;2,9049
2003-09-18;GM366_ERC366;2003-09-18T00:00:00-03:00;18;9;2003;2,8967
2003-09-19;GM366_ERC366;2003-09-19T00:00:00-03:00;19;9;2003;2,9057
2003-09-20;GM366_ERC366;2003-09-20T00:00:00-03:00;20;9;2003;
2003-09-21;GM366_ERC366;2003-09-21T00:00:00-03:00;21;9;2003;
2003-09-22;GM366_ERC366;2003-09-22T00:00:00-03:00;22;9;2003;2,9013
2003-09-23;GM366_ERC366;2003-09-23T00:00:00-03:00;23;9;2003;2,9137
2003-09-24;GM366_ERC366;2003-09-24T00:00:00-03:00;24;9;2003;2,9236
2003-09-25;GM366_ERC366;2003-09-25T00:00:00-03:00;25;9;2003;2,9298
2003-09-26;GM366_ERC366;2003-09-26T00:00:00-03:00;26;9;2003;2,9365
2003-09-27;GM366_ERC366;2003-09-27T00:00:00-03:00;27;9;2003;
2003-09-28;GM366_ERC366;2003-09-28T00:00:00-03:00;28;9;2003;
2003-09-29;GM366_ERC366;2003-09-29T00:00:00-03:00;29;9;2003;2,9366
2003-09-30;GM366_ERC366;2003-09-30T00:00:00-03:00;30;9;2003;2,9226
2003-10-01;GM366_ERC366;2003-10-01T00:00:00-03:00;1;10;2003;2,9026
2003-10-02;GM366_ERC366;2003-10-02T00:00:00-03:00;2;10;2003;2,8981
2003-10-03;GM366_ERC366;2003-10-03T00:00:00-03:00;3;10;2003;2,8867
2003-10-04;GM366_ERC366;2003-10-04T00:00:00-03:00;4;10;2003;
2003-10-05;GM366_ERC366;2003-10-05T00:00:00-03:00;5;10;2003;
2003-10-06;GM366_ERC366;2003-10-06T00:00:00-03:00;6;10;2003;2,8745
2003-10-07;GM366_ERC366;2003-10-07T00:00:00-03:00;7;10;2003;2,8693
2003-10-08;GM366_ERC366;2003-10-08T00:00:00-03:00;8;10;2003;2,8436
2003-10-09;GM366_ERC366;2003-10-09T00:00:00-03:00;9;10;2003;2,8414
2003-10-10;GM366_ERC366;2003-10-10T00:00:00-03:00;10;10;2003;2,8393
2003-10-11;GM366_ERC366;2003-10-11T00:00:00-03:00;11;10;2003;
2003-10-12;GM366_ERC366;2003-10-12T00:00:00-03:00;12;10;2003;
2003-10-13;GM366_ERC366;2003-10-13T00:00:00-03:00;13;10;2003;2,8363
2003-10-14;GM366_ERC366;2003-10-14T00:00:00-03:00;14;10;2003;2,8417
2003-10-15;GM366_ERC366;2003-10-15T00:00:00-03:00;15;10;2003;2,826
2003-10-16;GM366_ERC366;2003-10-16T00:00:00-03:00;16;10;2003;2,8401
2003-10-17;GM366_ERC366;2003-10-17T00:00:00-03:00;17;10;2003;2,8627
2003-10-18;GM366_ERC366;2003-10-18T00:00:00-03:00;18;10;2003;
2003-10-19;GM366_ERC366;2003-10-19T00:00:00-03:00;19;10;2003;
2003-10-20;GM366_ERC366;2003-10-20T00:00:00-03:00;20;10;2003;2,8831
2003-10-21;GM366_ERC366;2003-10-21T00:00:00-03:00;21;10;2003;2,8634
2003-10-22;GM366_ERC366;2003-10-22T00:00:00-03:00;22;10;2003;2,8594
2003-10-23;GM366_ERC366;2003-10-23T00:00:00-03:00;23;10;2003;2,869
2003-10-24;GM366_ERC366;2003-10-24T00:00:00-03:00;24;10;2003;2,8687
2003-10-25;GM366_ERC366;2003-10-25T00:00:00-03:00;25;10;2003;
2003-10-26;GM366_ERC366;2003-10-26T00:00:00-03:00;26;10;2003;
2003-10-27;GM366_ERC366;2003-10-27T00:00:00-03:00;27;10;2003;2,872
2003-10-28;GM366_ERC366;2003-10-28T00:00:00-03:00;28;10;2003;2,8667
2003-10-29;GM366_ERC366;2003-10-29T00:00:00-03:00;29;10;2003;2,8529
2003-10-30;GM366_ERC366;2003-10-30T00:00:00-03:00;30;10;2003;2,8432
2003-10-31;GM366_ERC366;2003-10-31T00:00:00-03:00;31;10;2003;2,8554
2003-11-01;GM366_ERC366;2003-11-01T00:00:00-03:00;1;11;2003;
2003-11-02;GM366_ERC366;2003-11-02T00:00:00-03:00;2;11;2003;
2003-11-03;GM366_ERC366;2003-11-03T00:00:00-03:00;3;11;2003;2,8551
2003-11-04;GM366_ERC366;2003-11-04T00:00:00-03:00;4;11;2003;2,8599
2003-11-05;GM366_ERC366;2003-11-05T00:00:00-02:00;5;11;2003;2,8588
2003-11-06;GM366_ERC366;2003-11-06T00:00:00-02:00;6;11;2003;2,87
2003-11-07;GM366_ERC366;2003-11-07T00:00:00-02:00;7;11;2003;2,8691
2003-11-08;GM366_ERC366;2003-11-08T00:00:00-02:00;8;11;2003;
2003-11-09;GM366_ERC366;2003-11-09T00:00:00-02:00;9;11;2003;
2003-11-10;GM366_ERC366;2003-11-10T00:00:00-02:00;10;11;2003;2,8799
2003-11-11;GM366_ERC366;2003-11-11T00:00:00-02:00;11;11;2003;2,8947
2003-11-12;GM366_ERC366;2003-11-12T00:00:00-02:00;12;11;2003;2,9104
2003-11-13;GM366_ERC366;2003-11-13T00:00:00-02:00;13;11;2003;2,9188
2003-11-14;GM366_ERC366;2003-11-14T00:00:00-02:00;14;11;2003;2,941
2003-11-15;GM366_ERC366;2003-11-15T00:00:00-02:00;15;11;2003;
2003-11-16;GM366_ERC366;2003-11-16T00:00:00-02:00;16;11;2003;
2003-11-17;GM366_ERC366;2003-11-17T00:00:00-02:00;17;11;2003;2,9538
2003-11-18;GM366_ERC366;2003-11-18T00:00:00-02:00;18;11;2003;2,9413
2003-11-19;GM366_ERC366;2003-11-19T00:00:00-02:00;19;11;2003;2,9499
2003-11-20;GM366_ERC366;2003-11-20T00:00:00-02:00;20;11;2003;2,9472
2003-11-21;GM366_ERC366;2003-11-21T00:00:00-02:00;21;11;2003;2,9293
2003-11-22;GM366_ERC366;2003-11-22T00:00:00-02:00;22;11;2003;
2003-11-23;GM366_ERC366;2003-11-23T00:00:00-02:00;23;11;2003;
2003-11-24;GM366_ERC366;2003-11-24T00:00:00-02:00;24;11;2003;2,9262
2003-11-25;GM366_ERC366;2003-11-25T00:00:00-02:00;25;11;2003;2,9238
2003-11-26;GM366_ERC366;2003-11-26T00:00:00-02:00;26;11;2003;2,9353
2003-11-27;GM366_ERC366;2003-11-27T00:00:00-02:00;27;11;2003;2,9469
2003-11-28;GM366_ERC366;2003-11-28T00:00:00-02:00;28;11;2003;2,9486
2003-11-29;GM366_ERC366;2003-11-29T00:00:00-02:00;29;11;2003;
2003-11-30;GM366_ERC366;2003-11-30T00:00:00-02:00;30;11;2003;
2003-12-01;GM366_ERC366;2003-12-01T00:00:00-02:00;1;12;2003;2,9333
2003-12-02;GM366_ERC366;2003-12-02T00:00:00-02:00;2;12;2003;2,9265
2003-12-03;GM366_ERC366;2003-12-03T00:00:00-02:00;3;12;2003;2,9308
2003-12-04;GM366_ERC366;2003-12-04T00:00:00-02:00;4;12;2003;2,9395
2003-12-05;GM366_ERC366;2003-12-05T00:00:00-02:00;5;12;2003;2,939
2003-12-06;GM366_ERC366;2003-12-06T00:00:00-02:00;6;12;2003;
2003-12-07;GM366_ERC366;2003-12-07T00:00:00-02:00;7;12;2003;
2003-12-08;GM366_ERC366;2003-12-08T00:00:00-02:00;8;12;2003;2,9414
2003-12-09;GM366_ERC366;2003-12-09T00:00:00-02:00;9;12;2003;2,9342
2003-12-10;GM366_ERC366;2003-12-10T00:00:00-02:00;10;12;2003;2,9421
2003-12-11;GM366_ERC366;2003-12-11T00:00:00-02:00;11;12;2003;2,9426
2003-12-12;GM366_ERC366;2003-12-12T00:00:00-02:00;12;12;2003;2,9412
2003-12-13;GM366_ERC366;2003-12-13T00:00:00-02:00;13;12;2003;
2003-12-14;GM366_ERC366;2003-12-14T00:00:00-02:00;14;12;2003;
2003-12-15;GM366_ERC366;2003-12-15T00:00:00-02:00;15;12;2003;2,9285
2003-12-16;GM366_ERC366;2003-12-16T00:00:00-02:00;16;12;2003;2,9312
2003-12-17;GM366_ERC366;2003-12-17T00:00:00-02:00;17;12;2003;2,9373
2003-12-18;GM366_ERC366;2003-12-18T00:00:00-02:00;18;12;2003;2,9333
2003-12-19;GM366_ERC366;2003-12-19T00:00:00-02:00;19;12;2003;2,927
2003-12-20;GM366_ERC366;2003-12-20T00:00:00-02:00;20;12;2003;
2003-12-21;GM366_ERC366;2003-12-21T00:00:00-02:00;21;12;2003;
2003-12-22;GM366_ERC366;2003-12-22T00:00:00-02:00;22;12;2003;2,9231
2003-12-23;GM366_ERC366;2003-12-23T00:00:00-02:00;23;12;2003;2,9167
2003-12-24;GM366_ERC366;2003-12-24T00:00:00-02:00;24;12;2003;2,9074
2003-12-25;GM366_ERC366;2003-12-25T00:00:00-02:00;25;12;2003;
2003-12-26;GM366_ERC366;2003-12-26T00:00:00-02:00;26;12;2003;2,8986
2003-12-27;GM366_ERC366;2003-12-27T00:00:00-02:00;27;12;2003;
2003-12-28;GM366_ERC366;2003-12-28T00:00:00-02:00;28;12;2003;
2003-12-29;GM366_ERC366;2003-12-29T00:00:00-02:00;29;12;2003;2,8875
2003-12-30;GM366_ERC366;2003-12-30T00:00:00-02:00;30;12;2003;2,8884
2003-12-31;GM366_ERC366;2003-12-31T00:00:00-02:00;31;12;2003;2,8884
2004-01-01;GM366_ERC366;2004-01-01T00:00:00-02:00;1;1;2004;
2004-01-02;GM366_ERC366;2004-01-02T00:00:00-02:00;2;1;2004;2,8854
2004-01-03;GM366_ERC366;2004-01-03T00:00:00-02:00;3;1;2004;
2004-01-04;GM366_ERC366;2004-01-04T00:00:00-02:00;4;1;2004;
2004-01-05;GM366_ERC366;2004-01-05T00:00:00-02:00;5;1;2004;2,8619
2004-01-06;GM366_ERC366;2004-01-06T00:00:00-02:00;6;1;2004;2,85
2004-01-07;GM366_ERC366;2004-01-07T00:00:00-02:00;7;1;2004;2,8715
2004-01-08;GM366_ERC366;2004-01-08T00:00:00-02:00;8;1;2004;2,858
2004-01-09;GM366_ERC366;2004-01-09T00:00:00-02:00;9;1;2004;2,8414
2004-01-10;GM366_ERC366;2004-01-10T00:00:00-02:00;10;1;2004;
2004-01-11;GM366_ERC366;2004-01-11T00:00:00-02:00;11;1;2004;
2004-01-12;GM366_ERC366;2004-01-12T00:00:00-02:00;12;1;2004;2,8155
2004-01-13;GM366_ERC366;2004-01-13T00:00:00-02:00;13;1;2004;2,8014
2004-01-14;GM366_ERC366;2004-01-14T00:00:00-02:00;14;1;2004;2,8134
2004-01-15;GM366_ERC366;2004-01-15T00:00:00-02:00;15;1;2004;2,8118
2004-01-16;GM366_ERC366;2004-01-16T00:00:00-02:00;16;1;2004;2,8176
2004-01-17;GM366_ERC366;2004-01-17T00:00:00-02:00;17;1;2004;
2004-01-18;GM366_ERC366;2004-01-18T00:00:00-02:00;18;1;2004;
2004-01-19;GM366_ERC366;2004-01-19T00:00:00-02:00;19;1;2004;2,8411
2004-01-20;GM366_ERC366;2004-01-20T00:00:00-02:00;20;1;2004;2,8374
2004-01-21;GM366_ERC366;2004-01-21T00:00:00-02:00;21;1;2004;2,8409
2004-01-22;GM366_ERC366;2004-01-22T00:00:00-02:00;22;1;2004;2,8409
2004-01-23;GM366_ERC366;2004-01-23T00:00:00-02:00;23;1;2004;2,8427
2004-01-24;GM366_ERC366;2004-01-24T00:00:00-02:00;24;1;2004;
2004-01-25;GM366_ERC366;2004-01-25T00:00:00-02:00;25;1;2004;
2004-01-26;GM366_ERC366;2004-01-26T00:00:00-02:00;26;1;2004;2,8423
2004-01-27;GM366_ERC366;2004-01-27T00:00:00-02:00;27;1;2004;2,8579
2004-01-28;GM366_ERC366;2004-01-28T00:00:00-02:00;28;1;2004;2,8777
2004-01-29;GM366_ERC366;2004-01-29T00:00:00-02:00;29;1;2004;2,9228
2004-01-30;GM366_ERC366;2004-01-30T00:00:00-02:00;30;1;2004;2,9401
2004-01-31;GM366_ERC366;2004-01-31T00:00:00-02:00;31;1;2004;
2004-02-01;GM366_ERC366;2004-02-01T00:00:00-02:00;1;2;2004;
2004-02-02;GM366_ERC366;2004-02-02T00:00:00-02:00;2;2;2004;2,9478
2004-02-03;GM366_ERC366;2004-02-03T00:00:00-02:00;3;2;2004;2,9318
2004-02-04;GM366_ERC366;2004-02-04T00:00:00-02:00;4;2;2004;2,9098
2004-02-05;GM366_ERC366;2004-02-05T00:00:00-02:00;5;2;2004;2,9327
2004-02-06;GM366_ERC366;2004-02-06T00:00:00-02:00;6;2;2004;2,9492
2004-02-07;GM366_ERC366;2004-02-07T00:00:00-02:00;7;2;2004;
2004-02-08;GM366_ERC366;2004-02-08T00:00:00-02:00;8;2;2004;
2004-02-09;GM366_ERC366;2004-02-09T00:00:00-02:00;9;2;2004;2,9333
2004-02-10;GM366_ERC366;2004-02-10T00:00:00-02:00;10;2;2004;2,919
2004-02-11;GM366_ERC366;2004-02-11T00:00:00-02:00;11;2;2004;2,9245
2004-02-12;GM366_ERC366;2004-02-12T00:00:00-02:00;12;2;2004;2,9034
2004-02-13;GM366_ERC366;2004-02-13T00:00:00-02:00;13;2;2004;2,9077
2004-02-14;GM366_ERC366;2004-02-14T00:00:00-02:00;14;2;2004;
2004-02-15;GM366_ERC366;2004-02-15T00:00:00-03:00;15;2;2004;
2004-02-16;GM366_ERC366;2004-02-16T00:00:00-03:00;16;2;2004;2,9058
2004-02-17;GM366_ERC366;2004-02-17T00:00:00-03:00;17;2;2004;2,9117
2004-02-18;GM366_ERC366;2004-02-18T00:00:00-03:00;18;2;2004;2,9288
2004-02-19;GM366_ERC366;2004-02-19T00:00:00-03:00;19;2;2004;2,9501
2004-02-20;GM366_ERC366;2004-02-20T00:00:00-03:00;20;2;2004;2,987
2004-02-21;GM366_ERC366;2004-02-21T00:00:00-03:00;21;2;2004;
2004-02-22;GM366_ERC366;2004-02-22T00:00:00-03:00;22;2;2004;
2004-02-23;GM366_ERC366;2004-02-23T00:00:00-03:00;23;2;2004;
2004-02-24;GM366_ERC366;2004-02-24T00:00:00-03:00;24;2;2004;
2004-02-25;GM366_ERC366;2004-02-25T00:00:00-03:00;25;2;2004;2,9395
2004-02-26;GM366_ERC366;2004-02-26T00:00:00-03:00;26;2;2004;2,9361
2004-02-27;GM366_ERC366;2004-02-27T00:00:00-03:00;27;2;2004;2,913
2004-02-28;GM366_ERC366;2004-02-28T00:00:00-03:00;28;2;2004;
2004-02-29;GM366_ERC366;2004-02-29T00:00:00-03:00;29;2;2004;
2004-03-01;GM366_ERC366;2004-03-01T00:00:00-03:00;1;3;2004;2,8937
2004-03-02;GM366_ERC366;2004-03-02T00:00:00-03:00;2;3;2004;2,9078
2004-03-03;GM366_ERC366;2004-03-03T00:00:00-03:00;3;3;2004;2,8804
2004-03-04;GM366_ERC366;2004-03-04T00:00:00-03:00;4;3;2004;2,887
2004-03-05;GM366_ERC366;2004-03-05T00:00:00-03:00;5;3;2004;2,8782
2004-03-06;GM366_ERC366;2004-03-06T00:00:00-03:00;6;3;2004;
2004-03-07;GM366_ERC366;2004-03-07T00:00:00-03:00;7;3;2004;
2004-03-08;GM366_ERC366;2004-03-08T00:00:00-03:00;8;3;2004;2,8744
2004-03-09;GM366_ERC366;2004-03-09T00:00:00-03:00;9;3;2004;2,875
2004-03-10;GM366_ERC366;2004-03-10T00:00:00-03:00;10;3;2004;2,8883
2004-03-11;GM366_ERC366;2004-03-11T00:00:00-03:00;11;3;2004;2,9124
2004-03-12;GM366_ERC366;2004-03-12T00:00:00-03:00;12;3;2004;2,9055
2004-03-13;GM366_ERC366;2004-03-13T00:00:00-03:00;13;3;2004;
2004-03-14;GM366_ERC366;2004-03-14T00:00:00-03:00;14;3;2004;
2004-03-15;GM366_ERC366;2004-03-15T00:00:00-03:00;15;3;2004;2,9005
2004-03-16;GM366_ERC366;2004-03-16T00:00:00-03:00;16;3;2004;2,8993
2004-03-17;GM366_ERC366;2004-03-17T00:00:00-03:00;17;3;2004;2,9062
2004-03-18;GM366_ERC366;2004-03-18T00:00:00-03:00;18;3;2004;2,9127
2004-03-19;GM366_ERC366;2004-03-19T00:00:00-03:00;19;3;2004;2,8992
2004-03-20;GM366_ERC366;2004-03-20T00:00:00-03:00;20;3;2004;
2004-03-21;GM366_ERC366;2004-03-21T00:00:00-03:00;21;3;2004;
2004-03-22;GM366_ERC366;2004-03-22T00:00:00-03:00;22;3;2004;2,9099
2004-03-23;GM366_ERC366;2004-03-23T00:00:00-03:00;23;3;2004;2,9136
2004-03-24;GM366_ERC366;2004-03-24T00:00:00-03:00;24;3;2004;2,9256
2004-03-25;GM366_ERC366;2004-03-25T00:00:00-03:00;25;3;2004;2,9329
2004-03-26;GM366_ERC366;2004-03-26T00:00:00-03:00;26;3;2004;2,9402
2004-03-27;GM366_ERC366;2004-03-27T00:00:00-03:00;27;3;2004;
2004-03-28;GM366_ERC366;2004-03-28T00:00:00-03:00;28;3;2004;
2004-03-29;GM366_ERC366;2004-03-29T00:00:00-03:00;29;3;2004;2,9357
2004-03-30;GM366_ERC366;2004-03-30T00:00:00-03:00;30;3;2004;2,9208
2004-03-31;GM366_ERC366;2004-03-31T00:00:00-03:00;31;3;2004;2,9078
2004-04-01;GM366_ERC366;2004-04-01T00:00:00-03:00;1;4;2004;2,8896
2004-04-02;GM366_ERC366;2004-04-02T00:00:00-03:00;2;4;2004;2,8922
2004-04-03;GM366_ERC366;2004-04-03T00:00:00-03:00;3;4;2004;
2004-04-04;GM366_ERC366;2004-04-04T00:00:00-03:00;4;4;2004;
2004-04-05;GM366_ERC366;2004-04-05T00:00:00-03:00;5;4;2004;2,8843
2004-04-06;GM366_ERC366;2004-04-06T00:00:00-03:00;6;4;2004;2,8735
2004-04-07;GM366_ERC366;2004-04-07T00:00:00-03:00;7;4;2004;2,8765
2004-04-08;GM366_ERC366;2004-04-08T00:00:00-03:00;8;4;2004;2,8794
2004-04-09;GM366_ERC366;2004-04-09T00:00:00-03:00;9;4;2004;
2004-04-10;GM366_ERC366;2004-04-10T00:00:00-03:00;10;4;2004;
2004-04-11;GM366_ERC366;2004-04-11T00:00:00-03:00;11;4;2004;
2004-04-12;GM366_ERC366;2004-04-12T00:00:00-03:00;12;4;2004;2,8847
2004-04-13;GM366_ERC366;2004-04-13T00:00:00-03:00;13;4;2004;2,8843
2004-04-14;GM366_ERC366;2004-04-14T00:00:00-03:00;14;4;2004;2,8948
2004-04-15;GM366_ERC366;2004-04-15T00:00:00-03:00;15;4;2004;2,9056
2004-04-16;GM366_ERC366;2004-04-16T00:00:00-03:00;16;4;2004;2,9145
2004-04-17;GM366_ERC366;2004-04-17T00:00:00-03:00;17;4;2004;
2004-04-18;GM366_ERC366;2004-04-18T00:00:00-03:00;18;4;2004;
2004-04-19;GM366_ERC366;2004-04-19T00:00:00-03:00;19;4;2004;2,9093
2004-04-20;GM366_ERC366;2004-04-20T00:00:00-03:00;20;4;2004;2,9178
2004-04-21;GM366_ERC366;2004-04-21T00:00:00-03:00;21;4;2004;
2004-04-22;GM366_ERC366;2004-04-22T00:00:00-03:00;22;4;2004;2,9297
2004-04-23;GM366_ERC366;2004-04-23T00:00:00-03:00;23;4;2004;2,9165
2004-04-24;GM366_ERC366;2004-04-24T00:00:00-03:00;24;4;2004;
2004-04-25;GM366_ERC366;2004-04-25T00:00:00-03:00;25;4;2004;
2004-04-26;GM366_ERC366;2004-04-26T00:00:00-03:00;26;4;2004;2,9077
2004-04-27;GM366_ERC366;2004-04-27T00:00:00-03:00;27;4;2004;2,9153
2004-04-28;GM366_ERC366;2004-04-28T00:00:00-03:00;28;4;2004;2,9327
2004-04-29;GM366_ERC366;2004-04-29T00:00:00-03:00;29;4;2004;2,9514
2004-04-30;GM366_ERC366;2004-04-30T00:00:00-03:00;30;4;2004;2,9439
2004-05-01;GM366_ERC366;2004-05-01T00:00:00-03:00;1;5;2004;
2004-05-02;GM366_ERC366;2004-05-02T00:00:00-03:00;2;5;2004;
2004-05-03;GM366_ERC366;2004-05-03T00:00:00-03:00;3;5;2004;2,9561
2004-05-04;GM366_ERC366;2004-05-04T00:00:00-03:00;4;5;2004;2,9688
2004-05-05;GM366_ERC366;2004-05-05T00:00:00-03:00;5;5;2004;2,9608
2004-05-06;GM366_ERC366;2004-05-06T00:00:00-03:00;6;5;2004;2,9891
2004-05-07;GM366_ERC366;2004-05-07T00:00:00-03:00;7;5;2004;3,0496
2004-05-08;GM366_ERC366;2004-05-08T00:00:00-03:00;8;5;2004;
2004-05-09;GM366_ERC366;2004-05-09T00:00:00-03:00;9;5;2004;
2004-05-10;GM366_ERC366;2004-05-10T00:00:00-03:00;10;5;2004;3,1241
2004-05-11;GM366_ERC366;2004-05-11T00:00:00-03:00;11;5;2004;3,1043
2004-05-12;GM366_ERC366;2004-05-12T00:00:00-03:00;12;5;2004;3,1203
2004-05-13;GM366_ERC366;2004-05-13T00:00:00-03:00;13;5;2004;3,1271
2004-05-14;GM366_ERC366;2004-05-14T00:00:00-03:00;14;5;2004;3,0974
2004-05-15;GM366_ERC366;2004-05-15T00:00:00-03:00;15;5;2004;
2004-05-16;GM366_ERC366;2004-05-16T00:00:00-03:00;16;5;2004;
2004-05-17;GM366_ERC366;2004-05-17T00:00:00-03:00;17;5;2004;3,1212
2004-05-18;GM366_ERC366;2004-05-18T00:00:00-03:00;18;5;2004;3,1161
2004-05-19;GM366_ERC366;2004-05-19T00:00:00-03:00;19;5;2004;3,1051
2004-05-20;GM366_ERC366;2004-05-20T00:00:00-03:00;20;5;2004;3,1805
2004-05-21;GM366_ERC366;2004-05-21T00:00:00-03:00;21;5;2004;3,2043
2004-05-22;GM366_ERC366;2004-05-22T00:00:00-03:00;22;5;2004;
2004-05-23;GM366_ERC366;2004-05-23T00:00:00-03:00;23;5;2004;
2004-05-24;GM366_ERC366;2004-05-24T00:00:00-03:00;24;5;2004;3,179
2004-05-25;GM366_ERC366;2004-05-25T00:00:00-03:00;25;5;2004;3,1568
2004-05-26;GM366_ERC366;2004-05-26T00:00:00-03:00;26;5;2004;3,1562
2004-05-27;GM366_ERC366;2004-05-27T00:00:00-03:00;27;5;2004;3,1516
2004-05-28;GM366_ERC366;2004-05-28T00:00:00-03:00;28;5;2004;3,0953
2004-05-29;GM366_ERC366;2004-05-29T00:00:00-03:00;29;5;2004;
2004-05-30;GM366_ERC366;2004-05-30T00:00:00-03:00;30;5;2004;
2004-05-31;GM366_ERC366;2004-05-31T00:00:00-03:00;31;5;2004;3,1283
2004-06-01;GM366_ERC366;2004-06-01T00:00:00-03:00;1;6;2004;3,1559
2004-06-02;GM366_ERC366;2004-06-02T00:00:00-03:00;2;6;2004;3,1294
2004-06-03;GM366_ERC366;2004-06-03T00:00:00-03:00;3;6;2004;3,1435
2004-06-04;GM366_ERC366;2004-06-04T00:00:00-03:00;4;6;2004;3,1327
2004-06-05;GM366_ERC366;2004-06-05T00:00:00-03:00;5;6;2004;
2004-06-06;GM366_ERC366;2004-06-06T00:00:00-03:00;6;6;2004;
2004-06-07;GM366_ERC366;2004-06-07T00:00:00-03:00;7;6;2004;3,1111
2004-06-08;GM366_ERC366;2004-06-08T00:00:00-03:00;8;6;2004;3,1147
2004-06-09;GM366_ERC366;2004-06-09T00:00:00-03:00;9;6;2004;3,1158
2004-06-10;GM366_ERC366;2004-06-10T00:00:00-03:00;10;6;2004;
2004-06-11;GM366_ERC366;2004-06-11T00:00:00-03:00;11;6;2004;3,1394
2004-06-12;GM366_ERC366;2004-06-12T00:00:00-03:00;12;6;2004;
2004-06-13;GM366_ERC366;2004-06-13T00:00:00-03:00;13;6;2004;
2004-06-14;GM366_ERC366;2004-06-14T00:00:00-03:00;14;6;2004;3,1643
2004-06-15;GM366_ERC366;2004-06-15T00:00:00-03:00;15;6;2004;3,1372
2004-06-16;GM366_ERC366;2004-06-16T00:00:00-03:00;16;6;2004;3,1397
2004-06-17;GM366_ERC366;2004-06-17T00:00:00-03:00;17;6;2004;3,1272
2004-06-18;GM366_ERC366;2004-06-18T00:00:00-03:00;18;6;2004;3,138
2004-06-19;GM366_ERC366;2004-06-19T00:00:00-03:00;19;6;2004;
2004-06-20;GM366_ERC366;2004-06-20T00:00:00-03:00;20;6;2004;
2004-06-21;GM366_ERC366;2004-06-21T00:00:00-03:00;21;6;2004;3,129
2004-06-22;GM366_ERC366;2004-06-22T00:00:00-03:00;22;6;2004;3,1333
2004-06-23;GM366_ERC366;2004-06-23T00:00:00-03:00;23;6;2004;3,125
2004-06-24;GM366_ERC366;2004-06-24T00:00:00-03:00;24;6;2004;3,1022
2004-06-25;GM366_ERC366;2004-06-25T00:00:00-03:00;25;6;2004;3,1088
2004-06-26;GM366_ERC366;2004-06-26T00:00:00-03:00;26;6;2004;
2004-06-27;GM366_ERC366;2004-06-27T00:00:00-03:00;27;6;2004;
2004-06-28;GM366_ERC366;2004-06-28T00:00:00-03:00;28;6;2004;3,1239
2004-06-29;GM366_ERC366;2004-06-29T00:00:00-03:00;29;6;2004;3,1175
2004-06-30;GM366_ERC366;2004-06-30T00:00:00-03:00;30;6;2004;3,1067
2004-07-01;GM366_ERC366;2004-07-01T00:00:00-03:00;1;7;2004;3,0739
2004-07-02;GM366_ERC366;2004-07-02T00:00:00-03:00;2;7;2004;3,0494
2004-07-03;GM366_ERC366;2004-07-03T00:00:00-03:00;3;7;2004;
2004-07-04;GM366_ERC366;2004-07-04T00:00:00-03:00;4;7;2004;
2004-07-05;GM366_ERC366;2004-07-05T00:00:00-03:00;5;7;2004;3,0308
2004-07-06;GM366_ERC366;2004-07-06T00:00:00-03:00;6;7;2004;3,041
2004-07-07;GM366_ERC366;2004-07-07T00:00:00-03:00;7;7;2004;3,0359
2004-07-08;GM366_ERC366;2004-07-08T00:00:00-03:00;8;7;2004;3,0467
2004-07-09;GM366_ERC366;2004-07-09T00:00:00-03:00;9;7;2004;3,0421
2004-07-10;GM366_ERC366;2004-07-10T00:00:00-03:00;10;7;2004;
2004-07-11;GM366_ERC366;2004-07-11T00:00:00-03:00;11;7;2004;
2004-07-12;GM366_ERC366;2004-07-12T00:00:00-03:00;12;7;2004;3,0363
2004-07-13;GM366_ERC366;2004-07-13T00:00:00-03:00;13;7;2004;3,0412
2004-07-14;GM366_ERC366;2004-07-14T00:00:00-03:00;14;7;2004;3,0276
2004-07-15;GM366_ERC366;2004-07-15T00:00:00-03:00;15;7;2004;3,0207
2004-07-16;GM366_ERC366;2004-07-16T00:00:00-03:00;16;7;2004;3,0013
2004-07-17;GM366_ERC366;2004-07-17T00:00:00-03:00;17;7;2004;
2004-07-18;GM366_ERC366;2004-07-18T00:00:00-03:00;18;7;2004;
2004-07-19;GM366_ERC366;2004-07-19T00:00:00-03:00;19;7;2004;2,9931
2004-07-20;GM366_ERC366;2004-07-20T00:00:00-03:00;20;7;2004;3,0033
2004-07-21;GM366_ERC366;2004-07-21T00:00:00-03:00;21;7;2004;3,0239
2004-07-22;GM366_ERC366;2004-07-22T00:00:00-03:00;22;7;2004;3,0384
2004-07-23;GM366_ERC366;2004-07-23T00:00:00-03:00;23;7;2004;3,0457
2004-07-24;GM366_ERC366;2004-07-24T00:00:00-03:00;24;7;2004;
2004-07-25;GM366_ERC366;2004-07-25T00:00:00-03:00;25;7;2004;
2004-07-26;GM366_ERC366;2004-07-26T00:00:00-03:00;26;7;2004;3,0565
2004-07-27;GM366_ERC366;2004-07-27T00:00:00-03:00;27;7;2004;3,0662
2004-07-28;GM366_ERC366;2004-07-28T00:00:00-03:00;28;7;2004;3,0549
2004-07-29;GM366_ERC366;2004-07-29T00:00:00-03:00;29;7;2004;3,0366
2004-07-30;GM366_ERC366;2004-07-30T00:00:00-03:00;30;7;2004;3,026
2004-07-31;GM366_ERC366;2004-07-31T00:00:00-03:00;31;7;2004;
2004-08-01;GM366_ERC366;2004-08-01T00:00:00-03:00;1;8;2004;
2004-08-02;GM366_ERC366;2004-08-02T00:00:00-03:00;2;8;2004;3,0458
2004-08-03;GM366_ERC366;2004-08-03T00:00:00-03:00;3;8;2004;3,0542
2004-08-04;GM366_ERC366;2004-08-04T00:00:00-03:00;4;8;2004;3,0571
2004-08-05;GM366_ERC366;2004-08-05T00:00:00-03:00;5;8;2004;3,0629
2004-08-06;GM366_ERC366;2004-08-06T00:00:00-03:00;6;8;2004;3,0481
2004-08-07;GM366_ERC366;2004-08-07T00:00:00-03:00;7;8;2004;
2004-08-08;GM366_ERC366;2004-08-08T00:00:00-03:00;8;8;2004;
2004-08-09;GM366_ERC366;2004-08-09T00:00:00-03:00;9;8;2004;3,0388
2004-08-10;GM366_ERC366;2004-08-10T00:00:00-03:00;10;8;2004;3,0277
2004-08-11;GM366_ERC366;2004-08-11T00:00:00-03:00;11;8;2004;3,0384
2004-08-12;GM366_ERC366;2004-08-12T00:00:00-03:00;12;8;2004;3,0299
2004-08-13;GM366_ERC366;2004-08-13T00:00:00-03:00;13;8;2004;3,0227
2004-08-14;GM366_ERC366;2004-08-14T00:00:00-03:00;14;8;2004;
2004-08-15;GM366_ERC366;2004-08-15T00:00:00-03:00;15;8;2004;
2004-08-16;GM366_ERC366;2004-08-16T00:00:00-03:00;16;8;2004;3,0138
2004-08-17;GM366_ERC366;2004-08-17T00:00:00-03:00;17;8;2004;2,9981
2004-08-18;GM366_ERC366;2004-08-18T00:00:00-03:00;18;8;2004;2,9914
2004-08-19;GM366_ERC366;2004-08-19T00:00:00-03:00;19;8;2004;2,9785
2004-08-20;GM366_ERC366;2004-08-20T00:00:00-03:00;20;8;2004;2,9734
2004-08-21;GM366_ERC366;2004-08-21T00:00:00-03:00;21;8;2004;
2004-08-22;GM366_ERC366;2004-08-22T00:00:00-03:00;22;8;2004;
2004-08-23;GM366_ERC366;2004-08-23T00:00:00-03:00;23;8;2004;2,9679
2004-08-24;GM366_ERC366;2004-08-24T00:00:00-03:00;24;8;2004;2,9568
2004-08-25;GM366_ERC366;2004-08-25T00:00:00-03:00;25;8;2004;2,9504
2004-08-26;GM366_ERC366;2004-08-26T00:00:00-03:00;26;8;2004;2,9533
2004-08-27;GM366_ERC366;2004-08-27T00:00:00-03:00;27;8;2004;2,9563
2004-08-28;GM366_ERC366;2004-08-28T00:00:00-03:00;28;8;2004;
2004-08-29;GM366_ERC366;2004-08-29T00:00:00-03:00;29;8;2004;
2004-08-30;GM366_ERC366;2004-08-30T00:00:00-03:00;30;8;2004;2,948
2004-08-31;GM366_ERC366;2004-08-31T00:00:00-03:00;31;8;2004;2,933
2004-09-01;GM366_ERC366;2004-09-01T00:00:00-03:00;1;9;2004;2,929
2004-09-02;GM366_ERC366;2004-09-02T00:00:00-03:00;2;9;2004;2,9353
2004-09-03;GM366_ERC366;2004-09-03T00:00:00-03:00;3;9;2004;2,9281
2004-09-04;GM366_ERC366;2004-09-04T00:00:00-03:00;4;9;2004;
2004-09-05;GM366_ERC366;2004-09-05T00:00:00-03:00;5;9;2004;
2004-09-06;GM366_ERC366;2004-09-06T00:00:00-03:00;6;9;2004;2,9134
2004-09-07;GM366_ERC366;2004-09-07T00:00:00-03:00;7;9;2004;
2004-09-08;GM366_ERC366;2004-09-08T00:00:00-03:00;8;9;2004;2,9006
2004-09-09;GM366_ERC366;2004-09-09T00:00:00-03:00;9;9;2004;2,902
2004-09-10;GM366_ERC366;2004-09-10T00:00:00-03:00;10;9;2004;2,898
2004-09-11;GM366_ERC366;2004-09-11T00:00:00-03:00;11;9;2004;
2004-09-12;GM366_ERC366;2004-09-12T00:00:00-03:00;12;9;2004;
2004-09-13;GM366_ERC366;2004-09-13T00:00:00-03:00;13;9;2004;2,9052
2004-09-14;GM366_ERC366;2004-09-14T00:00:00-03:00;14;9;2004;2,9117
2004-09-15;GM366_ERC366;2004-09-15T00:00:00-03:00;15;9;2004;2,9034
2004-09-16;GM366_ERC366;2004-09-16T00:00:00-03:00;16;9;2004;2,8884
2004-09-17;GM366_ERC366;2004-09-17T00:00:00-03:00;17;9;2004;2,8736
2004-09-18;GM366_ERC366;2004-09-18T00:00:00-03:00;18;9;2004;
2004-09-19;GM366_ERC366;2004-09-19T00:00:00-03:00;19;9;2004;
2004-09-20;GM366_ERC366;2004-09-20T00:00:00-03:00;20;9;2004;2,8668
2004-09-21;GM366_ERC366;2004-09-21T00:00:00-03:00;21;9;2004;2,8729
2004-09-22;GM366_ERC366;2004-09-22T00:00:00-03:00;22;9;2004;2,8669
2004-09-23;GM366_ERC366;2004-09-23T00:00:00-03:00;23;9;2004;2,8717
2004-09-24;GM366_ERC366;2004-09-24T00:00:00-03:00;24;9;2004;2,8727
2004-09-25;GM366_ERC366;2004-09-25T00:00:00-03:00;25;9;2004;
2004-09-26;GM366_ERC366;2004-09-26T00:00:00-03:00;26;9;2004;
2004-09-27;GM366_ERC366;2004-09-27T00:00:00-03:00;27;9;2004;2,872
2004-09-28;GM366_ERC366;2004-09-28T00:00:00-03:00;28;9;2004;2,8684
2004-09-29;GM366_ERC366;2004-09-29T00:00:00-03:00;29;9;2004;2,8594
2004-09-30;GM366_ERC366;2004-09-30T00:00:00-03:00;30;9;2004;2,8578
2004-10-01;GM366_ERC366;2004-10-01T00:00:00-03:00;1;10;2004;2,8505
2004-10-02;GM366_ERC366;2004-10-02T00:00:00-03:00;2;10;2004;
2004-10-03;GM366_ERC366;2004-10-03T00:00:00-03:00;3;10;2004;
2004-10-04;GM366_ERC366;2004-10-04T00:00:00-03:00;4;10;2004;2,8257
2004-10-05;GM366_ERC366;2004-10-05T00:00:00-03:00;5;10;2004;2,8233
2004-10-06;GM366_ERC366;2004-10-06T00:00:00-03:00;6;10;2004;2,8354
2004-10-07;GM366_ERC366;2004-10-07T00:00:00-03:00;7;10;2004;2,851
2004-10-08;GM366_ERC366;2004-10-08T00:00:00-03:00;8;10;2004;2,8243
2004-10-09;GM366_ERC366;2004-10-09T00:00:00-03:00;9;10;2004;
2004-10-10;GM366_ERC366;2004-10-10T00:00:00-03:00;10;10;2004;
2004-10-11;GM366_ERC366;2004-10-11T00:00:00-03:00;11;10;2004;2,831
2004-10-12;GM366_ERC366;2004-10-12T00:00:00-03:00;12;10;2004;
2004-10-13;GM366_ERC366;2004-10-13T00:00:00-03:00;13;10;2004;2,8366
2004-10-14;GM366_ERC366;2004-10-14T00:00:00-03:00;14;10;2004;2,8623
2004-10-15;GM366_ERC366;2004-10-15T00:00:00-03:00;15;10;2004;2,8615
2004-10-16;GM366_ERC366;2004-10-16T00:00:00-03:00;16;10;2004;
2004-10-17;GM366_ERC366;2004-10-17T00:00:00-03:00;17;10;2004;
2004-10-18;GM366_ERC366;2004-10-18T00:00:00-03:00;18;10;2004;2,8539
2004-10-19;GM366_ERC366;2004-10-19T00:00:00-03:00;19;10;2004;2,8698
2004-10-20;GM366_ERC366;2004-10-20T00:00:00-03:00;20;10;2004;2,8839
2004-10-21;GM366_ERC366;2004-10-21T00:00:00-03:00;21;10;2004;2,8527
2004-10-22;GM366_ERC366;2004-10-22T00:00:00-03:00;22;10;2004;2,8481
2004-10-23;GM366_ERC366;2004-10-23T00:00:00-03:00;23;10;2004;
2004-10-24;GM366_ERC366;2004-10-24T00:00:00-03:00;24;10;2004;
2004-10-25;GM366_ERC366;2004-10-25T00:00:00-03:00;25;10;2004;2,8809
2004-10-26;GM366_ERC366;2004-10-26T00:00:00-03:00;26;10;2004;2,8721
2004-10-27;GM366_ERC366;2004-10-27T00:00:00-03:00;27;10;2004;2,8577
2004-10-28;GM366_ERC366;2004-10-28T00:00:00-03:00;28;10;2004;2,8647
2004-10-29;GM366_ERC366;2004-10-29T00:00:00-03:00;29;10;2004;2,8557
2004-10-30;GM366_ERC366;2004-10-30T00:00:00-03:00;30;10;2004;
2004-10-31;GM366_ERC366;2004-10-31T00:00:00-03:00;31;10;2004;
2004-11-01;GM366_ERC366;2004-11-01T00:00:00-03:00;1;11;2004;2,8582
2004-11-02;GM366_ERC366;2004-11-02T00:00:00-03:00;2;11;2004;
2004-11-03;GM366_ERC366;2004-11-03T00:00:00-02:00;3;11;2004;2,8296
2004-11-04;GM366_ERC366;2004-11-04T00:00:00-02:00;4;11;2004;2,8203
2004-11-05;GM366_ERC366;2004-11-05T00:00:00-02:00;5;11;2004;2,8178
2004-11-06;GM366_ERC366;2004-11-06T00:00:00-02:00;6;11;2004;
2004-11-07;GM366_ERC366;2004-11-07T00:00:00-02:00;7;11;2004;
2004-11-08;GM366_ERC366;2004-11-08T00:00:00-02:00;8;11;2004;2,8291
2004-11-09;GM366_ERC366;2004-11-09T00:00:00-02:00;9;11;2004;2,8279
2004-11-10;GM366_ERC366;2004-11-10T00:00:00-02:00;10;11;2004;2,8201
2004-11-11;GM366_ERC366;2004-11-11T00:00:00-02:00;11;11;2004;2,8192
2004-11-12;GM366_ERC366;2004-11-12T00:00:00-02:00;12;11;2004;2,7983
2004-11-13;GM366_ERC366;2004-11-13T00:00:00-02:00;13;11;2004;
2004-11-14;GM366_ERC366;2004-11-14T00:00:00-02:00;14;11;2004;
2004-11-15;GM366_ERC366;2004-11-15T00:00:00-02:00;15;11;2004;
2004-11-16;GM366_ERC366;2004-11-16T00:00:00-02:00;16;11;2004;2,7848
2004-11-17;GM366_ERC366;2004-11-17T00:00:00-02:00;17;11;2004;2,7666
2004-11-18;GM366_ERC366;2004-11-18T00:00:00-02:00;18;11;2004;2,7595
2004-11-19;GM366_ERC366;2004-11-19T00:00:00-02:00;19;11;2004;2,7629
2004-11-20;GM366_ERC366;2004-11-20T00:00:00-02:00;20;11;2004;
2004-11-21;GM366_ERC366;2004-11-21T00:00:00-02:00;21;11;2004;
2004-11-22;GM366_ERC366;2004-11-22T00:00:00-02:00;22;11;2004;2,767
2004-11-23;GM366_ERC366;2004-11-23T00:00:00-02:00;23;11;2004;2,7438
2004-11-24;GM366_ERC366;2004-11-24T00:00:00-02:00;24;11;2004;2,7477
2004-11-25;GM366_ERC366;2004-11-25T00:00:00-02:00;25;11;2004;2,7503
2004-11-26;GM366_ERC366;2004-11-26T00:00:00-02:00;26;11;2004;2,7324
2004-11-27;GM366_ERC366;2004-11-27T00:00:00-02:00;27;11;2004;
2004-11-28;GM366_ERC366;2004-11-28T00:00:00-02:00;28;11;2004;
2004-11-29;GM366_ERC366;2004-11-29T00:00:00-02:00;29;11;2004;2,7394
2004-11-30;GM366_ERC366;2004-11-30T00:00:00-02:00;30;11;2004;2,7299
2004-12-01;GM366_ERC366;2004-12-01T00:00:00-02:00;1;12;2004;2,7137
2004-12-02;GM366_ERC366;2004-12-02T00:00:00-02:00;2;12;2004;2,7231
2004-12-03;GM366_ERC366;2004-12-03T00:00:00-02:00;3;12;2004;2,7087
2004-12-04;GM366_ERC366;2004-12-04T00:00:00-02:00;4;12;2004;
2004-12-05;GM366_ERC366;2004-12-05T00:00:00-02:00;5;12;2004;
2004-12-06;GM366_ERC366;2004-12-06T00:00:00-02:00;6;12;2004;2,7178
2004-12-07;GM366_ERC366;2004-12-07T00:00:00-02:00;7;12;2004;2,7314
2004-12-08;GM366_ERC366;2004-12-08T00:00:00-02:00;8;12;2004;2,7656
2004-12-09;GM366_ERC366;2004-12-09T00:00:00-02:00;9;12;2004;2,7736
2004-12-10;GM366_ERC366;2004-12-10T00:00:00-02:00;10;12;2004;2,7859
2004-12-11;GM366_ERC366;2004-12-11T00:00:00-02:00;11;12;2004;
2004-12-12;GM366_ERC366;2004-12-12T00:00:00-02:00;12;12;2004;
2004-12-13;GM366_ERC366;2004-12-13T00:00:00-02:00;13;12;2004;2,7689
2004-12-14;GM366_ERC366;2004-12-14T00:00:00-02:00;14;12;2004;2,7572
2004-12-15;GM366_ERC366;2004-12-15T00:00:00-02:00;15;12;2004;2,75
2004-12-16;GM366_ERC366;2004-12-16T00:00:00-02:00;16;12;2004;2,7285
2004-12-17;GM366_ERC366;2004-12-17T00:00:00-02:00;17;12;2004;2,7239
2004-12-18;GM366_ERC366;2004-12-18T00:00:00-02:00;18;12;2004;
2004-12-19;GM366_ERC366;2004-12-19T00:00:00-02:00;19;12;2004;
2004-12-20;GM366_ERC366;2004-12-20T00:00:00-02:00;20;12;2004;2,6919
2004-12-21;GM366_ERC366;2004-12-21T00:00:00-02:00;21;12;2004;2,6884
2004-12-22;GM366_ERC366;2004-12-22T00:00:00-02:00;22;12;2004;2,6982
2004-12-23;GM366_ERC366;2004-12-23T00:00:00-02:00;23;12;2004;2,7059
2004-12-24;GM366_ERC366;2004-12-24T00:00:00-02:00;24;12;2004;2,6904
2004-12-25;GM366_ERC366;2004-12-25T00:00:00-02:00;25;12;2004;
2004-12-26;GM366_ERC366;2004-12-26T00:00:00-02:00;26;12;2004;
2004-12-27;GM366_ERC366;2004-12-27T00:00:00-02:00;27;12;2004;2,6975
2004-12-28;GM366_ERC366;2004-12-28T00:00:00-02:00;28;12;2004;2,6887
2004-12-29;GM366_ERC366;2004-12-29T00:00:00-02:00;29;12;2004;2,6828
2004-12-30;GM366_ERC366;2004-12-30T00:00:00-02:00;30;12;2004;2,6536
2004-12-31;GM366_ERC366;2004-12-31T00:00:00-02:00;31;12;2004;2,6536
2005-01-01;GM366_ERC366;2005-01-01T00:00:00-02:00;1;1;2005;
2005-01-02;GM366_ERC366;2005-01-02T00:00:00-02:00;2;1;2005;
2005-01-03;GM366_ERC366;2005-01-03T00:00:00-02:00;3;1;2005;2,6674
2005-01-04;GM366_ERC366;2005-01-04T00:00:00-02:00;4;1;2005;2,6879
2005-01-05;GM366_ERC366;2005-01-05T00:00:00-02:00;5;1;2005;2,7088
2005-01-06;GM366_ERC366;2005-01-06T00:00:00-02:00;6;1;2005;2,7199
2005-01-07;GM366_ERC366;2005-01-07T00:00:00-02:00;7;1;2005;2,7024
2005-01-08;GM366_ERC366;2005-01-08T00:00:00-02:00;8;1;2005;
2005-01-09;GM366_ERC366;2005-01-09T00:00:00-02:00;9;1;2005;
2005-01-10;GM366_ERC366;2005-01-10T00:00:00-02:00;10;1;2005;2,6965
2005-01-11;GM366_ERC366;2005-01-11T00:00:00-02:00;11;1;2005;2,7098
2005-01-12;GM366_ERC366;2005-01-12T00:00:00-02:00;12;1;2005;2,7105
2005-01-13;GM366_ERC366;2005-01-13T00:00:00-02:00;13;1;2005;2,7003
2005-01-14;GM366_ERC366;2005-01-14T00:00:00-02:00;14;1;2005;2,7066
2005-01-15;GM366_ERC366;2005-01-15T00:00:00-02:00;15;1;2005;
2005-01-16;GM366_ERC366;2005-01-16T00:00:00-02:00;16;1;2005;
2005-01-17;GM366_ERC366;2005-01-17T00:00:00-02:00;17;1;2005;2,6999
2005-01-18;GM366_ERC366;2005-01-18T00:00:00-02:00;18;1;2005;2,7131
2005-01-19;GM366_ERC366;2005-01-19T00:00:00-02:00;19;1;2005;2,7177
2005-01-20;GM366_ERC366;2005-01-20T00:00:00-02:00;20;1;2005;2,7214
2005-01-21;GM366_ERC366;2005-01-21T00:00:00-02:00;21;1;2005;2,6991
2005-01-22;GM366_ERC366;2005-01-22T00:00:00-02:00;22;1;2005;
2005-01-23;GM366_ERC366;2005-01-23T00:00:00-02:00;23;1;2005;
2005-01-24;GM366_ERC366;2005-01-24T00:00:00-02:00;24;1;2005;2,6772
2005-01-25;GM366_ERC366;2005-01-25T00:00:00-02:00;25;1;2005;2,6786
2005-01-26;GM366_ERC366;2005-01-26T00:00:00-02:00;26;1;2005;2,674
2005-01-27;GM366_ERC366;2005-01-27T00:00:00-02:00;27;1;2005;2,6637
2005-01-28;GM366_ERC366;2005-01-28T00:00:00-02:00;28;1;2005;2,6579
2005-01-29;GM366_ERC366;2005-01-29T00:00:00-02:00;29;1;2005;
2005-01-30;GM366_ERC366;2005-01-30T00:00:00-02:00;30;1;2005;
2005-01-31;GM366_ERC366;2005-01-31T00:00:00-02:00;31;1;2005;2,624
2005-02-01;GM366_ERC366;2005-02-01T00:00:00-02:00;1;2;2005;2,6122
2005-02-02;GM366_ERC366;2005-02-02T00:00:00-02:00;2;2;2005;2,6232
2005-02-03;GM366_ERC366;2005-02-03T00:00:00-02:00;3;2;2005;2,6026
2005-02-04;GM366_ERC366;2005-02-04T00:00:00-02:00;4;2;2005;2,6022
2005-02-05;GM366_ERC366;2005-02-05T00:00:00-02:00;5;2;2005;
2005-02-06;GM366_ERC366;2005-02-06T00:00:00-02:00;6;2;2005;
2005-02-07;GM366_ERC366;2005-02-07T00:00:00-02:00;7;2;2005;
2005-02-08;GM366_ERC366;2005-02-08T00:00:00-02:00;8;2;2005;
2005-02-09;GM366_ERC366;2005-02-09T00:00:00-02:00;9;2;2005;2,607
2005-02-10;GM366_ERC366;2005-02-10T00:00:00-02:00;10;2;2005;2,6114
2005-02-11;GM366_ERC366;2005-02-11T00:00:00-02:00;11;2;2005;2,6165
2005-02-12;GM366_ERC366;2005-02-12T00:00:00-02:00;12;2;2005;
2005-02-13;GM366_ERC366;2005-02-13T00:00:00-02:00;13;2;2005;
2005-02-14;GM366_ERC366;2005-02-14T00:00:00-02:00;14;2;2005;2,5826
2005-02-15;GM366_ERC366;2005-02-15T00:00:00-02:00;15;2;2005;2,5754
2005-02-16;GM366_ERC366;2005-02-16T00:00:00-02:00;16;2;2005;2,5918
2005-02-17;GM366_ERC366;2005-02-17T00:00:00-02:00;17;2;2005;2,5729
2005-02-18;GM366_ERC366;2005-02-18T00:00:00-02:00;18;2;2005;2,5613
2005-02-19;GM366_ERC366;2005-02-19T00:00:00-02:00;19;2;2005;
2005-02-20;GM366_ERC366;2005-02-20T00:00:00-03:00;20;2;2005;
2005-02-21;GM366_ERC366;2005-02-21T00:00:00-03:00;21;2;2005;2,5754
2005-02-22;GM366_ERC366;2005-02-22T00:00:00-03:00;22;2;2005;2,5929
2005-02-23;GM366_ERC366;2005-02-23T00:00:00-03:00;23;2;2005;2,5849
2005-02-24;GM366_ERC366;2005-02-24T00:00:00-03:00;24;2;2005;2,609
2005-02-25;GM366_ERC366;2005-02-25T00:00:00-03:00;25;2;2005;2,6312
2005-02-26;GM366_ERC366;2005-02-26T00:00:00-03:00;26;2;2005;
2005-02-27;GM366_ERC366;2005-02-27T00:00:00-03:00;27;2;2005;
2005-02-28;GM366_ERC366;2005-02-28T00:00:00-03:00;28;2;2005;2,5942
2005-03-01;GM366_ERC366;2005-03-01T00:00:00-03:00;1;3;2005;2,6003
2005-03-02;GM366_ERC366;2005-03-02T00:00:00-03:00;2;3;2005;2,636
2005-03-03;GM366_ERC366;2005-03-03T00:00:00-03:00;3;3;2005;2,669
2005-03-04;GM366_ERC366;2005-03-04T00:00:00-03:00;4;3;2005;2,6607
2005-03-05;GM366_ERC366;2005-03-05T00:00:00-03:00;5;3;2005;
2005-03-06;GM366_ERC366;2005-03-06T00:00:00-03:00;6;3;2005;
2005-03-07;GM366_ERC366;2005-03-07T00:00:00-03:00;7;3;2005;2,6616
2005-03-08;GM366_ERC366;2005-03-08T00:00:00-03:00;8;3;2005;2,6926
2005-03-09;GM366_ERC366;2005-03-09T00:00:00-03:00;9;3;2005;2,7105
2005-03-10;GM366_ERC366;2005-03-10T00:00:00-03:00;10;3;2005;2,7311
2005-03-11;GM366_ERC366;2005-03-11T00:00:00-03:00;11;3;2005;2,7013
2005-03-12;GM366_ERC366;2005-03-12T00:00:00-03:00;12;3;2005;
2005-03-13;GM366_ERC366;2005-03-13T00:00:00-03:00;13;3;2005;
2005-03-14;GM366_ERC366;2005-03-14T00:00:00-03:00;14;3;2005;2,7515
2005-03-15;GM366_ERC366;2005-03-15T00:00:00-03:00;15;3;2005;2,7613
2005-03-16;GM366_ERC366;2005-03-16T00:00:00-03:00;16;3;2005;2,7562
2005-03-17;GM366_ERC366;2005-03-17T00:00:00-03:00;17;3;2005;2,7514
2005-03-18;GM366_ERC366;2005-03-18T00:00:00-03:00;18;3;2005;2,7155
2005-03-19;GM366_ERC366;2005-03-19T00:00:00-03:00;19;3;2005;
2005-03-20;GM366_ERC366;2005-03-20T00:00:00-03:00;20;3;2005;
2005-03-21;GM366_ERC366;2005-03-21T00:00:00-03:00;21;3;2005;2,728
2005-03-22;GM366_ERC366;2005-03-22T00:00:00-03:00;22;3;2005;2,7052
2005-03-23;GM366_ERC366;2005-03-23T00:00:00-03:00;23;3;2005;2,7395
2005-03-24;GM366_ERC366;2005-03-24T00:00:00-03:00;24;3;2005;2,7295
2005-03-25;GM366_ERC366;2005-03-25T00:00:00-03:00;25;3;2005;
2005-03-26;GM366_ERC366;2005-03-26T00:00:00-03:00;26;3;2005;
2005-03-27;GM366_ERC366;2005-03-27T00:00:00-03:00;27;3;2005;
2005-03-28;GM366_ERC366;2005-03-28T00:00:00-03:00;28;3;2005;2,7377
2005-03-29;GM366_ERC366;2005-03-29T00:00:00-03:00;29;3;2005;2,7023
2005-03-30;GM366_ERC366;2005-03-30T00:00:00-03:00;30;3;2005;2,68
2005-03-31;GM366_ERC366;2005-03-31T00:00:00-03:00;31;3;2005;2,6654
2005-04-01;GM366_ERC366;2005-04-01T00:00:00-03:00;1;4;2005;2,6542
2005-04-02;GM366_ERC366;2005-04-02T00:00:00-03:00;2;4;2005;
2005-04-03;GM366_ERC366;2005-04-03T00:00:00-03:00;3;4;2005;
2005-04-04;GM366_ERC366;2005-04-04T00:00:00-03:00;4;4;2005;2,659
2005-04-05;GM366_ERC366;2005-04-05T00:00:00-03:00;5;4;2005;2,6247
2005-04-06;GM366_ERC366;2005-04-06T00:00:00-03:00;6;4;2005;2,6059
2005-04-07;GM366_ERC366;2005-04-07T00:00:00-03:00;7;4;2005;2,6011
2005-04-08;GM366_ERC366;2005-04-08T00:00:00-03:00;8;4;2005;2,5934
2005-04-09;GM366_ERC366;2005-04-09T00:00:00-03:00;9;4;2005;
2005-04-10;GM366_ERC366;2005-04-10T00:00:00-03:00;10;4;2005;
2005-04-11;GM366_ERC366;2005-04-11T00:00:00-03:00;11;4;2005;2,5775
2005-04-12;GM366_ERC366;2005-04-12T00:00:00-03:00;12;4;2005;2,5891
2005-04-13;GM366_ERC366;2005-04-13T00:00:00-03:00;13;4;2005;2,559
2005-04-14;GM366_ERC366;2005-04-14T00:00:00-03:00;14;4;2005;2,5739
2005-04-15;GM366_ERC366;2005-04-15T00:00:00-03:00;15;4;2005;2,5963
2005-04-16;GM366_ERC366;2005-04-16T00:00:00-03:00;16;4;2005;
2005-04-17;GM366_ERC366;2005-04-17T00:00:00-03:00;17;4;2005;
2005-04-18;GM366_ERC366;2005-04-18T00:00:00-03:00;18;4;2005;2,6149
2005-04-19;GM366_ERC366;2005-04-19T00:00:00-03:00;19;4;2005;2,5817
2005-04-20;GM366_ERC366;2005-04-20T00:00:00-03:00;20;4;2005;2,5637
2005-04-21;GM366_ERC366;2005-04-21T00:00:00-03:00;21;4;2005;
2005-04-22;GM366_ERC366;2005-04-22T00:00:00-03:00;22;4;2005;2,5384
2005-04-23;GM366_ERC366;2005-04-23T00:00:00-03:00;23;4;2005;
2005-04-24;GM366_ERC366;2005-04-24T00:00:00-03:00;24;4;2005;
2005-04-25;GM366_ERC366;2005-04-25T00:00:00-03:00;25;4;2005;2,53
2005-04-26;GM366_ERC366;2005-04-26T00:00:00-03:00;26;4;2005;2,5347
2005-04-27;GM366_ERC366;2005-04-27T00:00:00-03:00;27;4;2005;2,5187
2005-04-28;GM366_ERC366;2005-04-28T00:00:00-03:00;28;4;2005;2,5209
2005-04-29;GM366_ERC366;2005-04-29T00:00:00-03:00;29;4;2005;2,5305
2005-04-30;GM366_ERC366;2005-04-30T00:00:00-03:00;30;4;2005;
2005-05-01;GM366_ERC366;2005-05-01T00:00:00-03:00;1;5;2005;
2005-05-02;GM366_ERC366;2005-05-02T00:00:00-03:00;2;5;2005;2,5138
2005-05-03;GM366_ERC366;2005-05-03T00:00:00-03:00;3;5;2005;2,4999
2005-05-04;GM366_ERC366;2005-05-04T00:00:00-03:00;4;5;2005;2,4757
2005-05-05;GM366_ERC366;2005-05-05T00:00:00-03:00;5;5;2005;2,4679
2005-05-06;GM366_ERC366;2005-05-06T00:00:00-03:00;6;5;2005;2,4586
2005-05-07;GM366_ERC366;2005-05-07T00:00:00-03:00;7;5;2005;
2005-05-08;GM366_ERC366;2005-05-08T00:00:00-03:00;8;5;2005;
2005-05-09;GM366_ERC366;2005-05-09T00:00:00-03:00;9;5;2005;2,453
2005-05-10;GM366_ERC366;2005-05-10T00:00:00-03:00;10;5;2005;2,4642
2005-05-11;GM366_ERC366;2005-05-11T00:00:00-03:00;11;5;2005;2,4711
2005-05-12;GM366_ERC366;2005-05-12T00:00:00-03:00;12;5;2005;2,464
2005-05-13;GM366_ERC366;2005-05-13T00:00:00-03:00;13;5;2005;2,4707
2005-05-14;GM366_ERC366;2005-05-14T00:00:00-03:00;14;5;2005;
2005-05-15;GM366_ERC366;2005-05-15T00:00:00-03:00;15;5;2005;
2005-05-16;GM366_ERC366;2005-05-16T00:00:00-03:00;16;5;2005;2,4764
2005-05-17;GM366_ERC366;2005-05-17T00:00:00-03:00;17;5;2005;2,4771
2005-05-18;GM366_ERC366;2005-05-18T00:00:00-03:00;18;5;2005;2,4628
2005-05-19;GM366_ERC366;2005-05-19T00:00:00-03:00;19;5;2005;2,445
2005-05-20;GM366_ERC366;2005-05-20T00:00:00-03:00;20;5;2005;2,4485
2005-05-21;GM366_ERC366;2005-05-21T00:00:00-03:00;21;5;2005;
2005-05-22;GM366_ERC366;2005-05-22T00:00:00-03:00;22;5;2005;
2005-05-23;GM366_ERC366;2005-05-23T00:00:00-03:00;23;5;2005;2,4291
2005-05-24;GM366_ERC366;2005-05-24T00:00:00-03:00;24;5;2005;2,4305
2005-05-25;GM366_ERC366;2005-05-25T00:00:00-03:00;25;5;2005;2,4108
2005-05-26;GM366_ERC366;2005-05-26T00:00:00-03:00;26;5;2005;
2005-05-27;GM366_ERC366;2005-05-27T00:00:00-03:00;27;5;2005;2,3926
2005-05-28;GM366_ERC366;2005-05-28T00:00:00-03:00;28;5;2005;
2005-05-29;GM366_ERC366;2005-05-29T00:00:00-03:00;29;5;2005;
2005-05-30;GM366_ERC366;2005-05-30T00:00:00-03:00;30;5;2005;2,3776
2005-05-31;GM366_ERC366;2005-05-31T00:00:00-03:00;31;5;2005;2,403
2005-06-01;GM366_ERC366;2005-06-01T00:00:00-03:00;1;6;2005;2,4278
2005-06-02;GM366_ERC366;2005-06-02T00:00:00-03:00;2;6;2005;2,4194
2005-06-03;GM366_ERC366;2005-06-03T00:00:00-03:00;3;6;2005;2,4021
2005-06-04;GM366_ERC366;2005-06-04T00:00:00-03:00;4;6;2005;
2005-06-05;GM366_ERC366;2005-06-05T00:00:00-03:00;5;6;2005;
2005-06-06;GM366_ERC366;2005-06-06T00:00:00-03:00;6;6;2005;2,4568
2005-06-07;GM366_ERC366;2005-06-07T00:00:00-03:00;7;6;2005;2,4624
2005-06-08;GM366_ERC366;2005-06-08T00:00:00-03:00;8;6;2005;2,4456
2005-06-09;GM366_ERC366;2005-06-09T00:00:00-03:00;9;6;2005;2,4883
2005-06-10;GM366_ERC366;2005-06-10T00:00:00-03:00;10;6;2005;2,4743
2005-06-11;GM366_ERC366;2005-06-11T00:00:00-03:00;11;6;2005;
2005-06-12;GM366_ERC366;2005-06-12T00:00:00-03:00;12;6;2005;
2005-06-13;GM366_ERC366;2005-06-13T00:00:00-03:00;13;6;2005;2,4554
2005-06-14;GM366_ERC366;2005-06-14T00:00:00-03:00;14;6;2005;2,4367
2005-06-15;GM366_ERC366;2005-06-15T00:00:00-03:00;15;6;2005;2,4447
2005-06-16;GM366_ERC366;2005-06-16T00:00:00-03:00;16;6;2005;2,4153
2005-06-17;GM366_ERC366;2005-06-17T00:00:00-03:00;17;6;2005;2,3865
2005-06-18;GM366_ERC366;2005-06-18T00:00:00-03:00;18;6;2005;
2005-06-19;GM366_ERC366;2005-06-19T00:00:00-03:00;19;6;2005;
2005-06-20;GM366_ERC366;2005-06-20T00:00:00-03:00;20;6;2005;2,3847
2005-06-21;GM366_ERC366;2005-06-21T00:00:00-03:00;21;6;2005;2,3764
2005-06-22;GM366_ERC366;2005-06-22T00:00:00-03:00;22;6;2005;2,3695
2005-06-23;GM366_ERC366;2005-06-23T00:00:00-03:00;23;6;2005;2,3924
2005-06-24;GM366_ERC366;2005-06-24T00:00:00-03:00;24;6;2005;2,3869
2005-06-25;GM366_ERC366;2005-06-25T00:00:00-03:00;25;6;2005;
2005-06-26;GM366_ERC366;2005-06-26T00:00:00-03:00;26;6;2005;
2005-06-27;GM366_ERC366;2005-06-27T00:00:00-03:00;27;6;2005;2,3822
2005-06-28;GM366_ERC366;2005-06-28T00:00:00-03:00;28;6;2005;2,3686
2005-06-29;GM366_ERC366;2005-06-29T00:00:00-03:00;29;6;2005;2,3541
2005-06-30;GM366_ERC366;2005-06-30T00:00:00-03:00;30;6;2005;2,3496
2005-07-01;GM366_ERC366;2005-07-01T00:00:00-03:00;1;7;2005;2,3451
2005-07-02;GM366_ERC366;2005-07-02T00:00:00-03:00;2;7;2005;
2005-07-03;GM366_ERC366;2005-07-03T00:00:00-03:00;3;7;2005;
2005-07-04;GM366_ERC366;2005-07-04T00:00:00-03:00;4;7;2005;2,3707
2005-07-05;GM366_ERC366;2005-07-05T00:00:00-03:00;5;7;2005;2,366
2005-07-06;GM366_ERC366;2005-07-06T00:00:00-03:00;6;7;2005;2,3893
2005-07-07;GM366_ERC366;2005-07-07T00:00:00-03:00;7;7;2005;2,3882
2005-07-08;GM366_ERC366;2005-07-08T00:00:00-03:00;8;7;2005;2,3675
2005-07-09;GM366_ERC366;2005-07-09T00:00:00-03:00;9;7;2005;
2005-07-10;GM366_ERC366;2005-07-10T00:00:00-03:00;10;7;2005;
2005-07-11;GM366_ERC366;2005-07-11T00:00:00-03:00;11;7;2005;2,3494
2005-07-12;GM366_ERC366;2005-07-12T00:00:00-03:00;12;7;2005;2,3345
2005-07-13;GM366_ERC366;2005-07-13T00:00:00-03:00;13;7;2005;2,3474
2005-07-14;GM366_ERC366;2005-07-14T00:00:00-03:00;14;7;2005;2,3425
2005-07-15;GM366_ERC366;2005-07-15T00:00:00-03:00;15;7;2005;2,3419
2005-07-16;GM366_ERC366;2005-07-16T00:00:00-03:00;16;7;2005;
2005-07-17;GM366_ERC366;2005-07-17T00:00:00-03:00;17;7;2005;
2005-07-18;GM366_ERC366;2005-07-18T00:00:00-03:00;18;7;2005;2,3296
2005-07-19;GM366_ERC366;2005-07-19T00:00:00-03:00;19;7;2005;2,3426
2005-07-20;GM366_ERC366;2005-07-20T00:00:00-03:00;20;7;2005;2,3514
2005-07-21;GM366_ERC366;2005-07-21T00:00:00-03:00;21;7;2005;2,3397
2005-07-22;GM366_ERC366;2005-07-22T00:00:00-03:00;22;7;2005;2,3753
2005-07-23;GM366_ERC366;2005-07-23T00:00:00-03:00;23;7;2005;
2005-07-24;GM366_ERC366;2005-07-24T00:00:00-03:00;24;7;2005;
2005-07-25;GM366_ERC366;2005-07-25T00:00:00-03:00;25;7;2005;2,4279
2005-07-26;GM366_ERC366;2005-07-26T00:00:00-03:00;26;7;2005;2,4648
2005-07-27;GM366_ERC366;2005-07-27T00:00:00-03:00;27;7;2005;2,4431
2005-07-28;GM366_ERC366;2005-07-28T00:00:00-03:00;28;7;2005;2,4203
2005-07-29;GM366_ERC366;2005-07-29T00:00:00-03:00;29;7;2005;2,3897
2005-07-30;GM366_ERC366;2005-07-30T00:00:00-03:00;30;7;2005;
2005-07-31;GM366_ERC366;2005-07-31T00:00:00-03:00;31;7;2005;
2005-08-01;GM366_ERC366;2005-08-01T00:00:00-03:00;1;8;2005;2,3777
2005-08-02;GM366_ERC366;2005-08-02T00:00:00-03:00;2;8;2005;2,3522
2005-08-03;GM366_ERC366;2005-08-03T00:00:00-03:00;3;8;2005;2,3143
2005-08-04;GM366_ERC366;2005-08-04T00:00:00-03:00;4;8;2005;2,3046
2005-08-05;GM366_ERC366;2005-08-05T00:00:00-03:00;5;8;2005;2,2978
2005-08-06;GM366_ERC366;2005-08-06T00:00:00-03:00;6;8;2005;
2005-08-07;GM366_ERC366;2005-08-07T00:00:00-03:00;7;8;2005;
2005-08-08;GM366_ERC366;2005-08-08T00:00:00-03:00;8;8;2005;2,3092
2005-08-09;GM366_ERC366;2005-08-09T00:00:00-03:00;9;8;2005;2,3143
2005-08-10;GM366_ERC366;2005-08-10T00:00:00-03:00;10;8;2005;2,2759
2005-08-11;GM366_ERC366;2005-08-11T00:00:00-03:00;11;8;2005;2,3161
2005-08-12;GM366_ERC366;2005-08-12T00:00:00-03:00;12;8;2005;2,375
2005-08-13;GM366_ERC366;2005-08-13T00:00:00-03:00;13;8;2005;
2005-08-14;GM366_ERC366;2005-08-14T00:00:00-03:00;14;8;2005;
2005-08-15;GM366_ERC366;2005-08-15T00:00:00-03:00;15;8;2005;2,3414
2005-08-16;GM366_ERC366;2005-08-16T00:00:00-03:00;16;8;2005;2,3434
2005-08-17;GM366_ERC366;2005-08-17T00:00:00-03:00;17;8;2005;2,3484
2005-08-18;GM366_ERC366;2005-08-18T00:00:00-03:00;18;8;2005;2,3629
2005-08-19;GM366_ERC366;2005-08-19T00:00:00-03:00;19;8;2005;2,4308
2005-08-20;GM366_ERC366;2005-08-20T00:00:00-03:00;20;8;2005;
2005-08-21;GM366_ERC366;2005-08-21T00:00:00-03:00;21;8;2005;
2005-08-22;GM366_ERC366;2005-08-22T00:00:00-03:00;22;8;2005;2,402
2005-08-23;GM366_ERC366;2005-08-23T00:00:00-03:00;23;8;2005;2,4089
2005-08-24;GM366_ERC366;2005-08-24T00:00:00-03:00;24;8;2005;2,4227
2005-08-25;GM366_ERC366;2005-08-25T00:00:00-03:00;25;8;2005;2,4195
2005-08-26;GM366_ERC366;2005-08-26T00:00:00-03:00;26;8;2005;2,4121
2005-08-27;GM366_ERC366;2005-08-27T00:00:00-03:00;27;8;2005;
2005-08-28;GM366_ERC366;2005-08-28T00:00:00-03:00;28;8;2005;
2005-08-29;GM366_ERC366;2005-08-29T00:00:00-03:00;29;8;2005;2,3987
2005-08-30;GM366_ERC366;2005-08-30T00:00:00-03:00;30;8;2005;2,3853
2005-08-31;GM366_ERC366;2005-08-31T00:00:00-03:00;31;8;2005;2,3629
2005-09-01;GM366_ERC366;2005-09-01T00:00:00-03:00;1;9;2005;2,3615
2005-09-02;GM366_ERC366;2005-09-02T00:00:00-03:00;2;9;2005;2,3421
2005-09-03;GM366_ERC366;2005-09-03T00:00:00-03:00;3;9;2005;
2005-09-04;GM366_ERC366;2005-09-04T00:00:00-03:00;4;9;2005;
2005-09-05;GM366_ERC366;2005-09-05T00:00:00-03:00;5;9;2005;2,3287
2005-09-06;GM366_ERC366;2005-09-06T00:00:00-03:00;6;9;2005;2,3254
2005-09-07;GM366_ERC366;2005-09-07T00:00:00-03:00;7;9;2005;
2005-09-08;GM366_ERC366;2005-09-08T00:00:00-03:00;8;9;2005;2,319
2005-09-09;GM366_ERC366;2005-09-09T00:00:00-03:00;9;9;2005;2,3167
2005-09-10;GM366_ERC366;2005-09-10T00:00:00-03:00;10;9;2005;
2005-09-11;GM366_ERC366;2005-09-11T00:00:00-03:00;11;9;2005;
2005-09-12;GM366_ERC366;2005-09-12T00:00:00-03:00;12;9;2005;2,3189
2005-09-13;GM366_ERC366;2005-09-13T00:00:00-03:00;13;9;2005;2,3261
2005-09-14;GM366_ERC366;2005-09-14T00:00:00-03:00;14;9;2005;2,3292
2005-09-15;GM366_ERC366;2005-09-15T00:00:00-03:00;15;9;2005;2,3004
2005-09-16;GM366_ERC366;2005-09-16T00:00:00-03:00;16;9;2005;2,2929
2005-09-17;GM366_ERC366;2005-09-17T00:00:00-03:00;17;9;2005;
2005-09-18;GM366_ERC366;2005-09-18T00:00:00-03:00;18;9;2005;
2005-09-19;GM366_ERC366;2005-09-19T00:00:00-03:00;19;9;2005;2,2897
2005-09-20;GM366_ERC366;2005-09-20T00:00:00-03:00;20;9;2005;2,294
2005-09-21;GM366_ERC366;2005-09-21T00:00:00-03:00;21;9;2005;2,2819
2005-09-22;GM366_ERC366;2005-09-22T00:00:00-03:00;22;9;2005;2,2744
2005-09-23;GM366_ERC366;2005-09-23T00:00:00-03:00;23;9;2005;2,2674
2005-09-24;GM366_ERC366;2005-09-24T00:00:00-03:00;24;9;2005;
2005-09-25;GM366_ERC366;2005-09-25T00:00:00-03:00;25;9;2005;
2005-09-26;GM366_ERC366;2005-09-26T00:00:00-03:00;26;9;2005;2,2575
2005-09-27;GM366_ERC366;2005-09-27T00:00:00-03:00;27;9;2005;2,2525
2005-09-28;GM366_ERC366;2005-09-28T00:00:00-03:00;28;9;2005;2,2425
2005-09-29;GM366_ERC366;2005-09-29T00:00:00-03:00;29;9;2005;2,2236
2005-09-30;GM366_ERC366;2005-09-30T00:00:00-03:00;30;9;2005;2,2214
2005-10-01;GM366_ERC366;2005-10-01T00:00:00-03:00;1;10;2005;
2005-10-02;GM366_ERC366;2005-10-02T00:00:00-03:00;2;10;2005;
2005-10-03;GM366_ERC366;2005-10-03T00:00:00-03:00;3;10;2005;2,2331
2005-10-04;GM366_ERC366;2005-10-04T00:00:00-03:00;4;10;2005;2,2416
2005-10-05;GM366_ERC366;2005-10-05T00:00:00-03:00;5;10;2005;2,2677
2005-10-06;GM366_ERC366;2005-10-06T00:00:00-03:00;6;10;2005;2,2878
2005-10-07;GM366_ERC366;2005-10-07T00:00:00-03:00;7;10;2005;2,2622
2005-10-08;GM366_ERC366;2005-10-08T00:00:00-03:00;8;10;2005;
2005-10-09;GM366_ERC366;2005-10-09T00:00:00-03:00;9;10;2005;
2005-10-10;GM366_ERC366;2005-10-10T00:00:00-03:00;10;10;2005;2,2376
2005-10-11;GM366_ERC366;2005-10-11T00:00:00-03:00;11;10;2005;2,2343
2005-10-12;GM366_ERC366;2005-10-12T00:00:00-03:00;12;10;2005;
2005-10-13;GM366_ERC366;2005-10-13T00:00:00-03:00;13;10;2005;2,2619
2005-10-14;GM366_ERC366;2005-10-14T00:00:00-03:00;14;10;2005;2,2503
2005-10-15;GM366_ERC366;2005-10-15T00:00:00-03:00;15;10;2005;
2005-10-16;GM366_ERC366;2005-10-16T00:00:00-03:00;16;10;2005;
2005-10-17;GM366_ERC366;2005-10-17T00:00:00-02:00;17;10;2005;2,2344
2005-10-18;GM366_ERC366;2005-10-18T00:00:00-02:00;18;10;2005;2,2397
2005-10-19;GM366_ERC366;2005-10-19T00:00:00-02:00;19;10;2005;2,2527
2005-10-20;GM366_ERC366;2005-10-20T00:00:00-02:00;20;10;2005;2,2435
2005-10-21;GM366_ERC366;2005-10-21T00:00:00-02:00;21;10;2005;2,2538
2005-10-22;GM366_ERC366;2005-10-22T00:00:00-02:00;22;10;2005;
2005-10-23;GM366_ERC366;2005-10-23T00:00:00-02:00;23;10;2005;
2005-10-24;GM366_ERC366;2005-10-24T00:00:00-02:00;24;10;2005;2,2615
2005-10-25;GM366_ERC366;2005-10-25T00:00:00-02:00;25;10;2005;2,261
2005-10-26;GM366_ERC366;2005-10-26T00:00:00-02:00;26;10;2005;2,2738
2005-10-27;GM366_ERC366;2005-10-27T00:00:00-02:00;27;10;2005;2,2843
2005-10-28;GM366_ERC366;2005-10-28T00:00:00-02:00;28;10;2005;2,2783
2005-10-29;GM366_ERC366;2005-10-29T00:00:00-02:00;29;10;2005;
2005-10-30;GM366_ERC366;2005-10-30T00:00:00-02:00;30;10;2005;
2005-10-31;GM366_ERC366;2005-10-31T00:00:00-02:00;31;10;2005;2,2535
2005-11-01;GM366_ERC366;2005-11-01T00:00:00-02:00;1;11;2005;2,2508
2005-11-02;GM366_ERC366;2005-11-02T00:00:00-02:00;2;11;2005;
2005-11-03;GM366_ERC366;2005-11-03T00:00:00-02:00;3;11;2005;2,2328
2005-11-04;GM366_ERC366;2005-11-04T00:00:00-02:00;4;11;2005;2,2223
2005-11-05;GM366_ERC366;2005-11-05T00:00:00-02:00;5;11;2005;
2005-11-06;GM366_ERC366;2005-11-06T00:00:00-02:00;6;11;2005;
2005-11-07;GM366_ERC366;2005-11-07T00:00:00-02:00;7;11;2005;2,2005
2005-11-08;GM366_ERC366;2005-11-08T00:00:00-02:00;8;11;2005;2,2024
2005-11-09;GM366_ERC366;2005-11-09T00:00:00-02:00;9;11;2005;2,1709
2005-11-10;GM366_ERC366;2005-11-10T00:00:00-02:00;10;11;2005;2,1749
2005-11-11;GM366_ERC366;2005-11-11T00:00:00-02:00;11;11;2005;2,1625
2005-11-12;GM366_ERC366;2005-11-12T00:00:00-02:00;12;11;2005;
2005-11-13;GM366_ERC366;2005-11-13T00:00:00-02:00;13;11;2005;
2005-11-14;GM366_ERC366;2005-11-14T00:00:00-02:00;14;11;2005;2,1982
2005-11-15;GM366_ERC366;2005-11-15T00:00:00-02:00;15;11;2005;
2005-11-16;GM366_ERC366;2005-11-16T00:00:00-02:00;16;11;2005;2,1966
2005-11-17;GM366_ERC366;2005-11-17T00:00:00-02:00;17;11;2005;2,1858
2005-11-18;GM366_ERC366;2005-11-18T00:00:00-02:00;18;11;2005;2,2179
2005-11-19;GM366_ERC366;2005-11-19T00:00:00-02:00;19;11;2005;
2005-11-20;GM366_ERC366;2005-11-20T00:00:00-02:00;20;11;2005;
2005-11-21;GM366_ERC366;2005-11-21T00:00:00-02:00;21;11;2005;2,2173
2005-11-22;GM366_ERC366;2005-11-22T00:00:00-02:00;22;11;2005;2,2503
2005-11-23;GM366_ERC366;2005-11-23T00:00:00-02:00;23;11;2005;2,2372
2005-11-24;GM366_ERC366;2005-11-24T00:00:00-02:00;24;11;2005;2,2362
2005-11-25;GM366_ERC366;2005-11-25T00:00:00-02:00;25;11;2005;2,2321
2005-11-26;GM366_ERC366;2005-11-26T00:00:00-02:00;26;11;2005;
2005-11-27;GM366_ERC366;2005-11-27T00:00:00-02:00;27;11;2005;
2005-11-28;GM366_ERC366;2005-11-28T00:00:00-02:00;28;11;2005;2,2086
2005-11-29;GM366_ERC366;2005-11-29T00:00:00-02:00;29;11;2005;2,1972
2005-11-30;GM366_ERC366;2005-11-30T00:00:00-02:00;30;11;2005;2,2062
2005-12-01;GM366_ERC366;2005-12-01T00:00:00-02:00;1;12;2005;2,2169
2005-12-02;GM366_ERC366;2005-12-02T00:00:00-02:00;2;12;2005;2,2053
2005-12-03;GM366_ERC366;2005-12-03T00:00:00-02:00;3;12;2005;
2005-12-04;GM366_ERC366;2005-12-04T00:00:00-02:00;4;12;2005;
2005-12-05;GM366_ERC366;2005-12-05T00:00:00-02:00;5;12;2005;2,196
2005-12-06;GM366_ERC366;2005-12-06T00:00:00-02:00;6;12;2005;2,1799
2005-12-07;GM366_ERC366;2005-12-07T00:00:00-02:00;7;12;2005;2,1792
2005-12-08;GM366_ERC366;2005-12-08T00:00:00-02:00;8;12;2005;2,2119
2005-12-09;GM366_ERC366;2005-12-09T00:00:00-02:00;9;12;2005;2,2438
2005-12-10;GM366_ERC366;2005-12-10T00:00:00-02:00;10;12;2005;
2005-12-11;GM366_ERC366;2005-12-11T00:00:00-02:00;11;12;2005;
2005-12-12;GM366_ERC366;2005-12-12T00:00:00-02:00;12;12;2005;2,2626
2005-12-13;GM366_ERC366;2005-12-13T00:00:00-02:00;13;12;2005;2,2557
2005-12-14;GM366_ERC366;2005-12-14T00:00:00-02:00;14;12;2005;2,2771
2005-12-15;GM366_ERC366;2005-12-15T00:00:00-02:00;15;12;2005;2,2949
2005-12-16;GM366_ERC366;2005-12-16T00:00:00-02:00;16;12;2005;2,3348
2005-12-17;GM366_ERC366;2005-12-17T00:00:00-02:00;17;12;2005;
2005-12-18;GM366_ERC366;2005-12-18T00:00:00-02:00;18;12;2005;
2005-12-19;GM366_ERC366;2005-12-19T00:00:00-02:00;19;12;2005;2,3727
2005-12-20;GM366_ERC366;2005-12-20T00:00:00-02:00;20;12;2005;2,3489
2005-12-21;GM366_ERC366;2005-12-21T00:00:00-02:00;21;12;2005;2,316
2005-12-22;GM366_ERC366;2005-12-22T00:00:00-02:00;22;12;2005;2,3246
2005-12-23;GM366_ERC366;2005-12-23T00:00:00-02:00;23;12;2005;2,3319
2005-12-24;GM366_ERC366;2005-12-24T00:00:00-02:00;24;12;2005;
2005-12-25;GM366_ERC366;2005-12-25T00:00:00-02:00;25;12;2005;
2005-12-26;GM366_ERC366;2005-12-26T00:00:00-02:00;26;12;2005;2,3317
2005-12-27;GM366_ERC366;2005-12-27T00:00:00-02:00;27;12;2005;2,3518
2005-12-28;GM366_ERC366;2005-12-28T00:00:00-02:00;28;12;2005;2,3475
2005-12-29;GM366_ERC366;2005-12-29T00:00:00-02:00;29;12;2005;2,3399
2005-12-30;GM366_ERC366;2005-12-30T00:00:00-02:00;30;12;2005;2,3399
2005-12-31;GM366_ERC366;2005-12-31T00:00:00-02:00;31;12;2005;
2006-01-01;GM366_ERC366;2006-01-01T00:00:00-02:00;1;1;2006;
2006-01-02;GM366_ERC366;2006-01-02T00:00:00-02:00;2;1;2006;2,3362
2006-01-03;GM366_ERC366;2006-01-03T00:00:00-02:00;3;1;2006;2,3452
2006-01-04;GM366_ERC366;2006-01-04T00:00:00-02:00;4;1;2006;2,3058
2006-01-05;GM366_ERC366;2006-01-05T00:00:00-02:00;5;1;2006;2,2817
2006-01-06;GM366_ERC366;2006-01-06T00:00:00-02:00;6;1;2006;2,2862
2006-01-07;GM366_ERC366;2006-01-07T00:00:00-02:00;7;1;2006;
2006-01-08;GM366_ERC366;2006-01-08T00:00:00-02:00;8;1;2006;
2006-01-09;GM366_ERC366;2006-01-09T00:00:00-02:00;9;1;2006;2,2624
2006-01-10;GM366_ERC366;2006-01-10T00:00:00-02:00;10;1;2006;2,263
2006-01-11;GM366_ERC366;2006-01-11T00:00:00-02:00;11;1;2006;2,2671
2006-01-12;GM366_ERC366;2006-01-12T00:00:00-02:00;12;1;2006;2,2721
2006-01-13;GM366_ERC366;2006-01-13T00:00:00-02:00;13;1;2006;2,2739
2006-01-14;GM366_ERC366;2006-01-14T00:00:00-02:00;14;1;2006;
2006-01-15;GM366_ERC366;2006-01-15T00:00:00-02:00;15;1;2006;
2006-01-16;GM366_ERC366;2006-01-16T00:00:00-02:00;16;1;2006;2,2754
2006-01-17;GM366_ERC366;2006-01-17T00:00:00-02:00;17;1;2006;2,2916
2006-01-18;GM366_ERC366;2006-01-18T00:00:00-02:00;18;1;2006;2,3268
2006-01-19;GM366_ERC366;2006-01-19T00:00:00-02:00;19;1;2006;2,3217
2006-01-20;GM366_ERC366;2006-01-20T00:00:00-02:00;20;1;2006;2,2748
2006-01-21;GM366_ERC366;2006-01-21T00:00:00-02:00;21;1;2006;
2006-01-22;GM366_ERC366;2006-01-22T00:00:00-02:00;22;1;2006;
2006-01-23;GM366_ERC366;2006-01-23T00:00:00-02:00;23;1;2006;2,2601
2006-01-24;GM366_ERC366;2006-01-24T00:00:00-02:00;24;1;2006;2,2432
2006-01-25;GM366_ERC366;2006-01-25T00:00:00-02:00;25;1;2006;2,2425
2006-01-26;GM366_ERC366;2006-01-26T00:00:00-02:00;26;1;2006;2,2374
2006-01-27;GM366_ERC366;2006-01-27T00:00:00-02:00;27;1;2006;2,2144
2006-01-28;GM366_ERC366;2006-01-28T00:00:00-02:00;28;1;2006;
2006-01-29;GM366_ERC366;2006-01-29T00:00:00-02:00;29;1;2006;
2006-01-30;GM366_ERC366;2006-01-30T00:00:00-02:00;30;1;2006;2,2108
2006-01-31;GM366_ERC366;2006-01-31T00:00:00-02:00;31;1;2006;2,2152
2006-02-01;GM366_ERC366;2006-02-01T00:00:00-02:00;1;2;2006;2,2209
2006-02-02;GM366_ERC366;2006-02-02T00:00:00-02:00;2;2;2006;2,2202
2006-02-03;GM366_ERC366;2006-02-03T00:00:00-02:00;3;2;2006;2,2194
2006-02-04;GM366_ERC366;2006-02-04T00:00:00-02:00;4;2;2006;
2006-02-05;GM366_ERC366;2006-02-05T00:00:00-02:00;5;2;2006;
2006-02-06;GM366_ERC366;2006-02-06T00:00:00-02:00;6;2;2006;2,1869
2006-02-07;GM366_ERC366;2006-02-07T00:00:00-02:00;7;2;2006;2,1858
2006-02-08;GM366_ERC366;2006-02-08T00:00:00-02:00;8;2;2006;2,1948
2006-02-09;GM366_ERC366;2006-02-09T00:00:00-02:00;9;2;2006;2,177
2006-02-10;GM366_ERC366;2006-02-10T00:00:00-02:00;10;2;2006;2,1567
2006-02-11;GM366_ERC366;2006-02-11T00:00:00-02:00;11;2;2006;
2006-02-12;GM366_ERC366;2006-02-12T00:00:00-02:00;12;2;2006;
2006-02-13;GM366_ERC366;2006-02-13T00:00:00-02:00;13;2;2006;2,1613
2006-02-14;GM366_ERC366;2006-02-14T00:00:00-02:00;14;2;2006;2,1427
2006-02-15;GM366_ERC366;2006-02-15T00:00:00-02:00;15;2;2006;2,1367
2006-02-16;GM366_ERC366;2006-02-16T00:00:00-02:00;16;2;2006;2,1169
2006-02-17;GM366_ERC366;2006-02-17T00:00:00-02:00;17;2;2006;2,1178
2006-02-18;GM366_ERC366;2006-02-18T00:00:00-02:00;18;2;2006;
2006-02-19;GM366_ERC366;2006-02-19T00:00:00-03:00;19;2;2006;
2006-02-20;GM366_ERC366;2006-02-20T00:00:00-03:00;20;2;2006;2,1174
2006-02-21;GM366_ERC366;2006-02-21T00:00:00-03:00;21;2;2006;2,1289
2006-02-22;GM366_ERC366;2006-02-22T00:00:00-03:00;22;2;2006;2,1476
2006-02-23;GM366_ERC366;2006-02-23T00:00:00-03:00;23;2;2006;2,1345
2006-02-24;GM366_ERC366;2006-02-24T00:00:00-03:00;24;2;2006;2,1347
2006-02-25;GM366_ERC366;2006-02-25T00:00:00-03:00;25;2;2006;
2006-02-26;GM366_ERC366;2006-02-26T00:00:00-03:00;26;2;2006;
2006-02-27;GM366_ERC366;2006-02-27T00:00:00-03:00;27;2;2006;
2006-02-28;GM366_ERC366;2006-02-28T00:00:00-03:00;28;2;2006;
2006-03-01;GM366_ERC366;2006-03-01T00:00:00-03:00;1;3;2006;2,1173
2006-03-02;GM366_ERC366;2006-03-02T00:00:00-03:00;2;3;2006;2,1126
2006-03-03;GM366_ERC366;2006-03-03T00:00:00-03:00;3;3;2006;2,1147
2006-03-04;GM366_ERC366;2006-03-04T00:00:00-03:00;4;3;2006;
2006-03-05;GM366_ERC366;2006-03-05T00:00:00-03:00;5;3;2006;
2006-03-06;GM366_ERC366;2006-03-06T00:00:00-03:00;6;3;2006;2,1253
2006-03-07;GM366_ERC366;2006-03-07T00:00:00-03:00;7;3;2006;2,1674
2006-03-08;GM366_ERC366;2006-03-08T00:00:00-03:00;8;3;2006;2,177
2006-03-09;GM366_ERC366;2006-03-09T00:00:00-03:00;9;3;2006;2,1607
2006-03-10;GM366_ERC366;2006-03-10T00:00:00-03:00;10;3;2006;2,1439
2006-03-11;GM366_ERC366;2006-03-11T00:00:00-03:00;11;3;2006;
2006-03-12;GM366_ERC366;2006-03-12T00:00:00-03:00;12;3;2006;
2006-03-13;GM366_ERC366;2006-03-13T00:00:00-03:00;13;3;2006;2,1341
2006-03-14;GM366_ERC366;2006-03-14T00:00:00-03:00;14;3;2006;2,1261
2006-03-15;GM366_ERC366;2006-03-15T00:00:00-03:00;15;3;2006;2,1207
2006-03-16;GM366_ERC366;2006-03-16T00:00:00-03:00;16;3;2006;2,1059
2006-03-17;GM366_ERC366;2006-03-17T00:00:00-03:00;17;3;2006;2,118
2006-03-18;GM366_ERC366;2006-03-18T00:00:00-03:00;18;3;2006;
2006-03-19;GM366_ERC366;2006-03-19T00:00:00-03:00;19;3;2006;
2006-03-20;GM366_ERC366;2006-03-20T00:00:00-03:00;20;3;2006;2,1378
2006-03-21;GM366_ERC366;2006-03-21T00:00:00-03:00;21;3;2006;2,1583
2006-03-22;GM366_ERC366;2006-03-22T00:00:00-03:00;22;3;2006;2,1545
2006-03-23;GM366_ERC366;2006-03-23T00:00:00-03:00;23;3;2006;2,1498
2006-03-24;GM366_ERC366;2006-03-24T00:00:00-03:00;24;3;2006;2,162
2006-03-25;GM366_ERC366;2006-03-25T00:00:00-03:00;25;3;2006;
2006-03-26;GM366_ERC366;2006-03-26T00:00:00-03:00;26;3;2006;
2006-03-27;GM366_ERC366;2006-03-27T00:00:00-03:00;27;3;2006;2,1796
2006-03-28;GM366_ERC366;2006-03-28T00:00:00-03:00;28;3;2006;2,223
2006-03-29;GM366_ERC366;2006-03-29T00:00:00-03:00;29;3;2006;2,222
2006-03-30;GM366_ERC366;2006-03-30T00:00:00-03:00;30;3;2006;2,1944
2006-03-31;GM366_ERC366;2006-03-31T00:00:00-03:00;31;3;2006;2,1716
2006-04-01;GM366_ERC366;2006-04-01T00:00:00-03:00;1;4;2006;
2006-04-02;GM366_ERC366;2006-04-02T00:00:00-03:00;2;4;2006;
2006-04-03;GM366_ERC366;2006-04-03T00:00:00-03:00;3;4;2006;2,1534
2006-04-04;GM366_ERC366;2006-04-04T00:00:00-03:00;4;4;2006;2,1285
2006-04-05;GM366_ERC366;2006-04-05T00:00:00-03:00;5;4;2006;2,1336
2006-04-06;GM366_ERC366;2006-04-06T00:00:00-03:00;6;4;2006;2,1291
2006-04-07;GM366_ERC366;2006-04-07T00:00:00-03:00;7;4;2006;2,1401
2006-04-08;GM366_ERC366;2006-04-08T00:00:00-03:00;8;4;2006;
2006-04-09;GM366_ERC366;2006-04-09T00:00:00-03:00;9;4;2006;
2006-04-10;GM366_ERC366;2006-04-10T00:00:00-03:00;10;4;2006;2,1514
2006-04-11;GM366_ERC366;2006-04-11T00:00:00-03:00;11;4;2006;2,1412
2006-04-12;GM366_ERC366;2006-04-12T00:00:00-03:00;12;4;2006;2,1328
2006-04-13;GM366_ERC366;2006-04-13T00:00:00-03:00;13;4;2006;2,1418
2006-04-14;GM366_ERC366;2006-04-14T00:00:00-03:00;14;4;2006;
2006-04-15;GM366_ERC366;2006-04-15T00:00:00-03:00;15;4;2006;
2006-04-16;GM366_ERC366;2006-04-16T00:00:00-03:00;16;4;2006;
2006-04-17;GM366_ERC366;2006-04-17T00:00:00-03:00;17;4;2006;2,1335
2006-04-18;GM366_ERC366;2006-04-18T00:00:00-03:00;18;4;2006;2,1284
2006-04-19;GM366_ERC366;2006-04-19T00:00:00-03:00;19;4;2006;2,1135
2006-04-20;GM366_ERC366;2006-04-20T00:00:00-03:00;20;4;2006;2,1228
2006-04-21;GM366_ERC366;2006-04-21T00:00:00-03:00;21;4;2006;
2006-04-22;GM366_ERC366;2006-04-22T00:00:00-03:00;22;4;2006;
2006-04-23;GM366_ERC366;2006-04-23T00:00:00-03:00;23;4;2006;
2006-04-24;GM366_ERC366;2006-04-24T00:00:00-03:00;24;4;2006;2,1174
2006-04-25;GM366_ERC366;2006-04-25T00:00:00-03:00;25;4;2006;2,1225
2006-04-26;GM366_ERC366;2006-04-26T00:00:00-03:00;26;4;2006;2,1216
2006-04-27;GM366_ERC366;2006-04-27T00:00:00-03:00;27;4;2006;2,1128
2006-04-28;GM366_ERC366;2006-04-28T00:00:00-03:00;28;4;2006;2,0884
2006-04-29;GM366_ERC366;2006-04-29T00:00:00-03:00;29;4;2006;
2006-04-30;GM366_ERC366;2006-04-30T00:00:00-03:00;30;4;2006;
2006-05-01;GM366_ERC366;2006-05-01T00:00:00-03:00;1;5;2006;
2006-05-02;GM366_ERC366;2006-05-02T00:00:00-03:00;2;5;2006;2,071
2006-05-03;GM366_ERC366;2006-05-03T00:00:00-03:00;3;5;2006;2,0698
2006-05-04;GM366_ERC366;2006-05-04T00:00:00-03:00;4;5;2006;2,0659
2006-05-05;GM366_ERC366;2006-05-05T00:00:00-03:00;5;5;2006;2,0579
2006-05-06;GM366_ERC366;2006-05-06T00:00:00-03:00;6;5;2006;
2006-05-07;GM366_ERC366;2006-05-07T00:00:00-03:00;7;5;2006;
2006-05-08;GM366_ERC366;2006-05-08T00:00:00-03:00;8;5;2006;2,0643
2006-05-09;GM366_ERC366;2006-05-09T00:00:00-03:00;9;5;2006;2,0634
2006-05-10;GM366_ERC366;2006-05-10T00:00:00-03:00;10;5;2006;2,0578
2006-05-11;GM366_ERC366;2006-05-11T00:00:00-03:00;11;5;2006;2,0873
2006-05-12;GM366_ERC366;2006-05-12T00:00:00-03:00;12;5;2006;2,1299
2006-05-13;GM366_ERC366;2006-05-13T00:00:00-03:00;13;5;2006;
2006-05-14;GM366_ERC366;2006-05-14T00:00:00-03:00;14;5;2006;
2006-05-15;GM366_ERC366;2006-05-15T00:00:00-03:00;15;5;2006;2,1766
2006-05-16;GM366_ERC366;2006-05-16T00:00:00-03:00;16;5;2006;2,1395
2006-05-17;GM366_ERC366;2006-05-17T00:00:00-03:00;17;5;2006;2,1818
2006-05-18;GM366_ERC366;2006-05-18T00:00:00-03:00;18;5;2006;2,1825
2006-05-19;GM366_ERC366;2006-05-19T00:00:00-03:00;19;5;2006;2,1922
2006-05-20;GM366_ERC366;2006-05-20T00:00:00-03:00;20;5;2006;
2006-05-21;GM366_ERC366;2006-05-21T00:00:00-03:00;21;5;2006;
2006-05-22;GM366_ERC366;2006-05-22T00:00:00-03:00;22;5;2006;2,2875
2006-05-23;GM366_ERC366;2006-05-23T00:00:00-03:00;23;5;2006;2,2593
2006-05-24;GM366_ERC366;2006-05-24T00:00:00-03:00;24;5;2006;2,3703
2006-05-25;GM366_ERC366;2006-05-25T00:00:00-03:00;25;5;2006;2,3142
2006-05-26;GM366_ERC366;2006-05-26T00:00:00-03:00;26;5;2006;2,2512
2006-05-27;GM366_ERC366;2006-05-27T00:00:00-03:00;27;5;2006;
2006-05-28;GM366_ERC366;2006-05-28T00:00:00-03:00;28;5;2006;
2006-05-29;GM366_ERC366;2006-05-29T00:00:00-03:00;29;5;2006;2,2558
2006-05-30;GM366_ERC366;2006-05-30T00:00:00-03:00;30;5;2006;2,3227
2006-05-31;GM366_ERC366;2006-05-31T00:00:00-03:00;31;5;2006;2,2997
2006-06-01;GM366_ERC366;2006-06-01T00:00:00-03:00;1;6;2006;2,2705
2006-06-02;GM366_ERC366;2006-06-02T00:00:00-03:00;2;6;2006;2,2587
2006-06-03;GM366_ERC366;2006-06-03T00:00:00-03:00;3;6;2006;
2006-06-04;GM366_ERC366;2006-06-04T00:00:00-03:00;4;6;2006;
2006-06-05;GM366_ERC366;2006-06-05T00:00:00-03:00;5;6;2006;2,2549
2006-06-06;GM366_ERC366;2006-06-06T00:00:00-03:00;6;6;2006;2,2678
2006-06-07;GM366_ERC366;2006-06-07T00:00:00-03:00;7;6;2006;2,2492
2006-06-08;GM366_ERC366;2006-06-08T00:00:00-03:00;8;6;2006;2,2693
2006-06-09;GM366_ERC366;2006-06-09T00:00:00-03:00;9;6;2006;2,2607
2006-06-10;GM366_ERC366;2006-06-10T00:00:00-03:00;10;6;2006;
2006-06-11;GM366_ERC366;2006-06-11T00:00:00-03:00;11;6;2006;
2006-06-12;GM366_ERC366;2006-06-12T00:00:00-03:00;12;6;2006;2,2699
2006-06-13;GM366_ERC366;2006-06-13T00:00:00-03:00;13;6;2006;2,301
2006-06-14;GM366_ERC366;2006-06-14T00:00:00-03:00;14;6;2006;2,2837
2006-06-15;GM366_ERC366;2006-06-15T00:00:00-03:00;15;6;2006;
2006-06-16;GM366_ERC366;2006-06-16T00:00:00-03:00;16;6;2006;2,2513
2006-06-17;GM366_ERC366;2006-06-17T00:00:00-03:00;17;6;2006;
2006-06-18;GM366_ERC366;2006-06-18T00:00:00-03:00;18;6;2006;
2006-06-19;GM366_ERC366;2006-06-19T00:00:00-03:00;19;6;2006;2,2396
2006-06-20;GM366_ERC366;2006-06-20T00:00:00-03:00;20;6;2006;2,2498
2006-06-21;GM366_ERC366;2006-06-21T00:00:00-03:00;21;6;2006;2,237
2006-06-22;GM366_ERC366;2006-06-22T00:00:00-03:00;22;6;2006;2,2383
2006-06-23;GM366_ERC366;2006-06-23T00:00:00-03:00;23;6;2006;2,2454
2006-06-24;GM366_ERC366;2006-06-24T00:00:00-03:00;24;6;2006;
2006-06-25;GM366_ERC366;2006-06-25T00:00:00-03:00;25;6;2006;
2006-06-26;GM366_ERC366;2006-06-26T00:00:00-03:00;26;6;2006;2,2251
2006-06-27;GM366_ERC366;2006-06-27T00:00:00-03:00;27;6;2006;2,2307
2006-06-28;GM366_ERC366;2006-06-28T00:00:00-03:00;28;6;2006;2,2254
2006-06-29;GM366_ERC366;2006-06-29T00:00:00-03:00;29;6;2006;2,2055
2006-06-30;GM366_ERC366;2006-06-30T00:00:00-03:00;30;6;2006;2,1635
2006-07-01;GM366_ERC366;2006-07-01T00:00:00-03:00;1;7;2006;
2006-07-02;GM366_ERC366;2006-07-02T00:00:00-03:00;2;7;2006;
2006-07-03;GM366_ERC366;2006-07-03T00:00:00-03:00;3;7;2006;2,1693
2006-07-04;GM366_ERC366;2006-07-04T00:00:00-03:00;4;7;2006;2,1638
2006-07-05;GM366_ERC366;2006-07-05T00:00:00-03:00;5;7;2006;2,1947
2006-07-06;GM366_ERC366;2006-07-06T00:00:00-03:00;6;7;2006;2,1832
2006-07-07;GM366_ERC366;2006-07-07T00:00:00-03:00;7;7;2006;2,1757
2006-07-08;GM366_ERC366;2006-07-08T00:00:00-03:00;8;7;2006;
2006-07-09;GM366_ERC366;2006-07-09T00:00:00-03:00;9;7;2006;
2006-07-10;GM366_ERC366;2006-07-10T00:00:00-03:00;10;7;2006;2,1742
2006-07-11;GM366_ERC366;2006-07-11T00:00:00-03:00;11;7;2006;2,1851
2006-07-12;GM366_ERC366;2006-07-12T00:00:00-03:00;12;7;2006;2,1907
2006-07-13;GM366_ERC366;2006-07-13T00:00:00-03:00;13;7;2006;2,2098
2006-07-14;GM366_ERC366;2006-07-14T00:00:00-03:00;14;7;2006;2,2122
2006-07-15;GM366_ERC366;2006-07-15T00:00:00-03:00;15;7;2006;
2006-07-16;GM366_ERC366;2006-07-16T00:00:00-03:00;16;7;2006;
2006-07-17;GM366_ERC366;2006-07-17T00:00:00-03:00;17;7;2006;2,2118
2006-07-18;GM366_ERC366;2006-07-18T00:00:00-03:00;18;7;2006;2,1954
2006-07-19;GM366_ERC366;2006-07-19T00:00:00-03:00;19;7;2006;2,1802
2006-07-20;GM366_ERC366;2006-07-20T00:00:00-03:00;20;7;2006;2,1887
2006-07-21;GM366_ERC366;2006-07-21T00:00:00-03:00;21;7;2006;2,1927
2006-07-22;GM366_ERC366;2006-07-22T00:00:00-03:00;22;7;2006;
2006-07-23;GM366_ERC366;2006-07-23T00:00:00-03:00;23;7;2006;
2006-07-24;GM366_ERC366;2006-07-24T00:00:00-03:00;24;7;2006;2,1908
2006-07-25;GM366_ERC366;2006-07-25T00:00:00-03:00;25;7;2006;2,1985
2006-07-26;GM366_ERC366;2006-07-26T00:00:00-03:00;26;7;2006;2,1976
2006-07-27;GM366_ERC366;2006-07-27T00:00:00-03:00;27;7;2006;2,1891
2006-07-28;GM366_ERC366;2006-07-28T00:00:00-03:00;28;7;2006;2,1792
2006-07-29;GM366_ERC366;2006-07-29T00:00:00-03:00;29;7;2006;
2006-07-30;GM366_ERC366;2006-07-30T00:00:00-03:00;30;7;2006;
2006-07-31;GM366_ERC366;2006-07-31T00:00:00-03:00;31;7;2006;2,1754
2006-08-01;GM366_ERC366;2006-08-01T00:00:00-03:00;1;8;2006;2,1897
2006-08-02;GM366_ERC366;2006-08-02T00:00:00-03:00;2;8;2006;2,1813
2006-08-03;GM366_ERC366;2006-08-03T00:00:00-03:00;3;8;2006;2,1827
2006-08-04;GM366_ERC366;2006-08-04T00:00:00-03:00;4;8;2006;2,1712
2006-08-05;GM366_ERC366;2006-08-05T00:00:00-03:00;5;8;2006;
2006-08-06;GM366_ERC366;2006-08-06T00:00:00-03:00;6;8;2006;
2006-08-07;GM366_ERC366;2006-08-07T00:00:00-03:00;7;8;2006;2,1785
2006-08-08;GM366_ERC366;2006-08-08T00:00:00-03:00;8;8;2006;2,1831
2006-08-09;GM366_ERC366;2006-08-09T00:00:00-03:00;9;8;2006;2,1679
2006-08-10;GM366_ERC366;2006-08-10T00:00:00-03:00;10;8;2006;2,162
2006-08-11;GM366_ERC366;2006-08-11T00:00:00-03:00;11;8;2006;2,1608
2006-08-12;GM366_ERC366;2006-08-12T00:00:00-03:00;12;8;2006;
2006-08-13;GM366_ERC366;2006-08-13T00:00:00-03:00;13;8;2006;
2006-08-14;GM366_ERC366;2006-08-14T00:00:00-03:00;14;8;2006;2,1597
2006-08-15;GM366_ERC366;2006-08-15T00:00:00-03:00;15;8;2006;2,1472
2006-08-16;GM366_ERC366;2006-08-16T00:00:00-03:00;16;8;2006;2,1321
2006-08-17;GM366_ERC366;2006-08-17T00:00:00-03:00;17;8;2006;2,1357
2006-08-18;GM366_ERC366;2006-08-18T00:00:00-03:00;18;8;2006;2,1448
2006-08-19;GM366_ERC366;2006-08-19T00:00:00-03:00;19;8;2006;
2006-08-20;GM366_ERC366;2006-08-20T00:00:00-03:00;20;8;2006;
2006-08-21;GM366_ERC366;2006-08-21T00:00:00-03:00;21;8;2006;2,1353
2006-08-22;GM366_ERC366;2006-08-22T00:00:00-03:00;22;8;2006;2,1347
2006-08-23;GM366_ERC366;2006-08-23T00:00:00-03:00;23;8;2006;2,1346
2006-08-24;GM366_ERC366;2006-08-24T00:00:00-03:00;24;8;2006;2,1515
2006-08-25;GM366_ERC366;2006-08-25T00:00:00-03:00;25;8;2006;2,1563
2006-08-26;GM366_ERC366;2006-08-26T00:00:00-03:00;26;8;2006;
2006-08-27;GM366_ERC366;2006-08-27T00:00:00-03:00;27;8;2006;
2006-08-28;GM366_ERC366;2006-08-28T00:00:00-03:00;28;8;2006;2,1465
2006-08-29;GM366_ERC366;2006-08-29T00:00:00-03:00;29;8;2006;2,1411
2006-08-30;GM366_ERC366;2006-08-30T00:00:00-03:00;30;8;2006;2,1322
2006-08-31;GM366_ERC366;2006-08-31T00:00:00-03:00;31;8;2006;2,138
2006-09-01;GM366_ERC366;2006-09-01T00:00:00-03:00;1;9;2006;2,146
2006-09-02;GM366_ERC366;2006-09-02T00:00:00-03:00;2;9;2006;
2006-09-03;GM366_ERC366;2006-09-03T00:00:00-03:00;3;9;2006;
2006-09-04;GM366_ERC366;2006-09-04T00:00:00-03:00;4;9;2006;2,1274
2006-09-05;GM366_ERC366;2006-09-05T00:00:00-03:00;5;9;2006;2,128
2006-09-06;GM366_ERC366;2006-09-06T00:00:00-03:00;6;9;2006;2,1435
2006-09-07;GM366_ERC366;2006-09-07T00:00:00-03:00;7;9;2006;
2006-09-08;GM366_ERC366;2006-09-08T00:00:00-03:00;8;9;2006;2,1574
2006-09-09;GM366_ERC366;2006-09-09T00:00:00-03:00;9;9;2006;
2006-09-10;GM366_ERC366;2006-09-10T00:00:00-03:00;10;9;2006;
2006-09-11;GM366_ERC366;2006-09-11T00:00:00-03:00;11;9;2006;2,1743
2006-09-12;GM366_ERC366;2006-09-12T00:00:00-03:00;12;9;2006;2,1724
2006-09-13;GM366_ERC366;2006-09-13T00:00:00-03:00;13;9;2006;2,1692
2006-09-14;GM366_ERC366;2006-09-14T00:00:00-03:00;14;9;2006;2,1585
2006-09-15;GM366_ERC366;2006-09-15T00:00:00-03:00;15;9;2006;2,1532
2006-09-16;GM366_ERC366;2006-09-16T00:00:00-03:00;16;9;2006;
2006-09-17;GM366_ERC366;2006-09-17T00:00:00-03:00;17;9;2006;
2006-09-18;GM366_ERC366;2006-09-18T00:00:00-03:00;18;9;2006;2,1445
2006-09-19;GM366_ERC366;2006-09-19T00:00:00-03:00;19;9;2006;2,151
2006-09-20;GM366_ERC366;2006-09-20T00:00:00-03:00;20;9;2006;2,1682
2006-09-21;GM366_ERC366;2006-09-21T00:00:00-03:00;21;9;2006;2,1961
2006-09-22;GM366_ERC366;2006-09-22T00:00:00-03:00;22;9;2006;2,2169
2006-09-23;GM366_ERC366;2006-09-23T00:00:00-03:00;23;9;2006;
2006-09-24;GM366_ERC366;2006-09-24T00:00:00-03:00;24;9;2006;
2006-09-25;GM366_ERC366;2006-09-25T00:00:00-03:00;25;9;2006;2,218
2006-09-26;GM366_ERC366;2006-09-26T00:00:00-03:00;26;9;2006;2,1972
2006-09-27;GM366_ERC366;2006-09-27T00:00:00-03:00;27;9;2006;2,1852
2006-09-28;GM366_ERC366;2006-09-28T00:00:00-03:00;28;9;2006;2,1785
2006-09-29;GM366_ERC366;2006-09-29T00:00:00-03:00;29;9;2006;2,1734
2006-09-30;GM366_ERC366;2006-09-30T00:00:00-03:00;30;9;2006;
2006-10-01;GM366_ERC366;2006-10-01T00:00:00-03:00;1;10;2006;
2006-10-02;GM366_ERC366;2006-10-02T00:00:00-03:00;2;10;2006;2,1615
2006-10-03;GM366_ERC366;2006-10-03T00:00:00-03:00;3;10;2006;2,1647
2006-10-04;GM366_ERC366;2006-10-04T00:00:00-03:00;4;10;2006;2,1668
2006-10-05;GM366_ERC366;2006-10-05T00:00:00-03:00;5;10;2006;2,1621
2006-10-06;GM366_ERC366;2006-10-06T00:00:00-03:00;6;10;2006;2,1628
2006-10-07;GM366_ERC366;2006-10-07T00:00:00-03:00;7;10;2006;
2006-10-08;GM366_ERC366;2006-10-08T00:00:00-03:00;8;10;2006;
2006-10-09;GM366_ERC366;2006-10-09T00:00:00-03:00;9;10;2006;2,158
2006-10-10;GM366_ERC366;2006-10-10T00:00:00-03:00;10;10;2006;2,1489
2006-10-11;GM366_ERC366;2006-10-11T00:00:00-03:00;11;10;2006;2,1538
2006-10-12;GM366_ERC366;2006-10-12T00:00:00-03:00;12;10;2006;
2006-10-13;GM366_ERC366;2006-10-13T00:00:00-03:00;13;10;2006;2,1411
2006-10-14;GM366_ERC366;2006-10-14T00:00:00-03:00;14;10;2006;
2006-10-15;GM366_ERC366;2006-10-15T00:00:00-03:00;15;10;2006;
2006-10-16;GM366_ERC366;2006-10-16T00:00:00-03:00;16;10;2006;2,1323
2006-10-17;GM366_ERC366;2006-10-17T00:00:00-03:00;17;10;2006;2,1353
2006-10-18;GM366_ERC366;2006-10-18T00:00:00-03:00;18;10;2006;2,1331
2006-10-19;GM366_ERC366;2006-10-19T00:00:00-03:00;19;10;2006;2,1379
2006-10-20;GM366_ERC366;2006-10-20T00:00:00-03:00;20;10;2006;2,1449
2006-10-21;GM366_ERC366;2006-10-21T00:00:00-03:00;21;10;2006;
2006-10-22;GM366_ERC366;2006-10-22T00:00:00-03:00;22;10;2006;
2006-10-23;GM366_ERC366;2006-10-23T00:00:00-03:00;23;10;2006;2,1383
2006-10-24;GM366_ERC366;2006-10-24T00:00:00-03:00;24;10;2006;2,1459
2006-10-25;GM366_ERC366;2006-10-25T00:00:00-03:00;25;10;2006;2,1502
2006-10-26;GM366_ERC366;2006-10-26T00:00:00-03:00;26;10;2006;2,1355
2006-10-27;GM366_ERC366;2006-10-27T00:00:00-03:00;27;10;2006;2,137
2006-10-28;GM366_ERC366;2006-10-28T00:00:00-03:00;28;10;2006;
2006-10-29;GM366_ERC366;2006-10-29T00:00:00-03:00;29;10;2006;
2006-10-30;GM366_ERC366;2006-10-30T00:00:00-03:00;30;10;2006;2,1448
2006-10-31;GM366_ERC366;2006-10-31T00:00:00-03:00;31;10;2006;2,1422
2006-11-01;GM366_ERC366;2006-11-01T00:00:00-03:00;1;11;2006;2,1402
2006-11-02;GM366_ERC366;2006-11-02T00:00:00-03:00;2;11;2006;
2006-11-03;GM366_ERC366;2006-11-03T00:00:00-03:00;3;11;2006;2,1412
2006-11-04;GM366_ERC366;2006-11-04T00:00:00-03:00;4;11;2006;
2006-11-05;GM366_ERC366;2006-11-05T00:00:00-03:00;5;11;2006;
2006-11-06;GM366_ERC366;2006-11-06T00:00:00-02:00;6;11;2006;2,137
2006-11-07;GM366_ERC366;2006-11-07T00:00:00-02:00;7;11;2006;2,1345
2006-11-08;GM366_ERC366;2006-11-08T00:00:00-02:00;8;11;2006;2,1456
2006-11-09;GM366_ERC366;2006-11-09T00:00:00-02:00;9;11;2006;2,1404
2006-11-10;GM366_ERC366;2006-11-10T00:00:00-02:00;10;11;2006;2,1481
2006-11-11;GM366_ERC366;2006-11-11T00:00:00-02:00;11;11;2006;
2006-11-12;GM366_ERC366;2006-11-12T00:00:00-02:00;12;11;2006;
2006-11-13;GM366_ERC366;2006-11-13T00:00:00-02:00;13;11;2006;2,1612
2006-11-14;GM366_ERC366;2006-11-14T00:00:00-02:00;14;11;2006;2,1529
2006-11-15;GM366_ERC366;2006-11-15T00:00:00-02:00;15;11;2006;
2006-11-16;GM366_ERC366;2006-11-16T00:00:00-02:00;16;11;2006;2,1509
2006-11-17;GM366_ERC366;2006-11-17T00:00:00-02:00;17;11;2006;2,1585
2006-11-18;GM366_ERC366;2006-11-18T00:00:00-02:00;18;11;2006;
2006-11-19;GM366_ERC366;2006-11-19T00:00:00-02:00;19;11;2006;
2006-11-20;GM366_ERC366;2006-11-20T00:00:00-02:00;20;11;2006;2,1614
2006-11-21;GM366_ERC366;2006-11-21T00:00:00-02:00;21;11;2006;2,163
2006-11-22;GM366_ERC366;2006-11-22T00:00:00-02:00;22;11;2006;2,1615
2006-11-23;GM366_ERC366;2006-11-23T00:00:00-02:00;23;11;2006;2,1675
2006-11-24;GM366_ERC366;2006-11-24T00:00:00-02:00;24;11;2006;2,1692
2006-11-25;GM366_ERC366;2006-11-25T00:00:00-02:00;25;11;2006;
2006-11-26;GM366_ERC366;2006-11-26T00:00:00-02:00;26;11;2006;
2006-11-27;GM366_ERC366;2006-11-27T00:00:00-02:00;27;11;2006;2,1792
2006-11-28;GM366_ERC366;2006-11-28T00:00:00-02:00;28;11;2006;2,1862
2006-11-29;GM366_ERC366;2006-11-29T00:00:00-02:00;29;11;2006;2,1775
2006-11-30;GM366_ERC366;2006-11-30T00:00:00-02:00;30;11;2006;2,166
2006-12-01;GM366_ERC366;2006-12-01T00:00:00-02:00;1;12;2006;2,1664
2006-12-02;GM366_ERC366;2006-12-02T00:00:00-02:00;2;12;2006;
2006-12-03;GM366_ERC366;2006-12-03T00:00:00-02:00;3;12;2006;
2006-12-04;GM366_ERC366;2006-12-04T00:00:00-02:00;4;12;2006;2,1685
2006-12-05;GM366_ERC366;2006-12-05T00:00:00-02:00;5;12;2006;2,1552
2006-12-06;GM366_ERC366;2006-12-06T00:00:00-02:00;6;12;2006;2,152
2006-12-07;GM366_ERC366;2006-12-07T00:00:00-02:00;7;12;2006;2,142
2006-12-08;GM366_ERC366;2006-12-08T00:00:00-02:00;8;12;2006;2,1434
2006-12-09;GM366_ERC366;2006-12-09T00:00:00-02:00;9;12;2006;
2006-12-10;GM366_ERC366;2006-12-10T00:00:00-02:00;10;12;2006;
2006-12-11;GM366_ERC366;2006-12-11T00:00:00-02:00;11;12;2006;2,1376
2006-12-12;GM366_ERC366;2006-12-12T00:00:00-02:00;12;12;2006;2,1473
2006-12-13;GM366_ERC366;2006-12-13T00:00:00-02:00;13;12;2006;2,1451
2006-12-14;GM366_ERC366;2006-12-14T00:00:00-02:00;14;12;2006;2,1452
2006-12-15;GM366_ERC366;2006-12-15T00:00:00-02:00;15;12;2006;2,1462
2006-12-16;GM366_ERC366;2006-12-16T00:00:00-02:00;16;12;2006;
2006-12-17;GM366_ERC366;2006-12-17T00:00:00-02:00;17;12;2006;
2006-12-18;GM366_ERC366;2006-12-18T00:00:00-02:00;18;12;2006;2,1462
2006-12-19;GM366_ERC366;2006-12-19T00:00:00-02:00;19;12;2006;2,1564
2006-12-20;GM366_ERC366;2006-12-20T00:00:00-02:00;20;12;2006;2,1552
2006-12-21;GM366_ERC366;2006-12-21T00:00:00-02:00;21;12;2006;2,1585
2006-12-22;GM366_ERC366;2006-12-22T00:00:00-02:00;22;12;2006;2,151
2006-12-23;GM366_ERC366;2006-12-23T00:00:00-02:00;23;12;2006;
2006-12-24;GM366_ERC366;2006-12-24T00:00:00-02:00;24;12;2006;
2006-12-25;GM366_ERC366;2006-12-25T00:00:00-02:00;25;12;2006;
2006-12-26;GM366_ERC366;2006-12-26T00:00:00-02:00;26;12;2006;2,1429
2006-12-27;GM366_ERC366;2006-12-27T00:00:00-02:00;27;12;2006;2,1489
2006-12-28;GM366_ERC366;2006-12-28T00:00:00-02:00;28;12;2006;2,1372
2006-12-29;GM366_ERC366;2006-12-29T00:00:00-02:00;29;12;2006;2,1372
2006-12-30;GM366_ERC366;2006-12-30T00:00:00-02:00;30;12;2006;
2006-12-31;GM366_ERC366;2006-12-31T00:00:00-02:00;31;12;2006;
2007-01-01;GM366_ERC366;2007-01-01T00:00:00-02:00;1;1;2007;
2007-01-02;GM366_ERC366;2007-01-02T00:00:00-02:00;2;1;2007;2,1334
2007-01-03;GM366_ERC366;2007-01-03T00:00:00-02:00;3;1;2007;2,1364
2007-01-04;GM366_ERC366;2007-01-04T00:00:00-02:00;4;1;2007;2,1421
2007-01-05;GM366_ERC366;2007-01-05T00:00:00-02:00;5;1;2007;2,1466
2007-01-06;GM366_ERC366;2007-01-06T00:00:00-02:00;6;1;2007;
2007-01-07;GM366_ERC366;2007-01-07T00:00:00-02:00;7;1;2007;
2007-01-08;GM366_ERC366;2007-01-08T00:00:00-02:00;8;1;2007;2,1497
2007-01-09;GM366_ERC366;2007-01-09T00:00:00-02:00;9;1;2007;2,1498
2007-01-10;GM366_ERC366;2007-01-10T00:00:00-02:00;10;1;2007;2,1548
2007-01-11;GM366_ERC366;2007-01-11T00:00:00-02:00;11;1;2007;2,1457
2007-01-12;GM366_ERC366;2007-01-12T00:00:00-02:00;12;1;2007;2,1413
2007-01-13;GM366_ERC366;2007-01-13T00:00:00-02:00;13;1;2007;
2007-01-14;GM366_ERC366;2007-01-14T00:00:00-02:00;14;1;2007;
2007-01-15;GM366_ERC366;2007-01-15T00:00:00-02:00;15;1;2007;2,1399
2007-01-16;GM366_ERC366;2007-01-16T00:00:00-02:00;16;1;2007;2,1436
2007-01-17;GM366_ERC366;2007-01-17T00:00:00-02:00;17;1;2007;2,1342
2007-01-18;GM366_ERC366;2007-01-18T00:00:00-02:00;18;1;2007;2,1321
2007-01-19;GM366_ERC366;2007-01-19T00:00:00-02:00;19;1;2007;2,1299
2007-01-20;GM366_ERC366;2007-01-20T00:00:00-02:00;20;1;2007;
2007-01-21;GM366_ERC366;2007-01-21T00:00:00-02:00;21;1;2007;
2007-01-22;GM366_ERC366;2007-01-22T00:00:00-02:00;22;1;2007;2,1319
2007-01-23;GM366_ERC366;2007-01-23T00:00:00-02:00;23;1;2007;2,136
2007-01-24;GM366_ERC366;2007-01-24T00:00:00-02:00;24;1;2007;2,1278
2007-01-25;GM366_ERC366;2007-01-25T00:00:00-02:00;25;1;2007;2,1273
2007-01-26;GM366_ERC366;2007-01-26T00:00:00-02:00;26;1;2007;2,1352
2007-01-27;GM366_ERC366;2007-01-27T00:00:00-02:00;27;1;2007;
2007-01-28;GM366_ERC366;2007-01-28T00:00:00-02:00;28;1;2007;
2007-01-29;GM366_ERC366;2007-01-29T00:00:00-02:00;29;1;2007;2,1352
2007-01-30;GM366_ERC366;2007-01-30T00:00:00-02:00;30;1;2007;2,1321
2007-01-31;GM366_ERC366;2007-01-31T00:00:00-02:00;31;1;2007;2,1239
2007-02-01;GM366_ERC366;2007-02-01T00:00:00-02:00;1;2;2007;2,1085
2007-02-02;GM366_ERC366;2007-02-02T00:00:00-02:00;2;2;2007;2,0974
2007-02-03;GM366_ERC366;2007-02-03T00:00:00-02:00;3;2;2007;
2007-02-04;GM366_ERC366;2007-02-04T00:00:00-02:00;4;2;2007;
2007-02-05;GM366_ERC366;2007-02-05T00:00:00-02:00;5;2;2007;2,0956
2007-02-06;GM366_ERC366;2007-02-06T00:00:00-02:00;6;2;2007;2,0825
2007-02-07;GM366_ERC366;2007-02-07T00:00:00-02:00;7;2;2007;2,0844
2007-02-08;GM366_ERC366;2007-02-08T00:00:00-02:00;8;2;2007;2,0943
2007-02-09;GM366_ERC366;2007-02-09T00:00:00-02:00;9;2;2007;2,1025
2007-02-10;GM366_ERC366;2007-02-10T00:00:00-02:00;10;2;2007;
2007-02-11;GM366_ERC366;2007-02-11T00:00:00-02:00;11;2;2007;
2007-02-12;GM366_ERC366;2007-02-12T00:00:00-02:00;12;2;2007;2,1132
2007-02-13;GM366_ERC366;2007-02-13T00:00:00-02:00;13;2;2007;2,108
2007-02-14;GM366_ERC366;2007-02-14T00:00:00-02:00;14;2;2007;2,0992
2007-02-15;GM366_ERC366;2007-02-15T00:00:00-02:00;15;2;2007;2,0888
2007-02-16;GM366_ERC366;2007-02-16T00:00:00-02:00;16;2;2007;2,0905
2007-02-17;GM366_ERC366;2007-02-17T00:00:00-02:00;17;2;2007;
2007-02-18;GM366_ERC366;2007-02-18T00:00:00-02:00;18;2;2007;
2007-02-19;GM366_ERC366;2007-02-19T00:00:00-02:00;19;2;2007;
2007-02-20;GM366_ERC366;2007-02-20T00:00:00-02:00;20;2;2007;
2007-02-21;GM366_ERC366;2007-02-21T00:00:00-02:00;21;2;2007;2,0794
2007-02-22;GM366_ERC366;2007-02-22T00:00:00-02:00;22;2;2007;2,0758
2007-02-23;GM366_ERC366;2007-02-23T00:00:00-02:00;23;2;2007;2,086
2007-02-24;GM366_ERC366;2007-02-24T00:00:00-02:00;24;2;2007;
2007-02-25;GM366_ERC366;2007-02-25T00:00:00-03:00;25;2;2007;
2007-02-26;GM366_ERC366;2007-02-26T00:00:00-03:00;26;2;2007;2,0855
2007-02-27;GM366_ERC366;2007-02-27T00:00:00-03:00;27;2;2007;2,1091
2007-02-28;GM366_ERC366;2007-02-28T00:00:00-03:00;28;2;2007;2,1174
2007-03-01;GM366_ERC366;2007-03-01T00:00:00-03:00;1;3;2007;2,1252
2007-03-02;GM366_ERC366;2007-03-02T00:00:00-03:00;2;3;2007;2,1266
2007-03-03;GM366_ERC366;2007-03-03T00:00:00-03:00;3;3;2007;
2007-03-04;GM366_ERC366;2007-03-04T00:00:00-03:00;4;3;2007;
2007-03-05;GM366_ERC366;2007-03-05T00:00:00-03:00;5;3;2007;2,138
2007-03-06;GM366_ERC366;2007-03-06T00:00:00-03:00;6;3;2007;2,1201
2007-03-07;GM366_ERC366;2007-03-07T00:00:00-03:00;7;3;2007;2,1113
2007-03-08;GM366_ERC366;2007-03-08T00:00:00-03:00;8;3;2007;2,1046
2007-03-09;GM366_ERC366;2007-03-09T00:00:00-03:00;9;3;2007;2,0975
2007-03-10;GM366_ERC366;2007-03-10T00:00:00-03:00;10;3;2007;
2007-03-11;GM366_ERC366;2007-03-11T00:00:00-03:00;11;3;2007;
2007-03-12;GM366_ERC366;2007-03-12T00:00:00-03:00;12;3;2007;2,0894
2007-03-13;GM366_ERC366;2007-03-13T00:00:00-03:00;13;3;2007;2,0954
2007-03-14;GM366_ERC366;2007-03-14T00:00:00-03:00;14;3;2007;2,1036
2007-03-15;GM366_ERC366;2007-03-15T00:00:00-03:00;15;3;2007;2,0901
2007-03-16;GM366_ERC366;2007-03-16T00:00:00-03:00;16;3;2007;2,0907
2007-03-17;GM366_ERC366;2007-03-17T00:00:00-03:00;17;3;2007;
2007-03-18;GM366_ERC366;2007-03-18T00:00:00-03:00;18;3;2007;
2007-03-19;GM366_ERC366;2007-03-19T00:00:00-03:00;19;3;2007;2,0784
2007-03-20;GM366_ERC366;2007-03-20T00:00:00-03:00;20;3;2007;2,0755
2007-03-21;GM366_ERC366;2007-03-21T00:00:00-03:00;21;3;2007;2,0668
2007-03-22;GM366_ERC366;2007-03-22T00:00:00-03:00;22;3;2007;2,0594
2007-03-23;GM366_ERC366;2007-03-23T00:00:00-03:00;23;3;2007;2,0644
2007-03-24;GM366_ERC366;2007-03-24T00:00:00-03:00;24;3;2007;
2007-03-25;GM366_ERC366;2007-03-25T00:00:00-03:00;25;3;2007;
2007-03-26;GM366_ERC366;2007-03-26T00:00:00-03:00;26;3;2007;2,0593
2007-03-27;GM366_ERC366;2007-03-27T00:00:00-03:00;27;3;2007;2,0629
2007-03-28;GM366_ERC366;2007-03-28T00:00:00-03:00;28;3;2007;2,0708
2007-03-29;GM366_ERC366;2007-03-29T00:00:00-03:00;29;3;2007;2,0537
2007-03-30;GM366_ERC366;2007-03-30T00:00:00-03:00;30;3;2007;2,0496
2007-03-31;GM366_ERC366;2007-03-31T00:00:00-03:00;31;3;2007;
2007-04-01;GM366_ERC366;2007-04-01T00:00:00-03:00;1;4;2007;
2007-04-02;GM366_ERC366;2007-04-02T00:00:00-03:00;2;4;2007;2,047
2007-04-03;GM366_ERC366;2007-04-03T00:00:00-03:00;3;4;2007;2,0364
2007-04-04;GM366_ERC366;2007-04-04T00:00:00-03:00;4;4;2007;2,0313
2007-04-05;GM366_ERC366;2007-04-05T00:00:00-03:00;5;4;2007;2,0325
2007-04-06;GM366_ERC366;2007-04-06T00:00:00-03:00;6;4;2007;
2007-04-07;GM366_ERC366;2007-04-07T00:00:00-03:00;7;4;2007;
2007-04-08;GM366_ERC366;2007-04-08T00:00:00-03:00;8;4;2007;
2007-04-09;GM366_ERC366;2007-04-09T00:00:00-03:00;9;4;2007;2,0228
2007-04-10;GM366_ERC366;2007-04-10T00:00:00-03:00;10;4;2007;2,0274
2007-04-11;GM366_ERC366;2007-04-11T00:00:00-03:00;11;4;2007;2,0325
2007-04-12;GM366_ERC366;2007-04-12T00:00:00-03:00;12;4;2007;2,0363
2007-04-13;GM366_ERC366;2007-04-13T00:00:00-03:00;13;4;2007;2,0223
2007-04-14;GM366_ERC366;2007-04-14T00:00:00-03:00;14;4;2007;
2007-04-15;GM366_ERC366;2007-04-15T00:00:00-03:00;15;4;2007;
2007-04-16;GM366_ERC366;2007-04-16T00:00:00-03:00;16;4;2007;2,0332
2007-04-17;GM366_ERC366;2007-04-17T00:00:00-03:00;17;4;2007;2,034
2007-04-18;GM366_ERC366;2007-04-18T00:00:00-03:00;18;4;2007;2,0357
2007-04-19;GM366_ERC366;2007-04-19T00:00:00-03:00;19;4;2007;2,0304
2007-04-20;GM366_ERC366;2007-04-20T00:00:00-03:00;20;4;2007;2,0254
2007-04-21;GM366_ERC366;2007-04-21T00:00:00-03:00;21;4;2007;
2007-04-22;GM366_ERC366;2007-04-22T00:00:00-03:00;22;4;2007;
2007-04-23;GM366_ERC366;2007-04-23T00:00:00-03:00;23;4;2007;2,0282
2007-04-24;GM366_ERC366;2007-04-24T00:00:00-03:00;24;4;2007;2,0377
2007-04-25;GM366_ERC366;2007-04-25T00:00:00-03:00;25;4;2007;2,0228
2007-04-26;GM366_ERC366;2007-04-26T00:00:00-03:00;26;4;2007;2,0244
2007-04-27;GM366_ERC366;2007-04-27T00:00:00-03:00;27;4;2007;2,0313
2007-04-28;GM366_ERC366;2007-04-28T00:00:00-03:00;28;4;2007;
2007-04-29;GM366_ERC366;2007-04-29T00:00:00-03:00;29;4;2007;
2007-04-30;GM366_ERC366;2007-04-30T00:00:00-03:00;30;4;2007;2,0331
2007-05-01;GM366_ERC366;2007-05-01T00:00:00-03:00;1;5;2007;
2007-05-02;GM366_ERC366;2007-05-02T00:00:00-03:00;2;5;2007;2,026
2007-05-03;GM366_ERC366;2007-05-03T00:00:00-03:00;3;5;2007;2,0231
2007-05-04;GM366_ERC366;2007-05-04T00:00:00-03:00;4;5;2007;2,0301
2007-05-05;GM366_ERC366;2007-05-05T00:00:00-03:00;5;5;2007;
2007-05-06;GM366_ERC366;2007-05-06T00:00:00-03:00;6;5;2007;
2007-05-07;GM366_ERC366;2007-05-07T00:00:00-03:00;7;5;2007;2,0258
2007-05-08;GM366_ERC366;2007-05-08T00:00:00-03:00;8;5;2007;2,0218
2007-05-09;GM366_ERC366;2007-05-09T00:00:00-03:00;9;5;2007;2,0214
2007-05-10;GM366_ERC366;2007-05-10T00:00:00-03:00;10;5;2007;2,0209
2007-05-11;GM366_ERC366;2007-05-11T00:00:00-03:00;11;5;2007;2,0186
2007-05-12;GM366_ERC366;2007-05-12T00:00:00-03:00;12;5;2007;
2007-05-13;GM366_ERC366;2007-05-13T00:00:00-03:00;13;5;2007;
2007-05-14;GM366_ERC366;2007-05-14T00:00:00-03:00;14;5;2007;2,013
2007-05-15;GM366_ERC366;2007-05-15T00:00:00-03:00;15;5;2007;1,9914
2007-05-16;GM366_ERC366;2007-05-16T00:00:00-03:00;16;5;2007;1,9578
2007-05-17;GM366_ERC366;2007-05-17T00:00:00-03:00;17;5;2007;1,9565
2007-05-18;GM366_ERC366;2007-05-18T00:00:00-03:00;18;5;2007;1,9622
2007-05-19;GM366_ERC366;2007-05-19T00:00:00-03:00;19;5;2007;
2007-05-20;GM366_ERC366;2007-05-20T00:00:00-03:00;20;5;2007;
2007-05-21;GM366_ERC366;2007-05-21T00:00:00-03:00;21;5;2007;1,9427
2007-05-22;GM366_ERC366;2007-05-22T00:00:00-03:00;22;5;2007;1,9401
2007-05-23;GM366_ERC366;2007-05-23T00:00:00-03:00;23;5;2007;1,9481
2007-05-24;GM366_ERC366;2007-05-24T00:00:00-03:00;24;5;2007;1,9645
2007-05-25;GM366_ERC366;2007-05-25T00:00:00-03:00;25;5;2007;1,9512
2007-05-26;GM366_ERC366;2007-05-26T00:00:00-03:00;26;5;2007;
2007-05-27;GM366_ERC366;2007-05-27T00:00:00-03:00;27;5;2007;
2007-05-28;GM366_ERC366;2007-05-28T00:00:00-03:00;28;5;2007;1,9433
2007-05-29;GM366_ERC366;2007-05-29T00:00:00-03:00;29;5;2007;1,9453
2007-05-30;GM366_ERC366;2007-05-30T00:00:00-03:00;30;5;2007;1,946
2007-05-31;GM366_ERC366;2007-05-31T00:00:00-03:00;31;5;2007;1,9281
2007-06-01;GM366_ERC366;2007-06-01T00:00:00-03:00;1;6;2007;1,9048
2007-06-02;GM366_ERC366;2007-06-02T00:00:00-03:00;2;6;2007;
2007-06-03;GM366_ERC366;2007-06-03T00:00:00-03:00;3;6;2007;
2007-06-04;GM366_ERC366;2007-06-04T00:00:00-03:00;4;6;2007;1,9207
2007-06-05;GM366_ERC366;2007-06-05T00:00:00-03:00;5;6;2007;1,9387
2007-06-06;GM366_ERC366;2007-06-06T00:00:00-03:00;6;6;2007;1,9609
2007-06-07;GM366_ERC366;2007-06-07T00:00:00-03:00;7;6;2007;
2007-06-08;GM366_ERC366;2007-06-08T00:00:00-03:00;8;6;2007;1,963
2007-06-09;GM366_ERC366;2007-06-09T00:00:00-03:00;9;6;2007;
2007-06-10;GM366_ERC366;2007-06-10T00:00:00-03:00;10;6;2007;
2007-06-11;GM366_ERC366;2007-06-11T00:00:00-03:00;11;6;2007;1,9465
2007-06-12;GM366_ERC366;2007-06-12T00:00:00-03:00;12;6;2007;1,9412
2007-06-13;GM366_ERC366;2007-06-13T00:00:00-03:00;13;6;2007;1,9434
2007-06-14;GM366_ERC366;2007-06-14T00:00:00-03:00;14;6;2007;1,9295
2007-06-15;GM366_ERC366;2007-06-15T00:00:00-03:00;15;6;2007;1,9089
2007-06-16;GM366_ERC366;2007-06-16T00:00:00-03:00;16;6;2007;
2007-06-17;GM366_ERC366;2007-06-17T00:00:00-03:00;17;6;2007;
2007-06-18;GM366_ERC366;2007-06-18T00:00:00-03:00;18;6;2007;1,9039
2007-06-19;GM366_ERC366;2007-06-19T00:00:00-03:00;19;6;2007;1,905
2007-06-20;GM366_ERC366;2007-06-20T00:00:00-03:00;20;6;2007;1,919
2007-06-21;GM366_ERC366;2007-06-21T00:00:00-03:00;21;6;2007;1,9189
2007-06-22;GM366_ERC366;2007-06-22T00:00:00-03:00;22;6;2007;1,9326
2007-06-23;GM366_ERC366;2007-06-23T00:00:00-03:00;23;6;2007;
2007-06-24;GM366_ERC366;2007-06-24T00:00:00-03:00;24;6;2007;
2007-06-25;GM366_ERC366;2007-06-25T00:00:00-03:00;25;6;2007;1,9371
2007-06-26;GM366_ERC366;2007-06-26T00:00:00-03:00;26;6;2007;1,948
2007-06-27;GM366_ERC366;2007-06-27T00:00:00-03:00;27;6;2007;1,9491
2007-06-28;GM366_ERC366;2007-06-28T00:00:00-03:00;28;6;2007;1,9248
2007-06-29;GM366_ERC366;2007-06-29T00:00:00-03:00;29;6;2007;1,9254
2007-06-30;GM366_ERC366;2007-06-30T00:00:00-03:00;30;6;2007;
2007-07-01;GM366_ERC366;2007-07-01T00:00:00-03:00;1;7;2007;
2007-07-02;GM366_ERC366;2007-07-02T00:00:00-03:00;2;7;2007;1,9168
2007-07-03;GM366_ERC366;2007-07-03T00:00:00-03:00;3;7;2007;1,9114
2007-07-04;GM366_ERC366;2007-07-04T00:00:00-03:00;4;7;2007;1,9091
2007-07-05;GM366_ERC366;2007-07-05T00:00:00-03:00;5;7;2007;1,9149
2007-07-06;GM366_ERC366;2007-07-06T00:00:00-03:00;6;7;2007;1,9025
2007-07-07;GM366_ERC366;2007-07-07T00:00:00-03:00;7;7;2007;
2007-07-08;GM366_ERC366;2007-07-08T00:00:00-03:00;8;7;2007;
2007-07-09;GM366_ERC366;2007-07-09T00:00:00-03:00;9;7;2007;1,8984
2007-07-10;GM366_ERC366;2007-07-10T00:00:00-03:00;10;7;2007;1,8939
2007-07-11;GM366_ERC366;2007-07-11T00:00:00-03:00;11;7;2007;1,8892
2007-07-12;GM366_ERC366;2007-07-12T00:00:00-03:00;12;7;2007;1,8759
2007-07-13;GM366_ERC366;2007-07-13T00:00:00-03:00;13;7;2007;1,8676
2007-07-14;GM366_ERC366;2007-07-14T00:00:00-03:00;14;7;2007;
2007-07-15;GM366_ERC366;2007-07-15T00:00:00-03:00;15;7;2007;
2007-07-16;GM366_ERC366;2007-07-16T00:00:00-03:00;16;7;2007;1,8639
2007-07-17;GM366_ERC366;2007-07-17T00:00:00-03:00;17;7;2007;1,8613
2007-07-18;GM366_ERC366;2007-07-18T00:00:00-03:00;18;7;2007;1,8601
2007-07-19;GM366_ERC366;2007-07-19T00:00:00-03:00;19;7;2007;1,8528
2007-07-20;GM366_ERC366;2007-07-20T00:00:00-03:00;20;7;2007;1,8598
2007-07-21;GM366_ERC366;2007-07-21T00:00:00-03:00;21;7;2007;
2007-07-22;GM366_ERC366;2007-07-22T00:00:00-03:00;22;7;2007;
2007-07-23;GM366_ERC366;2007-07-23T00:00:00-03:00;23;7;2007;1,844
2007-07-24;GM366_ERC366;2007-07-24T00:00:00-03:00;24;7;2007;1,8517
2007-07-25;GM366_ERC366;2007-07-25T00:00:00-03:00;25;7;2007;1,8635
2007-07-26;GM366_ERC366;2007-07-26T00:00:00-03:00;26;7;2007;1,9046
2007-07-27;GM366_ERC366;2007-07-27T00:00:00-03:00;27;7;2007;1,9061
2007-07-28;GM366_ERC366;2007-07-28T00:00:00-03:00;28;7;2007;
2007-07-29;GM366_ERC366;2007-07-29T00:00:00-03:00;29;7;2007;
2007-07-30;GM366_ERC366;2007-07-30T00:00:00-03:00;30;7;2007;1,8801
2007-07-31;GM366_ERC366;2007-07-31T00:00:00-03:00;31;7;2007;1,8768
2007-08-01;GM366_ERC366;2007-08-01T00:00:00-03:00;1;8;2007;1,8848
2007-08-02;GM366_ERC366;2007-08-02T00:00:00-03:00;2;8;2007;1,8721
2007-08-03;GM366_ERC366;2007-08-03T00:00:00-03:00;3;8;2007;1,8806
2007-08-04;GM366_ERC366;2007-08-04T00:00:00-03:00;4;8;2007;
2007-08-05;GM366_ERC366;2007-08-05T00:00:00-03:00;5;8;2007;
2007-08-06;GM366_ERC366;2007-08-06T00:00:00-03:00;6;8;2007;1,9098
2007-08-07;GM366_ERC366;2007-08-07T00:00:00-03:00;7;8;2007;1,9069
2007-08-08;GM366_ERC366;2007-08-08T00:00:00-03:00;8;8;2007;1,8858
2007-08-09;GM366_ERC366;2007-08-09T00:00:00-03:00;9;8;2007;1,9183
2007-08-10;GM366_ERC366;2007-08-10T00:00:00-03:00;10;8;2007;1,9542
2007-08-11;GM366_ERC366;2007-08-11T00:00:00-03:00;11;8;2007;
2007-08-12;GM366_ERC366;2007-08-12T00:00:00-03:00;12;8;2007;
2007-08-13;GM366_ERC366;2007-08-13T00:00:00-03:00;13;8;2007;1,9403
2007-08-14;GM366_ERC366;2007-08-14T00:00:00-03:00;14;8;2007;1,9801
2007-08-15;GM366_ERC366;2007-08-15T00:00:00-03:00;15;8;2007;2,0035
2007-08-16;GM366_ERC366;2007-08-16T00:00:00-03:00;16;8;2007;2,1116
2007-08-17;GM366_ERC366;2007-08-17T00:00:00-03:00;17;8;2007;2,0368
2007-08-18;GM366_ERC366;2007-08-18T00:00:00-03:00;18;8;2007;
2007-08-19;GM366_ERC366;2007-08-19T00:00:00-03:00;19;8;2007;
2007-08-20;GM366_ERC366;2007-08-20T00:00:00-03:00;20;8;2007;2,0272
2007-08-21;GM366_ERC366;2007-08-21T00:00:00-03:00;21;8;2007;2,0377
2007-08-22;GM366_ERC366;2007-08-22T00:00:00-03:00;22;8;2007;2,0165
2007-08-23;GM366_ERC366;2007-08-23T00:00:00-03:00;23;8;2007;1,9931
2007-08-24;GM366_ERC366;2007-08-24T00:00:00-03:00;24;8;2007;1,9847
2007-08-25;GM366_ERC366;2007-08-25T00:00:00-03:00;25;8;2007;
2007-08-26;GM366_ERC366;2007-08-26T00:00:00-03:00;26;8;2007;
2007-08-27;GM366_ERC366;2007-08-27T00:00:00-03:00;27;8;2007;1,9481
2007-08-28;GM366_ERC366;2007-08-28T00:00:00-03:00;28;8;2007;1,9841
2007-08-29;GM366_ERC366;2007-08-29T00:00:00-03:00;29;8;2007;1,9856
2007-08-30;GM366_ERC366;2007-08-30T00:00:00-03:00;30;8;2007;1,9769
2007-08-31;GM366_ERC366;2007-08-31T00:00:00-03:00;31;8;2007;1,9612
2007-09-01;GM366_ERC366;2007-09-01T00:00:00-03:00;1;9;2007;
2007-09-02;GM366_ERC366;2007-09-02T00:00:00-03:00;2;9;2007;
2007-09-03;GM366_ERC366;2007-09-03T00:00:00-03:00;3;9;2007;1,9539
2007-09-04;GM366_ERC366;2007-09-04T00:00:00-03:00;4;9;2007;1,952
2007-09-05;GM366_ERC366;2007-09-05T00:00:00-03:00;5;9;2007;1,9632
2007-09-06;GM366_ERC366;2007-09-06T00:00:00-03:00;6;9;2007;1,9537
2007-09-07;GM366_ERC366;2007-09-07T00:00:00-03:00;7;9;2007;
2007-09-08;GM366_ERC366;2007-09-08T00:00:00-03:00;8;9;2007;
2007-09-09;GM366_ERC366;2007-09-09T00:00:00-03:00;9;9;2007;
2007-09-10;GM366_ERC366;2007-09-10T00:00:00-03:00;10;9;2007;1,9583
2007-09-11;GM366_ERC366;2007-09-11T00:00:00-03:00;11;9;2007;1,9296
2007-09-12;GM366_ERC366;2007-09-12T00:00:00-03:00;12;9;2007;1,9117
2007-09-13;GM366_ERC366;2007-09-13T00:00:00-03:00;13;9;2007;1,8983
2007-09-14;GM366_ERC366;2007-09-14T00:00:00-03:00;14;9;2007;1,9023
2007-09-15;GM366_ERC366;2007-09-15T00:00:00-03:00;15;9;2007;
2007-09-16;GM366_ERC366;2007-09-16T00:00:00-03:00;16;9;2007;
2007-09-17;GM366_ERC366;2007-09-17T00:00:00-03:00;17;9;2007;1,9115
2007-09-18;GM366_ERC366;2007-09-18T00:00:00-03:00;18;9;2007;1,8952
2007-09-19;GM366_ERC366;2007-09-19T00:00:00-03:00;19;9;2007;1,8631
2007-09-20;GM366_ERC366;2007-09-20T00:00:00-03:00;20;9;2007;1,8629
2007-09-21;GM366_ERC366;2007-09-21T00:00:00-03:00;21;9;2007;1,861
2007-09-22;GM366_ERC366;2007-09-22T00:00:00-03:00;22;9;2007;
2007-09-23;GM366_ERC366;2007-09-23T00:00:00-03:00;23;9;2007;
2007-09-24;GM366_ERC366;2007-09-24T00:00:00-03:00;24;9;2007;1,8686
2007-09-25;GM366_ERC366;2007-09-25T00:00:00-03:00;25;9;2007;1,8648
2007-09-26;GM366_ERC366;2007-09-26T00:00:00-03:00;26;9;2007;1,8485
2007-09-27;GM366_ERC366;2007-09-27T00:00:00-03:00;27;9;2007;1,8401
2007-09-28;GM366_ERC366;2007-09-28T00:00:00-03:00;28;9;2007;1,8381
2007-09-29;GM366_ERC366;2007-09-29T00:00:00-03:00;29;9;2007;
2007-09-30;GM366_ERC366;2007-09-30T00:00:00-03:00;30;9;2007;
2007-10-01;GM366_ERC366;2007-10-01T00:00:00-03:00;1;10;2007;1,8217
2007-10-02;GM366_ERC366;2007-10-02T00:00:00-03:00;2;10;2007;1,8227
2007-10-03;GM366_ERC366;2007-10-03T00:00:00-03:00;3;10;2007;1,8266
2007-10-04;GM366_ERC366;2007-10-04T00:00:00-03:00;4;10;2007;1,8276
2007-10-05;GM366_ERC366;2007-10-05T00:00:00-03:00;5;10;2007;1,8084
2007-10-06;GM366_ERC366;2007-10-06T00:00:00-03:00;6;10;2007;
2007-10-07;GM366_ERC366;2007-10-07T00:00:00-03:00;7;10;2007;
2007-10-08;GM366_ERC366;2007-10-08T00:00:00-03:00;8;10;2007;1,8125
2007-10-09;GM366_ERC366;2007-10-09T00:00:00-03:00;9;10;2007;1,81
2007-10-10;GM366_ERC366;2007-10-10T00:00:00-03:00;10;10;2007;1,804
2007-10-11;GM366_ERC366;2007-10-11T00:00:00-03:00;11;10;2007;1,7912
2007-10-12;GM366_ERC366;2007-10-12T00:00:00-03:00;12;10;2007;
2007-10-13;GM366_ERC366;2007-10-13T00:00:00-03:00;13;10;2007;
2007-10-14;GM366_ERC366;2007-10-14T00:00:00-03:00;14;10;2007;
2007-10-15;GM366_ERC366;2007-10-15T00:00:00-02:00;15;10;2007;1,807
2007-10-16;GM366_ERC366;2007-10-16T00:00:00-02:00;16;10;2007;1,8234
2007-10-17;GM366_ERC366;2007-10-17T00:00:00-02:00;17;10;2007;1,813
2007-10-18;GM366_ERC366;2007-10-18T00:00:00-02:00;18;10;2007;1,8063
2007-10-19;GM366_ERC366;2007-10-19T00:00:00-02:00;19;10;2007;1,7956
2007-10-20;GM366_ERC366;2007-10-20T00:00:00-02:00;20;10;2007;
2007-10-21;GM366_ERC366;2007-10-21T00:00:00-02:00;21;10;2007;
2007-10-22;GM366_ERC366;2007-10-22T00:00:00-02:00;22;10;2007;1,8198
2007-10-23;GM366_ERC366;2007-10-23T00:00:00-02:00;23;10;2007;1,7999
2007-10-24;GM366_ERC366;2007-10-24T00:00:00-02:00;24;10;2007;1,7961
2007-10-25;GM366_ERC366;2007-10-25T00:00:00-02:00;25;10;2007;1,7888
2007-10-26;GM366_ERC366;2007-10-26T00:00:00-02:00;26;10;2007;1,7744
2007-10-27;GM366_ERC366;2007-10-27T00:00:00-02:00;27;10;2007;
2007-10-28;GM366_ERC366;2007-10-28T00:00:00-02:00;28;10;2007;
2007-10-29;GM366_ERC366;2007-10-29T00:00:00-02:00;29;10;2007;1,7587
2007-10-30;GM366_ERC366;2007-10-30T00:00:00-02:00;30;10;2007;1,7544
2007-10-31;GM366_ERC366;2007-10-31T00:00:00-02:00;31;10;2007;1,7432
2007-11-01;GM366_ERC366;2007-11-01T00:00:00-02:00;1;11;2007;1,7452
2007-11-02;GM366_ERC366;2007-11-02T00:00:00-02:00;2;11;2007;
2007-11-03;GM366_ERC366;2007-11-03T00:00:00-02:00;3;11;2007;
2007-11-04;GM366_ERC366;2007-11-04T00:00:00-02:00;4;11;2007;
2007-11-05;GM366_ERC366;2007-11-05T00:00:00-02:00;5;11;2007;1,7548
2007-11-06;GM366_ERC366;2007-11-06T00:00:00-02:00;6;11;2007;1,7317
2007-11-07;GM366_ERC366;2007-11-07T00:00:00-02:00;7;11;2007;1,7392
2007-11-08;GM366_ERC366;2007-11-08T00:00:00-02:00;8;11;2007;1,7346
2007-11-09;GM366_ERC366;2007-11-09T00:00:00-02:00;9;11;2007;1,7482
2007-11-10;GM366_ERC366;2007-11-10T00:00:00-02:00;10;11;2007;
2007-11-11;GM366_ERC366;2007-11-11T00:00:00-02:00;11;11;2007;
2007-11-12;GM366_ERC366;2007-11-12T00:00:00-02:00;12;11;2007;1,7732
2007-11-13;GM366_ERC366;2007-11-13T00:00:00-02:00;13;11;2007;1,7674
2007-11-14;GM366_ERC366;2007-11-14T00:00:00-02:00;14;11;2007;1,737
2007-11-15;GM366_ERC366;2007-11-15T00:00:00-02:00;15;11;2007;
2007-11-16;GM366_ERC366;2007-11-16T00:00:00-02:00;16;11;2007;1,7406
2007-11-17;GM366_ERC366;2007-11-17T00:00:00-02:00;17;11;2007;
2007-11-18;GM366_ERC366;2007-11-18T00:00:00-02:00;18;11;2007;
2007-11-19;GM366_ERC366;2007-11-19T00:00:00-02:00;19;11;2007;1,7585
2007-11-20;GM366_ERC366;2007-11-20T00:00:00-02:00;20;11;2007;1,7639
2007-11-21;GM366_ERC366;2007-11-21T00:00:00-02:00;21;11;2007;1,7858
2007-11-22;GM366_ERC366;2007-11-22T00:00:00-02:00;22;11;2007;1,7739
2007-11-23;GM366_ERC366;2007-11-23T00:00:00-02:00;23;11;2007;1,7954
2007-11-24;GM366_ERC366;2007-11-24T00:00:00-02:00;24;11;2007;
2007-11-25;GM366_ERC366;2007-11-25T00:00:00-02:00;25;11;2007;
2007-11-26;GM366_ERC366;2007-11-26T00:00:00-02:00;26;11;2007;1,8102
2007-11-27;GM366_ERC366;2007-11-27T00:00:00-02:00;27;11;2007;1,8493
2007-11-28;GM366_ERC366;2007-11-28T00:00:00-02:00;28;11;2007;1,801
2007-11-29;GM366_ERC366;2007-11-29T00:00:00-02:00;29;11;2007;1,7897
2007-11-30;GM366_ERC366;2007-11-30T00:00:00-02:00;30;11;2007;1,7829
2007-12-01;GM366_ERC366;2007-12-01T00:00:00-02:00;1;12;2007;
2007-12-02;GM366_ERC366;2007-12-02T00:00:00-02:00;2;12;2007;
2007-12-03;GM366_ERC366;2007-12-03T00:00:00-02:00;3;12;2007;1,788
2007-12-04;GM366_ERC366;2007-12-04T00:00:00-02:00;4;12;2007;1,8225
2007-12-05;GM366_ERC366;2007-12-05T00:00:00-02:00;5;12;2007;1,7948
2007-12-06;GM366_ERC366;2007-12-06T00:00:00-02:00;6;12;2007;1,7865
2007-12-07;GM366_ERC366;2007-12-07T00:00:00-02:00;7;12;2007;1,7608
2007-12-08;GM366_ERC366;2007-12-08T00:00:00-02:00;8;12;2007;
2007-12-09;GM366_ERC366;2007-12-09T00:00:00-02:00;9;12;2007;
2007-12-10;GM366_ERC366;2007-12-10T00:00:00-02:00;10;12;2007;1,7612
2007-12-11;GM366_ERC366;2007-12-11T00:00:00-02:00;11;12;2007;1,7642
2007-12-12;GM366_ERC366;2007-12-12T00:00:00-02:00;12;12;2007;1,7616
2007-12-13;GM366_ERC366;2007-12-13T00:00:00-02:00;13;12;2007;1,7738
2007-12-14;GM366_ERC366;2007-12-14T00:00:00-02:00;14;12;2007;1,7951
2007-12-15;GM366_ERC366;2007-12-15T00:00:00-02:00;15;12;2007;
2007-12-16;GM366_ERC366;2007-12-16T00:00:00-02:00;16;12;2007;
2007-12-17;GM366_ERC366;2007-12-17T00:00:00-02:00;17;12;2007;1,8115
2007-12-18;GM366_ERC366;2007-12-18T00:00:00-02:00;18;12;2007;1,8083
2007-12-19;GM366_ERC366;2007-12-19T00:00:00-02:00;19;12;2007;1,8011
2007-12-20;GM366_ERC366;2007-12-20T00:00:00-02:00;20;12;2007;1,8024
2007-12-21;GM366_ERC366;2007-12-21T00:00:00-02:00;21;12;2007;1,7958
2007-12-22;GM366_ERC366;2007-12-22T00:00:00-02:00;22;12;2007;
2007-12-23;GM366_ERC366;2007-12-23T00:00:00-02:00;23;12;2007;
2007-12-24;GM366_ERC366;2007-12-24T00:00:00-02:00;24;12;2007;1,7901
2007-12-25;GM366_ERC366;2007-12-25T00:00:00-02:00;25;12;2007;
2007-12-26;GM366_ERC366;2007-12-26T00:00:00-02:00;26;12;2007;1,7787
2007-12-27;GM366_ERC366;2007-12-27T00:00:00-02:00;27;12;2007;1,7663
2007-12-28;GM366_ERC366;2007-12-28T00:00:00-02:00;28;12;2007;1,7705
2007-12-29;GM366_ERC366;2007-12-29T00:00:00-02:00;29;12;2007;
2007-12-30;GM366_ERC366;2007-12-30T00:00:00-02:00;30;12;2007;
2007-12-31;GM366_ERC366;2007-12-31T00:00:00-02:00;31;12;2007;1,7705
2008-01-01;GM366_ERC366;2008-01-01T00:00:00-02:00;1;1;2008;
2008-01-02;GM366_ERC366;2008-01-02T00:00:00-02:00;2;1;2008;1,7714
2008-01-03;GM366_ERC366;2008-01-03T00:00:00-02:00;3;1;2008;1,7561
2008-01-04;GM366_ERC366;2008-01-04T00:00:00-02:00;4;1;2008;1,7566
2008-01-05;GM366_ERC366;2008-01-05T00:00:00-02:00;5;1;2008;
2008-01-06;GM366_ERC366;2008-01-06T00:00:00-02:00;6;1;2008;
2008-01-07;GM366_ERC366;2008-01-07T00:00:00-02:00;7;1;2008;1,7667
2008-01-08;GM366_ERC366;2008-01-08T00:00:00-02:00;8;1;2008;1,7546
2008-01-09;GM366_ERC366;2008-01-09T00:00:00-02:00;9;1;2008;1,7683
2008-01-10;GM366_ERC366;2008-01-10T00:00:00-02:00;10;1;2008;1,762
2008-01-11;GM366_ERC366;2008-01-11T00:00:00-02:00;11;1;2008;1,7528
2008-01-12;GM366_ERC366;2008-01-12T00:00:00-02:00;12;1;2008;
2008-01-13;GM366_ERC366;2008-01-13T00:00:00-02:00;13;1;2008;
2008-01-14;GM366_ERC366;2008-01-14T00:00:00-02:00;14;1;2008;1,7406
2008-01-15;GM366_ERC366;2008-01-15T00:00:00-02:00;15;1;2008;1,7442
2008-01-16;GM366_ERC366;2008-01-16T00:00:00-02:00;16;1;2008;1,7622
2008-01-17;GM366_ERC366;2008-01-17T00:00:00-02:00;17;1;2008;1,7679
2008-01-18;GM366_ERC366;2008-01-18T00:00:00-02:00;18;1;2008;1,7842
2008-01-19;GM366_ERC366;2008-01-19T00:00:00-02:00;19;1;2008;
2008-01-20;GM366_ERC366;2008-01-20T00:00:00-02:00;20;1;2008;
2008-01-21;GM366_ERC366;2008-01-21T00:00:00-02:00;21;1;2008;1,8293
2008-01-22;GM366_ERC366;2008-01-22T00:00:00-02:00;22;1;2008;1,8033
2008-01-23;GM366_ERC366;2008-01-23T00:00:00-02:00;23;1;2008;1,8139
2008-01-24;GM366_ERC366;2008-01-24T00:00:00-02:00;24;1;2008;1,7875
2008-01-25;GM366_ERC366;2008-01-25T00:00:00-02:00;25;1;2008;1,7904
2008-01-26;GM366_ERC366;2008-01-26T00:00:00-02:00;26;1;2008;
2008-01-27;GM366_ERC366;2008-01-27T00:00:00-02:00;27;1;2008;
2008-01-28;GM366_ERC366;2008-01-28T00:00:00-02:00;28;1;2008;1,7898
2008-01-29;GM366_ERC366;2008-01-29T00:00:00-02:00;29;1;2008;1,7754
2008-01-30;GM366_ERC366;2008-01-30T00:00:00-02:00;30;1;2008;1,7794
2008-01-31;GM366_ERC366;2008-01-31T00:00:00-02:00;31;1;2008;1,7595
2008-02-01;GM366_ERC366;2008-02-01T00:00:00-02:00;1;2;2008;1,7443
2008-02-02;GM366_ERC366;2008-02-02T00:00:00-02:00;2;2;2008;
2008-02-03;GM366_ERC366;2008-02-03T00:00:00-02:00;3;2;2008;
2008-02-04;GM366_ERC366;2008-02-04T00:00:00-02:00;4;2;2008;
2008-02-05;GM366_ERC366;2008-02-05T00:00:00-02:00;5;2;2008;
2008-02-06;GM366_ERC366;2008-02-06T00:00:00-02:00;6;2;2008;1,7523
2008-02-07;GM366_ERC366;2008-02-07T00:00:00-02:00;7;2;2008;1,7619
2008-02-08;GM366_ERC366;2008-02-08T00:00:00-02:00;8;2;2008;1,7673
2008-02-09;GM366_ERC366;2008-02-09T00:00:00-02:00;9;2;2008;
2008-02-10;GM366_ERC366;2008-02-10T00:00:00-02:00;10;2;2008;
2008-02-11;GM366_ERC366;2008-02-11T00:00:00-02:00;11;2;2008;1,7593
2008-02-12;GM366_ERC366;2008-02-12T00:00:00-02:00;12;2;2008;1,747
2008-02-13;GM366_ERC366;2008-02-13T00:00:00-02:00;13;2;2008;1,7451
2008-02-14;GM366_ERC366;2008-02-14T00:00:00-02:00;14;2;2008;1,7461
2008-02-15;GM366_ERC366;2008-02-15T00:00:00-02:00;15;2;2008;1,7533
2008-02-16;GM366_ERC366;2008-02-16T00:00:00-02:00;16;2;2008;
2008-02-17;GM366_ERC366;2008-02-17T00:00:00-03:00;17;2;2008;
2008-02-18;GM366_ERC366;2008-02-18T00:00:00-03:00;18;2;2008;1,7386
2008-02-19;GM366_ERC366;2008-02-19T00:00:00-03:00;19;2;2008;1,7321
2008-02-20;GM366_ERC366;2008-02-20T00:00:00-03:00;20;2;2008;1,7343
2008-02-21;GM366_ERC366;2008-02-21T00:00:00-03:00;21;2;2008;1,7096
2008-02-22;GM366_ERC366;2008-02-22T00:00:00-03:00;22;2;2008;1,7032
2008-02-23;GM366_ERC366;2008-02-23T00:00:00-03:00;23;2;2008;
2008-02-24;GM366_ERC366;2008-02-24T00:00:00-03:00;24;2;2008;
2008-02-25;GM366_ERC366;2008-02-25T00:00:00-03:00;25;2;2008;1,7054
2008-02-26;GM366_ERC366;2008-02-26T00:00:00-03:00;26;2;2008;1,6874
2008-02-27;GM366_ERC366;2008-02-27T00:00:00-03:00;27;2;2008;1,6707
2008-02-28;GM366_ERC366;2008-02-28T00:00:00-03:00;28;2;2008;1,6715
2008-02-29;GM366_ERC366;2008-02-29T00:00:00-03:00;29;2;2008;1,6825
2008-03-01;GM366_ERC366;2008-03-01T00:00:00-03:00;1;3;2008;
2008-03-02;GM366_ERC366;2008-03-02T00:00:00-03:00;2;3;2008;
2008-03-03;GM366_ERC366;2008-03-03T00:00:00-03:00;3;3;2008;1,6808
2008-03-04;GM366_ERC366;2008-03-04T00:00:00-03:00;4;3;2008;1,6722
2008-03-05;GM366_ERC366;2008-03-05T00:00:00-03:00;5;3;2008;1,6692
2008-03-06;GM366_ERC366;2008-03-06T00:00:00-03:00;6;3;2008;1,6712
2008-03-07;GM366_ERC366;2008-03-07T00:00:00-03:00;7;3;2008;1,6833
2008-03-08;GM366_ERC366;2008-03-08T00:00:00-03:00;8;3;2008;
2008-03-09;GM366_ERC366;2008-03-09T00:00:00-03:00;9;3;2008;
2008-03-10;GM366_ERC366;2008-03-10T00:00:00-03:00;10;3;2008;1,6988
2008-03-11;GM366_ERC366;2008-03-11T00:00:00-03:00;11;3;2008;1,6939
2008-03-12;GM366_ERC366;2008-03-12T00:00:00-03:00;12;3;2008;1,6788
2008-03-13;GM366_ERC366;2008-03-13T00:00:00-03:00;13;3;2008;1,6963
2008-03-14;GM366_ERC366;2008-03-14T00:00:00-03:00;14;3;2008;1,6939
2008-03-15;GM366_ERC366;2008-03-15T00:00:00-03:00;15;3;2008;
2008-03-16;GM366_ERC366;2008-03-16T00:00:00-03:00;16;3;2008;
2008-03-17;GM366_ERC366;2008-03-17T00:00:00-03:00;17;3;2008;1,724
2008-03-18;GM366_ERC366;2008-03-18T00:00:00-03:00;18;3;2008;1,6999
2008-03-19;GM366_ERC366;2008-03-19T00:00:00-03:00;19;3;2008;1,7037
2008-03-20;GM366_ERC366;2008-03-20T00:00:00-03:00;20;3;2008;1,7416
2008-03-21;GM366_ERC366;2008-03-21T00:00:00-03:00;21;3;2008;
2008-03-22;GM366_ERC366;2008-03-22T00:00:00-03:00;22;3;2008;
2008-03-23;GM366_ERC366;2008-03-23T00:00:00-03:00;23;3;2008;
2008-03-24;GM366_ERC366;2008-03-24T00:00:00-03:00;24;3;2008;1,7399
2008-03-25;GM366_ERC366;2008-03-25T00:00:00-03:00;25;3;2008;1,7333
2008-03-26;GM366_ERC366;2008-03-26T00:00:00-03:00;26;3;2008;1,728
2008-03-27;GM366_ERC366;2008-03-27T00:00:00-03:00;27;3;2008;1,7337
2008-03-28;GM366_ERC366;2008-03-28T00:00:00-03:00;28;3;2008;1,7448
2008-03-29;GM366_ERC366;2008-03-29T00:00:00-03:00;29;3;2008;
2008-03-30;GM366_ERC366;2008-03-30T00:00:00-03:00;30;3;2008;
2008-03-31;GM366_ERC366;2008-03-31T00:00:00-03:00;31;3;2008;1,7483
2008-04-01;GM366_ERC366;2008-04-01T00:00:00-03:00;1;4;2008;1,7526
2008-04-02;GM366_ERC366;2008-04-02T00:00:00-03:00;2;4;2008;1,7265
2008-04-03;GM366_ERC366;2008-04-03T00:00:00-03:00;3;4;2008;1,7244
2008-04-04;GM366_ERC366;2008-04-04T00:00:00-03:00;4;4;2008;1,7109
2008-04-05;GM366_ERC366;2008-04-05T00:00:00-03:00;5;4;2008;
2008-04-06;GM366_ERC366;2008-04-06T00:00:00-03:00;6;4;2008;
2008-04-07;GM366_ERC366;2008-04-07T00:00:00-03:00;7;4;2008;1,6982
2008-04-08;GM366_ERC366;2008-04-08T00:00:00-03:00;8;4;2008;1,703
2008-04-09;GM366_ERC366;2008-04-09T00:00:00-03:00;9;4;2008;1,687
2008-04-10;GM366_ERC366;2008-04-10T00:00:00-03:00;10;4;2008;1,6814
2008-04-11;GM366_ERC366;2008-04-11T00:00:00-03:00;11;4;2008;1,6868
2008-04-12;GM366_ERC366;2008-04-12T00:00:00-03:00;12;4;2008;
2008-04-13;GM366_ERC366;2008-04-13T00:00:00-03:00;13;4;2008;
2008-04-14;GM366_ERC366;2008-04-14T00:00:00-03:00;14;4;2008;1,6859
2008-04-15;GM366_ERC366;2008-04-15T00:00:00-03:00;15;4;2008;1,6814
2008-04-16;GM366_ERC366;2008-04-16T00:00:00-03:00;16;4;2008;1,6691
2008-04-17;GM366_ERC366;2008-04-17T00:00:00-03:00;17;4;2008;1,658
2008-04-18;GM366_ERC366;2008-04-18T00:00:00-03:00;18;4;2008;1,6685
2008-04-19;GM366_ERC366;2008-04-19T00:00:00-03:00;19;4;2008;
2008-04-20;GM366_ERC366;2008-04-20T00:00:00-03:00;20;4;2008;
2008-04-21;GM366_ERC366;2008-04-21T00:00:00-03:00;21;4;2008;
2008-04-22;GM366_ERC366;2008-04-22T00:00:00-03:00;22;4;2008;1,6567
2008-04-23;GM366_ERC366;2008-04-23T00:00:00-03:00;23;4;2008;1,6574
2008-04-24;GM366_ERC366;2008-04-24T00:00:00-03:00;24;4;2008;1,6679
2008-04-25;GM366_ERC366;2008-04-25T00:00:00-03:00;25;4;2008;1,668
2008-04-26;GM366_ERC366;2008-04-26T00:00:00-03:00;26;4;2008;
2008-04-27;GM366_ERC366;2008-04-27T00:00:00-03:00;27;4;2008;
2008-04-28;GM366_ERC366;2008-04-28T00:00:00-03:00;28;4;2008;1,6756
2008-04-29;GM366_ERC366;2008-04-29T00:00:00-03:00;29;4;2008;1,705
2008-04-30;GM366_ERC366;2008-04-30T00:00:00-03:00;30;4;2008;1,6864
2008-05-01;GM366_ERC366;2008-05-01T00:00:00-03:00;1;5;2008;
2008-05-02;GM366_ERC366;2008-05-02T00:00:00-03:00;2;5;2008;1,6498
2008-05-03;GM366_ERC366;2008-05-03T00:00:00-03:00;3;5;2008;
2008-05-04;GM366_ERC366;2008-05-04T00:00:00-03:00;4;5;2008;
2008-05-05;GM366_ERC366;2008-05-05T00:00:00-03:00;5;5;2008;1,657
2008-05-06;GM366_ERC366;2008-05-06T00:00:00-03:00;6;5;2008;1,6607
2008-05-07;GM366_ERC366;2008-05-07T00:00:00-03:00;7;5;2008;1,6733
2008-05-08;GM366_ERC366;2008-05-08T00:00:00-03:00;8;5;2008;1,6928
2008-05-09;GM366_ERC366;2008-05-09T00:00:00-03:00;9;5;2008;1,6941
2008-05-10;GM366_ERC366;2008-05-10T00:00:00-03:00;10;5;2008;
2008-05-11;GM366_ERC366;2008-05-11T00:00:00-03:00;11;5;2008;
2008-05-12;GM366_ERC366;2008-05-12T00:00:00-03:00;12;5;2008;1,6735
2008-05-13;GM366_ERC366;2008-05-13T00:00:00-03:00;13;5;2008;1,6575
2008-05-14;GM366_ERC366;2008-05-14T00:00:00-03:00;14;5;2008;1,6633
2008-05-15;GM366_ERC366;2008-05-15T00:00:00-03:00;15;5;2008;1,6593
2008-05-16;GM366_ERC366;2008-05-16T00:00:00-03:00;16;5;2008;1,6426
2008-05-17;GM366_ERC366;2008-05-17T00:00:00-03:00;17;5;2008;
2008-05-18;GM366_ERC366;2008-05-18T00:00:00-03:00;18;5;2008;
2008-05-19;GM366_ERC366;2008-05-19T00:00:00-03:00;19;5;2008;1,6452
2008-05-20;GM366_ERC366;2008-05-20T00:00:00-03:00;20;5;2008;1,6562
2008-05-21;GM366_ERC366;2008-05-21T00:00:00-03:00;21;5;2008;1,6484
2008-05-22;GM366_ERC366;2008-05-22T00:00:00-03:00;22;5;2008;
2008-05-23;GM366_ERC366;2008-05-23T00:00:00-03:00;23;5;2008;1,6539
2008-05-24;GM366_ERC366;2008-05-24T00:00:00-03:00;24;5;2008;
2008-05-25;GM366_ERC366;2008-05-25T00:00:00-03:00;25;5;2008;
2008-05-26;GM366_ERC366;2008-05-26T00:00:00-03:00;26;5;2008;1,6602
2008-05-27;GM366_ERC366;2008-05-27T00:00:00-03:00;27;5;2008;1,6673
2008-05-28;GM366_ERC366;2008-05-28T00:00:00-03:00;28;5;2008;1,6622
2008-05-29;GM366_ERC366;2008-05-29T00:00:00-03:00;29;5;2008;1,6488
2008-05-30;GM366_ERC366;2008-05-30T00:00:00-03:00;30;5;2008;1,6286
2008-05-31;GM366_ERC366;2008-05-31T00:00:00-03:00;31;5;2008;
2008-06-01;GM366_ERC366;2008-06-01T00:00:00-03:00;1;6;2008;
2008-06-02;GM366_ERC366;2008-06-02T00:00:00-03:00;2;6;2008;1,6312
2008-06-03;GM366_ERC366;2008-06-03T00:00:00-03:00;3;6;2008;1,6207
2008-06-04;GM366_ERC366;2008-06-04T00:00:00-03:00;4;6;2008;1,6299
2008-06-05;GM366_ERC366;2008-06-05T00:00:00-03:00;5;6;2008;1,6254
2008-06-06;GM366_ERC366;2008-06-06T00:00:00-03:00;6;6;2008;1,6274
2008-06-07;GM366_ERC366;2008-06-07T00:00:00-03:00;7;6;2008;
2008-06-08;GM366_ERC366;2008-06-08T00:00:00-03:00;8;6;2008;
2008-06-09;GM366_ERC366;2008-06-09T00:00:00-03:00;9;6;2008;1,6257
2008-06-10;GM366_ERC366;2008-06-10T00:00:00-03:00;10;6;2008;1,6384
2008-06-11;GM366_ERC366;2008-06-11T00:00:00-03:00;11;6;2008;1,642
2008-06-12;GM366_ERC366;2008-06-12T00:00:00-03:00;12;6;2008;1,6392
2008-06-13;GM366_ERC366;2008-06-13T00:00:00-03:00;13;6;2008;1,636
2008-06-14;GM366_ERC366;2008-06-14T00:00:00-03:00;14;6;2008;
2008-06-15;GM366_ERC366;2008-06-15T00:00:00-03:00;15;6;2008;
2008-06-16;GM366_ERC366;2008-06-16T00:00:00-03:00;16;6;2008;1,6269
2008-06-17;GM366_ERC366;2008-06-17T00:00:00-03:00;17;6;2008;1,6119
2008-06-18;GM366_ERC366;2008-06-18T00:00:00-03:00;18;6;2008;1,6105
2008-06-19;GM366_ERC366;2008-06-19T00:00:00-03:00;19;6;2008;1,6043
2008-06-20;GM366_ERC366;2008-06-20T00:00:00-03:00;20;6;2008;1,6034
2008-06-21;GM366_ERC366;2008-06-21T00:00:00-03:00;21;6;2008;
2008-06-22;GM366_ERC366;2008-06-22T00:00:00-03:00;22;6;2008;
2008-06-23;GM366_ERC366;2008-06-23T00:00:00-03:00;23;6;2008;1,6109
2008-06-24;GM366_ERC366;2008-06-24T00:00:00-03:00;24;6;2008;1,6038
2008-06-25;GM366_ERC366;2008-06-25T00:00:00-03:00;25;6;2008;1,5993
2008-06-26;GM366_ERC366;2008-06-26T00:00:00-03:00;26;6;2008;1,5943
2008-06-27;GM366_ERC366;2008-06-27T00:00:00-03:00;27;6;2008;1,6069
2008-06-28;GM366_ERC366;2008-06-28T00:00:00-03:00;28;6;2008;
2008-06-29;GM366_ERC366;2008-06-29T00:00:00-03:00;29;6;2008;
2008-06-30;GM366_ERC366;2008-06-30T00:00:00-03:00;30;6;2008;1,5911
2008-07-01;GM366_ERC366;2008-07-01T00:00:00-03:00;1;7;2008;1,6053
2008-07-02;GM366_ERC366;2008-07-02T00:00:00-03:00;2;7;2008;1,5985
2008-07-03;GM366_ERC366;2008-07-03T00:00:00-03:00;3;7;2008;1,6081
2008-07-04;GM366_ERC366;2008-07-04T00:00:00-03:00;4;7;2008;1,6092
2008-07-05;GM366_ERC366;2008-07-05T00:00:00-03:00;5;7;2008;
2008-07-06;GM366_ERC366;2008-07-06T00:00:00-03:00;6;7;2008;
2008-07-07;GM366_ERC366;2008-07-07T00:00:00-03:00;7;7;2008;1,6033
2008-07-08;GM366_ERC366;2008-07-08T00:00:00-03:00;8;7;2008;1,6019
2008-07-09;GM366_ERC366;2008-07-09T00:00:00-03:00;9;7;2008;1,6084
2008-07-10;GM366_ERC366;2008-07-10T00:00:00-03:00;10;7;2008;1,6139
2008-07-11;GM366_ERC366;2008-07-11T00:00:00-03:00;11;7;2008;1,6024
2008-07-12;GM366_ERC366;2008-07-12T00:00:00-03:00;12;7;2008;
2008-07-13;GM366_ERC366;2008-07-13T00:00:00-03:00;13;7;2008;
2008-07-14;GM366_ERC366;2008-07-14T00:00:00-03:00;14;7;2008;1,5934
2008-07-15;GM366_ERC366;2008-07-15T00:00:00-03:00;15;7;2008;1,5902
2008-07-16;GM366_ERC366;2008-07-16T00:00:00-03:00;16;7;2008;1,5952
2008-07-17;GM366_ERC366;2008-07-17T00:00:00-03:00;17;7;2008;1,5905
2008-07-18;GM366_ERC366;2008-07-18T00:00:00-03:00;18;7;2008;1,593
2008-07-19;GM366_ERC366;2008-07-19T00:00:00-03:00;19;7;2008;
2008-07-20;GM366_ERC366;2008-07-20T00:00:00-03:00;20;7;2008;
2008-07-21;GM366_ERC366;2008-07-21T00:00:00-03:00;21;7;2008;1,581
2008-07-22;GM366_ERC366;2008-07-22T00:00:00-03:00;22;7;2008;1,5803
2008-07-23;GM366_ERC366;2008-07-23T00:00:00-03:00;23;7;2008;1,5826
2008-07-24;GM366_ERC366;2008-07-24T00:00:00-03:00;24;7;2008;1,5773
2008-07-25;GM366_ERC366;2008-07-25T00:00:00-03:00;25;7;2008;1,5737
2008-07-26;GM366_ERC366;2008-07-26T00:00:00-03:00;26;7;2008;
2008-07-27;GM366_ERC366;2008-07-27T00:00:00-03:00;27;7;2008;
2008-07-28;GM366_ERC366;2008-07-28T00:00:00-03:00;28;7;2008;1,5746
2008-07-29;GM366_ERC366;2008-07-29T00:00:00-03:00;29;7;2008;1,5722
2008-07-30;GM366_ERC366;2008-07-30T00:00:00-03:00;30;7;2008;1,5633
2008-07-31;GM366_ERC366;2008-07-31T00:00:00-03:00;31;7;2008;1,5658
2008-08-01;GM366_ERC366;2008-08-01T00:00:00-03:00;1;8;2008;1,5585
2008-08-02;GM366_ERC366;2008-08-02T00:00:00-03:00;2;8;2008;
2008-08-03;GM366_ERC366;2008-08-03T00:00:00-03:00;3;8;2008;
2008-08-04;GM366_ERC366;2008-08-04T00:00:00-03:00;4;8;2008;1,5651
2008-08-05;GM366_ERC366;2008-08-05T00:00:00-03:00;5;8;2008;1,5724
2008-08-06;GM366_ERC366;2008-08-06T00:00:00-03:00;6;8;2008;1,5774
2008-08-07;GM366_ERC366;2008-08-07T00:00:00-03:00;7;8;2008;1,5835
2008-08-08;GM366_ERC366;2008-08-08T00:00:00-03:00;8;8;2008;1,6128
2008-08-09;GM366_ERC366;2008-08-09T00:00:00-03:00;9;8;2008;
2008-08-10;GM366_ERC366;2008-08-10T00:00:00-03:00;10;8;2008;
2008-08-11;GM366_ERC366;2008-08-11T00:00:00-03:00;11;8;2008;1,614
2008-08-12;GM366_ERC366;2008-08-12T00:00:00-03:00;12;8;2008;1,6153
2008-08-13;GM366_ERC366;2008-08-13T00:00:00-03:00;13;8;2008;1,6203
2008-08-14;GM366_ERC366;2008-08-14T00:00:00-03:00;14;8;2008;1,6196
2008-08-15;GM366_ERC366;2008-08-15T00:00:00-03:00;15;8;2008;1,6381
2008-08-16;GM366_ERC366;2008-08-16T00:00:00-03:00;16;8;2008;
2008-08-17;GM366_ERC366;2008-08-17T00:00:00-03:00;17;8;2008;
2008-08-18;GM366_ERC366;2008-08-18T00:00:00-03:00;18;8;2008;1,6341
2008-08-19;GM366_ERC366;2008-08-19T00:00:00-03:00;19;8;2008;1,6335
2008-08-20;GM366_ERC366;2008-08-20T00:00:00-03:00;20;8;2008;1,6199
2008-08-21;GM366_ERC366;2008-08-21T00:00:00-03:00;21;8;2008;1,6135
2008-08-22;GM366_ERC366;2008-08-22T00:00:00-03:00;22;8;2008;1,6209
2008-08-23;GM366_ERC366;2008-08-23T00:00:00-03:00;23;8;2008;
2008-08-24;GM366_ERC366;2008-08-24T00:00:00-03:00;24;8;2008;
2008-08-25;GM366_ERC366;2008-08-25T00:00:00-03:00;25;8;2008;1,6267
2008-08-26;GM366_ERC366;2008-08-26T00:00:00-03:00;26;8;2008;1,6367
2008-08-27;GM366_ERC366;2008-08-27T00:00:00-03:00;27;8;2008;1,6205
2008-08-28;GM366_ERC366;2008-08-28T00:00:00-03:00;28;8;2008;1,6254
2008-08-29;GM366_ERC366;2008-08-29T00:00:00-03:00;29;8;2008;1,6336
2008-08-30;GM366_ERC366;2008-08-30T00:00:00-03:00;30;8;2008;
2008-08-31;GM366_ERC366;2008-08-31T00:00:00-03:00;31;8;2008;
2008-09-01;GM366_ERC366;2008-09-01T00:00:00-03:00;1;9;2008;1,6439
2008-09-02;GM366_ERC366;2008-09-02T00:00:00-03:00;2;9;2008;1,6594
2008-09-03;GM366_ERC366;2008-09-03T00:00:00-03:00;3;9;2008;1,672
2008-09-04;GM366_ERC366;2008-09-04T00:00:00-03:00;4;9;2008;1,7002
2008-09-05;GM366_ERC366;2008-09-05T00:00:00-03:00;5;9;2008;1,7297
2008-09-06;GM366_ERC366;2008-09-06T00:00:00-03:00;6;9;2008;
2008-09-07;GM366_ERC366;2008-09-07T00:00:00-03:00;7;9;2008;
2008-09-08;GM366_ERC366;2008-09-08T00:00:00-03:00;8;9;2008;1,7274
2008-09-09;GM366_ERC366;2008-09-09T00:00:00-03:00;9;9;2008;1,7536
2008-09-10;GM366_ERC366;2008-09-10T00:00:00-03:00;10;9;2008;1,785
2008-09-11;GM366_ERC366;2008-09-11T00:00:00-03:00;11;9;2008;1,8247
2008-09-12;GM366_ERC366;2008-09-12T00:00:00-03:00;12;9;2008;1,7904
2008-09-13;GM366_ERC366;2008-09-13T00:00:00-03:00;13;9;2008;
2008-09-14;GM366_ERC366;2008-09-14T00:00:00-03:00;14;9;2008;
2008-09-15;GM366_ERC366;2008-09-15T00:00:00-03:00;15;9;2008;1,8117
2008-09-16;GM366_ERC366;2008-09-16T00:00:00-03:00;16;9;2008;1,8402
2008-09-17;GM366_ERC366;2008-09-17T00:00:00-03:00;17;9;2008;1,8652
2008-09-18;GM366_ERC366;2008-09-18T00:00:00-03:00;18;9;2008;1,9151
2008-09-19;GM366_ERC366;2008-09-19T00:00:00-03:00;19;9;2008;1,839
2008-09-20;GM366_ERC366;2008-09-20T00:00:00-03:00;20;9;2008;
2008-09-21;GM366_ERC366;2008-09-21T00:00:00-03:00;21;9;2008;
2008-09-22;GM366_ERC366;2008-09-22T00:00:00-03:00;22;9;2008;1,7981
2008-09-23;GM366_ERC366;2008-09-23T00:00:00-03:00;23;9;2008;1,8234
2008-09-24;GM366_ERC366;2008-09-24T00:00:00-03:00;24;9;2008;1,8437
2008-09-25;GM366_ERC366;2008-09-25T00:00:00-03:00;25;9;2008;1,8269
2008-09-26;GM366_ERC366;2008-09-26T00:00:00-03:00;26;9;2008;1,8547
2008-09-27;GM366_ERC366;2008-09-27T00:00:00-03:00;27;9;2008;
2008-09-28;GM366_ERC366;2008-09-28T00:00:00-03:00;28;9;2008;
2008-09-29;GM366_ERC366;2008-09-29T00:00:00-03:00;29;9;2008;1,9551
2008-09-30;GM366_ERC366;2008-09-30T00:00:00-03:00;30;9;2008;1,9135
2008-10-01;GM366_ERC366;2008-10-01T00:00:00-03:00;1;10;2008;1,9205
2008-10-02;GM366_ERC366;2008-10-02T00:00:00-03:00;2;10;2008;2,0073
2008-10-03;GM366_ERC366;2008-10-03T00:00:00-03:00;3;10;2008;2,0532
2008-10-04;GM366_ERC366;2008-10-04T00:00:00-03:00;4;10;2008;
2008-10-05;GM366_ERC366;2008-10-05T00:00:00-03:00;5;10;2008;
2008-10-06;GM366_ERC366;2008-10-06T00:00:00-03:00;6;10;2008;2,1761
2008-10-07;GM366_ERC366;2008-10-07T00:00:00-03:00;7;10;2008;2,1875
2008-10-08;GM366_ERC366;2008-10-08T00:00:00-03:00;8;10;2008;2,3916
2008-10-09;GM366_ERC366;2008-10-09T00:00:00-03:00;9;10;2008;2,181
2008-10-10;GM366_ERC366;2008-10-10T00:00:00-03:00;10;10;2008;2,2872
2008-10-11;GM366_ERC366;2008-10-11T00:00:00-03:00;11;10;2008;
2008-10-12;GM366_ERC366;2008-10-12T00:00:00-03:00;12;10;2008;
2008-10-13;GM366_ERC366;2008-10-13T00:00:00-03:00;13;10;2008;2,1554
2008-10-14;GM366_ERC366;2008-10-14T00:00:00-03:00;14;10;2008;2,0781
2008-10-15;GM366_ERC366;2008-10-15T00:00:00-03:00;15;10;2008;2,1543
2008-10-16;GM366_ERC366;2008-10-16T00:00:00-03:00;16;10;2008;2,1846
2008-10-17;GM366_ERC366;2008-10-17T00:00:00-03:00;17;10;2008;2,1012
2008-10-18;GM366_ERC366;2008-10-18T00:00:00-03:00;18;10;2008;
2008-10-19;GM366_ERC366;2008-10-19T00:00:00-03:00;19;10;2008;
2008-10-20;GM366_ERC366;2008-10-20T00:00:00-02:00;20;10;2008;2,1166
2008-10-21;GM366_ERC366;2008-10-21T00:00:00-02:00;21;10;2008;2,1933
2008-10-22;GM366_ERC366;2008-10-22T00:00:00-02:00;22;10;2008;2,3642
2008-10-23;GM366_ERC366;2008-10-23T00:00:00-02:00;23;10;2008;2,3139
2008-10-24;GM366_ERC366;2008-10-24T00:00:00-02:00;24;10;2008;2,3104
2008-10-25;GM366_ERC366;2008-10-25T00:00:00-02:00;25;10;2008;
2008-10-26;GM366_ERC366;2008-10-26T00:00:00-02:00;26;10;2008;
2008-10-27;GM366_ERC366;2008-10-27T00:00:00-02:00;27;10;2008;2,2516
2008-10-28;GM366_ERC366;2008-10-28T00:00:00-02:00;28;10;2008;2,1692
2008-10-29;GM366_ERC366;2008-10-29T00:00:00-02:00;29;10;2008;2,1312
2008-10-30;GM366_ERC366;2008-10-30T00:00:00-02:00;30;10;2008;2,1143
2008-10-31;GM366_ERC366;2008-10-31T00:00:00-02:00;31;10;2008;2,1145
2008-11-01;GM366_ERC366;2008-11-01T00:00:00-02:00;1;11;2008;
2008-11-02;GM366_ERC366;2008-11-02T00:00:00-02:00;2;11;2008;
2008-11-03;GM366_ERC366;2008-11-03T00:00:00-02:00;3;11;2008;2,181
2008-11-04;GM366_ERC366;2008-11-04T00:00:00-02:00;4;11;2008;2,1219
2008-11-05;GM366_ERC366;2008-11-05T00:00:00-02:00;5;11;2008;2,1202
2008-11-06;GM366_ERC366;2008-11-06T00:00:00-02:00;6;11;2008;2,1585
2008-11-07;GM366_ERC366;2008-11-07T00:00:00-02:00;7;11;2008;2,1605
2008-11-08;GM366_ERC366;2008-11-08T00:00:00-02:00;8;11;2008;
2008-11-09;GM366_ERC366;2008-11-09T00:00:00-02:00;9;11;2008;
2008-11-10;GM366_ERC366;2008-11-10T00:00:00-02:00;10;11;2008;2,1327
2008-11-11;GM366_ERC366;2008-11-11T00:00:00-02:00;11;11;2008;2,2002
2008-11-12;GM366_ERC366;2008-11-12T00:00:00-02:00;12;11;2008;2,2624
2008-11-13;GM366_ERC366;2008-11-13T00:00:00-02:00;13;11;2008;2,3306
2008-11-14;GM366_ERC366;2008-11-14T00:00:00-02:00;14;11;2008;2,2792
2008-11-15;GM366_ERC366;2008-11-15T00:00:00-02:00;15;11;2008;
2008-11-16;GM366_ERC366;2008-11-16T00:00:00-02:00;16;11;2008;
2008-11-17;GM366_ERC366;2008-11-17T00:00:00-02:00;17;11;2008;2,2932
2008-11-18;GM366_ERC366;2008-11-18T00:00:00-02:00;18;11;2008;2,2988
2008-11-19;GM366_ERC366;2008-11-19T00:00:00-02:00;19;11;2008;2,3758
2008-11-20;GM366_ERC366;2008-11-20T00:00:00-02:00;20;11;2008;2,3954
2008-11-21;GM366_ERC366;2008-11-21T00:00:00-02:00;21;11;2008;2,4269
2008-11-22;GM366_ERC366;2008-11-22T00:00:00-02:00;22;11;2008;
2008-11-23;GM366_ERC366;2008-11-23T00:00:00-02:00;23;11;2008;
2008-11-24;GM366_ERC366;2008-11-24T00:00:00-02:00;24;11;2008;2,3492
2008-11-25;GM366_ERC366;2008-11-25T00:00:00-02:00;25;11;2008;2,3048
2008-11-26;GM366_ERC366;2008-11-26T00:00:00-02:00;26;11;2008;2,3213
2008-11-27;GM366_ERC366;2008-11-27T00:00:00-02:00;27;11;2008;2,2649
2008-11-28;GM366_ERC366;2008-11-28T00:00:00-02:00;28;11;2008;2,3323
2008-11-29;GM366_ERC366;2008-11-29T00:00:00-02:00;29;11;2008;
2008-11-30;GM366_ERC366;2008-11-30T00:00:00-02:00;30;11;2008;
2008-12-01;GM366_ERC366;2008-12-01T00:00:00-02:00;1;12;2008;2,3557
2008-12-02;GM366_ERC366;2008-12-02T00:00:00-02:00;2;12;2008;2,3449
2008-12-03;GM366_ERC366;2008-12-03T00:00:00-02:00;3;12;2008;2,4205
2008-12-04;GM366_ERC366;2008-12-04T00:00:00-02:00;4;12;2008;2,4897
2008-12-05;GM366_ERC366;2008-12-05T00:00:00-02:00;5;12;2008;2,4996
2008-12-06;GM366_ERC366;2008-12-06T00:00:00-02:00;6;12;2008;
2008-12-07;GM366_ERC366;2008-12-07T00:00:00-02:00;7;12;2008;
2008-12-08;GM366_ERC366;2008-12-08T00:00:00-02:00;8;12;2008;2,4681
2008-12-09;GM366_ERC366;2008-12-09T00:00:00-02:00;9;12;2008;2,4821
2008-12-10;GM366_ERC366;2008-12-10T00:00:00-02:00;10;12;2008;2,4675
2008-12-11;GM366_ERC366;2008-12-11T00:00:00-02:00;11;12;2008;2,3389
2008-12-12;GM366_ERC366;2008-12-12T00:00:00-02:00;12;12;2008;2,3912
2008-12-13;GM366_ERC366;2008-12-13T00:00:00-02:00;13;12;2008;
2008-12-14;GM366_ERC366;2008-12-14T00:00:00-02:00;14;12;2008;
2008-12-15;GM366_ERC366;2008-12-15T00:00:00-02:00;15;12;2008;2,3682
2008-12-16;GM366_ERC366;2008-12-16T00:00:00-02:00;16;12;2008;2,3775
2008-12-17;GM366_ERC366;2008-12-17T00:00:00-02:00;17;12;2008;2,3568
2008-12-18;GM366_ERC366;2008-12-18T00:00:00-02:00;18;12;2008;2,3564
2008-12-19;GM366_ERC366;2008-12-19T00:00:00-02:00;19;12;2008;2,3851
2008-12-20;GM366_ERC366;2008-12-20T00:00:00-02:00;20;12;2008;
2008-12-21;GM366_ERC366;2008-12-21T00:00:00-02:00;21;12;2008;
2008-12-22;GM366_ERC366;2008-12-22T00:00:00-02:00;22;12;2008;2,3732
2008-12-23;GM366_ERC366;2008-12-23T00:00:00-02:00;23;12;2008;2,3821
2008-12-24;GM366_ERC366;2008-12-24T00:00:00-02:00;24;12;2008;2,3743
2008-12-25;GM366_ERC366;2008-12-25T00:00:00-02:00;25;12;2008;
2008-12-26;GM366_ERC366;2008-12-26T00:00:00-02:00;26;12;2008;2,3605
2008-12-27;GM366_ERC366;2008-12-27T00:00:00-02:00;27;12;2008;
2008-12-28;GM366_ERC366;2008-12-28T00:00:00-02:00;28;12;2008;
2008-12-29;GM366_ERC366;2008-12-29T00:00:00-02:00;29;12;2008;2,3948
2008-12-30;GM366_ERC366;2008-12-30T00:00:00-02:00;30;12;2008;2,3362
2008-12-31;GM366_ERC366;2008-12-31T00:00:00-02:00;31;12;2008;2,3362
2009-01-01;GM366_ERC366;2009-01-01T00:00:00-02:00;1;1;2009;
2009-01-02;GM366_ERC366;2009-01-02T00:00:00-02:00;2;1;2009;2,329
2009-01-03;GM366_ERC366;2009-01-03T00:00:00-02:00;3;1;2009;
2009-01-04;GM366_ERC366;2009-01-04T00:00:00-02:00;4;1;2009;
2009-01-05;GM366_ERC366;2009-01-05T00:00:00-02:00;5;1;2009;2,2772
2009-01-06;GM366_ERC366;2009-01-06T00:00:00-02:00;6;1;2009;2,1881
2009-01-07;GM366_ERC366;2009-01-07T00:00:00-02:00;7;1;2009;2,2166
2009-01-08;GM366_ERC366;2009-01-08T00:00:00-02:00;8;1;2009;2,2675
2009-01-09;GM366_ERC366;2009-01-09T00:00:00-02:00;9;1;2009;2,2859
2009-01-10;GM366_ERC366;2009-01-10T00:00:00-02:00;10;1;2009;
2009-01-11;GM366_ERC366;2009-01-11T00:00:00-02:00;11;1;2009;
2009-01-12;GM366_ERC366;2009-01-12T00:00:00-02:00;12;1;2009;2,2961
2009-01-13;GM366_ERC366;2009-01-13T00:00:00-02:00;13;1;2009;2,3075
2009-01-14;GM366_ERC366;2009-01-14T00:00:00-02:00;14;1;2009;2,3333
2009-01-15;GM366_ERC366;2009-01-15T00:00:00-02:00;15;1;2009;2,3795
2009-01-16;GM366_ERC366;2009-01-16T00:00:00-02:00;16;1;2009;2,324
2009-01-17;GM366_ERC366;2009-01-17T00:00:00-02:00;17;1;2009;
2009-01-18;GM366_ERC366;2009-01-18T00:00:00-02:00;18;1;2009;
2009-01-19;GM366_ERC366;2009-01-19T00:00:00-02:00;19;1;2009;2,3298
2009-01-20;GM366_ERC366;2009-01-20T00:00:00-02:00;20;1;2009;2,354
2009-01-21;GM366_ERC366;2009-01-21T00:00:00-02:00;21;1;2009;2,3536
2009-01-22;GM366_ERC366;2009-01-22T00:00:00-02:00;22;1;2009;2,3291
2009-01-23;GM366_ERC366;2009-01-23T00:00:00-02:00;23;1;2009;2,356
2009-01-24;GM366_ERC366;2009-01-24T00:00:00-02:00;24;1;2009;
2009-01-25;GM366_ERC366;2009-01-25T00:00:00-02:00;25;1;2009;
2009-01-26;GM366_ERC366;2009-01-26T00:00:00-02:00;26;1;2009;2,3141
2009-01-27;GM366_ERC366;2009-01-27T00:00:00-02:00;27;1;2009;2,3101
2009-01-28;GM366_ERC366;2009-01-28T00:00:00-02:00;28;1;2009;2,2974
2009-01-29;GM366_ERC366;2009-01-29T00:00:00-02:00;29;1;2009;2,2753
2009-01-30;GM366_ERC366;2009-01-30T00:00:00-02:00;30;1;2009;2,3154
2009-01-31;GM366_ERC366;2009-01-31T00:00:00-02:00;31;1;2009;
2009-02-01;GM366_ERC366;2009-02-01T00:00:00-02:00;1;2;2009;
2009-02-02;GM366_ERC366;2009-02-02T00:00:00-02:00;2;2;2009;2,3467
2009-02-03;GM366_ERC366;2009-02-03T00:00:00-02:00;3;2;2009;2,3136
2009-02-04;GM366_ERC366;2009-02-04T00:00:00-02:00;4;2;2009;2,2986
2009-02-05;GM366_ERC366;2009-02-05T00:00:00-02:00;5;2;2009;2,3057
2009-02-06;GM366_ERC366;2009-02-06T00:00:00-02:00;6;2;2009;2,265
2009-02-07;GM366_ERC366;2009-02-07T00:00:00-02:00;7;2;2009;
2009-02-08;GM366_ERC366;2009-02-08T00:00:00-02:00;8;2;2009;
2009-02-09;GM366_ERC366;2009-02-09T00:00:00-02:00;9;2;2009;2,2438
2009-02-10;GM366_ERC366;2009-02-10T00:00:00-02:00;10;2;2009;2,252
2009-02-11;GM366_ERC366;2009-02-11T00:00:00-02:00;11;2;2009;2,2862
2009-02-12;GM366_ERC366;2009-02-12T00:00:00-02:00;12;2;2009;2,2901
2009-02-13;GM366_ERC366;2009-02-13T00:00:00-02:00;13;2;2009;2,2672
2009-02-14;GM366_ERC366;2009-02-14T00:00:00-02:00;14;2;2009;
2009-02-15;GM366_ERC366;2009-02-15T00:00:00-03:00;15;2;2009;
2009-02-16;GM366_ERC366;2009-02-16T00:00:00-03:00;16;2;2009;2,2711
2009-02-17;GM366_ERC366;2009-02-17T00:00:00-03:00;17;2;2009;2,3123
2009-02-18;GM366_ERC366;2009-02-18T00:00:00-03:00;18;2;2009;2,3388
2009-02-19;GM366_ERC366;2009-02-19T00:00:00-03:00;19;2;2009;2,3241
2009-02-20;GM366_ERC366;2009-02-20T00:00:00-03:00;20;2;2009;2,3908
2009-02-21;GM366_ERC366;2009-02-21T00:00:00-03:00;21;2;2009;
2009-02-22;GM366_ERC366;2009-02-22T00:00:00-03:00;22;2;2009;
2009-02-23;GM366_ERC366;2009-02-23T00:00:00-03:00;23;2;2009;
2009-02-24;GM366_ERC366;2009-02-24T00:00:00-03:00;24;2;2009;
2009-02-25;GM366_ERC366;2009-02-25T00:00:00-03:00;25;2;2009;2,3806
2009-02-26;GM366_ERC366;2009-02-26T00:00:00-03:00;26;2;2009;2,3495
2009-02-27;GM366_ERC366;2009-02-27T00:00:00-03:00;27;2;2009;2,3776
2009-02-28;GM366_ERC366;2009-02-28T00:00:00-03:00;28;2;2009;
2009-03-01;GM366_ERC366;2009-03-01T00:00:00-03:00;1;3;2009;
2009-03-02;GM366_ERC366;2009-03-02T00:00:00-03:00;2;3;2009;2,4113
2009-03-03;GM366_ERC366;2009-03-03T00:00:00-03:00;3;3;2009;2,421
2009-03-04;GM366_ERC366;2009-03-04T00:00:00-03:00;4;3;2009;2,3909
2009-03-05;GM366_ERC366;2009-03-05T00:00:00-03:00;5;3;2009;2,3814
2009-03-06;GM366_ERC366;2009-03-06T00:00:00-03:00;6;3;2009;2,376
2009-03-07;GM366_ERC366;2009-03-07T00:00:00-03:00;7;3;2009;
2009-03-08;GM366_ERC366;2009-03-08T00:00:00-03:00;8;3;2009;
2009-03-09;GM366_ERC366;2009-03-09T00:00:00-03:00;9;3;2009;2,3773
2009-03-10;GM366_ERC366;2009-03-10T00:00:00-03:00;10;3;2009;2,3507
2009-03-11;GM366_ERC366;2009-03-11T00:00:00-03:00;11;3;2009;2,3358
2009-03-12;GM366_ERC366;2009-03-12T00:00:00-03:00;12;3;2009;2,315
2009-03-13;GM366_ERC366;2009-03-13T00:00:00-03:00;13;3;2009;2,3004
2009-03-14;GM366_ERC366;2009-03-14T00:00:00-03:00;14;3;2009;
2009-03-15;GM366_ERC366;2009-03-15T00:00:00-03:00;15;3;2009;
2009-03-16;GM366_ERC366;2009-03-16T00:00:00-03:00;16;3;2009;2,2697
2009-03-17;GM366_ERC366;2009-03-17T00:00:00-03:00;17;3;2009;2,2825
2009-03-18;GM366_ERC366;2009-03-18T00:00:00-03:00;18;3;2009;2,2798
2009-03-19;GM366_ERC366;2009-03-19T00:00:00-03:00;19;3;2009;2,2371
2009-03-20;GM366_ERC366;2009-03-20T00:00:00-03:00;20;3;2009;2,2559
2009-03-21;GM366_ERC366;2009-03-21T00:00:00-03:00;21;3;2009;
2009-03-22;GM366_ERC366;2009-03-22T00:00:00-03:00;22;3;2009;
2009-03-23;GM366_ERC366;2009-03-23T00:00:00-03:00;23;3;2009;2,2497
2009-03-24;GM366_ERC366;2009-03-24T00:00:00-03:00;24;3;2009;2,2559
2009-03-25;GM366_ERC366;2009-03-25T00:00:00-03:00;25;3;2009;2,2427
2009-03-26;GM366_ERC366;2009-03-26T00:00:00-03:00;26;3;2009;2,2367
2009-03-27;GM366_ERC366;2009-03-27T00:00:00-03:00;27;3;2009;2,2737
2009-03-28;GM366_ERC366;2009-03-28T00:00:00-03:00;28;3;2009;
2009-03-29;GM366_ERC366;2009-03-29T00:00:00-03:00;29;3;2009;
2009-03-30;GM366_ERC366;2009-03-30T00:00:00-03:00;30;3;2009;2,3289
2009-03-31;GM366_ERC366;2009-03-31T00:00:00-03:00;31;3;2009;2,3144
2009-04-01;GM366_ERC366;2009-04-01T00:00:00-03:00;1;4;2009;2,2891
2009-04-02;GM366_ERC366;2009-04-02T00:00:00-03:00;2;4;2009;2,2347
2009-04-03;GM366_ERC366;2009-04-03T00:00:00-03:00;3;4;2009;2,2064
2009-04-04;GM366_ERC366;2009-04-04T00:00:00-03:00;4;4;2009;
2009-04-05;GM366_ERC366;2009-04-05T00:00:00-03:00;5;4;2009;
2009-04-06;GM366_ERC366;2009-04-06T00:00:00-03:00;6;4;2009;2,2244
2009-04-07;GM366_ERC366;2009-04-07T00:00:00-03:00;7;4;2009;2,2241
2009-04-08;GM366_ERC366;2009-04-08T00:00:00-03:00;8;4;2009;2,2006
2009-04-09;GM366_ERC366;2009-04-09T00:00:00-03:00;9;4;2009;2,1758
2009-04-10;GM366_ERC366;2009-04-10T00:00:00-03:00;10;4;2009;
2009-04-11;GM366_ERC366;2009-04-11T00:00:00-03:00;11;4;2009;
2009-04-12;GM366_ERC366;2009-04-12T00:00:00-03:00;12;4;2009;
2009-04-13;GM366_ERC366;2009-04-13T00:00:00-03:00;13;4;2009;2,1691
2009-04-14;GM366_ERC366;2009-04-14T00:00:00-03:00;14;4;2009;2,1868
2009-04-15;GM366_ERC366;2009-04-15T00:00:00-03:00;15;4;2009;2,1984
2009-04-16;GM366_ERC366;2009-04-16T00:00:00-03:00;16;4;2009;2,1783
2009-04-17;GM366_ERC366;2009-04-17T00:00:00-03:00;17;4;2009;2,1856
2009-04-18;GM366_ERC366;2009-04-18T00:00:00-03:00;18;4;2009;
2009-04-19;GM366_ERC366;2009-04-19T00:00:00-03:00;19;4;2009;
2009-04-20;GM366_ERC366;2009-04-20T00:00:00-03:00;20;4;2009;2,2342
2009-04-21;GM366_ERC366;2009-04-21T00:00:00-03:00;21;4;2009;
2009-04-22;GM366_ERC366;2009-04-22T00:00:00-03:00;22;4;2009;2,212
2009-04-23;GM366_ERC366;2009-04-23T00:00:00-03:00;23;4;2009;2,2099
2009-04-24;GM366_ERC366;2009-04-24T00:00:00-03:00;24;4;2009;2,1925
2009-04-25;GM366_ERC366;2009-04-25T00:00:00-03:00;25;4;2009;
2009-04-26;GM366_ERC366;2009-04-26T00:00:00-03:00;26;4;2009;
2009-04-27;GM366_ERC366;2009-04-27T00:00:00-03:00;27;4;2009;2,2157
2009-04-28;GM366_ERC366;2009-04-28T00:00:00-03:00;28;4;2009;2,2029
2009-04-29;GM366_ERC366;2009-04-29T00:00:00-03:00;29;4;2009;2,183
2009-04-30;GM366_ERC366;2009-04-30T00:00:00-03:00;30;4;2009;2,1775
2009-05-01;GM366_ERC366;2009-05-01T00:00:00-03:00;1;5;2009;
2009-05-02;GM366_ERC366;2009-05-02T00:00:00-03:00;2;5;2009;
2009-05-03;GM366_ERC366;2009-05-03T00:00:00-03:00;3;5;2009;
2009-05-04;GM366_ERC366;2009-05-04T00:00:00-03:00;4;5;2009;2,1361
2009-05-05;GM366_ERC366;2009-05-05T00:00:00-03:00;5;5;2009;2,1468
2009-05-06;GM366_ERC366;2009-05-06T00:00:00-03:00;6;5;2009;2,1205
2009-05-07;GM366_ERC366;2009-05-07T00:00:00-03:00;7;5;2009;2,0976
2009-05-08;GM366_ERC366;2009-05-08T00:00:00-03:00;8;5;2009;2,0742
2009-05-09;GM366_ERC366;2009-05-09T00:00:00-03:00;9;5;2009;
2009-05-10;GM366_ERC366;2009-05-10T00:00:00-03:00;10;5;2009;
2009-05-11;GM366_ERC366;2009-05-11T00:00:00-03:00;11;5;2009;2,0571
2009-05-12;GM366_ERC366;2009-05-12T00:00:00-03:00;12;5;2009;2,0641
2009-05-13;GM366_ERC366;2009-05-13T00:00:00-03:00;13;5;2009;2,0984
2009-05-14;GM366_ERC366;2009-05-14T00:00:00-03:00;14;5;2009;2,0921
2009-05-15;GM366_ERC366;2009-05-15T00:00:00-03:00;15;5;2009;2,0754
2009-05-16;GM366_ERC366;2009-05-16T00:00:00-03:00;16;5;2009;
2009-05-17;GM366_ERC366;2009-05-17T00:00:00-03:00;17;5;2009;
2009-05-18;GM366_ERC366;2009-05-18T00:00:00-03:00;18;5;2009;2,0776
2009-05-19;GM366_ERC366;2009-05-19T00:00:00-03:00;19;5;2009;2,048
2009-05-20;GM366_ERC366;2009-05-20T00:00:00-03:00;20;5;2009;2,0191
2009-05-21;GM366_ERC366;2009-05-21T00:00:00-03:00;21;5;2009;2,0256
2009-05-22;GM366_ERC366;2009-05-22T00:00:00-03:00;22;5;2009;2,0271
2009-05-23;GM366_ERC366;2009-05-23T00:00:00-03:00;23;5;2009;
2009-05-24;GM366_ERC366;2009-05-24T00:00:00-03:00;24;5;2009;
2009-05-25;GM366_ERC366;2009-05-25T00:00:00-03:00;25;5;2009;2,0226
2009-05-26;GM366_ERC366;2009-05-26T00:00:00-03:00;26;5;2009;2,0253
2009-05-27;GM366_ERC366;2009-05-27T00:00:00-03:00;27;5;2009;2,0087
2009-05-28;GM366_ERC366;2009-05-28T00:00:00-03:00;28;5;2009;2,0136
2009-05-29;GM366_ERC366;2009-05-29T00:00:00-03:00;29;5;2009;1,9722
2009-05-30;GM366_ERC366;2009-05-30T00:00:00-03:00;30;5;2009;
2009-05-31;GM366_ERC366;2009-05-31T00:00:00-03:00;31;5;2009;
2009-06-01;GM366_ERC366;2009-06-01T00:00:00-03:00;1;6;2009;1,9432
2009-06-02;GM366_ERC366;2009-06-02T00:00:00-03:00;2;6;2009;1,9362
2009-06-03;GM366_ERC366;2009-06-03T00:00:00-03:00;3;6;2009;1,9592
2009-06-04;GM366_ERC366;2009-06-04T00:00:00-03:00;4;6;2009;1,9489
2009-06-05;GM366_ERC366;2009-06-05T00:00:00-03:00;5;6;2009;1,9526
2009-06-06;GM366_ERC366;2009-06-06T00:00:00-03:00;6;6;2009;
2009-06-07;GM366_ERC366;2009-06-07T00:00:00-03:00;7;6;2009;
2009-06-08;GM366_ERC366;2009-06-08T00:00:00-03:00;8;6;2009;1,9696
2009-06-09;GM366_ERC366;2009-06-09T00:00:00-03:00;9;6;2009;1,9377
2009-06-10;GM366_ERC366;2009-06-10T00:00:00-03:00;10;6;2009;1,9466
2009-06-11;GM366_ERC366;2009-06-11T00:00:00-03:00;11;6;2009;
2009-06-12;GM366_ERC366;2009-06-12T00:00:00-03:00;12;6;2009;1,9293
2009-06-13;GM366_ERC366;2009-06-13T00:00:00-03:00;13;6;2009;
2009-06-14;GM366_ERC366;2009-06-14T00:00:00-03:00;14;6;2009;
2009-06-15;GM366_ERC366;2009-06-15T00:00:00-03:00;15;6;2009;1,945
2009-06-16;GM366_ERC366;2009-06-16T00:00:00-03:00;16;6;2009;1,9453
2009-06-17;GM366_ERC366;2009-06-17T00:00:00-03:00;17;6;2009;1,9776
2009-06-18;GM366_ERC366;2009-06-18T00:00:00-03:00;18;6;2009;1,9701
2009-06-19;GM366_ERC366;2009-06-19T00:00:00-03:00;19;6;2009;1,9584
2009-06-20;GM366_ERC366;2009-06-20T00:00:00-03:00;20;6;2009;
2009-06-21;GM366_ERC366;2009-06-21T00:00:00-03:00;21;6;2009;
2009-06-22;GM366_ERC366;2009-06-22T00:00:00-03:00;22;6;2009;2,0066
2009-06-23;GM366_ERC366;2009-06-23T00:00:00-03:00;23;6;2009;2,0011
2009-06-24;GM366_ERC366;2009-06-24T00:00:00-03:00;24;6;2009;1,9716
2009-06-25;GM366_ERC366;2009-06-25T00:00:00-03:00;25;6;2009;1,9554
2009-06-26;GM366_ERC366;2009-06-26T00:00:00-03:00;26;6;2009;1,9388
2009-06-27;GM366_ERC366;2009-06-27T00:00:00-03:00;27;6;2009;
2009-06-28;GM366_ERC366;2009-06-28T00:00:00-03:00;28;6;2009;
2009-06-29;GM366_ERC366;2009-06-29T00:00:00-03:00;29;6;2009;1,9479
2009-06-30;GM366_ERC366;2009-06-30T00:00:00-03:00;30;6;2009;1,9508
2009-07-01;GM366_ERC366;2009-07-01T00:00:00-03:00;1;7;2009;1,9334
2009-07-02;GM366_ERC366;2009-07-02T00:00:00-03:00;2;7;2009;1,9461
2009-07-03;GM366_ERC366;2009-07-03T00:00:00-03:00;3;7;2009;1,9466
2009-07-04;GM366_ERC366;2009-07-04T00:00:00-03:00;4;7;2009;
2009-07-05;GM366_ERC366;2009-07-05T00:00:00-03:00;5;7;2009;
2009-07-06;GM366_ERC366;2009-07-06T00:00:00-03:00;6;7;2009;1,9703
2009-07-07;GM366_ERC366;2009-07-07T00:00:00-03:00;7;7;2009;1,9633
2009-07-08;GM366_ERC366;2009-07-08T00:00:00-03:00;8;7;2009;1,9974
2009-07-09;GM366_ERC366;2009-07-09T00:00:00-03:00;9;7;2009;1,9913
2009-07-10;GM366_ERC366;2009-07-10T00:00:00-03:00;10;7;2009;2,0139
2009-07-11;GM366_ERC366;2009-07-11T00:00:00-03:00;11;7;2009;
2009-07-12;GM366_ERC366;2009-07-12T00:00:00-03:00;12;7;2009;
2009-07-13;GM366_ERC366;2009-07-13T00:00:00-03:00;13;7;2009;1,9887
2009-07-14;GM366_ERC366;2009-07-14T00:00:00-03:00;14;7;2009;1,9696
2009-07-15;GM366_ERC366;2009-07-15T00:00:00-03:00;15;7;2009;1,9412
2009-07-16;GM366_ERC366;2009-07-16T00:00:00-03:00;16;7;2009;1,9332
2009-07-17;GM366_ERC366;2009-07-17T00:00:00-03:00;17;7;2009;1,9282
2009-07-18;GM366_ERC366;2009-07-18T00:00:00-03:00;18;7;2009;
2009-07-19;GM366_ERC366;2009-07-19T00:00:00-03:00;19;7;2009;
2009-07-20;GM366_ERC366;2009-07-20T00:00:00-03:00;20;7;2009;1,906
2009-07-21;GM366_ERC366;2009-07-21T00:00:00-03:00;21;7;2009;1,9035
2009-07-22;GM366_ERC366;2009-07-22T00:00:00-03:00;22;7;2009;1,9021
2009-07-23;GM366_ERC366;2009-07-23T00:00:00-03:00;23;7;2009;1,8914
2009-07-24;GM366_ERC366;2009-07-24T00:00:00-03:00;24;7;2009;1,8952
2009-07-25;GM366_ERC366;2009-07-25T00:00:00-03:00;25;7;2009;
2009-07-26;GM366_ERC366;2009-07-26T00:00:00-03:00;26;7;2009;
2009-07-27;GM366_ERC366;2009-07-27T00:00:00-03:00;27;7;2009;1,8829
2009-07-28;GM366_ERC366;2009-07-28T00:00:00-03:00;28;7;2009;1,8811
2009-07-29;GM366_ERC366;2009-07-29T00:00:00-03:00;29;7;2009;1,8974
2009-07-30;GM366_ERC366;2009-07-30T00:00:00-03:00;30;7;2009;1,8803
2009-07-31;GM366_ERC366;2009-07-31T00:00:00-03:00;31;7;2009;1,8718
2009-08-01;GM366_ERC366;2009-08-01T00:00:00-03:00;1;8;2009;
2009-08-02;GM366_ERC366;2009-08-02T00:00:00-03:00;2;8;2009;
2009-08-03;GM366_ERC366;2009-08-03T00:00:00-03:00;3;8;2009;1,8361
2009-08-04;GM366_ERC366;2009-08-04T00:00:00-03:00;4;8;2009;1,8264
2009-08-05;GM366_ERC366;2009-08-05T00:00:00-03:00;5;8;2009;1,8173
2009-08-06;GM366_ERC366;2009-08-06T00:00:00-03:00;6;8;2009;1,834
2009-08-07;GM366_ERC366;2009-08-07T00:00:00-03:00;7;8;2009;1,8224
2009-08-08;GM366_ERC366;2009-08-08T00:00:00-03:00;8;8;2009;
2009-08-09;GM366_ERC366;2009-08-09T00:00:00-03:00;9;8;2009;
2009-08-10;GM366_ERC366;2009-08-10T00:00:00-03:00;10;8;2009;1,8404
2009-08-11;GM366_ERC366;2009-08-11T00:00:00-03:00;11;8;2009;1,8449
2009-08-12;GM366_ERC366;2009-08-12T00:00:00-03:00;12;8;2009;1,8378
2009-08-13;GM366_ERC366;2009-08-13T00:00:00-03:00;13;8;2009;1,8317
2009-08-14;GM366_ERC366;2009-08-14T00:00:00-03:00;14;8;2009;1,8377
2009-08-15;GM366_ERC366;2009-08-15T00:00:00-03:00;15;8;2009;
2009-08-16;GM366_ERC366;2009-08-16T00:00:00-03:00;16;8;2009;
2009-08-17;GM366_ERC366;2009-08-17T00:00:00-03:00;17;8;2009;1,8674
2009-08-18;GM366_ERC366;2009-08-18T00:00:00-03:00;18;8;2009;1,8566
2009-08-19;GM366_ERC366;2009-08-19T00:00:00-03:00;19;8;2009;1,8425
2009-08-20;GM366_ERC366;2009-08-20T00:00:00-03:00;20;8;2009;1,8426
2009-08-21;GM366_ERC366;2009-08-21T00:00:00-03:00;21;8;2009;1,8289
2009-08-22;GM366_ERC366;2009-08-22T00:00:00-03:00;22;8;2009;
2009-08-23;GM366_ERC366;2009-08-23T00:00:00-03:00;23;8;2009;
2009-08-24;GM366_ERC366;2009-08-24T00:00:00-03:00;24;8;2009;1,8331
2009-08-25;GM366_ERC366;2009-08-25T00:00:00-03:00;25;8;2009;1,8411
2009-08-26;GM366_ERC366;2009-08-26T00:00:00-03:00;26;8;2009;1,8662
2009-08-27;GM366_ERC366;2009-08-27T00:00:00-03:00;27;8;2009;1,8661
2009-08-28;GM366_ERC366;2009-08-28T00:00:00-03:00;28;8;2009;1,8732
2009-08-29;GM366_ERC366;2009-08-29T00:00:00-03:00;29;8;2009;
2009-08-30;GM366_ERC366;2009-08-30T00:00:00-03:00;30;8;2009;
2009-08-31;GM366_ERC366;2009-08-31T00:00:00-03:00;31;8;2009;1,8856
2009-09-01;GM366_ERC366;2009-09-01T00:00:00-03:00;1;9;2009;1,8821
2009-09-02;GM366_ERC366;2009-09-02T00:00:00-03:00;2;9;2009;1,903
2009-09-03;GM366_ERC366;2009-09-03T00:00:00-03:00;3;9;2009;1,8694
2009-09-04;GM366_ERC366;2009-09-04T00:00:00-03:00;4;9;2009;1,8493
2009-09-05;GM366_ERC366;2009-09-05T00:00:00-03:00;5;9;2009;
2009-09-06;GM366_ERC366;2009-09-06T00:00:00-03:00;6;9;2009;
2009-09-07;GM366_ERC366;2009-09-07T00:00:00-03:00;7;9;2009;
2009-09-08;GM366_ERC366;2009-09-08T00:00:00-03:00;8;9;2009;1,8246
2009-09-09;GM366_ERC366;2009-09-09T00:00:00-03:00;9;9;2009;1,8272
2009-09-10;GM366_ERC366;2009-09-10T00:00:00-03:00;10;9;2009;1,8253
2009-09-11;GM366_ERC366;2009-09-11T00:00:00-03:00;11;9;2009;1,8171
2009-09-12;GM366_ERC366;2009-09-12T00:00:00-03:00;12;9;2009;
2009-09-13;GM366_ERC366;2009-09-13T00:00:00-03:00;13;9;2009;
2009-09-14;GM366_ERC366;2009-09-14T00:00:00-03:00;14;9;2009;1,8189
2009-09-15;GM366_ERC366;2009-09-15T00:00:00-03:00;15;9;2009;1,8079
2009-09-16;GM366_ERC366;2009-09-16T00:00:00-03:00;16;9;2009;1,7976
2009-09-17;GM366_ERC366;2009-09-17T00:00:00-03:00;17;9;2009;1,8086
2009-09-18;GM366_ERC366;2009-09-18T00:00:00-03:00;18;9;2009;1,8041
2009-09-19;GM366_ERC366;2009-09-19T00:00:00-03:00;19;9;2009;
2009-09-20;GM366_ERC366;2009-09-20T00:00:00-03:00;20;9;2009;
2009-09-21;GM366_ERC366;2009-09-21T00:00:00-03:00;21;9;2009;1,8164
2009-09-22;GM366_ERC366;2009-09-22T00:00:00-03:00;22;9;2009;1,8053
2009-09-23;GM366_ERC366;2009-09-23T00:00:00-03:00;23;9;2009;1,7908
2009-09-24;GM366_ERC366;2009-09-24T00:00:00-03:00;24;9;2009;1,7909
2009-09-25;GM366_ERC366;2009-09-25T00:00:00-03:00;25;9;2009;1,8009
2009-09-26;GM366_ERC366;2009-09-26T00:00:00-03:00;26;9;2009;
2009-09-27;GM366_ERC366;2009-09-27T00:00:00-03:00;27;9;2009;
2009-09-28;GM366_ERC366;2009-09-28T00:00:00-03:00;28;9;2009;1,7902
2009-09-29;GM366_ERC366;2009-09-29T00:00:00-03:00;29;9;2009;1,792
2009-09-30;GM366_ERC366;2009-09-30T00:00:00-03:00;30;9;2009;1,7773
2009-10-01;GM366_ERC366;2009-10-01T00:00:00-03:00;1;10;2009;1,7786
2009-10-02;GM366_ERC366;2009-10-02T00:00:00-03:00;2;10;2009;1,7836
2009-10-03;GM366_ERC366;2009-10-03T00:00:00-03:00;3;10;2009;
2009-10-04;GM366_ERC366;2009-10-04T00:00:00-03:00;4;10;2009;
2009-10-05;GM366_ERC366;2009-10-05T00:00:00-03:00;5;10;2009;1,7665
2009-10-06;GM366_ERC366;2009-10-06T00:00:00-03:00;6;10;2009;1,7525
2009-10-07;GM366_ERC366;2009-10-07T00:00:00-03:00;7;10;2009;1,7587
2009-10-08;GM366_ERC366;2009-10-08T00:00:00-03:00;8;10;2009;1,7404
2009-10-09;GM366_ERC366;2009-10-09T00:00:00-03:00;9;10;2009;1,7381
2009-10-10;GM366_ERC366;2009-10-10T00:00:00-03:00;10;10;2009;
2009-10-11;GM366_ERC366;2009-10-11T00:00:00-03:00;11;10;2009;
2009-10-12;GM366_ERC366;2009-10-12T00:00:00-03:00;12;10;2009;
2009-10-13;GM366_ERC366;2009-10-13T00:00:00-03:00;13;10;2009;1,729
2009-10-14;GM366_ERC366;2009-10-14T00:00:00-03:00;14;10;2009;1,7091
2009-10-15;GM366_ERC366;2009-10-15T00:00:00-03:00;15;10;2009;1,7029
2009-10-16;GM366_ERC366;2009-10-16T00:00:00-03:00;16;10;2009;1,7127
2009-10-17;GM366_ERC366;2009-10-17T00:00:00-03:00;17;10;2009;
2009-10-18;GM366_ERC366;2009-10-18T00:00:00-03:00;18;10;2009;
2009-10-19;GM366_ERC366;2009-10-19T00:00:00-02:00;19;10;2009;1,7122
2009-10-20;GM366_ERC366;2009-10-20T00:00:00-02:00;20;10;2009;1,7442
2009-10-21;GM366_ERC366;2009-10-21T00:00:00-02:00;21;10;2009;1,7432
2009-10-22;GM366_ERC366;2009-10-22T00:00:00-02:00;22;10;2009;1,7296
2009-10-23;GM366_ERC366;2009-10-23T00:00:00-02:00;23;10;2009;1,7105
2009-10-24;GM366_ERC366;2009-10-24T00:00:00-02:00;24;10;2009;
2009-10-25;GM366_ERC366;2009-10-25T00:00:00-02:00;25;10;2009;
2009-10-26;GM366_ERC366;2009-10-26T00:00:00-02:00;26;10;2009;1,7149
2009-10-27;GM366_ERC366;2009-10-27T00:00:00-02:00;27;10;2009;1,7334
2009-10-28;GM366_ERC366;2009-10-28T00:00:00-02:00;28;10;2009;1,7439
2009-10-29;GM366_ERC366;2009-10-29T00:00:00-02:00;29;10;2009;1,7428
2009-10-30;GM366_ERC366;2009-10-30T00:00:00-02:00;30;10;2009;1,7432
2009-10-31;GM366_ERC366;2009-10-31T00:00:00-02:00;31;10;2009;
2009-11-01;GM366_ERC366;2009-11-01T00:00:00-02:00;1;11;2009;
2009-11-02;GM366_ERC366;2009-11-02T00:00:00-02:00;2;11;2009;
2009-11-03;GM366_ERC366;2009-11-03T00:00:00-02:00;3;11;2009;1,758
2009-11-04;GM366_ERC366;2009-11-04T00:00:00-02:00;4;11;2009;1,7263
2009-11-05;GM366_ERC366;2009-11-05T00:00:00-02:00;5;11;2009;1,7232
2009-11-06;GM366_ERC366;2009-11-06T00:00:00-02:00;6;11;2009;1,7171
2009-11-07;GM366_ERC366;2009-11-07T00:00:00-02:00;7;11;2009;
2009-11-08;GM366_ERC366;2009-11-08T00:00:00-02:00;8;11;2009;
2009-11-09;GM366_ERC366;2009-11-09T00:00:00-02:00;9;11;2009;1,7016
2009-11-10;GM366_ERC366;2009-11-10T00:00:00-02:00;10;11;2009;1,7088
2009-11-11;GM366_ERC366;2009-11-11T00:00:00-02:00;11;11;2009;1,7104
2009-11-12;GM366_ERC366;2009-11-12T00:00:00-02:00;12;11;2009;1,7242
2009-11-13;GM366_ERC366;2009-11-13T00:00:00-02:00;13;11;2009;1,7282
2009-11-14;GM366_ERC366;2009-11-14T00:00:00-02:00;14;11;2009;
2009-11-15;GM366_ERC366;2009-11-15T00:00:00-02:00;15;11;2009;
2009-11-16;GM366_ERC366;2009-11-16T00:00:00-02:00;16;11;2009;1,7119
2009-11-17;GM366_ERC366;2009-11-17T00:00:00-02:00;17;11;2009;1,7145
2009-11-18;GM366_ERC366;2009-11-18T00:00:00-02:00;18;11;2009;1,7095
2009-11-19;GM366_ERC366;2009-11-19T00:00:00-02:00;19;11;2009;1,7279
2009-11-20;GM366_ERC366;2009-11-20T00:00:00-02:00;20;11;2009;1,7348
2009-11-21;GM366_ERC366;2009-11-21T00:00:00-02:00;21;11;2009;
2009-11-22;GM366_ERC366;2009-11-22T00:00:00-02:00;22;11;2009;
2009-11-23;GM366_ERC366;2009-11-23T00:00:00-02:00;23;11;2009;1,7237
2009-11-24;GM366_ERC366;2009-11-24T00:00:00-02:00;24;11;2009;1,7274
2009-11-25;GM366_ERC366;2009-11-25T00:00:00-02:00;25;11;2009;1,7264
2009-11-26;GM366_ERC366;2009-11-26T00:00:00-02:00;26;11;2009;1,7401
2009-11-27;GM366_ERC366;2009-11-27T00:00:00-02:00;27;11;2009;1,7435
2009-11-28;GM366_ERC366;2009-11-28T00:00:00-02:00;28;11;2009;
2009-11-29;GM366_ERC366;2009-11-29T00:00:00-02:00;29;11;2009;
2009-11-30;GM366_ERC366;2009-11-30T00:00:00-02:00;30;11;2009;1,7497
2009-12-01;GM366_ERC366;2009-12-01T00:00:00-02:00;1;12;2009;1,7285
2009-12-02;GM366_ERC366;2009-12-02T00:00:00-02:00;2;12;2009;1,7193
2009-12-03;GM366_ERC366;2009-12-03T00:00:00-02:00;3;12;2009;1,7088
2009-12-04;GM366_ERC366;2009-12-04T00:00:00-02:00;4;12;2009;1,7123
2009-12-05;GM366_ERC366;2009-12-05T00:00:00-02:00;5;12;2009;
2009-12-06;GM366_ERC366;2009-12-06T00:00:00-02:00;6;12;2009;
2009-12-07;GM366_ERC366;2009-12-07T00:00:00-02:00;7;12;2009;1,7294
2009-12-08;GM366_ERC366;2009-12-08T00:00:00-02:00;8;12;2009;1,7474
2009-12-09;GM366_ERC366;2009-12-09T00:00:00-02:00;9;12;2009;1,7603
2009-12-10;GM366_ERC366;2009-12-10T00:00:00-02:00;10;12;2009;1,7619
2009-12-11;GM366_ERC366;2009-12-11T00:00:00-02:00;11;12;2009;1,7513
2009-12-12;GM366_ERC366;2009-12-12T00:00:00-02:00;12;12;2009;
2009-12-13;GM366_ERC366;2009-12-13T00:00:00-02:00;13;12;2009;
2009-12-14;GM366_ERC366;2009-12-14T00:00:00-02:00;14;12;2009;1,7475
2009-12-15;GM366_ERC366;2009-12-15T00:00:00-02:00;15;12;2009;1,7549
2009-12-16;GM366_ERC366;2009-12-16T00:00:00-02:00;16;12;2009;1,751
2009-12-17;GM366_ERC366;2009-12-17T00:00:00-02:00;17;12;2009;1,7815
2009-12-18;GM366_ERC366;2009-12-18T00:00:00-02:00;18;12;2009;1,7871
2009-12-19;GM366_ERC366;2009-12-19T00:00:00-02:00;19;12;2009;
2009-12-20;GM366_ERC366;2009-12-20T00:00:00-02:00;20;12;2009;
2009-12-21;GM366_ERC366;2009-12-21T00:00:00-02:00;21;12;2009;1,7779
2009-12-22;GM366_ERC366;2009-12-22T00:00:00-02:00;22;12;2009;1,7817
2009-12-23;GM366_ERC366;2009-12-23T00:00:00-02:00;23;12;2009;1,7755
2009-12-24;GM366_ERC366;2009-12-24T00:00:00-02:00;24;12;2009;1,7519
2009-12-25;GM366_ERC366;2009-12-25T00:00:00-02:00;25;12;2009;
2009-12-26;GM366_ERC366;2009-12-26T00:00:00-02:00;26;12;2009;
2009-12-27;GM366_ERC366;2009-12-27T00:00:00-02:00;27;12;2009;
2009-12-28;GM366_ERC366;2009-12-28T00:00:00-02:00;28;12;2009;1,739
2009-12-29;GM366_ERC366;2009-12-29T00:00:00-02:00;29;12;2009;1,7413
2009-12-30;GM366_ERC366;2009-12-30T00:00:00-02:00;30;12;2009;1,7404
2009-12-31;GM366_ERC366;2009-12-31T00:00:00-02:00;31;12;2009;1,7404
2010-01-01;GM366_ERC366;2010-01-01T00:00:00-02:00;1;1;2010;
2010-01-02;GM366_ERC366;2010-01-02T00:00:00-02:00;2;1;2010;
2010-01-03;GM366_ERC366;2010-01-03T00:00:00-02:00;3;1;2010;
2010-01-04;GM366_ERC366;2010-01-04T00:00:00-02:00;4;1;2010;1,7232
2010-01-05;GM366_ERC366;2010-01-05T00:00:00-02:00;5;1;2010;1,7219
2010-01-06;GM366_ERC366;2010-01-06T00:00:00-02:00;6;1;2010;1,7329
2010-01-07;GM366_ERC366;2010-01-07T00:00:00-02:00;7;1;2010;1,7405
2010-01-08;GM366_ERC366;2010-01-08T00:00:00-02:00;8;1;2010;1,7382
2010-01-09;GM366_ERC366;2010-01-09T00:00:00-02:00;9;1;2010;
2010-01-10;GM366_ERC366;2010-01-10T00:00:00-02:00;10;1;2010;
2010-01-11;GM366_ERC366;2010-01-11T00:00:00-02:00;11;1;2010;1,7315
2010-01-12;GM366_ERC366;2010-01-12T00:00:00-02:00;12;1;2010;1,7431
2010-01-13;GM366_ERC366;2010-01-13T00:00:00-02:00;13;1;2010;1,7434
2010-01-14;GM366_ERC366;2010-01-14T00:00:00-02:00;14;1;2010;1,764
2010-01-15;GM366_ERC366;2010-01-15T00:00:00-02:00;15;1;2010;1,7703
2010-01-16;GM366_ERC366;2010-01-16T00:00:00-02:00;16;1;2010;
2010-01-17;GM366_ERC366;2010-01-17T00:00:00-02:00;17;1;2010;
2010-01-18;GM366_ERC366;2010-01-18T00:00:00-02:00;18;1;2010;1,7713
2010-01-19;GM366_ERC366;2010-01-19T00:00:00-02:00;19;1;2010;1,7739
2010-01-20;GM366_ERC366;2010-01-20T00:00:00-02:00;20;1;2010;1,7846
2010-01-21;GM366_ERC366;2010-01-21T00:00:00-02:00;21;1;2010;1,7895
2010-01-22;GM366_ERC366;2010-01-22T00:00:00-02:00;22;1;2010;1,8179
2010-01-23;GM366_ERC366;2010-01-23T00:00:00-02:00;23;1;2010;
2010-01-24;GM366_ERC366;2010-01-24T00:00:00-02:00;24;1;2010;
2010-01-25;GM366_ERC366;2010-01-25T00:00:00-02:00;25;1;2010;1,8186
2010-01-26;GM366_ERC366;2010-01-26T00:00:00-02:00;26;1;2010;1,8359
2010-01-27;GM366_ERC366;2010-01-27T00:00:00-02:00;27;1;2010;1,8505
2010-01-28;GM366_ERC366;2010-01-28T00:00:00-02:00;28;1;2010;1,8552
2010-01-29;GM366_ERC366;2010-01-29T00:00:00-02:00;29;1;2010;1,874
2010-01-30;GM366_ERC366;2010-01-30T00:00:00-02:00;30;1;2010;
2010-01-31;GM366_ERC366;2010-01-31T00:00:00-02:00;31;1;2010;
2010-02-01;GM366_ERC366;2010-02-01T00:00:00-02:00;1;2;2010;1,8765
2010-02-02;GM366_ERC366;2010-02-02T00:00:00-02:00;2;2;2010;1,8355
2010-02-03;GM366_ERC366;2010-02-03T00:00:00-02:00;3;2;2010;1,8329
2010-02-04;GM366_ERC366;2010-02-04T00:00:00-02:00;4;2;2010;1,8707
2010-02-05;GM366_ERC366;2010-02-05T00:00:00-02:00;5;2;2010;1,8745
2010-02-06;GM366_ERC366;2010-02-06T00:00:00-02:00;6;2;2010;
2010-02-07;GM366_ERC366;2010-02-07T00:00:00-02:00;7;2;2010;
2010-02-08;GM366_ERC366;2010-02-08T00:00:00-02:00;8;2;2010;1,8722
2010-02-09;GM366_ERC366;2010-02-09T00:00:00-02:00;9;2;2010;1,8542
2010-02-10;GM366_ERC366;2010-02-10T00:00:00-02:00;10;2;2010;1,8475
2010-02-11;GM366_ERC366;2010-02-11T00:00:00-02:00;11;2;2010;1,8508
2010-02-12;GM366_ERC366;2010-02-12T00:00:00-02:00;12;2;2010;1,8662
2010-02-13;GM366_ERC366;2010-02-13T00:00:00-02:00;13;2;2010;
2010-02-14;GM366_ERC366;2010-02-14T00:00:00-02:00;14;2;2010;
2010-02-15;GM366_ERC366;2010-02-15T00:00:00-02:00;15;2;2010;
2010-02-16;GM366_ERC366;2010-02-16T00:00:00-02:00;16;2;2010;
2010-02-17;GM366_ERC366;2010-02-17T00:00:00-02:00;17;2;2010;1,8305
2010-02-18;GM366_ERC366;2010-02-18T00:00:00-02:00;18;2;2010;1,8258
2010-02-19;GM366_ERC366;2010-02-19T00:00:00-02:00;19;2;2010;1,8108
2010-02-20;GM366_ERC366;2010-02-20T00:00:00-02:00;20;2;2010;
2010-02-21;GM366_ERC366;2010-02-21T00:00:00-03:00;21;2;2010;
2010-02-22;GM366_ERC366;2010-02-22T00:00:00-03:00;22;2;2010;1,8038
2010-02-23;GM366_ERC366;2010-02-23T00:00:00-03:00;23;2;2010;1,8178
2010-02-24;GM366_ERC366;2010-02-24T00:00:00-03:00;24;2;2010;1,8195
2010-02-25;GM366_ERC366;2010-02-25T00:00:00-03:00;25;2;2010;1,8356
2010-02-26;GM366_ERC366;2010-02-26T00:00:00-03:00;26;2;2010;1,8102
2010-02-27;GM366_ERC366;2010-02-27T00:00:00-03:00;27;2;2010;
2010-02-28;GM366_ERC366;2010-02-28T00:00:00-03:00;28;2;2010;
2010-03-01;GM366_ERC366;2010-03-01T00:00:00-03:00;1;3;2010;1,7992
2010-03-02;GM366_ERC366;2010-03-02T00:00:00-03:00;2;3;2010;1,7843
2010-03-03;GM366_ERC366;2010-03-03T00:00:00-03:00;3;3;2010;1,7838
2010-03-04;GM366_ERC366;2010-03-04T00:00:00-03:00;4;3;2010;1,788
2010-03-05;GM366_ERC366;2010-03-05T00:00:00-03:00;5;3;2010;1,7816
2010-03-06;GM366_ERC366;2010-03-06T00:00:00-03:00;6;3;2010;
2010-03-07;GM366_ERC366;2010-03-07T00:00:00-03:00;7;3;2010;
2010-03-08;GM366_ERC366;2010-03-08T00:00:00-03:00;8;3;2010;1,7818
2010-03-09;GM366_ERC366;2010-03-09T00:00:00-03:00;9;3;2010;1,7891
2010-03-10;GM366_ERC366;2010-03-10T00:00:00-03:00;10;3;2010;1,7708
2010-03-11;GM366_ERC366;2010-03-11T00:00:00-03:00;11;3;2010;1,7685
2010-03-12;GM366_ERC366;2010-03-12T00:00:00-03:00;12;3;2010;1,7629
2010-03-13;GM366_ERC366;2010-03-13T00:00:00-03:00;13;3;2010;
2010-03-14;GM366_ERC366;2010-03-14T00:00:00-03:00;14;3;2010;
2010-03-15;GM366_ERC366;2010-03-15T00:00:00-03:00;15;3;2010;1,7636
2010-03-16;GM366_ERC366;2010-03-16T00:00:00-03:00;16;3;2010;1,7658
2010-03-17;GM366_ERC366;2010-03-17T00:00:00-03:00;17;3;2010;1,7632
2010-03-18;GM366_ERC366;2010-03-18T00:00:00-03:00;18;3;2010;1,784
2010-03-19;GM366_ERC366;2010-03-19T00:00:00-03:00;19;3;2010;1,7946
2010-03-20;GM366_ERC366;2010-03-20T00:00:00-03:00;20;3;2010;
2010-03-21;GM366_ERC366;2010-03-21T00:00:00-03:00;21;3;2010;
2010-03-22;GM366_ERC366;2010-03-22T00:00:00-03:00;22;3;2010;1,8022
2010-03-23;GM366_ERC366;2010-03-23T00:00:00-03:00;23;3;2010;1,7805
2010-03-24;GM366_ERC366;2010-03-24T00:00:00-03:00;24;3;2010;1,7896
2010-03-25;GM366_ERC366;2010-03-25T00:00:00-03:00;25;3;2010;1,8
2010-03-26;GM366_ERC366;2010-03-26T00:00:00-03:00;26;3;2010;1,8223
2010-03-27;GM366_ERC366;2010-03-27T00:00:00-03:00;27;3;2010;
2010-03-28;GM366_ERC366;2010-03-28T00:00:00-03:00;28;3;2010;
2010-03-29;GM366_ERC366;2010-03-29T00:00:00-03:00;29;3;2010;1,8056
2010-03-30;GM366_ERC366;2010-03-30T00:00:00-03:00;30;3;2010;1,7944
2010-03-31;GM366_ERC366;2010-03-31T00:00:00-03:00;31;3;2010;1,7802
2010-04-01;GM366_ERC366;2010-04-01T00:00:00-03:00;1;4;2010;1,7693
2010-04-02;GM366_ERC366;2010-04-02T00:00:00-03:00;2;4;2010;
2010-04-03;GM366_ERC366;2010-04-03T00:00:00-03:00;3;4;2010;
2010-04-04;GM366_ERC366;2010-04-04T00:00:00-03:00;4;4;2010;
2010-04-05;GM366_ERC366;2010-04-05T00:00:00-03:00;5;4;2010;1,7565
2010-04-06;GM366_ERC366;2010-04-06T00:00:00-03:00;6;4;2010;1,7597
2010-04-07;GM366_ERC366;2010-04-07T00:00:00-03:00;7;4;2010;1,7654
2010-04-08;GM366_ERC366;2010-04-08T00:00:00-03:00;8;4;2010;1,7798
2010-04-09;GM366_ERC366;2010-04-09T00:00:00-03:00;9;4;2010;1,7722
2010-04-10;GM366_ERC366;2010-04-10T00:00:00-03:00;10;4;2010;
2010-04-11;GM366_ERC366;2010-04-11T00:00:00-03:00;11;4;2010;
2010-04-12;GM366_ERC366;2010-04-12T00:00:00-03:00;12;4;2010;1,76
2010-04-13;GM366_ERC366;2010-04-13T00:00:00-03:00;13;4;2010;1,7576
2010-04-14;GM366_ERC366;2010-04-14T00:00:00-03:00;14;4;2010;1,7438
2010-04-15;GM366_ERC366;2010-04-15T00:00:00-03:00;15;4;2010;1,7475
2010-04-16;GM366_ERC366;2010-04-16T00:00:00-03:00;16;4;2010;1,755
2010-04-17;GM366_ERC366;2010-04-17T00:00:00-03:00;17;4;2010;
2010-04-18;GM366_ERC366;2010-04-18T00:00:00-03:00;18;4;2010;
2010-04-19;GM366_ERC366;2010-04-19T00:00:00-03:00;19;4;2010;1,758
2010-04-20;GM366_ERC366;2010-04-20T00:00:00-03:00;20;4;2010;1,7489
2010-04-21;GM366_ERC366;2010-04-21T00:00:00-03:00;21;4;2010;
2010-04-22;GM366_ERC366;2010-04-22T00:00:00-03:00;22;4;2010;1,7618
2010-04-23;GM366_ERC366;2010-04-23T00:00:00-03:00;23;4;2010;1,7616
2010-04-24;GM366_ERC366;2010-04-24T00:00:00-03:00;24;4;2010;
2010-04-25;GM366_ERC366;2010-04-25T00:00:00-03:00;25;4;2010;
2010-04-26;GM366_ERC366;2010-04-26T00:00:00-03:00;26;4;2010;1,7438
2010-04-27;GM366_ERC366;2010-04-27T00:00:00-03:00;27;4;2010;1,7584
2010-04-28;GM366_ERC366;2010-04-28T00:00:00-03:00;28;4;2010;1,755
2010-04-29;GM366_ERC366;2010-04-29T00:00:00-03:00;29;4;2010;1,7313
2010-04-30;GM366_ERC366;2010-04-30T00:00:00-03:00;30;4;2010;1,7298
2010-05-01;GM366_ERC366;2010-05-01T00:00:00-03:00;1;5;2010;
2010-05-02;GM366_ERC366;2010-05-02T00:00:00-03:00;2;5;2010;
2010-05-03;GM366_ERC366;2010-05-03T00:00:00-03:00;3;5;2010;1,7307
2010-05-04;GM366_ERC366;2010-05-04T00:00:00-03:00;4;5;2010;1,7549
2010-05-05;GM366_ERC366;2010-05-05T00:00:00-03:00;5;5;2010;1,7854
2010-05-06;GM366_ERC366;2010-05-06T00:00:00-03:00;6;5;2010;1,8345
2010-05-07;GM366_ERC366;2010-05-07T00:00:00-03:00;7;5;2010;1,8335
2010-05-08;GM366_ERC366;2010-05-08T00:00:00-03:00;8;5;2010;
2010-05-09;GM366_ERC366;2010-05-09T00:00:00-03:00;9;5;2010;
2010-05-10;GM366_ERC366;2010-05-10T00:00:00-03:00;10;5;2010;1,7825
2010-05-11;GM366_ERC366;2010-05-11T00:00:00-03:00;11;5;2010;1,7835
2010-05-12;GM366_ERC366;2010-05-12T00:00:00-03:00;12;5;2010;1,7715
2010-05-13;GM366_ERC366;2010-05-13T00:00:00-03:00;13;5;2010;1,7729
2010-05-14;GM366_ERC366;2010-05-14T00:00:00-03:00;14;5;2010;1,7959
2010-05-15;GM366_ERC366;2010-05-15T00:00:00-03:00;15;5;2010;
2010-05-16;GM366_ERC366;2010-05-16T00:00:00-03:00;16;5;2010;
2010-05-17;GM366_ERC366;2010-05-17T00:00:00-03:00;17;5;2010;1,8037
2010-05-18;GM366_ERC366;2010-05-18T00:00:00-03:00;18;5;2010;1,7913
2010-05-19;GM366_ERC366;2010-05-19T00:00:00-03:00;19;5;2010;1,8358
2010-05-20;GM366_ERC366;2010-05-20T00:00:00-03:00;20;5;2010;1,8669
2010-05-21;GM366_ERC366;2010-05-21T00:00:00-03:00;21;5;2010;1,8702
2010-05-22;GM366_ERC366;2010-05-22T00:00:00-03:00;22;5;2010;
2010-05-23;GM366_ERC366;2010-05-23T00:00:00-03:00;23;5;2010;
2010-05-24;GM366_ERC366;2010-05-24T00:00:00-03:00;24;5;2010;1,8514
2010-05-25;GM366_ERC366;2010-05-25T00:00:00-03:00;25;5;2010;1,8803
2010-05-26;GM366_ERC366;2010-05-26T00:00:00-03:00;26;5;2010;1,8453
2010-05-27;GM366_ERC366;2010-05-27T00:00:00-03:00;27;5;2010;1,832
2010-05-28;GM366_ERC366;2010-05-28T00:00:00-03:00;28;5;2010;1,8221
2010-05-29;GM366_ERC366;2010-05-29T00:00:00-03:00;29;5;2010;
2010-05-30;GM366_ERC366;2010-05-30T00:00:00-03:00;30;5;2010;
2010-05-31;GM366_ERC366;2010-05-31T00:00:00-03:00;31;5;2010;1,8159
2010-06-01;GM366_ERC366;2010-06-01T00:00:00-03:00;1;6;2010;1,8247
2010-06-02;GM366_ERC366;2010-06-02T00:00:00-03:00;2;6;2010;1,8354
2010-06-03;GM366_ERC366;2010-06-03T00:00:00-03:00;3;6;2010;
2010-06-04;GM366_ERC366;2010-06-04T00:00:00-03:00;4;6;2010;1,8393
2010-06-05;GM366_ERC366;2010-06-05T00:00:00-03:00;5;6;2010;
2010-06-06;GM366_ERC366;2010-06-06T00:00:00-03:00;6;6;2010;
2010-06-07;GM366_ERC366;2010-06-07T00:00:00-03:00;7;6;2010;1,8626
2010-06-08;GM366_ERC366;2010-06-08T00:00:00-03:00;8;6;2010;1,865
2010-06-09;GM366_ERC366;2010-06-09T00:00:00-03:00;9;6;2010;1,8415
2010-06-10;GM366_ERC366;2010-06-10T00:00:00-03:00;10;6;2010;1,8177
2010-06-11;GM366_ERC366;2010-06-11T00:00:00-03:00;11;6;2010;1,8117
2010-06-12;GM366_ERC366;2010-06-12T00:00:00-03:00;12;6;2010;
2010-06-13;GM366_ERC366;2010-06-13T00:00:00-03:00;13;6;2010;
2010-06-14;GM366_ERC366;2010-06-14T00:00:00-03:00;14;6;2010;1,8022
2010-06-15;GM366_ERC366;2010-06-15T00:00:00-03:00;15;6;2010;1,7963
2010-06-16;GM366_ERC366;2010-06-16T00:00:00-03:00;16;6;2010;1,7885
2010-06-17;GM366_ERC366;2010-06-17T00:00:00-03:00;17;6;2010;1,7809
2010-06-18;GM366_ERC366;2010-06-18T00:00:00-03:00;18;6;2010;1,7753
2010-06-19;GM366_ERC366;2010-06-19T00:00:00-03:00;19;6;2010;
2010-06-20;GM366_ERC366;2010-06-20T00:00:00-03:00;20;6;2010;
2010-06-21;GM366_ERC366;2010-06-21T00:00:00-03:00;21;6;2010;1,7655
2010-06-22;GM366_ERC366;2010-06-22T00:00:00-03:00;22;6;2010;1,7672
2010-06-23;GM366_ERC366;2010-06-23T00:00:00-03:00;23;6;2010;1,79
2010-06-24;GM366_ERC366;2010-06-24T00:00:00-03:00;24;6;2010;1,7899
2010-06-25;GM366_ERC366;2010-06-25T00:00:00-03:00;25;6;2010;1,7773
2010-06-26;GM366_ERC366;2010-06-26T00:00:00-03:00;26;6;2010;
2010-06-27;GM366_ERC366;2010-06-27T00:00:00-03:00;27;6;2010;
2010-06-28;GM366_ERC366;2010-06-28T00:00:00-03:00;28;6;2010;1,7818
2010-06-29;GM366_ERC366;2010-06-29T00:00:00-03:00;29;6;2010;1,8068
2010-06-30;GM366_ERC366;2010-06-30T00:00:00-03:00;30;6;2010;1,8007
2010-07-01;GM366_ERC366;2010-07-01T00:00:00-03:00;1;7;2010;1,7998
2010-07-02;GM366_ERC366;2010-07-02T00:00:00-03:00;2;7;2010;1,7777
2010-07-03;GM366_ERC366;2010-07-03T00:00:00-03:00;3;7;2010;
2010-07-04;GM366_ERC366;2010-07-04T00:00:00-03:00;4;7;2010;
2010-07-05;GM366_ERC366;2010-07-05T00:00:00-03:00;5;7;2010;1,7747
2010-07-06;GM366_ERC366;2010-07-06T00:00:00-03:00;6;7;2010;1,7657
2010-07-07;GM366_ERC366;2010-07-07T00:00:00-03:00;7;7;2010;1,7711
2010-07-08;GM366_ERC366;2010-07-08T00:00:00-03:00;8;7;2010;1,7644
2010-07-09;GM366_ERC366;2010-07-09T00:00:00-03:00;9;7;2010;1,7564
2010-07-10;GM366_ERC366;2010-07-10T00:00:00-03:00;10;7;2010;
2010-07-11;GM366_ERC366;2010-07-11T00:00:00-03:00;11;7;2010;
2010-07-12;GM366_ERC366;2010-07-12T00:00:00-03:00;12;7;2010;1,7636
2010-07-13;GM366_ERC366;2010-07-13T00:00:00-03:00;13;7;2010;1,7517
2010-07-14;GM366_ERC366;2010-07-14T00:00:00-03:00;14;7;2010;1,7649
2010-07-15;GM366_ERC366;2010-07-15T00:00:00-03:00;15;7;2010;1,7682
2010-07-16;GM366_ERC366;2010-07-16T00:00:00-03:00;16;7;2010;1,7784
2010-07-17;GM366_ERC366;2010-07-17T00:00:00-03:00;17;7;2010;
2010-07-18;GM366_ERC366;2010-07-18T00:00:00-03:00;18;7;2010;
2010-07-19;GM366_ERC366;2010-07-19T00:00:00-03:00;19;7;2010;1,7846
2010-07-20;GM366_ERC366;2010-07-20T00:00:00-03:00;20;7;2010;1,7792
2010-07-21;GM366_ERC366;2010-07-21T00:00:00-03:00;21;7;2010;1,7758
2010-07-22;GM366_ERC366;2010-07-22T00:00:00-03:00;22;7;2010;1,7621
2010-07-23;GM366_ERC366;2010-07-23T00:00:00-03:00;23;7;2010;1,7609
2010-07-24;GM366_ERC366;2010-07-24T00:00:00-03:00;24;7;2010;
2010-07-25;GM366_ERC366;2010-07-25T00:00:00-03:00;25;7;2010;
2010-07-26;GM366_ERC366;2010-07-26T00:00:00-03:00;26;7;2010;1,7661
2010-07-27;GM366_ERC366;2010-07-27T00:00:00-03:00;27;7;2010;1,765
2010-07-28;GM366_ERC366;2010-07-28T00:00:00-03:00;28;7;2010;1,7642
2010-07-29;GM366_ERC366;2010-07-29T00:00:00-03:00;29;7;2010;1,7635
2010-07-30;GM366_ERC366;2010-07-30T00:00:00-03:00;30;7;2010;1,7564
2010-07-31;GM366_ERC366;2010-07-31T00:00:00-03:00;31;7;2010;
2010-08-01;GM366_ERC366;2010-08-01T00:00:00-03:00;1;8;2010;
2010-08-02;GM366_ERC366;2010-08-02T00:00:00-03:00;2;8;2010;1,7481
2010-08-03;GM366_ERC366;2010-08-03T00:00:00-03:00;3;8;2010;1,7586
2010-08-04;GM366_ERC366;2010-08-04T00:00:00-03:00;4;8;2010;1,7555
2010-08-05;GM366_ERC366;2010-08-05T00:00:00-03:00;5;8;2010;1,7527
2010-08-06;GM366_ERC366;2010-08-06T00:00:00-03:00;6;8;2010;1,7558
2010-08-07;GM366_ERC366;2010-08-07T00:00:00-03:00;7;8;2010;
2010-08-08;GM366_ERC366;2010-08-08T00:00:00-03:00;8;8;2010;
2010-08-09;GM366_ERC366;2010-08-09T00:00:00-03:00;9;8;2010;1,7529
2010-08-10;GM366_ERC366;2010-08-10T00:00:00-03:00;10;8;2010;1,7568
2010-08-11;GM366_ERC366;2010-08-11T00:00:00-03:00;11;8;2010;1,7655
2010-08-12;GM366_ERC366;2010-08-12T00:00:00-03:00;12;8;2010;1,7723
2010-08-13;GM366_ERC366;2010-08-13T00:00:00-03:00;13;8;2010;1,7708
2010-08-14;GM366_ERC366;2010-08-14T00:00:00-03:00;14;8;2010;
2010-08-15;GM366_ERC366;2010-08-15T00:00:00-03:00;15;8;2010;
2010-08-16;GM366_ERC366;2010-08-16T00:00:00-03:00;16;8;2010;1,7631
2010-08-17;GM366_ERC366;2010-08-17T00:00:00-03:00;17;8;2010;1,752
2010-08-18;GM366_ERC366;2010-08-18T00:00:00-03:00;18;8;2010;1,7505
2010-08-19;GM366_ERC366;2010-08-19T00:00:00-03:00;19;8;2010;1,7576
2010-08-20;GM366_ERC366;2010-08-20T00:00:00-03:00;20;8;2010;1,7589
2010-08-21;GM366_ERC366;2010-08-21T00:00:00-03:00;21;8;2010;
2010-08-22;GM366_ERC366;2010-08-22T00:00:00-03:00;22;8;2010;
2010-08-23;GM366_ERC366;2010-08-23T00:00:00-03:00;23;8;2010;1,7579
2010-08-24;GM366_ERC366;2010-08-24T00:00:00-03:00;24;8;2010;1,7719
2010-08-25;GM366_ERC366;2010-08-25T00:00:00-03:00;25;8;2010;1,766
2010-08-26;GM366_ERC366;2010-08-26T00:00:00-03:00;26;8;2010;1,7588
2010-08-27;GM366_ERC366;2010-08-27T00:00:00-03:00;27;8;2010;1,7536
2010-08-28;GM366_ERC366;2010-08-28T00:00:00-03:00;28;8;2010;
2010-08-29;GM366_ERC366;2010-08-29T00:00:00-03:00;29;8;2010;
2010-08-30;GM366_ERC366;2010-08-30T00:00:00-03:00;30;8;2010;1,7583
2010-08-31;GM366_ERC366;2010-08-31T00:00:00-03:00;31;8;2010;1,7552
2010-09-01;GM366_ERC366;2010-09-01T00:00:00-03:00;1;9;2010;1,7433
2010-09-02;GM366_ERC366;2010-09-02T00:00:00-03:00;2;9;2010;1,7359
2010-09-03;GM366_ERC366;2010-09-03T00:00:00-03:00;3;9;2010;1,7273
2010-09-04;GM366_ERC366;2010-09-04T00:00:00-03:00;4;9;2010;
2010-09-05;GM366_ERC366;2010-09-05T00:00:00-03:00;5;9;2010;
2010-09-06;GM366_ERC366;2010-09-06T00:00:00-03:00;6;9;2010;1,7251
2010-09-07;GM366_ERC366;2010-09-07T00:00:00-03:00;7;9;2010;
2010-09-08;GM366_ERC366;2010-09-08T00:00:00-03:00;8;9;2010;1,7223
2010-09-09;GM366_ERC366;2010-09-09T00:00:00-03:00;9;9;2010;1,723
2010-09-10;GM366_ERC366;2010-09-10T00:00:00-03:00;10;9;2010;1,7178
2010-09-11;GM366_ERC366;2010-09-11T00:00:00-03:00;11;9;2010;
2010-09-12;GM366_ERC366;2010-09-12T00:00:00-03:00;12;9;2010;
2010-09-13;GM366_ERC366;2010-09-13T00:00:00-03:00;13;9;2010;1,7166
2010-09-14;GM366_ERC366;2010-09-14T00:00:00-03:00;14;9;2010;1,7068
2010-09-15;GM366_ERC366;2010-09-15T00:00:00-03:00;15;9;2010;1,7161
2010-09-16;GM366_ERC366;2010-09-16T00:00:00-03:00;16;9;2010;1,7176
2010-09-17;GM366_ERC366;2010-09-17T00:00:00-03:00;17;9;2010;1,7158
2010-09-18;GM366_ERC366;2010-09-18T00:00:00-03:00;18;9;2010;
2010-09-19;GM366_ERC366;2010-09-19T00:00:00-03:00;19;9;2010;
2010-09-20;GM366_ERC366;2010-09-20T00:00:00-03:00;20;9;2010;1,7208
2010-09-21;GM366_ERC366;2010-09-21T00:00:00-03:00;21;9;2010;1,7247
2010-09-22;GM366_ERC366;2010-09-22T00:00:00-03:00;22;9;2010;1,7176
2010-09-23;GM366_ERC366;2010-09-23T00:00:00-03:00;23;9;2010;1,7186
2010-09-24;GM366_ERC366;2010-09-24T00:00:00-03:00;24;9;2010;1,7112
2010-09-25;GM366_ERC366;2010-09-25T00:00:00-03:00;25;9;2010;
2010-09-26;GM366_ERC366;2010-09-26T00:00:00-03:00;26;9;2010;
2010-09-27;GM366_ERC366;2010-09-27T00:00:00-03:00;27;9;2010;1,7092
2010-09-28;GM366_ERC366;2010-09-28T00:00:00-03:00;28;9;2010;1,7085
2010-09-29;GM366_ERC366;2010-09-29T00:00:00-03:00;29;9;2010;1,7045
2010-09-30;GM366_ERC366;2010-09-30T00:00:00-03:00;30;9;2010;1,6934
2010-10-01;GM366_ERC366;2010-10-01T00:00:00-03:00;1;10;2010;1,6804
2010-10-02;GM366_ERC366;2010-10-02T00:00:00-03:00;2;10;2010;
2010-10-03;GM366_ERC366;2010-10-03T00:00:00-03:00;3;10;2010;
2010-10-04;GM366_ERC366;2010-10-04T00:00:00-03:00;4;10;2010;1,6874
2010-10-05;GM366_ERC366;2010-10-05T00:00:00-03:00;5;10;2010;1,68
2010-10-06;GM366_ERC366;2010-10-06T00:00:00-03:00;6;10;2010;1,675
2010-10-07;GM366_ERC366;2010-10-07T00:00:00-03:00;7;10;2010;1,6769
2010-10-08;GM366_ERC366;2010-10-08T00:00:00-03:00;8;10;2010;1,6796
2010-10-09;GM366_ERC366;2010-10-09T00:00:00-03:00;9;10;2010;
2010-10-10;GM366_ERC366;2010-10-10T00:00:00-03:00;10;10;2010;
2010-10-11;GM366_ERC366;2010-10-11T00:00:00-03:00;11;10;2010;1,664
2010-10-12;GM366_ERC366;2010-10-12T00:00:00-03:00;12;10;2010;
2010-10-13;GM366_ERC366;2010-10-13T00:00:00-03:00;13;10;2010;1,6546
2010-10-14;GM366_ERC366;2010-10-14T00:00:00-03:00;14;10;2010;1,6588
2010-10-15;GM366_ERC366;2010-10-15T00:00:00-03:00;15;10;2010;1,6596
2010-10-16;GM366_ERC366;2010-10-16T00:00:00-03:00;16;10;2010;
2010-10-17;GM366_ERC366;2010-10-17T00:00:00-03:00;17;10;2010;
2010-10-18;GM366_ERC366;2010-10-18T00:00:00-02:00;18;10;2010;1,6678
2010-10-19;GM366_ERC366;2010-10-19T00:00:00-02:00;19;10;2010;1,686
2010-10-20;GM366_ERC366;2010-10-20T00:00:00-02:00;20;10;2010;1,6727
2010-10-21;GM366_ERC366;2010-10-21T00:00:00-02:00;21;10;2010;1,6889
2010-10-22;GM366_ERC366;2010-10-22T00:00:00-02:00;22;10;2010;1,6989
2010-10-23;GM366_ERC366;2010-10-23T00:00:00-02:00;23;10;2010;
2010-10-24;GM366_ERC366;2010-10-24T00:00:00-02:00;24;10;2010;
2010-10-25;GM366_ERC366;2010-10-25T00:00:00-02:00;25;10;2010;1,7018
2010-10-26;GM366_ERC366;2010-10-26T00:00:00-02:00;26;10;2010;1,7037
2010-10-27;GM366_ERC366;2010-10-27T00:00:00-02:00;27;10;2010;1,7069
2010-10-28;GM366_ERC366;2010-10-28T00:00:00-02:00;28;10;2010;1,7104
2010-10-29;GM366_ERC366;2010-10-29T00:00:00-02:00;29;10;2010;1,7006
2010-10-30;GM366_ERC366;2010-10-30T00:00:00-02:00;30;10;2010;
2010-10-31;GM366_ERC366;2010-10-31T00:00:00-02:00;31;10;2010;
2010-11-01;GM366_ERC366;2010-11-01T00:00:00-02:00;1;11;2010;1,7036
2010-11-02;GM366_ERC366;2010-11-02T00:00:00-02:00;2;11;2010;
2010-11-03;GM366_ERC366;2010-11-03T00:00:00-02:00;3;11;2010;1,6929
2010-11-04;GM366_ERC366;2010-11-04T00:00:00-02:00;4;11;2010;1,6811
2010-11-05;GM366_ERC366;2010-11-05T00:00:00-02:00;5;11;2010;1,6793
2010-11-06;GM366_ERC366;2010-11-06T00:00:00-02:00;6;11;2010;
2010-11-07;GM366_ERC366;2010-11-07T00:00:00-02:00;7;11;2010;
2010-11-08;GM366_ERC366;2010-11-08T00:00:00-02:00;8;11;2010;1,6962
2010-11-09;GM366_ERC366;2010-11-09T00:00:00-02:00;9;11;2010;1,6962
2010-11-10;GM366_ERC366;2010-11-10T00:00:00-02:00;10;11;2010;1,7062
2010-11-11;GM366_ERC366;2010-11-11T00:00:00-02:00;11;11;2010;1,717
2010-11-12;GM366_ERC366;2010-11-12T00:00:00-02:00;12;11;2010;1,719
2010-11-13;GM366_ERC366;2010-11-13T00:00:00-02:00;13;11;2010;
2010-11-14;GM366_ERC366;2010-11-14T00:00:00-02:00;14;11;2010;
2010-11-15;GM366_ERC366;2010-11-15T00:00:00-02:00;15;11;2010;
2010-11-16;GM366_ERC366;2010-11-16T00:00:00-02:00;16;11;2010;1,7287
2010-11-17;GM366_ERC366;2010-11-17T00:00:00-02:00;17;11;2010;1,729
2010-11-18;GM366_ERC366;2010-11-18T00:00:00-02:00;18;11;2010;1,7135
2010-11-19;GM366_ERC366;2010-11-19T00:00:00-02:00;19;11;2010;1,7181
2010-11-20;GM366_ERC366;2010-11-20T00:00:00-02:00;20;11;2010;
2010-11-21;GM366_ERC366;2010-11-21T00:00:00-02:00;21;11;2010;
2010-11-22;GM366_ERC366;2010-11-22T00:00:00-02:00;22;11;2010;1,7227
2010-11-23;GM366_ERC366;2010-11-23T00:00:00-02:00;23;11;2010;1,7328
2010-11-24;GM366_ERC366;2010-11-24T00:00:00-02:00;24;11;2010;1,7239
2010-11-25;GM366_ERC366;2010-11-25T00:00:00-02:00;25;11;2010;1,7198
2010-11-26;GM366_ERC366;2010-11-26T00:00:00-02:00;26;11;2010;1,729
2010-11-27;GM366_ERC366;2010-11-27T00:00:00-02:00;27;11;2010;
2010-11-28;GM366_ERC366;2010-11-28T00:00:00-02:00;28;11;2010;
2010-11-29;GM366_ERC366;2010-11-29T00:00:00-02:00;29;11;2010;1,7263
2010-11-30;GM366_ERC366;2010-11-30T00:00:00-02:00;30;11;2010;1,7153
2010-12-01;GM366_ERC366;2010-12-01T00:00:00-02:00;1;12;2010;1,7044
2010-12-02;GM366_ERC366;2010-12-02T00:00:00-02:00;2;12;2010;1,7021
2010-12-03;GM366_ERC366;2010-12-03T00:00:00-02:00;3;12;2010;1,6909
2010-12-04;GM366_ERC366;2010-12-04T00:00:00-02:00;4;12;2010;
2010-12-05;GM366_ERC366;2010-12-05T00:00:00-02:00;5;12;2010;
2010-12-06;GM366_ERC366;2010-12-06T00:00:00-02:00;6;12;2010;1,6828
2010-12-07;GM366_ERC366;2010-12-07T00:00:00-02:00;7;12;2010;1,6731
2010-12-08;GM366_ERC366;2010-12-08T00:00:00-02:00;8;12;2010;1,6884
2010-12-09;GM366_ERC366;2010-12-09T00:00:00-02:00;9;12;2010;1,7016
2010-12-10;GM366_ERC366;2010-12-10T00:00:00-02:00;10;12;2010;1,7109
2010-12-11;GM366_ERC366;2010-12-11T00:00:00-02:00;11;12;2010;
2010-12-12;GM366_ERC366;2010-12-12T00:00:00-02:00;12;12;2010;
2010-12-13;GM366_ERC366;2010-12-13T00:00:00-02:00;13;12;2010;1,7019
2010-12-14;GM366_ERC366;2010-12-14T00:00:00-02:00;14;12;2010;1,6941
2010-12-15;GM366_ERC366;2010-12-15T00:00:00-02:00;15;12;2010;1,698
2010-12-16;GM366_ERC366;2010-12-16T00:00:00-02:00;16;12;2010;1,702
2010-12-17;GM366_ERC366;2010-12-17T00:00:00-02:00;17;12;2010;1,709
2010-12-18;GM366_ERC366;2010-12-18T00:00:00-02:00;18;12;2010;
2010-12-19;GM366_ERC366;2010-12-19T00:00:00-02:00;19;12;2010;
2010-12-20;GM366_ERC366;2010-12-20T00:00:00-02:00;20;12;2010;1,7074
2010-12-21;GM366_ERC366;2010-12-21T00:00:00-02:00;21;12;2010;1,6966
2010-12-22;GM366_ERC366;2010-12-22T00:00:00-02:00;22;12;2010;1,6938
2010-12-23;GM366_ERC366;2010-12-23T00:00:00-02:00;23;12;2010;1,6976
2010-12-24;GM366_ERC366;2010-12-24T00:00:00-02:00;24;12;2010;1,6895
2010-12-25;GM366_ERC366;2010-12-25T00:00:00-02:00;25;12;2010;
2010-12-26;GM366_ERC366;2010-12-26T00:00:00-02:00;26;12;2010;
2010-12-27;GM366_ERC366;2010-12-27T00:00:00-02:00;27;12;2010;1,6914
2010-12-28;GM366_ERC366;2010-12-28T00:00:00-02:00;28;12;2010;1,6858
2010-12-29;GM366_ERC366;2010-12-29T00:00:00-02:00;29;12;2010;1,678
2010-12-30;GM366_ERC366;2010-12-30T00:00:00-02:00;30;12;2010;1,6654
2010-12-31;GM366_ERC366;2010-12-31T00:00:00-02:00;31;12;2010;1,6654
2011-01-01;GM366_ERC366;2011-01-01T00:00:00-02:00;1;1;2011;
2011-01-02;GM366_ERC366;2011-01-02T00:00:00-02:00;2;1;2011;
2011-01-03;GM366_ERC366;2011-01-03T00:00:00-02:00;3;1;2011;1,6502
2011-01-04;GM366_ERC366;2011-01-04T00:00:00-02:00;4;1;2011;1,6548
2011-01-05;GM366_ERC366;2011-01-05T00:00:00-02:00;5;1;2011;1,6705
2011-01-06;GM366_ERC366;2011-01-06T00:00:00-02:00;6;1;2011;1,6849
2011-01-07;GM366_ERC366;2011-01-07T00:00:00-02:00;7;1;2011;1,6853
2011-01-08;GM366_ERC366;2011-01-08T00:00:00-02:00;8;1;2011;
2011-01-09;GM366_ERC366;2011-01-09T00:00:00-02:00;9;1;2011;
2011-01-10;GM366_ERC366;2011-01-10T00:00:00-02:00;10;1;2011;1,6904
2011-01-11;GM366_ERC366;2011-01-11T00:00:00-02:00;11;1;2011;1,6879
2011-01-12;GM366_ERC366;2011-01-12T00:00:00-02:00;12;1;2011;1,6765
2011-01-13;GM366_ERC366;2011-01-13T00:00:00-02:00;13;1;2011;1,6693
2011-01-14;GM366_ERC366;2011-01-14T00:00:00-02:00;14;1;2011;1,6835
2011-01-15;GM366_ERC366;2011-01-15T00:00:00-02:00;15;1;2011;
2011-01-16;GM366_ERC366;2011-01-16T00:00:00-02:00;16;1;2011;
2011-01-17;GM366_ERC366;2011-01-17T00:00:00-02:00;17;1;2011;1,681
2011-01-18;GM366_ERC366;2011-01-18T00:00:00-02:00;18;1;2011;1,6737
2011-01-19;GM366_ERC366;2011-01-19T00:00:00-02:00;19;1;2011;1,6706
2011-01-20;GM366_ERC366;2011-01-20T00:00:00-02:00;20;1;2011;1,6707
2011-01-21;GM366_ERC366;2011-01-21T00:00:00-02:00;21;1;2011;1,6715
2011-01-22;GM366_ERC366;2011-01-22T00:00:00-02:00;22;1;2011;
2011-01-23;GM366_ERC366;2011-01-23T00:00:00-02:00;23;1;2011;
2011-01-24;GM366_ERC366;2011-01-24T00:00:00-02:00;24;1;2011;1,6723
2011-01-25;GM366_ERC366;2011-01-25T00:00:00-02:00;25;1;2011;1,6737
2011-01-26;GM366_ERC366;2011-01-26T00:00:00-02:00;26;1;2011;1,6684
2011-01-27;GM366_ERC366;2011-01-27T00:00:00-02:00;27;1;2011;1,6712
2011-01-28;GM366_ERC366;2011-01-28T00:00:00-02:00;28;1;2011;1,6774
2011-01-29;GM366_ERC366;2011-01-29T00:00:00-02:00;29;1;2011;
2011-01-30;GM366_ERC366;2011-01-30T00:00:00-02:00;30;1;2011;
2011-01-31;GM366_ERC366;2011-01-31T00:00:00-02:00;31;1;2011;1,6726
2011-02-01;GM366_ERC366;2011-02-01T00:00:00-02:00;1;2;2011;1,6623
2011-02-02;GM366_ERC366;2011-02-02T00:00:00-02:00;2;2;2011;1,6663
2011-02-03;GM366_ERC366;2011-02-03T00:00:00-02:00;3;2;2011;1,6689
2011-02-04;GM366_ERC366;2011-02-04T00:00:00-02:00;4;2;2011;1,673
2011-02-05;GM366_ERC366;2011-02-05T00:00:00-02:00;5;2;2011;
2011-02-06;GM366_ERC366;2011-02-06T00:00:00-02:00;6;2;2011;
2011-02-07;GM366_ERC366;2011-02-07T00:00:00-02:00;7;2;2011;1,6768
2011-02-08;GM366_ERC366;2011-02-08T00:00:00-02:00;8;2;2011;1,6703
2011-02-09;GM366_ERC366;2011-02-09T00:00:00-02:00;9;2;2011;1,6635
2011-02-10;GM366_ERC366;2011-02-10T00:00:00-02:00;10;2;2011;1,6672
2011-02-11;GM366_ERC366;2011-02-11T00:00:00-02:00;11;2;2011;1,6671
2011-02-12;GM366_ERC366;2011-02-12T00:00:00-02:00;12;2;2011;
2011-02-13;GM366_ERC366;2011-02-13T00:00:00-02:00;13;2;2011;
2011-02-14;GM366_ERC366;2011-02-14T00:00:00-02:00;14;2;2011;1,6673
2011-02-15;GM366_ERC366;2011-02-15T00:00:00-02:00;15;2;2011;1,6674
2011-02-16;GM366_ERC366;2011-02-16T00:00:00-02:00;16;2;2011;1,6696
2011-02-17;GM366_ERC366;2011-02-17T00:00:00-02:00;17;2;2011;1,6653
2011-02-18;GM366_ERC366;2011-02-18T00:00:00-02:00;18;2;2011;1,6669
2011-02-19;GM366_ERC366;2011-02-19T00:00:00-02:00;19;2;2011;
2011-02-20;GM366_ERC366;2011-02-20T00:00:00-03:00;20;2;2011;
2011-02-21;GM366_ERC366;2011-02-21T00:00:00-03:00;21;2;2011;1,6659
2011-02-22;GM366_ERC366;2011-02-22T00:00:00-03:00;22;2;2011;1,6686
2011-02-23;GM366_ERC366;2011-02-23T00:00:00-03:00;23;2;2011;1,6712
2011-02-24;GM366_ERC366;2011-02-24T00:00:00-03:00;24;2;2011;1,6641
2011-02-25;GM366_ERC366;2011-02-25T00:00:00-03:00;25;2;2011;1,6617
2011-02-26;GM366_ERC366;2011-02-26T00:00:00-03:00;26;2;2011;
2011-02-27;GM366_ERC366;2011-02-27T00:00:00-03:00;27;2;2011;
2011-02-28;GM366_ERC366;2011-02-28T00:00:00-03:00;28;2;2011;1,6604
2011-03-01;GM366_ERC366;2011-03-01T00:00:00-03:00;1;3;2011;1,6619
2011-03-02;GM366_ERC366;2011-03-02T00:00:00-03:00;2;3;2011;1,6602
2011-03-03;GM366_ERC366;2011-03-03T00:00:00-03:00;3;3;2011;1,6537
2011-03-04;GM366_ERC366;2011-03-04T00:00:00-03:00;4;3;2011;1,6454
2011-03-05;GM366_ERC366;2011-03-05T00:00:00-03:00;5;3;2011;
2011-03-06;GM366_ERC366;2011-03-06T00:00:00-03:00;6;3;2011;
2011-03-07;GM366_ERC366;2011-03-07T00:00:00-03:00;7;3;2011;
2011-03-08;GM366_ERC366;2011-03-08T00:00:00-03:00;8;3;2011;
2011-03-09;GM366_ERC366;2011-03-09T00:00:00-03:00;9;3;2011;1,6551
2011-03-10;GM366_ERC366;2011-03-10T00:00:00-03:00;10;3;2011;1,6604
2011-03-11;GM366_ERC366;2011-03-11T00:00:00-03:00;11;3;2011;1,6641
2011-03-12;GM366_ERC366;2011-03-12T00:00:00-03:00;12;3;2011;
2011-03-13;GM366_ERC366;2011-03-13T00:00:00-03:00;13;3;2011;
2011-03-14;GM366_ERC366;2011-03-14T00:00:00-03:00;14;3;2011;1,6623
2011-03-15;GM366_ERC366;2011-03-15T00:00:00-03:00;15;3;2011;1,6684
2011-03-16;GM366_ERC366;2011-03-16T00:00:00-03:00;16;3;2011;1,6666
2011-03-17;GM366_ERC366;2011-03-17T00:00:00-03:00;17;3;2011;1,6749
2011-03-18;GM366_ERC366;2011-03-18T00:00:00-03:00;18;3;2011;1,6712
2011-03-19;GM366_ERC366;2011-03-19T00:00:00-03:00;19;3;2011;
2011-03-20;GM366_ERC366;2011-03-20T00:00:00-03:00;20;3;2011;
2011-03-21;GM366_ERC366;2011-03-21T00:00:00-03:00;21;3;2011;1,6644
2011-03-22;GM366_ERC366;2011-03-22T00:00:00-03:00;22;3;2011;1,663
2011-03-23;GM366_ERC366;2011-03-23T00:00:00-03:00;23;3;2011;1,6594
2011-03-24;GM366_ERC366;2011-03-24T00:00:00-03:00;24;3;2011;1,6585
2011-03-25;GM366_ERC366;2011-03-25T00:00:00-03:00;25;3;2011;1,6573
2011-03-26;GM366_ERC366;2011-03-26T00:00:00-03:00;26;3;2011;
2011-03-27;GM366_ERC366;2011-03-27T00:00:00-03:00;27;3;2011;
2011-03-28;GM366_ERC366;2011-03-28T00:00:00-03:00;28;3;2011;1,6606
2011-03-29;GM366_ERC366;2011-03-29T00:00:00-03:00;29;3;2011;1,6538
2011-03-30;GM366_ERC366;2011-03-30T00:00:00-03:00;30;3;2011;1,6352
2011-03-31;GM366_ERC366;2011-03-31T00:00:00-03:00;31;3;2011;1,6279
2011-04-01;GM366_ERC366;2011-04-01T00:00:00-03:00;1;4;2011;1,6186
2011-04-02;GM366_ERC366;2011-04-02T00:00:00-03:00;2;4;2011;
2011-04-03;GM366_ERC366;2011-04-03T00:00:00-03:00;3;4;2011;
2011-04-04;GM366_ERC366;2011-04-04T00:00:00-03:00;4;4;2011;1,6102
2011-04-05;GM366_ERC366;2011-04-05T00:00:00-03:00;5;4;2011;1,6079
2011-04-06;GM366_ERC366;2011-04-06T00:00:00-03:00;6;4;2011;1,6089
2011-04-07;GM366_ERC366;2011-04-07T00:00:00-03:00;7;4;2011;1,5919
2011-04-08;GM366_ERC366;2011-04-08T00:00:00-03:00;8;4;2011;1,5754
2011-04-09;GM366_ERC366;2011-04-09T00:00:00-03:00;9;4;2011;
2011-04-10;GM366_ERC366;2011-04-10T00:00:00-03:00;10;4;2011;
2011-04-11;GM366_ERC366;2011-04-11T00:00:00-03:00;11;4;2011;1,5797
2011-04-12;GM366_ERC366;2011-04-12T00:00:00-03:00;12;4;2011;1,5862
2011-04-13;GM366_ERC366;2011-04-13T00:00:00-03:00;13;4;2011;1,5856
2011-04-14;GM366_ERC366;2011-04-14T00:00:00-03:00;14;4;2011;1,5834
2011-04-15;GM366_ERC366;2011-04-15T00:00:00-03:00;15;4;2011;1,5768
2011-04-16;GM366_ERC366;2011-04-16T00:00:00-03:00;16;4;2011;
2011-04-17;GM366_ERC366;2011-04-17T00:00:00-03:00;17;4;2011;
2011-04-18;GM366_ERC366;2011-04-18T00:00:00-03:00;18;4;2011;1,5904
2011-04-19;GM366_ERC366;2011-04-19T00:00:00-03:00;19;4;2011;1,5784
2011-04-20;GM366_ERC366;2011-04-20T00:00:00-03:00;20;4;2011;1,5714
2011-04-21;GM366_ERC366;2011-04-21T00:00:00-03:00;21;4;2011;
2011-04-22;GM366_ERC366;2011-04-22T00:00:00-03:00;22;4;2011;
2011-04-23;GM366_ERC366;2011-04-23T00:00:00-03:00;23;4;2011;
2011-04-24;GM366_ERC366;2011-04-24T00:00:00-03:00;24;4;2011;
2011-04-25;GM366_ERC366;2011-04-25T00:00:00-03:00;25;4;2011;1,5712
2011-04-26;GM366_ERC366;2011-04-26T00:00:00-03:00;26;4;2011;1,5646
2011-04-27;GM366_ERC366;2011-04-27T00:00:00-03:00;27;4;2011;1,5697
2011-04-28;GM366_ERC366;2011-04-28T00:00:00-03:00;28;4;2011;1,5845
2011-04-29;GM366_ERC366;2011-04-29T00:00:00-03:00;29;4;2011;1,5725
2011-04-30;GM366_ERC366;2011-04-30T00:00:00-03:00;30;4;2011;
2011-05-01;GM366_ERC366;2011-05-01T00:00:00-03:00;1;5;2011;
2011-05-02;GM366_ERC366;2011-05-02T00:00:00-03:00;2;5;2011;1,5739
2011-05-03;GM366_ERC366;2011-05-03T00:00:00-03:00;3;5;2011;1,5882
2011-05-04;GM366_ERC366;2011-05-04T00:00:00-03:00;4;5;2011;1,6022
2011-05-05;GM366_ERC366;2011-05-05T00:00:00-03:00;5;5;2011;1,6211
2011-05-06;GM366_ERC366;2011-05-06T00:00:00-03:00;6;5;2011;1,6103
2011-05-07;GM366_ERC366;2011-05-07T00:00:00-03:00;7;5;2011;
2011-05-08;GM366_ERC366;2011-05-08T00:00:00-03:00;8;5;2011;
2011-05-09;GM366_ERC366;2011-05-09T00:00:00-03:00;9;5;2011;1,6191
2011-05-10;GM366_ERC366;2011-05-10T00:00:00-03:00;10;5;2011;1,6061
2011-05-11;GM366_ERC366;2011-05-11T00:00:00-03:00;11;5;2011;1,617
2011-05-12;GM366_ERC366;2011-05-12T00:00:00-03:00;12;5;2011;1,6199
2011-05-13;GM366_ERC366;2011-05-13T00:00:00-03:00;13;5;2011;1,632
2011-05-14;GM366_ERC366;2011-05-14T00:00:00-03:00;14;5;2011;
2011-05-15;GM366_ERC366;2011-05-15T00:00:00-03:00;15;5;2011;
2011-05-16;GM366_ERC366;2011-05-16T00:00:00-03:00;16;5;2011;1,6309
2011-05-17;GM366_ERC366;2011-05-17T00:00:00-03:00;17;5;2011;1,6282
2011-05-18;GM366_ERC366;2011-05-18T00:00:00-03:00;18;5;2011;1,6158
2011-05-19;GM366_ERC366;2011-05-19T00:00:00-03:00;19;5;2011;1,6157
2011-05-20;GM366_ERC366;2011-05-20T00:00:00-03:00;20;5;2011;1,6161
2011-05-21;GM366_ERC366;2011-05-21T00:00:00-03:00;21;5;2011;
2011-05-22;GM366_ERC366;2011-05-22T00:00:00-03:00;22;5;2011;
2011-05-23;GM366_ERC366;2011-05-23T00:00:00-03:00;23;5;2011;1,6331
2011-05-24;GM366_ERC366;2011-05-24T00:00:00-03:00;24;5;2011;1,6248
2011-05-25;GM366_ERC366;2011-05-25T00:00:00-03:00;25;5;2011;1,6289
2011-05-26;GM366_ERC366;2011-05-26T00:00:00-03:00;26;5;2011;1,6188
2011-05-27;GM366_ERC366;2011-05-27T00:00:00-03:00;27;5;2011;1,603
2011-05-28;GM366_ERC366;2011-05-28T00:00:00-03:00;28;5;2011;
2011-05-29;GM366_ERC366;2011-05-29T00:00:00-03:00;29;5;2011;
2011-05-30;GM366_ERC366;2011-05-30T00:00:00-03:00;30;5;2011;1,595
2011-05-31;GM366_ERC366;2011-05-31T00:00:00-03:00;31;5;2011;1,5791
2011-06-01;GM366_ERC366;2011-06-01T00:00:00-03:00;1;6;2011;1,587
2011-06-02;GM366_ERC366;2011-06-02T00:00:00-03:00;2;6;2011;1,5797
2011-06-03;GM366_ERC366;2011-06-03T00:00:00-03:00;3;6;2011;1,5736
2011-06-04;GM366_ERC366;2011-06-04T00:00:00-03:00;4;6;2011;
2011-06-05;GM366_ERC366;2011-06-05T00:00:00-03:00;5;6;2011;
2011-06-06;GM366_ERC366;2011-06-06T00:00:00-03:00;6;6;2011;1,5802
2011-06-07;GM366_ERC366;2011-06-07T00:00:00-03:00;7;6;2011;1,5756
2011-06-08;GM366_ERC366;2011-06-08T00:00:00-03:00;8;6;2011;1,5812
2011-06-09;GM366_ERC366;2011-06-09T00:00:00-03:00;9;6;2011;1,5869
2011-06-10;GM366_ERC366;2011-06-10T00:00:00-03:00;10;6;2011;1,593
2011-06-11;GM366_ERC366;2011-06-11T00:00:00-03:00;11;6;2011;
2011-06-12;GM366_ERC366;2011-06-12T00:00:00-03:00;12;6;2011;
2011-06-13;GM366_ERC366;2011-06-13T00:00:00-03:00;13;6;2011;1,588
2011-06-14;GM366_ERC366;2011-06-14T00:00:00-03:00;14;6;2011;1,5813
2011-06-15;GM366_ERC366;2011-06-15T00:00:00-03:00;15;6;2011;1,5952
2011-06-16;GM366_ERC366;2011-06-16T00:00:00-03:00;16;6;2011;1,61
2011-06-17;GM366_ERC366;2011-06-17T00:00:00-03:00;17;6;2011;1,5971
2011-06-18;GM366_ERC366;2011-06-18T00:00:00-03:00;18;6;2011;
2011-06-19;GM366_ERC366;2011-06-19T00:00:00-03:00;19;6;2011;
2011-06-20;GM366_ERC366;2011-06-20T00:00:00-03:00;20;6;2011;1,5961
2011-06-21;GM366_ERC366;2011-06-21T00:00:00-03:00;21;6;2011;1,5902
2011-06-22;GM366_ERC366;2011-06-22T00:00:00-03:00;22;6;2011;1,5869
2011-06-23;GM366_ERC366;2011-06-23T00:00:00-03:00;23;6;2011;
2011-06-24;GM366_ERC366;2011-06-24T00:00:00-03:00;24;6;2011;1,598
2011-06-25;GM366_ERC366;2011-06-25T00:00:00-03:00;25;6;2011;
2011-06-26;GM366_ERC366;2011-06-26T00:00:00-03:00;26;6;2011;
2011-06-27;GM366_ERC366;2011-06-27T00:00:00-03:00;27;6;2011;1,5961
2011-06-28;GM366_ERC366;2011-06-28T00:00:00-03:00;28;6;2011;1,5825
2011-06-29;GM366_ERC366;2011-06-29T00:00:00-03:00;29;6;2011;1,5722
2011-06-30;GM366_ERC366;2011-06-30T00:00:00-03:00;30;6;2011;1,5603
2011-07-01;GM366_ERC366;2011-07-01T00:00:00-03:00;1;7;2011;1,5591
2011-07-02;GM366_ERC366;2011-07-02T00:00:00-03:00;2;7;2011;
2011-07-03;GM366_ERC366;2011-07-03T00:00:00-03:00;3;7;2011;
2011-07-04;GM366_ERC366;2011-07-04T00:00:00-03:00;4;7;2011;1,5572
2011-07-05;GM366_ERC366;2011-07-05T00:00:00-03:00;5;7;2011;1,5629
2011-07-06;GM366_ERC366;2011-07-06T00:00:00-03:00;6;7;2011;1,5654
2011-07-07;GM366_ERC366;2011-07-07T00:00:00-03:00;7;7;2011;1,5573
2011-07-08;GM366_ERC366;2011-07-08T00:00:00-03:00;8;7;2011;1,5626
2011-07-09;GM366_ERC366;2011-07-09T00:00:00-03:00;9;7;2011;
2011-07-10;GM366_ERC366;2011-07-10T00:00:00-03:00;10;7;2011;
2011-07-11;GM366_ERC366;2011-07-11T00:00:00-03:00;11;7;2011;1,5788
2011-07-12;GM366_ERC366;2011-07-12T00:00:00-03:00;12;7;2011;1,5765
2011-07-13;GM366_ERC366;2011-07-13T00:00:00-03:00;13;7;2011;1,5754
2011-07-14;GM366_ERC366;2011-07-14T00:00:00-03:00;14;7;2011;1,5721
2011-07-15;GM366_ERC366;2011-07-15T00:00:00-03:00;15;7;2011;1,5735
2011-07-16;GM366_ERC366;2011-07-16T00:00:00-03:00;16;7;2011;
2011-07-17;GM366_ERC366;2011-07-17T00:00:00-03:00;17;7;2011;
2011-07-18;GM366_ERC366;2011-07-18T00:00:00-03:00;18;7;2011;1,582
2011-07-19;GM366_ERC366;2011-07-19T00:00:00-03:00;19;7;2011;1,5683
2011-07-20;GM366_ERC366;2011-07-20T00:00:00-03:00;20;7;2011;1,5643
2011-07-21;GM366_ERC366;2011-07-21T00:00:00-03:00;21;7;2011;1,5559
2011-07-22;GM366_ERC366;2011-07-22T00:00:00-03:00;22;7;2011;1,5539
2011-07-23;GM366_ERC366;2011-07-23T00:00:00-03:00;23;7;2011;
2011-07-24;GM366_ERC366;2011-07-24T00:00:00-03:00;24;7;2011;
2011-07-25;GM366_ERC366;2011-07-25T00:00:00-03:00;25;7;2011;1,5441
2011-07-26;GM366_ERC366;2011-07-26T00:00:00-03:00;26;7;2011;1,5337
2011-07-27;GM366_ERC366;2011-07-27T00:00:00-03:00;27;7;2011;1,5631
2011-07-28;GM366_ERC366;2011-07-28T00:00:00-03:00;28;7;2011;1,5643
2011-07-29;GM366_ERC366;2011-07-29T00:00:00-03:00;29;7;2011;1,5555
2011-07-30;GM366_ERC366;2011-07-30T00:00:00-03:00;30;7;2011;
2011-07-31;GM366_ERC366;2011-07-31T00:00:00-03:00;31;7;2011;
2011-08-01;GM366_ERC366;2011-08-01T00:00:00-03:00;1;8;2011;1,5543
2011-08-02;GM366_ERC366;2011-08-02T00:00:00-03:00;2;8;2011;1,5648
2011-08-03;GM366_ERC366;2011-08-03T00:00:00-03:00;3;8;2011;1,5643
2011-08-04;GM366_ERC366;2011-08-04T00:00:00-03:00;4;8;2011;1,5744
2011-08-05;GM366_ERC366;2011-08-05T00:00:00-03:00;5;8;2011;1,5887
2011-08-06;GM366_ERC366;2011-08-06T00:00:00-03:00;6;8;2011;
2011-08-07;GM366_ERC366;2011-08-07T00:00:00-03:00;7;8;2011;
2011-08-08;GM366_ERC366;2011-08-08T00:00:00-03:00;8;8;2011;1,5991
2011-08-09;GM366_ERC366;2011-08-09T00:00:00-03:00;9;8;2011;1,6326
2011-08-10;GM366_ERC366;2011-08-10T00:00:00-03:00;10;8;2011;1,6175
2011-08-11;GM366_ERC366;2011-08-11T00:00:00-03:00;11;8;2011;1,6298
2011-08-12;GM366_ERC366;2011-08-12T00:00:00-03:00;12;8;2011;1,6149
2011-08-13;GM366_ERC366;2011-08-13T00:00:00-03:00;13;8;2011;
2011-08-14;GM366_ERC366;2011-08-14T00:00:00-03:00;14;8;2011;
2011-08-15;GM366_ERC366;2011-08-15T00:00:00-03:00;15;8;2011;1,5948
2011-08-16;GM366_ERC366;2011-08-16T00:00:00-03:00;16;8;2011;1,591
2011-08-17;GM366_ERC366;2011-08-17T00:00:00-03:00;17;8;2011;1,5822
2011-08-18;GM366_ERC366;2011-08-18T00:00:00-03:00;18;8;2011;1,6054
2011-08-19;GM366_ERC366;2011-08-19T00:00:00-03:00;19;8;2011;1,5952
2011-08-20;GM366_ERC366;2011-08-20T00:00:00-03:00;20;8;2011;
2011-08-21;GM366_ERC366;2011-08-21T00:00:00-03:00;21;8;2011;
2011-08-22;GM366_ERC366;2011-08-22T00:00:00-03:00;22;8;2011;1,6001
2011-08-23;GM366_ERC366;2011-08-23T00:00:00-03:00;23;8;2011;1,6028
2011-08-24;GM366_ERC366;2011-08-24T00:00:00-03:00;24;8;2011;1,6031
2011-08-25;GM366_ERC366;2011-08-25T00:00:00-03:00;25;8;2011;1,6146
2011-08-26;GM366_ERC366;2011-08-26T00:00:00-03:00;26;8;2011;1,6106
2011-08-27;GM366_ERC366;2011-08-27T00:00:00-03:00;27;8;2011;
2011-08-28;GM366_ERC366;2011-08-28T00:00:00-03:00;28;8;2011;
2011-08-29;GM366_ERC366;2011-08-29T00:00:00-03:00;29;8;2011;1,5966
2011-08-30;GM366_ERC366;2011-08-30T00:00:00-03:00;30;8;2011;1,5896
2011-08-31;GM366_ERC366;2011-08-31T00:00:00-03:00;31;8;2011;1,5864
2011-09-01;GM366_ERC366;2011-09-01T00:00:00-03:00;1;9;2011;1,6032
2011-09-02;GM366_ERC366;2011-09-02T00:00:00-03:00;2;9;2011;1,6335
2011-09-03;GM366_ERC366;2011-09-03T00:00:00-03:00;3;9;2011;
2011-09-04;GM366_ERC366;2011-09-04T00:00:00-03:00;4;9;2011;
2011-09-05;GM366_ERC366;2011-09-05T00:00:00-03:00;5;9;2011;1,6514
2011-09-06;GM366_ERC366;2011-09-06T00:00:00-03:00;6;9;2011;1,6575
2011-09-07;GM366_ERC366;2011-09-07T00:00:00-03:00;7;9;2011;
2011-09-08;GM366_ERC366;2011-09-08T00:00:00-03:00;8;9;2011;1,6558
2011-09-09;GM366_ERC366;2011-09-09T00:00:00-03:00;9;9;2011;1,6766
2011-09-10;GM366_ERC366;2011-09-10T00:00:00-03:00;10;9;2011;
2011-09-11;GM366_ERC366;2011-09-11T00:00:00-03:00;11;9;2011;
2011-09-12;GM366_ERC366;2011-09-12T00:00:00-03:00;12;9;2011;1,6891
2011-09-13;GM366_ERC366;2011-09-13T00:00:00-03:00;13;9;2011;1,7119
2011-09-14;GM366_ERC366;2011-09-14T00:00:00-03:00;14;9;2011;1,728
2011-09-15;GM366_ERC366;2011-09-15T00:00:00-03:00;15;9;2011;1,7098
2011-09-16;GM366_ERC366;2011-09-16T00:00:00-03:00;16;9;2011;1,7114
2011-09-17;GM366_ERC366;2011-09-17T00:00:00-03:00;17;9;2011;
2011-09-18;GM366_ERC366;2011-09-18T00:00:00-03:00;18;9;2011;
2011-09-19;GM366_ERC366;2011-09-19T00:00:00-03:00;19;9;2011;1,7755
2011-09-20;GM366_ERC366;2011-09-20T00:00:00-03:00;20;9;2011;1,7862
2011-09-21;GM366_ERC366;2011-09-21T00:00:00-03:00;21;9;2011;1,8272
2011-09-22;GM366_ERC366;2011-09-22T00:00:00-03:00;22;9;2011;1,9008
2011-09-23;GM366_ERC366;2011-09-23T00:00:00-03:00;23;9;2011;1,8727
2011-09-24;GM366_ERC366;2011-09-24T00:00:00-03:00;24;9;2011;
2011-09-25;GM366_ERC366;2011-09-25T00:00:00-03:00;25;9;2011;
2011-09-26;GM366_ERC366;2011-09-26T00:00:00-03:00;26;9;2011;1,8437
2011-09-27;GM366_ERC366;2011-09-27T00:00:00-03:00;27;9;2011;1,8
2011-09-28;GM366_ERC366;2011-09-28T00:00:00-03:00;28;9;2011;1,8123
2011-09-29;GM366_ERC366;2011-09-29T00:00:00-03:00;29;9;2011;1,8283
2011-09-30;GM366_ERC366;2011-09-30T00:00:00-03:00;30;9;2011;1,8536
2011-10-01;GM366_ERC366;2011-10-01T00:00:00-03:00;1;10;2011;
2011-10-02;GM366_ERC366;2011-10-02T00:00:00-03:00;2;10;2011;
2011-10-03;GM366_ERC366;2011-10-03T00:00:00-03:00;3;10;2011;1,8804
2011-10-04;GM366_ERC366;2011-10-04T00:00:00-03:00;4;10;2011;1,8848
2011-10-05;GM366_ERC366;2011-10-05T00:00:00-03:00;5;10;2011;1,8449
2011-10-06;GM366_ERC366;2011-10-06T00:00:00-03:00;6;10;2011;1,8109
2011-10-07;GM366_ERC366;2011-10-07T00:00:00-03:00;7;10;2011;1,7659
2011-10-08;GM366_ERC366;2011-10-08T00:00:00-03:00;8;10;2011;
2011-10-09;GM366_ERC366;2011-10-09T00:00:00-03:00;9;10;2011;
2011-10-10;GM366_ERC366;2011-10-10T00:00:00-03:00;10;10;2011;1,7471
2011-10-11;GM366_ERC366;2011-10-11T00:00:00-03:00;11;10;2011;1,7652
2011-10-12;GM366_ERC366;2011-10-12T00:00:00-03:00;12;10;2011;
2011-10-13;GM366_ERC366;2011-10-13T00:00:00-03:00;13;10;2011;1,7529
2011-10-14;GM366_ERC366;2011-10-14T00:00:00-03:00;14;10;2011;1,7369
2011-10-15;GM366_ERC366;2011-10-15T00:00:00-03:00;15;10;2011;
2011-10-16;GM366_ERC366;2011-10-16T00:00:00-03:00;16;10;2011;
2011-10-17;GM366_ERC366;2011-10-17T00:00:00-02:00;17;10;2011;1,7481
2011-10-18;GM366_ERC366;2011-10-18T00:00:00-02:00;18;10;2011;1,7717
2011-10-19;GM366_ERC366;2011-10-19T00:00:00-02:00;19;10;2011;1,7597
2011-10-20;GM366_ERC366;2011-10-20T00:00:00-02:00;20;10;2011;1,7819
2011-10-21;GM366_ERC366;2011-10-21T00:00:00-02:00;21;10;2011;1,7796
2011-10-22;GM366_ERC366;2011-10-22T00:00:00-02:00;22;10;2011;
2011-10-23;GM366_ERC366;2011-10-23T00:00:00-02:00;23;10;2011;
2011-10-24;GM366_ERC366;2011-10-24T00:00:00-02:00;24;10;2011;1,7761
2011-10-25;GM366_ERC366;2011-10-25T00:00:00-02:00;25;10;2011;1,7541
2011-10-26;GM366_ERC366;2011-10-26T00:00:00-02:00;26;10;2011;1,7599
2011-10-27;GM366_ERC366;2011-10-27T00:00:00-02:00;27;10;2011;1,7316
2011-10-28;GM366_ERC366;2011-10-28T00:00:00-02:00;28;10;2011;1,6979
2011-10-29;GM366_ERC366;2011-10-29T00:00:00-02:00;29;10;2011;
2011-10-30;GM366_ERC366;2011-10-30T00:00:00-02:00;30;10;2011;
2011-10-31;GM366_ERC366;2011-10-31T00:00:00-02:00;31;10;2011;1,6878
2011-11-01;GM366_ERC366;2011-11-01T00:00:00-02:00;1;11;2011;1,7499
2011-11-02;GM366_ERC366;2011-11-02T00:00:00-02:00;2;11;2011;
2011-11-03;GM366_ERC366;2011-11-03T00:00:00-02:00;3;11;2011;1,7262
2011-11-04;GM366_ERC366;2011-11-04T00:00:00-02:00;4;11;2011;1,7408
2011-11-05;GM366_ERC366;2011-11-05T00:00:00-02:00;5;11;2011;
2011-11-06;GM366_ERC366;2011-11-06T00:00:00-02:00;6;11;2011;
2011-11-07;GM366_ERC366;2011-11-07T00:00:00-02:00;7;11;2011;1,7496
2011-11-08;GM366_ERC366;2011-11-08T00:00:00-02:00;8;11;2011;1,7446
2011-11-09;GM366_ERC366;2011-11-09T00:00:00-02:00;9;11;2011;1,751
2011-11-10;GM366_ERC366;2011-11-10T00:00:00-02:00;10;11;2011;1,7603
2011-11-11;GM366_ERC366;2011-11-11T00:00:00-02:00;11;11;2011;1,754
2011-11-12;GM366_ERC366;2011-11-12T00:00:00-02:00;12;11;2011;
2011-11-13;GM366_ERC366;2011-11-13T00:00:00-02:00;13;11;2011;
2011-11-14;GM366_ERC366;2011-11-14T00:00:00-02:00;14;11;2011;1,7642
2011-11-15;GM366_ERC366;2011-11-15T00:00:00-02:00;15;11;2011;
2011-11-16;GM366_ERC366;2011-11-16T00:00:00-02:00;16;11;2011;1,7765
2011-11-17;GM366_ERC366;2011-11-17T00:00:00-02:00;17;11;2011;1,7767
2011-11-18;GM366_ERC366;2011-11-18T00:00:00-02:00;18;11;2011;1,7716
2011-11-19;GM366_ERC366;2011-11-19T00:00:00-02:00;19;11;2011;
2011-11-20;GM366_ERC366;2011-11-20T00:00:00-02:00;20;11;2011;
2011-11-21;GM366_ERC366;2011-11-21T00:00:00-02:00;21;11;2011;1,8053
2011-11-22;GM366_ERC366;2011-11-22T00:00:00-02:00;22;11;2011;1,8062
2011-11-23;GM366_ERC366;2011-11-23T00:00:00-02:00;23;11;2011;1,8434
2011-11-24;GM366_ERC366;2011-11-24T00:00:00-02:00;24;11;2011;1,8652
2011-11-25;GM366_ERC366;2011-11-25T00:00:00-02:00;25;11;2011;1,893
2011-11-26;GM366_ERC366;2011-11-26T00:00:00-02:00;26;11;2011;
2011-11-27;GM366_ERC366;2011-11-27T00:00:00-02:00;27;11;2011;
2011-11-28;GM366_ERC366;2011-11-28T00:00:00-02:00;28;11;2011;1,859
2011-11-29;GM366_ERC366;2011-11-29T00:00:00-02:00;29;11;2011;1,8478
2011-11-30;GM366_ERC366;2011-11-30T00:00:00-02:00;30;11;2011;1,8102
2011-12-01;GM366_ERC366;2011-12-01T00:00:00-02:00;1;12;2011;1,7922
2011-12-02;GM366_ERC366;2011-12-02T00:00:00-02:00;2;12;2011;1,7836
2011-12-03;GM366_ERC366;2011-12-03T00:00:00-02:00;3;12;2011;
2011-12-04;GM366_ERC366;2011-12-04T00:00:00-02:00;4;12;2011;
2011-12-05;GM366_ERC366;2011-12-05T00:00:00-02:00;5;12;2011;1,7823
2011-12-06;GM366_ERC366;2011-12-06T00:00:00-02:00;6;12;2011;1,7906
2011-12-07;GM366_ERC366;2011-12-07T00:00:00-02:00;7;12;2011;1,7974
2011-12-08;GM366_ERC366;2011-12-08T00:00:00-02:00;8;12;2011;1,7934
2011-12-09;GM366_ERC366;2011-12-09T00:00:00-02:00;9;12;2011;1,8123
2011-12-10;GM366_ERC366;2011-12-10T00:00:00-02:00;10;12;2011;
2011-12-11;GM366_ERC366;2011-12-11T00:00:00-02:00;11;12;2011;
2011-12-12;GM366_ERC366;2011-12-12T00:00:00-02:00;12;12;2011;1,8211
2011-12-13;GM366_ERC366;2011-12-13T00:00:00-02:00;13;12;2011;1,8403
2011-12-14;GM366_ERC366;2011-12-14T00:00:00-02:00;14;12;2011;1,8721
2011-12-15;GM366_ERC366;2011-12-15T00:00:00-02:00;15;12;2011;1,8602
2011-12-16;GM366_ERC366;2011-12-16T00:00:00-02:00;16;12;2011;1,8458
2011-12-17;GM366_ERC366;2011-12-17T00:00:00-02:00;17;12;2011;
2011-12-18;GM366_ERC366;2011-12-18T00:00:00-02:00;18;12;2011;
2011-12-19;GM366_ERC366;2011-12-19T00:00:00-02:00;19;12;2011;1,8608
2011-12-20;GM366_ERC366;2011-12-20T00:00:00-02:00;20;12;2011;1,8501
2011-12-21;GM366_ERC366;2011-12-21T00:00:00-02:00;21;12;2011;1,855
2011-12-22;GM366_ERC366;2011-12-22T00:00:00-02:00;22;12;2011;1,8571
2011-12-23;GM366_ERC366;2011-12-23T00:00:00-02:00;23;12;2011;1,8554
2011-12-24;GM366_ERC366;2011-12-24T00:00:00-02:00;24;12;2011;
2011-12-25;GM366_ERC366;2011-12-25T00:00:00-02:00;25;12;2011;
2011-12-26;GM366_ERC366;2011-12-26T00:00:00-02:00;26;12;2011;1,8559
2011-12-27;GM366_ERC366;2011-12-27T00:00:00-02:00;27;12;2011;1,8578
2011-12-28;GM366_ERC366;2011-12-28T00:00:00-02:00;28;12;2011;1,8626
2011-12-29;GM366_ERC366;2011-12-29T00:00:00-02:00;29;12;2011;1,8751
2011-12-30;GM366_ERC366;2011-12-30T00:00:00-02:00;30;12;2011;1,8751
2011-12-31;GM366_ERC366;2011-12-31T00:00:00-02:00;31;12;2011;
2012-01-01;GM366_ERC366;2012-01-01T00:00:00-02:00;1;1;2012;
2012-01-02;GM366_ERC366;2012-01-02T00:00:00-02:00;2;1;2012;1,8676
2012-01-03;GM366_ERC366;2012-01-03T00:00:00-02:00;3;1;2012;1,845
2012-01-04;GM366_ERC366;2012-01-04T00:00:00-02:00;4;1;2012;1,8265
2012-01-05;GM366_ERC366;2012-01-05T00:00:00-02:00;5;1;2012;1,8365
2012-01-06;GM366_ERC366;2012-01-06T00:00:00-02:00;6;1;2012;1,8442
2012-01-07;GM366_ERC366;2012-01-07T00:00:00-02:00;7;1;2012;
2012-01-08;GM366_ERC366;2012-01-08T00:00:00-02:00;8;1;2012;
2012-01-09;GM366_ERC366;2012-01-09T00:00:00-02:00;9;1;2012;1,8435
2012-01-10;GM366_ERC366;2012-01-10T00:00:00-02:00;10;1;2012;1,8036
2012-01-11;GM366_ERC366;2012-01-11T00:00:00-02:00;11;1;2012;1,8041
2012-01-12;GM366_ERC366;2012-01-12T00:00:00-02:00;12;1;2012;1,7867
2012-01-13;GM366_ERC366;2012-01-13T00:00:00-02:00;13;1;2012;1,7846
2012-01-14;GM366_ERC366;2012-01-14T00:00:00-02:00;14;1;2012;
2012-01-15;GM366_ERC366;2012-01-15T00:00:00-02:00;15;1;2012;
2012-01-16;GM366_ERC366;2012-01-16T00:00:00-02:00;16;1;2012;1,783
2012-01-17;GM366_ERC366;2012-01-17T00:00:00-02:00;17;1;2012;1,7754
2012-01-18;GM366_ERC366;2012-01-18T00:00:00-02:00;18;1;2012;1,7785
2012-01-19;GM366_ERC366;2012-01-19T00:00:00-02:00;19;1;2012;1,7642
2012-01-20;GM366_ERC366;2012-01-20T00:00:00-02:00;20;1;2012;1,7664
2012-01-21;GM366_ERC366;2012-01-21T00:00:00-02:00;21;1;2012;
2012-01-22;GM366_ERC366;2012-01-22T00:00:00-02:00;22;1;2012;
2012-01-23;GM366_ERC366;2012-01-23T00:00:00-02:00;23;1;2012;1,7521
2012-01-24;GM366_ERC366;2012-01-24T00:00:00-02:00;24;1;2012;1,7643
2012-01-25;GM366_ERC366;2012-01-25T00:00:00-02:00;25;1;2012;1,7623
2012-01-26;GM366_ERC366;2012-01-26T00:00:00-02:00;26;1;2012;1,7382
2012-01-27;GM366_ERC366;2012-01-27T00:00:00-02:00;27;1;2012;1,7429
2012-01-28;GM366_ERC366;2012-01-28T00:00:00-02:00;28;1;2012;
2012-01-29;GM366_ERC366;2012-01-29T00:00:00-02:00;29;1;2012;
2012-01-30;GM366_ERC366;2012-01-30T00:00:00-02:00;30;1;2012;1,7502
2012-01-31;GM366_ERC366;2012-01-31T00:00:00-02:00;31;1;2012;1,7385
2012-02-01;GM366_ERC366;2012-02-01T00:00:00-02:00;1;2;2012;1,737
2012-02-02;GM366_ERC366;2012-02-02T00:00:00-02:00;2;2;2012;1,732
2012-02-03;GM366_ERC366;2012-02-03T00:00:00-02:00;3;2;2012;1,7216
2012-02-04;GM366_ERC366;2012-02-04T00:00:00-02:00;4;2;2012;
2012-02-05;GM366_ERC366;2012-02-05T00:00:00-02:00;5;2;2012;
2012-02-06;GM366_ERC366;2012-02-06T00:00:00-02:00;6;2;2012;1,7243
2012-02-07;GM366_ERC366;2012-02-07T00:00:00-02:00;7;2;2012;1,7255
2012-02-08;GM366_ERC366;2012-02-08T00:00:00-02:00;8;2;2012;1,7189
2012-02-09;GM366_ERC366;2012-02-09T00:00:00-02:00;9;2;2012;1,7219
2012-02-10;GM366_ERC366;2012-02-10T00:00:00-02:00;10;2;2012;1,7254
2012-02-11;GM366_ERC366;2012-02-11T00:00:00-02:00;11;2;2012;
2012-02-12;GM366_ERC366;2012-02-12T00:00:00-02:00;12;2;2012;
2012-02-13;GM366_ERC366;2012-02-13T00:00:00-02:00;13;2;2012;1,7162
2012-02-14;GM366_ERC366;2012-02-14T00:00:00-02:00;14;2;2012;1,7167
2012-02-15;GM366_ERC366;2012-02-15T00:00:00-02:00;15;2;2012;1,7151
2012-02-16;GM366_ERC366;2012-02-16T00:00:00-02:00;16;2;2012;1,732
2012-02-17;GM366_ERC366;2012-02-17T00:00:00-02:00;17;2;2012;1,713
2012-02-18;GM366_ERC366;2012-02-18T00:00:00-02:00;18;2;2012;
2012-02-19;GM366_ERC366;2012-02-19T00:00:00-02:00;19;2;2012;
2012-02-20;GM366_ERC366;2012-02-20T00:00:00-02:00;20;2;2012;
2012-02-21;GM366_ERC366;2012-02-21T00:00:00-02:00;21;2;2012;
2012-02-22;GM366_ERC366;2012-02-22T00:00:00-02:00;22;2;2012;1,7069
2012-02-23;GM366_ERC366;2012-02-23T00:00:00-02:00;23;2;2012;1,7033
2012-02-24;GM366_ERC366;2012-02-24T00:00:00-02:00;24;2;2012;1,7091
2012-02-25;GM366_ERC366;2012-02-25T00:00:00-02:00;25;2;2012;
2012-02-26;GM366_ERC366;2012-02-26T00:00:00-03:00;26;2;2012;
2012-02-27;GM366_ERC366;2012-02-27T00:00:00-03:00;27;2;2012;1,7082
2012-02-28;GM366_ERC366;2012-02-28T00:00:00-03:00;28;2;2012;1,7017
2012-02-29;GM366_ERC366;2012-02-29T00:00:00-03:00;29;2;2012;1,7086
2012-03-01;GM366_ERC366;2012-03-01T00:00:00-03:00;1;3;2012;1,7146
2012-03-02;GM366_ERC366;2012-03-02T00:00:00-03:00;2;3;2012;1,7239
2012-03-03;GM366_ERC366;2012-03-03T00:00:00-03:00;3;3;2012;
2012-03-04;GM366_ERC366;2012-03-04T00:00:00-03:00;4;3;2012;
2012-03-05;GM366_ERC366;2012-03-05T00:00:00-03:00;5;3;2012;1,7308
2012-03-06;GM366_ERC366;2012-03-06T00:00:00-03:00;6;3;2012;1,755
2012-03-07;GM366_ERC366;2012-03-07T00:00:00-03:00;7;3;2012;1,7685
2012-03-08;GM366_ERC366;2012-03-08T00:00:00-03:00;8;3;2012;1,7691
2012-03-09;GM366_ERC366;2012-03-09T00:00:00-03:00;9;3;2012;1,7761
2012-03-10;GM366_ERC366;2012-03-10T00:00:00-03:00;10;3;2012;
2012-03-11;GM366_ERC366;2012-03-11T00:00:00-03:00;11;3;2012;
2012-03-12;GM366_ERC366;2012-03-12T00:00:00-03:00;12;3;2012;1,8151
2012-03-13;GM366_ERC366;2012-03-13T00:00:00-03:00;13;3;2012;1,8096
2012-03-14;GM366_ERC366;2012-03-14T00:00:00-03:00;14;3;2012;1,814
2012-03-15;GM366_ERC366;2012-03-15T00:00:00-03:00;15;3;2012;1,8
2012-03-16;GM366_ERC366;2012-03-16T00:00:00-03:00;16;3;2012;1,8012
2012-03-17;GM366_ERC366;2012-03-17T00:00:00-03:00;17;3;2012;
2012-03-18;GM366_ERC366;2012-03-18T00:00:00-03:00;18;3;2012;
2012-03-19;GM366_ERC366;2012-03-19T00:00:00-03:00;19;3;2012;1,8084
2012-03-20;GM366_ERC366;2012-03-20T00:00:00-03:00;20;3;2012;1,8253
2012-03-21;GM366_ERC366;2012-03-21T00:00:00-03:00;21;3;2012;1,8261
2012-03-22;GM366_ERC366;2012-03-22T00:00:00-03:00;22;3;2012;1,8244
2012-03-23;GM366_ERC366;2012-03-23T00:00:00-03:00;23;3;2012;1,8188
2012-03-24;GM366_ERC366;2012-03-24T00:00:00-03:00;24;3;2012;
2012-03-25;GM366_ERC366;2012-03-25T00:00:00-03:00;25;3;2012;
2012-03-26;GM366_ERC366;2012-03-26T00:00:00-03:00;26;3;2012;1,8137
2012-03-27;GM366_ERC366;2012-03-27T00:00:00-03:00;27;3;2012;1,8129
2012-03-28;GM366_ERC366;2012-03-28T00:00:00-03:00;28;3;2012;1,8217
2012-03-29;GM366_ERC366;2012-03-29T00:00:00-03:00;29;3;2012;1,8327
2012-03-30;GM366_ERC366;2012-03-30T00:00:00-03:00;30;3;2012;1,8215
2012-03-31;GM366_ERC366;2012-03-31T00:00:00-03:00;31;3;2012;
2012-04-01;GM366_ERC366;2012-04-01T00:00:00-03:00;1;4;2012;
2012-04-02;GM366_ERC366;2012-04-02T00:00:00-03:00;2;4;2012;1,8308
2012-04-03;GM366_ERC366;2012-04-03T00:00:00-03:00;3;4;2012;1,825
2012-04-04;GM366_ERC366;2012-04-04T00:00:00-03:00;4;4;2012;1,831
2012-04-05;GM366_ERC366;2012-04-05T00:00:00-03:00;5;4;2012;1,8295
2012-04-06;GM366_ERC366;2012-04-06T00:00:00-03:00;6;4;2012;
2012-04-07;GM366_ERC366;2012-04-07T00:00:00-03:00;7;4;2012;
2012-04-08;GM366_ERC366;2012-04-08T00:00:00-03:00;8;4;2012;
2012-04-09;GM366_ERC366;2012-04-09T00:00:00-03:00;9;4;2012;1,8254
2012-04-10;GM366_ERC366;2012-04-10T00:00:00-03:00;10;4;2012;1,8311
2012-04-11;GM366_ERC366;2012-04-11T00:00:00-03:00;11;4;2012;1,8297
2012-04-12;GM366_ERC366;2012-04-12T00:00:00-03:00;12;4;2012;1,8264
2012-04-13;GM366_ERC366;2012-04-13T00:00:00-03:00;13;4;2012;1,8358
2012-04-14;GM366_ERC366;2012-04-14T00:00:00-03:00;14;4;2012;
2012-04-15;GM366_ERC366;2012-04-15T00:00:00-03:00;15;4;2012;
2012-04-16;GM366_ERC366;2012-04-16T00:00:00-03:00;16;4;2012;1,8367
2012-04-17;GM366_ERC366;2012-04-17T00:00:00-03:00;17;4;2012;1,8447
2012-04-18;GM366_ERC366;2012-04-18T00:00:00-03:00;18;4;2012;1,8688
2012-04-19;GM366_ERC366;2012-04-19T00:00:00-03:00;19;4;2012;1,8861
2012-04-20;GM366_ERC366;2012-04-20T00:00:00-03:00;20;4;2012;1,878
2012-04-21;GM366_ERC366;2012-04-21T00:00:00-03:00;21;4;2012;
2012-04-22;GM366_ERC366;2012-04-22T00:00:00-03:00;22;4;2012;
2012-04-23;GM366_ERC366;2012-04-23T00:00:00-03:00;23;4;2012;1,8858
2012-04-24;GM366_ERC366;2012-04-24T00:00:00-03:00;24;4;2012;1,8774
2012-04-25;GM366_ERC366;2012-04-25T00:00:00-03:00;25;4;2012;1,8801
2012-04-26;GM366_ERC366;2012-04-26T00:00:00-03:00;26;4;2012;1,8864
2012-04-27;GM366_ERC366;2012-04-27T00:00:00-03:00;27;4;2012;1,8846
2012-04-28;GM366_ERC366;2012-04-28T00:00:00-03:00;28;4;2012;
2012-04-29;GM366_ERC366;2012-04-29T00:00:00-03:00;29;4;2012;
2012-04-30;GM366_ERC366;2012-04-30T00:00:00-03:00;30;4;2012;1,8912
2012-05-01;GM366_ERC366;2012-05-01T00:00:00-03:00;1;5;2012;
2012-05-02;GM366_ERC366;2012-05-02T00:00:00-03:00;2;5;2012;1,9143
2012-05-03;GM366_ERC366;2012-05-03T00:00:00-03:00;3;5;2012;1,9271
2012-05-04;GM366_ERC366;2012-05-04T00:00:00-03:00;4;5;2012;1,9204
2012-05-05;GM366_ERC366;2012-05-05T00:00:00-03:00;5;5;2012;
2012-05-06;GM366_ERC366;2012-05-06T00:00:00-03:00;6;5;2012;
2012-05-07;GM366_ERC366;2012-05-07T00:00:00-03:00;7;5;2012;1,9262
2012-05-08;GM366_ERC366;2012-05-08T00:00:00-03:00;8;5;2012;1,936
2012-05-09;GM366_ERC366;2012-05-09T00:00:00-03:00;9;5;2012;1,9571
2012-05-10;GM366_ERC366;2012-05-10T00:00:00-03:00;10;5;2012;1,9576
2012-05-11;GM366_ERC366;2012-05-11T00:00:00-03:00;11;5;2012;1,9507
2012-05-12;GM366_ERC366;2012-05-12T00:00:00-03:00;12;5;2012;
2012-05-13;GM366_ERC366;2012-05-13T00:00:00-03:00;13;5;2012;
2012-05-14;GM366_ERC366;2012-05-14T00:00:00-03:00;14;5;2012;1,986
2012-05-15;GM366_ERC366;2012-05-15T00:00:00-03:00;15;5;2012;1,9941
2012-05-16;GM366_ERC366;2012-05-16T00:00:00-03:00;16;5;2012;1,9968
2012-05-17;GM366_ERC366;2012-05-17T00:00:00-03:00;17;5;2012;1,9967
2012-05-18;GM366_ERC366;2012-05-18T00:00:00-03:00;18;5;2012;2,0088
2012-05-19;GM366_ERC366;2012-05-19T00:00:00-03:00;19;5;2012;
2012-05-20;GM366_ERC366;2012-05-20T00:00:00-03:00;20;5;2012;
2012-05-21;GM366_ERC366;2012-05-21T00:00:00-03:00;21;5;2012;2,0368
2012-05-22;GM366_ERC366;2012-05-22T00:00:00-03:00;22;5;2012;2,0487
2012-05-23;GM366_ERC366;2012-05-23T00:00:00-03:00;23;5;2012;2,0809
2012-05-24;GM366_ERC366;2012-05-24T00:00:00-03:00;24;5;2012;2,0378
2012-05-25;GM366_ERC366;2012-05-25T00:00:00-03:00;25;5;2012;2,0026
2012-05-26;GM366_ERC366;2012-05-26T00:00:00-03:00;26;5;2012;
2012-05-27;GM366_ERC366;2012-05-27T00:00:00-03:00;27;5;2012;
2012-05-28;GM366_ERC366;2012-05-28T00:00:00-03:00;28;5;2012;1,9772
2012-05-29;GM366_ERC366;2012-05-29T00:00:00-03:00;29;5;2012;1,9938
2012-05-30;GM366_ERC366;2012-05-30T00:00:00-03:00;30;5;2012;2,0072
2012-05-31;GM366_ERC366;2012-05-31T00:00:00-03:00;31;5;2012;2,0217
2012-06-01;GM366_ERC366;2012-06-01T00:00:00-03:00;1;6;2012;2,0344
2012-06-02;GM366_ERC366;2012-06-02T00:00:00-03:00;2;6;2012;
2012-06-03;GM366_ERC366;2012-06-03T00:00:00-03:00;3;6;2012;
2012-06-04;GM366_ERC366;2012-06-04T00:00:00-03:00;4;6;2012;2,0404
2012-06-05;GM366_ERC366;2012-06-05T00:00:00-03:00;5;6;2012;2,0259
2012-06-06;GM366_ERC366;2012-06-06T00:00:00-03:00;6;6;2012;2,0176
2012-06-07;GM366_ERC366;2012-06-07T00:00:00-03:00;7;6;2012;
2012-06-08;GM366_ERC366;2012-06-08T00:00:00-03:00;8;6;2012;2,0347
2012-06-09;GM366_ERC366;2012-06-09T00:00:00-03:00;9;6;2012;
2012-06-10;GM366_ERC366;2012-06-10T00:00:00-03:00;10;6;2012;
2012-06-11;GM366_ERC366;2012-06-11T00:00:00-03:00;11;6;2012;2,0342
2012-06-12;GM366_ERC366;2012-06-12T00:00:00-03:00;12;6;2012;2,0558
2012-06-13;GM366_ERC366;2012-06-13T00:00:00-03:00;13;6;2012;2,0597
2012-06-14;GM366_ERC366;2012-06-14T00:00:00-03:00;14;6;2012;2,0685
2012-06-15;GM366_ERC366;2012-06-15T00:00:00-03:00;15;6;2012;2,0437
2012-06-16;GM366_ERC366;2012-06-16T00:00:00-03:00;16;6;2012;
2012-06-17;GM366_ERC366;2012-06-17T00:00:00-03:00;17;6;2012;
2012-06-18;GM366_ERC366;2012-06-18T00:00:00-03:00;18;6;2012;2,0628
2012-06-19;GM366_ERC366;2012-06-19T00:00:00-03:00;19;6;2012;2,0433
2012-06-20;GM366_ERC366;2012-06-20T00:00:00-03:00;20;6;2012;2,0287
2012-06-21;GM366_ERC366;2012-06-21T00:00:00-03:00;21;6;2012;2,0357
2012-06-22;GM366_ERC366;2012-06-22T00:00:00-03:00;22;6;2012;2,0549
2012-06-23;GM366_ERC366;2012-06-23T00:00:00-03:00;23;6;2012;
2012-06-24;GM366_ERC366;2012-06-24T00:00:00-03:00;24;6;2012;
2012-06-25;GM366_ERC366;2012-06-25T00:00:00-03:00;25;6;2012;2,0712
2012-06-26;GM366_ERC366;2012-06-26T00:00:00-03:00;26;6;2012;2,0737
2012-06-27;GM366_ERC366;2012-06-27T00:00:00-03:00;27;6;2012;2,0758
2012-06-28;GM366_ERC366;2012-06-28T00:00:00-03:00;28;6;2012;2,0897
2012-06-29;GM366_ERC366;2012-06-29T00:00:00-03:00;29;6;2012;2,0207
2012-06-30;GM366_ERC366;2012-06-30T00:00:00-03:00;30;6;2012;
2012-07-01;GM366_ERC366;2012-07-01T00:00:00-03:00;1;7;2012;
2012-07-02;GM366_ERC366;2012-07-02T00:00:00-03:00;2;7;2012;1,9887
2012-07-03;GM366_ERC366;2012-07-03T00:00:00-03:00;3;7;2012;1,9882
2012-07-04;GM366_ERC366;2012-07-04T00:00:00-03:00;4;7;2012;2,0195
2012-07-05;GM366_ERC366;2012-07-05T00:00:00-03:00;5;7;2012;2,0287
2012-07-06;GM366_ERC366;2012-07-06T00:00:00-03:00;6;7;2012;2,0353
2012-07-07;GM366_ERC366;2012-07-07T00:00:00-03:00;7;7;2012;
2012-07-08;GM366_ERC366;2012-07-08T00:00:00-03:00;8;7;2012;
2012-07-09;GM366_ERC366;2012-07-09T00:00:00-03:00;9;7;2012;2,0303
2012-07-10;GM366_ERC366;2012-07-10T00:00:00-03:00;10;7;2012;2,0327
2012-07-11;GM366_ERC366;2012-07-11T00:00:00-03:00;11;7;2012;2,0304
2012-07-12;GM366_ERC366;2012-07-12T00:00:00-03:00;12;7;2012;2,0465
2012-07-13;GM366_ERC366;2012-07-13T00:00:00-03:00;13;7;2012;2,0332
2012-07-14;GM366_ERC366;2012-07-14T00:00:00-03:00;14;7;2012;
2012-07-15;GM366_ERC366;2012-07-15T00:00:00-03:00;15;7;2012;
2012-07-16;GM366_ERC366;2012-07-16T00:00:00-03:00;16;7;2012;2,0375
2012-07-17;GM366_ERC366;2012-07-17T00:00:00-03:00;17;7;2012;2,0343
2012-07-18;GM366_ERC366;2012-07-18T00:00:00-03:00;18;7;2012;2,0253
2012-07-19;GM366_ERC366;2012-07-19T00:00:00-03:00;19;7;2012;2,0233
2012-07-20;GM366_ERC366;2012-07-20T00:00:00-03:00;20;7;2012;2,022
2012-07-21;GM366_ERC366;2012-07-21T00:00:00-03:00;21;7;2012;
2012-07-22;GM366_ERC366;2012-07-22T00:00:00-03:00;22;7;2012;
2012-07-23;GM366_ERC366;2012-07-23T00:00:00-03:00;23;7;2012;2,0406
2012-07-24;GM366_ERC366;2012-07-24T00:00:00-03:00;24;7;2012;2,0413
2012-07-25;GM366_ERC366;2012-07-25T00:00:00-03:00;25;7;2012;2,0397
2012-07-26;GM366_ERC366;2012-07-26T00:00:00-03:00;26;7;2012;2,0249
2012-07-27;GM366_ERC366;2012-07-27T00:00:00-03:00;27;7;2012;2,0167
2012-07-28;GM366_ERC366;2012-07-28T00:00:00-03:00;28;7;2012;
2012-07-29;GM366_ERC366;2012-07-29T00:00:00-03:00;29;7;2012;
2012-07-30;GM366_ERC366;2012-07-30T00:00:00-03:00;30;7;2012;2,0308
2012-07-31;GM366_ERC366;2012-07-31T00:00:00-03:00;31;7;2012;2,0494
2012-08-01;GM366_ERC366;2012-08-01T00:00:00-03:00;1;8;2012;2,0426
2012-08-02;GM366_ERC366;2012-08-02T00:00:00-03:00;2;8;2012;2,047
2012-08-03;GM366_ERC366;2012-08-03T00:00:00-03:00;3;8;2012;2,0307
2012-08-04;GM366_ERC366;2012-08-04T00:00:00-03:00;4;8;2012;
2012-08-05;GM366_ERC366;2012-08-05T00:00:00-03:00;5;8;2012;
2012-08-06;GM366_ERC366;2012-08-06T00:00:00-03:00;6;8;2012;2,0273
2012-08-07;GM366_ERC366;2012-08-07T00:00:00-03:00;7;8;2012;2,0276
2012-08-08;GM366_ERC366;2012-08-08T00:00:00-03:00;8;8;2012;2,0267
2012-08-09;GM366_ERC366;2012-08-09T00:00:00-03:00;9;8;2012;2,0177
2012-08-10;GM366_ERC366;2012-08-10T00:00:00-03:00;10;8;2012;2,0169
2012-08-11;GM366_ERC366;2012-08-11T00:00:00-03:00;11;8;2012;
2012-08-12;GM366_ERC366;2012-08-12T00:00:00-03:00;12;8;2012;
2012-08-13;GM366_ERC366;2012-08-13T00:00:00-03:00;13;8;2012;2,026
2012-08-14;GM366_ERC366;2012-08-14T00:00:00-03:00;14;8;2012;2,0252
2012-08-15;GM366_ERC366;2012-08-15T00:00:00-03:00;15;8;2012;2,0228
2012-08-16;GM366_ERC366;2012-08-16T00:00:00-03:00;16;8;2012;2,0208
2012-08-17;GM366_ERC366;2012-08-17T00:00:00-03:00;17;8;2012;2,0176
2012-08-18;GM366_ERC366;2012-08-18T00:00:00-03:00;18;8;2012;
2012-08-19;GM366_ERC366;2012-08-19T00:00:00-03:00;19;8;2012;
2012-08-20;GM366_ERC366;2012-08-20T00:00:00-03:00;20;8;2012;2,0203
2012-08-21;GM366_ERC366;2012-08-21T00:00:00-03:00;21;8;2012;2,0167
2012-08-22;GM366_ERC366;2012-08-22T00:00:00-03:00;22;8;2012;2,0204
2012-08-23;GM366_ERC366;2012-08-23T00:00:00-03:00;23;8;2012;2,0236
2012-08-24;GM366_ERC366;2012-08-24T00:00:00-03:00;24;8;2012;2,025
2012-08-25;GM366_ERC366;2012-08-25T00:00:00-03:00;25;8;2012;
2012-08-26;GM366_ERC366;2012-08-26T00:00:00-03:00;26;8;2012;
2012-08-27;GM366_ERC366;2012-08-27T00:00:00-03:00;27;8;2012;2,0287
2012-08-28;GM366_ERC366;2012-08-28T00:00:00-03:00;28;8;2012;2,0427
2012-08-29;GM366_ERC366;2012-08-29T00:00:00-03:00;29;8;2012;2,0503
2012-08-30;GM366_ERC366;2012-08-30T00:00:00-03:00;30;8;2012;2,0507
2012-08-31;GM366_ERC366;2012-08-31T00:00:00-03:00;31;8;2012;2,0366
2012-09-01;GM366_ERC366;2012-09-01T00:00:00-03:00;1;9;2012;
2012-09-02;GM366_ERC366;2012-09-02T00:00:00-03:00;2;9;2012;
2012-09-03;GM366_ERC366;2012-09-03T00:00:00-03:00;3;9;2012;2,0329
2012-09-04;GM366_ERC366;2012-09-04T00:00:00-03:00;4;9;2012;2,0386
2012-09-05;GM366_ERC366;2012-09-05T00:00:00-03:00;5;9;2012;2,038
2012-09-06;GM366_ERC366;2012-09-06T00:00:00-03:00;6;9;2012;2,0375
2012-09-07;GM366_ERC366;2012-09-07T00:00:00-03:00;7;9;2012;
2012-09-08;GM366_ERC366;2012-09-08T00:00:00-03:00;8;9;2012;
2012-09-09;GM366_ERC366;2012-09-09T00:00:00-03:00;9;9;2012;
2012-09-10;GM366_ERC366;2012-09-10T00:00:00-03:00;10;9;2012;2,0235
2012-09-11;GM366_ERC366;2012-09-11T00:00:00-03:00;11;9;2012;2,0192
2012-09-12;GM366_ERC366;2012-09-12T00:00:00-03:00;12;9;2012;2,0198
2012-09-13;GM366_ERC366;2012-09-13T00:00:00-03:00;13;9;2012;2,0249
2012-09-14;GM366_ERC366;2012-09-14T00:00:00-03:00;14;9;2012;2,0133
2012-09-15;GM366_ERC366;2012-09-15T00:00:00-03:00;15;9;2012;
2012-09-16;GM366_ERC366;2012-09-16T00:00:00-03:00;16;9;2012;
2012-09-17;GM366_ERC366;2012-09-17T00:00:00-03:00;17;9;2012;2,0306
2012-09-18;GM366_ERC366;2012-09-18T00:00:00-03:00;18;9;2012;2,0268
2012-09-19;GM366_ERC366;2012-09-19T00:00:00-03:00;19;9;2012;2,023
2012-09-20;GM366_ERC366;2012-09-20T00:00:00-03:00;20;9;2012;2,0257
2012-09-21;GM366_ERC366;2012-09-21T00:00:00-03:00;21;9;2012;2,0235
2012-09-22;GM366_ERC366;2012-09-22T00:00:00-03:00;22;9;2012;
2012-09-23;GM366_ERC366;2012-09-23T00:00:00-03:00;23;9;2012;
2012-09-24;GM366_ERC366;2012-09-24T00:00:00-03:00;24;9;2012;2,0267
2012-09-25;GM366_ERC366;2012-09-25T00:00:00-03:00;25;9;2012;2,0245
2012-09-26;GM366_ERC366;2012-09-26T00:00:00-03:00;26;9;2012;2,0335
2012-09-27;GM366_ERC366;2012-09-27T00:00:00-03:00;27;9;2012;2,0305
2012-09-28;GM366_ERC366;2012-09-28T00:00:00-03:00;28;9;2012;2,03
2012-09-29;GM366_ERC366;2012-09-29T00:00:00-03:00;29;9;2012;
2012-09-30;GM366_ERC366;2012-09-30T00:00:00-03:00;30;9;2012;
2012-10-01;GM366_ERC366;2012-10-01T00:00:00-03:00;1;10;2012;2,0254
2012-10-02;GM366_ERC366;2012-10-02T00:00:00-03:00;2;10;2012;2,026
2012-10-03;GM366_ERC366;2012-10-03T00:00:00-03:00;3;10;2012;2,026
2012-10-04;GM366_ERC366;2012-10-04T00:00:00-03:00;4;10;2012;2,0218
2012-10-05;GM366_ERC366;2012-10-05T00:00:00-03:00;5;10;2012;2,024
2012-10-06;GM366_ERC366;2012-10-06T00:00:00-03:00;6;10;2012;
2012-10-07;GM366_ERC366;2012-10-07T00:00:00-03:00;7;10;2012;
2012-10-08;GM366_ERC366;2012-10-08T00:00:00-03:00;8;10;2012;2,0307
2012-10-09;GM366_ERC366;2012-10-09T00:00:00-03:00;9;10;2012;2,0331
2012-10-10;GM366_ERC366;2012-10-10T00:00:00-03:00;10;10;2012;2,0373
2012-10-11;GM366_ERC366;2012-10-11T00:00:00-03:00;11;10;2012;2,0363
2012-10-12;GM366_ERC366;2012-10-12T00:00:00-03:00;12;10;2012;
2012-10-13;GM366_ERC366;2012-10-13T00:00:00-03:00;13;10;2012;
2012-10-14;GM366_ERC366;2012-10-14T00:00:00-03:00;14;10;2012;
2012-10-15;GM366_ERC366;2012-10-15T00:00:00-03:00;15;10;2012;2,0377
2012-10-16;GM366_ERC366;2012-10-16T00:00:00-03:00;16;10;2012;2,0345
2012-10-17;GM366_ERC366;2012-10-17T00:00:00-03:00;17;10;2012;2,033
2012-10-18;GM366_ERC366;2012-10-18T00:00:00-03:00;18;10;2012;2,029
2012-10-19;GM366_ERC366;2012-10-19T00:00:00-03:00;19;10;2012;2,0266
2012-10-20;GM366_ERC366;2012-10-20T00:00:00-03:00;20;10;2012;
2012-10-21;GM366_ERC366;2012-10-21T00:00:00-03:00;21;10;2012;
2012-10-22;GM366_ERC366;2012-10-22T00:00:00-02:00;22;10;2012;2,026
2012-10-23;GM366_ERC366;2012-10-23T00:00:00-02:00;23;10;2012;2,0281
2012-10-24;GM366_ERC366;2012-10-24T00:00:00-02:00;24;10;2012;2,0257
2012-10-25;GM366_ERC366;2012-10-25T00:00:00-02:00;25;10;2012;2,0256
2012-10-26;GM366_ERC366;2012-10-26T00:00:00-02:00;26;10;2012;2,0257
2012-10-27;GM366_ERC366;2012-10-27T00:00:00-02:00;27;10;2012;
2012-10-28;GM366_ERC366;2012-10-28T00:00:00-02:00;28;10;2012;
2012-10-29;GM366_ERC366;2012-10-29T00:00:00-02:00;29;10;2012;2,0291
2012-10-30;GM366_ERC366;2012-10-30T00:00:00-02:00;30;10;2012;2,0318
2012-10-31;GM366_ERC366;2012-10-31T00:00:00-02:00;31;10;2012;2,0308
2012-11-01;GM366_ERC366;2012-11-01T00:00:00-02:00;1;11;2012;2,0306
2012-11-02;GM366_ERC366;2012-11-02T00:00:00-02:00;2;11;2012;
2012-11-03;GM366_ERC366;2012-11-03T00:00:00-02:00;3;11;2012;
2012-11-04;GM366_ERC366;2012-11-04T00:00:00-02:00;4;11;2012;
2012-11-05;GM366_ERC366;2012-11-05T00:00:00-02:00;5;11;2012;2,0344
2012-11-06;GM366_ERC366;2012-11-06T00:00:00-02:00;6;11;2012;2,0336
2012-11-07;GM366_ERC366;2012-11-07T00:00:00-02:00;7;11;2012;2,0324
2012-11-08;GM366_ERC366;2012-11-08T00:00:00-02:00;8;11;2012;2,0352
2012-11-09;GM366_ERC366;2012-11-09T00:00:00-02:00;9;11;2012;2,0507
2012-11-10;GM366_ERC366;2012-11-10T00:00:00-02:00;10;11;2012;
2012-11-11;GM366_ERC366;2012-11-11T00:00:00-02:00;11;11;2012;
2012-11-12;GM366_ERC366;2012-11-12T00:00:00-02:00;12;11;2012;2,047
2012-11-13;GM366_ERC366;2012-11-13T00:00:00-02:00;13;11;2012;2,0609
2012-11-14;GM366_ERC366;2012-11-14T00:00:00-02:00;14;11;2012;2,0624
2012-11-15;GM366_ERC366;2012-11-15T00:00:00-02:00;15;11;2012;
2012-11-16;GM366_ERC366;2012-11-16T00:00:00-02:00;16;11;2012;2,0706
2012-11-17;GM366_ERC366;2012-11-17T00:00:00-02:00;17;11;2012;
2012-11-18;GM366_ERC366;2012-11-18T00:00:00-02:00;18;11;2012;
2012-11-19;GM366_ERC366;2012-11-19T00:00:00-02:00;19;11;2012;2,074
2012-11-20;GM366_ERC366;2012-11-20T00:00:00-02:00;20;11;2012;2,0827
2012-11-21;GM366_ERC366;2012-11-21T00:00:00-02:00;21;11;2012;2,0918
2012-11-22;GM366_ERC366;2012-11-22T00:00:00-02:00;22;11;2012;2,0907
2012-11-23;GM366_ERC366;2012-11-23T00:00:00-02:00;23;11;2012;2,098
2012-11-24;GM366_ERC366;2012-11-24T00:00:00-02:00;24;11;2012;
2012-11-25;GM366_ERC366;2012-11-25T00:00:00-02:00;25;11;2012;
2012-11-26;GM366_ERC366;2012-11-26T00:00:00-02:00;26;11;2012;2,0782
2012-11-27;GM366_ERC366;2012-11-27T00:00:00-02:00;27;11;2012;2,0746
2012-11-28;GM366_ERC366;2012-11-28T00:00:00-02:00;28;11;2012;2,0907
2012-11-29;GM366_ERC366;2012-11-29T00:00:00-02:00;29;11;2012;2,0986
2012-11-30;GM366_ERC366;2012-11-30T00:00:00-02:00;30;11;2012;2,1068
2012-12-01;GM366_ERC366;2012-12-01T00:00:00-02:00;1;12;2012;
2012-12-02;GM366_ERC366;2012-12-02T00:00:00-02:00;2;12;2012;
2012-12-03;GM366_ERC366;2012-12-03T00:00:00-02:00;3;12;2012;2,1115
2012-12-04;GM366_ERC366;2012-12-04T00:00:00-02:00;4;12;2012;2,1072
2012-12-05;GM366_ERC366;2012-12-05T00:00:00-02:00;5;12;2012;2,104
2012-12-06;GM366_ERC366;2012-12-06T00:00:00-02:00;6;12;2012;2,0831
2012-12-07;GM366_ERC366;2012-12-07T00:00:00-02:00;7;12;2012;2,0798
2012-12-08;GM366_ERC366;2012-12-08T00:00:00-02:00;8;12;2012;
2012-12-09;GM366_ERC366;2012-12-09T00:00:00-02:00;9;12;2012;
2012-12-10;GM366_ERC366;2012-12-10T00:00:00-02:00;10;12;2012;2,0804
2012-12-11;GM366_ERC366;2012-12-11T00:00:00-02:00;11;12;2012;2,0737
2012-12-12;GM366_ERC366;2012-12-12T00:00:00-02:00;12;12;2012;2,0795
2012-12-13;GM366_ERC366;2012-12-13T00:00:00-02:00;13;12;2012;2,0745
2012-12-14;GM366_ERC366;2012-12-14T00:00:00-02:00;14;12;2012;2,0834
2012-12-15;GM366_ERC366;2012-12-15T00:00:00-02:00;15;12;2012;
2012-12-16;GM366_ERC366;2012-12-16T00:00:00-02:00;16;12;2012;
2012-12-17;GM366_ERC366;2012-12-17T00:00:00-02:00;17;12;2012;2,0896
2012-12-18;GM366_ERC366;2012-12-18T00:00:00-02:00;18;12;2012;2,096
2012-12-19;GM366_ERC366;2012-12-19T00:00:00-02:00;19;12;2012;2,0785
2012-12-20;GM366_ERC366;2012-12-20T00:00:00-02:00;20;12;2012;2,062
2012-12-21;GM366_ERC366;2012-12-21T00:00:00-02:00;21;12;2012;2,0751
2012-12-22;GM366_ERC366;2012-12-22T00:00:00-02:00;22;12;2012;
2012-12-23;GM366_ERC366;2012-12-23T00:00:00-02:00;23;12;2012;
2012-12-24;GM366_ERC366;2012-12-24T00:00:00-02:00;24;12;2012;2,0767
2012-12-25;GM366_ERC366;2012-12-25T00:00:00-02:00;25;12;2012;
2012-12-26;GM366_ERC366;2012-12-26T00:00:00-02:00;26;12;2012;2,0563
2012-12-27;GM366_ERC366;2012-12-27T00:00:00-02:00;27;12;2012;2,0477
2012-12-28;GM366_ERC366;2012-12-28T00:00:00-02:00;28;12;2012;2,0429
2012-12-29;GM366_ERC366;2012-12-29T00:00:00-02:00;29;12;2012;
2012-12-30;GM366_ERC366;2012-12-30T00:00:00-02:00;30;12;2012;
2012-12-31;GM366_ERC366;2012-12-31T00:00:00-02:00;31;12;2012;2,0429
2013-01-01;GM366_ERC366;2013-01-01T00:00:00-02:00;1;1;2013;
2013-01-02;GM366_ERC366;2013-01-02T00:00:00-02:00;2;1;2013;2,0409
2013-01-03;GM366_ERC366;2013-01-03T00:00:00-02:00;3;1;2013;2,0458
2013-01-04;GM366_ERC366;2013-01-04T00:00:00-02:00;4;1;2013;2,0419
2013-01-05;GM366_ERC366;2013-01-05T00:00:00-02:00;5;1;2013;
2013-01-06;GM366_ERC366;2013-01-06T00:00:00-02:00;6;1;2013;
2013-01-07;GM366_ERC366;2013-01-07T00:00:00-02:00;7;1;2013;2,0306
2013-01-08;GM366_ERC366;2013-01-08T00:00:00-02:00;8;1;2013;2,028
2013-01-09;GM366_ERC366;2013-01-09T00:00:00-02:00;9;1;2013;2,0411
2013-01-10;GM366_ERC366;2013-01-10T00:00:00-02:00;10;1;2013;2,0352
2013-01-11;GM366_ERC366;2013-01-11T00:00:00-02:00;11;1;2013;2,0335
2013-01-12;GM366_ERC366;2013-01-12T00:00:00-02:00;12;1;2013;
2013-01-13;GM366_ERC366;2013-01-13T00:00:00-02:00;13;1;2013;
2013-01-14;GM366_ERC366;2013-01-14T00:00:00-02:00;14;1;2013;2,0328
2013-01-15;GM366_ERC366;2013-01-15T00:00:00-02:00;15;1;2013;2,0368
2013-01-16;GM366_ERC366;2013-01-16T00:00:00-02:00;16;1;2013;2,0403
2013-01-17;GM366_ERC366;2013-01-17T00:00:00-02:00;17;1;2013;2,0405
2013-01-18;GM366_ERC366;2013-01-18T00:00:00-02:00;18;1;2013;2,0435
2013-01-19;GM366_ERC366;2013-01-19T00:00:00-02:00;19;1;2013;
2013-01-20;GM366_ERC366;2013-01-20T00:00:00-02:00;20;1;2013;
2013-01-21;GM366_ERC366;2013-01-21T00:00:00-02:00;21;1;2013;2,0415
2013-01-22;GM366_ERC366;2013-01-22T00:00:00-02:00;22;1;2013;2,0466
2013-01-23;GM366_ERC366;2013-01-23T00:00:00-02:00;23;1;2013;2,0388
2013-01-24;GM366_ERC366;2013-01-24T00:00:00-02:00;24;1;2013;2,0338
2013-01-25;GM366_ERC366;2013-01-25T00:00:00-02:00;25;1;2013;2,0277
2013-01-26;GM366_ERC366;2013-01-26T00:00:00-02:00;26;1;2013;
2013-01-27;GM366_ERC366;2013-01-27T00:00:00-02:00;27;1;2013;
2013-01-28;GM366_ERC366;2013-01-28T00:00:00-02:00;28;1;2013;2,0235
2013-01-29;GM366_ERC366;2013-01-29T00:00:00-02:00;29;1;2013;1,9906
2013-01-30;GM366_ERC366;2013-01-30T00:00:00-02:00;30;1;2013;1,9894
2013-01-31;GM366_ERC366;2013-01-31T00:00:00-02:00;31;1;2013;1,9877
2013-02-01;GM366_ERC366;2013-02-01T00:00:00-02:00;1;2;2013;1,9838
2013-02-02;GM366_ERC366;2013-02-02T00:00:00-02:00;2;2;2013;
2013-02-03;GM366_ERC366;2013-02-03T00:00:00-02:00;3;2;2013;
2013-02-04;GM366_ERC366;2013-02-04T00:00:00-02:00;4;2;2013;1,9888
2013-02-05;GM366_ERC366;2013-02-05T00:00:00-02:00;5;2;2013;1,9875
2013-02-06;GM366_ERC366;2013-02-06T00:00:00-02:00;6;2;2013;1,9878
2013-02-07;GM366_ERC366;2013-02-07T00:00:00-02:00;7;2;2013;1,9783
2013-02-08;GM366_ERC366;2013-02-08T00:00:00-02:00;8;2;2013;1,963
2013-02-09;GM366_ERC366;2013-02-09T00:00:00-02:00;9;2;2013;
2013-02-10;GM366_ERC366;2013-02-10T00:00:00-02:00;10;2;2013;
2013-02-11;GM366_ERC366;2013-02-11T00:00:00-02:00;11;2;2013;
2013-02-12;GM366_ERC366;2013-02-12T00:00:00-02:00;12;2;2013;
2013-02-13;GM366_ERC366;2013-02-13T00:00:00-02:00;13;2;2013;1,9665
2013-02-14;GM366_ERC366;2013-02-14T00:00:00-02:00;14;2;2013;1,966
2013-02-15;GM366_ERC366;2013-02-15T00:00:00-02:00;15;2;2013;1,9594
2013-02-16;GM366_ERC366;2013-02-16T00:00:00-02:00;16;2;2013;
2013-02-17;GM366_ERC366;2013-02-17T00:00:00-03:00;17;2;2013;
2013-02-18;GM366_ERC366;2013-02-18T00:00:00-03:00;18;2;2013;1,967
2013-02-19;GM366_ERC366;2013-02-19T00:00:00-03:00;19;2;2013;1,9591
2013-02-20;GM366_ERC366;2013-02-20T00:00:00-03:00;20;2;2013;1,9564
2013-02-21;GM366_ERC366;2013-02-21T00:00:00-03:00;21;2;2013;1,9715
2013-02-22;GM366_ERC366;2013-02-22T00:00:00-03:00;22;2;2013;1,9699
2013-02-23;GM366_ERC366;2013-02-23T00:00:00-03:00;23;2;2013;
2013-02-24;GM366_ERC366;2013-02-24T00:00:00-03:00;24;2;2013;
2013-02-25;GM366_ERC366;2013-02-25T00:00:00-03:00;25;2;2013;1,967
2013-02-26;GM366_ERC366;2013-02-26T00:00:00-03:00;26;2;2013;1,9812
2013-02-27;GM366_ERC366;2013-02-27T00:00:00-03:00;27;2;2013;1,9801
2013-02-28;GM366_ERC366;2013-02-28T00:00:00-03:00;28;2;2013;1,9749
2013-03-01;GM366_ERC366;2013-03-01T00:00:00-03:00;1;3;2013;1,9843
2013-03-02;GM366_ERC366;2013-03-02T00:00:00-03:00;2;3;2013;
2013-03-03;GM366_ERC366;2013-03-03T00:00:00-03:00;3;3;2013;
2013-03-04;GM366_ERC366;2013-03-04T00:00:00-03:00;4;3;2013;1,9822
2013-03-05;GM366_ERC366;2013-03-05T00:00:00-03:00;5;3;2013;1,9688
2013-03-06;GM366_ERC366;2013-03-06T00:00:00-03:00;6;3;2013;1,9668
2013-03-07;GM366_ERC366;2013-03-07T00:00:00-03:00;7;3;2013;1,9636
2013-03-08;GM366_ERC366;2013-03-08T00:00:00-03:00;8;3;2013;1,9522
2013-03-09;GM366_ERC366;2013-03-09T00:00:00-03:00;9;3;2013;
2013-03-10;GM366_ERC366;2013-03-10T00:00:00-03:00;10;3;2013;
2013-03-11;GM366_ERC366;2013-03-11T00:00:00-03:00;11;3;2013;1,9546
2013-03-12;GM366_ERC366;2013-03-12T00:00:00-03:00;12;3;2013;1,9579
2013-03-13;GM366_ERC366;2013-03-13T00:00:00-03:00;13;3;2013;1,9614
2013-03-14;GM366_ERC366;2013-03-14T00:00:00-03:00;14;3;2013;1,9671
2013-03-15;GM366_ERC366;2013-03-15T00:00:00-03:00;15;3;2013;1,9743
2013-03-16;GM366_ERC366;2013-03-16T00:00:00-03:00;16;3;2013;
2013-03-17;GM366_ERC366;2013-03-17T00:00:00-03:00;17;3;2013;
2013-03-18;GM366_ERC366;2013-03-18T00:00:00-03:00;18;3;2013;1,9865
2013-03-19;GM366_ERC366;2013-03-19T00:00:00-03:00;19;3;2013;1,9824
2013-03-20;GM366_ERC366;2013-03-20T00:00:00-03:00;20;3;2013;1,9862
2013-03-21;GM366_ERC366;2013-03-21T00:00:00-03:00;21;3;2013;1,9925
2013-03-22;GM366_ERC366;2013-03-22T00:00:00-03:00;22;3;2013;2,012
2013-03-23;GM366_ERC366;2013-03-23T00:00:00-03:00;23;3;2013;
2013-03-24;GM366_ERC366;2013-03-24T00:00:00-03:00;24;3;2013;
2013-03-25;GM366_ERC366;2013-03-25T00:00:00-03:00;25;3;2013;2,0134
2013-03-26;GM366_ERC366;2013-03-26T00:00:00-03:00;26;3;2013;2,0081
2013-03-27;GM366_ERC366;2013-03-27T00:00:00-03:00;27;3;2013;2,0179
2013-03-28;GM366_ERC366;2013-03-28T00:00:00-03:00;28;3;2013;2,0132
2013-03-29;GM366_ERC366;2013-03-29T00:00:00-03:00;29;3;2013;
2013-03-30;GM366_ERC366;2013-03-30T00:00:00-03:00;30;3;2013;
2013-03-31;GM366_ERC366;2013-03-31T00:00:00-03:00;31;3;2013;
2013-04-01;GM366_ERC366;2013-04-01T00:00:00-03:00;1;4;2013;2,018
2013-04-02;GM366_ERC366;2013-04-02T00:00:00-03:00;2;4;2013;2,0173
2013-04-03;GM366_ERC366;2013-04-03T00:00:00-03:00;3;4;2013;2,0233
2013-04-04;GM366_ERC366;2013-04-04T00:00:00-03:00;4;4;2013;2,0195
2013-04-05;GM366_ERC366;2013-04-05T00:00:00-03:00;5;4;2013;2,0029
2013-04-06;GM366_ERC366;2013-04-06T00:00:00-03:00;6;4;2013;
2013-04-07;GM366_ERC366;2013-04-07T00:00:00-03:00;7;4;2013;
2013-04-08;GM366_ERC366;2013-04-08T00:00:00-03:00;8;4;2013;1,9897
2013-04-09;GM366_ERC366;2013-04-09T00:00:00-03:00;9;4;2013;1,9855
2013-04-10;GM366_ERC366;2013-04-10T00:00:00-03:00;10;4;2013;1,9804
2013-04-11;GM366_ERC366;2013-04-11T00:00:00-03:00;11;4;2013;1,9731
2013-04-12;GM366_ERC366;2013-04-12T00:00:00-03:00;12;4;2013;1,9755
2013-04-13;GM366_ERC366;2013-04-13T00:00:00-03:00;13;4;2013;
2013-04-14;GM366_ERC366;2013-04-14T00:00:00-03:00;14;4;2013;
2013-04-15;GM366_ERC366;2013-04-15T00:00:00-03:00;15;4;2013;1,9784
2013-04-16;GM366_ERC366;2013-04-16T00:00:00-03:00;16;4;2013;1,9897
2013-04-17;GM366_ERC366;2013-04-17T00:00:00-03:00;17;4;2013;1,9933
2013-04-18;GM366_ERC366;2013-04-18T00:00:00-03:00;18;4;2013;2,0146
2013-04-19;GM366_ERC366;2013-04-19T00:00:00-03:00;19;4;2013;2,0084
2013-04-20;GM366_ERC366;2013-04-20T00:00:00-03:00;20;4;2013;
2013-04-21;GM366_ERC366;2013-04-21T00:00:00-03:00;21;4;2013;
2013-04-22;GM366_ERC366;2013-04-22T00:00:00-03:00;22;4;2013;2,0148
2013-04-23;GM366_ERC366;2013-04-23T00:00:00-03:00;23;4;2013;2,0164
2013-04-24;GM366_ERC366;2013-04-24T00:00:00-03:00;24;4;2013;2,0238
2013-04-25;GM366_ERC366;2013-04-25T00:00:00-03:00;25;4;2013;2,0114
2013-04-26;GM366_ERC366;2013-04-26T00:00:00-03:00;26;4;2013;1,9995
2013-04-27;GM366_ERC366;2013-04-27T00:00:00-03:00;27;4;2013;
2013-04-28;GM366_ERC366;2013-04-28T00:00:00-03:00;28;4;2013;
2013-04-29;GM366_ERC366;2013-04-29T00:00:00-03:00;29;4;2013;1,9993
2013-04-30;GM366_ERC366;2013-04-30T00:00:00-03:00;30;4;2013;2,0011
2013-05-01;GM366_ERC366;2013-05-01T00:00:00-03:00;1;5;2013;
2013-05-02;GM366_ERC366;2013-05-02T00:00:00-03:00;2;5;2013;2,0089
2013-05-03;GM366_ERC366;2013-05-03T00:00:00-03:00;3;5;2013;2,0088
2013-05-04;GM366_ERC366;2013-05-04T00:00:00-03:00;4;5;2013;
2013-05-05;GM366_ERC366;2013-05-05T00:00:00-03:00;5;5;2013;
2013-05-06;GM366_ERC366;2013-05-06T00:00:00-03:00;6;5;2013;2,0137
2013-05-07;GM366_ERC366;2013-05-07T00:00:00-03:00;7;5;2013;2,0104
2013-05-08;GM366_ERC366;2013-05-08T00:00:00-03:00;8;5;2013;2,0024
2013-05-09;GM366_ERC366;2013-05-09T00:00:00-03:00;9;5;2013;2,0046
2013-05-10;GM366_ERC366;2013-05-10T00:00:00-03:00;10;5;2013;2,0225
2013-05-11;GM366_ERC366;2013-05-11T00:00:00-03:00;11;5;2013;
2013-05-12;GM366_ERC366;2013-05-12T00:00:00-03:00;12;5;2013;
2013-05-13;GM366_ERC366;2013-05-13T00:00:00-03:00;13;5;2013;2,0144
2013-05-14;GM366_ERC366;2013-05-14T00:00:00-03:00;14;5;2013;2,0057
2013-05-15;GM366_ERC366;2013-05-15T00:00:00-03:00;15;5;2013;2,0227
2013-05-16;GM366_ERC366;2013-05-16T00:00:00-03:00;16;5;2013;2,0249
2013-05-17;GM366_ERC366;2013-05-17T00:00:00-03:00;17;5;2013;2,0348
2013-05-18;GM366_ERC366;2013-05-18T00:00:00-03:00;18;5;2013;
2013-05-19;GM366_ERC366;2013-05-19T00:00:00-03:00;19;5;2013;
2013-05-20;GM366_ERC366;2013-05-20T00:00:00-03:00;20;5;2013;2,0328
2013-05-21;GM366_ERC366;2013-05-21T00:00:00-03:00;21;5;2013;2,0396
2013-05-22;GM366_ERC366;2013-05-22T00:00:00-03:00;22;5;2013;2,0381
2013-05-23;GM366_ERC366;2013-05-23T00:00:00-03:00;23;5;2013;2,0531
2013-05-24;GM366_ERC366;2013-05-24T00:00:00-03:00;24;5;2013;2,0489
2013-05-25;GM366_ERC366;2013-05-25T00:00:00-03:00;25;5;2013;
2013-05-26;GM366_ERC366;2013-05-26T00:00:00-03:00;26;5;2013;
2013-05-27;GM366_ERC366;2013-05-27T00:00:00-03:00;27;5;2013;2,0521
2013-05-28;GM366_ERC366;2013-05-28T00:00:00-03:00;28;5;2013;2,061
2013-05-29;GM366_ERC366;2013-05-29T00:00:00-03:00;29;5;2013;2,0888
2013-05-30;GM366_ERC366;2013-05-30T00:00:00-03:00;30;5;2013;
2013-05-31;GM366_ERC366;2013-05-31T00:00:00-03:00;31;5;2013;2,1314
2013-06-01;GM366_ERC366;2013-06-01T00:00:00-03:00;1;6;2013;
2013-06-02;GM366_ERC366;2013-06-02T00:00:00-03:00;2;6;2013;
2013-06-03;GM366_ERC366;2013-06-03T00:00:00-03:00;3;6;2013;2,1349
2013-06-04;GM366_ERC366;2013-06-04T00:00:00-03:00;4;6;2013;2,1276
2013-06-05;GM366_ERC366;2013-06-05T00:00:00-03:00;5;6;2013;2,1229
2013-06-06;GM366_ERC366;2013-06-06T00:00:00-03:00;6;6;2013;2,1244
2013-06-07;GM366_ERC366;2013-06-07T00:00:00-03:00;7;6;2013;2,1367
2013-06-08;GM366_ERC366;2013-06-08T00:00:00-03:00;8;6;2013;
2013-06-09;GM366_ERC366;2013-06-09T00:00:00-03:00;9;6;2013;
2013-06-10;GM366_ERC366;2013-06-10T00:00:00-03:00;10;6;2013;2,1501
2013-06-11;GM366_ERC366;2013-06-11T00:00:00-03:00;11;6;2013;2,1515
2013-06-12;GM366_ERC366;2013-06-12T00:00:00-03:00;12;6;2013;2,1415
2013-06-13;GM366_ERC366;2013-06-13T00:00:00-03:00;13;6;2013;2,1441
2013-06-14;GM366_ERC366;2013-06-14T00:00:00-03:00;14;6;2013;2,1361
2013-06-15;GM366_ERC366;2013-06-15T00:00:00-03:00;15;6;2013;
2013-06-16;GM366_ERC366;2013-06-16T00:00:00-03:00;16;6;2013;
2013-06-17;GM366_ERC366;2013-06-17T00:00:00-03:00;17;6;2013;2,1532
2013-06-18;GM366_ERC366;2013-06-18T00:00:00-03:00;18;6;2013;2,17
2013-06-19;GM366_ERC366;2013-06-19T00:00:00-03:00;19;6;2013;2,1738
2013-06-20;GM366_ERC366;2013-06-20T00:00:00-03:00;20;6;2013;2,2517
2013-06-21;GM366_ERC366;2013-06-21T00:00:00-03:00;21;6;2013;2,2642
2013-06-22;GM366_ERC366;2013-06-22T00:00:00-03:00;22;6;2013;
2013-06-23;GM366_ERC366;2013-06-23T00:00:00-03:00;23;6;2013;
2013-06-24;GM366_ERC366;2013-06-24T00:00:00-03:00;24;6;2013;2,2509
2013-06-25;GM366_ERC366;2013-06-25T00:00:00-03:00;25;6;2013;2,218
2013-06-26;GM366_ERC366;2013-06-26T00:00:00-03:00;26;6;2013;2,1969
2013-06-27;GM366_ERC366;2013-06-27T00:00:00-03:00;27;6;2013;2,184
2013-06-28;GM366_ERC366;2013-06-28T00:00:00-03:00;28;6;2013;2,215
2013-06-29;GM366_ERC366;2013-06-29T00:00:00-03:00;29;6;2013;
2013-06-30;GM366_ERC366;2013-06-30T00:00:00-03:00;30;6;2013;
2013-07-01;GM366_ERC366;2013-07-01T00:00:00-03:00;1;7;2013;2,2292
2013-07-02;GM366_ERC366;2013-07-02T00:00:00-03:00;2;7;2013;2,2407
2013-07-03;GM366_ERC366;2013-07-03T00:00:00-03:00;3;7;2013;2,2628
2013-07-04;GM366_ERC366;2013-07-04T00:00:00-03:00;4;7;2013;2,2589
2013-07-05;GM366_ERC366;2013-07-05T00:00:00-03:00;5;7;2013;2,2639
2013-07-06;GM366_ERC366;2013-07-06T00:00:00-03:00;6;7;2013;
2013-07-07;GM366_ERC366;2013-07-07T00:00:00-03:00;7;7;2013;
2013-07-08;GM366_ERC366;2013-07-08T00:00:00-03:00;8;7;2013;2,2577
2013-07-09;GM366_ERC366;2013-07-09T00:00:00-03:00;9;7;2013;2,2615
2013-07-10;GM366_ERC366;2013-07-10T00:00:00-03:00;10;7;2013;2,2691
2013-07-11;GM366_ERC366;2013-07-11T00:00:00-03:00;11;7;2013;2,2666
2013-07-12;GM366_ERC366;2013-07-12T00:00:00-03:00;12;7;2013;2,2664
2013-07-13;GM366_ERC366;2013-07-13T00:00:00-03:00;13;7;2013;
2013-07-14;GM366_ERC366;2013-07-14T00:00:00-03:00;14;7;2013;
2013-07-15;GM366_ERC366;2013-07-15T00:00:00-03:00;15;7;2013;2,2543
2013-07-16;GM366_ERC366;2013-07-16T00:00:00-03:00;16;7;2013;2,2347
2013-07-17;GM366_ERC366;2013-07-17T00:00:00-03:00;17;7;2013;2,2366
2013-07-18;GM366_ERC366;2013-07-18T00:00:00-03:00;18;7;2013;2,2291
2013-07-19;GM366_ERC366;2013-07-19T00:00:00-03:00;19;7;2013;2,2358
2013-07-20;GM366_ERC366;2013-07-20T00:00:00-03:00;20;7;2013;
2013-07-21;GM366_ERC366;2013-07-21T00:00:00-03:00;21;7;2013;
2013-07-22;GM366_ERC366;2013-07-22T00:00:00-03:00;22;7;2013;2,238
2013-07-23;GM366_ERC366;2013-07-23T00:00:00-03:00;23;7;2013;2,2261
2013-07-24;GM366_ERC366;2013-07-24T00:00:00-03:00;24;7;2013;2,2342
2013-07-25;GM366_ERC366;2013-07-25T00:00:00-03:00;25;7;2013;2,2491
2013-07-26;GM366_ERC366;2013-07-26T00:00:00-03:00;26;7;2013;2,2483
2013-07-27;GM366_ERC366;2013-07-27T00:00:00-03:00;27;7;2013;
2013-07-28;GM366_ERC366;2013-07-28T00:00:00-03:00;28;7;2013;
2013-07-29;GM366_ERC366;2013-07-29T00:00:00-03:00;29;7;2013;2,2603
2013-07-30;GM366_ERC366;2013-07-30T00:00:00-03:00;30;7;2013;2,2729
2013-07-31;GM366_ERC366;2013-07-31T00:00:00-03:00;31;7;2013;2,2897
2013-08-01;GM366_ERC366;2013-08-01T00:00:00-03:00;1;8;2013;2,2908
2013-08-02;GM366_ERC366;2013-08-02T00:00:00-03:00;2;8;2013;2,2927
2013-08-03;GM366_ERC366;2013-08-03T00:00:00-03:00;3;8;2013;
2013-08-04;GM366_ERC366;2013-08-04T00:00:00-03:00;4;8;2013;
2013-08-05;GM366_ERC366;2013-08-05T00:00:00-03:00;5;8;2013;2,3004
2013-08-06;GM366_ERC366;2013-08-06T00:00:00-03:00;6;8;2013;2,2949
2013-08-07;GM366_ERC366;2013-08-07T00:00:00-03:00;7;8;2013;2,3022
2013-08-08;GM366_ERC366;2013-08-08T00:00:00-03:00;8;8;2013;2,2876
2013-08-09;GM366_ERC366;2013-08-09T00:00:00-03:00;9;8;2013;2,2743
2013-08-10;GM366_ERC366;2013-08-10T00:00:00-03:00;10;8;2013;
2013-08-11;GM366_ERC366;2013-08-11T00:00:00-03:00;11;8;2013;
2013-08-12;GM366_ERC366;2013-08-12T00:00:00-03:00;12;8;2013;2,2716
2013-08-13;GM366_ERC366;2013-08-13T00:00:00-03:00;13;8;2013;2,3029
2013-08-14;GM366_ERC366;2013-08-14T00:00:00-03:00;14;8;2013;2,3112
2013-08-15;GM366_ERC366;2013-08-15T00:00:00-03:00;15;8;2013;2,3428
2013-08-16;GM366_ERC366;2013-08-16T00:00:00-03:00;16;8;2013;2,3559
2013-08-17;GM366_ERC366;2013-08-17T00:00:00-03:00;17;8;2013;
2013-08-18;GM366_ERC366;2013-08-18T00:00:00-03:00;18;8;2013;
2013-08-19;GM366_ERC366;2013-08-19T00:00:00-03:00;19;8;2013;2,3974
2013-08-20;GM366_ERC366;2013-08-20T00:00:00-03:00;20;8;2013;2,3937
2013-08-21;GM366_ERC366;2013-08-21T00:00:00-03:00;21;8;2013;2,4163
2013-08-22;GM366_ERC366;2013-08-22T00:00:00-03:00;22;8;2013;2,4451
2013-08-23;GM366_ERC366;2013-08-23T00:00:00-03:00;23;8;2013;2,3862
2013-08-24;GM366_ERC366;2013-08-24T00:00:00-03:00;24;8;2013;
2013-08-25;GM366_ERC366;2013-08-25T00:00:00-03:00;25;8;2013;
2013-08-26;GM366_ERC366;2013-08-26T00:00:00-03:00;26;8;2013;2,3699
2013-08-27;GM366_ERC366;2013-08-27T00:00:00-03:00;27;8;2013;2,3992
2013-08-28;GM366_ERC366;2013-08-28T00:00:00-03:00;28;8;2013;2,3509
2013-08-29;GM366_ERC366;2013-08-29T00:00:00-03:00;29;8;2013;2,3572
2013-08-30;GM366_ERC366;2013-08-30T00:00:00-03:00;30;8;2013;2,3719
2013-08-31;GM366_ERC366;2013-08-31T00:00:00-03:00;31;8;2013;
2013-09-01;GM366_ERC366;2013-09-01T00:00:00-03:00;1;9;2013;
2013-09-02;GM366_ERC366;2013-09-02T00:00:00-03:00;2;9;2013;2,3637
2013-09-03;GM366_ERC366;2013-09-03T00:00:00-03:00;3;9;2013;2,3891
2013-09-04;GM366_ERC366;2013-09-04T00:00:00-03:00;4;9;2013;2,3532
2013-09-05;GM366_ERC366;2013-09-05T00:00:00-03:00;5;9;2013;2,3308
2013-09-06;GM366_ERC366;2013-09-06T00:00:00-03:00;6;9;2013;2,2973
2013-09-07;GM366_ERC366;2013-09-07T00:00:00-03:00;7;9;2013;
2013-09-08;GM366_ERC366;2013-09-08T00:00:00-03:00;8;9;2013;
2013-09-09;GM366_ERC366;2013-09-09T00:00:00-03:00;9;9;2013;2,2862
2013-09-10;GM366_ERC366;2013-09-10T00:00:00-03:00;10;9;2013;2,2773
2013-09-11;GM366_ERC366;2013-09-11T00:00:00-03:00;11;9;2013;2,2941
2013-09-12;GM366_ERC366;2013-09-12T00:00:00-03:00;12;9;2013;2,2763
2013-09-13;GM366_ERC366;2013-09-13T00:00:00-03:00;13;9;2013;2,2779
2013-09-14;GM366_ERC366;2013-09-14T00:00:00-03:00;14;9;2013;
2013-09-15;GM366_ERC366;2013-09-15T00:00:00-03:00;15;9;2013;
2013-09-16;GM366_ERC366;2013-09-16T00:00:00-03:00;16;9;2013;2,2643
2013-09-17;GM366_ERC366;2013-09-17T00:00:00-03:00;17;9;2013;2,2611
2013-09-18;GM366_ERC366;2013-09-18T00:00:00-03:00;18;9;2013;2,2483
2013-09-19;GM366_ERC366;2013-09-19T00:00:00-03:00;19;9;2013;2,2029
2013-09-20;GM366_ERC366;2013-09-20T00:00:00-03:00;20;9;2013;2,2047
2013-09-21;GM366_ERC366;2013-09-21T00:00:00-03:00;21;9;2013;
2013-09-22;GM366_ERC366;2013-09-22T00:00:00-03:00;22;9;2013;
2013-09-23;GM366_ERC366;2013-09-23T00:00:00-03:00;23;9;2013;2,2026
2013-09-24;GM366_ERC366;2013-09-24T00:00:00-03:00;24;9;2013;2,2025
2013-09-25;GM366_ERC366;2013-09-25T00:00:00-03:00;25;9;2013;2,2218
2013-09-26;GM366_ERC366;2013-09-26T00:00:00-03:00;26;9;2013;2,2279
2013-09-27;GM366_ERC366;2013-09-27T00:00:00-03:00;27;9;2013;2,2565
2013-09-28;GM366_ERC366;2013-09-28T00:00:00-03:00;28;9;2013;
2013-09-29;GM366_ERC366;2013-09-29T00:00:00-03:00;29;9;2013;
2013-09-30;GM366_ERC366;2013-09-30T00:00:00-03:00;30;9;2013;2,2294
2013-10-01;GM366_ERC366;2013-10-01T00:00:00-03:00;1;10;2013;2,2118
2013-10-02;GM366_ERC366;2013-10-02T00:00:00-03:00;2;10;2013;2,2082
2013-10-03;GM366_ERC366;2013-10-03T00:00:00-03:00;3;10;2013;2,2063
2013-10-04;GM366_ERC366;2013-10-04T00:00:00-03:00;4;10;2013;2,2045
2013-10-05;GM366_ERC366;2013-10-05T00:00:00-03:00;5;10;2013;
2013-10-06;GM366_ERC366;2013-10-06T00:00:00-03:00;6;10;2013;
2013-10-07;GM366_ERC366;2013-10-07T00:00:00-03:00;7;10;2013;2,2081
2013-10-08;GM366_ERC366;2013-10-08T00:00:00-03:00;8;10;2013;2,201
2013-10-09;GM366_ERC366;2013-10-09T00:00:00-03:00;9;10;2013;2,2048
2013-10-10;GM366_ERC366;2013-10-10T00:00:00-03:00;10;10;2013;2,1844
2013-10-11;GM366_ERC366;2013-10-11T00:00:00-03:00;11;10;2013;2,1815
2013-10-12;GM366_ERC366;2013-10-12T00:00:00-03:00;12;10;2013;
2013-10-13;GM366_ERC366;2013-10-13T00:00:00-03:00;13;10;2013;
2013-10-14;GM366_ERC366;2013-10-14T00:00:00-03:00;14;10;2013;2,1811
2013-10-15;GM366_ERC366;2013-10-15T00:00:00-03:00;15;10;2013;2,1812
2013-10-16;GM366_ERC366;2013-10-16T00:00:00-03:00;16;10;2013;2,1623
2013-10-17;GM366_ERC366;2013-10-17T00:00:00-03:00;17;10;2013;2,1605
2013-10-18;GM366_ERC366;2013-10-18T00:00:00-03:00;18;10;2013;2,161
2013-10-19;GM366_ERC366;2013-10-19T00:00:00-03:00;19;10;2013;
2013-10-20;GM366_ERC366;2013-10-20T00:00:00-03:00;20;10;2013;
2013-10-21;GM366_ERC366;2013-10-21T00:00:00-02:00;21;10;2013;2,1732
2013-10-22;GM366_ERC366;2013-10-22T00:00:00-02:00;22;10;2013;2,1754
2013-10-23;GM366_ERC366;2013-10-23T00:00:00-02:00;23;10;2013;2,1821
2013-10-24;GM366_ERC366;2013-10-24T00:00:00-02:00;24;10;2013;2,1997
2013-10-25;GM366_ERC366;2013-10-25T00:00:00-02:00;25;10;2013;2,1842
2013-10-26;GM366_ERC366;2013-10-26T00:00:00-02:00;26;10;2013;
2013-10-27;GM366_ERC366;2013-10-27T00:00:00-02:00;27;10;2013;
2013-10-28;GM366_ERC366;2013-10-28T00:00:00-02:00;28;10;2013;2,184
2013-10-29;GM366_ERC366;2013-10-29T00:00:00-02:00;29;10;2013;2,1798
2013-10-30;GM366_ERC366;2013-10-30T00:00:00-02:00;30;10;2013;2,1882
2013-10-31;GM366_ERC366;2013-10-31T00:00:00-02:00;31;10;2013;2,202
2013-11-01;GM366_ERC366;2013-11-01T00:00:00-02:00;1;11;2013;2,2462
2013-11-02;GM366_ERC366;2013-11-02T00:00:00-02:00;2;11;2013;
2013-11-03;GM366_ERC366;2013-11-03T00:00:00-02:00;3;11;2013;
2013-11-04;GM366_ERC366;2013-11-04T00:00:00-02:00;4;11;2013;2,242
2013-11-05;GM366_ERC366;2013-11-05T00:00:00-02:00;5;11;2013;2,2741
2013-11-06;GM366_ERC366;2013-11-06T00:00:00-02:00;6;11;2013;2,2779
2013-11-07;GM366_ERC366;2013-11-07T00:00:00-02:00;7;11;2013;2,2819
2013-11-08;GM366_ERC366;2013-11-08T00:00:00-02:00;8;11;2013;2,3164
2013-11-09;GM366_ERC366;2013-11-09T00:00:00-02:00;9;11;2013;
2013-11-10;GM366_ERC366;2013-11-10T00:00:00-02:00;10;11;2013;
2013-11-11;GM366_ERC366;2013-11-11T00:00:00-02:00;11;11;2013;2,3136
2013-11-12;GM366_ERC366;2013-11-12T00:00:00-02:00;12;11;2013;2,3356
2013-11-13;GM366_ERC366;2013-11-13T00:00:00-02:00;13;11;2013;2,3228
2013-11-14;GM366_ERC366;2013-11-14T00:00:00-02:00;14;11;2013;2,3283
2013-11-15;GM366_ERC366;2013-11-15T00:00:00-02:00;15;11;2013;
2013-11-16;GM366_ERC366;2013-11-16T00:00:00-02:00;16;11;2013;
2013-11-17;GM366_ERC366;2013-11-17T00:00:00-02:00;17;11;2013;
2013-11-18;GM366_ERC366;2013-11-18T00:00:00-02:00;18;11;2013;2,2822
2013-11-19;GM366_ERC366;2013-11-19T00:00:00-02:00;19;11;2013;2,2656
2013-11-20;GM366_ERC366;2013-11-20T00:00:00-02:00;20;11;2013;2,2713
2013-11-21;GM366_ERC366;2013-11-21T00:00:00-02:00;21;11;2013;2,3061
2013-11-22;GM366_ERC366;2013-11-22T00:00:00-02:00;22;11;2013;2,2906
2013-11-23;GM366_ERC366;2013-11-23T00:00:00-02:00;23;11;2013;
2013-11-24;GM366_ERC366;2013-11-24T00:00:00-02:00;24;11;2013;
2013-11-25;GM366_ERC366;2013-11-25T00:00:00-02:00;25;11;2013;2,2865
2013-11-26;GM366_ERC366;2013-11-26T00:00:00-02:00;26;11;2013;2,3034
2013-11-27;GM366_ERC366;2013-11-27T00:00:00-02:00;27;11;2013;2,3052
2013-11-28;GM366_ERC366;2013-11-28T00:00:00-02:00;28;11;2013;2,3202
2013-11-29;GM366_ERC366;2013-11-29T00:00:00-02:00;29;11;2013;2,3243
2013-11-30;GM366_ERC366;2013-11-30T00:00:00-02:00;30;11;2013;
2013-12-01;GM366_ERC366;2013-12-01T00:00:00-02:00;1;12;2013;
2013-12-02;GM366_ERC366;2013-12-02T00:00:00-02:00;2;12;2013;2,3443
2013-12-03;GM366_ERC366;2013-12-03T00:00:00-02:00;3;12;2013;2,3552
2013-12-04;GM366_ERC366;2013-12-04T00:00:00-02:00;4;12;2013;2,3734
2013-12-05;GM366_ERC366;2013-12-05T00:00:00-02:00;5;12;2013;2,3741
2013-12-06;GM366_ERC366;2013-12-06T00:00:00-02:00;6;12;2013;2,3519
2013-12-07;GM366_ERC366;2013-12-07T00:00:00-02:00;7;12;2013;
2013-12-08;GM366_ERC366;2013-12-08T00:00:00-02:00;8;12;2013;
2013-12-09;GM366_ERC366;2013-12-09T00:00:00-02:00;9;12;2013;2,3218
2013-12-10;GM366_ERC366;2013-12-10T00:00:00-02:00;10;12;2013;2,3096
2013-12-11;GM366_ERC366;2013-12-11T00:00:00-02:00;11;12;2013;2,3256
2013-12-12;GM366_ERC366;2013-12-12T00:00:00-02:00;12;12;2013;2,3333
2013-12-13;GM366_ERC366;2013-12-13T00:00:00-02:00;13;12;2013;2,3348
2013-12-14;GM366_ERC366;2013-12-14T00:00:00-02:00;14;12;2013;
2013-12-15;GM366_ERC366;2013-12-15T00:00:00-02:00;15;12;2013;
2013-12-16;GM366_ERC366;2013-12-16T00:00:00-02:00;16;12;2013;2,3249
2013-12-17;GM366_ERC366;2013-12-17T00:00:00-02:00;17;12;2013;2,3215
2013-12-18;GM366_ERC366;2013-12-18T00:00:00-02:00;18;12;2013;2,3268
2013-12-19;GM366_ERC366;2013-12-19T00:00:00-02:00;19;12;2013;2,3522
2013-12-20;GM366_ERC366;2013-12-20T00:00:00-02:00;20;12;2013;2,3811
2013-12-21;GM366_ERC366;2013-12-21T00:00:00-02:00;21;12;2013;
2013-12-22;GM366_ERC366;2013-12-22T00:00:00-02:00;22;12;2013;
2013-12-23;GM366_ERC366;2013-12-23T00:00:00-02:00;23;12;2013;2,37
2013-12-24;GM366_ERC366;2013-12-24T00:00:00-02:00;24;12;2013;2,3543
2013-12-25;GM366_ERC366;2013-12-25T00:00:00-02:00;25;12;2013;
2013-12-26;GM366_ERC366;2013-12-26T00:00:00-02:00;26;12;2013;2,3501
2013-12-27;GM366_ERC366;2013-12-27T00:00:00-02:00;27;12;2013;2,3532
2013-12-28;GM366_ERC366;2013-12-28T00:00:00-02:00;28;12;2013;
2013-12-29;GM366_ERC366;2013-12-29T00:00:00-02:00;29;12;2013;
2013-12-30;GM366_ERC366;2013-12-30T00:00:00-02:00;30;12;2013;2,342
2013-12-31;GM366_ERC366;2013-12-31T00:00:00-02:00;31;12;2013;2,342
2014-01-01;GM366_ERC366;2014-01-01T00:00:00-02:00;1;1;2014;
2014-01-02;GM366_ERC366;2014-01-02T00:00:00-02:00;2;1;2014;2,3969
2014-01-03;GM366_ERC366;2014-01-03T00:00:00-02:00;3;1;2014;2,3734
2014-01-04;GM366_ERC366;2014-01-04T00:00:00-02:00;4;1;2014;
2014-01-05;GM366_ERC366;2014-01-05T00:00:00-02:00;5;1;2014;
2014-01-06;GM366_ERC366;2014-01-06T00:00:00-02:00;6;1;2014;2,3783
2014-01-07;GM366_ERC366;2014-01-07T00:00:00-02:00;7;1;2014;2,3628
2014-01-08;GM366_ERC366;2014-01-08T00:00:00-02:00;8;1;2014;2,3773
2014-01-09;GM366_ERC366;2014-01-09T00:00:00-02:00;9;1;2014;2,3954
2014-01-10;GM366_ERC366;2014-01-10T00:00:00-02:00;10;1;2014;2,3813
2014-01-11;GM366_ERC366;2014-01-11T00:00:00-02:00;11;1;2014;
2014-01-12;GM366_ERC366;2014-01-12T00:00:00-02:00;12;1;2014;
2014-01-13;GM366_ERC366;2014-01-13T00:00:00-02:00;13;1;2014;2,3485
2014-01-14;GM366_ERC366;2014-01-14T00:00:00-02:00;14;1;2014;2,3611
2014-01-15;GM366_ERC366;2014-01-15T00:00:00-02:00;15;1;2014;2,3465
2014-01-16;GM366_ERC366;2014-01-16T00:00:00-02:00;16;1;2014;2,3677
2014-01-17;GM366_ERC366;2014-01-17T00:00:00-02:00;17;1;2014;2,3595
2014-01-18;GM366_ERC366;2014-01-18T00:00:00-02:00;18;1;2014;
2014-01-19;GM366_ERC366;2014-01-19T00:00:00-02:00;19;1;2014;
2014-01-20;GM366_ERC366;2014-01-20T00:00:00-02:00;20;1;2014;2,3329
2014-01-21;GM366_ERC366;2014-01-21T00:00:00-02:00;21;1;2014;2,3602
2014-01-22;GM366_ERC366;2014-01-22T00:00:00-02:00;22;1;2014;2,3595
2014-01-23;GM366_ERC366;2014-01-23T00:00:00-02:00;23;1;2014;2,3755
2014-01-24;GM366_ERC366;2014-01-24T00:00:00-02:00;24;1;2014;2,4123
2014-01-25;GM366_ERC366;2014-01-25T00:00:00-02:00;25;1;2014;
2014-01-26;GM366_ERC366;2014-01-26T00:00:00-02:00;26;1;2014;
2014-01-27;GM366_ERC366;2014-01-27T00:00:00-02:00;27;1;2014;2,4038
2014-01-28;GM366_ERC366;2014-01-28T00:00:00-02:00;28;1;2014;2,4159
2014-01-29;GM366_ERC366;2014-01-29T00:00:00-02:00;29;1;2014;2,439
2014-01-30;GM366_ERC366;2014-01-30T00:00:00-02:00;30;1;2014;2,4218
2014-01-31;GM366_ERC366;2014-01-31T00:00:00-02:00;31;1;2014;2,4257
2014-02-01;GM366_ERC366;2014-02-01T00:00:00-02:00;1;2;2014;
2014-02-02;GM366_ERC366;2014-02-02T00:00:00-02:00;2;2;2014;
2014-02-03;GM366_ERC366;2014-02-03T00:00:00-02:00;3;2;2014;2,4084
2014-02-04;GM366_ERC366;2014-02-04T00:00:00-02:00;4;2;2014;2,4171
2014-02-05;GM366_ERC366;2014-02-05T00:00:00-02:00;5;2;2014;2,4101
2014-02-06;GM366_ERC366;2014-02-06T00:00:00-02:00;6;2;2014;2,4035
2014-02-07;GM366_ERC366;2014-02-07T00:00:00-02:00;7;2;2014;2,3811
2014-02-08;GM366_ERC366;2014-02-08T00:00:00-02:00;8;2;2014;
2014-02-09;GM366_ERC366;2014-02-09T00:00:00-02:00;9;2;2014;
2014-02-10;GM366_ERC366;2014-02-10T00:00:00-02:00;10;2;2014;2,393
2014-02-11;GM366_ERC366;2014-02-11T00:00:00-02:00;11;2;2014;2,407
2014-02-12;GM366_ERC366;2014-02-12T00:00:00-02:00;12;2;2014;2,408
2014-02-13;GM366_ERC366;2014-02-13T00:00:00-02:00;13;2;2014;2,4232
2014-02-14;GM366_ERC366;2014-02-14T00:00:00-02:00;14;2;2014;2,3919
2014-02-15;GM366_ERC366;2014-02-15T00:00:00-02:00;15;2;2014;
2014-02-16;GM366_ERC366;2014-02-16T00:00:00-03:00;16;2;2014;
2014-02-17;GM366_ERC366;2014-02-17T00:00:00-03:00;17;2;2014;2,3864
2014-02-18;GM366_ERC366;2014-02-18T00:00:00-03:00;18;2;2014;2,3977
2014-02-19;GM366_ERC366;2014-02-19T00:00:00-03:00;19;2;2014;2,398
2014-02-20;GM366_ERC366;2014-02-20T00:00:00-03:00;20;2;2014;2,3793
2014-02-21;GM366_ERC366;2014-02-21T00:00:00-03:00;21;2;2014;2,3619
2014-02-22;GM366_ERC366;2014-02-22T00:00:00-03:00;22;2;2014;
2014-02-23;GM366_ERC366;2014-02-23T00:00:00-03:00;23;2;2014;
2014-02-24;GM366_ERC366;2014-02-24T00:00:00-03:00;24;2;2014;2,3385
2014-02-25;GM366_ERC366;2014-02-25T00:00:00-03:00;25;2;2014;2,3361
2014-02-26;GM366_ERC366;2014-02-26T00:00:00-03:00;26;2;2014;2,3448
2014-02-27;GM366_ERC366;2014-02-27T00:00:00-03:00;27;2;2014;2,3431
2014-02-28;GM366_ERC366;2014-02-28T00:00:00-03:00;28;2;2014;2,3327
2014-03-01;GM366_ERC366;2014-03-01T00:00:00-03:00;1;3;2014;
2014-03-02;GM366_ERC366;2014-03-02T00:00:00-03:00;2;3;2014;
2014-03-03;GM366_ERC366;2014-03-03T00:00:00-03:00;3;3;2014;
2014-03-04;GM366_ERC366;2014-03-04T00:00:00-03:00;4;3;2014;
2014-03-05;GM366_ERC366;2014-03-05T00:00:00-03:00;5;3;2014;2,3234
2014-03-06;GM366_ERC366;2014-03-06T00:00:00-03:00;6;3;2014;2,3088
2014-03-07;GM366_ERC366;2014-03-07T00:00:00-03:00;7;3;2014;2,3376
2014-03-08;GM366_ERC366;2014-03-08T00:00:00-03:00;8;3;2014;
2014-03-09;GM366_ERC366;2014-03-09T00:00:00-03:00;9;3;2014;
2014-03-10;GM366_ERC366;2014-03-10T00:00:00-03:00;10;3;2014;2,3404
2014-03-11;GM366_ERC366;2014-03-11T00:00:00-03:00;11;3;2014;2,3455
2014-03-12;GM366_ERC366;2014-03-12T00:00:00-03:00;12;3;2014;2,3643
2014-03-13;GM366_ERC366;2014-03-13T00:00:00-03:00;13;3;2014;2,348
2014-03-14;GM366_ERC366;2014-03-14T00:00:00-03:00;14;3;2014;2,3631
2014-03-15;GM366_ERC366;2014-03-15T00:00:00-03:00;15;3;2014;
2014-03-16;GM366_ERC366;2014-03-16T00:00:00-03:00;16;3;2014;
2014-03-17;GM366_ERC366;2014-03-17T00:00:00-03:00;17;3;2014;2,3513
2014-03-18;GM366_ERC366;2014-03-18T00:00:00-03:00;18;3;2014;2,3516
2014-03-19;GM366_ERC366;2014-03-19T00:00:00-03:00;19;3;2014;2,3333
2014-03-20;GM366_ERC366;2014-03-20T00:00:00-03:00;20;3;2014;2,3414
2014-03-21;GM366_ERC366;2014-03-21T00:00:00-03:00;21;3;2014;2,3239
2014-03-22;GM366_ERC366;2014-03-22T00:00:00-03:00;22;3;2014;
2014-03-23;GM366_ERC366;2014-03-23T00:00:00-03:00;23;3;2014;
2014-03-24;GM366_ERC366;2014-03-24T00:00:00-03:00;24;3;2014;2,3242
2014-03-25;GM366_ERC366;2014-03-25T00:00:00-03:00;25;3;2014;2,3118
2014-03-26;GM366_ERC366;2014-03-26T00:00:00-03:00;26;3;2014;2,3113
2014-03-27;GM366_ERC366;2014-03-27T00:00:00-03:00;27;3;2014;2,2824
2014-03-28;GM366_ERC366;2014-03-28T00:00:00-03:00;28;3;2014;2,2597
2014-03-29;GM366_ERC366;2014-03-29T00:00:00-03:00;29;3;2014;
2014-03-30;GM366_ERC366;2014-03-30T00:00:00-03:00;30;3;2014;
2014-03-31;GM366_ERC366;2014-03-31T00:00:00-03:00;31;3;2014;2,2624
2014-04-01;GM366_ERC366;2014-04-01T00:00:00-03:00;1;4;2014;2,2614
2014-04-02;GM366_ERC366;2014-04-02T00:00:00-03:00;2;4;2014;2,2705
2014-04-03;GM366_ERC366;2014-04-03T00:00:00-03:00;3;4;2014;2,2805
2014-04-04;GM366_ERC366;2014-04-04T00:00:00-03:00;4;4;2014;2,2414
2014-04-05;GM366_ERC366;2014-04-05T00:00:00-03:00;5;4;2014;
2014-04-06;GM366_ERC366;2014-04-06T00:00:00-03:00;6;4;2014;
2014-04-07;GM366_ERC366;2014-04-07T00:00:00-03:00;7;4;2014;2,232
2014-04-08;GM366_ERC366;2014-04-08T00:00:00-03:00;8;4;2014;2,1968
2014-04-09;GM366_ERC366;2014-04-09T00:00:00-03:00;9;4;2014;2,2105
2014-04-10;GM366_ERC366;2014-04-10T00:00:00-03:00;10;4;2014;2,1982
2014-04-11;GM366_ERC366;2014-04-11T00:00:00-03:00;11;4;2014;2,2053
2014-04-12;GM366_ERC366;2014-04-12T00:00:00-03:00;12;4;2014;
2014-04-13;GM366_ERC366;2014-04-13T00:00:00-03:00;13;4;2014;
2014-04-14;GM366_ERC366;2014-04-14T00:00:00-03:00;14;4;2014;2,209
2014-04-15;GM366_ERC366;2014-04-15T00:00:00-03:00;15;4;2014;2,2251
2014-04-16;GM366_ERC366;2014-04-16T00:00:00-03:00;16;4;2014;2,2336
2014-04-17;GM366_ERC366;2014-04-17T00:00:00-03:00;17;4;2014;2,2476
2014-04-18;GM366_ERC366;2014-04-18T00:00:00-03:00;18;4;2014;
2014-04-19;GM366_ERC366;2014-04-19T00:00:00-03:00;19;4;2014;
2014-04-20;GM366_ERC366;2014-04-20T00:00:00-03:00;20;4;2014;
2014-04-21;GM366_ERC366;2014-04-21T00:00:00-03:00;21;4;2014;
2014-04-22;GM366_ERC366;2014-04-22T00:00:00-03:00;22;4;2014;2,2443
2014-04-23;GM366_ERC366;2014-04-23T00:00:00-03:00;23;4;2014;2,242
2014-04-24;GM366_ERC366;2014-04-24T00:00:00-03:00;24;4;2014;2,2223
2014-04-25;GM366_ERC366;2014-04-25T00:00:00-03:00;25;4;2014;2,2319
2014-04-26;GM366_ERC366;2014-04-26T00:00:00-03:00;26;4;2014;
2014-04-27;GM366_ERC366;2014-04-27T00:00:00-03:00;27;4;2014;
2014-04-28;GM366_ERC366;2014-04-28T00:00:00-03:00;28;4;2014;2,2364
2014-04-29;GM366_ERC366;2014-04-29T00:00:00-03:00;29;4;2014;2,2193
2014-04-30;GM366_ERC366;2014-04-30T00:00:00-03:00;30;4;2014;2,2354
2014-05-01;GM366_ERC366;2014-05-01T00:00:00-03:00;1;5;2014;
2014-05-02;GM366_ERC366;2014-05-02T00:00:00-03:00;2;5;2014;2,2215
2014-05-03;GM366_ERC366;2014-05-03T00:00:00-03:00;3;5;2014;
2014-05-04;GM366_ERC366;2014-05-04T00:00:00-03:00;4;5;2014;
2014-05-05;GM366_ERC366;2014-05-05T00:00:00-03:00;5;5;2014;2,228
2014-05-06;GM366_ERC366;2014-05-06T00:00:00-03:00;6;5;2014;2,2316
2014-05-07;GM366_ERC366;2014-05-07T00:00:00-03:00;7;5;2014;2,2276
2014-05-08;GM366_ERC366;2014-05-08T00:00:00-03:00;8;5;2014;2,2101
2014-05-09;GM366_ERC366;2014-05-09T00:00:00-03:00;9;5;2014;2,2186
2014-05-10;GM366_ERC366;2014-05-10T00:00:00-03:00;10;5;2014;
2014-05-11;GM366_ERC366;2014-05-11T00:00:00-03:00;11;5;2014;
2014-05-12;GM366_ERC366;2014-05-12T00:00:00-03:00;12;5;2014;2,2158
2014-05-13;GM366_ERC366;2014-05-13T00:00:00-03:00;13;5;2014;2,2095
2014-05-14;GM366_ERC366;2014-05-14T00:00:00-03:00;14;5;2014;2,2123
2014-05-15;GM366_ERC366;2014-05-15T00:00:00-03:00;15;5;2014;2,216
2014-05-16;GM366_ERC366;2014-05-16T00:00:00-03:00;16;5;2014;2,2104
2014-05-17;GM366_ERC366;2014-05-17T00:00:00-03:00;17;5;2014;
2014-05-18;GM366_ERC366;2014-05-18T00:00:00-03:00;18;5;2014;
2014-05-19;GM366_ERC366;2014-05-19T00:00:00-03:00;19;5;2014;2,2105
2014-05-20;GM366_ERC366;2014-05-20T00:00:00-03:00;20;5;2014;2,215
2014-05-21;GM366_ERC366;2014-05-21T00:00:00-03:00;21;5;2014;2,2105
2014-05-22;GM366_ERC366;2014-05-22T00:00:00-03:00;22;5;2014;2,2125
2014-05-23;GM366_ERC366;2014-05-23T00:00:00-03:00;23;5;2014;2,2181
2014-05-24;GM366_ERC366;2014-05-24T00:00:00-03:00;24;5;2014;
2014-05-25;GM366_ERC366;2014-05-25T00:00:00-03:00;25;5;2014;
2014-05-26;GM366_ERC366;2014-05-26T00:00:00-03:00;26;5;2014;2,2203
2014-05-27;GM366_ERC366;2014-05-27T00:00:00-03:00;27;5;2014;2,2348
2014-05-28;GM366_ERC366;2014-05-28T00:00:00-03:00;28;5;2014;2,2399
2014-05-29;GM366_ERC366;2014-05-29T00:00:00-03:00;29;5;2014;2,2245
2014-05-30;GM366_ERC366;2014-05-30T00:00:00-03:00;30;5;2014;2,2384
2014-05-31;GM366_ERC366;2014-05-31T00:00:00-03:00;31;5;2014;
2014-06-01;GM366_ERC366;2014-06-01T00:00:00-03:00;1;6;2014;
2014-06-02;GM366_ERC366;2014-06-02T00:00:00-03:00;2;6;2014;2,2634
2014-06-03;GM366_ERC366;2014-06-03T00:00:00-03:00;3;6;2014;2,2648
2014-06-04;GM366_ERC366;2014-06-04T00:00:00-03:00;4;6;2014;2,2796
2014-06-05;GM366_ERC366;2014-06-05T00:00:00-03:00;5;6;2014;2,2689
2014-06-06;GM366_ERC366;2014-06-06T00:00:00-03:00;6;6;2014;2,2439
2014-06-07;GM366_ERC366;2014-06-07T00:00:00-03:00;7;6;2014;
2014-06-08;GM366_ERC366;2014-06-08T00:00:00-03:00;8;6;2014;
2014-06-09;GM366_ERC366;2014-06-09T00:00:00-03:00;9;6;2014;2,233
2014-06-10;GM366_ERC366;2014-06-10T00:00:00-03:00;10;6;2014;2,229
2014-06-11;GM366_ERC366;2014-06-11T00:00:00-03:00;11;6;2014;2,2301
2014-06-12;GM366_ERC366;2014-06-12T00:00:00-03:00;12;6;2014;2,2298
2014-06-13;GM366_ERC366;2014-06-13T00:00:00-03:00;13;6;2014;2,2341
2014-06-14;GM366_ERC366;2014-06-14T00:00:00-03:00;14;6;2014;
2014-06-15;GM366_ERC366;2014-06-15T00:00:00-03:00;15;6;2014;
2014-06-16;GM366_ERC366;2014-06-16T00:00:00-03:00;16;6;2014;2,2307
2014-06-17;GM366_ERC366;2014-06-17T00:00:00-03:00;17;6;2014;2,248
2014-06-18;GM366_ERC366;2014-06-18T00:00:00-03:00;18;6;2014;2,2528
2014-06-19;GM366_ERC366;2014-06-19T00:00:00-03:00;19;6;2014;
2014-06-20;GM366_ERC366;2014-06-20T00:00:00-03:00;20;6;2014;2,2374
2014-06-21;GM366_ERC366;2014-06-21T00:00:00-03:00;21;6;2014;
2014-06-22;GM366_ERC366;2014-06-22T00:00:00-03:00;22;6;2014;
2014-06-23;GM366_ERC366;2014-06-23T00:00:00-03:00;23;6;2014;2,2189
2014-06-24;GM366_ERC366;2014-06-24T00:00:00-03:00;24;6;2014;2,2211
2014-06-25;GM366_ERC366;2014-06-25T00:00:00-03:00;25;6;2014;2,2046
2014-06-26;GM366_ERC366;2014-06-26T00:00:00-03:00;26;6;2014;2,2083
2014-06-27;GM366_ERC366;2014-06-27T00:00:00-03:00;27;6;2014;2,1969
2014-06-28;GM366_ERC366;2014-06-28T00:00:00-03:00;28;6;2014;
2014-06-29;GM366_ERC366;2014-06-29T00:00:00-03:00;29;6;2014;
2014-06-30;GM366_ERC366;2014-06-30T00:00:00-03:00;30;6;2014;2,2019
2014-07-01;GM366_ERC366;2014-07-01T00:00:00-03:00;1;7;2014;2,2048
2014-07-02;GM366_ERC366;2014-07-02T00:00:00-03:00;2;7;2014;2,2127
2014-07-03;GM366_ERC366;2014-07-03T00:00:00-03:00;3;7;2014;2,2275
2014-07-04;GM366_ERC366;2014-07-04T00:00:00-03:00;4;7;2014;2,2143
2014-07-05;GM366_ERC366;2014-07-05T00:00:00-03:00;5;7;2014;
2014-07-06;GM366_ERC366;2014-07-06T00:00:00-03:00;6;7;2014;
2014-07-07;GM366_ERC366;2014-07-07T00:00:00-03:00;7;7;2014;2,2195
2014-07-08;GM366_ERC366;2014-07-08T00:00:00-03:00;8;7;2014;2,2144
2014-07-09;GM366_ERC366;2014-07-09T00:00:00-03:00;9;7;2014;2,2128
2014-07-10;GM366_ERC366;2014-07-10T00:00:00-03:00;10;7;2014;2,2231
2014-07-11;GM366_ERC366;2014-07-11T00:00:00-03:00;11;7;2014;2,2222
2014-07-12;GM366_ERC366;2014-07-12T00:00:00-03:00;12;7;2014;
2014-07-13;GM366_ERC366;2014-07-13T00:00:00-03:00;13;7;2014;
2014-07-14;GM366_ERC366;2014-07-14T00:00:00-03:00;14;7;2014;2,217
2014-07-15;GM366_ERC366;2014-07-15T00:00:00-03:00;15;7;2014;2,2189
2014-07-16;GM366_ERC366;2014-07-16T00:00:00-03:00;16;7;2014;2,2187
2014-07-17;GM366_ERC366;2014-07-17T00:00:00-03:00;17;7;2014;2,2397
2014-07-18;GM366_ERC366;2014-07-18T00:00:00-03:00;18;7;2014;2,2356
2014-07-19;GM366_ERC366;2014-07-19T00:00:00-03:00;19;7;2014;
2014-07-20;GM366_ERC366;2014-07-20T00:00:00-03:00;20;7;2014;
2014-07-21;GM366_ERC366;2014-07-21T00:00:00-03:00;21;7;2014;2,2232
2014-07-22;GM366_ERC366;2014-07-22T00:00:00-03:00;22;7;2014;2,2123
2014-07-23;GM366_ERC366;2014-07-23T00:00:00-03:00;23;7;2014;2,2196
2014-07-24;GM366_ERC366;2014-07-24T00:00:00-03:00;24;7;2014;2,2198
2014-07-25;GM366_ERC366;2014-07-25T00:00:00-03:00;25;7;2014;2,2287
2014-07-26;GM366_ERC366;2014-07-26T00:00:00-03:00;26;7;2014;
2014-07-27;GM366_ERC366;2014-07-27T00:00:00-03:00;27;7;2014;
2014-07-28;GM366_ERC366;2014-07-28T00:00:00-03:00;28;7;2014;2,2296
2014-07-29;GM366_ERC366;2014-07-29T00:00:00-03:00;29;7;2014;2,2272
2014-07-30;GM366_ERC366;2014-07-30T00:00:00-03:00;30;7;2014;2,2441
2014-07-31;GM366_ERC366;2014-07-31T00:00:00-03:00;31;7;2014;2,2668
2014-08-01;GM366_ERC366;2014-08-01T00:00:00-03:00;1;8;2014;2,26
2014-08-02;GM366_ERC366;2014-08-02T00:00:00-03:00;2;8;2014;
2014-08-03;GM366_ERC366;2014-08-03T00:00:00-03:00;3;8;2014;
2014-08-04;GM366_ERC366;2014-08-04T00:00:00-03:00;4;8;2014;2,2571
2014-08-05;GM366_ERC366;2014-08-05T00:00:00-03:00;5;8;2014;2,275
2014-08-06;GM366_ERC366;2014-08-06T00:00:00-03:00;6;8;2014;2,2784
2014-08-07;GM366_ERC366;2014-08-07T00:00:00-03:00;7;8;2014;2,2796
2014-08-08;GM366_ERC366;2014-08-08T00:00:00-03:00;8;8;2014;2,298
2014-08-09;GM366_ERC366;2014-08-09T00:00:00-03:00;9;8;2014;
2014-08-10;GM366_ERC366;2014-08-10T00:00:00-03:00;10;8;2014;
2014-08-11;GM366_ERC366;2014-08-11T00:00:00-03:00;11;8;2014;2,2773
2014-08-12;GM366_ERC366;2014-08-12T00:00:00-03:00;12;8;2014;2,2764
2014-08-13;GM366_ERC366;2014-08-13T00:00:00-03:00;13;8;2014;2,2686
2014-08-14;GM366_ERC366;2014-08-14T00:00:00-03:00;14;8;2014;2,2697
2014-08-15;GM366_ERC366;2014-08-15T00:00:00-03:00;15;8;2014;2,2684
2014-08-16;GM366_ERC366;2014-08-16T00:00:00-03:00;16;8;2014;
2014-08-17;GM366_ERC366;2014-08-17T00:00:00-03:00;17;8;2014;
2014-08-18;GM366_ERC366;2014-08-18T00:00:00-03:00;18;8;2014;2,2589
2014-08-19;GM366_ERC366;2014-08-19T00:00:00-03:00;19;8;2014;2,2581
2014-08-20;GM366_ERC366;2014-08-20T00:00:00-03:00;20;8;2014;2,2544
2014-08-21;GM366_ERC366;2014-08-21T00:00:00-03:00;21;8;2014;2,2576
2014-08-22;GM366_ERC366;2014-08-22T00:00:00-03:00;22;8;2014;2,2772
2014-08-23;GM366_ERC366;2014-08-23T00:00:00-03:00;23;8;2014;
2014-08-24;GM366_ERC366;2014-08-24T00:00:00-03:00;24;8;2014;
2014-08-25;GM366_ERC366;2014-08-25T00:00:00-03:00;25;8;2014;2,2802
2014-08-26;GM366_ERC366;2014-08-26T00:00:00-03:00;26;8;2014;2,2742
2014-08-27;GM366_ERC366;2014-08-27T00:00:00-03:00;27;8;2014;2,2585
2014-08-28;GM366_ERC366;2014-08-28T00:00:00-03:00;28;8;2014;2,2493
2014-08-29;GM366_ERC366;2014-08-29T00:00:00-03:00;29;8;2014;2,239
2014-08-30;GM366_ERC366;2014-08-30T00:00:00-03:00;30;8;2014;
2014-08-31;GM366_ERC366;2014-08-31T00:00:00-03:00;31;8;2014;
2014-09-01;GM366_ERC366;2014-09-01T00:00:00-03:00;1;9;2014;2,2358
2014-09-02;GM366_ERC366;2014-09-02T00:00:00-03:00;2;9;2014;2,2515
2014-09-03;GM366_ERC366;2014-09-03T00:00:00-03:00;3;9;2014;2,2313
2014-09-04;GM366_ERC366;2014-09-04T00:00:00-03:00;4;9;2014;2,235
2014-09-05;GM366_ERC366;2014-09-05T00:00:00-03:00;5;9;2014;2,241
2014-09-06;GM366_ERC366;2014-09-06T00:00:00-03:00;6;9;2014;
2014-09-07;GM366_ERC366;2014-09-07T00:00:00-03:00;7;9;2014;
2014-09-08;GM366_ERC366;2014-09-08T00:00:00-03:00;8;9;2014;2,2485
2014-09-09;GM366_ERC366;2014-09-09T00:00:00-03:00;9;9;2014;2,2807
2014-09-10;GM366_ERC366;2014-09-10T00:00:00-03:00;10;9;2014;2,2961
2014-09-11;GM366_ERC366;2014-09-11T00:00:00-03:00;11;9;2014;2,2874
2014-09-12;GM366_ERC366;2014-09-12T00:00:00-03:00;12;9;2014;2,3244
2014-09-13;GM366_ERC366;2014-09-13T00:00:00-03:00;13;9;2014;
2014-09-14;GM366_ERC366;2014-09-14T00:00:00-03:00;14;9;2014;
2014-09-15;GM366_ERC366;2014-09-15T00:00:00-03:00;15;9;2014;2,3395
2014-09-16;GM366_ERC366;2014-09-16T00:00:00-03:00;16;9;2014;2,3345
2014-09-17;GM366_ERC366;2014-09-17T00:00:00-03:00;17;9;2014;2,3378
2014-09-18;GM366_ERC366;2014-09-18T00:00:00-03:00;18;9;2014;2,3661
2014-09-19;GM366_ERC366;2014-09-19T00:00:00-03:00;19;9;2014;2,365
2014-09-20;GM366_ERC366;2014-09-20T00:00:00-03:00;20;9;2014;
2014-09-21;GM366_ERC366;2014-09-21T00:00:00-03:00;21;9;2014;
2014-09-22;GM366_ERC366;2014-09-22T00:00:00-03:00;22;9;2014;2,3864
2014-09-23;GM366_ERC366;2014-09-23T00:00:00-03:00;23;9;2014;2,402
2014-09-24;GM366_ERC366;2014-09-24T00:00:00-03:00;24;9;2014;2,4064
2014-09-25;GM366_ERC366;2014-09-25T00:00:00-03:00;25;9;2014;2,4078
2014-09-26;GM366_ERC366;2014-09-26T00:00:00-03:00;26;9;2014;2,4304
2014-09-27;GM366_ERC366;2014-09-27T00:00:00-03:00;27;9;2014;
2014-09-28;GM366_ERC366;2014-09-28T00:00:00-03:00;28;9;2014;
2014-09-29;GM366_ERC366;2014-09-29T00:00:00-03:00;29;9;2014;2,4516
2014-09-30;GM366_ERC366;2014-09-30T00:00:00-03:00;30;9;2014;2,4504
2014-10-01;GM366_ERC366;2014-10-01T00:00:00-03:00;1;10;2014;2,4617
2014-10-02;GM366_ERC366;2014-10-02T00:00:00-03:00;2;10;2014;2,4779
2014-10-03;GM366_ERC366;2014-10-03T00:00:00-03:00;3;10;2014;2,4926
2014-10-04;GM366_ERC366;2014-10-04T00:00:00-03:00;4;10;2014;
2014-10-05;GM366_ERC366;2014-10-05T00:00:00-03:00;5;10;2014;
2014-10-06;GM366_ERC366;2014-10-06T00:00:00-03:00;6;10;2014;2,4092
2014-10-07;GM366_ERC366;2014-10-07T00:00:00-03:00;7;10;2014;2,4032
2014-10-08;GM366_ERC366;2014-10-08T00:00:00-03:00;8;10;2014;2,4065
2014-10-09;GM366_ERC366;2014-10-09T00:00:00-03:00;9;10;2014;2,3908
2014-10-10;GM366_ERC366;2014-10-10T00:00:00-03:00;10;10;2014;2,4096
2014-10-11;GM366_ERC366;2014-10-11T00:00:00-03:00;11;10;2014;
2014-10-12;GM366_ERC366;2014-10-12T00:00:00-03:00;12;10;2014;
2014-10-13;GM366_ERC366;2014-10-13T00:00:00-03:00;13;10;2014;2,3917
2014-10-14;GM366_ERC366;2014-10-14T00:00:00-03:00;14;10;2014;2,3985
2014-10-15;GM366_ERC366;2014-10-15T00:00:00-03:00;15;10;2014;2,431
2014-10-16;GM366_ERC366;2014-10-16T00:00:00-03:00;16;10;2014;2,4763
2014-10-17;GM366_ERC366;2014-10-17T00:00:00-03:00;17;10;2014;2,447
2014-10-18;GM366_ERC366;2014-10-18T00:00:00-03:00;18;10;2014;
2014-10-19;GM366_ERC366;2014-10-19T00:00:00-03:00;19;10;2014;
2014-10-20;GM366_ERC366;2014-10-20T00:00:00-02:00;20;10;2014;2,4548
2014-10-21;GM366_ERC366;2014-10-21T00:00:00-02:00;21;10;2014;2,4791
2014-10-22;GM366_ERC366;2014-10-22T00:00:00-02:00;22;10;2014;2,4775
2014-10-23;GM366_ERC366;2014-10-23T00:00:00-02:00;23;10;2014;2,4998
2014-10-24;GM366_ERC366;2014-10-24T00:00:00-02:00;24;10;2014;2,4799
2014-10-25;GM366_ERC366;2014-10-25T00:00:00-02:00;25;10;2014;
2014-10-26;GM366_ERC366;2014-10-26T00:00:00-02:00;26;10;2014;
2014-10-27;GM366_ERC366;2014-10-27T00:00:00-02:00;27;10;2014;2,5335
2014-10-28;GM366_ERC366;2014-10-28T00:00:00-02:00;28;10;2014;2,4863
2014-10-29;GM366_ERC366;2014-10-29T00:00:00-02:00;29;10;2014;2,434
2014-10-30;GM366_ERC366;2014-10-30T00:00:00-02:00;30;10;2014;2,4113
2014-10-31;GM366_ERC366;2014-10-31T00:00:00-02:00;31;10;2014;2,4436
2014-11-01;GM366_ERC366;2014-11-01T00:00:00-02:00;1;11;2014;
2014-11-02;GM366_ERC366;2014-11-02T00:00:00-02:00;2;11;2014;
2014-11-03;GM366_ERC366;2014-11-03T00:00:00-02:00;3;11;2014;2,4833
2014-11-04;GM366_ERC366;2014-11-04T00:00:00-02:00;4;11;2014;2,5189
2014-11-05;GM366_ERC366;2014-11-05T00:00:00-02:00;5;11;2014;2,5162
2014-11-06;GM366_ERC366;2014-11-06T00:00:00-02:00;6;11;2014;2,5319
2014-11-07;GM366_ERC366;2014-11-07T00:00:00-02:00;7;11;2014;2,5715
2014-11-08;GM366_ERC366;2014-11-08T00:00:00-02:00;8;11;2014;
2014-11-09;GM366_ERC366;2014-11-09T00:00:00-02:00;9;11;2014;
2014-11-10;GM366_ERC366;2014-11-10T00:00:00-02:00;10;11;2014;2,5384
2014-11-11;GM366_ERC366;2014-11-11T00:00:00-02:00;11;11;2014;2,5638
2014-11-12;GM366_ERC366;2014-11-12T00:00:00-02:00;12;11;2014;2,5544
2014-11-13;GM366_ERC366;2014-11-13T00:00:00-02:00;13;11;2014;2,5719
2014-11-14;GM366_ERC366;2014-11-14T00:00:00-02:00;14;11;2014;2,6129
2014-11-15;GM366_ERC366;2014-11-15T00:00:00-02:00;15;11;2014;
2014-11-16;GM366_ERC366;2014-11-16T00:00:00-02:00;16;11;2014;
2014-11-17;GM366_ERC366;2014-11-17T00:00:00-02:00;17;11;2014;2,6029
2014-11-18;GM366_ERC366;2014-11-18T00:00:00-02:00;18;11;2014;2,5961
2014-11-19;GM366_ERC366;2014-11-19T00:00:00-02:00;19;11;2014;2,5843
2014-11-20;GM366_ERC366;2014-11-20T00:00:00-02:00;20;11;2014;2,544
2014-11-21;GM366_ERC366;2014-11-21T00:00:00-02:00;21;11;2014;2,5384
2014-11-22;GM366_ERC366;2014-11-22T00:00:00-02:00;22;11;2014;
2014-11-23;GM366_ERC366;2014-11-23T00:00:00-02:00;23;11;2014;
2014-11-24;GM366_ERC366;2014-11-24T00:00:00-02:00;24;11;2014;2,5276
2014-11-25;GM366_ERC366;2014-11-25T00:00:00-02:00;25;11;2014;2,523
2014-11-26;GM366_ERC366;2014-11-26T00:00:00-02:00;26;11;2014;2,5097
2014-11-27;GM366_ERC366;2014-11-27T00:00:00-02:00;27;11;2014;2,5059
2014-11-28;GM366_ERC366;2014-11-28T00:00:00-02:00;28;11;2014;2,5595
2014-11-29;GM366_ERC366;2014-11-29T00:00:00-02:00;29;11;2014;
2014-11-30;GM366_ERC366;2014-11-30T00:00:00-02:00;30;11;2014;
2014-12-01;GM366_ERC366;2014-12-01T00:00:00-02:00;1;12;2014;2,5618
2014-12-02;GM366_ERC366;2014-12-02T00:00:00-02:00;2;12;2014;2,5658
2014-12-03;GM366_ERC366;2014-12-03T00:00:00-02:00;3;12;2014;2,5601
2014-12-04;GM366_ERC366;2014-12-04T00:00:00-02:00;4;12;2014;2,5791
2014-12-05;GM366_ERC366;2014-12-05T00:00:00-02:00;5;12;2014;2,5882
2014-12-06;GM366_ERC366;2014-12-06T00:00:00-02:00;6;12;2014;
2014-12-07;GM366_ERC366;2014-12-07T00:00:00-02:00;7;12;2014;
2014-12-08;GM366_ERC366;2014-12-08T00:00:00-02:00;8;12;2014;2,5917
2014-12-09;GM366_ERC366;2014-12-09T00:00:00-02:00;9;12;2014;2,601
2014-12-10;GM366_ERC366;2014-12-10T00:00:00-02:00;10;12;2014;2,5925
2014-12-11;GM366_ERC366;2014-12-11T00:00:00-02:00;11;12;2014;2,6265
2014-12-12;GM366_ERC366;2014-12-12T00:00:00-02:00;12;12;2014;2,6552
2014-12-13;GM366_ERC366;2014-12-13T00:00:00-02:00;13;12;2014;
2014-12-14;GM366_ERC366;2014-12-14T00:00:00-02:00;14;12;2014;
2014-12-15;GM366_ERC366;2014-12-15T00:00:00-02:00;15;12;2014;2,6711
2014-12-16;GM366_ERC366;2014-12-16T00:00:00-02:00;16;12;2014;2,7397
2014-12-17;GM366_ERC366;2014-12-17T00:00:00-02:00;17;12;2014;2,724
2014-12-18;GM366_ERC366;2014-12-18T00:00:00-02:00;18;12;2014;2,6669
2014-12-19;GM366_ERC366;2014-12-19T00:00:00-02:00;19;12;2014;2,648
2014-12-20;GM366_ERC366;2014-12-20T00:00:00-02:00;20;12;2014;
2014-12-21;GM366_ERC366;2014-12-21T00:00:00-02:00;21;12;2014;
2014-12-22;GM366_ERC366;2014-12-22T00:00:00-02:00;22;12;2014;2,652
2014-12-23;GM366_ERC366;2014-12-23T00:00:00-02:00;23;12;2014;2,6769
2014-12-24;GM366_ERC366;2014-12-24T00:00:00-02:00;24;12;2014;2,6822
2014-12-25;GM366_ERC366;2014-12-25T00:00:00-02:00;25;12;2014;
2014-12-26;GM366_ERC366;2014-12-26T00:00:00-02:00;26;12;2014;2,6806
2014-12-27;GM366_ERC366;2014-12-27T00:00:00-02:00;27;12;2014;
2014-12-28;GM366_ERC366;2014-12-28T00:00:00-02:00;28;12;2014;
2014-12-29;GM366_ERC366;2014-12-29T00:00:00-02:00;29;12;2014;2,6777
2014-12-30;GM366_ERC366;2014-12-30T00:00:00-02:00;30;12;2014;2,6556
2014-12-31;GM366_ERC366;2014-12-31T00:00:00-02:00;31;12;2014;2,6556
2015-01-01;GM366_ERC366;2015-01-01T00:00:00-02:00;1;1;2015;
2015-01-02;GM366_ERC366;2015-01-02T00:00:00-02:00;2;1;2015;2,6923
2015-01-03;GM366_ERC366;2015-01-03T00:00:00-02:00;3;1;2015;
2015-01-04;GM366_ERC366;2015-01-04T00:00:00-02:00;4;1;2015;
2015-01-05;GM366_ERC366;2015-01-05T00:00:00-02:00;5;1;2015;2,7101
2015-01-06;GM366_ERC366;2015-01-06T00:00:00-02:00;6;1;2015;2,7016
2015-01-07;GM366_ERC366;2015-01-07T00:00:00-02:00;7;1;2015;2,6801
2015-01-08;GM366_ERC366;2015-01-08T00:00:00-02:00;8;1;2015;2,6913
2015-01-09;GM366_ERC366;2015-01-09T00:00:00-02:00;9;1;2015;2,6577
2015-01-10;GM366_ERC366;2015-01-10T00:00:00-02:00;10;1;2015;
2015-01-11;GM366_ERC366;2015-01-11T00:00:00-02:00;11;1;2015;
2015-01-12;GM366_ERC366;2015-01-12T00:00:00-02:00;12;1;2015;2,6569
2015-01-13;GM366_ERC366;2015-01-13T00:00:00-02:00;13;1;2015;2,6479
2015-01-14;GM366_ERC366;2015-01-14T00:00:00-02:00;14;1;2015;2,6216
2015-01-15;GM366_ERC366;2015-01-15T00:00:00-02:00;15;1;2015;2,6116
2015-01-16;GM366_ERC366;2015-01-16T00:00:00-02:00;16;1;2015;2,6187
2015-01-17;GM366_ERC366;2015-01-17T00:00:00-02:00;17;1;2015;
2015-01-18;GM366_ERC366;2015-01-18T00:00:00-02:00;18;1;2015;
2015-01-19;GM366_ERC366;2015-01-19T00:00:00-02:00;19;1;2015;2,6237
2015-01-20;GM366_ERC366;2015-01-20T00:00:00-02:00;20;1;2015;2,6241
2015-01-21;GM366_ERC366;2015-01-21T00:00:00-02:00;21;1;2015;2,5961
2015-01-22;GM366_ERC366;2015-01-22T00:00:00-02:00;22;1;2015;2,5748
2015-01-23;GM366_ERC366;2015-01-23T00:00:00-02:00;23;1;2015;2,585
2015-01-24;GM366_ERC366;2015-01-24T00:00:00-02:00;24;1;2015;
2015-01-25;GM366_ERC366;2015-01-25T00:00:00-02:00;25;1;2015;
2015-01-26;GM366_ERC366;2015-01-26T00:00:00-02:00;26;1;2015;2,596
2015-01-27;GM366_ERC366;2015-01-27T00:00:00-02:00;27;1;2015;2,5803
2015-01-28;GM366_ERC366;2015-01-28T00:00:00-02:00;28;1;2015;2,5791
2015-01-29;GM366_ERC366;2015-01-29T00:00:00-02:00;29;1;2015;2,5954
2015-01-30;GM366_ERC366;2015-01-30T00:00:00-02:00;30;1;2015;2,6617
2015-01-31;GM366_ERC366;2015-01-31T00:00:00-02:00;31;1;2015;
2015-02-01;GM366_ERC366;2015-02-01T00:00:00-02:00;1;2;2015;
2015-02-02;GM366_ERC366;2015-02-02T00:00:00-02:00;2;2;2015;2,6888
2015-02-03;GM366_ERC366;2015-02-03T00:00:00-02:00;3;2;2015;2,7053
2015-02-04;GM366_ERC366;2015-02-04T00:00:00-02:00;4;2;2015;2,7142
2015-02-05;GM366_ERC366;2015-02-05T00:00:00-02:00;5;2;2015;2,738
2015-02-06;GM366_ERC366;2015-02-06T00:00:00-02:00;6;2;2015;2,7635
2015-02-07;GM366_ERC366;2015-02-07T00:00:00-02:00;7;2;2015;
2015-02-08;GM366_ERC366;2015-02-08T00:00:00-02:00;8;2;2015;
2015-02-09;GM366_ERC366;2015-02-09T00:00:00-02:00;9;2;2015;2,7867
2015-02-10;GM366_ERC366;2015-02-10T00:00:00-02:00;10;2;2015;2,8069
2015-02-11;GM366_ERC366;2015-02-11T00:00:00-02:00;11;2;2015;2,857
2015-02-12;GM366_ERC366;2015-02-12T00:00:00-02:00;12;2;2015;2,8619
2015-02-13;GM366_ERC366;2015-02-13T00:00:00-02:00;13;2;2015;2,8385
2015-02-14;GM366_ERC366;2015-02-14T00:00:00-02:00;14;2;2015;
2015-02-15;GM366_ERC366;2015-02-15T00:00:00-02:00;15;2;2015;
2015-02-16;GM366_ERC366;2015-02-16T00:00:00-02:00;16;2;2015;
2015-02-17;GM366_ERC366;2015-02-17T00:00:00-02:00;17;2;2015;
2015-02-18;GM366_ERC366;2015-02-18T00:00:00-02:00;18;2;2015;2,8424
2015-02-19;GM366_ERC366;2015-02-19T00:00:00-02:00;19;2;2015;2,8539
2015-02-20;GM366_ERC366;2015-02-20T00:00:00-02:00;20;2;2015;2,8694
2015-02-21;GM366_ERC366;2015-02-21T00:00:00-02:00;21;2;2015;
2015-02-22;GM366_ERC366;2015-02-22T00:00:00-03:00;22;2;2015;
2015-02-23;GM366_ERC366;2015-02-23T00:00:00-03:00;23;2;2015;2,8805
2015-02-24;GM366_ERC366;2015-02-24T00:00:00-03:00;24;2;2015;2,8643
2015-02-25;GM366_ERC366;2015-02-25T00:00:00-03:00;25;2;2015;2,864
2015-02-26;GM366_ERC366;2015-02-26T00:00:00-03:00;26;2;2015;2,8721
2015-02-27;GM366_ERC366;2015-02-27T00:00:00-03:00;27;2;2015;2,8777
2015-02-28;GM366_ERC366;2015-02-28T00:00:00-03:00;28;2;2015;
2015-03-01;GM366_ERC366;2015-03-01T00:00:00-03:00;1;3;2015;
2015-03-02;GM366_ERC366;2015-03-02T00:00:00-03:00;2;3;2015;2,8649
2015-03-03;GM366_ERC366;2015-03-03T00:00:00-03:00;3;3;2015;2,9045
2015-03-04;GM366_ERC366;2015-03-04T00:00:00-03:00;4;3;2015;2,9798
2015-03-05;GM366_ERC366;2015-03-05T00:00:00-03:00;5;3;2015;2,9925
2015-03-06;GM366_ERC366;2015-03-06T00:00:00-03:00;6;3;2015;3,036
2015-03-07;GM366_ERC366;2015-03-07T00:00:00-03:00;7;3;2015;
2015-03-08;GM366_ERC366;2015-03-08T00:00:00-03:00;8;3;2015;
2015-03-09;GM366_ERC366;2015-03-09T00:00:00-03:00;9;3;2015;3,1012
2015-03-10;GM366_ERC366;2015-03-10T00:00:00-03:00;10;3;2015;3,1293
2015-03-11;GM366_ERC366;2015-03-11T00:00:00-03:00;11;3;2015;3,1156
2015-03-12;GM366_ERC366;2015-03-12T00:00:00-03:00;12;3;2015;3,1165
2015-03-13;GM366_ERC366;2015-03-13T00:00:00-03:00;13;3;2015;3,2258
2015-03-14;GM366_ERC366;2015-03-14T00:00:00-03:00;14;3;2015;
2015-03-15;GM366_ERC366;2015-03-15T00:00:00-03:00;15;3;2015;
2015-03-16;GM366_ERC366;2015-03-16T00:00:00-03:00;16;3;2015;3,2251
2015-03-17;GM366_ERC366;2015-03-17T00:00:00-03:00;17;3;2015;3,2677
2015-03-18;GM366_ERC366;2015-03-18T00:00:00-03:00;18;3;2015;3,2512
2015-03-19;GM366_ERC366;2015-03-19T00:00:00-03:00;19;3;2015;3,2635
2015-03-20;GM366_ERC366;2015-03-20T00:00:00-03:00;20;3;2015;3,2417
2015-03-21;GM366_ERC366;2015-03-21T00:00:00-03:00;21;3;2015;
2015-03-22;GM366_ERC366;2015-03-22T00:00:00-03:00;22;3;2015;
2015-03-23;GM366_ERC366;2015-03-23T00:00:00-03:00;23;3;2015;3,1793
2015-03-24;GM366_ERC366;2015-03-24T00:00:00-03:00;24;3;2015;3,1304
2015-03-25;GM366_ERC366;2015-03-25T00:00:00-03:00;25;3;2015;3,1469
2015-03-26;GM366_ERC366;2015-03-26T00:00:00-03:00;26;3;2015;3,1909
2015-03-27;GM366_ERC366;2015-03-27T00:00:00-03:00;27;3;2015;3,2253
2015-03-28;GM366_ERC366;2015-03-28T00:00:00-03:00;28;3;2015;
2015-03-29;GM366_ERC366;2015-03-29T00:00:00-03:00;29;3;2015;
2015-03-30;GM366_ERC366;2015-03-30T00:00:00-03:00;30;3;2015;3,2595
2015-03-31;GM366_ERC366;2015-03-31T00:00:00-03:00;31;3;2015;3,2074
2015-04-01;GM366_ERC366;2015-04-01T00:00:00-03:00;1;4;2015;3,1549
2015-04-02;GM366_ERC366;2015-04-02T00:00:00-03:00;2;4;2015;3,1486
2015-04-03;GM366_ERC366;2015-04-03T00:00:00-03:00;3;4;2015;
2015-04-04;GM366_ERC366;2015-04-04T00:00:00-03:00;4;4;2015;
2015-04-05;GM366_ERC366;2015-04-05T00:00:00-03:00;5;4;2015;
2015-04-06;GM366_ERC366;2015-04-06T00:00:00-03:00;6;4;2015;3,092
2015-04-07;GM366_ERC366;2015-04-07T00:00:00-03:00;7;4;2015;3,1225
2015-04-08;GM366_ERC366;2015-04-08T00:00:00-03:00;8;4;2015;3,0828
2015-04-09;GM366_ERC366;2015-04-09T00:00:00-03:00;9;4;2015;3,0459
2015-04-10;GM366_ERC366;2015-04-10T00:00:00-03:00;10;4;2015;3,0789
2015-04-11;GM366_ERC366;2015-04-11T00:00:00-03:00;11;4;2015;
2015-04-12;GM366_ERC366;2015-04-12T00:00:00-03:00;12;4;2015;
2015-04-13;GM366_ERC366;2015-04-13T00:00:00-03:00;13;4;2015;3,1005
2015-04-14;GM366_ERC366;2015-04-14T00:00:00-03:00;14;4;2015;3,0874
2015-04-15;GM366_ERC366;2015-04-15T00:00:00-03:00;15;4;2015;3,0675
2015-04-16;GM366_ERC366;2015-04-16T00:00:00-03:00;16;4;2015;3,0243
2015-04-17;GM366_ERC366;2015-04-17T00:00:00-03:00;17;4;2015;3,0538
2015-04-18;GM366_ERC366;2015-04-18T00:00:00-03:00;18;4;2015;
2015-04-19;GM366_ERC366;2015-04-19T00:00:00-03:00;19;4;2015;
2015-04-20;GM366_ERC366;2015-04-20T00:00:00-03:00;20;4;2015;3,0467
2015-04-21;GM366_ERC366;2015-04-21T00:00:00-03:00;21;4;2015;
2015-04-22;GM366_ERC366;2015-04-22T00:00:00-03:00;22;4;2015;3,018
2015-04-23;GM366_ERC366;2015-04-23T00:00:00-03:00;23;4;2015;3,0077
2015-04-24;GM366_ERC366;2015-04-24T00:00:00-03:00;24;4;2015;2,9739
2015-04-25;GM366_ERC366;2015-04-25T00:00:00-03:00;25;4;2015;
2015-04-26;GM366_ERC366;2015-04-26T00:00:00-03:00;26;4;2015;
2015-04-27;GM366_ERC366;2015-04-27T00:00:00-03:00;27;4;2015;2,9229
2015-04-28;GM366_ERC366;2015-04-28T00:00:00-03:00;28;4;2015;2,8937
2015-04-29;GM366_ERC366;2015-04-29T00:00:00-03:00;29;4;2015;2,9369
2015-04-30;GM366_ERC366;2015-04-30T00:00:00-03:00;30;4;2015;2,993
2015-05-01;GM366_ERC366;2015-05-01T00:00:00-03:00;1;5;2015;
2015-05-02;GM366_ERC366;2015-05-02T00:00:00-03:00;2;5;2015;
2015-05-03;GM366_ERC366;2015-05-03T00:00:00-03:00;3;5;2015;
2015-05-04;GM366_ERC366;2015-05-04T00:00:00-03:00;4;5;2015;3,0748
2015-05-05;GM366_ERC366;2015-05-05T00:00:00-03:00;5;5;2015;3,0619
2015-05-06;GM366_ERC366;2015-05-06T00:00:00-03:00;6;5;2015;3,0414
2015-05-07;GM366_ERC366;2015-05-07T00:00:00-03:00;7;5;2015;3,0415
2015-05-08;GM366_ERC366;2015-05-08T00:00:00-03:00;8;5;2015;2,9959
2015-05-09;GM366_ERC366;2015-05-09T00:00:00-03:00;9;5;2015;
2015-05-10;GM366_ERC366;2015-05-10T00:00:00-03:00;10;5;2015;
2015-05-11;GM366_ERC366;2015-05-11T00:00:00-03:00;11;5;2015;3,0169
2015-05-12;GM366_ERC366;2015-05-12T00:00:00-03:00;12;5;2015;3,0382
2015-05-13;GM366_ERC366;2015-05-13T00:00:00-03:00;13;5;2015;3,0096
2015-05-14;GM366_ERC366;2015-05-14T00:00:00-03:00;14;5;2015;3,0026
2015-05-15;GM366_ERC366;2015-05-15T00:00:00-03:00;15;5;2015;2,9887
2015-05-16;GM366_ERC366;2015-05-16T00:00:00-03:00;16;5;2015;
2015-05-17;GM366_ERC366;2015-05-17T00:00:00-03:00;17;5;2015;
2015-05-18;GM366_ERC366;2015-05-18T00:00:00-03:00;18;5;2015;3,0139
2015-05-19;GM366_ERC366;2015-05-19T00:00:00-03:00;19;5;2015;3,0278
2015-05-20;GM366_ERC366;2015-05-20T00:00:00-03:00;20;5;2015;3,034
2015-05-21;GM366_ERC366;2015-05-21T00:00:00-03:00;21;5;2015;3,0289
2015-05-22;GM366_ERC366;2015-05-22T00:00:00-03:00;22;5;2015;3,0647
2015-05-23;GM366_ERC366;2015-05-23T00:00:00-03:00;23;5;2015;
2015-05-24;GM366_ERC366;2015-05-24T00:00:00-03:00;24;5;2015;
2015-05-25;GM366_ERC366;2015-05-25T00:00:00-03:00;25;5;2015;3,1206
2015-05-26;GM366_ERC366;2015-05-26T00:00:00-03:00;26;5;2015;3,1345
2015-05-27;GM366_ERC366;2015-05-27T00:00:00-03:00;27;5;2015;3,1734
2015-05-28;GM366_ERC366;2015-05-28T00:00:00-03:00;28;5;2015;3,1741
2015-05-29;GM366_ERC366;2015-05-29T00:00:00-03:00;29;5;2015;3,1781
2015-05-30;GM366_ERC366;2015-05-30T00:00:00-03:00;30;5;2015;
2015-05-31;GM366_ERC366;2015-05-31T00:00:00-03:00;31;5;2015;
2015-06-01;GM366_ERC366;2015-06-01T00:00:00-03:00;1;6;2015;3,1783
2015-06-02;GM366_ERC366;2015-06-02T00:00:00-03:00;2;6;2015;3,1437
2015-06-03;GM366_ERC366;2015-06-03T00:00:00-03:00;3;6;2015;3,1178
2015-06-04;GM366_ERC366;2015-06-04T00:00:00-03:00;4;6;2015;
2015-06-05;GM366_ERC366;2015-06-05T00:00:00-03:00;5;6;2015;3,1677
2015-06-06;GM366_ERC366;2015-06-06T00:00:00-03:00;6;6;2015;
2015-06-07;GM366_ERC366;2015-06-07T00:00:00-03:00;7;6;2015;
2015-06-08;GM366_ERC366;2015-06-08T00:00:00-03:00;8;6;2015;3,1184
2015-06-09;GM366_ERC366;2015-06-09T00:00:00-03:00;9;6;2015;3,0985
2015-06-10;GM366_ERC366;2015-06-10T00:00:00-03:00;10;6;2015;3,0837
2015-06-11;GM366_ERC366;2015-06-11T00:00:00-03:00;11;6;2015;3,1508
2015-06-12;GM366_ERC366;2015-06-12T00:00:00-03:00;12;6;2015;3,1101
2015-06-13;GM366_ERC366;2015-06-13T00:00:00-03:00;13;6;2015;
2015-06-14;GM366_ERC366;2015-06-14T00:00:00-03:00;14;6;2015;
2015-06-15;GM366_ERC366;2015-06-15T00:00:00-03:00;15;6;2015;3,103
2015-06-16;GM366_ERC366;2015-06-16T00:00:00-03:00;16;6;2015;3,1076
2015-06-17;GM366_ERC366;2015-06-17T00:00:00-03:00;17;6;2015;3,0983
2015-06-18;GM366_ERC366;2015-06-18T00:00:00-03:00;18;6;2015;3,0466
2015-06-19;GM366_ERC366;2015-06-19T00:00:00-03:00;19;6;2015;3,0782
2015-06-20;GM366_ERC366;2015-06-20T00:00:00-03:00;20;6;2015;
2015-06-21;GM366_ERC366;2015-06-21T00:00:00-03:00;21;6;2015;
2015-06-22;GM366_ERC366;2015-06-22T00:00:00-03:00;22;6;2015;3,0751
2015-06-23;GM366_ERC366;2015-06-23T00:00:00-03:00;23;6;2015;3,1036
2015-06-24;GM366_ERC366;2015-06-24T00:00:00-03:00;24;6;2015;3,0846
2015-06-25;GM366_ERC366;2015-06-25T00:00:00-03:00;25;6;2015;3,1009
2015-06-26;GM366_ERC366;2015-06-26T00:00:00-03:00;26;6;2015;3,1265
2015-06-27;GM366_ERC366;2015-06-27T00:00:00-03:00;27;6;2015;
2015-06-28;GM366_ERC366;2015-06-28T00:00:00-03:00;28;6;2015;
2015-06-29;GM366_ERC366;2015-06-29T00:00:00-03:00;29;6;2015;3,1383
2015-06-30;GM366_ERC366;2015-06-30T00:00:00-03:00;30;6;2015;3,1019
2015-07-01;GM366_ERC366;2015-07-01T00:00:00-03:00;1;7;2015;3,1185
2015-07-02;GM366_ERC366;2015-07-02T00:00:00-03:00;2;7;2015;3,1166
2015-07-03;GM366_ERC366;2015-07-03T00:00:00-03:00;3;7;2015;3,1265
2015-07-04;GM366_ERC366;2015-07-04T00:00:00-03:00;4;7;2015;
2015-07-05;GM366_ERC366;2015-07-05T00:00:00-03:00;5;7;2015;
2015-07-06;GM366_ERC366;2015-07-06T00:00:00-03:00;6;7;2015;3,1425
2015-07-07;GM366_ERC366;2015-07-07T00:00:00-03:00;7;7;2015;3,1803
2015-07-08;GM366_ERC366;2015-07-08T00:00:00-03:00;8;7;2015;3,2275
2015-07-09;GM366_ERC366;2015-07-09T00:00:00-03:00;9;7;2015;3,2152
2015-07-10;GM366_ERC366;2015-07-10T00:00:00-03:00;10;7;2015;3,1891
2015-07-11;GM366_ERC366;2015-07-11T00:00:00-03:00;11;7;2015;
2015-07-12;GM366_ERC366;2015-07-12T00:00:00-03:00;12;7;2015;
2015-07-13;GM366_ERC366;2015-07-13T00:00:00-03:00;13;7;2015;3,1588
2015-07-14;GM366_ERC366;2015-07-14T00:00:00-03:00;14;7;2015;3,1224
2015-07-15;GM366_ERC366;2015-07-15T00:00:00-03:00;15;7;2015;3,1526
2015-07-16;GM366_ERC366;2015-07-16T00:00:00-03:00;16;7;2015;3,1369
2015-07-17;GM366_ERC366;2015-07-17T00:00:00-03:00;17;7;2015;3,1826
2015-07-18;GM366_ERC366;2015-07-18T00:00:00-03:00;18;7;2015;
2015-07-19;GM366_ERC366;2015-07-19T00:00:00-03:00;19;7;2015;
2015-07-20;GM366_ERC366;2015-07-20T00:00:00-03:00;20;7;2015;3,2143
2015-07-21;GM366_ERC366;2015-07-21T00:00:00-03:00;21;7;2015;3,1807
2015-07-22;GM366_ERC366;2015-07-22T00:00:00-03:00;22;7;2015;3,2088
2015-07-23;GM366_ERC366;2015-07-23T00:00:00-03:00;23;7;2015;3,2844
2015-07-24;GM366_ERC366;2015-07-24T00:00:00-03:00;24;7;2015;3,3248
2015-07-25;GM366_ERC366;2015-07-25T00:00:00-03:00;25;7;2015;
2015-07-26;GM366_ERC366;2015-07-26T00:00:00-03:00;26;7;2015;
2015-07-27;GM366_ERC366;2015-07-27T00:00:00-03:00;27;7;2015;3,3551
2015-07-28;GM366_ERC366;2015-07-28T00:00:00-03:00;28;7;2015;3,3808
2015-07-29;GM366_ERC366;2015-07-29T00:00:00-03:00;29;7;2015;3,3413
2015-07-30;GM366_ERC366;2015-07-30T00:00:00-03:00;30;7;2015;3,3646
2015-07-31;GM366_ERC366;2015-07-31T00:00:00-03:00;31;7;2015;3,3934
2015-08-01;GM366_ERC366;2015-08-01T00:00:00-03:00;1;8;2015;
2015-08-02;GM366_ERC366;2015-08-02T00:00:00-03:00;2;8;2015;
2015-08-03;GM366_ERC366;2015-08-03T00:00:00-03:00;3;8;2015;3,4419
2015-08-04;GM366_ERC366;2015-08-04T00:00:00-03:00;4;8;2015;3,4669
2015-08-05;GM366_ERC366;2015-08-05T00:00:00-03:00;5;8;2015;3,4844
2015-08-06;GM366_ERC366;2015-08-06T00:00:00-03:00;6;8;2015;3,5341
2015-08-07;GM366_ERC366;2015-08-07T00:00:00-03:00;7;8;2015;3,5175
2015-08-08;GM366_ERC366;2015-08-08T00:00:00-03:00;8;8;2015;
2015-08-09;GM366_ERC366;2015-08-09T00:00:00-03:00;9;8;2015;
2015-08-10;GM366_ERC366;2015-08-10T00:00:00-03:00;10;8;2015;3,4903
2015-08-11;GM366_ERC366;2015-08-11T00:00:00-03:00;11;8;2015;3,4919
2015-08-12;GM366_ERC366;2015-08-12T00:00:00-03:00;12;8;2015;3,482
2015-08-13;GM366_ERC366;2015-08-13T00:00:00-03:00;13;8;2015;3,5068
2015-08-14;GM366_ERC366;2015-08-14T00:00:00-03:00;14;8;2015;3,4755
2015-08-15;GM366_ERC366;2015-08-15T00:00:00-03:00;15;8;2015;
2015-08-16;GM366_ERC366;2015-08-16T00:00:00-03:00;16;8;2015;
2015-08-17;GM366_ERC366;2015-08-17T00:00:00-03:00;17;8;2015;3,4739
2015-08-18;GM366_ERC366;2015-08-18T00:00:00-03:00;18;8;2015;3,4805
2015-08-19;GM366_ERC366;2015-08-19T00:00:00-03:00;19;8;2015;3,4843
2015-08-20;GM366_ERC366;2015-08-20T00:00:00-03:00;20;8;2015;3,4745
2015-08-21;GM366_ERC366;2015-08-21T00:00:00-03:00;21;8;2015;3,489
2015-08-22;GM366_ERC366;2015-08-22T00:00:00-03:00;22;8;2015;
2015-08-23;GM366_ERC366;2015-08-23T00:00:00-03:00;23;8;2015;
2015-08-24;GM366_ERC366;2015-08-24T00:00:00-03:00;24;8;2015;3,5488
2015-08-25;GM366_ERC366;2015-08-25T00:00:00-03:00;25;8;2015;3,5339
2015-08-26;GM366_ERC366;2015-08-26T00:00:00-03:00;26;8;2015;3,632
2015-08-27;GM366_ERC366;2015-08-27T00:00:00-03:00;27;8;2015;3,5549
2015-08-28;GM366_ERC366;2015-08-28T00:00:00-03:00;28;8;2015;3,5784
2015-08-29;GM366_ERC366;2015-08-29T00:00:00-03:00;29;8;2015;
2015-08-30;GM366_ERC366;2015-08-30T00:00:00-03:00;30;8;2015;
2015-08-31;GM366_ERC366;2015-08-31T00:00:00-03:00;31;8;2015;3,6461
2015-09-01;GM366_ERC366;2015-09-01T00:00:00-03:00;1;9;2015;3,6719
2015-09-02;GM366_ERC366;2015-09-02T00:00:00-03:00;2;9;2015;3,7307
2015-09-03;GM366_ERC366;2015-09-03T00:00:00-03:00;3;9;2015;3,7753
2015-09-04;GM366_ERC366;2015-09-04T00:00:00-03:00;4;9;2015;3,798
2015-09-05;GM366_ERC366;2015-09-05T00:00:00-03:00;5;9;2015;
2015-09-06;GM366_ERC366;2015-09-06T00:00:00-03:00;6;9;2015;
2015-09-07;GM366_ERC366;2015-09-07T00:00:00-03:00;7;9;2015;
2015-09-08;GM366_ERC366;2015-09-08T00:00:00-03:00;8;9;2015;3,8021
2015-09-09;GM366_ERC366;2015-09-09T00:00:00-03:00;9;9;2015;3,7864
2015-09-10;GM366_ERC366;2015-09-10T00:00:00-03:00;10;9;2015;3,8691
2015-09-11;GM366_ERC366;2015-09-11T00:00:00-03:00;11;9;2015;3,8692
2015-09-12;GM366_ERC366;2015-09-12T00:00:00-03:00;12;9;2015;
2015-09-13;GM366_ERC366;2015-09-13T00:00:00-03:00;13;9;2015;
2015-09-14;GM366_ERC366;2015-09-14T00:00:00-03:00;14;9;2015;3,8647
2015-09-15;GM366_ERC366;2015-09-15T00:00:00-03:00;15;9;2015;3,8593
2015-09-16;GM366_ERC366;2015-09-16T00:00:00-03:00;16;9;2015;3,8361
2015-09-17;GM366_ERC366;2015-09-17T00:00:00-03:00;17;9;2015;3,8915
2015-09-18;GM366_ERC366;2015-09-18T00:00:00-03:00;18;9;2015;3,9015
2015-09-19;GM366_ERC366;2015-09-19T00:00:00-03:00;19;9;2015;
2015-09-20;GM366_ERC366;2015-09-20T00:00:00-03:00;20;9;2015;
2015-09-21;GM366_ERC366;2015-09-21T00:00:00-03:00;21;9;2015;3,9815
2015-09-22;GM366_ERC366;2015-09-22T00:00:00-03:00;22;9;2015;4,0419
2015-09-23;GM366_ERC366;2015-09-23T00:00:00-03:00;23;9;2015;4,1034
2015-09-24;GM366_ERC366;2015-09-24T00:00:00-03:00;24;9;2015;4,1942
2015-09-25;GM366_ERC366;2015-09-25T00:00:00-03:00;25;9;2015;3,9472
2015-09-26;GM366_ERC366;2015-09-26T00:00:00-03:00;26;9;2015;
2015-09-27;GM366_ERC366;2015-09-27T00:00:00-03:00;27;9;2015;
2015-09-28;GM366_ERC366;2015-09-28T00:00:00-03:00;28;9;2015;4,0093
2015-09-29;GM366_ERC366;2015-09-29T00:00:00-03:00;29;9;2015;4,1165
2015-09-30;GM366_ERC366;2015-09-30T00:00:00-03:00;30;9;2015;3,9722
2015-10-01;GM366_ERC366;2015-10-01T00:00:00-03:00;1;10;2015;3,9788
2015-10-02;GM366_ERC366;2015-10-02T00:00:00-03:00;2;10;2015;4,0003
2015-10-03;GM366_ERC366;2015-10-03T00:00:00-03:00;3;10;2015;
2015-10-04;GM366_ERC366;2015-10-04T00:00:00-03:00;4;10;2015;
2015-10-05;GM366_ERC366;2015-10-05T00:00:00-03:00;5;10;2015;3,9135
2015-10-06;GM366_ERC366;2015-10-06T00:00:00-03:00;6;10;2015;3,8561
2015-10-07;GM366_ERC366;2015-10-07T00:00:00-03:00;7;10;2015;3,8053
2015-10-08;GM366_ERC366;2015-10-08T00:00:00-03:00;8;10;2015;3,8511
2015-10-09;GM366_ERC366;2015-10-09T00:00:00-03:00;9;10;2015;3,738
2015-10-10;GM366_ERC366;2015-10-10T00:00:00-03:00;10;10;2015;
2015-10-11;GM366_ERC366;2015-10-11T00:00:00-03:00;11;10;2015;
2015-10-12;GM366_ERC366;2015-10-12T00:00:00-03:00;12;10;2015;
2015-10-13;GM366_ERC366;2015-10-13T00:00:00-03:00;13;10;2015;3,8243
2015-10-14;GM366_ERC366;2015-10-14T00:00:00-03:00;14;10;2015;3,8501
2015-10-15;GM366_ERC366;2015-10-15T00:00:00-03:00;15;10;2015;3,8337
2015-10-16;GM366_ERC366;2015-10-16T00:00:00-03:00;16;10;2015;3,8432
2015-10-17;GM366_ERC366;2015-10-17T00:00:00-03:00;17;10;2015;
2015-10-18;GM366_ERC366;2015-10-18T00:00:00-03:00;18;10;2015;
2015-10-19;GM366_ERC366;2015-10-19T00:00:00-02:00;19;10;2015;3,9009
2015-10-20;GM366_ERC366;2015-10-20T00:00:00-02:00;20;10;2015;3,865
2015-10-21;GM366_ERC366;2015-10-21T00:00:00-02:00;21;10;2015;3,938
2015-10-22;GM366_ERC366;2015-10-22T00:00:00-02:00;22;10;2015;3,9354
2015-10-23;GM366_ERC366;2015-10-23T00:00:00-02:00;23;10;2015;3,8982
2015-10-24;GM366_ERC366;2015-10-24T00:00:00-02:00;24;10;2015;
2015-10-25;GM366_ERC366;2015-10-25T00:00:00-02:00;25;10;2015;
2015-10-26;GM366_ERC366;2015-10-26T00:00:00-02:00;26;10;2015;3,8575
2015-10-27;GM366_ERC366;2015-10-27T00:00:00-02:00;27;10;2015;3,9108
2015-10-28;GM366_ERC366;2015-10-28T00:00:00-02:00;28;10;2015;3,8791
2015-10-29;GM366_ERC366;2015-10-29T00:00:00-02:00;29;10;2015;3,9321
2015-10-30;GM366_ERC366;2015-10-30T00:00:00-02:00;30;10;2015;3,8582
2015-10-31;GM366_ERC366;2015-10-31T00:00:00-02:00;31;10;2015;
2015-11-01;GM366_ERC366;2015-11-01T00:00:00-02:00;1;11;2015;
2015-11-02;GM366_ERC366;2015-11-02T00:00:00-02:00;2;11;2015;
2015-11-03;GM366_ERC366;2015-11-03T00:00:00-02:00;3;11;2015;3,812
2015-11-04;GM366_ERC366;2015-11-04T00:00:00-02:00;4;11;2015;3,768
2015-11-05;GM366_ERC366;2015-11-05T00:00:00-02:00;5;11;2015;3,7887
2015-11-06;GM366_ERC366;2015-11-06T00:00:00-02:00;6;11;2015;3,8053
2015-11-07;GM366_ERC366;2015-11-07T00:00:00-02:00;7;11;2015;
2015-11-08;GM366_ERC366;2015-11-08T00:00:00-02:00;8;11;2015;
2015-11-09;GM366_ERC366;2015-11-09T00:00:00-02:00;9;11;2015;3,7922
2015-11-10;GM366_ERC366;2015-11-10T00:00:00-02:00;10;11;2015;3,7975
2015-11-11;GM366_ERC366;2015-11-11T00:00:00-02:00;11;11;2015;3,732
2015-11-12;GM366_ERC366;2015-11-12T00:00:00-02:00;12;11;2015;3,799
2015-11-13;GM366_ERC366;2015-11-13T00:00:00-02:00;13;11;2015;3,8016
2015-11-14;GM366_ERC366;2015-11-14T00:00:00-02:00;14;11;2015;
2015-11-15;GM366_ERC366;2015-11-15T00:00:00-02:00;15;11;2015;
2015-11-16;GM366_ERC366;2015-11-16T00:00:00-02:00;16;11;2015;3,833
2015-11-17;GM366_ERC366;2015-11-17T00:00:00-02:00;17;11;2015;3,8045
2015-11-18;GM366_ERC366;2015-11-18T00:00:00-02:00;18;11;2015;3,7915
2015-11-19;GM366_ERC366;2015-11-19T00:00:00-02:00;19;11;2015;3,7435
2015-11-20;GM366_ERC366;2015-11-20T00:00:00-02:00;20;11;2015;3,7
2015-11-21;GM366_ERC366;2015-11-21T00:00:00-02:00;21;11;2015;
2015-11-22;GM366_ERC366;2015-11-22T00:00:00-02:00;22;11;2015;
2015-11-23;GM366_ERC366;2015-11-23T00:00:00-02:00;23;11;2015;3,7224
2015-11-24;GM366_ERC366;2015-11-24T00:00:00-02:00;24;11;2015;3,7075
2015-11-25;GM366_ERC366;2015-11-25T00:00:00-02:00;25;11;2015;3,7682
2015-11-26;GM366_ERC366;2015-11-26T00:00:00-02:00;26;11;2015;3,76
2015-11-27;GM366_ERC366;2015-11-27T00:00:00-02:00;27;11;2015;3,7392
2015-11-28;GM366_ERC366;2015-11-28T00:00:00-02:00;28;11;2015;
2015-11-29;GM366_ERC366;2015-11-29T00:00:00-02:00;29;11;2015;
2015-11-30;GM366_ERC366;2015-11-30T00:00:00-02:00;30;11;2015;3,8499
2015-12-01;GM366_ERC366;2015-12-01T00:00:00-02:00;1;12;2015;3,8739
2015-12-02;GM366_ERC366;2015-12-02T00:00:00-02:00;2;12;2015;3,8539
2015-12-03;GM366_ERC366;2015-12-03T00:00:00-02:00;3;12;2015;3,7964
2015-12-04;GM366_ERC366;2015-12-04T00:00:00-02:00;4;12;2015;3,7569
2015-12-05;GM366_ERC366;2015-12-05T00:00:00-02:00;5;12;2015;
2015-12-06;GM366_ERC366;2015-12-06T00:00:00-02:00;6;12;2015;
2015-12-07;GM366_ERC366;2015-12-07T00:00:00-02:00;7;12;2015;3,747
2015-12-08;GM366_ERC366;2015-12-08T00:00:00-02:00;8;12;2015;3,7915
2015-12-09;GM366_ERC366;2015-12-09T00:00:00-02:00;9;12;2015;3,7573
2015-12-10;GM366_ERC366;2015-12-10T00:00:00-02:00;10;12;2015;3,7679
2015-12-11;GM366_ERC366;2015-12-11T00:00:00-02:00;11;12;2015;3,8541
2015-12-12;GM366_ERC366;2015-12-12T00:00:00-02:00;12;12;2015;
2015-12-13;GM366_ERC366;2015-12-13T00:00:00-02:00;13;12;2015;
2015-12-14;GM366_ERC366;2015-12-14T00:00:00-02:00;14;12;2015;3,9017
2015-12-15;GM366_ERC366;2015-12-15T00:00:00-02:00;15;12;2015;3,8697
2015-12-16;GM366_ERC366;2015-12-16T00:00:00-02:00;16;12;2015;3,9351
2015-12-17;GM366_ERC366;2015-12-17T00:00:00-02:00;17;12;2015;3,8923
2015-12-18;GM366_ERC366;2015-12-18T00:00:00-02:00;18;12;2015;3,9056
2015-12-19;GM366_ERC366;2015-12-19T00:00:00-02:00;19;12;2015;
2015-12-20;GM366_ERC366;2015-12-20T00:00:00-02:00;20;12;2015;
2015-12-21;GM366_ERC366;2015-12-21T00:00:00-02:00;21;12;2015;3,9825
2015-12-22;GM366_ERC366;2015-12-22T00:00:00-02:00;22;12;2015;3,9764
2015-12-23;GM366_ERC366;2015-12-23T00:00:00-02:00;23;12;2015;3,9626
2015-12-24;GM366_ERC366;2015-12-24T00:00:00-02:00;24;12;2015;3,9511
2015-12-25;GM366_ERC366;2015-12-25T00:00:00-02:00;25;12;2015;
2015-12-26;GM366_ERC366;2015-12-26T00:00:00-02:00;26;12;2015;
2015-12-27;GM366_ERC366;2015-12-27T00:00:00-02:00;27;12;2015;
2015-12-28;GM366_ERC366;2015-12-28T00:00:00-02:00;28;12;2015;3,918
2015-12-29;GM366_ERC366;2015-12-29T00:00:00-02:00;29;12;2015;3,8486
2015-12-30;GM366_ERC366;2015-12-30T00:00:00-02:00;30;12;2015;3,9042
2015-12-31;GM366_ERC366;2015-12-31T00:00:00-02:00;31;12;2015;3,9042
2016-01-01;GM366_ERC366;2016-01-01T00:00:00-02:00;1;1;2016;
2016-01-02;GM366_ERC366;2016-01-02T00:00:00-02:00;2;1;2016;
2016-01-03;GM366_ERC366;2016-01-03T00:00:00-02:00;3;1;2016;
2016-01-04;GM366_ERC366;2016-01-04T00:00:00-02:00;4;1;2016;4,038
2016-01-05;GM366_ERC366;2016-01-05T00:00:00-02:00;5;1;2016;4,0108
2016-01-06;GM366_ERC366;2016-01-06T00:00:00-02:00;6;1;2016;4,0297
2016-01-07;GM366_ERC366;2016-01-07T00:00:00-02:00;7;1;2016;4,0469
2016-01-08;GM366_ERC366;2016-01-08T00:00:00-02:00;8;1;2016;4,0244
2016-01-09;GM366_ERC366;2016-01-09T00:00:00-02:00;9;1;2016;
2016-01-10;GM366_ERC366;2016-01-10T00:00:00-02:00;10;1;2016;
2016-01-11;GM366_ERC366;2016-01-11T00:00:00-02:00;11;1;2016;4,0147
2016-01-12;GM366_ERC366;2016-01-12T00:00:00-02:00;12;1;2016;4,0293
2016-01-13;GM366_ERC366;2016-01-13T00:00:00-02:00;13;1;2016;3,9857
2016-01-14;GM366_ERC366;2016-01-14T00:00:00-02:00;14;1;2016;4,0217
2016-01-15;GM366_ERC366;2016-01-15T00:00:00-02:00;15;1;2016;4,0396
2016-01-16;GM366_ERC366;2016-01-16T00:00:00-02:00;16;1;2016;
2016-01-17;GM366_ERC366;2016-01-17T00:00:00-02:00;17;1;2016;
2016-01-18;GM366_ERC366;2016-01-18T00:00:00-02:00;18;1;2016;4,0358
2016-01-19;GM366_ERC366;2016-01-19T00:00:00-02:00;19;1;2016;4,0297
2016-01-20;GM366_ERC366;2016-01-20T00:00:00-02:00;20;1;2016;4,0855
2016-01-21;GM366_ERC366;2016-01-21T00:00:00-02:00;21;1;2016;4,1552
2016-01-22;GM366_ERC366;2016-01-22T00:00:00-02:00;22;1;2016;4,1226
2016-01-23;GM366_ERC366;2016-01-23T00:00:00-02:00;23;1;2016;
2016-01-24;GM366_ERC366;2016-01-24T00:00:00-02:00;24;1;2016;
2016-01-25;GM366_ERC366;2016-01-25T00:00:00-02:00;25;1;2016;4,0991
2016-01-26;GM366_ERC366;2016-01-26T00:00:00-02:00;26;1;2016;4,0961
2016-01-27;GM366_ERC366;2016-01-27T00:00:00-02:00;27;1;2016;4,0441
2016-01-28;GM366_ERC366;2016-01-28T00:00:00-02:00;28;1;2016;4,0832
2016-01-29;GM366_ERC366;2016-01-29T00:00:00-02:00;29;1;2016;4,0422
2016-02-01;GM366_ERC366;2016-02-01T00:00:00-02:00;1;2;2016;3,9979
2016-02-02;GM366_ERC366;2016-02-02T00:00:00-02:00;2;2;2016;3,9913
2016-02-03;GM366_ERC366;2016-02-03T00:00:00-02:00;3;2;2016;3,9552
2016-02-04;GM366_ERC366;2016-02-04T00:00:00-02:00;4;2;2016;3,8646
2016-02-05;GM366_ERC366;2016-02-05T00:00:00-02:00;5;2;2016;3,8969
2016-02-10;GM366_ERC366;2016-02-10T00:00:00-02:00;10;2;2016;3,9406
2016-02-11;GM366_ERC366;2016-02-11T00:00:00-02:00;11;2;2016;3,9636
2016-02-12;GM366_ERC366;2016-02-12T00:00:00-02:00;12;2;2016;3,9884
2016-02-15;GM366_ERC366;2016-02-15T00:00:00-02:00;15;2;2016;3,9879
2016-02-16;GM366_ERC366;2016-02-16T00:00:00-02:00;16;2;2016;4,0207
2016-02-17;GM366_ERC366;2016-02-17T00:00:00-02:00;17;2;2016;4,0312
2016-02-18;GM366_ERC366;2016-02-18T00:00:00-02:00;18;2;2016;4,0084
2016-02-19;GM366_ERC366;2016-02-19T00:00:00-02:00;19;2;2016;4,0486
2016-02-22;GM366_ERC366;2016-02-22T00:00:00-03:00;22;2;2016;3,9612
2016-02-23;GM366_ERC366;2016-02-23T00:00:00-03:00;23;2;2016;3,9678
2016-02-24;GM366_ERC366;2016-02-24T00:00:00-03:00;24;2;2016;3,9894
2016-02-25;GM366_ERC366;2016-02-25T00:00:00-03:00;25;2;2016;3,9394
2016-02-26;GM366_ERC366;2016-02-26T00:00:00-03:00;26;2;2016;3,9571
2016-02-29;GM366_ERC366;2016-02-29T00:00:00-03:00;29;2;2016;3,979
2016-03-01;GM366_ERC366;2016-03-01T00:00:00-03:00;1;3;2016;3,9907
2016-03-02;GM366_ERC366;2016-03-02T00:00:00-03:00;2;3;2016;3,911
2016-03-03;GM366_ERC366;2016-03-03T00:00:00-03:00;3;3;2016;3,8498
2016-03-04;GM366_ERC366;2016-03-04T00:00:00-03:00;4;3;2016;3,7182
2016-03-07;GM366_ERC366;2016-03-07T00:00:00-03:00;7;3;2016;3,7708
2016-03-08;GM366_ERC366;2016-03-08T00:00:00-03:00;8;3;2016;3,7807
2016-03-09;GM366_ERC366;2016-03-09T00:00:00-03:00;9;3;2016;3,7031
2016-03-10;GM366_ERC366;2016-03-10T00:00:00-03:00;10;3;2016;3,6694
2016-03-11;GM366_ERC366;2016-03-11T00:00:00-03:00;11;3;2016;3,6265
2016-03-14;GM366_ERC366;2016-03-14T00:00:00-03:00;14;3;2016;3,6232
2016-03-15;GM366_ERC366;2016-03-15T00:00:00-03:00;15;3;2016;3,711
2016-03-16;GM366_ERC366;2016-03-16T00:00:00-03:00;16;3;2016;3,8073
2016-03-17;GM366_ERC366;2016-03-17T00:00:00-03:00;17;3;2016;3,6439
2016-03-18;GM366_ERC366;2016-03-18T00:00:00-03:00;18;3;2016;3,614
2016-03-21;GM366_ERC366;2016-03-21T00:00:00-03:00;21;3;2016;3,6223
2016-03-22;GM366_ERC366;2016-03-22T00:00:00-03:00;22;3;2016;3,6067
2016-03-23;GM366_ERC366;2016-03-23T00:00:00-03:00;23;3;2016;3,6525
2016-03-24;GM366_ERC366;2016-03-24T00:00:00-03:00;24;3;2016;3,6942
2016-03-28;GM366_ERC366;2016-03-28T00:00:00-03:00;28;3;2016;3,6401
2016-03-29;GM366_ERC366;2016-03-29T00:00:00-03:00;29;3;2016;3,6681
2016-03-30;GM366_ERC366;2016-03-30T00:00:00-03:00;30;3;2016;3,611
2016-03-31;GM366_ERC366;2016-03-31T00:00:00-03:00;31;3;2016;3,5583
2016-04-01;GM366_ERC366;2016-04-01T00:00:00-03:00;1;4;2016;3,5793
2016-04-04;GM366_ERC366;2016-04-04T00:00:00-03:00;4;4;2016;3,5865
2016-04-05;GM366_ERC366;2016-04-05T00:00:00-03:00;5;4;2016;3,6575
2016-04-06;GM366_ERC366;2016-04-06T00:00:00-03:00;6;4;2016;3,6743
2016-04-07;GM366_ERC366;2016-04-07T00:00:00-03:00;7;4;2016;3,6915
2016-04-08;GM366_ERC366;2016-04-08T00:00:00-03:00;8;4;2016;3,6379
2016-04-11;GM366_ERC366;2016-04-11T00:00:00-03:00;11;4;2016;3,5278
2016-04-12;GM366_ERC366;2016-04-12T00:00:00-03:00;12;4;2016;3,54
2016-04-13;GM366_ERC366;2016-04-13T00:00:00-03:00;13;4;2016;3,5423
2016-04-14;GM366_ERC366;2016-04-14T00:00:00-03:00;14;4;2016;3,512
2016-04-15;GM366_ERC366;2016-04-15T00:00:00-03:00;15;4;2016;3,527
2016-04-18;GM366_ERC366;2016-04-18T00:00:00-03:00;18;4;2016;3,5898
2016-04-19;GM366_ERC366;2016-04-19T00:00:00-03:00;19;4;2016;3,5532
2016-04-20;GM366_ERC366;2016-04-20T00:00:00-03:00;20;4;2016;3,5497
2016-04-22;GM366_ERC366;2016-04-22T00:00:00-03:00;22;4;2016;3,5823
2016-04-25;GM366_ERC366;2016-04-25T00:00:00-03:00;25;4;2016;3,5466
2016-04-26;GM366_ERC366;2016-04-26T00:00:00-03:00;26;4;2016;3,5294
2016-04-27;GM366_ERC366;2016-04-27T00:00:00-03:00;27;4;2016;3,5289
2016-04-28;GM366_ERC366;2016-04-28T00:00:00-03:00;28;4;2016;3,4986
2016-04-29;GM366_ERC366;2016-04-29T00:00:00-03:00;29;4;2016;3,4502
2016-05-02;GM366_ERC366;2016-05-02T00:00:00-03:00;2;5;2016;3,4985
2016-05-03;GM366_ERC366;2016-05-03T00:00:00-03:00;3;5;2016;3,5544
2016-05-04;GM366_ERC366;2016-05-04T00:00:00-03:00;4;5;2016;3,5391
2016-05-05;GM366_ERC366;2016-05-05T00:00:00-03:00;5;5;2016;3,529
2016-05-06;GM366_ERC366;2016-05-06T00:00:00-03:00;6;5;2016;3,5356
2016-05-09;GM366_ERC366;2016-05-09T00:00:00-03:00;9;5;2016;3,538
2016-05-10;GM366_ERC366;2016-05-10T00:00:00-03:00;10;5;2016;3,4766
2016-05-11;GM366_ERC366;2016-05-11T00:00:00-03:00;11;5;2016;3,4639
2016-05-12;GM366_ERC366;2016-05-12T00:00:00-03:00;12;5;2016;3,4871
2016-05-13;GM366_ERC366;2016-05-13T00:00:00-03:00;13;5;2016;3,5035
2016-05-16;GM366_ERC366;2016-05-16T00:00:00-03:00;16;5;2016;3,5029
2016-05-17;GM366_ERC366;2016-05-17T00:00:00-03:00;17;5;2016;3,5031
2016-05-18;GM366_ERC366;2016-05-18T00:00:00-03:00;18;5;2016;3,5362
2016-05-19;GM366_ERC366;2016-05-19T00:00:00-03:00;19;5;2016;3,5997
2016-05-20;GM366_ERC366;2016-05-20T00:00:00-03:00;20;5;2016;3,5413
2016-05-23;GM366_ERC366;2016-05-23T00:00:00-03:00;23;5;2016;3,5654
2016-05-24;GM366_ERC366;2016-05-24T00:00:00-03:00;24;5;2016;3,5485
2016-05-25;GM366_ERC366;2016-05-25T00:00:00-03:00;25;5;2016;3,5798
2016-05-27;GM366_ERC366;2016-05-27T00:00:00-03:00;27;5;2016;3,6162
2016-05-30;GM366_ERC366;2016-05-30T00:00:00-03:00;30;5;2016;3,5991
2016-05-31;GM366_ERC366;2016-05-31T00:00:00-03:00;31;5;2016;3,5945
2016-06-01;GM366_ERC366;2016-06-01T00:00:00-03:00;1;6;2016;3,612
2016-06-02;GM366_ERC366;2016-06-02T00:00:00-03:00;2;6;2016;3,5955
2016-06-03;GM366_ERC366;2016-06-03T00:00:00-03:00;3;6;2016;3,5403
2016-06-06;GM366_ERC366;2016-06-06T00:00:00-03:00;6;6;2016;3,5092
2016-06-07;GM366_ERC366;2016-06-07T00:00:00-03:00;7;6;2016;3,4739
2016-06-08;GM366_ERC366;2016-06-08T00:00:00-03:00;8;6;2016;3,3892
2016-06-09;GM366_ERC366;2016-06-09T00:00:00-03:00;9;6;2016;3,3811
2016-06-10;GM366_ERC366;2016-06-10T00:00:00-03:00;10;6;2016;3,4255
2016-06-13;GM366_ERC366;2016-06-13T00:00:00-03:00;13;6;2016;3,4527
2016-06-14;GM366_ERC366;2016-06-14T00:00:00-03:00;14;6;2016;3,4833
2016-06-15;GM366_ERC366;2016-06-15T00:00:00-03:00;15;6;2016;3,4762
2016-06-16;GM366_ERC366;2016-06-16T00:00:00-03:00;16;6;2016;3,4898
2016-06-17;GM366_ERC366;2016-06-17T00:00:00-03:00;17;6;2016;3,4366
2016-06-20;GM366_ERC366;2016-06-20T00:00:00-03:00;20;6;2016;3,3829
2016-06-21;GM366_ERC366;2016-06-21T00:00:00-03:00;21;6;2016;3,3891
2016-06-22;GM366_ERC366;2016-06-22T00:00:00-03:00;22;6;2016;3,3877
2016-06-23;GM366_ERC366;2016-06-23T00:00:00-03:00;23;6;2016;3,3527
2016-06-24;GM366_ERC366;2016-06-24T00:00:00-03:00;24;6;2016;3,3766
2016-06-27;GM366_ERC366;2016-06-27T00:00:00-03:00;27;6;2016;3,3928
2016-06-28;GM366_ERC366;2016-06-28T00:00:00-03:00;28;6;2016;3,3261
2016-06-29;GM366_ERC366;2016-06-29T00:00:00-03:00;29;6;2016;3,2429
2016-06-30;GM366_ERC366;2016-06-30T00:00:00-03:00;30;6;2016;3,2092
2016-07-01;GM366_ERC366;2016-07-01T00:00:00-03:00;1;7;2016;3,2292
2016-07-04;GM366_ERC366;2016-07-04T00:00:00-03:00;4;7;2016;3,2474
2016-07-05;GM366_ERC366;2016-07-05T00:00:00-03:00;5;7;2016;3,2898
2016-07-06;GM366_ERC366;2016-07-06T00:00:00-03:00;6;7;2016;3,3236
2016-07-07;GM366_ERC366;2016-07-07T00:00:00-03:00;7;7;2016;3,3382
2016-07-08;GM366_ERC366;2016-07-08T00:00:00-03:00;8;7;2016;3,2962
2016-07-11;GM366_ERC366;2016-07-11T00:00:00-03:00;11;7;2016;3,3025
2016-07-12;GM366_ERC366;2016-07-12T00:00:00-03:00;12;7;2016;3,2744
2016-07-13;GM366_ERC366;2016-07-13T00:00:00-03:00;13;7;2016;3,289
2016-07-14;GM366_ERC366;2016-07-14T00:00:00-03:00;14;7;2016;3,2305
2016-07-15;GM366_ERC366;2016-07-15T00:00:00-03:00;15;7;2016;3,265
2016-07-18;GM366_ERC366;2016-07-18T00:00:00-03:00;18;7;2016;3,2628
2016-07-19;GM366_ERC366;2016-07-19T00:00:00-03:00;19;7;2016;3,2795
2016-07-20;GM366_ERC366;2016-07-20T00:00:00-03:00;20;7;2016;3,2506
2016-07-21;GM366_ERC366;2016-07-21T00:00:00-03:00;21;7;2016;3,2579
2016-07-22;GM366_ERC366;2016-07-22T00:00:00-03:00;22;7;2016;3,2848
2016-07-25;GM366_ERC366;2016-07-25T00:00:00-03:00;25;7;2016;3,2813
2016-07-26;GM366_ERC366;2016-07-26T00:00:00-03:00;26;7;2016;3,2784
2016-07-27;GM366_ERC366;2016-07-27T00:00:00-03:00;27;7;2016;3,2814
2016-07-28;GM366_ERC366;2016-07-28T00:00:00-03:00;28;7;2016;3,2734
2016-07-29;GM366_ERC366;2016-07-29T00:00:00-03:00;29;7;2016;3,2384
2016-08-01;GM366_ERC366;2016-08-01T00:00:00-03:00;1;8;2016;3,2656
2016-08-02;GM366_ERC366;2016-08-02T00:00:00-03:00;2;8;2016;3,2484
2016-08-03;GM366_ERC366;2016-08-03T00:00:00-03:00;3;8;2016;3,2727
2016-08-04;GM366_ERC366;2016-08-04T00:00:00-03:00;4;8;2016;3,2177
2016-08-05;GM366_ERC366;2016-08-05T00:00:00-03:00;5;8;2016;3,1853
2016-08-08;GM366_ERC366;2016-08-08T00:00:00-03:00;8;8;2016;3,1765
2016-08-09;GM366_ERC366;2016-08-09T00:00:00-03:00;9;8;2016;3,1497
2016-08-10;GM366_ERC366;2016-08-10T00:00:00-03:00;10;8;2016;3,1296
2016-08-11;GM366_ERC366;2016-08-11T00:00:00-03:00;11;8;2016;3,1358
2016-08-12;GM366_ERC366;2016-08-12T00:00:00-03:00;12;8;2016;3,1596
2016-08-15;GM366_ERC366;2016-08-15T00:00:00-03:00;15;8;2016;3,1666
2016-08-16;GM366_ERC366;2016-08-16T00:00:00-03:00;16;8;2016;3,1743
2016-08-17;GM366_ERC366;2016-08-17T00:00:00-03:00;17;8;2016;3,2242
2016-08-18;GM366_ERC366;2016-08-18T00:00:00-03:00;18;8;2016;3,2209
2016-08-19;GM366_ERC366;2016-08-19T00:00:00-03:00;19;8;2016;3,2261
2016-08-22;GM366_ERC366;2016-08-22T00:00:00-03:00;22;8;2016;3,2157
2016-08-23;GM366_ERC366;2016-08-23T00:00:00-03:00;23;8;2016;3,2047
2016-08-24;GM366_ERC366;2016-08-24T00:00:00-03:00;24;8;2016;3,2366
2016-08-25;GM366_ERC366;2016-08-25T00:00:00-03:00;25;8;2016;3,2313
2016-08-26;GM366_ERC366;2016-08-26T00:00:00-03:00;26;8;2016;3,2147
2016-08-29;GM366_ERC366;2016-08-29T00:00:00-03:00;29;8;2016;3,2607
2016-08-30;GM366_ERC366;2016-08-30T00:00:00-03:00;30;8;2016;3,2519
2016-08-31;GM366_ERC366;2016-08-31T00:00:00-03:00;31;8;2016;3,2397
2016-09-01;GM366_ERC366;2016-09-01T00:00:00-03:00;1;9;2016;3,2466
2016-09-02;GM366_ERC366;2016-09-02T00:00:00-03:00;2;9;2016;3,2425
2016-09-05;GM366_ERC366;2016-09-05T00:00:00-03:00;5;9;2016;3,2715
2016-09-06;GM366_ERC366;2016-09-06T00:00:00-03:00;6;9;2016;3,2446
2016-09-08;GM366_ERC366;2016-09-08T00:00:00-03:00;8;9;2016;3,1928
2016-09-09;GM366_ERC366;2016-09-09T00:00:00-03:00;9;9;2016;3,2632
2016-09-12;GM366_ERC366;2016-09-12T00:00:00-03:00;12;9;2016;3,2848
2016-09-13;GM366_ERC366;2016-09-13T00:00:00-03:00;13;9;2016;3,2966
2016-09-14;GM366_ERC366;2016-09-14T00:00:00-03:00;14;9;2016;3,3256
2016-09-15;GM366_ERC366;2016-09-15T00:00:00-03:00;15;9;2016;3,332
2016-09-16;GM366_ERC366;2016-09-16T00:00:00-03:00;16;9;2016;3,2998
2016-09-19;GM366_ERC366;2016-09-19T00:00:00-03:00;19;9;2016;3,263
2016-09-20;GM366_ERC366;2016-09-20T00:00:00-03:00;20;9;2016;3,2534
2016-09-21;GM366_ERC366;2016-09-21T00:00:00-03:00;21;9;2016;3,2402
2016-09-22;GM366_ERC366;2016-09-22T00:00:00-03:00;22;9;2016;3,2009
2016-09-23;GM366_ERC366;2016-09-23T00:00:00-03:00;23;9;2016;3,2236
2016-09-26;GM366_ERC366;2016-09-26T00:00:00-03:00;26;9;2016;3,2394
2016-09-27;GM366_ERC366;2016-09-27T00:00:00-03:00;27;9;2016;3,2352
2016-09-28;GM366_ERC366;2016-09-28T00:00:00-03:00;28;9;2016;3,247
2016-09-29;GM366_ERC366;2016-09-29T00:00:00-03:00;29;9;2016;3,2229
2016-09-30;GM366_ERC366;2016-09-30T00:00:00-03:00;30;9;2016;3,2456
2016-10-03;GM366_ERC366;2016-10-03T00:00:00-03:00;3;10;2016;3,2332
2016-10-04;GM366_ERC366;2016-10-04T00:00:00-03:00;4;10;2016;3,2197
2016-10-05;GM366_ERC366;2016-10-05T00:00:00-03:00;5;10;2016;3,2353
2016-10-06;GM366_ERC366;2016-10-06T00:00:00-03:00;6;10;2016;3,2304
2016-10-07;GM366_ERC366;2016-10-07T00:00:00-03:00;7;10;2016;3,2128
2016-10-10;GM366_ERC366;2016-10-10T00:00:00-03:00;10;10;2016;3,2119
2016-10-11;GM366_ERC366;2016-10-11T00:00:00-03:00;11;10;2016;3,213
2016-10-13;GM366_ERC366;2016-10-13T00:00:00-03:00;13;10;2016;3,2081
2016-10-14;GM366_ERC366;2016-10-14T00:00:00-03:00;14;10;2016;3,1858
2016-10-17;GM366_ERC366;2016-10-17T00:00:00-02:00;17;10;2016;3,1957
2016-10-18;GM366_ERC366;2016-10-18T00:00:00-02:00;18;10;2016;3,1868
2016-10-19;GM366_ERC366;2016-10-19T00:00:00-02:00;19;10;2016;3,1794
2016-10-20;GM366_ERC366;2016-10-20T00:00:00-02:00;20;10;2016;3,1599
2016-10-21;GM366_ERC366;2016-10-21T00:00:00-02:00;21;10;2016;3,1587
2016-10-24;GM366_ERC366;2016-10-24T00:00:00-02:00;24;10;2016;3,1305
2016-10-25;GM366_ERC366;2016-10-25T00:00:00-02:00;25;10;2016;3,1187
2016-10-26;GM366_ERC366;2016-10-26T00:00:00-02:00;26;10;2016;3,1213
2016-10-27;GM366_ERC366;2016-10-27T00:00:00-02:00;27;10;2016;3,1423
2016-10-28;GM366_ERC366;2016-10-28T00:00:00-02:00;28;10;2016;3,1809
2016-10-31;GM366_ERC366;2016-10-31T00:00:00-02:00;31;10;2016;3,1805
2016-11-01;GM366_ERC366;2016-11-01T00:00:00-02:00;1;11;2016;3,2047
2016-11-03;GM366_ERC366;2016-11-03T00:00:00-02:00;3;11;2016;3,2304
2016-11-04;GM366_ERC366;2016-11-04T00:00:00-02:00;4;11;2016;3,2443
2016-11-07;GM366_ERC366;2016-11-07T00:00:00-02:00;7;11;2016;3,2018
2016-11-08;GM366_ERC366;2016-11-08T00:00:00-02:00;8;11;2016;3,2018
2016-11-09;GM366_ERC366;2016-11-09T00:00:00-02:00;9;11;2016;3,2252
2016-11-10;GM366_ERC366;2016-11-10T00:00:00-02:00;10;11;2016;3,3098
2016-11-11;GM366_ERC366;2016-11-11T00:00:00-02:00;11;11;2016;3,4371
2016-11-14;GM366_ERC366;2016-11-14T00:00:00-02:00;14;11;2016;3,444
2016-11-16;GM366_ERC366;2016-11-16T00:00:00-02:00;16;11;2016;3,4177
2016-11-17;GM366_ERC366;2016-11-17T00:00:00-02:00;17;11;2016;3,4046
2016-11-18;GM366_ERC366;2016-11-18T00:00:00-02:00;18;11;2016;3,3911
2016-11-21;GM366_ERC366;2016-11-21T00:00:00-02:00;21;11;2016;3,3511
2016-11-22;GM366_ERC366;2016-11-22T00:00:00-02:00;22;11;2016;3,347
2016-11-23;GM366_ERC366;2016-11-23T00:00:00-02:00;23;11;2016;3,3921
2016-11-24;GM366_ERC366;2016-11-24T00:00:00-02:00;24;11;2016;3,3981
2016-11-25;GM366_ERC366;2016-11-25T00:00:00-02:00;25;11;2016;3,4273
2016-11-28;GM366_ERC366;2016-11-28T00:00:00-02:00;28;11;2016;3,399
2016-11-29;GM366_ERC366;2016-11-29T00:00:00-02:00;29;11;2016;3,4054
2016-11-30;GM366_ERC366;2016-11-30T00:00:00-02:00;30;11;2016;3,3961
2016-12-01;GM366_ERC366;2016-12-01T00:00:00-02:00;1;12;2016;3,4356
2016-12-02;GM366_ERC366;2016-12-02T00:00:00-02:00;2;12;2016;3,4644
2016-12-05;GM366_ERC366;2016-12-05T00:00:00-02:00;5;12;2016;3,4592
2016-12-06;GM366_ERC366;2016-12-06T00:00:00-02:00;6;12;2016;3,4348
2016-12-07;GM366_ERC366;2016-12-07T00:00:00-02:00;7;12;2016;3,3889
2016-12-08;GM366_ERC366;2016-12-08T00:00:00-02:00;8;12;2016;3,4002
2016-12-09;GM366_ERC366;2016-12-09T00:00:00-02:00;9;12;2016;3,3852
2016-12-12;GM366_ERC366;2016-12-12T00:00:00-02:00;12;12;2016;3,3691
2016-12-13;GM366_ERC366;2016-12-13T00:00:00-02:00;13;12;2016;3,3334
2016-12-14;GM366_ERC366;2016-12-14T00:00:00-02:00;14;12;2016;3,3097
2016-12-15;GM366_ERC366;2016-12-15T00:00:00-02:00;15;12;2016;3,3824
2016-12-16;GM366_ERC366;2016-12-16T00:00:00-02:00;16;12;2016;3,3706
2016-12-19;GM366_ERC366;2016-12-19T00:00:00-02:00;19;12;2016;3,3772
2016-12-20;GM366_ERC366;2016-12-20T00:00:00-02:00;20;12;2016;3,358
2016-12-21;GM366_ERC366;2016-12-21T00:00:00-02:00;21;12;2016;3,3291
2016-12-22;GM366_ERC366;2016-12-22T00:00:00-02:00;22;12;2016;3,3296
2016-12-23;GM366_ERC366;2016-12-23T00:00:00-02:00;23;12;2016;3,269
2016-12-26;GM366_ERC366;2016-12-26T00:00:00-02:00;26;12;2016;3,2695
2016-12-27;GM366_ERC366;2016-12-27T00:00:00-02:00;27;12;2016;3,277
2016-12-28;GM366_ERC366;2016-12-28T00:00:00-02:00;28;12;2016;3,2768
2016-12-29;GM366_ERC366;2016-12-29T00:00:00-02:00;29;12;2016;3,2585
2016-12-30;GM366_ERC366;2016-12-30T00:00:00-02:00;30;12;2016;3,2585
2017-01-02;GM366_ERC366;2017-01-02T00:00:00-02:00;2;1;2017;3,2723
2017-01-03;GM366_ERC366;2017-01-03T00:00:00-02:00;3;1;2017;3,2626
2017-01-04;GM366_ERC366;2017-01-04T00:00:00-02:00;4;1;2017;3,2327
2017-01-05;GM366_ERC366;2017-01-05T00:00:00-02:00;5;1;2017;3,2123
2017-01-06;GM366_ERC366;2017-01-06T00:00:00-02:00;6;1;2017;3,2051
2017-01-09;GM366_ERC366;2017-01-09T00:00:00-02:00;9;1;2017;3,2091
2017-01-10;GM366_ERC366;2017-01-10T00:00:00-02:00;10;1;2017;3,1912
2017-01-11;GM366_ERC366;2017-01-11T00:00:00-02:00;11;1;2017;3,2148
2017-01-12;GM366_ERC366;2017-01-12T00:00:00-02:00;12;1;2017;3,1655
2017-01-13;GM366_ERC366;2017-01-13T00:00:00-02:00;13;1;2017;3,2028
2017-01-16;GM366_ERC366;2017-01-16T00:00:00-02:00;16;1;2017;3,2228
2017-01-17;GM366_ERC366;2017-01-17T00:00:00-02:00;17;1;2017;3,2094
2017-01-18;GM366_ERC366;2017-01-18T00:00:00-02:00;18;1;2017;3,2205
2017-01-19;GM366_ERC366;2017-01-19T00:00:00-02:00;19;1;2017;3,2107
2017-01-20;GM366_ERC366;2017-01-20T00:00:00-02:00;20;1;2017;3,1912
2017-01-23;GM366_ERC366;2017-01-23T00:00:00-02:00;23;1;2017;3,1603
2017-01-24;GM366_ERC366;2017-01-24T00:00:00-02:00;24;1;2017;3,1643
2017-01-25;GM366_ERC366;2017-01-25T00:00:00-02:00;25;1;2017;3,1679
2017-01-26;GM366_ERC366;2017-01-26T00:00:00-02:00;26;1;2017;3,1798
2017-01-27;GM366_ERC366;2017-01-27T00:00:00-02:00;27;1;2017;3,159
2017-01-30;GM366_ERC366;2017-01-30T00:00:00-02:00;30;1;2017;3,131
2017-01-31;GM366_ERC366;2017-01-31T00:00:00-02:00;31;1;2017;3,1264
2017-02-01;GM366_ERC366;2017-02-01T00:00:00-02:00;1;2;2017;3,1473
2017-02-02;GM366_ERC366;2017-02-02T00:00:00-02:00;2;2;2017;3,119
2017-02-03;GM366_ERC366;2017-02-03T00:00:00-02:00;3;2;2017;3,1235
2017-02-06;GM366_ERC366;2017-02-06T00:00:00-02:00;6;2;2017;3,1173
2017-02-07;GM366_ERC366;2017-02-07T00:00:00-02:00;7;2;2017;3,1298
2017-02-08;GM366_ERC366;2017-02-08T00:00:00-02:00;8;2;2017;3,1248
2017-02-09;GM366_ERC366;2017-02-09T00:00:00-02:00;9;2;2017;3,1179
2017-02-10;GM366_ERC366;2017-02-10T00:00:00-02:00;10;2;2017;3,1149
2017-02-13;GM366_ERC366;2017-02-13T00:00:00-02:00;13;2;2017;3,1169
2017-02-14;GM366_ERC366;2017-02-14T00:00:00-02:00;14;2;2017;3,0998
2017-02-15;GM366_ERC366;2017-02-15T00:00:00-02:00;15;2;2017;3,0773
2017-02-16;GM366_ERC366;2017-02-16T00:00:00-02:00;16;2;2017;3,0504
2017-02-17;GM366_ERC366;2017-02-17T00:00:00-02:00;17;2;2017;3,0944
2017-02-20;GM366_ERC366;2017-02-20T00:00:00-03:00;20;2;2017;3,0912
2017-02-21;GM366_ERC366;2017-02-21T00:00:00-03:00;21;2;2017;3,0964
2017-02-22;GM366_ERC366;2017-02-22T00:00:00-03:00;22;2;2017;3,0818
2017-02-23;GM366_ERC366;2017-02-23T00:00:00-03:00;23;2;2017;3,0632
2017-02-24;GM366_ERC366;2017-02-24T00:00:00-03:00;24;2;2017;3,0987
2017-03-01;GM366_ERC366;2017-03-01T00:00:00-03:00;1;3;2017;3,097
2017-03-02;GM366_ERC366;2017-03-02T00:00:00-03:00;2;3;2017;3,1132
2017-03-03;GM366_ERC366;2017-03-03T00:00:00-03:00;3;3;2017;3,1358
2017-03-06;GM366_ERC366;2017-03-06T00:00:00-03:00;6;3;2017;3,1105
2017-03-07;GM366_ERC366;2017-03-07T00:00:00-03:00;7;3;2017;3,1179
2017-03-08;GM366_ERC366;2017-03-08T00:00:00-03:00;8;3;2017;3,1471
2017-03-09;GM366_ERC366;2017-03-09T00:00:00-03:00;9;3;2017;3,1729
2017-03-10;GM366_ERC366;2017-03-10T00:00:00-03:00;10;3;2017;3,1617
2017-03-13;GM366_ERC366;2017-03-13T00:00:00-03:00;13;3;2017;3,1535
2017-03-14;GM366_ERC366;2017-03-14T00:00:00-03:00;14;3;2017;3,1633
2017-03-15;GM366_ERC366;2017-03-15T00:00:00-03:00;15;3;2017;3,1623
2017-03-16;GM366_ERC366;2017-03-16T00:00:00-03:00;16;3;2017;3,1074
2017-03-17;GM366_ERC366;2017-03-17T00:00:00-03:00;17;3;2017;3,1069
2017-03-20;GM366_ERC366;2017-03-20T00:00:00-03:00;20;3;2017;3,0892
2017-03-21;GM366_ERC366;2017-03-21T00:00:00-03:00;21;3;2017;3,0759
2017-03-22;GM366_ERC366;2017-03-22T00:00:00-03:00;22;3;2017;3,0933
2017-03-23;GM366_ERC366;2017-03-23T00:00:00-03:00;23;3;2017;3,1242
2017-03-24;GM366_ERC366;2017-03-24T00:00:00-03:00;24;3;2017;3,1276
2017-03-27;GM366_ERC366;2017-03-27T00:00:00-03:00;27;3;2017;3,125
2017-03-28;GM366_ERC366;2017-03-28T00:00:00-03:00;28;3;2017;3,1297
2017-03-29;GM366_ERC366;2017-03-29T00:00:00-03:00;29;3;2017;3,1223
2017-03-30;GM366_ERC366;2017-03-30T00:00:00-03:00;30;3;2017;3,1241
2017-03-31;GM366_ERC366;2017-03-31T00:00:00-03:00;31;3;2017;3,1678
2017-04-03;GM366_ERC366;2017-04-03T00:00:00-03:00;3;4;2017;3,1161
2017-04-04;GM366_ERC366;2017-04-04T00:00:00-03:00;4;4;2017;3,1225
2017-04-05;GM366_ERC366;2017-04-05T00:00:00-03:00;5;4;2017;3,0917
2017-04-06;GM366_ERC366;2017-04-06T00:00:00-03:00;6;4;2017;3,1154
2017-04-07;GM366_ERC366;2017-04-07T00:00:00-03:00;7;4;2017;3,1296
2017-04-10;GM366_ERC366;2017-04-10T00:00:00-03:00;10;4;2017;3,1403
2017-04-11;GM366_ERC366;2017-04-11T00:00:00-03:00;11;4;2017;3,1418
2017-04-12;GM366_ERC366;2017-04-12T00:00:00-03:00;12;4;2017;3,1457
2017-04-13;GM366_ERC366;2017-04-13T00:00:00-03:00;13;4;2017;3,1263
2017-04-17;GM366_ERC366;2017-04-17T00:00:00-03:00;17;4;2017;3,103
2017-04-18;GM366_ERC366;2017-04-18T00:00:00-03:00;18;4;2017;3,0952
2017-04-19;GM366_ERC366;2017-04-19T00:00:00-03:00;19;4;2017;3,1288
2017-04-20;GM366_ERC366;2017-04-20T00:00:00-03:00;20;4;2017;3,1447
2017-04-24;GM366_ERC366;2017-04-24T00:00:00-03:00;24;4;2017;3,1245
2017-04-25;GM366_ERC366;2017-04-25T00:00:00-03:00;25;4;2017;3,1571
2017-04-26;GM366_ERC366;2017-04-26T00:00:00-03:00;26;4;2017;3,1841
2017-04-27;GM366_ERC366;2017-04-27T00:00:00-03:00;27;4;2017;3,1757
2017-04-28;GM366_ERC366;2017-04-28T00:00:00-03:00;28;4;2017;3,1978
2017-05-02;GM366_ERC366;2017-05-02T00:00:00-03:00;2;5;2017;3,1718
2017-05-03;GM366_ERC366;2017-05-03T00:00:00-03:00;3;5;2017;3,1483
2017-05-04;GM366_ERC366;2017-05-04T00:00:00-03:00;4;5;2017;3,1774
2017-05-05;GM366_ERC366;2017-05-05T00:00:00-03:00;5;5;2017;3,1758
2017-05-08;GM366_ERC366;2017-05-08T00:00:00-03:00;8;5;2017;3,1932
2017-05-09;GM366_ERC366;2017-05-09T00:00:00-03:00;9;5;2017;3,1851
2017-05-10;GM366_ERC366;2017-05-10T00:00:00-03:00;10;5;2017;3,16
2017-05-11;GM366_ERC366;2017-05-11T00:00:00-03:00;11;5;2017;3,1553
2017-05-12;GM366_ERC366;2017-05-12T00:00:00-03:00;12;5;2017;3,1284
2017-05-15;GM366_ERC366;2017-05-15T00:00:00-03:00;15;5;2017;3,1005
2017-05-16;GM366_ERC366;2017-05-16T00:00:00-03:00;16;5;2017;3,0918
2017-05-17;GM366_ERC366;2017-05-17T00:00:00-03:00;17;5;2017;3,107
2017-05-18;GM366_ERC366;2017-05-18T00:00:00-03:00;18;5;2017;3,3756
2017-05-19;GM366_ERC366;2017-05-19T00:00:00-03:00;19;5;2017;3,2872
2017-05-22;GM366_ERC366;2017-05-22T00:00:00-03:00;22;5;2017;3,2857
2017-05-23;GM366_ERC366;2017-05-23T00:00:00-03:00;23;5;2017;3,2648
2017-05-24;GM366_ERC366;2017-05-24T00:00:00-03:00;24;5;2017;3,2623
2017-05-25;GM366_ERC366;2017-05-25T00:00:00-03:00;25;5;2017;3,2818
2017-05-26;GM366_ERC366;2017-05-26T00:00:00-03:00;26;5;2017;3,2608
2017-05-29;GM366_ERC366;2017-05-29T00:00:00-03:00;29;5;2017;3,2703
2017-05-30;GM366_ERC366;2017-05-30T00:00:00-03:00;30;5;2017;3,2653
2017-05-31;GM366_ERC366;2017-05-31T00:00:00-03:00;31;5;2017;3,2431
2017-06-01;GM366_ERC366;2017-06-01T00:00:00-03:00;1;6;2017;3,2301
2017-06-02;GM366_ERC366;2017-06-02T00:00:00-03:00;2;6;2017;3,2395
2017-06-05;GM366_ERC366;2017-06-05T00:00:00-03:00;5;6;2017;3,2814
2017-06-06;GM366_ERC366;2017-06-06T00:00:00-03:00;6;6;2017;3,2811
2017-06-07;GM366_ERC366;2017-06-07T00:00:00-03:00;7;6;2017;3,2741
2017-06-08;GM366_ERC366;2017-06-08T00:00:00-03:00;8;6;2017;3,2832
2017-06-09;GM366_ERC366;2017-06-09T00:00:00-03:00;9;6;2017;3,2734
2017-06-12;GM366_ERC366;2017-06-12T00:00:00-03:00;12;6;2017;3,298
2017-06-13;GM366_ERC366;2017-06-13T00:00:00-03:00;13;6;2017;3,3202
2017-06-14;GM366_ERC366;2017-06-14T00:00:00-03:00;14;6;2017;3,283
2017-06-16;GM366_ERC366;2017-06-16T00:00:00-03:00;16;6;2017;3,2886
2017-06-19;GM366_ERC366;2017-06-19T00:00:00-03:00;19;6;2017;3,2969
2017-06-20;GM366_ERC366;2017-06-20T00:00:00-03:00;20;6;2017;3,3139
2017-06-21;GM366_ERC366;2017-06-21T00:00:00-03:00;21;6;2017;3,3241
2017-06-22;GM366_ERC366;2017-06-22T00:00:00-03:00;22;6;2017;3,3356
2017-06-23;GM366_ERC366;2017-06-23T00:00:00-03:00;23;6;2017;3,3336
2017-06-26;GM366_ERC366;2017-06-26T00:00:00-03:00;26;6;2017;3,3122
2017-06-27;GM366_ERC366;2017-06-27T00:00:00-03:00;27;6;2017;3,3166
2017-06-28;GM366_ERC366;2017-06-28T00:00:00-03:00;28;6;2017;3,3024
2017-06-29;GM366_ERC366;2017-06-29T00:00:00-03:00;29;6;2017;3,2946
2017-06-30;GM366_ERC366;2017-06-30T00:00:00-03:00;30;6;2017;3,3076
2017-07-03;GM366_ERC366;2017-07-03T00:00:00-03:00;3;7;2017;3,3009
2017-07-04;GM366_ERC366;2017-07-04T00:00:00-03:00;4;7;2017;3,3044
2017-07-05;GM366_ERC366;2017-07-05T00:00:00-03:00;5;7;2017;3,3187
2017-07-06;GM366_ERC366;2017-07-06T00:00:00-03:00;6;7;2017;3,3058
2017-07-07;GM366_ERC366;2017-07-07T00:00:00-03:00;7;7;2017;3,2889
2017-07-10;GM366_ERC366;2017-07-10T00:00:00-03:00;10;7;2017;3,2644
2017-07-11;GM366_ERC366;2017-07-11T00:00:00-03:00;11;7;2017;3,2516
2017-07-12;GM366_ERC366;2017-07-12T00:00:00-03:00;12;7;2017;3,2258
2017-07-13;GM366_ERC366;2017-07-13T00:00:00-03:00;13;7;2017;3,2102
2017-07-14;GM366_ERC366;2017-07-14T00:00:00-03:00;14;7;2017;3,1893
2017-07-17;GM366_ERC366;2017-07-17T00:00:00-03:00;17;7;2017;3,1815
2017-07-18;GM366_ERC366;2017-07-18T00:00:00-03:00;18;7;2017;3,1662
2017-07-19;GM366_ERC366;2017-07-19T00:00:00-03:00;19;7;2017;3,1527
2017-07-20;GM366_ERC366;2017-07-20T00:00:00-03:00;20;7;2017;3,1396
2017-07-21;GM366_ERC366;2017-07-21T00:00:00-03:00;21;7;2017;3,125
2017-07-24;GM366_ERC366;2017-07-24T00:00:00-03:00;24;7;2017;3,1453
2017-07-25;GM366_ERC366;2017-07-25T00:00:00-03:00;25;7;2017;3,155
2017-07-26;GM366_ERC366;2017-07-26T00:00:00-03:00;26;7;2017;3,1651
2017-07-27;GM366_ERC366;2017-07-27T00:00:00-03:00;27;7;2017;3,1507
2017-07-28;GM366_ERC366;2017-07-28T00:00:00-03:00;28;7;2017;3,1451
2017-07-31;GM366_ERC366;2017-07-31T00:00:00-03:00;31;7;2017;3,1301
2017-08-01;GM366_ERC366;2017-08-01T00:00:00-03:00;1;8;2017;3,1154
2017-08-02;GM366_ERC366;2017-08-02T00:00:00-03:00;2;8;2017;3,1262
2017-08-03;GM366_ERC366;2017-08-03T00:00:00-03:00;3;8;2017;3,1188
2017-08-04;GM366_ERC366;2017-08-04T00:00:00-03:00;4;8;2017;3,1218
2017-08-07;GM366_ERC366;2017-08-07T00:00:00-03:00;7;8;2017;3,1261
2017-08-08;GM366_ERC366;2017-08-08T00:00:00-03:00;8;8;2017;3,1314
2017-08-09;GM366_ERC366;2017-08-09T00:00:00-03:00;9;8;2017;3,1458
2017-08-10;GM366_ERC366;2017-08-10T00:00:00-03:00;10;8;2017;3,1537
2017-08-11;GM366_ERC366;2017-08-11T00:00:00-03:00;11;8;2017;3,1689
2017-08-14;GM366_ERC366;2017-08-14T00:00:00-03:00;14;8;2017;3,1882
2017-08-15;GM366_ERC366;2017-08-15T00:00:00-03:00;15;8;2017;3,197
2017-08-16;GM366_ERC366;2017-08-16T00:00:00-03:00;16;8;2017;3,1664
2017-08-17;GM366_ERC366;2017-08-17T00:00:00-03:00;17;8;2017;3,1597
2017-08-18;GM366_ERC366;2017-08-18T00:00:00-03:00;18;8;2017;3,1648
2017-08-21;GM366_ERC366;2017-08-21T00:00:00-03:00;21;8;2017;3,1437
2017-08-22;GM366_ERC366;2017-08-22T00:00:00-03:00;22;8;2017;3,1533
2017-08-23;GM366_ERC366;2017-08-23T00:00:00-03:00;23;8;2017;3,1563
2017-08-24;GM366_ERC366;2017-08-24T00:00:00-03:00;24;8;2017;3,1398
2017-08-25;GM366_ERC366;2017-08-25T00:00:00-03:00;25;8;2017;3,1456
2017-08-28;GM366_ERC366;2017-08-28T00:00:00-03:00;28;8;2017;3,1557
2017-08-29;GM366_ERC366;2017-08-29T00:00:00-03:00;29;8;2017;3,1689
2017-08-30;GM366_ERC366;2017-08-30T00:00:00-03:00;30;8;2017;3,1632
2017-08-31;GM366_ERC366;2017-08-31T00:00:00-03:00;31;8;2017;3,1465
2017-09-01;GM366_ERC366;2017-09-01T00:00:00-03:00;1;9;2017;3,1327
2017-09-04;GM366_ERC366;2017-09-04T00:00:00-03:00;4;9;2017;3,1383
2017-09-05;GM366_ERC366;2017-09-05T00:00:00-03:00;5;9;2017;3,1197
2017-09-06;GM366_ERC366;2017-09-06T00:00:00-03:00;6;9;2017;3,1127
2017-09-08;GM366_ERC366;2017-09-08T00:00:00-03:00;8;9;2017;3,0902
2017-09-11;GM366_ERC366;2017-09-11T00:00:00-03:00;11;9;2017;3,0846
2017-09-12;GM366_ERC366;2017-09-12T00:00:00-03:00;12;9;2017;3,1138
2017-09-13;GM366_ERC366;2017-09-13T00:00:00-03:00;13;9;2017;3,1337
2017-09-14;GM366_ERC366;2017-09-14T00:00:00-03:00;14;9;2017;3,1348
2017-09-15;GM366_ERC366;2017-09-15T00:00:00-03:00;15;9;2017;3,1249
2017-09-18;GM366_ERC366;2017-09-18T00:00:00-03:00;18;9;2017;3,1233
2017-09-19;GM366_ERC366;2017-09-19T00:00:00-03:00;19;9;2017;3,1317
2017-09-20;GM366_ERC366;2017-09-20T00:00:00-03:00;20;9;2017;3,1275
2017-09-21;GM366_ERC366;2017-09-21T00:00:00-03:00;21;9;2017;3,1341
2017-09-22;GM366_ERC366;2017-09-22T00:00:00-03:00;22;9;2017;3,1279
2017-09-25;GM366_ERC366;2017-09-25T00:00:00-03:00;25;9;2017;3,1406
2017-09-26;GM366_ERC366;2017-09-26T00:00:00-03:00;26;9;2017;3,1668
2017-09-27;GM366_ERC366;2017-09-27T00:00:00-03:00;27;9;2017;3,1926
2017-09-28;GM366_ERC366;2017-09-28T00:00:00-03:00;28;9;2017;3,1865
2017-09-29;GM366_ERC366;2017-09-29T00:00:00-03:00;29;9;2017;3,1674
2017-10-02;GM366_ERC366;2017-10-02T00:00:00-03:00;2;10;2017;3,1636
2017-10-03;GM366_ERC366;2017-10-03T00:00:00-03:00;3;10;2017;3,1496
2017-10-04;GM366_ERC366;2017-10-04T00:00:00-03:00;4;10;2017;3,1309
2017-10-05;GM366_ERC366;2017-10-05T00:00:00-03:00;5;10;2017;3,1341
2017-10-06;GM366_ERC366;2017-10-06T00:00:00-03:00;6;10;2017;3,1642
2017-10-09;GM366_ERC366;2017-10-09T00:00:00-03:00;9;10;2017;3,1764
2017-10-10;GM366_ERC366;2017-10-10T00:00:00-03:00;10;10;2017;3,1682
2017-10-11;GM366_ERC366;2017-10-11T00:00:00-03:00;11;10;2017;3,1633
2017-10-13;GM366_ERC366;2017-10-13T00:00:00-03:00;13;10;2017;3,1567
2017-10-16;GM366_ERC366;2017-10-16T00:00:00-02:00;16;10;2017;3,1601
2017-10-17;GM366_ERC366;2017-10-17T00:00:00-02:00;17;10;2017;3,1763
2017-10-18;GM366_ERC366;2017-10-18T00:00:00-02:00;18;10;2017;3,1667
2017-10-19;GM366_ERC366;2017-10-19T00:00:00-02:00;19;10;2017;3,1727
2017-10-20;GM366_ERC366;2017-10-20T00:00:00-02:00;20;10;2017;3,1827
2017-10-23;GM366_ERC366;2017-10-23T00:00:00-02:00;23;10;2017;3,1997
2017-10-24;GM366_ERC366;2017-10-24T00:00:00-02:00;24;10;2017;3,2464
2017-10-25;GM366_ERC366;2017-10-25T00:00:00-02:00;25;10;2017;3,2381
2017-10-26;GM366_ERC366;2017-10-26T00:00:00-02:00;26;10;2017;3,2438
2017-10-27;GM366_ERC366;2017-10-27T00:00:00-02:00;27;10;2017;3,2795
2017-10-30;GM366_ERC366;2017-10-30T00:00:00-02:00;30;10;2017;3,2541
2017-10-31;GM366_ERC366;2017-10-31T00:00:00-02:00;31;10;2017;3,2763
2017-11-01;GM366_ERC366;2017-11-01T00:00:00-02:00;1;11;2017;3,273
2017-11-03;GM366_ERC366;2017-11-03T00:00:00-02:00;3;11;2017;3,2914
2017-11-06;GM366_ERC366;2017-11-06T00:00:00-02:00;6;11;2017;3,2845
2017-11-07;GM366_ERC366;2017-11-07T00:00:00-02:00;7;11;2017;3,2727
2017-11-08;GM366_ERC366;2017-11-08T00:00:00-02:00;8;11;2017;3,2503
2017-11-09;GM366_ERC366;2017-11-09T00:00:00-02:00;9;11;2017;3,2509
2017-11-10;GM366_ERC366;2017-11-10T00:00:00-02:00;10;11;2017;3,2655
2017-11-13;GM366_ERC366;2017-11-13T00:00:00-02:00;13;11;2017;3,2867
2017-11-14;GM366_ERC366;2017-11-14T00:00:00-02:00;14;11;2017;3,2828
2017-11-16;GM366_ERC366;2017-11-16T00:00:00-02:00;16;11;2017;3,2802
2017-11-17;GM366_ERC366;2017-11-17T00:00:00-02:00;17;11;2017;3,2782
2017-11-20;GM366_ERC366;2017-11-20T00:00:00-02:00;20;11;2017;3,2608
2017-11-21;GM366_ERC366;2017-11-21T00:00:00-02:00;21;11;2017;3,2585
2017-11-22;GM366_ERC366;2017-11-22T00:00:00-02:00;22;11;2017;3,2555
2017-11-23;GM366_ERC366;2017-11-23T00:00:00-02:00;23;11;2017;3,2365
2017-11-24;GM366_ERC366;2017-11-24T00:00:00-02:00;24;11;2017;3,2294
2017-11-27;GM366_ERC366;2017-11-27T00:00:00-02:00;27;11;2017;3,2212
2017-11-28;GM366_ERC366;2017-11-28T00:00:00-02:00;28;11;2017;3,2226
2017-11-29;GM366_ERC366;2017-11-29T00:00:00-02:00;29;11;2017;3,213
2017-11-30;GM366_ERC366;2017-11-30T00:00:00-02:00;30;11;2017;3,261
2017-12-01;GM366_ERC366;2017-12-01T00:00:00-02:00;1;12;2017;3,263
2017-12-04;GM366_ERC366;2017-12-04T00:00:00-02:00;4;12;2017;3,25
2017-12-05;GM366_ERC366;2017-12-05T00:00:00-02:00;5;12;2017;3,2316
2017-12-06;GM366_ERC366;2017-12-06T00:00:00-02:00;6;12;2017;3,2348
2017-12-07;GM366_ERC366;2017-12-07T00:00:00-02:00;7;12;2017;3,2886
2017-12-08;GM366_ERC366;2017-12-08T00:00:00-02:00;8;12;2017;3,2805
2017-12-11;GM366_ERC366;2017-12-11T00:00:00-02:00;11;12;2017;3,2839
2017-12-12;GM366_ERC366;2017-12-12T00:00:00-02:00;12;12;2017;3,3143
2017-12-13;GM366_ERC366;2017-12-13T00:00:00-02:00;13;12;2017;3,303
2017-12-14;GM366_ERC366;2017-12-14T00:00:00-02:00;14;12;2017;3,3326
2017-12-15;GM366_ERC366;2017-12-15T00:00:00-02:00;15;12;2017;3,3176
2017-12-18;GM366_ERC366;2017-12-18T00:00:00-02:00;18;12;2017;3,2875
2017-12-19;GM366_ERC366;2017-12-19T00:00:00-02:00;19;12;2017;3,2877
2017-12-20;GM366_ERC366;2017-12-20T00:00:00-02:00;20;12;2017;3,2903
2017-12-21;GM366_ERC366;2017-12-21T00:00:00-02:00;21;12;2017;3,3039
2017-12-22;GM366_ERC366;2017-12-22T00:00:00-02:00;22;12;2017;3,3203
2017-12-26;GM366_ERC366;2017-12-26T00:00:00-02:00;26;12;2017;3,3194
2017-12-27;GM366_ERC366;2017-12-27T00:00:00-02:00;27;12;2017;3,3024
2017-12-28;GM366_ERC366;2017-12-28T00:00:00-02:00;28;12;2017;3,3074
2017-12-29;GM366_ERC366;2017-12-29T00:00:00-02:00;29;12;2017;3,3074
2018-01-02;GM366_ERC366;2018-01-02T00:00:00-02:00;2;1;2018;3,2691
2018-01-03;GM366_ERC366;2018-01-03T00:00:00-02:00;3;1;2018;3,2529
2018-01-04;GM366_ERC366;2018-01-04T00:00:00-02:00;4;1;2018;3,2312
2018-01-05;GM366_ERC366;2018-01-05T00:00:00-02:00;5;1;2018;3,2403
2018-01-08;GM366_ERC366;2018-01-08T00:00:00-02:00;8;1;2018;3,2351
2018-01-09;GM366_ERC366;2018-01-09T00:00:00-02:00;9;1;2018;3,2391
2018-01-10;GM366_ERC366;2018-01-10T00:00:00-02:00;10;1;2018;3,2461
2018-01-11;GM366_ERC366;2018-01-11T00:00:00-02:00;11;1;2018;3,2295
2018-01-12;GM366_ERC366;2018-01-12T00:00:00-02:00;12;1;2018;3,2192
2018-01-15;GM366_ERC366;2018-01-15T00:00:00-02:00;15;1;2018;3,1957
2018-01-16;GM366_ERC366;2018-01-16T00:00:00-02:00;16;1;2018;3,2213
2018-01-17;GM366_ERC366;2018-01-17T00:00:00-02:00;17;1;2018;3,2318
2018-01-18;GM366_ERC366;2018-01-18T00:00:00-02:00;18;1;2018;3,2123
2018-01-19;GM366_ERC366;2018-01-19T00:00:00-02:00;19;1;2018;3,2081
2018-01-22;GM366_ERC366;2018-01-22T00:00:00-02:00;22;1;2018;3,1928
2018-01-23;GM366_ERC366;2018-01-23T00:00:00-02:00;23;1;2018;3,2243
2018-01-24;GM366_ERC366;2018-01-24T00:00:00-02:00;24;1;2018;3,1964
2018-01-25;GM366_ERC366;2018-01-25T00:00:00-02:00;25;1;2018;3,138
2018-01-26;GM366_ERC366;2018-01-26T00:00:00-02:00;26;1;2018;3,1444
2018-01-29;GM366_ERC366;2018-01-29T00:00:00-02:00;29;1;2018;3,1648
2018-01-30;GM366_ERC366;2018-01-30T00:00:00-02:00;30;1;2018;3,1655
2018-01-31;GM366_ERC366;2018-01-31T00:00:00-02:00;31;1;2018;3,1618
2018-02-01;GM366_ERC366;2018-02-01T00:00:00-02:00;1;2;2018;3,1724
2018-02-02;GM366_ERC366;2018-02-02T00:00:00-02:00;2;2;2018;3,2054
2018-02-05;GM366_ERC366;2018-02-05T00:00:00-02:00;5;2;2018;3,2349
2018-02-06;GM366_ERC366;2018-02-06T00:00:00-02:00;6;2;2018;3,2607
2018-02-07;GM366_ERC366;2018-02-07T00:00:00-02:00;7;2;2018;3,2461
2018-02-08;GM366_ERC366;2018-02-08T00:00:00-02:00;8;2;2018;3,2686
2018-02-09;GM366_ERC366;2018-02-09T00:00:00-02:00;9;2;2018;3,2815
2018-02-14;GM366_ERC366;2018-02-14T00:00:00-02:00;14;2;2018;3,2531
2018-02-15;GM366_ERC366;2018-02-15T00:00:00-02:00;15;2;2018;3,2202
2018-02-16;GM366_ERC366;2018-02-16T00:00:00-02:00;16;2;2018;3,2375
2018-02-19;GM366_ERC366;2018-02-19T00:00:00-03:00;19;2;2018;3,2341
2018-02-20;GM366_ERC366;2018-02-20T00:00:00-03:00;20;2;2018;3,2501
2018-02-21;GM366_ERC366;2018-02-21T00:00:00-03:00;21;2;2018;3,2549
2018-02-22;GM366_ERC366;2018-02-22T00:00:00-03:00;22;2;2018;3,2592
2018-02-23;GM366_ERC366;2018-02-23T00:00:00-03:00;23;2;2018;3,2411
2018-02-26;GM366_ERC366;2018-02-26T00:00:00-03:00;26;2;2018;3,2345
2018-02-27;GM366_ERC366;2018-02-27T00:00:00-03:00;27;2;2018;3,2377
2018-02-28;GM366_ERC366;2018-02-28T00:00:00-03:00;28;2;2018;3,2443
2018-03-01;GM366_ERC366;2018-03-01T00:00:00-03:00;1;3;2018;3,2614
2018-03-02;GM366_ERC366;2018-03-02T00:00:00-03:00;2;3;2018;3,2608
2018-03-05;GM366_ERC366;2018-03-05T00:00:00-03:00;5;3;2018;3,2576
2018-03-06;GM366_ERC366;2018-03-06T00:00:00-03:00;6;3;2018;3,224
2018-03-07;GM366_ERC366;2018-03-07T00:00:00-03:00;7;3;2018;3,2312
2018-03-08;GM366_ERC366;2018-03-08T00:00:00-03:00;8;3;2018;3,2512
2018-03-09;GM366_ERC366;2018-03-09T00:00:00-03:00;9;3;2018;3,249
2018-03-12;GM366_ERC366;2018-03-12T00:00:00-03:00;12;3;2018;3,26
2018-03-13;GM366_ERC366;2018-03-13T00:00:00-03:00;13;3;2018;3,2486
2018-03-14;GM366_ERC366;2018-03-14T00:00:00-03:00;14;3;2018;3,2578
2018-03-15;GM366_ERC366;2018-03-15T00:00:00-03:00;15;3;2018;3,2853
2018-03-16;GM366_ERC366;2018-03-16T00:00:00-03:00;16;3;2018;3,2899
2018-03-19;GM366_ERC366;2018-03-19T00:00:00-03:00;19;3;2018;3,2905
2018-03-20;GM366_ERC366;2018-03-20T00:00:00-03:00;20;3;2018;3,2975
2018-03-21;GM366_ERC366;2018-03-21T00:00:00-03:00;21;3;2018;3,2915
2018-03-22;GM366_ERC366;2018-03-22T00:00:00-03:00;22;3;2018;3,3027
2018-03-23;GM366_ERC366;2018-03-23T00:00:00-03:00;23;3;2018;3,3035
2018-03-26;GM366_ERC366;2018-03-26T00:00:00-03:00;26;3;2018;3,3028
2018-03-27;GM366_ERC366;2018-03-27T00:00:00-03:00;27;3;2018;3,325
2018-03-28;GM366_ERC366;2018-03-28T00:00:00-03:00;28;3;2018;3,3374
2018-03-29;GM366_ERC366;2018-03-29T00:00:00-03:00;29;3;2018;3,3232
2018-04-02;GM366_ERC366;2018-04-02T00:00:00-03:00;2;4;2018;3,3098
2018-04-03;GM366_ERC366;2018-04-03T00:00:00-03:00;3;4;2018;3,3133
2018-04-04;GM366_ERC366;2018-04-04T00:00:00-03:00;4;4;2018;3,3532
2018-04-05;GM366_ERC366;2018-04-05T00:00:00-03:00;5;4;2018;3,319
2018-04-06;GM366_ERC366;2018-04-06T00:00:00-03:00;6;4;2018;3,366
2018-04-09;GM366_ERC366;2018-04-09T00:00:00-03:00;9;4;2018;3,3897
2018-04-10;GM366_ERC366;2018-04-10T00:00:00-03:00;10;4;2018;3,4189
2018-04-11;GM366_ERC366;2018-04-11T00:00:00-03:00;11;4;2018;3,4046
2018-04-12;GM366_ERC366;2018-04-12T00:00:00-03:00;12;4;2018;3,3852
2018-04-13;GM366_ERC366;2018-04-13T00:00:00-03:00;13;4;2018;3,4099
2018-04-16;GM366_ERC366;2018-04-16T00:00:00-03:00;16;4;2018;3,4257
2018-04-17;GM366_ERC366;2018-04-17T00:00:00-03:00;17;4;2018;3,4035
2018-04-18;GM366_ERC366;2018-04-18T00:00:00-03:00;18;4;2018;3,3838
2018-04-19;GM366_ERC366;2018-04-19T00:00:00-03:00;19;4;2018;3,3971
2018-04-20;GM366_ERC366;2018-04-20T00:00:00-03:00;20;4;2018;3,4096
2018-04-23;GM366_ERC366;2018-04-23T00:00:00-03:00;23;4;2018;3,4415
2018-04-24;GM366_ERC366;2018-04-24T00:00:00-03:00;24;4;2018;3,4661
2018-04-25;GM366_ERC366;2018-04-25T00:00:00-03:00;25;4;2018;3,5034
2018-04-26;GM366_ERC366;2018-04-26T00:00:00-03:00;26;4;2018;3,4971
2018-04-27;GM366_ERC366;2018-04-27T00:00:00-03:00;27;4;2018;3,467
2018-04-30;GM366_ERC366;2018-04-30T00:00:00-03:00;30;4;2018;3,4805
2018-05-02;GM366_ERC366;2018-05-02T00:00:00-03:00;2;5;2018;3,5418
2018-05-03;GM366_ERC366;2018-05-03T00:00:00-03:00;3;5;2018;3,5478
2018-05-04;GM366_ERC366;2018-05-04T00:00:00-03:00;4;5;2018;3,5302
2018-05-07;GM366_ERC366;2018-05-07T00:00:00-03:00;7;5;2018;3,5452
2018-05-08;GM366_ERC366;2018-05-08T00:00:00-03:00;8;5;2018;3,5782
2018-05-09;GM366_ERC366;2018-05-09T00:00:00-03:00;9;5;2018;3,5937
2018-05-10;GM366_ERC366;2018-05-10T00:00:00-03:00;10;5;2018;3,5561
2018-05-11;GM366_ERC366;2018-05-11T00:00:00-03:00;11;5;2018;3,571
2018-05-14;GM366_ERC366;2018-05-14T00:00:00-03:00;14;5;2018;3,6091
2018-05-15;GM366_ERC366;2018-05-15T00:00:00-03:00;15;5;2018;3,6747
2018-05-16;GM366_ERC366;2018-05-16T00:00:00-03:00;16;5;2018;3,6797
2018-05-17;GM366_ERC366;2018-05-17T00:00:00-03:00;17;5;2018;3,6868
2018-05-18;GM366_ERC366;2018-05-18T00:00:00-03:00;18;5;2018;3,7497
2018-05-21;GM366_ERC366;2018-05-21T00:00:00-03:00;21;5;2018;3,7066
2018-05-22;GM366_ERC366;2018-05-22T00:00:00-03:00;22;5;2018;3,6496
2018-05-23;GM366_ERC366;2018-05-23T00:00:00-03:00;23;5;2018;3,6501
2018-05-24;GM366_ERC366;2018-05-24T00:00:00-03:00;24;5;2018;3,643
2018-05-25;GM366_ERC366;2018-05-25T00:00:00-03:00;25;5;2018;3,6581
2018-05-28;GM366_ERC366;2018-05-28T00:00:00-03:00;28;5;2018;3,7086
2018-05-29;GM366_ERC366;2018-05-29T00:00:00-03:00;29;5;2018;3,7283
2018-05-30;GM366_ERC366;2018-05-30T00:00:00-03:00;30;5;2018;3,7364
2018-06-01;GM366_ERC366;2018-06-01T00:00:00-03:00;1;6;2018;3,7407
2018-06-04;GM366_ERC366;2018-06-04T00:00:00-03:00;4;6;2018;3,7418
2018-06-05;GM366_ERC366;2018-06-05T00:00:00-03:00;5;6;2018;3,7746
2018-06-06;GM366_ERC366;2018-06-06T00:00:00-03:00;6;6;2018;3,8187
2018-06-07;GM366_ERC366;2018-06-07T00:00:00-03:00;7;6;2018;3,8994
2018-06-08;GM366_ERC366;2018-06-08T00:00:00-03:00;8;6;2018;3,7853
2018-06-11;GM366_ERC366;2018-06-11T00:00:00-03:00;11;6;2018;3,6907
2018-06-12;GM366_ERC366;2018-06-12T00:00:00-03:00;12;6;2018;3,7038
2018-06-13;GM366_ERC366;2018-06-13T00:00:00-03:00;13;6;2018;3,7048
2018-06-14;GM366_ERC366;2018-06-14T00:00:00-03:00;14;6;2018;3,7051
2018-06-15;GM366_ERC366;2018-06-15T00:00:00-03:00;15;6;2018;3,7732
2018-06-18;GM366_ERC366;2018-06-18T00:00:00-03:00;18;6;2018;3,7537
2018-06-19;GM366_ERC366;2018-06-19T00:00:00-03:00;19;6;2018;3,756
2018-06-20;GM366_ERC366;2018-06-20T00:00:00-03:00;20;6;2018;3,7329
2018-06-21;GM366_ERC366;2018-06-21T00:00:00-03:00;21;6;2018;3,7888
2018-06-22;GM366_ERC366;2018-06-22T00:00:00-03:00;22;6;2018;3,7657
2018-06-25;GM366_ERC366;2018-06-25T00:00:00-03:00;25;6;2018;3,7754
2018-06-26;GM366_ERC366;2018-06-26T00:00:00-03:00;26;6;2018;3,7715
2018-06-27;GM366_ERC366;2018-06-27T00:00:00-03:00;27;6;2018;3,8352
2018-06-28;GM366_ERC366;2018-06-28T00:00:00-03:00;28;6;2018;3,8515
2018-06-29;GM366_ERC366;2018-06-29T00:00:00-03:00;29;6;2018;3,8552
2018-07-02;GM366_ERC366;2018-07-02T00:00:00-03:00;2;7;2018;3,9049
2018-07-03;GM366_ERC366;2018-07-03T00:00:00-03:00;3;7;2018;3,8914
2018-07-04;GM366_ERC366;2018-07-04T00:00:00-03:00;4;7;2018;3,9052
2018-07-05;GM366_ERC366;2018-07-05T00:00:00-03:00;5;7;2018;3,9186
2018-07-06;GM366_ERC366;2018-07-06T00:00:00-03:00;6;7;2018;3,9258
2018-07-09;GM366_ERC366;2018-07-09T00:00:00-03:00;9;7;2018;3,868
2018-07-10;GM366_ERC366;2018-07-10T00:00:00-03:00;10;7;2018;3,8446
2018-07-11;GM366_ERC366;2018-07-11T00:00:00-03:00;11;7;2018;3,8411
2018-07-12;GM366_ERC366;2018-07-12T00:00:00-03:00;12;7;2018;3,8558
2018-07-13;GM366_ERC366;2018-07-13T00:00:00-03:00;13;7;2018;3,8739
2018-07-16;GM366_ERC366;2018-07-16T00:00:00-03:00;16;7;2018;3,8573
2018-07-17;GM366_ERC366;2018-07-17T00:00:00-03:00;17;7;2018;3,8665
2018-07-18;GM366_ERC366;2018-07-18T00:00:00-03:00;18;7;2018;3,8468
2018-07-19;GM366_ERC366;2018-07-19T00:00:00-03:00;19;7;2018;3,8841
2018-07-20;GM366_ERC366;2018-07-20T00:00:00-03:00;20;7;2018;3,7787
2018-07-23;GM366_ERC366;2018-07-23T00:00:00-03:00;23;7;2018;3,7909
2018-07-24;GM366_ERC366;2018-07-24T00:00:00-03:00;24;7;2018;3,7453
2018-07-25;GM366_ERC366;2018-07-25T00:00:00-03:00;25;7;2018;3,7114
2018-07-26;GM366_ERC366;2018-07-26T00:00:00-03:00;26;7;2018;3,7237
2018-07-27;GM366_ERC366;2018-07-27T00:00:00-03:00;27;7;2018;3,7158
2018-07-30;GM366_ERC366;2018-07-30T00:00:00-03:00;30;7;2018;3,7149
2018-07-31;GM366_ERC366;2018-07-31T00:00:00-03:00;31;7;2018;3,7543
2018-08-01;GM366_ERC366;2018-08-01T00:00:00-03:00;1;8;2018;3,7485
2018-08-02;GM366_ERC366;2018-08-02T00:00:00-03:00;2;8;2018;3,7639
2018-08-03;GM366_ERC366;2018-08-03T00:00:00-03:00;3;8;2018;3,7195
2018-08-06;GM366_ERC366;2018-08-06T00:00:00-03:00;6;8;2018;3,7208
2018-08-07;GM366_ERC366;2018-08-07T00:00:00-03:00;7;8;2018;3,7112
2018-08-08;GM366_ERC366;2018-08-08T00:00:00-03:00;8;8;2018;3,7513
2018-08-09;GM366_ERC366;2018-08-09T00:00:00-03:00;9;8;2018;3,8024
2018-08-10;GM366_ERC366;2018-08-10T00:00:00-03:00;10;8;2018;3,8466
2018-08-13;GM366_ERC366;2018-08-13T00:00:00-03:00;13;8;2018;3,8982
2018-08-14;GM366_ERC366;2018-08-14T00:00:00-03:00;14;8;2018;3,8806
2018-08-15;GM366_ERC366;2018-08-15T00:00:00-03:00;15;8;2018;3,9128
2018-08-16;GM366_ERC366;2018-08-16T00:00:00-03:00;16;8;2018;3,8804
2018-08-17;GM366_ERC366;2018-08-17T00:00:00-03:00;17;8;2018;3,9383
2018-08-20;GM366_ERC366;2018-08-20T00:00:00-03:00;20;8;2018;3,9424
2018-08-21;GM366_ERC366;2018-08-21T00:00:00-03:00;21;8;2018;3,9867
2018-08-22;GM366_ERC366;2018-08-22T00:00:00-03:00;22;8;2018;4,0734
2018-08-23;GM366_ERC366;2018-08-23T00:00:00-03:00;23;8;2018;4,0721
2018-08-24;GM366_ERC366;2018-08-24T00:00:00-03:00;24;8;2018;4,0848
2018-08-27;GM366_ERC366;2018-08-27T00:00:00-03:00;27;8;2018;4,0681
2018-08-28;GM366_ERC366;2018-08-28T00:00:00-03:00;28;8;2018;4,1186
2018-08-29;GM366_ERC366;2018-08-29T00:00:00-03:00;29;8;2018;4,1347
2018-08-30;GM366_ERC366;2018-08-30T00:00:00-03:00;30;8;2018;4,1806
2018-08-31;GM366_ERC366;2018-08-31T00:00:00-03:00;31;8;2018;4,1347
2018-09-03;GM366_ERC366;2018-09-03T00:00:00-03:00;3;9;2018;4,1273
2018-09-04;GM366_ERC366;2018-09-04T00:00:00-03:00;4;9;2018;4,1646
2018-09-05;GM366_ERC366;2018-09-05T00:00:00-03:00;5;9;2018;4,1603
2018-09-06;GM366_ERC366;2018-09-06T00:00:00-03:00;6;9;2018;4,1454
2018-09-10;GM366_ERC366;2018-09-10T00:00:00-03:00;10;9;2018;4,1001
2018-09-11;GM366_ERC366;2018-09-11T00:00:00-03:00;11;9;2018;4,1635
2018-09-12;GM366_ERC366;2018-09-12T00:00:00-03:00;12;9;2018;4,1253
2018-09-13;GM366_ERC366;2018-09-13T00:00:00-03:00;13;9;2018;4,1631
2018-09-14;GM366_ERC366;2018-09-14T00:00:00-03:00;14;9;2018;4,1873
2018-09-17;GM366_ERC366;2018-09-17T00:00:00-03:00;17;9;2018;4,1689
2018-09-18;GM366_ERC366;2018-09-18T00:00:00-03:00;18;9;2018;4,1363
2018-09-19;GM366_ERC366;2018-09-19T00:00:00-03:00;19;9;2018;4,1345
2018-09-20;GM366_ERC366;2018-09-20T00:00:00-03:00;20;9;2018;4,0991
2018-09-21;GM366_ERC366;2018-09-21T00:00:00-03:00;21;9;2018;4,0722
2018-09-24;GM366_ERC366;2018-09-24T00:00:00-03:00;24;9;2018;4,0588
2018-09-25;GM366_ERC366;2018-09-25T00:00:00-03:00;25;9;2018;4,128
2018-09-26;GM366_ERC366;2018-09-26T00:00:00-03:00;26;9;2018;4,0564
2018-09-27;GM366_ERC366;2018-09-27T00:00:00-03:00;27;9;2018;4,0086
2018-09-28;GM366_ERC366;2018-09-28T00:00:00-03:00;28;9;2018;4,0033
2018-10-01;GM366_ERC366;2018-10-01T00:00:00-03:00;1;10;2018;4,0267
2018-10-02;GM366_ERC366;2018-10-02T00:00:00-03:00;2;10;2018;3,9499
2018-10-03;GM366_ERC366;2018-10-03T00:00:00-03:00;3;10;2018;3,8536
2018-10-04;GM366_ERC366;2018-10-04T00:00:00-03:00;4;10;2018;3,9041
2018-10-05;GM366_ERC366;2018-10-05T00:00:00-03:00;5;10;2018;3,8693
2018-10-08;GM366_ERC366;2018-10-08T00:00:00-03:00;8;10;2018;3,7582
2018-10-09;GM366_ERC366;2018-10-09T00:00:00-03:00;9;10;2018;3,7385
2018-10-10;GM366_ERC366;2018-10-10T00:00:00-03:00;10;10;2018;3,7504
2018-10-11;GM366_ERC366;2018-10-11T00:00:00-03:00;11;10;2018;3,7454
2018-10-15;GM366_ERC366;2018-10-15T00:00:00-03:00;15;10;2018;3,7326
2018-10-16;GM366_ERC366;2018-10-16T00:00:00-03:00;16;10;2018;3,7073
2018-10-17;GM366_ERC366;2018-10-17T00:00:00-03:00;17;10;2018;3,7002
2018-10-18;GM366_ERC366;2018-10-18T00:00:00-03:00;18;10;2018;3,6957
2018-10-19;GM366_ERC366;2018-10-19T00:00:00-03:00;19;10;2018;3,7073
2018-10-22;GM366_ERC366;2018-10-22T00:00:00-03:00;22;10;2018;3,6897
2018-10-23;GM366_ERC366;2018-10-23T00:00:00-03:00;23;10;2018;3,7074
2018-10-24;GM366_ERC366;2018-10-24T00:00:00-03:00;24;10;2018;3,7054
2018-10-25;GM366_ERC366;2018-10-25T00:00:00-03:00;25;10;2018;3,7008
2018-10-26;GM366_ERC366;2018-10-26T00:00:00-03:00;26;10;2018;3,6746
2018-10-29;GM366_ERC366;2018-10-29T00:00:00-03:00;29;10;2018;3,6362
2018-10-30;GM366_ERC366;2018-10-30T00:00:00-03:00;30;10;2018;3,7013
2018-10-31;GM366_ERC366;2018-10-31T00:00:00-03:00;31;10;2018;3,7171
2018-11-01;GM366_ERC366;2018-11-01T00:00:00-03:00;1;11;2018;3,6968
2018-11-05;GM366_ERC366;2018-11-05T00:00:00-02:00;5;11;2018;3,7042
2018-11-06;GM366_ERC366;2018-11-06T00:00:00-02:00;6;11;2018;3,7486
2018-11-07;GM366_ERC366;2018-11-07T00:00:00-02:00;7;11;2018;3,7586
2018-11-08;GM366_ERC366;2018-11-08T00:00:00-02:00;8;11;2018;3,7385
2018-11-09;GM366_ERC366;2018-11-09T00:00:00-02:00;9;11;2018;3,75
2018-11-12;GM366_ERC366;2018-11-12T00:00:00-02:00;12;11;2018;3,7472
2018-11-13;GM366_ERC366;2018-11-13T00:00:00-02:00;13;11;2018;3,7786
2018-11-14;GM366_ERC366;2018-11-14T00:00:00-02:00;14;11;2018;3,7918
2018-11-16;GM366_ERC366;2018-11-16T00:00:00-02:00;16;11;2018;3,7519
2018-11-19;GM366_ERC366;2018-11-19T00:00:00-02:00;19;11;2018;3,7547
2018-11-20;GM366_ERC366;2018-11-20T00:00:00-02:00;20;11;2018;3,7574
2018-11-21;GM366_ERC366;2018-11-21T00:00:00-02:00;21;11;2018;3,7866
2018-11-22;GM366_ERC366;2018-11-22T00:00:00-02:00;22;11;2018;3,8097
2018-11-23;GM366_ERC366;2018-11-23T00:00:00-02:00;23;11;2018;3,8075
2018-11-26;GM366_ERC366;2018-11-26T00:00:00-02:00;26;11;2018;3,8649
2018-11-27;GM366_ERC366;2018-11-27T00:00:00-02:00;27;11;2018;3,8919
2018-11-28;GM366_ERC366;2018-11-28T00:00:00-02:00;28;11;2018;3,8625
2018-11-29;GM366_ERC366;2018-11-29T00:00:00-02:00;29;11;2018;3,8562
2018-11-30;GM366_ERC366;2018-11-30T00:00:00-02:00;30;11;2018;3,8627
2018-12-03;GM366_ERC366;2018-12-03T00:00:00-02:00;3;12;2018;3,8279
2018-12-04;GM366_ERC366;2018-12-04T00:00:00-02:00;4;12;2018;3,8307
2018-12-05;GM366_ERC366;2018-12-05T00:00:00-02:00;5;12;2018;3,8555
2018-12-06;GM366_ERC366;2018-12-06T00:00:00-02:00;6;12;2018;3,9172
2018-12-07;GM366_ERC366;2018-12-07T00:00:00-02:00;7;12;2018;3,8958
2018-12-10;GM366_ERC366;2018-12-10T00:00:00-02:00;10;12;2018;3,9104
2018-12-11;GM366_ERC366;2018-12-11T00:00:00-02:00;11;12;2018;3,9007
2018-12-12;GM366_ERC366;2018-12-12T00:00:00-02:00;12;12;2018;3,8623
2018-12-13;GM366_ERC366;2018-12-13T00:00:00-02:00;13;12;2018;3,8784
2018-12-14;GM366_ERC366;2018-12-14T00:00:00-02:00;14;12;2018;3,9084
2018-12-17;GM366_ERC366;2018-12-17T00:00:00-02:00;17;12;2018;3,9115
2018-12-18;GM366_ERC366;2018-12-18T00:00:00-02:00;18;12;2018;3,8991
2018-12-19;GM366_ERC366;2018-12-19T00:00:00-02:00;19;12;2018;3,8901
2018-12-20;GM366_ERC366;2018-12-20T00:00:00-02:00;20;12;2018;3,8437
2018-12-21;GM366_ERC366;2018-12-21T00:00:00-02:00;21;12;2018;3,8665
2018-12-24;GM366_ERC366;2018-12-24T00:00:00-02:00;24;12;2018;3,8839
2018-12-26;GM366_ERC366;2018-12-26T00:00:00-02:00;26;12;2018;3,9252
2018-12-27;GM366_ERC366;2018-12-27T00:00:00-02:00;27;12;2018;3,9324
2018-12-28;GM366_ERC366;2018-12-28T00:00:00-02:00;28;12;2018;3,8742
2018-12-31;GM366_ERC366;2018-12-31T00:00:00-02:00;31;12;2018;3,8742
2019-01-02;GM366_ERC366;2019-01-02T00:00:00-02:00;2;1;2019;3,8589
2019-01-03;GM366_ERC366;2019-01-03T00:00:00-02:00;3;1;2019;3,7677
2019-01-04;GM366_ERC366;2019-01-04T00:00:00-02:00;4;1;2019;3,7621
2019-01-07;GM366_ERC366;2019-01-07T00:00:00-02:00;7;1;2019;3,7056
2019-01-08;GM366_ERC366;2019-01-08T00:00:00-02:00;8;1;2019;3,7202
2019-01-09;GM366_ERC366;2019-01-09T00:00:00-02:00;9;1;2019;3,6925
2019-01-10;GM366_ERC366;2019-01-10T00:00:00-02:00;10;1;2019;3,6863
2019-01-11;GM366_ERC366;2019-01-11T00:00:00-02:00;11;1;2019;3,7135
2019-01-14;GM366_ERC366;2019-01-14T00:00:00-02:00;14;1;2019;3,7255
2019-01-15;GM366_ERC366;2019-01-15T00:00:00-02:00;15;1;2019;3,7043
2019-01-16;GM366_ERC366;2019-01-16T00:00:00-02:00;16;1;2019;3,7191
2019-01-17;GM366_ERC366;2019-01-17T00:00:00-02:00;17;1;2019;3,7585
2019-01-18;GM366_ERC366;2019-01-18T00:00:00-02:00;18;1;2019;3,748
2019-01-21;GM366_ERC366;2019-01-21T00:00:00-02:00;21;1;2019;3,7699
2019-01-22;GM366_ERC366;2019-01-22T00:00:00-02:00;22;1;2019;3,7609
2019-01-23;GM366_ERC366;2019-01-23T00:00:00-02:00;23;1;2019;3,7988
2019-01-24;GM366_ERC366;2019-01-24T00:00:00-02:00;24;1;2019;3,7809
2019-01-25;GM366_ERC366;2019-01-25T00:00:00-02:00;25;1;2019;3,7613
2019-01-28;GM366_ERC366;2019-01-28T00:00:00-02:00;28;1;2019;3,767
2019-01-29;GM366_ERC366;2019-01-29T00:00:00-02:00;29;1;2019;3,7364
2019-01-30;GM366_ERC366;2019-01-30T00:00:00-02:00;30;1;2019;3,7145
2019-01-31;GM366_ERC366;2019-01-31T00:00:00-02:00;31;1;2019;3,6513
2019-02-01;GM366_ERC366;2019-02-01T00:00:00-02:00;1;2;2019;3,6688
2019-02-04;GM366_ERC366;2019-02-04T00:00:00-02:00;4;2;2019;3,675
2019-02-05;GM366_ERC366;2019-02-05T00:00:00-02:00;5;2;2019;3,6735
2019-02-06;GM366_ERC366;2019-02-06T00:00:00-02:00;6;2;2019;3,7013
2019-02-07;GM366_ERC366;2019-02-07T00:00:00-02:00;7;2;2019;3,7187
2019-02-08;GM366_ERC366;2019-02-08T00:00:00-02:00;8;2;2019;3,7178
2019-02-11;GM366_ERC366;2019-02-11T00:00:00-02:00;11;2;2019;3,7385
2019-02-12;GM366_ERC366;2019-02-12T00:00:00-02:00;12;2;2019;3,729
2019-02-13;GM366_ERC366;2019-02-13T00:00:00-02:00;13;2;2019;3,7271
2019-02-14;GM366_ERC366;2019-02-14T00:00:00-02:00;14;2;2019;3,775
2019-02-15;GM366_ERC366;2019-02-15T00:00:00-02:00;15;2;2019;3,7149
2019-02-18;GM366_ERC366;2019-02-18T00:00:00-03:00;18;2;2019;3,731
2019-02-19;GM366_ERC366;2019-02-19T00:00:00-03:00;19;2;2019;3,72
2019-02-20;GM366_ERC366;2019-02-20T00:00:00-03:00;20;2;2019;3,7094
2019-02-21;GM366_ERC366;2019-02-21T00:00:00-03:00;21;2;2019;3,7589
2019-02-22;GM366_ERC366;2019-02-22T00:00:00-03:00;22;2;2019;3,7424
2019-02-25;GM366_ERC366;2019-02-25T00:00:00-03:00;25;2;2019;3,7279
2019-02-26;GM366_ERC366;2019-02-26T00:00:00-03:00;26;2;2019;3,7589
2019-02-27;GM366_ERC366;2019-02-27T00:00:00-03:00;27;2;2019;3,7345
2019-02-28;GM366_ERC366;2019-02-28T00:00:00-03:00;28;2;2019;3,7379
2019-03-01;GM366_ERC366;2019-03-01T00:00:00-03:00;1;3;2019;3,7826
2019-03-06;GM366_ERC366;2019-03-06T00:00:00-03:00;6;3;2019;3,8297
2019-03-07;GM366_ERC366;2019-03-07T00:00:00-03:00;7;3;2019;3,8481
2019-03-08;GM366_ERC366;2019-03-08T00:00:00-03:00;8;3;2019;3,8672
2019-03-11;GM366_ERC366;2019-03-11T00:00:00-03:00;11;3;2019;3,8455
2019-03-12;GM366_ERC366;2019-03-12T00:00:00-03:00;12;3;2019;3,8123
2019-03-13;GM366_ERC366;2019-03-13T00:00:00-03:00;13;3;2019;3,8259
2019-03-14;GM366_ERC366;2019-03-14T00:00:00-03:00;14;3;2019;3,8321
2019-03-15;GM366_ERC366;2019-03-15T00:00:00-03:00;15;3;2019;3,8338
2019-03-18;GM366_ERC366;2019-03-18T00:00:00-03:00;18;3;2019;3,8105
2019-03-19;GM366_ERC366;2019-03-19T00:00:00-03:00;19;3;2019;3,7756
2019-03-20;GM366_ERC366;2019-03-20T00:00:00-03:00;20;3;2019;3,7891
2019-03-21;GM366_ERC366;2019-03-21T00:00:00-03:00;21;3;2019;3,7961
2019-03-22;GM366_ERC366;2019-03-22T00:00:00-03:00;22;3;2019;3,8809
2019-03-25;GM366_ERC366;2019-03-25T00:00:00-03:00;25;3;2019;3,8764
2019-03-26;GM366_ERC366;2019-03-26T00:00:00-03:00;26;3;2019;3,864
2019-03-27;GM366_ERC366;2019-03-27T00:00:00-03:00;27;3;2019;3,9383
2019-03-28;GM366_ERC366;2019-03-28T00:00:00-03:00;28;3;2019;3,9676
2019-03-29;GM366_ERC366;2019-03-29T00:00:00-03:00;29;3;2019;3,8961
2019-04-01;GM366_ERC366;2019-04-01T00:00:00-03:00;1;4;2019;3,8676
2019-04-02;GM366_ERC366;2019-04-02T00:00:00-03:00;2;4;2019;3,8655
2019-04-03;GM366_ERC366;2019-04-03T00:00:00-03:00;3;4;2019;3,843
2019-04-04;GM366_ERC366;2019-04-04T00:00:00-03:00;4;4;2019;3,8707
2019-04-05;GM366_ERC366;2019-04-05T00:00:00-03:00;5;4;2019;3,8616
2019-04-08;GM366_ERC366;2019-04-08T00:00:00-03:00;8;4;2019;3,8652
2019-04-09;GM366_ERC366;2019-04-09T00:00:00-03:00;9;4;2019;3,8557
2019-04-10;GM366_ERC366;2019-04-10T00:00:00-03:00;10;4;2019;3,8339
2019-04-11;GM366_ERC366;2019-04-11T00:00:00-03:00;11;4;2019;3,8393
2019-04-12;GM366_ERC366;2019-04-12T00:00:00-03:00;12;4;2019;3,8679
2019-04-15;GM366_ERC366;2019-04-15T00:00:00-03:00;15;4;2019;3,8724
2019-04-16;GM366_ERC366;2019-04-16T00:00:00-03:00;16;4;2019;3,8907
2019-04-17;GM366_ERC366;2019-04-17T00:00:00-03:00;17;4;2019;3,9219
2019-04-18;GM366_ERC366;2019-04-18T00:00:00-03:00;18;4;2019;3,9364
2019-04-22;GM366_ERC366;2019-04-22T00:00:00-03:00;22;4;2019;3,9224
2019-04-23;GM366_ERC366;2019-04-23T00:00:00-03:00;23;4;2019;3,943
2019-04-24;GM366_ERC366;2019-04-24T00:00:00-03:00;24;4;2019;3,9624
2019-04-25;GM366_ERC366;2019-04-25T00:00:00-03:00;25;4;2019;3,9719
2019-04-26;GM366_ERC366;2019-04-26T00:00:00-03:00;26;4;2019;3,9347
2019-04-29;GM366_ERC366;2019-04-29T00:00:00-03:00;29;4;2019;3,9358
2019-04-30;GM366_ERC366;2019-04-30T00:00:00-03:00;30;4;2019;3,9447
2019-05-02;GM366_ERC366;2019-05-02T00:00:00-03:00;2;5;2019;3,9644
2019-05-03;GM366_ERC366;2019-05-03T00:00:00-03:00;3;5;2019;3,9382
2019-05-06;GM366_ERC366;2019-05-06T00:00:00-03:00;6;5;2019;3,9618
2019-05-07;GM366_ERC366;2019-05-07T00:00:00-03:00;7;5;2019;3,9874
2019-05-08;GM366_ERC366;2019-05-08T00:00:00-03:00;8;5;2019;3,9338
2019-05-09;GM366_ERC366;2019-05-09T00:00:00-03:00;9;5;2019;3,9667
2019-05-10;GM366_ERC366;2019-05-10T00:00:00-03:00;10;5;2019;3,9572
2019-05-13;GM366_ERC366;2019-05-13T00:00:00-03:00;13;5;2019;3,9884
2019-05-14;GM366_ERC366;2019-05-14T00:00:00-03:00;14;5;2019;3,9782
2019-05-15;GM366_ERC366;2019-05-15T00:00:00-03:00;15;5;2019;4,0025
2019-05-16;GM366_ERC366;2019-05-16T00:00:00-03:00;16;5;2019;4,0132
2019-05-17;GM366_ERC366;2019-05-17T00:00:00-03:00;17;5;2019;4,0838
2019-05-20;GM366_ERC366;2019-05-20T00:00:00-03:00;20;5;2019;4,105
2019-05-21;GM366_ERC366;2019-05-21T00:00:00-03:00;21;5;2019;4,0804
2019-05-22;GM366_ERC366;2019-05-22T00:00:00-03:00;22;5;2019;4,0222
2019-05-23;GM366_ERC366;2019-05-23T00:00:00-03:00;23;5;2019;4,0507
2019-05-24;GM366_ERC366;2019-05-24T00:00:00-03:00;24;5;2019;4,0316
2019-05-27;GM366_ERC366;2019-05-27T00:00:00-03:00;27;5;2019;4,0204
2019-05-28;GM366_ERC366;2019-05-28T00:00:00-03:00;28;5;2019;4,0269
2019-05-29;GM366_ERC366;2019-05-29T00:00:00-03:00;29;5;2019;3,9959
2019-05-30;GM366_ERC366;2019-05-30T00:00:00-03:00;30;5;2019;3,9714
2019-05-31;GM366_ERC366;2019-05-31T00:00:00-03:00;31;5;2019;3,9401
2019-06-03;GM366_ERC366;2019-06-03T00:00:00-03:00;3;6;2019;3,8997
2019-06-04;GM366_ERC366;2019-06-04T00:00:00-03:00;4;6;2019;3,8704
2019-06-05;GM366_ERC366;2019-06-05T00:00:00-03:00;5;6;2019;3,8605
2019-06-06;GM366_ERC366;2019-06-06T00:00:00-03:00;6;6;2019;3,872
2019-06-07;GM366_ERC366;2019-06-07T00:00:00-03:00;7;6;2019;3,8565
2019-06-10;GM366_ERC366;2019-06-10T00:00:00-03:00;10;6;2019;3,8784
2019-06-11;GM366_ERC366;2019-06-11T00:00:00-03:00;11;6;2019;3,8658
2019-06-12;GM366_ERC366;2019-06-12T00:00:00-03:00;12;6;2019;3,8431
2019-06-13;GM366_ERC366;2019-06-13T00:00:00-03:00;13;6;2019;3,8423
2019-06-14;GM366_ERC366;2019-06-14T00:00:00-03:00;14;6;2019;3,8807
2019-06-17;GM366_ERC366;2019-06-17T00:00:00-03:00;17;6;2019;3,8889
2019-06-18;GM366_ERC366;2019-06-18T00:00:00-03:00;18;6;2019;3,8602
2019-06-19;GM366_ERC366;2019-06-19T00:00:00-03:00;19;6;2019;3,8717
2019-06-21;GM366_ERC366;2019-06-21T00:00:00-03:00;21;6;2019;3,8249
2019-06-24;GM366_ERC366;2019-06-24T00:00:00-03:00;24;6;2019;3,8228
2019-06-25;GM366_ERC366;2019-06-25T00:00:00-03:00;25;6;2019;3,8297
2019-06-26;GM366_ERC366;2019-06-26T00:00:00-03:00;26;6;2019;3,8435
2019-06-27;GM366_ERC366;2019-06-27T00:00:00-03:00;27;6;2019;3,8636
2019-06-28;GM366_ERC366;2019-06-28T00:00:00-03:00;28;6;2019;3,8316
2019-07-01;GM366_ERC366;2019-07-01T00:00:00-03:00;1;7;2019;3,8187
2019-07-02;GM366_ERC366;2019-07-02T00:00:00-03:00;2;7;2019;3,8558
2019-07-03;GM366_ERC366;2019-07-03T00:00:00-03:00;3;7;2019;3,8469
2019-07-04;GM366_ERC366;2019-07-04T00:00:00-03:00;4;7;2019;3,7934
2019-07-05;GM366_ERC366;2019-07-05T00:00:00-03:00;5;7;2019;3,8198
2019-07-08;GM366_ERC366;2019-07-08T00:00:00-03:00;8;7;2019;3,8059
2019-07-09;GM366_ERC366;2019-07-09T00:00:00-03:00;9;7;2019;3,7846
2019-07-10;GM366_ERC366;2019-07-10T00:00:00-03:00;10;7;2019;3,7691
2019-07-11;GM366_ERC366;2019-07-11T00:00:00-03:00;11;7;2019;3,7527
2019-07-12;GM366_ERC366;2019-07-12T00:00:00-03:00;12;7;2019;3,7446
2019-07-15;GM366_ERC366;2019-07-15T00:00:00-03:00;15;7;2019;3,7457
2019-07-16;GM366_ERC366;2019-07-16T00:00:00-03:00;16;7;2019;3,7618
2019-07-17;GM366_ERC366;2019-07-17T00:00:00-03:00;17;7;2019;3,7612
2019-07-18;GM366_ERC366;2019-07-18T00:00:00-03:00;18;7;2019;3,7483
2019-07-19;GM366_ERC366;2019-07-19T00:00:00-03:00;19;7;2019;3,7402
2019-07-22;GM366_ERC366;2019-07-22T00:00:00-03:00;22;7;2019;3,7394
2019-07-23;GM366_ERC366;2019-07-23T00:00:00-03:00;23;7;2019;3,7615
2019-07-24;GM366_ERC366;2019-07-24T00:00:00-03:00;24;7;2019;3,759
2019-07-25;GM366_ERC366;2019-07-25T00:00:00-03:00;25;7;2019;3,7843
2019-07-26;GM366_ERC366;2019-07-26T00:00:00-03:00;26;7;2019;3,7735
2019-07-29;GM366_ERC366;2019-07-29T00:00:00-03:00;29;7;2019;3,7903
2019-07-30;GM366_ERC366;2019-07-30T00:00:00-03:00;30;7;2019;3,7894
2019-07-31;GM366_ERC366;2019-07-31T00:00:00-03:00;31;7;2019;3,7643
2019-08-01;GM366_ERC366;2019-08-01T00:00:00-03:00;1;8;2019;3,829
2019-08-02;GM366_ERC366;2019-08-02T00:00:00-03:00;2;8;2019;3,8733
2019-08-05;GM366_ERC366;2019-08-05T00:00:00-03:00;5;8;2019;3,9398
2019-08-06;GM366_ERC366;2019-08-06T00:00:00-03:00;6;8;2019;3,9637
2019-08-07;GM366_ERC366;2019-08-07T00:00:00-03:00;7;8;2019;3,9844
2019-08-08;GM366_ERC366;2019-08-08T00:00:00-03:00;8;8;2019;3,9403
2019-08-09;GM366_ERC366;2019-08-09T00:00:00-03:00;9;8;2019;3,9356
2019-08-12;GM366_ERC366;2019-08-12T00:00:00-03:00;12;8;2019;3,996
2019-08-13;GM366_ERC366;2019-08-13T00:00:00-03:00;13;8;2019;3,973
2019-08-14;GM366_ERC366;2019-08-14T00:00:00-03:00;14;8;2019;4,0068
2019-08-15;GM366_ERC366;2019-08-15T00:00:00-03:00;15;8;2019;4,0182
2019-08-16;GM366_ERC366;2019-08-16T00:00:00-03:00;16;8;2019;3,9927
2019-08-19;GM366_ERC366;2019-08-19T00:00:00-03:00;19;8;2019;4,0268
2019-08-20;GM366_ERC366;2019-08-20T00:00:00-03:00;20;8;2019;4,0419
2019-08-21;GM366_ERC366;2019-08-21T00:00:00-03:00;21;8;2019;4,0248
2019-08-22;GM366_ERC366;2019-08-22T00:00:00-03:00;22;8;2019;4,0438
2019-08-23;GM366_ERC366;2019-08-23T00:00:00-03:00;23;8;2019;4,0845
2019-08-26;GM366_ERC366;2019-08-26T00:00:00-03:00;26;8;2019;4,1361
2019-08-27;GM366_ERC366;2019-08-27T00:00:00-03:00;27;8;2019;4,1551
2019-08-28;GM366_ERC366;2019-08-28T00:00:00-03:00;28;8;2019;4,1553
2019-08-29;GM366_ERC366;2019-08-29T00:00:00-03:00;29;8;2019;4,1674
2019-08-30;GM366_ERC366;2019-08-30T00:00:00-03:00;30;8;2019;4,1379
2019-09-02;GM366_ERC366;2019-09-02T00:00:00-03:00;2;9;2019;4,1575
2019-09-03;GM366_ERC366;2019-09-03T00:00:00-03:00;3;9;2019;4,1651
2019-09-04;GM366_ERC366;2019-09-04T00:00:00-03:00;4;9;2019;4,1243
2019-09-05;GM366_ERC366;2019-09-05T00:00:00-03:00;5;9;2019;4,0853
2019-09-06;GM366_ERC366;2019-09-06T00:00:00-03:00;6;9;2019;4,0644
2019-09-09;GM366_ERC366;2019-09-09T00:00:00-03:00;9;9;2019;4,076
2019-09-10;GM366_ERC366;2019-09-10T00:00:00-03:00;10;9;2019;4,1102
2019-09-11;GM366_ERC366;2019-09-11T00:00:00-03:00;11;9;2019;4,0625
2019-09-12;GM366_ERC366;2019-09-12T00:00:00-03:00;12;9;2019;4,0488
2019-09-13;GM366_ERC366;2019-09-13T00:00:00-03:00;13;9;2019;4,061
2019-09-16;GM366_ERC366;2019-09-16T00:00:00-03:00;16;9;2019;4,0866
2019-09-17;GM366_ERC366;2019-09-17T00:00:00-03:00;17;9;2019;4,0992
2019-09-18;GM366_ERC366;2019-09-18T00:00:00-03:00;18;9;2019;4,0966
2019-09-19;GM366_ERC366;2019-09-19T00:00:00-03:00;19;9;2019;4,1387
2019-09-20;GM366_ERC366;2019-09-20T00:00:00-03:00;20;9;2019;4,1681
2019-09-23;GM366_ERC366;2019-09-23T00:00:00-03:00;23;9;2019;4,1728
2019-09-24;GM366_ERC366;2019-09-24T00:00:00-03:00;24;9;2019;4,1715
2019-09-25;GM366_ERC366;2019-09-25T00:00:00-03:00;25;9;2019;4,1821
2019-09-26;GM366_ERC366;2019-09-26T00:00:00-03:00;26;9;2019;4,1463
2019-09-27;GM366_ERC366;2019-09-27T00:00:00-03:00;27;9;2019;4,1581
2019-09-30;GM366_ERC366;2019-09-30T00:00:00-03:00;30;9;2019;4,1638
2019-10-01;GM366_ERC366;2019-10-01T00:00:00-03:00;1;10;2019;4,1734
2019-10-02;GM366_ERC366;2019-10-02T00:00:00-03:00;2;10;2019;4,154
2019-10-03;GM366_ERC366;2019-10-03T00:00:00-03:00;3;10;2019;4,1006
2019-10-04;GM366_ERC366;2019-10-04T00:00:00-03:00;4;10;2019;4,0604
2019-10-07;GM366_ERC366;2019-10-07T00:00:00-03:00;7;10;2019;4,0682
2019-10-08;GM366_ERC366;2019-10-08T00:00:00-03:00;8;10;2019;4,0862
2019-10-09;GM366_ERC366;2019-10-09T00:00:00-03:00;9;10;2019;4,0948
2019-10-10;GM366_ERC366;2019-10-10T00:00:00-03:00;10;10;2019;4,1139
2019-10-11;GM366_ERC366;2019-10-11T00:00:00-03:00;11;10;2019;4,1054
2019-10-14;GM366_ERC366;2019-10-14T00:00:00-03:00;14;10;2019;4,1257
2019-10-15;GM366_ERC366;2019-10-15T00:00:00-03:00;15;10;2019;4,1482
2019-10-16;GM366_ERC366;2019-10-16T00:00:00-03:00;16;10;2019;4,1708
2019-10-17;GM366_ERC366;2019-10-17T00:00:00-03:00;17;10;2019;4,1452
2019-10-18;GM366_ERC366;2019-10-18T00:00:00-03:00;18;10;2019;4,137
2019-10-21;GM366_ERC366;2019-10-21T00:00:00-03:00;21;10;2019;4,1313
2019-10-22;GM366_ERC366;2019-10-22T00:00:00-03:00;22;10;2019;4,0852
2019-10-23;GM366_ERC366;2019-10-23T00:00:00-03:00;23;10;2019;4,0715
2019-10-24;GM366_ERC366;2019-10-24T00:00:00-03:00;24;10;2019;4,0083
2019-10-25;GM366_ERC366;2019-10-25T00:00:00-03:00;25;10;2019;4,0127
2019-10-28;GM366_ERC366;2019-10-28T00:00:00-03:00;28;10;2019;3,9786
2019-10-29;GM366_ERC366;2019-10-29T00:00:00-03:00;29;10;2019;3,994
2019-10-30;GM366_ERC366;2019-10-30T00:00:00-03:00;30;10;2019;4,018
2019-10-31;GM366_ERC366;2019-10-31T00:00:00-03:00;31;10;2019;4,0035
2019-11-01;GM366_ERC366;2019-11-01T00:00:00-03:00;1;11;2019;3,978
2019-11-04;GM366_ERC366;2019-11-04T00:00:00-03:00;4;11;2019;3,9916
2019-11-05;GM366_ERC366;2019-11-05T00:00:00-03:00;5;11;2019;4,0037
2019-11-06;GM366_ERC366;2019-11-06T00:00:00-03:00;6;11;2019;4,0345
2019-11-07;GM366_ERC366;2019-11-07T00:00:00-03:00;7;11;2019;4,0921
2019-11-08;GM366_ERC366;2019-11-08T00:00:00-03:00;8;11;2019;4,1359
2019-11-11;GM366_ERC366;2019-11-11T00:00:00-03:00;11;11;2019;4,1553
2019-11-12;GM366_ERC366;2019-11-12T00:00:00-03:00;12;11;2019;4,175
2019-11-13;GM366_ERC366;2019-11-13T00:00:00-03:00;13;11;2019;4,1761
2019-11-14;GM366_ERC366;2019-11-14T00:00:00-03:00;14;11;2019;4,1825
2019-11-18;GM366_ERC366;2019-11-18T00:00:00-03:00;18;11;2019;4,1821
2019-11-19;GM366_ERC366;2019-11-19T00:00:00-03:00;19;11;2019;4,2078
2019-11-20;GM366_ERC366;2019-11-20T00:00:00-03:00;20;11;2019;4,2027
2019-11-21;GM366_ERC366;2019-11-21T00:00:00-03:00;21;11;2019;4,2006
2019-11-22;GM366_ERC366;2019-11-22T00:00:00-03:00;22;11;2019;4,1826
2019-11-25;GM366_ERC366;2019-11-25T00:00:00-03:00;25;11;2019;4,2083
2019-11-26;GM366_ERC366;2019-11-26T00:00:00-03:00;26;11;2019;4,2553
2019-11-27;GM366_ERC366;2019-11-27T00:00:00-03:00;27;11;2019;4,2596
2019-11-28;GM366_ERC366;2019-11-28T00:00:00-03:00;28;11;2019;4,2474
2019-11-29;GM366_ERC366;2019-11-29T00:00:00-03:00;29;11;2019;4,2234
2019-12-02;GM366_ERC366;2019-12-02T00:00:00-03:00;2;12;2019;4,2255
2019-12-03;GM366_ERC366;2019-12-03T00:00:00-03:00;3;12;2019;4,2002
2019-12-04;GM366_ERC366;2019-12-04T00:00:00-03:00;4;12;2019;4,192
2019-12-05;GM366_ERC366;2019-12-05T00:00:00-03:00;5;12;2019;4,213
2019-12-06;GM366_ERC366;2019-12-06T00:00:00-03:00;6;12;2019;4,1777
2019-12-09;GM366_ERC366;2019-12-09T00:00:00-03:00;9;12;2019;4,1497
2019-12-10;GM366_ERC366;2019-12-10T00:00:00-03:00;10;12;2019;4,1421
2019-12-11;GM366_ERC366;2019-12-11T00:00:00-03:00;11;12;2019;4,1147
2019-12-12;GM366_ERC366;2019-12-12T00:00:00-03:00;12;12;2019;4,1086
2019-12-13;GM366_ERC366;2019-12-13T00:00:00-03:00;13;12;2019;4,0943
2019-12-16;GM366_ERC366;2019-12-16T00:00:00-03:00;16;12;2019;4,0795
2019-12-17;GM366_ERC366;2019-12-17T00:00:00-03:00;17;12;2019;4,0681
2019-12-18;GM366_ERC366;2019-12-18T00:00:00-03:00;18;12;2019;4,0542
2019-12-19;GM366_ERC366;2019-12-19T00:00:00-03:00;19;12;2019;4,0627
2019-12-20;GM366_ERC366;2019-12-20T00:00:00-03:00;20;12;2019;4,0771
2019-12-23;GM366_ERC366;2019-12-23T00:00:00-03:00;23;12;2019;4,0751
2019-12-24;GM366_ERC366;2019-12-24T00:00:00-03:00;24;12;2019;4,0793
2019-12-26;GM366_ERC366;2019-12-26T00:00:00-03:00;26;12;2019;4,0595
2019-12-27;GM366_ERC366;2019-12-27T00:00:00-03:00;27;12;2019;4,0539
2019-12-30;GM366_ERC366;2019-12-30T00:00:00-03:00;30;12;2019;4,0301
2019-12-31;GM366_ERC366;2019-12-31T00:00:00-03:00;31;12;2019;4,0301
2020-01-02;GM366_ERC366;2020-01-02T00:00:00-03:00;2;1;2020;4,0207
2020-01-03;GM366_ERC366;2020-01-03T00:00:00-03:00;3;1;2020;4,0516
2020-01-06;GM366_ERC366;2020-01-06T00:00:00-03:00;6;1;2020;4,0548
2020-01-07;GM366_ERC366;2020-01-07T00:00:00-03:00;7;1;2020;4,0835
2020-01-08;GM366_ERC366;2020-01-08T00:00:00-03:00;8;1;2020;4,0666
2020-01-09;GM366_ERC366;2020-01-09T00:00:00-03:00;9;1;2020;4,0738
2020-01-10;GM366_ERC366;2020-01-10T00:00:00-03:00;10;1;2020;4,0739
2020-01-13;GM366_ERC366;2020-01-13T00:00:00-03:00;13;1;2020;4,1303
2020-01-14;GM366_ERC366;2020-01-14T00:00:00-03:00;14;1;2020;4,1437
2020-01-15;GM366_ERC366;2020-01-15T00:00:00-03:00;15;1;2020;4,1616
2020-01-16;GM366_ERC366;2020-01-16T00:00:00-03:00;16;1;2020;4,172
2020-01-17;GM366_ERC366;2020-01-17T00:00:00-03:00;17;1;2020;4,1831
2020-01-20;GM366_ERC366;2020-01-20T00:00:00-03:00;20;1;2020;4,1823
2020-01-21;GM366_ERC366;2020-01-21T00:00:00-03:00;21;1;2020;4,2008
2020-01-22;GM366_ERC366;2020-01-22T00:00:00-03:00;22;1;2020;4,1883
2020-01-23;GM366_ERC366;2020-01-23T00:00:00-03:00;23;1;2020;4,1656
2020-01-24;GM366_ERC366;2020-01-24T00:00:00-03:00;24;1;2020;4,1763
2020-01-27;GM366_ERC366;2020-01-27T00:00:00-03:00;27;1;2020;4,219
2020-01-28;GM366_ERC366;2020-01-28T00:00:00-03:00;28;1;2020;4,2058
2020-01-29;GM366_ERC366;2020-01-29T00:00:00-03:00;29;1;2020;4,2007
2020-01-30;GM366_ERC366;2020-01-30T00:00:00-03:00;30;1;2020;4,2517
2020-01-31;GM366_ERC366;2020-01-31T00:00:00-03:00;31;1;2020;4,2689
2020-02-03;GM366_ERC366;2020-02-03T00:00:00-03:00;3;2;2020;4,2469
2020-02-04;GM366_ERC366;2020-02-04T00:00:00-03:00;4;2;2020;4,2375
2020-02-05;GM366_ERC366;2020-02-05T00:00:00-03:00;5;2;2020;4,2443
2020-02-06;GM366_ERC366;2020-02-06T00:00:00-03:00;6;2;2020;4,2471
2020-02-07;GM366_ERC366;2020-02-07T00:00:00-03:00;7;2;2020;4,307
2020-02-10;GM366_ERC366;2020-02-10T00:00:00-03:00;10;2;2020;4,3189
2020-02-11;GM366_ERC366;2020-02-11T00:00:00-03:00;11;2;2020;4,3142
2020-02-12;GM366_ERC366;2020-02-12T00:00:00-03:00;12;2;2020;4,336
2020-02-13;GM366_ERC366;2020-02-13T00:00:00-03:00;13;2;2020;4,3383
2020-02-14;GM366_ERC366;2020-02-14T00:00:00-03:00;14;2;2020;4,3157
2020-02-17;GM366_ERC366;2020-02-17T00:00:00-03:00;17;2;2020;4,3151
2020-02-18;GM366_ERC366;2020-02-18T00:00:00-03:00;18;2;2020;4,3465
2020-02-19;GM366_ERC366;2020-02-19T00:00:00-03:00;19;2;2020;4,3722
2020-02-20;GM366_ERC366;2020-02-20T00:00:00-03:00;20;2;2020;4,3867
2020-02-21;GM366_ERC366;2020-02-21T00:00:00-03:00;21;2;2020;4,3918
2020-02-26;GM366_ERC366;2020-02-26T00:00:00-03:00;26;2;2020;4,4353
2020-02-27;GM366_ERC366;2020-02-27T00:00:00-03:00;27;2;2020;4,4758
2020-02-28;GM366_ERC366;2020-02-28T00:00:00-03:00;28;2;2020;4,4981
2020-03-02;GM366_ERC366;2020-03-02T00:00:00-03:00;2;3;2020;4,494
2020-03-03;GM366_ERC366;2020-03-03T00:00:00-03:00;3;3;2020;4,4877
2020-03-04;GM366_ERC366;2020-03-04T00:00:00-03:00;4;3;2020;4,5252
2020-03-05;GM366_ERC366;2020-03-05T00:00:00-03:00;5;3;2020;4,6201
2020-03-06;GM366_ERC366;2020-03-06T00:00:00-03:00;6;3;2020;4,6453
2020-03-09;GM366_ERC366;2020-03-09T00:00:00-03:00;9;3;2020;4,7373
2020-03-10;GM366_ERC366;2020-03-10T00:00:00-03:00;10;3;2020;4,6687
2020-03-11;GM366_ERC366;2020-03-11T00:00:00-03:00;11;3;2020;4,6732
2020-03-12;GM366_ERC366;2020-03-12T00:00:00-03:00;12;3;2020;4,8825
2020-03-13;GM366_ERC366;2020-03-13T00:00:00-03:00;13;3;2020;4,7355
2020-03-16;GM366_ERC366;2020-03-16T00:00:00-03:00;16;3;2020;4,9464
2020-03-17;GM366_ERC366;2020-03-17T00:00:00-03:00;17;3;2020;5,0489
2020-03-18;GM366_ERC366;2020-03-18T00:00:00-03:00;18;3;2020;5,1101
2020-03-19;GM366_ERC366;2020-03-19T00:00:00-03:00;19;3;2020;5,1437
2020-03-20;GM366_ERC366;2020-03-20T00:00:00-03:00;20;3;2020;5,0241
2020-03-23;GM366_ERC366;2020-03-23T00:00:00-03:00;23;3;2020;5,0798
2020-03-24;GM366_ERC366;2020-03-24T00:00:00-03:00;24;3;2020;5,0707
2020-03-25;GM366_ERC366;2020-03-25T00:00:00-03:00;25;3;2020;5,07
2020-03-26;GM366_ERC366;2020-03-26T00:00:00-03:00;26;3;2020;5,0004
2020-03-27;GM366_ERC366;2020-03-27T00:00:00-03:00;27;3;2020;5,1103
2020-03-30;GM366_ERC366;2020-03-30T00:00:00-03:00;30;3;2020;5,1588
2020-03-31;GM366_ERC366;2020-03-31T00:00:00-03:00;31;3;2020;5,1981
2020-04-01;GM366_ERC366;2020-04-01T00:00:00-03:00;1;4;2020;5,2399
2020-04-02;GM366_ERC366;2020-04-02T00:00:00-03:00;2;4;2020;5,2645
2020-04-03;GM366_ERC366;2020-04-03T00:00:00-03:00;3;4;2020;5,2991
2020-04-06;GM366_ERC366;2020-04-06T00:00:00-03:00;6;4;2020;5,2465
2020-04-07;GM366_ERC366;2020-04-07T00:00:00-03:00;7;4;2020;5,2211
2020-04-08;GM366_ERC366;2020-04-08T00:00:00-03:00;8;4;2020;5,2117
2020-04-09;GM366_ERC366;2020-04-09T00:00:00-03:00;9;4;2020;5,0773
2020-04-13;GM366_ERC366;2020-04-13T00:00:00-03:00;13;4;2020;5,1818
2020-04-14;GM366_ERC366;2020-04-14T00:00:00-03:00;14;4;2020;5,1852
2020-04-15;GM366_ERC366;2020-04-15T00:00:00-03:00;15;4;2020;5,2573
2020-04-16;GM366_ERC366;2020-04-16T00:00:00-03:00;16;4;2020;5,2371
2020-04-17;GM366_ERC366;2020-04-17T00:00:00-03:00;17;4;2020;5,2567
2020-04-20;GM366_ERC366;2020-04-20T00:00:00-03:00;20;4;2020;5,2831
2020-04-22;GM366_ERC366;2020-04-22T00:00:00-03:00;22;4;2020;5,3841
2020-04-23;GM366_ERC366;2020-04-23T00:00:00-03:00;23;4;2020;5,4461
2020-04-24;GM366_ERC366;2020-04-24T00:00:00-03:00;24;4;2020;5,6504
2020-04-27;GM366_ERC366;2020-04-27T00:00:00-03:00;27;4;2020;5,6352
2020-04-28;GM366_ERC366;2020-04-28T00:00:00-03:00;28;4;2020;5,5677
2020-04-29;GM366_ERC366;2020-04-29T00:00:00-03:00;29;4;2020;5,4285
2020-04-30;GM366_ERC366;2020-04-30T00:00:00-03:00;30;4;2020;5,4264
2020-05-04;GM366_ERC366;2020-05-04T00:00:00-03:00;4;5;2020;5,5811
2020-05-05;GM366_ERC366;2020-05-05T00:00:00-03:00;5;5;2020;5,5348
2020-05-06;GM366_ERC366;2020-05-06T00:00:00-03:00;6;5;2020;5,667
2020-05-07;GM366_ERC366;2020-05-07T00:00:00-03:00;7;5;2020;5,8359
2020-05-08;GM366_ERC366;2020-05-08T00:00:00-03:00;8;5;2020;5,7647
2020-05-11;GM366_ERC366;2020-05-11T00:00:00-03:00;11;5;2020;5,7948
2020-05-12;GM366_ERC366;2020-05-12T00:00:00-03:00;12;5;2020;5,7717
2020-05-13;GM366_ERC366;2020-05-13T00:00:00-03:00;13;5;2020;5,9016
2020-05-14;GM366_ERC366;2020-05-14T00:00:00-03:00;14;5;2020;5,9366
2020-05-15;GM366_ERC366;2020-05-15T00:00:00-03:00;15;5;2020;5,8223
2020-05-18;GM366_ERC366;2020-05-18T00:00:00-03:00;18;5;2020;5,7369
2020-05-19;GM366_ERC366;2020-05-19T00:00:00-03:00;19;5;2020;5,721
2020-05-20;GM366_ERC366;2020-05-20T00:00:00-03:00;20;5;2020;5,6962
2020-05-21;GM366_ERC366;2020-05-21T00:00:00-03:00;21;5;2020;5,6013
2020-05-22;GM366_ERC366;2020-05-22T00:00:00-03:00;22;5;2020;5,5802
2020-05-25;GM366_ERC366;2020-05-25T00:00:00-03:00;25;5;2020;5,4766
2020-05-26;GM366_ERC366;2020-05-26T00:00:00-03:00;26;5;2020;5,3701
2020-05-27;GM366_ERC366;2020-05-27T00:00:00-03:00;27;5;2020;5,2986
2020-05-28;GM366_ERC366;2020-05-28T00:00:00-03:00;28;5;2020;5,3399
2020-05-29;GM366_ERC366;2020-05-29T00:00:00-03:00;29;5;2020;5,4257
2020-06-01;GM366_ERC366;2020-06-01T00:00:00-03:00;1;6;2020;5,3633
2020-06-02;GM366_ERC366;2020-06-02T00:00:00-03:00;2;6;2020;5,2595
2020-06-03;GM366_ERC366;2020-06-03T00:00:00-03:00;3;6;2020;5,051
2020-06-04;GM366_ERC366;2020-06-04T00:00:00-03:00;4;6;2020;5,1035
2020-06-05;GM366_ERC366;2020-06-05T00:00:00-03:00;5;6;2020;4,9769
2020-06-08;GM366_ERC366;2020-06-08T00:00:00-03:00;8;6;2020;4,9325
2020-06-09;GM366_ERC366;2020-06-09T00:00:00-03:00;9;6;2020;4,9051
2020-06-10;GM366_ERC366;2020-06-10T00:00:00-03:00;10;6;2020;4,8888
2020-06-12;GM366_ERC366;2020-06-12T00:00:00-03:00;12;6;2020;5,0367
2020-06-15;GM366_ERC366;2020-06-15T00:00:00-03:00;15;6;2020;5,1877
2020-06-16;GM366_ERC366;2020-06-16T00:00:00-03:00;16;6;2020;5,1279
2020-06-17;GM366_ERC366;2020-06-17T00:00:00-03:00;17;6;2020;5,2492
2020-06-18;GM366_ERC366;2020-06-18T00:00:00-03:00;18;6;2020;5,3462
2020-06-19;GM366_ERC366;2020-06-19T00:00:00-03:00;19;6;2020;5,346
2020-06-22;GM366_ERC366;2020-06-22T00:00:00-03:00;22;6;2020;5,222
2020-06-23;GM366_ERC366;2020-06-23T00:00:00-03:00;23;6;2020;5,1699
2020-06-24;GM366_ERC366;2020-06-24T00:00:00-03:00;24;6;2020;5,2429
2020-06-25;GM366_ERC366;2020-06-25T00:00:00-03:00;25;6;2020;5,3281
2020-06-26;GM366_ERC366;2020-06-26T00:00:00-03:00;26;6;2020;5,4623
2020-06-29;GM366_ERC366;2020-06-29T00:00:00-03:00;29;6;2020;5,441
2020-06-30;GM366_ERC366;2020-06-30T00:00:00-03:00;30;6;2020;5,4754
2020-07-01;GM366_ERC366;2020-07-01T00:00:00-03:00;1;7;2020;5,3646
2020-07-02;GM366_ERC366;2020-07-02T00:00:00-03:00;2;7;2020;5,3022
2020-07-03;GM366_ERC366;2020-07-03T00:00:00-03:00;3;7;2020;5,3368
2020-07-06;GM366_ERC366;2020-07-06T00:00:00-03:00;6;7;2020;5,3079
2020-07-07;GM366_ERC366;2020-07-07T00:00:00-03:00;7;7;2020;5,3312
2020-07-08;GM366_ERC366;2020-07-08T00:00:00-03:00;8;7;2020;5,3476
2020-07-09;GM366_ERC366;2020-07-09T00:00:00-03:00;9;7;2020;5,2972
2020-07-10;GM366_ERC366;2020-07-10T00:00:00-03:00;10;7;2020;5,3434
2020-07-13;GM366_ERC366;2020-07-13T00:00:00-03:00;13;7;2020;5,348
2020-07-14;GM366_ERC366;2020-07-14T00:00:00-03:00;14;7;2020;5,4282
2020-07-15;GM366_ERC366;2020-07-15T00:00:00-03:00;15;7;2020;5,3485
2020-07-16;GM366_ERC366;2020-07-16T00:00:00-03:00;16;7;2020;5,3554
2020-07-17;GM366_ERC366;2020-07-17T00:00:00-03:00;17;7;2020;5,3504
2020-07-20;GM366_ERC366;2020-07-20T00:00:00-03:00;20;7;2020;5,3629
2020-07-21;GM366_ERC366;2020-07-21T00:00:00-03:00;21;7;2020;5,2277
2020-07-22;GM366_ERC366;2020-07-22T00:00:00-03:00;22;7;2020;5,1105
2020-07-23;GM366_ERC366;2020-07-23T00:00:00-03:00;23;7;2020;5,1641
2020-07-24;GM366_ERC366;2020-07-24T00:00:00-03:00;24;7;2020;5,214
2020-07-27;GM366_ERC366;2020-07-27T00:00:00-03:00;27;7;2020;5,1883
2020-07-28;GM366_ERC366;2020-07-28T00:00:00-03:00;28;7;2020;5,1771
2020-07-29;GM366_ERC366;2020-07-29T00:00:00-03:00;29;7;2020;5,1389
2020-07-30;GM366_ERC366;2020-07-30T00:00:00-03:00;30;7;2020;5,1831
2020-07-31;GM366_ERC366;2020-07-31T00:00:00-03:00;31;7;2020;5,2027
2020-08-03;GM366_ERC366;2020-08-03T00:00:00-03:00;3;8;2020;5,3069
2020-08-04;GM366_ERC366;2020-08-04T00:00:00-03:00;4;8;2020;5,3323
2020-08-05;GM366_ERC366;2020-08-05T00:00:00-03:00;5;8;2020;5,2754
2020-08-06;GM366_ERC366;2020-08-06T00:00:00-03:00;6;8;2020;5,3425
2020-08-07;GM366_ERC366;2020-08-07T00:00:00-03:00;7;8;2020;5,4221
2020-08-10;GM366_ERC366;2020-08-10T00:00:00-03:00;10;8;2020;5,3927
2020-08-11;GM366_ERC366;2020-08-11T00:00:00-03:00;11;8;2020;5,4279
2020-08-12;GM366_ERC366;2020-08-12T00:00:00-03:00;12;8;2020;5,4545
2020-08-13;GM366_ERC366;2020-08-13T00:00:00-03:00;13;8;2020;5,3795
2020-08-14;GM366_ERC366;2020-08-14T00:00:00-03:00;14;8;2020;5,3846
2020-08-17;GM366_ERC366;2020-08-17T00:00:00-03:00;17;8;2020;5,4491
2020-08-18;GM366_ERC366;2020-08-18T00:00:00-03:00;18;8;2020;5,4653
2020-08-19;GM366_ERC366;2020-08-19T00:00:00-03:00;19;8;2020;5,49
2020-08-20;GM366_ERC366;2020-08-20T00:00:00-03:00;20;8;2020;5,6504
2020-08-21;GM366_ERC366;2020-08-21T00:00:00-03:00;21;8;2020;5,6058
2020-08-24;GM366_ERC366;2020-08-24T00:00:00-03:00;24;8;2020;5,5948
2020-08-25;GM366_ERC366;2020-08-25T00:00:00-03:00;25;8;2020;5,5991
2020-08-26;GM366_ERC366;2020-08-26T00:00:00-03:00;26;8;2020;5,5674
2020-08-27;GM366_ERC366;2020-08-27T00:00:00-03:00;27;8;2020;5,595
2020-08-28;GM366_ERC366;2020-08-28T00:00:00-03:00;28;8;2020;5,4673
2020-08-31;GM366_ERC366;2020-08-31T00:00:00-03:00;31;8;2020;5,4707
2020-09-01;GM366_ERC366;2020-09-01T00:00:00-03:00;1;9;2020;5,3726
2020-09-02;GM366_ERC366;2020-09-02T00:00:00-03:00;2;9;2020;5,3735
2020-09-03;GM366_ERC366;2020-09-03T00:00:00-03:00;3;9;2020;5,3073
2020-09-04;GM366_ERC366;2020-09-04T00:00:00-03:00;4;9;2020;5,2842
2020-09-08;GM366_ERC366;2020-09-08T00:00:00-03:00;8;9;2020;5,3692
2020-09-09;GM366_ERC366;2020-09-09T00:00:00-03:00;9;9;2020;5,3018
2020-09-10;GM366_ERC366;2020-09-10T00:00:00-03:00;10;9;2020;5,293
2020-09-11;GM366_ERC366;2020-09-11T00:00:00-03:00;11;9;2020;5,2848
2020-09-14;GM366_ERC366;2020-09-14T00:00:00-03:00;14;9;2020;5,2978
2020-09-15;GM366_ERC366;2020-09-15T00:00:00-03:00;15;9;2020;5,2722
2020-09-16;GM366_ERC366;2020-09-16T00:00:00-03:00;16;9;2020;5,2526
2020-09-17;GM366_ERC366;2020-09-17T00:00:00-03:00;17;9;2020;5,2587
2020-09-18;GM366_ERC366;2020-09-18T00:00:00-03:00;18;9;2020;5,2883
2020-09-21;GM366_ERC366;2020-09-21T00:00:00-03:00;21;9;2020;5,4434
2020-09-22;GM366_ERC366;2020-09-22T00:00:00-03:00;22;9;2020;5,4323
2020-09-23;GM366_ERC366;2020-09-23T00:00:00-03:00;23;9;2020;5,5305
2020-09-24;GM366_ERC366;2020-09-24T00:00:00-03:00;24;9;2020;5,5708
2020-09-25;GM366_ERC366;2020-09-25T00:00:00-03:00;25;9;2020;5,5661
2020-09-28;GM366_ERC366;2020-09-28T00:00:00-03:00;28;9;2020;5,5852
2020-09-29;GM366_ERC366;2020-09-29T00:00:00-03:00;29;9;2020;5,6521
2020-09-30;GM366_ERC366;2020-09-30T00:00:00-03:00;30;9;2020;5,6401
2020-10-01;GM366_ERC366;2020-10-01T00:00:00-03:00;1;10;2020;5,6435
2020-10-02;GM366_ERC366;2020-10-02T00:00:00-03:00;2;10;2020;5,6458
2020-10-05;GM366_ERC366;2020-10-05T00:00:00-03:00;5;10;2020;5,6293
2020-10-06;GM366_ERC366;2020-10-06T00:00:00-03:00;6;10;2020;5,5199
2020-10-07;GM366_ERC366;2020-10-07T00:00:00-03:00;7;10;2020;5,6012
2020-10-08;GM366_ERC366;2020-10-08T00:00:00-03:00;8;10;2020;5,6194
2020-10-09;GM366_ERC366;2020-10-09T00:00:00-03:00;9;10;2020;5,5387
2020-10-13;GM366_ERC366;2020-10-13T00:00:00-03:00;13;10;2020;5,5854
2020-10-14;GM366_ERC366;2020-10-14T00:00:00-03:00;14;10;2020;5,5669
2020-10-15;GM366_ERC366;2020-10-15T00:00:00-03:00;15;10;2020;5,6166
2020-10-16;GM366_ERC366;2020-10-16T00:00:00-03:00;16;10;2020;5,622
2020-10-19;GM366_ERC366;2020-10-19T00:00:00-03:00;19;10;2020;5,6017
2020-10-20;GM366_ERC366;2020-10-20T00:00:00-03:00;20;10;2020;5,5824
2020-10-21;GM366_ERC366;2020-10-21T00:00:00-03:00;21;10;2020;5,6
2020-10-22;GM366_ERC366;2020-10-22T00:00:00-03:00;22;10;2020;5,5814
2020-10-23;GM366_ERC366;2020-10-23T00:00:00-03:00;23;10;2020;5,6114
2020-10-26;GM366_ERC366;2020-10-26T00:00:00-03:00;26;10;2020;5,6322
2020-10-27;GM366_ERC366;2020-10-27T00:00:00-03:00;27;10;2020;5,6484
2020-10-28;GM366_ERC366;2020-10-28T00:00:00-03:00;28;10;2020;5,7319
2020-10-29;GM366_ERC366;2020-10-29T00:00:00-03:00;29;10;2020;5,7797
2020-10-30;GM366_ERC366;2020-10-30T00:00:00-03:00;30;10;2020;5,7712
2020-11-03;GM366_ERC366;2020-11-03T00:00:00-03:00;3;11;2020;5,6889
2020-11-04;GM366_ERC366;2020-11-04T00:00:00-03:00;4;11;2020;5,6926
2020-11-05;GM366_ERC366;2020-11-05T00:00:00-03:00;5;11;2020;5,5618
2020-11-06;GM366_ERC366;2020-11-06T00:00:00-03:00;6;11;2020;5,5307
2020-11-09;GM366_ERC366;2020-11-09T00:00:00-03:00;9;11;2020;5,2815
2020-11-10;GM366_ERC366;2020-11-10T00:00:00-03:00;10;11;2020;5,369
2020-11-11;GM366_ERC366;2020-11-11T00:00:00-03:00;11;11;2020;5,4014
2020-11-12;GM366_ERC366;2020-11-12T00:00:00-03:00;12;11;2020;5,4088
2020-11-13;GM366_ERC366;2020-11-13T00:00:00-03:00;13;11;2020;5,4848
2020-11-16;GM366_ERC366;2020-11-16T00:00:00-03:00;16;11;2020;5,4192
2020-11-17;GM366_ERC366;2020-11-17T00:00:00-03:00;17;11;2020;5,3962
2020-11-18;GM366_ERC366;2020-11-18T00:00:00-03:00;18;11;2020;5,2926
2020-11-19;GM366_ERC366;2020-11-19T00:00:00-03:00;19;11;2020;5,3324
2020-11-20;GM366_ERC366;2020-11-20T00:00:00-03:00;20;11;2020;5,3499
2020-11-23;GM366_ERC366;2020-11-23T00:00:00-03:00;23;11;2020;5,3822
2020-11-24;GM366_ERC366;2020-11-24T00:00:00-03:00;24;11;2020;5,4031
2020-11-25;GM366_ERC366;2020-11-25T00:00:00-03:00;25;11;2020;5,3502
2020-11-26;GM366_ERC366;2020-11-26T00:00:00-03:00;26;11;2020;5,3195
2020-11-27;GM366_ERC366;2020-11-27T00:00:00-03:00;27;11;2020;5,3488
2020-11-30;GM366_ERC366;2020-11-30T00:00:00-03:00;30;11;2020;5,3311
2020-12-01;GM366_ERC366;2020-12-01T00:00:00-03:00;1;12;2020;5,2783
2020-12-02;GM366_ERC366;2020-12-02T00:00:00-03:00;2;12;2020;5,2261
2020-12-03;GM366_ERC366;2020-12-03T00:00:00-03:00;3;12;2020;5,1619
2020-12-04;GM366_ERC366;2020-12-04T00:00:00-03:00;4;12;2020;5,17
2020-12-07;GM366_ERC366;2020-12-07T00:00:00-03:00;7;12;2020;5,1012
2020-12-08;GM366_ERC366;2020-12-08T00:00:00-03:00;8;12;2020;5,0914
2020-12-09;GM366_ERC366;2020-12-09T00:00:00-03:00;9;12;2020;5,1103
2020-12-10;GM366_ERC366;2020-12-10T00:00:00-03:00;10;12;2020;5,0846
2020-12-11;GM366_ERC366;2020-12-11T00:00:00-03:00;11;12;2020;5,0685
2020-12-14;GM366_ERC366;2020-12-14T00:00:00-03:00;14;12;2020;5,0572
2020-12-15;GM366_ERC366;2020-12-15T00:00:00-03:00;15;12;2020;5,0962
2020-12-16;GM366_ERC366;2020-12-16T00:00:00-03:00;16;12;2020;5,1051
2020-12-17;GM366_ERC366;2020-12-17T00:00:00-03:00;17;12;2020;5,0606
2020-12-18;GM366_ERC366;2020-12-18T00:00:00-03:00;18;12;2020;5,098
2020-12-21;GM366_ERC366;2020-12-21T00:00:00-03:00;21;12;2020;5,1566
2020-12-22;GM366_ERC366;2020-12-22T00:00:00-03:00;22;12;2020;5,1467
2020-12-23;GM366_ERC366;2020-12-23T00:00:00-03:00;23;12;2020;5,1734
2020-12-24;GM366_ERC366;2020-12-24T00:00:00-03:00;24;12;2020;5,1785
2020-12-28;GM366_ERC366;2020-12-28T00:00:00-03:00;28;12;2020;5,2384
2020-12-29;GM366_ERC366;2020-12-29T00:00:00-03:00;29;12;2020;5,1936
2020-12-30;GM366_ERC366;2020-12-30T00:00:00-03:00;30;12;2020;5,1961
2020-12-31;GM366_ERC366;2020-12-31T00:00:00-03:00;31;12;2020;5,1961
2021-01-04;GM366_ERC366;2021-01-04T00:00:00-03:00;4;1;2021;5,162
2021-01-05;GM366_ERC366;2021-01-05T00:00:00-03:00;5;1;2021;5,3263
2021-01-06;GM366_ERC366;2021-01-06T00:00:00-03:00;6;1;2021;5,3176
2021-01-07;GM366_ERC366;2021-01-07T00:00:00-03:00;7;1;2021;5,3427
2021-01-08;GM366_ERC366;2021-01-08T00:00:00-03:00;8;1;2021;5,3677
2021-01-11;GM366_ERC366;2021-01-11T00:00:00-03:00;11;1;2021;5,496
2021-01-12;GM366_ERC366;2021-01-12T00:00:00-03:00;12;1;2021;5,4631
2021-01-13;GM366_ERC366;2021-01-13T00:00:00-03:00;13;1;2021;5,3064
2021-01-14;GM366_ERC366;2021-01-14T00:00:00-03:00;14;1;2021;5,2611
2021-01-15;GM366_ERC366;2021-01-15T00:00:00-03:00;15;1;2021;5,2708
2021-01-18;GM366_ERC366;2021-01-18T00:00:00-03:00;18;1;2021;5,2782
2021-01-19;GM366_ERC366;2021-01-19T00:00:00-03:00;19;1;2021;5,2939
2021-01-20;GM366_ERC366;2021-01-20T00:00:00-03:00;20;1;2021;5,3027
2021-01-21;GM366_ERC366;2021-01-21T00:00:00-03:00;21;1;2021;5,316
2021-01-22;GM366_ERC366;2021-01-22T00:00:00-03:00;22;1;2021;5,4295
2021-01-25;GM366_ERC366;2021-01-25T00:00:00-03:00;25;1;2021;5,5074
2021-01-26;GM366_ERC366;2021-01-26T00:00:00-03:00;26;1;2021;5,3859
2021-01-27;GM366_ERC366;2021-01-27T00:00:00-03:00;27;1;2021;5,3818
2021-01-28;GM366_ERC366;2021-01-28T00:00:00-03:00;28;1;2021;5,4276
2021-01-29;GM366_ERC366;2021-01-29T00:00:00-03:00;29;1;2021;5,4753
2021-02-01;GM366_ERC366;2021-02-01T00:00:00-03:00;1;2;2021;5,4602
2021-02-02;GM366_ERC366;2021-02-02T00:00:00-03:00;2;2;2021;5,3869
2021-02-03;GM366_ERC366;2021-02-03T00:00:00-03:00;3;2;2021;5,3417
2021-02-04;GM366_ERC366;2021-02-04T00:00:00-03:00;4;2;2021;5,3904
2021-02-05;GM366_ERC366;2021-02-05T00:00:00-03:00;5;2;2021;5,3878
2021-02-08;GM366_ERC366;2021-02-08T00:00:00-03:00;8;2;2021;5,3664
2021-02-09;GM366_ERC366;2021-02-09T00:00:00-03:00;9;2;2021;5,421
2021-02-10;GM366_ERC366;2021-02-10T00:00:00-03:00;10;2;2021;5,4018
2021-02-11;GM366_ERC366;2021-02-11T00:00:00-03:00;11;2;2021;5,362
2021-02-12;GM366_ERC366;2021-02-12T00:00:00-03:00;12;2;2021;5,3809
2021-02-17;GM366_ERC366;2021-02-17T00:00:00-03:00;17;2;2021;5,4132
2021-02-18;GM366_ERC366;2021-02-18T00:00:00-03:00;18;2;2021;5,4232
2021-02-19;GM366_ERC366;2021-02-19T00:00:00-03:00;19;2;2021;5,3918
2021-02-22;GM366_ERC366;2021-02-22T00:00:00-03:00;22;2;2021;5,5038
2021-02-23;GM366_ERC366;2021-02-23T00:00:00-03:00;23;2;2021;5,4484
2021-02-24;GM366_ERC366;2021-02-24T00:00:00-03:00;24;2;2021;5,4176
2021-02-25;GM366_ERC366;2021-02-25T00:00:00-03:00;25;2;2021;5,4594
2021-02-26;GM366_ERC366;2021-02-26T00:00:00-03:00;26;2;2021;5,5296
2021-03-01;GM366_ERC366;2021-03-01T00:00:00-03:00;1;3;2021;5,5826
2021-03-02;GM366_ERC366;2021-03-02T00:00:00-03:00;2;3;2021;5,6838
2021-03-03;GM366_ERC366;2021-03-03T00:00:00-03:00;3;3;2021;5,7336
2021-03-04;GM366_ERC366;2021-03-04T00:00:00-03:00;4;3;2021;5,6002
2021-03-05;GM366_ERC366;2021-03-05T00:00:00-03:00;5;3;2021;5,6864
2021-03-08;GM366_ERC366;2021-03-08T00:00:00-03:00;8;3;2021;5,7337
2021-03-09;GM366_ERC366;2021-03-09T00:00:00-03:00;9;3;2021;5,8391
2021-03-10;GM366_ERC366;2021-03-10T00:00:00-03:00;10;3;2021;5,7443
2021-03-11;GM366_ERC366;2021-03-11T00:00:00-03:00;11;3;2021;5,5884
2021-03-12;GM366_ERC366;2021-03-12T00:00:00-03:00;12;3;2021;5,5634
2021-03-15;GM366_ERC366;2021-03-15T00:00:00-03:00;15;3;2021;5,629
2021-03-16;GM366_ERC366;2021-03-16T00:00:00-03:00;16;3;2021;5,5845
2021-03-17;GM366_ERC366;2021-03-17T00:00:00-03:00;17;3;2021;5,6573
2021-03-18;GM366_ERC366;2021-03-18T00:00:00-03:00;18;3;2021;5,5468
2021-03-19;GM366_ERC366;2021-03-19T00:00:00-03:00;19;3;2021;5,5076
2021-03-22;GM366_ERC366;2021-03-22T00:00:00-03:00;22;3;2021;5,5263
2021-03-23;GM366_ERC366;2021-03-23T00:00:00-03:00;23;3;2021;5,4945
2021-03-24;GM366_ERC366;2021-03-24T00:00:00-03:00;24;3;2021;5,5324
2021-03-25;GM366_ERC366;2021-03-25T00:00:00-03:00;25;3;2021;5,6579
2021-03-26;GM366_ERC366;2021-03-26T00:00:00-03:00;26;3;2021;5,7036
2021-03-29;GM366_ERC366;2021-03-29T00:00:00-03:00;29;3;2021;5,7919
2021-03-30;GM366_ERC366;2021-03-30T00:00:00-03:00;30;3;2021;5,7636
2021-03-31;GM366_ERC366;2021-03-31T00:00:00-03:00;31;3;2021;5,6967
2021-04-01;GM366_ERC366;2021-04-01T00:00:00-03:00;1;4;2021;5,6843
2021-04-05;GM366_ERC366;2021-04-05T00:00:00-03:00;5;4;2021;5,6573
2021-04-06;GM366_ERC366;2021-04-06T00:00:00-03:00;6;4;2021;5,6257
2021-04-07;GM366_ERC366;2021-04-07T00:00:00-03:00;7;4;2021;5,5858
2021-04-08;GM366_ERC366;2021-04-08T00:00:00-03:00;8;4;2021;5,5811
2021-04-09;GM366_ERC366;2021-04-09T00:00:00-03:00;9;4;2021;5,6439
2021-04-12;GM366_ERC366;2021-04-12T00:00:00-03:00;12;4;2021;5,6576
2021-04-13;GM366_ERC366;2021-04-13T00:00:00-03:00;13;4;2021;5,7058
2021-04-14;GM366_ERC366;2021-04-14T00:00:00-03:00;14;4;2021;5,693
2021-04-15;GM366_ERC366;2021-04-15T00:00:00-03:00;15;4;2021;5,6228
2021-04-16;GM366_ERC366;2021-04-16T00:00:00-03:00;16;4;2021;5,6322
2021-04-19;GM366_ERC366;2021-04-19T00:00:00-03:00;19;4;2021;5,5744
2021-04-20;GM366_ERC366;2021-04-20T00:00:00-03:00;20;4;2021;5,526
2021-04-22;GM366_ERC366;2021-04-22T00:00:00-03:00;22;4;2021;5,4964
2021-04-23;GM366_ERC366;2021-04-23T00:00:00-03:00;23;4;2021;5,4781
2021-04-26;GM366_ERC366;2021-04-26T00:00:00-03:00;26;4;2021;5,456
2021-04-27;GM366_ERC366;2021-04-27T00:00:00-03:00;27;4;2021;5,4418
2021-04-28;GM366_ERC366;2021-04-28T00:00:00-03:00;28;4;2021;5,3999
2021-04-29;GM366_ERC366;2021-04-29T00:00:00-03:00;29;4;2021;5,3656
2021-04-30;GM366_ERC366;2021-04-30T00:00:00-03:00;30;4;2021;5,403
2021-05-03;GM366_ERC366;2021-05-03T00:00:00-03:00;3;5;2021;5,4081
2021-05-04;GM366_ERC366;2021-05-04T00:00:00-03:00;4;5;2021;5,4499
2021-05-05;GM366_ERC366;2021-05-05T00:00:00-03:00;5;5;2021;5,3866
2021-05-06;GM366_ERC366;2021-05-06T00:00:00-03:00;6;5;2021;5,2891
2021-05-07;GM366_ERC366;2021-05-07T00:00:00-03:00;7;5;2021;5,2211
2021-05-10;GM366_ERC366;2021-05-10T00:00:00-03:00;10;5;2021;5,2221
2021-05-11;GM366_ERC366;2021-05-11T00:00:00-03:00;11;5;2021;5,2397
2021-05-12;GM366_ERC366;2021-05-12T00:00:00-03:00;12;5;2021;5,2347
2021-05-13;GM366_ERC366;2021-05-13T00:00:00-03:00;13;5;2021;5,2809
2021-05-14;GM366_ERC366;2021-05-14T00:00:00-03:00;14;5;2021;5,2695
2021-05-17;GM366_ERC366;2021-05-17T00:00:00-03:00;17;5;2021;5,2749
2021-05-18;GM366_ERC366;2021-05-18T00:00:00-03:00;18;5;2021;5,2582
2021-05-19;GM366_ERC366;2021-05-19T00:00:00-03:00;19;5;2021;5,2816
2021-05-20;GM366_ERC366;2021-05-20T00:00:00-03:00;20;5;2021;5,2899
2021-05-21;GM366_ERC366;2021-05-21T00:00:00-03:00;21;5;2021;5,3021
2021-05-24;GM366_ERC366;2021-05-24T00:00:00-03:00;24;5;2021;5,3192
2021-05-25;GM366_ERC366;2021-05-25T00:00:00-03:00;25;5;2021;5,3137
2021-05-26;GM366_ERC366;2021-05-26T00:00:00-03:00;26;5;2021;5,3158
2021-05-27;GM366_ERC366;2021-05-27T00:00:00-03:00;27;5;2021;5,2833
2021-05-28;GM366_ERC366;2021-05-28T00:00:00-03:00;28;5;2021;5,2274
2021-05-31;GM366_ERC366;2021-05-31T00:00:00-03:00;31;5;2021;5,2316
2021-06-01;GM366_ERC366;2021-06-01T00:00:00-03:00;1;6;2021;5,163
2021-06-02;GM366_ERC366;2021-06-02T00:00:00-03:00;2;6;2021;5,114
2021-06-04;GM366_ERC366;2021-06-04T00:00:00-03:00;4;6;2021;5,0661
2021-06-07;GM366_ERC366;2021-06-07T00:00:00-03:00;7;6;2021;5,0492
2021-06-08;GM366_ERC366;2021-06-08T00:00:00-03:00;8;6;2021;5,0483
2021-06-09;GM366_ERC366;2021-06-09T00:00:00-03:00;9;6;2021;5,0527
2021-06-10;GM366_ERC366;2021-06-10T00:00:00-03:00;10;6;2021;5,0629
2021-06-11;GM366_ERC366;2021-06-11T00:00:00-03:00;11;6;2021;5,1184
2021-06-14;GM366_ERC366;2021-06-14T00:00:00-03:00;14;6;2021;5,0701
2021-06-15;GM366_ERC366;2021-06-15T00:00:00-03:00;15;6;2021;5,0868
2021-06-16;GM366_ERC366;2021-06-16T00:00:00-03:00;16;6;2021;5,0201
2021-06-17;GM366_ERC366;2021-06-17T00:00:00-03:00;17;6;2021;5,0353
2021-06-18;GM366_ERC366;2021-06-18T00:00:00-03:00;18;6;2021;5,0308
2021-06-21;GM366_ERC366;2021-06-21T00:00:00-03:00;21;6;2021;5,0367
2021-06-22;GM366_ERC366;2021-06-22T00:00:00-03:00;22;6;2021;5,0172
2021-06-23;GM366_ERC366;2021-06-23T00:00:00-03:00;23;6;2021;4,9513
2021-06-24;GM366_ERC366;2021-06-24T00:00:00-03:00;24;6;2021;4,9271
2021-06-25;GM366_ERC366;2021-06-25T00:00:00-03:00;25;6;2021;4,92
2021-06-28;GM366_ERC366;2021-06-28T00:00:00-03:00;28;6;2021;4,9414
2021-06-29;GM366_ERC366;2021-06-29T00:00:00-03:00;29;6;2021;4,9444
2021-06-30;GM366_ERC366;2021-06-30T00:00:00-03:00;30;6;2021;5,0016
2021-07-01;GM366_ERC366;2021-07-01T00:00:00-03:00;1;7;2021;5,0049
2021-07-02;GM366_ERC366;2021-07-02T00:00:00-03:00;2;7;2021;5,0287
2021-07-05;GM366_ERC366;2021-07-05T00:00:00-03:00;5;7;2021;5,0743
2021-07-06;GM366_ERC366;2021-07-06T00:00:00-03:00;6;7;2021;5,1639
2021-07-07;GM366_ERC366;2021-07-07T00:00:00-03:00;7;7;2021;5,2322
2021-07-08;GM366_ERC366;2021-07-08T00:00:00-03:00;8;7;2021;5,2581
2021-07-09;GM366_ERC366;2021-07-09T00:00:00-03:00;9;7;2021;5,237
2021-07-12;GM366_ERC366;2021-07-12T00:00:00-03:00;12;7;2021;5,2233
2021-07-13;GM366_ERC366;2021-07-13T00:00:00-03:00;13;7;2021;5,1764
2021-07-14;GM366_ERC366;2021-07-14T00:00:00-03:00;14;7;2021;5,0874
2021-07-15;GM366_ERC366;2021-07-15T00:00:00-03:00;15;7;2021;5,0994
2021-07-16;GM366_ERC366;2021-07-16T00:00:00-03:00;16;7;2021;5,0935
2021-07-19;GM366_ERC366;2021-07-19T00:00:00-03:00;19;7;2021;5,1972
2021-07-20;GM366_ERC366;2021-07-20T00:00:00-03:00;20;7;2021;5,2459
2021-07-21;GM366_ERC366;2021-07-21T00:00:00-03:00;21;7;2021;5,251
2021-07-22;GM366_ERC366;2021-07-22T00:00:00-03:00;22;7;2021;5,1972
2021-07-23;GM366_ERC366;2021-07-23T00:00:00-03:00;23;7;2021;5,1695
2021-07-26;GM366_ERC366;2021-07-26T00:00:00-03:00;26;7;2021;5,1857
2021-07-27;GM366_ERC366;2021-07-27T00:00:00-03:00;27;7;2021;5,1663
2021-07-28;GM366_ERC366;2021-07-28T00:00:00-03:00;28;7;2021;5,1521
2021-07-29;GM366_ERC366;2021-07-29T00:00:00-03:00;29;7;2021;5,0676
2021-07-30;GM366_ERC366;2021-07-30T00:00:00-03:00;30;7;2021;5,121
2021-08-02;GM366_ERC366;2021-08-02T00:00:00-03:00;2;8;2021;5,1373
2021-08-03;GM366_ERC366;2021-08-03T00:00:00-03:00;3;8;2021;5,2458
2021-08-04;GM366_ERC366;2021-08-04T00:00:00-03:00;4;8;2021;5,2085
2021-08-05;GM366_ERC366;2021-08-05T00:00:00-03:00;5;8;2021;5,1459
2021-08-06;GM366_ERC366;2021-08-06T00:00:00-03:00;6;8;2021;5,2404
2021-08-09;GM366_ERC366;2021-08-09T00:00:00-03:00;9;8;2021;5,2768
2021-08-10;GM366_ERC366;2021-08-10T00:00:00-03:00;10;8;2021;5,2211
2021-08-11;GM366_ERC366;2021-08-11T00:00:00-03:00;11;8;2021;5,2007
2021-08-12;GM366_ERC366;2021-08-12T00:00:00-03:00;12;8;2021;5,2345
2021-08-13;GM366_ERC366;2021-08-13T00:00:00-03:00;13;8;2021;5,2468
2021-08-16;GM366_ERC366;2021-08-16T00:00:00-03:00;16;8;2021;5,2489
2021-08-17;GM366_ERC366;2021-08-17T00:00:00-03:00;17;8;2021;5,2579
2021-08-18;GM366_ERC366;2021-08-18T00:00:00-03:00;18;8;2021;5,3019
2021-08-19;GM366_ERC366;2021-08-19T00:00:00-03:00;19;8;2021;5,4174
2021-08-20;GM366_ERC366;2021-08-20T00:00:00-03:00;20;8;2021;5,4268
2021-08-23;GM366_ERC366;2021-08-23T00:00:00-03:00;23;8;2021;5,368
2021-08-24;GM366_ERC366;2021-08-24T00:00:00-03:00;24;8;2021;5,3011
2021-08-25;GM366_ERC366;2021-08-25T00:00:00-03:00;25;8;2021;5,2459
2021-08-26;GM366_ERC366;2021-08-26T00:00:00-03:00;26;8;2021;5,2423
2021-08-27;GM366_ERC366;2021-08-27T00:00:00-03:00;27;8;2021;5,2194
2021-08-30;GM366_ERC366;2021-08-30T00:00:00-03:00;30;8;2021;5,1946
2021-08-31;GM366_ERC366;2021-08-31T00:00:00-03:00;31;8;2021;5,1427
2021-09-01;GM366_ERC366;2021-09-01T00:00:00-03:00;1;9;2021;5,157
2021-09-02;GM366_ERC366;2021-09-02T00:00:00-03:00;2;9;2021;5,1729
2021-09-03;GM366_ERC366;2021-09-03T00:00:00-03:00;3;9;2021;5,1679
2021-09-06;GM366_ERC366;2021-09-06T00:00:00-03:00;6;9;2021;5,1767
2021-09-08;GM366_ERC366;2021-09-08T00:00:00-03:00;8;9;2021;5,2518
2021-09-09;GM366_ERC366;2021-09-09T00:00:00-03:00;9;9;2021;5,2819
2021-09-10;GM366_ERC366;2021-09-10T00:00:00-03:00;10;9;2021;5,2152
2021-09-13;GM366_ERC366;2021-09-13T00:00:00-03:00;13;9;2021;5,2184
2021-09-14;GM366_ERC366;2021-09-14T00:00:00-03:00;14;9;2021;5,2254
2021-09-15;GM366_ERC366;2021-09-15T00:00:00-03:00;15;9;2021;5,257
2021-09-16;GM366_ERC366;2021-09-16T00:00:00-03:00;16;9;2021;5,2588
2021-09-17;GM366_ERC366;2021-09-17T00:00:00-03:00;17;9;2021;5,3097
2021-09-20;GM366_ERC366;2021-09-20T00:00:00-03:00;20;9;2021;5,3326
2021-09-21;GM366_ERC366;2021-09-21T00:00:00-03:00;21;9;2021;5,3038
2021-09-22;GM366_ERC366;2021-09-22T00:00:00-03:00;22;9;2021;5,2777
2021-09-23;GM366_ERC366;2021-09-23T00:00:00-03:00;23;9;2021;5,2885
2021-09-24;GM366_ERC366;2021-09-24T00:00:00-03:00;24;9;2021;5,3429
2021-09-27;GM366_ERC366;2021-09-27T00:00:00-03:00;27;9;2021;5,3472
2021-09-28;GM366_ERC366;2021-09-28T00:00:00-03:00;28;9;2021;5,42
2021-09-29;GM366_ERC366;2021-09-29T00:00:00-03:00;29;9;2021;5,4167
2021-09-30;GM366_ERC366;2021-09-30T00:00:00-03:00;30;9;2021;5,4388
2021-10-01;GM366_ERC366;2021-10-01T00:00:00-03:00;1;10;2021;5,3905
2021-10-04;GM366_ERC366;2021-10-04T00:00:00-03:00;4;10;2021;5,4198
2021-10-05;GM366_ERC366;2021-10-05T00:00:00-03:00;5;10;2021;5,4605
2021-10-06;GM366_ERC366;2021-10-06T00:00:00-03:00;6;10;2021;5,5091
2021-10-07;GM366_ERC366;2021-10-07T00:00:00-03:00;7;10;2021;5,5134
2021-10-08;GM366_ERC366;2021-10-08T00:00:00-03:00;8;10;2021;5,5078
2021-10-11;GM366_ERC366;2021-10-11T00:00:00-03:00;11;10;2021;5,5155
2021-10-13;GM366_ERC366;2021-10-13T00:00:00-03:00;13;10;2021;5,5464
2021-10-14;GM366_ERC366;2021-10-14T00:00:00-03:00;14;10;2021;5,4982
2021-10-15;GM366_ERC366;2021-10-15T00:00:00-03:00;15;10;2021;5,4504
2021-10-18;GM366_ERC366;2021-10-18T00:00:00-03:00;18;10;2021;5,5187
2021-10-19;GM366_ERC366;2021-10-19T00:00:00-03:00;19;10;2021;5,5515
2021-10-20;GM366_ERC366;2021-10-20T00:00:00-03:00;20;10;2021;5,5565
2021-10-21;GM366_ERC366;2021-10-21T00:00:00-03:00;21;10;2021;5,6417
2021-10-22;GM366_ERC366;2021-10-22T00:00:00-03:00;22;10;2021;5,7111
2021-10-25;GM366_ERC366;2021-10-25T00:00:00-03:00;25;10;2021;5,5967
2021-10-26;GM366_ERC366;2021-10-26T00:00:00-03:00;26;10;2021;5,5794
2021-10-27;GM366_ERC366;2021-10-27T00:00:00-03:00;27;10;2021;5,5661
2021-10-28;GM366_ERC366;2021-10-28T00:00:00-03:00;28;10;2021;5,6118
2021-10-29;GM366_ERC366;2021-10-29T00:00:00-03:00;29;10;2021;5,6424
2021-11-01;GM366_ERC366;2021-11-01T00:00:00-03:00;1;11;2021;5,6688
2021-11-03;GM366_ERC366;2021-11-03T00:00:00-03:00;3;11;2021;5,6666
2021-11-04;GM366_ERC366;2021-11-04T00:00:00-03:00;4;11;2021;5,5936
2021-11-05;GM366_ERC366;2021-11-05T00:00:00-03:00;5;11;2021;5,5449
2021-11-08;GM366_ERC366;2021-11-08T00:00:00-03:00;8;11;2021;5,5621
2021-11-09;GM366_ERC366;2021-11-09T00:00:00-03:00;9;11;2021;5,4951
2021-11-10;GM366_ERC366;2021-11-10T00:00:00-03:00;10;11;2021;5,4584
2021-11-11;GM366_ERC366;2021-11-11T00:00:00-03:00;11;11;2021;5,4165
2021-11-12;GM366_ERC366;2021-11-12T00:00:00-03:00;12;11;2021;5,4193
2021-11-16;GM366_ERC366;2021-11-16T00:00:00-03:00;16;11;2021;5,4766
2021-11-17;GM366_ERC366;2021-11-17T00:00:00-03:00;17;11;2021;5,4987
2021-11-18;GM366_ERC366;2021-11-18T00:00:00-03:00;18;11;2021;5,5464
2021-11-19;GM366_ERC366;2021-11-19T00:00:00-03:00;19;11;2021;5,5578
2021-11-22;GM366_ERC366;2021-11-22T00:00:00-03:00;22;11;2021;5,5835
2021-11-23;GM366_ERC366;2021-11-23T00:00:00-03:00;23;11;2021;5,645
2021-11-24;GM366_ERC366;2021-11-24T00:00:00-03:00;24;11;2021;5,6021
2021-11-25;GM366_ERC366;2021-11-25T00:00:00-03:00;25;11;2021;5,5734
2021-11-26;GM366_ERC366;2021-11-26T00:00:00-03:00;26;11;2021;5,5859
2021-11-29;GM366_ERC366;2021-11-29T00:00:00-03:00;29;11;2021;5,6112
2021-11-30;GM366_ERC366;2021-11-30T00:00:00-03:00;30;11;2021;5,6193
2021-12-01;GM366_ERC366;2021-12-01T00:00:00-03:00;1;12;2021;5,6162
2021-12-02;GM366_ERC366;2021-12-02T00:00:00-03:00;2;12;2021;5,6339
2021-12-03;GM366_ERC366;2021-12-03T00:00:00-03:00;3;12;2021;5,6426
2021-12-06;GM366_ERC366;2021-12-06T00:00:00-03:00;6;12;2021;5,6871
2021-12-07;GM366_ERC366;2021-12-07T00:00:00-03:00;7;12;2021;5,6405
2021-12-08;GM366_ERC366;2021-12-08T00:00:00-03:00;8;12;2021;5,5773
2021-12-09;GM366_ERC366;2021-12-09T00:00:00-03:00;9;12;2021;5,5558
2021-12-10;GM366_ERC366;2021-12-10T00:00:00-03:00;10;12;2021;5,5925
2021-12-13;GM366_ERC366;2021-12-13T00:00:00-03:00;13;12;2021;5,6351
2021-12-14;GM366_ERC366;2021-12-14T00:00:00-03:00;14;12;2021;5,6455
2021-12-15;GM366_ERC366;2021-12-15T00:00:00-03:00;15;12;2021;5,7121
2021-12-16;GM366_ERC366;2021-12-16T00:00:00-03:00;16;12;2021;5,6957
2021-12-17;GM366_ERC366;2021-12-17T00:00:00-03:00;17;12;2021;5,6953
2021-12-20;GM366_ERC366;2021-12-20T00:00:00-03:00;20;12;2021;5,7049
2021-12-21;GM366_ERC366;2021-12-21T00:00:00-03:00;21;12;2021;5,7367
2021-12-22;GM366_ERC366;2021-12-22T00:00:00-03:00;22;12;2021;5,7195
2021-12-23;GM366_ERC366;2021-12-23T00:00:00-03:00;23;12;2021;5,6904
2021-12-24;GM366_ERC366;2021-12-24T00:00:00-03:00;24;12;2021;5,6541
2021-12-27;GM366_ERC366;2021-12-27T00:00:00-03:00;27;12;2021;5,6644
2021-12-28;GM366_ERC366;2021-12-28T00:00:00-03:00;28;12;2021;5,6432
2021-12-29;GM366_ERC366;2021-12-29T00:00:00-03:00;29;12;2021;5,6613
2021-12-30;GM366_ERC366;2021-12-30T00:00:00-03:00;30;12;2021;5,5799
2021-12-31;GM366_ERC366;2021-12-31T00:00:00-03:00;31;12;2021;5,5799
2022-01-03;GM366_ERC366;2022-01-03T00:00:00-03:00;3;1;2022;5,6303
2022-01-04;GM366_ERC366;2022-01-04T00:00:00-03:00;4;1;2022;5,677
2022-01-05;GM366_ERC366;2022-01-05T00:00:00-03:00;5;1;2022;5,6622
2022-01-06;GM366_ERC366;2022-01-06T00:00:00-03:00;6;1;2022;5,7036
2022-01-07;GM366_ERC366;2022-01-07T00:00:00-03:00;7;1;2022;5,6747
2022-01-10;GM366_ERC366;2022-01-10T00:00:00-03:00;10;1;2022;5,673
2022-01-11;GM366_ERC366;2022-01-11T00:00:00-03:00;11;1;2022;5,6345
2022-01-12;GM366_ERC366;2022-01-12T00:00:00-03:00;12;1;2022;5,5605
2022-01-13;GM366_ERC366;2022-01-13T00:00:00-03:00;13;1;2022;5,524
2022-01-14;GM366_ERC366;2022-01-14T00:00:00-03:00;14;1;2022;5,5343
2022-01-17;GM366_ERC366;2022-01-17T00:00:00-03:00;17;1;2022;5,5052
2022-01-18;GM366_ERC366;2022-01-18T00:00:00-03:00;18;1;2022;5,5207
2022-01-19;GM366_ERC366;2022-01-19T00:00:00-03:00;19;1;2022;5,4972
2022-01-20;GM366_ERC366;2022-01-20T00:00:00-03:00;20;1;2022;5,416
2022-01-21;GM366_ERC366;2022-01-21T00:00:00-03:00;21;1;2022;5,4395
2022-01-24;GM366_ERC366;2022-01-24T00:00:00-03:00;24;1;2022;5,4904
2022-01-25;GM366_ERC366;2022-01-25T00:00:00-03:00;25;1;2022;5,4965
2022-01-26;GM366_ERC366;2022-01-26T00:00:00-03:00;26;1;2022;5,4318
2022-01-27;GM366_ERC366;2022-01-27T00:00:00-03:00;27;1;2022;5,3806
2022-01-28;GM366_ERC366;2022-01-28T00:00:00-03:00;28;1;2022;5,3948
2022-01-31;GM366_ERC366;2022-01-31T00:00:00-03:00;31;1;2022;5,3568
2022-02-01;GM366_ERC366;2022-02-01T00:00:00-03:00;1;2;2022;5,2804
2022-02-02;GM366_ERC366;2022-02-02T00:00:00-03:00;2;2;2022;5,295
2022-02-03;GM366_ERC366;2022-02-03T00:00:00-03:00;3;2;2022;5,3019
2022-02-04;GM366_ERC366;2022-02-04T00:00:00-03:00;4;2;2022;5,3278
2022-02-07;GM366_ERC366;2022-02-07T00:00:00-03:00;7;2;2022;5,2907
2022-02-08;GM366_ERC366;2022-02-08T00:00:00-03:00;8;2;2022;5,2693
2022-02-09;GM366_ERC366;2022-02-09T00:00:00-03:00;9;2;2022;5,2729
2022-02-10;GM366_ERC366;2022-02-10T00:00:00-03:00;10;2;2022;5,2095
2022-02-11;GM366_ERC366;2022-02-11T00:00:00-03:00;11;2;2022;5,1981
2022-02-14;GM366_ERC366;2022-02-14T00:00:00-03:00;14;2;2022;5,21
2022-02-15;GM366_ERC366;2022-02-15T00:00:00-03:00;15;2;2022;5,1875
2022-02-16;GM366_ERC366;2022-02-16T00:00:00-03:00;16;2;2022;5,1624
2022-02-17;GM366_ERC366;2022-02-17T00:00:00-03:00;17;2;2022;5,1559
2022-02-18;GM366_ERC366;2022-02-18T00:00:00-03:00;18;2;2022;5,1333
2022-02-21;GM366_ERC366;2022-02-21T00:00:00-03:00;21;2;2022;5,0991
2022-02-22;GM366_ERC366;2022-02-22T00:00:00-03:00;22;2;2022;5,0605
2022-02-23;GM366_ERC366;2022-02-23T00:00:00-03:00;23;2;2022;5,0137
2022-02-24;GM366_ERC366;2022-02-24T00:00:00-03:00;24;2;2022;5,1168
2022-02-25;GM366_ERC366;2022-02-25T00:00:00-03:00;25;2;2022;5,1388
2022-03-02;GM366_ERC366;2022-03-02T00:00:00-03:00;2;3;2022;5,1341
2022-03-03;GM366_ERC366;2022-03-03T00:00:00-03:00;3;3;2022;5,0473
2022-03-04;GM366_ERC366;2022-03-04T00:00:00-03:00;4;3;2022;5,0752
2022-03-07;GM366_ERC366;2022-03-07T00:00:00-03:00;7;3;2022;5,0573
2022-03-08;GM366_ERC366;2022-03-08T00:00:00-03:00;8;3;2022;5,0897
2022-03-09;GM366_ERC366;2022-03-09T00:00:00-03:00;9;3;2022;5,0088
2022-03-10;GM366_ERC366;2022-03-10T00:00:00-03:00;10;3;2022;5,0507
2022-03-11;GM366_ERC366;2022-03-11T00:00:00-03:00;11;3;2022;5,0249
2022-03-14;GM366_ERC366;2022-03-14T00:00:00-03:00;14;3;2022;5,0641
2022-03-15;GM366_ERC366;2022-03-15T00:00:00-03:00;15;3;2022;5,1308
2022-03-16;GM366_ERC366;2022-03-16T00:00:00-03:00;16;3;2022;5,1281
2022-03-17;GM366_ERC366;2022-03-17T00:00:00-03:00;17;3;2022;5,0758
2022-03-18;GM366_ERC366;2022-03-18T00:00:00-03:00;18;3;2022;5,0405
2022-03-21;GM366_ERC366;2022-03-21T00:00:00-03:00;21;3;2022;4,966
2022-03-22;GM366_ERC366;2022-03-22T00:00:00-03:00;22;3;2022;4,9202
2022-03-23;GM366_ERC366;2022-03-23T00:00:00-03:00;23;3;2022;4,8698
2022-03-24;GM366_ERC366;2022-03-24T00:00:00-03:00;24;3;2022;4,8061
2022-03-25;GM366_ERC366;2022-03-25T00:00:00-03:00;25;3;2022;4,7776
2022-03-28;GM366_ERC366;2022-03-28T00:00:00-03:00;28;3;2022;4,7899
2022-03-29;GM366_ERC366;2022-03-29T00:00:00-03:00;29;3;2022;4,748
2022-03-30;GM366_ERC366;2022-03-30T00:00:00-03:00;30;3;2022;4,7491
2022-03-31;GM366_ERC366;2022-03-31T00:00:00-03:00;31;3;2022;4,7372
2022-04-01;GM366_ERC366;2022-04-01T00:00:00-03:00;1;4;2022;4,6978
2022-04-04;GM366_ERC366;2022-04-04T00:00:00-03:00;4;4;2022;4,6169
2022-04-05;GM366_ERC366;2022-04-05T00:00:00-03:00;5;4;2022;4,6394
2022-04-06;GM366_ERC366;2022-04-06T00:00:00-03:00;6;4;2022;4,6961
2022-04-07;GM366_ERC366;2022-04-07T00:00:00-03:00;7;4;2022;4,7416
2022-04-08;GM366_ERC366;2022-04-08T00:00:00-03:00;8;4;2022;4,7507
2022-04-11;GM366_ERC366;2022-04-11T00:00:00-03:00;11;4;2022;4,7019
2022-04-12;GM366_ERC366;2022-04-12T00:00:00-03:00;12;4;2022;4,6477
2022-04-13;GM366_ERC366;2022-04-13T00:00:00-03:00;13;4;2022;4,6805
2022-04-14;GM366_ERC366;2022-04-14T00:00:00-03:00;14;4;2022;4,7152
2022-04-18;GM366_ERC366;2022-04-18T00:00:00-03:00;18;4;2022;4,674
2022-04-19;GM366_ERC366;2022-04-19T00:00:00-03:00;19;4;2022;4,6658
2022-04-20;GM366_ERC366;2022-04-20T00:00:00-03:00;20;4;2022;4,6391
2022-04-22;GM366_ERC366;2022-04-22T00:00:00-03:00;22;4;2022;4,732
2022-04-25;GM366_ERC366;2022-04-25T00:00:00-03:00;25;4;2022;4,8812
2022-04-26;GM366_ERC366;2022-04-26T00:00:00-03:00;26;4;2022;4,966
2022-04-27;GM366_ERC366;2022-04-27T00:00:00-03:00;27;4;2022;5,0161
2022-04-28;GM366_ERC366;2022-04-28T00:00:00-03:00;28;4;2022;5,0104
2022-04-29;GM366_ERC366;2022-04-29T00:00:00-03:00;29;4;2022;4,9185
2022-05-02;GM366_ERC366;2022-05-02T00:00:00-03:00;2;5;2022;5,026
2022-05-03;GM366_ERC366;2022-05-03T00:00:00-03:00;3;5;2022;5,0161
2022-05-04;GM366_ERC366;2022-05-04T00:00:00-03:00;4;5;2022;5,0087
2022-05-05;GM366_ERC366;2022-05-05T00:00:00-03:00;5;5;2022;5,0045
2022-05-06;GM366_ERC366;2022-05-06T00:00:00-03:00;6;5;2022;5,0744
2022-05-09;GM366_ERC366;2022-05-09T00:00:00-03:00;9;5;2022;5,1334
2022-05-10;GM366_ERC366;2022-05-10T00:00:00-03:00;10;5;2022;5,1384
2022-05-11;GM366_ERC366;2022-05-11T00:00:00-03:00;11;5;2022;5,1238
2022-05-12;GM366_ERC366;2022-05-12T00:00:00-03:00;12;5;2022;5,1476
2022-05-13;GM366_ERC366;2022-05-13T00:00:00-03:00;13;5;2022;5,1069
2022-05-16;GM366_ERC366;2022-05-16T00:00:00-03:00;16;5;2022;5,066
2022-05-17;GM366_ERC366;2022-05-17T00:00:00-03:00;17;5;2022;4,967
2022-05-18;GM366_ERC366;2022-05-18T00:00:00-03:00;18;5;2022;4,9586
2022-05-19;GM366_ERC366;2022-05-19T00:00:00-03:00;19;5;2022;4,9192
2022-05-20;GM366_ERC366;2022-05-20T00:00:00-03:00;20;5;2022;4,8771
2022-05-23;GM366_ERC366;2022-05-23T00:00:00-03:00;23;5;2022;4,7967
2022-05-24;GM366_ERC366;2022-05-24T00:00:00-03:00;24;5;2022;4,81
2022-05-25;GM366_ERC366;2022-05-25T00:00:00-03:00;25;5;2022;4,8353
2022-05-26;GM366_ERC366;2022-05-26T00:00:00-03:00;26;5;2022;4,7961
2022-05-27;GM366_ERC366;2022-05-27T00:00:00-03:00;27;5;2022;4,7428
2022-05-30;GM366_ERC366;2022-05-30T00:00:00-03:00;30;5;2022;4,721
2022-05-31;GM366_ERC366;2022-05-31T00:00:00-03:00;31;5;2022;4,7283
2022-06-01;GM366_ERC366;2022-06-01T00:00:00-03:00;1;6;2022;4,7759
2022-06-02;GM366_ERC366;2022-06-02T00:00:00-03:00;2;6;2022;4,7873
2022-06-03;GM366_ERC366;2022-06-03T00:00:00-03:00;3;6;2022;4,795
2022-06-06;GM366_ERC366;2022-06-06T00:00:00-03:00;6;6;2022;4,7833
2022-06-07;GM366_ERC366;2022-06-07T00:00:00-03:00;7;6;2022;4,8903
2022-06-08;GM366_ERC366;2022-06-08T00:00:00-03:00;8;6;2022;4,8705
2022-06-09;GM366_ERC366;2022-06-09T00:00:00-03:00;9;6;2022;4,8945
2022-06-10;GM366_ERC366;2022-06-10T00:00:00-03:00;10;6;2022;4,983
2022-06-13;GM366_ERC366;2022-06-13T00:00:00-03:00;13;6;2022;5,1027
2022-06-14;GM366_ERC366;2022-06-14T00:00:00-03:00;14;6;2022;5,1197
2022-06-15;GM366_ERC366;2022-06-15T00:00:00-03:00;15;6;2022;5,1113
2022-06-17;GM366_ERC366;2022-06-17T00:00:00-03:00;17;6;2022;5,1307
2022-06-20;GM366_ERC366;2022-06-20T00:00:00-03:00;20;6;2022;5,1635
2022-06-21;GM366_ERC366;2022-06-21T00:00:00-03:00;21;6;2022;5,1456
2022-06-22;GM366_ERC366;2022-06-22T00:00:00-03:00;22;6;2022;5,1503
2022-06-23;GM366_ERC366;2022-06-23T00:00:00-03:00;23;6;2022;5,1827
2022-06-24;GM366_ERC366;2022-06-24T00:00:00-03:00;24;6;2022;5,2328
2022-06-27;GM366_ERC366;2022-06-27T00:00:00-03:00;27;6;2022;5,2208
2022-06-28;GM366_ERC366;2022-06-28T00:00:00-03:00;28;6;2022;5,2173
2022-06-29;GM366_ERC366;2022-06-29T00:00:00-03:00;29;6;2022;5,2262
2022-06-30;GM366_ERC366;2022-06-30T00:00:00-03:00;30;6;2022;5,2374
2022-07-01;GM366_ERC366;2022-07-01T00:00:00-03:00;1;7;2022;5,3136
2022-07-04;GM366_ERC366;2022-07-04T00:00:00-03:00;4;7;2022;5,3032
2022-07-05;GM366_ERC366;2022-07-05T00:00:00-03:00;5;7;2022;5,3893
2022-07-06;GM366_ERC366;2022-07-06T00:00:00-03:00;6;7;2022;5,4315
2022-07-07;GM366_ERC366;2022-07-07T00:00:00-03:00;7;7;2022;5,3634
2022-07-08;GM366_ERC366;2022-07-08T00:00:00-03:00;8;7;2022;5,308
2022-07-11;GM366_ERC366;2022-07-11T00:00:00-03:00;11;7;2022;5,3471
2022-07-12;GM366_ERC366;2022-07-12T00:00:00-03:00;12;7;2022;5,4114
2022-07-13;GM366_ERC366;2022-07-13T00:00:00-03:00;13;7;2022;5,3987
2022-07-14;GM366_ERC366;2022-07-14T00:00:00-03:00;14;7;2022;5,4562
2022-07-15;GM366_ERC366;2022-07-15T00:00:00-03:00;15;7;2022;5,4008
2022-07-18;GM366_ERC366;2022-07-18T00:00:00-03:00;18;7;2022;5,3669
2022-07-19;GM366_ERC366;2022-07-19T00:00:00-03:00;19;7;2022;5,3898
2022-07-20;GM366_ERC366;2022-07-20T00:00:00-03:00;20;7;2022;5,4282
2022-07-21;GM366_ERC366;2022-07-21T00:00:00-03:00;21;7;2022;5,4744
2022-07-22;GM366_ERC366;2022-07-22T00:00:00-03:00;22;7;2022;5,4516
2022-07-25;GM366_ERC366;2022-07-25T00:00:00-03:00;25;7;2022;5,4138
2022-07-26;GM366_ERC366;2022-07-26T00:00:00-03:00;26;7;2022;5,3602
2022-07-27;GM366_ERC366;2022-07-27T00:00:00-03:00;27;7;2022;5,3068
2022-07-28;GM366_ERC366;2022-07-28T00:00:00-03:00;28;7;2022;5,2143
2022-07-29;GM366_ERC366;2022-07-29T00:00:00-03:00;29;7;2022;5,1878
2022-08-01;GM366_ERC366;2022-08-01T00:00:00-03:00;1;8;2022;5,16
2022-08-02;GM366_ERC366;2022-08-02T00:00:00-03:00;2;8;2022;5,2323
2022-08-03;GM366_ERC366;2022-08-03T00:00:00-03:00;3;8;2022;5,284
2022-08-04;GM366_ERC366;2022-08-04T00:00:00-03:00;4;8;2022;5,2403
2022-08-05;GM366_ERC366;2022-08-05T00:00:00-03:00;5;8;2022;5,2159
2022-08-08;GM366_ERC366;2022-08-08T00:00:00-03:00;8;8;2022;5,1241
2022-08-09;GM366_ERC366;2022-08-09T00:00:00-03:00;9;8;2022;5,1218
2022-08-10;GM366_ERC366;2022-08-10T00:00:00-03:00;10;8;2022;5,0491
2022-08-11;GM366_ERC366;2022-08-11T00:00:00-03:00;11;8;2022;5,1121
2022-08-12;GM366_ERC366;2022-08-12T00:00:00-03:00;12;8;2022;5,1017
2022-08-15;GM366_ERC366;2022-08-15T00:00:00-03:00;15;8;2022;5,0919
2022-08-16;GM366_ERC366;2022-08-16T00:00:00-03:00;16;8;2022;5,1334
2022-08-17;GM366_ERC366;2022-08-17T00:00:00-03:00;17;8;2022;5,1779
2022-08-18;GM366_ERC366;2022-08-18T00:00:00-03:00;18;8;2022;5,1767
2022-08-19;GM366_ERC366;2022-08-19T00:00:00-03:00;19;8;2022;5,1955
2022-08-22;GM366_ERC366;2022-08-22T00:00:00-03:00;22;8;2022;5,1703
2022-08-23;GM366_ERC366;2022-08-23T00:00:00-03:00;23;8;2022;5,1024
2022-08-24;GM366_ERC366;2022-08-24T00:00:00-03:00;24;8;2022;5,1044
2022-08-25;GM366_ERC366;2022-08-25T00:00:00-03:00;25;8;2022;5,1167
2022-08-26;GM366_ERC366;2022-08-26T00:00:00-03:00;26;8;2022;5,0897
2022-08-29;GM366_ERC366;2022-08-29T00:00:00-03:00;29;8;2022;5,0423
2022-08-30;GM366_ERC366;2022-08-30T00:00:00-03:00;30;8;2022;5,0611
2022-08-31;GM366_ERC366;2022-08-31T00:00:00-03:00;31;8;2022;5,1784
2022-09-01;GM366_ERC366;2022-09-01T00:00:00-03:00;1;9;2022;5,2001
2022-09-02;GM366_ERC366;2022-09-02T00:00:00-03:00;2;9;2022;5,1872
2022-09-05;GM366_ERC366;2022-09-05T00:00:00-03:00;5;9;2022;5,168
2022-09-06;GM366_ERC366;2022-09-06T00:00:00-03:00;6;9;2022;5,2222
2022-09-08;GM366_ERC366;2022-09-08T00:00:00-03:00;8;9;2022;5,2149
2022-09-09;GM366_ERC366;2022-09-09T00:00:00-03:00;9;9;2022;5,1627
2022-09-12;GM366_ERC366;2022-09-12T00:00:00-03:00;12;9;2022;5,1177
2022-09-13;GM366_ERC366;2022-09-13T00:00:00-03:00;13;9;2022;5,1788
2022-09-14;GM366_ERC366;2022-09-14T00:00:00-03:00;14;9;2022;5,1768
2022-09-15;GM366_ERC366;2022-09-15T00:00:00-03:00;15;9;2022;5,2205
2022-09-16;GM366_ERC366;2022-09-16T00:00:00-03:00;16;9;2022;5,2876
2022-09-19;GM366_ERC366;2022-09-19T00:00:00-03:00;19;9;2022;5,2361
2022-09-20;GM366_ERC366;2022-09-20T00:00:00-03:00;20;9;2022;5,1699
2022-09-21;GM366_ERC366;2022-09-21T00:00:00-03:00;21;9;2022;5,1686
2022-09-22;GM366_ERC366;2022-09-22T00:00:00-03:00;22;9;2022;5,1671
2022-09-23;GM366_ERC366;2022-09-23T00:00:00-03:00;23;9;2022;5,2251
2022-09-26;GM366_ERC366;2022-09-26T00:00:00-03:00;26;9;2022;5,3542
2022-09-27;GM366_ERC366;2022-09-27T00:00:00-03:00;27;9;2022;5,3502
2022-09-28;GM366_ERC366;2022-09-28T00:00:00-03:00;28;9;2022;5,3588
2022-09-29;GM366_ERC366;2022-09-29T00:00:00-03:00;29;9;2022;5,391
2022-09-30;GM366_ERC366;2022-09-30T00:00:00-03:00;30;9;2022;5,406
2022-10-03;GM366_ERC366;2022-10-03T00:00:00-03:00;3;10;2022;5,1996
2022-10-04;GM366_ERC366;2022-10-04T00:00:00-03:00;4;10;2022;5,1405
2022-10-05;GM366_ERC366;2022-10-05T00:00:00-03:00;5;10;2022;5,2138
2022-10-06;GM366_ERC366;2022-10-06T00:00:00-03:00;6;10;2022;5,2002
2022-10-07;GM366_ERC366;2022-10-07T00:00:00-03:00;7;10;2022;5,2215
2022-10-10;GM366_ERC366;2022-10-10T00:00:00-03:00;10;10;2022;5,1935
2022-10-11;GM366_ERC366;2022-10-11T00:00:00-03:00;11;10;2022;5,2061
2022-10-13;GM366_ERC366;2022-10-13T00:00:00-03:00;13;10;2022;5,3011
2022-10-14;GM366_ERC366;2022-10-14T00:00:00-03:00;14;10;2022;5,2818
2022-10-17;GM366_ERC366;2022-10-17T00:00:00-03:00;17;10;2022;5,2707
2022-10-18;GM366_ERC366;2022-10-18T00:00:00-03:00;18;10;2022;5,2691
2022-10-19;GM366_ERC366;2022-10-19T00:00:00-03:00;19;10;2022;5,2802
2022-10-20;GM366_ERC366;2022-10-20T00:00:00-03:00;20;10;2022;5,217
2022-10-21;GM366_ERC366;2022-10-21T00:00:00-03:00;21;10;2022;5,1913
2022-10-24;GM366_ERC366;2022-10-24T00:00:00-03:00;24;10;2022;5,2738
2022-10-25;GM366_ERC366;2022-10-25T00:00:00-03:00;25;10;2022;5,3085
2022-10-26;GM366_ERC366;2022-10-26T00:00:00-03:00;26;10;2022;5,3242
2022-10-27;GM366_ERC366;2022-10-27T00:00:00-03:00;27;10;2022;5,2997
2022-10-28;GM366_ERC366;2022-10-28T00:00:00-03:00;28;10;2022;5,3449
2022-10-31;GM366_ERC366;2022-10-31T00:00:00-03:00;31;10;2022;5,2564
2022-11-01;GM366_ERC366;2022-11-01T00:00:00-03:00;1;11;2022;5,1494
2022-11-03;GM366_ERC366;2022-11-03T00:00:00-03:00;3;11;2022;5,1343
2022-11-04;GM366_ERC366;2022-11-04T00:00:00-03:00;4;11;2022;5,0354
2022-11-07;GM366_ERC366;2022-11-07T00:00:00-03:00;7;11;2022;5,088
2022-11-08;GM366_ERC366;2022-11-08T00:00:00-03:00;8;11;2022;5,1738
2022-11-09;GM366_ERC366;2022-11-09T00:00:00-03:00;9;11;2022;5,1623
2022-11-10;GM366_ERC366;2022-11-10T00:00:00-03:00;10;11;2022;5,3058
2022-11-11;GM366_ERC366;2022-11-11T00:00:00-03:00;11;11;2022;5,3045
2022-11-14;GM366_ERC366;2022-11-14T00:00:00-03:00;14;11;2022;5,3007
2022-11-16;GM366_ERC366;2022-11-16T00:00:00-03:00;16;11;2022;5,3198
2022-11-17;GM366_ERC366;2022-11-17T00:00:00-03:00;17;11;2022;5,4649
2022-11-18;GM366_ERC366;2022-11-18T00:00:00-03:00;18;11;2022;5,3471
2022-11-21;GM366_ERC366;2022-11-21T00:00:00-03:00;21;11;2022;5,3253
2022-11-22;GM366_ERC366;2022-11-22T00:00:00-03:00;22;11;2022;5,3333
2022-11-23;GM366_ERC366;2022-11-23T00:00:00-03:00;23;11;2022;5,3924
2022-11-24;GM366_ERC366;2022-11-24T00:00:00-03:00;24;11;2022;5,3143
2022-11-25;GM366_ERC366;2022-11-25T00:00:00-03:00;25;11;2022;5,3502
2022-11-28;GM366_ERC366;2022-11-28T00:00:00-03:00;28;11;2022;5,3791
2022-11-29;GM366_ERC366;2022-11-29T00:00:00-03:00;29;11;2022;5,307
2022-11-30;GM366_ERC366;2022-11-30T00:00:00-03:00;30;11;2022;5,2935
2022-12-01;GM366_ERC366;2022-12-01T00:00:00-03:00;1;12;2022;5,1942
2022-12-02;GM366_ERC366;2022-12-02T00:00:00-03:00;2;12;2022;5,1968
2022-12-05;GM366_ERC366;2022-12-05T00:00:00-03:00;5;12;2022;5,2457
2022-12-06;GM366_ERC366;2022-12-06T00:00:00-03:00;6;12;2022;5,239
2022-12-07;GM366_ERC366;2022-12-07T00:00:00-03:00;7;12;2022;5,2202
2022-12-08;GM366_ERC366;2022-12-08T00:00:00-03:00;8;12;2022;5,2085
2022-12-09;GM366_ERC366;2022-12-09T00:00:00-03:00;9;12;2022;5,239
2022-12-12;GM366_ERC366;2022-12-12T00:00:00-03:00;12;12;2022;5,306
2022-12-13;GM366_ERC366;2022-12-13T00:00:00-03:00;13;12;2022;5,2663
2022-12-14;GM366_ERC366;2022-12-14T00:00:00-03:00;14;12;2022;5,34
2022-12-15;GM366_ERC366;2022-12-15T00:00:00-03:00;15;12;2022;5,3177
2022-12-16;GM366_ERC366;2022-12-16T00:00:00-03:00;16;12;2022;5,2801
2022-12-19;GM366_ERC366;2022-12-19T00:00:00-03:00;19;12;2022;5,3154
2022-12-20;GM366_ERC366;2022-12-20T00:00:00-03:00;20;12;2022;5,2421
2022-12-21;GM366_ERC366;2022-12-21T00:00:00-03:00;21;12;2022;5,2025
2022-12-22;GM366_ERC366;2022-12-22T00:00:00-03:00;22;12;2022;5,1865
2022-12-23;GM366_ERC366;2022-12-23T00:00:00-03:00;23;12;2022;5,1439
2022-12-26;GM366_ERC366;2022-12-26T00:00:00-03:00;26;12;2022;5,1866
2022-12-27;GM366_ERC366;2022-12-27T00:00:00-03:00;27;12;2022;5,2826
2022-12-28;GM366_ERC366;2022-12-28T00:00:00-03:00;28;12;2022;5,273
2022-12-29;GM366_ERC366;2022-12-29T00:00:00-03:00;29;12;2022;5,2171
2022-12-30;GM366_ERC366;2022-12-30T00:00:00-03:00;30;12;2022;5,2171
2023-01-02;GM366_ERC366;2023-01-02T00:00:00-03:00;2;1;2023;5,343
2023-01-03;GM366_ERC366;2023-01-03T00:00:00-03:00;3;1;2023;5,3753
2023-01-04;GM366_ERC366;2023-01-04T00:00:00-03:00;4;1;2023;5,4453
2023-01-05;GM366_ERC366;2023-01-05T00:00:00-03:00;5;1;2023;5,402
2023-01-06;GM366_ERC366;2023-01-06T00:00:00-03:00;6;1;2023;5,2849
2023-01-09;GM366_ERC366;2023-01-09T00:00:00-03:00;9;1;2023;5,2961
2023-01-10;GM366_ERC366;2023-01-10T00:00:00-03:00;10;1;2023;5,2389
2023-01-11;GM366_ERC366;2023-01-11T00:00:00-03:00;11;1;2023;5,2014
2023-01-12;GM366_ERC366;2023-01-12T00:00:00-03:00;12;1;2023;5,1394
2023-01-13;GM366_ERC366;2023-01-13T00:00:00-03:00;13;1;2023;5,114
2023-01-16;GM366_ERC366;2023-01-16T00:00:00-03:00;16;1;2023;5,1109
2023-01-17;GM366_ERC366;2023-01-17T00:00:00-03:00;17;1;2023;5,1197
2023-01-18;GM366_ERC366;2023-01-18T00:00:00-03:00;18;1;2023;5,0903
2023-01-19;GM366_ERC366;2023-01-19T00:00:00-03:00;19;1;2023;5,2138
2023-01-20;GM366_ERC366;2023-01-20T00:00:00-03:00;20;1;2023;5,198
2023-01-23;GM366_ERC366;2023-01-23T00:00:00-03:00;23;1;2023;5,1916
2023-01-24;GM366_ERC366;2023-01-24T00:00:00-03:00;24;1;2023;5,169
2023-01-25;GM366_ERC366;2023-01-25T00:00:00-03:00;25;1;2023;5,1036
2023-01-26;GM366_ERC366;2023-01-26T00:00:00-03:00;26;1;2023;5,0945
2023-01-27;GM366_ERC366;2023-01-27T00:00:00-03:00;27;1;2023;5,0761
2023-01-30;GM366_ERC366;2023-01-30T00:00:00-03:00;30;1;2023;5,0953
2023-01-31;GM366_ERC366;2023-01-31T00:00:00-03:00;31;1;2023;5,0987
2023-02-01;GM366_ERC366;2023-02-01T00:00:00-03:00;1;2;2023;5,0715
2023-02-02;GM366_ERC366;2023-02-02T00:00:00-03:00;2;2;2023;4,9895
2023-02-03;GM366_ERC366;2023-02-03T00:00:00-03:00;3;2;2023;5,1024
2023-02-06;GM366_ERC366;2023-02-06T00:00:00-03:00;6;2;2023;5,1757
2023-02-07;GM366_ERC366;2023-02-07T00:00:00-03:00;7;2;2023;5,1689
2023-02-08;GM366_ERC366;2023-02-08T00:00:00-03:00;8;2;2023;5,203
2023-02-09;GM366_ERC366;2023-02-09T00:00:00-03:00;9;2;2023;5,2309
2023-02-10;GM366_ERC366;2023-02-10T00:00:00-03:00;10;2;2023;5,252
2023-02-13;GM366_ERC366;2023-02-13T00:00:00-03:00;13;2;2023;5,1828
2023-02-14;GM366_ERC366;2023-02-14T00:00:00-03:00;14;2;2023;5,1501
2023-02-15;GM366_ERC366;2023-02-15T00:00:00-03:00;15;2;2023;5,2237
2023-02-16;GM366_ERC366;2023-02-16T00:00:00-03:00;16;2;2023;5,2426
2023-02-17;GM366_ERC366;2023-02-17T00:00:00-03:00;17;2;2023;5,2006
2023-02-22;GM366_ERC366;2023-02-22T00:00:00-03:00;22;2;2023;5,1724
2023-02-23;GM366_ERC366;2023-02-23T00:00:00-03:00;23;2;2023;5,1324
2023-02-24;GM366_ERC366;2023-02-24T00:00:00-03:00;24;2;2023;5,1785
2023-02-27;GM366_ERC366;2023-02-27T00:00:00-03:00;27;2;2023;5,1954
2023-02-28;GM366_ERC366;2023-02-28T00:00:00-03:00;28;2;2023;5,2072
2023-03-01;GM366_ERC366;2023-03-01T00:00:00-03:00;1;3;2023;5,2064
2023-03-02;GM366_ERC366;2023-03-02T00:00:00-03:00;2;3;2023;5,2074
2023-03-03;GM366_ERC366;2023-03-03T00:00:00-03:00;3;3;2023;5,2031
2023-03-06;GM366_ERC366;2023-03-06T00:00:00-03:00;6;3;2023;5,1964
2023-03-07;GM366_ERC366;2023-03-07T00:00:00-03:00;7;3;2023;5,1895
2023-03-08;GM366_ERC366;2023-03-08T00:00:00-03:00;8;3;2023;5,1381
2023-03-09;GM366_ERC366;2023-03-09T00:00:00-03:00;9;3;2023;5,1347
2023-03-10;GM366_ERC366;2023-03-10T00:00:00-03:00;10;3;2023;5,1816
2023-03-13;GM366_ERC366;2023-03-13T00:00:00-03:00;13;3;2023;5,2394
2023-03-14;GM366_ERC366;2023-03-14T00:00:00-03:00;14;3;2023;5,2356
2023-03-15;GM366_ERC366;2023-03-15T00:00:00-03:00;15;3;2023;5,2975
2023-03-16;GM366_ERC366;2023-03-16T00:00:00-03:00;16;3;2023;5,2886
2023-03-17;GM366_ERC366;2023-03-17T00:00:00-03:00;17;3;2023;5,2673
2023-03-20;GM366_ERC366;2023-03-20T00:00:00-03:00;20;3;2023;5,2461
2023-03-21;GM366_ERC366;2023-03-21T00:00:00-03:00;21;3;2023;5,2438
2023-03-22;GM366_ERC366;2023-03-22T00:00:00-03:00;22;3;2023;5,2642
2023-03-23;GM366_ERC366;2023-03-23T00:00:00-03:00;23;3;2023;5,2626
2023-03-24;GM366_ERC366;2023-03-24T00:00:00-03:00;24;3;2023;5,2915
2023-03-27;GM366_ERC366;2023-03-27T00:00:00-03:00;27;3;2023;5,23
2023-03-28;GM366_ERC366;2023-03-28T00:00:00-03:00;28;3;2023;5,1727
2023-03-29;GM366_ERC366;2023-03-29T00:00:00-03:00;29;3;2023;5,1487
2023-03-30;GM366_ERC366;2023-03-30T00:00:00-03:00;30;3;2023;5,1248
2023-03-31;GM366_ERC366;2023-03-31T00:00:00-03:00;31;3;2023;5,0798
2023-04-03;GM366_ERC366;2023-04-03T00:00:00-03:00;3;4;2023;5,0631
2023-04-04;GM366_ERC366;2023-04-04T00:00:00-03:00;4;4;2023;5,0756
2023-04-05;GM366_ERC366;2023-04-05T00:00:00-03:00;5;4;2023;5,0441
2023-04-06;GM366_ERC366;2023-04-06T00:00:00-03:00;6;4;2023;5,0677
2023-04-10;GM366_ERC366;2023-04-10T00:00:00-03:00;10;4;2023;5,0828
2023-04-11;GM366_ERC366;2023-04-11T00:00:00-03:00;11;4;2023;5,0122
2023-04-12;GM366_ERC366;2023-04-12T00:00:00-03:00;12;4;2023;4,949
2023-04-13;GM366_ERC366;2023-04-13T00:00:00-03:00;13;4;2023;4,9091
2023-04-14;GM366_ERC366;2023-04-14T00:00:00-03:00;14;4;2023;4,9449
2023-04-17;GM366_ERC366;2023-04-17T00:00:00-03:00;17;4;2023;4,9415
2023-04-18;GM366_ERC366;2023-04-18T00:00:00-03:00;18;4;2023;4,9672
2023-04-19;GM366_ERC366;2023-04-19T00:00:00-03:00;19;4;2023;5,0461
2023-04-20;GM366_ERC366;2023-04-20T00:00:00-03:00;20;4;2023;5,0491
2023-04-24;GM366_ERC366;2023-04-24T00:00:00-03:00;24;4;2023;5,0589
2023-04-25;GM366_ERC366;2023-04-25T00:00:00-03:00;25;4;2023;5,0607
2023-04-26;GM366_ERC366;2023-04-26T00:00:00-03:00;26;4;2023;5,0579
2023-04-27;GM366_ERC366;2023-04-27T00:00:00-03:00;27;4;2023;5,0144
2023-04-28;GM366_ERC366;2023-04-28T00:00:00-03:00;28;4;2023;5,0001
2023-05-02;GM366_ERC366;2023-05-02T00:00:00-03:00;2;5;2023;5,0329
2023-05-03;GM366_ERC366;2023-05-03T00:00:00-03:00;3;5;2023;5,0221
2023-05-04;GM366_ERC366;2023-05-04T00:00:00-03:00;4;5;2023;5,01
2023-05-05;GM366_ERC366;2023-05-05T00:00:00-03:00;5;5;2023;4,969
2023-05-08;GM366_ERC366;2023-05-08T00:00:00-03:00;8;5;2023;4,969
2023-05-09;GM366_ERC366;2023-05-09T00:00:00-03:00;9;5;2023;5,0001
2023-05-10;GM366_ERC366;2023-05-10T00:00:00-03:00;10;5;2023;4,9541
2023-05-11;GM366_ERC366;2023-05-11T00:00:00-03:00;11;5;2023;4,969
2023-05-12;GM366_ERC366;2023-05-12T00:00:00-03:00;12;5;2023;4,9228
2023-05-15;GM366_ERC366;2023-05-15T00:00:00-03:00;15;5;2023;4,9097
2023-05-16;GM366_ERC366;2023-05-16T00:00:00-03:00;16;5;2023;4,9116
2023-05-17;GM366_ERC366;2023-05-17T00:00:00-03:00;17;5;2023;4,9507
2023-05-18;GM366_ERC366;2023-05-18T00:00:00-03:00;18;5;2023;4,9641
2023-05-19;GM366_ERC366;2023-05-19T00:00:00-03:00;19;5;2023;4,9852
2023-05-22;GM366_ERC366;2023-05-22T00:00:00-03:00;22;5;2023;4,9674
2023-05-23;GM366_ERC366;2023-05-23T00:00:00-03:00;23;5;2023;4,9668
2023-05-24;GM366_ERC366;2023-05-24T00:00:00-03:00;24;5;2023;4,9468
2023-05-25;GM366_ERC366;2023-05-25T00:00:00-03:00;25;5;2023;4,9984
2023-05-26;GM366_ERC366;2023-05-26T00:00:00-03:00;26;5;2023;5,0108
2023-05-29;GM366_ERC366;2023-05-29T00:00:00-03:00;29;5;2023;4,9948
2023-05-30;GM366_ERC366;2023-05-30T00:00:00-03:00;30;5;2023;5,0587
2023-05-31;GM366_ERC366;2023-05-31T00:00:00-03:00;31;5;2023;5,0953
2023-06-01;GM366_ERC366;2023-06-01T00:00:00-03:00;1;6;2023;5,0344
2023-06-02;GM366_ERC366;2023-06-02T00:00:00-03:00;2;6;2023;4,9552
2023-06-05;GM366_ERC366;2023-06-05T00:00:00-03:00;5;6;2023;4,923
2023-06-06;GM366_ERC366;2023-06-06T00:00:00-03:00;6;6;2023;4,9286
2023-06-07;GM366_ERC366;2023-06-07T00:00:00-03:00;7;6;2023;4,9113
2023-06-09;GM366_ERC366;2023-06-09T00:00:00-03:00;9;6;2023;4,8916
2023-06-12;GM366_ERC366;2023-06-12T00:00:00-03:00;12;6;2023;4,8826
2023-06-13;GM366_ERC366;2023-06-13T00:00:00-03:00;13;6;2023;4,8527
2023-06-14;GM366_ERC366;2023-06-14T00:00:00-03:00;14;6;2023;4,8456
2023-06-15;GM366_ERC366;2023-06-15T00:00:00-03:00;15;6;2023;4,8216
2023-06-16;GM366_ERC366;2023-06-16T00:00:00-03:00;16;6;2023;4,828
2023-06-19;GM366_ERC366;2023-06-19T00:00:00-03:00;19;6;2023;4,7797
2023-06-20;GM366_ERC366;2023-06-20T00:00:00-03:00;20;6;2023;4,7924
2023-06-21;GM366_ERC366;2023-06-21T00:00:00-03:00;21;6;2023;4,7789
2023-06-22;GM366_ERC366;2023-06-22T00:00:00-03:00;22;6;2023;4,7744
2023-06-23;GM366_ERC366;2023-06-23T00:00:00-03:00;23;6;2023;4,7793
2023-06-26;GM366_ERC366;2023-06-26T00:00:00-03:00;26;6;2023;4,7692
2023-06-27;GM366_ERC366;2023-06-27T00:00:00-03:00;27;6;2023;4,7897
2023-06-28;GM366_ERC366;2023-06-28T00:00:00-03:00;28;6;2023;4,8557
2023-06-29;GM366_ERC366;2023-06-29T00:00:00-03:00;29;6;2023;4,8578
2023-06-30;GM366_ERC366;2023-06-30T00:00:00-03:00;30;6;2023;4,8186
2023-07-03;GM366_ERC366;2023-07-03T00:00:00-03:00;3;7;2023;4,787
2023-07-04;GM366_ERC366;2023-07-04T00:00:00-03:00;4;7;2023;4,805
2023-07-05;GM366_ERC366;2023-07-05T00:00:00-03:00;5;7;2023;4,8571
2023-07-06;GM366_ERC366;2023-07-06T00:00:00-03:00;6;7;2023;4,8971
2023-07-07;GM366_ERC366;2023-07-07T00:00:00-03:00;7;7;2023;4,8793
2023-07-10;GM366_ERC366;2023-07-10T00:00:00-03:00;10;7;2023;4,8729
2023-07-11;GM366_ERC366;2023-07-11T00:00:00-03:00;11;7;2023;4,8943
2023-07-12;GM366_ERC366;2023-07-12T00:00:00-03:00;12;7;2023;4,8052
2023-07-13;GM366_ERC366;2023-07-13T00:00:00-03:00;13;7;2023;4,8032
2023-07-14;GM366_ERC366;2023-07-14T00:00:00-03:00;14;7;2023;4,7951
2023-07-17;GM366_ERC366;2023-07-17T00:00:00-03:00;17;7;2023;4,8296
2023-07-18;GM366_ERC366;2023-07-18T00:00:00-03:00;18;7;2023;4,8034
2023-07-19;GM366_ERC366;2023-07-19T00:00:00-03:00;19;7;2023;4,7994
2023-07-20;GM366_ERC366;2023-07-20T00:00:00-03:00;20;7;2023;4,7882
2023-07-21;GM366_ERC366;2023-07-21T00:00:00-03:00;21;7;2023;4,7726
2023-07-24;GM366_ERC366;2023-07-24T00:00:00-03:00;24;7;2023;4,7451
2023-07-25;GM366_ERC366;2023-07-25T00:00:00-03:00;25;7;2023;4,749
2023-07-26;GM366_ERC366;2023-07-26T00:00:00-03:00;26;7;2023;4,7362
2023-07-27;GM366_ERC366;2023-07-27T00:00:00-03:00;27;7;2023;4,7196
2023-07-28;GM366_ERC366;2023-07-28T00:00:00-03:00;28;7;2023;4,7247
2023-07-31;GM366_ERC366;2023-07-31T00:00:00-03:00;31;7;2023;4,7409
2023-08-01;GM366_ERC366;2023-08-01T00:00:00-03:00;1;8;2023;4,7746
2023-08-02;GM366_ERC366;2023-08-02T00:00:00-03:00;2;8;2023;4,8077
2023-08-03;GM366_ERC366;2023-08-03T00:00:00-03:00;3;8;2023;4,8791
2023-08-04;GM366_ERC366;2023-08-04T00:00:00-03:00;4;8;2023;4,8603
2023-08-07;GM366_ERC366;2023-08-07T00:00:00-03:00;7;8;2023;4,9004
2023-08-08;GM366_ERC366;2023-08-08T00:00:00-03:00;8;8;2023;4,9211
2023-08-09;GM366_ERC366;2023-08-09T00:00:00-03:00;9;8;2023;4,9009
2023-08-10;GM366_ERC366;2023-08-10T00:00:00-03:00;10;8;2023;4,8512
2023-08-11;GM366_ERC366;2023-08-11T00:00:00-03:00;11;8;2023;4,8912
2023-08-14;GM366_ERC366;2023-08-14T00:00:00-03:00;14;8;2023;4,9475
2023-08-15;GM366_ERC366;2023-08-15T00:00:00-03:00;15;8;2023;4,9806
2023-08-16;GM366_ERC366;2023-08-16T00:00:00-03:00;16;8;2023;4,9765
2023-08-17;GM366_ERC366;2023-08-17T00:00:00-03:00;17;8;2023;4,981
2023-08-18;GM366_ERC366;2023-08-18T00:00:00-03:00;18;8;2023;4,9718
2023-08-21;GM366_ERC366;2023-08-21T00:00:00-03:00;21;8;2023;4,9841
2023-08-22;GM366_ERC366;2023-08-22T00:00:00-03:00;22;8;2023;4,9425
2023-08-23;GM366_ERC366;2023-08-23T00:00:00-03:00;23;8;2023;4,8971
2023-08-24;GM366_ERC366;2023-08-24T00:00:00-03:00;24;8;2023;4,8742
2023-08-25;GM366_ERC366;2023-08-25T00:00:00-03:00;25;8;2023;4,8766
2023-08-28;GM366_ERC366;2023-08-28T00:00:00-03:00;28;8;2023;4,8933
2023-08-29;GM366_ERC366;2023-08-29T00:00:00-03:00;29;8;2023;4,87
2023-08-30;GM366_ERC366;2023-08-30T00:00:00-03:00;30;8;2023;4,8647
2023-08-31;GM366_ERC366;2023-08-31T00:00:00-03:00;31;8;2023;4,9213
2023-09-01;GM366_ERC366;2023-09-01T00:00:00-03:00;1;9;2023;4,9312
2023-09-04;GM366_ERC366;2023-09-04T00:00:00-03:00;4;9;2023;4,917
2023-09-05;GM366_ERC366;2023-09-05T00:00:00-03:00;5;9;2023;4,9699
2023-09-06;GM366_ERC366;2023-09-06T00:00:00-03:00;6;9;2023;4,9756
2023-09-08;GM366_ERC366;2023-09-08T00:00:00-03:00;8;9;2023;4,9829
2023-09-11;GM366_ERC366;2023-09-11T00:00:00-03:00;11;9;2023;4,936
2023-09-12;GM366_ERC366;2023-09-12T00:00:00-03:00;12;9;2023;4,9499
2023-09-13;GM366_ERC366;2023-09-13T00:00:00-03:00;13;9;2023;4,9165
2023-09-14;GM366_ERC366;2023-09-14T00:00:00-03:00;14;9;2023;4,8745
2023-09-15;GM366_ERC366;2023-09-15T00:00:00-03:00;15;9;2023;4,8683
2023-09-18;GM366_ERC366;2023-09-18T00:00:00-03:00;18;9;2023;4,8529
2023-09-19;GM366_ERC366;2023-09-19T00:00:00-03:00;19;9;2023;4,8569
2023-09-20;GM366_ERC366;2023-09-20T00:00:00-03:00;20;9;2023;4,8481
2023-09-21;GM366_ERC366;2023-09-21T00:00:00-03:00;21;9;2023;4,9223
2023-09-22;GM366_ERC366;2023-09-22T00:00:00-03:00;22;9;2023;4,9125
2023-09-25;GM366_ERC366;2023-09-25T00:00:00-03:00;25;9;2023;4,96
2023-09-26;GM366_ERC366;2023-09-26T00:00:00-03:00;26;9;2023;4,9711
2023-09-27;GM366_ERC366;2023-09-27T00:00:00-03:00;27;9;2023;5,0283
2023-09-28;GM366_ERC366;2023-09-28T00:00:00-03:00;28;9;2023;5,0469
2023-09-29;GM366_ERC366;2023-09-29T00:00:00-03:00;29;9;2023;5,007
2023-10-02;GM366_ERC366;2023-10-02T00:00:00-03:00;2;10;2023;5,0673
2023-10-03;GM366_ERC366;2023-10-03T00:00:00-03:00;3;10;2023;5,1094
2023-10-04;GM366_ERC366;2023-10-04T00:00:00-03:00;4;10;2023;5,152
2023-10-05;GM366_ERC366;2023-10-05T00:00:00-03:00;5;10;2023;5,1707
2023-10-06;GM366_ERC366;2023-10-06T00:00:00-03:00;6;10;2023;5,1912
2023-10-09;GM366_ERC366;2023-10-09T00:00:00-03:00;9;10;2023;5,166
2023-10-10;GM366_ERC366;2023-10-10T00:00:00-03:00;10;10;2023;5,0856
2023-10-11;GM366_ERC366;2023-10-11T00:00:00-03:00;11;10;2023;5,049
2023-10-13;GM366_ERC366;2023-10-13T00:00:00-03:00;13;10;2023;5,0619
2023-10-16;GM366_ERC366;2023-10-16T00:00:00-03:00;16;10;2023;5,0612
2023-10-17;GM366_ERC366;2023-10-17T00:00:00-03:00;17;10;2023;5,0378
2023-10-18;GM366_ERC366;2023-10-18T00:00:00-03:00;18;10;2023;5,0562
2023-10-19;GM366_ERC366;2023-10-19T00:00:00-03:00;19;10;2023;5,0534
2023-10-20;GM366_ERC366;2023-10-20T00:00:00-03:00;20;10;2023;5,0522
2023-10-23;GM366_ERC366;2023-10-23T00:00:00-03:00;23;10;2023;5,0158
2023-10-24;GM366_ERC366;2023-10-24T00:00:00-03:00;24;10;2023;5,0059
2023-10-25;GM366_ERC366;2023-10-25T00:00:00-03:00;25;10;2023;4,9975
2023-10-26;GM366_ERC366;2023-10-26T00:00:00-03:00;26;10;2023;5,0049
2023-10-27;GM366_ERC366;2023-10-27T00:00:00-03:00;27;10;2023;4,9474
2023-10-30;GM366_ERC366;2023-10-30T00:00:00-03:00;30;10;2023;5,0068
2023-10-31;GM366_ERC366;2023-10-31T00:00:00-03:00;31;10;2023;5,0569
2023-11-01;GM366_ERC366;2023-11-01T00:00:00-03:00;1;11;2023;5,0188
2023-11-03;GM366_ERC366;2023-11-03T00:00:00-03:00;3;11;2023;4,8904
2023-11-06;GM366_ERC366;2023-11-06T00:00:00-03:00;6;11;2023;4,8993
2023-11-07;GM366_ERC366;2023-11-07T00:00:00-03:00;7;11;2023;4,8664
2023-11-08;GM366_ERC366;2023-11-08T00:00:00-03:00;8;11;2023;4,8849
2023-11-09;GM366_ERC366;2023-11-09T00:00:00-03:00;9;11;2023;4,9001
2023-11-10;GM366_ERC366;2023-11-10T00:00:00-03:00;10;11;2023;4,9213
2023-11-13;GM366_ERC366;2023-11-13T00:00:00-03:00;13;11;2023;4,924
2023-11-14;GM366_ERC366;2023-11-14T00:00:00-03:00;14;11;2023;4,8676
2023-11-16;GM366_ERC366;2023-11-16T00:00:00-03:00;16;11;2023;4,8569
2023-11-17;GM366_ERC366;2023-11-17T00:00:00-03:00;17;11;2023;4,8843
2023-11-20;GM366_ERC366;2023-11-20T00:00:00-03:00;20;11;2023;4,8717
2023-11-21;GM366_ERC366;2023-11-21T00:00:00-03:00;21;11;2023;4,88
2023-11-22;GM366_ERC366;2023-11-22T00:00:00-03:00;22;11;2023;4,8962
2023-11-23;GM366_ERC366;2023-11-23T00:00:00-03:00;23;11;2023;4,8925
2023-11-24;GM366_ERC366;2023-11-24T00:00:00-03:00;24;11;2023;4,8921
2023-11-27;GM366_ERC366;2023-11-27T00:00:00-03:00;27;11;2023;4,8945
2023-11-28;GM366_ERC366;2023-11-28T00:00:00-03:00;28;11;2023;4,8861
2023-11-29;GM366_ERC366;2023-11-29T00:00:00-03:00;29;11;2023;4,8927
2023-11-30;GM366_ERC366;2023-11-30T00:00:00-03:00;30;11;2023;4,9349
2023-12-01;GM366_ERC366;2023-12-01T00:00:00-03:00;1;12;2023;4,9185
2023-12-04;GM366_ERC366;2023-12-04T00:00:00-03:00;4;12;2023;4,9085
2023-12-05;GM366_ERC366;2023-12-05T00:00:00-03:00;5;12;2023;4,9516
2023-12-06;GM366_ERC366;2023-12-06T00:00:00-03:00;6;12;2023;4,9025
2023-12-07;GM366_ERC366;2023-12-07T00:00:00-03:00;7;12;2023;4,8943
2023-12-08;GM366_ERC366;2023-12-08T00:00:00-03:00;8;12;2023;4,9152
2023-12-11;GM366_ERC366;2023-12-11T00:00:00-03:00;11;12;2023;4,9434
2023-12-12;GM366_ERC366;2023-12-12T00:00:00-03:00;12;12;2023;4,947
2023-12-13;GM366_ERC366;2023-12-13T00:00:00-03:00;13;12;2023;4,9573
2023-12-14;GM366_ERC366;2023-12-14T00:00:00-03:00;14;12;2023;4,8906
2023-12-15;GM366_ERC366;2023-12-15T00:00:00-03:00;15;12;2023;4,9391
2023-12-18;GM366_ERC366;2023-12-18T00:00:00-03:00;18;12;2023;4,9393
2023-12-19;GM366_ERC366;2023-12-19T00:00:00-03:00;19;12;2023;4,8657
2023-12-20;GM366_ERC366;2023-12-20T00:00:00-03:00;20;12;2023;4,876
2023-12-21;GM366_ERC366;2023-12-21T00:00:00-03:00;21;12;2023;4,8749
2023-12-22;GM366_ERC366;2023-12-22T00:00:00-03:00;22;12;2023;4,8613
2023-12-26;GM366_ERC366;2023-12-26T00:00:00-03:00;26;12;2023;4,8362
2023-12-27;GM366_ERC366;2023-12-27T00:00:00-03:00;27;12;2023;4,83
2023-12-28;GM366_ERC366;2023-12-28T00:00:00-03:00;28;12;2023;4,8407
2023-12-29;GM366_ERC366;2023-12-29T00:00:00-03:00;29;12;2023;4,8407
2024-01-02;GM366_ERC366;2024-01-02T00:00:00-03:00;2;1;2024;4,891
2024-01-03;GM366_ERC366;2024-01-03T00:00:00-03:00;3;1;2024;4,9206
2024-01-04;GM366_ERC366;2024-01-04T00:00:00-03:00;4;1;2024;4,9182
2024-01-05;GM366_ERC366;2024-01-05T00:00:00-03:00;5;1;2024;4,8893
2024-01-08;GM366_ERC366;2024-01-08T00:00:00-03:00;8;1;2024;4,8844
2024-01-09;GM366_ERC366;2024-01-09T00:00:00-03:00;9;1;2024;4,8931
2024-01-10;GM366_ERC366;2024-01-10T00:00:00-03:00;10;1;2024;4,8895
2024-01-11;GM366_ERC366;2024-01-11T00:00:00-03:00;11;1;2024;4,8788
2024-01-12;GM366_ERC366;2024-01-12T00:00:00-03:00;12;1;2024;4,8537
2024-01-15;GM366_ERC366;2024-01-15T00:00:00-03:00;15;1;2024;4,8759
2024-01-16;GM366_ERC366;2024-01-16T00:00:00-03:00;16;1;2024;4,9032
2024-01-17;GM366_ERC366;2024-01-17T00:00:00-03:00;17;1;2024;4,934
2024-01-18;GM366_ERC366;2024-01-18T00:00:00-03:00;18;1;2024;4,9397
2024-01-19;GM366_ERC366;2024-01-19T00:00:00-03:00;19;1;2024;4,9217
2024-01-22;GM366_ERC366;2024-01-22T00:00:00-03:00;22;1;2024;4,9484
2024-01-23;GM366_ERC366;2024-01-23T00:00:00-03:00;23;1;2024;4,9709
2024-01-24;GM366_ERC366;2024-01-24T00:00:00-03:00;24;1;2024;4,9186
2024-01-25;GM366_ERC366;2024-01-25T00:00:00-03:00;25;1;2024;4,9226
2024-01-26;GM366_ERC366;2024-01-26T00:00:00-03:00;26;1;2024;4,9119
2024-01-29;GM366_ERC366;2024-01-29T00:00:00-03:00;29;1;2024;4,9219
2024-01-30;GM366_ERC366;2024-01-30T00:00:00-03:00;30;1;2024;4,9632
2024-01-31;GM366_ERC366;2024-01-31T00:00:00-03:00;31;1;2024;4,9529
2024-02-01;GM366_ERC366;2024-02-01T00:00:00-03:00;1;2;2024;4,9344
2024-02-02;GM366_ERC366;2024-02-02T00:00:00-03:00;2;2;2024;4,9465
2024-02-05;GM366_ERC366;2024-02-05T00:00:00-03:00;5;2;2024;5,0047
2024-02-06;GM366_ERC366;2024-02-06T00:00:00-03:00;6;2;2024;4,9681
2024-02-07;GM366_ERC366;2024-02-07T00:00:00-03:00;7;2;2024;4,9602
2024-02-08;GM366_ERC366;2024-02-08T00:00:00-03:00;8;2;2024;4,9798
2024-02-09;GM366_ERC366;2024-02-09T00:00:00-03:00;9;2;2024;4,9711
2024-02-14;GM366_ERC366;2024-02-14T00:00:00-03:00;14;2;2024;4,9717
2024-02-15;GM366_ERC366;2024-02-15T00:00:00-03:00;15;2;2024;4,9704
2024-02-16;GM366_ERC366;2024-02-16T00:00:00-03:00;16;2;2024;4,9755
2024-02-19;GM366_ERC366;2024-02-19T00:00:00-03:00;19;2;2024;4,9579
2024-02-20;GM366_ERC366;2024-02-20T00:00:00-03:00;20;2;2024;4,9402
2024-02-21;GM366_ERC366;2024-02-21T00:00:00-03:00;21;2;2024;4,9297
2024-02-22;GM366_ERC366;2024-02-22T00:00:00-03:00;22;2;2024;4,9413
2024-02-23;GM366_ERC366;2024-02-23T00:00:00-03:00;23;2;2024;4,9845
2024-02-26;GM366_ERC366;2024-02-26T00:00:00-03:00;26;2;2024;4,9813
2024-02-27;GM366_ERC366;2024-02-27T00:00:00-03:00;27;2;2024;4,9569
2024-02-28;GM366_ERC366;2024-02-28T00:00:00-03:00;28;2;2024;4,9551
2024-02-29;GM366_ERC366;2024-02-29T00:00:00-03:00;29;2;2024;4,9827
2024-03-01;GM366_ERC366;2024-03-01T00:00:00-03:00;1;3;2024;4,959
2024-03-04;GM366_ERC366;2024-03-04T00:00:00-03:00;4;3;2024;4,9469
2024-03-05;GM366_ERC366;2024-03-05T00:00:00-03:00;5;3;2024;4,9482
2024-03-06;GM366_ERC366;2024-03-06T00:00:00-03:00;6;3;2024;4,9392
2024-03-07;GM366_ERC366;2024-03-07T00:00:00-03:00;7;3;2024;4,9358
2024-03-08;GM366_ERC366;2024-03-08T00:00:00-03:00;8;3;2024;4,9745
2024-03-11;GM366_ERC366;2024-03-11T00:00:00-03:00;11;3;2024;4,9771
2024-03-12;GM366_ERC366;2024-03-12T00:00:00-03:00;12;3;2024;4,9807
2024-03-13;GM366_ERC366;2024-03-13T00:00:00-03:00;13;3;2024;4,9797
2024-03-14;GM366_ERC366;2024-03-14T00:00:00-03:00;14;3;2024;4,9762
2024-03-15;GM366_ERC366;2024-03-15T00:00:00-03:00;15;3;2024;4,9931
2024-03-18;GM366_ERC366;2024-03-18T00:00:00-03:00;18;3;2024;5,0118
2024-03-19;GM366_ERC366;2024-03-19T00:00:00-03:00;19;3;2024;5,0346
2024-03-20;GM366_ERC366;2024-03-20T00:00:00-03:00;20;3;2024;5,0114
2024-03-21;GM366_ERC366;2024-03-21T00:00:00-03:00;21;3;2024;4,9801
2024-03-22;GM366_ERC366;2024-03-22T00:00:00-03:00;22;3;2024;4,9891
2024-03-25;GM366_ERC366;2024-03-25T00:00:00-03:00;25;3;2024;4,9863
2024-03-26;GM366_ERC366;2024-03-26T00:00:00-03:00;26;3;2024;4,9864
2024-03-27;GM366_ERC366;2024-03-27T00:00:00-03:00;27;3;2024;4,985
2024-03-28;GM366_ERC366;2024-03-28T00:00:00-03:00;28;3;2024;4,9956
2024-04-01;GM366_ERC366;2024-04-01T00:00:00-03:00;1;4;2024;5,0526
2024-04-02;GM366_ERC366;2024-04-02T00:00:00-03:00;2;4;2024;5,0469
2024-04-03;GM366_ERC366;2024-04-03T00:00:00-03:00;3;4;2024;5,0718
2024-04-04;GM366_ERC366;2024-04-04T00:00:00-03:00;4;4;2024;5,0231
2024-04-05;GM366_ERC366;2024-04-05T00:00:00-03:00;5;4;2024;5,0514
2024-04-08;GM366_ERC366;2024-04-08T00:00:00-03:00;8;4;2024;5,0415
2024-04-09;GM366_ERC366;2024-04-09T00:00:00-03:00;9;4;2024;5,0074
2024-04-10;GM366_ERC366;2024-04-10T00:00:00-03:00;10;4;2024;5,0648
2024-04-11;GM366_ERC366;2024-04-11T00:00:00-03:00;11;4;2024;5,0759
2024-04-12;GM366_ERC366;2024-04-12T00:00:00-03:00;12;4;2024;5,1358
2024-04-15;GM366_ERC366;2024-04-15T00:00:00-03:00;15;4;2024;5,174
2024-04-16;GM366_ERC366;2024-04-16T00:00:00-03:00;16;4;2024;5,2628
2024-04-17;GM366_ERC366;2024-04-17T00:00:00-03:00;17;4;2024;5,2463
2024-04-18;GM366_ERC366;2024-04-18T00:00:00-03:00;18;4;2024;5,2506
2024-04-19;GM366_ERC366;2024-04-19T00:00:00-03:00;19;4;2024;5,2263
2024-04-22;GM366_ERC366;2024-04-22T00:00:00-03:00;22;4;2024;5,2037
2024-04-23;GM366_ERC366;2024-04-23T00:00:00-03:00;23;4;2024;5,162
2024-04-24;GM366_ERC366;2024-04-24T00:00:00-03:00;24;4;2024;5,1586
2024-04-25;GM366_ERC366;2024-04-25T00:00:00-03:00;25;4;2024;5,1673
2024-04-26;GM366_ERC366;2024-04-26T00:00:00-03:00;26;4;2024;5,1178
2024-04-29;GM366_ERC366;2024-04-29T00:00:00-03:00;29;4;2024;5,1149
2024-04-30;GM366_ERC366;2024-04-30T00:00:00-03:00;30;4;2024;5,1712
2024-05-02;GM366_ERC366;2024-05-02T00:00:00-03:00;2;5;2024;5,1178
2024-05-03;GM366_ERC366;2024-05-03T00:00:00-03:00;3;5;2024;5,0662
2024-05-06;GM366_ERC366;2024-05-06T00:00:00-03:00;6;5;2024;5,0721
2024-05-07;GM366_ERC366;2024-05-07T00:00:00-03:00;7;5;2024;5,0604
2024-05-08;GM366_ERC366;2024-05-08T00:00:00-03:00;8;5;2024;5,0881
2024-05-09;GM366_ERC366;2024-05-09T00:00:00-03:00;9;5;2024;5,1571
2024-05-10;GM366_ERC366;2024-05-10T00:00:00-03:00;10;5;2024;5,1458
2024-05-13;GM366_ERC366;2024-05-13T00:00:00-03:00;13;5;2024;5,1406
2024-05-14;GM366_ERC366;2024-05-14T00:00:00-03:00;14;5;2024;5,135
2024-05-15;GM366_ERC366;2024-05-15T00:00:00-03:00;15;5;2024;5,1417
2024-05-16;GM366_ERC366;2024-05-16T00:00:00-03:00;16;5;2024;5,1264
2024-05-17;GM366_ERC366;2024-05-17T00:00:00-03:00;17;5;2024;5,1151
2024-05-20;GM366_ERC366;2024-05-20T00:00:00-03:00;20;5;2024;5,1079
2024-05-21;GM366_ERC366;2024-05-21T00:00:00-03:00;21;5;2024;5,1031
2024-05-22;GM366_ERC366;2024-05-22T00:00:00-03:00;22;5;2024;5,1496
2024-05-23;GM366_ERC366;2024-05-23T00:00:00-03:00;23;5;2024;5,1437
2024-05-24;GM366_ERC366;2024-05-24T00:00:00-03:00;24;5;2024;5,1502
2024-05-27;GM366_ERC366;2024-05-27T00:00:00-03:00;27;5;2024;5,1698
2024-05-28;GM366_ERC366;2024-05-28T00:00:00-03:00;28;5;2024;5,1532
2024-05-29;GM366_ERC366;2024-05-29T00:00:00-03:00;29;5;2024;5,1966
2024-05-31;GM366_ERC366;2024-05-31T00:00:00-03:00;31;5;2024;5,241
2024-06-03;GM366_ERC366;2024-06-03T00:00:00-03:00;3;6;2024;5,2367
2024-06-04;GM366_ERC366;2024-06-04T00:00:00-03:00;4;6;2024;5,2681
2024-06-05;GM366_ERC366;2024-06-05T00:00:00-03:00;5;6;2024;5,2835
2024-06-06;GM366_ERC366;2024-06-06T00:00:00-03:00;6;6;2024;5,2675
2024-06-07;GM366_ERC366;2024-06-07T00:00:00-03:00;7;6;2024;5,2796
2024-06-10;GM366_ERC366;2024-06-10T00:00:00-03:00;10;6;2024;5,366
2024-06-11;GM366_ERC366;2024-06-11T00:00:00-03:00;11;6;2024;5,3519
2024-06-12;GM366_ERC366;2024-06-12T00:00:00-03:00;12;6;2024;5,3885
2024-06-13;GM366_ERC366;2024-06-13T00:00:00-03:00;13;6;2024;5,3968
2024-06-14;GM366_ERC366;2024-06-14T00:00:00-03:00;14;6;2024;5,3624
2024-06-17;GM366_ERC366;2024-06-17T00:00:00-03:00;17;6;2024;5,4124
2024-06-18;GM366_ERC366;2024-06-18T00:00:00-03:00;18;6;2024;5,4068
2024-06-19;GM366_ERC366;2024-06-19T00:00:00-03:00;19;6;2024;5,4641
2024-06-20;GM366_ERC366;2024-06-20T00:00:00-03:00;20;6;2024;5,4248
2024-06-21;GM366_ERC366;2024-06-21T00:00:00-03:00;21;6;2024;5,441
2024-06-24;GM366_ERC366;2024-06-24T00:00:00-03:00;24;6;2024;5,3994
2024-06-25;GM366_ERC366;2024-06-25T00:00:00-03:00;25;6;2024;5,4283
2024-06-26;GM366_ERC366;2024-06-26T00:00:00-03:00;26;6;2024;5,5091
2024-06-27;GM366_ERC366;2024-06-27T00:00:00-03:00;27;6;2024;5,5223
2024-06-28;GM366_ERC366;2024-06-28T00:00:00-03:00;28;6;2024;5,5583
2024-07-01;GM366_ERC366;2024-07-01T00:00:00-03:00;1;7;2024;5,5887
2024-07-02;GM366_ERC366;2024-07-02T00:00:00-03:00;2;7;2024;5,6671
2024-07-03;GM366_ERC366;2024-07-03T00:00:00-03:00;3;7;2024;5,5857
2024-07-04;GM366_ERC366;2024-07-04T00:00:00-03:00;4;7;2024;5,4833
2024-07-05;GM366_ERC366;2024-07-05T00:00:00-03:00;5;7;2024;5,4964
2024-07-08;GM366_ERC366;2024-07-08T00:00:00-03:00;8;7;2024;5,4714
2024-07-09;GM366_ERC366;2024-07-09T00:00:00-03:00;9;7;2024;5,4381
2024-07-10;GM366_ERC366;2024-07-10T00:00:00-03:00;10;7;2024;5,3961
2024-07-11;GM366_ERC366;2024-07-11T00:00:00-03:00;11;7;2024;5,4094
2024-07-12;GM366_ERC366;2024-07-12T00:00:00-03:00;12;7;2024;5,4523
2024-07-15;GM366_ERC366;2024-07-15T00:00:00-03:00;15;7;2024;5,4557
2024-07-16;GM366_ERC366;2024-07-16T00:00:00-03:00;16;7;2024;5,4268
2024-07-17;GM366_ERC366;2024-07-17T00:00:00-03:00;17;7;2024;5,4664
2024-07-18;GM366_ERC366;2024-07-18T00:00:00-03:00;18;7;2024;5,542
2024-07-19;GM366_ERC366;2024-07-19T00:00:00-03:00;19;7;2024;5,5537
2024-07-22;GM366_ERC366;2024-07-22T00:00:00-03:00;22;7;2024;5,5592
2024-07-23;GM366_ERC366;2024-07-23T00:00:00-03:00;23;7;2024;5,5801
2024-07-24;GM366_ERC366;2024-07-24T00:00:00-03:00;24;7;2024;5,634
2024-07-25;GM366_ERC366;2024-07-25T00:00:00-03:00;25;7;2024;5,6396
2024-07-26;GM366_ERC366;2024-07-26T00:00:00-03:00;26;7;2024;5,6459
2024-07-29;GM366_ERC366;2024-07-29T00:00:00-03:00;29;7;2024;5,6473
2024-07-30;GM366_ERC366;2024-07-30T00:00:00-03:00;30;7;2024;5,6526
2024-07-31;GM366_ERC366;2024-07-31T00:00:00-03:00;31;7;2024;5,6615
2024-08-01;GM366_ERC366;2024-08-01T00:00:00-03:00;1;8;2024;5,6675
2024-08-02;GM366_ERC366;2024-08-02T00:00:00-03:00;2;8;2024;5,736
2024-08-05;GM366_ERC366;2024-08-05T00:00:00-03:00;5;8;2024;5,764
2024-08-06;GM366_ERC366;2024-08-06T00:00:00-03:00;6;8;2024;5,6522
2024-08-07;GM366_ERC366;2024-08-07T00:00:00-03:00;7;8;2024;5,6087
2024-08-08;GM366_ERC366;2024-08-08T00:00:00-03:00;8;8;2024;5,6166
2024-08-09;GM366_ERC366;2024-08-09T00:00:00-03:00;9;8;2024;5,5109
2024-08-12;GM366_ERC366;2024-08-12T00:00:00-03:00;12;8;2024;5,4905
2024-08-13;GM366_ERC366;2024-08-13T00:00:00-03:00;13;8;2024;5,4869
2024-08-14;GM366_ERC366;2024-08-14T00:00:00-03:00;14;8;2024;5,4496
2024-08-15;GM366_ERC366;2024-08-15T00:00:00-03:00;15;8;2024;5,4645
2024-08-16;GM366_ERC366;2024-08-16T00:00:00-03:00;16;8;2024;5,4626
2024-08-19;GM366_ERC366;2024-08-19T00:00:00-03:00;19;8;2024;5,4231
2024-08-20;GM366_ERC366;2024-08-20T00:00:00-03:00;20;8;2024;5,4541
2024-08-21;GM366_ERC366;2024-08-21T00:00:00-03:00;21;8;2024;5,4701
2024-08-22;GM366_ERC366;2024-08-22T00:00:00-03:00;22;8;2024;5,5518
2024-08-23;GM366_ERC366;2024-08-23T00:00:00-03:00;23;8;2024;5,5257
2024-08-26;GM366_ERC366;2024-08-26T00:00:00-03:00;26;8;2024;5,4915
2024-08-27;GM366_ERC366;2024-08-27T00:00:00-03:00;27;8;2024;5,4963
2024-08-28;GM366_ERC366;2024-08-28T00:00:00-03:00;28;8;2024;5,5309
2024-08-29;GM366_ERC366;2024-08-29T00:00:00-03:00;29;8;2024;5,6352
2024-08-30;GM366_ERC366;2024-08-30T00:00:00-03:00;30;8;2024;5,6556
2024-09-02;GM366_ERC366;2024-09-02T00:00:00-03:00;2;9;2024;5,6224
2024-09-03;GM366_ERC366;2024-09-03T00:00:00-03:00;3;9;2024;5,6218
2024-09-04;GM366_ERC366;2024-09-04T00:00:00-03:00;4;9;2024;5,6353
2024-09-05;GM366_ERC366;2024-09-05T00:00:00-03:00;5;9;2024;5,6043
2024-09-06;GM366_ERC366;2024-09-06T00:00:00-03:00;6;9;2024;5,5696
2024-09-09;GM366_ERC366;2024-09-09T00:00:00-03:00;9;9;2024;5,6091
2024-09-10;GM366_ERC366;2024-09-10T00:00:00-03:00;10;9;2024;5,6248
2024-09-11;GM366_ERC366;2024-09-11T00:00:00-03:00;11;9;2024;5,6381
2024-09-12;GM366_ERC366;2024-09-12T00:00:00-03:00;12;9;2024;5,6548
2024-09-13;GM366_ERC366;2024-09-13T00:00:00-03:00;13;9;2024;5,5711
2024-09-16;GM366_ERC366;2024-09-16T00:00:00-03:00;16;9;2024;5,5201
2024-09-17;GM366_ERC366;2024-09-17T00:00:00-03:00;17;9;2024;5,5004
2024-09-18;GM366_ERC366;2024-09-18T00:00:00-03:00;18;9;2024;5,4761
2024-09-19;GM366_ERC366;2024-09-19T00:00:00-03:00;19;9;2024;5,4183
2024-09-20;GM366_ERC366;2024-09-20T00:00:00-03:00;20;9;2024;5,4769
2024-09-23;GM366_ERC366;2024-09-23T00:00:00-03:00;23;9;2024;5,544
2024-09-24;GM366_ERC366;2024-09-24T00:00:00-03:00;24;9;2024;5,4696
2024-09-25;GM366_ERC366;2024-09-25T00:00:00-03:00;25;9;2024;5,473
2024-09-26;GM366_ERC366;2024-09-26T00:00:00-03:00;26;9;2024;5,4406
2024-09-27;GM366_ERC366;2024-09-27T00:00:00-03:00;27;9;2024;5,4425
2024-09-30;GM366_ERC366;2024-09-30T00:00:00-03:00;30;9;2024;5,4475
2024-10-01;GM366_ERC366;2024-10-01T00:00:00-03:00;1;10;2024;5,4515
2024-10-02;GM366_ERC366;2024-10-02T00:00:00-03:00;2;10;2024;5,4299
2024-10-03;GM366_ERC366;2024-10-03T00:00:00-03:00;3;10;2024;5,4844
2024-10-04;GM366_ERC366;2024-10-04T00:00:00-03:00;4;10;2024;5,468
2024-10-07;GM366_ERC366;2024-10-07T00:00:00-03:00;7;10;2024;5,462
2024-10-08;GM366_ERC366;2024-10-08T00:00:00-03:00;8;10;2024;5,5191
2024-10-09;GM366_ERC366;2024-10-09T00:00:00-03:00;9;10;2024;5,5731
2024-10-10;GM366_ERC366;2024-10-10T00:00:00-03:00;10;10;2024;5,5813
2024-10-11;GM366_ERC366;2024-10-11T00:00:00-03:00;11;10;2024;5,6257
2024-10-14;GM366_ERC366;2024-10-14T00:00:00-03:00;14;10;2024;5,6039
2024-10-15;GM366_ERC366;2024-10-15T00:00:00-03:00;15;10;2024;5,6372
2024-10-16;GM366_ERC366;2024-10-16T00:00:00-03:00;16;10;2024;5,6743
2024-10-17;GM366_ERC366;2024-10-17T00:00:00-03:00;17;10;2024;5,6752
2024-10-18;GM366_ERC366;2024-10-18T00:00:00-03:00;18;10;2024;5,6666
2024-10-21;GM366_ERC366;2024-10-21T00:00:00-03:00;21;10;2024;5,7062
2024-10-22;GM366_ERC366;2024-10-22T00:00:00-03:00;22;10;2024;5,6952
2024-10-23;GM366_ERC366;2024-10-23T00:00:00-03:00;23;10;2024;5,7143
2024-10-24;GM366_ERC366;2024-10-24T00:00:00-03:00;24;10;2024;5,7081
2024-10-25;GM366_ERC366;2024-10-25T00:00:00-03:00;25;10;2024;5,6963
2024-10-28;GM366_ERC366;2024-10-28T00:00:00-03:00;28;10;2024;5,6982
2024-10-29;GM366_ERC366;2024-10-29T00:00:00-03:00;29;10;2024;5,7134
2024-10-30;GM366_ERC366;2024-10-30T00:00:00-03:00;30;10;2024;5,7795
2024-10-31;GM366_ERC366;2024-10-31T00:00:00-03:00;31;10;2024;5,7773
2024-11-01;GM366_ERC366;2024-11-01T00:00:00-03:00;1;11;2024;5,8067
2024-11-04;GM366_ERC366;2024-11-04T00:00:00-03:00;4;11;2024;5,7892
2024-11-05;GM366_ERC366;2024-11-05T00:00:00-03:00;5;11;2024;5,784
2024-11-06;GM366_ERC366;2024-11-06T00:00:00-03:00;6;11;2024;5,7642
2024-11-07;GM366_ERC366;2024-11-07T00:00:00-03:00;7;11;2024;5,6618
2024-11-08;GM366_ERC366;2024-11-08T00:00:00-03:00;8;11;2024;5,7642
2024-11-11;GM366_ERC366;2024-11-11T00:00:00-03:00;11;11;2024;5,7974
2024-11-12;GM366_ERC366;2024-11-12T00:00:00-03:00;12;11;2024;5,7688
2024-11-13;GM366_ERC366;2024-11-13T00:00:00-03:00;13;11;2024;5,7707
2024-11-14;GM366_ERC366;2024-11-14T00:00:00-03:00;14;11;2024;5,7879
2024-11-18;GM366_ERC366;2024-11-18T00:00:00-03:00;18;11;2024;5,7597
2024-11-19;GM366_ERC366;2024-11-19T00:00:00-03:00;19;11;2024;5,7737
2024-11-21;GM366_ERC366;2024-11-21T00:00:00-03:00;21;11;2024;5,8167
2024-11-22;GM366_ERC366;2024-11-22T00:00:00-03:00;22;11;2024;5,8118
2024-11-25;GM366_ERC366;2024-11-25T00:00:00-03:00;25;11;2024;5,7996
2024-11-26;GM366_ERC366;2024-11-26T00:00:00-03:00;26;11;2024;5,7984
2024-11-27;GM366_ERC366;2024-11-27T00:00:00-03:00;27;11;2024;5,8285
2024-11-28;GM366_ERC366;2024-11-28T00:00:00-03:00;28;11;2024;5,9865
2024-11-29;GM366_ERC366;2024-11-29T00:00:00-03:00;29;11;2024;6,0529
2024-12-02;GM366_ERC366;2024-12-02T00:00:00-03:00;2;12;2024;6,0628
2024-12-03;GM366_ERC366;2024-12-03T00:00:00-03:00;3;12;2024;6,0701
2024-12-04;GM366_ERC366;2024-12-04T00:00:00-03:00;4;12;2024;6,0575
2024-12-05;GM366_ERC366;2024-12-05T00:00:00-03:00;5;12;2024;5,9843
2024-12-06;GM366_ERC366;2024-12-06T00:00:00-03:00;6;12;2024;6,0287
2024-12-09;GM366_ERC366;2024-12-09T00:00:00-03:00;9;12;2024;6,0564
2024-12-10;GM366_ERC366;2024-12-10T00:00:00-03:00;10;12;2024;6,0523
2024-12-11;GM366_ERC366;2024-12-11T00:00:00-03:00;11;12;2024;6,0314
2024-12-12;GM366_ERC366;2024-12-12T00:00:00-03:00;12;12;2024;5,9402
2024-12-13;GM366_ERC366;2024-12-13T00:00:00-03:00;13;12;2024;6,0394
2024-12-16;GM366_ERC366;2024-12-16T00:00:00-03:00;16;12;2024;6,0504
2024-12-17;GM366_ERC366;2024-12-17T00:00:00-03:00;17;12;2024;6,1679
2024-12-18;GM366_ERC366;2024-12-18T00:00:00-03:00;18;12;2024;6,1618
2024-12-19;GM366_ERC366;2024-12-19T00:00:00-03:00;19;12;2024;6,1835
2024-12-20;GM366_ERC366;2024-12-20T00:00:00-03:00;20;12;2024;6,0774
2024-12-23;GM366_ERC366;2024-12-23T00:00:00-03:00;23;12;2024;6,1606
2024-12-24;GM366_ERC366;2024-12-24T00:00:00-03:00;24;12;2024;6,1527
2024-12-26;GM366_ERC366;2024-12-26T00:00:00-03:00;26;12;2024;6,165
2024-12-27;GM366_ERC366;2024-12-27T00:00:00-03:00;27;12;2024;6,1985
2024-12-30;GM366_ERC366;2024-12-30T00:00:00-03:00;30;12;2024;6,1917
2024-12-31;GM366_ERC366;2024-12-31T00:00:00-03:00;31;12;2024;6,1917
2025-01-02;GM366_ERC366;2025-01-02T00:00:00-03:00;2;1;2025;6,208
2025-01-03;GM366_ERC366;2025-01-03T00:00:00-03:00;3;1;2025;6,1557
2025-01-06;GM366_ERC366;2025-01-06T00:00:00-03:00;6;1;2025;6,1113
2025-01-07;GM366_ERC366;2025-01-07T00:00:00-03:00;7;1;2025;6,0735
2025-01-08;GM366_ERC366;2025-01-08T00:00:00-03:00;8;1;2025;6,1315
2025-01-09;GM366_ERC366;2025-01-09T00:00:00-03:00;9;1;2025;6,089
2025-01-10;GM366_ERC366;2025-01-10T00:00:00-03:00;10;1;2025;6,0959
2025-01-13;GM366_ERC366;2025-01-13T00:00:00-03:00;13;1;2025;6,1073
2025-01-14;GM366_ERC366;2025-01-14T00:00:00-03:00;14;1;2025;6,0665
2025-01-15;GM366_ERC366;2025-01-15T00:00:00-03:00;15;1;2025;6,0371
2025-01-16;GM366_ERC366;2025-01-16T00:00:00-03:00;16;1;2025;6,0316
2025-01-17;GM366_ERC366;2025-01-17T00:00:00-03:00;17;1;2025;6,0603
2025-01-20;GM366_ERC366;2025-01-20T00:00:00-03:00;20;1;2025;6,0492
2025-01-21;GM366_ERC366;2025-01-21T00:00:00-03:00;21;1;2025;6,0434
2025-01-22;GM366_ERC366;2025-01-22T00:00:00-03:00;22;1;2025;5,9668
2025-01-23;GM366_ERC366;2025-01-23T00:00:00-03:00;23;1;2025;5,9393
2025-01-24;GM366_ERC366;2025-01-24T00:00:00-03:00;24;1;2025;5,8919
2025-01-27;GM366_ERC366;2025-01-27T00:00:00-03:00;27;1;2025;5,9266
2025-01-28;GM366_ERC366;2025-01-28T00:00:00-03:00;28;1;2025;5,8924
2025-01-29;GM366_ERC366;2025-01-29T00:00:00-03:00;29;1;2025;5,859
2025-01-30;GM366_ERC366;2025-01-30T00:00:00-03:00;30;1;2025;5,9
2025-01-31;GM366_ERC366;2025-01-31T00:00:00-03:00;31;1;2025;5,8295
2025-02-03;GM366_ERC366;2025-02-03T00:00:00-03:00;3;2;2025;5,8681
2025-02-04;GM366_ERC366;2025-02-04T00:00:00-03:00;4;2;2025;5,7921
2025-02-05;GM366_ERC366;2025-02-05T00:00:00-03:00;5;2;2025;5,7991
2025-02-06;GM366_ERC366;2025-02-06T00:00:00-03:00;6;2;2025;5,785
2025-02-07;GM366_ERC366;2025-02-07T00:00:00-03:00;7;2;2025;5,7551
2025-02-10;GM366_ERC366;2025-02-10T00:00:00-03:00;10;2;2025;5,7802
2025-02-11;GM366_ERC366;2025-02-11T00:00:00-03:00;11;2;2025;5,7782
2025-02-12;GM366_ERC366;2025-02-12T00:00:00-03:00;12;2;2025;5,7705
2025-02-13;GM366_ERC366;2025-02-13T00:00:00-03:00;13;2;2025;5,7782
2025-02-14;GM366_ERC366;2025-02-14T00:00:00-03:00;14;2;2025;5,7277
2025-02-17;GM366_ERC366;2025-02-17T00:00:00-03:00;17;2;2025;5,7099
2025-02-18;GM366_ERC366;2025-02-18T00:00:00-03:00;18;2;2025;5,6973
2025-02-19;GM366_ERC366;2025-02-19T00:00:00-03:00;19;2;2025;5,7081
2025-02-20;GM366_ERC366;2025-02-20T00:00:00-03:00;20;2;2025;5,7013
2025-02-21;GM366_ERC366;2025-02-21T00:00:00-03:00;21;2;2025;5,7021
2025-02-24;GM366_ERC366;2025-02-24T00:00:00-03:00;24;2;2025;5,7252
2025-02-25;GM366_ERC366;2025-02-25T00:00:00-03:00;25;2;2025;5,7773
2025-02-26;GM366_ERC366;2025-02-26T00:00:00-03:00;26;2;2025;5,7751
2025-02-27;GM366_ERC366;2025-02-27T00:00:00-03:00;27;2;2025;5,8222
2025-02-28;GM366_ERC366;2025-02-28T00:00:00-03:00;28;2;2025;5,8482
2025-03-05;GM366_ERC366;2025-03-05T00:00:00-03:00;5;3;2025;5,7908
2025-03-06;GM366_ERC366;2025-03-06T00:00:00-03:00;6;3;2025;5,7483
2025-03-07;GM366_ERC366;2025-03-07T00:00:00-03:00;7;3;2025;5,7682
2025-03-10;GM366_ERC366;2025-03-10T00:00:00-03:00;10;3;2025;5,7924
2025-03-11;GM366_ERC366;2025-03-11T00:00:00-03:00;11;3;2025;5,8341
2025-03-12;GM366_ERC366;2025-03-12T00:00:00-03:00;12;3;2025;5,8262
2025-03-13;GM366_ERC366;2025-03-13T00:00:00-03:00;13;3;2025;5,8125
2025-03-14;GM366_ERC366;2025-03-14T00:00:00-03:00;14;3;2025;5,7413
2025-03-17;GM366_ERC366;2025-03-17T00:00:00-03:00;17;3;2025;5,7076
2025-03-18;GM366_ERC366;2025-03-18T00:00:00-03:00;18;3;2025;5,6846
2025-03-19;GM366_ERC366;2025-03-19T00:00:00-03:00;19;3;2025;5,6651
2025-03-20;GM366_ERC366;2025-03-20T00:00:00-03:00;20;3;2025;5,6622
2025-03-21;GM366_ERC366;2025-03-21T00:00:00-03:00;21;3;2025;5,7235
2025-03-24;GM366_ERC366;2025-03-24T00:00:00-03:00;24;3;2025;5,7397
2025-03-25;GM366_ERC366;2025-03-25T00:00:00-03:00;25;3;2025;5,6986
2025-03-26;GM366_ERC366;2025-03-26T00:00:00-03:00;26;3;2025;5,7292
2025-03-27;GM366_ERC366;2025-03-27T00:00:00-03:00;27;3;2025;5,7468
2025-03-28;GM366_ERC366;2025-03-28T00:00:00-03:00;28;3;2025;5,7654
2025-03-31;GM366_ERC366;2025-03-31T00:00:00-03:00;31;3;2025;5,7416
2025-04-01;GM366_ERC366;2025-04-01T00:00:00-03:00;1;4;2025;5,7045
2025-04-02;GM366_ERC366;2025-04-02T00:00:00-03:00;2;4;2025;5,6918
2025-04-03;GM366_ERC366;2025-04-03T00:00:00-03:00;3;4;2025;5,6062
2025-04-04;GM366_ERC366;2025-04-04T00:00:00-03:00;4;4;2025;5,7771
2025-04-07;GM366_ERC366;2025-04-07T00:00:00-03:00;7;4;2025;5,8871
2025-04-08;GM366_ERC366;2025-04-08T00:00:00-03:00;8;4;2025;5,9362
2025-04-09;GM366_ERC366;2025-04-09T00:00:00-03:00;9;4;2025;6,0599
2025-04-10;GM366_ERC366;2025-04-10T00:00:00-03:00;10;4;2025;5,9109
2025-04-11;GM366_ERC366;2025-04-11T00:00:00-03:00;11;4;2025;5,8731
2025-04-14;GM366_ERC366;2025-04-14T00:00:00-03:00;14;4;2025;5,8419
2025-04-15;GM366_ERC366;2025-04-15T00:00:00-03:00;15;4;2025;5,8701
2025-04-16;GM366_ERC366;2025-04-16T00:00:00-03:00;16;4;2025;5,8802
2025-04-17;GM366_ERC366;2025-04-17T00:00:00-03:00;17;4;2025;5,8553
2025-04-22;GM366_ERC366;2025-04-22T00:00:00-03:00;22;4;2025;5,749
2025-04-23;GM366_ERC366;2025-04-23T00:00:00-03:00;23;4;2025;5,6874
2025-04-24;GM366_ERC366;2025-04-24T00:00:00-03:00;24;4;2025;5,6732
2025-04-25;GM366_ERC366;2025-04-25T00:00:00-03:00;25;4;2025;5,684
2025-04-28;GM366_ERC366;2025-04-28T00:00:00-03:00;28;4;2025;5,6675
2025-04-29;GM366_ERC366;2025-04-29T00:00:00-03:00;29;4;2025;5,6461
2025-04-30;GM366_ERC366;2025-04-30T00:00:00-03:00;30;4;2025;5,6602
2025-05-02;GM366_ERC366;2025-05-02T00:00:00-03:00;2;5;2025;5,6388
2025-05-05;GM366_ERC366;2025-05-05T00:00:00-03:00;5;5;2025;5,6514
2025-05-06;GM366_ERC366;2025-05-06T00:00:00-03:00;6;5;2025;5,7204
2025-05-07;GM366_ERC366;2025-05-07T00:00:00-03:00;7;5;2025;5,7368
2025-05-08;GM366_ERC366;2025-05-08T00:00:00-03:00;8;5;2025;5,6854
2025-05-09;GM366_ERC366;2025-05-09T00:00:00-03:00;9;5;2025;5,6505
2025-05-12;GM366_ERC366;2025-05-12T00:00:00-03:00;12;5;2025;5,6816
2025-05-13;GM366_ERC366;2025-05-13T00:00:00-03:00;13;5;2025;5,6256
2025-05-14;GM366_ERC366;2025-05-14T00:00:00-03:00;14;5;2025;5,6094
2025-05-15;GM366_ERC366;2025-05-15T00:00:00-03:00;15;5;2025;5,6322
2025-05-16;GM366_ERC366;2025-05-16T00:00:00-03:00;16;5;2025;5,6919
2025-05-19;GM366_ERC366;2025-05-19T00:00:00-03:00;19;5;2025;5,6585
2025-05-20;GM366_ERC366;2025-05-20T00:00:00-03:00;20;5;2025;5,6614
2025-05-21;GM366_ERC366;2025-05-21T00:00:00-03:00;21;5;2025;5,6565
2025-05-22;GM366_ERC366;2025-05-22T00:00:00-03:00;22;5;2025;5,6384
2025-05-23;GM366_ERC366;2025-05-23T00:00:00-03:00;23;5;2025;5,6926
2025-05-26;GM366_ERC366;2025-05-26T00:00:00-03:00;26;5;2025;5,6613
2025-05-27;GM366_ERC366;2025-05-27T00:00:00-03:00;27;5;2025;5,6533
2025-05-28;GM366_ERC366;2025-05-28T00:00:00-03:00;28;5;2025;5,693
2025-05-29;GM366_ERC366;2025-05-29T00:00:00-03:00;29;5;2025;5,6553
2025-05-30;GM366_ERC366;2025-05-30T00:00:00-03:00;30;5;2025;5,7081
2025-06-02;GM366_ERC366;2025-06-02T00:00:00-03:00;2;6;2025;5,6931
2025-06-03;GM366_ERC366;2025-06-03T00:00:00-03:00;3;6;2025;5,6688
2025-06-04;GM366_ERC366;2025-06-04T00:00:00-03:00;4;6;2025;5,6326
2025-06-05;GM366_ERC366;2025-06-05T00:00:00-03:00;5;6;2025;5,5963
2025-06-06;GM366_ERC366;2025-06-06T00:00:00-03:00;6;6;2025;5,5941
2025-06-09;GM366_ERC366;2025-06-09T00:00:00-03:00;9;6;2025;5,5754
2025-06-10;GM366_ERC366;2025-06-10T00:00:00-03:00;10;6;2025;5,5551
2025-06-11;GM366_ERC366;2025-06-11T00:00:00-03:00;11;6;2025;5,5384
2025-06-12;GM366_ERC366;2025-06-12T00:00:00-03:00;12;6;2025;5,5382
2025-06-13;GM366_ERC366;2025-06-13T00:00:00-03:00;13;6;2025;5,5646
2025-06-16;GM366_ERC366;2025-06-16T00:00:00-03:00;16;6;2025;5,5117
2025-06-17;GM366_ERC366;2025-06-17T00:00:00-03:00;17;6;2025;5,4767
2025-06-18;GM366_ERC366;2025-06-18T00:00:00-03:00;18;6;2025;5,4873
2025-06-20;GM366_ERC366;2025-06-20T00:00:00-03:00;20;6;2025;5,4951
2025-06-23;GM366_ERC366;2025-06-23T00:00:00-03:00;23;6;2025;5,5207
2025-06-24;GM366_ERC366;2025-06-24T00:00:00-03:00;24;6;2025;5,4932
2025-06-25;GM366_ERC366;2025-06-25T00:00:00-03:00;25;6;2025;5,5421
2025-06-26;GM366_ERC366;2025-06-26T00:00:00-03:00;26;6;2025;5,5139
2025-06-27;GM366_ERC366;2025-06-27T00:00:00-03:00;27;6;2025;5,4753
2025-06-30;GM366_ERC366;2025-06-30T00:00:00-03:00;30;6;2025;5,4565
2025-07-01;GM366_ERC366;2025-07-01T00:00:00-03:00;1;7;2025;5,4505
2025-07-02;GM366_ERC366;2025-07-02T00:00:00-03:00;2;7;2025;5,4506
2025-07-03;GM366_ERC366;2025-07-03T00:00:00-03:00;3;7;2025;5,4202
2025-07-04;GM366_ERC366;2025-07-04T00:00:00-03:00;4;7;2025;5,4084
2025-07-07;GM366_ERC366;2025-07-07T00:00:00-03:00;7;7;2025;5,4546
2025-07-08;GM366_ERC366;2025-07-08T00:00:00-03:00;8;7;2025;5,4565
2025-07-09;GM366_ERC366;2025-07-09T00:00:00-03:00;9;7;2025;5,462
2025-07-10;GM366_ERC366;2025-07-10T00:00:00-03:00;10;7;2025;5,5427
2025-07-11;GM366_ERC366;2025-07-11T00:00:00-03:00;11;7;2025;5,5716
2025-07-14;GM366_ERC366;2025-07-14T00:00:00-03:00;14;7;2025;5,5589
2025-07-15;GM366_ERC366;2025-07-15T00:00:00-03:00;15;7;2025;5,5569
2025-07-16;GM366_ERC366;2025-07-16T00:00:00-03:00;16;7;2025;5,5716
2025-07-17;GM366_ERC366;2025-07-17T00:00:00-03:00;17;7;2025;5,5731
2025-07-18;GM366_ERC366;2025-07-18T00:00:00-03:00;18;7;2025;5,546
2025-07-21;GM366_ERC366;2025-07-21T00:00:00-03:00;21;7;2025;5,5619
2025-07-22;GM366_ERC366;2025-07-22T00:00:00-03:00;22;7;2025;5,5703
2025-07-23;GM366_ERC366;2025-07-23T00:00:00-03:00;23;7;2025;5,5531
2025-07-24;GM366_ERC366;2025-07-24T00:00:00-03:00;24;7;2025;5,5233
2025-07-25;GM366_ERC366;2025-07-25T00:00:00-03:00;25;7;2025;5,542
2025-07-28;GM366_ERC366;2025-07-28T00:00:00-03:00;28;7;2025;5,5871
2025-07-29;GM366_ERC366;2025-07-29T00:00:00-03:00;29;7;2025;5,5758
2025-07-30;GM366_ERC366;2025-07-30T00:00:00-03:00;30;7;2025;5,6028
2025-07-31;GM366_ERC366;2025-07-31T00:00:00-03:00;31;7;2025;5,6015
2025-08-01;GM366_ERC366;2025-08-01T00:00:00-03:00;1;8;2025;5,543
2025-08-04;GM366_ERC366;2025-08-04T00:00:00-03:00;4;8;2025;5,5107
2025-08-05;GM366_ERC366;2025-08-05T00:00:00-03:00;5;8;2025;5,5113
2025-08-06;GM366_ERC366;2025-08-06T00:00:00-03:00;6;8;2025;5,4796
2025-08-07;GM366_ERC366;2025-08-07T00:00:00-03:00;7;8;2025;5,4632
2025-08-08;GM366_ERC366;2025-08-08T00:00:00-03:00;8;8;2025;5,4248
2025-08-11;GM366_ERC366;2025-08-11T00:00:00-03:00;11;8;2025;5,4467
2025-08-12;GM366_ERC366;2025-08-12T00:00:00-03:00;12;8;2025;5,4046
2025-08-13;GM366_ERC366;2025-08-13T00:00:00-03:00;13;8;2025;5,3922
2025-08-14;GM366_ERC366;2025-08-14T00:00:00-03:00;14;8;2025;5,4089
2025-08-15;GM366_ERC366;2025-08-15T00:00:00-03:00;15;8;2025;5,3922
2025-08-18;GM366_ERC366;2025-08-18T00:00:00-03:00;18;8;2025;5,4149
2025-08-19;GM366_ERC366;2025-08-19T00:00:00-03:00;19;8;2025;5,471
2025-08-20;GM366_ERC366;2025-08-20T00:00:00-03:00;20;8;2025;5,472
2025-08-21;GM366_ERC366;2025-08-21T00:00:00-03:00;21;8;2025;5,4822
2025-08-22;GM366_ERC366;2025-08-22T00:00:00-03:00;22;8;2025;5,4386
2025-08-25;GM366_ERC366;2025-08-25T00:00:00-03:00;25;8;2025;5,4168
2025-08-26;GM366_ERC366;2025-08-26T00:00:00-03:00;26;8;2025;5,4212
2025-08-27;GM366_ERC366;2025-08-27T00:00:00-03:00;27;8;2025;5,4422
2025-08-28;GM366_ERC366;2025-08-28T00:00:00-03:00;28;8;2025;5,4109
2025-08-29;GM366_ERC366;2025-08-29T00:00:00-03:00;29;8;2025;5,4258
2025-09-01;GM366_ERC366;2025-09-01T00:00:00-03:00;1;9;2025;5,4372
2025-09-02;GM366_ERC366;2025-09-02T00:00:00-03:00;2;9;2025;5,4674
2025-09-03;GM366_ERC366;2025-09-03T00:00:00-03:00;3;9;2025;5,4479
2025-09-04;GM366_ERC366;2025-09-04T00:00:00-03:00;4;9;2025;5,4581
2025-09-05;GM366_ERC366;2025-09-05T00:00:00-03:00;5;9;2025;5,3962
2025-09-08;GM366_ERC366;2025-09-08T00:00:00-03:00;8;9;2025;5,4272
2025-09-09;GM366_ERC366;2025-09-09T00:00:00-03:00;9;9;2025;5,4272
2025-09-10;GM366_ERC366;2025-09-10T00:00:00-03:00;10;9;2025;5,4117
2025-09-11;GM366_ERC366;2025-09-11T00:00:00-03:00;11;9;2025;5,3852
2025-09-12;GM366_ERC366;2025-09-12T00:00:00-03:00;12;9;2025;5,3671
2025-09-15;GM366_ERC366;2025-09-15T00:00:00-03:00;15;9;2025;5,3202
2025-09-16;GM366_ERC366;2025-09-16T00:00:00-03:00;16;9;2025;5,309
2025-09-17;GM366_ERC366;2025-09-17T00:00:00-03:00;17;9;2025;5,3005
2025-09-18;GM366_ERC366;2025-09-18T00:00:00-03:00;18;9;2025;5,3004
2025-09-19;GM366_ERC366;2025-09-19T00:00:00-03:00;19;9;2025;5,327
2025-09-22;GM366_ERC366;2025-09-22T00:00:00-03:00;22;9;2025;5,3451
2025-09-23;GM366_ERC366;2025-09-23T00:00:00-03:00;23;9;2025;5,3057
2025-09-24;GM366_ERC366;2025-09-24T00:00:00-03:00;24;9;2025;5,3106
2025-09-25;GM366_ERC366;2025-09-25T00:00:00-03:00;25;9;2025;5,3419
2025-09-26;GM366_ERC366;2025-09-26T00:00:00-03:00;26;9;2025;5,3439
2025-09-29;GM366_ERC366;2025-09-29T00:00:00-03:00;29;9;2025;5,3223
2025-09-30;GM366_ERC366;2025-09-30T00:00:00-03:00;30;9;2025;5,318
2025-10-01;GM366_ERC366;2025-10-01T00:00:00-03:00;1;10;2025;5,3202
2025-10-02;GM366_ERC366;2025-10-02T00:00:00-03:00;2;10;2025;5,3443
2025-10-03;GM366_ERC366;2025-10-03T00:00:00-03:00;3;10;2025;5,3492
2025-10-06;GM366_ERC366;2025-10-06T00:00:00-03:00;6;10;2025;5,322
2025-10-07;GM366_ERC366;2025-10-07T00:00:00-03:00;7;10;2025;5,3357
2025-10-08;GM366_ERC366;2025-10-08T00:00:00-03:00;8;10;2025;5,3421
2025-10-09;GM366_ERC366;2025-10-09T00:00:00-03:00;9;10;2025;5,3532
2025-10-10;GM366_ERC366;2025-10-10T00:00:00-03:00;10;10;2025;5,444
2025-10-13;GM366_ERC366;2025-10-13T00:00:00-03:00;13;10;2025;5,4623
2025-10-14;GM366_ERC366;2025-10-14T00:00:00-03:00;14;10;2025;5,4976
2025-10-15;GM366_ERC366;2025-10-15T00:00:00-03:00;15;10;2025;5,4458
2025-10-16;GM366_ERC366;2025-10-16T00:00:00-03:00;16;10;2025;5,4348
2025-10-17;GM366_ERC366;2025-10-17T00:00:00-03:00;17;10;2025;5,4384
2025-10-20;GM366_ERC366;2025-10-20T00:00:00-03:00;20;10;2025;5,3765
2025-10-21;GM366_ERC366;2025-10-21T00:00:00-03:00;21;10;2025;5,3842
2025-10-22;GM366_ERC366;2025-10-22T00:00:00-03:00;22;10;2025;5,3892
2025-10-23;GM366_ERC366;2025-10-23T00:00:00-03:00;23;10;2025;5,3834
2025-10-24;GM366_ERC366;2025-10-24T00:00:00-03:00;24;10;2025;5,3791
2025-10-27;GM366_ERC366;2025-10-27T00:00:00-03:00;27;10;2025;5,3738
2025-10-28;GM366_ERC366;2025-10-28T00:00:00-03:00;28;10;2025;5,3684
2025-10-29;GM366_ERC366;2025-10-29T00:00:00-03:00;29;10;2025;5,341
2025-10-30;GM366_ERC366;2025-10-30T00:00:00-03:00;30;10;2025;5,3844
2025-10-31;GM366_ERC366;2025-10-31T00:00:00-03:00;31;10;2025;5,3837
2025-11-03;GM366_ERC366;2025-11-03T00:00:00-03:00;3;11;2025;5,3499
2025-11-04;GM366_ERC366;2025-11-04T00:00:00-03:00;4;11;2025;5,384
2025-11-05;GM366_ERC366;2025-11-05T00:00:00-03:00;5;11;2025;5,3792
2025-11-06;GM366_ERC366;2025-11-06T00:00:00-03:00;6;11;2025;5,3445
2025-11-07;GM366_ERC366;2025-11-07T00:00:00-03:00;7;11;2025;5,3561
2025-11-10;GM366_ERC366;2025-11-10T00:00:00-03:00;10;11;2025;5,3175
2025-11-11;GM366_ERC366;2025-11-11T00:00:00-03:00;11;11;2025;5,2723
2025-11-12;GM366_ERC366;2025-11-12T00:00:00-03:00;12;11;2025;5,2879
2025-11-13;GM366_ERC366;2025-11-13T00:00:00-03:00;13;11;2025;5,2814
2025-11-14;GM366_ERC366;2025-11-14T00:00:00-03:00;14;11;2025;5,2946
2025-11-17;GM366_ERC366;2025-11-17T00:00:00-03:00;17;11;2025;5,3102
2025-11-18;GM366_ERC366;2025-11-18T00:00:00-03:00;18;11;2025;5,3355
2025-11-19;GM366_ERC366;2025-11-19T00:00:00-03:00;19;11;2025;5,334
2025-11-21;GM366_ERC366;2025-11-21T00:00:00-03:00;21;11;2025;5,3896
