id;ano;mes;semana_operativa;data_inicio;data_fim;ena_bruta_mw_se;ena_bruta_mw_s;ena_bruta_mw_ne;ena_bruta_mw_n;ena_bruta_mlt_se;ena_bruta_mlt_s;ena_bruta_mlt_ne;ena_bruta_mlt_n;ena_arm_mw_se;ena_arm_mw_s;ena_arm_mw_ne;ena_arm_mw_n;ena_arm_mlt_se;ena_arm_mlt_s;ena_arm_mlt_ne;ena_arm_mlt_n;vol_ena_arm_mlt_se;vol_ena_arm_mlt_s;vol_ena_arm_mlt_ne;vol_ena_arm_mlt_n;dias_contabilizados
1266;2001;6;1;2001-06-30;2001-07-06;16977.4285714286;8450;2165.71428571429;2222.85714285714;91.4142859328572;123.452857968571;55.7785720828571;89.2485716685714;16965.7142857143;8180.71428571429;2165.71428571429;2200.42857142857;91.3471429014286;119.511427742857;55.7785720828571;88.3485723214286;5.89420159377472;12.0907890848401;3.47615378673482;14.0276150541244;7
1265;2001;7;2;2001-07-07;2001-07-13;14434.4285714286;6767.71428571429;1952.28571428571;2006.85714285714;79.7371422914286;98.2742854528571;51.6314294;86.0985717785714;14424.2857142857;6746.85714285714;1952.28571428571;1991.71428571429;79.6799992142857;97.9728567957143;51.6314294;85.4485724314286;2.76819440598151;5.7744546386977;1.29723350915986;1.3225271203002;7
1264;2001;7;3;2001-07-14;2001-07-20;13692.8571428571;6964.28571428571;2020.85714285714;1866.14285714286;75.6385716028571;101.130000521429;53.4457141328571;80.0599997371429;13678;6497;2020.85714285714;1852.42857142857;75.5585719514286;94.3442862357143;53.4457141328571;79.4714268285714;1.07830961831942;17.5846407118179;3.12324102770409;1.70330445588117;7
1263;2001;7;4;2001-07-21;2001-07-27;13788;9514.42857142857;1942.42857142857;1732.14285714286;76.1642859328571;138.159999302857;51.3714283528572;74.3128574928571;13776.7142857143;7548.28571428571;1942.42857142857;1719.85714285714;76.10142953;109.607142857143;51.3714283528572;73.78428541;1.22311722817462;26.384704585889;2.3757834947888;1.35824283980473;7
1262;2001;7;5;2001-07-28;2001-08-03;15784.1428571429;10977.2857142857;1842.28571428571;1629.28571428571;94.95714242;167.975714547143;51.7542855385714;82.5000010914286;15773.7142857143;8037;1842.28571428571;1619.57142857143;94.8957148971429;124.022857667143;51.7542855385714;82.0000000014286;12.3119281550081;10.3286333329003;3.62621865014864;14.772809592365;7
1261;2001;8;6;2001-08-04;2001-08-10;13463.8571428571;8280.14285714286;1837.14285714286;1536.57142857143;89.6157150285714;137.752856662857;55.6657137171429;94.00142997;13450.5714285714;7127;1837.14285714286;1530.14285714286;89.52571433;118.567143031429;55.6657137171429;93.6071428557143;4.96505436668586;10.9325582036679;0.0901589317652472;2.07224185608707;7
1260;2001;8;7;2001-08-11;2001-08-17;11708.5714285714;5091;1845.71428571429;1369.57142857143;77.9285714271429;84.6942863471429;55.9314291814286;83.7842865014286;11697.7142857143;4990.14285714286;1845.71428571429;1367.71428571429;77.8585717342857;83.0185715814286;55.9314291814286;83.67000035;2.75715042685429;15.9105264982054;0.0511309369839462;2.58980106338378;7
1259;2001;8;8;2001-08-18;2001-08-24;11021.4285714286;3160.42857142857;1842.14285714286;1263;73.3557150728571;52.57857132;55.8214285742857;77.26285771;11007.2857142857;3099.85714285714;1842.14285714286;1262.71428571429;73.2642865857143;51.5728569042857;55.8214285742857;77.24571446;0.381263862154658;1.86086655543819;0.0909997551571591;1.88378946339781;7
1258;2001;8;9;2001-08-25;2001-08-31;12562.5714285714;4626.57142857143;1835.85714285714;1141.42857142857;83.6157139371429;76.97000013;55.6271427685714;69.8271429871428;12541;4621.28571428571;1835.42857142857;1141.42857142857;83.4714279185714;76.8814288542857;55.6128572728571;69.8271429871428;8.41778140822518;28.2456677148846;0.0689720831788721;2.33839568225667;7
1257;2001;9;10;2001-09-01;2001-09-07;14555.1428571429;5430;1860.28571428571;1031.28571428571;96.7942853642857;77.0142854971429;62.8999998914286;79.9014293128571;14536.7142857143;5430;1859.42857142857;1031.28571428571;96.6714292257143;77.0142854971429;62.8714283542857;79.9014293128571;10.0403169538154;10.7129868463253;0.320334720261412;2.29418298796782;7
1256;2001;9;11;2001-09-08;2001-09-14;11288;4898.57142857143;2012.28571428571;1028.57142857143;75.0671419428571;69.4757145485714;68.0400003714286;79.6928569257143;11262.5714285714;4864.28571428571;2012.28571428571;1025.14285714286;74.8985726514286;68.9885722585714;68.0400003714286;79.4271436428571;3.47418839675692;2.5495841508537;10.3756599607625;1.63798511060563;7
1255;2001;9;12;2001-09-15;2001-09-21;13240;4278;1965.28571428571;1068.57142857143;88.0485709071429;60.67571422;66.4500002185714;82.7914287;13194;4212;1963.71428571429;1065.42857142857;87.7414289185714;59.7385722585714;66.3971426842857;82.5485709042857;7.92654108152435;11.9292603163251;0.379769060539452;2.18329722291857;7
1254;2001;9;13;2001-09-22;2001-09-28;13848.5714285714;4985.85714285714;1927.57142857143;1032.71428571429;92.0942862385714;70.7142851685714;65.1742847971429;80.0128555285714;13777.4285714286;4936.28571428571;1926.85714285714;1032.71428571429;91.6214283514286;70.0114288357143;65.1514282214286;80.0128555285714;5.05710198795884;24.0911876051016;0.365397124441738;3.89649290416707;7
1253;2001;9;14;2001-09-29;2001-10-05;18508;24654.5714285714;1897;1096.14285714286;107.901428222857;301.71999904;60.8271424414286;78.6185716914286;18448.2857142857;19887.8571428571;1897;1096.14285714286;107.55428641;245.147142682857;60.8271424414286;78.6185716914286;12.6443524280556;56.3689002247397;2.7634082310836;6.73892344774954;7
1252;2001;10;15;2001-10-06;2001-10-12;21982.5714285714;20566.1428571429;1728.71428571429;1079.14285714286;120.382856098571;243.981432231429;54.2057146342857;74.77571433;21920.4285714286;7485.85714285714;1725.71428571429;1079.14285714286;120.045714242857;88.8071441642857;54.1114289414286;74.77571433;5.71454352045493;82.4621140815289;1.76664854776349;4.74451217616487;7
1251;2001;10;16;2001-10-13;2001-10-19;19704.4285714286;16158.4285714286;2002.42857142857;1233.28571428571;105.508572171429;191.692855835714;62.7900003714286;85.45428685;19636.2857142857;9620.42857142857;2002.42857142857;1233.28571428571;105.145713804286;114.127142771429;62.7900003714286;85.45428685;11.6613614864953;11.9729249602032;4.21933689212774;4.78514966786918;7
1250;2001;10;17;2001-10-20;2001-10-26;19111.7142857143;10437.2857142857;2400.85714285714;1561.57142857143;102.334286281429;123.821426391429;75.2842864971428;108.202856882857;19078.7142857143;7828.71428571429;2400.85714285714;1561.57142857143;102.157143727143;92.8742850171429;75.2842864971428;108.202856882857;3.41968288321672;9.67141798581781;7.03434935689711;12.9580217770317;7
1249;2001;10;18;2001-10-27;2001-11-02;15911.1428571429;5651.85714285714;2890.42857142857;1980.57142857143;80.87571553;73.0442853671429;80.7585705371429;121.359999521429;15878.8571428571;5545.28571428571;2889.85714285714;1980.57142857143;80.7142846228571;71.7228573385714;80.7399995014286;121.359999521429;13.690508667553;8.34270830984896;14.6004081958475;24.4865464221111;7
1248;2001;11;19;2001-11-03;2001-11-09;16048.5714285714;3974.85714285714;2973.28571428571;2082.14285714286;69.0528559;64.8257157457143;58.97000013;87.52142988;15955.8571428571;3919.14285714286;2973.28571428571;2082.14285714286;68.6542870657143;63.92000035;58.97000013;87.52142988;4.39612379571112;3.98449842907949;1.96592731213592;1.52968816251006;7
1247;2001;11;20;2001-11-10;2001-11-16;19625;6240.42857142857;2773.57142857143;2175.28571428571;84.3742861057143;101.774286542857;55.0071427485714;91.4371425085714;19536.8571428571;6237.71428571429;2773.57142857143;2175.28571428571;83.9971422457143;101.731428965714;55.0071427485714;91.4371425085714;10.5810388281405;12.5149824870835;1.23412233587322;0.629091774390421;7
1246;2001;11;21;2001-11-17;2001-11-23;28270.2857142857;4735.71428571429;3464.57142857143;2255.14285714286;121.545714241429;77.2342856285714;68.7100001757143;94.7942853671428;27810.2857142857;4687.28571428571;3464.57142857143;2255.14285714286;119.567143032857;76.4457146785714;68.7100001757143;94.7942853671428;8.96978938438712;12.741235373262;6.23547623533597;4.49120669056136;7
1245;2001;11;22;2001-11-24;2001-11-30;27429.4285714286;4631.28571428571;4148.14285714286;2915.42857142857;117.930000307143;75.5314282;82.2671443414286;122.549998692857;27222;4591.14285714286;4148;2915.42857142857;117.039999825714;74.87714277;82.2642865871428;122.549998692857;7.13993072101097;15.709067632924;4.63626491328311;13.4755698839037;7
1244;2001;12;23;2001-12-01;2001-12-07;28243.8571428571;6063.85714285714;6260.57142857143;4072.28571428571;81.4614290514286;121.950000218571;67.5142854957143;87.2599999557143;28148.2857142857;6027.57142857143;6259.85714285714;4072.28571428571;81.1871436;121.219997952857;67.5057144171429;87.2599999557143;2.24042916768456;7.97736564405856;8.68676343714476;10.5545168506256;7
1243;2001;12;24;2001-12-08;2001-12-14;27584.2857142857;5519.85714285714;7429.42857142857;5688.42857142857;79.5585708628571;111.011427742857;80.1199994771429;121.888570512857;27534.2857142857;5491.71428571429;7429.42857142857;5688.42857142857;79.4128559642857;110.444285801429;80.1199994771429;121.888570512857;1.27716716428192;8.23381683790888;3.95253554181052;6.02753634574659;7
1242;2001;12;25;2001-12-15;2001-12-21;34611.4285714286;5735.71428571429;6134.14285714286;5353.28571428571;99.8285729542857;115.352857317143;66.1499998914286;114.707144601429;34405.8571428571;5731.57142857143;6132.28571428571;5353.28571428571;99.2314278742857;115.270001002857;66.1299988871429;114.707144601429;9.87977415902028;15.2028812244658;4.49686558127627;2.47824847561539;7
1241;2001;12;26;2001-12-22;2001-12-28;41154.2857142857;4842.14285714286;4971.57142857143;6062.14285714286;118.697141374286;97.3814293985714;53.6142861514286;129.898572648571;40297;4831.14285714286;4970.85714285714;6062.14285714286;116.227143425714;97.1585726042857;53.6071428571429;129.898572648571;4.58424843035945;8.61955330916132;1.68938492277268;11.5474210107768;7
1240;2001;12;27;2001-12-29;2001-12-31;49276.3333333333;3580;5917.33333333333;7435;142.12333679;72;63.8100001033333;159.316670733333;47019.6666666667;3573;5917.33333333333;7435;135.613332113333;71.8599980666667;63.8100001033333;159.316670733333;8.95270520449363;5.27045584013369;6.03132687670809;5.74196039638119;3
1239;2002;1;28;2002-01-01;2002-01-04;51025.25;2897.75;11392.75;8776;107.954999925;59.644999505;85.819999695;105.7449989325;48198.5;2897.75;11392.75;8776;101.9724998475;59.644999505;85.819999695;105.7449989325;3.23630838840952;3.06213923315062;9.20053269096226;5.31671812422906;4
1238;2002;1;29;2002-01-05;2002-01-11;42715.7142857143;2811.71428571429;15477.5714285714;12053.5714285714;90.3757138942857;57.8785716457143;116.587142944286;145.232860018571;41827.1428571429;2811.71428571429;15477.5714285714;11143;88.49571555;57.8785716457143;116.587142944286;134.258573258571;5.18674252602809;7.35659970482112;11.0807182994656;8.80359231909373;7
1237;2002;1;30;2002-01-12;2002-01-18;53548.7142857143;5580.14285714286;17080.5714285714;17105.8571428571;113.294286454286;114.858571732857;128.664284841429;206.108572822857;50426.8571428571;5561;16839.4285714286;8503.42857142857;106.691429137143;114.46571459;126.84714399;102.458572388571;14.2513845928506;14.993322294998;12.3300555156026;5.89363139644976;7
1236;2002;1;31;2002-01-19;2002-01-25;57658.8571428571;5164.57142857143;16505.5714285714;18815.2857142857;121.99142892;106.308571951429;124.332856314286;226.705714634286;54715.2857142857;5164.57142857143;15884.1428571429;6606.71428571429;115.76285771;106.308571951429;119.65285492;79.6042861942857;10.7534019870991;19.4542908091668;22.9189722066882;11.0423560011969;7
1235;2002;1;32;2002-01-26;2002-02-01;49793.4285714286;8126.28571428571;13046.1428571429;17929.7142857143;104.710001265714;165.278568814286;97.4028560071429;209.124287195714;40818.8571428571;7731.28571428571;12908;5019.71428571429;85.8571428571429;157.74571446;96.3628561842857;57.8585711885714;3.80045426668963;30.6591646082967;7.62474521557395;7.58103879751197;7
1234;2002;2;33;2002-02-02;2002-02-08;51170.1428571429;5399.14285714286;14212.5714285714;13469.8571428571;103.671428135714;101.235714502857;101.011428831429;119.930000307143;42771.1428571429;4644.71428571429;14212.5714285714;4984.28571428571;86.6542881557143;87.0899996085714;101.011428831429;44.37714277;7.20725378519084;10.3483678287321;2.76108155516145;3.37798598125327;7
1233;2002;2;34;2002-02-09;2002-02-15;62534.4285714286;3984;11883.7142857143;16437;126.697142465714;74.7014280028571;84.4614290514286;146.350001742857;53385.2857142857;3940;11883.7142857143;3964.57142857143;108.157142638571;73.8771427685714;84.4614290514286;35.3014292057143;4.91437818034013;3.93166921081976;4.8415694505183;4.57526546468443;7
1232;2002;2;35;2002-02-16;2002-02-22;64266.7142857143;3731.14285714286;12948.7142857143;16733.2857142857;130.201429094286;69.9585702071429;92.02999987;148.98714338;56883;3731.14285714286;12948.7142857143;4330;115.242856705714;69.9585702071429;92.02999987;38.55285699;7.96255349618082;3.48043034766495;7.08167933010975;3.67524015712966;7
1231;2002;2;36;2002-02-23;2002-02-28;65545.8333333333;3354.83333333333;15289.3333333333;14417;132.796666463333;62.9033330266667;108.664999643333;128.363334653333;54568.6666666667;3341;15289.3333333333;4302.33333333333;110.555000305;62.643333435;108.664999643333;38.3066666916667;4.63307638856378;6.85301351835348;2.5250246037796;2.78468421599811;6
1230;2002;3;37;2002-03-02;2002-03-08;51216.4285714286;3655;14841.1428571429;12763.8571428571;111.481426784286;78.5457131528571;105.281427655714;96.8257152014286;41573.5714285714;3644.57142857143;14841.1428571429;3889.71428571429;90.4900000442857;78.3199996971429;105.281427655714;29.5071424757143;3.31697689161501;10.2122340517296;3.64822100300582;3.24486599120023;7
1229;2002;3;38;2002-03-09;2002-03-15;36997;3604.71428571429;12712.2857142857;12991.2857142857;80.5285720814286;77.4628568371429;90.1799992157143;98.5514275671429;35095.5714285714;3578.57142857143;12712.2857142857;3588.14285714286;76.39000048;76.8999993457143;90.1799992157143;27.2199998585714;3.81781790878908;6.30663310767647;9.95882337706811;2.27436409030454;7
1228;2002;3;39;2002-03-16;2002-03-22;34259.5714285714;3372.57142857143;8143.71428571429;12332.5714285714;74.5714296614286;72.4728578828571;57.7728560314286;93.5542864128571;33916.5714285714;3372.57142857143;8143.71428571429;3718.14285714286;73.8271429885714;72.4728578828571;57.7728560314286;28.2057143614286;3.23066331869111;5.5261194119589;7.42666140188875;5.96960028801083;7
1227;2002;3;40;2002-03-23;2002-03-29;44038.4285714286;2712.85714285714;6361.57142857143;12473.7142857143;95.8571439471428;58.2971425714286;45.1257144385714;94.6257149842857;41177.7142857143;2712.85714285714;6361.57142857143;4085.85714285714;89.6314294;58.2971425714286;45.1257144385714;30.99571446;4.81560894463565;2.5269059038582;1.06448467918731;2.1309065918615002;7
1226;2002;3;41;2002-03-30;2002-04-05;38809.4285714286;2565;7872.71428571429;13774.8571428571;102.660000392857;58.7142862585714;65.0028582985714;104.404285975714;36168;2565;7872.71428571429;3729.28571428571;96.47000122;58.7142862585714;65.0028582985714;28.2628568942857;13.2358659515629;4.84403968773181;11.9136155090406;3.98028319076023;7
1225;2002;4;42;2002-04-06;2002-04-12;29049;2335;8753;12902;83.2300011785714;54.82000024;75.6642848428571;97.7528566628572;28798.4285714286;2335;8753;3964.71428571429;82.5157132828571;54.82000024;75.6642848428571;30.0385720385714;4.30082914781965;2.45905061701371;4.01829498162867;2.79770449355325;7
1224;2002;4;43;2002-04-13;2002-04-19;25711.1428571429;2109.14285714286;6510.28571428571;12592;73.6671425942857;49.5171427042857;56.2785709914286;95.4042859757143;25405.1428571429;2109.14285714286;6510.28571428571;3366.14285714286;72.7899998271429;49.5171427042857;56.2785709914286;25.5042854028571;2.64309861485291;2.40052618667361;14.0570228827323;5.77025621174745;7
1223;2002;4;44;2002-04-20;2002-04-26;22033;2939;5107;11262.2857142857;63.12999998;69.0014283328571;44.1471426828571;85.3314296171429;21809;2939;5107;3487.42857142857;62.48714338;69.0014283328571;44.1471426828571;26.4242853428571;3.70032361239007;6.08424475067479;0.699158976077441;4.40021495323543;7
1222;2002;4;45;2002-04-27;2002-05-03;20064.8571428571;2628.71428571429;4501.85714285714;8770.42857142857;66.23142842;52.9042859757143;48.8142858228571;80.5099999557143;19911;2620.28571428571;4501.85714285714;3350.14285714286;65.7728571214286;52.7657149185714;48.8142858228571;31.2671427057143;11.7700689498123;9.14314404887757;9.52311958429818;8.46460569943348;7
1221;2002;5;46;2002-05-04;2002-05-10;22900.2857142857;3142.14285714286;3445;7300.42857142857;88.0257143285714;51.8957138071429;49.1528571;84.5757141114286;22818;3128.28571428571;3445;3189;87.71142905;51.6685709271429;49.1528571;36.9471424657143;4.23999896512831;4.87077499337403;2.0211444400993;2.65217294905182;7
1220;2002;5;47;2002-05-11;2002-05-17;22862.5714285714;4178.57142857143;3146.71428571429;5888.14285714286;86.4485713414286;69.0142854971429;44.8985715585714;68.2142851685714;22776.4285714286;4178.57142857143;3146.71428571429;3402.42857142857;86.1214283557143;69.0142854971429;44.8985715585714;39.4171420514286;2.58052600000539;38.6205913041079;0.740370371603552;5.45036072053826;7
1219;2002;5;48;2002-05-18;2002-05-24;31223;14473.7142857143;3019;4974.42857142857;118.060000828571;239.054288592857;43.0757141128571;57.6314288542857;27373.2857142857;14089.8571428571;3019;3961.85714285714;103.504286631429;232.712857927143;43.0757141128571;45.8971432285714;7.27267363828458;36.2475909273369;0.382006587814254;0.857024444556501;7
1218;2002;5;49;2002-05-25;2002-05-31;28283.7142857143;6905.85714285714;2903;4643.14285714286;106.945712497143;114.059998648571;41.4228570114286;53.7914287028571;25348.4285714286;6905.85714285714;2903;3412.42857142857;95.84714072;114.059998648571;41.4228570114286;39.5342854085714;6.33356615100928;19.3216197635226;1.15988027583369;4.49518271975539;7
1217;2002;6;50;2002-06-01;2002-06-07;21431.4285714286;4524;2710.71428571429;3752.42857142857;93.1828569685714;61.5;58.9400002628571;92.64000048;21215.1428571429;4524;2710.71428571429;2864.85714285714;92.2442866742857;61.5;58.9400002628571;70.7285723;3.82269510855418;6.32182084597486;0.427239380013337;7.96133240959215;7
1216;2002;6;51;2002-06-08;2002-06-14;19166;9870.57142857143;2840.42857142857;2983.42857142857;83.3314274385714;134.185713631429;61.7599994114286;73.6557137628572;19157.2857142857;7990.85714285714;2840.42857142857;2813.85714285714;83.2957131514286;108.632857185714;61.7599994114286;69.4685701657143;2.52208304593432;18.0059939609584;1.18862717784062;3.17576341739734;7
1215;2002;6;52;2002-06-15;2002-06-21;17923.7142857143;8843.28571428571;2575;2623.85714285714;77.9328558771429;120.218571254286;55.9899994985714;64.7785720814286;17908.8571428571;5599.28571428571;2575;2611.28571428571;77.8657139357143;76.1185722357143;55.9899994985714;64.4671429228571;1.41053005663301;11.5832765691122;0.87859733921;4.1546905900317;7
1214;2002;6;53;2002-06-22;2002-06-28;17103;4799.71428571429;2394.71428571429;2257.42857142857;74.3614283957143;65.24857276;52.0699996942857;55.7300006314286;17080;4511.28571428571;2394.71428571429;2248.71428571429;74.2628566185714;61.3271440785714;52.0699996942857;55.5171432485714;0.490702561600461;7.81269528292911;1.7061745099692;1.76878268470184;7
1213;2002;6;54;2002-06-29;2002-07-05;16415.5714285714;5860;2332.57142857143;1945.28571428571;81.328572955714293;76.3957143514286;58.7414289214286;72.43428639;16390.8571428571;4860.42857142857;2332.57142857143;1945.28571428571;81.19857134;63.4600001728572;58.7414289214286;72.43428639;5.70453920595;11.1725058880913;8.13414548664958;14.1654613918247;7
1212;2002;7;55;2002-07-06;2002-07-12;15581.2857142857;4744.42857142857;2516;1735.14285714286;81.1128572728571;61.2457139157143;66.5385709471429;74.4385713842857;15578.5714285714;4224.71428571429;2516;1735.14285714286;81.0971439914286;54.5385714914286;66.5385709471429;74.4385713842857;1.67294812081978;3.46106685090369;1.401838032826;1.21642214827111;7
1211;2002;7;56;2002-07-13;2002-07-19;16505.8571428571;3577.85714285714;2476.28571428571;1620.28571428571;85.4228591928571;46.1900002614286;65.4900000428571;69.5114277428571;16460.1428571429;3399.85714285714;2476.28571428571;1620.28571428571;85.1857136314286;43.8885710585714;65.4900000428571;69.5114277428571;0.633453599739263;3.43767584212274;0.241106949390242;3.47043520723481;7
1210;2002;7;57;2002-07-20;2002-07-26;16897.4285714286;3673.57142857143;2449;1448.57142857143;87.36428615;47.4228575585714;64.7685699442857;62.1457143514286;16856.5714285714;3533.28571428571;2449;1448.57142857143;87.1528571028571;45.6114289442857;64.7685699442857;62.1457143514286;3.12101786232683;3.31527923504269;0.295264417824213;2.18375733879038;7
1209;2002;7;58;2002-07-27;2002-08-02;17099.2857142857;5638.71428571429;2424;1468.14285714286;93.6157150257143;76.4585707528571;66.7471433371428;70.4685718;17059;4797.57142857143;2424;1468.14285714286;93.3928571428571;65.3057147442857;66.7471433371428;70.4685718;9.38652727394049;29.2699227175152;4.04917192238466;11.9079229808935;7
1208;2002;8;59;2002-08-03;2002-08-09;18852.2857142857;9692.71428571429;2153.42857142857;1230.71428571429;117.477142332857;140.712857927143;65.2514299657143;75.2871431628571;18660.7142857143;9405.14285714286;2153.42857142857;1230.71428571429;116.284285408571;136.540002004286;65.2514299657143;75.2871431628571;3.16700754917994;3.50112975707703;3.48079691796323;2.88656952963194;7
1207;2002;8;60;2002-08-10;2002-08-16;15859.7142857143;7167.57142857143;1955.42857142857;1158.85714285714;98.8299996514286;104.052856444286;59.2528572085714;70.8928560542857;15731.7142857143;6889.42857142857;1955.42857142857;1158.85714285714;98.0314287457143;100.017144338571;59.2528572085714;70.8928560542857;5.58583526326852;16.4968335447918;0.85347742144684;1.18568921628841;7
1206;2002;8;61;2002-08-17;2002-08-23;12894.8571428571;6704;1828;1118.28571428571;80.3557118;97.3257130228571;55.3899999342857;68.4114287228572;12831.8571428571;6434.71428571429;1828;1118.28571428571;79.9628568385714;93.4171436842857;55.3899999342857;68.4114287228572;3.48720047351189;35.8573220968132;1.67952478943768;3.69690182052208;7
1205;2002;8;62;2002-08-24;2002-08-30;12007.7142857143;7396.57142857143;1664.28571428571;945.571428571429;74.8271408085714;107.379999434286;50.4299997585714;57.8457151142857;11955.7142857143;6253.57142857143;1664.28571428571;945.571428571429;74.5014277885714;90.7871431628572;50.4299997585714;57.8457151142857;1.57739787035279;30.8060770122217;2.25642760924599;5.14720525805171;7
1204;2002;8;63;2002-08-31;2002-09-06;12577.1428571429;4109.71428571429;1536.71428571429;1053.14285714286;78.5185710357143;52.37142781;51.1285711028571;79.3028558985714;12533.2857142857;3930.42857142857;1536.71428571429;1053.14285714286;78.2428567071429;50.0457142414286;51.1285711028571;79.3028558985714;4.18587867235379;8.12954443360471;3.91211087863025;8.98134221580608;7
1203;2002;9;64;2002-09-07;2002-09-13;14550.2857142857;5954.57142857143;1435.71428571429;1005.14285714286;90.8614273057143;73.67428698;48.54285758;77.8757149871428;14514.7142857143;5741.57142857143;1435.71428571429;1005.14285714286;90.6385705128572;71.0414281585714;48.54285758;77.8757149871428;2.3015030384507;9.88991384715047;1.30925777499231;6.18417098898585;7
1202;2002;9;65;2002-09-14;2002-09-20;15462.8571428571;15214.4285714286;1463.57142857143;970;96.5599997385714;188.245717731429;49.4857150485714;75.1542870657143;15428.7142857143;12267.2857142857;1463.57142857143;970;96.3457151128571;151.781430924286;49.4857150485714;75.1542870657143;4.4533773652407;34.6280368233596;0.980881700524861;3.80818990638021;7
1201;2002;9;66;2002-09-21;2002-09-27;19657.7142857143;14541.2857142857;1451.28571428571;944.142857142857;122.752856662857;179.920000348571;49.0700002385714;73.1499993471429;19554.1428571429;12546.5714285714;1451.28571428571;944.142857142857;122.108573911429;155.23714338;49.0700002385714;73.1499993471429;5.29142042646088;32.0352484609811;2.06025038358639;2.33399483590702;7
1200;2002;9;67;2002-09-28;2002-10-04;16087.2857142857;13057;1791.71428571429;1068;91.7014280042857;145.891427177143;57.9371425071429;77.5885707314286;16014;12144.5714285714;1791.71428571429;1068;91.2728565742857;136.015713282857;57.9371425071429;77.5885707314286;16.4608628355612;18.8096491606165;2.31263714266278;4.17576093869065;7
1199;2002;10;68;2002-10-05;2002-10-11;13430.1428571429;13992.4285714286;2383;1139.14285714286;70.0885723685714;147.885711671429;74.72285734;78.9314291828571;13276.4285714286;10482.2857142857;2383;1139.14285714286;69.2857142857143;110.788570948571;74.72285734;78.9314291828571;5.67206875607681;17.883319253711;8.05064521439815;3.83453297917901;7
1198;2002;10;69;2002-10-12;2002-10-18;10619.4285714286;11006.2857142857;1968.57142857143;1180.71428571429;55.3614283971429;116.325716292857;61.7271428785714;81.8142852785714;10388.4285714286;9102.14285714286;1968.57142857143;1180.71428571429;54.1571426385714;96.2000013071429;61.7271428785714;81.8142852785714;3.23848108310057;4.73425913751081;9.16235008051067;2.95864103195914;7
1197;2002;10;70;2002-10-19;2002-10-25;9756;10950.7142857143;1799.28571428571;1010.57142857143;50.8600000657143;115.737142292857;56.4185714742857;70.02285494;9547.71428571429;8523.85714285714;1799.28571428571;1010.57142857143;49.7728576671429;90.0871429457143;56.4185714742857;70.02285494;1.14234734419781;9.09095491959362;2.80216753265548;6.67839706895121;7
1196;2002;10;71;2002-10-26;2002-11-01;12372.1428571429;14205.7142857143;1639.57142857143;1269.42857142857;62.17142759;158.33857291;48.8385718214286;82.70999963;12159.7142857143;9486.85714285714;1639.57142857143;1269.42857142857;61.0914284842857;105.350000654286;48.8385718214286;82.70999963;7.31461138668149;11.946682693398;7.98412944583354;13.8104935732171;7
1195;2002;11;72;2002-11-02;2002-11-08;18484.8571428571;11968;1356;1397.71428571429;76.5828574042857;176.694285801429;26.8914288114286;58.7528572085714;17999.1428571429;7887;1356;1397.71428571429;74.5685708157143;116.442858015714;26.8914288114286;58.7528572085714;3.40415152161403;13.4904521272937;2.27008399751669;3.00771605495807;7
1194;2002;11;73;2002-11-09;2002-11-15;18801.1428571429;14283.2857142857;2205.71428571429;1908;77.80857195;210.87714277;43.7442855828571;80.2028590628571;18447.1428571429;7725.57142857143;2205.71428571429;1908;76.3442851485714;114.060000828571;43.7442855828571;80.2028590628571;2.64378464115194;30.7121827834799;7.6956311065767;9.16869890775285;7
1193;2002;11;74;2002-11-16;2002-11-22;21629.1428571429;10360.7142857143;3847.28571428571;1868.85714285714;89.5128588014286;152.964285714286;76.3014286585714;78.5557142;21189.2857142857;7772.28571428571;3847.28571428571;1868.85714285714;87.6914280485714;114.748570032857;76.3014286585714;78.5557142;3.160218608413;6.94592706900442;10.3067750774024;4.8919371830296;7
1192;2002;11;75;2002-11-23;2002-11-29;23121.2857142857;10943.4285714286;3353.71428571429;1642.85714285714;95.6885713842857;161.567144121429;66.5114282871429;69.05999974;22864.8571428571;7876;3353.71428571429;1642.85714285714;94.6257138942857;116.279999867143;66.5114282871429;69.05999974;4.51591472434523;11.485722914648;11.0283625996169;1.88267545372018;7
1191;2002;11;76;2002-11-30;2002-12-06;25707.5714285714;15560.7142857143;3270.42857142857;1612.28571428571;75.7157124114286;276.507141112857;38.5628577628571;39.5199999114286;22943.1428571429;7054.28571428571;3270.42857142857;1612.28571428571;67.81999915;126.69857134;38.5628577628571;39.5199999114286;13.8673516168831;25.6966378783851;9.11091052962459;13.9256071642903;7
1190;2002;12;77;2002-12-07;2002-12-13;27962.2857142857;13052.8571428571;3661.42857142857;1776.42857142857;76.9085715157143;239.528568814286;39.4857139585714;38.0657147;24101;7297.85714285714;3661.42857142857;1776.42857142857;66.2871426157143;133.921430314286;39.4857139585714;38.0657147;10.7030802706521;37.2373733421127;7.39572508978841;2.44189724515012;7
1189;2002;12;78;2002-12-14;2002-12-20;36781.7142857143;8492.57142857143;3388.85714285714;2413.85714285714;101.162858147143;155.845714024286;36.5457145142857;51.7257140014286;35487.8571428571;7029;3388.85714285714;2413.85714285714;97.6028573171429;128.988568987143;36.5457145142857;51.7257140014286;6.47398829325974;11.2847035790811;5.83345510719122;8.58063513942028;7
1188;2002;12;79;2002-12-21;2002-12-27;35045.2857142857;12075.1428571429;6934.85714285714;3203;96.3871427271429;221.58857509;74.7842854085714;68.6314288528571;34474.2857142857;8519.71428571429;6934.85714285714;3203;94.8171419428571;156.342859538571;74.7842854085714;68.6314288528571;4.09726444622193;32.6038346305451;21.4284074164279;4.75791725973121;7
1187;2002;12;80;2002-12-28;2003-01-03;31478.5714285714;7714.71428571429;9840;3794.42857142857;76.6514287685714;142.875714982857;93.1657148085714;64.8685711442857;30029.8571428571;6462.42857142857;9840;3794.42857142857;73.1642870242857;119.835714067143;93.1657148085714;64.8685711442857;12.3685756672153;7.20754793048997;21.8367752747621;14.7705807859228;7
1186;2003;1;81;2003-01-04;2003-01-10;43113.2857142857;6601.14285714286;8680;5186.85714285714;86.9985722128571;124.031429835714;65.3857138471429;62.4971427914286;41632.1428571429;6430.85714285714;8680;5186.85714285714;84.0071432928571;120.830001831429;65.3857138471429;62.4971427914286;7.9869327476113;14.0125521963561;1.32589281031609;3.80179169288054;7
1185;2003;1;82;2003-01-11;2003-01-17;47774.7142857143;5894.85714285714;9956.42857142857;4765.28571428571;96.4057148528571;110.760002135714;74.9971433371429;57.4171425942857;45427.5714285714;5719.28571428571;9956.42857142857;4765.28571428571;91.6685725614286;107.458570208571;74.9971433371429;57.4171425942857;3.01049686565108;14.9396902714634;5.46884708170082;2.34811793848574;7
1184;2003;1;83;2003-01-18;2003-01-24;60228.2857142857;4750.71428571429;13468.8571428571;5207.85714285714;121.532855442857;89.26285662;101.458571297143;62.74857167;57487.8571428571;4587.14285714286;13468.8571428571;5207.85714285714;116.004284448571;86.1885724757143;101.458571297143;62.74857167;10.0300321325603;2.50916407866141;8.55260101339057;7.04030751765304;7
1183;2003;1;84;2003-01-25;2003-01-31;72887.5714285714;4479.28571428571;15335.4285714286;8316.42857142857;146.801428658571;84.1628559642857;115.518571034286;100.204286848571;67926.4285714286;4303.57142857143;15335.4285714286;8316.42857142857;136.814287457143;80.85999952;115.518571034286;100.204286848571;6.86765452172807;8.22796064557325;6.28546283757011;6.93481237144567;7
1182;2003;2;85;2003-02-01;2003-02-07;72790;4754.28571428571;16086;8737.85714285714;139.74142892;80.3871438157143;114.327142985714;77.7985719971428;66067.5714285714;4733.85714285714;16086;8737.85714285714;126.837142942857;80.0414297914286;114.327142985714;77.7985719971428;7.90828016407729;1.6628946590967;1.33705841974858;0.658090053704292;7
1181;2003;2;86;2003-02-08;2003-02-14;51569.1428571429;5735.85714285714;14811;7528.71428571429;99.0028577542857;96.98285784;105.264285495714;67.0342859542857;47851.8571428571;5735.85714285714;14811;7528.71428571429;91.8657139357143;96.98285784;105.264285495714;67.0342859542857;10.6218015420974;7.11590268982659;4.4149852008;4.16769393793525;7
1180;2003;2;87;2003-02-15;2003-02-21;50725.5714285714;6502.71428571429;11991.7142857143;8412;97.3828571885714;109.950000217143;85.2257145485714;74.8985704685714;45648.7142857143;6495;11991.7142857143;7891.71428571429;87.6357138514286;109.818571907143;85.2257145485714;70.2657143742857;5.81575293712332;21.451840672534;9.50974000948285;2.20131084009548;7
1179;2003;2;88;2003-02-22;2003-02-28;50923;8224.57142857143;8805;11339.1428571429;97.7628577085714;139.061430794286;62.5771429857143;100.960000172857;40789.7142857143;8190.42857142857;8805;7392.71428571429;78.3085719542857;138.48285784;62.5771429857143;65.8228579928571;6.27120139451287;24.8494172862798;4.17874439117592;7.78346038387334;7
1178;2003;3;89;2003-03-01;2003-03-07;36470.4285714286;6376.42857142857;8934;11667.2857142857;75.0142865871429;124.778572084286;63.3757138914286;88.50857108;32797.4285714286;6357.14285714286;8934;4230;67.4585707528571;124.401427134286;63.3757138914286;32.0885712757143;3.17526491111109;7.05785846514472;1.69822289402391;3.47542531993895;7
1177;2003;3;90;2003-03-08;2003-03-14;42072.4285714286;8400.71428571429;7628.14285714286;11075.8571428571;86.5357153742857;164.392857142857;54.1157144814286;84.0199999128571;38726.2857142857;8267.85714285714;7628.14285714286;4670.42857142857;79.6542859742857;161.794287544286;54.1157144814286;35.4285708842857;6.12066123712097;9.28362643219472;5.94311293207693;3.27994117466067;7
1176;2003;3;91;2003-03-15;2003-03-21;49419.5714285714;5940;6185;11833.2857142857;101.650000435714;116.239998952857;43.8742855628571;89.7671432471429;39446;5907.28571428571;6185;3680.57142857143;81.1328582771429;115.598570687143;43.8742855628571;27.9200000757143;2.78858747348322;12.0996943884444;1.30282825132236;4.88643381163607;7
1175;2003;3;92;2003-03-22;2003-03-28;47052;4036.85714285714;8202.14285714286;13344.5714285714;96.7771432057143;78.9971422457143;58.1842858457143;101.230001178571;39358.4285714286;4036.85714285714;8162.14285714286;4216.28571428571;80.9542857585714;78.9971422457143;57.9014287685714;31.9842861728571;3.44654294777509;14.2922071492728;5.1101974635453;4.10709523632505;7
1174;2003;3;93;2003-03-29;2003-03-31;42665.3333333333;3088.33333333333;9127.66666666667;13534.6666666667;87.7566680933333;60.4366658533333;64.7500025466667;102.67333476;37791;3088.33333333333;8983.66666666667;3898;77.7333323166667;60.4366658533333;63.7300008133333;29.57000033;2.99082502214739;2.09538465919766;0.459021857216344;5.54700880077726;3
1173;2003;4;94;2003-04-01;2003-04-04;39608.25;3065.25;9346.75;14152;107.4975013725;64.975000385;80.79750061;107.2250003825;38147.75;3065.25;9346.75;4933.5;103.53499985;64.975000385;80.79750061;37.380000115;1.6491318233747;4.91621470315672;0.966452150016968;2.2529529257847;4
1172;2003;4;95;2003-04-05;2003-04-11;40490.7142857143;3138.57142857143;9646.71428571429;15152.8571428571;109.891427175714;66.52999987;83.3928582314286;114.80999974;39349.8571428571;3136.42857142857;9646.71428571429;3564.71428571429;106.795714244286;66.4842856271429;83.3928582314286;27.0114285614286;4.28086382852229;9.61955108733091;1.04222103133957;2.70123687995234;7
1171;2003;4;96;2003-04-12;2003-04-18;41176;2321.28571428571;8400.14285714286;14553.8571428571;111.751427787143;49.20571518;72.6157144842857;110.268569945714;37816;2321.28571428571;8400.14285714286;3519.71428571429;102.634283881429;49.20571518;72.6157144842857;26.6699998014286;5.49512131596032;2.76892823121869;8.38355310872331;1.41962463049231;7
1170;2003;4;97;2003-04-19;2003-04-25;37410;3010.28571428571;6203.42857142857;12242.5714285714;101.532857621429;63.8114291614286;53.6271422242857;92.7600010471429;32711;3010.28571428571;6203.42857142857;3974.28571428571;88.7771442985714;63.8114291614286;53.6271422242857;30.1128572742857;3.16094190676953;6.08292828982754;4.46312941709887;2.93606691225657;7
1169;2003;4;98;2003-04-26;2003-05-02;29620.2857142857;3631;4893.42857142857;10899.4285714286;88.171427044285707;68.9042859757143;49.7985719957143;94.3542851042857;28395.5714285714;3513.85714285714;4893.42857142857;3600.42857142857;84.7528577528571;66.79285649;49.7985719957143;31.77714266;10.2443826044764;21.4737938799027;11.5226263867404;9.50184279146297;7
1168;2003;5;99;2003-05-03;2003-05-09;26362.4285714286;3643;4417.85714285714;9320.71428571429;98.0814296185714;60.1700003471429;63.0357148314286;107.985713414286;26029.1428571429;3608.85714285714;4417.85714285714;3904.85714285714;96.8414295742857;59.6042851042857;63.0357148314286;45.2385711671429;1.95339259624024;19.2567363890076;1.72198423561975;4.68579602751884;7
1167;2003;5;100;2003-05-10;2003-05-16;25136.7142857143;2122.28571428571;4101.14285714286;8489.57142857143;93.4071426385714;35.0542853228571;58.51714325;98.3542872828571;24902.5714285714;2078.28571428571;4101.14285714286;4187.71428571429;92.53428432;34.3271424428571;58.51714325;48.5157138285714;3.99468861151205;2.35640810591661;1.1973955991828;1.76457558104643;7
1166;2003;5;101;2003-05-17;2003-05-23;22704.4285714286;1973.71428571429;3997.71428571429;6814.42857142857;84.32285745;32.5985715071429;57.0414281557143;78.9457135857143;22544.1428571429;1940.42857142857;3997.71428571429;4013.85714285714;83.7271434228571;32.0485714514286;57.0414281557143;46.5014283314286;1.42729157096063;3.321111624139;0.979241293757834;3.60358786162484;7
1165;2003;5;102;2003-05-24;2003-05-30;22635.1428571429;2412;3625.42857142857;5189.42857142857;84.0671441214286;39.8371434885714;51.72714288;60.1200000214286;22410.8571428571;2405.71428571429;3625.42857142857;3869;83.2328556614286;39.73285784;51.72714288;44.8228574485714;0.739744274238934;4.46163569879301;3.27989755396064;4.25188489811916;7
1164;2003;5;103;2003-05-31;2003-06-06;22730;3864.28571428571;3186.57142857143;4372.42857142857;95.3114275242857;53.3457145685714;65.7157140457143;98.9799995428571;22577.7142857143;3864.28571428571;3186.57142857143;3854.42857142857;94.6742837071429;53.3457145685714;65.7157140457143;87.27714266;5.82405275628053;32.3148757183044;8.20262133972007;17.5362365503363;7
1163;2003;6;104;2003-06-07;2003-06-13;23429.4285714286;8633.85714285714;2961.71428571429;3411.28571428571;99.7957142414286;117.372858318571;63.9414291385714;84.2185701642857;23179;8628.28571428571;2954.42857142857;3411.28571428571;98.7300000885714;117.297143117143;63.7871431628571;84.2185701642857;2.6079627321537;11.8982166803798;1.22534062473685;3.67870224714334;7
1162;2003;6;105;2003-06-14;2003-06-20;20433.8571428571;6021.57142857143;2880.57142857143;3090.85714285714;86.8814272185714;81.8614273057143;61.0757141114286;76.3085708614286;20277.1428571429;5959.28571428571;2855.57142857143;3090.85714285714;86.2142857114286;81.0128566185714;60.5442859114286;76.3085708614286;3.87232515258838;4.43848124119299;0.735160292038654;3.53803189959222;7
1161;2003;6;106;2003-06-21;2003-06-27;18536;4149.57142857143;2785;2616.57142857143;78.8114275242857;56.4114281785714;59.0485719957143;64.5985712328572;18368.2857142857;4144.14285714286;2761.42857142857;2616.57142857143;78.0971439914286;56.3371429442857;58.54857145;64.5985712328572;1.72790638231874;10.0921493333684;0.613933315858032;3.53448301695302;7
1160;2003;6;107;2003-06-28;2003-07-04;17420.2857142857;2891.28571428571;2684.28571428571;2354.42857142857;82.2857131942857;38.2214284614286;63.9057148528572;82.0428581242857;17284.2857142857;2891.28571428571;2655.85714285714;2354.42857142857;81.6385716028572;38.2214284614286;63.2314289628571;82.0428581242857;6.46068165922124;3.42500877558233;6.36092807770594;20.7342466049598;7
1159;2003;7;108;2003-07-05;2003-07-11;18015.4285714286;4293.85714285714;2841.85714285714;2028.28571428571;91.6585715171429;55.42999976;73.2400000442857;87.0171421585714;17867.5714285714;4132;2814;2028.28571428571;90.90571376;53.3385723657143;72.52142988;87.0171421585714;5.16798836559328;17.3413120405207;2.03310504802906;4.98022750387377;7
1158;2003;7;109;2003-07-12;2003-07-18;19257.1428571429;6749.28571428571;2677;1801.42857142857;97.9757156385714;87.1300010685714;68.99142783;77.28428541;19121.2857142857;6563.28571428571;2650.42857142857;1801.42857142857;97.2857142842857;84.7257140014286;68.3071408957143;77.28428541;1.78989567650056;24.3681820856636;3.26982035463981;1.86813380401705;7
1157;2003;7;110;2003-07-19;2003-07-25;18422.8571428571;6754.14285714286;2477.28571428571;1534.57142857143;93.7314289642857;87.1914280471429;63.8428568171429;65.8371429442857;18323.5714285714;6560.85714285714;2449.85714285714;1534.57142857143;93.2271423328572;84.6971413742857;63.1371427257143;65.8371429442857;2.18410751365272;12.6110713249407;0.632237584390985;4.6424127152743;7
1156;2003;7;111;2003-07-26;2003-08-01;16262.1428571429;3876.57142857143;2428.57142857143;1437.57142857143;84.9857145028571;50.7457139142857;63.8857143914286;65.3199996942857;16169.2857142857;3707.85714285714;2400.57142857143;1437.57142857143;84.5000000014286;48.5285715385714;63.1500004357143;65.3199996942857;3.94350140501752;6.223791046459;3.14053054965801;8.97954684638566;7
1155;2003;8;112;2003-08-02;2003-08-08;14623.5714285714;2787.71428571429;2393;1316.14285714286;89.5357131942857;40.4699995857143;70.7185723442857;80.5142854971429;14389;2775.14285714286;2365;1316.14285714286;88.1000006542857;40.2871426171429;69.8914282642857;80.5142854971429;3.29747858049194;0.726400703646549;0.393507322306352;6.76048815171209;7
1154;2003;8;113;2003-08-09;2003-08-15;14841;2347.57142857143;2307.71428571429;1239.57142857143;90.8671428142857;34.08142798;68.2000002157143;75.8300007414286;14728.7142857143;2330.71428571429;2279.71428571429;1239.57142857143;90.1785703385714;33.83571352;67.3700005657143;75.8300007414286;1.72877964567132;2.11550457637704;1.5021982685400601;2.6436953832547;7
1153;2003;8;114;2003-08-16;2003-08-22;14614.8571428571;2172.42857142857;2151.14285714286;1330.71428571429;89.4814289642857;31.5385717685714;63.57142748;81.40714373;14455.4285714286;2172.42857142857;2123.71428571429;1330.71428571429;88.5057133257143;31.5385717685714;62.7628571642857;81.40714373;1.06725364784219;3.02903426886341;1.86957076159678;3.23550652968732;7
1152;2003;8;115;2003-08-23;2003-08-29;13234.8571428571;2024.85714285714;2048.42857142857;1190.42857142857;81.0299998685714;29.3971426842857;60.53428541;72.8228585371429;13117;2024.85714285714;2020.85714285714;1190.42857142857;80.3085708614286;29.3971426842857;59.7228578828571;72.8228585371429;1.16758351037423;1.2959518863902;0.467714479241527;6.36160732227042;7
1151;2003;8;116;2003-08-30;2003-09-05;13886.5714285714;1668.14285714286;2043.42857142857;1163.14285714286;85.1299994342857;21.7228570671429;65.3542867385714;84.8971448628571;13657.1428571429;1633.85714285714;2016;1163.14285714286;83.72428676;21.2985717242857;64.4771434242857;84.8971448628571;1.48969597544039;3.13117880661049;3.20544177352778;11.3957577214344;7
1150;2003;9;117;2003-09-06;2003-09-12;13489.1428571429;1848.71428571429;2120;1057.42857142857;82.7357145028571;22.8714286257143;69.8799994342857;81.92857143;13417.5714285714;1723.71428571429;2093.28571428571;1057.42857142857;82.2942853642857;21.3285713185714;68.9985711228571;81.92857143;1.45497858647422;3.03132770526073;1.7031682890041;6.90620954781707;7
1149;2003;9;118;2003-09-13;2003-09-19;14407.8571428571;2143;2163.42857142857;979.714285714286;88.3685727814286;26.5157143728571;71.3100008271428;75.9057126742857;14338.8571428571;2029;2136.14285714286;979.714285714286;87.94428689;25.1042856485714;70.41142927;75.9057126742857;2.17128846384012;0.879144463926343;1.78906205623413;3.50793796609723;7
1148;2003;9;119;2003-09-20;2003-09-26;13553.5714285714;1860.14285714286;1949;893;83.1299994328571;23.0142860428571;64.2428583428571;69.1871435971428;13507.4285714286;1766.42857142857;1926.14285714286;893;82.84714181;21.8557142528571;63.4885717128571;69.1871435971428;2.82560673698224;2.74946602437648;2.25005536491078;5.67717130990108;7
1147;2003;9;120;2003-09-27;2003-10-03;12977.7142857143;2595.85714285714;1748.57142857143;794.142857142857;74.28999928;30.2199998585714;55.6442860185714;58.4771434257143;12878.7142857143;2501.71428571429;1721.57142857143;794.142857142857;73.70142855;29.1285713742857;54.7842864985714;58.4771434257143;9.46823733958406;4.15503445545691;4.53428080370924;3.4558203234134;7
1146;2003;10;121;2003-10-04;2003-10-10;12731;3032.85714285714;1554.85714285714;927;65.4314286357143;32.0528572642857;46.9685712528571;64.2328562057143;11989.5714285714;2923.28571428571;1528.85714285714;927;61.6200005671429;30.8971426814286;46.18285697;64.2328562057143;4.71498347399721;10.9611478908956;1.28896209907194;2.45170365035047;7
1145;2003;10;122;2003-10-11;2003-10-17;16715.8571428571;4213.14285714286;1452.42857142857;1002.57142857143;85.9114292685714;44.5271432071429;43.8757138928571;69.4685712528571;16553.5714285714;4166.28571428571;1425.85714285714;1002.57142857143;85.0771429885714;44.0328565328571;43.0714285728571;69.4685712528571;3.23793066135978;7.60604304935388;0.851556352026377;2.57697190739396;7
1144;2003;10;123;2003-10-18;2003-10-24;13755.1428571429;2802.14285714286;1419.42857142857;1010.57142857143;70.6942858014286;29.6157139357143;42.87571444;70.0214293357143;13505.4285714286;2774.71428571429;1391.57142857143;1010.57142857143;69.4114303614286;29.3257143814286;42.0371431642857;70.0214293357143;2.92814675364543;1.0600448782258;0.651221809862011;5.42572403636357;7
1143;2003;10;124;2003-10-25;2003-10-31;15381.4285714286;6141.42857142857;1576;1108.42857142857;79.0542864114285;64.90857206;47.6085711885714;76.8028564442857;14984.7142857143;5943.71428571429;1548.71428571429;1108.42857142857;77.0128577085714;62.8185713657143;46.7828570785714;76.8028564442857;5.84084890662807;19.9988371447843;1.77953765922165;5.62577323646773;7
1142;2003;11;125;2003-11-01;2003-11-07;17124.5714285714;3311;1773.28571428571;1611.14285714286;70.0571419857143;48.8842860628571;32.9828570228571;67.72428567;16868.1428571429;3272.28571428571;1745.28571428571;1611.14285714286;69.00857217;48.3128574914286;32.4628571128571;67.72428567;0.799862544684614;6.83260343842193;1.46981557885941;7.18806427970524;7
1141;2003;11;126;2003-11-08;2003-11-14;16343.4285714286;2642.14285714286;2187.71428571429;1846.28571428571;66.8628567285714;39.0085710785714;40.6871425071429;77.6085695528571;16187.5714285714;2642.14285714286;2179.57142857143;1846.28571428571;66.2257140028571;39.0085710785714;40.5357137385714;77.6085695528571;2.70120145835811;6.55459216367036;2.69441934747067;7.28431297941879;7
1140;2003;11;127;2003-11-15;2003-11-21;20281.5714285714;8624.14285714286;2868.14285714286;1987.42857142857;82.9714290071429;127.325714111429;53.3442862371429;83.5414287042857;19909.4285714286;8606.28571428571;2868;1987.42857142857;81.4500013085714;127.062854222857;53.3414290285714;83.5414287042857;10.3724380111141;45.5169164575842;5.18133110860124;1.56477258637564;7
1139;2003;11;128;2003-11-22;2003-11-28;23490.7142857143;6934.14285714286;2986;2240.14285714286;96.1028562257143;102.374285017143;55.5357153757143;94.1628570557143;23186;6934.14285714286;2967;2240.14285714286;94.8542872857143;102.374285017143;55.1842858442857;94.1628570557143;3.18644070149624;8.77733122203826;3.91749869314561;4.79810634541837;7
1138;2003;11;129;2003-11-29;2003-11-30;25380.5;5325;2596.5;2324.5;103.830001835;78.61500168;48.28999901;97.70999908;24970.5;5325;2570.5;2324.5;102.155002595;78.61500168;47.809999465;97.70999908;1.46371081785301;7.43169378347899;0.777819078579641;0.509117745125149;2
1137;2003;12;130;2003-12-01;2003-12-05;30022.4;4205.8;2677.6;2409.6;81.73000183;77.179998778;27.041999818;51.63199997;29616.8;4205.8;2655.6;2409.6;80.62799835;77.179998778;26.822000122;51.63199997;7.36335048542789;6.79291244692991;1.39616289149601;1.19886202048017;5
1136;2003;12;131;2003-12-06;2003-12-12;40046.2857142857;5642.42857142857;3736.71428571429;2774;109.02142988;103.541429791429;37.7385708957143;59.44285638;39286.2857142857;5631.71428571429;3712.85714285714;2774;106.949999127143;103.344286237143;37.49714279;59.44285638;5.19600741158711;34.7050036548891;4.04150809482196;3.84591450369659;7
1135;2003;12;132;2003-12-13;2003-12-19;33892.4285714286;17175;5361.42857142857;3081.14285714286;92.2685710357143;315.174283708571;54.14571435;66.0228565757143;32690;15644.4285714286;5361.42857142857;3081.14285714286;88.992857798571407;287.087142945714;54.14571435;66.0228565757143;10.2350060952036;57.0875476563555;6.63628191159074;0.889264806068038;7
1134;2003;12;133;2003-12-20;2003-12-26;24982.2857142857;17830;6277.71428571429;3143.28571428571;68.0114299228571;327.192860194286;63.3999998914286;67.35142735;24192.8571428571;16303.8571428571;6277.71428571429;3143.28571428571;65.8614273071429;299.187142508571;63.3999998914286;67.35142735;1.6170176894301;55.9403025254049;6.7443385732013;1.95264406040199;7
1133;2003;12;134;2003-12-27;2004-01-02;24546.7142857143;13788.5714285714;4489.57142857143;3584.14285714286;61.5985712328571;250.335712977143;41.64571435;66.3671439014286;24034;13188.5714285714;4475.14285714286;3584.14285714286;60.2814282014286;239.425713674286;41.5157143728571;66.3671439014286;7.56261216247729;27.5932308451037;5.51719758993947;12.7621187921151;7
1132;2004;1;135;2004-01-03;2004-01-09;32828.5714285714;10223.2857142857;4798.71428571429;4096.71428571429;65.5514292028571;186.125714982857;35.1171422685714;50.0099999557143;32079.5714285714;10064.1428571429;4798.71428571429;4096.71428571429;64.0571430742857;183.227142334286;35.1171422685714;50.0099999557143;5.68279500225669;33.1660478288973;2.35377457185298;0.565096060420163;7
1131;2004;1;136;2004-01-10;2004-01-16;45793.4285714286;6143.85714285714;8452.42857142857;4898.71428571429;91.4428569228571;111.854286195714;61.8571434014286;59.8028575357143;43849.5714285714;5986.42857142857;8421.71428571429;4898.71428571429;87.5585708614286;108.987143381429;61.63285773;59.8028575357143;3.83440707293321;15.7182303328607;14.6947938476901;5.52146107182755;7
1130;2004;1;137;2004-01-17;2004-01-23;39825.1428571429;4041.85714285714;14643.5714285714;7608.71428571429;79.5228576657143;73.58428519;107.167143685714;92.8828571871428;38734.4285714286;4038.57142857143;14067.1428571429;7608.71428571429;77.3428573614286;73.5257165085714;102.947142462857;92.8828571871428;5.19806561393155;9.14799280733358;23.7958912931219;13.087646741979;7
1129;2004;1;138;2004-01-24;2004-01-30;51502;4273.28571428571;25928.8571428571;10632.7142857143;102.839998517143;77.7999986928571;189.75428554;129.799999782857;50140.1428571429;4271;23667;10632.7142857143;100.120000567143;77.75857108;173.201426915714;129.799999782857;17.2090460982862;7.57249245430635;6.7198721334217;11.3238720340182;7
1128;2004;1;139;2004-01-31;2004-02-06;55140.7142857143;4627;28827.7142857143;15579.4285714286;106.304285321429;77.7085723885714;202.245712281429;145.37714277;52922.1428571429;4625.42857142857;18039.4285714286;12362.5714285714;102.03428432;77.6828580585714;126.579999652857;116.557144165714;4.51080416966967;3.52322121393538;14.8162708315477;21.2122218333406;7
1127;2004;2;140;2004-02-07;2004-02-13;57945.7142857143;3680.71428571429;20833.7142857143;18376.4285714286;111.007143292857;60.9657135;144.922855922857;164.632856097143;54426.4285714286;3680.71428571429;15630.1428571429;7036.85714285714;104.265714372857;60.9657135;108.725713457143;63.0414281571429;3.99645475832986;7.7906057226878;6.14188759141546;9.98660733367938;7
1126;2004;2;141;2004-02-14;2004-02-20;60484.8571428571;3131;14946.7142857143;19815.4285714286;115.872857228571;51.8585706442857;103.972856794286;177.522859844286;57333.4285714286;3129.85714285714;14083.7142857143;6852.57142857143;109.832856312857;51.8399996085714;97.97000013;61.3914288114286;2.24408689369612;6.39248533983469;3.84776852478248;2.59571644083455;7
1125;2004;2;142;2004-02-21;2004-02-27;73360.7142857143;2301.42857142857;15506;20645.4285714286;140.538570948571;38.1199994771429;107.862857272857;184.960000174286;68541.5714285714;2301.42857142857;15136.8571428571;7990.42857142857;131.304287501429;38.1199994771429;105.292857578571;71.58428628;12.5988900854226;2.06594617426682;6.02983193941791;4.5614002475353;7
1124;2004;2;143;2004-02-28;2004-03-05;75515;1872.28571428571;18760;21612.7142857143;151.811425347143;34.31142807;131.590000697143;173.049996514286;69793.8571428571;1872.28571428571;18433.2857142857;7355.71428571429;140.308569772857;34.31142807;129.295710974286;58.9328569671429;3.44936819728878;2.17329530824057;6.44866401738346;4.7032838239573;7
1123;2004;3;144;2004-03-06;2004-03-12;62039.5714285714;1724.85714285714;19649.8571428571;21574.2857142857;127.238571168571;32.9714284614286;138.251427787143;164.854287282857;55275.8571428571;1724.85714285714;19515.5714285714;4978.85714285714;113.365715027143;32.9714284614286;137.308571951429;38.0457134242857;12.453182251514;3.90083920587385;1.77699665382769;5.81802577515618;7
1122;2004;3;145;2004-03-13;2004-03-19;52082.8571428571;3004.71428571429;20606.2857142857;19417.4285714286;106.818570818571;57.43857084;144.981430052857;148.374282838571;49218.1428571429;2993.57142857143;20606.2857142857;5274.14285714286;100.941428048571;57.2257134571429;144.981430052857;40.3014292057143;2.85561777682688;6.15197220103528;3.41936323638284;5.80829310640412;7
1121;2004;3;146;2004-03-20;2004-03-26;49090.4285714286;2810.28571428571;21495.2857142857;18673.5714285714;100.681428092857;53.7200001314286;151.234287805714;142.688570295714;43812.4285714286;2810.28571428571;20541.8571428571;5068;89.8557139785714;53.7200001314286;144.527141027143;38.72714288;4.34006438017125;6.77902965534656;7.93253836654067;5.70945651927076;7
1120;2004;3;147;2004-03-27;2004-04-02;41674;2563.28571428571;19009.8571428571;20953.2857142857;92.9871433814286;50.17000035;142.157145907143;160.13999939;38752.1428571429;2556.57142857143;18724.5714285714;5317.42857142857;86.6042872842857;50.0414287042857;140.140003747143;40.6414293585714;10.7058867282072;5.18641315597524;13.626812380622;6.73059093819591;7
1119;2004;4;148;2004-04-03;2004-04-09;39455.2857142857;2321.14285714286;17534.1428571429;20099.1428571429;107.078570774286;48.4442852585714;151.117141724286;153.685714721429;38066.4285714286;2321.14285714286;17522;4760.71428571429;103.312857492857;48.4442852585714;151.011428832857;36.4028570985714;2.13620932107046;2.72995639692034;3.29495693509935;5.68881288462302;7
1118;2004;4;149;2004-04-10;2004-04-16;46785.1428571429;1917.14285714286;16156.7142857143;19040;126.972856795714;40.0114288342857;139.247144425714;145.58857291;42408.7142857143;1917.14285714286;15586;4851.57142857143;115.09714181;40.0114288342857;134.32571629;37.0985712314286;2.90816535004656;2.58956624933088;6.62607267225062;6.11364975717107;7
1117;2004;4;150;2004-04-17;2004-04-23;46880.2857142857;3190.85714285714;14218.4285714286;18158.5714285714;127.231427872857;66.59571457;122.541428701429;138.848571777143;40102.2857142857;3190.85714285714;14117.1428571429;4049.85714285714;108.835712977143;66.59571457;121.66857038;30.9671429214286;3.89940162875246;20.7359692187675;3.46057422581216;1.82215754359681;7
1116;2004;4;151;2004-04-24;2004-04-30;38095.7142857143;3402;14792.1428571429;15685.2857142857;103.39000048;71.0042855385714;127.484287805714;119.937144687143;33321.7142857143;3402;12541.4285714286;4337;90.4328580571429;71.0042855385714;108.08857182;33.1628567828571;5.28155109058871;9.10174504793928;13.9797807554526;2.94674769118832;7
1115;2004;5;152;2004-05-01;2004-05-07;31995.8571428571;5208;13087.7142857143;13294.4285714286;118.137142727143;83.9728567942857;186.172858101429;155.98285784;28238.8571428571;5208;9233.14285714286;3881.28571428571;104.264285495714;83.9728567942857;131.340000695714;45.5399998242857;7.62680288942134;17.3450985570379;12.6212788681661;4.99626535197723;7
1114;2004;5;153;2004-05-08;2004-05-14;32573.2857142857;7282.71428571429;9782.85714285714;11371.8571428571;120.2714277;117.425713674286;139.162855967143;133.424285888571;31910.1428571429;7282.71428571429;8055.28571428571;3910.71428571429;117.820000785714;117.425713674286;114.587142944286;45.88571385;1.85125129759338;12.6647741463736;9.65590948656695;11.0094003865896;7
1113;2004;5;154;2004-05-15;2004-05-21;33113.4285714286;6042.57142857143;7359;9155.14285714286;122.264285498571;97.4300003028572;104.682856967143;107.417143687143;31974.8571428571;6042.57142857143;7312.57142857143;4210.28571428571;118.058570862857;97.4300003028572;104.021428788571;49.4014282242857;3.80563807389648;18.6445355955368;6.66285122251436;5.10470419379397;7
1112;2004;5;155;2004-05-22;2004-05-28;37008.8571428571;6691.57142857143;6000.57142857143;7629.42857142857;136.645715985714;107.89428602;85.3571439471428;89.5142865857143;34481.5714285714;6691.57142857143;6000.57142857143;3833.57142857143;127.314286368571;107.89428602;85.3571439471428;44.9799995414286;7.16361608210067;32.3273475754371;5.11902262311192;4.76352180504805;7
1111;2004;5;156;2004-05-29;2004-06-04;38960.2857142857;6582.14285714286;5366.42857142857;5937.28571428571;155.411424911429;95.7728565757143;98.00571442;112.294283185714;32817.4285714286;6582.14285714286;5366.42857142857;3325;131.362856185714;95.7728565757143;98.00571442;65.9028565542857;12.58754186858;18.405739049477;17.3946158094424;28.5335878599734;7
1110;2004;6;157;2004-06-05;2004-06-11;34406.8571428571;5701.57142857143;4696.71428571429;4550.71428571429;145.408573694286;75.2042857571429;101.177142551429;113.752857752857;31289.1428571429;5699.28571428571;4696.71428571429;3681.85714285714;132.23285784;75.1742858871429;101.177142551429;92.0328565328571;5.31885723905656;16.8696294242792;1.83195338919839;11.306983079628;7
1109;2004;6;158;2004-06-12;2004-06-18;31678.2857142857;8712.42857142857;4456.42857142857;3676;133.728569031429;114.918570382857;95.9999989114286;91.8885705142857;28202.8571428571;8709.42857142857;4456.42857142857;3615;119.058571951429;114.878570557143;95.9999989114286;90.3614283957143;3.43668595124592;15.6018012310763;1.16968531839764;2.69565314239515;7
1108;2004;6;159;2004-06-19;2004-06-25;27169.2857142857;5923.71428571429;4124.85714285714;3148;114.51714325;78.1357138514286;88.8571439471429;78.6885713857143;26364.8571428571;5923.71428571429;4124.85714285714;3138.71428571429;111.130001615714;78.1357138514286;88.8571439471429;78.4557146342857;2.76489899411064;8.0271506908384;2.02638147282168;5.52173089930679;7
1107;2004;6;160;2004-06-26;2004-07-02;25228.1428571429;4685.85714285714;4083.71428571429;2778.42857142857;112.43142809;61.3771411357143;93.2942864557143;83.7485711214286;25087.8571428571;4685.85714285714;4083.71428571429;2771.42857142857;111.789999824286;61.3771411357143;93.2942864557143;83.5599997371429;8.20662283834857;4.96169151636995;8.15641461461801;23.48364799015;7
1106;2004;7;161;2004-07-03;2004-07-09;23704.4285714286;8445.28571428571;4074.85714285714;2495.71428571429;120.531427654286;108.509999957143;106.681429182857;108.420001438571;23371.4285714286;8434;4074.85714285714;2489.42857142857;118.840000697143;108.365713937143;106.681429182857;108.14428602;2.36831918433283;22.4267766221047;0.712097952753684;3.75228302531571;7
1105;2004;7;162;2004-07-10;2004-07-16;26020.5714285714;8955.57142857143;3970.85714285714;2247.14285714286;132.309999738571;115.067144122857;103.957143511429;97.6228583185714;25820.2857142857;8250.42857142857;3970.85714285714;2244.57142857143;131.291428701429;106.005716597143;103.957143511429;97.5099999557143;4.929687949741;24.999519468048;1.2424667626651;3.78641257323335;7
1104;2004;7;163;2004-07-17;2004-07-23;29030.8571428571;12419.8571428571;3846.57142857143;2321.28571428571;147.617146081429;159.578571864286;100.704285758571;100.844284057143;25466.8571428571;11244.5714285714;3802.28571428571;2316.57142857143;129.49571337;144.477141244286;99.5442853657143;100.638570512857;4.08806316215521;20.9918922084913;3.43097665706411;3.15693583455574;7
1103;2004;7;164;2004-07-24;2004-07-30;25084.4285714286;7348.71428571429;3615.42857142857;1914.57142857143;127.551428658571;94.4214292271429;94.6514304028572;83.1742847985714;22484.4285714286;7149.28571428571;3615.42857142857;1910;114.32999965;91.8585706457143;94.6514304028572;82.9757134557143;4.07813688591151;10.8054693540545;4.10851762681415;5.56659390506127;7
1102;2004;7;165;2004-07-31;2004-08-06;21228.1428571429;4978.57142857143;3365.28571428571;1767.42857142857;126.284285408571;70.2471422457143;99.0571430742857;104.524287632857;20648.7142857143;4978.57142857143;3365.28571428571;1767;122.901427134286;70.2471422457143;99.0571430742857;104.498573302857;7.50645371008035;8.53718841116422;4.6340405113553;10.6842149044373;7
1101;2004;8;166;2004-08-07;2004-08-13;18688;3356.28571428571;3149.71428571429;1648;114.01714325;48.2285712085714;94.46142905;102.065713064286;18551;3356.28571428571;3149.71428571429;1639.71428571429;113.181429182857;48.2285712085714;94.46142905;101.549998691429;3.08876194674877;5.29516239177949;2.6357762360054;3.24922479129685;7
1100;2004;8;167;2004-08-14;2004-08-20;16979.8571428571;2770.42857142857;2909.14285714286;1531.42857142857;103.594286238571;39.8114286142857;87.2442844928571;94.8442851485714;16860.8571428571;2770.42857142857;2895.71428571429;1521.71428571429;102.872856138571;39.8114286142857;86.8414284842857;94.242857798571407;2.77319739205273;3.70124565736638;0.749543023501332;4.61612320174531;7
1099;2004;8;168;2004-08-21;2004-08-27;16455;2571.57142857143;2861.42857142857;1517.85714285714;100.394286018571;36.9528568814286;85.8128585814286;94.0028566642857;16354.7142857143;2556.71428571429;2838;1513.14285714286;99.78000096;36.7399994985714;85.10999952;93.7100001742857;0.881172370485421;1.71302898929579;0.272213145535903;5.6124914451554;7
1098;2004;8;169;2004-08-28;2004-09-03;15917.5714285714;3137.42857142857;2759.28571428571;1474.71428571429;97.3757138928571;42.6214283528571;86.87714277;101.205714634286;15765.7142857143;3137.42857142857;2735.28571428571;1470.71428571429;96.4485724314286;42.6214283528571;86.1228572314286;100.922857011429;1.84592682901052;7.16993116339872;5.79506856359834;8.53460371237635;7
1097;2004;9;170;2004-09-04;2004-09-10;14161.2857142857;2243.42857142857;2860.71428571429;1346;86.9528568828571;27.70857157;95.71142796;105.457142421429;14068;2243.42857142857;2837;1346;86.3800016142857;27.70857157;94.9185714728571;105.457142421429;3.56346637530131;2.88589853272531;0.900118445003309;1.80701292667088;7
1096;2004;9;171;2004-09-11;2004-09-17;13699.8571428571;6239.85714285714;2742.71428571429;1335;84.1214272642857;77.0714291157143;91.7614288314286;104.594286235714;13517.2857142857;6190.71428571429;2721.85714285714;1335;82.9985711228571;76.4642862585714;91.06714194;104.594286235714;2.06953566124557;38.0587988786976;2.08470338189376;4.02210907462171;7
1095;2004;9;172;2004-09-18;2004-09-24;14516.2857142857;5411.57142857143;2618.28571428571;1289;89.1328571857143;66.8385712757143;87.5999973842857;100.990001135714;14426.8571428571;5168.57142857143;2598.28571428571;1289;88.5842851914285;63.8371423985714;86.9300003042857;100.990001135714;2.03192811227805;6.17087766055214;0.627905961647597;3.1482170132004;7
1094;2004;9;173;2004-09-25;2004-10-01;12784.8571428571;8319.71428571429;2543;1056.57142857143;76.8914271742857;100.811428615714;84.0985717771429;81.5357153757143;12718.2857142857;5365.57142857143;2518.71428571429;1056.57142857143;76.4928572514286;64.7085712957143;83.2971420285714;81.5357153757143;8.52576577219335;22.1654296707788;3.92282986578245;5.58135034975398;7
1093;2004;10;174;2004-10-02;2004-10-08;12848.1428571429;4027.42857142857;2666.28571428571;1168.14285714286;66.1499993442857;42.1357143942857;81.8114286157143;81.8799994328571;12759;3822.71428571429;2642.14285714286;1168.14285714286;65.6914285942857;39.9942861285714;81.0699996942857;81.8799994328571;3.32128237163195;6.60435470225668;3.33360095685374;6.88946713803055;7
1092;2004;10;175;2004-10-09;2004-10-15;15872;7156.14285714286;2796.85714285714;1264.71428571429;81.7171423785714;74.8685725042857;85.8185719071429;88.64857047;15736.2857142857;6878.14285714286;2768;1264.71428571429;81.0199999114286;71.9585721142857;84.9328569685714;88.64857047;12.6133180903957;43.7482814982505;0.53863008582475;4.2361156402132;7
1091;2004;10;176;2004-10-16;2004-10-22;24963;12640.8571428571;2665.14285714286;1313.71428571429;128.382857185714;132.248571122857;81.7771432071429;92.0828563142857;23275.5714285714;11815.4285714286;2636.57142857143;1313.71428571429;119.711427961429;123.612856184286;80.9000015271429;92.0828563142857;5.92485559388156;11.7358626130362;1.8816220150014;3.62099829241241;7
1090;2004;10;177;2004-10-23;2004-10-29;27734;16086.2857142857;2643.85714285714;1449.85714285714;142.454286847143;168.292858667143;81.1242861071429;101.628571645714;24187.1428571429;14180.2857142857;2614.85714285714;1449.85714285714;124.234285628571;148.355712891429;80.2342867171429;101.628571645714;6.12361549817594;29.0657836170897;3.47094634589357;15.599896841249;7
1089;2004;10;178;2004-10-30;2004-11-05;23696.7142857143;13279.2857142857;2866;1913.85714285714;104.192855834286;178.209997995714;64.1299999785714;96.4785723014286;20917.5714285714;6730.57142857143;2855;1913.85714285714;91.29285758;91.7657143714286;63.8257146585714;96.4785723014286;10.0981929454868;39.6267961839859;18.0139850035362;26.5449684543925;7
1088;2004;11;179;2004-11-06;2004-11-12;23380;11956.8571428571;3128.85714285714;1812.57142857143;95.0057144157143;174.130002701429;59.0942851485714;76.9757145471429;20244.1428571429;8267.57142857143;3124.71428571429;1812.57142857143;82.2642854957143;120.40285819;59.0157132842857;76.9757145471429;4.85973313217111;17.7541970135399;2.28072289437293;1.21527609028215;7
1087;2004;11;180;2004-11-13;2004-11-19;25369.4285714286;11076.7142857143;2883.57142857143;1805.14285714286;103.089999607143;161.30999756;54.4628573828571;76.6600014814286;23448.2857142857;7288.28571428571;2862.42857142857;1805.14285714286;95.2828554414286;106.139999391429;54.0628574914286;76.6600014814286;10.3845875017371;9.95176158939418;3.42636198100368;2.21442197288689;7
1086;2004;11;181;2004-11-20;2004-11-26;26086.4285714286;6660.28571428571;3327.28571428571;1963.85714285714;105.999999998571;96.9971433357143;62.8428579042857;83.4014282242857;24983.5714285714;6470.28571428571;3317.57142857143;1963.85714285714;101.519999911429;94.2285712085714;62.65857206;83.4014282242857;7.69268042281095;13.648568066627;4.47887433885162;5.4624645029246;7
1085;2004;11;182;2004-11-27;2004-12-03;24163.1428571429;4786.28571428571;3630.85714285714;2737.42857142857;83.29999978;76.4828567514286;54.7385711671429;89.18571363;22988;4745.57142857143;3630.85714285714;2737.42857142857;78.7214279171428;75.8557161614286;54.7385711671429;89.18571363;10.7141415947197;3.92215012838488;15.7726508895824;22.5716181626649;7
1084;2004;12;183;2004-12-04;2004-12-10;27777;4114.85714285714;3909.85714285714;3010.28571428571;75.3185719085714;74.7357145042857;39.87714277;65.0571414428571;27307.8571428571;4105.42857142857;3909.85714285714;3010.28571428571;74.0485730857143;74.5657152442857;39.87714277;65.0571414428571;4.50732214949986;3.43851236355016;2.57203962552632;2.68007294056799;7
1083;2004;12;184;2004-12-11;2004-12-17;32992;5080.14285714286;4841.42857142857;2755.42857142857;89.4600012642857;92.2685710357143;49.0514292042857;59.5528569885714;32279.2857142857;5059.85714285714;4841.42857142857;2755.42857142857;87.52999987;91.9014271314286;49.0514292042857;59.5528569885714;2.40057009231228;4.21621268432708;11.4174610000504;3.68870245423604;7
1082;2004;12;185;2004-12-18;2004-12-24;40553.5714285714;4526.42857142857;5273.14285714286;3248.57142857143;109.967141287143;82.2128579271428;52.8100002828572;70.2085712957143;39231.1428571429;4523.85714285714;5273.14285714286;3248.57142857143;106.379999432857;82.1657158985714;52.8100002828572;70.2085712957143;19.5044155878094;2.37354028862559;4.15541412266379;2.85943040078684;7
1081;2004;12;186;2004-12-25;2004-12-31;51296.7142857143;3734.28571428571;8047.85714285714;4023.42857142857;139.097141811429;67.53571374;80.599999562857107;86.9571424228571;48722;3729;8047.85714285714;4023.42857142857;132.117142814286;67.4414285928572;80.599999562857107;86.9571424228571;7.10366773377873;11.7174869329439;7.71541442654502;7.57095200650058;7
1080;2005;1;187;2005-01-01;2005-01-07;45054.8571428571;2980.85714285714;11461.8571428571;4102.71428571429;89.5142854942857;53.6942858028571;82.9885711671429;50.0842857357143;43011.5714285714;2966.85714285714;11461.8571428571;4102.71428571429;85.4557135457143;53.4428569257143;82.9885711671429;50.0842857357143;4.05583353447403;2.93115313776655;8.0925354662169;0.90529714988061;7
1079;2005;1;188;2005-01-08;2005-01-14;53133.7142857143;4365.14285714286;12497.7142857143;4269.28571428571;105.564285278571;78.63143049;90.4900000428571;52.11857169;46890.2857142857;4351.28571428571;12496.7142857143;4269.28571428571;93.1628603257143;78.3785711014286;90.48285784;52.11857169;2.91961020495345;11.2387422184658;8.98841483441425;0.858262818869037;7
1078;2005;1;189;2005-01-15;2005-01-21;64128.1428571429;3879;11495.8571428571;5455.42857142857;127.408572604286;69.8714288985714;83.2342867185714;66.5985712314286;51854.1428571429;3867.71428571429;11495.8571428571;5455.42857142857;103.022858757143;69.6699987142857;83.2342867185714;66.5985712314286;12.4110751915913;5.4975466062997;3.4686052615889;6.47918094658273;7
1077;2005;1;190;2005-01-22;2005-01-28;77217.1428571429;4509.14285714286;11676.1428571429;7065.14285714286;153.412859234286;81.2242862142857;84.5399998257143;86.2485722142857;52475.7142857143;4421;11676.1428571429;7065.14285714286;104.260001045714;79.6342866071429;84.5399998257143;86.2485722142857;6.8601203819832;15.2415947040034;1.68004869527823;4.24982581749735;7
1076;2005;1;191;2005-01-29;2005-02-04;82404;3929;12884.7142857143;8233.57142857143;159.967141288571;67.4499985828571;90.6371427271429;84.8757149828571;51114.7142857143;3898.57142857143;12884.7142857143;8233.57142857143;99.1842858442857;66.9185703814286;90.6371427271429;84.8757149828571;5.00249190325132;12.3948845477798;1.5672133434838;11.8787218707935;7
1075;2005;2;192;2005-02-05;2005-02-11;67727.7142857143;2428;11901.7142857143;9720.85714285714;129.165714808571;39.7328575685714;81.9714279171428;87.08857182;40376.2857142857;2417.71428571429;11863.7142857143;9527.71428571429;77.0028566642857;39.5642850042857;81.7100001757143;85.3571428557143;6.82177671866721;7.13205592778565;4.09790924701102;3.38093929758999;7
1074;2005;2;193;2005-02-12;2005-02-18;46239.8571428571;1660.57142857143;14951.7142857143;10521.8571428571;88.1842836642857;27.1757147657143;102.978572302857;94.2657143742857;39272.2857142857;1652.14285714286;13074.7142857143;7856.28571428571;74.8971437728571;27.0357145585714;90.05142975;70.3828560971429;4.08547158825424;1.82615131864554;4.90857990504609;1.89230769850729;7
1073;2005;2;194;2005-02-19;2005-02-25;38196.5714285714;1648.57142857143;18432.8571428571;12747;72.8471429;26.9799998157143;126.954286847143;114.198571342857;37057.5714285714;1639.85714285714;13844.1428571429;8785.28571428571;70.6728570128572;26.8342857357143;95.349999562857107;78.7057135442857;3.12259899233974;1.73980686731268;7.12600343474777;4.78238091967362;7
1072;2005;2;195;2005-02-26;2005-03-04;40990.4285714286;1837.85714285714;15421.5714285714;12345.1428571429;81.5371431614286;32.6714289528571;106.872857228571;101.598572868571;39412.5714285714;1828.42857142857;13331.7142857143;6624;78.3757149857143;32.5099999571429;92.4114281785714;54.5771429871428;9.66495175988811;1.48063066819542;5.49400354479842;9.18888238603906;7
1071;2005;3;196;2005-03-05;2005-03-11;47660.4285714286;1453.85714285714;12550.2857142857;12221;97.2885731285714;27.49285698;87.4314291828571;93.3842860614286;42681;1446.28571428571;11177.5714285714;5664.85714285714;87.1214294457143;27.3499998371429;77.8671428128572;43.2871426171429;2.13698752669205;3.03748770073784;10.6765194984789;2.96900503186235;7
1070;2005;3;197;2005-03-12;2005-03-18;44488.8571428571;1826.14285714286;12234.5714285714;16103.7142857143;90.8157163357143;34.5328573485714;85.23285675;123.052856445714;41087.2857142857;1811.14285714286;10282.7142857143;4624.14285714286;83.8714283542857;34.2500002728571;71.63571494;35.3342857357143;3.60338486267774;7.31677753045022;5.99461216583489;1.98761865309938;7
1069;2005;3;198;2005-03-19;2005-03-25;55804.7142857143;1849;15750.4285714286;18293.2857142857;113.912858145714;34.9642857142857;109.72428676;139.781430924286;49055;1838.57142857143;11962;4848.28571428571;100.135713851429;34.7685713085714;83.3314296185714;37.0457142414286;5.3518617735655996;8.43896457436859;6.07852350902441;4.32172688254209;7
1068;2005;3;199;2005-03-26;2005-04-01;57718.1428571429;2061;18363.2857142857;18242.7142857143;122.61857278;39.5199999128571;132.050001961429;139.409999302857;46549.4285714286;2052.28571428571;14321.7142857143;4512.42857142857;99.3714272642857;39.3542856485714;103.07142857;34.4842850828571;11.4899011592343;6.73815663129419;11.2548867354123;4.07695458409958;7
1067;2005;4;200;2005-04-02;2005-04-08;44376.1428571429;5974.28571428571;17061.2857142857;17086;119.848570688571;123.049999782857;145.549996514286;130.647140504286;40987.4285714286;5912;14473.2857142857;5029.14285714286;110.695712498571;121.767143248571;123.472856794286;38.4557140885714;6.39672964214522;34.7722017746022;6.9600511127141;1.78602797215668;7
1066;2005;4;201;2005-04-09;2005-04-15;32771.8571428571;4365.28571428571;14589.2857142857;14116.1428571429;88.50857217;89.9099993028571;124.464286804286;107.938571385714;32237.1428571429;4301.28571428571;14583.7142857143;4987.57142857143;87.0628574928571;88.5928562685714;124.417143685714;38.1385713314286;6.24673773474078;18.7137346027302;9.38665983871188;7.04007636718234;7
1065;2005;4;202;2005-04-16;2005-04-22;27169.7142857143;2906.57142857143;10080.5714285714;10896.4285714286;73.3785705571429;59.8671422671429;85.9971411571429;83.3200007857143;26856.7142857143;2876.42857142857;9608.42857142857;5165.71428571429;72.5328576228571;59.2471433385714;81.9700001314286;39.4985705785714;2.28348205294014;4.64914589506156;15.1841260435574;2.37886140568316;7
1064;2005;4;203;2005-04-23;2005-04-29;28663.7142857143;3675.28571428571;7782.42857142857;10154;77.4114292685714;75.70000131;66.3942871114286;77.6428571428571;28306.8571428571;3668.42857142857;7524.14285714286;4645.14285714286;76.4485713414286;75.5585719514286;64.1914285928572;35.5199999114286;4.51276923292874;13.1383159510228;1.1696928088939;8.67687345211786;7
1063;2005;4;204;2005-04-30;2005-05-06;30101;2712.14285714286;9211.57142857143;11830.5714285714;106.234285627143;45.3142863685714;123.460000174286;132.207142421429;29749.8571428571;2707.14285714286;8161.71428571429;4282;104.99142783;45.23285675;108.685713631429;47.55714253;10.2772529220095;10.3299785245006;38.0027443535691;7.78218083025435;7
1062;2005;5;205;2005-05-07;2005-05-13;25351.4285714286;2507.71428571429;7105.42857142857;11584.5714285714;93.1557137628571;39.8728566871429;100.045714242857;135.91999817;25222.4285714286;2488;5971.28571428571;4376.71428571429;92.68142809;39.5585714057143;84.0757141114286;51.3514289871429;4.42166856479084;5.06070269997881;14.8680656248055;3.63736837575333;7
1061;2005;5;206;2005-05-14;2005-05-20;22985;10348;6459.28571428571;8497.85714285714;84.4600012642857;164.528569902857;90.94428471;99.7042846671428;22871;5288.57142857143;6443.42857142857;4471.14285714286;84.0400009157143;84.0857140671429;90.7242856714286;52.4585718442857;2.35928742437986;42.713786972193;6.98182570768972;8.53015497730657;7
1060;2005;5;207;2005-05-21;2005-05-27;29792;21065.5714285714;5263.71428571429;7093.42857142857;109.471430095714;334.934282574286;74.1128583642857;83.2257156371429;29239.5714285714;15941.4285714286;5239.14285714286;4198.71428571429;107.441429137143;253.461427962857;73.76714107;49.2628571642857;22.068807450564;50.9563178918536;2.67080324821604;5.98706059782118;7
1059;2005;5;208;2005-05-28;2005-06-03;37300;9714.71428571429;4833;5307.42857142857;145.091428484286;144.370001655714;82.6728570128571;90.4242853428571;36190.1428571429;9225.71428571429;4821.71428571429;4568.71428571429;140.935714721429;136.731428964286;82.49142783;78.5542858671429;6.57882260514494;33.0004991510602;16.7321105164657;29.8166084526198;7
1058;2005;6;209;2005-06-04;2005-06-10;27548.8571428571;5560.71428571429;4965;4410.42857142857;115.880000522857;72.2271434242857;105.829998562857;110.245715551429;27224;5554;4964.71428571429;3901;114.51285771;72.1399988442857;105.822855268571;97.5142854957143;12.6343125441941;12.8498788503213;3.15062865322978;4.91087058431495;7
1057;2005;6;210;2005-06-11;2005-06-17;22800.8571428571;15039.1428571429;4654.85714285714;3490.42857142857;95.9085715157143;195.338569095714;99.2171423785714;87.2485733028571;22523.8571428571;11413;4651;3490.42857142857;94.7428567071429;148.240000044286;99.1357149385714;87.2485733028571;1.65218769935531;76.9848071561966;7.54792269428011;4.41711965049604;7
1056;2005;6;211;2005-06-18;2005-06-24;25199;20702.8571428571;3956.71428571429;3044;105.994283401429;268.904288155714;84.3371407657143;76.0871418542857;24152.1428571429;16137.8571428571;3956.71428571429;3043.28571428571;101.592856271429;209.60999843;84.3371407657143;76.0685708171428;1.65402276532213;41.3186121289178;1.46476149374242;3.37674062982086;7
1055;2005;6;212;2005-06-25;2005-07-01;24099;9030.71428571429;3960.28571428571;2643.42857142857;104.234285628571;116.908571517143;86.95285797;72.57857023;23680.7142857143;8718.14285714286;3960.28571428571;2643.42857142857;102.468571252857;112.854286192857;86.95285797;72.57857023;6.54589695262621;17.641121914636;6.40837250311764;15.4751447608746;7
1054;2005;7;213;2005-07-02;2005-07-08;21300.4285714286;6291.85714285714;3768.71428571429;2292.42857142857;108.06857191;79.3342862814286;97.39428602;99.5914284871428;21209.1428571429;6260.85714285714;3746;2292.42857142857;107.608571735714;78.9414280485714;96.8085708614286;99.5914284871428;4.16931886412421;3.30366867394332;2.29361170861519;3.47341500202623;7
1053;2005;7;214;2005-07-09;2005-07-15;19117.8571428571;4884.71428571429;3620.14285714286;2075.71428571429;96.9942866728572;61.5914284857143;93.5557141985714;90.1742847985714;18993.1428571429;4877.85714285714;3600.57142857143;2075.71428571429;96.3628572714286;61.5042849942857;93.0499997814286;90.1742847985714;3.20738575970713;5.5554984080069;1.82113430262743;6.30765520127099;7
1052;2005;7;215;2005-07-16;2005-07-22;18391.1428571429;6564.85714285714;3445.71428571429;1835.57142857143;93.30857086;82.7771421171429;89.0485730842857;79.7428588871429;18251.8571428571;6402.57142857143;3426.57142857143;1835.57142857143;92.60142953;80.7285706657143;88.5528597157143;79.7428588871429;2.83416255543372;14.8506767294303;0.67591209140173;1.66506030409235;7
1051;2005;7;216;2005-07-23;2005-07-29;19927.4285714286;9523.71428571429;3463.28571428571;1661.28571428571;101.10571507;120.085715157143;89.5014299671429;72.1714281357143;19866.7142857143;9212.85714285714;3446.28571428571;1661.28571428571;100.794285364286;116.165714808571;89.0614297057143;72.1714281357143;1.82939628449783;15.0646788401955;0.508081632388857;3.46970550612134;7
1050;2005;7;217;2005-07-30;2005-08-05;18685;6150.85714285714;3250.14285714286;1413.28571428571;108.027143207143;83.5771418985714;92.61428506;79.4299992128571;18617.1428571429;6140.85714285714;3231.57142857143;1413.28571428571;107.632857185714;83.4428569242857;92.0885718214286;79.4299992128571;6.55468359099352;8.83698207464814;5.01168916867647;9.97289051299778;7
1049;2005;8;218;2005-08-06;2005-08-12;15988.1428571429;5413.71428571429;2944.28571428571;1315.71428571429;97.3128564028572;76.16714314;87.2514288757143;81.4842856271429;15848;5359.42857142857;2922.42857142857;1315.71428571429;96.45714351;75.4042854314286;86.6042851042857;81.4842856271429;3.03062561999727;18.6877243219364;0.587164680702079;2.22933320283639;7
1048;2005;8;219;2005-08-13;2005-08-19;15400.7142857143;5248.57142857143;2959.42857142857;1275.42857142857;93.7400000428571;73.8428562714286;87.6985713428572;78.9885711671429;15256.1428571429;5227.85714285714;2937;1275.42857142857;92.8571439485714;73.5528564442857;87.0342864971429;78.9885711671429;1.3830489551833;7.85072630246949;0.482868985510301;2.46978464743019;7
1047;2005;8;220;2005-08-20;2005-08-26;14985.7142857143;4727.28571428571;2948.85714285714;1162;91.2100001757143;66.5114282871429;87.3871416357143;71.9657135014286;14863.2857142857;4641.57142857143;2927;1162;90.4657124114286;65.3042864128571;86.7385711671428;71.9657135014286;2.04323169102044;3.42012653077;0.770571666136843;9.4953830898929;7
1046;2005;8;221;2005-08-27;2005-09-02;14710.4285714286;10855.4285714286;2876;1033.71428571429;89.4757134585714;139.025714328571;88.08857182;69.0285699028571;14561.5714285714;8977.85714285714;2850.71428571429;1033.71428571429;88.5699996942857;115.440000261429;87.3114286142857;69.0285699028571;1.4873787378379;76.0061828667656;4.12999030714079;10.6765106947994;7
1045;2005;9;222;2005-09-03;2005-09-09;17175.5714285714;21553.1428571429;2884;940.857142857143;104.467142377143;257.998574392857;95.61428506;73.7157135;17039.7142857143;14044;2872.57142857143;940.857142857143;103.645713805714;168.111427307143;95.2357134142857;73.7157135;6.24803884762758;35.7163665325348;0.636364816377105;4.53478331633489;7
1044;2005;9;223;2005-09-10;2005-09-16;17837.7142857143;18678.5714285714;2885.28571428571;1043.57142857143;107.702856881429;223.58857073;95.6571415485714;81.76285662;17764;6907.14285714286;2856.71428571429;1043.57142857143;107.261429921429;82.6799997614286;94.7099990842857;81.76285662;3.66005126246229;22.7421392058986;1.58218336088784;4.08350315504378;7
1043;2005;9;224;2005-09-17;2005-09-23;19347.2857142857;19453.1428571429;3096.14285714286;952.714285714286;116.819998605714;232.858570644286;102.648570471429;74.6457138071429;19234.7142857143;11877.4285714286;3067.28571428571;952.714285714286;116.138569422857;142.177143642857;101.692856922857;74.6457138071429;0.571764787913474;22.6991832137746;3.49123498631379;4.51028461837485;7
1042;2005;9;225;2005-09-24;2005-09-30;21388.1428571429;15018;2789;1031.28571428571;129.140000478571;179.76714216;92.4657135014286;80.7985719971429;20758;9607.71428571429;2760.42857142857;1031.28571428571;125.337141854286;115.005713325714;91.5171421585714;80.7985719971429;4.24546362519774;20.5931850955488;1.69312026260325;6.45473836829317;7
1041;2005;10;226;2005-10-01;2005-10-07;21684.7142857143;20878.1428571429;3003.28571428571;1079.42857142857;109.872856138571;212.677143641429;91.2442855828572;75.6628570585714;17449.1428571429;6702;2974.85714285714;1079.42857142857;88.4128559671428;68.2699993685714;90.3785716471428;75.6628570585714;8.07745882842923;49.0611690649221;3.24948087429603;3.52961442024393;7
1040;2005;10;227;2005-10-08;2005-10-14;22944.1428571429;22419.8571428571;2995.28571428571;1155.85714285714;116.252856664286;228.38142831;91.0000010914286;81.0185699442857;18553.1428571429;9202.14285714286;2967.57142857143;1155.85714285714;94.0057133271429;93.7371425642857;90.15714264;81.0185699442857;10.3300654951802;55.7498466733803;3.35263092144793;3.12989564250456;7
1039;2005;10;228;2005-10-15;2005-10-21;19793.1428571429;26539.1428571429;2701;979.571428571429;100.28857095;270.341426302857;82.0571419842857;68.6642859314286;17818.2857142857;9286.14285714286;2672.28571428571;979.571428571429;90.2814276542857;94.5914301171429;81.1842858457143;68.6642859314286;11.3950886849646;52.1856341200887;5.07857623554585;3.04481508731304;7
1038;2005;10;229;2005-10-22;2005-10-28;22265.8571428571;15506;2443.71428571429;1025;112.817141941429;157.951426915714;74.2400000428571;71.8457151142857;18938.5714285714;7121.42857142857;2415.14285714286;1025;95.9571424214286;72.5428573057143;73.3728572314286;71.8457151142857;10.4260698198389;45.0796427149426;1.91561752544796;3.83113978435307;7
1037;2005;10;230;2005-10-29;2005-11-04;28989.1428571429;20292.8571428571;2334.28571428571;1065.42857142857;128.60999952;244.261426652857;55.12571444;58.58714349;22932.4285714286;6698.28571428571;2305.71428571429;1065.42857142857;101.821428571429;86.8842866085714;54.4499996714286;58.58714349;9.0869670145007;64.3214099807998;14.3009463148458;19.1328940981306;7
1036;2005;11;231;2005-11-05;2005-11-11;25961.2857142857;13066.2857142857;2602.85714285714;1076.71428571429;103.961427961429;185.674285888571;48.3714288985714;45.72714288;23788.1428571429;7001;2592.85714285714;1076.71428571429;95.2614288314286;99.4857139585714;48.1857141757143;45.72714288;5.41775677427361;27.6247569690643;2.1020614078714;5.87536616693611;7
1035;2005;11;232;2005-11-12;2005-11-18;22564.8571428571;8578;3982.85714285714;1314;90.3614283971428;121.892857142857;74.01714216;55.8028575357143;20681.4285714286;6838.71428571429;3982.85714285714;1314;82.8199986028571;97.1785714285714;74.01714216;55.8028575357143;3.34245451828491;14.4199002945473;15.3225238460863;3.06882609684425;7
1034;2005;11;233;2005-11-19;2005-11-25;24460;5990;4795.57142857143;1663.42857142857;97.9485724314286;85.1171417242857;89.1185716885714;70.6428565985714;23749.4285714286;5488;4795.57142857143;1663.42857142857;95.10571398;77.9871422885714;89.1185716885714;70.6428565985714;5.2150424786932;9.57452521904397;6.42997194709431;15.3968044544095;7
1033;2005;11;234;2005-11-26;2005-12-02;36265.1428571429;4878.42857142857;6959.42857142857;2287.14285714286;129.664285931429;73.7271434228571;110.087142945714;83.53857095;34757.5714285714;4763.85714285714;6358.85714285714;2287.14285714286;124.298571994286;72.0657141557143;101.56428527999999;83.53857095;16.908241807956;4.71186054300933;23.2059658630214;23.6484967020525;7
1032;2005;12;235;2005-12-03;2005-12-09;48746.4285714286;3854.85714285714;9701.57142857143;2844;130.298573084286;68.25857217;97.1614270885714;61.4657135;46773.4285714286;3819;9356.28571428571;2844;125.02571433;67.6242850157143;93.7042868457143;61.4657135;9.18689285170023;4.52061205619149;14.2239285891539;4.7224237071066;7
1031;2005;12;236;2005-12-10;2005-12-16;61059.1428571429;2802.42857142857;14133.5714285714;3960.85714285714;163.131430488571;49.6214283542857;141.549998692857;85.6028584071429;54707.8571428571;2794.71428571429;13997.5714285714;3960.85714285714;146.161429268571;49.4885706228571;140.187141418571;85.6028584071429;10.7451470980843;3.5088905505818;12.2894884014921;12.8788931739002;7
1030;2005;12;237;2005-12-17;2005-12-23;59269;2951.71428571429;15538.7142857143;6295;158.345716202857;52.2657149185714;155.621427264286;136.049998691429;46348.4285714286;2939.85714285714;15364.7142857143;6295;123.83000074;52.0571425285714;153.880000522857;136.049998691429;11.0552499852954;4.3321579594625;9.19107518312306;17.6770419522542;7
1029;2005;12;238;2005-12-24;2005-12-30;44355;2919.42857142857;14154;7145.57142857143;118.50428554;51.6957141328571;141.751427787143;154.434284755714;36271.2857142857;2909.14285714286;14153.2857142857;7144.85714285714;96.9057159414286;51.5142860414286;141.744286672857;154.418570382857;2.29682320208904;5.04920426153704;1.05270674803735;9.31892370085084;7
1028;2005;12;239;2005-12-31;2006-01-06;47797.4285714286;2998.42857142857;14747.7142857143;8408.57142857143;97.7814276542857;53.2614282885714;112.367141724286;111.581428525714;43534;2987.85714285714;14747.7142857143;8384.14285714286;88.9885722557143;53.0742852357143;112.367141724286;111.268571035714;13.9580212489191;5.99342666362489;12.9341242607614;14.2530431330615;7
1027;2006;1;240;2006-01-07;2006-01-13;59272.5714285714;2450.85714285714;14972.7142857143;9975.57142857143;116.305714197143;43.5514281142857;108.408572607143;121.777143207143;53159.1428571429;2437.85714285714;14972.7142857143;9948.28571428571;104.30856977;43.3214285714286;108.408572607143;121.44571468;3.01619147277192;3.09984076690749;0.870314035396358;5.68483458450696;7
1026;2006;1;241;2006-01-14;2006-01-20;42468.8571428571;2335.71428571429;13386;9728.71428571429;83.3314285271428;41.5071427485714;96.9228570114286;118.76285771;39485.8571428571;2323.57142857143;13386;9686.14285714286;77.4799979071429;41.2928570342857;96.9228570114286;118.244285582857;9.25774354822503;3.71069501618166;4.0771724372338;4.13109622271407;7
1025;2006;1;242;2006-01-21;2006-01-27;29585.5714285714;4384.71428571429;11511.8571428571;7808.42857142857;58.0514286585714;77.9185714714286;83.3500006557143;95.3214296614286;29358.4285714286;4370.14285714286;11508.5714285714;7557.57142857143;57.6071423114286;77.6600009371429;83.32714299;92.2614288342857;2.88899485427981;20.8127360772141;8.38299765303646;9.33628964277972;7
1024;2006;1;243;2006-01-28;2006-02-03;33809.2857142857;4112.71428571429;7874.42857142857;6409.28571428571;65.16428484;69.9771423328571;55.9400002642857;69.2128568371429;33368.2857142857;4102.14285714286;7850.42857142857;6273.57142857143;64.3057141985714;69.8057142;55.7685721271429;67.7414283742857;5.66982556667568;16.6506131032507;7.25298240407886;10.2598314506303;7
1023;2006;2;244;2006-02-04;2006-02-10;36146.4285714286;2979.14285714286;6605.85714285714;7841.42857142857;68.21142796;45.7100001757143;45.4971427914286;70.2514283314286;35968.8571428571;2970.14285714286;6581.57142857143;7520.28571428571;67.8757128057143;45.5714280257143;45.3300001957143;67.3728572314286;2.15551081630212;1.25013893161283;1.17169343743738;3.36136262406652;7
1022;2006;2;245;2006-02-11;2006-02-17;46994.1428571429;2832.85714285714;6976.42857142857;9591.85714285714;88.6828580571429;43.4642857142857;48.0471425742857;85.9328569685714;46253.5714285714;2821.28571428571;6948.42857142857;8425;87.2842864971429;43.2885714942857;47.85571398;75.4800000857143;6.61776657397128;0.621943954710544;1.66843127613097;1.85535187889101;7
1021;2006;2;246;2006-02-18;2006-02-24;53354.8571428571;3248.28571428571;7023.28571428571;9785.71428571429;100.68571363;49.8385723671429;48.37285723;87.6700003471429;51760.1428571429;3220.57142857143;6994.85714285714;6347.57142857143;97.6771436428571;49.4142853857143;48.1771425514286;56.8671422685714;1.36645172941971;7.52275395992818;0.955784342544805;7.54298796762932;7
1020;2006;2;247;2006-02-25;2006-03-03;50045.5714285714;3061.57142857143;7474.85714285714;9568.14285714286;97.2414278328571;50.2328572957143;51.7342850828571;80.2985709042857;46235.2857142857;3054;7451.57142857143;4929;89.86428615;50.1085711885714;51.5699996928571;41.1271433142857;3.42316534415269;3.93116325988666;1.13014723716286;4.18321928924034;7
1019;2006;3;248;2006-03-04;2006-03-10;50461.7142857143;2617.85714285714;7104.42857142857;9817;101.937142507143;46.7200001314286;49.4914289214286;75.0157143728571;45420;2603.85714285714;7089;4863.28571428571;91.7514277857143;46.4714273714286;49.3842855185714;37.1614281785714;3.49431167938748;4.57080411982927;1.96394895837939;7.54495727104482;7
1018;2006;3;249;2006-03-11;2006-03-17;55218.4285714286;1947;9916.28571428571;10095;111.545716422857;34.74857085;69.0814285285714;77.1371427285714;42936.4285714286;1939.85714285714;9912.28571428571;5503.14285714286;86.7357145042857;34.6199994742857;69.0542864114286;42.0514289314286;4.1668476488891;3.17516398726647;4.6895697103637;8.36947362723305;7
1017;2006;3;250;2006-03-18;2006-03-24;57392.5714285714;3103.14285714286;11471;12402.7142857143;115.937141418571;55.3799994328571;79.9128581457143;94.7728587571429;43691.2857142857;3096;11461.5714285714;5624.85714285714;88.2599988657143;55.25571442;79.8457140228571;42.9828572942857;2.9079432234884;14.9505996565571;5.20768640246695;5.28640612534795;7
1016;2006;3;251;2006-03-25;2006-03-31;54823.4285714286;4475.42857142857;15386.1428571429;13136.7142857143;110.748571122857;79.8728572285714;107.18714251;100.379999435714;46640.5714285714;4467.42857142857;15376.8571428571;6165;94.21571241;79.7299989971429;107.12285832;47.1085717342857;5.91944514725555;4.77611279499031;7.91745477476238;6.22991760907549;7
1015;2006;4;252;2006-04-01;2006-04-07;52606.8571428571;3501.28571428571;16693;15539.2857142857;137.711427961429;67.5914295728571;142.410001481429;118.82142857;44506.4285714286;3489.14285714286;16605;5662.71428571429;116.505713325714;67.3571428571429;141.659999302857;43.29857145;3.523525321639;7.46619379640383;6.49562881403277;3.88293472355464;7
1014;2006;4;253;2006-04-08;2006-04-14;53192.5714285714;2764.71428571429;14423.8571428571;18396.8571428571;139.24285888571401;53.3714278085714;123.051430838571;140.671425957143;43706.4285714286;2754;14192.7142857143;5644.57142857143;114.412855965714;53.1642859328571;121.082857404286;43.1599998485714;5.8221629213496104;6.08889172837532;7.33204048089799;3.06460524855462;7
1013;2006;4;254;2006-04-15;2006-04-21;47296.1428571429;2138.57142857143;12086.7142857143;17739.7142857143;123.808571951429;41.2842859528571;103.112856182857;135.647144861429;37922;2127.28571428571;11691.4285714286;5192.85714285714;99.2699999128571;41.0671430314286;99.7428577971429;39.70571436;8.19489786075707;2.6875620224819;6.69403305240096;7.93481156442122;7
1012;2006;4;255;2006-04-22;2006-04-28;37377.5714285714;1710.85714285714;11183.7142857143;18475.7142857143;97.8457129328571;33.0271429342857;95.4099993014286;141.274285452857;33121.8571428571;1696.85714285714;9888.57142857143;5292.28571428571;86.7042857585714;32.7571435642857;84.3614283971429;40.4685712542857;1.66230553295294;3.63035714979104;5.07244984714503;4.41410015653271;7
1011;2006;4;256;2006-04-29;2006-05-05;30549.1428571429;1235;10074.4285714286;16961.7142857143;100.197144644286;19.9728567957143;125.330000741429;178.032856532857;28400.1428571429;1227.57142857143;8760.57142857143;4986.14285714286;93.3328574042857;19.8499998371429;109.491427831429;52.27999987;11.4429293493924;3.22556470281312;23.9528412486331;8.38622065535295;7
1010;2006;5;257;2006-05-06;2006-05-12;27476.8571428571;1204.14285714286;8174.28571428571;15382.7142857143;97.9928567057143;17.8871428628571;115.094287328571;180.484287805714;27206.1428571429;1197.14285714286;7793.42857142857;5133.85714285714;97.0299998685714;17.7814283357143;109.732857838571;60.2342867171429;1.64784728630211;3.85553002613134;5.83275416473995;7.3071131544136;7
1009;2006;5;258;2006-05-13;2006-05-19;26179.4285714286;1287.71428571429;6902.28571428571;14724.4285714286;93.0828563128571;19.1300002514286;97.18571363;172.761426654286;25667.4285714286;1280.85714285714;6633.14285714286;4900.42857142857;91.2657143728571;19.0271432071429;93.3971426828572;57.4957150057143;2.2745529888829;1.80973035016931;4.32295573801831;8.21509086465056;7
1008;2006;5;259;2006-05-20;2006-05-26;27313.8571428571;1208.42857142857;5658.14285714286;13116.5714285714;96.8900004785714;17.9499999457143;79.6671425942857;153.897144861429;27195.7142857143;1201.57142857143;5535.71428571429;5008;96.4714290071429;17.8514287128571;77.9428580157143;58.75857217;2.62916670294314;0.64416428350466;5.28652984533759;7.8533062942318;7
1007;2006;5;260;2006-05-27;2006-06-02;25979.4285714286;1067.28571428571;4882.42857142857;9973.42857142857;95.9857155942857;15.0500000542857;78.3685705985714;149.721430095714;25873.7142857143;1053.85714285714;4837.28571428571;5302.57142857143;95.5857151585714;14.8585713242857;77.5771429857143;83.4814300528571;4.20788041955393;1.56028214050116;13.8206578529889;39.0017893322527;7
1006;2006;6;261;2006-06-03;2006-06-09;23571.5714285714;1086.85714285714;4370.28571428571;6894;96.4128559671429;13.2228572028571;93.1542859757143;172.325714111429;23516.2857142857;973.571428571429;4338.85714285714;5253.28571428571;96.1857125414286;11.8471429;92.4842845357143;131.314285278571;1.82476224935041;1.55475289397049;0.903712199055101;5.44048036588736;7
1005;2006;6;262;2006-06-10;2006-06-16;22187.1428571429;1180;4037.28571428571;5120.28571428571;90.7499999985714;14.3585713242857;86.0557131071429;127.989998954286;22143.5714285714;1010.28571428571;4010;4766.14285714286;90.5714307528572;12.2942857757143;85.4757145471428;119.137144905714;1.58582737625373;0.698328057754897;4.91910562822665;5.20695370703302;7
1004;2006;6;263;2006-06-17;2006-06-23;21251.1428571429;2475.14285714286;3621.85714285714;4000.28571428571;86.9199992585714;30.1157139385714;77.2000002157143;99.9957144614286;21130;2264.57142857143;3598.14285714286;3949.42857142857;86.4257147657143;27.5557143357143;76.6942858014286;98.7228567928571;1.40128434090445;17.227904476488;1.03132241877176;6.39474157512712;7
1003;2006;6;264;2006-06-24;2006-06-30;20455.7142857143;2393.28571428571;3576.71428571429;3370.42857142857;83.6685725642857;29.1214289;76.2385711671429;84.2471422457143;20347.7142857143;2161.57142857143;3569.28571428571;3321.71428571429;83.2257156371429;26.3000000557143;76.08000074;83.0285720828571;0.672058918087194;3.7990345699314;0.607370454314514;2.52281144871554;7
1002;2006;7;265;2006-07-01;2006-07-07;20761.5714285714;1453.57142857143;3415.14285714286;2898.85714285714;102.637141635714;17.0399999628571;88.2571432942857;125.935713632857;20632.5714285714;1300.71428571429;3404.28571428571;2872.28571428571;102.001429967143;15.2485715328571;87.9771434242857;124.779999868571;0.67966664022579;1.48143453557534;2.95469037202611;8.96105481095744;7
1001;2006;7;266;2006-07-08;2006-07-14;20682;1639.57142857143;3326.71428571429;2543.14285714286;102.12714277;19.2185709814286;85.9728567942857;110.480000088571;20618.8571428571;1506.42857142857;3321.14285714286;2516;101.81428527999999;17.65857138;85.8271429871428;109.302857534286;1.63448272279424;2.55400625815326;1.39824430201949;4.94334079602203;7
1000;2006;7;267;2006-07-15;2006-07-21;19484;1406.85714285714;3276.85714285714;2196.28571428571;96.21142905;16.4928573885714;84.6828580585714;95.4128559642857;19387.1428571429;1262.57142857143;3276.85714285714;2170.42857142857;95.73285675;14.8028569885714;84.6828580585714;94.2871420714286;2.73243323436731;0.82693644634024;1.19219396915672;5.34809478970369;7
999;2006;7;268;2006-07-22;2006-07-28;17907;4035.85714285714;3102.71428571429;2038.42857142857;88.4228570128571;47.31285722;80.1828547871429;88.5557142;17754;3557;3102.71428571429;2019.85714285714;87.6685714742857;41.6971423285714;80.1828547871429;87.7485700342857;2.5185798254772;34.044909341861;1.18703706436013;2.59730197014848;7
998;2006;7;269;2006-07-29;2006-08-04;17822.1428571429;3218;3031.71428571429;1896.28571428571;97.52999987;39.5199999128571;84.9471424657143;101.695713588571;17007.2857142857;2944.71428571429;3010.71428571429;1880.28571428571;92.8685705985714;36.1857141771429;84.3500006542857;100.838570728571;8.20502539807678;9.33599603250648;6.4496142083931;14.666360216929201;7
997;2006;8;270;2006-08-05;2006-08-11;17852.7142857143;1836.14285714286;3091.71428571429;1671.42857142857;105.052858624286;23.6042853771429;91.6200005685714;103.514286587143;16387.8571428571;1686;3085.14285714286;1657.28571428571;96.4328569685714;21.6700000757143;91.4257136757143;102.637142725714;2.91334005356137;1.68923031191731;0.721592713264581;3.76832748181211;7
996;2006;8;271;2006-08-12;2006-08-18;16704.5714285714;6543.28571428571;3083.85714285714;1392;98.2957153314286;84.1071423128571;91.3885726928571;86.2085734771429;15246.5714285714;6297.42857142857;3074.14285714286;1380.28571428571;89.7185712542857;80.9500006271429;91.0999995642857;85.4842856285714;3.12146454972689;81.7726960508669;1.07382582778005;6.72549026954838;7
995;2006;8;272;2006-08-19;2006-08-25;15576.1428571429;4573.14285714286;2983.14285714286;1302.57142857143;91.6557148528571;58.7842848628571;88.4042870657143;80.67000035;14150.8571428571;4361.14285714286;2960.71428571429;1293.14285714286;83.2699988228571;56.0585708642857;87.7399989528571;80.0871429457143;2.69047767244737;15.4396282030505;1.0146609793117;4.78804562618031;7
994;2006;8;273;2006-08-26;2006-09-01;15909.1428571429;2526.71428571429;2990.85714285714;1363;93.7300000871429;31.70142855;90.1428582328572;87.5957140228571;14475.1428571429;2367.28571428571;2966.42857142857;1359.14285714286;85.2785720814286;29.6928574671429;89.40714482;87.3471429;4.78086013095257;2.57084127666975;4.1610808995196;9.68404435663705;7
993;2006;9;274;2006-09-02;2006-09-08;18120.1428571429;4148.14285714286;3009.28571428571;1321;107.432856968571;45.8371424;99.7685721257143;103.498572215714;16542.7142857143;4032.71428571429;2984.71428571429;1317.14285714286;98.0799996514286;44.5628574942857;98.95285688;103.197143555714;7.59561752392138;7.81445573258827;0.846063718608509;3.35046090691782;7
992;2006;9;275;2006-09-09;2006-09-15;16901.8571428571;3621.71428571429;2883.14285714286;1197.71428571429;100.131429401429;40.0214287885714;95.5871429457143;93.8371418528571;15553.7142857143;3525;2860.28571428571;1195.42857142857;92.1442860185714;38.9514280042857;94.8285707728571;93.6599993014286;6.2742760150493;5.19931192471073;1.30938141202702;3.46984709789538;7
991;2006;9;276;2006-09-16;2006-09-22;16410.5714285714;4330;2855.14285714286;1106;97.22000013;47.8457151157143;94.6585726071429;86.6514282214286;15044.7142857143;4241;2834.42857142857;1106;89.1285727357143;46.8628578185714;93.9714290085714;86.6514282214286;4.81689283401014;10.1157707382146;1.06698164582536;2.52430530113792;7
990;2006;9;277;2006-09-23;2006-09-29;19555.8571428571;5076.71428571429;2906.57142857143;1127.42857142857;115.852857318571;56.0971429028571;96.3614283985714;88.3328574042857;18297.1428571429;5012;2883.42857142857;1127.42857142857;108.397143775714;55.38285773;95.5971429014286;88.3328574042857;2.58268340317192;5.82471458284237;0.790921866108859;11.3849274300154;7
989;2006;9;278;2006-09-30;2006-10-06;20522.1428571429;5412.57142857143;2949.28571428571;1331.85714285714;104.277143205714;52.5357142857143;90.75857217;94.9700001328571;19090.8571428571;5393;2927.14285714286;1331.85714285714;97.0314287457143;52.3385712771429;90.0785718657143;94.9700001328571;7.80940577355967;4.68672408858372;3.00156335484926;7.4250931931708;7
988;2006;10;279;2006-10-07;2006-10-13;25367;4583;2912.42857142857;1222.28571428571;125.384286062857;43.7028568814286;88.4799989957143;85.6771414628571;24057.8571428571;4570.42857142857;2889.14285714286;1222.28571428571;118.911428178571;43.58285686;87.7757154214286;85.6771414628571;2.17723351351235;6.15560658017106;3.97546114734509;2.61129308533795;7
987;2006;10;280;2006-10-14;2006-10-20;27351;4342.71428571429;3702.28571428571;1394;135.188570295714;41.4099998442857;112.478572302857;97.7114279614286;25944.8571428571;4329.28571428571;3683.85714285714;1394;128.238572255714;41.2842854085714;111.917142595714;97.7114279614286;5.01825179052892;2.30448752474106;6.98669715574912;6.56392474582497;7
986;2006;10;281;2006-10-21;2006-10-27;27079.8571428571;3041.71428571429;5047.85714285714;1853.28571428571;133.845714024286;29.0057138728571;153.358570644286;129.907145905714;25500.1428571429;3028.57142857143;5037;1853.28571428571;126.03857204;28.8814288557143;153.027143205714;129.907145905714;9.94031769048005;4.58702302562717;13.2663305163303;13.4730616546462;7
985;2006;10;282;2006-10-28;2006-11-03;22216.8571428571;2662.57142857143;6029.14285714286;2148.14285714286;99.5457153328571;30.4800000871429;150.62714168;122.874286107143;21207;2646;6010;2148.14285714286;94.9142859328572;30.2985711771429;150.115716117143;122.874286107143;11.9739725065457;10.6569046971409;29.3537985709258;22.7180304474805;7
984;2006;11;283;2006-11-04;2006-11-10;28439.4285714286;4649.85714285714;6434.28571428571;2612.85714285714;109.777145385714;62.3499995642857;119.574286322857;110.964286807143;27723;4634.42857142857;6423.71428571429;2612.85714285714;107.011428832857;62.1442854728571;119.375713892857;110.964286807143;12.7167656650534;14.396465491904;3.96828622899572;2.50955380423249;7
983;2006;11;284;2006-11-11;2006-11-17;29393.2857142857;2684.42857142857;8155.57142857143;3081.42857142857;113.45714133;35.9957139142857;151.564286368571;130.862856184286;28113.8571428571;2667.71428571429;7623.71428571429;3081.42857142857;108.518571035714;35.77285712;141.680000305714;130.862856184286;14.3783455467683;4.74955686707134;14.7094750706355;15.5675362506153;7
982;2006;11;285;2006-11-18;2006-11-24;23785.1428571429;7972.14285714286;10640.1428571429;3817.42857142857;91.8099986471428;106.897142682857;197.735713414286;162.118569511429;21951.8571428571;7951;10580.5714285714;3817.42857142857;84.7342856271429;106.614285605714;196.630000522857;162.118569511429;2.61208081366994;37.3703530982934;14.5002539574198;8.23877937291563;7
981;2006;11;286;2006-11-25;2006-12-01;31219.8571428571;6800.71428571429;9769;3096.57142857143;113.444286891429;94.1871435985714;171.728570121429;122.128570558571;29360.7142857143;6781.85714285714;9769;3096.57142857143;106.678571427143;93.9271425514286;171.728570121429;122.128570558571;14.6087570887926;12.7335052383044;46.6538635740135;24.6050424653922;7
980;2006;12;287;2006-12-02;2006-12-08;42266.5714285714;5406.71428571429;8211.85714285714;3145.42857142857;108.107142857143;90.2514288771429;82.2442844928571;67.9799989971428;39830.4285714286;5396;8211.85714285714;3145.42857142857;101.879998342857;90.0714296614286;82.2442844928571;67.9799989971428;5.34372531463788;10.3583634064775;2.66845123965465;0.980984824554824;7
979;2006;12;288;2006-12-09;2006-12-15;54512.2857142857;3988.14285714286;11199.8571428571;3566.57142857143;139.43285805857099;66.5728558128571;112.167142594286;77.0828563142857;51158.8571428571;3969.85714285714;10891.1428571429;3566.57142857143;130.85571398;66.2671432485714;109.0757152;77.0828563142857;10.0136160364371;9.49276928521573;15.7349388628294;3.94247828958972;7
978;2006;12;289;2006-12-16;2006-12-22;62464.1428571429;3874.14285714286;14491.7142857143;4027.57142857143;159.771429878571;64.6685703828572;145.137141637143;87.04571315;59466.5714285714;3860.42857142857;14095.2857142857;4027.57142857143;152.104285104286;64.4400002614286;141.1642892;87.04571315;1.8417028008061;17.0549592285911;6.22839965319854;7.21403197994278;7
977;2006;12;290;2006-12-23;2006-12-29;58892.8571428571;9185.71428571429;14285.7142857143;4665.57142857143;150.638573781429;153.329999651429;143.07285418;100.834285191429;54710.5714285714;9173.85714285714;14275.2857142857;4665.57142857143;139.940000261429;153.134286062857;142.968569075714;100.834285191429;5.84216436977016;39.6850849510869;1.72111969828475;2.13241542446518;7
976;2006;12;291;2006-12-30;2007-01-05;65506.1428571429;5908;15718.4285714286;4368.71428571429;134.548573085714;98.8999993471429;125.515715462857;65.9157137214286;60325.1428571429;5901.14285714286;15718.4285714286;4368.71428571429;123.505715505714;98.7857142871428;125.515715462857;65.9157137214286;12.5399928383702;12.1293386687632;15.7769329344945;24.1515043967173;7
975;2007;1;292;2007-01-06;2007-01-12;90565.5714285714;6648;16349.2857142857;4674.28571428571;170.309999738571;111.427143641429;118.375713892857;57.0628564014286;81320.1428571429;6639.85714285714;16349.2857142857;4674.28571428571;152.927143641429;111.290000917143;118.375713892857;57.0628564014286;4.01081814329401;4.66494874259519;0.223894756751935;3.2540828718859;7
974;2007;1;293;2007-01-13;2007-01-19;99877.2857142857;5310.85714285714;16835.5714285714;5670.57142857143;187.824284145714;89.0157143728571;121.895714898571;69.2214279157143;82306.1428571429;5303.14285714286;16835.5714285714;5670.57142857143;154.778573171429;88.8871427271429;121.895714898571;69.2214279157143;1.15906998530576;17.4073723212445;2.07778533604039;3.74843134214861;7
973;2007;1;294;2007-01-20;2007-01-26;97439;5155.28571428571;17270.4285714286;5506.14285714286;183.235715592857;86.4071415471429;125.044285364286;67.2157145914286;74899.1428571429;5148;17270.4285714286;5506.14285714286;140.849999564286;86.28714098;125.044285364286;67.2157145914286;3.44941977251712;14.5752157505545;1.26554289392603;1.47492411113021;7
972;2007;1;295;2007-01-27;2007-02-02;98663.5714285714;5168.71428571429;18060.2857142857;5868.28571428571;183.427141462857;84.2357134128572;128.912858145714;65.6057145271429;70864;5158;16828.1428571429;5868.28571428571;131.765713282857;84.0614286142857;120.19000244;65.6057145271429;5.10280241064703;10.1590227403578;5.26987130511731;5.41014677824119;7
971;2007;2;296;2007-02-03;2007-02-09;101962.142857143;4453;19063.4285714286;9148.57142857143;184.172858101429;67.4642857157143;131.295715331429;81.9628568371429;66457.8571428571;4444.57142857143;14097.8571428571;9148.57142857143;120.044286455714;67.3371424;97.09714181;81.9628568371429;4.5149598995951;2.78316084808508;8.06349141615358;13.68102959821;7
970;2007;2;297;2007-02-10;2007-02-16;91420.7142857143;3330.14285714286;20534.7142857143;12553.7142857143;165.13142831;50.4542852114286;141.429999215714;112.467142375714;52627.7142857143;3322;12789.7142857143;11730.8571428571;95.0614286157143;50.3285707757143;88.0857140685714;105.0971429;5.08188400268416;4.91883343334983;11.1689709554518;4.7957642074035;7
969;2007;2;298;2007-02-17;2007-02-23;80745.8571428571;5761.71428571429;24085.8571428571;14671.5714285714;145.849997385714;81.56142698;165.888569424286;131.439998081429;44950.2857142857;5717.57142857143;13833.7142857143;7895.71428571429;81.1928580142857;80.9357136328571;95.2771442971428;70.7371439257143;4.05807835918934;31.8236601035928;4.34919369482032;11.1398262089518;7
968;2007;2;299;2007-02-24;2007-03-02;66024.8571428571;10968.1428571429;22993.8571428571;17633.4285714286;121.425714764286;161.282856532857;158.869999477143;151.157143728571;38209.5714285714;10750.1428571429;13737.2857142857;7646.14285714286;70.3242841442857;158.162854877143;94.9028570985714;65.4242853457143;2.80850448647802;24.7874660945714;4.8842375121123;3.0445188654829;7
967;2007;3;300;2007-03-03;2007-03-09;53469.5714285714;9262.28571428571;21301.1428571429;16127.2857142857;103.098572868571;153.107143947143;148.394287108571;123.231430052857;33142.1428571429;9032.71428571429;12190.4285714286;5903.42857142857;63.90428652;149.311428614286;84.92428589;45.1100006114286;3.63687133457352;29.210170451248;2.59232220884622;5.71047021076789;7
966;2007;3;301;2007-03-10;2007-03-16;44792.4285714286;6795.14285714286;21830.8571428571;13759.4285714286;86.3699994757143;112.324286324286;152.084285191429;105.138571604286;38542.8571428571;6730;14022.2857142857;5552.42857142857;74.3185708185714;111.247142247143;97.6857136314286;42.4271430971429;4.83363023428715;4.62224201656098;14.0356535020721;5.37461534174842;7
965;2007;3;302;2007-03-17;2007-03-23;50979.1428571429;9427.71428571429;23400.5714285714;13576.4285714286;98.29999978;155.841427394286;163.018569947143;103.739998954286;46533.7142857143;9283.71428571429;18304;5145;89.7271445142857;153.46142905;127.514285497143;39.3128569471429;5.80845432929525;27.7703327961691;6.66435386574832;3.47085433364711;7
964;2007;3;303;2007-03-24;2007-03-30;46758.7142857143;6054;16437.7142857143;13469.1428571429;90.1599993028571;100.07142857;114.511429922857;102.920001438571;44843;6023.14285714286;15020.1428571429;4965.42857142857;86.4657145914286;99.5657152457143;104.63571494;37.9414291385714;5.06796808199876;11.5000066217532;12.2457603807526;4.10755180775494;7
963;2007;3;304;2007-03-31;2007-04-06;35967.8571428571;4788.42857142857;10295.4285714286;12064.7142857143;88.0842851914286;84.7628566214286;85.2928575785714;92.2442855842857;35046.8571428571;4762.28571428571;10294;5840.71428571429;85.8014286571429;84.2928575785714;85.2800009585714;44.6542859771429;6.08441805394188;6.78193957988596;4.27444320406421;3.77090544375395;7
962;2007;4;305;2007-04-07;2007-04-13;34737.4285714286;5306.14285714286;8234.85714285714;11160.7142857143;88.0742863257143;94.8514284428571;70.2528577542857;85.3399996071429;34482.5714285714;5290.42857142857;8225.71428571429;5870.14285714286;87.4300013957143;94.5700007842857;70.1742869814286;44.8842849742857;1.69064953931087;10.9794648668444;5.40709395811267;2.61271774086509;7
961;2007;4;306;2007-04-14;2007-04-20;33381.4285714286;5449.28571428571;6979.14285714286;12001.2857142857;84.6385726928571;97.4100003928571;59.5400003714286;91.7685721271428;32561;5434.57142857143;6972.57142857143;5930.57142857143;82.5571419842857;97.1471437714286;59.4842856257143;45.3471429014286;0.711565070844791;18.6024038185389;1.65698347283503;3.06019443908728;7
960;2007;4;307;2007-04-21;2007-04-27;33360.2857142857;10051.5714285714;6797.42857142857;11669.7142857143;84.58428628;179.681426455714;57.9885717128572;89.2342856285714;32940.5714285714;7779.71428571429;6797.42857142857;5813;83.5199999114286;139.06714194;57.9885717128572;44.4485718885714;0.514522890038144;100.169654601193;1.5193350214912;5.67975418023667;7
959;2007;4;308;2007-04-28;2007-05-04;32429.2857142857;12538.5714285714;6171.42857142857;9301;98.9157126285714;201.488570077143;71.9357152657143;92.0428564885714;29231.4285714286;10873.5714285714;6171.42857142857;5161.85714285714;89.9599990857143;174.049999782857;71.9357152657143;50.4914283742857;16.2038968477915;75.0854812142327;17.1930669886663;11.6267124133483;7
958;2007;5;309;2007-05-05;2007-05-11;27606;11053.8571428571;5455.14285714286;7716.14285714286;95.9814300542857;151.677141462857;76.8099986485714;90.5328576228571;26547.5714285714;10178.1428571429;5455.14285714286;5471.85714285714;92.3014297485714;139.661428178571;76.8099986485714;64.1999996728571;2.52094802795682;38.0878505331862;2.36703096071147;10.8213546800052;7
957;2007;5;310;2007-05-12;2007-05-18;25700.4285714286;15371.8571428571;4799.57142857143;5655.14285714286;89.3542861957143;210.930001392857;67.57857023;66.3528573185714;25030.1428571429;12728;4797.85714285714;5355.14285714286;87.0242865442857;174.651430401429;67.5542847771429;62.8342862828571;1.35315648999013;32.5536355896819;3.65436064595074;4.15381671916082;7
956;2007;5;311;2007-05-19;2007-05-25;27775.1428571429;28078.2857142857;3871.42857142857;4499.42857142857;96.5685708171429;385.281428742857;54.5085705328571;52.7914292457143;26459.7142857143;10236.2857142857;3871.42857142857;4476.28571428571;91.9942855828571;140.461427144286;54.5085705328571;52.5199999128571;7.86622607510411;71.3869148843784;3.7862401486825;3.87123108005724;7
955;2007;5;312;2007-05-26;2007-06-01;30180.2857142857;17430.8571428571;3431.42857142857;3616.28571428571;107.141430447143;234.164284842857;51.7928570357143;48.8028569914286;28094.1428571429;10770.2857142857;3431.42857142857;3603.42857142857;99.8042853214286;144.384287152857;51.7928570357143;48.6157144828571;6.30797068960086;22.681402466679;8.84298881431353;15.6047652663837;7
954;2007;6;313;2007-06-02;2007-06-08;26791.1428571429;12034.1428571429;3966.85714285714;3404.14285714286;107.757143292857;135.672858101429;84.5528564442857;85.09285736;25932.8571428571;10116.4285714286;3966.85714285714;3384.71428571429;104.305714197143;114.052856444286;84.5528564442857;84.6071428571429;4.03203339191464;5.74575030154299;4.94073100806492;1.73317330195082;7
953;2007;6;314;2007-06-09;2007-06-15;24085.1428571429;6430.14285714286;4057.14285714286;2713.42857142857;96.8757128014286;72.4942855842857;86.4800011785714;67.8271418971429;23294.2857142857;6392.85714285714;4057.14285714286;2703.85714285714;93.6914291371429;72.0714291171429;86.4800011785714;67.5871429428571;1.70125911830119;15.2590382167105;0.754807384636664;6.06557392549144;7
952;2007;6;315;2007-06-16;2007-06-22;22177.2857142857;4392.71428571429;3824.71428571429;2375.28571428571;89.1985724328571;49.5214287914286;81.52428436;59.3742855628571;21970;4376.85714285714;3824.71428571429;2359.57142857143;88.3671417242857;49.3457145685714;81.52428436;58.9814278742857;2.52392323196916;3.69375596210571;2.38504860170123;3.13306788488627;7
951;2007;6;316;2007-06-23;2007-06-29;20319.7142857143;3512.57142857143;3726;1940.14285714286;81.7300011771429;39.6014289857143;79.4214292257143;48.4957139171429;20086.7142857143;3506;3726;1940.14285714286;80.79285649;39.5271421157143;79.4214292257143;48.4957139171429;1.61106404593772;0.673169471269559;1.03178591129106;1.30754043334968;7
950;2007;6;317;2007-06-30;2007-07-06;19686;3077.28571428571;3238.85714285714;1781;93.3728550485714;33.5142854957143;81.3628572742857;72.4042865214286;19513.2857142857;3070.28571428571;3238.85714285714;1779.85714285714;92.5614286157143;33.4385713842857;81.3628572742857;72.35428674;6.15626076174273;1.90950651371008;6.10555937421119;11.1800685910945;7
949;2007;7;318;2007-07-07;2007-07-13;18282.2857142857;10861.7142857143;3044;1646.42857142857;88.93142918;117.541428157143;78.6657126285714;71.5271421171428;18068.2857142857;10115.8571428571;3044;1636.42857142857;87.8914282671429;109.470000675714;78.6657126285714;71.0914284828572;1.94754776440393;56.7430880598814;0.967347992172625;3.04643067560153;7
948;2007;7;319;2007-07-14;2007-07-20;20954.2857142857;8058.42857142857;3042.14285714286;1505.42857142857;101.928571427143;87.2057146342857;78.6171428128571;65.40142877;20783;7662.85714285714;3042.14285714286;1505.42857142857;101.095714022857;82.9242858871429;78.6171428128571;65.40142877;9.82231999488783;7.24381969270372;0.584799427583146;1.21948828721705;7
947;2007;7;320;2007-07-21;2007-07-27;26851.7142857143;16150;2980.57142857143;1442.14285714286;130.61428615;174.769997732857;77.0285720842857;62.6514282242857;26469.2857142857;10569;2980.57142857143;1442.14285714286;128.752857751429;114.37285505;77.0285720842857;62.6514282242857;15.708907631441;27.1173689441839;0.594429013541664;3.71552346753993;7
946;2007;7;321;2007-07-28;2007-08-03;29578.8571428571;9409.71428571429;2945.14285714286;1357;155.088568552857;106.764285495714;80.9314302728571;69.5171432485714;28584.2857142857;8537.28571428571;2945.14285714286;1357;150.144287108571;96.4585723885714;80.9314302728571;69.5171432485714;7.83527154492441;12.5472132522705;6.56469727625816;12.262807304787;7
945;2007;8;322;2007-08-04;2007-08-10;21782;7810.71428571429;3098.42857142857;1208.42857142857;127.13142831;93.0528597157143;91.8185708171428;74.8399996071429;21433;6875.14285714286;3098.42857142857;1208.42857142857;125.094282968571;81.9057148528571;91.8185708171428;74.8399996071429;9.48290701552324;12.4292870681669;0.822584106126479;3.45583577230857;7
944;2007;8;323;2007-08-11;2007-08-17;17686.4285714286;4327.14285714286;3025.42857142857;1106;103.228571208571;51.5514286585714;89.6557148528571;68.4971422471429;17479;4319.28571428571;3025.42857142857;1106;102.015715462857;51.4571429657143;89.6557148528571;68.4971422471429;4.83579887178639;5.71094767788865;1.48559670430545;0.927825883195875;7
943;2007;8;324;2007-08-18;2007-08-24;15912;3228.14285714286;2917.85714285714;1063;92.8699994771429;38.4585718442857;86.4685701642857;65.8357140685714;15765.1428571429;3221.42857142857;2917.85714285714;1063;92.0128577114286;38.3785711014286;86.4685701642857;65.8357140685714;3.05630922920162;0.86086029210625;0.515636171476274;1.9911469752365;7
942;2007;8;325;2007-08-25;2007-08-31;14666.5714285714;3325.85714285714;2871.71428571429;1007.28571428571;85.6014273514286;39.6199994757143;85.0999995657143;62.3828577314286;14472.4285714286;3312.14285714286;2871.71428571429;1007.28571428571;84.47000013;39.4585707528571;85.0999995657143;62.3828577314286;0.480136722864773;1.65224525120561;0.945993444482256;2.44370591596133;7
941;2007;9;326;2007-09-01;2007-09-07;14388.5714285714;4913.28571428571;2486.14285714286;863.571428571429;84.6771425514286;50.1900008085714;82.4257147642857;67.6600003914286;14102.2857142857;4905.28571428571;2479.71428571429;863.571428571429;82.9885700785714;50.10999952;82.21142796;67.6600003914286;1.40618165457136;8.71608493438623;5.40835841894317;2.35705342639328;7
940;2007;9;327;2007-09-08;2007-09-14;13187.1428571429;2775.71428571429;2201.14285714286;927;77.6042851042857;28.3571428585714;72.9757145485714;72.6300016128571;12971.4285714286;2763.85714285714;2201.14285714286;927;76.33428737;28.2342858971429;72.9757145485714;72.6300016128571;1.69952821938152;3.48610089112948;2.00691948503084;1.09863602389738;7
939;2007;9;328;2007-09-15;2007-09-21;12405.8571428571;3190.42857142857;2226;810.285714285714;73.0057133257143;32.5914282114286;73.7999986914286;63.4842867157143;12220;3134.28571428571;2226;810.285714285714;71.9114281771429;32.0171429785714;73.7999986914286;63.4842867157143;2.3852149930629;13.2689633264271;4.58569163693337;2.43255705387321;7
938;2007;9;329;2007-09-22;2007-09-28;11654.1428571429;15345.5714285714;2060.28571428571;938.285714285714;68.5799996528572;156.765713284286;68.3057142;73.51285662;10506.2857142857;12462.4285714286;2060.28571428571;938.285714285714;61.8271435314286;127.311429704286;68.3057142;73.51285662;4.04740178014094;52.4709296895413;0.761332917394465;3.12533095111208;7
937;2007;9;330;2007-09-29;2007-10-05;12269.7142857143;5440;2019.42857142857;910;63.7842859542857;50.89857156;62.9585707528571;65.7428572528571;10669.1428571429;5193.28571428571;2019.42857142857;910;55.5842851914286;48.5071427485714;62.9585707528571;65.7428572528571;6.86654430914797;12.0690034331782;2.97868635281237;5.38303980321168;7
936;2007;10;331;2007-10-06;2007-10-12;11132.8571428571;4181.57142857143;1897.57142857143;930;54.8257141114286;37.0799996528571;57.6500004371429;65.18857084;9457.57142857143;3911.57142857143;1897.57142857143;930;46.5742857785714;34.6885713842857;57.6500004371429;65.18857084;2.79165970584176;7.32014527418462;1.70438673081213;3.71669759277712;7
935;2007;10;332;2007-10-13;2007-10-19;10823.1428571429;13814.1428571429;1765.42857142857;867.571428571429;53.2971431185714;122.500001088571;53.63571385;60.8114291628571;9420;11972.1428571429;1765.42857142857;867.571428571429;46.3885716028571;106.165715897143;53.63571385;60.8114291628571;0.927513124020489;31.54401338218;1.57313855458006;1.46868926895535;7
934;2007;10;333;2007-10-20;2007-10-26;14175.4285714286;8937;1664.85714285714;848.714285714286;69.8057158328571;79.2514283314286;50.5800001957143;59.4899994985714;12680.5714285714;7850.42857142857;1664.85714285714;848.714285714286;62.44714301;69.6157133914286;50.5800001957143;59.4899994985714;9.19294709720711;12.8868258250299;3.3605161231774;0.992186008367571;7
933;2007;10;334;2007-10-27;2007-11-02;17599;9556.71428571429;1654.42857142857;893.714285714286;81.2828565328572;101.240000044286;45.1299991614286;55.2057140885714;16886.1428571429;8280.42857142857;1654.42857142857;893.714285714286;77.9228581028571;86.4528585142857;45.1299991614286;55.2057140885714;9.00817793530557;49.5158519480199;12.300550120553;10.4662848030135;7
932;2007;11;335;2007-11-03;2007-11-09;20588.7142857143;15344.2857142857;1527.71428571429;1007.85714285714;79.1385716028572;192.577141898571;28.3928574142857;42.8014286585714;20320.8571428571;12392.1428571429;1527.71428571429;1007.85714285714;78.1085706428571;155.524287631429;28.3928574142857;42.8014286585714;7.1952268788874;22.3016031202531;1.34166228124452;1.51881995846287;7
931;2007;11;336;2007-11-10;2007-11-16;27732;14410;1539.14285714286;1083.71428571429;106.592858452857;180.848571777143;28.6028573171429;46.0228571214286;27565.2857142857;13471.8571428571;1539.14285714286;1083.71428571429;105.95285688;169.075711932857;28.6028573171429;46.0228571214286;8.9365996236327;34.0088354453038;1.11272530579754;1.41356154167433;7
930;2007;11;337;2007-11-17;2007-11-23;24481.1428571429;10788;2148.28571428571;1173.14285714286;94.1000006542857;135.389998301429;39.9242853442857;49.8214285714286;24214.1428571429;10640.1428571429;2148.28571428571;1173.14285714286;93.0742852357143;133.535715374286;39.9242853442857;49.8214285714286;7.09967501024871;28.4290787924312;2.47935366677766;3.35897998941869;7
929;2007;11;338;2007-11-24;2007-11-30;20457.7142857143;5942.71428571429;2498.57142857143;1281.85714285714;78.6342849728571;74.58285686;46.4342853;54.4357141771429;19748.8571428571;5931.14285714286;2411.42857142857;1281.85714285714;75.9100003914286;74.4357141757143;44.8157147;54.4357141771429;2.77312648639413;11.4188155873888;6.67161639349659;2.78103074866337;7
928;2007;12;339;2007-12-01;2007-12-07;18335.2857142857;5212.71428571429;3393.85714285714;2163.14285714286;46.68285697;81.9928577957143;33.98999977;46.7514288771429;17449.2857142857;5200.71428571429;3386.14285714286;2163.14285714286;44.4271420042857;81.8042858671429;33.9128567814286;46.7514288771429;2.05168849253597;29.2779998796327;2.22978847667974;8.243668775628;7
927;2007;12;340;2007-12-08;2007-12-14;25271.1428571429;8409.14285714286;4373.71428571429;2345.42857142857;64.34142903;132.269999912857;43.8028575342857;50.6899997171429;23768.2857142857;8384.71428571429;4373.71428571429;2345.42857142857;60.5142860428571;131.88571385;43.8028575342857;50.6899997171429;8.23334223701077;12.6200566174455;3.71187135796056;3.37834770390304;7
926;2007;12;341;2007-12-15;2007-12-21;31889.8571428571;6321.85714285714;4767.85714285714;2159.85714285714;81.1928580142857;99.4428569257143;47.7514277857143;46.6785708828572;30823.1428571429;6314.71428571429;4767.85714285714;2159.85714285714;78.4771434228571;99.3300007414286;47.7514277857143;46.6785708828572;6.78050983195947;7.94512189074788;3.56790113119303;0.595326967776952;7
925;2007;12;342;2007-12-22;2007-12-28;38611.7142857143;6204.14285714286;5546.85714285714;2368.71428571429;98.3071430757143;97.5871429442857;55.5514281142857;51.1928574714286;37637.7142857143;6190.14285714286;5546.85714285714;2368.71428571429;95.8271418971429;97.3671417228571;55.5514281142857;51.1928574714286;3.16737834855543;12.8623169838058;6.70969767972239;2.61252000976736;7
924;2007;12;343;2007-12-29;2008-01-04;27835.1428571429;7310.28571428571;7008.42857142857;2946.71428571429;61.2671437957143;115.084284101429;58.6671436857143;47.4557151785714;27389.2857142857;7248.28571428571;7008.42857142857;2946.71428571429;60.3828571871429;114.109999521429;58.6671436857143;47.4557151785714;19.0885072987997;10.689713406801;7.9229242941215;13.3206924476404;7
923;2008;1;344;2008-01-05;2008-01-11;25427.2857142857;7676.42857142857;7066;2985;47.59142903;120.924286977143;51.1614276328571;36.4400002628571;24066.2857142857;7663.28571428571;7066;2985;45.04428591;120.718570162857;51.1614276328571;36.4400002628571;3.47095013469011;16.3095193828444;7.30028439528287;1.69755783981992;7
922;2008;1;345;2008-01-12;2008-01-18;31930.5714285714;5739.42857142857;4508.57142857143;3441.42857142857;59.7614282885714;90.4128592357143;32.6428565985714;42.0114282885714;30766.4285714286;5728.57142857143;4508.57142857143;3441.42857142857;57.5814285271429;90.2399989528571;32.6428565985714;42.0114282885714;2.68937050376666;4.71332804480761;2.11818031100282;1.52774776480229;7
921;2008;1;346;2008-01-19;2008-01-25;42107.8571428571;6121.57142857143;5014.14285714286;4300.14285714286;78.8099997385714;96.4314302714286;36.3042864114286;52.4942850385714;41776.4285714286;6104.71428571429;5014.14285714286;4300.14285714286;78.1914275028571;96.16571481;36.3042864114286;52.4942850385714;9.48834034882164;7.64269816680404;4.0112130794052;4.44561461844366;7
920;2008;1;347;2008-01-26;2008-02-01;58291.2857142857;5005.14285714286;6015.28571428571;5410;108.397142681429;77.4971444271429;43.2071424214286;63.1385710571428;57367.2857142857;4994.14285714286;6015.28571428571;5410;106.688571385714;77.3271429885714;43.2071424214286;63.1385710571428;11.532507637421;4.15024690314227;2.2873906826602;5.20118334071679;7
919;2008;2;348;2008-02-02;2008-02-08;70945.4285714286;5236.14285714286;7574.85714285714;7695.42857142857;127.559999738571;74.1200000242857;52.1714292271429;68.9414285928572;69558.5714285714;5221.28571428571;7574.85714285714;7695.42857142857;125.0628564;73.9099998457143;52.1714292271429;68.9414285928572;6.81818406081968;10.0705247838352;8.55902016731454;6.39296831550718;7
918;2008;2;349;2008-02-09;2008-02-15;65201;3875.71428571429;11428.5714285714;8950;117.231428964286;54.8642861514286;78.7142868042857;80.1814291828571;64207.5714285714;3867.71428571429;11428.5714285714;8950;115.444285801429;54.75;78.7142868042857;80.1814291828571;9.09028338426417;2.43509818406476;4.49164664678002;1.47839389421301;7
917;2008;2;350;2008-02-16;2008-02-22;51581;3902.57142857143;14089.7142857143;9010.71428571429;92.742857798571407;55.2414289214286;97.0428575814286;80.7271423328571;51288.8571428571;3894.85714285714;14089.7142857143;9009.71428571429;92.2157135;55.1342860628571;97.0428575814286;80.7171423771429;3.73183129543821;1.88736956958051;5.5169178596031;1.84481995200032;7
916;2008;2;351;2008-02-23;2008-02-29;56812;3541.14285714286;13313.7142857143;8138.57142857143;102.145713807143;50.1257144371429;91.6985724314286;72.9128592371429;55841.5714285714;3524.85714285714;13313.7142857143;8120.42857142857;100.4028571;49.8971421385714;91.6985724314286;72.7485722128572;3.0951128345374;1.35690546359522;5.97997104618099;1.79317744943529;7
915;2008;3;352;2008-03-01;2008-03-07;59001.5714285714;4068.57142857143;12275.5714285714;9447.42857142857;113.241428921429;67.25428554;85.51714325;72.1885713857143;58492;4055.14285714286;12275.5714285714;9421.42857142857;112.264285497143;67.0314282014286;85.51714325;71.9900000414286;5.76066701249662;5.19236481772256;1.48896793749375;4.81941279261325;7
914;2008;3;353;2008-03-08;2008-03-14;53965.1428571429;3419.85714285714;11738.4285714286;11481.2857142857;103.574285235714;56.5314287457143;81.7742854542857;87.7314278742857;52554.8571428571;3407.42857142857;11738.4285714286;11431.4285714286;100.867142812857;56.3257146557143;81.7742854542857;87.3499995642857;3.04412414573814;5.59927036000801;3.37676422087287;6.37601652083324;7
913;2008;3;354;2008-03-15;2008-03-21;71415.4285714286;3351.28571428571;13822.4285714286;13197.2857142857;137.06714194142901;55.3957143528571;96.29285867;100.842857361429;68356.8571428571;3339.28571428571;13822.4285714286;13022.5714285714;131.197142464286;55.1985718871429;96.29285867;99.5099999571429;6.74024568111945;2.98227838438643;6.34514323645658;3.87891872004418;7
912;2008;3;355;2008-03-22;2008-03-28;64506.2857142857;3734.85714285714;14502.7142857143;14236.2857142857;123.805714198571;61.7371422885714;101.031429834286;108.784284317143;61365.2857142857;3727.28571428571;14380.1428571429;11937.1428571429;117.778572081429;61.6128572757143;100.178572518571;91.2142857142857;4.5641622145876;4.69813398090231;3.27431204540056;8.46546858061807;7
911;2008;3;356;2008-03-29;2008-04-04;50274.1428571429;2845.42857142857;20827.2857142857;15222.2857142857;113.149999344286;48.8271424414286;166.215713501429;116.364285058571;46891.7142857143;2828.71428571429;20588.5714285714;9680.14285714286;105.624286107143;48.5371426157143;164.340000698571;73.9971422471429;9.66229576313752;3.5773020263575;45.3857626873274;4.75862654077077;7
910;2008;4;357;2008-04-05;2008-04-11;51315.8571428571;2110;18139.4285714286;16369.7142857143;130.111430575714;37.2085718428571;154.749998911429;125.16857038;46197.7142857143;2090.14285714286;17878.4285714286;7628.28571428571;117.132856097143;36.85714286;152.522858754286;58.3285718642857;4.80600596006761;2.02734448853944;24.8554778334783;3.35258431838806;7
909;2008;4;358;2008-04-12;2008-04-18;52968.8571428571;4961.42857142857;11760.1428571429;15005.5714285714;134.301428658571;87.4899989557143;100.327141897143;114.738571167143;45807.5714285714;4936.42857142857;11698;7822.42857142857;116.14428602;87.0485725428571;99.7971420271429;59.8128569471428;4.95370902859122;18.1459130743344;7.30755435409348;3.17946341306187;7
908;2008;4;359;2008-04-19;2008-04-25;52313.4285714286;5986.57142857143;10935.1428571429;12638.4285714286;132.641429355714;105.567143031429;93.28857095;96.6385716028571;40017.7142857143;5952.85714285714;10935.1428571429;7163.14285714286;101.462857927143;104.97000122;93.28857095;54.7742859957143;3.8848156058905;4.47076276985318;3.31216758133118;5.17718947159063;7
907;2008;4;360;2008-04-26;2008-05-02;45532;10377;9083.42857142857;12596;127.347142901429;166.86428833;91.2285712114286;110.438571384286;38527;10302.7142857143;9083.42857142857;6588.14285714286;108.204283577143;165.640002657143;91.2285712114286;58.5100005;19.1414378523647;65.5758175037783;21.1997398678819;16.0332254292444;7
906;2008;5;361;2008-05-03;2008-05-09;43883.1428571429;15467.8571428571;7600.42857142857;11991.7142857143;152.574286324286;209.425713675714;107.014285495714;140.698569162857;41345.2857142857;14806;7600.42857142857;6633.14285714286;143.750002178571;200.467141288571;107.014285495714;77.8285702285714;4.21342228687783;50.8551030412481;6.90937004861445;12.2944863292813;7
905;2008;5;362;2008-05-10;2008-05-16;35767.7142857143;8583.71428571429;6191.14285714286;11774.4285714286;124.358570642857;116.218570165714;87.1700003485714;138.147142682857;34616.8571428571;8550.57142857143;6191.14285714286;6698;120.357141767143;115.769999911429;87.1700003485714;78.5857151585714;5.01841040470976;14.5958595910691;6.83124226115124;15.8735465674235;7
904;2008;5;363;2008-05-17;2008-05-23;30701.5714285714;5076.42857142857;5101.42857142857;9189.14285714286;106.742855617143;68.7314278714286;71.8271418971429;107.81428527999999;30400.5714285714;5040.85714285714;5101.42857142857;6289.42857142857;105.697143554286;68.25000109;71.8271418971429;73.7942859114286;3.09289275665068;13.6144151133582;4.47931018862582;12.3995944915077;7
903;2008;5;364;2008-05-24;2008-05-30;28446.7142857143;3689.42857142857;4218;6973.71428571429;98.9042848857143;49.9542863028571;59.3871432714286;81.8214285728571;28246.7142857143;3651.57142857143;4218;6288.28571428571;98.2085723871429;49.4399997171429;59.3871432714286;73.78142929;1.32242816536276;5.84090996238898;2.79465953761009;9.84810656390488;7
902;2008;5;365;2008-05-31;2008-06-06;30386.7142857143;5602.85714285714;3799.71428571429;5103.42857142857;119.935712541429;63.6071428571428;76.9500002171429;116.737142291429;30225.5714285714;5561.42857142857;3799.71428571429;5040.57142857143;119.292856488571;63.1385710585714;76.9500002171429;115.254286628571;8.01297291228391;18.1956102304151;9.72598259693441;23.2147955635673;7
901;2008;6;366;2008-06-07;2008-06-13;29350.8571428571;7200;3523.14285714286;3767;118.052857535714;79.9471435557143;75.0971429014286;94.1614281785714;29171.1428571429;7079.42857142857;3523.14285714286;3717.85714285714;117.328570774286;78.6085717342857;75.0971429014286;92.9328591485714;3.97175552793368;4.96057295913537;2.35359746196221;9.13799892438278;7
900;2008;6;367;2008-06-14;2008-06-20;26812.5714285714;8953.85714285714;3274.71428571429;3464.14285714286;107.844286238571;99.4214292257143;69.8014275671429;86.5900006985714;26770.4285714286;8702;3259.85714285714;3418.28571428571;107.671428135714;96.6257160728571;69.4842856257143;85.4442858014286;2.91976916310881;10.3388838368204;1.50152891394754;2.01129987623027;7
899;2008;6;368;2008-06-21;2008-06-27;24878.5714285714;7362.85714285714;3160.14285714286;2852;100.062855311429;81.75428336;67.35999952;71.2914287014286;24812.5714285714;7253.71428571429;3150;2812.85714285714;99.7985709042857;80.54285867;67.1428571428571;70.3114275228571;0.834454984229868;13.1627840686692;0.499991234553469;5.43005293751176;7
898;2008;6;369;2008-06-28;2008-07-04;24153.5714285714;13284.2857142857;3019.85714285714;2405.28571428571;108.651428222857;144.570002964286;72.0700007857143;84.9257142214286;24084.2857142857;13071.1428571429;3019.85714285714;2374.85714285714;108.325715202857;142.23714229;72.0700007857143;83.8500006528571;9.39510677283503;40.6276451776774;6.12011397574174;21.3274645413585;7
897;2008;7;370;2008-07-05;2008-07-11;22018.4285714286;6789.28571428571;2877.14285714286;2116.42857142857;107.102857317143;72.1485715614286;74.3542872842857;91.9428580142857;21909.7142857143;6731.42857142857;2877.14285714286;2092.28571428571;106.575714111429;71.5371431628571;74.3542872842857;90.8942860185714;3.69327250074437;12.0286181046231;0.936871056583764;4.14714998572382;7
896;2008;7;371;2008-07-12;2008-07-18;19803;4414.28571428571;2801.42857142857;1835.71428571429;96.3285707728571;46.9099993014286;72.3971426828571;79.7500010914286;19736.1428571429;4389.57142857143;2801.42857142857;1808.42857142857;96.0028577557143;46.6485721057143;72.3971426828571;78.5628564014286;2.39588385546369;3.98838480565819;0.462661554378024;5.50800126258502;7
895;2008;7;372;2008-07-19;2008-07-25;19046.8571428571;4171.57142857143;2698;1613.57142857143;92.6500004342857;44.3314285271429;69.7257145471429;70.0985717771429;18968.1428571429;4152.28571428571;2698;1593.57142857143;92.26714216;44.12571444;69.7257145471429;69.2285701185714;1.13831264786092;6.4984512649148;1.41227788019176;2.23091576396705;7
894;2008;7;373;2008-07-26;2008-08-01;19705.5714285714;4556.71428571429;2657.28571428571;1544.85714285714;98.4657135;49.1142856071429;70.1071428557143;71.0714274828571;19619.5714285714;4537;2657.28571428571;1532.42857142857;98.0399998271429;48.9042865214286;70.1071428557143;70.5199999142857;5.28494511111567;3.33888162248347;3.72762422702691;9.73158719112171;7
893;2008;8;374;2008-08-02;2008-08-08;20426.2857142857;6191.71428571429;2657.85714285714;1399.28571428571;119.218570165714;72.282857077142907;78.7614288342857;86.66142818;20311.2857142857;6137;2657.71428571429;1388.71428571429;118.547140938571;71.64428602;78.7571432942857;86.0057144157143;9.00032285995914;11.8250953142025;0.493547828830492;2.85708971577673;7
892;2008;8;375;2008-08-09;2008-08-15;26483;8402.14285714286;2579.85714285714;1283.85714285714;154.570002962857;98.08857073;76.4514269142857;79.5114299228571;25014;8183.85714285714;2579.85714285714;1277.57142857143;145.99713789;95.53857204;76.4514269142857;79.12285723;6.53343359494903;13.6115125313312;1.14800509819257;3.40241916262718;7
891;2008;8;376;2008-08-16;2008-08-22;25380;11125.7142857143;2455.57142857143;1094.14285714286;148.132856097143;129.882858277143;72.7685710357143;67.7628566171429;23083.4285714286;10688.8571428571;2455.57142857143;1088.14285714286;134.729998997143;124.782856532857;72.7685710357143;67.38999939;7.69844488484947;13.8759912208728;0.594878011679062;1.95749132261355;7
890;2008;8;377;2008-08-23;2008-08-29;18465.8571428571;6957.85714285714;2393.42857142857;1050.28571428571;107.778570992857;81.2257145457143;70.9271425514286;65.0457142428571;18042.4285714286;6918.42857142857;2393.42857142857;1045.85714285714;105.30856977;80.7657143742857;70.9271425514286;64.77142879;9.16391423550291;11.2722613984323;0.881698249756359;0.961117615932667;7
889;2008;8;378;2008-08-30;2008-09-05;15835.8571428571;4419.28571428571;2197.71428571429;1075.57142857143;92.9657135;46.6042851042857;70.5342864985714;79.0542853228572;14875.2857142857;4399.14285714286;2191;1070.71428571429;87.3242874142857;46.3942854757143;70.3114286157143;78.6885724771429;2.64592036811911;7.64427593591761;3.73206218002511;7.16058466255478;7
888;2008;9;379;2008-09-06;2008-09-12;14750.1428571429;7980.14285714286;2046;957.142857142857;86.8014286585714;79.96142905;67.8314285271428;74.9914300085714;14295.1428571429;7821.14285714286;2037.71428571429;956;84.1242861057143;78.3700005671429;67.5557152885714;74.90142931;0.857183194431996;21.4255241454292;0.878178077460256;3.99477857358692;7
887;2008;9;380;2008-09-13;2008-09-19;14929.1428571429;10134.4285714286;1981.57142857143;758.142857142857;87.8542851028571;101.549997601429;65.6957141328571;59.3971437728571;14825.5714285714;9736.14285714286;1981.42857142857;758.142857142857;87.24571228;97.5600013728572;65.6914285928571;59.3971437728571;2.09482546047328;31.1249613654637;3.01246548399829;3.84091100129441;7
886;2008;9;381;2008-09-20;2008-09-26;16714.8571428571;5531.71428571429;1931.85714285714;922;98.3628572728571;55.43000085;64.04857145;72.2371422914286;16550.1428571429;5513.28571428571;1921.14285714286;922;97.3957127157143;55.2457139142857;63.6942852557143;72.2371422914286;2.94968370469297;5.36176219023638;1.85838375740476;2.96967786875261;7
885;2008;9;382;2008-09-27;2008-10-03;18539.7142857143;4991.28571428571;2036.85714285714;881.285714285714;100.895714895714;46.842857360000004;64.9228575571429;66.0028561157143;18266.4285714286;4966.85714285714;2036.85714285714;881.285714285714;99.3885705142857;46.61142894;64.9228575571429;66.0028561157143;5.23405164732579;5.05731960109839;3.17859504761685;5.64843130421249;7
884;2008;10;383;2008-10-04;2008-10-10;25924.2857142857;14241.4285714286;2520.42857142857;965;127.665712631429;124.490000042857;76.5714285742857;67.6399993885714;25724.2857142857;13999;2520.42857142857;965;126.677143641429;122.370001657143;76.5714285742857;67.6399993885714;7.01825670374046;27.1268190669133;1.65971300633883;4.65001111195829;7
883;2008;10;384;2008-10-11;2008-10-17;20107.5714285714;12701.1428571429;2433.71428571429;1017.14285714286;99.02142879;111.027143204286;73.9385724757143;71.2942848214286;19798.1428571429;12509.4285714286;2433.71428571429;1010.57142857143;97.4957122814286;109.35142844;73.9385724757143;70.8342862814286;10.647919059586;22.4192042906239;4.74137606469992;5.57798933745811;7
882;2008;10;385;2008-10-18;2008-10-24;17767;18621.4285714286;1888.42857142857;853.428571428571;87.4928567071429;162.77999878;57.3742861071429;59.8214280257143;17589;17112.4285714286;1888.42857142857;852.714285714286;86.6171439057143;149.585712978571;57.3742861071429;59.7714282442857;0.539498168814015;21.5344856069622;2.56501975440096;4.15423534632721;7
881;2008;10;386;2008-10-25;2008-10-31;17329.1428571429;33284.5714285714;1929.42857142857;820.142857142857;85.33428628;290.954284668571;58.6185716914286;57.48714338;17103.4285714286;20939.2857142857;1927.85714285714;820.142857142857;84.2257134585714;183.040002005714;58.57000024;57.48714338;1.46406841470242;52.5457330146032;3.27809470932963;7.65375181698139;7
880;2008;11;387;2008-11-01;2008-11-07;20672.5714285714;26765.2857142857;1415.28571428571;906.857142857143;79.4585723871429;332.025708878571;26.3014283871429;38.5128568928571;19711.4285714286;14986.7142857143;1392.42857142857;906.857142857143;75.7657138285714;185.912857055714;25.8785716471429;38.5128568928571;9.76134404410728;30.052020290424;1.54712041056168;5.04708707789212;7
879;2008;11;388;2008-11-08;2008-11-14;25557.1428571429;18973;1498;1157;98.2357134128571;235.361430575714;27.83857155;49.1357138514286;23754.4285714286;10460.7142857143;1494;1157;91.3057142;129.765713282857;27.7642860428571;49.1357138514286;5.73980053690083;19.1183494891744;0.876333989056995;1.96625534112946;7
878;2008;11;389;2008-11-15;2008-11-21;29630.7142857143;13616;2505.85714285714;1327.28571428571;113.892858231429;168.90714155;46.5700005114286;56.3671433585714;28103.7142857143;10544.2857142857;2505.85714285714;1327.28571428571;108.02142879;130.802856445714;46.5700005114286;56.3671433585714;4.75301808754035;9.962888121982;9.34548772490056;5.19177832720821;7
877;2008;11;390;2008-11-22;2008-11-28;24983.1428571429;9484.42857142857;4373.85714285714;1922.57142857143;96.0285720828572;117.654284885714;81.2828576214286;81.6471448628571;24469.1428571429;9086;4373.85714285714;1922.57142857143;94.0499997828572;112.71142687;81.2828576214286;81.6471448628571;4.61045930341411;15.2909578975721;16.3281287331372;9.05772022366536;7
876;2008;11;391;2008-11-29;2008-12-05;24081.1428571429;6174.28571428571;6825.28571428571;2587.42857142857;70.0971418085714;89.8128574914286;83.7100001742857;69.5228565757143;23186.5714285714;6050.28571428571;6797.42857142857;2587.42857142857;67.6128567285714;87.9071426385714;83.4300003057143;69.5228565757143;14.5854075516886;10.460193859665;22.8351785845964;19.5122796113988;7
875;2008;12;392;2008-12-06;2008-12-12;21438.1428571429;4619.14285714286;6508.85714285714;3937;54.5828579485714;71.8185708171429;65.1871430528571;85.0871418557143;21078.2857142857;4576.28571428571;6399.57142857143;3937;53.6657148085714;71.14857047;64.0914290285714;85.0871418557143;2.30973138842866;2.5915205277196;3.71061719530508;6.12905469599923;7
874;2008;12;393;2008-12-13;2008-12-19;34158.8571428571;4430.14285714286;6418.71428571429;4390;86.9700006771428;68.8771422257143;64.2857148314286;94.8785705571429;32297.2857142857;4404.14285714286;6416.57142857143;4390;82.2285706671429;68.4728573385714;64.2642860414286;94.8785705571429;21.1849605103333;5.69521500695616;1.78448761081816;1.48408855044128;7
873;2008;12;394;2008-12-20;2008-12-26;47269.8571428571;3324;7033;5129;120.350000652857;51.6800003057143;70.4371414157143;110.851428442857;45188.8571428571;3294;7033;5129;115.051428658571;51.2142868042857;70.4371414157143;110.851428442857;4.02758407205376;2.44187043281624;4.46799988929976;11.1009586575522;7
872;2008;12;395;2008-12-27;2009-01-02;58149;2785.85714285714;10452.8571428571;6593.71428571429;137.061428615714;43.3328574028571;95.0171432485714;124.188569205714;55205.8571428571;2760.28571428571;10422;6566;130.02571433;42.9357136314286;94.70714351;123.659998212857;20.214294737326;4.35951046841892;9.85172984995618;28.3840103356771;7
871;2009;1;396;2009-01-03;2009-01-09;55895;4432.85714285714;14165.4285714286;6011;104.61857169;69.0400003714286;102.562857492857;73.3785705571429;52717.4285714286;4393.42857142857;14034.1428571429;6001.85714285714;98.6671425957143;68.4257147657143;101.614286151429;73.2671432514286;4.27360015482837;10.4828830582273;7.22368628965835;5.87115618495403;7
870;2009;1;397;2009-01-10;2009-01-16;41668.5714285714;4468.85714285714;17261.8571428571;5975;77.9871444714286;69.599999562857107;124.984285628571;72.9385713842857;40543.8571428571;4442.42857142857;17135.7142857143;5964;75.8842849728571;69.1885724757143;124.071429662857;72.8057141985714;6.89113996752965;5.05925645124275;4.416276727827;4.23066949990535;7
869;2009;1;398;2009-01-17;2009-01-23;45997;5197.85714285714;17730.2857142857;6327.14285714286;86.0900006985714;80.9542857585714;128.375713892857;77.2385711685714;44403.8571428571;5171.42857142857;17730.2857142857;6318.57142857143;83.1100006114286;80.5442842757143;128.375713892857;77.1328560971429;9.97209061388872;8.95381473730886;0.626280199154496;1.59204979383883;7
868;2009;1;399;2009-01-24;2009-01-30;64074.2857142857;4288.14285714286;16329.1428571429;6994.28571428571;119.927140372857;66.7871431614286;118.230001177143;85.3828571857143;58533.7142857143;4258.42857142857;16202.7142857143;6975.85714285714;109.554285324286;66.3214280257143;117.315715245714;85.1571426385714;5.86278835694804;1.84465486602267;15.7449203194874;2.22675798319882;7
867;2009;1;400;2009-01-31;2009-02-06;66072.7142857143;3620.85714285714;12807.5714285714;7665.57142857143;119.517142158571;51.4800000871429;88.8271408057143;72.1128572742857;60900;3595;12807.5714285714;7649.28571428571;110.154285975714;51.1071428585714;88.8271408057143;71.9542846671428;4.44695783289539;3.8396168094098;5.30135075929851;8.04259355914548;7
866;2009;2;401;2009-02-07;2009-02-13;60568.8571428571;3125;15102.5714285714;7430.71428571429;108.904284887143;43.6699998028571;104.01714325;66.5699996957143;54269.7142857143;3099.71428571429;15102.5714285714;7412.57142857143;97.5757152014286;43.3171424857143;104.01714325;66.4085715157143;1.35726171871675;2.44390874877021;1.67678028475602;1.55352657171164;7
865;2009;2;402;2009-02-14;2009-02-20;70866.5714285714;3417.85714285714;15120.8571428571;8825.71428571429;127.418570381429;47.7628577085714;104.14428493;79.06857082;61457.4285714286;3383.28571428571;15120.8571428571;8803.57142857143;110.501428877143;47.27999987;104.14428493;78.8699994771429;4.93299684364324;5.7483163546962;0.951926436417386;6.24306428512253;7
864;2009;2;403;2009-02-21;2009-02-27;60330.2857142857;5284;14904.1428571429;11696.4285714286;108.47428567;73.8399996071429;102.649999344286;104.787144251429;53247;5236.57142857143;14904.1428571429;11655.4285714286;95.7357145042857;73.1757147657143;102.649999344286;104.420000348571;8.37158813876336;6.82205507391519;2.50108665674978;7.90391285207805;7
863;2009;2;404;2009-02-28;2009-03-06;48782.8571428571;5812.42857142857;14097.5714285714;12407.8571428571;92.6785714285714;93.0857140657143;98.0471442071429;97.25856999;43117.1428571429;5777.71428571429;14097.5714285714;12344.7142857143;81.9471435557143;92.52999987;98.0471442071429;96.7657132814286;2.008213856355;16.5828648723214;1.89612636504768;9.17687006963071;7
862;2009;3;405;2009-03-07;2009-03-13;41184.2857142857;4426.42857142857;11536.8571428571;11012.5714285714;79.0414287042857;72.1585709714286;80.3714283528571;84.1499993471429;40777.1428571429;4372.71428571429;11536.8571428571;10628.4285714286;78.26285771;71.282857077142907;80.3714283528571;81.2142868028571;2.31173625579262;6.44135329477444;6.05765382168016;4.25283390119033;7
861;2009;3;406;2009-03-14;2009-03-20;45600.1428571429;3170.28571428571;9225.42857142857;10784.8571428571;87.5199988228571;51.3799999785714;64.2700004585714;82.4114292685714;43797.5714285714;3142.85714285714;9225.42857142857;10254.2857142857;84.0599997414286;50.9342858442857;64.2700004585714;78.3585717342857;1.36282740630307;5.18802483524273;2.48849934826911;3.8976295559526;7
860;2009;3;407;2009-03-21;2009-03-27;45486.5714285714;2392;8843.28571428571;11333.8571428571;87.29999869;38.7657149185714;61.6042856471429;86.60571398;42212.8571428571;2356.28571428571;8843.28571428571;10628.8571428571;81.0185710357143;38.1857158114286;61.6042856471429;81.2171434671429;2.91915752516175;2.55536620192741;0.631924780045539;4.79737366756615;7
859;2009;3;408;2009-03-28;2009-04-03;54469.1428571429;1949.85714285714;9077.14285714286;11010.1428571429;119.680002484286;32.5671430328571;69.5342865014286;84.1542859771429;45489.4285714286;1926;9077.14285714286;7974.14285714286;99.7442855828571;32.1699998042857;69.5342865014286;60.9457152242857;18.6600567120641;1.45555235707977;9.96445756299333;5.08747234093872;7
858;2009;4;409;2009-04-04;2009-04-10;56022.5714285714;1656.71428571429;11464.2857142857;11925.1428571429;142.0428554;28.9285717014286;97.8028564442857;91.1857136314286;48621;1623.71428571429;11464.2857142857;6745.71428571429;123.278572084286;28.3542859185714;97.8028564442857;51.5814285285714;3.96037406823835;2.74657302308148;11.5066556114038;3.88576255619479;7
857;2009;4;410;2009-04-11;2009-04-17;50342;1348.57142857143;15428.5714285714;13606.4285714286;127.641430445714;23.5471428457143;131.624289375714;104.041428701429;44621.1428571429;1321.71428571429;15350.1428571429;6380.14285714286;113.135713847143;23.0785713185714;130.955715724286;48.7842854085714;3.89961834861776;1.3336970852163;9.98590729326218;4.38455212179316;7
856;2009;4;411;2009-04-18;2009-04-24;41218.5714285714;1397.57142857143;14334.4285714286;14925.4285714286;104.508569988571;24.4028573728571;122.288572037143;114.127142771429;38155.2857142857;1359.85714285714;14322.8571428571;6478.28571428571;96.7428577971429;23.7442858557143;122.19000026;49.53571374;6.40762348559664;4.72953764390148;0.900092090830798;11.0694309288391;7
855;2009;4;412;2009-04-25;2009-05-01;34241.5714285714;1472.28571428571;11918.1428571429;15697;91.3028564457143;24.9942861285714;108.61428615;129.378570555714;33668.2857142857;1365.42857142857;11176.7142857143;6867.42857142857;89.73285675;23.2142859871429;100.515714372857;55.8500001085714;10.6304521727559;4.12630117135595;19.6840253255545;6.26316532888931;7
854;2009;5;413;2009-05-02;2009-05-08;33612.1428571429;1123.42857142857;8698.42857142857;17691;116.862857275714;15.0542855942857;122.474285672857;207.567140852857;32533.2857142857;1021.71428571429;7993.42857142857;6060.42857142857;113.111427308571;13.6899998514286;112.545715332857;71.1057150714286;1.93234348108541;0.506491231052701;8.2826652912678;7.30116626690265;7
853;2009;5;414;2009-05-09;2009-05-15;32081.2857142857;2121.14285714286;9142.71428571429;18371.1428571429;111.540000914286;28.4242857514286;128.73000226428599;215.547143118571;31577.4285714286;1889.28571428571;7618;6856.28571428571;109.78857204;25.31714276;107.259999957143;80.4442858014286;2.47672728101586;17.1656655614585;8.26729900172416;2.3842040319141;7
852;2009;5;415;2009-05-16;2009-05-22;29298;2660.71428571429;7788.14285714286;16752.8571428571;101.86428506;35.6542854328571;109.657143728571;196.561427525714;29109.2857142857;2453.57142857143;7220.71428571429;6552.28571428571;101.208572388571;32.8800002514286;101.667142595714;76.87714059;3.61148362267117;8.93377722882846;9.63331358375485;5.48399350738855;7
851;2009;5;416;2009-05-23;2009-05-29;26905.5714285714;2579.14285714286;6191.57142857143;14627.4285714286;93.5457142414286;34.5628572185714;87.1771425528571;171.622855051429;26811;2368.57142857143;5925.28571428571;6881.42857142857;93.2171434671428;31.73857144;83.42857252;80.7400011328571;1.03818395741401;9.91705804925969;2.63626909479842;6.21433627636406;7
850;2009;5;417;2009-05-30;2009-06-05;26140.7142857143;4055.57142857143;5488.14285714286;11479.7142857143;100.988572255714;47.0514292042857;105.150000434286;238.7285723;26074.1428571429;3835;5488.14285714286;6887;100.730000087143;44.4399997185714;105.150000434286;151.16285869;5.83982639148053;5.03812148529264;17.4889134452499;62.4240174752383;7
849;2009;6;418;2009-06-06;2009-06-12;24500;2616;4903.28571428571;8838.14285714286;98.5414287014286;28.7171429228571;104.514285495714;220.921428135714;24262.4285714286;2405.42857142857;4903.28571428571;7070.28571428571;97.5871418557143;26.40571458;104.514285495714;176.731427874286;1.10265789322257;1.66277720479063;5.12810961653702;12.5631845780671;7
848;2009;6;419;2009-06-13;2009-06-19;24755.4285714286;2912.42857142857;4176.57142857143;6557;99.5671408514286;31.9728570671429;89.0242865442857;163.904288154286;24584.2857142857;2709.71428571429;4176.57142857143;6146.71428571429;98.8814294;29.7471436114286;89.0242865442857;153.647140504286;0.362372415058676;7.89857780747816;2.83886764473741;8.62044364555368;7
847;2009;6;420;2009-06-20;2009-06-26;24395.2857142857;3505.85714285714;4583.14285714286;4970.28571428571;98.1199983842857;38.48571396;97.6914280471429;124.239998954286;24310.5714285714;3313;4583.14285714286;4918.14285714286;97.78000096;36.3685719628571;97.6914280471429;122.937141418571;0.607069113590623;5.37655567631947;4.5393294697706;7.46459486073227;7
846;2009;6;421;2009-06-27;2009-07-03;25517;4004.85714285714;3803.14285714286;4006.57142857143;112.047143118571;42.9942850385714;88.4299992142857;130.461426871429;25442.4285714286;3827.71428571429;3803.14285714286;3968.14285714286;111.721431187143;41.0871423985714;88.4299992142857;129.155714852857;13.9295648430343;5.1300605949542;9.24851549625521;33.4252094775233;7
845;2009;7;422;2009-07-04;2009-07-10;25625.1428571429;6307.28571428571;3947.57142857143;3449.57142857143;124.647143775714;66.1128561828571;102.015714371429;149.858570644286;24909.7142857143;6088.85714285714;3947.57142857143;3413.85714285714;121.167141507143;63.82428687;102.015714371429;148.308569772857;1.72523200430003;25.5899511360405;0.495341059229835;8.30417538443074;7
844;2009;7;423;2009-07-11;2009-07-17;30583.5714285714;14933.1428571429;3880;3043.14285714286;148.765712194286;156.532857622857;100.270001004286;132.201429094286;29357.5714285714;14046.5714285714;3880;3004.42857142857;142.804286411429;147.238568988571;100.270001004286;130.52142988;7.559962521639;30.7327573361632;0.820772312174144;3.30255277553554;7
843;2009;7;424;2009-07-18;2009-07-24;25064.5714285714;13253.8571428571;3679.57142857143;2614.28571428571;121.922857011429;138.930000304286;95.0900006971429;113.572856357143;24939.1428571429;12231;3679.57142857143;2575.85714285714;121.312857492857;128.20714242;95.0900006971429;111.901428221429;5.78935613284697;26.8451695786836;2.52876921347844;5.51264790753532;7
842;2009;7;425;2009-07-25;2009-07-31;28424.2857142857;9627;3266.85714285714;2366.14285714286;138.264285495714;100.909999301429;84.42428589;102.791428702857;28292;9308.42857142857;3266.85714285714;2335.57142857143;137.621429442857;97.5728563585714;84.42428589;101.462857928571;7.71002565050481;2.7894310015887;3.54562184822041;2.84782813243024;7
841;2009;8;426;2009-08-01;2009-08-07;26952.2857142857;19555.5714285714;3420.85714285714;2058.42857142857;157.30999756;224.861424038571;101.374283924286;127.482855661429;26418;17145.1428571429;3420.85714285714;2028;154.191430227143;197.14428493;101.374283924286;125.59714181;12.0553547859444;43.885400834329;5.78605963993935;6.33032285757086;7
840;2009;8;427;2009-08-08;2009-08-14;20772.1428571429;21212.2857142857;3007.71428571429;1742.57142857143;121.238572257143;243.908571514286;89.1314293985714;107.919999257143;20576.8571428571;17743;3007.71428571429;1716.28571428571;120.098570687143;204.020002092857;89.1314293985714;106.29285758;6.8479969610449;46.5431572148765;8.63054404889178;6.19351072545151;7
839;2009;8;428;2009-08-15;2009-08-21;20379.4285714286;14890.8571428571;2741.71428571429;1540.71428571429;118.947142464286;171.222855704286;81.2485711228571;95.4185714714286;20267.8571428571;12514;2741.71428571429;1530.28571428571;118.295715334286;143.895713807143;81.2485711228571;94.7742854514286;8.97845901792113;26.5853934621764;0.223339755307571;1.90255914611427;7
838;2009;8;429;2009-08-22;2009-08-28;26387.5714285714;10239.5714285714;2646.28571428571;1447.28571428571;154.014286585714;117.741430008571;78.42000144;89.6328571871428;25935.4285714286;9622.57142857143;2646.28571428571;1437.42857142857;151.37285723;110.647144861429;78.42000144;89.0228576657143;6.49260912431191;14.9891600627015;1.88578877959236;2.98427905307849;7
837;2009;8;430;2009-08-29;2009-09-04;23695;8449.14285714286;2797.71428571429;1523.71428571429;138.927141462857;87.9014276785714;88.7199990414286;108.567143031429;23465;7955.42857142857;2797.71428571429;1515.57142857143;137.574284145714;83;88.7199990414286;107.984285627143;7.12832183538331;21.823219769168;9.20657003079166;12.6221982029137;7
836;2009;9;431;2009-09-05;2009-09-11;31131;24188.5714285714;3092.57142857143;1336.42857142857;183.19999695;237.162854877143;102.53000096;104.705713544286;28942.5714285714;17097;3092.57142857143;1328.71428571429;170.322858537143;167.63142831;102.53000096;104.102858407143;21.5135374399011;64.0296578999097;1.2455929438509;3.9154726932138;7
835;2009;9;432;2009-09-12;2009-09-18;34489.8571428571;31027.2857142857;3140.85714285714;1362.28571428571;202.967143467143;304.212855747143;104.128571644286;106.731427874286;29885.7142857143;12995.8571428571;3140.85714285714;1348.14285714286;175.872859408571;127.42000035;104.128571644286;105.624285017143;8.71986677439829;19.0174755821413;2.34280563817723;2.17206334564073;7
834;2009;9;433;2009-09-19;2009-09-25;30628;22305.8571428571;3008.71428571429;1430.85714285714;180.238571167143;218.700001307143;99.7514288771429;112.104286194286;26274.7142857143;12098.2857142857;3005.71428571429;1422.71428571429;154.620001655714;118.620000568571;99.6514282228571;111.467144557143;6.15174287922144;25.0243156557407;1.48825991318052;1.78664143545856;7
833;2009;9;434;2009-09-26;2009-10-02;31991.5714285714;34510.7142857143;2778.14285714286;1424.28571428571;180.417146952857;328.262856618571;89.9085715157143;108.155714851429;24288.4285714286;8238.71428571429;2767.42857142857;1424.28571428571;135.96571677;77.1199993414286;89.5542853214286;108.155714851429;8.30341161036557;37.296351918891;4.06489074764962;4.28848726968228;7
832;2009;10;435;2009-10-03;2009-10-09;26003;21553.7142857143;3412.42857142857;1458.71428571429;128.052859712857;185.01714216;103.672857012857;102.247142247143;24924.1428571429;11476.1428571429;3412.42857142857;1458.71428571429;122.74142892;98.5128566185714;103.672857012857;102.247142247143;2.87758856599077;14.196707228943;7.99048778939449;3.19418966481781;7
831;2009;10;436;2009-10-10;2009-10-16;28822.8571428571;24850.2857142857;3316.57142857143;1514.71428571429;141.940000261429;213.3142831;100.759999957143;106.172857012857;26012.5714285714;11394.4285714286;3316.57142857143;1514.71428571429;128.101427351429;97.8114297042857;100.759999957143;106.172857012857;12.6342204210624;37.5870854689827;5.73964327264937;8.50373999561532;7
830;2009;10;437;2009-10-17;2009-10-23;43520.8571428571;23166.2857142857;3495;1886.57142857143;214.320002962857;198.857142857143;106.179999215714;132.238573345714;28132.1428571429;10401.1428571429;3495;1886.57142857143;138.538570948571;89.2842848614286;106.179999215714;132.238573345714;17.2343272840594;29.5955132806201;10.6858725311681;7.0572834631009;7
829;2009;10;438;2009-10-24;2009-10-30;45972.2857142857;16900.4285714286;6328.57142857143;2062.14285714286;226.392854964286;145.072858537143;192.265716551429;144.544285365714;32646.5714285714;10937.7142857143;6328.57142857143;2062.14285714286;160.767144338571;93.8899982985714;192.265716551429;144.544285365714;8.8483563880745;16.8918661696601;20.851009541279;3.7990810162599;7
828;2009;10;439;2009-10-31;2009-11-06;38357.1428571429;10716.8571428571;7221.28571428571;2696.57142857143;154.165714808571;124.277142114286;143.584285191429;123.39857156;33032.2857142857;9355.42857142857;6912;2696.57142857143;132.39428602;108.997141155714;137.831430705714;123.39857156;20.7208732572113;11.8185857676001;20.9736768718735;20.5007550691359;7
827;2009;11;440;2009-11-07;2009-11-13;36809.8571428571;10396.5714285714;8811.57142857143;3416.85714285714;141.325714111429;126.932856968571;163.755715505714;145.108570644286;32088;9208.85714285714;8811.57142857143;3407;123.195712497143;112.434283664286;163.755715505714;144.688572474286;4.44566652890415;12.2834176394967;4.67167610180986;5.96635656508671;7
826;2009;11;441;2009-11-14;2009-11-20;36933.8571428571;12450.1428571429;8589.71428571429;3475.42857142857;141.799998692857;152.005713327143;159.63142831;147.594286237143;30842;10506.5714285714;8589.71428571429;3473.85714285714;118.412855964286;128.275715418571;159.63142831;147.528573171429;3.82007561471691;22.2280795402686;7.20985942566543;7.16074131367066;7
825;2009;11;442;2009-11-21;2009-11-27;34157.1428571429;15988.8571428571;7241.28571428571;3568;131.035716464286;195.210000174286;134.57143075;151.527143205714;28177.1428571429;12396;7241.28571428571;3568;108.095714025714;151.345717291429;134.57143075;151.527143205714;2.31876966443474;25.4633037161256;3.38087068003146;4.53573767171707;7
824;2009;11;443;2009-11-28;2009-12-04;43120.4285714286;14188.5714285714;5520.85714285714;3531.71428571429;129.751428875714;199.012858798571;77.2271434228571;108.019998822857;33087;11314.5714285714;5520.85714285714;3528;99.2542855414286;158.964285714286;77.2271434228571;107.938572475714;11.1643396228017;28.2505308364623;32.0193438414177;39.8895466559134;7
823;2009;12;444;2009-12-05;2009-12-11;65297.2857142857;10878;5002;4308;164.857145035714;166.501429965714;50.0942862385714;93.1042861942857;51458.7142857143;8467;5002;4307.42857142857;129.917143685714;129.598570687143;50.0942862385714;93.0914284842857;13.6899554072221;11.1761835585861;2.51250801566615;12.1955645456075;7
822;2009;12;445;2009-12-12;2009-12-18;67617;10596;7441;5717.14285714286;170.711427961429;162.1857169;74.5214282442857;123.55999865;45582.2857142857;8908.28571428571;7441;5717.14285714286;115.07999965;136.352858405714;74.5214282442857;123.55999865;11.1945644259648;15.5945144091906;13.891408855174;7.73508803569054;7
821;2009;12;446;2009-12-19;2009-12-25;55972.5714285714;8136.28571428571;10480.1428571429;6008;141.312857491429;124.538568768571;104.960000175714;129.84714399;29994.8571428571;7631;10480.1428571429;6008;75.7285723028571;116.801428657143;104.960000175714;129.84714399;7.27271830820486;7.61546758776992;2.0425063847975;6.19049371046096;7
820;2009;12;447;2009-12-26;2010-01-01;63959.4285714286;9721.42857142857;10034.5714285714;6630.57142857143;153.93285479;148.877144948571;96.7942842742857;133.082858492857;35435.4285714286;7053.71428571429;10034.5714285714;6630.57142857143;85.6742847971428;108.01714325;96.7942842742857;133.082858492857;11.3255470790027;14.3111038756933;13.0754374725307;20.2976403793456;7
819;2010;1;448;2010-01-02;2010-01-08;76690;13046.1428571429;9414.42857142857;9529;142.25;200.498572212857;68.1642859328572;116.325714111429;46294;8970.57142857143;9414.42857142857;9529;85.8685716914286;137.86428724;68.1642859328572;116.325714111429;5.43559132581966;40.6945198367342;2.48046313754378;10.5559871444229;7
818;2010;1;449;2010-01-09;2010-01-15;66007.7142857143;12476.5714285714;12037.7142857143;11013.4285714286;122.434285845714;191.748570034286;87.1571437285714;134.445712498571;43773.5714285714;7817;12037.7142857143;11013.4285714286;81.1942858014286;120.135713848571;87.1571437285714;134.445712498571;4.1739415882348;16.4491546367918;8.47198845977544;4.86852080092474;7
817;2010;1;450;2010-01-16;2010-01-22;63678.2857142857;15296.8571428571;11960.1428571429;9810.42857142857;118.112858364286;230.39428493;86.5957151142857;119.761429922857;41073;7280.42857142857;11960.1428571429;9810.42857142857;76.1842847571429;109.902855465714;86.5957151142857;119.761429922857;2.14737644073031;34.47703571813;10.2533156911174;2.50903241050851;7
816;2010;1;451;2010-01-23;2010-01-29;68757.2857142857;17714.1428571429;8459.57142857143;9489.85714285714;127.53428432;263.922853744286;61.2514288785714;115.847143991429;38497.7142857143;7655.28571428571;8459.57142857143;9236.71428571429;71.4071426385714;114.055713652857;61.2514288785714;112.757144382857;4.11275080004926;47.3826088009215;5.93360099352763;1.02206866637842;7
815;2010;1;452;2010-01-30;2010-02-05;77340.8571428571;13327.5714285714;6462.42857142857;10572.1428571429;138.957142421429;184.471426828571;45.1971424642857;104.371428352857;45107.1428571429;10917;6462.42857142857;8697.85714285714;80.9742867614286;150.452856881429;45.1971424642857;86.4914289214286;3.97271463291257;15.39174650896;3.23070005693396;18.038718818505;7
814;2010;2;453;2010-02-06;2010-02-12;62403.8571428571;11851;7266.85714285714;10366.7142857143;110.799998688571;158.164287021429;50.0500003257143;92.8742850171429;41446.8571428571;10192.8571428571;7266.85714285714;7947.28571428571;73.5899996085714;136.034286498571;50.0500003257143;71.1971413728571;4.46074206236743;8.87855491303609;2.01007450019541;2.28230678396473;7
813;2010;2;454;2010-02-13;2010-02-19;50294.2857142857;18064.7142857143;5258.57142857143;10330.8571428571;89.2971442085714;241.094279697143;36.2171437385714;92.5528575328571;34886.2857142857;8908.14285714286;5258.57142857143;6843.85714285714;61.9428569242857;118.888571602857;36.2171437385714;61.31428528;1.50817358151623;18.564336704955;5.24927242698137;4.79641136637701;7
812;2010;2;455;2010-02-20;2010-02-26;50251.1428571429;12343.2857142857;3986.42857142857;9900.57142857143;89.2214290071429;164.734285627143;27.4557146342857;88.6971424642857;39139.5714285714;9080.14285714286;3986.42857142857;7422.57142857143;69.4928577971429;121.185714722857;27.4557146342857;66.4971427914286;5.27011009337232;8.393221252201;1.08540089629656;2.24828570840654;7
811;2010;2;456;2010-02-27;2010-03-05;56668.7142857143;8276.85714285714;5705.14285714286;10056.7142857143;105.377142771429;123.45714351;39.6271427685714;80.6971424642857;47570.1428571429;7547;5705.14285714286;7013;88.47142901;113.181428091429;39.6271427685714;56.2185717985714;9.92784473581549;10.6433208090232;3.58480921780152;4.47602352381192;7
810;2010;3;457;2010-03-06;2010-03-12;59055.4285714286;6574;6073.42857142857;9549.71428571429;111.419999258571;102.934286935714;42.3100002814286;72.9728578857143;45524.8571428571;6330.14285714286;6017.14285714286;7396.85714285714;85.8900004785714;99.1157161157143;41.9171425957143;56.5228576685714;4.41901131062674;6.82290373344823;2.44018253667941;3.80205963141721;7
809;2010;3;458;2010-03-13;2010-03-19;48639.1428571429;6733.71428571429;7870.85714285714;10108.5714285714;91.7642865885714;105.437143597143;54.8314285271429;77.2428556157143;40376;6717.57142857143;7870.85714285714;7915.85714285714;76.1742869785714;105.184286935714;54.8314285271429;60.4857139585714;1.0775259680045;11.4637254493866;8.33131046557092;1.81978732070325;7
808;2010;3;459;2010-03-20;2010-03-26;47536;8868.42857142857;10205.4285714286;11207;89.6842858442857;138.85999952;71.0957151157143;85.6342849728571;41418.5714285714;8707.42857142857;10205.4285714286;7278;78.1428560514286;136.337141855714;71.0957151157143;55.6114283985714;3.9549363809887;58.3380923463469;2.51419182294565;4.44977696288532;7
807;2010;3;460;2010-03-27;2010-04-02;51158.2857142857;14750.1428571429;8751;11728.7142857143;105.775715418571;235.328574045714;64.6957152214286;89.64000048;40486.2857142857;11487;8751;7194.28571428571;83.0071422028571;183.475714547143;64.6957152214286;54.9857139585714;8.81622519898392;29.7101850364527;4.62642007961746;3.68667925840568;7
806;2010;4;461;2010-04-03;2010-04-09;57697.8571428571;10833.8571428571;9097;12564;143.75;183.670000348571;77.6085706428571;96.0714274814286;41297;7426.85714285714;9097;7124.42857142857;102.888571602857;125.910000392857;77.6085706428571;54.4757134571429;3.14360955727124;33.4795705219719;6.42011273240829;4.14497983196264;7
805;2010;4;462;2010-04-10;2010-04-16;47817.4285714286;8128.57142857143;9472.14285714286;15623.7142857143;119.134286064286;137.804284232857;80.8071441671429;119.465714592857;35356.4285714286;7424.71428571429;9357.71428571429;6800.71428571429;88.0871418557143;125.87142944285701;79.8328574057143;52.0014288771429;6.35782291182435;20.2965679956893;4.58195809731764;6.13106347565383;7
804;2010;4;463;2010-04-17;2010-04-23;36091.2857142857;10752;9434.42857142857;14955.1428571429;89.9199992585715;182.282861981429;80.4871433814286;114.352856225714;30500.5714285714;8090.42857142857;9434.42857142857;7432.85714285714;75.9899989528571;137.161426002857;80.4871433814286;56.83571461;2.74152202100811;66.1224305246099;5.74315031132095;6.43879126961258;7
803;2010;4;464;2010-04-24;2010-04-30;34310.1428571429;43461.1428571429;5803.14285714286;10750.8571428571;85.4828567514286;736.812857491429;49.5071427485714;82.2042868485714;28043.7142857143;7594.14285714286;5803.14285714286;7324.14285714286;69.8685706;128.74571555;49.5071427485714;56.0028572071429;1.34154652776325;35.4795353198492;8.9717358917809;3.26061158740645;7
802;2010;5;465;2010-05-01;2010-05-07;31035.2857142857;21805.8571428571;3883.14285714286;8018.57142857143;106.344284058571;283.790002005714;54.6757147657143;94.0828574057143;27117.8571428571;7866.42857142857;3883.14285714286;7033.71428571429;92.9199992614286;102.37714386;54.6757147657143;82.5257132385714;2.98539095306457;41.7044749629536;2.4525074035766;5.27906466223171;7
801;2010;5;466;2010-05-08;2010-05-14;28992.1428571429;27496.8571428571;3799.14285714286;6694.57142857143;99.34285627;357.854287282857;53.49285725;78.5457142414286;26594.7142857143;9932.42857142857;3799.14285714286;6478.28571428571;91.1271427685714;129.264287675714;53.49285725;76.0099999585714;2.79615666008506;54.2482214949193;1.16580012148009;3.03545079613645;7
800;2010;5;467;2010-05-15;2010-05-21;28204.1428571429;24442.5714285714;3656.14285714286;5072.57142857143;96.6428582328572;318.105710711429;51.4785717557143;59.5157143714286;25388.5714285714;15395.2857142857;3656.14285714286;5049.57142857143;86.9971422471428;200.358570644286;51.4785717557143;59.2471427914286;1.63811628694794;19.4100992185072;2.07175772984482;6.21220741413137;7
799;2010;5;468;2010-05-22;2010-05-28;27687.2857142857;16671.1428571429;3806.57142857143;3953.57142857143;94.8728583214286;216.964283534286;53.5971423557143;46.3885721485714;25012.1428571429;10499.7142857143;3806.57142857143;3938.42857142857;85.7057157242857;136.648572648571;53.5971423557143;46.2100001742857;1.60912875461106;23.2277708376835;1.34382173370658;1.59190734145167;7
798;2010;5;469;2010-05-29;2010-06-04;25102.5714285714;10574.1428571429;3634.28571428571;3894;93.77571324;124.497142247143;65.9471435542857;74.3928582314286;23099.2857142857;8762.71428571429;3632.42857142857;3882.28571428571;86.3028564471428;102.261429922857;65.90714373;74.1342849728571;6.01464206735569;14.9013155938075;12.7602445924315;25.4402224338149;7
797;2010;6;470;2010-06-05;2010-06-11;25012.7142857143;9692.14285714286;3386.71428571429;3087.85714285714;99.4514280014286;103.617143905714;72.1885702942857;77.1857136314286;23746.1428571429;7859.71428571429;3361.28571428571;3068.85714285714;94.4157137171429;84.02571433;71.6457127157143;76.7099990857143;5.81172237431814;11.6995486267424;1.05610703283298;5.3169534609715;7
796;2010;6;471;2010-06-12;2010-06-18;23315.5714285714;8328.14285714286;2985.14285714286;2517.85714285714;92.7057146328572;89.0357131957143;63.6285711;62.94000026;22871.5714285714;7943.85714285714;2961;2505.71428571429;90.9371425085714;84.9242847985714;63.1142866942857;62.63571385;3.34749981373751;22.8512916422746;5.44809708765024;2.09590668935303;7
795;2010;6;472;2010-06-19;2010-06-25;20998;12471.1428571429;2684.71428571429;2241.57142857143;83.4885722571429;133.327144077143;57.2242856728571;56.0314287471429;20781.8571428571;10845.1428571429;2684.71428571429;2228.57142857143;82.6299994328571;115.94571468;57.2242856728571;55.7071440571429;1.37006133547729;14.7367498424192;2.95936892539229;1.7974305504592;7
794;2010;6;473;2010-06-26;2010-07-02;20292.1428571429;7447.85714285714;2963;1901.28571428571;85.4728557042857;78.7042863028571;66.7471417;56.9985716671429;20066.1428571429;7395;2963;1887.28571428571;84.5171421585714;78.14428493;66.7471417;56.5885712771429;7.36490225321456;12.1623800119732;3.8881341485874;14.5183709678042;7
793;2010;7;474;2010-07-03;2010-07-09;19410.7142857143;5184.57142857143;2636.28571428571;1742.85714285714;93.43143027;52.7642854957143;68.1285738257143;75.7157135028571;19091.2857142857;5166;2636.28571428571;1736.42857142857;91.8928582342857;52.5757146557143;68.1285738257143;75.4357136285714;1.38407274638448;4.6570230640754;0.746266983330858;1.99641232396916;7
792;2010;7;475;2010-07-10;2010-07-16;19356.2857142857;6909.71428571429;2583.14285714286;1616.57142857143;93.1671425942857;70.3242852357143;66.7557144171429;70.2271434228572;18596.1428571429;6722;2580.85714285714;1611.28571428571;89.5099988642857;68.4114276342857;66.6971424657143;69.9985722142857;4.5000631901823;14.6462462498282;0.93276857495278;1.05523047964529;7
791;2010;7;476;2010-07-17;2010-07-23;22329.1428571429;16834.8571428571;2504.42857142857;1588.28571428571;107.47857012;171.332858494286;64.7214284614286;68.9971422457143;21861.4285714286;15162.2857142857;2480.85714285714;1578.85714285714;105.227144514286;154.310001917143;64.1114289414286;68.5899990628571;2.39520798359434;50.1022088288543;0.44588672879425;2.42296625032266;7
790;2010;7;477;2010-07-24;2010-07-30;19671.2857142857;13603.1428571429;2312.85714285714;1290.28571428571;94.6385726942857;138.444283622857;59.7714293342857;56.0542853214286;19387.5714285714;12376.8571428571;2297.14285714286;1283.71428571429;93.2714287885714;125.962859017143;59.3642861514286;55.7699999128571;5.56014801830228;24.3573317759124;2.83283639123264;3.38454349977471;7
789;2010;7;478;2010-07-31;2010-08-06;17287.5714285714;12875.4285714286;2170;1219.14285714286;97.2371422885714;141.754284451429;63.1628570557143;72.3371434885714;16920.2857142857;11539.7142857143;2153.85714285714;1215.28571428571;95.1457138057143;126.96571459;62.6985713414286;72.1157150257143;4.58777955313586;20.3869543978443;4.84727585919441;9.00120242303771;7
788;2010;8;479;2010-08-07;2010-08-13;16863.8571428571;10547;2314.57142857143;1169;96.8528573157143;117.268572125714;68.5899996085714;72.3985704685714;16573.1428571429;10188.4285714286;2304.14285714286;1169;95.1857158128571;113.281428748571;68.2814276571429;72.3985704685714;1.69831030687443;11.8620513823633;1.86835276182037;2.30294300449465;7
787;2010;8;480;2010-08-14;2010-08-20;15578.1428571429;7588;2119.71428571429;1082.71428571429;89.3642872414286;84.36857278;62.81714303;67.0557141985714;14806.4285714286;7516.42857142857;2095.71428571429;1082.71428571429;84.9357125414286;83.5728574485714;62.1042851042857;67.0557141985714;4.9761389953347;14.8701380837129;1.04565578945892;1.48659535203622;7
786;2010;8;481;2010-08-21;2010-08-27;14416.7142857143;4985.28571428571;1939.42857142857;1056;82.7014269142857;55.4300003057143;57.4742862128571;65.3999993471429;13371.4285714286;4966.71428571429;1918.57142857143;1056;76.7042857585714;55.22285734;56.8542851028571;65.3999993471429;2.11515028490343;6.26623739139974;2.03920658542581;1.08366642479902;7
785;2010;8;482;2010-08-28;2010-09-03;13526.5714285714;4146.57142857143;1892.85714285714;992.285714285714;77.54714421;43.1328571871429;58.9985722114286;68.40857206;12566.7142857143;4121.85714285714;1872.71428571429;992.285714285714;72.0485709042857;42.8857143942857;58.3642856057143;68.40857206;1.01817613753204;4.04792427619173;4.48443908355858;8.46374215912923;7
784;2010;9;483;2010-09-04;2010-09-10;12754;3722;1877.42857142857;934.571428571429;73.5057144185714;35.5028566628571;62.2442850385714;73.2214290071429;12425.4285714286;3646.42857142857;1858.42857142857;934.571428571429;71.6114262185714;34.7814284714286;61.61285673;73.2214290071429;0.455756019555899;3.85647737247548;2.23191666181288;0.827675050990852;7
783;2010;9;484;2010-09-11;2010-09-17;12713;3310;2034.85714285714;880.285714285714;73.2699988242857;31.5728569014286;67.46142905;68.9685712528571;12279.8571428571;3287.57142857143;2012.71428571429;880.285714285714;70.7714287885714;31.3600000657143;66.7271434257143;68.9685712528571;0.844974033386602;3.45643332433411;2.66805046793541;1.05999202226555;7
782;2010;9;485;2010-09-18;2010-09-24;12575.5714285714;10215.8571428571;1871.28571428571;818.714285714286;72.47857121;97.4457130428572;62.04142761;64.1428582328571;12269.5714285714;8378.14285714286;1849.28571428571;818.714285714286;70.7128568371429;79.91714314;61.3114286157143;64.1428582328571;0.865519083845278;63.9967950918301;1.36600957247882;3.01914874233806;7
781;2010;9;486;2010-09-25;2010-10-01;18179.8571428571;7309.42857142857;2064.71428571429;861.285714285714;101.628570555714;68.8728572285714;67.6428555071429;66.5185715814286;16677;6230.85714285714;2047;861.285714285714;93.3457151142857;58.59571457;67.0600008285714;66.5185715814286;12.6349782043099;15.1224713434337;2.768921793805;4.31724228550644;7
780;2010;10;487;2010-10-02;2010-10-08;25268;5999.71428571429;2054.71428571429;805.857142857143;121.808571951429;50.1742858857143;62.4214292257143;56.4842856271429;21235.2857142857;5919.42857142857;2037.71428571429;805.857142857143;102.36857169;49.5042849942857;61.9085720642857;56.4842856271429;6.92772587235684;11.2161326121839;1.22585223191888;3.94724309303779;7
779;2010;10;488;2010-10-09;2010-10-15;22105.4285714286;6425.85714285714;2275;889;106.562857492857;53.7371428342857;69.1157150271429;62.31285749;20708.2857142857;6358;2250.85714285714;889;99.8285729542857;53.1685709257143;68.38142831;62.31285749;6.24132480392354;8.82686412678594;2.01016905521813;1.89481509092026;7
778;2010;10;489;2010-10-16;2010-10-22;19886.8571428571;6759;2338.57142857143;900.857142857143;95.8657139371428;56.5242854514286;71.0471420285714;63.1457138071428;18537.2857142857;6681.28571428571;2317.14285714286;900.857142857143;89.3614283971428;55.8728572314286;70.3985715614286;63.1457138071428;4.77915689530435;6.3561117535855;3.37775352362515;6.37041660218389;7
777;2010;10;490;2010-10-23;2010-10-29;19492.1428571429;4831.71428571429;2752.85714285714;1530.42857142857;93.9642868057143;40.4071431857143;83.6342860642857;107.274286541429;18614.4285714286;4817.71428571429;2735.42857142857;1530.42857142857;89.73286002;40.2885714928572;83.1042851028571;107.274286541429;0.649428079831042;3.66556662758025;9.93289373093657;9.1866561275814;7
776;2010;10;491;2010-10-30;2010-11-05;22189.1428571429;6451.57142857143;3057.42857142857;1618.57142857143;89.3871427242857;69.5385720371429;67.0457142428571;80.75428445;21109.7142857143;6403.71428571429;3045.14285714286;1618.57142857143;84.6514293128571;69.0914295742857;66.7785704471429;80.75428445;3.8639424984094;10.8756228965843;17.1222895193296;17.9187602352584;7
775;2010;11;492;2010-11-06;2010-11-12;25111.8571428571;4524.28571428571;3707.42857142857;1692.85714285714;94.1142861485714;53.8899993914286;68.8985710171429;71.8914282657143;23905.8571428571;4498.42857142857;3694.57142857143;1692.85714285714;89.5971429014286;53.58428628;68.6614281785714;71.8914282657143;3.15597721898565;4.39624332416206;8.93638508499337;1.0180262274159;7
774;2010;11;493;2010-11-13;2010-11-19;28657.1428571429;3958;5626.28571428571;1819.14285714286;107.40285819;47.1442854757143;104.557143077143;77.2557144171429;27971;3902.85714285714;5626.28571428571;1819.14285714286;104.829999652857;46.4871428357143;104.557143077143;77.2557144171429;7.86431649199333;7.61098514863104;8.53878807679359;3.83551395656174;7
773;2010;11;494;2010-11-20;2010-11-26;32918.7142857143;5502.57142857143;6814.57142857143;2192.28571428571;123.375714982857;65.5414292471429;126.64428493;93.10142844;32165.7142857143;5314.57142857143;6814.57142857143;2192.28571428571;120.551427567143;63.3057136542857;126.64428493;93.10142844;4.94887709588446;13.6293267494822;3.61763548438124;7.80104411010649;7
772;2010;11;495;2010-11-27;2010-12-03;34786.1428571429;6816.85714285714;7235.28571428571;2663.85714285714;111.464286802857;91.71857289;107.100000652857;88.4157148071429;33500.2857142857;6384.85714285714;7235.28571428571;2663.85714285714;107.354286194286;85.95999963;107.100000652857;88.4157148071429;23.2509843557458;30.1757363822499;30.6078884169183;26.8641679354212;7
771;2010;12;496;2010-12-04;2010-12-10;40388.5714285714;15382.5714285714;7984.71428571429;3000.28571428571;99.8928582314286;229.398570468571;79.9671423771429;64.8428562714286;36931.4285714286;14559.7142857143;7984.71428571429;3000.28571428571;91.3414273957143;217.12714277;79.9671423771429;64.8428562714286;7.53679655827547;31.871024681580302;5.02125437967428;1.05005972404877;7
770;2010;12;497;2010-12-11;2010-12-17;41459.5714285714;19081.1428571429;10226.1428571429;3467;102.54142761;284.557148524286;102.41571481;74.92999976;38731.1428571429;17972.1428571429;10226.1428571429;3467;95.79285758;268.01714434;102.41571481;74.92999976;6.54957107233602;45.8125844254206;3.66534730984357;13.1901327960401;7
769;2010;12;498;2010-12-18;2010-12-24;45729.2857142857;15085.2857142857;10229.2857142857;4936.71428571429;113.099999564286;224.967143467143;102.44857352;106.69428471;42506.7142857143;14792.2857142857;10229.2857142857;4936.71428571429;105.129999432857;220.595711845714;102.44857352;106.69428471;1.64101794599239;5.23253451476691;2.45621287405174;4.58152155908655;7
768;2010;12;499;2010-12-25;2010-12-31;52158.2857142857;13155;9061.14285714286;4685.28571428571;129.001429965714;193.232855661429;90.7485722142857;101.259999954286;48632.1428571429;12947.8571428571;9061.14285714286;4685.28571428571;120.27999987;190.178571428571;90.7485722142857;101.259999954286;12.579568371594;22.0843227656408;1.94250290077944;6.69991298456509;7
767;2011;1;500;2011-01-01;2011-01-07;70420.4285714286;9300.28571428571;8253.57142857143;5018;128.19000026;131.004287718571;59.7585716257143;61.25714275;66572.4285714286;9181.57142857143;8253.57142857143;5018;121.187144687143;129.334284102857;59.7585716257143;61.25714275;10.0820704516962;13.4836785448914;4.17711384216471;8.0010076265666;7
766;2011;1;501;2011-01-08;2011-01-14;78965.4285714286;8852.14285714286;11788.4285714286;7876;143.74571446;124.692856924286;85.3528562257143;96.1471426814286;75763.4285714286;8664.57142857143;11788.4285714286;7876;137.917144774286;122.05142757;85.3528562257143;96.1471426814286;2.44149936509184;13.4838210815443;15.3240089215673;7.75589905286867;7
765;2011;1;502;2011-01-15;2011-01-21;87429;10183.8571428571;15469.5714285714;8149.14285714286;159.154285975714;143.452856881429;112.007142204286;99.4800000885714;79840.5714285714;9800.42857142857;15469.5714285714;8149.14285714286;145.340000697143;138.051428658571;112.007142204286;99.4800000885714;3.56974583985441;11.8550875496308;3.35723598184257;2.59320832706739;7
764;2011;1;503;2011-01-22;2011-01-28;74028.5714285714;16865.7142857143;15791.4285714286;9265.28571428571;134.759999955714;237.574284145714;114.337142945714;113.105713981429;66936.8571428571;15447.7142857143;15791.4285714286;9260.14285714286;121.849998474286;217.597141811429;114.337142945714;113.04285758;9.03819113397164;8.82851080460874;1.41055320291534;4.28152560825133;7
763;2011;1;504;2011-01-29;2011-02-04;53566.2857142857;15611;15860.1428571429;9913.57142857143;95.3757149828571;206.649998257143;111.704285757143;102.662855964286;50382.2857142857;14111.7142857143;15859.2857142857;9855.57142857143;89.69428689;186.854285104286;111.69857134;102.10142844;7.81104937918789;19.5771513136658;6.64499396073624;17.7546092761134;7
762;2011;2;505;2011-02-05;2011-02-11;46980.5714285714;18482.4285714286;11482.8571428571;9717.14285714286;82.0728563542857;232.160001481429;79.0857140671429;87.0542853214286;43388;14407.1428571429;11482.8571428571;9625.85714285714;75.7942842757143;180.971429007143;79.0857140671429;86.2357134142857;2.67167809997491;26.0845141517549;10.9934025510446;1.79193377258112;7
761;2011;2;506;2011-02-12;2011-02-18;49195.4285714286;23673.8571428571;7637.42857142857;11291.8571428571;85.9414280485714;297.371429442857;52.6028567714286;101.162854874286;42118.5714285714;13579.7142857143;7628.57142857143;11235.4285714286;73.5785707742857;170.578569685714;52.5414287028571;100.655715942857;2.09226673265404;14.5882262164822;5.72987514027525;6.53740191643697;7
760;2011;2;507;2011-02-19;2011-02-25;49893;19088.5714285714;6366.42857142857;13658.4285714286;87.1599993028571;239.774285452857;43.8457145685714;122.362856182857;44545.1428571429;11794;6348.71428571429;13594.4285714286;77.8171430328572;148.147144861429;43.7242851257143;121.790000915714;2.65133787505483;12.5951752150881;0.879864860314204;4.52906410132058;7
759;2011;2;508;2011-02-26;2011-03-04;59436.5714285714;20782.8571428571;6504.71428571429;15863.5714285714;108.017142158571;283.462857928571;45.0842851914286;129.718570165714;52289.5714285714;13820.5714285714;6379.28571428571;12731.7142857143;95.0257143314286;192.352857317143;44.2114290514286;105.142857142857;12.9248355886123;41.2441935811283;3.21066706111787;19.7711482292496;7
758;2011;3;509;2011-03-05;2011-03-11;89135.1428571429;10609;6650.85714285714;17846.8571428571;165.944285801429;156.825714111429;46.3328568585714;136.372855051429;65421.5714285714;9098.28571428571;6449.28571428571;7632;121.798569815714;134.49571337;44.9271430957143;58.3171424857143;13.3245104435242;24.195594582151;2.32213032797797;5.3392346606029;7
757;2011;3;510;2011-03-12;2011-03-18;96688.4285714286;10053.7142857143;10545.5714285714;16898.7142857143;180.00857108;148.617142814286;73.4642857142857;129.127141681429;66201.2857142857;9199.85714285714;10425.8571428571;7738.28571428571;123.248570035714;135.99571555;72.6299994328571;59.1299999785714;8.59326549235609;17.9686070342672;14.1213521713718;1.69220854350219;7
756;2011;3;511;2011-03-19;2011-03-25;90163.1428571429;6328.71428571429;15736.2857142857;16056.5714285714;167.858570644286;93.5528586242857;109.62714386;122.692858015714;60871.1428571429;6108.85714285714;15663.7142857143;8133;113.325715201429;90.3042864128571;109.120001657143;62.1471432271429;5.15781996190492;9.8511693295967;6.28510759472748;2.47960778297566;7
755;2011;3;512;2011-03-26;2011-04-01;76728.7142857143;21487.2857142857;17025.2857142857;15210.8571428571;148.781426567143;321.664291382857;122.487142288571;116.24142892;56264;15679.7142857143;17025.2857142857;7648.57142857143;109.238572257143;234.617141724286;122.487142288571;58.4500007628571;10.6489251459454;62.3097989934019;11.4847394347704;4.05453668965624;7
754;2011;4;513;2011-04-02;2011-04-08;66376;16022.2857142857;17176.5714285714;16309.7142857143;163.132858275714;254.459997994286;146.534286498571;124.710000175714;51902.2857142857;11573;17176.5714285714;8258.42857142857;127.560000828571;183.797145297143;146.534286498571;63.1471415942857;3.33377868538345;32.8209975614451;1.98524118089963;5.65583646969606;7
753;2011;4;514;2011-04-09;2011-04-15;59775.8571428571;9424;16361.4285714286;16119.1428571429;146.911431447143;149.667142595714;139.581431795714;123.254286628571;46109.5714285714;8355.42857142857;16361.4285714286;7633.57142857143;113.324285235714;132.697145732857;139.581431795714;58.3714278071429;5.16193565688438;8.3318583756147;2.8233693982395;5.41824729914534;7
752;2011;4;515;2011-04-16;2011-04-22;50063.5714285714;8446.14285714286;15266.7142857143;16225.5714285714;123.042858667143;134.138571602857;130.242857795714;124.06714303;40273.5714285714;8164.71428571429;15266.7142857143;8075.71428571429;98.9814300542857;129.668568204286;130.242857795714;61.7499994542857;6.95208559567616;8.31825099150693;4.52894323584163;7.70480735798357;7
751;2011;4;516;2011-04-23;2011-04-29;41967.4285714286;8304.85714285714;12552;15433.5714285714;103.142856051429;131.892858232857;107.084285191429;118.014286585714;38155.4285714286;7747.28571428571;12552;7375.85714285714;93.7742854528571;123.03856877;107.084285191429;56.4014282214286;3.81027144331219;23.7687449609967;11.6337417439859;5.58511455309399;7
750;2011;4;517;2011-04-30;2011-05-06;40689.2857142857;5159;8311;14590.5714285714;132.057143074286;65.54714203;109.211427961429;162.371428354286;39022;5070.85714285714;8311;7248.28571428571;126.791428702857;64.4328564242857;109.211427961429;81.1399999342857;13.7464562926582;10.8634175598128;14.6954362679615;15.6306850084154;7
749;2011;5;518;2011-05-07;2011-05-13;36486.2857142857;6051.14285714286;6359.14285714286;13593;123.37285832;73.3785700114286;89.53857204;159.487141201429;33991.2857142857;5903.42857142857;6359.14285714286;7298.28571428571;114.937142507143;71.5842868285714;89.53857204;85.6300005242857;2.81328233164143;20.9842033496109;5.20466742659465;4.34887183237262;7
748;2011;5;519;2011-05-14;2011-05-20;31638.5714285714;8617.85714285714;5589.57142857143;11758.7142857143;106.981428965714;104.502857752857;78.7000002171428;137.965714591429;30973.5714285714;8156.71428571429;5589.57142857143;7170.71428571429;104.734286717143;98.9099993028571;78.7000002171428;84.1342860642857;2.20898929260358;14.910349480644;3.88398621104789;3.80878622687513;7
747;2011;5;520;2011-05-21;2011-05-27;29147.8571428571;5286.14285714286;4824.42857142857;9481.14285714286;98.5399998257143;64.1014289871429;67.9257147642857;111.240000045714;28815.1428571429;5230.14285714286;4824.42857142857;7180.85714285714;97.4142848414286;63.4200003485714;67.9257147642857;84.2514277857143;2.06022551346236;6.86600808837043;2.99054919565835;6.94105460903262;7
746;2011;5;521;2011-05-28;2011-06-03;27445.1428571429;3699;4196.42857142857;6708.28571428571;98.9771412442857;41.6771430971429;71.7985719957143;112.415713718571;27070;3650.57142857143;4194.14285714286;6065.85714285714;97.6228572285714;41.1342852457143;71.75;104.548571995714;6.45708889539184;7.12820699333401;14.5763912934524;39.949707581907;7
745;2011;6;522;2011-06-04;2011-06-10;27356.7142857143;5240.42857142857;3911.42857142857;4710.71428571429;107.281429837143;51.9557151785714;83.3728561385714;117.748572212857;26767.1428571429;5107;3893.57142857143;4659.71428571429;104.969999041429;50.6299999771429;82.9899989542857;116.474285671429;2.41655290273901;18.4040797042739;5.69535734209887;8.55873554891472;7
744;2011;6;523;2011-06-11;2011-06-17;31422;4645.71428571429;3528;3895.14285714286;123.224286761429;46.05714253;75.2014290942857;97.3671439042857;30861.5714285714;4581.14285714286;3525.14285714286;3846;121.024285452857;45.4185714728571;75.14000048;96.1371427257143;3.19047031895666;5.15672186172212;1.26692394356242;5.75413785418127;7
743;2011;6;524;2011-06-18;2011-06-24;27725.4285714286;10299;3563.42857142857;3302.71428571429;108.730000088571;102.104286192857;75.9557146357143;82.5557142;27319.2857142857;9500.71428571429;3563.42857142857;3253;107.132857185714;94.18857193;75.9557146357143;81.3114275242857;6.36072287693329;54.4974273469007;0.887523872169212;2.9234180125683;7
742;2011;6;525;2011-06-25;2011-07-01;24586.2857142857;16213;3621.42857142857;2909.28571428571;99.2757132371429;159.074285234286;79.7557144157143;79.9171425942857;24307.8571428571;14424.1428571429;3621.42857142857;2864.57142857143;98.1457148971429;141.630000522857;79.7557144157143;78.6757136757143;7.10694000135407;24.3277427400761;10.0205579526426;16.960108479312;7
741;2011;7;526;2011-07-02;2011-07-08;26846.4285714286;24097.4285714286;3335.14285714286;2651.57142857143;127.397143771429;226.641424998571;86.1885724742857;115.18999917;25667.4285714286;20424.2857142857;3335.14285714286;2608.42857142857;121.804286412857;192.094284058571;86.1885724742857;113.319999697143;4.3489461710063;35.3676239629204;4.13960364578595;1.19387323492765;7
740;2011;7;527;2011-07-09;2011-07-15;24490.7142857143;13893.7142857143;3172.71428571429;2461.71428571429;116.221427915714;130.672857012857;81.9928567057143;106.942856927143;23547.8571428571;13559.1428571429;3172.71428571429;2422.85714285714;111.745715551429;127.52571324;81.9928567057143;105.255713325714;3.95268670400965;6.38050841905629;2.35208298017763;6.56413218935263;7
739;2011;7;528;2011-07-16;2011-07-22;23026.2857142857;28517.2857142857;3065.14285714286;2054.14285714286;109.268571035714;268.209995815714;79.2099990842857;89.2385733471429;22749.2857142857;16492.7142857143;3065.14285714286;2017.14285714286;107.955714632857;155.115716114286;79.2099990842857;87.6300016128572;0.926260883682426;38.327524685085;1.06373456177226;3.10913171849771;7
738;2011;7;529;2011-07-23;2011-07-29;22896.7142857143;21846.8571428571;3010.42857142857;1794.28571428571;108.654285975714;205.4742824;77.7971431185714;77.9471435557143;21407.4285714286;15035.2857142857;3010.42857142857;1763.28571428571;101.58857182;141.409999302857;77.7971431185714;76.60142735;4.04134628700936;24.4443482823225;1.99808879313108;2.01526992205926;7
737;2011;7;530;2011-07-30;2011-08-05;25191.2857142857;28824.2857142857;2730.57142857143;1672.14285714286;137.702856881429;288.63571603;77.7828565314286;94.4114270885714;21279.5714285714;12175;2730.57142857143;1646.14285714286;115.799999781429;121.335715157143;77.7828565314286;92.9671423757143;19.3493702824584;19.6776103280105;2.94830758747118;13.1659334933501;7
736;2011;8;531;2011-08-06;2011-08-12;26774.2857142857;34042;2436.42857142857;1535.14285714286;152.412857055714;347.198566982857;72.2014280028571;95.07571411;23520.8571428571;10098;2436.42857142857;1509.14285714286;133.892854964286;102.99142674;72.2014280028571;93.4628579285714;7.57685286491879;76.7279624506673;1.51959962102309;2.85114442862703;7
735;2011;8;532;2011-08-13;2011-08-19;21141.5714285714;22660.8571428571;2493.42857142857;1361.28571428571;120.348571777143;231.121427264286;73.8914271757143;84.3085708614286;19593.7142857143;12253.2857142857;2493.42857142857;1339.85714285714;111.538572038571;124.972857882857;73.8914271757143;82.9799989971429;6.02425293244357;36.2637170202203;1.18201051968013;3.17838984522061;7
734;2011;8;533;2011-08-20;2011-08-26;23962.5714285714;27586.7142857143;2343;1261.85714285714;136.40714264;281.36000497;69.4342858457143;78.1514282214286;19534.8571428571;12046.8571428571;2343;1240.57142857143;111.204285758571;122.86857169;69.4342858457143;76.8328563128571;6.25533288027845;35.3622859333019;1.38193052731222;3.1497697373931;7
733;2011;8;534;2011-08-27;2011-09-02;20175.7142857143;36352;2239.57142857143;1157.42857142857;115.137143817143;354.915714807143;68.6028573157143;77.3500006528571;17902.1428571429;11467.5714285714;2239.57142857143;1134.28571428571;102.177142552857;108.939999172857;68.6028573157143;75.8457162057143;8.15665815984095;71.910364454198;3.53391059342369;12.0918882971118;7
732;2011;9;535;2011-09-03;2011-09-09;18077.4285714286;29217.8571428571;2319.42857142857;1044.28571428571;103.845714024286;256.032860891429;76.89857156;81.81857191;15610.7142857143;8553.28571428571;2316.28571428571;1022.28571428571;89.6771436428571;74.9499993985714;76.7942853657143;80.09285845;6.06177740342995;41.580669908510004;1.30890280741229;8.0602222676888;7
731;2011;9;536;2011-09-10;2011-09-16;16991;33574.4285714286;2207.85714285714;960;97.6071417657143;294.208570205714;73.2000013071429;75.2142846242857;15353.5714285714;12893.8571428571;2190;948;88.2014290942857;112.984285627143;72.6071439471429;74.2728576671429;4.10306617888194;20.2293424698187;4.29864957584668;2.6959203515743;7
730;2011;9;537;2011-09-17;2011-09-23;15413.5714285714;20057.2857142857;2136.42857142857;938.714285714286;88.5414276128571;175.755715505714;70.8314296171428;73.54571533;13471;14391.1428571429;2123.57142857143;936.428571428571;77.3842849728571;126.108572821429;70.4042859771429;73.3671428128572;0.962094792513751;11.2297781841496;1.12280655744215;4.38541712031686;7
729;2011;9;538;2011-09-24;2011-09-30;14624.5714285714;12888;2060.85714285714;870.142857142857;84.0114277428571;112.934284752857;68.3242863257143;68.1742858885714;14299.2857142857;9335.14285714286;2059.42857142857;870.142857142857;82.1428571442857;81.79999951;68.2771432057143;68.1742858885714;1.05029890409952;35.8606025180784;1.24411604209084;2.26476408161988;7
728;2011;10;539;2011-10-01;2011-10-07;15223.4285714286;6951.14285714286;1959;961.428571428571;73.1557148542857;53.8085714085714;59.5157143728571;67.3914288128571;14786.1428571429;6649.28571428571;1948;961.428571428571;71.0542864114286;51.4714290071429;59.1814286371429;67.3914288128571;3.20047401601658;5.78806285308788;0.922938615147475;7.0590005257601;7
727;2011;10;540;2011-10-08;2011-10-14;18793.5714285714;10437.2857142857;2009.57142857143;1037.28571428571;90.31285749;80.7942870014286;61.0528564471429;72.7085712985714;18499.8571428571;9911;1993.85714285714;1037.28571428571;88.90285819;76.7200012214286;60.5742852342857;72.7085712985714;10.3998008866861;47.8509481281821;2.10339293925983;2.45101639265962;7
726;2011;10;541;2011-10-15;2011-10-21;34149.5714285714;14666.4285714286;2566.57142857143;1327.28571428571;164.107142857143;113.531430924286;77.9742867614286;93.0342843185714;29869.7142857143;13833.7142857143;2551.42857142857;1327.28571428571;143.540000914286;107.087141854286;77.5157132828571;93.0342843185714;16.9360076951088;24.6168782621479;9.12313579824973;12.7643488588397;7
725;2011;10;542;2011-10-22;2011-10-28;30572.4285714286;11043.8571428571;3651.71428571429;2010.42857142857;146.917142595714;85.49142892;110.941428048571;140.920001438571;28813.1428571429;10352.8571428571;3648.42857142857;2009.85714285714;138.464286804286;80.1428571428571;110.842857361429;140.880001612857;9.50211017440703;8.99900441105733;10.1782569124059;15.6353988765516;7
724;2011;10;543;2011-10-29;2011-11-04;24916.4285714286;11551.4285714286;4601.57142857143;2447.71428571429;104.94000026;108.36285727;108.908571515714;132.795713151429;21299.7142857143;10290.5714285714;4598.57142857143;2429.28571428571;89.32571411;97.1071428571429;108.852857317143;131.740001131429;12.7133590534267;11.3749992174299;30.0163553738155;35.0162858510473;7
723;2011;11;544;2011-11-05;2011-11-11;20489.2857142857;6311.57142857143;3860.42857142857;2692.42857142857;76.55857086;69.9771445142857;71.7399989528571;114.341428484286;18973;6062.71428571429;3859.71428571429;2680.57142857143;70.8928571414286;67.21857071;71.7271423328571;113.838572911429;3.63055442373094;9.92301746477122;4.37508351518777;6.83161083654214;7
722;2011;11;545;2011-11-12;2011-11-18;24598.2857142857;6933.28571428571;3821;2917.85714285714;91.9114281785714;76.8714289;71.0100010485714;123.914285931429;22429.5714285714;6812.57142857143;3812.42857142857;2902.14285714286;83.8085714071429;75.53428759;70.8500006528571;123.248572214286;22.4892274160892;12.4061596147092;1.99913342270335;1.17171479570547;7
721;2011;11;546;2011-11-19;2011-11-25;31508.2857142857;7015.71428571429;3367.85714285714;3352.14285714286;117.728572301429;77.7842864985714;62.5885718214286;142.357140678571;28750;6931.28571428571;3367.85714285714;3327.57142857143;107.424285887143;76.8485706871429;62.5885718214286;141.315717422857;5.39011784780297;5.28978103484868;3.2354466698626;8.14858733427748;7
720;2011;11;547;2011-11-26;2011-12-02;34801.7142857143;4886.85714285714;4803.85714285714;4143.85714285714;117.41571263;57.6857141757143;75.4057137642857;149.512857708571;30202.4285714286;4836.71428571429;4803.85714285714;4134.14285714286;101.325714111429;57.0742852342857;75.4057137642857;149.100000652857;15.9168649713092;4.49347620719911;15.6891279027682;36.9998933000406;7
719;2011;12;548;2011-12-03;2011-12-09;33234.5714285714;3578.28571428571;7469;5225.14285714286;82.1014284428571;49.9085704257143;74.8028575357143;112.928571428571;30581.4285714286;3221.42857142857;7386;5216.57142857143;75.5485709057143;44.9299992142857;73.9728567928571;112.74142783;1.93416306829167;6.29936542101942;14.2784932736416;9.16615919293466;7
718;2011;12;549;2011-12-10;2011-12-16;41766.2857142857;4287.28571428571;11605.7142857143;5374.71428571429;103.178570338571;59.79857036;116.232857841429;116.162857057143;39443;3894.57142857143;11605.7142857143;5361.85714285714;97.4371435985714;54.3214285714286;116.232857841429;115.882856095714;13.9934769317054;7.90985707771521;5.67198568278379;4.81866172667683;7
717;2011;12;550;2011-12-17;2011-12-23;55726.2857142857;3486.85714285714;11100.7142857143;5696.57142857143;137.664284842857;48.63142831;111.172857012857;123.117141724286;51235.1428571429;3419;11100.7142857143;5696.57142857143;126.569998604286;47.6857147228571;111.172857012857;123.117141724286;5.15098681112077;7.87695300678512;5.33672703480548;13.1508143286686;7
716;2011;12;551;2011-12-24;2011-12-30;46951.7142857143;3277.14285714286;12855.8571428571;7313.14285714286;115.987142288571;45.7085723885714;128.754288807143;158.055714198571;44032.5714285714;3211.42857142857;12855.8571428571;7313.14285714286;108.775713237143;44.7914281585714;128.754288807143;158.055714198571;2.43500135682802;1.88645613502982;12.7719538976558;3.50446144900525;7
715;2011;12;552;2011-12-31;2012-01-06;61919;4191;15554.4285714286;6887.57142857143;117.242857797143;58.7242856728571;118.369999477143;93.6814291814286;55638.7142857143;4135.85714285714;15408.8571428571;6887.57142857143;105.498571122857;57.9528568814286;117.317141941429;93.6814291814286;11.8000489944985;5.36782663736453;12.7703143426865;26.8401941960241;7
714;2012;1;553;2012-01-07;2012-01-13;78471.7142857143;3446.71428571429;17141.2857142857;9462.57142857143;142.685714721429;48.3257141114286;124.111427305714;115.515715464286;69326.2857142857;3397.85714285714;16891.2857142857;9462.57142857143;126.055712018571;47.6414282671429;122.301428658571;115.515715464286;8.67016277288597;5.94030619929614;1.73524527982635;20.3299637415069;7
713;2012;1;554;2012-01-14;2012-01-20;78848.7142857143;9573.71428571429;17697.1428571429;13025.2857142857;143.36857169;134.235714504286;128.134284972857;159.007143292857;72705.8571428571;9057;17626.1428571429;13019.8571428571;132.201429094286;126.990000045714;127.621428354286;158.941428048571;2.43314257135058;20.4817721021655;1.34701452512448;4.58778694356916;7
712;2012;1;555;2012-01-21;2012-01-27;72363;8717.85714285714;17626.2857142857;13859;131.577141898571;122.235715591429;127.621428352857;169.182859147143;64620.2857142857;8604.85714285714;17626.2857142857;13167.5714285714;117.498571122857;120.651429311429;127.621428352857;160.742854528571;5.97635930525465;19.6019309244879;0.665518486881906;6.58474089002238;7
711;2012;1;556;2012-01-28;2012-02-03;65551.1428571429;6263.28571428571;17201.4285714286;14640.1428571429;117.155713761429;84.5400009157143;121.959999085714;158.707139152857;56002.4285714286;6202.14285714286;17201.4285714286;10915.4285714286;100.002857752857;83.7171440114286;121.959999085714;119.205714634286;2.26729349870245;22.426146022103;4.02808403577983;27.438581982913;7
710;2012;2;557;2012-02-04;2012-02-10;51226;4946.28571428571;16937.5714285714;13435.1428571429;89.37285723;61.9071431857143;116.65714264;120.36428724;48963.2857142857;4818.85714285714;16937.5714285714;9367.85714285714;85.4257147671428;60.3142847314286;116.65714264;83.9271436428571;8.96617510170947;7.93521209785589;0.412986153982945;4.03972761390329;7
709;2012;2;558;2012-02-11;2012-02-17;47045.8571428571;4769.85714285714;16344.8571428571;13480;82.0828574042857;59.7000007628571;112.571428571429;120.765714372857;44353;4613.57142857143;16227.1428571429;8041;77.3828571871428;57.7428567071429;111.761427742857;72.0385725842857;1.93949987658323;6.12483810134319;4.02117586408998;16.0848087939978;7
708;2012;2;559;2012-02-18;2012-02-24;45527.5714285714;4378.14285714286;14317.4285714286;14804.4285714286;79.4314291828571;54.79571424;98.6085717342857;132.632856097143;43756.1428571429;4317.14285714286;12749.5714285714;5840;76.3400006971429;54.0342859542857;87.8114286157143;52.3214291171429;0.959792215329186;5.43388102058078;5.10286600931328;6.68844307996735;7
707;2012;2;560;2012-02-25;2012-03-02;43223;9078.14285714286;11095.8571428571;15107;76.7785720828572;120.158573694286;76.6414271757143;129.712855748571;41628.2857142857;8964.14285714286;11091.7142857143;7360.85714285714;73.9385724728571;118.660000392857;76.6128550928571;63.4400013514286;1.56092242095316;30.3582388298217;8.36001772694243;9.15477934026835;7
706;2012;3;561;2012-03-03;2012-03-09;36517;6313.71428571429;7900.85714285714;14352.5714285714;67.8828577314286;92.9914294657143;55.0414281571429;109.66999926;34614.7142857143;6271.71428571429;7897.42857142857;7695.71428571429;64.3457151142857;92.3728572314286;55.0185710357143;58.8057147414286;3.47198830435578;26.7266654239308;3.583905700267;4.99553196937578;7
705;2012;3;562;2012-03-10;2012-03-16;32298;3043.57142857143;6030.71428571429;13310.7142857143;60.04142761;44.8271429871429;42.0128566214286;101.710000172857;30640.5714285714;2992.42857142857;6029.28571428571;7104.42857142857;56.95999963;44.0742857814286;42.0028566642857;54.2871431628571;0.842456807518848;4.06648450673605;5.11803631502514;1.1287407429504;7
704;2012;3;563;2012-03-17;2012-03-23;37707.8571428571;2536.14285714286;4607.85714285714;12004.4285714286;70.0971418128571;37.3542851028571;32.10000011;91.7271434242857;36051.5714285714;2474.42857142857;4598;7068.85714285714;67.01857158;36.4442858028571;32.0314282;54.0142860428571;3.52586368757469;0.892465846299091;0.624004080129981;3.38773192536125;7
703;2012;3;564;2012-03-24;2012-03-30;38432.5714285714;2144.85714285714;5741.57142857143;13799.8571428571;71.4471424628571;31.5900004257143;39.9985711228571;105.447142467143;36473.1428571429;2087.42857142857;5740.71428571429;7410.14285714286;67.80142975;30.7428572514286;39.9914278285714;56.6228577757143;1.38986058854483;3.25347862922147;4.57905167310412;2.31009212532895;7
702;2012;3;565;2012-03-31;2012-04-06;35262.8571428571;1782.57142857143;8226.71428571429;12302.2857142857;83.3828560957143;27.8685714171429;68.5200004557143;94.0599986471428;33942.2857142857;1645.57142857143;8226.71428571429;7398.71428571429;80.3042853214286;25.7171429228571;68.5200004557143;56.56857191;6.79089967547453;2.05105459857338;7.65951620974226;4.12292099888571;7
701;2012;4;566;2012-04-07;2012-04-13;32169.2857142857;1990;7057;9733.42857142857;78.9471435557143;31.4128573285714;60.2057135428571;74.4242858885714;31395.4285714286;1721.85714285714;7057;7275.57142857143;77.0499997814286;27.1800000328571;60.2057135428571;55.6314294;1.94115975641926;4.5841540105419;5.14834871278166;5.48352545534229;7
700;2012;4;567;2012-04-14;2012-04-20;29833.1428571429;2678.14285714286;5702.71428571429;8957;73.21142905;42.27571433;48.6514282228571;68.48714229;28929.7142857143;2423.14285714286;5702.71428571429;7110.71428571429;70.99571555;38.251428602857096;48.6514282228571;54.3700000214286;1.52671565592362;4.83053947705052;3.38831131946449;4.22606251012319;7
699;2012;4;568;2012-04-21;2012-04-27;29646.5714285714;4371.14285714286;4960.85714285714;7894.14285714286;72.7557144171429;68.9999994557143;42.3228569028571;60.3614283971429;28969.4285714286;4030.71428571429;4960.85714285714;6619.71428571429;71.0957151142857;63.6271422271429;42.3228569028571;50.6185711442857;2.44197866986059;62.1392879186558;1.85087990677198;2.3231836606981;7
698;2012;4;569;2012-04-28;2012-05-04;35560.8571428571;11358.8571428571;4211.14285714286;6774.28571428571;106.474284581429;157.587145122857;48.9128576014286;67.1357154842857;35046.7142857143;11043.4285714286;4211.14285714286;6439;104.868572782857;153.131427221429;48.9128576014286;64.03857204;20.2640633899916;42.9354383223509;10.9699568706066;13.0666238771737;7
697;2012;5;570;2012-05-05;2012-05-11;30678;7218.57142857143;3775.28571428571;5629.28571428571;103.5842841;87.00428445;53.1557143071429;66.0499992371429;30165.1428571429;6981.14285714286;3775.28571428571;5588.28571428571;101.852858407143;84.1414293557143;53.1557143071429;65.5671419414286;6.72006617464393;9.72513155381471;1.4724221108358;5.38538874762256;7
696;2012;5;571;2012-05-12;2012-05-18;28342.2857142857;4213.71428571429;3765;4485.85714285714;95.6971435542857;50.78857204;53.0099999557143;52.6328571871429;27828.5714285714;3959.42857142857;3765;4458.85714285714;93.9628579285714;47.72428567;53.0099999557143;52.3157141557143;2.2939318752859;10.0411884323025;2.59764656800502;2.7377717000745;7
695;2012;5;572;2012-05-19;2012-05-25;27797.8571428571;3025.85714285714;3458.28571428571;4215;93.8600006114286;36.4685707071429;48.6928569242857;49.4542857571429;27287.8571428571;2812.71428571429;3458.28571428571;4185.28571428571;92.13999939;33.9028568257143;48.6928569242857;49.10571398;2.42775719327672;4.6391294500519;0.781146467325541;0.372239498585718;7
694;2012;5;573;2012-05-26;2012-06-01;27130.1428571429;4836.14285714286;3676.28571428571;3828.28571428571;93.7071446;56.7128573814286;55.7299989957143;51.5257143285714;26578.4285714286;4605.57142857143;3676.28571428571;3814.57142857143;91.7857142857143;53.9757145471429;55.7299989957143;51.3471434457143;4.92733644376599;5.87696591112373;11.7938555970118;15.9013945722291;7
693;2012;6;574;2012-06-02;2012-06-08;31471.5714285714;11291.1428571429;3684.71428571429;3212.71428571429;123.417142595714;111.939998627143;78.5399998242857;80.30571529;30604.2857142857;10436;3684.71428571429;3193.57142857143;120.015715462857;103.461428507143;78.5399998242857;79.8257141114286;17.8128565919136;35.663622210399;1.6132774855161;3.140264917501;7
692;2012;6;575;2012-06-09;2012-06-15;37262.8571428571;14028.4285714286;3562.14285714286;2930.57142857143;146.128572735714;139.077141898571;75.9299992157143;73.2528566614286;35429;9704.85714285714;3543.28571428571;2922.71428571429;138.93714033;96.21428517;75.5271432057143;73.0557131085714;3.56552391181115;17.5528806678205;1.30639121907898;3.14991973289183;7
691;2012;6;576;2012-06-16;2012-06-22;38492.5714285714;17732.5714285714;3648.71428571429;2603.57142857143;150.951431272857;175.800000871429;77.7742865428571;65.0828574042857;33580.5714285714;9657.71428571429;3635.71428571429;2582.14285714286;131.688571384286;95.7442844928571;77.4957144614286;64.5471425757143;12.6193550657558;35.0707754459425;1.81724958927576;1.69499980750786;7
690;2012;6;577;2012-06-23;2012-06-29;46506;15114.5714285714;3531.28571428571;2397.85714285714;182.377140591429;149.84714508;75.2714276985714;59.94142859;38759.4285714286;12823.1428571429;3528.42857142857;2385.42857142857;151.997142247143;127.12714168;75.2085712971429;59.6271422271429;9.55991079112902;13.8775036768284;4.7677819219442;2.05504020826612;7
689;2012;6;578;2012-06-30;2012-07-06;33115.4285714286;9139.85714285714;2960.71428571429;2094.85714285714;152.675715854286;86.6942858;74.4971422457143;85.2385722571429;30630.7142857143;8693;2958.28571428571;2080.28571428571;141.48714338;82.4228581014286;74.4342847542857;84.6685720171429;9.31858834688379;11.3622544557217;3.87693068935572;13.6652370863216;7
688;2012;7;579;2012-07-07;2012-07-13;26730.2857142857;8487.14285714286;2825.71428571429;1866;126.84714399;79.2271434257143;73.0228565757143;81.0614297057143;26084;7928.71428571429;2808;1854.42857142857;123.781429835714;74.0142854971429;72.56714303;80.5600008271429;2.99095862333038;9.49882851012541;1.43438262635274;2.58806283595966;7
687;2012;7;580;2012-07-14;2012-07-20;25295.1428571429;6960.28571428571;2721.14285714286;1684;120.037142072857;64.9742845814286;70.3200007842857;73.1571415471429;24684.7142857143;6508.57142857143;2703.71428571429;1671.85714285714;117.14000048;60.7585716242857;69.8714283557143;72.6314304885714;2.43768245249457;6.34909924228134;1.31107289248232;2.45887062807161;7
686;2012;7;581;2012-07-21;2012-07-27;23726.8571428571;8568.42857142857;2644.71428571429;1482.85714285714;112.595715114286;79.9842856285714;68.3457151142857;64.4199998028571;23462.8571428571;8097.28571428571;2630;1481.28571428571;111.342857361429;75.5871423985714;67.9642862585714;64.3528578614286;3.99473308355682;24.4350474450976;7.61434223669527;1.42717400266017;7
685;2012;7;582;2012-07-28;2012-08-03;21207.7142857143;20038.8571428571;2363.28571428571;1341.28571428571;108.889999388571;193.681427002857;64.9185714728571;68.2228573385714;20789.7142857143;17629.4285714286;2339.42857142857;1339.71428571429;106.761428834286;170.11857169;64.2642860414286;68.1542854285714;6.91054339874289;14.8667790861934;4.82848453143018;9.28787224500421;7
684;2012;8;583;2012-08-04;2012-08-10;18802.5714285714;12087.7142857143;2329.57142857143;1300.42857142857;107.035713195714;122.335716247143;69.0357131942857;69.6585726057143;18532.1428571429;10838.2857142857;2314;1292.14285714286;105.495713368571;109.69000135;68.5757130214286;69.2142868028571;3.21276629920275;14.554913014355;1.09586745917926;1.76556842928268;7
683;2012;8;584;2012-08-11;2012-08-17;17201.1428571429;6496.85714285714;2292.28571428571;1209.57142857143;97.9171447771429;65.7514272414286;67.9285703371429;64.7900009171429;16931.7142857143;6327.14285714286;2269.57142857143;1205.42857142857;96.38571494;64.03571483;67.2571432928571;64.5714285714286;2.33279413608308;9.71811804092613;0.670044601229057;2.6065281560569;7
682;2012;8;585;2012-08-18;2012-08-24;15916;4336.42857142857;2211.14285714286;1125;90.6042861942857;43.88571385;65.5257126942857;60.2599999571429;15608.4285714286;4193;2191;1119.71428571429;88.8514284414286;42.43714251;64.9271441885714;59.97714288;2.4786311086344;3.3919496220823;1.98796231526155;1.20656145420685;7
681;2012;8;586;2012-08-25;2012-08-31;14995.7142857143;3684.28571428571;2116;1166.28571428571;85.3642861514286;37.2871426171429;62.7057146357143;62.4728578842857;14718.4285714286;3541.57142857143;2100.14285714286;1140.14285714286;83.7842864985714;35.84142903;62.2357145014286;61.0728574471429;2.0241288307619;1.80696316771734;0.613836594287905;3.58199158347214;7
680;2012;9;587;2012-09-01;2012-09-07;14148.7142857143;3063.57142857143;2078.71428571429;1091.57142857143;81.2785709928571;26.6400002071429;68.9157148085714;72.5914284842857;13408.1428571429;2895.57142857143;2067;1091.57142857143;77.0242865428571;25.1785711571429;68.5299998714286;72.5914284842857;1.25042450072624;1.45775438810632;0.577811501332426;1.18219325940125;7
679;2012;9;588;2012-09-08;2012-09-14;13484.1428571429;4874.85714285714;1964.14285714286;1067.85714285714;77.4600012642857;42.3914282657143;65.11857169;71.0128566185714;12637;4512.57142857143;1943.71428571429;1067.85714285714;72.5942862385714;39.23857144;64.4399991728571;71.0128566185714;2.1586624983443;13.0440330939534;2.05628356330095;2.65532525595767;7
678;2012;9;589;2012-09-15;2012-09-21;13122.2857142857;7176.28571428571;1940.71428571429;1065.85714285714;75.3800005228571;62.4014287685714;64.3428579042857;70.8799994342857;11800.5714285714;5934.85714285714;1922.42857142857;1054.42857142857;67.7885720385714;51.6085709157143;63.7342850814286;70.1199994785714;1.94871336452754;26.4203892944466;2.48049522345055;2.21326204289196;7
677;2012;9;590;2012-09-22;2012-09-28;16574.4285714286;4650.28571428571;1884.42857142857;1044.42857142857;95.2128568357143;40.4385711114286;62.4742851242857;69.4557135442857;15128.1428571429;4333;1882.42857142857;1032;86.9028592785714;37.6757142214286;62.4099993042857;68.6285705571429;8.76549220747989;9.95955453684153;2.10060286169673;1.00830681900135;7
676;2012;9;591;2012-09-29;2012-10-05;16657.1428571429;5853.85714285714;1803.42857142857;1069;84.8042853214286;45.8671430857143;56.22000013;64.7114279614286;15268;5396.42857142857;1793.42857142857;1063.71428571429;77.73714338;42.3042855957143;55.9028576442857;64.4014282228571;11.1129777779666;17.8573356082194;2.40138611505572;4.68674473551881;7
675;2012;10;592;2012-10-06;2012-10-12;13521.7142857143;5971.28571428571;1733.71428571429;1012;64.9799989971429;45.8657133928571;52.6714286785714;58.8428568142857;11778;5618.71428571429;1719.71428571429;1008.71428571429;56.6000006557143;43.15857097;52.2471427914286;58.6514287671429;4.57243251216479;3.90671474480187;0.604889247978126;0.904533438037648;7
674;2012;10;593;2012-10-13;2012-10-19;13608.8571428571;4335.28571428571;1653.42857142857;1125.42857142857;65.3985721028571;33.2985717214286;50.2314289642857;65.4371425071429;11049.2857142857;4174;1636.14285714286;1121.85714285714;53.0985712314286;32.0600002842857;49.7100001742857;65.2299989957143;0.491679081643924;5.37766937232108;0.551029812140538;5.9267586831846;7
673;2012;10;594;2012-10-20;2012-10-26;15474;9173.85714285714;1566.28571428571;1305.85714285714;74.3614273057143;70.4671434685714;47.5842862814286;75.9285714285714;12048.7142857143;8693.28571428571;1542.28571428571;1301.57142857143;57.9000004342857;66.7742862714286;46.8571423114286;75.6785714271429;2.45479148379253;35.5247037607413;0.699564373272427;2.95911387410422;7
672;2012;10;595;2012-10-27;2012-11-02;16743;11252.2857142857;1608;1309.14285714286;75.45999963;95.6185716914286;43.3571431285714;66.94285747;14262.8571428571;10900.1428571429;1589.28571428571;1308.71428571429;64.1857141757143;92.5785718671429;42.8757149828571;66.9185709271429;7.7194496423105;8.77862058224692;8.93033967858451;12.9508215702729;7
671;2012;11;596;2012-11-03;2012-11-09;18043;6632.57142857143;2146.71428571429;1369.85714285714;67.4171431414286;72.9314280914286;39.8957138071429;47.8142847357143;16334.8571428571;6500.28571428571;2140.14285714286;1369.85714285714;61.0342859542857;71.4757150928571;39.7728576671429;47.8142847357143;3.21574089322566;10.2660423827332;3.65176534445946;0.884022320956207;7
670;2012;11;597;2012-11-10;2012-11-16;25691.2857142857;4234;2994.42857142857;1929.28571428571;95.99571337;46.5557142;55.6457143514286;67.3414284842857;24145;4121.14285714286;2991.71428571429;1816.42857142857;90.2171434671429;45.3157147;55.5971429;63.4042848857143;8.2222577181652;4.70055993971711;7.5734638397;7.11199388197492;7
669;2012;11;598;2012-11-17;2012-11-23;25663.7142857143;3642.28571428571;5455.42857142857;3003.71428571429;95.89428493;40.0514281128571;101.382859364286;104.845714024286;24644.4285714286;3473.28571428571;5454.28571428571;2892.71428571429;92.0857151571429;38.1942858014286;101.361430575714;100.974285671429;6.72064028174024;1.96225036628646;22.6567124221059;11.7883852320946;7
668;2012;11;599;2012-11-24;2012-11-30;24126.1428571429;2924.28571428571;8825.85714285714;3312.28571428571;90.1485704685714;32.1542851585714;164.019997734286;115.617142812857;23037.4285714286;2671.57142857143;8824.57142857143;3106.28571428571;86.0785718657143;29.3757141657143;163.995712281429;108.427143642857;4.15137184779211;3.22099282449712;8.37876105058539;9.61046648901968;7
667;2012;12;600;2012-12-01;2012-12-07;25250;2993.42857142857;8018.57142857143;4846.71428571429;62.3757138928571;41.4071426385714;80.3057141957143;87.1185727814286;24278.5714285714;2823.71428571429;8016.28571428571;4775.57142857143;59.9771428785714;39.0614283414286;80.2828565314286;85.8414284842857;0.699254455117828;4.81543469881466;5.42903513735216;14.4508002407922;7
666;2012;12;601;2012-12-08;2012-12-14;24482.8571428571;4157.42857142857;8093.28571428571;5937.28571428571;60.4828572957143;57.0828568585714;81.0557131071429;106.721429008571;23732;3950.14285714286;8084;5782;58.6257138928571;54.2314289642857;80.96142796;103.931426998571;2.82270969389361;17.4575579614802;2.84200954072212;3.35811139843358;7
665;2012;12;602;2012-12-15;2012-12-21;30555.5714285714;4977.28571428571;6391;4884.14285714286;75.48285784;66.35142844;64.0057149642857;87.7914276128571;30186.7142857143;4651.85714285714;6387.85714285714;4841.14285714286;74.5728563571429;62.0114288328571;63.9742862185714;87.0185732157143;4.35209850156967;5.42491931915839;12.7667790894776;4.6976999088284;7
664;2012;12;603;2012-12-22;2012-12-28;29295.1428571429;4783.57142857143;4771.14285714286;4311.71428571429;72.3700005671429;63.7671432485714;47.7828581685714;77.5014288757143;29138.2857142857;4425.57142857143;4751;4301;71.9814300557143;58.9942861285714;47.5814290742857;77.3114275242857;4.38840309602905;11.3801910989573;2.55672619193077;4.10743074685071;7
663;2012;12;604;2012-12-29;2013-01-04;29146.2857142857;8832.28571428571;4406.85714285714;3682.42857142857;60.8457145685714;117.774285452857;37.3571425857143;50.5914273942857;28964.7142857143;8415;4287;3664.57142857143;60.4785712085714;112.208571295714;36.3485715057143;50.33428519;8.13294451110946;11.0457943816207;7.82886243598895;15.4463206137214;7
662;2013;1;605;2013-01-05;2013-01-11;31813;15880.2857142857;3702.85714285714;4239.57142857143;57.8457145685714;211.798569815714;26.8085714057143;44.4042854314286;31497.7142857143;14989.7142857143;3603.28571428571;4233.71428571429;57.2728571228571;199.921430312857;26.08999988;44.3442851485714;5.69557734193766;68.7321120807339;2.25865734825667;5.63173684614729;7
661;2013;1;606;2013-01-12;2013-01-18;51970.1428571429;9556.85714285714;3662.85714285714;5589.42857142857;94.4971422471429;127.461429048571;26.5242854514286;58.5457147885714;50248.8571428571;9323.14285714286;3451.42857142857;5540.14285714286;91.3671428142857;124.344285148571;24.9900000457143;58.0300004157143;13.5144469123542;28.9507611235197;1.41675678293771;5.65475151036451;7
660;2013;1;607;2013-01-19;2013-01-25;63324.4285714286;5806.42857142857;5418.57142857143;8172.57142857143;115.144287108571;77.4428580157143;39.23571423;85.6028573185714;62022.8571428571;5716.14285714286;5109.71428571429;7899.85714285714;112.774286542857;76.2371439271429;36.99571446;82.7471433371428;2.66898708184234;8.73649888874418;8.56052380486961;7.15223672090525;7
659;2013;1;608;2013-01-26;2013-02-01;63042.8571428571;3753.71428571429;8205.28571428571;11264.7142857143;113.935713631429;49.4271436428571;58.9714284628571;113.41143036;61366.4285714286;3669.14285714286;7969.42857142857;10720.1428571429;110.917142595714;48.3142858214286;57.2814282014286;107.899999347143;3.01078536919408;6.41250025494675;2.5947609872104;9.74043045467705;7
658;2013;2;609;2013-02-02;2013-02-08;66344.5714285714;3733.85714285714;9728.14285714286;13275.7142857143;115.751429965714;44.6814297285714;67.0014305114286;103.764286587143;64274;3633.14285714286;9499.14285714286;12881;112.14000048;43.4742851257143;65.4228586471429;100.68142918;1.54928134447584;4.30768990958204;5.08877883107524;5.1011191168269;7
657;2013;2;610;2013-02-09;2013-02-15;67473.7142857143;5581.42857142857;11625;12929.4285714286;117.720000131429;66.7871442514286;80.0657141557143;101.057143075714;65441.1428571429;5481.85714285714;11526.2857142857;12779.4285714286;114.175714767143;65.59857178;79.3871416357143;99.8857138514286;1.52110532633574;11.7825661042289;4.18908694432166;3.81541645003003;7
656;2013;2;611;2013-02-16;2013-02-22;56756;10298;11888.7142857143;10898.8571428571;99.0214276971429;123.2285723;81.8814283114286;85.1857136314286;55161.5714285714;10151.2857142857;11835.7142857143;10857.2857142857;96.2400011342857;121.47428458;81.5171432485714;84.8628572728571;9.01261556970213;13.3279383226634;3.78706911206306;3.17403441847524;7
655;2013;2;612;2013-02-23;2013-03-01;45740.4285714286;8909.28571428571;8539.57142857143;10132.4285714286;80.5271432057143;108.822858538571;58.89285769;77.6814291814286;44741.4285714286;8542.57142857143;8525.42857142857;10081;78.7699988228571;104.359998428571;58.7971436642857;77.2842875914286;2.48240469762044;9.18674781729091;8.60670477175636;4.91009819315484;7
654;2013;3;613;2013-03-02;2013-03-08;45255.5714285714;7749.42857142857;5963.57142857143;9867.14285714286;84.12714386;109.238570077143;41.54428591;66.5957151142857;44113.1428571429;7614.85714285714;5873.42857142857;9802;82.00428445;107.341429572857;40.9157142628572;66.1542859757143;0.807749961008349;26.971924807169;3.78330038411785;0.459521802151542;7
653;2013;3;614;2013-03-09;2013-03-15;47427.8571428571;15332.8571428571;5132.57142857143;9928;88.1657137185714;216.137145995714;35.7542849942857;67.0057144171429;46404.4285714286;14116.2857142857;5021.57142857143;9860.85714285714;86.2642854942857;198.988568985714;34.9828572942857;66.5514286585714;7.03636875529554;55.8500832736309;1.68357368936324;0.95614556710626;7
652;2013;3;615;2013-03-16;2013-03-22;54185.4285714286;16258.4285714286;5191.14285714286;11672.1428571429;100.730000087143;229.185714721429;36.1642859328571;78.7785720842857;53000;15246.1428571429;5105.42857142857;10684.1428571429;98.5271432057143;214.917142595714;35.5657152457143;72.1071428585714;1.73886768120054;25.9411014574368;3.11866340748652;2.11867711991968;7
651;2013;3;616;2013-03-23;2013-03-29;59352.2857142857;13941.4285714286;4952.42857142857;14295;110.331428527143;196.522855487143;34.50142833;96.4771423342857;57633;13372.7142857143;4790.14285714286;9200.28571428571;107.135714938571;188.507145471429;33.3700000228571;62.0914273928571;1.26481719387492;29.6730357966445;0.926624460394167;6.44038062124782;7
650;2013;3;617;2013-03-30;2013-04-05;58353.4285714286;9367.42857142857;5316;16193.5714285714;132.891428267143;139.237141201429;43.1171428128571;110.889999388571;56763.2857142857;9210.42857142857;5237.71428571429;8792;129.321428572857;136.900001525714;42.5185715814286;60.2185718014286;14.0349124862217;12.367550041586;6.72918354513819;3.15958046062948;7
649;2013;4;618;2013-04-06;2013-04-12;59448.7142857143;10025.5714285714;8005.14285714286;14484.7142857143;145.892859321429;152.13571385;68.2914287028571;99.7585699914286;57529.7142857143;9664;7991.28571428571;9221.28571428571;141.182859147143;146.650002614286;68.1742853442857;63.50999941;4.20075314805232;16.7260318401277;7.85313026979889;4.43704080782091;7
648;2013;4;619;2013-04-13;2013-04-19;63013;8925;8247.71428571429;12701.1428571429;154.639997211429;135.434284755714;70.3628561857143;87.4728557042857;60060.5714285714;8424.42857142857;8240;8182;147.395714895714;127.83857291;70.29714203;56.35000011;5.18403534383527;24.6849020904389;4.3701088721541;2.70781560267712;7
647;2013;4;620;2013-04-20;2013-04-26;47708.7142857143;5229.42857142857;9160.28571428571;14041.8571428571;117.081430707143;79.3542861942857;78.1457148957143;96.7085712971429;47035.4285714286;5122;9063.85714285714;8585.14285714286;115.431428091429;77.72428676;77.3228574471429;59.1285711014286;12.2701384911621;8.24433316626285;7.06032460946393;7.94168737972766;7
646;2013;4;621;2013-04-27;2013-05-03;36166.5714285714;3947;8849.28571428571;12265.1428571429;102.324285234286;54.1100000642857;94.2514288771429;103.338570731429;35684.8571428571;3855.42857142857;8812.71428571429;8210.85714285714;100.985714505714;52.85142844;93.9300003057143;69.5785713185714;13.0005321979909;9.47225486960491;16.7808952540552;16.7422023349255;7
645;2013;5;622;2013-05-04;2013-05-10;31620.5714285714;3424;5607.28571428571;11152.4285714286;106.768571035714;39.74571446;78.9499991285714;119.482857841429;31261.2857142857;3335.14285714286;5539.85714285714;7326.42857142857;105.554284231429;38.7142857142857;78.0014277857143;78.492857798571407;3.37062356601248;1.92407444822093;11.2718051248534;11.4233714329844;7
644;2013;5;623;2013-05-11;2013-05-17;29883.4285714286;4340.28571428571;4098.71428571429;10785.5714285714;100.90285819;50.37999998;57.71000072;115.551428657143;29560.8571428571;4257;4036.57142857143;7961.71428571429;99.8099997385714;49.4114281785714;56.8342857385714;85.3000008714286;2.14166698811253;25.3852902608005;3.425288035356;7.85945580782842;7
643;2013;5;624;2013-05-18;2013-05-24;28801.1428571429;6859.71428571429;3476.42857142857;8553.14285714286;97.24571446;79.6242855628571;48.9471424642857;91.6357138485714;28570.7142857143;6774.28571428571;3442;7374.42857142857;96.47142901;78.6342871528572;48.4642857142857;79.0071422028572;2.34788626795084;13.447504777118;2.27043962991689;6.30972639252551;7
642;2013;5;625;2013-05-25;2013-05-31;31427;6002;3088.85714285714;6533;106.112856184286;69.6685714714286;43.4900000428571;69.99142783;30565.8571428571;5912.14285714286;3045.14285714286;6397.42857142857;103.205713544286;68.6242850171429;42.8757144385714;68.5414292471428;10.2573918586723;16.0146304651185;1.15059201009413;4.20788298893849;7
641;2013;6;626;2013-06-01;2013-06-07;44276.1428571429;13579.8571428571;3118;4965.28571428571;173.187142508571;129.617141724286;66.4599990842857;111.26285771;43256;13375.2857142857;3086.85714285714;4912;169.197143554286;127.664284842857;65.7985719942857;110.067141941429;8.33722684464978;30.0003558729202;2.13341344889002;6.57024747899612;7
640;2013;6;627;2013-06-08;2013-06-14;36184;7932.42857142857;3521.28571428571;4458.71428571429;141.074286324286;75.7128579271429;75.0542864128571;99.9114281785714;35717.1428571429;7793.71428571429;3510.71428571429;4429.42857142857;139.252854484286;74.3900010271428;74.8328552242857;99.25428554;12.0104506876783;12.9429399487676;2.96248567537254;3.33944448117499;7
639;2013;6;628;2013-06-15;2013-06-21;32716.5714285714;10186.4285714286;3746.57142857143;3669.28571428571;127.555713108571;97.2271450585714;79.8585695528571;82.2214290071429;32073.8571428571;8739;3726.85714285714;3633.28571428571;125.048568725714;83.4099987585714;79.4399991714286;81.4157137185714;2.11434189462062;46.5531603661653;1.31091527397395;6.47574889909781;7
638;2013;6;629;2013-06-22;2013-06-28;44495;39507.7142857143;3173;3252;173.47428676;377.090000697143;67.6328560971429;72.8699983857143;31124;21030;3147.57142857143;3220;121.347143992857;200.725714545714;67.0942862371429;72.15285601;6.53519664705377;51.4340220480724;4.58217304729707;1.17807439348244;7
637;2013;6;630;2013-06-29;2013-07-05;46683.2857142857;28372.8571428571;2786.28571428571;2997;208.417146952857;261.911429267143;68.3028580814286;99.9800000871429;33104.5714285714;13962.1428571429;2758.14285714286;2961.28571428571;148.065715244286;128.238570078571;67.6114283971428;98.7457133685714;9.01793168663962;21.6814255513445;4.97725091303793;20.0882101724809;7
636;2013;7;631;2013-07-06;2013-07-12;34816;18235.4285714286;2648.85714285714;2507;164.328569685714;165.50857108;68.4542868485714;95.3628572728571;31375.5714285714;13731.7142857143;2629.71428571429;2464;148.090000697143;124.631428308571;67.9600012657143;93.7257134571428;10.6815796720269;20.2914223362122;1.09530734971257;4.30108423731915;7
635;2013;7;632;2013-07-13;2013-07-19;27214.1428571429;11135.5714285714;2529;2423.14285714286;128.447143554286;101.068570818571;65.3571439471428;87.6271427714286;25792.7142857143;10171.7142857143;2514.57142857143;2391.57142857143;121.738572257143;92.3200018742857;64.9814284185714;86.48285566;4.27310567009695;15.2609320476111;0.823396544317649;1.60714703275121;7
634;2013;7;633;2013-07-20;2013-07-26;27881.1428571429;15797;2469.85714285714;2194.42857142857;131.598572865714;143.375716071429;63.8300001971429;79.3571417671428;24875.4285714286;11964;2450.28571428571;2167;117.412857057143;108.587142944286;63.3214285714286;78.36428506;3.77372704680653;12.8988001443319;0.256997466099668;2.56077219985384;7
633;2013;7;634;2013-07-27;2013-08-02;27359.2857142857;12058.2857142857;2346.14285714286;1971.28571428571;135.994283404286;112.065714157143;63.11857169;79.4500013085714;25682.4285714286;9039.28571428571;2322;1938.57142857143;127.961426871429;84.14428602;62.4628579271428;78.12714168;9.41072734956675;9.66895783292324;3.49355066883702;12.0480697260991;7
632;2013;8;635;2013-08-03;2013-08-09;22962.7142857143;15813.1428571429;2326.57142857143;1815.71428571429;130.087144034286;156.201431272857;68.9457135885714;92.9914289214286;22627.8571428571;13497.1428571429;2302.14285714286;1773;128.189999171429;133.32571629;68.2214290057143;90.8042842328571;6.50584483834407;26.4593386424125;0.352675349444603;2.90385255579763;7
631;2013;8;636;2013-08-10;2013-08-16;20160.5714285714;24248.4285714286;2340.71428571429;1631.85714285714;114.212857925714;239.528570992857;69.3657150257143;83.5728585385714;19753;13340.7142857143;2316.14285714286;1612.14285714286;111.904285974286;131.779999868571;68.6385716028571;82.5657152442857;2.4817672777077;40.0915193710135;0.438878240978386;1.49284949792378;7
630;2013;8;637;2013-08-17;2013-08-23;18919.4285714286;10005;2256;1597.71428571429;107.181429181429;98.8285707742857;66.8542851042857;81.8242874142857;18596.4285714286;9499.42857142857;2230.71428571429;1570;105.351428441429;93.8371451242857;66.1042851028571;80.4057148528571;1.9230209639845;10.0846007036327;1.27977752604951;1.47771022128898;7
629;2013;8;638;2013-08-24;2013-08-30;17683.1428571429;24743.8571428571;2151.71428571429;1440.14285714286;100.178571428571;244.421425957143;63.7642860428571;73.7585721714286;17385.8571428571;12333.7142857143;2131.14285714286;1415.85714285714;98.492857798571407;121.832855225714;63.1557137628571;72.5128577114286;2.07475164368899;24.3549117710183;0.586085099680739;3.36919798091554;7
628;2013;8;639;2013-08-31;2013-09-06;17340.8571428571;11801;1998.28571428571;1398;99.00428554;103.002857751429;65.2028563342857;86.71142687;16868.4285714286;10265.2857142857;1975.42857142857;1371.85714285714;96.3071419857143;89.5757141128571;64.4585718428572;85.1171428128572;0.815694467138346;14.2978636269526;2.28792054947214;8.35541096902295;7
627;2013;9;640;2013-09-07;2013-09-13;17243.1428571429;7163.28571428571;1816.14285714286;1499.28571428571;98.5714285728571;60.8299996514286;60.21142905;95.6242861057143;16920.1428571429;6805.71428571429;1791.14285714286;1473.14285714286;96.7257134585714;57.7928575771429;59.3828577314286;93.95714351;2.24910765634616;7.78246030797232;1.30565078743636;0.56708905718252;7
626;2013;9;641;2013-09-14;2013-09-20;16683.4285714286;8810;1754;1310.71428571429;95.3700005657143;74.8142847328571;58.1514282242857;83.5971429;16264.8571428571;8530;1732.71428571429;1303.28571428571;92.97857012;72.4385713857143;57.4442847114286;83.1228572285714;2.12035616415216;23.3239260622622;0.795756490636511;8.22504344990266;7
625;2013;9;642;2013-09-21;2013-09-27;19299.2857142857;38340.2857142857;1863.71428571429;1131.14285714286;110.324285234286;325.591428485714;61.7885714957143;72.14428493;18987.1428571429;22262.2857142857;1841;1125.28571428571;108.539998734286;189.05571202;61.0371431628571;71.7714276985714;5.51965229804093;44.3160166231376;0.863861881840597;1.74438462632622;7
624;2013;9;643;2013-09-28;2013-10-04;22060.1428571429;20790;1780.42857142857;1181.85714285714;113.697143552857;165.074288502857;56.2699999128571;70.3700005671429;21707.7142857143;13094.8571428571;1757;1181.85714285714;111.924286978571;103.468571254286;55.5342854085714;70.3700005671429;8.34302491598575;12.9048183776866;4.40389468440384;5.03369668813141;7
623;2013;10;644;2013-10-05;2013-10-11;30152.4285714286;15086.5714285714;1641.57142857143;1223.28571428571;144.091428484286;112.785713197143;49.8714288985714;68.9185703814286;29380;12340.7142857143;1618.71428571429;1223.28571428571;140.401428222857;92.2599999571429;49.1785714285714;68.9185703814286;5.27131452890449;10.3654737736057;1.25589859572699;1.32247874150381;7
622;2013;10;645;2013-10-12;2013-10-18;24385.7142857143;9430.85714285714;1770.57142857143;1305.71428571429;116.534286498571;70.0328587142857;53.7914281557143;73.5628574942857;23957.8571428571;9151.71428571429;1745.28571428571;1303.42857142857;114.488571167143;67.96142905;53.0228571214286;73.4342858471429;6.83836812342798;6.6321039963314;4.23001849554292;3.90743328370934;7
621;2013;10;646;2013-10-19;2013-10-25;24569.5714285714;11750.2857142857;2430.28571428571;1530.42857142857;117.412858144286;86.7514299671429;73.8342857342857;86.2214279157143;24155.8571428571;10497.2857142857;2406;1530.42857142857;115.434285845714;77.4985716671429;73.09571348;86.2214279157143;1.51840713407919;20.9505961155972;7.42267772365943;3.88043920547313;7
620;2013;10;647;2013-10-26;2013-11-01;21847.7142857143;14207.7142857143;2416.42857142857;1836.14285714286;101.371429444286;108.925713675714;69.5471425728571;97.3042842314286;21565.8571428571;12791.2857142857;2401;1836.14285714286;100.045714242857;98.2028568814286;69.0842851914286;97.3042842314286;13.0975220683038;17.250339025138;12.2809544450705;13.9779269586764;7
619;2013;11;648;2013-11-02;2013-11-08;20693.4285714286;6862.28571428571;2422.57142857143;2083.85714285714;76.7599999571429;72.2100001742857;45.0214282442857;71.3885726914286;20480.4285714286;6764.71428571429;2416.14285714286;2083.85714285714;75.97000013;71.1842858457143;44.9000004371429;71.3885726914286;4.88848253732876;8.90501128641909;1.6164362403248;3.14707988955306;7
618;2013;11;649;2013-11-09;2013-11-15;23692.5714285714;7012.57142857143;2294;2411.42857142857;87.8871438157143;73.7928575785714;42.6314288542857;82.6071406757143;23471;6652.14285714286;2289.71428571429;2402.42857142857;87.0628564014286;69.9985716685714;42.5514286571429;82.2985698142857;2.24005048032525;11.9782884274558;0.513271693449132;4.47724664599812;7
617;2013;11;650;2013-11-16;2013-11-22;22599.2857142857;6391.57142857143;2387;2721.42857142857;83.82999856;67.2571438385714;44.3600000657143;93.2257145471429;22348.2857142857;6147.28571428571;2383.14285714286;2717.42857142857;82.8985715614286;64.6871430542857;44.2871426171429;93.0914273942857;0.96893949240091;10.0328851599198;0.309069391978652;0.972565244107488;7
616;2013;11;651;2013-11-23;2013-11-29;28177.5714285714;6305.85714285714;3197.28571428571;2963.71428571429;104.52142879;66.35428565;59.4171425957143;101.527143208571;27805.2857142857;6191;3178.28571428571;2936.57142857143;103.141429355714;65.1442854742857;59.0642858242857;100.598571778571;14.6964186554049;9.4394707360811;13.3914921848849;4.26018531265844;7
615;2013;11;652;2013-11-30;2013-12-06;36979.2857142857;7231.71428571429;4253.28571428571;3304;96.7957142428571;93.2528561185714;47.6928563771429;66.2299989985714;36437.5714285714;6963.14285714286;4247.85714285714;3293.71428571429;95.4185714728571;89.7828570757143;47.6100000628571;65.99142892;13.2140830149467;20.0941389627452;13.0376836077516;18.6041488834683;7
614;2013;12;653;2013-12-07;2013-12-13;39178.2857142857;9245.42857142857;5254.85714285714;3499.71428571429;96.1157139357143;121.960000174286;52.6271433171429;62.2300006328571;38520.4285714286;9061.85714285714;5241.57142857143;3499.71428571429;94.5042844485714;119.539999824286;52.4942855857143;62.2300006328571;2.5170409580346;10.295939367654;7.96728564552045;0.854321809624951;7
613;2013;12;654;2013-12-14;2013-12-20;43508.7142857143;6862.42857142857;8130.14285714286;3961.28571428571;106.741427831429;90.52571542;81.4228570114286;70.4371425071429;41817.2857142857;6807.71428571429;7953.85714285714;3961.28571428571;102.591427394286;89.8042853214286;79.6557137628571;70.4371425071429;0.74297613560087306;11.1468290443321;9.50723901121157;6.16717895486495;7
612;2013;12;655;2013-12-21;2013-12-27;47155.7142857143;4097.57142857143;13688.4285714286;7562.42857142857;115.688570295714;54.0557142;137.089999608571;134.471427918571;42387.5714285714;4039;12653.7142857143;6969;103.988571167143;53.2799998671429;126.728573388571;123.918570384286;1.41715003185413;7.49106656245528;12.5442722869902;28.3208393541461;7
611;2013;12;656;2013-12-28;2014-01-03;41327.2857142857;5948;15107.4285714286;11972.4285714286;90.4271425528571;78.4585713;134.001429967143;174.267142158571;38861.5714285714;5752.85714285714;14756.8571428571;11346.8571428571;84.68571363;75.8842844285714;130.737143381429;165.189999172857;14.2414534598946;23.7301831678664;25.2146005225537;42.8070607855765;7
610;2014;1;657;2014-01-04;2014-01-10;32764;9772.57142857143;14089.1428571429;10773.4285714286;59.2514283314286;128.902858191429;102.011428831429;111.915713718571;32228.7142857143;9447.57142857143;14087.8571428571;10760.5714285714;58.2828570757143;124.615712845714;102.00285666142901;111.782856531429;5.01411590518602;7.37244126546994;0.723454920232258;10.9650197221636;7
609;2014;1;658;2014-01-11;2014-01-17;27357;14737.2857142857;13882.2857142857;8966.42857142857;49.4728578842857;194.389997211429;100.512857707143;93.1428571428571;27055.8571428571;14001.2857142857;13880.4285714286;8966.42857142857;48.92571422;184.68143136;100.499999997143;93.1428571428571;0.795359220063515;32.5107584882103;4.47359684553722;0.341843895998661;7
608;2014;1;659;2014-01-18;2014-01-24;28426.5714285714;10617.5714285714;8563.28571428571;9009.71428571429;51.4071426385714;140.049999781429;62.00142833;93.5928573614286;28077.4285714286;10296.4285714286;8557.71428571429;9009.71428571429;50.7757137828571;135.812857491429;61.9599996271429;93.5928573614286;0.863730350457946;28.5670607840863;14.5244800568823;2.59539774233289;7
607;2014;1;660;2014-01-25;2014-01-31;27385.8571428571;7199;5379.85714285714;10525.2857142857;49.52571433;94.9571424228571;38.9528568828571;109.337144034286;26886.5714285714;7146.85714285714;5377.28571428571;10525.2857142857;48.6214278071429;94.2699999128571;38.9342858457143;109.337144034286;2.78903518194562;9.59494592653354;2.4403061039378;6.21149089875472;7
606;2014;2;661;2014-02-01;2014-02-07;21156.1428571429;4493.57142857143;5423.57142857143;11549.1428571429;36.7200004042857;53.1271433157143;37.3542851028571;89.4314270014286;20474.5714285714;4400.85714285714;5416.14285714286;11519.1428571429;35.5357140128571;52.0328565314286;37.30285699;89.1985713428571;3.76543394759064;6.83688410982662;1.62409678942204;0.852728430686967;7
605;2014;2;662;2014-02-08;2014-02-14;17139.4285714286;3652.71428571429;4737.28571428571;10894.4285714286;29.7471427928571;43.1842858457143;32.6271424957143;84.35999843;15898.7142857143;3389.57142857143;4717.57142857143;10484.1428571429;27.5957140228571;40.07142857;32.4914281028571;81.1828580571429;1.04501758763526;2.30379000999541;3.71745126771157;3.02602405189356;7
604;2014;2;663;2014-02-15;2014-02-21;23207.4285714286;4803.57142857143;3373.14285714286;13207.1428571429;40.2800001414286;56.7942859128571;23.23285757;102.269997734286;22135.4285714286;4608.85714285714;3354.28571428571;10392.7142857143;38.4185720185714;54.4914289214286;23.1014287128571;80.4771434242857;6.17792683337616;8.49342798921509;1.67339360783508;4.01058522451217;7
603;2014;2;664;2014-02-22;2014-02-28;30229.1428571429;7062.57142857143;2933.85714285714;16255.1428571429;52.4657140471429;83.5;20.2057143614286;125.869999475714;28601.1428571429;6721.57142857143;2929.28571428571;9599.57142857143;49.6399999328571;79.4685717985714;20.1742858871429;74.3328552242857;1.00462301329188;28.5662600595817;0.385177840484436;1.57225644961341;7
602;2014;3;665;2014-03-01;2014-03-07;30898.1428571429;10178;3679.85714285714;17273.5714285714;57.1171428142857;141.832855225714;25.637143;115.375714982857;29754.5714285714;10082.1428571429;3674.85714285714;8910.57142857143;55.0028566628571;140.497143337143;25.6014287142857;59.5171427057143;3.04840154933555;31.0293172342845;2.6277523928835;5.17404840502268;7
601;2014;3;666;2014-03-08;2014-03-14;38903.7142857143;9017.85714285714;4117.14285714286;18449.8571428571;71.9157148071428;125.664285931429;28.6842855728571;123.23285675;37090.2857142857;8836.57142857143;4106.42857142857;8079.14285714286;68.5628564014286;123.138571602857;28.6071425842857;53.9628573814286;2.55549436898308;19.8417901018944;1.06526526349323;9.80811559270366;7
600;2014;3;667;2014-03-15;2014-03-21;33805;12656;3896;19051.7142857143;62.4885717114286;176.362854004286;27.1414285385714;127.252857752857;32746.2857142857;12282.1428571429;3887.28571428571;8907.28571428571;60.5328570771429;171.152857098571;27.0799999242857;59.4942866728571;3.57822416062755;65.3760596133297;0.628198129918673;2.4946271522506702;7
599;2014;3;668;2014-03-22;2014-03-28;35374.7142857143;14086.8571428571;4174.85714285714;15829.5714285714;65.3914293557143;196.302852088571;29.0842857371429;105.730000088571;34514.5714285714;13876.7142857143;4174.85714285714;8908.57142857143;63.8000003271429;193.374282838571;29.0842857371429;59.5042860871429;2.24948197976832;55.4172731463699;0.449586787913869;3.27946552500056;7
598;2014;3;669;2014-03-29;2014-04-04;34194.2857142857;8661.85714285714;3713;15833.4285714286;74.9200003514286;125.988572255714;29.1214286271429;106.777141024286;33215;8439.28571428571;3701.57142857143;8576.57142857143;72.7799993228572;122.704286847143;29.0242854514286;57.8428573614286;12.1139590619211;4.21560550546064;2.45407745531613;3.29007447358484;7
597;2014;4;670;2014-04-05;2014-04-11;32980.1428571429;7940.57142857143;5593.57142857143;16154.1428571429;80.4028570985714;119.158572605714;47.71857071;109.680002484286;32042.7142857143;7670.57142857143;5585;9164.28571428571;78.1171417228571;115.107143947143;47.6471426842857;62.2200001285714;4.39469730925838;23.7765979726227;11.3328180090335;5.06463740289507;7
596;2014;4;671;2014-04-12;2014-04-18;32996;10736.4285714286;6633.71428571429;15609.8571428571;80.4414291371429;161.111428398571;56.5942851471429;105.984284537143;32066.8571428571;10388.5714285714;6624.14285714286;8478;78.1757125828571;155.891430445714;56.5114293771429;57.5628564028571;2.10423204535634;39.2695982945398;9.07728419570324;1.43182408268588;7
595;2014;4;672;2014-04-19;2014-04-25;35157.2857142857;6790.14285714286;4820.85714285714;14654.8571428571;85.7099990842857;101.892857144286;41.1271422242857;99.5014277871428;34299.7142857143;6649.28571428571;4814.14285714286;8512;83.6199994771429;99.7814287457143;41.07000024;57.7914292485714;0.641638993463109;3.67692975691728;3.07284915498654;3.37315079821871;7
594;2014;4;673;2014-04-26;2014-05-02;30129.1428571429;11472.7142857143;4194.14285714286;14137.5714285714;80.6542870657143;148.618571688571;42.6871430542857;110.514285495714;29438.5714285714;10215.5714285714;4185.85714285714;8755.71428571429;78.8214285728571;133.624283927143;42.6014278957143;68.1785714285714;8.719811930773;68.0724603601697;12.7174576502212;15.1969240850492;7
593;2014;5;674;2014-05-03;2014-05-09;23808.4285714286;11609;3777.57142857143;11932.2857142857;79.8571417657143;133.234286717143;53.1900002614286;124.609998431429;23293.7142857143;11132.4285714286;3771.42857142857;8509.14285714286;78.1299983428571;127.765715462857;53.1042856471429;88.8614283971428;5.00010890947769;46.7199387566555;3.62312000967883;15.2245577541737;7
592;2014;5;675;2014-05-10;2014-05-16;20415;5762.71428571429;3414.14285714286;9666.14285714286;68.4757145471429;66.13857215;48.0699996942857;100.945714678571;19991.1428571429;5664.85714285714;3394.28571428571;8002;67.0542864142857;65.0142854957143;47.7914287028571;83.5628563985714;1.92204661682924;6.32034297392003;1.73696516912243;9.75415783362101;7
591;2014;5;676;2014-05-17;2014-05-23;19147.2857142857;8863.57142857143;2902;8473.71428571429;64.1500004371429;101.725713457143;40.8614278514286;88.4928556157143;18711.5714285714;8408.28571428571;2887.71428571429;8197.71428571429;62.6942858028572;96.5000005457143;40.6585715157143;85.6085717342857;0.929763747362881;66.9412301020184;1.88016402024038;4.51096141885217;7
590;2014;5;677;2014-05-24;2014-05-30;24876.5714285714;16647.8571428571;2635.71428571429;7687.42857142857;83.3457140228572;191.065713065714;37.1114289414286;80.2800020485714;24435.8571428571;15777;2619.42857142857;7228.28571428571;81.8714272628571;181.070000784286;36.8814288542857;75.4857145042857;9.15997213930909;18.5596552373487;0.951689992139911;5.20693181773304;7
589;2014;5;678;2014-05-31;2014-06-06;23136.4285714286;21005;2380.28571428571;5718;88.2142835342857;203.150002614286;48.1514282228571;112.01285662;22942.5714285714;17403.2857142857;2357.42857142857;5671.28571428571;87.48285784;168.940000261429;47.6885724757143;111.078570774286;3.32069510840448;21.9020942943033;5.8207858436989;20.2527956160148;7
588;2014;6;679;2014-06-07;2014-06-13;35575.4285714286;54757.4285714286;2188.14285714286;4647.57142857143;138.562857491429;517.030003137143;46.6428571414286;99.4042848857143;28110;26002;2166.42857142857;4606.42857142857;109.4871412;245.515710015714;46.1799997585714;98.5228576657143;4.76669337118297;92.2832467590445;0.677618854642885;6.07742761636141;7
587;2014;6;680;2014-06-14;2014-06-20;25749.5714285714;32784.7142857143;2113.14285714286;3844;100.29285758;309.558571951429;45.0414292457143;82.2185701657143;22638.1428571429;14423.5714285714;2096.14285714286;3808.71428571429;88.1742847971429;136.190000261429;44.6799997585714;81.4600001757143;5.57278565174278;21.6346843798865;0.540525353276632;4.30948682364116;7
586;2014;6;681;2014-06-21;2014-06-27;20438;36648.4285714286;2041.71428571429;3398.57142857143;79.6028562271429;346.041425432857;43.52142879;72.6885713842857;20070.5714285714;13986.1428571429;2016.85714285714;3360.28571428571;78.1728570114286;132.060001372857;42.9899994985714;71.87285614;2.61341936500995;57.275762703569;0.497762625725471;2.91387447493551;7
585;2014;6;682;2014-06-28;2014-07-04;18757.4285714286;54386.2857142857;2022.42857142857;3107;81.5071432928571;503.447147915714;48.3757144371429;92.07142748;18512.7142857143;20876;2002.28571428571;3072;80.4428569271429;191.428571564286;47.8928565971429;91.0400009157143;4.65469340686761;95.8241764637396;5.23478610532425;21.9181450721476;7
584;2014;7;683;2014-07-05;2014-07-11;16953.7142857143;18204.1428571429;2119.85714285714;2673.85714285714;79.94571468;163.31714521;54.7799998714286;96.6928558342857;16756.4285714286;12541.7142857143;2086.71428571429;2612.14285714286;79.01714325;112.514284407143;53.9257147642857;94.4628579257143;0.68346331212233;12.4215381635277;0.832542992793341;3.33447064459585;7
583;2014;7;684;2014-07-12;2014-07-18;16715.8571428571;10855.7142857143;2184.28571428571;2393.57142857143;78.8242852357143;97.3899993885714;56.4457141328571;86.5571430757143;16522.1428571429;9453.71428571429;2174.42857142857;2368.85714285714;77.9128592357143;84.8128585828571;56.1928569242857;85.6628559657143;0.84633887504233;12.0313264600332;0.817796694875744;3.7956799293949;7
582;2014;7;685;2014-07-19;2014-07-25;17312.1428571429;11116.1428571429;2287.14285714286;2087;81.6357138485714;99.7271456042857;59.1071428557143;75.46999904;17064.7142857143;8672.85714285714;2273.85714285714;2065;80.4685712542857;77.8085703171429;58.7657138271429;74.67714255;3.11627774950676;20.1195327364963;0.521115867195919;2.42878267553679;7
581;2014;7;686;2014-07-26;2014-08-01;20534.2857142857;11576.5714285714;2474;1945.85714285714;99.5185732185714;104.789999825714;65.1842858457143;74.24571337;20192.4285714286;9944.14285714286;2449.42857142857;1923.85714285714;97.87285614;90.0357164671429;64.53571483;73.4014293114286;6.94239991656204;19.3237434301271;3.43141384353095;8.10921716804912;7
580;2014;8;687;2014-08-02;2014-08-08;17893.4285714286;7760;2224.57142857143;1723.42857142857;101.279999868571;75.6771430971429;65.9242842528571;88.2628555271429;17740.5714285714;6989;2209.42857142857;1700.57142857143;100.414284844286;68.1571420942857;65.4757150928571;87.0928573614286;6.22334369357848;8.73580323053956;1.4170025496118;1.5577837407358;7
579;2014;8;688;2014-08-09;2014-08-15;15062.7142857143;6265.71428571429;2157.71428571429;1715.71428571429;85.2585710814286;61.1042872842857;63.9428558342857;87.8700005671429;14944.7142857143;5633.28571428571;2142;1671.28571428571;84.5899996085714;54.9371430528571;63.4771423342857;85.5942862371429;2.71151686903724;4.6735302591042;0.683658778052448;9.10292776362482;7
578;2014;8;689;2014-08-16;2014-08-22;14078.8571428571;7129.28571428571;2069.57142857143;1446.14285714286;79.6885702942857;69.52571433;61.3300007414286;74.0628564028572;13889.2857142857;6573.14285714286;2048.71428571429;1428.85714285714;78.6142861514286;64.10142844;60.71142796;73.1757147642857;1.80098008825671;7.39366713336182;1.40582715765036;1.64970727592867;7
577;2014;8;690;2014-08-23;2014-08-29;13029;5333.28571428571;1924.42857142857;1367.85714285714;73.7485722128572;52.0099999557143;57.0285715371429;70.0528586271429;12813;5007.14285714286;1899.85714285714;1356;72.5242854514286;48.8285707728571;56.2999997814286;69.4471435557143;1.8174044967285;1.75974831060081;0.711383501473539;0.67026674882947;7
576;2014;8;691;2014-08-30;2014-09-05;13033.1428571429;10609.2857142857;1954.71428571429;1341.85714285714;74.2628566185714;91.1300005228571;62.8414284842857;80.6357160285714;12889.1428571429;9549.28571428571;1943.28571428571;1325.28571428571;73.4428580157143;82.1485715571429;62.4871428357143;79.6399993885714;3.35177505350666;24.2224924399826;3.66751837409425;7.06898567737764;7
575;2014;9;692;2014-09-06;2014-09-12;13700.2857142857;10789.1428571429;1994.57142857143;1315.42857142857;78.2599999557143;90.4114281785714;66.1285727371428;83.89857156;13524.4285714286;10066.1428571429;1972.42857142857;1298.71428571429;77.25428663;84.3528562271429;65.3914293557143;82.8328563142857;3.35015731081585;9.48388584290204;1.94473815441578;1.8993139682226;7
574;2014;9;693;2014-09-13;2014-09-19;11973.5714285714;7248.85714285714;2023.42857142857;1243;68.3957148971429;60.74571337;67.0842862814286;79.2785709928571;11747.8571428571;6294.28571428571;2001.28571428571;1231.85714285714;67.1057156142857;52.7471422457143;66.349999562857107;78.5699996942857;2.23735455133642;8.7248778947319;0.957860914959407;1.2652271565778;7
573;2014;9;694;2014-09-20;2014-09-26;14210.2857142857;10429.1428571429;1857.28571428571;1271.28571428571;81.1714292271429;87.3957138057143;61.5771435314286;81.0842851928571;13933.7142857143;9413.42857142857;1844.57142857143;1258;79.5914295742857;78.8842849714286;61.15428652;80.2357155928571;9.29251681546016;10.8103280153302;2.05289969478274;1.45705085677669;7
572;2014;9;695;2014-09-27;2014-10-03;22211.8571428571;39273.1428571429;1798.28571428571;1337.42857142857;117.74999891;307.018576485714;57.5199999114286;80.9742845814286;21927;25053.2857142857;1783.85714285714;1321.71428571429;116.24571446;196.072856358571;57.0542858671429;80.0200010028571;10.4391569610534;64.4155040877829;3.66072240600148;4.19142849997122;7
571;2014;10;696;2014-10-04;2014-10-10;17396.8571428571;22081.7142857143;1635.71428571429;1310.71428571429;83.0728574485714;163.025714328571;49.6957141342857;73.8442862385714;17213.5714285714;17022.1428571429;1617.14285714286;1301.42857142857;82.1985724328571;125.67000035;49.1299999785714;73.3199996942857;15.7701984179613;36.9426075058278;3.97063795821296;0.80849545643091;7
570;2014;10;697;2014-10-11;2014-10-17;11469.7142857143;14251.1428571429;1484.57142857143;1252.14285714286;54.77142879;105.214285715714;45.1042861928572;70.5457153328571;11260.5714285714;11970;1466.85714285714;1245.85714285714;53.7728571214286;88.3700005657143;44.5628564028572;70.1914280485714;4.13867825487816;8.05839554310142;2.3897187338104;1.34686693130027;7
569;2014;10;698;2014-10-18;2014-10-24;10248.1428571429;16628.4285714286;1459.85714285714;1411.42857142857;48.93571472;122.765713282857;44.3514284414286;79.5200010028572;10120.4285714286;12355;1444.85714285714;1397.71428571429;48.3271429857143;91.2142857128571;43.8942860185714;78.7471422485714;0.719599999269769;17.2367097389812;4.46829555893007;6.14135389862415;7
568;2014;10;699;2014-10-25;2014-10-31;11889.7142857143;7129.57142857143;1346.71428571429;1529.14285714286;56.7757148728571;52.6357143928571;40.9157137185714;86.1514271328572;11604.7142857143;6298.71428571429;1330;1512.85714285714;55.4142859342857;46.5028566642857;40.4071426371429;85.2314289642857;3.24386652295229;7.91989799484912;3.03536268978804;2.17732526291031;7
567;2014;11;700;2014-11-01;2014-11-07;14352.7142857143;7684.57142857143;1452;1664.42857142857;53.1885713842857;80.8642850614286;26.9828572971429;57.0171432485714;13563.8571428571;6457.57142857143;1434.28571428571;1655.42857142857;50.2657143728571;67.9499996728571;26.6557143071429;56.7128573828571;3.7178609848767;24.7242178265913;2.55721134827435;2.08154372954916;7
566;2014;11;701;2014-11-08;2014-11-14;17777.5714285714;12683;1982;1962.14285714286;65.8800005228571;133.459999087143;36.8342857357143;67.0142854957143;17298.4285714286;11654.4285714286;1966;1952.42857142857;64.1028556828571;122.634287152857;36.53428541;66.68285806;2.82498074554389;37.4882879506869;4.09708378291257;2.93685715292965;7
565;2014;11;702;2014-11-15;2014-11-21;18312.5714285714;5984;2970.42857142857;2578.14285714286;67.86285673;62.9671423785714;55.2014285485714;86.61428506;17964;5241.57142857143;2969.14285714286;2538;66.5685713614286;55.1557143071429;55.1771430957143;85.2685721257143;3.58206834217727;11.7155004081748;6.11987686000155;8.50441846183759;7
564;2014;11;703;2014-11-22;2014-11-28;19623.1428571429;7381.42857142857;3360.14285714286;2977.14285714286;72.71999904;77.6728570128571;62.44285747;100.022856575714;19404.5714285714;6429.85714285714;3356.71428571429;2955.28571428571;71.9085704242857;67.65714373;62.3800005228571;99.2885709471429;10.0793921106188;20.1531010417234;2.32312360712213;4.42894868549865;7
563;2014;11;704;2014-11-29;2014-12-05;31149.7142857143;6464.71428571429;3673.57142857143;2682.14285714286;86.5900006971429;79.7228567928571;45.2971425728571;59.2357134142857;30666.5714285714;5660.57142857143;3666.14285714286;2653;85.1457148971429;69.7571422028572;45.1599993014286;58.3314285285714;12.721036498072;5.11516904653173;13.0089600822562;19.3109037135973;7
562;2014;12;705;2014-12-06;2014-12-12;31046.8571428571;4632.42857142857;4956.57142857143;3199.57142857143;76.0757152014286;61.1085717328571;49.6400004785714;56.0957145728571;30489.7142857143;3572.42857142857;4947.71428571429;3189.14285714286;74.7085712971429;47.1271427714286;49.5514286585714;55.9128565085714;2.03476992809521;6.51767192284848;6.18926061802157;4.9032600878687;7
561;2014;12;706;2014-12-13;2014-12-19;34461.1428571429;5818.85714285714;7613.71428571429;4501.42857142857;84.4399991714286;76.7585710785714;76.2514277857143;78.6757136757143;33909.5714285714;5043.42857142857;7596.42857142857;4496;83.0899996085714;66.5314287457143;76.0785702285714;78.5785707757143;3.88438764339726;13.5504566985547;8.70537982705809;9.63401557333732;7
560;2014;12;707;2014-12-20;2014-12-26;38535.7142857143;9212.14285714286;8466.85714285714;6332.14285714286;94.4257125842857;121.522857665714;84.79714312;110.297143118571;38113.1428571429;8806.42857142857;8134.57142857143;6314;93.39000048;116.168570928571;81.4657135014286;109.978571211429;8.01469024953394;32.4154335710844;4.52615050518574;9.01232147665044;7
559;2014;12;708;2014-12-27;2015-01-02;35675.4285714286;18397.2857142857;7244.57142857143;6427.42857142857;81.5485703614286;242.678571428571;67.1628570542857;99.7214279171429;35461.2857142857;16924.1428571429;7162.71428571429;6420.28571428571;81.0599986471429;223.24571446;66.3571423128571;99.6042851028571;17.3701546692826;71.1544975835921;11.8470454078179;27.7138411989884;7
558;2015;1;709;2015-01-03;2015-01-09;27695.7142857143;19785.7142857143;5860.42857142857;5458.42857142857;50.0257148742857;260.97857012;42.4342858457143;55.2985719957143;27494.4285714286;18449.5714285714;5842.71428571429;5454.85714285714;49.6614276328571;243.354287282857;42.3057142;55.2628566214286;2.66041053366031;57.0749151854355;3.01631011610336;1.93042954744995;7
557;2015;1;710;2015-01-10;2015-01-16;22194.1428571429;16973.8571428571;4292.71428571429;5182.28571428571;40.0885712742857;223.88999939;31.0799999228571;52.5014288785714;22023.7142857143;14677.8571428571;4275.42857142857;5155.57142857143;39.7799998671429;193.605712891429;30.95571409;52.2285717571429;3.69090801480713;23.3662263675629;3.82090703565779;1.44089528855404;7
556;2015;1;711;2015-01-17;2015-01-23;17226.7142857143;13709.1428571429;2922.28571428571;6199.85714285714;31.1142856057143;180.827144077143;21.1585715157143;62.8099986485714;16996.4285714286;10503.4285714286;2898.28571428571;6180.42857142857;30.70000049;138.544285365714;20.9857142328571;62.6142856071429;1.74209596768788;15.3549857683541;2.61267358939729;4.71458713549424;7
555;2015;1;712;2015-01-24;2015-01-30;18734.1428571429;9687.28571428571;2102.14285714286;7042.85714285714;33.8385715485714;127.77999878;15.2214286;71.3485717771429;18432.8571428571;8001;2088.28571428571;7005.28571428571;33.29428564;105.537143164286;15.1200001571429;70.9685712528571;2.85324877115056;4.54174160579444;1.37411813663653;2.12599350525029;7
554;2015;1;713;2015-01-31;2015-02-06;23133.7142857143;10303;2197.42857142857;6648.71428571429;40.3271435328571;123.778570992857;15.22714288;52.3971437742857;22858;8872.85714285714;2185.28571428571;6604.57142857143;39.8457145685714;106.572856357143;15.1428570057143;52.0342859542857;3.01370222586085;5.42466164527679;2.04837893426441;6.53609858634318;7
553;2015;2;714;2015-02-07;2015-02-13;34150.5714285714;9266.71428571429;2848.42857142857;6831;59.2042863042857;109.56285858;19.6199997485714;51.2599999585714;33852.4285714286;7770.28571428571;2837.14285714286;6786.28571428571;58.6871435985714;91.8671428157143;19.5414287042857;50.9214286814286;4.95222054449654;9.88331465338688;1.75922738087067;1.36219708652943;7
552;2015;2;715;2015-02-14;2015-02-20;37634.5714285714;10563.8571428571;4067.71428571429;7562;65.24571446;124.895713805714;28.0171427042857;56.7442850385714;37303.7142857143;9490.14285714286;4056.71428571429;7539;64.6714281342857;112.202857972857;27.94142832;56.5700002385714;3.33122414097922;8.19462006179039;3.10315674117279;2.03799792222719;7
551;2015;2;716;2015-02-21;2015-02-27;40857.4285714286;16252.8571428571;7072.85714285714;8624.42857142857;70.8314279828572;192.157143728571;48.7128568371429;64.71428735;40280.2857142857;15209.8571428571;7032.57142857143;8382.71428571429;69.8314296185714;179.827144077143;48.4357141757143;62.9028570971429;5.01483653966494;29.5175612359721;6.35859843992603;3.74183028995638;7
550;2015;2;717;2015-02-28;2015-03-06;34206.5714285714;11152.4285714286;6304.28571428571;9467.57142857143;62.5642847328572;151.269999912857;43.8357140671429;62.4371430514286;33518.2857142857;10343.5714285714;6286.14285714286;9166.85714285714;61.30428532;140.345712935714;43.7099990842857;60.4228575571429;1.83313777961171;15.0479727785343;4.67175585213964;4.81644006714101;7
549;2015;3;718;2015-03-07;2015-03-13;37813.2857142857;9292.71428571429;5018.28571428571;9219.85714285714;69.8114275242857;129.494285582857;34.9599996285714;59.3171430328571;36997.2857142857;8673.85714285714;5001.28571428571;9187.28571428571;68.3042864128571;120.871428354286;34.8399996071429;59.1071428585714;7.32817349871123;11.4762607373273;1.91274650523843;0.51425384062953;7
548;2015;3;719;2015-03-14;2015-03-20;45718;7195.42857142857;4707.28571428571;10032.8571428571;84.4028560085714;100.268572125714;32.7942861842857;64.5485714514286;44771.4285714286;6517.57142857143;4686.85714285714;9874.28571428571;82.6585704242857;90.8228563585714;32.6499996171429;63.5285709942857;2.77218561564237;10.5619663696898;1.82434431300683;4.127873614805;7
547;2015;3;720;2015-03-21;2015-03-27;50224;5407.28571428571;6105.85714285714;12569.1428571429;92.7242867628571;75.3514284414286;42.5357142857143;80.8657161171429;49244.8571428571;4863.71428571429;6086.14285714286;12281.4285714286;90.9157148071429;67.7757148742857;42.3985710128571;79.0142854971429;1.49578035557007;6.05933610032371;2.72548128941724;5.21800240297694;7
546;2015;3;721;2015-03-28;2015-04-03;45169.8571428571;8701.71428571429;7151.57142857143;14256.7142857143;94.3914271771429;125.614286151429;54.7242851242857;91.9371425085714;44331;8192;7138.42857142857;13560.7142857143;92.6299994328571;118.327141897143;54.6185711457143;87.4457135871429;10.8733800200231;30.2782308739074;7.17063357507134;1.12568284610372;7
545;2015;4;722;2015-04-04;2015-04-10;40805.4285714286;8364.42857142857;8294.85714285714;13128.7142857143;99.3557128914286;125.517141068571;70.7642854957143;84.92428589;40064.2857142857;8080.14285714286;8275.57142857143;12639.5714285714;97.5499997828571;121.248572211429;70.6000006557143;81.75856999;3.18619716460603;16.1336740365559;2.14567758874326;2.76199635079315;7
544;2015;4;723;2015-04-11;2015-04-17;35661.4285714286;4860.14285714286;7139.85714285714;12896.4285714286;86.8314274385714;72.9328586028571;60.9114298142857;83.42000035;34918.8571428571;4506;7115.14285714286;10758.5714285714;85.0228565757143;67.6171433571429;60.7014274585714;69.5928568157143;3.10634190451998;8.50217912319505;5.47334881045953;6.4517094126345;7
543;2015;4;724;2015-04-18;2015-04-24;33700.4285714286;7576;6072.28571428571;12244.7142857143;82.0557152871429;113.685712542857;51.80142866;79.2071435114286;33165.7142857143;7103.14285714286;6051.28571428571;9232.57142857143;80.75428554;106.590000697143;51.6242855628571;59.7228578857143;0.829074486607886;34.0494232765271;0.714629454665863;2.280224842877;7
542;2015;4;725;2015-04-25;2015-05-01;33086.2857142857;6167.14285714286;5159;12410.2857142857;84.6014295285714;90.05285699;47.63142831;86.0457153328571;32635.2857142857;5997.14285714286;5135.14285714286;8680.57142857143;83.4571435114286;87.5799996514286;47.4071431857143;60.1485710128571;8.71254576721571;19.279761234961;7.9204650116212;11.3338748426916;7
541;2015;5;726;2015-05-02;2015-05-08;30488.2857142857;5331.85714285714;4705.28571428571;13958.7142857143;102.148570471429;61.1928569257143;66.2528566628571;134.199999127143;29970.2857142857;5137;4683.71428571429;8908.57142857143;100.41142927;58.9571429657143;65.9485718871428;85.6499993457143;1.09598245826393;5.39223196340953;2.43559958395898;3.16025339273188;7
540;2015;5;727;2015-05-09;2015-05-15;32999.4285714286;5056.85714285714;4745.71428571429;13353.8571428571;110.562857491429;58.0371426157143;66.8185713642857;128.385713851429;32537.4285714286;4998.57142857143;4719.71428571429;8452.28571428571;109.01285662;57.3685716885714;66.45142964;81.26285662;5.34567866568102;2.57858091120859;2.89731801409274;5.35046727425609;7
539;2015;5;728;2015-05-16;2015-05-22;30209.4285714286;4370.57142857143;3973.28571428571;10929.8571428571;101.214285714286;50.1614281771429;55.9428569257143;105.081428528571;29902.8571428571;4300;3957.28571428571;8221.14285714286;100.185714721429;49.3500006542857;55.7200006757143;79.0385720385714;6.7004948868118;3.92270735636332;2.19811942992202;10.5003076886119;7
538;2015;5;729;2015-05-23;2015-05-29;26438.4285714286;10728.7142857143;3882.71428571429;8817;88.5799996514286;123.13142722142901;54.6700003471428;84.7699999128571;26283.5714285714;10078;3863;7950.57142857143;88.05999974;115.662855421429;54.3885710571429;76.4385724771429;1.56344791060463;63.3662668136379;0.824811202767703;3.40665383507219;7
537;2015;6;730;2015-06-01;2015-06-05;26658.8;9799.6;3123.4;7078.2;103.838000488;92.530000306;66.57599945;130.71000061;26550.6;9591;3101.8;6884.4;103.41200104;90.56000061;66.117999268;127.125997924;1.18982082010507;13.7476615143596;2.94083729752991;6.88678349970796;5
536;2015;6;731;2015-06-06;2015-06-12;24876.2857142857;6610.71428571429;2686.42857142857;6249.42857142857;96.8928571428571;62.4185709271429;57.2628566185714;115.404284885714;24778.1428571429;6519.85714285714;2662.28571428571;6053;96.5085721714286;61.5628564014286;56.7457139157143;111.77571433;4.00501405120646;5.01557788093928;2.93367168745845;3.58124246409103;7
535;2015;6;732;2015-06-13;2015-06-19;22194.4285714286;22331.4285714286;2473.85714285714;5136.42857142857;86.4471413742857;210.8600017;52.7328562057143;94.8500006557143;22103.5714285714;20292.4285714286;2449.85714285714;4995.28571428571;86.0914284828572;191.605713981429;52.2199995842857;92.2428577971429;1.8266023454623601;53.522005483278;0.356838293629869;6.15219733032586;7
534;2015;6;733;2015-06-20;2015-06-26;20901.5714285714;17174;2370.28571428571;4124;81.4099993014286;162.160002571429;50.5228571214286;76.1557148514286;20775.5714285714;15813.5714285714;2341.28571428571;4092.85714285714;80.9199992585714;149.315714154286;49.9042859757143;75.57999965;2.50077926212479;23.5331861822968;1.26096309202449;3.99420952360706;7
533;2015;6;734;2015-06-27;2015-07-03;19749.1428571429;10936.4285714286;2129.28571428571;3537;84.171427044285707;101.08428519;49.3899999328571;82.6857147214286;19587.8571428571;10500.2857142857;2111.28571428571;3527.28571428571;83.49571446;97.0657152457143;48.9742851242857;82.4685701642857;13.1524393771615;6.89574623006822;3.7320448699691;19.5163988175245;7
532;2015;7;735;2015-07-04;2015-07-10;28403;16288.2857142857;2085.28571428571;3183.71428571429;133.934283665714;146.128570557143;53.8899999342857;96.6485704685714;28218.8571428571;14755.7142857143;2057.85714285714;3168.57142857143;133.067144121429;132.379998344286;53.1800003042857;96.1885713842857;9.04152766519546;45.0339551179416;0.75538118946716;2.63565561604807;7
531;2015;7;736;2015-07-11;2015-07-17;34046.5714285714;44154.8571428571;1954.42857142857;2766.28571428571;160.547143118571;396.132866997143;50.5085716257143;83.9757134585714;30330.1428571429;25308.8571428571;1929.85714285714;2749.42857142857;143.022854397143;227.054286412857;49.8728566828571;83.4642857142857;9.41393785051606;36.3720640394718;3.16420540091169;4.63296531174154;7
530;2015;7;737;2015-07-18;2015-07-24;30475.4285714286;35990.8571428571;1990.71428571429;2465.14285714286;143.709997995714;322.890001567143;51.4457141357143;74.8371429442857;27147.4285714286;17100.1428571429;1967.42857142857;2454.85714285714;128.014284405714;153.410000391429;50.8442856957143;74.5242854528571;6.90823783335961;44.4235583404874;3.77752015959528;0.954968271819646;7
529;2015;7;738;2015-07-25;2015-07-31;23130.7142857143;24693.1428571429;1960.42857142857;2472.71428571429;109.072857447143;221.532856532857;50.66285651;75.0657141557143;22363.8571428571;14302.7142857143;1926;2432.14285714286;105.457142418571;128.317141942857;49.7742859957143;73.8328574028571;5.84875995596871;16.5748984214203;1.371992005194;2.1274931719275;7
528;2015;8;739;2015-08-01;2015-08-07;19062;14022.7142857143;1814.28571428571;2279;107.89428493;136.74999891;53.76714325;93.2257156371429;18912;11734.4285714286;1794.71428571429;2203.42857142857;107.044285364286;114.434285845714;53.1842852985714;90.13571385;6.08829935208563;16.6961236766182;1.35871040228893;4.27289381867196;7
527;2015;8;740;2015-08-08;2015-08-14;16249.8571428571;7670.85714285714;1749.28571428571;2073.57142857143;91.9771423357143;74.8085724971429;51.8385707314286;84.8228574485714;16079.2857142857;6850.28571428571;1725.57142857143;2031.42857142857;91.0114288328571;66.8042858671429;51.1371432728572;83.0985728685714;3.22212767908861;12.2270077607634;1.72163453897607;3.76513490874054;7
526;2015;8;741;2015-08-15;2015-08-21;14816;5580.42857142857;1696.14285714286;1726.57142857143;83.8628572728571;54.4214292242857;50.2628571671429;70.6300005214286;14666.2857142857;4705.71428571429;1673;1694.57142857143;83.0128577114286;45.8914293571429;49.5771429871429;69.3214307514286;1.98143451594474;2.29983633466142;1.8292858416312;2.87046697677926;7
525;2015;8;742;2015-08-22;2015-08-28;14286.2857142857;6172.14285714286;1716.28571428571;1676.42857142857;80.8614283971428;60.1914285928572;50.8614278514286;68.5771418971429;14132.5714285714;5392.14285714286;1699.42857142857;1634;79.9928577971429;52.5857140685714;50.3600000657143;66.84142903;1.46753419332151;10.4848641499334;1.57487497786374;2.75461078456791;7
524;2015;8;743;2015-08-29;2015-09-04;14501.1428571429;6349.57142857143;1560.28571428571;1467.14285714286;82.5028577542857;57.1542854314286;49.33142853;70.5371426157143;14363.5714285714;5538.28571428571;1537;1456.42857142857;81.7185723442857;50.0985717785714;48.5942846028571;70.0128582542857;1.59840945123738;11.4079693493605;3.01173726411261;8.36394674690429;7
523;2015;9;744;2015-09-05;2015-09-11;17961.8571428571;8065.28571428571;1390.42857142857;1333.42857142857;102.599998474286;67.5857146128571;46.0971434457143;71.6142850614286;17786.8571428571;7451.71428571429;1367.57142857143;1294;101.601428441429;62.44285638;45.3414284842857;69.4971422471429;27.10330163133;17.7349773164354;4.89122202850568;2.71045396944224;7
522;2015;9;745;2015-09-12;2015-09-18;29864.1428571429;9855;1328.28571428571;1194.71428571429;170.590002875714;82.5842851914286;44.03857204;64.16571481;29711.5714285714;8773.42857142857;1303.28571428571;1175.71428571429;169.717143467143;73.51857267;43.20571409;63.1442860185714;11.0430507728095;20.1082882700904;4.32929483409715;1.96209121512118;7
521;2015;9;746;2015-09-19;2015-09-25;21107.5714285714;17685.7142857143;1341.71428571429;1145;120.568571907143;148.204285758571;44.4828572957143;61.4942855828571;20958.7142857143;14553;1318.28571428571;1071.14285714286;119.72000122;121.95285797;43.7057146342857;57.5271432071428;16.8325707824646;41.3579858000985;1.57213091810062;0.793173540968613;7
520;2015;9;747;2015-09-26;2015-10-02;17822.1428571429;24804.4285714286;1477.14285714286;1089.57142857143;96.7228557057143;202.617137364286;47.5871434885714;57.7642854957143;17655.1428571429;15355;1450.28571428571;1031.14285714286;95.8271440785714;124.76285662;46.7185718014286;54.66428484;4.65820358745038;19.6631781288231;4.12672014672567;1.02708090353466;7
519;2015;10;748;2015-10-03;2015-10-09;19792.5714285714;21484;1338;1334.28571428571;94.5142865857143;158.611427307143;40.64999989;68.5071427485714;19564.7142857143;10290.5714285714;1309.42857142857;1319.85714285714;93.4257147657143;75.9728578842857;39.7814282;67.7642854985714;4.40048217066046;19.776389598177;4.5177373062688;5.53457442970623;7
518;2015;10;749;2015-10-10;2015-10-16;23243;41742.8571428571;1005;1325.28571428571;110.988572258571;308.17999485571403;30.53285735;68.0442853671429;21774.8571428571;22613.7142857143;973.857142857143;1314.71428571429;103.978572301429;166.95285906;29.5857146128571;67.5014283314286;14.767821911917;29.4734408192854;2.47948178876833;3.09702185663629;7
517;2015;10;750;2015-10-17;2015-10-23;18912.7142857143;36027;877.571428571429;997.857142857143;90.3128564014286;265.980002268571;26.6614284528571;51.2314289642857;17673.4285714286;13623.4285714286;851.428571428571;989.571428571429;84.3957148957143;100.578572545714;25.8671430842857;50.80714253;8.92988037845626;48.9338804019674;2.36733804197278;5.3346308767972;7
516;2015;10;751;2015-10-24;2015-10-30;17454.4285714286;29065.8571428571;791.142857142857;1199.14285714286;83.3485728657143;214.587142944286;24.03428568;61.56571361;17150.7142857143;15912.5714285714;762.428571428571;1194.57142857143;81.9000015271429;117.477142334286;23.1628573285714;61.3328574042857;4.45937581108302;13.2264512261636;4.97600122203758;4.92833543241376;7
515;2015;10;752;2015-10-31;2015-11-06;23474.8571428571;17620.8571428571;705.571428571429;1304.57142857143;89.9685712542857;177.182859147143;14.5971429014286;46.3114286171429;21702;11917;678.571428571429;1295.57142857143;83.27999987;119.480000087143;14.0514286585714;45.9971422485714;11.8348692454489;10.650464946715;5.3091697877186;9.39465796337312;7
514;2015;11;753;2015-11-07;2015-11-13;27712.7142857143;20124.8571428571;867.714285714286;1416;102.695714678571;211.76714216;16.1271429042857;46.5285715371429;25880;11388.5714285714;839.428571428571;1408.28571428571;95.90285819;119.840000695714;15.5985715042857;46.2757148742857;3.69544728893677;23.7171516596144;3.50097843021541;3.04310684183384;7
513;2015;11;754;2015-11-14;2015-11-20;28209;19345.5714285714;1163.57142857143;1365;104.537143162857;203.56856864;21.6228575042857;44.8557145271429;24161.2857142857;10691.7142857143;1134.57142857143;1348.28571428571;89.5357153757143;112.50428772;21.0857140671429;44.3042864128571;5.12317339671141;17.877879667404;0.79816147445849694;2.66427515852701;7
512;2015;11;755;2015-11-21;2015-11-27;40452.8571428571;18673.8571428571;1278.57142857143;1666.57142857143;149.908569337143;196.501427787143;23.7614288342857;54.7614282871429;27910.8571428571;12252.7142857143;1254;1649;103.430001395714;128.931429182857;23.3042858671429;54.1857141757143;8.12353132235221;10.7848611728996;3.98154460704223;5.52318950182431;7
511;2015;11;756;2015-11-28;2015-12-04;44876.4285714286;21894.1428571429;1867.85714285714;1545.28571428571;134.565714155714;266.705714635714;24.1314288557143;37.4985711228572;32650.1428571429;10393.5714285714;1842.14285714286;1527.14285714286;96.98285784;126.315715244286;23.7828573514286;37.0600000114286;18.803527546072;38.453006807047;4.05280857701178;14.5675456578153;7
510;2015;12;757;2015-12-05;2015-12-11;45138.2857142857;22854.4285714286;3265.42857142857;1363.28571428571;110.604286192857;301.484283447143;32.7028571542857;23.5799999242857;34361;12733.4285714286;3242.28571428571;1345.57142857143;84.1957146771429;167.971429007143;32.4714284614286;23.2700001857143;2.3270940366361;29.307164316407;3.54357365580024;1.41177208331718;7
509;2015;12;758;2015-12-12;2015-12-18;43923.1428571429;20907.7142857143;3297.85714285714;1650.71428571429;107.625714982857;275.800000871429;33.0299998685714;28.54857118;32499;13727.4285714286;3281.71428571429;1633;79.63142831;181.084285191429;32.8671428128571;28.2414281028571;2.68606312148349;18.6594216720366;2.2490496406251;5.99811466369311;7
508;2015;12;759;2015-12-19;2015-12-25;38824.1428571429;21207.4285714286;3241;1714.57142857143;95.1314294014286;279.755711145714;32.46000072;29.6528571;30362;13388.2857142857;3216.42857142857;1692.71428571429;74.3971426814286;176.609996252857;32.2142859871429;29.2742854514286;5.40424081687948;27.5350250178113;1.98815586081701;0.981102640582482;7
507;2015;12;760;2015-12-26;2016-01-01;43679.5714285714;21079.7142857143;3532.85714285714;1690.14285714286;91.4642868042857;278.065717424286;34.0285715371429;27.2842856828571;32149.8571428571;11030.8571428571;3508.57142857143;1673.85714285714;67.7414278285714;145.511429922857;33.7942861828571;27.0214282442857;7.50231810689624;23.7069677104196;4.19772483694161;3.71994836613427;7
506;2016;1;761;2016-01-02;2016-01-08;54487;20345.2857142857;3446.57142857143;2014.71428571429;87.2514288785714;268.36000279;24.9542857571429;20.2185712542857;38934.5714285714;11921;3419.28571428571;2002;62.3471434471429;157.241431098571;24.7542855385714;20.08999988;4.91777417523346;37.9601090475848;3.68623041822123;1.05587278119428;7
505;2016;1;762;2016-01-09;2016-01-15;70574.1428571429;18825.7142857143;3675.42857142857;3065.28571428571;113.014284407143;248.315713065714;26.6100000657143;30.7599999557143;50267.4285714286;11440.7142857143;3656;3054.42857142857;80.4942866728571;150.907144818571;26.4714287357143;30.6514284957143;13.0776686725242;37.1284495557962;1.96741317003662;4.78651382770038;7
504;2016;1;763;2016-01-16;2016-01-22;105695.571428571;12687.1428571429;6105.28571428571;4624.28571428571;169.254287718571;167.34714399;44.2071435114286;46.4042854314286;81029.8571428571;10052.1428571429;6074.42857142857;4605;129.755713327143;132.592857361429;43.9814289642857;46.21142796;9.26164272301021;10.8584090904371;15.7779236000771;6.90742937097349;7
503;2016;1;764;2016-01-23;2016-01-29;92902.8571428571;8555.14285714286;14491.2857142857;8677.28571428571;148.768569947143;112.844286235714;104.9242848;87.0728563571429;76273.5714285714;7494.71428571429;12831.7142857143;7771.71428571429;122.138571602857;98.8571439471428;92.9085715171429;77.9885706214286;8.70174464619823;8.58593331327267;10.4103718400423;14.5221483386342;7
502;2016;1;765;2016-01-30;2016-02-05;69230.7142857143;16635;15367.5714285714;13695.5714285714;105.988573345714;200.397141592857;107.36000061;111.24999891;63367.2857142857;14540.4285714286;14640.7142857143;13265;96.8842849742857;175.39857047;102.227143424286;107.185714722857;9.60145882583651;44.9756820729168;3.13364809503399;9.79589534089191;7
501;2016;2;766;2016-02-06;2016-02-12;55237.5714285714;13444.7142857143;16538.5714285714;10216.5714285714;82.7000013071429;158.958570208571;113.907143728571;75.64571326;49384.7142857143;11572.8571428571;16464.4285714286;10080.4285714286;73.9357147214286;136.82571629;113.395713805714;74.6371438171429;2.6695011964959;16.1439127470407;3.21708944045782;11.054302495829;7
500;2016;2;767;2016-02-13;2016-02-19;53074.4285714286;11547.2857142857;16286.7142857143;7978.85714285714;79.4614290528571;136.524283274286;112.174284798571;59.0771424428572;48176.8571428571;11101.4285714286;16266.1428571429;7873.42857142857;72.1285716471428;131.252857752857;112.02999987;58.2942853657143;1.0047299590192;7.25904682234107;5.81416048205018;1.00054811674148;7
499;2016;2;768;2016-02-20;2016-02-26;58460.1428571429;11457.2857142857;10144.7142857143;7503;87.5228565742857;135.460001264286;69.8685711442857;55.5528569914286;45904.2857142857;10183.7142857143;10122.2857142857;7430.14285714286;68.7242845814286;120.40285601;69.71571459;55.01285662;3.86406932791438;3.65796618375344;13.8879629074608;1.28527262576617;7
498;2016;2;769;2016-02-27;2016-03-04;69256.2857142857;16512.2857142857;6524.28571428571;7250.28571428571;105.64857265;215.102857317143;45.2114274157143;49.2114279614286;48753.7142857143;11193.5714285714;6505.14285714286;7096.28571428571;74.3800005214286;147.035714285714;45.0800001971429;48.1771420057143;5.43412276113676;39.337113520014;3.8240079221851;4.41675837154527;7
497;2016;3;770;2016-03-05;2016-03-11;70236.5714285714;16653.4285714286;5079.57142857143;8080.28571428571;108.53857095;232.067145211429;35.3871424528571;51.0871424;51189.1428571429;13502.4285714286;5052.57142857143;7891.14285714286;79.10142953;188.159999302857;35.1985710671429;49.8899999342857;6.72405501466602;19.6412261945997;2.51724339717963;4.2839313785668;7
496;2016;3;771;2016-03-12;2016-03-18;70151;12785.5714285714;4127.28571428571;9884.85714285714;108.405713762857;178.16999817;28.7528572085714;62.4942855828572;55508;9990.85714285714;4102.14285714286;9593.42857142857;85.7757132385714;139.225715637143;28.5757141128571;60.6528570985714;3.54868926860764;24.8326293028807;0.850585133089973;1.08658032408385;7
495;2016;3;772;2016-03-19;2016-03-25;57570.2857142857;12329.2857142857;4764.42857142857;9406.85714285714;88.9642846242857;171.811426435714;33.1899997171429;59.47285734;46200;10249.1428571429;4743.14285714286;9111.28571428571;71.39285878;142.822859627143;33.04142843;57.6042856471429;4.44193970535497;31.289964803321;1.42099070442161;0.585345341600809;7
494;2016;3;773;2016-03-26;2016-04-01;53688;16728.8571428571;4597.57142857143;9514.28571428571;85.9642846228571;234.960000174286;32.97857094;60.1628570557143;45813.4285714286;13017;4565.71428571429;8957.85714285714;73.4285714271429;182.960000174286;32.7499994528571;56.6442854728571;7.4173721019586;28.751879921807;1.86688638825022;0.566710488618833;7
493;2016;4;774;2016-04-02;2016-04-08;46164;8815;3567.14285714286;9404.85714285714;90.0442864557143;132.278570992857;30.4314283642857;59.5385709471429;40022.8571428571;7390.28571428571;3537.57142857143;8884.14285714286;78.0671441214286;110.89857156;30.1771428242857;56.2414278314286;3.20178064351588;23.6573062711224;3.0129704068032;1.60119141600292;7
492;2016;4;775;2016-04-09;2016-04-15;37095.2857142857;9791.14285714286;2963.71428571429;8418.57142857143;72.3571428557143;146.92714473;25.28285708;53.2957142428571;32893;8489.71428571429;2938.71428571429;8108.14285714286;64.1614276328571;127.397142682857;25.0714285714286;51.3285713214286;3.82764109408739;20.5194027827074;0.783952456518572;0.422115253682155;7
491;2016;4;776;2016-04-16;2016-04-22;32464.2857142857;8259.42857142857;2374.57142857143;7779.57142857143;63.3242852328572;123.941429138571;20.2557144157143;49.2485711228571;28564.2857142857;7669.85714285714;2349;7342.42857142857;55.7171429214286;115.095716204286;20.0414284285714;46.4828562042857;1.58116676318069;22.4245546974581;1.69092070494864;3.63612226424644;7
490;2016;4;777;2016-04-23;2016-04-29;31879.4285714286;11556.8571428571;2004.71428571429;6200.85714285714;62.1814286357143;173.422857011429;17.1014287142857;39.2542860871429;28059.1428571429;9781.57142857143;1977.14285714286;5497.28571428571;54.7314284185714;146.782854354286;16.8671430857143;34.8000003257143;1.7738426479046;28.2482872604795;0.630706512424367;2.50780099690296;7
489;2016;4;778;2016-04-30;2016-05-06;33090.5714285714;8258.57142857143;1773.14285714286;5632;84.33857073;100.19571468;23.4728567942857;49.9100003942857;28966.7142857143;7690.28571428571;1748.71428571429;5034.85714285714;73.8442856928571;93.1085717328571;23.1385714671429;44.6600001214286;7.29442164859637;23.8762162951336;3.28527734740558;5.69933910956351;7
488;2016;5;779;2016-05-07;2016-05-13;32688.5714285714;7828.57142857143;1572.85714285714;4842.14285714286;86.6642859314286;89.8471439914286;22.1457146242857;44.9914283742857;30183;7458.14285714286;1543.42857142857;4363.28571428571;80.02142879;85.5957140242857;21.7328570228571;40.5457136957143;5.31491190325134;3.87965948999666;0.43926905569451;2.40349683229031;7
487;2016;5;780;2016-05-14;2016-05-20;32849.4285714286;8650.71428571429;1705.14285714286;3922.28571428571;87.09285845;99.2828565357143;24.0071430185714;36.4457141328571;29815.4285714286;8429.14285714286;1676.28571428571;3609.28571428571;79.0485719971429;96.7400000428571;23.6028570442857;33.5371426185714;1.72360520361004;13.345370729193;1.0515179500359;1.74568739757922;7
486;2016;5;781;2016-05-21;2016-05-27;35488;17033.8571428571;1778.28571428571;3358.71428571429;94.0871418514286;195.49571446;25.0385714957143;31.20999963;31694.2857142857;16055.1428571429;1749.57142857143;3139.28571428571;84.0285720842857;184.261426654286;24.6314283085714;29.1714284071429;4.24838157480061;29.0716680724561;1.12140413770301;0.889033994191962;7
485;2016;5;782;2016-05-28;2016-06-03;37004.4285714286;14256.2857142857;1442.71428571429;2859.14285714286;107.342857361429;151.129998344286;24.5699999657143;36.3542859185714;31147.7142857143;11371.4285714286;1414.71428571429;2715.57142857143;90.1857136285714;121.020003182857;24.0871426714286;34.4685712528571;11.8954301214555;21.2138997279104;4.27653141851192;10.6459236405691;7
484;2016;6;783;2016-06-04;2016-06-10;44776.2857142857;10985.2857142857;1496.57142857143;2676.71428571429;143.661429268571;103.722856794286;31.9000001642857;46.9657140457143;29429.4285714286;8855.57142857143;1472.14285714286;2518;94.42285592;83.6142850585714;31.3785713728571;44.18285697;5.69026511668361;8.35166874558963;1.23954886996406;0.566059638828594;7
483;2016;6;784;2016-06-11;2016-06-17;41760;7346.14285714286;1464.14285714286;2422;133.984285627143;69.3657144814286;31.2071429685714;42.49714279;33971;6672.57142857143;1436.14285714286;2315.71428571429;108.994285582857;63.0014288771429;30.6128567285714;40.6314288542857;3.75972116919749;3.60771570401555;0.178858683564555;1.73843225433326;7
482;2016;6;785;2016-06-18;2016-06-24;33131.1428571429;9700.71428571429;1422;2152.14285714286;106.298570905714;91.5957140228571;30.31000001;37.7628566214286;31953.5714285714;8972.42857142857;1397.85714285714;2034.71428571429;102.519999912857;84.7185723442857;29.7942856385714;35.7014290957143;3.72644975931124;12.4897726098772;0.409750351579627;0.950603032939493;7
481;2016;6;786;2016-06-25;2016-07-01;28478.7142857143;9230;1490.28571428571;2121;94.4728567957143;86.6100017;32.65714291;40.1542859771429;27040.5714285714;7987.42857142857;1460.85714285714;1968.42857142857;89.8071430757143;74.9214281357143;32.01285662;37.31714303;7.49390385811141;6.85120088785682;2.25026454565752;7.72185221372506;7
480;2016;7;787;2016-07-02;2016-07-08;24482.4285714286;7188.14285714286;1381.85714285714;2172.14285714286;99.0457142414286;64.4871412;35.7114287771429;59.2157151357143;23866.8571428571;6744.14285714286;1361;1870.71428571429;96.5571430757143;60.5042860842857;35.1728567385714;50.9971427928571;2.83194197065397;2.24383570085495;2.40065096588125;2.28073654522585;7
479;2016;7;788;2016-07-09;2016-07-15;22412.8571428571;11680.7142857143;1156.71428571429;1919.28571428571;90.6742869771429;104.791429791429;29.8928568714286;52.3242863228572;21928.1428571429;10177.1428571429;1128.85714285714;1721.57142857143;88.7128568371428;91.3014275685714;29.1728570114286;46.9328569685714;1.72921640785602;64.1871126525439;0.722119970665133;0.56091315467386;7
478;2016;7;789;2016-07-16;2016-07-22;23414.4285714286;17668;1195.71428571429;1769.42857142857;94.7257134542857;158.507140022857;30.9014287671429;48.23714229;22727.4285714286;16623.4285714286;1172;1662;91.9457135885714;149.137141637143;30.2857142871429;45.3071430757143;2.83962959221767;59.3452109798922;0.244052889711724;0.492060818411425;7
477;2016;7;790;2016-07-23;2016-07-29;20480.5714285714;7766.57142857143;1225.28571428571;1553.71428571429;82.85571289;69.6757147657143;31.6671425971429;42.3571428571429;20126.7142857143;7608.28571428571;1201;1449.85714285714;81.4257136742857;68.2571422042857;31.0371428885714;39.5228571214286;2.73825335551428;8.29103918949312;1.05975958728131;3.04538331025862;7
476;2016;7;791;2016-07-30;2016-08-05;18650.2857142857;5508;1355.28571428571;1335.71428571429;87.3457140242857;52.4285714271429;38.7000002185714;47.5785718628571;18387.4285714286;5425.57142857143;1332;1267.42857142857;86.10571289;51.6428565957143;38.0242854528571;45.2114285071429;7.02810679678898;1.51005226939498;2.7455231728478;6.83230269572888;7
475;2016;8;792;2016-08-06;2016-08-12;18133.2857142857;6010.71428571429;1266;1220.28571428571;89.6842869357143;58.6171428142857;37.5171432514286;47.76714325;17833.5714285714;5934.14285714286;1241.42857142857;1174;88.2014280042857;57.8700000214286;36.79000037;45.9528568814286;0.726484262440536;4.99228769931876;1.18774310136259;1.35295694368594;7
474;2016;8;793;2016-08-13;2016-08-19;18774.5714285714;7575.28571428571;1235.28571428571;1189;92.85571398;73.8757138942857;36.6071434014286;46.5414276114286;18492.8571428571;7452.57142857143;1206;1145;91.4628568371429;72.67999976;35.7385722557143;44.8171430328571;1.38368663211749;23.7101318643915;1.30217016201384;1.36226093894089;7
473;2016;8;794;2016-08-20;2016-08-26;26366;23772.2857142857;1343.71428571429;1108.71428571429;130.402857098571;231.828571864286;39.8214285714286;43.3971432285714;23931.7142857143;21163.8571428571;1313.28571428571;1087.42857142857;118.361427308571;206.391431535714;38.9185709271429;42.5642852785714;10.6841887921808;48.4283701128422;1.46913210618073;1.09170907171001;7
472;2016;8;795;2016-08-27;2016-08-31;23599;13534.2;1270.2;1081.4;116.717999268;131.985998536;37.63999939;42.32799988;22305;10952.6;1242.2;1059;110.315998842;106.808000184;36.812000274;41.451999666;3.64382128640743;9.6930275492633;2.94724781426359;0.741800617296402;5
471;2016;9;796;2016-09-01;2016-09-02;21843.5;12537;1253;1092.5;112.299999235;105.060001375;41.54000092;56.73500061;21280;10635;1225;1075.5;109.40499878;89.11999893;40.61499977;55.84500122;0.374765731361341;6.15183223487183;1.83140667641044;0.403050653144555;2
470;2016;9;797;2016-09-03;2016-09-09;21573.1428571429;14242.1428571429;1206.42857142857;1032;110.909999301429;119.348572868571;39.9985716671429;53.5885712757143;20900.1428571429;12522.4285714286;1180.85714285714;1021.14285714286;107.451429094286;104.93714142;39.14999989;53.02571433;2.30800399430804;13.0065579519929;2.22106608376136;1.70050899952706;7
469;2016;9;798;2016-09-10;2016-09-16;19646;9014.42857142857;1131;1053.57142857143;101.002855572857;75.5414287028571;37.5000000014286;54.70999963;18850.8571428571;8687.85714285714;1104.85714285714;1031.57142857143;96.9142859314286;72.8028558985714;36.62857219;53.5671424857143;6.14353510228929;10.2945126983693;1.34478547988897;0.989608174085184;7
468;2016;9;799;2016-09-17;2016-09-23;16665.1428571429;6916.85714285714;1115.85714285714;981.285714285714;85.6771425514286;57.9628568371429;36.9957144585714;50.9557146342857;16167.1428571429;6531;1087.71428571429;970;83.1171439028572;54.7300000871429;36.0600002828571;50.3699994785714;2.45187337303496;6.4201110709189;1.27245195686716;2.02055271068809;7
467;2016;9;800;2016-09-24;2016-09-30;15285;4551.71428571429;1130.57142857143;1196.42857142857;78.5814285285714;38.1414288114286;37.4828578414286;62.1299988871429;14988.1428571429;4050.28571428571;1100.85714285714;1174.28571428571;77.0542864114286;33.9414285928571;36.4971433371429;60.9785723014286;1.51343878609868;5.08401862200992;3.46909609132671;9.46022688166933;7
466;2016;10;801;2016-10-01;2016-10-07;15406.4285714286;4234.14285714286;1281.28571428571;1245.28571428571;66.15285819;31.2571424757143;38.9271425514286;62.6985718871429;15097.1428571429;3938.57142857143;1260.57142857143;1233.14285714286;64.8242863257143;29.0785710471429;38.2985703614286;62.0857151571429;3.44013938534216;4.86422103256112;2.9081056510996;5.5223666055908;7
465;2016;10;802;2016-10-08;2016-10-14;17607.7142857143;6019.42857142857;1260.71428571429;1091;75.60571507;44.4399997171429;38.3014292028571;54.9285714285714;17115.8571428571;5669;1239.71428571429;1077.57142857143;73.4942855828571;41.8542856485714;37.6628576014286;54.2542860842857;3.3640451791381;11.7256976688833;3.20810295872811;0.603624556876033;7
464;2016;10;803;2016-10-15;2016-10-21;21140.8571428571;20371.8571428571;1380.14285714286;947.571428571429;90.7785709928571;150.401427132857;41.9314286357143;47.7071429657143;20492.2857142857;16538.4285714286;1354.57142857143;931.142857142857;87.9928567057143;122.099999564286;41.1542865214286;46.8814277657143;2.02352557364916;64.8809618633757;3.34324558060347;3.05297936284656;7
463;2016;10;804;2016-10-22;2016-10-28;22599.7142857143;19129;1471.14285714286;1010.14285714286;97.0414287042857;141.224284581429;44.6957141342857;50.8614283971429;22004.5714285714;15842.4285714286;1445;967.142857142857;94.4885711671429;116.961426871429;43.9014287685714;48.69285747;7.20831350222893;14.3608304382577;1.77006982795168;3.83860077188414;7
462;2016;10;805;2016-10-29;2016-10-31;25821;13353.6666666667;1193;1050.66666666667;110.87666575;98.58999888;36.2433331833333;52.8966662066667;24660;12322.3333333333;1166.66666666667;1014.33333333333;105.88999939;90.9766667666667;35.4433326733333;51.0699996933333;6.37473159728397;10.2366499288801;2.12937539389728;0.298664015912866;3
461;2016;11;806;2016-11-01;2016-11-04;22619.25;10962.5;1185.25;1076.25;73.5949993125;115.354999545;22.0275001525;35.0474996575;22028.5;10284;1165.5;1045;71.6700000775;108.21500206;21.6574997875;34.02999878;1.37508895574163;8.04636829092881;0.535062498265708;1.02306698627233;4
460;2016;11;807;2016-11-05;2016-11-11;21838.7142857143;7614.28571428571;1258.71428571429;1083.85714285714;71.0557141971429;80.1242861071429;23.3928571414286;35.2971425742857;21288.2857142857;7107;1237.14285714286;1050.28571428571;69.2642854971429;74.78428541;22.9899997714286;34.2028574271429;2.14641477086213;6.18318956274816;1.75761199444016;1.39467751005846;7
459;2016;11;808;2016-11-12;2016-11-18;28112.7142857143;6684.14285714286;1709;1406.71428571429;91.4685712542857;70.3342862814286;31.7599991371429;45.8099997385714;27202.2857142857;6443.42857142857;1688.28571428571;1372.85714285714;88.5057133271429;67.8042858642857;31.3742861085714;44.7100007214286;12.242682949251;2.91767057241469;5.01016259142548;9.78045149307368;7
458;2016;11;809;2016-11-19;2016-11-25;32240.4285714286;4784.42857142857;2629.85714285714;2272.57142857143;104.900001525714;50.34571457;48.8728566857143;74.007142201428593;31369.1428571429;4035.42857142857;2624.14285714286;2238.42857142857;102.062856402857;42.4657140457143;48.7671427042857;72.8957127142857;2.04780944559234;7.58945504119779;4.73602739044429;4.4701665594567;7
457;2016;11;810;2016-11-26;2016-12-02;29772.1428571429;5295;3954.57142857143;2166.71428571429;87.4271420057143;60.1242861085714;62.1671425942857;61.24571446;29213.7142857143;4406.42857142857;3938.85714285714;2133.71428571429;85.8457151128572;50.0585724957143;61.9299997614286;60.3057158314286;16.9911142859966;11.6024034322049;13.0991632848998;16.6439936141197;7
456;2016;12;811;2016-12-03;2016-12-09;31583.4285714286;6668.14285714286;4989.71428571429;2189.85714285714;67.32857132;87.9628568371429;49.9728578842857;37.6628576014286;30581.7142857143;6000.85714285714;4971.14285714286;2161.42857142857;65.1957146785714;79.1614281785714;49.7871431628571;37.17428589;3.12096570033423;11.7082928045764;1.28241612641796;1.46088803684816;7
455;2016;12;812;2016-12-10;2016-12-16;40025.4285714286;7445.42857142857;5420.42857142857;2661.14285714286;85.3271440771429;98.2157134985714;54.28428541;45.77142879;37486.4285714286;7203;5415.14285714286;2632.42857142857;79.9142859314286;95.0185710342857;54.2314284185714;45.27571433;6.55165871863491;11.6062256679882;1.15046964322924;3.79519300028414;7
454;2016;12;813;2016-12-17;2016-12-23;42366.8571428571;7016.28571428571;5361.14285714286;3440.28571428571;90.3171430328571;92.5557141971429;53.6914285957143;59.1714286814286;40621.1428571429;6735;5357.42857142857;3399.71428571429;86.5971439928571;88.8428573614286;53.6542859771429;58.4742856714286;2.13201432077725;11.6681241572286;1.23854567127462;2.59675373065243;7
453;2016;12;814;2016-12-24;2016-12-30;35841.2857142857;8381.85714285714;6743.14285714286;3573.57142857143;76.4071426385714;110.568570818571;67.5328581671429;61.4628579285714;35020.2857142857;8002.28571428571;6724.42857142857;3534.85714285714;74.6557126728571;105.560000828571;67.3442851457143;60.7971425728571;4.70043272195601;10.9930859207658;8.7433148669703;2.6157830430223;7
452;2016;12;815;2016-12-31;2017-01-06;33061.4285714286;13733.7142857143;7742.42857142857;3073.14285714286;54.1257138942857;181.15285601;59.3771433142857;33.8542856485714;31990.1428571429;13116.2857142857;7716.57142857143;3046.14285714286;52.4042848857143;173.008573258571;59.1814286371429;33.5585711342857;6.89069382955117;22.2922119600194;12.786029454669;8.80109861548551;7
451;2017;1;816;2017-01-07;2017-01-13;35249.2857142857;18420.4285714286;4055.42857142857;3216;54.85428674;242.970005581429;29.3642861514286;32.03571456;34577.4285714286;16871.2857142857;4029.42857142857;3189;53.8085714071429;222.535714285714;29.1742853428571;31.7657146442857;1.97898481678775;24.3505079287344;5.50620774959595;1.19739855274482;7
450;2017;1;817;2017-01-14;2017-01-20;44466.5714285714;10780;2860.42857142857;4099.71428571429;69.1957157685714;142.191428048571;20.7114285042857;40.8371434871429;42961.1428571429;10175.5714285714;2841.57142857143;4052.85714285714;66.8557156157143;134.22000231;20.5742860528571;40.3700005671429;5.45490871934271;21.9177080035872;0.591575546353166;3.93972524487872;7
449;2017;1;818;2017-01-21;2017-01-27;54374.4285714286;7118.42857142857;2732;5286;84.6157128471429;93.8928571428572;19.7814284728571;52.6528576457143;52745.5714285714;6603.28571428571;2714.71428571429;5213.28571428571;82.07999965;87.0985717771429;19.6557143085714;51.9285708828571;2.49220076351659;6.83501740791583;0.616815603340282;3.25997694259681;7
448;2017;1;819;2017-01-28;2017-02-03;55560;7549.28571428571;3986.14285714286;6181.28571428571;84.0157143714286;94.7742865428571;28.171428680000002;53.6614287257143;53574.4285714286;7096.14285714286;3964.42857142857;5468.28571428571;81.0128588;89.1428560528571;28.0171427042857;47.5657152457143;5.24853270269388;1.93986049515517;4.1592694832713;7.97094945685655;7
447;2017;2;820;2017-02-04;2017-02-10;53932.4285714286;7386;4378.57142857143;7030.71428571429;78.2585721714286;87.3242852342857;30.1557143085714;50.4885711671429;52252.2857142857;6907;4357.42857142857;5932.57142857143;75.8214285714286;81.6614292671429;30.0114288342857;42.6028573171429;2.15133558816145;7.40265626946375;1.65818565967093;4.41103853276804;7
446;2017;2;821;2017-02-11;2017-02-17;53285.2857142857;10701.4285714286;4457.42857142857;11691.4285714286;77.3185697285714;126.524285452857;30.6985716157143;83.9557146342857;51413;10296;4427.71428571429;10315.2857142857;74.6042861942857;121.729998998571;30.4957141885714;74.07428469;1.75268263593259;29.7616531048811;0.852933801450987;8.90093927479056;7
445;2017;2;822;2017-02-18;2017-02-24;44099;8890;5159.14285714286;13865.5714285714;63.9914289214286;105.10714177;35.5342862271429;99.5714296614286;41208.4285714286;8364.14285714286;5145;11820.7142857143;59.7957142428571;98.8899982985714;35.4371433242857;84.8842849728571;5.41149653514342;17.3023283548805;4.88423940563994;2.07099639725667;7
444;2017;2;823;2017-02-25;2017-03-03;42046.7142857143;6910.85714285714;6204.71428571429;13843.4285714286;61.8271429871429;88.2900009157143;42.9300003057143;92.2942853671428;37981.8571428571;6560.71428571429;6194.85714285714;11437.5714285714;55.8457151142857;83.75;42.8614283957143;76.3057141985714;3.66557377203741;11.4736348275284;2.97528358509481;8.88136181046931;7
443;2017;3;824;2017-03-04;2017-03-10;49555.4285714286;7526.42857142857;3910.71428571429;13700.2857142857;74.0371420714286;104.881429401429;27.2428572528571;81.7714287885714;42862.1428571429;7331.85714285714;3883.71428571429;10947.7142857143;64.0371442528571;102.171429227143;27.0557147428571;65.3414279414286;1.53061839486365;6.03992267883996;4.57761160707928;1.4688482098069;7
442;2017;3;825;2017-03-11;2017-03-17;46405.8571428571;7456.42857142857;3288;14147.5714285714;69.3314296185714;103.908571515714;22.9042854314286;84.4414291385714;39482;7174.71428571429;3264.85714285714;8515.85714285714;58.9871428357143;99.9814300528571;22.7442858557143;50.8285718642857;2.56198958235889;10.4803378379447;1.85031418672109;10.6237503919254;7
441;2017;3;826;2017-03-18;2017-03-24;44692.1428571429;4993.28571428571;3368.57142857143;15016.8571428571;66.7699988214286;69.5828563157143;23.4671423771429;89.6285694657143;39178;4904.14285714286;3342.42857142857;6630.57142857143;58.5328576228571;68.3400017871429;23.28428568;39.5742852357143;2.03597391035006;10.2735651745342;2.98719377206636;4.41654064696737;7
440;2017;3;827;2017-03-25;2017-03-31;42452.4285714286;3668.85714285714;2533.57142857143;13961.5714285714;63.4257147657143;51.12714168;17.6514284942857;83.3299996514286;38310.7142857143;3343.57142857143;2511.57142857143;6633.14285714286;57.23571396;46.5942862371429;17.4985711242857;39.5885715514286;0.523348982394737;5.45674440285918;0.383120037977954;7.92627603047552;7
439;2017;4;828;2017-04-01;2017-04-07;40282.8571428571;4246.57142857143;3072.71428571429;14322.4285714286;75.9385702971429;63.7228562471429;26.2142857142857;83.0600008314286;36190.8571428571;3978;3059.71428571429;5846.42857142857;68.2228567928571;59.6942863471429;26.10142844;33.9057140371429;1.51938300571548;22.9323119258243;1.57713265661216;5.314850371802;7
438;2017;4;829;2017-04-08;2017-04-14;40462.1428571429;5459.28571428571;3250.42857142857;14765.1428571429;76.2757143285714;81.9228570114286;27.7300000857143;85.6257149842857;35449.5714285714;5137.14285714286;3231;6767.42857142857;66.8257162914286;77.0900001542857;27.5657141571429;39.2442858585714;0.663999473535467;9.34847775402687;0.506650723026463;5.4475617824387;7
437;2017;4;830;2017-04-15;2017-04-21;38047.2857142857;3908.28571428571;2969.85714285714;12304.7142857143;71.7242856714286;58.6471432285714;25.3385715485714;71.3585717328571;34460.1428571429;3714;2946.42857142857;6029.42857142857;64.9642862614286;55.7328572957143;25.1342857885714;34.9657140471429;1.4956265288595;3.08210296974952;2.34187161697348;7.31744215546505;7
436;2017;4;831;2017-04-22;2017-04-28;37238.1428571429;7705.28571428571;2122.28571428571;10582.2857142857;70.1985713414286;115.624283928571;18.1057145242857;61.3714278071429;33875.2857142857;6939.28571428571;2093.71428571429;5992.85714285714;63.85999952;104.13142722142901;17.8614285342857;34.75428554;1.62611919552939;63.8044519321473;1.55428858467095;4.91905071115087;7
435;2017;4;832;2017-04-29;2017-05-05;37792;6223;1772;9599.42857142857;89.4757145471429;79.8542861928571;22.0314286071429;74.5785713185714;34021.5714285714;5747.71428571429;1746.14285714286;4846.71428571429;80.6528581885714;73.5128571642857;21.7185713885714;37.9157142657143;9.96354867336241;27.9665182489678;4.31600279674159;11.3909057230741;7
434;2017;5;833;2017-05-06;2017-05-12;33969.2857142857;4134;1646.42857142857;8259.71428571429;87.4214292257143;47.4442858;23.18142891;70.9571424214286;31787.7142857143;3905.57142857143;1621.85714285714;5744.85714285714;81.8099997385714;44.8228569028571;22.8357146128571;49.3500001085714;2.50602774877698;4.3102884321846;0.22515609341096;5.96198442018837;7
433;2017;5;834;2017-05-13;2017-05-19;31458.7142857143;7187.28571428571;1637.14285714286;7034.42857142857;80.9600001757143;82.4885711685714;23.0514292042857;60.4299997614286;29552.7142857143;6535.57142857143;1607.42857142857;5493.14285714286;76.0557131057143;75.0085705357143;22.6328571857143;47.1899991714286;3.28342214668335;48.2581776857983;0.172116026868862;1.59295310565054;7
432;2017;5;835;2017-05-20;2017-05-26;48831.4285714286;19197.8571428571;1695.85714285714;5847;125.672854834286;220.329997472857;23.8800002514286;50.2314289628571;42342;16716.5714285714;1550.85714285714;4866.71428571429;108.971430098571;191.852857317143;21.8385712742857;41.8085719514286;11.4661446126509;16.1248964539366;1.88997712502027;1.11415741278242;7
431;2017;5;836;2017-05-27;2017-06-02;42322.7142857143;46003.2857142857;1603.71428571429;4810.71428571429;114.905713762857;494.481423514286;26.2700001842857;51.44571468;37990.4285714286;22832.5714285714;1397;4238.28571428571;103.285714285714;244.704284667143;22.9785712085714;45.3485717771429;6.3982488305475;36.8656025847248;7.68531836823832;14.4556397955935;7
430;2017;6;837;2017-06-03;2017-06-09;37325.8571428571;51867.8571428571;1960.42857142857;4400.71428571429;117.018572125714;489.745710101429;41.7871420714286;71.5099999557143;29290.2857142857;21347.2857142857;1776.71428571429;3844;91.8271429885714;201.567139762857;37.8728572314286;62.4657140442857;8.0130537087578;55.5401871483955;0.969582878510122;2.3460165869015;7
429;2017;6;838;2017-06-10;2017-06-16;39491.4285714286;29015.8571428571;1643.57142857143;3796.85714285714;123.810000828571;273.972861152857;35.0328576228571;61.69714301;30413.4285714286;16789.8571428571;1462.42857142857;3338.28571428571;95.34857287;158.531427657143;31.1700000757143;54.24857167;4.91103967707675;39.6448579339055;3.81955054033871;4.31341818794807;7
428;2017;6;839;2017-06-17;2017-06-23;31654.4285714286;15587.8571428571;1288.42857142857;3315;99.2400000414286;147.18285588;27.4628568385714;53.8714294428571;28541.1428571429;10519.7142857143;1108;2911.57142857143;89.47857121;99.3285707757143;23.6171428128571;47.3128569471429;4.79035741082277;20.33878820672;1.25513255038222;1.78837729688002;7
427;2017;6;840;2017-06-24;2017-06-30;26387.8571428571;9033.14285714286;1177;3019.57142857143;82.7299989985714;85.2928564885714;25.0885715485714;49.0700002414286;24884.4285714286;8247.28571428571;992.571428571429;2643.42857142857;78.0157154642857;77.8728566857143;21.16000012;42.9542857571429;2.23711021487167;12.2214837235218;0.699237943407242;0.579334750181776;7
426;2017;7;841;2017-07-01;2017-07-07;23108.2857142857;5867.42857142857;1282.57142857143;2737.42857142857;91.5728574485714;52.6414282657143;33.1442852014286;71.8914282657143;22593.5714285714;5527.71428571429;1102.57142857143;2402.28571428571;89.5328576214286;49.5899996071429;28.49285698;63.08857182;2.23433577786954;4.11134692910994;0.841897251555417;1.67324588613116;7
425;2017;7;842;2017-07-08;2017-07-14;21046.5714285714;4586.28571428571;1321;2403.85714285714;83.4014293128571;41.1442860171429;34.1385716028571;63.1299994342857;20727.4285714286;4374;1134.71428571429;2212.14285714286;82.13999939;39.24142892;29.3228574485714;58.0928568142857;2.81082953135607;2.49809570488297;0.856654581547303;1.34984800311583;7
424;2017;7;843;2017-07-15;2017-07-21;19264.7142857143;3887.42857142857;1252.28571428571;2220.14285714286;76.3414295757143;34.8757144385714;32.3628567285714;58.3042858685714;18947;3723.28571428571;1071.57142857143;2066;75.0828574042857;33.4042857;27.69285665;54.2557133257143;1.88311402983245;1.93121667966215;1.36107455783158;3.03857293772307;7
423;2017;7;844;2017-07-22;2017-07-28;18114;3322;1240;2028.14285714286;71.7800009614286;29.8042861414286;32.0471433928571;53.2614288342857;17585.1428571429;3198.28571428571;1058.28571428571;1900.28571428571;69.6857147214286;28.6928571971429;27.3514287114286;49.9057143085714;1.60672302446819;1.47571127731537;1.7687985419435;1.44047229159701;7
422;2017;7;845;2017-07-29;2017-08-04;16876.8571428571;3239.42857142857;1235.14285714286;1869.14285714286;76.2342856271429;30.5971426271429;34.5699996942857;61.1685720171428;16436.5714285714;3164.57142857143;1060;1751;74.2042857585714;29.8885710571429;29.6700000757143;57.2971431185714;7.08785065208439;5.29356634660822;2.07107849797321;10.4157462451779;7
421;2017;8;846;2017-08-05;2017-08-11;15954.2857142857;3620.28571428571;1205;1737.42857142857;78.9085693357143;35.3057141985714;35.7100001742857;65.3328574042857;15497.8571428571;3535.14285714286;1023.85714285714;1662.42857142857;76.6499993471429;34.4742853971429;30.3414293014286;62.5114282857143;1.86416972893194;4.73346514833841;1.75047126806328;1.20431666497375;7
420;2017;8;847;2017-08-12;2017-08-18;16147.8571428571;5507.85714285714;1180.28571428571;1556.14285714286;79.8671428128572;53.7128573828571;34.9771423328571;58.5157138271429;15708.8571428571;5253;1000;1508.28571428571;77.6942847114286;51.2285723;29.6357143914286;56.7171434685714;2.33607121599407;11.5081177420804;1.9953854167604;1.77502789793174;7
419;2017;8;848;2017-08-19;2017-08-25;19401.7142857143;7797.57142857143;1240.71428571429;1390.85714285714;95.9571435128571;76.0414297928571;36.7685710357143;52.3014286571429;19069.4285714286;7651.71428571429;1058.42857142857;1362.28571428571;94.3128574928571;74.6199994771429;31.3657142085714;51.2257145485714;6.6860967648345;17.5586143418116;0.248385055624382;2.07654277486847;7
418;2017;8;849;2017-08-26;2017-09-01;17739.5714285714;4826;1166.85714285714;1305.42857142857;88.1799992128572;46.3214291185714;35.1528571014286;51.3357146128571;17243.7142857143;4641.28571428571;990.714285714286;1279.42857142857;85.71571568;44.5799993771429;29.85142817;50.3057141985714;7.48408034887029;9.88327827852347;1.34545387132129;5.70176465066086;7
417;2017;9;850;2017-09-02;2017-09-08;14262.1428571429;3033.42857142857;1078.85714285714;1244;73.3228563585714;25.4200003485714;35.7685715828571;61.8285718642857;13856;2857.85714285714;918.285714285714;1232;71.2342867171429;23.9485713428571;30.4442855285714;61.2314289642857;4.07847452906185;2.39959317521994;1.58986246279985;1.0286958102571;7
416;2017;9;851;2017-09-09;2017-09-15;12780.2857142857;2496.57142857143;1061;1181.42857142857;65.7057135457143;20.9214289542857;35.1771430957143;58.7185718014286;12275.5714285714;2334.85714285714;899.142857142857;1177.71428571429;63.1100000657143;19.5628572185714;29.8085714057143;58.5328581685714;2.17749169279737;1.01752489587191;0.838360494420685;1.21171651310046;7
415;2017;9;852;2017-09-16;2017-09-22;12261.7142857143;3221.71428571429;948.857142857143;1201.14285714286;63.0400003685714;26.9971430642857;31.4571429657143;59.6957146785714;11663;2723.85714285714;802.714285714286;1176.57142857143;59.9614285071429;22.8242860514286;26.6128567285714;58.47714288;0.964199882888635;4.94838652041158;1.7924998872486;0.770080813427248;7
414;2017;9;853;2017-09-23;2017-09-29;11608.4285714286;2059.42857142857;997.714285714286;1137.71428571429;59.6814286342857;17.2585713528571;33.0799999228571;56.5428570328571;11070.2857142857;1815.14285714286;858.142857142857;1122.71428571429;56.9142859328571;15.21285711;28.4499996728571;55.7985719957143;0.524876610304271;1.10385229631339;3.85410122690539;1.62042618339706;7
413;2017;9;854;2017-09-30;2017-10-06;14396.8571428571;3919.14285714286;937.714285714286;1059.42857142857;63.2557144157143;29.3557139814286;28.8771427714286;51.4957133685714;13863.1428571429;3682.42857142857;806.857142857143;1054;60.89999989;27.5628569457143;24.8485715057143;51.2299989957143;6.70412509046498;3.05720280881695;1.7432389841151;4.03572355266901;7
412;2017;10;855;2017-10-07;2017-10-13;16852.2857142857;11002.2857142857;838.857142857143;1001.71428571429;72.3628561828571;81.2285701214286;25.4842856271429;48.4842850814286;16172.4285714286;9910.14285714286;709.571428571429;996.571428571429;69.4442858014286;73.16571481;21.5585714071429;48.2357139585714;1.30812692837007;31.0918197783453;2.31453684175543;0.763301055978565;7
411;2017;10;856;2017-10-14;2017-10-20;14133;12473.4285714286;866.285714285714;989.142857142857;60.6857152657143;92.0885701857143;26.3185713628571;47.8771427714286;13417.7142857143;11566.5714285714;739.285714285714;980.857142857143;57.6157133928571;85.39428602;22.4585712971429;47.4757145485714;4.71703601645522;24.1626441040802;1.31256001409835;1.40646014984146;7
410;2017;10;857;2017-10-21;2017-10-27;13923.2857142857;12759.1428571429;824.571428571429;1060.71428571429;59.7842859528571;94.1985713414286;25.0514283842857;51.3428568157143;13310.7142857143;12111.4285714286;692.571428571429;1060.28571428571;57.1557143085714;89.4157148071429;21.0414287014286;51.3228569028571;4.01068160163879;12.7395755323472;0.966926851963455;2.32583820796379;7
409;2017;10;858;2017-10-28;2017-11-03;26369.4285714286;15107.8571428571;807;1270.85714285714;99.08857182;131.964283537143;20.4514286857143;51.83285795;25771.7142857143;14298;668.714285714286;1267.42857142857;96.7685721271429;125.007144382857;16.9642857142857;51.7000002185714;15.6468201821036;32.3231031679206;4.5269150972668;8.88094139468337;7
408;2017;11;859;2017-11-04;2017-11-10;31601;14969.1428571429;813.285714285714;1535.57142857143;102.81714303;157.515714372857;15.1128571371429;48.5400003714286;31173;13937;677;1533.42857142857;101.425713674286;146.657144818571;12.5814285271429;48.47428567;3.0352102012474;26.76694015662;1.91396140284891;3.89772454841351;7
407;2017;11;860;2017-11-11;2017-11-17;29149.5714285714;9995.28571428571;1244.42857142857;1911.14285714286;94.8457151142857;105.178572517143;23.1242861057143;60.4142859314286;28975.8571428571;9427.57142857143;1122.85714285714;1887.85714285714;94.2771421142857;99.2042868485714;20.8657144828571;59.6771430985714;3.89381829797485;16.3503609059593;2.83617636612514;2.6453836366837;7
406;2017;11;861;2017-11-18;2017-11-24;29484.1428571429;11863.1428571429;2040.14285714286;2076.71428571429;95.9314270028571;124.832860674286;37.9157131742857;65.6499998914286;28944.7142857143;11249.5714285714;1923.28571428571;2046.42857142857;94.1771425528571;118.375713892857;35.7414281014286;64.6914285914286;8.21890656822041;5.47127038918472;3.8028736931144;1.80851114968035;7
405;2017;11;862;2017-11-25;2017-12-01;37198.1428571429;9316.85714285714;2941.14285714286;2137.28571428571;114.654284884286;100.862857274286;50.5028572085714;63.06714303;36435.2857142857;9007.14285714286;2816.14285714286;2103;112.324286325714;97.5600008285714;48.3371429442857;62.02714157;13.8830394709441;9.36808347394524;10.0292553641969;11.5834352593338;7
404;2017;12;863;2017-12-02;2017-12-08;45962.8571428571;6156;3513;2184.42857142857;97.98285784;81.2042846671429;35.1828564228571;36.9042854328571;44281.2857142857;5990.42857142857;3393.71428571429;2159.28571428571;94.3971437728571;79.0228576671429;33.9899997714286;36.4799989985714;3.9926462132144;5.92139305239048;3.15172927170697;1.85134164922837;7
403;2017;12;864;2017-12-09;2017-12-15;46627.7142857143;4543.14285714286;4917.71428571429;3059.28571428571;99.4014293128571;59.9300003042857;49.2500005457143;51.6871425085714;45756.4285714286;4414.57142857143;4794;3040.14285714286;97.5442875471429;58.2357145014286;48.01285771;51.3614289414286;2.49807137239305;8.01563373945898;4.33448878092255;8.55171920864751;7
402;2017;12;865;2017-12-16;2017-12-22;41191.5714285714;4240.42857142857;6448.85714285714;5722.14285714286;87.8114286157143;55.9371419642857;64.5871429442857;96.6771414628571;40790.5714285714;4120.28571428571;6347.85714285714;5715.71428571429;86.9585702057143;54.3514278957143;63.5728569028571;96.5671419414286;4.34674787217737;9.45083566661544;4.8509129000213;15.6372022097579;7
401;2017;12;866;2017-12-23;2017-12-29;43551.5714285714;8989.14285714286;8026.71428571429;6597;92.8428584528571;118.581427437143;80.3885705128571;111.460000174286;42869.8571428571;8680.42857142857;7909;6369.85714285714;91.3899993885714;114.507142202857;79.2085712971429;107.620000567143;8.42635722309497;22.2577170827305;6.40204538165589;7.05621121974594;7
400;2017;12;867;2017-12-30;2018-01-05;56435.0100446429;13515.7060546886;8204.05085100571;5854.72321428571;96.0237426785714;181.624542235714;66.9725434442857;69.3438148485714;52299.9313616071;12014.6506696429;8085.34863281286;5595.92759486572;88.9212003442857;161.506256104286;66.00684302;66.2414708814286;9.36414015299419;13.6791688053235;16.3949381110476;19.8359727351151;7
399;2018;1;868;2018-01-06;2018-01-12;67878.1540178571;8810.75481306;4752.73196847286;6040.25551060429;105.351914541429;119.275784082857;34.7925714757143;59.1499857228571;64747.2845982143;8190.54352678571;4589.97851562571;5913.73430524714;100.49255698;110.87965829;33.6011284428571;57.9109856742857;4.70151700556512;9.76862882419986;4.65625464241234;2.02330152430188;7
398;2018;1;869;2018-01-13;2018-01-19;67902.7209821429;13462.1416015643;4199.97900390857;6839.77260044714;105.390057157143;182.244018555714;30.74610029;66.9793722971429;59280.2198660714;12430.2675781271;4080.84884207571;6500.35944475429;92.0072566442857;168.274987355714;29.8740139;63.6556145785714;2.29323075039545;32.6287626477896;2.92301923993188;1.79337865567206;7
397;2018;1;870;2018-01-20;2018-01-26;60827.06640625;17854.7244698671;5595.94601004429;6423.96958705286;94.4080995842857;241.708655221429;40.9653293057143;62.9075568057143;50513.1696428571;16109.9994419657;5472.02441406286;6223.64376395286;78.4001726414286;218.089427404286;40.05817141;60.9458280271429;1.9820814163381;16.1884525075579;2.21040583016207;1.39207170259513;7
396;2018;1;871;2018-01-27;2018-02-02;53343.0608258929;15305.0058593786;4979.0242048;7570.35525948857;81.2049713128571;202.567740302857;35.9992850171429;67.8542142585714;48386.9135044643;14214.2730189743;4853.67368861572;7352.63818359714;73.6108409357143;188.071555001429;35.0942859657143;65.8497014714286;2.14099828372875;29.3254800404278;4.62937413908679;6.98615048717798;7
395;2018;2;872;2018-02-03;2018-02-09;61350.76953125;8921.07198660714;4232.68153599571;10727.1749441986;88.87061419;109.44631413;29.4505002171429;76.3975432271429;54824.0970982143;8508.05217633857;3999.28738839429;9884.92898995572;79.41632952;104.37927246;27.8265713285714;70.3991857257143;2.50859920310056;13.3333173181783;2.1163532713558;8.37109038433757;7
394;2018;2;873;2018-02-10;2018-02-16;56924.5290178571;7077.17006138428;5463.52699497714;17188.8593750029;82.45892879;86.8247996742857;38.0145857671429;122.416799272857;50752.0574776786;6803.07589285857;5310.16148158714;13137.3571428571;73.5176871157143;83.4621429442857;36.9474852414286;93.5625272457143;2.22337323285269;6.65985916763838;2.80135906181571;7.29495205640156;7
393;2018;2;874;2018-02-17;2018-02-23;54377.14453125;5531.27336774714;8734.95207868429;17843.3616071471;78.7688555028571;67.8592856242857;60.7767726342857;127.078084674286;48176.234375;5411.06033761143;8629.41469029286;7198.72342355;69.7864412571429;66.3844577228571;60.0424722942857;51.2683715828571;2.15135165234996;2.78059781152093;11.3484419018234;8.86965339296651;7
392;2018;2;875;2018-02-24;2018-03-02;59029.3984375;4297.33450753286;9665.48297991286;26987.0792410729;86.2022443514286;55.4959711357143;67.4238864357143;113.535684858571;51724.0329241071;4195.08328683286;9559.12820870572;16744.0467354929;75.5394003742857;54.1976857871429;66.6823136471429;70.4526427142857;3.08931315804191;6.49203864671699;8.4830408089504;6.09706710098842;7
391;2018;3;876;2018-03-03;2018-03-09;60505.7282366071;4892.53606305857;6635.25425502286;24278.0680803586;90.0787429828572;70.7725715628572;46.6482996271429;90.8795580185714;53607.1774553571;4822.80273437714;6560.26722935429;14889.2882254457;79.8084160942857;69.7638413557143;46.1211286257143;55.7347428471429;0.945541127241481;5.51904755664916;4.55305612553392;2.87053739321798;7
390;2018;3;877;2018-03-10;2018-03-16;62527.4603794643;4390.19569615;8273.55838448857;23377.2455357157;93.0886132385714;63.5060010642857;58.16619982;87.5075422014286;55758.2014508929;4299.46023995571;8176.23221261428;13888.51688058;83.0107999542857;62.1934710928571;57.4819717414286;51.9885853371429;1.73017230520887;10.6706824045262;4.21549171796412;3.1288016813361;7
389;2018;3;878;2018-03-17;2018-03-23;57573.17578125;6054.29520089429;7894.20758928714;24449.6724330371;85.71284267;87.5779004785714;55.4992425085714;91.5219159814286;50772.9045758929;5959.28264509;7705.27825056;13984.8803013386;75.5888562885714;86.2034988385714;54.1710003442857;52.3492998385714;1.23039035581857;6.23445808381742;2.62810042596083;1.53135032400149;7
388;2018;3;879;2018-03-24;2018-03-30;57623.4162946429;10467.7794363857;8891.56382533571;26842.6621093771;85.7876434314286;151.420801435714;62.5110146642857;100.479556492857;49548.9458705357;10130.7765066971;8629.12883649571;12678.4066685286;73.7666713157143;146.54590171;60.6660003657143;47.4587996371429;2.0123129076162;25.7338923345968;3.13086936940496;3.54003309910136;7
387;2018;3;880;2018-03-31;2018-04-06;57635.2025669643;11102.6223493314;7905.85588727857;26621.6635044643;103.320228577143;170.725099835714;66.0831860128571;98.7678843914286;47880.8666294643;10674.75027902;7757.89780971;13558.9986049114;85.90398625;164.139212472857;64.8681716928571;50.3013572685714;7.69497880577004;21.2161997342621;5.134687428038;3.05972471183578;7
386;2018;4;881;2018-04-07;2018-04-13;54026.2170758929;6502.76136997714;6378.37151227714;29212.8482142886;99.8356563014286;101.123271394286;54.9658437442857;108.216213771429;45347.7142857143;6401.72502790571;6122.78369140714;15762.5721261186;83.7985698157143;99.5520858771429;52.7633285528571;58.3909568785714;3.69472598814961;15.2693558142534;5.01966059562025;2.56856705513439;7
385;2018;4;882;2018-04-14;2018-04-20;47699.2421875;4783.33544922143;4673.95982143143;29389.8484933071;88.1439721228571;74.3847999585714;40.2780140485714;108.871901375714;40531.0072544643;4684.77186802571;4478.25558035857;15616.1476004471;74.89769854;72.8520709457143;38.59154238;57.8485428942857;1.49607488596421;8.20963688365541;2.8230402675818;2.87481380255068;7
384;2018;4;883;2018-04-21;2018-04-27;41267.5279017857;3437.51457868429;4386.71519252286;23999.8836495557;76.2587291171428;53.4561854771429;37.8026858728571;88.9053148542857;35185.1171875;3341.6398577;4266.18376813714;15127.24135045;65.0189857471429;51.9652426571429;36.76399994;56.0374434342857;2.31290923181074;4.32848200099828;1.14547314256443;5.59884315499219;7
383;2018;4;884;2018-04-28;2018-05-04;35570.4988839286;2624.27204241143;3626.12384905286;18998.3275669657;79.1672286985714;35.5668572;42.0515572671429;82.6358141214286;30697.5873325929;2524.17400251;3523.25899832714;12628.5937500014;68.58038548;34.1921430314286;40.8855002257143;55.5161574242857;10.5130629129427;6.01720492934693;7.50597902364964;9.48267627983284;7
382;2018;5;885;2018-05-05;2018-05-11;31789.6163504486;2478.14142717571;2819.20915876143;16490.2004743329;80.4198848185714;29.6305430271429;40.1537426528571;80.7594855171428;28952.4888392886;2373.68955775714;2725.97910853857;12627.09235491;73.2426714214286;28.3816141414286;38.8258716028571;61.84021432;1.56870228796133;1.28572012203789;1.6848808046361;5.77532028373321;7
381;2018;5;886;2018-05-12;2018-05-18;30356.9986049129;2629.09399414143;2448.72471400857;15296.1875000014;76.7956989828571;31.4354147242857;34.87695694;74.9118990228571;27906.1250000029;2528.52758789143;2353.55681501143;12167.5057198671;70.5956006742857;30.2329998014286;33.5214996328571;59.5894290385714;1.04106464746924;5.52670317130738;1.17455755614755;4.46218295105631;7
380;2018;5;887;2018-05-19;2018-05-25;30291.6875000014;4625.30433872857;2068.62580217571;12478.1315569214;76.6304855357143;55.3036286485714;29.4632573814286;61.11068562;28167.8007812529;4395.70043945286;1987.13643973286;10541.9474051343;71.2575716271429;52.5583278114286;28.3026142114286;51.6283852728571;0.798132340312993;10.2880825033404;1.39372500901315;6.44851206953887;7
379;2018;5;888;2018-05-26;2018-06-01;28427.3783482157;2578.50645228857;1872.20955985143;9871.39160156429;74.1147439142857;30.0532425457143;28.5713710785714;54.04161453;25069.5454799129;2399.17630441;1774.20399693;7753.46184430857;65.4883302971429;28.0023855471429;27.09019988;42.5476858971429;6.26855161275962;3.68079634917698;4.64920342235395;10.9628408279914;7
378;2018;6;889;2018-06-02;2018-06-08;26552.7332589314;2715.92072405143;1820.86214773857;7957.21275111714;82.2166562742857;26.6908572042857;39.2487569514286;74.2692718514286;25422.54324777;2549.67857142857;1727.66442871143;6608.67271205429;78.7171848842857;25.0571144657143;37.2398856028572;61.6825430714286;1.61812819350951;1.46817220351085;0.519875878448297;0.78023676449239;7
377;2018;6;890;2018-06-09;2018-06-15;25862.4793526814;6125.30437360571;1802.20772879286;6365.36690848286;80.0794001971429;60.1968146757143;38.8466573428571;59.4116428942857;24640.92103795;5781.88044085;1729.13699776857;5555.40004185286;76.2970155971429;56.8217857885714;37.27161353;51.8517706757143;1.97923310263451;29.4113794880757;1.29371773215125;2.49546294877903;7
376;2018;6;891;2018-06-16;2018-06-22;24301.1261160743;4521.26070731;1686.08801269429;5593.41364397286;75.2448861271429;44.4329861242857;36.3436998642857;52.2065860214286;23665.59933036;4444.33949497714;1598.23498535143;4915.81026785857;73.2770560157143;43.6770139414286;34.4500143871429;45.8820849828571;2.3577304854195;8.86454036574155;0.240985966685338;2.9620186273401;7
375;2018;6;892;2018-06-23;2018-06-29;21850.54073661;6105.75924246857;1606.29642159714;4745.57714844;67.65699986;60.0047280442857;34.6237858357143;44.29321398;21307.6037946443;5749.92184012429;1507.36572265571;4104.90185547;65.9758714957143;56.50772912;32.4913147514286;38.3134144371429;2.26786785482932;19.0980508909946;0.572332461409963;1.10609791943025;7
374;2018;6;893;2018-06-30;2018-07-06;20310.9701450914;10006.51981027;1531.86755371143;4195.94778878429;77.3203435628571;93.9556721285714;39.0009133485714;73.2645013;19892.7329799129;9537.86104911;1440.84913853143;3573.52082170857;75.7516147057143;89.5587703157143;36.7062718542857;62.2888712185714;6.25374735551108;8.26160454642955;2.55208942889905;11.7100393953004;7
373;2018;7;894;2018-07-07;2018-07-13;18794.3950892886;6337.96595982143;1520.09558105286;3665.98245675429;73.8121283371429;59.0285137728571;39.7160862514286;69.3410851628571;18282.2890625014;6187.06522042286;1428.57458496;3076.85058593857;71.80088697;57.62311336;37.3248710628571;58.19779968;2.19635521129824;13.4137767739533;0.244125422675669;2.77427799490379;7
372;2018;7;895;2018-07-14;2018-07-20;17319.1930803586;4868.39658900857;1488.95286342143;3547.31389508857;68.0184860214286;45.3417145857143;38.9023568285714;67.0964851385714;16926.7695312529;4624.97907366;1399.94839913571;3110.54757254429;66.47731236;43.0746568971429;36.5769571571429;58.8351576671429;1.57737190862832;6.1348166049566;0.358060677545664;2.4807665499438;7
371;2018;7;896;2018-07-21;2018-07-27;16038.98981585;5552.73123605;1457.73597935143;3118.33510044857;62.9907003142857;51.7152568257143;38.0867859957143;58.9824709214286;15671.6803850471;5021.61701311571;1366.18399483857;2774.42790876143;61.5481431157143;46.7687426971429;35.6947713585714;52.4775565014286;1.41981132948386;13.7051891374365;0.961103976141073;1.01128235110824;7
370;2018;7;897;2018-07-28;2018-08-03;15757.3636997786;4702.08122907429;1405.10930524571;2765.50115094857;68.5089291171429;45.0942143028571;39.0062419357143;66.6626150942857;15386.5644531271;4418.16660853714;1311.22701590429;2406.44328962;66.8550567614286;42.4196292342857;36.4238706314286;58.09768513;7.94310962375845;7.41249156544782;2.94082589515022;16.0548301082606;7
369;2018;8;898;2018-08-04;2018-08-10;18039.84012277;3671.80667550286;1334.01829310857;2380.86244419571;88.46408626;37.1603001157143;39.9628137857143;73.85748509;17666.6099330371;3544.22530692;1242.27383858857;2193.21229771143;86.6338293885714;35.8691286342857;37.2144421157143;68.0363431657143;3.03028487994386;3.54439233145765;1.33074503356767;2.37986970541292;7
368;2018;8;899;2018-08-11;2018-08-17;17963.50948661;3383.00673130857;1288.49586704714;2256.77943638429;88.0897848942857;34.23752921;38.5991145542857;70.0082713528571;17672.2511160743;3298.59458705429;1197.16601562571;2116.57144601;86.6614728657143;33.3832288471429;35.8631575442857;65.6588281885714;3.93031550237434;4.67891799272315;0.622442848009449;2.39986981012707;7
367;2018;8;900;2018-08-18;2018-08-24;16135.1269531271;5015.07369559143;1308.75870187143;2112.96400669571;79.1237149928571;50.7547566528571;39.2061010085714;65.5469425757143;15858.2919921886;4713.11436244428;1216.52715192429;2029.53730119857;77.76614271;47.6987994057143;36.4431571942857;62.95892879;1.93286307062822;20.6824226406274;0.247385162409561;0.982593287819384;7
366;2018;8;901;2018-08-25;2018-08-31;15729.8763950914;7179.42271205429;1376.84455217714;2158.85797991;77.1364430028571;72.6589279171429;41.2457569671429;66.97062901;15395.23060826;6901.47014509;1284.13357979857;2081.61167689714;75.4953994742857;69.8459140228571;38.4684279314286;64.5743277414286;1.12811619448384;10.371226815;2.97845352732462;2.82686349566047;7
365;2018;9;902;2018-09-01;2018-09-07;15056.7882254471;21661.6305803586;1328.60644531286;2117.38827078714;76.91884395;187.275373184286;44.51274327;92.2131718228571;14817.9680524571;17743.0941685271;1231.37057059143;2053.99895368429;75.6988296514286;153.397726877143;41.2550141471429;89.4525429857143;2.81565052585784;40.9402712973219;0.932077975217934;2.71092676791253;7
364;2018;9;903;2018-09-08;2018-09-14;13566.3317522329;9673.98849051429;1319.58801269571;1623.89915248143;69.3047572557143;83.63635799;44.2106001728571;70.7215140214286;13297.9359654014;8677.43254743286;1227.70516531857;1576.13384138;67.9336155485714;75.0206718457143;41.1322146814286;68.6412996557143;1.39019436055072;14.6668357051104;1.94984157785514;6.58137633835797;7
363;2018;9;904;2018-09-15;2018-09-21;15883.5994698686;8877.77071707571;1267.16615513429;1392.23099190714;81.1427143628571;76.7526713785714;42.4542852128571;60.6322719014286;15489.3969029043;8068.46177455429;1177.58829171286;1378.99340820286;79.1288713714286;69.75578635;39.4531429857143;60.0557425385714;7.67387830014878;2.96600959510315;1.24371746462252;0.654909011297664;7
362;2018;9;905;2018-09-22;2018-09-28;19407.00167411;7195.46937779;1200.80142647857;1306.46315220571;99.1423132771428;62.2083718442857;40.2308420457143;56.89705767;19005.0937500014;6707.90066964143;1108.08501325429;1289.21800014;97.0891145985714;57.9930861328571;37.1245574957143;56.1460004528571;1.85586851960444;3.57368935636374;1.31540023215045;2.16474764677987;7
361;2018;9;906;2018-09-29;2018-10-05;18209.7553013414;10271.85902623;1180.31827218143;1219.54485212;81.9440002442857;80.0379001085714;37.1838427942857;51.3223713457143;17801.2142857157;8299.60191127429;1086.40427943571;1207.30998883857;80.1380429942857;64.9345861171429;34.1845141814286;50.8052150157143;8.51898869020665;18.3506971943868;1.16860445901328;1.06577234311782;7
360;2018;10;907;2018-10-06;2018-10-12;21206.1250000029;12159.5364118314;1191.11969866;1291.48128836429;90.1868994571429;92.6150992271429;36.5618716657143;53.60201427;20875.30915179;11636.7897600471;1122.30541992286;1281.34528459857;88.7799846114286;88.6335296642857;34.4495996757143;53.1813147414286;11.4843575310856;2.64522153298666;1.48247205764093;1.95996570954678;7
359;2018;10;908;2018-10-13;2018-10-19;26371.9174107157;20206.6732700914;1503.23503766714;1350.75859723571;112.156356811429;153.907472881429;46.1423574185714;56.0622716614286;25925.3867187529;17849.1425781286;1419.55501883571;1350.01302664429;110.257329668571;135.950942992857;43.5737718857143;56.0313290171429;2.90841245901932;19.7146515472517;5.76507012556804;2.47982452424725;7
358;2018;10;909;2018-10-20;2018-10-26;29270.8964843771;17112.8977399571;1658.55486188571;1741.66442871;124.485328672857;130.343213762857;50.90995734;72.28654371;28943.3233816971;16365.5580357171;1573.93101283571;1741.64428710857;123.09222739;124.65097046;48.3124286114286;72.2857153757143;2.23590638061151;20.7449003324098;5.29060058513654;5.67873879377407;7
357;2018;10;910;2018-10-27;2018-11-02;32273.4907924114;17154.7529296914;1540.22068568571;1808.59899902286;127.360384261429;150.045172554286;41.5393431528571;66.1268713828571;31417.7092633943;15720.3286830371;1469.80186244429;1808.59899902286;124.19152941;136.249415805714;39.6841286271429;66.1268713828571;17.8800665661642;39.0225700075758;7.12805181599949;13.7212898017875;7
356;2018;11;911;2018-11-03;2018-11-09;31123.9419642886;16044.01702009;2069.38288225286;2020.08386230571;99.57911573;174.560144697143;38.7311717428571;49.9388858257143;30376.47293527;14759.2797154029;2003.92415945857;2020.08386230571;97.1876297;160.582101004286;37.5060424814286;49.9388858257143;3.6357662872069;36.0588881556866;2.87538081346512;0.898697718315372;7
355;2018;11;912;2018-11-10;2018-11-16;38038.6183035714;7874.37841796857;2909.37646484571;2408.85543387286;121.702199662857;85.6738575528571;54.4527576971429;59.5497425628571;37440.3694196429;7736.49365234429;2837.17923409429;2396.21184430857;119.788097927143;84.1736428385714;53.1014567785714;59.2371711728571;4.5702265535813;12.0017269156495;5.114253401956;6.36535653544174;7
354;2018;11;913;2018-11-17;2018-11-23;40826.7020089286;7170.76311384;4221.66252790143;3903.5831822;130.62246813;78.0184565957143;79.0138724185714;96.5011989057143;39263.0301339286;6853.26946149714;4147.70410156429;3885.16451590571;125.619615825714;74.5640994485714;77.6296572;96.04587228;12.7478945022766;8.23407568198882;9.34199055793268;9.49596649298167;7
353;2018;11;914;2018-11-24;2018-11-30;53161.9458705357;7522.31863839428;6579.71805245429;5253.47746930857;170.088317871429;81.8434284757143;123.147927421429;129.872183662857;51581.3214285714;5981.10142299143;6510.64320591429;5234.17731584857;165.031217302857;65.0748438142857;121.855099268571;129.395070758571;13.1735331125632;14.4840232831609;11.6918175178569;17.68301827723;7
352;2018;12;915;2018-12-01;2018-12-07;56608.8883928571;6950.67389788143;8728.04582868571;8665.48025948857;118.896670751429;95.2304295128572;87.8768572114286;103.903714861429;54726.9464285714;6563.13085937571;8694.56731305857;8515.44642857143;114.944001332857;89.9207556614286;87.5397709414286;102.10471344;3.90181659701776;17.6310211114685;11.1753888932266;14.3645253777161;7
351;2018;12;916;2018-12-08;2018-12-14;50200.0753348214;3826.26946149714;8881.32282366286;11286.3736049129;105.436127797143;52.4233000628571;89.4200995314286;135.329586571429;47489.04296875;3722.03470284571;8828.75864955571;11111.59123884;99.7420850485714;50.99521419;88.8908418928571;133.233883448571;7.75910579370039;6.69094013501243;4.0479603926332;4.21277525639571;7
350;2018;12;917;2018-12-15;2018-12-21;38134.2578125;4878.75798688857;8983.87304687714;10408.8233816971;80.0940562642857;66.8433434614286;90.45261492;124.80731528;37333.7360491071;4751.90802874;8945.79645647429;10020.3448660743;78.4127142785714;65.1053859171429;90.0692280357143;120.149213517143;4.52204151640488;20.1804385500626;4.08103945752957;8.48961490740069;7
349;2018;12;918;2018-12-22;2018-12-28;37311.6646205357;7481.14627511143;9134.17850167429;8432.87876674143;78.3663417285714;102.498385838571;91.9659293042857;101.114670888571;34883.5680803571;6808.76150948857;9118.12395368429;8233.60498046857;73.2665710442857;93.2861001142857;91.8042864128571;98.72528621;2.42285782846951;10.0850104887157;7.06379114526761;4.5149969440788;7
348;2018;12;919;2018-12-29;2019-01-04;45707.1768973214;5156.55294364;5805.75571986428;8408.44587053857;80.78074319;70.2179712585714;50.4039279385714;72.8341849185714;43083.3671875;5021.70689174286;5792.32693917429;8204.79052734429;76.1695709242857;68.3832996928572;50.2753704628571;70.9408291414286;11.0127085747736;10.5417981306208;16.4830865480455;21.005448349891;7
347;2019;1;920;2019-01-05;2019-01-11;46942.40625;5704.30782645143;4377.56124442;10902.31654576;71.9079295571429;77.2221728728571;32.0461145142857;69.4656415671429;45549.1467633929;5571.83300781143;4363.47628348429;10723.26702009;69.7736718285714;75.4287850514286;31.9430136;68.3247855057143;1.94874535259279;10.2820550870284;1.70915265033016;3.61005840034695;7
346;2019;1;921;2019-01-12;2019-01-18;41522.359375;8963.23681640857;6547.08140346;12715.2367466529;63.6053292414286;121.339987615714;47.9281997671429;81.01689911;37775.8035714286;8260.66036551571;6527.95849609429;12162.0684988857;57.86622783;111.828856332857;47.78818512;77.4922855914286;3.97038712489219;16.8551231384439;6.18831818229945;2.26391874117019;7
345;2019;1;922;2019-01-19;2019-01-25;37864.9308035714;10018.0230189743;6111.35651506714;13319.04966518;58.0027574814286;135.619155881429;44.7384436485714;84.864170618571407;31746.2279575914;9453.39257812714;6091.63441685429;12791.6962890657;48.6299569271429;127.975471495714;44.5940715242857;81.5040577457143;1.10499389381245;12.1262415970046;7.89397222715605;1.1369776279734;7
344;2019;1;923;2019-01-26;2019-02-01;36960.55859375;5717.79185267857;3303.33258928571;14005.53836496;56.0790999257143;76.5870862671429;24.0429859157143;85.2342992514286;31865.3638392886;5498.14257812571;3284.61687360571;13412.6683872771;48.3312715785714;73.65681512;23.9066856928571;81.52377047;1.8597861361382;17.0339518754327;4.12627214050088;9.15839541969777;7
343;2019;2;924;2019-02-02;2019-02-08;37245.4017857143;5103.60532924143;3087.68575613714;14018.7572544657;53.1866286142857;62.6125292114286;21.4837714585714;61.53642927;32689.4375000014;4885.95500837;3076.93202427571;13788.0482700886;46.6807141985714;59.9423152385714;21.40894263;60.5237143371429;1.96402546612472;5.27312371013838;2.61694124642957;1.62013829710922;7
342;2019;2;925;2019-02-09;2019-02-15;42354.2572544643;4522.79774693143;2950.54743303714;15213.0235770086;60.4821286885714;55.4870000557143;20.5295568214286;66.7787562785714;37072.171875;4315.47855050429;2925.94384765857;14789.5901227686;52.9392427714286;52.9435571957143;20.3584000728571;64.9200733728571;2.09825457889675;9.70693697451051;1.03274894529951;0.26986897903858;7
341;2019;2;926;2019-02-16;2019-02-22;50660.4614955357;8834.96233259;4088.90373883857;14574.7099609414;72.3434143057143;108.389900207143;28.4501002171429;63.9768289842857;45494.7996651786;8571.09326172;4069.03864397286;14202.5319475443;64.9668001428571;105.152672904286;28.3119000028571;62.3431429171429;5.31957979863439;6.84611892467896;3.14920770866197;0.964521909230502;7
340;2019;2;927;2019-02-23;2019-03-01;57116.1958705357;8563.30545479714;4802.47286551429;16381.82728795;81.8912996557143;105.181042261429;33.4675576357143;70.2285570414286;50951.9866071429;8237.48960658714;4778.31780134143;15624.5976562514;73.0502864285714;101.189213342857;33.29947172;66.9784731185714;2.61889283356157;14.2526821227102;2.33435512922623;4.08428715085123;7
339;2019;3;928;2019-03-02;2019-03-08;67706.9051339286;7307.81919643;5592.20668247857;20458.0998883957;99.26715633;103.024542672857;39.31531361;76.5803702214286;59265.3431919643;7022.64341518143;5574.10463169714;19299.24107143;86.8907438014286;99.0041689171428;39.1880286071429;72.2424577985714;4.8508193309619;18.9884053702572;2.24222152668471;3.12891034514166;7
338;2019;3;929;2019-03-09;2019-03-15;70164.0859375;12360.6434151786;5794.98451451143;24454.2061942;102.869726997143;174.258499144286;40.7409144814286;91.5389001042857;61469.6858258929;11726.3452846;5777.69140625;20820.9098772357;90.1225705842857;165.316258021429;40.61932809;77.9384722028571;2.28933981081583;18.9690745693238;1.19984683542171;1.67162723500309;7
337;2019;3;930;2019-03-16;2019-03-22;66989.7912946429;12140.1589006714;6166.00132533572;22869.3097098229;98.2157996042857;171.150155202857;43.3492992942857;85.6061848228571;59838.5775669643;11577.7862723229;6140.74044364;18203.7131696443;87.7311564857143;163.221886771429;43.17169898;68.1415721357143;0.478325793047078;13.4259813369384;2.65265653281002;1.74983218930936;7
336;2019;3;931;2019-03-23;2019-03-29;62731.2472098214;7387.40583147286;7409.14676339429;22098.8024553614;91.9721864971429;104.14654432;52.0890715457143;82.7219859542857;56045.4827008929;7213.70256696286;7392.16992187714;15634.23479353;82.16998618;101.697700501429;51.96972874;58.5232996257143;4.31059421240201;16.6004550962058;6.04765860715617;4.20160493857931;7
335;2019;3;932;2019-03-30;2019-04-05;52738.5697544643;4959.88609096;6631.47726004429;24560.8540736643;91.1965419228571;73.5962415428571;54.1677573085714;91.25101253;46170.3314732143;4862.13204520143;6614.60226004714;15039.7830636171;79.82824271;72.1545584542857;54.0314282014286;55.8599711814286;5.41669444860209;2.48252111259487;6.00813869008605;5.39547016663768;7
334;2019;4;933;2019-04-06;2019-04-12;52685.1612723214;6939.28145926571;8016.02797154;26114.1208147343;97.2842570714286;105.246585301429;69.0784149171429;96.73728398;46348.953125;6749.52776227714;7939.84151785714;15258.8902064743;85.5843287871429;102.368600028571;68.4219000657143;56.5251285;5.05432086260895;12.46962659048;1.32178923258381;1.57982430400885;7
333;2019;4;934;2019-04-13;2019-04-19;57170.1819196429;6872.31019810571;6375.35135324;27323.7301897357;105.565941947143;104.230842591429;54.9398291457143;101.218171255714;51807.2315848214;6776.24734933;6354.77427455429;16282.75795201;95.6631567814286;102.773857117143;54.7625138414286;60.3179283128571;2.97589784719712;3.637415463689;7.41193460719637;2.61970916628422;7
332;2019;4;935;2019-04-20;2019-04-26;52115.5552455357;5576.95179966714;5161.05412946429;25685.1378348243;96.2324720114286;84.5844138014286;44.4755853928571;95.1481715628571;48328.6199776786;5490.11397879714;5140.52615792571;16604.2519531286;89.2398147585714;83.2673721314286;44.2986711771429;61.50888552;4.78734501836871;3.58399486991055;0.9645959066629;2.66375045186353;7
331;2019;4;936;2019-04-27;2019-05-03;44279.2795758929;9692.44991629857;5542.50662667571;22427.6674107157;94.2112721014286;132.929713658571;61.06139973;94.1118567328571;41486.1383928571;9441.23974609714;5520.21665736571;15735.1570870557;88.2233428957143;129.276088171429;60.79799979;65.9695151185714;11.7918400287154;27.8306150720309;16.2722122664669;9.44900993257393;7
330;2019;5;937;2019-05-04;2019-05-10;40454.5262276786;9524.29017857286;4847.02287946429;19265.3931361643;102.242372784286;111.088900974286;69.0357295457143;94.3507864814286;38453.6015625;9204.37527901714;4824.64299665143;14995.3663504486;97.1853419714286;107.357499258571;68.7169587271429;73.4386563985714;1.39612234377336;5.99882985362012;4.89218871848305;7.0724305353324;7
329;2019;5;938;2019-05-11;2019-05-17;38528.1233258929;14355.6017020114;3723.20786830286;17602.0744977686;97.3736997328571;167.440072195714;53.0293137685714;86.2047991071429;37332.3627232143;13128.0503627257;3699.96868024714;14093.7126116086;94.3515995585714;153.122214181429;52.6983135771429;69.0228571214286;1.32121641578078;22.4696903432586;3.98745831337202;5.21519909719878;7
328;2019;5;939;2019-05-18;2019-05-24;37342.6311383929;9158.46428571571;3553.13511439857;17933.5041852714;94.3775569371429;106.821985517143;50.6069853642857;87.8279571542857;35659.6707589286;8979.08705357286;3531.01356724286;13319.2173549114;90.1241411485714;104.729799542857;50.2919142585714;65.2298278828572;3.08319276387187;14.6753572147383;0.880345968238097;5.52415869658477;7
327;2019;5;940;2019-05-25;2019-05-31;35269.2751116071;24759.36997768;3381.22091238857;15909.6519252243;89.1374991271429;288.786987305714;48.1584281942857;77.91631426;34319.2419084829;19833.3812779029;3350.23287527857;13266.6506696443;86.7364142257143;231.331529892857;47.7170704457143;64.9723995757143;2.90125212833959;55.6444396564689;2.67578147163191;3.72769904571534;7
326;2019;6;941;2019-06-01;2019-06-07;38536.7003348214;31331.1810825914;3261.98357282286;12623.6934988843;118.655071804286;300.177655901429;70.3121708457143;117.824242727143;34332.89453125;21101.0493861629;3236.84814453143;10889.8317522314;105.711500984286;202.164870124286;69.7703868328571;101.641084941429;4.17455450796677;65.6281900376241;1.13205224527991;10.4426920225765;7
325;2019;6;942;2019-06-08;2019-06-14;33622.8058035729;17842.54701451;2505.34242466286;9944.51199777;103.525113787143;170.9457986;54.0027416771429;92.8178710942857;31538.5611049143;9112.71261160857;2484.68369838286;8665.66085379571;97.1076987128571;87.3070422585714;53.5574428014286;80.8816288542857;3.49132230659872;22.7047489165103;6.10575858269849;6.19634424081035;7
324;2019;6;943;2019-06-15;2019-06-21;28514.9179687514;12052.8088727686;2039.93844168571;8106.46644810286;87.7978722728571;115.475515094286;43.9709706985714;75.6623131885714;27650.8649553586;11551.91685268;2016.72269112571;7277.52455357286;85.1374152042857;110.676586695714;43.47054291;67.9253283928571;3.22595215885121;17.7795030997151;1.61946842139505;5.65856846021692;7
323;2019;6;944;2019-06-22;2019-06-28;25732.4375;6703.33349609571;1831.21071079714;6389.90227399571;79.2305581228571;64.2232573357143;39.4718284614286;59.6406429828571;25078.1702008957;6564.24330357143;1809.52913992714;5829.76653181;77.2160426557143;62.8906718657143;39.0044860842857;54.4125714971429;1.92937239412839;4.64766208834096;1.04832714029844;3.3947046143962;7
322;2019;6;945;2019-06-29;2019-07-05;23502.6774553614;12430.5591517871;1751.36858258857;5379.08182198714;86.1550292971428;114.13041469;43.47707149;86.2541433057143;23239.9098772343;9909.87137277;1728.67743792;4920.94782366286;85.2621732442857;91.1668428685714;42.9155436928571;79.0624858314286;9.52870572725359;24.6420460555199;3.99704232235275;21.4276393824786;7
321;2019;7;946;2019-07-06;2019-07-12;24890.3853236629;7695.77559989;1967.19871303286;4808.63825334857;97.1799425414286;70.0748999442857;51.39768655;90.95411573;24524.83231027;7555.14885602571;1945.65427943714;4519.73186384;95.7526855442857;68.7944423128571;50.8347849157143;85.4895172128571;2.6068357948574;16.2872700773641;2.43027548570078;2.0502334531175;7
320;2019;7;947;2019-07-13;2019-07-19;22661.3828125029;5149.47593471;1914.52099609429;4474.5007673;88.4771870214286;46.8892435328572;50.0213426857143;84.6340005071429;22473.2795758943;5067.42257254571;1897.95314243857;4211.44576590571;87.7427836842857;46.1421001985714;49.5884715485714;79.6583709714286;2.93176381154082;2.08094558941734;1.1536593696223;2.6707178604314;7
319;2019;7;948;2019-07-20;2019-07-26;19796.8498883957;5011.53773716571;1838.43129185286;4012.02378627143;77.2931562142857;45.6332288457143;48.0333284642857;75.8863416414286;19519.0292968771;4689.51206752286;1818.28370884429;3740.43945312571;76.2084568585714;42.7009860442857;47.5069291228571;70.7494005485714;2.78161038068095;5.7548088689806;0.281965556017048;3.49777373144571;7
318;2019;7;949;2019-07-27;2019-08-02;18257.9905133957;3994.37039620714;1809.58585030714;3441.39428711;76.2547422128572;37.2316856385714;49.2391858785714;76.3984860028571;18013.4637276814;3730.59688895;1789.26656668429;3171.12789481;75.2093277;34.7594713471429;48.6855572285714;70.4357719428571;7.38797723468259;1.90151124873591;2.97223956361073;16.0533696895888;7
317;2019;8;950;2019-08-03;2019-08-09;17825.4782366086;3330.38766043571;1710.93099539714;2950.63846261143;86.8548856471429;33.0406289785714;51.2538855414286;91.5327137542857;17601.3853236643;3155.00484793429;1688.94672502571;2746.94527762143;85.7630157457143;31.30067117;50.5953145714286;85.2138846257143;0.762574933220652;2.04099325332273;1.0599723376934;2.70724247966387;7
316;2019;8;951;2019-08-10;2019-08-16;17079.7391183057;2819.83701869286;1694.13302176429;2634.75673130714;83.2212709714286;27.9754712242857;50.7506713857143;81.73362841;16939.51729911;2670.14027622857;1674.41714913571;2476.38330078143;82.5380434314286;26.4903425485714;50.1600423557143;76.8206721728571;1.73198180053432;1.58354857895441;2.1079565063665;1.83172677593979;7
315;2019;8;952;2019-08-17;2019-08-23;15714.9489397329;2601.75230189857;1564.39744349857;2318.82432338143;76.5713130414286;25.8118855628571;46.86421476;71.9329844871429;15539.9394531257;2493.24574497857;1543.81626674143;2196.50068010714;75.7185843342857;24.7354000642857;46.24765723;68.13835689;2.04798045969226;0.758932020030114;0.463454628388162;3.90736362989941;7
314;2019;8;953;2019-08-24;2019-08-30;14820.45856585;2479.14062500286;1502.06199428143;1974.11915806286;72.2128851742857;24.5954284657143;44.99684252;61.2397858742857;14592.0620814743;2386.18028041286;1482.82971191571;1910.98214285714;71.1000289914286;23.6731858928571;44.4207147871429;59.2811709814286;1.48289177413025;0.829518643451282;0.858974061392367;1.66762369862265;7
313;2019;8;954;2019-08-31;2019-09-06;14935.4058314729;2817.90244838143;1409.36812918714;1788.97971889;75.3971568528571;24.4019143242857;46.4865286685714;74.52147075;14669.4281529029;2730.06365095;1390.24000767286;1737.73702567;74.0514995028571;23.6403141028571;45.8572714671429;72.40977042;2.42517962371935;0.740357839406454;1.52985757120684;7.19815855601769;7
312;2019;9;955;2019-09-07;2019-09-13;14614.2945033486;2874.54139927286;1347.52915736571;1660.77342006;74.1883272457143;24.3661717;45.1467138042857;72.3273707785714;14242.2451171886;2745.62841796857;1334.96283830857;1627.36928013143;72.29965646;23.2734146128571;44.7256998314286;70.8726425157143;2.54971791407235;1.56738049927533;0.787202856551499;1.27577821411706;7
311;2019;9;956;2019-09-14;2019-09-20;12967.79171317;2708.45971679714;1312.64442662;1519.35573032857;65.8299707671429;22.9583571314286;43.9779565;66.1686014428571;12653.0333426357;2576.96812221;1294.72757394286;1498.15741838857;64.2321434;21.8437573571429;43.3776997171429;65.2453989285714;2.40806164999907;2.99163274754902;1.9661931687179801;1.68972199155403;7
310;2019;9;957;2019-09-21;2019-09-27;12639.5492466514;4471.58970424143;1224.79399762857;1424.12559291286;64.1636717657143;37.9036140442857;41.0346864971429;62.0212729314286;12007.5799386171;4356.52758789286;1212.86600167571;1412.23869978;60.9555288057143;36.92824282;40.6350566314286;61.5035999828571;1.63366241016406;2.10078715857683;1.92918623095612;2.49851182861433;7
309;2019;9;958;2019-09-28;2019-10-04;13516.5924944214;3605.80838448857;1106.11357770714;1350.75898088714;62.1122142242857;28.4363852928571;35.3690003;57.2712429585714;13117.2555803586;3505.57655552571;1092.97988455571;1345.66556222143;60.25641523;27.6379282814286;34.9497004928571;57.0578139171429;6.37859680172854;5.17638735056089;3.9373883392767;2.81160114760158;7
308;2019;10;959;2019-10-05;2019-10-11;13297.8313337057;5064.91196986714;1078.10128348143;1489.65874372286;56.2168720785714;37.68067169;33.0927284785714;61.8272285457143;13023.5559430829;4743.28948102714;1066.85143171;1488.97630092;55.0573425271429;35.28794316;32.7474141785714;61.7989147714286;1.67491901745979;5.51204592700254;1.56445189001041;3.69537906457925;7
307;2019;10;960;2019-10-12;2019-10-18;14312.8017578129;4134.74393136286;1096.28613281286;1628.00601632143;60.5076430185714;30.7606566285714;33.6508996157143;67.5692291257143;13934.9645647314;3908.30001395;1086.56998988571;1628.00601632143;58.91035734;29.0759857728571;33.3526856557143;67.5692291257143;1.25379106243697;6.84699097134384;2.05497016483472;1.62670040358893;7
306;2019;10;961;2019-10-19;2019-10-25;13619.6928013429;6689.5867048;1033.86642891857;2125.94867815143;57.5775429857143;49.7675149128571;31.7349139614286;88.2359848042857;13249.5916573671;6496.80078125;1027.62786865286;2124.28283691143;56.0129132957143;48.3332579485714;31.5434145242857;88.16685595;1.18640823165298;5.67265171678825;4.04429949248053;7.67042456068435;7
305;2019;10;962;2019-10-26;2019-11-01;14640.9024832614;7477.24365234429;834.195138114286;2102.04244559143;59.3811574671428;60.9049851557143;24.1644570485714;82.1949283057143;14235.6552734386;6811.55189732286;828.365295411429;2102.04244559143;57.7500147142857;55.2403433671429;23.9903994957143;82.1949283057143;5.33814068292341;24.8595340962176;3.66272664396393;13.4696606805812;7
304;2019;11;963;2019-11-02;2019-11-08;15262.5145089286;15113.5700334829;1067.06744384857;2096.67072405143;48.3370285042857;160.317196438571;19.9715431742857;51.8321854714286;14849.7430245543;12282.9592633943;1057.99912806857;2090.60902622714;47.0297568185714;130.291511535714;19.8018144885714;51.6823430728571;0.857539347823524;39.7594534951956;1.26419085639023;0.878626497260551;7
303;2019;11;964;2019-11-09;2019-11-15;17610.2380022343;11292.8768136171;1177.01443917429;2229.06131417571;55.7723573942857;119.789202008571;22.0293284828571;55.1050431385714;17234.3214285743;9254.41978236857;1163.71913365143;2229.06131417571;54.5818149042857;98.1662575857143;21.7805284771429;55.1050431385714;3.4198494161308;9.22973669761613;0.526463355329887;2.25019540504571;7
302;2019;11;965;2019-11-16;2019-11-22;22562.5256696457;6429.71351841571;1299.12555803571;2639.97984095857;71.4564721242857;68.2031991142857;24.3148283257143;65.26341302;22163.0820312529;6145.10253906428;1284.19386509571;2637.64801897286;70.1914133328571;65.1841708585714;24.0353570657143;65.2057707642857;4.17104400787196;13.6104990050169;1.67534380022294;4.66972613111642;7
301;2019;11;966;2019-11-23;2019-11-29;23525.8459821457;4496.83182198714;1617.38842773571;3354.82627650714;74.5073438385714;47.7001282828571;30.2715140742857;82.9352994628571;23052.4375000029;4240.56672014571;1589.46857561571;3334.18397740143;73.0080424714286;44.9818137028571;29.7489422385714;82.4249845228571;2.64246358423185;7.41622214505411;2.34891541452421;5.01656444175301;7
300;2019;11;967;2019-11-30;2019-12-06;30382.24637277;4887.98960658286;2194.20268903571;3969.01039341429;67.2732440385714;63.1729714542857;24.3874285585714;54.1812869485714;29761.0619419657;4679.02929687571;2160.86214774;3967.96955217571;65.9122859414286;60.4846000685714;24.0146146485714;54.1688014442857;8.52476958787823;3.26002289853623;5.26040969592965;15.8275500591765;7
299;2019;12;968;2019-12-07;2019-12-13;37526.5959821429;4053.32512555857;3321.23859514714;4409.88776506714;78.0058146871429;54.13760049;33.43931416;52.8768713814286;36829.6484375;3870.20424107143;3306.00010463286;4393.34144810286;76.5570864;51.69177137;33.2859001157143;52.67848587;3.77435032955101;3.82382467479439;3.23906596450762;0.567652376927549;7
298;2019;12;969;2019-12-14;2019-12-20;43508.2628348214;5038.50934709714;4591.73130580429;4403.10142299143;90.4398138885714;67.2960575642857;46.2310567571429;52.7955289571429;42649.0993303571;4846.81288365286;4576.49274553714;4350.06501116143;88.6538837971429;64.73569979;46.0776285428571;52.1595851357143;2.15792665840205;12.7811456342692;7.88035741073651;0.813097551273413;7
297;2019;12;970;2019-12-21;2019-12-27;44621.1261160714;4938.50115094714;7233.4342215385695;4509.88106864;92.7530713771429;65.96031407;72.8286012928571;54.0758574357143;42278.78125;4824.40032087143;7209.49379185429;4469.93917410857;87.88408552;64.4363430571429;72.5875712785714;53.5969429028572;1.91598678997138;11.6678760420378;5.08682220170834;0.304796760316666;7
296;2019;12;971;2019-12-28;2020-01-03;38251.9983258929;2852.81072126143;6022.10965401857;5095.32066127143;70.7885567785714;37.9255142185714;54.5543011257143;47.8046569814286;37574.9715401786;2739.60083007714;5998.74560546857;5054.15478515571;69.5558013914286;36.4216575614286;54.3462142942857;47.46818597;14.2673607875082;4.5375214187388;15.2206517018751;11.9026764890023;7
295;2020;1;972;2020-01-04;2020-01-10;43837.5904017857;3058.15209960857;5419.08175223143;7426.22858538143;66.7492000042857;40.3615711757143;39.9496432714286;47.43642807;42059.6478794643;2931.77612304857;5393.43115234429;7393.73263114;64.0419998171429;38.6936569214286;39.7605710714286;47.2288420542857;5.03131840133777;2.12870959643711;0.649056793528964;5.72048369802057;7
294;2020;1;973;2020-01-11;2020-01-17;48605.703125;4824.01960100571;5183.04261997714;10006.5551060286;74.0093558171429;63.66757202;38.20955658;63.9187431342857;46528.2483258929;4609.43802316;5167.80615234429;9991.79673549286;70.84612819;60.83551298;38.0972284585714;63.82447161;0.756058962853317;6.4550840146378;0.701723183539136;3.52965778871464;7
293;2020;1;974;2020-01-18;2020-01-24;46636.65234375;3539.69625418571;6389.71017020286;10433.6226283486;71.0111716114286;46.7170143128571;47.1051428657143;66.6467132571429;45242.3660714286;3367.94803292571;6369.83984375143;10380.8874162957;68.8881563457143;44.4502710614286;46.9586710257143;66.30987331;1.64432197301398;8.83022474713077;4.82511482698807;0.737667348430648;7
292;2020;1;975;2020-01-25;2020-01-31;62776.5362723214;2458.05255998857;7687.25244140571;11779.2096819214;95.5864998957143;32.4414569314286;56.6706575657143;75.2419139314286;58665.0318080357;2286.48200334714;7683.37625558143;11736.3250558057;89.3261555271429;30.1770564471429;56.6421001971429;74.9679554514286;5.15409833166915;2.13604270993423;1.67655227628166;5.24128394607951;7
291;2020;2;976;2020-02-01;2020-02-07;59531.37890625;3012.08757673;8473.15415737;14077.8949497771;84.4473288385714;36.1346855157143;59.4537707728571;62.03951427;58120.1277901786;2896.13528878286;8458.41476004857;14049.3634207614;82.4454007828571;34.7436719614286;59.3503576;61.9137992871429;3.40665616572541;1.35064030466662;7.01663915336637;2.27565156689084;7
290;2020;2;977;2020-02-08;2020-02-14;76027.3716517857;2698.21010044571;11954.5784040214;15928.7752511171;107.847456794286;32.3692572442857;83.8819558285714;70.1961299342857;72131.2823660714;2535.58799525714;11949.9178292443;15818.1001674129;102.320743015714;30.4183570314286;83.8492704128571;69.7083865585714;3.39861039428451;1.17895706326308;5.61476026487877;4.4306692700029;7
289;2020;2;978;2020-02-15;2020-02-21;82060.0848214286;2107.38685826;13275.9084821443;19012.5440848229;116.405070711429;25.2813859671429;93.1533715385714;83.7858984814286;77417.4732142857;1927.99373953714;13263.5513392871;18949.0973772343;109.819372994286;23.1292716442857;93.0666710985714;83.5062866228571;1.28794404182704;1.87786709578599;0.803640129461011;3.17666921227821;7
288;2020;2;979;2020-02-22;2020-02-28;77703.6060267857;2731.64217703714;12815.3094308043;19384.8942522343;110.225256785714;32.7703146257143;89.9214717328571;85.4267861485714;72734.3705357143;2580.5844029;12808.28138951;19242.0025111629;103.176243372857;30.9581287914286;89.8721575071429;84.7971006128571;1.54047046810503;16.5148886533636;2.67703340575876;1.25961078374255;7
287;2020;2;980;2020-02-29;2020-03-06;88914.4464285714;3737.83447265714;12505.3678850457;22827.2430245557;128.61667088;51.0878137857143;88.3719144557143;87.5856007171429;80094.4419642857;3645.74598912;12495.1265345986;22769.0736607171;115.855086191429;49.82308633;88.2995714457143;87.3615722657143;5.49270545062932;10.1988081341363;1.01223826833924;4.96959951043193;7
286;2020;3;981;2020-03-07;2020-03-13;81415.0602678571;1751.92885044571;12817.5499441971;26740.4559151786;118.116771154286;24.6053431385714;90.6853713971428;100.254199435714;74080.1383928571;1605.16702706571;12754.2399553571;24600.1537388414;107.475273131429;22.54410008;90.2374441971428;92.2298289714286;7.04459687406914;3.58241499263277;1.44540457266749;3.2326772201262;7
285;2020;3;982;2020-03-14;2020-03-20;61755.7455357143;1369.40155901286;13053.1371372786;32160.5583147343;89.5950568057143;19.2328425828571;92.3521717614286;120.575014388571;57224.2834821429;1140.62416294571;12834.2505580386;20907.6049107171;83.0208435071429;16.0197571328571;90.8035147528572;78.3859143942857;5.51799325595737;1.3177612679121;3.49870859422212;2.38649417755352;7
284;2020;3;983;2020-03-21;2020-03-27;59382.83203125;1399.92442103857;15131.30106027;33951.7427455357;86.1524571;19.6615431657143;107.055400302857;127.290427072857;54124.9547991071;1043.75198800429;14942.98465402;18107.9525669671;78.5243715557143;14.6592287357143;105.723029002857;67.8895568828571;2.1512593690976902;2.26968517585539;3.5061374253852;3.47976393717457;7
283;2020;3;984;2020-03-28;2020-04-03;58223.6702008929;1036.85114397286;14787.2551618314;31336.7784598243;93.4618715557143;15.03801414;114.357699804286;116.894342695714;52668.2204241071;740.539289201429;14562.8381696443;17453.2133091529;84.5540139328571;10.7392144885714;112.675573075714;65.0770715985714;7.36838303354129;0.356699927443528;9.72826768863766;4.020568751452;7
282;2020;4;985;2020-04-04;2020-04-10;50938.9313616071;1122.86241803714;13066.0228794671;28959.0973772357;93.07258497;17.0285566871429;113.165772575714;107.273256575714;45891.3058035714;786.841134207143;12976.6026785729;19848.0189732171;83.8498731328571;11.9326857171429;112.391285488571;73.5230712885714;3.61023430850753;1.2999535003875;3.49435910209837;5.1035804781349;7
281;2020;4;986;2020-04-11;2020-04-17;46725.76953125;1184.83014787857;12770.3374720986;28532.9215959843;85.3745138985714;17.9683143071429;110.604813712857;105.694586615714;42662.6400669643;846.802289688571;12672.1467633943;19005.1805245557;77.9506160171428;12.8420143128571;109.754371644286;70.4009568371428;1.08032649602246;2.08441069367627;1.95016525298806;6.55076194350553;7
280;2020;4;987;2020-04-18;2020-04-24;46224.4481026786;986.667000907143;11096.1820591529;32402.67996652;84.4585571285714;14.9631144671429;96.1048148014286;120.029329572857;41421.6344866071;633.046299525714;10744.75139509;16345.3447265643;75.6831272671429;9.60034302428572;93.0610863814286;60.5481153214286;1.83374484427499;1.2181153428739;6.02368241728682;2.22065075578361;7
279;2020;4;988;2020-04-25;2020-05-01;41277.6082589286;776.452723911429;8584.63351004572;33010.4854910729;79.0307998642857;11.3999714185714;80.4993863771429;127.67465646;37339.9547991071;486.191711425714;8409.08147321714;17175.7430245557;71.6309422057143;7.14412859428572;78.8574295042857;66.8593570171429;7.52955716346313;0.87863595081474;13.7287538209892;11.599972658111;7
278;2020;5;989;2020-05-02;2020-05-08;34714.6629464286;867.417140414286;7422.38448660857;28793.35323661;86.8696430757143;10.0459999371429;106.2240557;141.146669661429;32967.7226562514;567.466574534286;7360.06068638571;19053.2912946443;82.4981013714286;6.57212863714286;105.332114081429;93.40031324;1.76396298699177;1.39535841410308;1.92603597305488;3.85803848340249;7
277;2020;5;990;2020-05-09;2020-05-15;31674.3077566986;1011.90000697571;6214.94238281286;24559.7918526814;79.2614855071429;11.7193286085714;88.9439708171429;120.393499102857;30526.5292968771;689.965288435714;6197.05824497857;17741.1961495557;76.3892724157143;7.99084282142857;88.6880286071429;86.9683565414286;2.00741818690948;1.71369580254317;8.14086059416871;4.91419174125246;7
276;2020;5;991;2020-05-16;2020-05-22;30540.8789062529;1427.65600585857;4763.72412109571;22310.8579799129;76.4252003271429;16.5344002571429;68.1751572757143;109.3691003;29285.5482700929;1096.60785784;4739.14515904143;16733.7978515657;73.2838581628571;12.7003570971429;67.82338551;82.0300576357143;0.745160688891992;8.31088653117551;4.4256879800712;3.40369666838287;7
275;2020;5;992;2020-05-23;2020-05-29;30393.07700893;3754.29809570571;4258.52103097143;20731.9042968771;76.0553425371429;43.4804861885714;60.9450144085714;101.628985814286;29188.0870535757;3439.00629534143;4221.22834124;17372.2170758957;73.0399845657143;39.8288705014286;60.4113142828571;85.1596134742857;2.87464680734208;12.2764474566805;2.24339863482705;3.50909470645883;7
274;2020;5;993;2020-05-30;2020-06-05;27802.5864955386;1924.34101213714;4019.72380719857;18349.7265625029;80.5659997128571;19.4767145442857;78.6247558585714;147.071056911429;27249.9294084857;1561.16413225143;3942.52626255571;15304.0905412943;79.0927134928571;15.8132855557143;77.1038851057143;123.718229022857;6.92474128376673;3.9134621788669;13.8821738378033;33.6576668122478;7
273;2020;6;994;2020-06-06;2020-06-12;26186.2734375014;9473.45692661857;3887.80510602714;14736.1343471014;80.2773568285714;90.1900427685714;84.2659421642857;137.751484462857;25650.6877790214;8413.03574916428;3839.10874721143;13555.12151228;78.63544246;80.09449986;83.2104731985714;126.71155984;1.47925747085044;49.901114659824;2.93061996336354;5.30905087552259;7
272;2020;6;995;2020-06-13;2020-06-19;25097.9333147343;11490.9389648457;3259.00980050286;11565.0062779029;76.9408852742857;109.397040231429;70.6371558057143;108.108185905714;24371.7519531286;11152.1125837057;3240.19803292286;10454.9168526786;74.7146998828571;106.171285357143;70.22944314;97.7312153428571;1.28855949904728;33.0789390371131;3.15339409440333;6.28408589127729;7
271;2020;6;996;2020-06-20;2020-06-26;23037.3058035743;4591.07700892857;3022.15028599429;9391.74776785714;70.6238000071429;43.7083418728571;65.5033574785714;87.7928564885714;22803.0404575929;4297.52200753286;3006.05269949857;8724.03390067143;69.90561349;40.9136428842857;65.1544565471429;81.55115727;2.64884959574288;7.23055762904319;1.02940155803577;4.39149590630422;7
270;2020;6;997;2020-06-27;2020-07-03;25117.2126116114;8911.15883091714;2824.92588588143;8029.60511997857;86.15815735;82.8038558957143;66.6390849528571;106.524756295714;24899.0627790214;7891.24246651857;2808.14397321429;7206.19531250143;85.3913279942857;73.35710035;66.2474719471429;95.8618283957143;13.3851409391132;27.8938923352551;5.43768490766452;33.1690434605219;7
269;2020;7;998;2020-07-04;2020-07-10;23692.8292410743;20516.9885602686;2625.89299665143;6821.27643694429;92.2046432485714;187.572826931429;69.0046277728571;129.246287755714;23455.4525669671;17115.5661272329;2610.05528041286;6147.42180524714;91.28085763;156.475927081429;68.5884290414286;116.47842843;5.66196161523152;83.6437300703195;1.39891378435133;6.34194070789696;7
268;2020;7;999;2020-07-11;2020-07-17;20316.65792411;16578.5245535729;2426.18111746714;5823.13204520143;79.0657010757143;151.566114154286;63.7564724514286;110.333928788571;20096.1869419643;13999.4701450886;2409.89941406429;5304.24853515857;78.2076993671429;127.987616404286;63.3286285385714;100.502371651429;2.21875255096821;22.1835864971305;2.41784196111462;5.34652401447384;7
267;2020;7;1000;2020-07-18;2020-07-24;18436.5083705386;10169.2840401786;2280.87569754429;5001.01904296714;71.7487716671428;92.9708132071429;59.9380722028571;94.7569416585714;18238.0736607157;9405.85574777;2265.66144670714;4621.73869977714;70.9765428814286;85.9913281042857;59.5382712214286;87.5705130442857;2.41406239126575;23.0946084065361;0.218929200010226;3.8572717760764;7
266;2020;7;1001;2020-07-25;2020-07-31;16854.9645647343;6294.74776785714;2310.13085937571;4444.04255022571;65.5939440057143;57.5485714485714;60.7068432414286;84.2036002014286;16639.3394252229;6064.45738002429;2294.02389090429;3947.92525809286;64.7547858114286;55.4431855342857;60.2836003985714;74.8034144828571;1.66485348309759;3.60697803585101;0.400888964252922;2.42774926533255;7
265;2020;8;1002;2020-08-01;2020-08-07;16238.6782924114;5001.2719029;2361.89742606;3774.453125;78.9009704585714;50.01984351;71.1651142671429;117.394871302857;16072.6429966543;4929.27239118286;2348.12775530143;3596.27570451857;78.0942578985714;49.2997714457143;70.7502288828571;111.853114537143;1.36612839131545;6.0296926762138;2.94699872597302;2.69306791440581;7
264;2020;8;1003;2020-08-08;2020-08-14;15334.8141741086;4877.04467773429;2242.92431640571;3413.09315708571;74.5092718957143;48.7774151385714;67.5804149071429;106.155686514286;15096.5057198671;4717.13476562571;2230.98999023286;3342.16643415286;73.3513565071429;47.1781000428571;67.2208142942857;103.949685234286;2.03662425688855;14.4522084099701;2.16997609247166;3.33472226632267;7
263;2020;8;1004;2020-08-15;2020-08-21;16993.1277901786;18051.2081473257;2096.42797851714;2811.67124721;82.5667277742857;180.537872312857;63.16639982;87.4499707885714;16692.34919085;16362.8491908514;2081.60184151714;2762.42456054714;81.1053150728571;163.651869638571;62.7196862357143;85.9182989942857;11.2583171631762;16.5243474333591;0.970119174172185;8.41138411357369;7
262;2020;8;1005;2020-08-22;2020-08-28;21220.1788504486;11805.51171875;2196.10414341571;2442.83611188714;103.105257307143;118.071983338571;66.1696848185714;75.9782714857143;20922.9121093786;11499.6761997786;2191.65754045857;2380.11631557143;101.660886492857;115.013184684286;66.0357153757143;74.0275279457143;6.65455239320422;22.4720201434924;4.9261399666578;4.22208894974678;7
261;2020;8;1006;2020-08-29;2020-09-04;17209.4863281271;7046.70354352714;1897.35299246571;3543.72739955429;85.5888998842857;65.1337569114286;60.9975291671429;141.173601424286;16931.9860491071;6857.21184430857;1876.17229352857;3433.27343750143;84.20275661;63.4430558342857;60.3255282814286;136.759943282857;4.23473999324435;14.0228867520942;2.6926187941464;69.4342212066448;7
260;2020;9;1007;2020-09-05;2020-09-11;14058.7519531257;6311.21637835;1822.89442661571;2199.15255301429;71.2595585428571;53.9346144542857;61.4616857257143;96.1205422542857;13782.7306082614;5919.96547154;1807.93214634571;2150.34029715429;69.8604987014286;50.5910568228571;60.9572143542857;93.9870714457143;4.12863067608805;7.5719448678665;0.470447465067455;3.95161410305414;7
259;2020;9;1008;2020-09-12;2020-09-18;12131.6456473243;5217.72042410857;1831.42586844286;1941.19072614429;61.49164309;44.5897990628571;61.74935695;84.8455854128571;11465.9271763414;4945.75627790143;1815.23601423;1897.72741699429;58.1173144742857;42.2656141;61.2034705014286;82.9458705357143;3.53077633375551;4.53451769300444;2.4333965552945;3.21345547557576;7
258;2020;9;1009;2020-09-19;2020-09-25;11634.2437221;3862.34242466571;1644.84157017286;1870.86270577714;58.97045735;33.0069566457143;55.4583571314286;81.77167184;10997.5998883929;3617.65035574857;1629.86415318143;1834.1988351;55.7435003014286;30.9158564971429;54.9533860328571;80.1691698357143;0.781728270370765;3.9168740770934;5.05297550252858;1.56006374000672;7
257;2020;9;1010;2020-09-26;2020-10-02;11949.1438337071;3799.96128627143;1584.23114885429;1863.33372279714;57.75939996;31.2544858114286;52.1161864142857;80.3234874171428;11221.4980468786;3574.02873884;1571.12397112429;1848.77715192429;54.2406147542857;29.3877571642857;51.68314307;79.6930716385714;5.41904897113858;3.5854476654194;1.9432111456559;1.27728770661107;7
256;2020;10;1011;2020-10-03;2020-10-09;11159.09486607;3589.42103794714;1795.60171944714;1824.82301548571;47.1687573042857;26.8853430071429;55.5448575685714;75.9686856957143;10520.4733537957;3390.12398856;1784.56143624429;1824.80301339286;44.4693565371429;25.3925571442857;55.2033429828571;75.9678573614286;1.27992095866728;1.92783365619836;2.16412877959496;1.37622648655792;7
255;2020;10;1012;2020-10-10;2020-10-16;11047.5294363843;2978.69587053571;1751.89971052;1870.64798409714;46.6971996857143;22.3109283442857;54.1929860785714;77.8764277871429;10698.4778180829;2823.79101562286;1743.14927455286;1870.64798409714;45.2217570714286;21.1506715514286;53.92231478;77.8764277871429;1.23431650162234;0.944790415498154;2.53529812399888;0.460114521913649;7
254;2020;10;1013;2020-10-17;2020-10-23;12020.7897600471;2311.68214634571;1770.91343471;1821.94414411286;50.8110711228571;17.3148856842857;54.7811562671429;75.8488431685714;11564.3522600457;2112.14242117714;1762.36669921857;1802.57257952143;48.8817716328571;15.82027122;54.5167574214286;75.0423998171429;0.878587981634997;1.8585622618323001;4.4773449918188;1.97620268287876;7
253;2020;10;1014;2020-10-24;2020-10-30;15355.1471819229;1902.80683245;1889.94243512857;1828.82468959;64.9051993228571;14.2523429057143;58.4631718242857;76.1352724357143;14700.3469587071;1724.06155831429;1883.29141671143;1820.47783551571;62.1374141171429;12.9134999657143;58.2574424742857;75.78780038;5.80703791000556;0.440077442978807;3.62156211794085;3.40356819279366;7
252;2020;10;1015;2020-10-31;2020-11-06;18073.0027901814;1697.23271833286;2866.98828125;2662.54160853714;60.0327001285714;17.19625691;58.1653273442857;71.1206278128571;17423.4891183057;1345.17728097143;2791.03710937714;2644.42989676286;57.8727144514286;13.6202572428571;56.7315853642857;70.6710559285714;5.23266158372268;1.33000450455173;8.3950005617592;12.0331531225039;7
251;2020;11;1016;2020-11-07;2020-11-13;16347.3790457629;1653.13783482286;4927.94426618571;3724.40223911857;51.9918000357143;17.5386998314286;93.0250429442857;92.4474868757143;15750.76060268;1354.88157435857;4860.98353794714;3686.99909319286;50.0943140285714;14.3743856985714;91.7610277471428;91.5190582285714;1.60174388649113;3.01015499425856;8.45154418516723;4.12333066545681;7
250;2020;11;1017;2020-11-14;2020-11-20;19011.2195870557;2199.94841657286;5446.13337053571;3742.88940429714;60.4640001571429;23.3399998785714;102.806913105714;92.9063568114286;18060.4176897343;1956.03287179143;5402.92947823714;3740.05430385143;57.4400285985714;20.7522147042857;101.991371155714;92.8359712871428;5.97773519764091;2.6006008902395;1.88080051171577;4.26906244360786;7
249;2020;11;1018;2020-11-21;2020-11-27;21530.6771763429;2104.49368722143;5233.83377511143;5030.56291852857;68.4769723085714;22.32731465;98.7993436542857;124.869115557143;20916.0072544671;1815.89085170143;5079.11537388428;5010.40959821572;66.5220565785714;19.2653999328571;95.8787155142857;124.368859425714;3.77782790687079;1.06220230498485;6.92496906518029;10.8993119997637;7
248;2020;11;1019;2020-11-28;2020-12-04;17988.7500000029;4656.40318080286;4762.09591238857;5412.81842913;46.4816850957143;58.7073846542857;64.7954428542857;95.9870278514286;17291.8814174129;4301.32777622857;4654.38469587286;5399.07645089429;44.73761422;54.5173143642857;63.3162721914286;95.7124285;13.3532024120663;27.7365927307188;17.0296132437557;40.4882113557286;7
247;2020;12;1020;2020-12-05;2020-12-11;23085.67885045;8754.10100446571;4861.84263393;4580.18087332571;48.0837435057143;117.450814382857;49.2418000357143;55.2146993342857;21905.9762834843;8478.02559989;4804.29813058143;4580.18087332571;45.6266288757143;113.746829441429;48.6589862257143;55.2146993342857;8.1964824722751;11.1411605248555;4.06140188745041;1.90433464940575;7
246;2020;12;1021;2020-12-12;2020-12-18;33358.5479910714;6591.60867745571;3548.80789620714;4510.39732143;69.4805145257143;88.43739864;35.9430999742857;54.3734719414286;32290.52120536;6188.02197265571;3543.03533063714;4510.01422991286;67.2559700014286;83.0226135257143;35.8846435528571;54.3688436228571;2.30526288151121;2.77079920090659;2.31489357945622;1.90309313291145;7
245;2020;12;1022;2020-12-19;2020-12-25;35303.1138392857;7613.90750558286;4265.08244977714;5483.14508928714;73.5307159442857;102.15324402;43.1976852414286;66.1000845757143;34412.109375;7282.40680803857;4255.203125;5470.08586774429;71.67491477;97.7056012842857;43.0976284585714;65.9426291328571;1.71734970632077;13.7941244809982;5.79933510428214;5.88047708841042;7
244;2020;12;1023;2020-12-26;2021-01-01;39511.66796875;5399.86181640857;5166.17557198714;6957.77999442;78.9845433928571;72.41417149;50.2315859128571;78.9565429685714;38788.7589285714;5148.56124442143;5154.55308314857;6936.93073381714;77.5006294242857;69.0448575714286;50.11971501;78.7051860271429;7.2961332637034;4.05340577158044;5.12510289977891;18.1776515965751;7
243;2021;1;1024;2021-01-02;2021-01-08;43055.8683035714;5268.65659877286;5622.15199497857;6493.68673270286;65.4313141957143;70.4752273571429;41.6096997957143;41.6404996614286;42236.6824776786;5091.51269531571;5604.99197823571;6486.19914899714;64.1863991857143;68.1056845528571;41.4826856342857;41.5924851557143;0.860674125133219;3.25708575030192;3.16816369494761;1.7272642933048;7
242;2021;1;1025;2021-01-09;2021-01-15;43567.16015625;5007.25453404143;6243.58844866286;6535.98800223143;66.2083140785714;66.978628432857107;46.2089429585714;41.9117284485714;42381.921875;4879.78236607143;6232.25055803571;6508.32275390714;64.4071273814286;65.2735137957143;46.1250288842857;41.7343286771429;1.32253983841319;2.40655654361096;1.47990947940327;1.93594876174601;7
241;2021;1;1026;2021-01-16;2021-01-22;49592.6763392857;9422.30922154143;6348.07296317;6847.74532645286;75.3651864171429;126.035813467143;46.9822284142857;43.9108717785714;47271.0256696429;9274.70354352857;6341.63797433143;6604.70228794857;71.8370285042857;124.061386108571;46.93459974;42.3523575914286;4.63300911942527;66.604997591018;3.44345874112339;2.60580872042204;7
240;2021;1;1027;2021-01-23;2021-01-29;49118.9553571429;22144.7954799157;7054.33956473286;8616.47746931;74.64529964;296.215872628572;52.2093565814286;55.2528005328571;48156.4252232143;20962.5309709843;7043.92096819286;8057.20961216428;73.1825583328571;280.401515414286;52.1322424771428;51.6664853771429;3.85236163385705;18.6299494844313;1.84206047760131;2.63270969336662;7
239;2021;1;1028;2021-01-30;2021-02-05;44088.6010044643;24896.9003906271;6709.23835100429;8528.75969587;63.5442286914286;313.173346382857;47.8603428428572;42.8653575357143;42829.01953125;22995.1922433071;6696.16413225714;7848.72133091714;61.7375292114286;289.0884552;47.7666429785714;39.5888859871429;2.55947860598355;59.1884576316938;4.48316837751933;10.7486589566022;7
238;2021;2;1029;2021-02-06;2021-02-12;46695.1037946429;11741.5124162957;5144.97739955429;8877.50613839428;65.8576567514286;142.91985866;36.0880154214286;39.2313711985714;45055.9308035714;11448.9031808043;5129.34960937571;8039.87486049286;63.5457861757143;139.358171735714;35.9784000928571;35.5297004157143;3.01254656209618;33.3922488024464;2.41556715454919;3.87999703763495;7
237;2021;2;1030;2021-02-13;2021-02-19;52802.1350446429;6570.59019252286;4494.99658203143;13772.4393136186;74.4708426342857;79.9784426;31.5288857042857;60.8630278442857;49898.96484375;6481.38916015714;4485.4915597114305;13159.4425223243;70.37628501;78.8926860257143;31.4622285028571;58.1540570928571;3.18503540927077;9.6282354395678;1.97250455341312;10.331357653064;7
236;2021;2;1031;2021-02-20;2021-02-26;57982.2544642857;4443.56651088143;7311.81019810143;21498.4411272343;81.7767715457143;54.08789989;51.2866717771429;95.0056719085714;52046.0619419643;4372.31410435286;7304.09598214286;20784.5881696457;73.40448325;53.22064209;51.2325428571429;91.8510142728571;1.10331543086374;5.85473353551326;11.9446476652806;10.7102464985173;7
235;2021;2;1032;2021-02-27;2021-03-05;58227.1015625;4821.15122767857;9539.75111607143;29208.9202008971;83.46208627;66.3974712914286;67.2462986528571;114.555927822857;49833.4559151786;4753.33900669714;9473.75041852857;26069.1174665214;71.4264864242857;65.4705412757143;66.7802145828571;102.557240077143;1.22732381349994;17.552280135586;3.01010164214457;7.24527095131518;7
234;2021;3;1033;2021-03-06;2021-03-12;56735.8978794643;6272.61007254429;12026.8348214314;29966.6395089314;81.8401434742857;89.4851008814286;84.9362716685714;112.276285444286;50940.0279017857;6204.79457310286;11935.6771763414;23450.22684152;73.4797428685714;88.5176293514286;84.2925011785714;87.8611875242857;1.27408989160485;7.19042828587085;5.2309840444098;4.38913635812918;7
233;2021;3;1034;2021-03-13;2021-03-19;53127.8984375;4752.30140904;11073.3671875;28394.7497209857;76.63569859;67.7963556557143;78.2026421685714;106.386899675714;48008.1657366071;4666.18464006714;11059.6801060271;22773.4087611643;69.2506136214286;66.5678144171429;78.10599954;85.3253577114286;1.29918544142745;3.97973573940266;5.51253085340102;4.99646671980026;7
232;2021;3;1035;2021-03-20;2021-03-26;47312.1746651786;3898.30751255571;8490.39794921857;29996.3652343771;68.2466561457143;55.6132708942857;59.9611434914286;112.387656075714;43055.5535714286;3798.74539620571;8465.56801060143;20960.1308593771;62.1065853671429;54.1929288585714;59.7857856757143;78.5315279271429;3.0747726801425;3.63126916653677;3.71625456900139;6.52971059556493;7
231;2021;3;1036;2021-03-27;2021-04-02;41777.5228794643;4199.02291434143;6949.36460658571;28962.5772879486;64.5940143028571;61.16495732;51.8499995671429;108.171043397143;36333.8660714286;4108.95936802286;6926.99532645143;19173.5976562514;56.1666717514286;59.83927209;51.6799278257143;71.5925859728571;5.11599786515966;2.94107855036065;3.20830106865106;3.79344460252162;7
230;2021;4;1037;2021-04-03;2021-04-09;38436.58984375;3025.71829659429;4926.73876953143;25965.8376116086;69.9315850371429;46.6686428614286;42.5672433042857;96.1677845528571;32442.8922991086;2885.14990234286;4905.69733537857;18938.6531808043;59.0266571028571;44.50050027;42.3854430071429;70.14169911;1.40521950889486;4.74388894609892;5.11042632681666;8.09996323113173;7
229;2021;4;1038;2021-04-10;2021-04-16;35574.1462053571;2180.77929687429;3544.37039620429;21495.7681361643;64.7236573357143;33.6363143942857;30.62352889;79.6122992371429;30436.6102120557;2040.31314523;3522.40970284571;16853.1092354943;55.3763999928571;31.4697715228571;30.4337858485714;62.4176276057143;1.36168796329436;1.77809221543722;1.98009339862474;3.76678832793338;7
228;2021;4;1039;2021-04-17;2021-04-23;33096.0223214286;1909.68055943143;3605.96100725429;19626.9174107171;60.2149718157143;29.4549001971429;31.1556709828571;72.69077083;29327.62918527;1744.52657645143;3585.43028041286;15038.6861049114;53.3587428485714;26.9075431828571;30.97825677;55.6976721642857;0.769256291582278;1.41021671073906;1.50683354345885;1.96615571637513;7
227;2021;4;1040;2021-04-24;2021-04-30;30830.3231026829;1545.12527901857;3341.09640067;20731.7753906271;56.0927429185714;23.8320143571429;28.8672286414286;76.7827715185714;27648.8339843786;1379.94656808143;3316.37789481;15108.8649553571;50.3043142057143;21.2842715142857;28.6536568228571;55.9575860171428;0.624269341168506;1.17636283033691;2.41431881108607;4.66580496781987;7
226;2021;5;1041;2021-05-01;2021-05-07;28879.06277902;1472.27500697571;2836.34095982;20801.9553571443;72.0910154057143;17.3304713114286;40.5877140585714;102.027813502857;26197.0652901814;1267.78315080857;2785.83778599429;15674.6782924114;65.3959290628571;14.9233574171429;39.8650289271429;76.8799427585714;1.5948530238979;2.57546500093336;1.18381259442847;7.65200729325066;7
225;2021;5;1042;2021-05-08;2021-05-14;25793.50167411;1937.09099469857;2691.77455357143;19672.2327008929;64.3884991242857;22.8019144871429;38.51897158;96.4868414742857;24223.7806919671;1632.13783482143;2670.63099888429;15864.5362723243;60.4699865085714;19.2122282314286;38.2164284857143;77.8111583171429;2.6907453668919;1.26434662503373;0.257965873309638;4.22761975823485;7
224;2021;5;1043;2021-05-15;2021-05-21;24197.1830357157;1930.68085588857;2711.02200753429;16994.1145368314;60.4035998742857;22.7264567785714;38.7943850928571;83.3514142714286;23550.6559709843;1616.05214146286;2690.16643415286;14901.5753348229;58.7896575914286;19.0228854585714;38.4959569657143;73.0880998871429;1.61885479867652;1.67679638499388;0.818864562913407;4.97886763318843;7
223;2021;5;1044;2021-05-22;2021-05-28;23513.2661830386;2996.30179269;2360.34800502286;13298.87779018;58.6963288428571;35.2701143528571;33.7763140542857;65.2273298014286;22710.6975446443;2545.33225795;2339.05932617143;11780.9299665186;56.6928852628571;29.96164322;33.4716854085714;57.7821998585714;2.3458135870077;4.48722777975128;2.14087266435459;4.96890862528004;7
222;2021;5;1045;2021-05-29;2021-06-04;23438.8381696443;4827.68153599429;1832.39686802429;10556.94405692;66.0655435814286;52.2362575542857;33.6868427828571;77.5569567;23079.7907366086;4026.66786412143;1813.26042829286;9167.65813337143;65.0945995871429;43.3787713757143;33.3320287971429;67.08411571;7.26936375276458;15.904225424476;5.84975431797768;17.8223729634817;7
221;2021;6;1046;2021-06-05;2021-06-11;22131.4121093786;4558.55939592714;1745.65940638857;8527.22126116143;67.7597013214286;43.8767994471429;37.8647864214286;79.9677581785714;21771.4408482171;4047.06113978857;1723.79769461429;7294.86356026714;66.6575862328571;38.9535566042857;37.3905715942857;68.4107862185714;1.0729732605395;19.5255826802453;1.28802575957609;3.5426124703322;7
220;2021;6;1047;2021-06-12;2021-06-18;22954.8518415214;4831.04893275714;1808.34572056286;7257.41127232286;70.2808140357143;46.4995427814286;39.2244862142857;68.0595719485714;22531.5279017871;4377.14320591714;1786.86713518429;6035.87283761143;68.9847706385714;42.13062886;38.7585994185714;56.6040425971429;1.15301396172066;12.0627946121073;0.651692940425559;3.28453311963385;7
219;2021;6;1048;2021-06-19;2021-06-25;20725.6682477714;6509.05057198857;1776.23814174;6290.07652064714;63.4557429714286;62.6505573828571;38.5280423842857;58.98795809;20455.4305245557;6229.91333007857;1758.65112304571;5241.50453404143;62.6283438557143;59.9638132371429;38.1465704757143;49.1544990542857;3.24699391664937;13.1010960578889;0.533173804589612;1.77415913605489;7
218;2021;6;1049;2021-06-26;2021-07-02;18617.84151786;10813.65359933;1703.44627162429;5484.15924944429;61.3533859242857;102.781556264286;39.1714428485714;65.67848587;18439.0597098243;9836.72963169714;1688.39029366857;4813.11530412857;60.7788996014286;93.4368994585714;38.8258852257143;57.9421572;7.25739674215856;14.4944151903093;3.40689214758042;20.7079081583414;7
217;2021;7;1050;2021-07-03;2021-07-09;17773.77762277;6317.92696707714;1645.60070800714;4846.50223214429;69.082701548571407;58.0043138771429;43.3224427371429;92.3823994228571;17645.6699218771;6159.57875279;1631.65829031857;4074.65171596143;68.5847723857143;56.55052839;42.9553718585714;77.66961452;2.63988903825894;11.0130114395924;0.378022833405726;4.45665773064743;7
216;2021;7;1051;2021-07-10;2021-07-16;15590.9515904029;3938.39693778;1588.99942452429;4454.27099609429;60.59854344;36.1580859585714;41.8323140842857;84.9058140357143;15456.5181361614;3818.44367327143;1575.02413504571;3612.61579241143;60.0760285514286;35.0567855842857;41.4644143257143;68.8624572757143;2.01991637822407;2.07873288770625;0.241873627773178;1.92216887210227;7
215;2021;7;1052;2021-07-17;2021-07-23;14718.0763113871;3467.47443499143;1591.48657226571;3954.62398856143;57.2058574142857;31.8345712957143;41.8978135242857;75.3817138671428;14611.2391183057;3354.44471958571;1576.46730259429;3135.85470145286;56.7906145385714;30.7968428457143;41.50239999;59.7746140614286;0.376819415361917;1.48269789407582;0.043323090655789;2.09827274514529;7
214;2021;7;1053;2021-07-24;2021-07-30;14435.6410435271;3402.68129185143;1583.88328334143;3434.24026925143;56.1081139685714;31.2397142128571;41.6976427342857;65.4623276828571;14212.1217912957;3285.01625279143;1574.69342912857;2890.70385742143;55.2393428271429;30.15942846;41.4557140885714;55.1016142714286;1.45707089235239;3.72577553420565;0.383174026560583;1.14453299059864;7
213;2021;7;1054;2021-07-31;2021-08-06;13376.10449219;2897.13288225571;1527.04199218714;3152.37203543571;62.9806714742857;28.74327142;45.23575701;93.1720559257143;13164.7445591529;2709.04684012429;1515.29656110571;2714.42982701;61.9804562142857;26.8870999485714;44.88905716;80.1533279428571;4.15747156123569;1.09104658355448;2.05008020112091;11.6599815525555;7
212;2021;8;1055;2021-08-07;2021-08-13;12716.8417968771;2605.06372070286;1452.16599818714;2780.17354910714;61.6774286542857;26.2267001014286;43.8280852171429;87.1714717328572;12553.7512555814;2466.40869140571;1442.73313685857;2501.85309709857;60.8864288314286;24.8307574157143;43.5433725628571;78.4448154985714;0.895219178078557;2.62851872685764;0.908519114215445;3.90675449759079;7
211;2021;8;1056;2021-08-14;2021-08-20;12165.4485212057;3501.10414341429;1412.46627371714;2516.98200334857;59.0031422214286;35.24765723;42.6298713671429;78.9191731042857;11998.9029017886;3343.88943917571;1403.54413713857;2231.11495535714;58.1953571857143;33.6648712142857;42.3606000614286;69.9559140885714;0.667556988623419;1.06489817912836;0.143241424502973;0.816828320471945;7
210;2021;8;1057;2021-08-21;2021-08-27;11532.1548549129;3997.04408482286;1411.51199776714;2231.89003208714;55.9316002971429;40.2405850542857;42.6010856614286;69.9802148014286;11364.7847377243;3753.15234375143;1401.73786272286;2111.30972726143;55.1198719557143;37.7851854057143;42.3060858585714;66.1994579885714;0.957335475128812;9.33737473219928;0.280140138334132;2.52865412720171;7
209;2021;8;1058;2021-08-28;2021-09-03;11516.91280692;3151.31476701857;1401.17257254429;2021.48186383857;56.9498438171429;30.1607284542857;44.4638421171429;74.3292290828572;11335.9561941971;2887.30904715571;1391.24827357857;1952.83602469429;56.0531567171429;27.6173708771429;44.1462004514286;71.8346568514286;1.32619703457152;7.35074472008973;2.76695189660234;13.3988322293298;7
208;2021;9;1059;2021-09-04;2021-09-10;11247.0870535714;3844.61631557;1375.44616699286;2013.80186244429;57.03527178;33.2847431728571;46.4782142628572;88.5904137742857;11058.60532924;3194.73001534571;1368.14801897286;1922.44386509571;56.0794285357143;27.6583709714286;46.2316006242857;84.5714285728571;0.765288281886039;9.78718191774376;0.351251185785296;1.49633563764238;7
207;2021;9;1060;2021-09-11;2021-09-17;11101.0022321443;8112.74689592857;1343.83670479857;1840.04485212143;56.2944134314286;70.2360850728571;45.4100995757143;80.94657244;10943.0193917414;7774.46725027857;1334.57130649857;1797.93127441429;55.49328559;67.3074136457143;45.0970142914286;79.0939004085714;0.141334600324182;34.3118977452513;0.466670708759917;2.20109914588891;7
206;2021;9;1061;2021-09-18;2021-09-24;11128.7089843757;13922.3395647343;1284.33897181857;1732.73627580857;56.4349572314286;120.532584055714;43.3995568414286;76.2258867542857;10951.1410435286;13093.0387834814;1276.45971679714;1691.38516671286;55.5344859542857;113.352912902857;43.1333421971429;74.4067862371429;0.406555222463265;24.5303061653672;0.524495614426338;0.703339576394435;7
205;2021;9;1062;2021-09-25;2021-10-01;10818.3024553586;6753.42578125;1222.67914690143;1648.46170479857;53.5573572442857;57.2902853842857;40.8361571171429;72.0100435528571;10629.7120535757;6601.45570591571;1216.20828683143;1633.22973632857;52.6206289;56.0136282785714;40.61997223;71.3412857042857;3.12129470807075;8.77408744061934;1.46776077929257;1.19676844083978;7
204;2021;10;1063;2021-10-02;2021-10-08;14563.6817801357;10820.47014509;1142.21716308714;1723.15115792429;61.68510001;82.3705150057143;35.4289283757143;72.0989140114286;14069.1725725457;10482.7321428571;1134.28472028571;1715.64787946571;59.5905843442857;79.7994864328572;35.1828716814286;71.7849589757143;11.179936583015;5.43522624084083;1.15902791043199;1.28844089977284;7
203;2021;10;1064;2021-10-09;2021-10-15;20137.7965959857;11677.5355747771;1027.29370989286;1694.28344726571;85.2945142485714;88.8948713014286;31.8642856057143;70.8910424357143;19447.2617187529;11272.9718191986;1016.76770019429;1691.30887276857;82.36969975;85.81514413;31.5377853928571;70.7665710442857;6.87778180766026;6.98625547629672;0.878122657480376;0.462832897530949;7
202;2021;10;1065;2021-10-16;2021-10-22;26883.8942522357;16168.4295479929;1247.58097621429;1998.76602608714;113.867870875714;123.081685745714;38.6970713485714;83.6310130514286;26343.6930803586;15362.4730747771;1222.11585344571;1996.68144879857;111.579828534286;116.946387152857;37.9072004028571;83.5437850928571;6.24000877760087;18.7787396472352;8.94806609002333;11.0253419574133;7
201;2021;10;1066;2021-10-23;2021-10-29;27549.7137276814;11760.3148716543;1922.29343959143;2608.77943638286;116.687970841429;89.5250560228572;59.6250997257143;109.154785154286;27072.8155692;11435.6554129486;1898.49412318571;2595.59486606857;114.668054852857;87.05357143;58.8869002214286;108.603127615714;2.81140799553375;10.0999850667014;5.41288583844375;3.48462152947998;7
200;2021;10;1067;2021-10-30;2021-11-05;27932.0516183043;7398.68666294571;2992.57770647429;2888.91845703286;97.0301012314286;72.0397704;64.9122287185714;85.0392259885714;27365.3886718786;7142.12744140714;2981.13773019;2882.34943498857;95.1300277714286;69.5543409071429;64.6269574842857;84.8571428557143;12.6373080385763;7.11801389466358;9.27823465747852;20.4584042992696;7
199;2021;11;1068;2021-11-06;2021-11-12;25808.2731584857;5793.21358817143;4112.77825055857;4430.40736607286;82.1036573128571;62.4994147142857;77.5540150228571;109.969842092857;25494.7028459857;5554.64913504714;4112.67009626143;4406.47534179857;81.1061128885714;59.9256847914286;77.5519725257143;109.375813075714;2.4246120025726;5.54820878963739;8.035768984704;18.3671466147678;7
198;2021;11;1069;2021-11-13;2021-11-19;28753.1975446471;4563.81947544571;4071.35763114;6262.99121093714;91.4723423557143;49.2362425671429;76.7729426814286;155.45752825;28254.9082031271;4247.01886858286;4053.07407924286;6256.99058314714;89.8871143885714;45.81847218;76.4281714314286;155.30858503;1.98873100660186;4.89464495499049;7.58295112194254;10.350523942538;7
197;2021;11;1070;2021-11-20;2021-11-26;33063.0002790186;4719.74473353714;4738.57114955429;7861.68694196429;105.183085851429;50.9184286942857;89.3544987285714;195.139757428571;32634.6517857157;4451.30657087143;4735.20047433143;7843.4460798;103.820358275714;48.0223862785714;89.2909273442857;194.686970302857;5.14884132825039;5.8325644708426;2.54767987850678;13.2418595938548;7
196;2021;11;1071;2021-11-27;2021-12-03;31619.0711495557;3421.13727678714;6378.39160156286;9134.36383928571;85.46747044;40.4402427685714;94.76575688;175.232769558571;31340.8300781286;3288.59524972143;6369.03536551429;9093.25697544714;84.7272426057143;38.9102723257143;94.5916421071429;174.573711938571;17.4039819313675;2.54933949610731;24.2241844966909;57.2651284278434;7
195;2021;12;1072;2021-12-04;2021-12-10;34564.8992745543;2612.09409877286;8384.97586495572;10480.7908761171;71.94744437;35.3530861985714;85.2335717342857;126.759786332857;34149.1760602686;2457.08855329286;8055.21568080429;10323.5073939729;71.08214242;33.2551708242857;81.88155692;124.857529775714;3.26741156672646;1.72574545969013;3.40490465129282;11.7909725421184;7
194;2021;12;1073;2021-12-11;2021-12-17;37056.9207589286;2216.44409179714;8741.52078683;14204.8380301343;77.1346708028571;29.9982141757143;88.8578578414286;171.800242832857;35858.5186941971;2059.86987304714;7907.32659040286;13812.6010044629;74.6401421685714;27.8790572028571;80.3782577514286;167.056331087143;5.34836309313521;0.947386060120008;1.83109926579495;9.55111352701101;7
193;2021;12;1074;2021-12-18;2021-12-24;49551.4860491071;1888.11614118143;9805.02064732286;16717.9400111643;103.142327445714;25.5545000342857;99.6683861871428;202.194902691429;47443.4017857143;1688.83058384571;9157.48897879714;16410.7426060286;98.7543149671429;22.8572714671429;93.0861696528572;198.479533604286;7.6463656278657;0.895015840301013;10.9311702036298;9.67439415912733;7
192;2021;12;1075;2021-12-25;2021-12-31;54310.4838169643;1655.85328892429;14153.4372209829;23166.6969866086;113.048271178571;22.4109431671429;143.870201111429;280.189355031429;47710.6082589286;1350.81326729857;12034.4080636186;21401.2237723243;99.3105141785714;18.2824143;122.330184935714;258.83682687;3.21379143278547;1.38355704089421;7.917018954273;29.8681022569662;7
191;2022;1;1076;2022-01-01;2022-01-07;65391.78125;1804.49499511571;15726.2145647343;32850.0602678586;99.5092718957143;24.1613856728571;116.668944221429;207.490942818571;57856.4268973214;1552.65201241571;14529.14857701;27077.6082589314;88.0424139828571;20.7893144071429;107.788200378571;171.03038897;7.06527655427883;4.28971162265211;5.3205570998037;6.30566251183528;7
190;2022;1;1077;2022-01-08;2022-01-14;91272.8325892857;1972.83342634;16755.7310267886;37028.1478794643;138.893501281429;26.4153714871429;124.306671142857;233.881001062857;77912.2767857143;1748.68327985429;15876.9009486614;25154.51199777;118.562199182857;23.4141001;117.786856514286;158.883514405714;12.1835884038325;1.60377382984467;1.62847790120979;7.14527673883681;7
189;2022;1;1078;2022-01-15;2022-01-21;78344.5401785714;3261.02256557143;16855.41043527;38956.6473214286;119.219997951429;43.66364234;125.046157837143;246.061998641429;71332.3805803571;3125.20474679143;14718.7601841514;20954.6994977714;108.549314228571;41.8450862342857;109.194871084286;132.356240408571;8.10493330129217;11.3868006469622;2.42203678495763;2.80205875747293;7
188;2022;1;1079;2022-01-22;2022-01-28;58430.6919642857;3379.23339843857;19439.2078683057;34001.2633928571;88.9163000928571;45.2464141828571;144.214728217143;214.762285504286;55317.0089285714;3263.61568777857;15488.6414620557;20685.92885045;84.1780994971429;43.6983566285714;114.906427657143;130.658614021429;6.33152804670192;2.3449285623818;11.7106070766295;3.54471823598406;7
187;2022;1;1080;2022-01-29;2022-02-04;60212.5301339286;4286.36282784714;23916.3337053586;29312.4550781271;87.6208997457143;54.5804574142857;171.945955551429;153.333056858571;56074.2606026786;4064.76778739;19602.9204799129;19865.7703683057;81.5991298128571;51.7006574371429;140.958140781429;103.967185974286;5.00640564488918;3.82907312915846;4.45935170480789;23.2734443659125;7
186;2022;2;1081;2022-02-05;2022-02-11;79363.9330357143;3710.3984375;23626.77120536;28218.1679687529;112.062656948571;45.3765858228571;165.938145228571;123.706243244286;73994.5859375;3524.02832031143;19463.8306361643;19642.9308035743;104.481115067143;43.0973720542857;136.700531005714;86.1130698042857;7.61912614378073;9.17529635218709;2.11912684818195;2.60292200776879;7
185;2022;2;1082;2022-02-12;2022-02-18;87895.3258928571;1968.96787806857;21391.5625000029;30384.5931919657;124.109073095714;24.0796424314286;150.239586967143;133.203683034286;80900.96875;1791.43486677143;17467.7752511171;20180.1562500014;114.232957022857;21.9084998557143;122.681599207143;88.4682421;3.63863719158351;2.86469521522362;6.89881494053112;2.80564590851167;7
184;2022;2;1083;2022-02-19;2022-02-25;79228.8091517857;1736.08698381857;18149.0527343771;33752.0290178571;111.871871948571;21.23160008;127.466455732857;147.966284617143;70937.5926339286;1512.85100446429;13185.9609375014;19443.7578125029;100.16458675;18.5015286028571;92.6090992514286;85.23992811;4.56715244237883;2.77359775733127;9.77073374924226;1.9530672911402;7
183;2022;2;1084;2022-02-26;2022-03-04;63225.2416294643;2598.20926339571;16259.4263392857;32694.47293527;90.5491289414286;35.0217001771429;114.616884504286;130.965427942857;58034.8136160714;2339.28318568714;10642.8836495557;18661.1967075929;83.1195286342857;31.5874571128571;75.0429000857143;74.4994005471429;4.62411460013512;5.59742998877704;9.13356587453575;5.89306832595402;7
182;2022;3;1085;2022-03-05;2022-03-11;52876.1283482143;3273.89369419571;17521.2444196457;31667.5025111643;76.6221149985714;46.8475570671429;123.84588623;117.455571855714;49273.38671875;3026.04356166286;12691.7924107157;19955.0569196457;71.4014293128571;43.3009572671429;89.7097571257143;74.0138146514286;3.71145989221698;7.50885192094793;8.04889392058913;1.83897024481619;7
181;2022;3;1086;2022-03-12;2022-03-18;51255.1635044643;6040.69886997714;18287.6967075914;33555.7360491071;74.27318464;86.4389555785714;129.263398305714;124.4590574;48084.6294642857;5781.40611049143;14799.7512555814;19562.57868304;69.67881339;82.7286142628571;104.609472002857;72.5580858485714;3.25530682813061;18.7350915853746;2.56460800698879;1.69797334221731;7
180;2022;3;1087;2022-03-19;2022-03-25;52840.7081473214;9887.98011997857;17882.2952008943;33009.0742187514;76.57081386;141.491355895714;126.397886004286;122.431485857143;48812.1462053571;9521.47412109429;15880.7848772329;18509.7896205386;70.7330442142857;136.24685778;112.250572204286;68.6532854342857;1.35437548103083;40.990338975287;4.24064221230644;1.0800144714689;7
179;2022;3;1088;2022-03-26;2022-04-01;49641.2706473214;10796.7910156271;15555.1770368329;33347.5203683043;74.5658863614286;155.607013157143;113.398771012857;123.552871702857;45874.5837053571;10475.2068917443;15334.8457031257;18698.1255580386;68.7949131557143;150.983985901429;111.805343627143;69.2802145842857;4.21747386417628;48.3312268577574;6.34555840092785;0.998854749018173;7
178;2022;4;1089;2022-04-02;2022-04-08;46640.5027901786;9098.72705078286;10645.3091517871;33155.5111607157;85.3786577485714;140.45981489;92.98928615;122.072983878571;41752.9441964286;8843.12172154143;10553.8519810286;18130.0694754486;76.4316297242857;136.513956342857;92.1903719214286;66.7518730171429;1.51283437080147;31.7495402887797;17.8724555928963;3.63618224034111;7
177;2022;4;1090;2022-04-09;2022-04-15;42392.8934151786;12336.2286551343;6251.34354073714;29904.7670200914;77.6031297957143;190.438145228571;54.6069717414286;110.104299271429;40289.5122767857;12047.7280970986;6230.71065848143;19928.8800223243;73.7527291428571;185.984442575714;54.4267289314286;73.3747722071429;1.43130866643581;21.4636660322087;5.94099843966062;2.82256756040319;7
176;2022;4;1091;2022-04-16;2022-04-22;40329.6462053571;8196.90171596;6654.60365513571;28167.0036272357;73.8262002114286;126.53807177;58.1295280485714;103.706144061429;38842.6227678571;7992.36007254571;6540.86342075857;19109.9827008943;71.1040987285714;123.380499705714;57.1359716157143;70.3597008828571;2.42325089832954;16.6774991142165;5.78954016115059;1.68312479971941;7
175;2022;4;1092;2022-04-23;2022-04-29;34576.6696428571;11151.5114397329;6071.42766462143;27278.6107700914;63.2949856342857;172.149274552857;53.03535734;100.435227528571;33896.7586495543;10644.4409877229;4828.28452846;18527.4363839314;62.0503708971429;164.321485245714;42.17621449;68.2148993357143;2.36779482551886;14.1358132146265;6.8782990520912;1.29702664172604;7
174;2022;4;1093;2022-04-30;2022-05-06;30068.9207589329;31279.5712890629;4487.07979910857;24332.8376116086;72.4467282985714;371.372606548571;61.06262752;114.381401062857;29339.96763393;22273.9144810286;3952.24431501;18543.9341517886;70.6552282071429;265.70575823;54.4301569814286;87.4451272142857;5.74717555668972;112.332612844342;13.5696651917172;10.5043806087108;7
173;2022;5;1094;2022-05-07;2022-05-13;27863.0770089314;21725.6251395114;3868.22638811571;21264.5957031286;70.0227998985714;254.390128;56.0227290557143;103.80040087;26801.7756696443;15733.28152902;3800.32341657286;17735.82854353;67.3556431371428;184.22443935;55.0392859328571;86.5751724242857;1.57317379306595;70.7477178020324;3.0152326959031;5.87464064692661;7
172;2022;5;1095;2022-05-14;2022-05-20;26784.7307477714;11424.8159877257;3356.47098214286;17496.47684152;67.3128138942857;133.775671822857;48.6110714485714;85.4068276557143;26096.0396205371;8861.30894252429;3319.71128627143;15243.10825893;65.5820579528571;103.759014675714;48.0786999271428;74.40727016;2.13780533551672;9.34019510915109;0.634797751537034;3.63189168625118;7
171;2022;5;1096;2022-05-21;2022-05-27;25568.3537946457;7188.16503906429;3420.36983816857;14577.19168527;64.2559296728571;84.1677998128572;49.5365142814286;71.1567132128571;25089.9849330386;6794.03703962;3401.88201032143;12423.46749442;63.0537436357143;79.5528847842857;49.26877158;60.6435574114286;1.69536098426956;8.48373321614481;1.20556327740918;2.69198743930405;7
170;2022;5;1097;2022-05-28;2022-06-03;23902.2765066986;23490.8779296886;3280.21125139571;12665.93498884;65.9312580671429;250.069123405714;57.7611143942857;85.0878715528571;23751.4893973229;11983.5507812514;3261.92769949857;10670.92564174;65.5147143771429;128.244297571429;57.4285708842857;71.8722577771428;7.98608409907635;29.2183259197498;11.77923423888;23.1460790711422;7
169;2022;6;1098;2022-06-04;2022-06-10;25371.3406808043;25993.6328125029;3058.62970842571;11454.5453404029;78.1124714442857;247.706359864286;67.0897140485714;107.105327062857;25080.8328683057;14088.4866071443;3035.33471679857;9836.26130022429;77.2180731642857;134.256272451429;66.57875824;91.9735990242857;0.677372308893053;22.0863485078936;3.03761478739208;3.35427287083984;7
168;2022;6;1099;2022-06-11;2022-06-17;26399.5178571457;16924.8875558057;2717.36188616143;10406.6869419657;81.2780009685714;161.285742622857;59.6041717542857;97.3073566985714;25836.9718192;12050.1562500029;2691.00896344714;9340.11216517857;79.5460412157143;114.831984381429;59.02610016;87.3343712957143;1.97600682661111;12.3130828556649;1.06861519705442;0.654962978729124;7
167;2022;6;1100;2022-06-18;2022-06-24;23918.7494419657;28629.8219866086;2747.47687639571;9180.45061384286;73.6403143742857;272.827944074286;60.2647138328571;85.8414709885714;23639.8604910729;11227.7343052443;2723.88190569286;8468.45277622857;72.7816717971429;106.994712828571;59.7471575071429;79.1839708614286;2.33022796735365;20.6499182681953;0.567581154484083;5.5152572274603;7
166;2022;6;1101;2022-06-25;2022-07-01;20798.5669642886;22645.5710100457;2757.94904436286;7412.23486328143;66.3920015585714;215.309901642857;62.3811569214286;78.8837574542857;20452.74246652;13431.59905134;2738.74612862857;6705.15820312571;65.3116705785714;127.592341831429;61.9476149428571;71.2925998142857;5.44628194564894;25.2252947255675;6.07047723818372;21.0002144333036;7
165;2022;7;1102;2022-07-02;2022-07-08;18601.1194196457;9625.20954241143;2590.36164202;6435.80008370571;72.8050569828572;89.2437842228571;68.8820713585714;122.510185242857;18462.0295758971;8712.95500837143;2571.56727818143;5893.28313337;72.2606277457143;80.7854843142857;68.38229915;112.182986667143;2.19942772286857;8.17929863427037;2.14971701481034;4.96942562506913;7
164;2022;7;1103;2022-07-09;2022-07-15;17040.5711495557;7540.82373047;2426.39711216714;5591.37925502286;66.6970280242857;69.9176128914286;64.5219721114286;106.436013358571;16879.2653459857;7075.42194475571;2405.45786830429;5109.46658761143;66.06567056;65.6024709442857;63.9651712685714;97.2624577114286;1.55598332998249;4.16383077400123;0.80764043400952;2.84201834169566;7
163;2022;7;1104;2022-07-16;2022-07-22;16237.6166294657;8252.88023158571;2338.44342913;5021.81375558;63.5542569828571;76.5197285257143;62.18314307;95.5939145771429;16095.4591238857;7548.94433593857;2319.13542829429;4575.14208984286;62.9978577742857;69.9929280942857;61.66971479;87.0911996042857;0.292668703878743;4.25285867586243;0.510561846432664;3.46223996433493;7
162;2022;7;1105;2022-07-23;2022-07-29;15583.3821149557;5428.56787109571;2389.22569056857;4439.02622767714;60.9935722357143;50.33304269;63.53352901;84.5001296985714;15441.4589843757;5130.74037388429;2369.30789620571;4106.13759068143;60.4380858285714;47.5716144028571;63.0038719185714;78.16332899;0.970287194495613;6.30494709339958;1.8266374213468899;1.08717047376753;7
161;2022;7;1106;2022-07-30;2022-08-05;14906.0267857143;4393.61718750143;2329.74142020143;4101.26482282286;68.5524422785714;43.2916859214286;68.3267865857143;113.874126978571;14760.2686941986;4118.48549107143;2311.10644531286;3710.72171456571;67.88315691;40.5758427214286;67.7829709728571;102.825571332857;6.363652651137;1.56131177161245;3.00918051835558;19.9144107501751;7
160;2022;8;1107;2022-08-06;2022-08-12;14892.9934430814;11610.1307896229;2128.28515625143;3660.70989118286;72.6575840528571;117.449315208571;64.9040718085714;114.957714625714;14751.9554966529;11002.4215959829;2115.51726423;3350.69269670714;71.9695292885714;111.301656995714;64.5147143785714;105.222200665714;2.59387271897705;50.9924938759103;0.741596503388754;1.41478438320852;7
159;2022;8;1108;2022-08-13;2022-08-19;16879.6891741114;17042.0258091543;2045.76098632857;3290.62381417286;82.3499723157143;172.398941038571;62.3874282828571;103.335857935714;16731.43387277;15239.1741071457;2037.48740932;3140.17386300143;81.6266708385714;154.161085945714;62.1351138514286;98.6112561914286;2.96152248108818;40.0910464059949;2.61375260920152;2.9431218811868;7
158;2022;8;1109;2022-08-20;2022-08-26;17907.4776785743;16935.9764229914;1934.06869071;3023.97788783429;87.3641869671428;171.326130458571;58.9812714728571;94.9623413071429;17734.7241908486;15632.2939453143;1920.67984444857;2876.35271344857;86.5213579457143;158.137956891429;58.5729713442857;90.3264705128571;4.1283212395233;39.662951516533;2.73676016711811;0.719030657446833;7
157;2022;8;1110;2022-08-27;2022-09-02;14837.65904018;8735.02497209857;1953.50413295286;2829.77671596;73.2708424171429;84.4575729357143;61.6214855757143;98.5880715514286;14688.0107421886;8611.88560267857;1936.94470214714;2717.5669642828602;72.5309284742857;83.3026564471428;61.0990856728571;94.7295150771429;2.77330540447756;18.0078667989867;4.39177541885069;13.3956107512739;7
156;2022;9;1111;2022-09-03;2022-09-09;13409.2519531271;7406.14418247857;2137.47059849429;2559.28752790286;68.3965715685714;63.6928144171429;72.8843427371429;112.906670705714;13252.4545200886;7319.41169085;2122.27976772;2448.17229352714;67.5967995785714;62.9468999585714;72.3663580757143;108.004641941429;1.68381344989631;6.60346020819787;3.26391647481983;4.93875838554253;7
155;2022;9;1112;2022-09-10;2022-09-16;14284.0733816986;10392.2622767871;2405.28358677571;2262.66214425286;72.8587570171428;89.3734305242857;82.0163290842857;99.8206154985714;14119.0643136157;10123.2138671886;2391.63929966571;2196.91549246571;72.0171279914286;87.05958666;81.5510722571429;96.9201006228571;1.24293302011135;15.1037110370361;1.14916468027652;1.40020715249424;7
154;2022;9;1113;2022-09-17;2022-09-23;15651.5891462071;10729.1961495557;2364.44426618286;2123.59727260143;79.8340584885714;92.27104187;80.6237858371428;93.6855577742857;15473.1761997771;10586.9808872786;2350.00129045857;2070.18732561429;78.92402867;91.04800197;80.13128444;91.3293010185714;5.82645046487086;2.60396817040653;2.78827976898109;0.661732086186771;7
153;2022;9;1114;2022-09-24;2022-09-30;21822.6481584829;11061.8977399557;2094.00687081429;2108.52556500857;111.310787745714;95.13228607;71.4022848942857;93.0206429628571;21628.6517857186;9904.39188058143;2080.40958077714;2063.89500209429;110.321272712857;85.1777136657143;70.93864332;91.0517294742857;14.0845953727482;4.48951505719279;2.69571658269014;1.2931570935228;7
152;2022;10;1115;2022-10-01;2022-10-07;25027.2067522357;9858.51074219;1941.94327218143;2116.55043247714;105.937343052857;73.7905420557143;60.8898718685714;88.8012433742857;24858.2338169671;8786.75188337143;1931.86586216571;2089.31769670714;105.222099304286;65.7684555057143;60.5738721557143;87.6586706985714;2.85405382575062;4.72233177090332;2.85851079251028;0.75351465427228;7
151;2022;10;1116;2022-10-08;2022-10-14;26875.5195312529;30973.75767299;1802.48071289;2092.37255859429;113.761041912857;231.837267194286;56.5169857585714;87.7868423471429;26638.9494977714;13936.9033203143;1786.85283551857;2068.26831054714;112.759670802857;104.31711415;56.0269709971429;86.7755421228571;2.61895330202131;37.1976229213596;1.46931030617139;0.47633732134875;7
150;2022;10;1117;2022-10-15;2022-10-21;24171.4517299143;26503.2516741086;1846.37955147857;2133.78696986714;102.315027511429;198.375712802857;57.89345714;89.5244129728571;23930.8886718771;12393.84654018;1832.07958984571;2107.27228655143;101.296755111429;92.7674146385715;57.4450863428572;88.4119851257143;7.21144878915908;17.5624788594581;3.75591171131035;0.843248372680084;7
149;2022;10;1118;2022-10-22;2022-10-28;23424.2611607171;18029.6908482157;1924.49269321857;2344.72586495571;99.1522576471429;134.951469421429;60.3426993214286;98.3744855585714;23206.2039620557;11602.8461216557;1910.25502232143;2317.81455775714;98.2292709357143;86.8468006671429;59.8962576728571;97.2454289014286;6.39243576884099;12.2750393898127;4.52293203476189;5.47754638058733;7
148;2022;10;1119;2022-10-29;2022-11-04;24595.4012276814;14560.3251953129;2688.5988072;2786.15611049143;87.72304099;135.306441171429;62.7986292142857;87.7284284328571;24333.9405692;9517.93973214572;2676.53376116;2770.69353376143;86.7587432871428;89.7129146028572;62.5153999328571;87.3478415357143;5.78769993228739;21.6554293343013;15.135785605293;19.7025256253721;7
147;2022;11;1120;2022-11-05;2022-11-11;23500.5387834843;8833.42892020143;4830.3351702;4105.10498047;74.9201420385714;94.8673444457143;91.4966724928571;101.037485397143;23216.9944196443;7575.62353515571;4818.28219168571;3934.68327985571;74.0162004742857;81.3590572914286;91.2683715814286;96.8429859714286;7.94506362901991;12.6959885755713;11.4008419744458;10.7762140532179;7
146;2022;11;1121;2022-11-12;2022-11-18;23142.1403459843;7489.22098214429;3213.16444614857;4623.82038225571;73.7775421142857;80.4311272771428;60.8640714371429;113.80445862;22624.3869977714;6306.60888672143;3193.55301339429;4444.40938895286;72.1269585728571;67.7303586685714;60.4926000328571;109.388671874286;4.28849313381592;3.71468714019164;3.74317495173915;4.12867147439569;7
145;2022;11;1122;2022-11-19;2022-11-25;23731.5025111614;4896.22446986714;4170.35654994429;4322.41169084857;75.6564723414286;52.5834143514286;78.9953002928571;106.386015755714;23388.4893973243;4823.55245535857;4156.56731305857;4306.62883649571;74.5629283357143;51.80294255;78.7340992514286;105.997543335714;2.24797232246555;2.48017550843851;4.11158452763537;5.86259472487118;7
144;2022;11;1123;2022-11-26;2022-12-02;26573.8406808043;6080.86202566857;6408.67689732;6386.63427734429;75.94252886;70.7816717957143;101.870129178571;128.589546202857;25813.0633370557;5615.60930524571;6077.63176618428;6249.44370814714;73.8071136471429;65.11571448;97.1685431357143;126.47039904;12.2427350401338;16.3151452486807;21.1462057495975;27.832024082578;7
143;2022;12;1124;2022-12-03;2022-12-09;32711.92857143;9161.05412946571;7894.25202288;10623.9935825886;68.17962701;123.548170905714;80.27622986;126.245414734286;32074.0454799114;8725.47732980286;7484.65904018;10355.1279296871;66.8501161857143;117.673886981429;76.1110992428571;123.050471714286;8.9052794736508;12.3340218459939;2.9154623888535;8.33222942685904;7
142;2022;12;1125;2022-12-10;2022-12-16;42722.0223214286;9171.96121652;7567.81068638571;10301.3929966529;89.04308537;123.695258005714;76.9566715785714;122.411970954286;42116.6411830357;9043.32798549143;7220.01422991286;10260.8235212071;87.7813437328571;121.960485185714;73.4199425842857;121.929842265714;1.99189652334841;9.16056635185091;2.08933916530203;6.84818372395593;7
141;2022;12;1126;2022-12-17;2022-12-23;47987.2834821429;8271.01750837143;9920.11383928571;9573.90080915143;100.017171587143;111.544929504286;100.877128598571;113.767114911429;46307.9157366071;8194.67689732286;9078.55894252143;9537.48228236857;96.5169721328571;110.515385218571;92.3193719042857;113.334344044286;2.31390849758385;6.50343013095943;11.9091188853826;3.96033350502622;7
140;2022;12;1127;2022-12-24;2022-12-30;50936.6729910714;6575.07958984429;12614.60700335;12994.1051897314;106.164413451429;88.6731011528571;128.277270725714;154.409557888571;48362.5904017857;6454.05015346;11821.2633928571;12701.6922433029;100.799414498571;87.0408575857143;120.20979963;150.934801372857;5.93316367573631;7.30994210794224;6.36426501994969;20.5166997650774;7
139;2022;12;1128;2022-12-31;2023-01-06;61055.0050223214;6775.40904017714;12840.2833426357;18966.0485491086;97.55771528;89.4628274085714;100.495270867143;135.683512005714;58052.7472098214;6493.08858817286;12611.1686662957;18357.8663504486;92.6469573971429;85.7349417542857;98.7365297585715;130.879772732857;8.55216008463272;4.49690064375111;12.4195478242906;28.3235587761402;7
138;2023;1;1129;2023-01-07;2023-01-13;84067.4095982143;5526.31745256714;13864.5327845986;20014.7167968771;128.144901821429;72.7161865257143;103.231657845714;128.972128731429;75428.3917410714;4803.62486049143;11929.0422712071;19510.9910714329;114.976371765714;63.2068999157143;88.8205152257143;125.72618648;9.13282794024237;8.61241394892359;11.5914857329966;2.19447353828608;7
137;2023;1;1130;2023-01-14;2023-01-20;85265.6071428571;7436.86167689714;13613.1519252243;20477.8934151814;129.971342904286;97.8554720214286;101.359927587143;131.956772938571;69701.5418526786;6606.41371372857;9205.77078683143;18858.2195870571;106.24687086;86.9282858685714;68.5437425885714;121.519813537143;7.70933210100725;18.6483865936775;4.45547442059627;3.98563518572872;7
136;2023;1;1131;2023-01-21;2023-01-27;79457.2354910714;8815.38204520143;16025.6275111629;21267.6166294671;121.117555891429;115.994258337143;119.322600228571;137.04564558;60632.3069196429;7321.00195312429;11555.4861886171;17945.2522321443;92.4225289485714;96.3309418814286;86.0391148157143;115.636757987143;1.80195313319711;19.3842380309605;9.76877462622831;1.30300588050616;7
135;2023;1;1132;2023-01-28;2023-02-03;74005.6651785714;6791.07854352714;16585.1286272343;21035.0772879486;109.388172694286;86.0217851914286;120.748328072857;117.135343278571;57279.5797991071;6190.11300223286;11526.5503627257;17578.0044642886;84.5533992228571;78.2489013685714;83.8443298357143;98.0050136028571;2.48529148300782;7.46570288614833;4.6127347245172;18.2925157432341;7
134;2023;2;1133;2023-02-04;2023-02-10;70651.9966517857;6664.35923549143;15583.2480468771;22302.6559709843;99.92867061;79.9809722914286;110.009958538571;98.8449717928572;54786.5290178571;6396.65534319286;13178.6420200914;17649.9218750029;77.4888992314286;76.7681721285714;93.0346134728571;78.22415706;1.06246138818211;4.1479355218854;5.72502397429444;0.949792459304052;7
133;2023;2;1134;2023-02-11;2023-02-17;71972.6194196429;5675.25599888571;14088.1636439729;22020.1738281271;101.796514238571;68.1104431157143;99.4553996485714;97.5930284757143;47500.2477678571;5496.35191127286;13278.0025111629;17276.2686941986;67.1833289028571;65.9633849014286;93.7360698157143;76.5681435714286;2.22967419069741;3.02107721816082;4.55874371693725;0.818287071809615;7
132;2023;2;1135;2023-02-18;2023-02-24;76736.3303571429;7999.46254185286;12879.8051060271;22637.4015066986;108.534213474286;96.0039727342857;90.9250008728571;100.328600201429;45917.7522321429;6287.28920200857;12468.4686104914;17242.7500000014;64.9450716285714;75.45565796;88.02117048;76.4195720128571;2.9525857753438;22.9383248435543;5.23829979162173;2.03127961674804;7
131;2023;2;1136;2023-02-25;2023-03-03;76914.7276785714;9115.47349330429;9368.51409040143;23551.8155691971;109.792298452857;116.961671011429;66.2314850942857;97.4093279171428;50975.8755580357;6554.25055803714;9251.96554129428;16882.58342634;72.8494012;84.79184396;65.40871375;69.9154706671429;6.81555502783422;11.128451126287;7.11770931832666;7.61872158427711;7
130;2023;3;1137;2023-03-04;2023-03-10;69810.2912946429;10679.2721819229;8083.83754185286;23465.2382812529;100.954356602857;151.117912291429;57.2785709942857;87.8115866528571;56482.8493303571;7726.67096819286;8025.99672154143;15284.3803013414;81.6812297271429;109.336870467143;56.8687716914286;57.1971855157143;2.59675756598021;18.4648694741358;1.83136332910457;4.09249012619967;7
129;2023;3;1138;2023-03-11;2023-03-17;74983.4776785714;9555.60874721143;7138.95814732571;25105.79603795;108.435429167143;135.217415948571;50.58359909;93.9508863171428;47496.1104910714;7112.03871372857;7060.52134486572;17032.6378348243;68.6852722185714;100.639471871429;50.0278151385714;63.7395150314286;2.9095105550319;9.16726722887902;1.35511217151852;1.64781074691958;7
128;2023;3;1139;2023-03-18;2023-03-24;75656.8872767857;6515.80210658286;9121.65771484428;31173.1540178586;109.409284318571;92.20238495;64.6321291242857;116.65614319;49421.2801339286;6143.04185268143;8860.09751674286;17770.5491071457;71.4693145742857;86.9276003171428;62.7788151328571;66.5009427757143;2.93546102445733;7.08085111884052;8.16832947465615;2.10761058685174;7
127;2023;3;1140;2023-03-25;2023-03-31;62813.5139508929;5542.38113839286;6759.42020089429;32588.4866071443;90.7962134228571;78.42792947;47.8943568642857;121.952585492857;48461.8532366071;5443.23144531;6635.67013113857;18812.2441406257;70.05054256;77.0249001642857;47.0174996514286;70.3991590228571;2.2362168862393;4.72993026919963;6.77572859848934;3.52378824638617;7
126;2023;4;1141;2023-04-01;2023-04-07;54605.5864955357;4521.08621651857;4940.86893136143;30198.7848772343;99.6854139057143;69.5013569414286;42.9946436214286;111.980769567143;45046.6194196429;4401.55866350571;4932.59535435286;20104.0998883957;82.2350136885714;67.66388539;42.9226428442857;74.5484150485714;2.65656747734518;6.67990089048312;2.86599778480152;3.26572773495167;7
125;2023;4;1142;2023-04-08;2023-04-14;54365.7075892857;4927.76307896143;4076.97324916143;29590.4935825929;99.2475139085714;75.7530724657143;35.4771423328571;109.251043047143;42546.5904017857;4781.43258231;4061.44764927429;18404.0898437514;77.6710859014286;73.5035852714286;35.3420431942857;67.9471566342857;1.40889846646301;8.95690158384366;1.92956268025231;0.592817869559639;7
124;2023;4;1143;2023-04-15;2023-04-21;56406.6902901786;8242.37611607143;3848.91319057;28128.5920758943;102.973429;126.70766994;33.49262837;103.669271197143;37772.015625;5438.54558454286;3839.92456054714;17909.1844308057;68.9548285357143;83.60519954;33.4144139971429;66.0051710942857;4.71116334548786;21.5288922482869;1.55528617723304;2.64752177846193;7
123;2023;4;1144;2023-04-22;2023-04-28;56420.4229910714;7309.79561942143;4239.31529018143;26069.76841518;102.99849919;112.371384755714;36.8898429885714;96.08138602;36989.0424107143;4953.13364955429;4224.50474330571;16827.43401228;67.52545711;76.1430849357143;36.7609574457143;62.0182991014286;8.2222561617109;20.1417448424683;0.805591791857061;4.37145837663275;7
122;2023;4;1145;2023-04-29;2023-05-05;47782.8030133929;5857.66936384143;4498.81919643;23872.0842633957;109.749673027143;74.21911403;57.6059701114286;107.986658368571;34103.91685268;5409.48611886429;4481.36746651857;16601.1237444214;79.0118566228572;68.6360288342857;57.3784152442857;74.9767995571429;13.5668545635765;15.8167723534141;12.9865162718072;7.80752684265454;7
121;2023;5;1146;2023-05-06;2023-05-12;39658.50390625;9204.47084263571;4124.35770089286;21752.7770647343;99.3139713842857;108.064385551429;59.4269283842857;105.991715565714;32290.1791294671;7149.95696149429;4034.19681222143;14334.77901786;80.8619864342857;83.9435152328571;58.12782887;69.8470589771429;1.99616086236214;10.5411136806112;2.26480483336617;4.10978896059047;7
120;2023;5;1147;2023-05-13;2023-05-19;35661.7628348214;4153.57317243286;4287.69866071571;18947.77371652;89.3052128385714;48.7647149214286;61.7804565428571;92.3241555328571;29971.5323660729;3902.79718889429;4207.01070731143;13474.1780133943;75.05557142;45.8204857971429;60.6178430814286;65.6537437428571;2.46716921922649;8.32756105135823;4.49676118045935;3.73533398053224;7
119;2023;5;1148;2023-05-20;2023-05-26;31468.8493303586;3037.91643415429;3077.76398577;16291.9886997786;78.80518559;35.6664292485714;44.3467995785714;79.3836996914286;27241.8867187529;2905.22258649571;3048.23444475571;12042.6809430829;68.21991512;34.1085275914286;43.9213284085714;58.6787000385714;2.22933301366956;1.01541701029678;3.40990638251311;3.24368789047879;7
118;2023;5;1149;2023-05-27;2023-06-02;31224.5175781286;3537.99037388571;2668.60811942143;12700.8314732143;83.4268133985714;39.4999138971429;43.98109981;76.5124855042857;29146.5817522357;3403.49386160571;2649.50746372714;11471.8595145114;78.0490864357143;37.9639423914286;43.6633420657143;69.99765614;12.7596107993023;5.47361619025059;8.73970954516899;22.7991389982815;7
117;2023;6;1150;2023-06-03;2023-06-09;32601.5817522329;2681.67609514571;2525.69471958714;9993.54631696571;100.095442635714;25.6729858942857;55.1735714514286;93.2660576957143;30788.6219308071;2418.52137974429;2508.63685826;9647.77706473429;94.5291846128572;23.1536570942857;54.80097144;90.0391278942857;2.22753478307813;1.5814103811483;1.25769446328018;5.326435526184;7
116;2023;6;1151;2023-06-10;2023-06-16;29882.7511160743;6254.40450614;2371.14400809143;8298.69447544714;91.7479149971429;59.8764288757143;51.79744339;77.4486291071429;29225.4160156286;5679.14864676286;2351.22614397429;8068.37304687571;89.7297570371428;54.3692278171429;51.3623286657143;75.2991278528572;2.24159966245988;36.8815054242316;1.05278139678308;3.87514178022057;7
115;2023;6;1152;2023-06-17;2023-06-23;32241.7201450914;12020.6130022343;2229.29010881857;6919.45312500143;98.9906016757143;115.079113552857;48.6986421857143;64.5766874042857;30211.6143973229;9130.00962611714;2211.92585100571;6742.77964564857;92.7576283042857;87.4059862428571;48.3193413857143;62.9278717042857;3.41744993076574;22.0152504437254;0.579287833129097;3.57982229129877;7
114;2023;6;1153;2023-06-24;2023-06-30;28294.0265066986;13438.5648018971;2112.47956194143;5905.71072823857;86.8701302657143;128.65387181;46.1469426842857;55.1158142085714;27044.3378906286;8225.49818638571;2102.26527622857;5682.47419084714;83.0332565314286;78.7466561442857;45.9238139557143;53.0324429114286;1.86617930798251;5.17780435607595;0.791215929567576;1.71492915933808;7
113;2023;7;1154;2023-07-01;2023-07-07;24535.5544084857;5492.56856863857;2081.44914899429;5210.18512834857;95.6747992371429;50.2345286771429;55.1373427271429;99.03808594;24057.9737723243;5399.77713448714;2058.72033691286;4969.70389229857;93.8125141685714;49.3858707957143;54.53524181;94.4669004171429;2.9636343620745502;6.70386857640704;0.588826231644547;4.76268327527652;7
112;2023;7;1155;2023-07-08;2023-07-14;23650.1185825929;27802.5800781243;2353.98475864857;4326.63385881714;92.2221003942857;254.279811312857;62.3567570271429;82.2430561614286;23409.3858816986;11116.7078683043;2343.97471400714;4123.48974609429;91.2833851414286;101.672370912857;62.0915996014286;78.3815874371429;1.23494131579997;44.5968871973074;3.11529403595159;3.15639682265207;7
111;2023;7;1156;2023-07-15;2023-07-21;23043.96902902;22940.7613002243;2354.64296177571;3733.69827706571;89.8584562014286;209.814082554286;62.37419946;70.9722148342857;22752.4871651814;12029.64481027;2331.42954799;3621.22834124;88.7218279142857;110.022043501429;61.75928552;68.8343135285714;1.52146157763524;19.8150691840412;2.12476233164137;2.4670226993276;7
110;2023;7;1157;2023-07-22;2023-07-28;21366.8532366086;11610.9366629486;2075.59258161286;3320.84252929857;83.3186427528571;106.19255828857101;54.9822000771429;63.1244147142857;20970.5345982157;9719.94252232286;2070.79183524143;3221.14930943143;81.7732434928572;88.89768437;54.8550284242857;61.2294142585714;2.5044358157062;7.31629739233424;2.14346980640013;2.65349964873449;7
109;2023;7;1158;2023-07-29;2023-08-04;19943.2670200929;7260.79827009;2157.32053920286;2884.12799944429;88.6624559671429;69.5750421785714;62.0343001228571;74.3873852314286;19686.8833705386;7095.23256138571;2146.59544154571;2795.98957170571;87.5556128371429;68.0292570928572;61.7161140457143;72.2274006428571;9.26126994074884;8.34556595068447;5.94523438451717;15.7766227146921;7
108;2023;8;1159;2023-08-05;2023-08-11;18824.3811383943;6113.23214285857;2154.0574428;2511.60327148429;91.6191155571429;61.2851137428571;65.4221011571428;78.7501863742857;18549.7313058057;5861.35421317;2117.86596679714;2467.36865234429;90.28239986;58.7600571771429;64.32291467;77.3632572728571;1.69711889766353;14.0910895800762;1.50922286791554;2.79990602343052;7
107;2023;8;1160;2023-08-12;2023-08-18;18515.3758370557;13142.5772879471;2288.30698939714;2186.76728166857;90.1151994971429;131.754272461429;69.4994550442857;68.5651130685714;18276.4907924129;11549.61453683;2284.52769252143;2166.0503976;88.9525146485714;115.784828184286;69.3846697142857;67.9155578614286;1.34018124430538;16.0585885898586;2.53975647441715;3.84521636938;7
106;2023;8;1161;2023-08-19;2023-08-25;17979.8119419671;8200.25920759;2066.66130719857;1859.99400111571;87.5085710785714;82.2075718471428;62.7677427014286;58.3192857985714;17741.8317522343;7469.84305245714;2065.6398577;1848.02298409714;86.3503287171428;74.8851427357143;62.7367286685714;57.94395719;1.17946525869583;7.88947160692576;0.158364292836755;2.08271793442614;7
105;2023;8;1162;2023-08-26;2023-09-01;18068.2726004486;5607.96686663;2048.56438337143;1806.97914341571;88.53717259;55.2058138157143;63.2724571214286;60.05467115;17768.8596540214;5524.87653459857;2043.66153390143;1806.97914341571;87.0681860785714;54.38570077;63.1235569542857;60.05467115;3.04691760740762;8.55576855163636;2.63263814084762;10.0457156415768;7
104;2023;9;1163;2023-09-02;2023-09-08;19294.8716517886;25136.2056361629;2040.82142857286;1931.01027134571;98.2241995657143;215.782798767143;69.4069998614286;84.9794998171429;19041.8657924114;16012.6448102714;2036.12283761143;1931.01027134571;96.9362139028571;137.461197991429;69.2471989228572;84.9794998171429;2.87480083004015;54.8092253661965;0.45688171443804;0.92914949544806;7
103;2023;9;1164;2023-09-09;2023-09-15;18916.60184152;15737.5799386186;2130.75969587286;1755.67487444143;96.29851423;135.099900381429;72.46572767;77.26335798;18684.8200334843;12542.81417411;2130.75969587286;1751.40016392286;95.1186141957143;107.674300055714;72.46572767;77.0752291;3.9235211555728;18.1402537550483;1.68024218330317;2.88487537570019;7
102;2023;9;1165;2023-09-16;2023-09-22;16520.4229910743;10996.9066685286;2155.90373883857;1557.17027064714;84.1003428857143;94.4033867985714;73.3208857957143;68.5276140485714;16205.85686384;9483.82854352714;2147.73229980429;1557.17027064714;82.4989852885714;81.4143011914286;73.04297093;68.5276140485714;3.86340186346805;10.8124536749909;1.85629514091075;2.35409067415917;7
101;2023;9;1166;2023-09-23;2023-09-29;14656.7052176343;14667.3390066971;1961.80585588714;1467.38115583286;74.6127134042857;125.912372044286;66.7197276514286;64.5761854971428;14351.4688895114;10504.6125139529;1957.82231794;1467.36101423143;73.0588585985714;90.1772700714286;66.5842568528571;64.5752993971429;2.20592565754566;17.8897032479057;1.98384430693259;0.391786848009012;7
100;2023;9;1167;2023-09-30;2023-10-06;16507.6283482157;20268.5311104929;1717.74670410143;1452.14456612571;71.6690717414286;154.58871242;54.36751393;61.1952285785714;15637.8487723243;9749.66971261286;1708.24743652286;1436.67789132286;67.9577429628571;75.0751724242857;54.0632994528571;60.5472570142857;4.35897914336414;16.9595139808834;4.45988852909627;1.93049897248712;7
99;2023;10;1168;2023-10-07;2023-10-13;23626.0033482157;59446.72265625;1495.22215053143;1320.50857979857;100.046469552857;447.672973634286;46.6775425485714;55.2325853614286;22528.0228794686;12071.4393136171;1491.54500906857;1317.88141741;95.3969573971429;90.9058837885714;46.5627425042857;55.1227002828571;13.8488753388146;34.0026445009586;1.19683681762074;2.15715660794821;7
98;2023;10;1169;2023-10-14;2023-10-20;25633.8127790214;56126.4849330357;1494.55385044714;1318.66128976143;108.548743111429;422.669398717143;46.6566859642857;55.1553137642857;24535.6598772343;12627.5111607143;1483.82885742286;1306.36755371143;103.898499625714;95.0934720728571;46.3218710757143;54.6411138271429;3.81509783400526;20.205804460302;1.08494027585091;1.65536936821615;7
97;2023;10;1170;2023-10-21;2023-10-27;22025.6568080386;34958.6143973229;1608.68315778429;1325.90844726429;93.26965768;263.261387415714;50.2195423671429;55.4584574028571;21611.9807477686;11278.45765904;1595.00627790286;1320.59212821;91.5179290771429;84.9342286242857;49.7925851;55.2360709057143;7.01242085507096;13.4205840911567;1.20784042661061;0.612773735357426;7
96;2023;10;1171;2023-10-28;2023-11-03;28647.7187500014;56907.5005580357;1589.55817522429;1245.99569266143;105.8852005;508.731541225714;40.8964285171429;43.2231426242857;25116.41043527;12472.0503627243;1575.51555524571;1233.18416922714;94.2862276342857;109.450658527143;40.50587082;42.8104575014286;14.1932802622895;25.9225269768422;8.9461881663953;12.7565290622373;7
95;2023;11;1172;2023-11-04;2023-11-10;33697.47014509;49849.3487723214;2033.61226981;1486.36284528571;107.308885847143;534.844229564286;38.4891003214286;36.5747143885714;28050.7039620557;12865.6593889514;2019.92513602;1475.90556989429;89.3313565942857;138.034826551429;38.2301139842857;36.3174138757143;4.14314238757046;49.8403830241223;3.71247753911106;3.46565380976788;7
94;2023;11;1173;2023-11-11;2023-11-17;22811.0686383971;44617.7751116086;2410.22569056857;1521.81830706;72.7221003942857;479.17627389;45.6547284828571;37.4559854771429;21280.6914062529;11680.5620814743;2403.58639090571;1492.27401297429;67.8432284757143;125.444357735714;45.5289573685714;36.7288289742857;8.15449567471161;33.6950777575126;0.99574588417143;2.37145067567134;7
93;2023;11;1174;2023-11-18;2023-11-24;19777.8445870543;58717.4983258929;2622.58457729;1481.74829101429;63.0521142171429;630.601409911429;49.6772575385714;36.4697576242857;18864.1283482157;20973.3662109386;2614.24054827143;1462.68671526286;60.1391715985714;225.245184764286;49.5191852042857;36.0005999971429;5.05246711919007;56.423220070383;3.22979459660988;1.82270276116261;7
92;2023;11;1175;2023-11-25;2023-12-01;26695.8694196443;26352.6079799129;1691.92142159714;1651.24555315286;80.2986564628571;293.498842511429;30.26115717;37.5106999542857;25233.3593750029;15226.52218192;1683.21184430714;1642.72942243429;75.86650031;169.919682094286;30.1051567628571;37.3011003214286;10.8934562086012;25.6371052331324;8.09461426415627;7.49523770285397;7
91;2023;12;1176;2023-12-02;2023-12-08;30217.8364955386;22931.48604911;1318.35557338143;1861.55114746;62.9813292371429;309.259495325714;13.4063000014286;22.1208855771429;28868.3696986643;13085.3232421886;1313.55786132857;1861.55114746;60.1687006285714;176.471799575714;13.3575000785714;22.1208855771429;1.93045978414559;26.095086775642802;0.658954883836092;0.623968493353825;7
90;2023;12;1177;2023-12-09;2023-12-15;31027.1283482157;18107.1932198686;1393.60628836571;2126.37468610571;64.5930137628572;244.197943552857;14.1715143757143;25.2677999214286;29753.6749441971;11991.34291295;1388.34069824286;2116.42096819143;61.9414858142857;161.718099322857;14.1179571142857;25.1495287757143;1.65963361379704;26.2320067866675;0.438570362231997;0.702737328833277;7
89;2023;12;1178;2023-12-16;2023-12-22;25029.5906808057;11626.5874720986;1883.52141462143;2437.74769810143;52.0824574071429;156.798928397143;19.1534284871429;28.9678570885714;23992.8666294671;10377.4529854943;1875.78410993143;2436.84385463;49.9252003257143;139.952814374286;19.07475703;28.9571140842857;3.11364310879569;13.2177862176401;3.66075300999835;1.83949768281697;7
88;2023;12;1179;2023-12-23;2023-12-29;26262.9380580386;10076.64153181;2363.18872070286;2724.34333147286;54.6488429471429;135.895986284286;24.0311287457143;32.3735144471429;25452.1704799129;9451.95040457571;2350.11446707571;2724.34333147286;52.96179962;127.471285138571;23.8981857285714;32.3735144471429;2.09957599927478;16.9767345373667;0.520297633675519;0.103562130203463;7
87;2023;12;1180;2023-12-30;2024-01-05;29877.8445870571;6542.69656808143;3245.63148716571;3217.10784040286;49.6757425585714;87.1638139985714;26.17180007;24.9337425214286;29210.8828125014;6261.57826451143;3239.50282505714;3217.10784040286;48.5686716371429;83.4179011757143;26.1207283571429;24.9337425214286;5.44980712782452;6.30954818205943;2.60418308163035;6.63151283855439;7
86;2024;1;1181;2024-01-06;2024-01-12;36612.6244419643;5742.30691964286;3835.97174944429;5122.32052176571;55.6409285414286;76.0797729485714;28.4581432342857;32.35411426;35968.3526785714;5540.99609374857;3768.25101144;5055.71732003429;54.6618287214286;73.4126292642857;27.9557288042857;31.9334575114286;1.03992247970148;5.32961020738854;0.502223031960385;5.44814738576267;7
85;2024;1;1182;2024-01-13;2024-01-19;36230.4732142857;11194.7957589314;4723.94151088286;7820.12325613857;55.0601566842857;148.319729398571;35.0457714628571;49.3942713057143;35864.7918526786;9411.33809989;4723.73723493429;7739.30315290286;54.5044430328571;124.690730502857;35.0442573;48.8837716257143;0.987329348835913;76.0875613874567;5.1310860151209;3.62162921208481;7
84;2024;1;1183;2024-01-20;2024-01-26;38597.3532366071;16727.0887276814;8787.19147600572;7817.41699218714;58.65717152;221.617028371429;65.1900286;49.3771858214286;37779.6417410714;13987.43498884;8781.16510881714;7708.02852957714;57.4144434242857;185.319381712857;65.1453138085714;48.6862427857143;3.67239928484886;46.0633572632447;11.1247045188366;1.30417433306358;7
83;2024;1;1184;2024-01-27;2024-02-02;41704.140625;10050.51904297;11148.30747768;10443.3394252229;62.14812742;130.469329834286;81.6803147457143;59.0417431414286;39576.0011160714;9545.73095703286;10816.1390904029;10134.6558314714;58.9486569;123.859230042857;79.25068501;57.3313860214286;3.73431510928961;20.4362608971708;12.4772352765605;5.15799543000314;7
82;2024;2;1185;2024-02-03;2024-02-09;37546.17578125;6106.03306361857;7571.72084263429;15188.3324497786;52.9605576642857;73.8180007942857;53.1785567142857;66.5844715685714;36851.9112723214;5923.96791294571;7548.73876953143;15074.1575055814;51.9812720157143;71.6169858642857;53.0171574157143;66.0839277;1.19556502122708;7.36763604165293;3.26092755849516;2.04933885970581;7
81;2024;2;1186;2024-02-10;2024-02-16;39021.3627232143;5821.01862444286;9184.27008928714;15787.1202566971;55.0413720271429;70.3723716728571;64.5039999828571;69.2094868271429;38216.9268973214;5599.49686104857;9159.44949777;15612.2808314757;53.9066995885714;67.6943157728571;64.3296846657143;68.4430138728572;0.859432165631117;13.1136367038756;2.31686689760503;1.74364568609912;7
80;2024;2;1187;2024-02-17;2024-02-23;46232.2366071429;8513.38769531429;10557.5066964314;17382.2393973243;65.2126295914286;102.921370371429;74.1486554842857;76.20238495;44655.2823660714;8228.45103236857;10438.7147042429;17247.4416852714;62.9882856085714;99.47668457;73.3143277842857;75.6114425657143;7.75344534708757;6.4545730782813;4.81269803438249;2.95581960806894;7
79;2024;2;1188;2024-02-24;2024-03-01;52973.8744419643;8438.27873884;11514.7154017871;20136.6015625029;74.9748426185714;104.95968301;80.9391566671429;86.2705426885714;49385.2834821429;8235.99504743572;11261.0546875014;19296.5627790214;69.8996571142857;102.392215182857;79.15761566;82.6008845728571;3.48084364117982;19.933183783315;3.16395137592126;5.24314419266505;7
78;2024;3;1189;2024-03-02;2024-03-08;45008.1707589286;9586.87737165428;10207.9942801343;19617.9020647343;65.1571862357143;135.676258634286;72.15344347;72.7632849557143;41810.6763392857;9249.11516462143;10205.7470703129;19547.6395089314;60.5282434728571;130.896157401429;72.1375579814286;72.5026866371429;1.77530318549634;20.0262469245506;3.13479375882115;2.65413055431572;7
77;2024;3;1190;2024-03-09;2024-03-15;43624.7946428571;13645.20214844;10658.6545758929;18327.5111607157;63.1544995971429;193.110844202857;75.3388573771429;67.9772011885714;41134.6690848214;12746.3353794657;10653.4450334843;17971.5326450929;59.5496281228571;180.389829364286;75.3020422785714;66.6568848742857;1.11223341588847;36.6578458323188;3.84208382882491;1.98191895050544;7
76;2024;3;1191;2024-03-16;2024-03-22;42105.1171875;10390.9508928586;7717.26855468857;17445.1361607171;60.9545004714286;147.055742537143;54.5481714514286;64.7044574185714;40617.8175223214;9984.21707589571;7716.14501953286;15072.3514229914;58.8013856057143;141.299511501429;54.5402287071429;55.90372794;0.713041475081813;7.84218187652928;5.79738752071581;5.37972646955301;7
75;2024;3;1192;2024-03-23;2024-03-29;48975.9380580357;6593.26436942143;6231.17333984286;19193.8272879486;70.9012135085714;93.3097839342857;44.0439573;71.1904002585714;46296.7405133929;6385.57903180714;6219.42696707571;13343.1985212071;67.0226146157143;90.3705553328571;43.9609287814286;49.4902572628571;5.10255245346842;18.5994389986024;1.95992177355085;4.9155824575882;7
74;2024;3;1193;2024-03-30;2024-04-05;57799.5892857143;4725.24825613857;7078.98674665286;19575.3367745557;99.4327566942857;70.5724138528571;58.8370279585714;72.2261014671429;55296.140625;4531.13399832714;7072.44949776571;13340.6672712057;95.2626865928571;67.6639278957143;58.7831420914286;49.2171287528571;11.8400195666008;3.81977559719278;12.421794691182;1.7758196493915;7
73;2024;4;1194;2024-04-06;2024-04-12;52019.4748883929;4608.04840959714;9197.94921875143;20636.7600446457;95.1384855014286;70.4058570871429;80.3462426342857;75.9810562128572;49403.9481026786;4419.41029575857;9106.13337053571;13607.6393694186;90.3549739285714;67.5237137928571;79.54421452;50.1010426114286;5.13884246453199;4.55544832478957;5.19979197655973;2.51950335577091;7
72;2024;4;1195;2024-04-13;2024-04-19;45868.1010044643;12700.9745396229;8765.52678571571;22496.2742745557;83.8882587985714;194.056827001429;76.5689566485714;82.8274721414286;43090.4536830357;11927.59654018;8727.23521205571;13667.5318080371;78.8082002914286;182.240456718571;76.2344709142857;50.3215424671429;1.50270327247289;59.8402340877431;2.11291706393506;1.54390097615903;7
71;2024;4;1196;2024-04-20;2024-04-26;39807.3097098214;11409.2145647343;8005.87841797;23738.9974888414;72.8036575314286;174.320172991429;69.93324389;87.4029715414286;37974.6796875;11072.0090680814;7923.65569196571;14753.5075334829;69.4519271857143;169.168029784286;69.2150007;54.3199152257143;4.4840465938937;15.585740829134;6.72135698729496;2.8838462308981;7
70;2024;4;1197;2024-04-27;2024-05-03;30964.0033482157;30530.1834542429;5346.83858817;22223.5348772343;65.0688007885714;386.783564975714;58.0845996314286;92.94382913;29866.90792411;16773.8656529057;5332.33419363857;14931.9485212057;62.8098711285714;221.925970894286;57.9097573414286;62.7822712471428;7.2740400206421;56.3221362645733;9.09453078675828;10.99324466438;7
69;2024;5;1198;2024-05-04;2024-05-10;25744.6127232171;36344.6113281257;3667.39411272286;18883.60212054;64.6348718928571;421.118730817143;53.1141139442857;92.1778717042857;25043.7181919643;17352.9909319229;3645.94409179857;13601.3256138386;62.8752152571428;201.066114154286;52.8034569871429;66.39312962;1.41263264507059;56.7800319202908;3.90110871886461;4.83740128530912;7
68;2024;5;1199;2024-05-11;2024-05-17;23371.7664620557;22603.3865792443;3031.67700195286;15798.8535156271;58.6775708885714;261.901559012857;43.90715681;77.1200714085714;22909.3468191986;11427.55873326;3015.43624442;13939.3762555814;57.5165993842857;132.4091568;43.6719284042857;68.0433000828571;1.60102930604901;17.7725071166214;2.27667408881521;2.96059847145192;7
67;2024;5;1200;2024-05-18;2024-05-24;22200.0923549129;25439.0820312529;2574.47956194429;12451.2629743329;55.7359139585714;294.758257185714;37.28564344;60.77924238;21894.5613839314;13471.8066406243;2560.07746233143;11505.6208147329;54.9688715242857;156.09551566;37.0770568857143;56.1632428871429;1.00699270452982;39.7538434241589;2.7160596101489;3.47176335496421;7
66;2024;5;1201;2024-05-25;2024-05-31;22063.2952008957;25163.6830357171;2095.84033203143;9541.13113839286;55.3925007428572;291.567256382857;30.35361399;46.57381439;21172.8897879486;12773.88169643;2076.22882952;8833.65513393;53.1570434571429;148.008769442857;30.06961441;43.1203564242857;1.49626522379862;28.8742565333519;1.52095887692454;3.88051811314321;7
65;2024;6;1202;2024-06-01;2024-06-07;21024.9073660729;15271.0717075914;1993.57228306571;7649.61914062571;64.66185706;144.092928205714;43.7281428742857;71.5274854385714;20122.3370535757;9569.06633649714;1971.61157226429;6953.52190290143;61.8859852371429;90.2906276171429;43.2464561485714;65.01865823;1.7198120666474;16.0035467900315;1.31306771462131;4.09099796625345;7
64;2024;6;1203;2024-06-08;2024-06-14;18428.3267299129;8970.72098214428;1842.65068708143;5907.27922712143;56.6760995042857;84.6448429657143;40.4177425942857;55.2358006042857;18099.7299107171;7370.86642020286;1821.81358119429;5466.26164899714;55.6655000971429;69.5491153171429;39.96070099;51.1120856142857;1.44251606027614;14.5234840584648;0.45629704200953;3.81498151716322;7
63;2024;6;1204;2024-06-15;2024-06-21;17043.9801897343;18213.31417411;1832.51114327571;4874.67515346;52.4185567585714;171.854985918571;40.1953283057143;45.5804862985714;16815.0602678571;10479.2486049114;1814.32972935286;4471.81361607286;51.7145140514286;98.8788283214286;39.7965431214286;41.8135435914286;0.976825839069822;27.7205571958089;0.388699147799559;2.56786819433225;7
62;2024;6;1205;2024-06-22;2024-06-28;17003.9988839314;21754.4400111629;1730.70200892857;4063.35630580429;52.2955856342857;205.267911638571;37.9621718271429;37.9942861285714;16811.0115792443;10394.2140764514;1713.13344029;3724.05064174286;51.70204326;98.0764846828572;37.5768432628571;34.8216138557143;1.16811449229895;34.4169974518449;0.381849476866791;1.45417124869179;7
61;2024;6;1206;2024-06-29;2024-07-05;15718.3553292414;13390.5175781271;1716.37329101571;3401.34329659714;57.6213564185714;124.193928308571;43.3590997957143;54.6984280157143;15589.7544642857;10144.9554268986;1696.29914202;3220.37883649571;57.1468146185714;94.0074855257143;42.8561995371429;51.92017092;5.5646770838278;23.3630650037337;3.9595922770154;13.926880845186;7
60;2024;7;1207;2024-07-06;2024-07-12;15443.1021205371;21201.9927455371;1679.40726143857;2929.21442522286;60.3721144528571;194.512127467143;44.6582570742857;55.7597427371429;15338.99651228;7977.07575335;1661.63441685286;2816.36457171;59.9650998785714;73.18358503;44.1856711257143;53.6115711757143;0.661363805265165;21.9508173961583;0.913969560953464;1.88328784298706;7
59;2024;7;1208;2024-07-13;2024-07-19;15816.6449497771;30176.7463727686;1643.47870744857;2677.88002232143;61.8324143542857;276.848650251429;43.7028574228572;50.9754142757143;15434.1431361614;17856.41420201;1623.86727469429;2574.89833286857;60.3370993485714;163.818998062857;43.1813572471428;49.0150865828571;1.36133242260131;27.4648392111964;0.592225550099366;1.71538685669313;7
58;2024;7;1209;2024-07-20;2024-07-26;14476.6848493314;17282.8267299114;1572.95727539;2308.65534319286;56.59407207;158.556756157143;41.8275854942857;43.9469566342857;14272.3390066957;13845.6215122786;1555.05984933;2212.41772461;55.7952139728571;127.023013524286;41.3516573242857;42.1149858757143;2.5272145101682;14.1137279124661;0.825396866334032;2.29476643917779;7
57;2024;7;1210;2024-07-27;2024-08-02;13055.9451729914;12177.2977120557;1510.42314801714;2004.42843192286;54.5211279742857;114.081185475714;41.8288710471429;44.9022576471429;12911.2515345986;10415.9460100457;1496.87287248714;1936.70556640571;53.9244858857143;97.7432850428571;41.4524002057143;43.4291425428571;4.96069220750591;10.2112537887992;2.50001151510205;10.2009442106713;7
56;2024;8;1211;2024-08-03;2024-08-09;12364.9199218757;8100.20926339286;1474.19072614571;1768.52627999429;60.24489975;80.9675292971428;44.9568432414286;55.5372565114286;12130.0032087057;7648.28731863857;1472.76072475143;1725.21529715286;59.1003287185714;76.4502291014286;44.9132287171428;54.17715781;0.706353405318405;2.58358988505038;0.482673637270992;2.3069625736833;7
55;2024;8;1212;2024-08-10;2024-08-16;12489.1873604929;5800.36495535714;1399.24686105;1626.54272461;60.85037177;57.97888674;42.67135729;51.0785288128571;12236.4372209829;4830.34116908714;1394.71557617286;1581.13673619;59.61891447;48.2827998585714;42.5331715157143;49.6526429314286;0.319060727136755;6.71550590240958;0.553314301058469;0.755014472832162;7
54;2024;8;1213;2024-08-17;2024-08-23;11867.7258649557;4607.22802734429;1365.88459123857;1449.92785644571;57.8224569042857;46.0526003157143;41.6539437457143;45.5322565357143;11560.1635044657;4131.36077009143;1362.5138637;1437.79528808714;56.3239435471429;41.2959572942857;41.5511436471429;45.1512718214286;2.27507535022803;7.83024634192685;0.591488584850508;1.92923286250872;7
53;2024;8;1214;2024-08-24;2024-08-30;10992.0684988857;5829.50823102714;1282.22316197;1322.96800014143;53.5560286385714;58.27019991;39.1026284357143;41.5453431271429;10809.5538504457;5244.65611048857;1268.61870466;1318.30099051571;52.6667998185714;52.4241861614286;38.68774305;41.3987857285714;0.508888699474898;9.08672019215451;0.779032614964332;0.854187243522469;7
52;2024;8;1215;2024-08-31;2024-09-06;10436.2738560286;3883.69203404;1245.25041852857;1304.45127650571;52.8179566528571;34.2380853385714;41.8242138442857;55.1532004228571;10194.0369698671;3616.04338727857;1234.64887346714;1277.91085379571;51.5893859871429;31.8777424942857;41.4671565457143;54.0592575085714;1.55739243309197;3.37883238209341;1.8331797516071;6.23121749193883;7
51;2024;9;1216;2024-09-07;2024-09-13;9499.85058593857;3594.91294643;1238.03187778857;1198.75840541143;48.3896424428571;30.9162142642857;42.2148993357143;52.8849574485714;8960.09193638429;3357.11955915286;1227.24970354571;1191.80113002143;45.6402571557143;28.8712286271429;41.8472715114286;52.5780143728571;2.09156085263879;3.11570589023778;0.550746982067877;2.44431921768325;7
50;2024;9;1217;2024-09-14;2024-09-20;9151.03404017857;8333.75892857429;1210.50530134;1077.46158273143;46.6128572728571;71.6703000742857;41.2763001585714;47.5337856828572;8519.01618303714;7991.23939732286;1199.9888916;1043.21429443571;43.3935426985714;68.7246295371429;40.91771371;46.0229143442857;0.440510263964871;8.58683247588473;0.176428047377192;0.710470335608099;7
49;2024;9;1218;2024-09-21;2024-09-27;9433.88392857286;9983.21428571571;1169.12770298714;1003.00673130714;48.05362865;85.85559954;39.8653853285714;44.2491138985714;8825.16950334714;9456.65366908714;1159.99026925143;996.49587577;44.95300075;81.3271985728571;39.5538281028571;43.9618851785714;0.457817763666558;13.7666541431722;0.65966740927894;0.749680735777361;7
48;2024;9;1219;2024-09-28;2024-10-04;9051.05273437571;8666.02357701;1096.19728306429;991.016854422857;41.7342714585714;66.8185719085714;35.81632832;42.6345149442857;8469.89725167571;8050.17585100286;1091.64158412286;990.08857945;39.0705713557143;62.12172917;35.6649714857143;42.59538596;5.15864647841974;21.2628962230967;2.3858094201406;1.74687168436876;7
47;2024;10;1220;2024-10-05;2024-10-11;8776.83133370572;11019.2792271214;1000.19156319571;944.540867395714;37.1221711285714;80.3993557514286;31.5316284714286;39.8098863871429;8300.85002790286;10160.9078543543;994.844430104286;942.976719447143;35.1089722771429;74.1364718842857;31.3630431057143;39.7439580657143;1.42231100612736;31.46572246204;0.651789597578329;0.28329911298626;7
46;2024;10;1221;2024-10-12;2024-10-18;11505.7788783486;16630.5527343771;1164.46385846857;960.808149067143;48.6644287114286;121.340613228571;36.71041407;40.4955291742857;11189.9063895086;14980.1768973214;1157.12570626429;954.802577428572;47.3284285414286;109.299058095714;36.4790717528571;40.2424005785714;3.38541465957972;28.7943861791323;6.0559450776877;0.598734645048748;7
45;2024;10;1222;2024-10-19;2024-10-25;16374.2195870557;9181.96051897429;1475.17513602143;1122.59729875857;69.2557988842857;66.9938294542857;46.50578526;47.3144994471429;15938.0505022343;8898.18903459857;1466.11615862286;1109.05730329429;67.4109998428571;64.92338671;46.2201707028571;46.74381474;10.1596612001826;5.21329372560538;3.59370508015361;3.27957418548703;7
44;2024;10;1223;2024-10-26;2024-11-01;24108.9249441986;7750.36851283714;1691.14915248429;1307.72525460429;98.2126007071429;59.0873140585714;49.6072709214286;51.7400861471429;23639.7276785729;7489.55085100714;1675.31696428714;1294.14814104286;96.3068716871429;57.09799957;49.1348855157143;51.2064862942857;10.7145930195538;9.11878966649607;7.79251750197664;7.96100721533042;7
43;2024;11;1224;2024-11-02;2024-11-08;26642.2028459843;7579.31828962;2503.12953404;1435.18701172;84.9242150442857;78.0017716557143;47.7161854328571;35.5685855314286;25949.2474888414;7331.07568359571;2479.53456333714;1420.58785574714;82.71535601;75.4470002314286;47.2663993842857;35.2067565914286;9.41320894243954;18.0321761855918;3.37424332331819;1.01526050351994;7
42;2024;11;1225;2024-11-09;2024-11-15;37952.1512276786;9877.03641183143;3331.92961774429;1935.96958705429;120.975615367143;101.648513795714;63.5152865828571;47.9795570371429;37224.0011160714;9679.74330357143;3323.55388532429;1882.87147739857;118.654585701429;99.6180714214286;63.3556289671429;46.6636423371429;6.52893866895197;15.8747145055758;6.77094538732695;7.13538001794395;7
41;2024;11;1226;2024-11-16;2024-11-22;40194.37109375;6697.89501953143;4130.07101004429;3165.11185128286;128.122887747143;68.9306722357143;78.7299423214286;78.4417016142857;39599.1233258929;6507.07393973286;4114.13668387429;3151.04244559143;126.225500922857;66.9668562757143;78.4261856085714;78.09298488;1.25071989918798;4.49038353296375;2.58710831072677;6.83034098553657;7
40;2024;11;1227;2024-11-23;2024-11-29;37083.6395089286;6082.53473772429;5120.01227678714;3925.92330496571;118.207186017143;62.59778486;97.6007984714286;97.2970428471428;36590.2868303571;5760.18115234429;5112.76004464429;3902.60672432714;116.63457162;59.2803006871429;97.4625549328571;96.7191848771429;8.05405799261941;6.70841610935946;11.1899818647908;3.09594866233555;7
39;2024;11;1228;2024-11-30;2024-12-06;34537.6010044643;7284.27971540429;6239.26192801429;4722.73988560286;77.4311000271429;94.0212565828571;71.6887130742857;64.1928863542857;34123.84765625;6955.83782087;6237.01485770143;4707.51018415143;76.4609004428571;89.7409417285714;71.6566701628571;63.98335702;12.8289743993602;10.6016821935141;19.7811325797626;17.6865214641603;7
38;2024;12;1229;2024-12-07;2024-12-13;44007.7734375;25879.4044363857;6484.51346261286;5530.71609933;91.9596862785714;344.947302681429;66.5233154314286;66.2389308385714;43400.8448660714;19709.7209821457;6479.50844029143;5525.29568917429;90.6914433085714;262.711412702857;66.4719717842857;66.1740014214286;10.5124860518558;70.0885305207998;6.03380013949042;1.21694616317338;7
37;2024;12;1230;2024-12-14;2024-12-20;48849.7310267857;18412.7671596;4696.11070033571;6070.82428850571;102.077571321429;245.424266268571;48.1764711642857;72.7075565885714;48241.2137276786;15407.5877511171;4676.90792410857;6066.55301339429;100.805985587143;205.368170602857;47.97945731;72.6563993171429;4.0244605849517;26.6877640619474;2.17240969128986;1.9980066892532;7
36;2024;12;1231;2024-12-21;2024-12-27;49868.484375;14307.0097656257;4649.09012276857;7088.64048549429;104.206356592857;190.698527742857;47.6940858028572;84.8975001757143;48107.8342633929;10717.6473214286;4625.59730747857;7088.21219308286;100.527284894286;142.855830601429;47.4530715942857;84.8923710428571;4.56853363531991;9.19931756283055;1.00116310520608;5.87425860779623;7
35;2024;12;1232;2024-12-28;2025-01-03;61991.6333303571;9084.97156473286;5898.32811830429;9007.87386718714;113.405256915714;120.869570735714;52.8694570342857;84.4227289271429;58057.7604419643;8046.66217243286;5882.73529185286;8977.13829575857;106.042071737143;107.04505678;52.7219715485714;84.2273717228572;12.022264199417;6.07601658012561;6.81707135785398;22.7670666148533;7
34;2025;1;1233;2025-01-04;2025-01-10;66938.9348571429;5722.61771428571;8954.08014285714;11835.9361428571;101.502385714286;75.9126428571428;66.3810142857143;74.5217714285714;64830.8517142857;5537.04328571429;8936.103;11778.0892857143;98.3057857142857;73.4509571428571;66.2477571428571;74.1575714285714;0.720526563072817;12.385111725624;9.40277232041298;6.53223443438126;7
33;2025;1;1234;2025-01-11;2025-01-17;68269.7752857143;4239.05942857143;15727.2801428571;16288.1032857143;103.520385714286;56.2326857142857;116.594085714286;102.553642857143;64015.8784285714;4096.949;15406.3557142857;15964.973;97.0700142857143;54.3475714285714;114.214914285714;100.519142857143;2.6781854400753;4.75954324829399;21.8733596983812;9.82770065357057;7
32;2025;1;1235;2025-01-18;2025-01-24;63719.3668571428;4375.22628571429;17758.4114285714;21013.6547142857;96.6204;58.039;131.651842857143;132.306814285714;59810.421;4224.162;17242.6191428571;20497.5398571429;90.6930857142857;56.0350571428571;127.828042857143;129.057214285714;3.18257404806684;6.73388363820286;9.12676533934818;9.00324071032732;7
31;2025;1;1236;2025-01-25;2025-01-31;58074.5582857143;5580.80514285714;15699.4661428571;22782.6241428571;88.0609428571429;74.031457142857107;116.387885714286;143.444642857143;55204.7018571429;5338.14928571429;15548.3418571429;22091.1045714286;83.7092428571429;70.8125428571429;115.267542857143;139.090685714286;1.1781231300359;5.17354099363843;1.54427282548256;1.96637625208448;7
30;2025;2;1237;2025-02-01;2025-02-07;69468.3768571429;6839.22771428571;15867.564;23350.9952857143;97.9242;82.7983285714286;111.471128571429;102.380471428571;66020.5848571429;6491.10728571429;15860.5581428571;21036.1397142857;93.0641142857143;78.5838285714286;111.421885714286;92.2311714285714;7.37110234913531;3.70605723139556;5.9954511343821;3.79381804506265;7
29;2025;2;1238;2025-02-08;2025-02-14;67263.1665714286;6542.43114285714;13624.856;25706.7415714286;94.8156857142857;79.2051857142857;95.7158857142857;112.709014285714;64483.2675714286;6302.275;13581.5742857143;18665.6092857143;90.8970857142857;76.2977571428571;95.4118142857143;81.8377571428571;4.19903978961431;7.41768613334754;8.53461672844334;4.54077557577186;7
28;2025;2;1239;2025-02-15;2025-02-21;55109.6972857143;8188.39914285714;10836.4821428571;26410.2277142857;77.6838857142857;99.1319142857143;76.1272857142857;115.793414285714;51797.2122857143;7889.12971428571;10768.5757142857;17927.6292857143;73.0145142857143;95.5088571428571;75.6502428571429;78.6021571428571;4.38776684408999;15.0000241385204;0.826386295579129;1.18288116599134;7
27;2025;2;1240;2025-02-22;2025-02-28;46750.1915714286;6584.67385714286;9481.01557142857;27236.7668571429;65.9001285714286;79.7166142857143;66.6050285714286;119.417285714286;43048.6061428571;6412.29642857143;9468.96271428572;18078.8067142857;60.6822857142857;77.6297428571429;66.5203571428571;79.2649857142857;1.6075500784616;9.6578795213817;7.92400288445543;0.628502841225941;7
26;2025;3;1241;2025-03-01;2025-03-07;41828.3184285714;4817.59;5735.93442857143;28291.4355714286;60.5232571428571;68.0706857142857;40.7393857142857;104.871971428571;37291.2957142857;4652.222;5667.55128571428;17569.4231428571;53.9584428571429;65.7340857142857;40.2537;65.1271428571428;1.48949217392676;14.580402173286;5.32050743820551;2.29254091119987;7
25;2025;3;1242;2025-03-08;2025-03-14;39492.6957142857;3175.59485714286;3644.60214285714;27297.8277142857;57.1437571428571;44.6087;25.8857285714286;101.188842857143;33725.9782857143;3033.44414285714;3578.94685714286;17099.6351428571;48.7996285714286;42.6087857142857;25.4194142857143;63.3857;0.417383032374367;3.62191520627255;3.06846903815162;2.15715824330694;7
24;2025;3;1243;2025-03-15;2025-03-21;41456.3267142857;3183.71357142857;2948.75014285714;26418.7732857143;59.9850142857143;44.1375142857143;20.9434571428571;97.9303;34865.7388571429;3048.718;2891.34814285714;18976.9855714286;50.4487857142857;42.266;20.5357571428571;70.3447428571428;1.77335965559584;1.86037146290747;1.27203945019682;2.15974721117813;7
23;2025;3;1244;2025-03-22;2025-03-28;45963.1821428571;3238.93385714286;2544.88157142857;26311.1247142857;66.5061714285714;44.9030571428572;18.0749857142857;97.5312571428571;39054.6915714286;3098.45057142857;2528.84514285714;18072.9771428571;56.51;42.9554571428571;17.9611;66.9937285714286;3.3376281927942;6.04991218389629;1.53757883266732;2.87047316466247;7
22;2025;3;1245;2025-03-29;2025-04-04;47579.4517142857;4488.68985714286;2736.137;25525.6961428571;79.1371571428571;65.3333142857143;22.4619285714286;94.2291857142857;39859.1914285714;4333.305;2720.91771428571;17361.3351428571;66.2582571428571;63.0909428571429;22.3372571428571;64.1035;7.22008642765833;4.37044377337006;6.74418511135262;4.67468991449354;7
21;2025;4;1246;2025-04-05;2025-04-11;45646.8958571429;3846.40742857143;3816.854;23504.9431428571;83.4608;58.2174285714286;33.5668285714286;86.4999571428572;37629.3507142857;3602.35085714286;3798.16185714286;16271.2548571429;68.8015285714286;54.5235;33.4024428571429;59.8794285714286;1.66895460465021;8.3810746277949;0.76737846563714;4.23462767065145;7
20;2025;4;1247;2025-04-12;2025-04-18;44911.4632857143;5584.77271428571;3532.59185714286;20740.5168571429;82.1161285714286;84.5285;31.0669285714286;76.3266428571428;37730.687;5428.81057142857;3516.75971428571;16125.7397142857;68.9868142857143;82.1679428571428;30.9276857142857;59.3439142857143;1.43263896060007;12.0303234844091;3.62943704377987;5.01001895220249;7
19;2025;4;1248;2025-04-19;2025-04-25;46186.7031428571;4193.50942857143;3263.94171428571;19648.657;84.4477857142857;63.4710142857143;28.7043142857143;72.3085571428571;38802.5294285714;4008.27042857143;3247.701;14235.985;70.9465571428571;60.6673285714286;28.5614714285714;52.3895;1.07647558705483;6.27181178733187;0.550306653040963;2.03402291940543;7
18;2025;4;1249;2025-04-26;2025-05-02;45711.8107142857;2821.39071428571;3511.56942857143;19071.0677142857;92.4475571428571;40.4349142857143;36.9726285714286;76.5246142857143;39395.9201428571;2651.83085714286;3493.79671428571;14603.8055714286;79.4611428571428;38.1881714285714;36.7851285714286;58.2247714285714;11.1890723052834;8.82186637503916;11.5087154736044;6.75934308635438;7
17;2025;5;1250;2025-05-03;2025-05-09;40731.9697142857;2586.99485714286;3907.68814285714;16399.1005714286;102.330328571429;30.1070857142857;56.8695285714286;80.0898428571428;34727.3102857143;2402.64757142857;3888.281;11361.4392857143;87.2449;27.9616714285714;56.5870857142857;55.4869142857143;3.02471859793015;3.71629884056449;0.76519659876561;2.02997649528974;7
16;2025;5;1251;2025-05-10;2025-05-16;33851.3364285714;2870.32185714286;3641.59;14486.5525714286;85.0442142857143;33.4044285714286;52.9969571428571;70.7493571428571;28980.9132857143;2656.37357142857;3618.50571428571;10496.847;72.8083142857143;30.9145;52.6609857142857;51.2644428571429;3.3300057709802;4.66509882746338;2.04094764054058;5.61137684555735;7
15;2025;5;1252;2025-05-17;2025-05-23;29602.3428571429;2618.95085714286;2776.42385714286;12518.3181428571;74.3695285714286;30.479;40.4059714285714;61.1368857142857;26581.4818571429;2369.52857142857;2762.83885714286;10412.3992857143;66.7802571428571;27.5762571428571;40.2082714285714;50.8520142857143;1.00032622821695;5.73039049421505;4.00204756331654;1.49786527813019;7
14;2025;5;1253;2025-05-24;2025-05-30;27343.1947142857;5402.85257142857;2390.47814285714;10324.9722857143;68.6939;62.8776714285714;34.7891857142857;50.4250285714286;24632.2041428571;4732.128;2367.80242857143;8946.17428571429;61.8831285714286;55.0718285714286;34.4592;43.6912714285714;1.41377212651635;16.8794204738309;0.709586802301356;3.5364469012999;7
13;2025;5;1254;2025-05-31;2025-06-06;27019.261;6765.5;2132.44414285714;8432.29642857143;80.9491571428572;65.9163428571429;44.5532571428571;73.2349571428571;24911.6075714286;6404.79528571429;2108.747;7988.74085714286;74.6738285714286;62.2490428571429;44.0544857142857;69.3923857142857;6.55013692852172;21.8869537460757;5.44469961198607;12.5091988802146;7
12;2025;6;1255;2025-06-07;2025-06-13;28648.5164285714;9531.65671428571;1817.20214285714;7055.80971428571;88.1440857142857;90.1536714285714;40.0657714285714;66.1343571428571;27214.7008571429;9181.92871428572;1792.58571428571;6649.18328571429;83.7326142857143;86.8458;39.5230285714286;62.3230428571429;2.39795019994787;15.4250807053534;0.833134598397805;3.07415588569003;7
11;2025;6;1256;2025-06-14;2025-06-20;27046.793;14296.5222857143;1859.36342857143;6060.10785714286;83.2159857142857;135.221385714286;40.9953428571429;56.8016142857143;25190.5717142857;12389.7421428571;1835.05542857143;5561.651;77.5048857142857;117.186414285714;40.4593857142857;52.1295571428571;1.34100130304194;48.2224227770107;1.37320399726143;3.65690502467931;7
10;2025;6;1257;2025-06-21;2025-06-27;25797.0841428571;27728.3147142857;1817.26442857143;5121.25514285714;79.3709571428572;262.263885714286;40.0671285714286;48.0017;23765.3685714286;22946.6147142857;1795.43142857143;4704.50114285714;73.1199142857143;217.036914285714;39.5857571428571;44.0954714285714;2.12972471415801;30.0167968752736;0.137552194422143;2.00482371603606;7
9;2025;6;1258;2025-06-28;2025-07-04;25966.7855714286;39664.3497142857;1744.58571428571;4359.36785714286;92.1394;369.037814285714;43.0940428571429;64.5381571428571;23320.2607142857;28245.3605714286;1720.197;3945.49642857143;82.9867857142857;262.455214285714;42.4887857142857;58.7730428571429;11.3183169067414;75.9740643166562;4.04370011022444;20.2226768639282;7
8;2025;7;1259;2025-07-05;2025-07-11;23066.5747142857;14961.0167142857;1755.25342857143;3922.34142857143;90.2783285714286;136.484042857143;46.8893;74.8309714285714;20946.6352857143;13531.3748571429;1733.021;3559.46828571429;81.9812714285714;123.441942857143;46.2953857142857;67.9080285714286;1.98159415935308;19.6995100032848;0.239990391672683;2.75111401782024;7
7;2025;7;1260;2025-07-12;2025-07-18;20079.4548571429;8316.93214285714;1734.251;3492.38528571429;78.5872571428572;75.8724142857143;46.3282428571429;66.6282142857143;18399.8185714286;7783.38785714286;1710.18414285714;3127.20871428571;72.0134857142857;71.0050857142857;45.6853285714286;59.6613428571429;2.254971232949;10.5278173773783;0.213027609434809;1.52404701027391;7
6;2025;7;1261;2025-07-19;2025-07-25;17898.1622857143;5681.11;1725.56971428571;3054.65614285714;69.9971714285714;51.8267428571429;46.0963428571429;58.2771428571429;16823.1235714286;5228.61042857143;1705.137;2791.09285714286;65.7926714285714;47.6987571428571;45.5505142857143;53.2488714285714;1.22264434010021;4.88240761027357;0.304008752223928;1.43883047960763;7
5;2025;7;1262;2025-07-26;2025-08-01;16886.7157142857;7966.67328571429;1743.529;2676.08128571429;68.3134857142857;73.5782285714286;47.5518714285714;55.6389857142857;16218.3611428571;6877.74814285714;1725.95742857143;2494.73428571429;65.6148714285714;63.5347428571429;47.0744857142857;51.9086428571429;5.50503170342492;12.8475711201063;2.72907849247599;10.9301802933982;7
4;2025;8;1263;2025-08-02;2025-08-08;16038.0261428571;9877.26428571428;1580.35128571429;2482.728;78.1451571428571;98.8999571428571;48.3736857142857;78.2302857142857;15557.4834285714;8246.03942857143;1567.11757142857;2329.004;75.8037142857143;82.5666571428571;47.9686;73.3864714285714;1.44337439752474;20.0295189713298;2.3365065553799;2.29540947161519;7
3;2025;8;1264;2025-08-09;2025-08-15;15014.143;8212.94242857143;1443.046;2490.61814285714;73.1562857142857;82.2352714285714;44.1708571428571;78.4788714285714;14434.9361428571;7332.76828571429;1430.15257142857;2187.78885714286;70.3341142857143;73.4222;43.7762;68.9368142857143;1.50357956826231;10.084777397973;0.548564225957331;1.36890017706271;7
2;2025;8;1265;2025-08-16;2025-08-22;14082.2131428571;5471.37542857143;1375.877;2138.823;68.6154857142857;54.7842714285714;42.1148571428571;67.3939;13401.5274285714;5135.56957142857;1362.43285714286;1966.48185714286;65.2988571428571;51.4218714285714;41.7033428571429;61.9634714285714;0.984336343020345;3.10222115572826;0.906381990585217;2.5989804922407;7
1;2025;8;1266;2025-08-23;2025-08-29;13100.4131428571;17709.3848571429;1328.19857142857;1793.57642857143;63.8316428571429;177.322057142857;40.6554285714286;56.5152428571429;12590.2812857143;15160.7181428571;1313.76485714286;1711.852;61.3460571428571;151.802557142857;40.2136142857143;53.9401285714286;0.74297169048195;51.6652088186319;0.284148561075983;2.0291727400707;7
