id_subsistema;nom_subsistema;ena_data;ena_bruta_regiao_mwmed;ena_bruta_regiao_percentualmlt;ena_armazenavel_regiao_mwmed;ena_armazenavel_regiao_percentualmlt
N;NORTE;2011-01-01;4396.00000000;53.65999985;4396.00000000;53.65999985
NE;NORDESTE;2011-01-01;9308.00000000;67.38999939;9308.00000000;67.38999939
S;SUL;2011-01-01;10451.00000000;147.21000671;10339.00000000;145.63999939
SE;SUDESTE;2011-01-01;62939.00000000;114.56999969;57649.00000000;104.94000244
N;NORTE;2011-01-02;4459.00000000;54.43000031;4459.00000000;54.43000031
NE;NORDESTE;2011-01-02;8729.00000000;63.20000076;8729.00000000;63.20000076
S;SUL;2011-01-02;10032.00000000;141.30999756;9932.00000000;139.89999390
SE;SUDESTE;2011-01-02;65974.00000000;120.09999847;62496.00000000;113.76999664
N;NORTE;2011-01-03;4601.00000000;56.16999817;4601.00000000;56.16999817
NE;NORDESTE;2011-01-03;8252.00000000;59.75000000;8252.00000000;59.75000000
S;SUL;2011-01-03;10001.00000000;140.88000488;9924.00000000;139.78999329
SE;SUDESTE;2011-01-03;68024.00000000;123.83000183;64418.00000000;117.26000214
N;NORTE;2011-01-04;4795.00000000;58.54000092;4795.00000000;58.54000092
NE;NORDESTE;2011-01-04;7860.00000000;56.90999985;7860.00000000;56.90999985
S;SUL;2011-01-04;9421.00000000;132.71000671;9345.00000000;131.63999939
SE;SUDESTE;2011-01-04;70009.00000000;127.44000244;66512.00000000;121.08000183
N;NORTE;2011-01-05;5114.00000000;62.43000031;5114.00000000;62.43000031
NE;NORDESTE;2011-01-05;7771.00000000;56.27000046;7771.00000000;56.27000046
S;SUL;2011-01-05;8823.00000000;124.27999878;8746.00000000;123.19999695
SE;SUDESTE;2011-01-05;73151.00000000;133.16000366;69948.00000000;127.33000183
N;NORTE;2011-01-06;5600.00000000;68.36000061;5600.00000000;68.36000061
NE;NORDESTE;2011-01-06;7754.00000000;56.13999939;7754.00000000;56.13999939
S;SUL;2011-01-06;8251.00000000;116.22000122;7990.00000000;112.55000305
SE;SUDESTE;2011-01-06;75657.00000000;137.72000122;71588.00000000;130.32000732
N;NORTE;2011-01-07;6161.00000000;75.20999908;6161.00000000;75.20999908
NE;NORDESTE;2011-01-07;8101.00000000;58.65000153;8101.00000000;58.65000153
S;SUL;2011-01-07;8123.00000000;114.41999817;7995.00000000;112.62000275
SE;SUDESTE;2011-01-07;77189.00000000;140.50999451;73396.00000000;133.61000061
N;NORTE;2011-01-08;6777.00000000;82.73000336;6777.00000000;82.73000336
NE;NORDESTE;2011-01-08;8692.00000000;62.93000031;8692.00000000;62.93000031
S;SUL;2011-01-08;7938.00000000;111.81999969;7810.00000000;110.01000214
SE;SUDESTE;2011-01-08;77311.00000000;140.72999573;74003.00000000;134.71000671
N;NORTE;2011-01-09;7328.00000000;89.45999908;7328.00000000;89.45999908
NE;NORDESTE;2011-01-09;9607.00000000;69.55999756;9607.00000000;69.55999756
S;SUL;2011-01-09;7993.00000000;112.58999634;7843.00000000;110.48000336
SE;SUDESTE;2011-01-09;77310.00000000;140.72999573;74763.00000000;136.10000610
N;NORTE;2011-01-10;7738.00000000;94.45999908;7738.00000000;94.45999908
NE;NORDESTE;2011-01-10;11078.00000000;80.20999908;11078.00000000;80.20999908
S;SUL;2011-01-10;8040.00000000;113.25000000;7919.00000000;111.55000305
SE;SUDESTE;2011-01-10;77380.00000000;140.86000061;75185.00000000;136.86000061
N;NORTE;2011-01-11;8066.00000000;98.47000122;8066.00000000;98.47000122
NE;NORDESTE;2011-01-11;12066.00000000;87.36000061;12066.00000000;87.36000061
S;SUL;2011-01-11;8245.00000000;116.13999939;8110.00000000;114.23999786
SE;SUDESTE;2011-01-11;78351.00000000;142.63000488;76010.00000000;138.36999512
N;NORTE;2011-01-12;8367.00000000;102.13999939;8367.00000000;102.13999939
NE;NORDESTE;2011-01-12;12889.00000000;93.31999969;12889.00000000;93.31999969
S;SUL;2011-01-12;9386.00000000;132.21000671;9265.00000000;130.50999451
SE;SUDESTE;2011-01-12;79009.00000000;143.83000183;75818.00000000;138.02000427
N;NORTE;2011-01-13;8492.00000000;103.66999817;8492.00000000;103.66999817
NE;NORDESTE;2011-01-13;13864.00000000;100.37999725;13864.00000000;100.37999725
S;SUL;2011-01-13;10274.00000000;144.72000122;10004.00000000;140.91999817
SE;SUDESTE;2011-01-13;80612.00000000;146.74000549;76365.00000000;139.00999451
N;NORTE;2011-01-14;8364.00000000;102.09999847;8364.00000000;102.09999847
NE;NORDESTE;2011-01-14;14323.00000000;103.70999908;14323.00000000;103.70999908
S;SUL;2011-01-14;10089.00000000;142.11999512;9701.00000000;136.64999390
SE;SUDESTE;2011-01-14;82785.00000000;150.69999695;78200.00000000;142.35000610
N;NORTE;2011-01-15;8154.00000000;99.54000092;8154.00000000;99.54000092
NE;NORDESTE;2011-01-15;14683.00000000;106.30999756;14683.00000000;106.30999756
S;SUL;2011-01-15;9416.00000000;132.63999939;9004.00000000;126.83000183
SE;SUDESTE;2011-01-15;86070.00000000;156.67999268;80133.00000000;145.86999512
N;NORTE;2011-01-16;8028.00000000;98.00000000;8028.00000000;98.00000000
NE;NORDESTE;2011-01-16;15043.00000000;108.91999817;15043.00000000;108.91999817
S;SUL;2011-01-16;9378.00000000;132.10000610;9027.00000000;127.16000366
SE;SUDESTE;2011-01-16;88309.00000000;160.75999451;80692.00000000;146.88999939
N;NORTE;2011-01-17;7988.00000000;97.51000214;7988.00000000;97.51000214
NE;NORDESTE;2011-01-17;15388.00000000;111.41999817;15388.00000000;111.41999817
S;SUL;2011-01-17;9629.00000000;135.63999939;9391.00000000;132.27999878
SE;SUDESTE;2011-01-17;88875.00000000;161.78999329;81829.00000000;148.96000671
N;NORTE;2011-01-18;7970.00000000;97.29000092;7970.00000000;97.29000092
NE;NORDESTE;2011-01-18;15600.00000000;112.94999695;15600.00000000;112.94999695
S;SUL;2011-01-18;9647.00000000;135.88999939;9375.00000000;132.05999756
SE;SUDESTE;2011-01-18;88808.00000000;161.66000366;81740.00000000;148.80000305
N;NORTE;2011-01-19;8050.00000000;98.26999664;8050.00000000;98.26999664
NE;NORDESTE;2011-01-19;15771.00000000;114.19000244;15771.00000000;114.19000244
S;SUL;2011-01-19;10271.00000000;144.67999268;10009.00000000;140.99000549
SE;SUDESTE;2011-01-19;88394.00000000;160.91000366;79985.00000000;145.60000610
N;NORTE;2011-01-20;8298.00000000;101.30000305;8298.00000000;101.30000305
NE;NORDESTE;2011-01-20;15865.00000000;114.87000275;15865.00000000;114.87000275
S;SUL;2011-01-20;11138.00000000;156.88999939;10572.00000000;148.91999817
SE;SUDESTE;2011-01-20;86561.00000000;157.57000732;78054.00000000;142.08999634
N;NORTE;2011-01-21;8556.00000000;104.44999695;8556.00000000;104.44999695
NE;NORDESTE;2011-01-21;15937.00000000;115.38999939;15937.00000000;115.38999939
S;SUL;2011-01-21;11808.00000000;166.33000183;11225.00000000;158.11999512
SE;SUDESTE;2011-01-21;84986.00000000;154.71000671;76451.00000000;139.16999817
N;NORTE;2011-01-22;8766.00000000;107.01000214;8766.00000000;107.01000214
NE;NORDESTE;2011-01-22;15804.00000000;114.43000031;15804.00000000;114.43000031
S;SUL;2011-01-22;15340.00000000;216.08000183;14794.00000000;208.38999939
SE;SUDESTE;2011-01-22;83129.00000000;151.33000183;74458.00000000;135.53999329
N;NORTE;2011-01-23;8935.00000000;109.06999969;8935.00000000;109.06999969
NE;NORDESTE;2011-01-23;15703.00000000;113.69999695;15703.00000000;113.69999695
S;SUL;2011-01-23;17426.00000000;245.47000122;15955.00000000;224.74000549
SE;SUDESTE;2011-01-23;80309.00000000;146.19000244;70102.00000000;127.61000061
N;NORTE;2011-01-24;9100.00000000;111.08999634;9100.00000000;111.08999634
NE;NORDESTE;2011-01-24;15602.00000000;112.97000122;15602.00000000;112.97000122
S;SUL;2011-01-24;18082.00000000;254.71000671;16043.00000000;225.97999573
SE;SUDESTE;2011-01-24;77887.00000000;141.77999878;69225.00000000;126.01999664
N;NORTE;2011-01-25;9260.00000000;113.04000092;9260.00000000;113.04000092
NE;NORDESTE;2011-01-25;15610.00000000;113.01999664;15610.00000000;113.01999664
S;SUL;2011-01-25;17742.00000000;249.91999817;16155.00000000;227.55999756
SE;SUDESTE;2011-01-25;74545.00000000;135.69999695;67509.00000000;122.88999939
N;NORTE;2011-01-26;9439.00000000;115.23000336;9435.00000000;115.18000031
NE;NORDESTE;2011-01-26;15722.00000000;113.83000183;15722.00000000;113.83000183
S;SUL;2011-01-26;17033.00000000;239.92999268;15488.00000000;218.16999817
SE;SUDESTE;2011-01-26;71349.00000000;129.88000488;65271.00000000;118.81999969
N;NORTE;2011-01-27;9612.00000000;117.33999634;9600.00000000;117.19000244
NE;NORDESTE;2011-01-27;15969.00000000;115.62000275;15969.00000000;115.62000275
S;SUL;2011-01-27;16524.00000000;232.75999451;15074.00000000;212.33000183
SE;SUDESTE;2011-01-27;67403.00000000;122.69999695;62094.00000000;113.02999878
N;NORTE;2011-01-28;9745.00000000;118.95999908;9725.00000000;118.72000122
NE;NORDESTE;2011-01-28;16130.00000000;116.79000092;16130.00000000;116.79000092
S;SUL;2011-01-28;15913.00000000;224.14999390;14625.00000000;206.00999451
SE;SUDESTE;2011-01-28;63578.00000000;115.73999786;59899.00000000;109.04000092
N;NORTE;2011-01-29;9873.00000000;120.52999878;9851.00000000;120.26000214
NE;NORDESTE;2011-01-29;16296.00000000;117.98999786;16296.00000000;117.98999786
S;SUL;2011-01-29;15862.00000000;223.42999268;14385.00000000;202.63000488
SE;SUDESTE;2011-01-29;59983.00000000;109.19000244;56420.00000000;102.70999908
N;NORTE;2011-01-30;9959.00000000;121.56999969;9932.00000000;121.25000000
NE;NORDESTE;2011-01-30;16352.00000000;118.40000153;16352.00000000;118.40000153
S;SUL;2011-01-30;16463.00000000;231.89999390;15192.00000000;214.00000000
SE;SUDESTE;2011-01-30;56951.00000000;103.66999817;52077.00000000;94.80000305
N;NORTE;2011-01-31;10009.00000000;122.19000244;9962.00000000;121.61000061
NE;NORDESTE;2011-01-31;16309.00000000;118.08000183;16309.00000000;118.08000183
S;SUL;2011-01-31;16134.00000000;227.27000427;14457.00000000;203.63999939
SE;SUDESTE;2011-01-31;54598.00000000;99.38999939;51492.00000000;93.73000336
N;NORTE;2011-02-01;10048.00000000;90.01999664;9983.00000000;89.44000244
NE;NORDESTE;2011-02-01;16155.00000000;111.26999664;16155.00000000;111.26999664
S;SUL;2011-02-01;15689.00000000;197.07000732;14043.00000000;176.39999390
SE;SUDESTE;2011-02-01;52740.00000000;92.12999725;50413.00000000;88.06999969
N;NORTE;2011-02-02;9997.00000000;89.55999756;9921.00000000;88.87999725
NE;NORDESTE;2011-02-02;15659.00000000;107.84999847;15659.00000000;107.84999847
S;SUL;2011-02-02;15843.00000000;199.00999451;14168.00000000;177.97000122
SE;SUDESTE;2011-02-02;51402.00000000;89.80000305;48902.00000000;85.43000031
N;NORTE;2011-02-03;9822.00000000;87.98999786;9742.00000000;87.27999878
NE;NORDESTE;2011-02-03;15460.00000000;106.48000336;15459.00000000;106.47000122
S;SUL;2011-02-03;15040.00000000;188.91999817;13572.00000000;170.47999573
SE;SUDESTE;2011-02-03;50118.00000000;87.55000305;47122.00000000;82.31999969
N;NORTE;2011-02-04;9687.00000000;86.77999878;9598.00000000;85.98999786
NE;NORDESTE;2011-02-04;14790.00000000;101.86000061;14785.00000000;101.83000183
S;SUL;2011-02-04;14246.00000000;178.94999695;12965.00000000;162.86000061
SE;SUDESTE;2011-02-04;49172.00000000;85.90000153;46250.00000000;80.80000305
N;NORTE;2011-02-05;9590.00000000;85.91999817;9504.00000000;85.15000153
NE;NORDESTE;2011-02-05;13945.00000000;96.04000092;13945.00000000;96.04000092
S;SUL;2011-02-05;14327.00000000;179.96000671;13163.00000000;165.33999634
SE;SUDESTE;2011-02-05;48489.00000000;84.70999908;46123.00000000;80.56999969
N;NORTE;2011-02-06;9505.00000000;85.15000153;9420.00000000;84.38999939
NE;NORDESTE;2011-02-06;12954.00000000;89.22000122;12954.00000000;89.22000122
S;SUL;2011-02-06;16633.00000000;208.92999268;13320.00000000;167.32000732
SE;SUDESTE;2011-02-06;47777.00000000;83.45999908;44131.00000000;77.08999634
N;NORTE;2011-02-07;9537.00000000;85.44000244;9447.00000000;84.62999725
NE;NORDESTE;2011-02-07;12044.00000000;82.94999695;12044.00000000;82.94999695
S;SUL;2011-02-07;19192.00000000;241.07000732;15996.00000000;200.92999268
SE;SUDESTE;2011-02-07;47201.00000000;82.45999908;43795.00000000;76.51000214
N;NORTE;2011-02-08;9682.00000000;86.73999786;9587.00000000;85.88999939
NE;NORDESTE;2011-02-08;11262.00000000;77.56999969;11262.00000000;77.56999969
S;SUL;2011-02-08;19445.00000000;244.25000000;16802.00000000;211.05000305
SE;SUDESTE;2011-02-08;46709.00000000;81.59999847;43479.00000000;75.94999695
N;NORTE;2011-02-09;9775.00000000;87.56999969;9679.00000000;86.70999908
NE;NORDESTE;2011-02-09;10618.00000000;73.12999725;10618.00000000;73.12999725
S;SUL;2011-02-09;19080.00000000;239.66999817;15890.00000000;199.60000610
SE;SUDESTE;2011-02-09;46485.00000000;81.20999908;42553.00000000;74.33999634
N;NORTE;2011-02-10;9855.00000000;88.29000092;9759.00000000;87.43000031
NE;NORDESTE;2011-02-10;10042.00000000;69.16000366;10042.00000000;69.16000366
S;SUL;2011-02-10;19993.00000000;251.13999939;14811.00000000;186.03999329
SE;SUDESTE;2011-02-10;46146.00000000;80.61000061;41497.00000000;72.48999786
N;NORTE;2011-02-11;10076.00000000;90.26999664;9985.00000000;89.44999695
NE;NORDESTE;2011-02-11;9515.00000000;65.52999878;9515.00000000;65.52999878
S;SUL;2011-02-11;20707.00000000;260.10000610;10868.00000000;136.52000427
SE;SUDESTE;2011-02-11;46057.00000000;80.45999908;42138.00000000;73.61000061
N;NORTE;2011-02-12;10347.00000000;92.69999695;10259.00000000;91.91000366
NE;NORDESTE;2011-02-12;9042.00000000;62.27999878;9042.00000000;62.27999878
S;SUL;2011-02-12;22275.00000000;279.79998779;13431.00000000;168.71000671
SE;SUDESTE;2011-02-12;46824.00000000;81.80000305;42258.00000000;73.81999969
N;NORTE;2011-02-13;10631.00000000;95.23999786;10549.00000000;94.51000214
NE;NORDESTE;2011-02-13;8320.00000000;57.29999924;8320.00000000;57.29999924
S;SUL;2011-02-13;26957.00000000;338.60998535;12574.00000000;157.94000244
SE;SUDESTE;2011-02-13;48101.00000000;84.02999878;39459.00000000;68.93000031
N;NORTE;2011-02-14;10941.00000000;98.01999664;10863.00000000;97.31999969
NE;NORDESTE;2011-02-14;7805.00000000;53.75999832;7805.00000000;53.75999832
S;SUL;2011-02-14;27700.00000000;347.95001221;14808.00000000;186.00999451
SE;SUDESTE;2011-02-14;49245.00000000;86.02999878;42329.00000000;73.94999695
N;NORTE;2011-02-15;11301.00000000;101.23999786;11235.00000000;100.65000153
NE;NORDESTE;2011-02-15;7425.00000000;51.13999939;7413.00000000;51.06000137
S;SUL;2011-02-15;25754.00000000;323.50000000;14093.00000000;177.02999878
SE;SUDESTE;2011-02-15;49738.00000000;86.88999939;42604.00000000;74.43000031
N;NORTE;2011-02-16;11603.00000000;103.94999695;11562.00000000;103.58000183
NE;NORDESTE;2011-02-16;7252.00000000;49.95000076;7240.00000000;49.86000061
S;SUL;2011-02-16;23260.00000000;292.17001343;11542.00000000;144.97999573
SE;SUDESTE;2011-02-16;49853.00000000;87.08999634;42705.00000000;74.59999847
N;NORTE;2011-02-17;11930.00000000;106.87999725;11908.00000000;106.68000031
NE;NORDESTE;2011-02-17;6946.00000000;47.84000015;6931.00000000;47.74000168
S;SUL;2011-02-17;20639.00000000;259.25000000;14105.00000000;177.17999268
SE;SUDESTE;2011-02-17;50168.00000000;87.63999939;42499.00000000;74.23999786
N;NORTE;2011-02-18;12290.00000000;110.11000061;12272.00000000;109.94000244
NE;NORDESTE;2011-02-18;6672.00000000;45.95000076;6649.00000000;45.79000092
S;SUL;2011-02-18;19132.00000000;240.32000732;14505.00000000;182.19999695
SE;SUDESTE;2011-02-18;50439.00000000;88.11000061;42976.00000000;75.08000183
N;NORTE;2011-02-19;12761.00000000;114.31999969;12742.00000000;114.15000153
NE;NORDESTE;2011-02-19;6582.00000000;45.33000183;6557.00000000;45.15999985
S;SUL;2011-02-19;18161.00000000;228.11999512;10834.00000000;136.08999634
SE;SUDESTE;2011-02-19;50493.00000000;88.20999908;43968.00000000;76.80999756
N;NORTE;2011-02-20;13193.00000000;118.19000244;13169.00000000;117.98000336
NE;NORDESTE;2011-02-20;6503.00000000;44.79000092;6479.00000000;44.61999893
S;SUL;2011-02-20;17329.00000000;217.66999817;12578.00000000;157.99000549
SE;SUDESTE;2011-02-20;49978.00000000;87.30999756;41628.00000000;72.72000122
N;NORTE;2011-02-21;13480.00000000;120.76999664;13447.00000000;120.47000122
NE;NORDESTE;2011-02-21;6399.00000000;44.06999969;6373.00000000;43.88999939
S;SUL;2011-02-21;18017.00000000;226.32000732;12131.00000000;152.38000488
SE;SUDESTE;2011-02-21;49619.00000000;86.68000031;43995.00000000;76.86000061
N;NORTE;2011-02-22;13742.00000000;123.11000061;13699.00000000;122.73000336
NE;NORDESTE;2011-02-22;6302.00000000;43.40000153;6290.00000000;43.31999969
S;SUL;2011-02-22;19772.00000000;248.36000061;12259.00000000;153.99000549
SE;SUDESTE;2011-02-22;49213.00000000;85.97000122;44988.00000000;78.58999634
N;NORTE;2011-02-23;13997.00000000;125.40000153;13948.00000000;124.95999908
NE;NORDESTE;2011-02-23;6257.00000000;43.09000015;6245.00000000;43.00999832
S;SUL;2011-02-23;19804.00000000;248.75999451;10287.00000000;129.22000122
SE;SUDESTE;2011-02-23;49471.00000000;86.41999817;45447.00000000;79.38999939
N;NORTE;2011-02-24;14119.00000000;126.48999786;14068.00000000;126.02999878
NE;NORDESTE;2011-02-24;6225.00000000;42.86999893;6212.00000000;42.77999878
S;SUL;2011-02-24;19671.00000000;247.08999634;13103.00000000;164.58999634
SE;SUDESTE;2011-02-24;49800.00000000;87.00000000;45786.00000000;79.98000336
N;NORTE;2011-02-25;14317.00000000;128.25999451;14088.00000000;126.20999908
NE;NORDESTE;2011-02-25;6297.00000000;43.36999893;6285.00000000;43.29000092
S;SUL;2011-02-25;20866.00000000;262.10000610;11366.00000000;142.77000427
SE;SUDESTE;2011-02-25;50677.00000000;88.52999878;46004.00000000;80.37000275
N;NORTE;2011-02-26;14679.00000000;131.50999451;14158.00000000;126.83999634
NE;NORDESTE;2011-02-26;6631.00000000;45.66999817;6616.00000000;45.56999969
S;SUL;2011-02-26;24074.00000000;302.39999390;11077.00000000;139.13999939
SE;SUDESTE;2011-02-26;51590.00000000;90.12000275;46358.00000000;80.98000336
N;NORTE;2011-02-27;15061.00000000;134.92999268;14092.00000000;126.25000000
NE;NORDESTE;2011-02-27;6837.00000000;47.09000015;6823.00000000;46.99000168
S;SUL;2011-02-27;26486.00000000;332.70001221;11118.00000000;139.66000366
SE;SUDESTE;2011-02-27;53248.00000000;93.01999664;45798.00000000;80.01000214
N;NORTE;2011-02-28;15421.00000000;138.16000366;13490.00000000;120.86000061
NE;NORDESTE;2011-02-28;6963.00000000;47.95999908;6902.00000000;47.54000092
S;SUL;2011-02-28;24311.00000000;305.38000488;15459.00000000;194.17999268
SE;SUDESTE;2011-02-28;55932.00000000;97.70999908;49426.00000000;86.33999634
N;NORTE;2011-03-01;15860.00000000;121.19000244;13224.00000000;101.05000305
NE;NORDESTE;2011-03-01;6843.00000000;47.66999817;6701.00000000;46.68000031
S;SUL;2011-03-01;21233.00000000;313.86999512;17306.00000000;255.82000732
SE;SUDESTE;2011-03-01;57893.00000000;107.77999878;51588.00000000;96.04000092
N;NORTE;2011-03-02;16295.00000000;124.51000214;12578.00000000;96.11000061
NE;NORDESTE;2011-03-02;6210.00000000;43.25999832;6045.00000000;42.11000061
S;SUL;2011-03-02;18422.00000000;272.32000732;14156.00000000;209.25999451
SE;SUDESTE;2011-03-02;61479.00000000;114.45999908;54551.00000000;101.55999756
N;NORTE;2011-03-03;16679.00000000;127.44999695;11466.00000000;87.61000061
NE;NORDESTE;2011-03-03;6014.00000000;41.90000153;5770.00000000;40.20000076
S;SUL;2011-03-03;16262.00000000;240.38999939;13832.00000000;204.47000122
SE;SUDESTE;2011-03-03;65398.00000000;121.75000000;58355.00000000;108.63999939
N;NORTE;2011-03-04;17050.00000000;130.27999878;10114.00000000;77.27999878
NE;NORDESTE;2011-03-04;6035.00000000;42.04000092;5798.00000000;40.38999939
S;SUL;2011-03-04;14692.00000000;217.17999268;13796.00000000;203.94000244
SE;SUDESTE;2011-03-04;70516.00000000;131.27999878;59951.00000000;111.61000061
N;NORTE;2011-03-05;17422.00000000;133.13000488;8763.00000000;66.95999908
NE;NORDESTE;2011-03-05;6243.00000000;43.49000168;6012.00000000;41.88000107
S;SUL;2011-03-05;13531.00000000;200.02000427;12065.00000000;178.35000610
SE;SUDESTE;2011-03-05;75586.00000000;140.72000122;57409.00000000;106.87999725
N;NORTE;2011-03-06;17761.00000000;135.72000122;7862.00000000;60.08000183
NE;NORDESTE;2011-03-06;6582.00000000;45.84999847;6351.00000000;44.24000168
S;SUL;2011-03-06;12296.00000000;181.75999451;6534.00000000;96.58999634
SE;SUDESTE;2011-03-06;80425.00000000;149.72999573;55898.00000000;104.06999969
N;NORTE;2011-03-07;18019.00000000;137.69000244;7418.00000000;56.68000031
NE;NORDESTE;2011-03-07;6490.00000000;45.20999908;6242.00000000;43.47999954
S;SUL;2011-03-07;11134.00000000;164.58999634;9148.00000000;135.22999573
SE;SUDESTE;2011-03-07;86094.00000000;160.27999878;63592.00000000;118.38999939
N;NORTE;2011-03-08;18127.00000000;138.50999451;6786.00000000;51.84999847
NE;NORDESTE;2011-03-08;6557.00000000;45.68000031;6326.00000000;44.06999969
S;SUL;2011-03-08;10068.00000000;148.83000183;9576.00000000;141.55999756
SE;SUDESTE;2011-03-08;91422.00000000;170.19999695;64536.00000000;120.15000153
N;NORTE;2011-03-09;18076.00000000;138.11999512;6851.00000000;52.34999847
NE;NORDESTE;2011-03-09;6666.00000000;46.43999863;6434.00000000;44.81999969
S;SUL;2011-03-09;9114.00000000;134.72999573;8695.00000000;128.52999878
SE;SUDESTE;2011-03-09;94418.00000000;175.77999878;69810.00000000;129.97000122
N;NORTE;2011-03-10;17898.00000000;136.75999451;7638.00000000;58.36000061
NE;NORDESTE;2011-03-10;6976.00000000;48.59999847;6795.00000000;47.34000015
S;SUL;2011-03-10;8670.00000000;128.16000366;8547.00000000;126.34999847
SE;SUDESTE;2011-03-10;97325.00000000;181.19000244;72082.00000000;134.19999695
N;NORTE;2011-03-11;17625.00000000;134.67999268;8106.00000000;61.93999863
NE;NORDESTE;2011-03-11;7042.00000000;49.06000137;6985.00000000;48.65999985
S;SUL;2011-03-11;9450.00000000;139.69000244;9123.00000000;134.86000061
SE;SUDESTE;2011-03-11;98676.00000000;183.71000671;74624.00000000;138.92999268
N;NORTE;2011-03-12;17330.00000000;132.41999817;7976.00000000;60.95000076
NE;NORDESTE;2011-03-12;7541.00000000;52.52999878;7541.00000000;52.52999878
S;SUL;2011-03-12;11832.00000000;174.91000366;10956.00000000;161.96000671
SE;SUDESTE;2011-03-12;98680.00000000;183.71000671;74190.00000000;138.11999512
N;NORTE;2011-03-13;17129.00000000;130.88999939;7775.00000000;59.40999985
NE;NORDESTE;2011-03-13;8675.00000000;60.43000031;8675.00000000;60.43000031
S;SUL;2011-03-13;12358.00000000;182.67999268;9159.00000000;135.38999939
SE;SUDESTE;2011-03-13;98935.00000000;184.19000244;67875.00000000;126.36000061
N;NORTE;2011-03-14;16926.00000000;129.33999634;7571.00000000;57.84999847
NE;NORDESTE;2011-03-14;9681.00000000;67.44000244;9621.00000000;67.01999664
S;SUL;2011-03-14;11275.00000000;166.66999817;10273.00000000;151.86000061
SE;SUDESTE;2011-03-14;99094.00000000;184.49000549;69506.00000000;129.39999390
N;NORTE;2011-03-15;16872.00000000;128.91999817;7517.00000000;57.43999863
NE;NORDESTE;2011-03-15;10473.00000000;72.95999908;10308.00000000;71.80999756
S;SUL;2011-03-15;10025.00000000;148.19000244;9726.00000000;143.77000427
SE;SUDESTE;2011-03-15;97704.00000000;181.89999390;65283.00000000;121.54000092
N;NORTE;2011-03-16;16814.00000000;128.47999573;7460.00000000;57.00000000
NE;NORDESTE;2011-03-16;11387.00000000;79.33000183;11183.00000000;77.91000366
S;SUL;2011-03-16;8969.00000000;132.58000183;8723.00000000;128.94999695
SE;SUDESTE;2011-03-16;96013.00000000;178.75000000;62994.00000000;117.27999878
N;NORTE;2011-03-17;16674.00000000;127.41000366;7887.00000000;60.27000046
NE;NORDESTE;2011-03-17;12533.00000000;87.30999756;12327.00000000;85.87999725
S;SUL;2011-03-17;8180.00000000;120.91999817;8000.00000000;118.26000214
SE;SUDESTE;2011-03-17;93734.00000000;174.50999451;62026.00000000;115.48000336
N;NORTE;2011-03-18;16546.00000000;126.43000031;7982.00000000;60.99000168
NE;NORDESTE;2011-03-18;13529.00000000;94.25000000;13326.00000000;92.83000183
S;SUL;2011-03-18;7737.00000000;114.37000275;7562.00000000;111.77999878
SE;SUDESTE;2011-03-18;92659.00000000;172.50999451;61535.00000000;114.55999756
N;NORTE;2011-03-19;16527.00000000;126.29000092;7961.00000000;60.83000183
NE;NORDESTE;2011-03-19;14374.00000000;100.13999939;14171.00000000;98.72000122
S;SUL;2011-03-19;7347.00000000;108.61000061;7167.00000000;105.94999695
SE;SUDESTE;2011-03-19;92123.00000000;171.50999451;57717.00000000;107.44999695
N;NORTE;2011-03-20;16453.00000000;125.72000122;7885.00000000;60.25000000
NE;NORDESTE;2011-03-20;14931.00000000;104.01999664;14728.00000000;102.59999847
S;SUL;2011-03-20;6853.00000000;101.30000305;6674.00000000;98.66000366
SE;SUDESTE;2011-03-20;93265.00000000;173.63000488;56323.00000000;104.86000061
N;NORTE;2011-03-21;16318.00000000;124.69000244;7749.00000000;59.20999908
NE;NORDESTE;2011-03-21;15782.00000000;109.94000244;15680.00000000;109.23000336
S;SUL;2011-03-21;6599.00000000;97.55000305;6423.00000000;94.94999695
SE;SUDESTE;2011-03-21;92813.00000000;172.78999329;60934.00000000;113.44000244
N;NORTE;2011-03-22;16115.00000000;123.13999939;8324.00000000;63.61000061
NE;NORDESTE;2011-03-22;15905.00000000;110.80000305;15905.00000000;110.80000305
S;SUL;2011-03-22;6155.00000000;90.98999786;5981.00000000;88.41000366
SE;SUDESTE;2011-03-22;91086.00000000;169.58000183;62875.00000000;117.05999756
N;NORTE;2011-03-23;15882.00000000;121.36000061;8091.00000000;61.83000183
NE;NORDESTE;2011-03-23;16124.00000000;112.33000183;16124.00000000;112.33000183
S;SUL;2011-03-23;5770.00000000;85.29000092;5615.00000000;83.00000000
SE;SUDESTE;2011-03-23;88092.00000000;164.00000000;62065.00000000;115.55000305
N;NORTE;2011-03-24;15675.00000000;119.77999878;8196.00000000;62.63000107
NE;NORDESTE;2011-03-24;16370.00000000;114.04000092;16370.00000000;114.04000092
S;SUL;2011-03-24;5579.00000000;82.47000122;5458.00000000;80.68000031
SE;SUDESTE;2011-03-24;87379.00000000;162.67999268;62874.00000000;117.05000305
N;NORTE;2011-03-25;15426.00000000;117.87000275;8725.00000000;66.66999817
NE;NORDESTE;2011-03-25;16668.00000000;116.12000275;16668.00000000;116.12000275
S;SUL;2011-03-25;5998.00000000;88.66000366;5444.00000000;80.48000336
SE;SUDESTE;2011-03-25;86384.00000000;160.82000732;63310.00000000;117.87000275
N;NORTE;2011-03-26;15133.00000000;115.62999725;8176.00000000;62.47000122
NE;NORDESTE;2011-03-26;16746.00000000;116.66000366;16746.00000000;116.66000366
S;SUL;2011-03-26;9928.00000000;146.75999451;7858.00000000;116.16000366
SE;SUDESTE;2011-03-26;84600.00000000;157.50000000;60897.00000000;113.37000275
N;NORTE;2011-03-27;15022.00000000;114.79000092;6698.00000000;51.18000031
NE;NORDESTE;2011-03-27;16626.00000000;115.81999969;16626.00000000;115.81999969
S;SUL;2011-03-27;17454.00000000;258.01000977;12972.00000000;191.75999451
SE;SUDESTE;2011-03-27;82051.00000000;152.75999451;59472.00000000;110.72000122
N;NORTE;2011-03-28;15049.00000000;114.98999786;7337.00000000;56.06000137
NE;NORDESTE;2011-03-28;16793.00000000;116.98999786;16793.00000000;116.98999786
S;SUL;2011-03-28;21424.00000000;316.70001221;18581.00000000;274.67001343
SE;SUDESTE;2011-03-28;78989.00000000;147.05999756;58356.00000000;108.63999939
N;NORTE;2011-03-29;15107.00000000;115.44000244;7862.00000000;60.08000183
NE;NORDESTE;2011-03-29;17006.00000000;118.47000122;17006.00000000;118.47000122
S;SUL;2011-03-29;23977.00000000;354.44000244;19077.00000000;282.00000000
SE;SUDESTE;2011-03-29;76245.00000000;141.94999695;56373.00000000;104.94999695
N;NORTE;2011-03-30;15200.00000000;116.15000153;7951.00000000;60.75999832
NE;NORDESTE;2011-03-30;17266.00000000;120.27999878;17266.00000000;120.27999878
S;SUL;2011-03-30;23783.00000000;351.57000732;17812.00000000;263.29998779
SE;SUDESTE;2011-03-30;73789.00000000;137.36999512;53498.00000000;99.59999847
N;NORTE;2011-03-31;15369.00000000;117.44000244;8113.00000000;61.99000168
NE;NORDESTE;2011-03-31;17372.00000000;121.01999664;17372.00000000;121.01999664
S;SUL;2011-03-31;28186.00000000;416.66000366;15409.00000000;227.77999878
SE;SUDESTE;2011-03-31;71736.00000000;133.55000305;52495.00000000;97.73000336
N;NORTE;2011-04-01;15596.00000000;119.25000000;7403.00000000;56.61000061
NE;NORDESTE;2011-04-01;17368.00000000;148.16999817;17368.00000000;148.16999817
S;SUL;2011-04-01;25659.00000000;407.51000977;18049.00000000;286.64999390
SE;SUDESTE;2011-04-01;69691.00000000;171.27999878;52757.00000000;129.66000366
N;NORTE;2011-04-02;15853.00000000;121.22000122;7283.00000000;55.68999863
NE;NORDESTE;2011-04-02;17496.00000000;149.25999451;17496.00000000;149.25999451
S;SUL;2011-04-02;23123.00000000;367.23001099;15298.00000000;242.96000671
SE;SUDESTE;2011-04-02;67629.00000000;166.21000671;52153.00000000;128.17999268
N;NORTE;2011-04-03;16143.00000000;123.44000244;7573.00000000;57.90999985
NE;NORDESTE;2011-04-03;17473.00000000;149.05999756;17473.00000000;149.05999756
S;SUL;2011-04-03;19902.00000000;316.07998657;9731.00000000;154.53999329
SE;SUDESTE;2011-04-03;66444.00000000;163.30000305;49405.00000000;121.41999817
N;NORTE;2011-04-04;16386.00000000;125.29000092;8611.00000000;65.83999634
NE;NORDESTE;2011-04-04;17231.00000000;147.00000000;17231.00000000;147.00000000
S;SUL;2011-04-04;16986.00000000;269.76998901;11120.00000000;176.60000610
SE;SUDESTE;2011-04-04;66309.00000000;162.97000122;51792.00000000;127.29000092
N;NORTE;2011-04-05;16556.00000000;126.58999634;9101.00000000;69.58999634
NE;NORDESTE;2011-04-05;17078.00000000;145.69000244;17078.00000000;145.69000244
S;SUL;2011-04-05;15037.00000000;238.80999756;13123.00000000;208.41000366
SE;SUDESTE;2011-04-05;66790.00000000;164.14999390;53185.00000000;130.71000671
N;NORTE;2011-04-06;16493.00000000;126.11000061;9042.00000000;69.13999939
NE;NORDESTE;2011-04-06;16954.00000000;144.63999939;16954.00000000;144.63999939
S;SUL;2011-04-06;13509.00000000;214.53999329;11641.00000000;184.88000488
SE;SUDESTE;2011-04-06;67020.00000000;164.72000122;53468.00000000;131.41000366
N;NORTE;2011-04-07;16404.00000000;125.43000031;8526.00000000;65.19000244
NE;NORDESTE;2011-04-07;16924.00000000;144.38000488;16924.00000000;144.38000488
S;SUL;2011-04-07;12353.00000000;196.19000244;10790.00000000;171.36000061
SE;SUDESTE;2011-04-07;65768.00000000;161.63999939;52158.00000000;128.19000244
N;NORTE;2011-04-08;16333.00000000;124.88999939;7673.00000000;58.66999817
NE;NORDESTE;2011-04-08;17080.00000000;145.71000671;17080.00000000;145.71000671
S;SUL;2011-04-08;11246.00000000;178.60000610;9308.00000000;147.83000183
SE;SUDESTE;2011-04-08;64672.00000000;158.94000244;51155.00000000;125.72000122
N;NORTE;2011-04-09;16223.00000000;124.05000305;7105.00000000;54.33000183
NE;NORDESTE;2011-04-09;16891.00000000;144.10000610;16891.00000000;144.10000610
S;SUL;2011-04-09;10521.00000000;167.08999634;9270.00000000;147.22000122
SE;SUDESTE;2011-04-09;63799.00000000;156.80000305;48964.00000000;120.33999634
N;NORTE;2011-04-10;16074.00000000;122.91000366;6953.00000000;53.16999817
NE;NORDESTE;2011-04-10;16598.00000000;141.60000610;16598.00000000;141.60000610
S;SUL;2011-04-10;9793.00000000;155.52999878;8624.00000000;136.96000671
SE;SUDESTE;2011-04-10;62395.00000000;153.35000610;45061.00000000;110.75000000
N;NORTE;2011-04-11;16031.00000000;122.58000183;6908.00000000;52.81999969
NE;NORDESTE;2011-04-11;16483.00000000;140.61999512;16483.00000000;140.61999512
S;SUL;2011-04-11;9388.00000000;149.10000610;8020.00000000;127.37000275
SE;SUDESTE;2011-04-11;60915.00000000;149.71000671;47556.00000000;116.87999725
N;NORTE;2011-04-12;16013.00000000;122.44000244;7436.00000000;56.86000061
NE;NORDESTE;2011-04-12;16378.00000000;139.72000122;16378.00000000;139.72000122
S;SUL;2011-04-12;8976.00000000;142.55000305;7893.00000000;125.34999847
SE;SUDESTE;2011-04-12;60036.00000000;147.55000305;46157.00000000;113.44000244
N;NORTE;2011-04-13;16037.00000000;122.62999725;8273.00000000;63.25999832
NE;NORDESTE;2011-04-13;16191.00000000;138.13000488;16191.00000000;138.13000488
S;SUL;2011-04-13;8648.00000000;137.33999634;8054.00000000;127.91000366
SE;SUDESTE;2011-04-13;58332.00000000;143.36000061;46751.00000000;114.90000153
N;NORTE;2011-04-14;16170.00000000;123.63999939;8681.00000000;66.37999725
NE;NORDESTE;2011-04-14;16054.00000000;136.96000671;16054.00000000;136.96000671
S;SUL;2011-04-14;9000.00000000;142.92999268;7912.00000000;125.66000366
SE;SUDESTE;2011-04-14;57131.00000000;140.41000366;46004.00000000;113.05999756
N;NORTE;2011-04-15;16286.00000000;124.52999878;8079.00000000;61.77999878
NE;NORDESTE;2011-04-15;15935.00000000;135.94000244;15935.00000000;135.94000244
S;SUL;2011-04-15;9642.00000000;153.13000488;8715.00000000;138.41000366
SE;SUDESTE;2011-04-15;55823.00000000;137.19999695;42274.00000000;103.90000153
N;NORTE;2011-04-16;16369.00000000;125.16000366;7011.00000000;53.61000061
NE;NORDESTE;2011-04-16;15938.00000000;135.97000122;15938.00000000;135.97000122
S;SUL;2011-04-16;9639.00000000;153.08000183;9115.00000000;144.75999451
SE;SUDESTE;2011-04-16;54294.00000000;133.44000244;42003.00000000;103.23000336
N;NORTE;2011-04-17;16448.00000000;125.76999664;7013.00000000;53.61999893
NE;NORDESTE;2011-04-17;15714.00000000;134.05999756;15714.00000000;134.05999756
S;SUL;2011-04-17;8880.00000000;141.02999878;8588.00000000;136.38999939
SE;SUDESTE;2011-04-17;53353.00000000;131.13000488;40299.00000000;99.04000092
N;NORTE;2011-04-18;16408.00000000;125.45999908;8725.00000000;66.72000122
NE;NORDESTE;2011-04-18;15531.00000000;132.50000000;15531.00000000;132.50000000
S;SUL;2011-04-18;8479.00000000;134.66000366;8141.00000000;129.28999329
SE;SUDESTE;2011-04-18;51915.00000000;127.58999634;42303.00000000;103.97000122
N;NORTE;2011-04-19;16310.00000000;124.70999908;9588.00000000;73.30999756
NE;NORDESTE;2011-04-19;15400.00000000;131.38000488;15400.00000000;131.38000488
S;SUL;2011-04-19;8139.00000000;129.25999451;7733.00000000;122.80999756
SE;SUDESTE;2011-04-19;50269.00000000;123.55000305;43206.00000000;106.19000244
N;NORTE;2011-04-20;16206.00000000;123.91999817;8732.00000000;66.76999664
NE;NORDESTE;2011-04-20;15085.00000000;128.69000244;15085.00000000;128.69000244
S;SUL;2011-04-20;7795.00000000;123.80000305;7647.00000000;121.44999695
SE;SUDESTE;2011-04-20;48439.00000000;119.05000305;41285.00000000;101.47000122
N;NORTE;2011-04-21;16022.00000000;122.51000214;8205.00000000;62.74000168
NE;NORDESTE;2011-04-21;14719.00000000;125.56999969;14719.00000000;125.56999969
S;SUL;2011-04-21;7981.00000000;126.75000000;7844.00000000;124.58000183
SE;SUDESTE;2011-04-21;46768.00000000;114.94000244;37251.00000000;91.55000305
N;NORTE;2011-04-22;15816.00000000;120.94000244;7256.00000000;55.47999954
NE;NORDESTE;2011-04-22;14480.00000000;123.52999878;14480.00000000;123.52999878
S;SUL;2011-04-22;8210.00000000;130.38999939;8085.00000000;128.39999390
SE;SUDESTE;2011-04-22;45407.00000000;111.59999847;35568.00000000;87.41999817
N;NORTE;2011-04-23;15706.00000000;120.09999847;6847.00000000;52.36000061
NE;NORDESTE;2011-04-23;14196.00000000;121.11000061;14196.00000000;121.11000061
S;SUL;2011-04-23;9628.00000000;152.91000366;9180.00000000;145.78999329
SE;SUDESTE;2011-04-23;44189.00000000;108.59999847;37218.00000000;91.47000122
N;NORTE;2011-04-24;15591.00000000;119.22000122;6732.00000000;51.47999954
NE;NORDESTE;2011-04-24;13833.00000000;118.01000214;13833.00000000;118.01000214
S;SUL;2011-04-24;11063.00000000;175.69999695;9337.00000000;148.28999329
SE;SUDESTE;2011-04-24;42935.00000000;105.51999664;35320.00000000;86.80999756
N;NORTE;2011-04-25;15522.00000000;118.69000244;6663.00000000;50.95000076
NE;NORDESTE;2011-04-25;13340.00000000;113.80999756;13340.00000000;113.80999756
S;SUL;2011-04-25;9760.00000000;155.00000000;8962.00000000;142.33000183
SE;SUDESTE;2011-04-25;41853.00000000;102.86000061;37547.00000000;92.27999878
N;NORTE;2011-04-26;15391.00000000;117.69000244;7470.00000000;57.11999893
NE;NORDESTE;2011-04-26;12777.00000000;109.00000000;12777.00000000;109.00000000
S;SUL;2011-04-26;8294.00000000;131.72000122;7919.00000000;125.76999664
SE;SUDESTE;2011-04-26;41046.00000000;100.87999725;38739.00000000;95.20999908
N;NORTE;2011-04-27;15318.00000000;117.12999725;8499.00000000;64.98999786
NE;NORDESTE;2011-04-27;11914.00000000;101.63999939;11914.00000000;101.63999939
S;SUL;2011-04-27;7255.00000000;115.22000122;7009.00000000;111.30999756
SE;SUDESTE;2011-04-27;40937.00000000;100.61000061;39416.00000000;96.87000275
N;NORTE;2011-04-28;15303.00000000;117.01000214;8213.00000000;62.79999924
NE;NORDESTE;2011-04-28;11284.00000000;96.26999664;11284.00000000;96.26999664
S;SUL;2011-04-28;6259.00000000;99.40000153;6101.00000000;96.88999939
SE;SUDESTE;2011-04-28;41212.00000000;101.29000092;39403.00000000;96.83999634
N;NORTE;2011-04-29;15204.00000000;116.26000214;7207.00000000;55.11000061
NE;NORDESTE;2011-04-29;10520.00000000;89.75000000;10520.00000000;89.75000000
S;SUL;2011-04-29;5875.00000000;93.30000305;5723.00000000;90.88999939
SE;SUDESTE;2011-04-29;41600.00000000;102.23999786;39445.00000000;96.94000244
N;NORTE;2011-04-30;15106.00000000;115.51000214;6687.00000000;51.13000107
NE;NORDESTE;2011-04-30;9850.00000000;84.02999878;9850.00000000;84.02999878
S;SUL;2011-04-30;5575.00000000;88.54000092;5483.00000000;87.08000183
SE;SUDESTE;2011-04-30;41903.00000000;102.98999786;39065.00000000;96.01000214
N;NORTE;2011-05-01;14950.00000000;175.41000366;6532.00000000;76.63999939
NE;NORDESTE;2011-05-01;9154.00000000;128.88999939;9154.00000000;128.88999939
S;SUL;2011-05-01;5486.00000000;66.51999664;5418.00000000;65.69999695
SE;SUDESTE;2011-05-01;41560.00000000;140.52999878;37766.00000000;127.69999695
N;NORTE;2011-05-02;14756.00000000;173.13000488;6338.00000000;74.36000061
NE;NORDESTE;2011-05-02;8531.00000000;120.12000275;8531.00000000;120.12000275
S;SUL;2011-05-02;5480.00000000;66.44999695;5389.00000000;65.34999847
SE;SUDESTE;2011-05-02;41063.00000000;138.85000610;39481.00000000;133.50000000
N;NORTE;2011-05-03;14540.00000000;170.60000610;7169.00000000;84.11000061
NE;NORDESTE;2011-05-03;8151.00000000;114.76999664;8151.00000000;114.76999664
S;SUL;2011-05-03;5241.00000000;63.54999924;5149.00000000;62.43999863
SE;SUDESTE;2011-05-03;40564.00000000;137.16000366;39754.00000000;134.41999817
N;NORTE;2011-05-04;14405.00000000;169.00999451;8048.00000000;94.43000031
NE;NORDESTE;2011-05-04;7822.00000000;110.12999725;7822.00000000;110.12999725
S;SUL;2011-05-04;5006.00000000;60.70000076;4925.00000000;59.72000122
SE;SUDESTE;2011-05-04;40205.00000000;135.94999695;39281.00000000;132.82000732
N;NORTE;2011-05-05;14225.00000000;166.89999390;8020.00000000;94.09999847
NE;NORDESTE;2011-05-05;7700.00000000;108.41999817;7700.00000000;108.41999817
S;SUL;2011-05-05;4757.00000000;57.68000031;4654.00000000;56.43999863
SE;SUDESTE;2011-05-05;39995.00000000;135.24000549;39082.00000000;132.14999390
N;NORTE;2011-05-06;14152.00000000;166.03999329;7944.00000000;93.20999908
NE;NORDESTE;2011-05-06;6969.00000000;98.12000275;6969.00000000;98.12000275
S;SUL;2011-05-06;4568.00000000;55.38999939;4478.00000000;54.29999924
SE;SUDESTE;2011-05-06;39535.00000000;133.67999268;38725.00000000;130.94000244
N;NORTE;2011-05-07;14078.00000000;165.17999268;7038.00000000;82.58000183
NE;NORDESTE;2011-05-07;6994.00000000;98.48000336;6994.00000000;98.48000336
S;SUL;2011-05-07;4438.00000000;53.81999969;4343.00000000;52.65999985
SE;SUDESTE;2011-05-07;39027.00000000;131.96000671;34720.00000000;117.40000153
N;NORTE;2011-05-08;13972.00000000;163.92999268;6610.00000000;77.55000305
NE;NORDESTE;2011-05-08;6666.00000000;93.86000061;6666.00000000;93.86000061
S;SUL;2011-05-08;4228.00000000;51.27000046;4126.00000000;50.02999878
SE;SUDESTE;2011-05-08;38281.00000000;129.44000244;33255.00000000;112.44999695
N;NORTE;2011-05-09;13844.00000000;162.42999268;7363.00000000;86.38999939
NE;NORDESTE;2011-05-09;6504.00000000;91.58000183;6504.00000000;91.58000183
S;SUL;2011-05-09;4382.00000000;53.13999939;4301.00000000;52.15000153
SE;SUDESTE;2011-05-09;37468.00000000;126.69000244;33555.00000000;113.45999908
N;NORTE;2011-05-10;13685.00000000;160.57000732;7569.00000000;88.80999756
NE;NORDESTE;2011-05-10;6074.00000000;85.51999664;6074.00000000;85.51999664
S;SUL;2011-05-10;5613.00000000;68.05999756;5535.00000000;67.12000275
SE;SUDESTE;2011-05-10;36561.00000000;123.62999725;35347.00000000;119.51999664
N;NORTE;2011-05-11;13477.00000000;158.13000488;7653.00000000;89.79000092
NE;NORDESTE;2011-05-11;6075.00000000;85.54000092;6075.00000000;85.54000092
S;SUL;2011-05-11;7721.00000000;93.62999725;7564.00000000;91.72000122
SE;SUDESTE;2011-05-11;35615.00000000;120.43000031;34206.00000000;115.66000366
N;NORTE;2011-05-12;13193.00000000;154.78999329;7579.00000000;88.91999817
NE;NORDESTE;2011-05-12;6049.00000000;85.16999817;6049.00000000;85.16999817
S;SUL;2011-05-12;8258.00000000;100.13999939;8085.00000000;98.04000092
SE;SUDESTE;2011-05-12;34685.00000000;117.27999878;33861.00000000;114.50000000
N;NORTE;2011-05-13;12902.00000000;151.38000488;7276.00000000;85.37000275
NE;NORDESTE;2011-05-13;6152.00000000;86.62000275;6152.00000000;86.62000275
S;SUL;2011-05-13;7718.00000000;93.58999634;7370.00000000;89.37000275
SE;SUDESTE;2011-05-13;33767.00000000;114.18000031;32995.00000000;111.56999969
N;NORTE;2011-05-14;12641.00000000;148.32000732;7417.00000000;87.01999664
NE;NORDESTE;2011-05-14;5998.00000000;84.44999695;5998.00000000;84.44999695
S;SUL;2011-05-14;7460.00000000;90.45999908;7176.00000000;87.01999664
SE;SUDESTE;2011-05-14;33098.00000000;111.91999817;32090.00000000;108.51000214
N;NORTE;2011-05-15;12372.00000000;145.16000366;6895.00000000;80.90000153
NE;NORDESTE;2011-05-15;5843.00000000;82.26999664;5843.00000000;82.26999664
S;SUL;2011-05-15;8982.00000000;108.91999817;8588.00000000;104.13999939
SE;SUDESTE;2011-05-15;32499.00000000;109.88999939;31327.00000000;105.93000031
N;NORTE;2011-05-16;12091.00000000;141.86000061;6606.00000000;77.51000214
NE;NORDESTE;2011-05-16;5697.00000000;80.20999908;5697.00000000;80.20999908
S;SUL;2011-05-16;10788.00000000;130.82000732;9780.00000000;118.58999634
SE;SUDESTE;2011-05-16;31966.00000000;108.08999634;30824.00000000;104.23000336
N;NORTE;2011-05-17;11804.00000000;138.50000000;7090.00000000;83.19000244
NE;NORDESTE;2011-05-17;5579.00000000;78.55000305;5579.00000000;78.55000305
S;SUL;2011-05-17;10103.00000000;122.51000214;9423.00000000;114.26000214
SE;SUDESTE;2011-05-17;31565.00000000;106.73000336;31247.00000000;105.66000366
N;NORTE;2011-05-18;11483.00000000;134.72999573;7316.00000000;85.83999634
NE;NORDESTE;2011-05-18;5441.00000000;76.61000061;5441.00000000;76.61000061
S;SUL;2011-05-18;8723.00000000;105.77999878;8395.00000000;101.80000305
SE;SUDESTE;2011-05-18;31118.00000000;105.22000122;30787.00000000;104.09999847
N;NORTE;2011-05-19;11114.00000000;130.39999390;7504.00000000;88.04000092
NE;NORDESTE;2011-05-19;5338.00000000;75.16000366;5338.00000000;75.16000366
S;SUL;2011-05-19;7525.00000000;91.25000000;7260.00000000;88.04000092
SE;SUDESTE;2011-05-19;30800.00000000;104.15000153;30451.00000000;102.97000122
N;NORTE;2011-05-20;10806.00000000;126.79000092;7367.00000000;86.44000244
NE;NORDESTE;2011-05-20;5231.00000000;73.65000153;5231.00000000;73.65000153
S;SUL;2011-05-20;6744.00000000;81.77999878;6475.00000000;78.51999664
SE;SUDESTE;2011-05-20;30424.00000000;102.87000275;30089.00000000;101.73999786
N;NORTE;2011-05-21;10495.00000000;123.13999939;7071.00000000;82.95999908
NE;NORDESTE;2011-05-21;5136.00000000;72.30999756;5136.00000000;72.30999756
S;SUL;2011-05-21;6220.00000000;75.41999817;6115.00000000;74.15000153
SE;SUDESTE;2011-05-21;30038.00000000;101.56999969;29880.00000000;101.04000092
N;NORTE;2011-05-22;10205.00000000;119.73000336;6785.00000000;79.61000061
NE;NORDESTE;2011-05-22;5060.00000000;71.23999786;5060.00000000;71.23999786
S;SUL;2011-05-22;5762.00000000;69.87000275;5710.00000000;69.23999786
SE;SUDESTE;2011-05-22;29681.00000000;100.36000061;28178.00000000;95.27999878
N;NORTE;2011-05-23;9872.00000000;115.83000183;6452.00000000;75.69999695
NE;NORDESTE;2011-05-23;4861.00000000;68.44000244;4861.00000000;68.44000244
S;SUL;2011-05-23;5463.00000000;66.25000000;5414.00000000;65.65000153
SE;SUDESTE;2011-05-23;29398.00000000;99.41000366;29244.00000000;98.87999725
N;NORTE;2011-05-24;9511.00000000;111.58999634;6852.00000000;80.38999939
NE;NORDESTE;2011-05-24;4791.00000000;67.45999908;4791.00000000;67.45999908
S;SUL;2011-05-24;5217.00000000;63.25999832;5171.00000000;62.70000076
SE;SUDESTE;2011-05-24;29102.00000000;98.40000153;28937.00000000;97.84999847
N;NORTE;2011-05-25;9165.00000000;107.52999878;8083.00000000;94.83999634
NE;NORDESTE;2011-05-25;4724.00000000;66.51000214;4724.00000000;66.51000214
S;SUL;2011-05-25;5022.00000000;60.90000153;4974.00000000;60.31999969
SE;SUDESTE;2011-05-25;28860.00000000;97.58999634;28729.00000000;97.13999939
N;NORTE;2011-05-26;8773.00000000;102.93000031;7871.00000000;92.34999847
NE;NORDESTE;2011-05-26;4648.00000000;65.44000244;4648.00000000;65.44000244
S;SUL;2011-05-26;4814.00000000;58.38000107;4766.00000000;57.79000092
SE;SUDESTE;2011-05-26;28599.00000000;96.69999695;28495.00000000;96.34999847
N;NORTE;2011-05-27;8347.00000000;97.93000031;7152.00000000;83.91000366
NE;NORDESTE;2011-05-27;4551.00000000;64.08000183;4551.00000000;64.08000183
S;SUL;2011-05-27;4505.00000000;54.63000107;4461.00000000;54.09000015
SE;SUDESTE;2011-05-27;28357.00000000;95.75000000;28243.00000000;95.36000061
N;NORTE;2011-05-28;7935.00000000;93.09999847;6745.00000000;79.13999939
NE;NORDESTE;2011-05-28;4420.00000000;62.22999954;4420.00000000;62.22999954
S;SUL;2011-05-28;4184.00000000;50.74000168;4136.00000000;50.15000153
SE;SUDESTE;2011-05-28;28101.00000000;94.87999725;28019.00000000;94.61000061
N;NORTE;2011-05-29;7540.00000000;88.47000122;6199.00000000;72.73000336
NE;NORDESTE;2011-05-29;4313.00000000;60.72999954;4313.00000000;60.72999954
S;SUL;2011-05-29;3898.00000000;47.27000046;3854.00000000;46.72999954
SE;SUDESTE;2011-05-29;27873.00000000;94.11000061;26939.00000000;90.95999908
N;NORTE;2011-05-30;7058.00000000;82.80999756;5706.00000000;66.94999695
NE;NORDESTE;2011-05-30;4205.00000000;59.20999908;4205.00000000;59.20999908
S;SUL;2011-05-30;3819.00000000;46.31000137;3771.00000000;45.72999954
SE;SUDESTE;2011-05-30;27670.00000000;93.43000031;27492.00000000;92.83000183
N;NORTE;2011-05-31;6636.00000000;77.86000061;6196.00000000;72.69999695
NE;NORDESTE;2011-05-31;4137.00000000;58.25000000;4137.00000000;58.25000000
S;SUL;2011-05-31;3650.00000000;44.25999832;3601.00000000;43.66999817
SE;SUDESTE;2011-05-31;27454.00000000;92.69999695;27169.00000000;91.73999786
N;NORTE;2011-06-01;6264.00000000;156.58000183;6196.00000000;154.88000488
NE;NORDESTE;2011-06-01;4090.00000000;87.18000031;4090.00000000;87.18000031
S;SUL;2011-06-01;3577.00000000;35.68000031;3528.00000000;35.18999863
SE;SUDESTE;2011-06-01;27194.00000000;106.63999939;26834.00000000;105.23000336
N;NORTE;2011-06-02;5948.00000000;148.67999268;5894.00000000;147.33000183
NE;NORDESTE;2011-06-02;4094.00000000;87.26000214;4094.00000000;87.26000214
S;SUL;2011-06-02;3536.00000000;35.27000046;3484.00000000;34.75000000
SE;SUDESTE;2011-06-02;26981.00000000;105.80999756;26553.00000000;104.12999725
N;NORTE;2011-06-03;5577.00000000;139.41000366;5525.00000000;138.11000061
NE;NORDESTE;2011-06-03;4116.00000000;87.73000336;4100.00000000;87.38999939
S;SUL;2011-06-03;3229.00000000;32.20999908;3180.00000000;31.71999931
SE;SUDESTE;2011-06-03;26843.00000000;105.26999664;26484.00000000;103.86000061
N;NORTE;2011-06-04;5296.00000000;132.38000488;5244.00000000;131.08000183
NE;NORDESTE;2011-06-04;4085.00000000;87.06999969;4066.00000000;86.66999817
S;SUL;2011-06-04;3234.00000000;32.06000137;3184.00000000;31.56999969
SE;SUDESTE;2011-06-04;26725.00000000;104.80000305;26380.00000000;103.44999695
N;NORTE;2011-06-05;5012.00000000;125.27999878;4960.00000000;123.98000336
NE;NORDESTE;2011-06-05;4216.00000000;89.86000061;4207.00000000;89.66999817
S;SUL;2011-06-05;3175.00000000;31.47999954;3123.00000000;30.95999908
SE;SUDESTE;2011-06-05;26731.00000000;104.83000183;26456.00000000;103.75000000
N;NORTE;2011-06-06;4774.00000000;119.33000183;4722.00000000;118.02999878
NE;NORDESTE;2011-06-06;4001.00000000;85.27999878;4001.00000000;85.27999878
S;SUL;2011-06-06;3514.00000000;34.84000015;3464.00000000;34.34000015
SE;SUDESTE;2011-06-06;26818.00000000;105.16999817;26312.00000000;103.18000031
N;NORTE;2011-06-07;4600.00000000;114.98000336;4548.00000000;113.68000031
NE;NORDESTE;2011-06-07;4141.00000000;88.26999664;4117.00000000;87.75000000
S;SUL;2011-06-07;5262.00000000;52.16999817;5200.00000000;51.54999924
SE;SUDESTE;2011-06-07;27025.00000000;105.98000336;26473.00000000;103.81999969
N;NORTE;2011-06-08;4545.00000000;113.61000061;4493.00000000;112.30999756
NE;NORDESTE;2011-06-08;3730.00000000;79.51000214;3704.00000000;78.94999695
S;SUL;2011-06-08;7336.00000000;72.73000336;7047.00000000;69.86000061
SE;SUDESTE;2011-06-08;27330.00000000;107.18000031;26576.00000000;104.22000122
N;NORTE;2011-06-09;4422.00000000;110.52999878;4372.00000000;109.27999878
NE;NORDESTE;2011-06-09;3659.00000000;77.98999786;3636.00000000;77.50000000
S;SUL;2011-06-09;7606.00000000;75.41000366;7306.00000000;72.43000031
SE;SUDESTE;2011-06-09;27982.00000000;109.73000336;27164.00000000;106.52999878
N;NORTE;2011-06-10;4326.00000000;108.12999725;4279.00000000;106.95999908
NE;NORDESTE;2011-06-10;3548.00000000;75.62999725;3524.00000000;75.11000061
S;SUL;2011-06-10;6556.00000000;65.00000000;6425.00000000;63.70000076
SE;SUDESTE;2011-06-10;28886.00000000;113.27999878;28009.00000000;109.83999634
N;NORTE;2011-06-11;4214.00000000;105.33999634;4167.00000000;104.16000366
NE;NORDESTE;2011-06-11;3586.00000000;76.44000244;3566.00000000;76.01000214
S;SUL;2011-06-11;5579.00000000;55.31000137;5500.00000000;54.52999878
SE;SUDESTE;2011-06-11;30234.00000000;118.55999756;29642.00000000;116.23999786
N;NORTE;2011-06-12;4116.00000000;102.88999939;4069.00000000;101.70999908
NE;NORDESTE;2011-06-12;3504.00000000;74.69000244;3504.00000000;74.69000244
S;SUL;2011-06-12;5098.00000000;50.54000092;5040.00000000;49.97000122
SE;SUDESTE;2011-06-12;31577.00000000;123.83000183;30596.00000000;119.98000336
N;NORTE;2011-06-13;3978.00000000;99.44000244;3931.00000000;98.26000214
NE;NORDESTE;2011-06-13;3460.00000000;73.75000000;3460.00000000;73.75000000
S;SUL;2011-06-13;4704.00000000;46.63999939;4630.00000000;45.90000153
SE;SUDESTE;2011-06-13;32070.00000000;125.76000214;31710.00000000;124.34999847
N;NORTE;2011-06-14;3891.00000000;97.26000214;3844.00000000;96.08999634
NE;NORDESTE;2011-06-14;3457.00000000;73.69000244;3457.00000000;73.69000244
S;SUL;2011-06-14;4503.00000000;44.63999939;4425.00000000;43.86999893
SE;SUDESTE;2011-06-14;32213.00000000;126.33000183;31686.00000000;124.26000214
N;NORTE;2011-06-15;3797.00000000;94.91000366;3746.00000000;93.63999939
NE;NORDESTE;2011-06-15;3502.00000000;74.65000153;3502.00000000;74.65000153
S;SUL;2011-06-15;4254.00000000;42.16999817;4188.00000000;41.52000046
SE;SUDESTE;2011-06-15;31976.00000000;125.40000153;31455.00000000;123.34999847
N;NORTE;2011-06-16;3702.00000000;92.54000092;3650.00000000;91.23999786
NE;NORDESTE;2011-06-16;3580.00000000;76.30999756;3580.00000000;76.30999756
S;SUL;2011-06-16;4161.00000000;41.25000000;4113.00000000;40.77999878
SE;SUDESTE;2011-06-16;31359.00000000;122.98000336;30893.00000000;121.15000153
N;NORTE;2011-06-17;3568.00000000;89.19000244;3515.00000000;87.86000061
NE;NORDESTE;2011-06-17;3607.00000000;76.87999725;3607.00000000;76.87999725
S;SUL;2011-06-17;4221.00000000;41.84999847;4172.00000000;41.36000061
SE;SUDESTE;2011-06-17;30525.00000000;119.70999908;30049.00000000;117.83999634
N;NORTE;2011-06-18;3475.00000000;86.86000061;3423.00000000;85.55999756
NE;NORDESTE;2011-06-18;3613.00000000;77.01000214;3613.00000000;77.01000214
S;SUL;2011-06-18;4823.00000000;47.81000137;4763.00000000;47.22000122
SE;SUDESTE;2011-06-18;29760.00000000;116.70999908;29570.00000000;115.95999908
N;NORTE;2011-06-19;3406.00000000;85.13999939;3354.00000000;83.83999634
NE;NORDESTE;2011-06-19;3573.00000000;76.16000366;3573.00000000;76.16000366
S;SUL;2011-06-19;5110.00000000;50.65999985;5019.00000000;49.75999832
SE;SUDESTE;2011-06-19;29080.00000000;114.04000092;28872.00000000;113.22000122
N;NORTE;2011-06-20;3352.00000000;83.79000092;3300.00000000;82.48999786
NE;NORDESTE;2011-06-20;3561.00000000;75.90000153;3561.00000000;75.90000153
S;SUL;2011-06-20;5155.00000000;51.11000061;5059.00000000;50.15000153
SE;SUDESTE;2011-06-20;28378.00000000;111.29000092;28125.00000000;110.29000092
N;NORTE;2011-06-21;3303.00000000;82.55999756;3253.00000000;81.30999756
NE;NORDESTE;2011-06-21;3528.00000000;75.19999695;3528.00000000;75.19999695
S;SUL;2011-06-21;6732.00000000;66.73999786;6453.00000000;63.97000122
SE;SUDESTE;2011-06-21;27613.00000000;108.29000092;27224.00000000;106.76000214
N;NORTE;2011-06-22;3255.00000000;81.36000061;3207.00000000;80.16000366
NE;NORDESTE;2011-06-22;3503.00000000;74.66999817;3503.00000000;74.66999817
S;SUL;2011-06-22;13851.00000000;137.32000732;11742.00000000;116.41000366
SE;SUDESTE;2011-06-22;26917.00000000;105.55999756;26518.00000000;103.98999786
N;NORTE;2011-06-23;3192.00000000;79.79000092;3145.00000000;78.61000061
NE;NORDESTE;2011-06-23;3550.00000000;75.66999817;3550.00000000;75.66999817
S;SUL;2011-06-23;18752.00000000;185.91000366;16924.00000000;167.77999878
SE;SUDESTE;2011-06-23;26418.00000000;103.59999847;25217.00000000;98.88999939
N;NORTE;2011-06-24;3136.00000000;78.38999939;3089.00000000;77.20999908
NE;NORDESTE;2011-06-24;3616.00000000;77.08000183;3616.00000000;77.08000183
S;SUL;2011-06-24;17670.00000000;175.17999268;16545.00000000;164.02999878
SE;SUDESTE;2011-06-24;25912.00000000;101.62000275;25709.00000000;100.81999969
N;NORTE;2011-06-25;3100.00000000;77.48999786;3055.00000000;76.36000061
NE;NORDESTE;2011-06-25;3609.00000000;76.93000031;3609.00000000;76.93000031
S;SUL;2011-06-25;17302.00000000;171.52999878;15188.00000000;150.57000732
SE;SUDESTE;2011-06-25;25437.00000000;99.75000000;25259.00000000;99.05999756
N;NORTE;2011-06-26;3035.00000000;75.86000061;2993.00000000;74.80999756
NE;NORDESTE;2011-06-26;3570.00000000;76.09999847;3570.00000000;76.09999847
S;SUL;2011-06-26;18189.00000000;180.32000732;16000.00000000;158.61999512
SE;SUDESTE;2011-06-26;24991.00000000;98.00000000;24525.00000000;96.18000031
N;NORTE;2011-06-27;2968.00000000;74.19000244;2926.00000000;73.13999939
NE;NORDESTE;2011-06-27;3563.00000000;75.94999695;3563.00000000;75.94999695
S;SUL;2011-06-27;17061.00000000;169.13999939;15142.00000000;150.11999512
SE;SUDESTE;2011-06-27;24644.00000000;96.63999939;24476.00000000;95.98000336
N;NORTE;2011-06-28;2915.00000000;72.86000061;2873.00000000;71.80999756
NE;NORDESTE;2011-06-28;3552.00000000;75.70999908;3552.00000000;75.70999908
S;SUL;2011-06-28;14240.00000000;141.16999817;13068.00000000;129.55999756
SE;SUDESTE;2011-06-28;24385.00000000;95.62999725;24064.00000000;94.37000275
N;NORTE;2011-06-29;2850.00000000;71.23999786;2805.00000000;70.12000275
NE;NORDESTE;2011-06-29;3516.00000000;74.94000244;3516.00000000;74.94000244
S;SUL;2011-06-29;11765.00000000;116.63999939;11104.00000000;110.08000183
SE;SUDESTE;2011-06-29;24167.00000000;94.76999664;23903.00000000;93.73999786
N;NORTE;2011-06-30;2766.00000000;69.13999939;2716.00000000;67.88999939
NE;NORDESTE;2011-06-30;3576.00000000;76.22000122;3576.00000000;76.22000122
S;SUL;2011-06-30;12111.00000000;120.06999969;11619.00000000;115.19000244
SE;SUDESTE;2011-06-30;24178.00000000;94.81999969;23963.00000000;93.97000122
N;NORTE;2011-07-01;2731.00000000;118.63999939;2684.00000000;116.59999847
NE;NORDESTE;2011-07-01;3964.00000000;102.44000244;3964.00000000;102.44000244
S;SUL;2011-07-01;22823.00000000;214.64999390;18848.00000000;177.27000427
SE;SUDESTE;2011-07-01;24302.00000000;115.31999969;23965.00000000;113.72000122
N;NORTE;2011-07-02;2704.00000000;117.47000122;2657.00000000;115.43000031
NE;NORDESTE;2011-07-02;3686.00000000;95.26000214;3686.00000000;95.26000214
S;SUL;2011-07-02;30607.00000000;287.85998535;22530.00000000;211.89999390
SE;SUDESTE;2011-07-02;24805.00000000;117.70999908;23927.00000000;113.54000092
N;NORTE;2011-07-03;2679.00000000;116.37999725;2632.00000000;114.33999634
NE;NORDESTE;2011-07-03;3326.00000000;85.94999695;3326.00000000;85.94999695
S;SUL;2011-07-03;31446.00000000;295.76000977;25224.00000000;237.24000549
SE;SUDESTE;2011-07-03;25734.00000000;122.12000275;25278.00000000;119.95999908
N;NORTE;2011-07-04;2655.00000000;115.33999634;2607.00000000;113.26000214
NE;NORDESTE;2011-07-04;3302.00000000;85.33000183;3302.00000000;85.33000183
S;SUL;2011-07-04;27986.00000000;263.20999146;24155.00000000;227.17999268
SE;SUDESTE;2011-07-04;27017.00000000;128.21000671;26665.00000000;126.54000092
N;NORTE;2011-07-05;2649.00000000;115.08000183;2607.00000000;113.26000214
NE;NORDESTE;2011-07-05;3305.00000000;85.41000366;3305.00000000;85.41000366
S;SUL;2011-07-05;23879.00000000;224.58999634;20593.00000000;193.67999268
SE;SUDESTE;2011-07-05;27893.00000000;132.36000061;26337.00000000;124.98000336
N;NORTE;2011-07-06;2624.00000000;113.98999786;2587.00000000;112.38999939
NE;NORDESTE;2011-07-06;3276.00000000;84.66000366;3276.00000000;84.66000366
S;SUL;2011-07-06;20431.00000000;192.16000366;18352.00000000;172.60000610
SE;SUDESTE;2011-07-06;28011.00000000;132.91999817;25375.00000000;120.41999817
N;NORTE;2011-07-07;2624.00000000;113.98999786;2587.00000000;112.38999939
NE;NORDESTE;2011-07-07;3249.00000000;83.95999908;3249.00000000;83.95999908
S;SUL;2011-07-07;18159.00000000;170.78999329;16766.00000000;157.69000244
SE;SUDESTE;2011-07-07;27530.00000000;130.63999939;26189.00000000;124.27999878
N;NORTE;2011-07-08;2626.00000000;114.08000183;2582.00000000;112.16999817
NE;NORDESTE;2011-07-08;3202.00000000;82.75000000;3202.00000000;82.75000000
S;SUL;2011-07-08;16174.00000000;152.11999512;15350.00000000;144.36999512
SE;SUDESTE;2011-07-08;26935.00000000;127.81999969;25901.00000000;122.91000366
N;NORTE;2011-07-09;2627.00000000;114.12000275;2582.00000000;112.16999817
NE;NORDESTE;2011-07-09;3112.00000000;80.41999817;3112.00000000;80.41999817
S;SUL;2011-07-09;14816.00000000;139.35000610;14310.00000000;134.58999634
SE;SUDESTE;2011-07-09;26281.00000000;124.72000122;25101.00000000;119.12000275
N;NORTE;2011-07-10;2601.00000000;112.98999786;2559.00000000;111.16999817
NE;NORDESTE;2011-07-10;3108.00000000;80.31999969;3108.00000000;80.31999969
S;SUL;2011-07-10;13867.00000000;130.41999817;13553.00000000;127.47000122
SE;SUDESTE;2011-07-10;25548.00000000;121.23999786;23152.00000000;109.87000275
N;NORTE;2011-07-11;2579.00000000;112.04000092;2537.00000000;110.20999908
NE;NORDESTE;2011-07-11;3210.00000000;82.95999908;3210.00000000;82.95999908
S;SUL;2011-07-11;13033.00000000;122.58000183;12860.00000000;120.94999695
SE;SUDESTE;2011-07-11;24917.00000000;118.23999786;24236.00000000;115.01000214
N;NORTE;2011-07-12;2496.00000000;108.43000031;2455.00000000;106.65000153
NE;NORDESTE;2011-07-12;3217.00000000;83.13999939;3217.00000000;83.13999939
S;SUL;2011-07-12;12672.00000000;119.18000031;12586.00000000;118.37000275
SE;SUDESTE;2011-07-12;24387.00000000;115.73000336;23462.00000000;111.33999634
N;NORTE;2011-07-13;2398.00000000;104.18000031;2361.00000000;102.56999969
NE;NORDESTE;2011-07-13;3277.00000000;84.69000244;3277.00000000;84.69000244
S;SUL;2011-07-13;13701.00000000;128.86000061;13582.00000000;127.73999786
SE;SUDESTE;2011-07-13;23871.00000000;113.27999878;23109.00000000;109.66000366
N;NORTE;2011-07-14;2305.00000000;100.13999939;2273.00000000;98.75000000
NE;NORDESTE;2011-07-14;3256.00000000;84.13999939;3256.00000000;84.13999939
S;SUL;2011-07-14;14830.00000000;139.47999573;14430.00000000;135.72000122
SE;SUDESTE;2011-07-14;23418.00000000;111.12999725;23037.00000000;109.31999969
N;NORTE;2011-07-15;2226.00000000;96.69999695;2193.00000000;95.26999664
NE;NORDESTE;2011-07-15;3029.00000000;78.27999878;3029.00000000;78.27999878
S;SUL;2011-07-15;14337.00000000;134.83999634;13593.00000000;127.83999634
SE;SUDESTE;2011-07-15;23013.00000000;109.20999908;22738.00000000;107.90000153
N;NORTE;2011-07-16;2140.00000000;92.97000122;2103.00000000;91.36000061
NE;NORDESTE;2011-07-16;3037.00000000;78.48000336;3037.00000000;78.48000336
S;SUL;2011-07-16;13279.00000000;124.88999939;12607.00000000;118.56999969
SE;SUDESTE;2011-07-16;22835.00000000;108.36000061;22704.00000000;107.73999786
N;NORTE;2011-07-17;2122.00000000;92.19000244;2085.00000000;90.58000183
NE;NORDESTE;2011-07-17;3019.00000000;78.01999664;3019.00000000;78.01999664
S;SUL;2011-07-17;15199.00000000;142.94999695;14383.00000000;135.27000427
SE;SUDESTE;2011-07-17;23110.00000000;109.66999817;22697.00000000;107.70999908
N;NORTE;2011-07-18;2100.00000000;91.23000336;2063.00000000;89.62000275
NE;NORDESTE;2011-07-18;3042.00000000;78.61000061;3042.00000000;78.61000061
S;SUL;2011-07-18;24891.00000000;234.10000610;20079.00000000;188.85000610
SE;SUDESTE;2011-07-18;23198.00000000;110.08000183;23058.00000000;109.41999817
N;NORTE;2011-07-19;2053.00000000;89.19000244;2016.00000000;87.58000183
NE;NORDESTE;2011-07-19;3042.00000000;78.61000061;3042.00000000;78.61000061
S;SUL;2011-07-19;25241.00000000;237.39999390;20091.00000000;188.96000671
SE;SUDESTE;2011-07-19;23210.00000000;110.13999939;22960.00000000;108.95999908
N;NORTE;2011-07-20;2026.00000000;88.01000214;1989.00000000;86.41000366
NE;NORDESTE;2011-07-20;3077.00000000;79.51999664;3077.00000000;79.51999664
S;SUL;2011-07-20;26461.00000000;248.86999512;19798.00000000;186.19999695
SE;SUDESTE;2011-07-20;22879.00000000;108.56999969;22483.00000000;106.69000244
N;NORTE;2011-07-21;1995.00000000;86.66999817;1958.00000000;85.05999756
NE;NORDESTE;2011-07-21;3112.00000000;80.41999817;3112.00000000;80.41999817
S;SUL;2011-07-21;47493.00000000;446.67999268;10168.00000000;95.62999725
SE;SUDESTE;2011-07-21;22925.00000000;108.79000092;22688.00000000;107.66000366
N;NORTE;2011-07-22;1943.00000000;84.41000366;1906.00000000;82.80000305
NE;NORDESTE;2011-07-22;3127.00000000;80.80999756;3127.00000000;80.80999756
S;SUL;2011-07-22;47057.00000000;442.57998657;18323.00000000;172.33000183
SE;SUDESTE;2011-07-22;23027.00000000;109.26999664;22655.00000000;107.51000214
N;NORTE;2011-07-23;1867.00000000;81.11000061;1833.00000000;79.62999725
NE;NORDESTE;2011-07-23;3143.00000000;81.22000122;3143.00000000;81.22000122
S;SUL;2011-07-23;37671.00000000;354.29998779;19914.00000000;187.28999329
SE;SUDESTE;2011-07-23;23153.00000000;109.87000275;20880.00000000;99.08999634
N;NORTE;2011-07-24;1848.00000000;80.27999878;1816.00000000;78.88999939
NE;NORDESTE;2011-07-24;3082.00000000;79.65000153;3082.00000000;79.65000153
S;SUL;2011-07-24;28427.00000000;267.35998535;17132.00000000;161.13000488
SE;SUDESTE;2011-07-24;23335.00000000;110.73999786;20187.00000000;95.80000305
N;NORTE;2011-07-25;1802.00000000;78.27999878;1775.00000000;77.11000061
NE;NORDESTE;2011-07-25;3019.00000000;78.01999664;3019.00000000;78.01999664
S;SUL;2011-07-25;21805.00000000;205.08000183;14903.00000000;140.16999817
SE;SUDESTE;2011-07-25;23422.00000000;111.15000153;21044.00000000;99.86000061
N;NORTE;2011-07-26;1772.00000000;76.98000336;1741.00000000;75.62999725
NE;NORDESTE;2011-07-26;2987.00000000;77.19000244;2987.00000000;77.19000244
S;SUL;2011-07-26;18114.00000000;170.36999512;13284.00000000;124.94000244
SE;SUDESTE;2011-07-26;23320.00000000;110.66000366;22750.00000000;107.95999908
N;NORTE;2011-07-27;1758.00000000;76.37000275;1727.00000000;75.02999878
NE;NORDESTE;2011-07-27;2967.00000000;76.68000031;2967.00000000;76.68000031
S;SUL;2011-07-27;16143.00000000;151.83000183;13855.00000000;130.30999756
SE;SUDESTE;2011-07-27;22886.00000000;108.59999847;22204.00000000;105.37000275
N;NORTE;2011-07-28;1772.00000000;76.98000336;1741.00000000;75.62999725
NE;NORDESTE;2011-07-28;2941.00000000;76.00000000;2941.00000000;76.00000000
S;SUL;2011-07-28;15264.00000000;143.55999756;13403.00000000;126.05999756
SE;SUDESTE;2011-07-28;22365.00000000;106.12999725;21482.00000000;101.94000244
N;NORTE;2011-07-29;1741.00000000;75.62999725;1710.00000000;74.29000092
NE;NORDESTE;2011-07-29;2934.00000000;75.81999969;2934.00000000;75.81999969
S;SUL;2011-07-29;15504.00000000;145.82000732;12756.00000000;119.97000122
SE;SUDESTE;2011-07-29;21796.00000000;103.43000031;21305.00000000;101.09999847
N;NORTE;2011-07-30;1745.00000000;75.80999756;1714.00000000;74.45999908
NE;NORDESTE;2011-07-30;2906.00000000;75.09999847;2906.00000000;75.09999847
S;SUL;2011-07-30;22353.00000000;210.22999573;10299.00000000;96.86000061
SE;SUDESTE;2011-07-30;21229.00000000;100.73999786;19947.00000000;94.66000366
N;NORTE;2011-07-31;1719.00000000;74.68000031;1686.00000000;73.23999786
NE;NORDESTE;2011-07-31;2882.00000000;74.48000336;2882.00000000;74.48000336
S;SUL;2011-07-31;24778.00000000;233.03999329;14725.00000000;138.49000549
SE;SUDESTE;2011-07-31;20895.00000000;99.16000366;19496.00000000;92.51999664
N;NORTE;2011-08-01;1696.00000000;105.04000092;1663.00000000;102.98999786
NE;NORDESTE;2011-08-01;2761.00000000;81.81999969;2761.00000000;81.81999969
S;SUL;2011-08-01;33691.00000000;343.61999512;12732.00000000;129.86000061
SE;SUDESTE;2011-08-01;20862.00000000;118.76000214;18910.00000000;107.65000153
N;NORTE;2011-08-02;1671.00000000;103.48999786;1648.00000000;102.05999756
NE;NORDESTE;2011-08-02;2733.00000000;80.98999786;2733.00000000;80.98999786
S;SUL;2011-08-02;36158.00000000;368.77999878;8745.00000000;89.19000244
SE;SUDESTE;2011-08-02;23621.00000000;134.46000671;20137.00000000;114.62999725
N;NORTE;2011-08-03;1649.00000000;102.12999725;1628.00000000;100.83000183
NE;NORDESTE;2011-08-03;2669.00000000;79.08999634;2669.00000000;79.08999634
S;SUL;2011-08-03;32409.00000000;330.54000854;12794.00000000;130.49000549
SE;SUDESTE;2011-08-03;27176.00000000;154.69999695;21485.00000000;122.30000305
N;NORTE;2011-08-04;1615.00000000;100.01999664;1595.00000000;98.77999878
NE;NORDESTE;2011-08-04;2619.00000000;77.61000061;2619.00000000;77.61000061
S;SUL;2011-08-04;27911.00000000;284.67001343;13080.00000000;133.39999390
SE;SUDESTE;2011-08-04;30665.00000000;174.55999756;23792.00000000;135.44000244
N;NORTE;2011-08-05;1610.00000000;99.70999908;1589.00000000;98.41000366
NE;NORDESTE;2011-08-05;2544.00000000;75.38999939;2544.00000000;75.38999939
S;SUL;2011-08-05;24470.00000000;249.57000732;12850.00000000;131.05999756
SE;SUDESTE;2011-08-05;31891.00000000;181.53999329;25190.00000000;143.39999390
N;NORTE;2011-08-06;1594.00000000;98.72000122;1570.00000000;97.23000336
NE;NORDESTE;2011-08-06;2485.00000000;73.63999939;2485.00000000;73.63999939
S;SUL;2011-08-06;21592.00000000;220.22000122;11239.00000000;114.62999725
SE;SUDESTE;2011-08-06;31563.00000000;179.66999817;25468.00000000;144.97999573
N;NORTE;2011-08-07;1571.00000000;97.30000305;1545.00000000;95.68000031
NE;NORDESTE;2011-08-07;2403.00000000;71.20999908;2403.00000000;71.20999908
S;SUL;2011-08-07;19869.00000000;202.64999390;9398.00000000;95.84999847
SE;SUDESTE;2011-08-07;30960.00000000;176.24000549;24703.00000000;140.61999512
N;NORTE;2011-08-08;1560.00000000;96.61000061;1534.00000000;95.00000000
NE;NORDESTE;2011-08-08;2379.00000000;70.50000000;2379.00000000;70.50000000
S;SUL;2011-08-08;23322.00000000;237.86000061;8623.00000000;87.94999695
SE;SUDESTE;2011-08-08;29181.00000000;166.11000061;24311.00000000;138.38999939
N;NORTE;2011-08-09;1535.00000000;95.06999969;1509.00000000;93.45999908
NE;NORDESTE;2011-08-09;2381.00000000;70.55999756;2381.00000000;70.55999756
S;SUL;2011-08-09;47810.00000000;487.61999512;-1529.00000000;-15.59000015
SE;SUDESTE;2011-08-09;26255.00000000;149.46000671;22888.00000000;130.28999329
N;NORTE;2011-08-10;1531.00000000;94.81999969;1505.00000000;93.20999908
NE;NORDESTE;2011-08-10;2434.00000000;72.12999725;2434.00000000;72.12999725
S;SUL;2011-08-10;51364.00000000;523.86999512;4487.00000000;45.75999832
SE;SUDESTE;2011-08-10;24069.00000000;137.00999451;22752.00000000;129.52000427
N;NORTE;2011-08-11;1487.00000000;92.08999634;1461.00000000;90.48000336
NE;NORDESTE;2011-08-11;2465.00000000;73.05000305;2465.00000000;73.05000305
S;SUL;2011-08-11;41727.00000000;425.57998657;20236.00000000;206.38999939
SE;SUDESTE;2011-08-11;23044.00000000;131.17999268;22834.00000000;129.97999573
N;NORTE;2011-08-12;1468.00000000;90.91999817;1440.00000000;89.18000031
NE;NORDESTE;2011-08-12;2508.00000000;74.31999969;2508.00000000;74.31999969
S;SUL;2011-08-12;32610.00000000;332.58999634;18232.00000000;185.94999695
SE;SUDESTE;2011-08-12;22348.00000000;127.22000122;21690.00000000;123.47000122
N;NORTE;2011-08-13;1439.00000000;89.12000275;1416.00000000;87.69999695
NE;NORDESTE;2011-08-13;2521.00000000;74.70999908;2521.00000000;74.70999908
S;SUL;2011-08-13;26483.00000000;270.10000610;16422.00000000;167.49000549
SE;SUDESTE;2011-08-13;21889.00000000;124.59999847;20996.00000000;119.51999664
N;NORTE;2011-08-14;1416.00000000;87.69999695;1399.00000000;86.63999939
NE;NORDESTE;2011-08-14;2539.00000000;75.23999786;2539.00000000;75.23999786
S;SUL;2011-08-14;23783.00000000;242.57000732;13172.00000000;134.33999634
SE;SUDESTE;2011-08-14;21502.00000000;122.40000153;18867.00000000;107.40000153
N;NORTE;2011-08-15;1367.00000000;84.66000366;1351.00000000;83.66999817
NE;NORDESTE;2011-08-15;2536.00000000;75.15000153;2536.00000000;75.15000153
S;SUL;2011-08-15;21985.00000000;224.22999573;13623.00000000;138.94000244
SE;SUDESTE;2011-08-15;21070.00000000;119.94000244;18722.00000000;106.58000183
N;NORTE;2011-08-16;1344.00000000;83.23999786;1327.00000000;82.18000031
NE;NORDESTE;2011-08-16;2493.00000000;73.87999725;2493.00000000;73.87999725
S;SUL;2011-08-16;20182.00000000;205.83999634;11539.00000000;117.69000244
SE;SUDESTE;2011-08-16;20729.00000000;118.00000000;20186.00000000;114.91000366
N;NORTE;2011-08-17;1328.00000000;82.25000000;1306.00000000;80.87999725
NE;NORDESTE;2011-08-17;2470.00000000;73.19999695;2470.00000000;73.19999695
S;SUL;2011-08-17;18425.00000000;187.91999817;13173.00000000;134.35000610
SE;SUDESTE;2011-08-17;20509.00000000;116.75000000;20232.00000000;115.16999817
N;NORTE;2011-08-18;1325.00000000;82.05999756;1297.00000000;80.33000183
NE;NORDESTE;2011-08-18;2456.00000000;72.77999878;2456.00000000;72.77999878
S;SUL;2011-08-18;19093.00000000;194.72999573;12935.00000000;131.92999268
SE;SUDESTE;2011-08-18;20812.00000000;118.47000122;20119.00000000;114.52999878
N;NORTE;2011-08-19;1310.00000000;81.12999725;1283.00000000;79.45999908
NE;NORDESTE;2011-08-19;2439.00000000;72.27999878;2439.00000000;72.27999878
S;SUL;2011-08-19;28675.00000000;292.45999146;4909.00000000;50.06999969
SE;SUDESTE;2011-08-19;21480.00000000;122.27999878;18034.00000000;102.66000366
N;NORTE;2011-08-20;1320.00000000;81.75000000;1292.00000000;80.01999664
NE;NORDESTE;2011-08-20;2401.00000000;71.15000153;2401.00000000;71.15000153
S;SUL;2011-08-20;32958.00000000;336.14001465;9134.00000000;93.16000366
SE;SUDESTE;2011-08-20;22839.00000000;130.00999451;19226.00000000;109.44999695
N;NORTE;2011-08-21;1318.00000000;81.62999725;1290.00000000;79.88999939
NE;NORDESTE;2011-08-21;2385.00000000;70.68000031;2385.00000000;70.68000031
S;SUL;2011-08-21;29066.00000000;296.45001221;16879.00000000;172.14999390
SE;SUDESTE;2011-08-21;23578.00000000;134.22000122;17632.00000000;100.37000275
N;NORTE;2011-08-22;1297.00000000;80.33000183;1275.00000000;78.95999908
NE;NORDESTE;2011-08-22;2377.00000000;70.44000244;2377.00000000;70.44000244
S;SUL;2011-08-22;26310.00000000;268.33999634;15193.00000000;154.96000671
SE;SUDESTE;2011-08-22;25544.00000000;145.41000366;19650.00000000;111.86000061
N;NORTE;2011-08-23;1261.00000000;78.09999847;1245.00000000;77.11000061
NE;NORDESTE;2011-08-23;2337.00000000;69.26000214;2337.00000000;69.26000214
S;SUL;2011-08-23;27803.00000000;283.57000732;6768.00000000;69.02999878
SE;SUDESTE;2011-08-23;25383.00000000;144.49000549;20087.00000000;114.34999847
N;NORTE;2011-08-24;1248.00000000;77.29000092;1231.00000000;76.23999786
NE;NORDESTE;2011-08-24;2329.00000000;69.01999664;2329.00000000;69.01999664
S;SUL;2011-08-24;27938.00000000;284.94000244;11258.00000000;114.81999969
SE;SUDESTE;2011-08-24;24552.00000000;139.75999451;20987.00000000;119.47000122
N;NORTE;2011-08-25;1210.00000000;74.94000244;1194.00000000;73.94999695
NE;NORDESTE;2011-08-25;2291.00000000;67.88999939;2291.00000000;67.88999939
S;SUL;2011-08-25;25229.00000000;257.30999756;13386.00000000;136.52999878
SE;SUDESTE;2011-08-25;23404.00000000;133.22999573;20322.00000000;115.68000031
N;NORTE;2011-08-26;1179.00000000;73.01999664;1157.00000000;71.66000366
NE;NORDESTE;2011-08-26;2281.00000000;67.59999847;2281.00000000;67.59999847
S;SUL;2011-08-26;23803.00000000;242.77000427;11710.00000000;119.43000031
SE;SUDESTE;2011-08-26;22438.00000000;127.73000336;18840.00000000;107.25000000
N;NORTE;2011-08-27;1132.00000000;70.11000061;1104.00000000;68.37000275
NE;NORDESTE;2011-08-27;2271.00000000;67.30000305;2271.00000000;67.30000305
S;SUL;2011-08-27;22230.00000000;226.72999573;10696.00000000;109.08999634
SE;SUDESTE;2011-08-27;21682.00000000;123.43000031;17435.00000000;99.25000000
N;NORTE;2011-08-28;1132.00000000;70.11000061;1104.00000000;68.37000275
NE;NORDESTE;2011-08-28;2264.00000000;67.08999634;2264.00000000;67.08999634
S;SUL;2011-08-28;21118.00000000;215.38999939;10260.00000000;104.63999939
SE;SUDESTE;2011-08-28;21020.00000000;119.66000366;15236.00000000;86.73000336
N;NORTE;2011-08-29;1132.00000000;70.11000061;1104.00000000;68.37000275
NE;NORDESTE;2011-08-29;2241.00000000;66.41000366;2241.00000000;66.41000366
S;SUL;2011-08-29;26011.00000000;265.29000854;12128.00000000;123.69000244
SE;SUDESTE;2011-08-29;20492.00000000;116.65000153;17680.00000000;100.63999939
N;NORTE;2011-08-30;1131.00000000;70.05000305;1104.00000000;68.37000275
NE;NORDESTE;2011-08-30;2239.00000000;66.34999847;2239.00000000;66.34999847
S;SUL;2011-08-30;51915.00000000;529.48999023;-3785.00000000;-38.59999847
SE;SUDESTE;2011-08-30;20027.00000000;114.00000000;19329.00000000;110.02999878
N;NORTE;2011-08-31;1159.00000000;71.77999878;1137.00000000;70.41999817
NE;NORDESTE;2011-08-31;2215.00000000;65.63999939;2215.00000000;65.63999939
S;SUL;2011-08-31;55968.00000000;570.82000732;11894.00000000;121.30999756
SE;SUDESTE;2011-08-31;19662.00000000;111.93000031;19182.00000000;109.19000244
N;NORTE;2011-09-01;1204.00000000;94.33000183;1189.00000000;93.16000366
NE;NORDESTE;2011-09-01;2226.00000000;73.80000305;2226.00000000;73.80000305
S;SUL;2011-09-01;43854.00000000;384.29000854;22229.00000000;194.78999329
SE;SUDESTE;2011-09-01;19253.00000000;110.59999847;18855.00000000;108.30999756
N;NORTE;2011-09-02;1212.00000000;94.95999908;1198.00000000;93.86000061
NE;NORDESTE;2011-09-02;2221.00000000;73.62999725;2221.00000000;73.62999725
S;SUL;2011-09-02;33368.00000000;292.39999390;16851.00000000;147.66000366
SE;SUDESTE;2011-09-02;19094.00000000;109.69000244;17598.00000000;101.08999634
N;NORTE;2011-09-03;1176.00000000;92.13999939;1161.00000000;90.95999908
NE;NORDESTE;2011-09-03;2307.00000000;76.48999786;2307.00000000;76.48999786
S;SUL;2011-09-03;27106.00000000;237.52999878;8824.00000000;77.31999969
SE;SUDESTE;2011-09-03;18816.00000000;108.08999634;15616.00000000;89.70999908
N;NORTE;2011-09-04;1152.00000000;90.26000214;1132.00000000;88.69000244
NE;NORDESTE;2011-09-04;2286.00000000;75.79000092;2286.00000000;75.79000092
S;SUL;2011-09-04;23263.00000000;203.85000610;9417.00000000;82.51999664
SE;SUDESTE;2011-09-04;18601.00000000;106.84999847;15107.00000000;86.77999878
N;NORTE;2011-09-05;1100.00000000;86.18000031;1076.00000000;84.30000305
NE;NORDESTE;2011-09-05;2386.00000000;79.09999847;2386.00000000;79.09999847
S;SUL;2011-09-05;20831.00000000;182.53999329;14045.00000000;123.06999969
SE;SUDESTE;2011-09-05;18388.00000000;105.62999725;17182.00000000;98.69999695
N;NORTE;2011-09-06;1037.00000000;81.25000000;1011.00000000;79.20999908
NE;NORDESTE;2011-09-06;2357.00000000;78.13999939;2357.00000000;78.13999939
S;SUL;2011-09-06;20235.00000000;177.32000732;14408.00000000;126.25000000
SE;SUDESTE;2011-09-06;18144.00000000;104.23000336;16795.00000000;96.48000336
N;NORTE;2011-09-07;976.00000000;76.47000122;950.00000000;74.43000031
NE;NORDESTE;2011-09-07;2304.00000000;76.38999939;2304.00000000;76.38999939
S;SUL;2011-09-07;23163.00000000;202.97000122;7841.00000000;68.70999908
SE;SUDESTE;2011-09-07;17796.00000000;102.23000336;14121.00000000;81.12000275
N;NORTE;2011-09-08;945.00000000;74.04000092;920.00000000;72.08000183
NE;NORDESTE;2011-09-08;2285.00000000;75.76000214;2285.00000000;75.76000214
S;SUL;2011-09-08;36333.00000000;318.38000488;2894.00000000;25.36000061
SE;SUDESTE;2011-09-08;17505.00000000;100.55999756;15078.00000000;86.62000275
N;NORTE;2011-09-09;924.00000000;72.38999939;906.00000000;70.98000336
NE;NORDESTE;2011-09-09;2311.00000000;76.62000275;2289.00000000;75.88999939
S;SUL;2011-09-09;53594.00000000;469.64001465;2444.00000000;21.42000008
SE;SUDESTE;2011-09-09;17292.00000000;99.33000183;15376.00000000;88.33000183
N;NORTE;2011-09-10;922.00000000;72.23999786;906.00000000;70.98000336
NE;NORDESTE;2011-09-10;2325.00000000;77.08000183;2299.00000000;76.22000122
S;SUL;2011-09-10;52493.00000000;459.98999023;11183.00000000;97.98999786
SE;SUDESTE;2011-09-10;17257.00000000;99.12999725;15999.00000000;91.91000366
N;NORTE;2011-09-11;921.00000000;72.16000366;908.00000000;71.13999939
NE;NORDESTE;2011-09-11;2339.00000000;77.55000305;2333.00000000;77.34999847
S;SUL;2011-09-11;43685.00000000;382.79998779;8977.00000000;78.66000366
SE;SUDESTE;2011-09-11;17362.00000000;99.73999786;16030.00000000;92.08999634
N;NORTE;2011-09-12;943.00000000;73.87999725;930.00000000;72.86000061
NE;NORDESTE;2011-09-12;2299.00000000;76.22000122;2299.00000000;76.22000122
S;SUL;2011-09-12;35762.00000000;313.38000488;12004.00000000;105.19000244
SE;SUDESTE;2011-09-12;17362.00000000;99.73999786;16092.00000000;92.44000244
N;NORTE;2011-09-13;975.00000000;76.38999939;964.00000000;75.52999878
NE;NORDESTE;2011-09-13;2234.00000000;74.06999969;2211.00000000;73.30000305
S;SUL;2011-09-13;30191.00000000;264.55999756;14861.00000000;130.22000122
SE;SUDESTE;2011-09-13;17188.00000000;98.73999786;15348.00000000;88.16999817
N;NORTE;2011-09-14;984.00000000;77.08999634;974.00000000;76.30999756
NE;NORDESTE;2011-09-14;2154.00000000;71.41000366;2130.00000000;70.62000275
S;SUL;2011-09-14;26738.00000000;234.30000305;15572.00000000;136.44999695
SE;SUDESTE;2011-09-14;16890.00000000;97.02999878;14955.00000000;85.91000366
N;NORTE;2011-09-15;968.00000000;75.83999634;957.00000000;74.98000336
NE;NORDESTE;2011-09-15;2073.00000000;68.73000336;2049.00000000;67.93000031
S;SUL;2011-09-15;23840.00000000;208.91000366;14075.00000000;123.33999634
SE;SUDESTE;2011-09-15;16588.00000000;95.29000092;14761.00000000;84.80000305
N;NORTE;2011-09-16;1007.00000000;78.90000153;997.00000000;78.11000061
NE;NORDESTE;2011-09-16;2031.00000000;67.33999634;2009.00000000;66.61000061
S;SUL;2011-09-16;22312.00000000;195.52000427;13585.00000000;119.04000092
SE;SUDESTE;2011-09-16;16290.00000000;93.58000183;14290.00000000;82.08999634
N;NORTE;2011-09-17;1022.00000000;80.06999969;1014.00000000;79.44999695
NE;NORDESTE;2011-09-17;2076.00000000;68.83000183;2051.00000000;68.00000000
S;SUL;2011-09-17;21061.00000000;184.55000305;14133.00000000;123.84999847
SE;SUDESTE;2011-09-17;16007.00000000;91.94999695;13410.00000000;77.02999878
N;NORTE;2011-09-18;993.00000000;77.80000305;988.00000000;77.41000366
NE;NORDESTE;2011-09-18;2137.00000000;70.84999847;2132.00000000;70.68000031
S;SUL;2011-09-18;20277.00000000;177.67999268;12309.00000000;107.86000061
SE;SUDESTE;2011-09-18;15746.00000000;90.44999695;13283.00000000;76.30000305
N;NORTE;2011-09-19;971.00000000;76.08000183;968.00000000;75.83999634
NE;NORDESTE;2011-09-19;2172.00000000;72.01000214;2134.00000000;70.75000000
S;SUL;2011-09-19;19665.00000000;172.32000732;13547.00000000;118.70999908
SE;SUDESTE;2011-09-19;15559.00000000;89.37999725;13660.00000000;78.47000122
N;NORTE;2011-09-20;936.00000000;73.33000183;936.00000000;73.33000183
NE;NORDESTE;2011-09-20;2169.00000000;71.91000366;2147.00000000;71.18000031
S;SUL;2011-09-20;20699.00000000;181.38000488;13919.00000000;121.97000122
SE;SUDESTE;2011-09-20;15387.00000000;88.38999939;13632.00000000;78.30999756
N;NORTE;2011-09-21;892.00000000;69.88999939;892.00000000;69.88999939
NE;NORDESTE;2011-09-21;2153.00000000;71.37999725;2153.00000000;71.37999725
S;SUL;2011-09-21;20829.00000000;182.52000427;15738.00000000;137.91000366
SE;SUDESTE;2011-09-21;15196.00000000;87.29000092;13383.00000000;76.87999725
N;NORTE;2011-09-22;864.00000000;67.69000244;864.00000000;67.69000244
NE;NORDESTE;2011-09-22;2128.00000000;70.55000305;2128.00000000;70.55000305
S;SUL;2011-09-22;19468.00000000;170.58999634;15674.00000000;137.35000610
SE;SUDESTE;2011-09-22;15048.00000000;86.44000244;13292.00000000;76.36000061
N;NORTE;2011-09-23;893.00000000;69.95999908;893.00000000;69.95999908
NE;NORDESTE;2011-09-23;2120.00000000;70.29000092;2120.00000000;70.29000092
S;SUL;2011-09-23;18402.00000000;161.25000000;15418.00000000;135.11000061
SE;SUDESTE;2011-09-23;14952.00000000;85.88999939;13637.00000000;78.33999634
N;NORTE;2011-09-24;880.00000000;68.94999695;880.00000000;68.94999695
NE;NORDESTE;2011-09-24;2115.00000000;70.12000275;2115.00000000;70.12000275
S;SUL;2011-09-24;17872.00000000;156.61000061;14796.00000000;129.64999390
SE;SUDESTE;2011-09-24;14882.00000000;85.48999786;14550.00000000;83.58000183
N;NORTE;2011-09-25;905.00000000;70.91000366;905.00000000;70.91000366
NE;NORDESTE;2011-09-25;2103.00000000;69.72000122;2103.00000000;69.72000122
S;SUL;2011-09-25;16535.00000000;144.88999939;13329.00000000;116.80000305
SE;SUDESTE;2011-09-25;14788.00000000;84.94999695;14489.00000000;83.23000336
N;NORTE;2011-09-26;901.00000000;70.58999634;901.00000000;70.58999634
NE;NORDESTE;2011-09-26;2070.00000000;68.62999725;2070.00000000;68.62999725
S;SUL;2011-09-26;14700.00000000;128.80999756;10397.00000000;91.11000061
SE;SUDESTE;2011-09-26;14706.00000000;84.48000336;14385.00000000;82.63999939
N;NORTE;2011-09-27;882.00000000;69.09999847;882.00000000;69.09999847
NE;NORDESTE;2011-09-27;2048.00000000;67.90000153;2038.00000000;67.56999969
S;SUL;2011-09-27;12549.00000000;109.95999908;6512.00000000;57.06000137
SE;SUDESTE;2011-09-27;14559.00000000;83.62999725;14256.00000000;81.88999939
N;NORTE;2011-09-28;839.00000000;65.73000336;839.00000000;65.73000336
NE;NORDESTE;2011-09-28;2042.00000000;67.69999695;2042.00000000;67.69999695
S;SUL;2011-09-28;10694.00000000;93.70999908;9147.00000000;80.15000153
SE;SUDESTE;2011-09-28;14514.00000000;83.37999725;14237.00000000;81.79000092
N;NORTE;2011-09-29;837.00000000;65.58000183;837.00000000;65.58000183
NE;NORDESTE;2011-09-29;2030.00000000;67.30000305;2030.00000000;67.30000305
S;SUL;2011-09-29;9337.00000000;81.81999969;8533.00000000;74.76999664
SE;SUDESTE;2011-09-29;14434.00000000;82.91999817;14073.00000000;80.83999634
N;NORTE;2011-09-30;847.00000000;66.36000061;847.00000000;66.36000061
NE;NORDESTE;2011-09-30;2018.00000000;66.90000153;2018.00000000;66.90000153
S;SUL;2011-09-30;8529.00000000;74.73999786;2632.00000000;23.05999947
SE;SUDESTE;2011-09-30;14489.00000000;83.23000336;14105.00000000;81.02999878
N;NORTE;2011-10-01;833.00000000;58.38999939;833.00000000;58.38999939
NE;NORDESTE;2011-10-01;1994.00000000;60.58000183;1994.00000000;60.58000183
S;SUL;2011-10-01;8185.00000000;63.36000061;7294.00000000;56.45999908
SE;SUDESTE;2011-10-01;14494.00000000;69.65000153;13944.00000000;67.01000214
N;NORTE;2011-10-02;855.00000000;59.93000031;855.00000000;59.93000031
NE;NORDESTE;2011-10-02;1981.00000000;60.18000031;1981.00000000;60.18000031
S;SUL;2011-10-02;8001.00000000;61.93999863;7769.00000000;60.13999939
SE;SUDESTE;2011-10-02;14666.00000000;70.48000336;14013.00000000;67.33999634
N;NORTE;2011-10-03;902.00000000;63.22999954;902.00000000;63.22999954
NE;NORDESTE;2011-10-03;1942.00000000;59.00000000;1919.00000000;58.29999924
S;SUL;2011-10-03;7374.00000000;57.08000183;6987.00000000;54.09000015
SE;SUDESTE;2011-10-03;14868.00000000;71.44999695;14536.00000000;69.84999847
N;NORTE;2011-10-04;980.00000000;68.69000244;980.00000000;68.69000244
NE;NORDESTE;2011-10-04;1937.00000000;58.84999847;1913.00000000;58.11999893
S;SUL;2011-10-04;6849.00000000;53.02000046;6638.00000000;51.38000107
SE;SUDESTE;2011-10-04;15185.00000000;72.97000122;14875.00000000;71.48000336
N;NORTE;2011-10-05;1007.00000000;70.58999634;1007.00000000;70.58999634
NE;NORDESTE;2011-10-05;1950.00000000;59.24000168;1932.00000000;58.70000076
S;SUL;2011-10-05;6365.00000000;49.27000046;6218.00000000;48.13000107
SE;SUDESTE;2011-10-05;15453.00000000;74.26000214;15023.00000000;72.19000244
N;NORTE;2011-10-06;1059.00000000;74.23000336;1059.00000000;74.23000336
NE;NORDESTE;2011-10-06;1952.00000000;59.29999924;1952.00000000;59.29999924
S;SUL;2011-10-06;6014.00000000;46.54999924;5883.00000000;45.54000092
SE;SUDESTE;2011-10-06;15770.00000000;75.77999878;15409.00000000;74.05000305
N;NORTE;2011-10-07;1094.00000000;76.68000031;1094.00000000;76.68000031
NE;NORDESTE;2011-10-07;1957.00000000;59.45999908;1945.00000000;59.09000015
S;SUL;2011-10-07;5870.00000000;45.43999863;5756.00000000;44.56000137
SE;SUDESTE;2011-10-07;16128.00000000;77.50000000;15703.00000000;75.45999908
N;NORTE;2011-10-08;1075.00000000;75.34999847;1075.00000000;75.34999847
NE;NORDESTE;2011-10-08;1960.00000000;59.54999924;1942.00000000;59.00000000
S;SUL;2011-10-08;5733.00000000;44.38000107;5622.00000000;43.52000046
SE;SUDESTE;2011-10-08;16486.00000000;79.22000122;16279.00000000;78.23000336
N;NORTE;2011-10-09;1026.00000000;71.91999817;1026.00000000;71.91999817
NE;NORDESTE;2011-10-09;1959.00000000;59.52000046;1955.00000000;59.38999939
S;SUL;2011-10-09;6400.00000000;49.54000092;6302.00000000;48.77999878
SE;SUDESTE;2011-10-09;16854.00000000;80.98999786;16577.00000000;79.66000366
N;NORTE;2011-10-10;1012.00000000;70.94000244;1012.00000000;70.94000244
NE;NORDESTE;2011-10-10;1954.00000000;59.36000061;1942.00000000;59.00000000
S;SUL;2011-10-10;6904.00000000;53.43999863;6834.00000000;52.90000153
SE;SUDESTE;2011-10-10;17398.00000000;83.61000061;17119.00000000;82.26999664
N;NORTE;2011-10-11;1014.00000000;71.08000183;1014.00000000;71.08000183
NE;NORDESTE;2011-10-11;1968.00000000;59.79000092;1949.00000000;59.20999908
S;SUL;2011-10-11;6811.00000000;52.72000122;6699.00000000;51.86000061
SE;SUDESTE;2011-10-11;18294.00000000;87.91000366;17903.00000000;86.02999878
N;NORTE;2011-10-12;1000.00000000;70.08999634;1000.00000000;70.08999634
NE;NORDESTE;2011-10-12;2006.00000000;60.93999863;1996.00000000;60.63999939
S;SUL;2011-10-12;6419.00000000;49.68999863;6355.00000000;49.18999863
SE;SUDESTE;2011-10-12;19373.00000000;93.09999847;19019.00000000;91.40000153
N;NORTE;2011-10-13;1040.00000000;72.90000153;1040.00000000;72.90000153
NE;NORDESTE;2011-10-13;2074.00000000;63.00999832;2050.00000000;62.27999878
S;SUL;2011-10-13;17908.00000000;138.63000488;16782.00000000;129.91000366
SE;SUDESTE;2011-10-13;20768.00000000;99.80000305;20513.00000000;98.58000183
N;NORTE;2011-10-14;1094.00000000;76.68000031;1094.00000000;76.68000031
NE;NORDESTE;2011-10-14;2146.00000000;65.19999695;2123.00000000;64.50000000
S;SUL;2011-10-14;22886.00000000;177.16000366;20783.00000000;160.88000488
SE;SUDESTE;2011-10-14;22382.00000000;107.55999756;22089.00000000;106.15000153
N;NORTE;2011-10-15;1130.00000000;79.20999908;1130.00000000;79.20999908
NE;NORDESTE;2011-10-15;2223.00000000;67.54000092;2210.00000000;67.13999939
S;SUL;2011-10-15;20956.00000000;162.22000122;18735.00000000;145.02999878
SE;SUDESTE;2011-10-15;24909.00000000;119.69999695;24202.00000000;116.30000305
N;NORTE;2011-10-16;1164.00000000;81.58999634;1164.00000000;81.58999634
NE;NORDESTE;2011-10-16;2293.00000000;69.66000366;2292.00000000;69.62999725
S;SUL;2011-10-16;17804.00000000;137.82000732;16615.00000000;128.61999512
SE;SUDESTE;2011-10-16;28078.00000000;134.92999268;25767.00000000;123.81999969
N;NORTE;2011-10-17;1207.00000000;84.59999847;1207.00000000;84.59999847
NE;NORDESTE;2011-10-17;2370.00000000;72.00000000;2351.00000000;71.43000031
S;SUL;2011-10-17;15766.00000000;122.05000305;15235.00000000;117.93000031
SE;SUDESTE;2011-10-17;32833.00000000;157.77999878;29744.00000000;142.94000244
N;NORTE;2011-10-18;1296.00000000;90.83999634;1296.00000000;90.83999634
NE;NORDESTE;2011-10-18;2505.00000000;76.09999847;2492.00000000;75.70999908
S;SUL;2011-10-18;13783.00000000;106.69000244;13367.00000000;103.47000122
SE;SUDESTE;2011-10-18;37542.00000000;180.41000366;32652.00000000;156.91000366
N;NORTE;2011-10-19;1372.00000000;96.16999817;1372.00000000;96.16999817
NE;NORDESTE;2011-10-19;2664.00000000;80.93000031;2648.00000000;80.44999695
S;SUL;2011-10-19;12402.00000000;96.00000000;12060.00000000;93.36000061
SE;SUDESTE;2011-10-19;39402.00000000;189.35000610;32818.00000000;157.71000671
N;NORTE;2011-10-20;1503.00000000;105.34999847;1503.00000000;105.34999847
NE;NORDESTE;2011-10-20;2877.00000000;87.41000366;2856.00000000;86.76999664
S;SUL;2011-10-20;11345.00000000;87.81999969;10706.00000000;82.87999725
SE;SUDESTE;2011-10-20;38897.00000000;186.91999817;31492.00000000;151.33999634
N;NORTE;2011-10-21;1619.00000000;113.48000336;1619.00000000;113.48000336
NE;NORDESTE;2011-10-21;3034.00000000;92.18000031;3011.00000000;91.48000336
S;SUL;2011-10-21;10609.00000000;82.12000275;10118.00000000;78.31999969
SE;SUDESTE;2011-10-21;37386.00000000;179.66000366;32413.00000000;155.75999451
N;NORTE;2011-10-22;1732.00000000;121.40000153;1732.00000000;121.40000153
NE;NORDESTE;2011-10-22;3215.00000000;97.66999817;3192.00000000;96.98000336
S;SUL;2011-10-22;9939.00000000;76.94000244;9585.00000000;74.19999695
SE;SUDESTE;2011-10-22;35436.00000000;170.28999329;31354.00000000;150.66999817
N;NORTE;2011-10-23;1798.00000000;126.02999878;1798.00000000;126.02999878
NE;NORDESTE;2011-10-23;3381.00000000;102.72000122;3381.00000000;102.72000122
S;SUL;2011-10-23;9462.00000000;73.25000000;9231.00000000;71.45999908
SE;SUDESTE;2011-10-23;33212.00000000;159.60000610;30288.00000000;145.55000305
N;NORTE;2011-10-24;1895.00000000;132.83000183;1895.00000000;132.83000183
NE;NORDESTE;2011-10-24;3550.00000000;107.84999847;3550.00000000;107.84999847
S;SUL;2011-10-24;9457.00000000;73.20999908;9062.00000000;70.15000153
SE;SUDESTE;2011-10-24;31346.00000000;150.63999939;30154.00000000;144.91000366
N;NORTE;2011-10-25;1985.00000000;139.13999939;1985.00000000;139.13999939
NE;NORDESTE;2011-10-25;3601.00000000;109.40000153;3601.00000000;109.40000153
S;SUL;2011-10-25;11820.00000000;91.50000000;11105.00000000;85.95999908
SE;SUDESTE;2011-10-25;30038.00000000;144.35000610;29259.00000000;140.61000061
N;NORTE;2011-10-26;2093.00000000;146.71000671;2093.00000000;146.71000671
NE;NORDESTE;2011-10-26;3686.00000000;111.98000336;3686.00000000;111.98000336
S;SUL;2011-10-26;13217.00000000;102.30999756;12002.00000000;92.91000366
SE;SUDESTE;2011-10-26;28778.00000000;138.28999329;27878.00000000;133.97000122
N;NORTE;2011-10-27;2226.00000000;156.02999878;2226.00000000;156.02999878
NE;NORDESTE;2011-10-27;3934.00000000;119.51999664;3934.00000000;119.51999664
S;SUL;2011-10-27;12496.00000000;96.73000336;11452.00000000;88.65000153
SE;SUDESTE;2011-10-27;27843.00000000;133.80000305;26621.00000000;127.93000031
N;NORTE;2011-10-28;2344.00000000;164.30000305;2340.00000000;164.02000427
NE;NORDESTE;2011-10-28;4195.00000000;127.44999695;4195.00000000;127.44999695
S;SUL;2011-10-28;10916.00000000;84.50000000;10033.00000000;77.66999817
SE;SUDESTE;2011-10-28;27354.00000000;131.44999695;26138.00000000;125.61000061
N;NORTE;2011-10-29;2406.00000000;168.64999390;2395.00000000;167.88000488
NE;NORDESTE;2011-10-29;4436.00000000;134.77000427;4436.00000000;134.77000427
S;SUL;2011-10-29;12170.00000000;94.20999908;11823.00000000;91.51999664
SE;SUDESTE;2011-10-29;26402.00000000;126.87999725;22591.00000000;108.55999756
N;NORTE;2011-10-30;2440.00000000;171.02999878;2416.00000000;169.35000610
NE;NORDESTE;2011-10-30;4646.00000000;141.14999390;4646.00000000;141.14999390
S;SUL;2011-10-30;14992.00000000;116.05000305;12099.00000000;93.66000366
SE;SUDESTE;2011-10-30;25757.00000000;123.77999878;19817.00000000;95.23000336
N;NORTE;2011-10-31;2463.00000000;172.63999939;2429.00000000;170.25999451
NE;NORDESTE;2011-10-31;4798.00000000;145.77000427;4798.00000000;145.77000427
S;SUL;2011-10-31;14075.00000000;108.95999908;11613.00000000;89.90000153
SE;SUDESTE;2011-10-31;25349.00000000;121.81999969;21376.00000000;102.72000122
N;NORTE;2011-11-01;2467.00000000;104.76999664;2441.00000000;103.66000366
NE;NORDESTE;2011-11-01;4832.00000000;89.80000305;4811.00000000;89.41000366
S;SUL;2011-11-01;12113.00000000;134.30000305;10681.00000000;118.41999817
SE;SUDESTE;2011-11-01;24998.00000000;93.41000366;21943.00000000;81.98999786
N;NORTE;2011-11-02;2441.00000000;103.66000366;2428.00000000;103.11000061
NE;NORDESTE;2011-11-02;4740.00000000;88.08999634;4740.00000000;88.08999634
S;SUL;2011-11-02;10278.00000000;113.95999908;9528.00000000;105.63999939
SE;SUDESTE;2011-11-02;24662.00000000;92.15000153;20865.00000000;77.95999908
N;NORTE;2011-11-03;2443.00000000;103.75000000;2433.00000000;103.31999969
NE;NORDESTE;2011-11-03;4504.00000000;83.69999695;4504.00000000;83.69999695
S;SUL;2011-11-03;9018.00000000;99.98999786;8646.00000000;95.86000061
SE;SUDESTE;2011-11-03;23995.00000000;89.66000366;20793.00000000;77.69000244
N;NORTE;2011-11-04;2474.00000000;105.06999969;2463.00000000;104.59999847
NE;NORDESTE;2011-11-04;4255.00000000;79.08000183;4255.00000000;79.08000183
S;SUL;2011-11-04;8214.00000000;91.06999969;7644.00000000;84.75000000
SE;SUDESTE;2011-11-04;23252.00000000;86.87999725;21713.00000000;81.12999725
N;NORTE;2011-11-05;2485.00000000;105.52999878;2477.00000000;105.19000244
NE;NORDESTE;2011-11-05;3968.00000000;73.73999786;3968.00000000;73.73999786
S;SUL;2011-11-05;7564.00000000;83.86000061;7370.00000000;81.70999908
SE;SUDESTE;2011-11-05;22382.00000000;83.62999725;20570.00000000;76.86000061
N;NORTE;2011-11-06;2518.00000000;106.93000031;2513.00000000;106.72000122
NE;NORDESTE;2011-11-06;3726.00000000;69.23999786;3726.00000000;69.23999786
S;SUL;2011-11-06;7011.00000000;77.73000336;6818.00000000;75.58999634
SE;SUDESTE;2011-11-06;21539.00000000;80.48000336;18290.00000000;68.33999634
N;NORTE;2011-11-07;2592.00000000;110.08000183;2583.00000000;109.69000244
NE;NORDESTE;2011-11-07;3685.00000000;68.48000336;3685.00000000;68.48000336
S;SUL;2011-11-07;6672.00000000;73.97000122;6482.00000000;71.87000275
SE;SUDESTE;2011-11-07;20777.00000000;77.62999725;19489.00000000;72.81999969
N;NORTE;2011-11-08;2707.00000000;114.95999908;2693.00000000;114.37000275
NE;NORDESTE;2011-11-08;3538.00000000;65.75000000;3538.00000000;65.75000000
S;SUL;2011-11-08;6273.00000000;69.55000305;6136.00000000;68.02999878
SE;SUDESTE;2011-11-08;20189.00000000;75.44000244;19593.00000000;73.20999908
N;NORTE;2011-11-09;2787.00000000;118.36000061;2771.00000000;117.68000031
NE;NORDESTE;2011-11-09;3841.00000000;71.37999725;3841.00000000;71.37999725
S;SUL;2011-11-09;5786.00000000;64.15000153;5514.00000000;61.13999939
SE;SUDESTE;2011-11-09;19801.00000000;73.98999786;18870.00000000;70.51000214
N;NORTE;2011-11-10;2859.00000000;121.41999817;2843.00000000;120.73999786
NE;NORDESTE;2011-11-10;4024.00000000;74.77999878;4024.00000000;74.77999878
S;SUL;2011-11-10;5478.00000000;60.74000168;4932.00000000;54.68000031
SE;SUDESTE;2011-11-10;19468.00000000;72.73999786;18212.00000000;68.05000305
N;NORTE;2011-11-11;2899.00000000;123.11000061;2884.00000000;122.48000336
NE;NORDESTE;2011-11-11;4241.00000000;78.80999756;4236.00000000;78.72000122
S;SUL;2011-11-11;5397.00000000;59.84000015;5187.00000000;57.50999832
SE;SUDESTE;2011-11-11;19269.00000000;72.00000000;17787.00000000;66.45999908
N;NORTE;2011-11-12;2916.00000000;123.83999634;2901.00000000;123.19999695
NE;NORDESTE;2011-11-12;3984.00000000;74.04000092;3959.00000000;73.56999969
S;SUL;2011-11-12;5450.00000000;60.43000031;5354.00000000;59.36000061
SE;SUDESTE;2011-11-12;19334.00000000;72.23999786;17272.00000000;64.54000092
N;NORTE;2011-11-13;2918.00000000;123.91999817;2902.00000000;123.23999786
NE;NORDESTE;2011-11-13;3794.00000000;70.51000214;3772.00000000;70.09999847
S;SUL;2011-11-13;5642.00000000;62.54999924;5578.00000000;61.84999847
SE;SUDESTE;2011-11-13;19954.00000000;74.55999756;15732.00000000;58.77999878
N;NORTE;2011-11-14;2899.00000000;123.11000061;2884.00000000;122.48000336
NE;NORDESTE;2011-11-14;3736.00000000;69.43000031;3723.00000000;69.19000244
S;SUL;2011-11-14;6128.00000000;67.94000244;6066.00000000;67.26000214
SE;SUDESTE;2011-11-14;21690.00000000;81.04000092;16543.00000000;61.81000137
N;NORTE;2011-11-15;2892.00000000;122.81999969;2876.00000000;122.13999939
NE;NORDESTE;2011-11-15;3886.00000000;72.22000122;3886.00000000;72.22000122
S;SUL;2011-11-15;7344.00000000;81.43000031;7281.00000000;80.73000336
SE;SUDESTE;2011-11-15;24659.00000000;92.13999939;22314.00000000;83.37999725
N;NORTE;2011-11-16;2899.00000000;123.11000061;2883.00000000;122.44000244
NE;NORDESTE;2011-11-16;3898.00000000;72.44000244;3898.00000000;72.44000244
S;SUL;2011-11-16;8214.00000000;91.06999969;8025.00000000;88.98000336
SE;SUDESTE;2011-11-16;27141.00000000;101.41000366;26699.00000000;99.76000214
N;NORTE;2011-11-17;2927.00000000;124.30000305;2911.00000000;123.62000275
NE;NORDESTE;2011-11-17;3796.00000000;70.54000092;3796.00000000;70.54000092
S;SUL;2011-11-17;8110.00000000;89.91999817;7877.00000000;87.33000183
SE;SUDESTE;2011-11-17;29067.00000000;108.61000061;28645.00000000;107.02999878
N;NORTE;2011-11-18;2974.00000000;126.30000305;2958.00000000;125.62000275
NE;NORDESTE;2011-11-18;3653.00000000;67.88999939;3653.00000000;67.88999939
S;SUL;2011-11-18;7645.00000000;84.76000214;7507.00000000;83.23000336
SE;SUDESTE;2011-11-18;30343.00000000;113.37999725;29802.00000000;111.36000061
N;NORTE;2011-11-19;3080.00000000;130.80000305;3064.00000000;130.11999512
NE;NORDESTE;2011-11-19;3484.00000000;64.75000000;3484.00000000;64.75000000
S;SUL;2011-11-19;6984.00000000;77.43000031;6902.00000000;76.51999664
SE;SUDESTE;2011-11-19;30839.00000000;115.23000336;27714.00000000;103.55000305
N;NORTE;2011-11-20;3164.00000000;134.36999512;3148.00000000;133.69000244
NE;NORDESTE;2011-11-20;3330.00000000;61.88000107;3330.00000000;61.88000107
S;SUL;2011-11-20;6787.00000000;75.25000000;6721.00000000;74.51999664
SE;SUDESTE;2011-11-20;30829.00000000;115.19000244;26313.00000000;98.31999969
N;NORTE;2011-11-21;3255.00000000;138.22999573;3233.00000000;137.30000305
NE;NORDESTE;2011-11-21;3233.00000000;60.08000183;3233.00000000;60.08000183
S;SUL;2011-11-21;6884.00000000;76.33000183;6836.00000000;75.79000092
SE;SUDESTE;2011-11-21;31039.00000000;115.98000336;28375.00000000;106.01999664
N;NORTE;2011-11-22;3372.00000000;143.19999695;3346.00000000;142.10000610
NE;NORDESTE;2011-11-22;3195.00000000;59.38000107;3195.00000000;59.38000107
S;SUL;2011-11-22;7626.00000000;84.55000305;7586.00000000;84.11000061
SE;SUDESTE;2011-11-22;30958.00000000;115.66999817;28756.00000000;107.44999695
N;NORTE;2011-11-23;3442.00000000;146.16999817;3416.00000000;145.07000732
NE;NORDESTE;2011-11-23;3257.00000000;60.52999878;3257.00000000;60.52999878
S;SUL;2011-11-23;7718.00000000;85.56999969;7441.00000000;82.50000000
SE;SUDESTE;2011-11-23;31573.00000000;117.97000122;29734.00000000;111.09999847
N;NORTE;2011-11-24;3506.00000000;148.88999939;3475.00000000;147.58000183
NE;NORDESTE;2011-11-24;3382.00000000;62.84999847;3382.00000000;62.84999847
S;SUL;2011-11-24;6929.00000000;76.81999969;6890.00000000;76.38999939
SE;SUDESTE;2011-11-24;32462.00000000;121.29000092;29806.00000000;111.37000275
N;NORTE;2011-11-25;3646.00000000;154.83999634;3611.00000000;153.35000610
NE;NORDESTE;2011-11-25;3694.00000000;68.65000153;3694.00000000;68.65000153
S;SUL;2011-11-25;6182.00000000;68.54000092;6143.00000000;68.11000061
SE;SUDESTE;2011-11-25;32858.00000000;122.76999664;30552.00000000;114.16000366
N;NORTE;2011-11-26;3775.00000000;160.32000732;3741.00000000;158.86999512
NE;NORDESTE;2011-11-26;3836.00000000;71.29000092;3836.00000000;71.29000092
S;SUL;2011-11-26;5665.00000000;62.81000137;5625.00000000;62.36999893
SE;SUDESTE;2011-11-26;33058.00000000;123.51999664;27840.00000000;104.01999664
N;NORTE;2011-11-27;3892.00000000;165.28999329;3869.00000000;164.30999756
NE;NORDESTE;2011-11-27;4006.00000000;74.44999695;4006.00000000;74.44999695
S;SUL;2011-11-27;5487.00000000;60.84000015;5445.00000000;60.36999893
SE;SUDESTE;2011-11-27;34100.00000000;127.41999817;28663.00000000;107.09999847
N;NORTE;2011-11-28;4037.00000000;171.44000244;4028.00000000;171.05999756
NE;NORDESTE;2011-11-28;4337.00000000;80.59999847;4337.00000000;80.59999847
S;SUL;2011-11-28;5142.00000000;57.00999832;5102.00000000;56.56999969
SE;SUDESTE;2011-11-28;35478.00000000;132.55999756;30110.00000000;112.51000214
N;NORTE;2011-11-29;4163.00000000;176.78999329;4161.00000000;176.71000671
NE;NORDESTE;2011-11-29;4813.00000000;89.44000244;4813.00000000;89.44000244
S;SUL;2011-11-29;4817.00000000;53.40999985;4775.00000000;52.93999863
SE;SUDESTE;2011-11-29;35716.00000000;133.44999695;30207.00000000;112.87000275
N;NORTE;2011-11-30;4256.00000000;180.74000549;4256.00000000;180.74000549
NE;NORDESTE;2011-11-30;5305.00000000;98.58999634;5305.00000000;98.58999634
S;SUL;2011-11-30;4526.00000000;50.18000031;4473.00000000;49.59000015
SE;SUDESTE;2011-11-30;35484.00000000;132.58999634;30874.00000000;115.36000061
N;NORTE;2011-12-01;4382.00000000;94.70999908;4382.00000000;94.70999908
NE;NORDESTE;2011-12-01;5709.00000000;57.18000031;5709.00000000;57.18000031
S;SUL;2011-12-01;4372.00000000;60.97999954;4301.00000000;59.99000168
SE;SUDESTE;2011-12-01;35015.00000000;86.50000000;31546.00000000;77.93000031
N;NORTE;2011-12-02;4502.00000000;97.30000305;4502.00000000;97.30000305
NE;NORDESTE;2011-12-02;5621.00000000;56.29000092;5621.00000000;56.29000092
S;SUL;2011-12-02;4199.00000000;58.56999969;4136.00000000;57.68999863
SE;SUDESTE;2011-12-02;34761.00000000;85.87000275;32177.00000000;79.48999786
N;NORTE;2011-12-03;4644.00000000;100.37000275;4644.00000000;100.37000275
NE;NORDESTE;2011-12-03;6195.00000000;62.04000092;6062.00000000;60.70999908
S;SUL;2011-12-03;3818.00000000;53.25000000;3768.00000000;52.54999924
SE;SUDESTE;2011-12-03;35226.00000000;87.01999664;30735.00000000;75.93000031
N;NORTE;2011-12-04;4799.00000000;103.72000122;4799.00000000;103.72000122
NE;NORDESTE;2011-12-04;6259.00000000;62.68000031;6083.00000000;60.91999817
S;SUL;2011-12-04;3624.00000000;50.54999924;3583.00000000;49.97000122
SE;SUDESTE;2011-12-04;34875.00000000;86.15000153;31210.00000000;77.09999847
N;NORTE;2011-12-05;4993.00000000;107.91000366;4989.00000000;107.81999969
NE;NORDESTE;2011-12-05;6548.00000000;65.58000183;6422.00000000;64.31999969
S;SUL;2011-12-05;3550.00000000;49.50999832;3510.00000000;48.95999908
SE;SUDESTE;2011-12-05;33714.00000000;83.29000092;31696.00000000;78.30000305
N;NORTE;2011-12-06;5221.00000000;112.83999634;5212.00000000;112.63999939
NE;NORDESTE;2011-12-06;7071.00000000;70.81999969;6967.00000000;69.77999878
S;SUL;2011-12-06;3460.00000000;48.25999832;3400.00000000;47.41999817
SE;SUDESTE;2011-12-06;32488.00000000;80.26000214;30922.00000000;76.38999939
N;NORTE;2011-12-07;5506.00000000;119.00000000;5491.00000000;118.66999817
NE;NORDESTE;2011-12-07;7702.00000000;77.13999939;7660.00000000;76.72000122
S;SUL;2011-12-07;3417.00000000;47.65999985;2600.00000000;36.25999832
SE;SUDESTE;2011-12-07;31947.00000000;78.91999817;30231.00000000;74.68000031
N;NORTE;2011-12-08;5684.00000000;122.83999634;5669.00000000;122.51999664
NE;NORDESTE;2011-12-08;8713.00000000;87.26000214;8713.00000000;87.26000214
S;SUL;2011-12-08;3468.00000000;48.36999893;2912.00000000;40.61999893
SE;SUDESTE;2011-12-08;31839.00000000;78.65000153;29602.00000000;73.12999725
N;NORTE;2011-12-09;5729.00000000;123.81999969;5712.00000000;123.44999695
NE;NORDESTE;2011-12-09;9795.00000000;98.09999847;9795.00000000;98.09999847
S;SUL;2011-12-09;3711.00000000;51.75999832;2777.00000000;38.72999954
SE;SUDESTE;2011-12-09;32553.00000000;80.41999817;29674.00000000;73.30999756
N;NORTE;2011-12-10;5672.00000000;122.58999634;5655.00000000;122.22000122
NE;NORDESTE;2011-12-10;10571.00000000;105.87000275;10571.00000000;105.87000275
S;SUL;2011-12-10;3932.00000000;54.84000015;3434.00000000;47.90000153
SE;SUDESTE;2011-12-10;34501.00000000;85.23000336;31697.00000000;78.30000305
N;NORTE;2011-12-11;5586.00000000;120.73000336;5569.00000000;120.36000061
NE;NORDESTE;2011-12-11;11097.00000000;111.13999939;11097.00000000;111.13999939
S;SUL;2011-12-11;3916.00000000;54.61999893;3862.00000000;53.86999893
SE;SUDESTE;2011-12-11;36831.00000000;90.98999786;32575.00000000;80.47000122
N;NORTE;2011-12-12;5493.00000000;118.72000122;5476.00000000;118.34999847
NE;NORDESTE;2011-12-12;11631.00000000;116.48999786;11631.00000000;116.48999786
S;SUL;2011-12-12;4066.00000000;56.70999908;3730.00000000;52.02000046
SE;SUDESTE;2011-12-12;39853.00000000;98.44999695;37640.00000000;92.98000336
N;NORTE;2011-12-13;5401.00000000;116.73000336;5383.00000000;116.33999634
NE;NORDESTE;2011-12-13;11975.00000000;119.93000031;11975.00000000;119.93000031
S;SUL;2011-12-13;4118.00000000;57.43999863;3308.00000000;46.13999939
SE;SUDESTE;2011-12-13;42806.00000000;105.75000000;41474.00000000;102.45999908
N;NORTE;2011-12-14;5275.00000000;114.01000214;5260.00000000;113.68000031
NE;NORDESTE;2011-12-14;12073.00000000;120.91000366;12073.00000000;120.91000366
S;SUL;2011-12-14;4187.00000000;58.40000153;3576.00000000;49.88000107
SE;SUDESTE;2011-12-14;43684.00000000;107.91999817;42383.00000000;104.69999695
N;NORTE;2011-12-15;5140.00000000;111.08999634;5134.00000000;110.95999908
NE;NORDESTE;2011-12-15;12010.00000000;120.27999878;12010.00000000;120.27999878
S;SUL;2011-12-15;4969.00000000;69.30999756;4569.00000000;63.72999954
SE;SUDESTE;2011-12-15;45711.00000000;112.91999817;43787.00000000;108.16999817
N;NORTE;2011-12-16;5056.00000000;109.26999664;5056.00000000;109.26999664
NE;NORDESTE;2011-12-16;11883.00000000;119.01000214;11883.00000000;119.01000214
S;SUL;2011-12-16;4823.00000000;67.26999664;4783.00000000;66.70999908
SE;SUDESTE;2011-12-16;48978.00000000;120.98999786;46545.00000000;114.98000336
N;NORTE;2011-12-17;5028.00000000;108.66999817;5028.00000000;108.66999817
NE;NORDESTE;2011-12-17;11860.00000000;118.77999878;11860.00000000;118.77999878
S;SUL;2011-12-17;4496.00000000;62.70999908;4338.00000000;60.50000000
SE;SUDESTE;2011-12-17;53040.00000000;131.02999878;48403.00000000;119.56999969
N;NORTE;2011-12-18;5126.00000000;110.79000092;5126.00000000;110.79000092
NE;NORDESTE;2011-12-18;11586.00000000;116.02999878;11586.00000000;116.02999878
S;SUL;2011-12-18;3993.00000000;55.68999863;3929.00000000;54.79999924
SE;SUDESTE;2011-12-18;55819.00000000;137.88999939;49899.00000000;123.26999664
N;NORTE;2011-12-19;5326.00000000;115.11000061;5326.00000000;115.11000061
NE;NORDESTE;2011-12-19;11498.00000000;115.15000153;11498.00000000;115.15000153
S;SUL;2011-12-19;3679.00000000;51.31000137;3607.00000000;50.31000137
SE;SUDESTE;2011-12-19;57901.00000000;143.03999329;53063.00000000;131.08999634
N;NORTE;2011-12-20;5587.00000000;120.75000000;5587.00000000;120.75000000
NE;NORDESTE;2011-12-20;10888.00000000;109.04000092;10888.00000000;109.04000092
S;SUL;2011-12-20;3312.00000000;46.18999863;3265.00000000;45.54000092
SE;SUDESTE;2011-12-20;58244.00000000;143.88000488;53568.00000000;132.33000183
N;NORTE;2011-12-21;5876.00000000;126.98999786;5876.00000000;126.98999786
NE;NORDESTE;2011-12-21;10666.00000000;106.81999969;10666.00000000;106.81999969
S;SUL;2011-12-21;3128.00000000;43.63000107;3079.00000000;42.93999863
SE;SUDESTE;2011-12-21;57547.00000000;142.16000366;53177.00000000;131.36999512
N;NORTE;2011-12-22;6263.00000000;135.36000061;6263.00000000;135.36000061
NE;NORDESTE;2011-12-22;10551.00000000;105.66999817;10551.00000000;105.66999817
S;SUL;2011-12-22;2942.00000000;41.02999878;2903.00000000;40.49000168
SE;SUDESTE;2011-12-22;55132.00000000;136.19999695;51228.00000000;126.55000305
N;NORTE;2011-12-23;6670.00000000;144.14999390;6670.00000000;144.14999390
NE;NORDESTE;2011-12-23;10656.00000000;106.72000122;10656.00000000;106.72000122
S;SUL;2011-12-23;2858.00000000;39.86000061;2812.00000000;39.22000122
SE;SUDESTE;2011-12-23;52401.00000000;129.44999695;49308.00000000;121.80999756
N;NORTE;2011-12-24;7008.00000000;151.46000671;7008.00000000;151.46000671
NE;NORDESTE;2011-12-24;10979.00000000;109.95999908;10979.00000000;109.95999908
S;SUL;2011-12-24;3058.00000000;42.65000153;2989.00000000;41.68999863
SE;SUDESTE;2011-12-24;49031.00000000;121.12000275;44537.00000000;110.01999664
N;NORTE;2011-12-25;7220.00000000;156.03999329;7220.00000000;156.03999329
NE;NORDESTE;2011-12-25;11568.00000000;115.84999847;11568.00000000;115.84999847
S;SUL;2011-12-25;3141.00000000;43.81000137;3061.00000000;42.68999863
SE;SUDESTE;2011-12-25;46951.00000000;115.98999786;42343.00000000;104.59999847
N;NORTE;2011-12-26;7392.00000000;159.75999451;7392.00000000;159.75999451
NE;NORDESTE;2011-12-26;12282.00000000;123.01000214;12282.00000000;123.01000214
S;SUL;2011-12-26;3314.00000000;46.22000122;3240.00000000;45.18999863
SE;SUDESTE;2011-12-26;46160.00000000;114.02999878;43349.00000000;107.08999634
N;NORTE;2011-12-27;7477.00000000;161.60000610;7477.00000000;161.60000610
NE;NORDESTE;2011-12-27;13093.00000000;131.13000488;13093.00000000;131.13000488
S;SUL;2011-12-27;3337.00000000;46.54000092;3269.00000000;45.59000015
SE;SUDESTE;2011-12-27;45435.00000000;112.23999786;43852.00000000;108.33000183
N;NORTE;2011-12-28;7450.00000000;161.00999451;7450.00000000;161.00999451
NE;NORDESTE;2011-12-28;13836.00000000;138.57000732;13836.00000000;138.57000732
S;SUL;2011-12-28;3318.00000000;46.27999878;3262.00000000;45.50000000
SE;SUDESTE;2011-12-28;45673.00000000;112.83000183;44018.00000000;108.73999786
N;NORTE;2011-12-29;7367.00000000;159.22000122;7367.00000000;159.22000122
NE;NORDESTE;2011-12-29;13956.00000000;139.77000427;13956.00000000;139.77000427
S;SUL;2011-12-29;3333.00000000;46.49000168;3291.00000000;45.90000153
SE;SUDESTE;2011-12-29;47010.00000000;116.12999725;44851.00000000;110.80000305
N;NORTE;2011-12-30;7278.00000000;157.30000305;7278.00000000;157.30000305
NE;NORDESTE;2011-12-30;14277.00000000;142.99000549;14277.00000000;142.99000549
S;SUL;2011-12-30;3439.00000000;47.97000122;3368.00000000;46.97999954
SE;SUDESTE;2011-12-30;48402.00000000;119.56999969;45278.00000000;111.84999847
N;NORTE;2011-12-31;7145.00000000;154.41999817;7145.00000000;154.41999817
NE;NORDESTE;2011-12-31;14506.00000000;145.27999878;14506.00000000;145.27999878
S;SUL;2011-12-31;3714.00000000;51.79999924;3675.00000000;51.25999832
SE;SUDESTE;2011-12-31;49989.00000000;123.48999786;46484.00000000;114.83000183
