id_subsistema;nom_subsistema;ena_data;ena_bruta_regiao_mwmed;ena_bruta_regiao_percentualmlt;ena_armazenavel_regiao_mwmed;ena_armazenavel_regiao_percentualmlt
N;NORTE;2008-01-01;3088.00000000;37.70000076;3088.00000000;37.70000076
NE;NORDESTE;2008-01-01;6713.00000000;48.61000061;6713.00000000;48.61000061
S;SUL;2008-01-01;6542.00000000;103.05000305;6498.00000000;102.36000061
SE;SUDESTE;2008-01-01;26834.00000000;50.22000122;26683.00000000;49.93999863
N;NORTE;2008-01-02;3043.00000000;37.15000153;3043.00000000;37.15000153
NE;NORDESTE;2008-01-02;7047.00000000;51.02000046;7047.00000000;51.02000046
S;SUL;2008-01-02;6973.00000000;109.83999634;6959.00000000;109.62000275
SE;SUDESTE;2008-01-02;25535.00000000;47.79000092;25392.00000000;47.52000046
N;NORTE;2008-01-03;3015.00000000;36.81000137;3015.00000000;36.81000137
NE;NORDESTE;2008-01-03;7542.00000000;54.61000061;7542.00000000;54.61000061
S;SUL;2008-01-03;7815.00000000;123.11000061;7808.00000000;123.00000000
SE;SUDESTE;2008-01-03;24091.00000000;45.09000015;23219.00000000;43.45999908
N;NORTE;2008-01-04;2935.00000000;35.83000183;2935.00000000;35.83000183
NE;NORDESTE;2008-01-04;7771.00000000;56.27000046;7771.00000000;56.27000046
S;SUL;2008-01-04;8475.00000000;133.50999451;8466.00000000;133.36000061
SE;SUDESTE;2008-01-04;23184.00000000;43.38999939;21770.00000000;40.75000000
N;NORTE;2008-01-05;2854.00000000;34.84000015;2854.00000000;34.84000015
NE;NORDESTE;2008-01-05;7957.00000000;57.61000061;7957.00000000;57.61000061
S;SUL;2008-01-05;8968.00000000;141.27000427;8960.00000000;141.14999390
SE;SUDESTE;2008-01-05;23043.00000000;43.13000107;21822.00000000;40.84000015
N;NORTE;2008-01-06;2841.00000000;34.68000031;2841.00000000;34.68000031
NE;NORDESTE;2008-01-06;7990.00000000;57.84999847;7990.00000000;57.84999847
S;SUL;2008-01-06;8665.00000000;136.50000000;8658.00000000;136.38999939
SE;SUDESTE;2008-01-06;23489.00000000;43.95999908;22282.00000000;41.70000076
N;NORTE;2008-01-07;2881.00000000;35.16999817;2881.00000000;35.16999817
NE;NORDESTE;2008-01-07;7807.00000000;56.52999878;7807.00000000;56.52999878
S;SUL;2008-01-07;8257.00000000;130.07000732;8250.00000000;129.96000671
SE;SUDESTE;2008-01-07;24307.00000000;45.49000168;23085.00000000;43.20999908
N;NORTE;2008-01-08;2964.00000000;36.18000031;2964.00000000;36.18000031
NE;NORDESTE;2008-01-08;7384.00000000;53.45999908;7384.00000000;53.45999908
S;SUL;2008-01-08;7774.00000000;122.45999908;7767.00000000;122.34999847
SE;SUDESTE;2008-01-08;25268.00000000;47.29000092;23870.00000000;44.68000031
N;NORTE;2008-01-09;3038.00000000;37.09000015;3038.00000000;37.09000015
NE;NORDESTE;2008-01-09;6868.00000000;49.72999954;6868.00000000;49.72999954
S;SUL;2008-01-09;7166.00000000;112.87999725;7159.00000000;112.76999664
SE;SUDESTE;2008-01-09;26178.00000000;49.00000000;24806.00000000;46.43000031
N;NORTE;2008-01-10;3116.00000000;38.04000092;3116.00000000;38.04000092
NE;NORDESTE;2008-01-10;6031.00000000;43.66999817;6031.00000000;43.66999817
S;SUL;2008-01-10;6669.00000000;105.05999756;6626.00000000;104.37999725
SE;SUDESTE;2008-01-10;27182.00000000;50.88000107;25640.00000000;47.99000168
N;NORTE;2008-01-11;3201.00000000;39.08000183;3201.00000000;39.08000183
NE;NORDESTE;2008-01-11;5425.00000000;39.27999878;5425.00000000;39.27999878
S;SUL;2008-01-11;6236.00000000;98.23000336;6223.00000000;98.02999878
SE;SUDESTE;2008-01-11;28524.00000000;53.38999939;26959.00000000;50.45999908
N;NORTE;2008-01-12;3269.00000000;39.90999985;3269.00000000;39.90999985
NE;NORDESTE;2008-01-12;5045.00000000;36.52999878;5045.00000000;36.52999878
S;SUL;2008-01-12;6170.00000000;97.19000244;6157.00000000;96.98999786
SE;SUDESTE;2008-01-12;29773.00000000;55.72000122;28394.00000000;53.13999939
N;NORTE;2008-01-13;3308.00000000;40.38000107;3308.00000000;40.38000107
NE;NORDESTE;2008-01-13;4720.00000000;34.16999817;4720.00000000;34.16999817
S;SUL;2008-01-13;5934.00000000;93.48000336;5921.00000000;93.26999664
SE;SUDESTE;2008-01-13;30676.00000000;57.40999985;29506.00000000;55.22000122
N;NORTE;2008-01-14;3424.00000000;41.79999924;3424.00000000;41.79999924
NE;NORDESTE;2008-01-14;4449.00000000;32.20999908;4449.00000000;32.20999908
S;SUL;2008-01-14;6019.00000000;94.81999969;6008.00000000;94.63999939
SE;SUDESTE;2008-01-14;31711.00000000;59.34999847;30541.00000000;57.15999985
N;NORTE;2008-01-15;3454.00000000;42.15999985;3454.00000000;42.15999985
NE;NORDESTE;2008-01-15;4219.00000000;30.54999924;4219.00000000;30.54999924
S;SUL;2008-01-15;5669.00000000;89.30000305;5662.00000000;89.19000244
SE;SUDESTE;2008-01-15;32353.00000000;60.54999924;31162.00000000;58.31999969
N;NORTE;2008-01-16;3467.00000000;42.31999969;3467.00000000;42.31999969
NE;NORDESTE;2008-01-16;4218.00000000;30.54000092;4218.00000000;30.54000092
S;SUL;2008-01-16;5483.00000000;86.37000275;5472.00000000;86.19999695
SE;SUDESTE;2008-01-16;32609.00000000;61.02999878;31451.00000000;58.86999893
N;NORTE;2008-01-17;3536.00000000;43.16999817;3536.00000000;43.16999817
NE;NORDESTE;2008-01-17;4413.00000000;31.95000076;4413.00000000;31.95000076
S;SUL;2008-01-17;5421.00000000;85.40000153;5410.00000000;85.22000122
SE;SUDESTE;2008-01-17;32916.00000000;61.61000061;31594.00000000;59.13000107
N;NORTE;2008-01-18;3632.00000000;44.34000015;3632.00000000;44.34000015
NE;NORDESTE;2008-01-18;4496.00000000;32.54999924;4496.00000000;32.54999924
S;SUL;2008-01-18;5480.00000000;86.33000183;5470.00000000;86.16999817
SE;SUDESTE;2008-01-18;33476.00000000;62.65999985;32717.00000000;61.22999954
N;NORTE;2008-01-19;3739.00000000;45.63999939;3739.00000000;45.63999939
NE;NORDESTE;2008-01-19;4464.00000000;32.31999969;4464.00000000;32.31999969
S;SUL;2008-01-19;5983.00000000;94.25000000;5971.00000000;94.05999756
SE;SUDESTE;2008-01-19;34441.00000000;64.45999908;34131.00000000;63.88000107
N;NORTE;2008-01-20;3954.00000000;48.27000046;3954.00000000;48.27000046
NE;NORDESTE;2008-01-20;4470.00000000;32.36000061;4470.00000000;32.36000061
S;SUL;2008-01-20;6553.00000000;103.23000336;6541.00000000;103.04000092
SE;SUDESTE;2008-01-20;37465.00000000;70.12000275;37185.00000000;69.59999847
N;NORTE;2008-01-21;4179.00000000;51.02000046;4179.00000000;51.02000046
NE;NORDESTE;2008-01-21;4556.00000000;32.99000168;4556.00000000;32.99000168
S;SUL;2008-01-21;6773.00000000;106.69000244;6761.00000000;106.50000000
SE;SUDESTE;2008-01-21;39609.00000000;74.12999725;39359.00000000;73.66999817
N;NORTE;2008-01-22;4355.00000000;53.15999985;4355.00000000;53.15999985
NE;NORDESTE;2008-01-22;4922.00000000;35.63999939;4922.00000000;35.63999939
S;SUL;2008-01-22;6390.00000000;100.66000366;6378.00000000;100.47000122
SE;SUDESTE;2008-01-22;42973.00000000;80.43000031;42627.00000000;79.77999878
N;NORTE;2008-01-23;4506.00000000;55.00999832;4506.00000000;55.00999832
NE;NORDESTE;2008-01-23;5294.00000000;38.33000183;5294.00000000;38.33000183
S;SUL;2008-01-23;5970.00000000;94.04000092;5959.00000000;93.87000275
SE;SUDESTE;2008-01-23;45230.00000000;84.65000153;44879.00000000;84.00000000
N;NORTE;2008-01-24;4629.00000000;56.50999832;4629.00000000;56.50999832
NE;NORDESTE;2008-01-24;5612.00000000;40.63000107;5612.00000000;40.63000107
S;SUL;2008-01-24;5782.00000000;91.08000183;5771.00000000;90.91000366
SE;SUDESTE;2008-01-24;46820.00000000;87.62999725;46343.00000000;86.73999786
N;NORTE;2008-01-25;4739.00000000;57.84999847;4739.00000000;57.84999847
NE;NORDESTE;2008-01-25;5781.00000000;41.86000061;5781.00000000;41.86000061
S;SUL;2008-01-25;5400.00000000;85.06999969;5352.00000000;84.30999756
SE;SUDESTE;2008-01-25;48217.00000000;90.25000000;47911.00000000;89.66999817
N;NORTE;2008-01-26;4851.00000000;59.22000122;4851.00000000;59.22000122
NE;NORDESTE;2008-01-26;5813.00000000;42.09000015;5813.00000000;42.09000015
S;SUL;2008-01-26;5228.00000000;82.36000061;5218.00000000;82.19999695
SE;SUDESTE;2008-01-26;49089.00000000;91.87999725;48797.00000000;91.33000183
N;NORTE;2008-01-27;4972.00000000;60.70000076;4972.00000000;60.70000076
NE;NORDESTE;2008-01-27;5871.00000000;42.50999832;5871.00000000;42.50999832
S;SUL;2008-01-27;5010.00000000;78.91999817;5001.00000000;78.77999878
SE;SUDESTE;2008-01-27;50809.00000000;95.09999847;50453.00000000;94.43000031
N;NORTE;2008-01-28;5114.00000000;62.43000031;5114.00000000;62.43000031
NE;NORDESTE;2008-01-28;5793.00000000;41.93999863;5793.00000000;41.93999863
S;SUL;2008-01-28;4760.00000000;74.98000336;4751.00000000;74.83999634
SE;SUDESTE;2008-01-28;54059.00000000;101.18000031;53618.00000000;100.34999847
N;NORTE;2008-01-29;5294.00000000;64.62999725;5294.00000000;64.62999725
NE;NORDESTE;2008-01-29;5670.00000000;41.04999924;5670.00000000;41.04999924
S;SUL;2008-01-29;4678.00000000;73.69000244;4669.00000000;73.55000305
SE;SUDESTE;2008-01-29;58768.00000000;109.98999786;57968.00000000;108.50000000
N;NORTE;2008-01-30;5513.00000000;67.30000305;5513.00000000;67.30000305
NE;NORDESTE;2008-01-30;5799.00000000;41.99000168;5799.00000000;41.99000168
S;SUL;2008-01-30;4673.00000000;73.61000061;4662.00000000;73.44000244
SE;SUDESTE;2008-01-30;61946.00000000;115.94000244;61062.00000000;114.29000092
N;NORTE;2008-01-31;5864.00000000;71.58999634;5864.00000000;71.58999634
NE;NORDESTE;2008-01-31;6312.00000000;45.70000076;6312.00000000;45.70000076
S;SUL;2008-01-31;4780.00000000;75.30000305;4766.00000000;75.08000183
SE;SUDESTE;2008-01-31;66460.00000000;124.38999939;64719.00000000;121.12999725
N;NORTE;2008-02-01;6262.00000000;56.09999847;6262.00000000;56.09999847
NE;NORDESTE;2008-02-01;6849.00000000;47.16999817;6849.00000000;47.16999817
S;SUL;2008-02-01;5907.00000000;83.62000275;5892.00000000;83.40000153
SE;SUDESTE;2008-02-01;66908.00000000;120.30000305;64954.00000000;116.79000092
N;NORTE;2008-02-02;6675.00000000;59.79999924;6675.00000000;59.79999924
NE;NORDESTE;2008-02-02;6846.00000000;47.15000153;6846.00000000;47.15000153
S;SUL;2008-02-02;6255.00000000;88.54000092;6242.00000000;88.36000061
SE;SUDESTE;2008-02-02;65503.00000000;117.76999664;64217.00000000;115.45999908
N;NORTE;2008-02-03;7013.00000000;62.83000183;7013.00000000;62.83000183
NE;NORDESTE;2008-02-03;6211.00000000;42.77999878;6211.00000000;42.77999878
S;SUL;2008-02-03;5725.00000000;81.04000092;5708.00000000;80.80000305
SE;SUDESTE;2008-02-03;66575.00000000;119.69999695;65430.00000000;117.63999939
N;NORTE;2008-02-04;7434.00000000;66.59999847;7434.00000000;66.59999847
NE;NORDESTE;2008-02-04;6483.00000000;44.65000153;6483.00000000;44.65000153
S;SUL;2008-02-04;5548.00000000;78.52999878;5540.00000000;78.41999817
SE;SUDESTE;2008-02-04;68647.00000000;123.43000031;67511.00000000;121.37999725
N;NORTE;2008-02-05;7735.00000000;69.30000305;7735.00000000;69.30000305
NE;NORDESTE;2008-02-05;7207.00000000;49.63999939;7207.00000000;49.63999939
S;SUL;2008-02-05;5322.00000000;75.33999634;5315.00000000;75.23999786
SE;SUDESTE;2008-02-05;72331.00000000;130.05000305;70969.00000000;127.59999847
N;NORTE;2008-02-06;8016.00000000;71.80999756;8016.00000000;71.80999756
NE;NORDESTE;2008-02-06;7936.00000000;54.65999985;7936.00000000;54.65999985
S;SUL;2008-02-06;5067.00000000;71.73000336;5060.00000000;71.62999725
SE;SUDESTE;2008-02-06;73952.00000000;132.97000122;72695.00000000;130.69999695
N;NORTE;2008-02-07;8285.00000000;74.22000122;8285.00000000;74.22000122
NE;NORDESTE;2008-02-07;8767.00000000;60.38000107;8767.00000000;60.38000107
S;SUL;2008-02-07;4541.00000000;64.27999878;4535.00000000;64.19000244
SE;SUDESTE;2008-02-07;75006.00000000;134.86000061;73488.00000000;132.13000488
N;NORTE;2008-02-08;8710.00000000;78.02999878;8710.00000000;78.02999878
NE;NORDESTE;2008-02-08;9574.00000000;65.94000244;9574.00000000;65.94000244
S;SUL;2008-02-08;4195.00000000;59.38000107;4149.00000000;58.72999954
SE;SUDESTE;2008-02-08;74604.00000000;134.13999939;72600.00000000;130.52999878
N;NORTE;2008-02-09;8959.00000000;80.26000214;8959.00000000;80.26000214
NE;NORDESTE;2008-02-09;10320.00000000;71.08000183;10320.00000000;71.08000183
S;SUL;2008-02-09;3885.00000000;54.99000168;3878.00000000;54.88999939
SE;SUDESTE;2008-02-09;72472.00000000;130.30000305;70597.00000000;126.93000031
N;NORTE;2008-02-10;9141.00000000;81.88999939;9141.00000000;81.88999939
NE;NORDESTE;2008-02-10;10963.00000000;75.51000214;10963.00000000;75.51000214
S;SUL;2008-02-10;3806.00000000;53.88000107;3799.00000000;53.77999878
SE;SUDESTE;2008-02-10;70599.00000000;126.94000244;69262.00000000;124.52999878
N;NORTE;2008-02-11;9165.00000000;82.11000061;9165.00000000;82.11000061
NE;NORDESTE;2008-02-11;11294.00000000;77.79000092;11294.00000000;77.79000092
S;SUL;2008-02-11;4004.00000000;56.68000031;3997.00000000;56.58000183
SE;SUDESTE;2008-02-11;68204.00000000;122.62999725;67125.00000000;120.69000244
N;NORTE;2008-02-12;8999.00000000;80.62000275;8999.00000000;80.62000275
NE;NORDESTE;2008-02-12;11486.00000000;79.11000061;11486.00000000;79.11000061
S;SUL;2008-02-12;4136.00000000;58.54999924;4129.00000000;58.45000076
SE;SUDESTE;2008-02-12;65149.00000000;117.13999939;64249.00000000;115.51999664
N;NORTE;2008-02-13;8781.00000000;78.66999817;8781.00000000;78.66999817
NE;NORDESTE;2008-02-13;11688.00000000;80.50000000;11688.00000000;80.50000000
S;SUL;2008-02-13;3924.00000000;55.54999924;3917.00000000;55.45000076
SE;SUDESTE;2008-02-13;62391.00000000;112.18000031;61651.00000000;110.84999847
N;NORTE;2008-02-14;8747.00000000;78.36000061;8747.00000000;78.36000061
NE;NORDESTE;2008-02-14;11965.00000000;82.41000366;11965.00000000;82.41000366
S;SUL;2008-02-14;3766.00000000;53.31000137;3756.00000000;53.16999817
SE;SUDESTE;2008-02-14;59870.00000000;107.65000153;59238.00000000;106.51000214
N;NORTE;2008-02-15;8858.00000000;79.36000061;8858.00000000;79.36000061
NE;NORDESTE;2008-02-15;12284.00000000;84.59999847;12284.00000000;84.59999847
S;SUL;2008-02-15;3609.00000000;51.09000015;3598.00000000;50.93000031
SE;SUDESTE;2008-02-15;57722.00000000;103.77999878;57331.00000000;103.08000183
N;NORTE;2008-02-16;8988.00000000;80.51999664;8988.00000000;80.51999664
NE;NORDESTE;2008-02-16;12767.00000000;87.93000031;12767.00000000;87.93000031
S;SUL;2008-02-16;3684.00000000;52.15000153;3671.00000000;51.95999908
SE;SUDESTE;2008-02-16;55271.00000000;99.37999725;55055.00000000;98.98999786
N;NORTE;2008-02-17;9177.00000000;82.22000122;9177.00000000;82.22000122
NE;NORDESTE;2008-02-17;13339.00000000;91.87000275;13339.00000000;91.87000275
S;SUL;2008-02-17;3849.00000000;54.47999954;3842.00000000;54.38999939
SE;SUDESTE;2008-02-17;53182.00000000;95.62000275;52960.00000000;95.22000122
N;NORTE;2008-02-18;9270.00000000;83.05000305;9270.00000000;83.05000305
NE;NORDESTE;2008-02-18;13867.00000000;95.51000214;13867.00000000;95.51000214
S;SUL;2008-02-18;4058.00000000;57.43999863;4051.00000000;57.34000015
SE;SUDESTE;2008-02-18;51392.00000000;92.40000153;51146.00000000;91.95999908
N;NORTE;2008-02-19;9163.00000000;82.08999634;9163.00000000;82.08999634
NE;NORDESTE;2008-02-19;14330.00000000;98.69999695;14330.00000000;98.69999695
S;SUL;2008-02-19;4044.00000000;57.24000168;4037.00000000;57.15000153
SE;SUDESTE;2008-02-19;50064.00000000;90.01000214;49715.00000000;89.38999939
N;NORTE;2008-02-20;8943.00000000;80.12000275;8943.00000000;80.12000275
NE;NORDESTE;2008-02-20;14666.00000000;101.01000214;14666.00000000;101.01000214
S;SUL;2008-02-20;3951.00000000;55.93000031;3944.00000000;55.83000183
SE;SUDESTE;2008-02-20;49521.00000000;89.04000092;49157.00000000;88.37999725
N;NORTE;2008-02-21;8829.00000000;79.09999847;8829.00000000;79.09999847
NE;NORDESTE;2008-02-21;14815.00000000;102.04000092;14815.00000000;102.04000092
S;SUL;2008-02-21;3912.00000000;55.38000107;3905.00000000;55.27999878
SE;SUDESTE;2008-02-21;50310.00000000;90.45999908;49969.00000000;89.83999634
N;NORTE;2008-02-22;8705.00000000;77.98999786;8698.00000000;77.91999817
NE;NORDESTE;2008-02-22;14844.00000000;102.23999786;14844.00000000;102.23999786
S;SUL;2008-02-22;3820.00000000;54.06999969;3814.00000000;53.99000168
SE;SUDESTE;2008-02-22;51327.00000000;92.29000092;51020.00000000;91.73000336
N;NORTE;2008-02-23;8453.00000000;75.73000336;8441.00000000;75.62000275
NE;NORDESTE;2008-02-23;14686.00000000;101.15000153;14686.00000000;101.15000153
S;SUL;2008-02-23;3574.00000000;50.59000015;3533.00000000;50.00999832
SE;SUDESTE;2008-02-23;53256.00000000;95.75000000;52851.00000000;95.02999878
N;NORTE;2008-02-24;8288.00000000;74.25000000;8266.00000000;74.05000305
NE;NORDESTE;2008-02-24;14257.00000000;98.19000244;14257.00000000;98.19000244
S;SUL;2008-02-24;3541.00000000;50.11999893;3534.00000000;50.02999878
SE;SUDESTE;2008-02-24;55425.00000000;99.65000153;54862.00000000;98.63999939
N;NORTE;2008-02-25;8134.00000000;72.87000275;8113.00000000;72.68000031
NE;NORDESTE;2008-02-25;13494.00000000;92.94000244;13494.00000000;92.94000244
S;SUL;2008-02-25;3477.00000000;49.22000122;3470.00000000;49.11999893
SE;SUDESTE;2008-02-25;56226.00000000;101.08999634;55315.00000000;99.45999908
N;NORTE;2008-02-26;7958.00000000;71.30000305;7937.00000000;71.11000061
NE;NORDESTE;2008-02-26;12781.00000000;88.02999878;12781.00000000;88.02999878
S;SUL;2008-02-26;3449.00000000;48.81999969;3436.00000000;48.63999939
SE;SUDESTE;2008-02-26;57288.00000000;103.00000000;56203.00000000;101.05000305
N;NORTE;2008-02-27;7885.00000000;70.63999939;7865.00000000;70.45999908
NE;NORDESTE;2008-02-27;12483.00000000;85.98000336;12483.00000000;85.98000336
S;SUL;2008-02-27;3445.00000000;48.77000046;3430.00000000;48.54999924
SE;SUDESTE;2008-02-27;57951.00000000;104.19999695;56612.00000000;101.79000092
N;NORTE;2008-02-28;8034.00000000;71.98000336;8017.00000000;71.81999969
NE;NORDESTE;2008-02-28;12518.00000000;86.22000122;12518.00000000;86.22000122
S;SUL;2008-02-28;3578.00000000;50.65000153;3563.00000000;50.43999863
SE;SUDESTE;2008-02-28;58148.00000000;104.55000305;56738.00000000;102.01000214
N;NORTE;2008-02-29;8218.00000000;73.62000275;8204.00000000;73.50000000
NE;NORDESTE;2008-02-29;12977.00000000;89.37999725;12977.00000000;89.37999725
S;SUL;2008-02-29;3724.00000000;52.70999908;3708.00000000;52.49000168
SE;SUDESTE;2008-02-29;59390.00000000;106.77999878;58310.00000000;104.83999634
N;NORTE;2008-03-01;8490.00000000;64.87000275;8474.00000000;64.75000000
NE;NORDESTE;2008-03-01;12403.00000000;86.40000153;12403.00000000;86.40000153
S;SUL;2008-03-01;3999.00000000;66.09999847;3983.00000000;65.83999634
SE;SUDESTE;2008-03-01;61032.00000000;117.13999939;60601.00000000;116.30999756
N;NORTE;2008-03-02;8850.00000000;67.62000275;8833.00000000;67.48999786
NE;NORDESTE;2008-03-02;12440.00000000;86.66000366;12440.00000000;86.66000366
S;SUL;2008-03-02;4328.00000000;71.54000092;4302.00000000;71.11000061
SE;SUDESTE;2008-03-02;61334.00000000;117.72000122;60849.00000000;116.79000092
N;NORTE;2008-03-03;9197.00000000;70.27999878;9174.00000000;70.09999847
NE;NORDESTE;2008-03-03;12528.00000000;87.27999878;12528.00000000;87.27999878
S;SUL;2008-03-03;4402.00000000;72.76999664;4387.00000000;72.51999664
SE;SUDESTE;2008-03-03;60715.00000000;116.52999878;60157.00000000;115.45999908
N;NORTE;2008-03-04;9523.00000000;72.76999664;9499.00000000;72.58000183
NE;NORDESTE;2008-03-04;12381.00000000;86.25000000;12381.00000000;86.25000000
S;SUL;2008-03-04;4337.00000000;71.69000244;4326.00000000;71.51000214
SE;SUDESTE;2008-03-04;61473.00000000;117.98000336;61032.00000000;117.13999939
N;NORTE;2008-03-05;9792.00000000;74.81999969;9764.00000000;74.61000061
NE;NORDESTE;2008-03-05;12155.00000000;84.68000031;12155.00000000;84.68000031
S;SUL;2008-03-05;4059.00000000;67.09999847;4048.00000000;66.91000366
SE;SUDESTE;2008-03-05;58428.00000000;112.13999939;57980.00000000;111.27999878
N;NORTE;2008-03-06;10013.00000000;76.51000214;9985.00000000;76.30000305
NE;NORDESTE;2008-03-06;12040.00000000;83.87999725;12040.00000000;83.87999725
S;SUL;2008-03-06;3829.00000000;63.29000092;3821.00000000;63.15999985
SE;SUDESTE;2008-03-06;55812.00000000;107.12000275;55213.00000000;105.97000122
N;NORTE;2008-03-07;10267.00000000;78.44999695;10221.00000000;78.09999847
NE;NORDESTE;2008-03-07;11982.00000000;83.47000122;11982.00000000;83.47000122
S;SUL;2008-03-07;3526.00000000;58.29000092;3519.00000000;58.16999817
SE;SUDESTE;2008-03-07;54217.00000000;104.05999756;53612.00000000;102.90000153
N;NORTE;2008-03-08;10475.00000000;80.04000092;10429.00000000;79.69000244
NE;NORDESTE;2008-03-08;11648.00000000;81.15000153;11648.00000000;81.15000153
S;SUL;2008-03-08;3199.00000000;52.88000107;3191.00000000;52.75000000
SE;SUDESTE;2008-03-08;53508.00000000;102.69999695;52742.00000000;101.23000336
N;NORTE;2008-03-09;10613.00000000;81.09999847;10569.00000000;80.76000214
NE;NORDESTE;2008-03-09;11362.00000000;79.15000153;11362.00000000;79.15000153
S;SUL;2008-03-09;2953.00000000;48.81000137;2946.00000000;48.70000076
SE;SUDESTE;2008-03-09;53044.00000000;101.80999756;51875.00000000;99.55999756
N;NORTE;2008-03-10;10971.00000000;83.83000183;10930.00000000;83.51999664
NE;NORDESTE;2008-03-10;11404.00000000;79.44999695;11404.00000000;79.44999695
S;SUL;2008-03-10;3127.00000000;51.68999863;3120.00000000;51.56999969
SE;SUDESTE;2008-03-10;53411.00000000;102.51000214;52287.00000000;100.34999847
N;NORTE;2008-03-11;11477.00000000;87.69999695;11433.00000000;87.36000061
NE;NORDESTE;2008-03-11;11411.00000000;79.48999786;11411.00000000;79.48999786
S;SUL;2008-03-11;3416.00000000;56.47000122;3372.00000000;55.74000168
SE;SUDESTE;2008-03-11;52355.00000000;100.48000336;51262.00000000;98.38999939
N;NORTE;2008-03-12;11884.00000000;90.80999756;11828.00000000;90.37999725
NE;NORDESTE;2008-03-12;11640.00000000;81.08999634;11640.00000000;81.08999634
S;SUL;2008-03-12;3677.00000000;60.77999878;3670.00000000;60.66999817
SE;SUDESTE;2008-03-12;52677.00000000;101.09999847;51171.00000000;98.20999908
N;NORTE;2008-03-13;12272.00000000;93.76999664;12211.00000000;93.30999756
NE;NORDESTE;2008-03-13;11978.00000000;83.44000244;11978.00000000;83.44000244
S;SUL;2008-03-13;3825.00000000;63.22999954;3818.00000000;63.11000061
SE;SUDESTE;2008-03-13;54633.00000000;104.86000061;52688.00000000;101.12000275
N;NORTE;2008-03-14;12677.00000000;96.87000275;12620.00000000;96.43000031
NE;NORDESTE;2008-03-14;12726.00000000;88.65000153;12726.00000000;88.65000153
S;SUL;2008-03-14;3742.00000000;61.86000061;3735.00000000;61.74000168
SE;SUDESTE;2008-03-14;58128.00000000;111.55999756;55859.00000000;107.20999908
N;NORTE;2008-03-15;12796.00000000;97.77999878;12744.00000000;97.37999725
NE;NORDESTE;2008-03-15;12772.00000000;88.98000336;12772.00000000;88.98000336
S;SUL;2008-03-15;3607.00000000;59.61999893;3599.00000000;59.49000168
SE;SUDESTE;2008-03-15;64772.00000000;124.31999969;62011.00000000;119.01999664
N;NORTE;2008-03-16;12601.00000000;96.29000092;12550.00000000;95.90000153
NE;NORDESTE;2008-03-16;13265.00000000;92.41000366;13265.00000000;92.41000366
S;SUL;2008-03-16;3481.00000000;57.54000092;3475.00000000;57.43999863
SE;SUDESTE;2008-03-16;70661.00000000;135.61999512;66779.00000000;128.16999817
N;NORTE;2008-03-17;12588.00000000;96.19000244;12540.00000000;95.81999969
NE;NORDESTE;2008-03-17;13326.00000000;92.83000183;13326.00000000;92.83000183
S;SUL;2008-03-17;3419.00000000;56.52000046;3412.00000000;56.40000153
SE;SUDESTE;2008-03-17;74313.00000000;142.63000488;70587.00000000;135.47999573
N;NORTE;2008-03-18;12798.00000000;97.79000092;12767.00000000;97.55999756
NE;NORDESTE;2008-03-18;13786.00000000;96.04000092;13786.00000000;96.04000092
S;SUL;2008-03-18;3383.00000000;55.91999817;3376.00000000;55.81000137
SE;SUDESTE;2008-03-18;75050.00000000;144.03999329;71757.00000000;137.72000122
N;NORTE;2008-03-19;13345.00000000;101.97000122;13156.00000000;100.52999878
NE;NORDESTE;2008-03-19;13458.00000000;93.75000000;13458.00000000;93.75000000
S;SUL;2008-03-19;3287.00000000;54.33000183;3280.00000000;54.22000122
SE;SUDESTE;2008-03-19;73907.00000000;141.85000610;71377.00000000;136.99000549
N;NORTE;2008-03-20;13938.00000000;106.50000000;13630.00000000;104.15000153
NE;NORDESTE;2008-03-20;14926.00000000;103.98000336;14926.00000000;103.98000336
S;SUL;2008-03-20;3164.00000000;52.29999924;3121.00000000;51.59000015
SE;SUDESTE;2008-03-20;71706.00000000;137.61999512;69630.00000000;133.63999939
N;NORTE;2008-03-21;14315.00000000;109.37999725;13771.00000000;105.23000336
NE;NORDESTE;2008-03-21;15224.00000000;106.05999756;15224.00000000;106.05999756
S;SUL;2008-03-21;3118.00000000;51.54000092;3112.00000000;51.43999863
SE;SUDESTE;2008-03-21;69499.00000000;133.38999939;66357.00000000;127.36000061
N;NORTE;2008-03-22;14488.00000000;110.70999908;13461.00000000;102.86000061
NE;NORDESTE;2008-03-22;14685.00000000;102.30000305;14685.00000000;102.30000305
S;SUL;2008-03-22;3290.00000000;54.38000107;3283.00000000;54.27000046
SE;SUDESTE;2008-03-22;67882.00000000;130.27999878;65284.00000000;125.30000305
N;NORTE;2008-03-23;14512.00000000;110.88999939;13147.00000000;100.45999908
NE;NORDESTE;2008-03-23;14182.00000000;98.80000305;14182.00000000;98.80000305
S;SUL;2008-03-23;3585.00000000;59.25999832;3578.00000000;59.13999939
SE;SUDESTE;2008-03-23;66630.00000000;127.87999725;63635.00000000;122.12999725
N;NORTE;2008-03-24;14300.00000000;109.26999664;12456.00000000;95.18000031
NE;NORDESTE;2008-03-24;14053.00000000;97.90000153;13988.00000000;97.44999695
S;SUL;2008-03-24;3891.00000000;64.31999969;3884.00000000;64.19999695
SE;SUDESTE;2008-03-24;65616.00000000;125.94000244;61344.00000000;117.73999786
N;NORTE;2008-03-25;14038.00000000;107.26999664;11638.00000000;88.93000031
NE;NORDESTE;2008-03-25;14010.00000000;97.59999847;13880.00000000;96.69000244
S;SUL;2008-03-25;4031.00000000;66.62999725;4021.00000000;66.47000122
SE;SUDESTE;2008-03-25;64441.00000000;123.68000031;61037.00000000;117.15000153
N;NORTE;2008-03-26;14083.00000000;107.61000061;11272.00000000;86.12999725
NE;NORDESTE;2008-03-26;14221.00000000;99.06999969;14036.00000000;97.77999878
S;SUL;2008-03-26;4038.00000000;66.75000000;4030.00000000;66.62000275
SE;SUDESTE;2008-03-26;63414.00000000;121.70999908;60251.00000000;115.63999939
N;NORTE;2008-03-27;14077.00000000;107.56999969;11073.00000000;84.61000061
NE;NORDESTE;2008-03-27;15057.00000000;104.88999939;14818.00000000;103.23000336
S;SUL;2008-03-27;3812.00000000;63.00999832;3805.00000000;62.90000153
SE;SUDESTE;2008-03-27;62602.00000000;120.15000153;59684.00000000;114.55000305
N;NORTE;2008-03-28;14156.00000000;108.16999817;10513.00000000;80.33000183
NE;NORDESTE;2008-03-28;15311.00000000;106.66000366;15072.00000000;105.00000000
S;SUL;2008-03-28;3497.00000000;57.81000137;3490.00000000;57.68999863
SE;SUDESTE;2008-03-28;60959.00000000;117.00000000;58322.00000000;111.94000244
N;NORTE;2008-03-29;14297.00000000;109.25000000;10652.00000000;81.38999939
NE;NORDESTE;2008-03-29;15830.00000000;110.27999878;15592.00000000;108.62000275
S;SUL;2008-03-29;3234.00000000;53.45999908;3227.00000000;53.34000015
SE;SUDESTE;2008-03-29;57401.00000000;110.16999817;53914.00000000;103.48000336
N;NORTE;2008-03-30;14617.00000000;111.69000244;10204.00000000;77.97000122
NE;NORDESTE;2008-03-30;16676.00000000;116.16999817;16438.00000000;114.51000214
S;SUL;2008-03-30;3022.00000000;49.95000076;3014.00000000;49.81999969
SE;SUDESTE;2008-03-30;54127.00000000;103.87999725;48758.00000000;93.58000183
N;NORTE;2008-03-31;14823.00000000;113.26999664;9833.00000000;75.13999939
NE;NORDESTE;2008-03-31;18776.00000000;130.80000305;18537.00000000;129.13999939
S;SUL;2008-03-31;2914.00000000;48.16999817;2908.00000000;48.06999969
SE;SUDESTE;2008-03-31;51131.00000000;98.12999725;48062.00000000;92.23999786
N;NORTE;2008-04-01;15198.00000000;116.20999908;9787.00000000;74.83999634
NE;NORDESTE;2008-04-01;21410.00000000;182.64999390;21171.00000000;180.61000061
S;SUL;2008-04-01;2860.00000000;51.11999893;2854.00000000;51.02000046
SE;SUDESTE;2008-04-01;48596.00000000;123.20999908;46303.00000000;117.40000153
N;NORTE;2008-04-02;15577.00000000;119.11000061;9306.00000000;71.16000366
NE;NORDESTE;2008-04-02;23464.00000000;200.16999817;23226.00000000;198.13999939
S;SUL;2008-04-02;2796.00000000;49.29999924;2774.00000000;48.91999817
SE;SUDESTE;2008-04-02;47161.00000000;119.58000183;44604.00000000;113.08999634
N;NORTE;2008-04-03;15898.00000000;121.55999756;9017.00000000;68.94999695
NE;NORDESTE;2008-04-03;25125.00000000;214.33999634;24886.00000000;212.30999756
S;SUL;2008-04-03;2655.00000000;46.81999969;2636.00000000;46.47999954
SE;SUDESTE;2008-04-03;46100.00000000;116.88999939;42883.00000000;108.73000336
N;NORTE;2008-04-04;16146.00000000;123.45999908;8962.00000000;68.52999878
NE;NORDESTE;2008-04-04;24510.00000000;209.10000610;24270.00000000;207.05000305
S;SUL;2008-04-04;2437.00000000;42.97000122;2388.00000000;42.11000061
SE;SUDESTE;2008-04-04;47403.00000000;120.19000244;43718.00000000;110.84999847
N;NORTE;2008-04-05;16365.00000000;125.12999725;8507.00000000;65.05000305
NE;NORDESTE;2008-04-05;22467.00000000;191.66999817;22227.00000000;189.61999512
S;SUL;2008-04-05;2232.00000000;39.36000061;2212.00000000;39.00999832
SE;SUDESTE;2008-04-05;48729.00000000;123.55000305;45098.00000000;114.33999634
N;NORTE;2008-04-06;16560.00000000;126.62999725;7672.00000000;58.65999985
NE;NORDESTE;2008-04-06;20471.00000000;174.63999939;20232.00000000;172.60000610
S;SUL;2008-04-06;2118.00000000;37.34999847;2094.00000000;36.93000031
SE;SUDESTE;2008-04-06;50514.00000000;128.08000183;42537.00000000;107.84999847
N;NORTE;2008-04-07;16626.00000000;127.12999725;7693.00000000;58.81999969
NE;NORDESTE;2008-04-07;19006.00000000;162.13999939;18801.00000000;160.38999939
S;SUL;2008-04-07;2084.00000000;36.75000000;2064.00000000;36.40000153
SE;SUDESTE;2008-04-07;51937.00000000;131.69000244;45942.00000000;116.48000336
N;NORTE;2008-04-08;16590.00000000;126.84999847;7656.00000000;58.54000092
NE;NORDESTE;2008-04-08;18603.00000000;158.69999695;18473.00000000;157.60000610
S;SUL;2008-04-08;2072.00000000;36.54000092;2052.00000000;36.18000031
SE;SUDESTE;2008-04-08;52780.00000000;133.82000732;47745.00000000;121.05999756
N;NORTE;2008-04-09;16259.00000000;124.31999969;7339.00000000;56.11999893
NE;NORDESTE;2008-04-09;16775.00000000;143.11000061;16477.00000000;140.57000732
S;SUL;2008-04-09;2022.00000000;35.65999985;2002.00000000;35.29999924
SE;SUDESTE;2008-04-09;52460.00000000;133.00999451;47769.00000000;121.12000275
N;NORTE;2008-04-10;16068.00000000;122.86000061;7149.00000000;54.65999985
NE;NORDESTE;2008-04-10;15245.00000000;130.05999756;14661.00000000;125.06999969
S;SUL;2008-04-10;1956.00000000;34.49000168;1939.00000000;34.18999863
SE;SUDESTE;2008-04-10;51650.00000000;130.96000671;47462.00000000;120.33999634
N;NORTE;2008-04-11;16120.00000000;123.26000214;7382.00000000;56.45000076
NE;NORDESTE;2008-04-11;14409.00000000;122.93000031;14278.00000000;121.80999756
S;SUL;2008-04-11;2286.00000000;40.31000137;2268.00000000;39.99000168
SE;SUDESTE;2008-04-11;51141.00000000;129.66999817;46831.00000000;118.73999786
N;NORTE;2008-04-12;16001.00000000;122.34999847;7782.00000000;59.50000000
NE;NORDESTE;2008-04-12;13447.00000000;114.72000122;13315.00000000;113.58999634
S;SUL;2008-04-12;3018.00000000;53.22000122;2991.00000000;52.74000168
SE;SUDESTE;2008-04-12;50978.00000000;129.25000000;45395.00000000;115.09999847
N;NORTE;2008-04-13;15564.00000000;119.01000214;7499.00000000;57.34000015
NE;NORDESTE;2008-04-13;12567.00000000;107.20999908;12435.00000000;106.08000183
S;SUL;2008-04-13;4044.00000000;71.30999756;4017.00000000;70.83000183
SE;SUDESTE;2008-04-13;51433.00000000;130.41000366;44678.00000000;113.27999878
N;NORTE;2008-04-14;15730.00000000;120.27999878;8060.00000000;61.63000107
NE;NORDESTE;2008-04-14;11503.00000000;98.12999725;11412.00000000;97.36000061
S;SUL;2008-04-14;5418.00000000;95.54000092;5396.00000000;95.15000153
SE;SUDESTE;2008-04-14;52848.00000000;133.99000549;47419.00000000;120.23000336
N;NORTE;2008-04-15;15394.00000000;117.70999908;8494.00000000;64.94999695
NE;NORDESTE;2008-04-15;11101.00000000;94.69999695;11056.00000000;94.31999969
S;SUL;2008-04-15;5659.00000000;99.79000092;5635.00000000;99.37000275
SE;SUDESTE;2008-04-15;53933.00000000;136.75000000;49003.00000000;124.25000000
N;NORTE;2008-04-16;14761.00000000;112.87000275;8105.00000000;61.97000122
NE;NORDESTE;2008-04-16;11039.00000000;94.18000031;11004.00000000;93.87999725
S;SUL;2008-04-16;5427.00000000;95.69999695;5402.00000000;95.26000214
SE;SUDESTE;2008-04-16;54093.00000000;137.14999390;46075.00000000;116.81999969
N;NORTE;2008-04-17;14092.00000000;107.75000000;7436.00000000;56.86000061
NE;NORDESTE;2008-04-17;11292.00000000;96.33000183;11292.00000000;96.33000183
S;SUL;2008-04-17;5449.00000000;96.08999634;5424.00000000;95.65000153
SE;SUDESTE;2008-04-17;53988.00000000;136.88999939;45120.00000000;114.40000153
N;NORTE;2008-04-18;13497.00000000;103.19999695;7381.00000000;56.43999863
NE;NORDESTE;2008-04-18;11372.00000000;97.01999664;11372.00000000;97.01999664
S;SUL;2008-04-18;5715.00000000;100.77999878;5690.00000000;100.33999634
SE;SUDESTE;2008-04-18;53509.00000000;135.66999817;42963.00000000;108.93000031
N;NORTE;2008-04-19;13006.00000000;99.44999695;7222.00000000;55.22000122
NE;NORDESTE;2008-04-19;11108.00000000;94.76000214;11108.00000000;94.76000214
S;SUL;2008-04-19;5709.00000000;100.66999817;5680.00000000;100.16000366
SE;SUDESTE;2008-04-19;52951.00000000;134.25999451;40280.00000000;102.12999725
N;NORTE;2008-04-20;12757.00000000;97.55000305;6973.00000000;53.31999969
NE;NORDESTE;2008-04-20;11237.00000000;95.86000061;11237.00000000;95.86000061
S;SUL;2008-04-20;5665.00000000;99.90000153;5615.00000000;99.01000214
SE;SUDESTE;2008-04-20;52495.00000000;133.10000610;38702.00000000;98.12999725
N;NORTE;2008-04-21;12484.00000000;95.45999908;6527.00000000;49.90999985
NE;NORDESTE;2008-04-21;11235.00000000;95.84999847;11235.00000000;95.84999847
S;SUL;2008-04-21;5921.00000000;104.41000366;5882.00000000;103.72000122
SE;SUDESTE;2008-04-21;53098.00000000;134.63000488;37390.00000000;94.80000305
N;NORTE;2008-04-22;12406.00000000;94.86000061;6320.00000000;48.33000183
NE;NORDESTE;2008-04-22;11228.00000000;95.79000092;11228.00000000;95.79000092
S;SUL;2008-04-22;6238.00000000;110.00000000;6207.00000000;109.44999695
SE;SUDESTE;2008-04-22;53263.00000000;135.05000305;40724.00000000;103.25000000
N;NORTE;2008-04-23;12409.00000000;94.87999725;7006.00000000;53.56999969
NE;NORDESTE;2008-04-23;10905.00000000;93.02999878;10905.00000000;93.02999878
S;SUL;2008-04-23;6300.00000000;111.08999634;6271.00000000;110.58000183
SE;SUDESTE;2008-04-23;52768.00000000;133.78999329;42106.00000000;106.76000214
N;NORTE;2008-04-24;12618.00000000;96.48000336;7985.00000000;61.06000137
NE;NORDESTE;2008-04-24;10602.00000000;90.44999695;10602.00000000;90.44999695
S;SUL;2008-04-24;6138.00000000;108.23999786;6108.00000000;107.70999908
SE;SUDESTE;2008-04-24;51618.00000000;130.88000488;40716.00000000;103.23000336
N;NORTE;2008-04-25;12789.00000000;97.79000092;8109.00000000;62.00999832
NE;NORDESTE;2008-04-25;10231.00000000;87.27999878;10231.00000000;87.27999878
S;SUL;2008-04-25;5935.00000000;104.66000366;5907.00000000;104.16000366
SE;SUDESTE;2008-04-25;50001.00000000;126.77999878;40206.00000000;101.94000244
N;NORTE;2008-04-26;12962.00000000;99.11000061;6972.00000000;53.31000137
NE;NORDESTE;2008-04-26;9842.00000000;83.95999908;9842.00000000;83.95999908
S;SUL;2008-04-26;5577.00000000;98.33999634;5546.00000000;97.80000305
SE;SUDESTE;2008-04-26;48474.00000000;122.90000153;38942.00000000;98.73999786
N;NORTE;2008-04-27;12998.00000000;99.38999939;6418.00000000;49.08000183
NE;NORDESTE;2008-04-27;9362.00000000;79.87000275;9362.00000000;79.87000275
S;SUL;2008-04-27;5395.00000000;95.12999725;5371.00000000;94.70999908
SE;SUDESTE;2008-04-27;47030.00000000;119.23999786;36942.00000000;93.66999817
N;NORTE;2008-04-28;12950.00000000;99.01999664;6371.00000000;48.72000122
NE;NORDESTE;2008-04-28;9135.00000000;77.93000031;9135.00000000;77.93000031
S;SUL;2008-04-28;6261.00000000;110.40000153;6224.00000000;109.75000000
SE;SUDESTE;2008-04-28;45668.00000000;115.79000092;38661.00000000;98.01999664
N;NORTE;2008-04-29;12698.00000000;97.08999634;6121.00000000;46.79999924
NE;NORDESTE;2008-04-29;9004.00000000;76.80999756;9004.00000000;76.80999756
S;SUL;2008-04-29;13249.00000000;233.63000488;13140.00000000;231.71000671
SE;SUDESTE;2008-04-29;44768.00000000;113.51000214;38086.00000000;96.56999969
N;NORTE;2008-04-30;12369.00000000;94.58000183;6303.00000000;48.20000076
NE;NORDESTE;2008-04-30;8910.00000000;76.01000214;8910.00000000;76.01000214
S;SUL;2008-04-30;14598.00000000;257.42001343;14421.00000000;254.30000305
SE;SUDESTE;2008-04-30;44269.00000000;112.23999786;38837.00000000;98.47000122
N;NORTE;2008-05-01;12204.00000000;143.19000244;6787.00000000;79.62999725
NE;NORDESTE;2008-05-01;8758.00000000;123.30999756;8758.00000000;123.30999756
S;SUL;2008-05-01;13522.00000000;183.08000183;13469.00000000;182.36000061
SE;SUDESTE;2008-05-01;43832.00000000;152.39999390;38183.00000000;132.75999451
N;NORTE;2008-05-02;11991.00000000;140.69000244;7145.00000000;83.83000183
NE;NORDESTE;2008-05-02;8573.00000000;120.70999908;8573.00000000;120.70999908
S;SUL;2008-05-02;14037.00000000;190.05000305;13948.00000000;188.85000610
SE;SUDESTE;2008-05-02;44683.00000000;155.35000610;40038.00000000;139.19999695
N;NORTE;2008-05-03;11826.00000000;138.75000000;6829.00000000;80.12000275
NE;NORDESTE;2008-05-03;8289.00000000;116.70999908;8289.00000000;116.70999908
S;SUL;2008-05-03;18626.00000000;252.19000244;17959.00000000;243.16000366
SE;SUDESTE;2008-05-03;44801.00000000;155.75999451;40216.00000000;139.82000732
N;NORTE;2008-05-04;11753.00000000;137.89999390;5618.00000000;65.91999817
NE;NORDESTE;2008-05-04;8047.00000000;113.30000305;8047.00000000;113.30000305
S;SUL;2008-05-04;22065.00000000;298.75000000;20638.00000000;279.42999268
SE;SUDESTE;2008-05-04;45809.00000000;159.27000427;40469.00000000;140.69999695
N;NORTE;2008-05-05;11882.00000000;139.41000366;4960.00000000;58.20000076
NE;NORDESTE;2008-05-05;7827.00000000;110.19999695;7827.00000000;110.19999695
S;SUL;2008-05-05;18313.00000000;247.94999695;16898.00000000;228.78999329
SE;SUDESTE;2008-05-05;45060.00000000;156.66999817;42656.00000000;148.30999756
N;NORTE;2008-05-06;11821.00000000;138.69999695;6339.00000000;74.37999725
NE;NORDESTE;2008-05-06;7588.00000000;106.83999634;7588.00000000;106.83999634
S;SUL;2008-05-06;14421.00000000;195.25000000;13770.00000000;186.44000244
SE;SUDESTE;2008-05-06;44516.00000000;154.77000427;42923.00000000;149.24000549
N;NORTE;2008-05-07;11966.00000000;140.39999390;7496.00000000;87.94999695
NE;NORDESTE;2008-05-07;7382.00000000;103.94000244;7382.00000000;103.94000244
S;SUL;2008-05-07;12681.00000000;171.69000244;12424.00000000;168.22000122
SE;SUDESTE;2008-05-07;43990.00000000;152.94999695;42069.00000000;146.27000427
N;NORTE;2008-05-08;12200.00000000;143.13999939;7736.00000000;90.76999664
NE;NORDESTE;2008-05-08;7164.00000000;100.87000275;7164.00000000;100.87000275
S;SUL;2008-05-08;11463.00000000;155.19999695;11321.00000000;153.27999878
SE;SUDESTE;2008-05-08;42444.00000000;147.57000732;41148.00000000;143.05999756
N;NORTE;2008-05-09;12494.00000000;146.58999634;7454.00000000;87.45999908
NE;NORDESTE;2008-05-09;6906.00000000;97.23999786;6906.00000000;97.23999786
S;SUL;2008-05-09;10706.00000000;144.94999695;10632.00000000;143.94999695
SE;SUDESTE;2008-05-09;40562.00000000;141.02999878;39936.00000000;138.85000610
N;NORTE;2008-05-10;12500.00000000;146.66000366;5980.00000000;70.16000366
NE;NORDESTE;2008-05-10;6736.00000000;94.83999634;6736.00000000;94.83999634
S;SUL;2008-05-10;9957.00000000;134.80999756;9911.00000000;134.19000244
SE;SUDESTE;2008-05-10;38954.00000000;135.44000244;36938.00000000;128.42999268
N;NORTE;2008-05-11;12449.00000000;146.05999756;4725.00000000;55.43999863
NE;NORDESTE;2008-05-11;6782.00000000;95.48999786;6782.00000000;95.48999786
S;SUL;2008-05-11;9539.00000000;129.14999390;9511.00000000;128.77000427
SE;SUDESTE;2008-05-11;37663.00000000;130.94999695;34752.00000000;120.83000183
N;NORTE;2008-05-12;12253.00000000;143.75999451;5413.00000000;63.50999832
NE;NORDESTE;2008-05-12;6394.00000000;90.02999878;6394.00000000;90.02999878
S;SUL;2008-05-12;9184.00000000;124.34999847;9160.00000000;124.01999664
SE;SUDESTE;2008-05-12;36678.00000000;127.51999664;35788.00000000;124.43000031
N;NORTE;2008-05-13;11878.00000000;139.36000061;7042.00000000;82.62000275
NE;NORDESTE;2008-05-13;6246.00000000;87.94000244;6246.00000000;87.94000244
S;SUL;2008-05-13;8745.00000000;118.40000153;8708.00000000;117.90000153
SE;SUDESTE;2008-05-13;35662.00000000;123.98999786;34503.00000000;119.95999908
N;NORTE;2008-05-14;11406.00000000;133.83000183;8070.00000000;94.68000031
NE;NORDESTE;2008-05-14;5947.00000000;83.73000336;5947.00000000;83.73000336
S;SUL;2008-05-14;8152.00000000;110.37000275;8113.00000000;109.84999847
SE;SUDESTE;2008-05-14;34724.00000000;120.73000336;34320.00000000;119.31999969
N;NORTE;2008-05-15;11084.00000000;130.05000305;8258.00000000;96.88999939
NE;NORDESTE;2008-05-15;5650.00000000;79.55000305;5650.00000000;79.55000305
S;SUL;2008-05-15;7486.00000000;101.36000061;7451.00000000;100.87999725
SE;SUDESTE;2008-05-15;33812.00000000;117.55999756;33480.00000000;116.40000153
N;NORTE;2008-05-16;10851.00000000;127.30999756;7398.00000000;86.80000305
NE;NORDESTE;2008-05-16;5583.00000000;78.61000061;5583.00000000;78.61000061
S;SUL;2008-05-16;7023.00000000;95.08999634;7000.00000000;94.77999878
SE;SUDESTE;2008-05-16;32881.00000000;114.31999969;32537.00000000;113.12999725
N;NORTE;2008-05-17;10527.00000000;123.51000214;6160.00000000;72.27999878
NE;NORDESTE;2008-05-17;5417.00000000;76.26999664;5417.00000000;76.26999664
S;SUL;2008-05-17;6524.00000000;88.33000183;6447.00000000;87.29000092
SE;SUDESTE;2008-05-17;32050.00000000;111.43000031;31648.00000000;110.02999878
N;NORTE;2008-05-18;10049.00000000;117.90000153;5498.00000000;64.51000214
NE;NORDESTE;2008-05-18;5549.00000000;78.12999725;5549.00000000;78.12999725
S;SUL;2008-05-18;5971.00000000;80.83999634;5939.00000000;80.41000366
SE;SUDESTE;2008-05-18;31518.00000000;109.58000183;31195.00000000;108.45999908
N;NORTE;2008-05-19;9570.00000000;112.27999878;5847.00000000;68.59999847
NE;NORDESTE;2008-05-19;5201.00000000;73.23000336;5201.00000000;73.23000336
S;SUL;2008-05-19;5518.00000000;74.70999908;5486.00000000;74.27999878
SE;SUDESTE;2008-05-19;31119.00000000;108.19999695;30838.00000000;107.22000122
N;NORTE;2008-05-20;9058.00000000;106.27999878;7155.00000000;83.94999695
NE;NORDESTE;2008-05-20;5106.00000000;71.88999939;5106.00000000;71.88999939
S;SUL;2008-05-20;5138.00000000;69.56999969;5115.00000000;69.25000000
SE;SUDESTE;2008-05-20;30765.00000000;106.95999908;30357.00000000;105.55000305
N;NORTE;2008-05-21;8653.00000000;101.52999878;8006.00000000;93.93000031
NE;NORDESTE;2008-05-21;4959.00000000;69.81999969;4959.00000000;69.81999969
S;SUL;2008-05-21;4594.00000000;62.20000076;4577.00000000;61.97000122
SE;SUDESTE;2008-05-21;30279.00000000;105.26999664;30016.00000000;104.36000061
N;NORTE;2008-05-22;8358.00000000;98.05999756;6524.00000000;76.55000305
NE;NORDESTE;2008-05-22;4824.00000000;67.91999817;4824.00000000;67.91999817
S;SUL;2008-05-22;4100.00000000;55.50999832;4060.00000000;54.97000122
SE;SUDESTE;2008-05-22;29785.00000000;103.55999756;29616.00000000;102.97000122
N;NORTE;2008-05-23;8109.00000000;95.13999939;4836.00000000;56.74000168
NE;NORDESTE;2008-05-23;4654.00000000;65.52999878;4654.00000000;65.52999878
S;SUL;2008-05-23;3690.00000000;49.95999908;3662.00000000;49.58000183
SE;SUDESTE;2008-05-23;29395.00000000;102.19999695;29134.00000000;101.29000092
N;NORTE;2008-05-24;7885.00000000;92.51000214;4646.00000000;54.50999832
NE;NORDESTE;2008-05-24;4530.00000000;63.77999878;4530.00000000;63.77999878
S;SUL;2008-05-24;3470.00000000;46.97999954;3436.00000000;46.52000046
SE;SUDESTE;2008-05-24;28964.00000000;100.69999695;28704.00000000;99.80000305
N;NORTE;2008-05-25;7657.00000000;89.83999634;6387.00000000;74.94000244
NE;NORDESTE;2008-05-25;4395.00000000;61.88000107;4395.00000000;61.88000107
S;SUL;2008-05-25;3335.00000000;45.15000153;3307.00000000;44.77999878
SE;SUDESTE;2008-05-25;28647.00000000;99.59999847;28477.00000000;99.01000214
N;NORTE;2008-05-26;7333.00000000;86.04000092;7264.00000000;85.23000336
NE;NORDESTE;2008-05-26;4285.00000000;60.33000183;4285.00000000;60.33000183
S;SUL;2008-05-26;3217.00000000;43.56000137;3185.00000000;43.11999893
SE;SUDESTE;2008-05-26;28365.00000000;98.62000275;28158.00000000;97.90000153
N;NORTE;2008-05-27;6908.00000000;81.05000305;6848.00000000;80.34999847
NE;NORDESTE;2008-05-27;4192.00000000;59.02000046;4192.00000000;59.02000046
S;SUL;2008-05-27;3432.00000000;46.47000122;3403.00000000;46.08000183
SE;SUDESTE;2008-05-27;28079.00000000;97.62999725;27876.00000000;96.91999817
N;NORTE;2008-05-28;6698.00000000;78.58999634;6643.00000000;77.94000244
NE;NORDESTE;2008-05-28;4109.00000000;57.84999847;4109.00000000;57.84999847
S;SUL;2008-05-28;3822.00000000;51.75000000;3787.00000000;51.27000046
SE;SUDESTE;2008-05-28;27984.00000000;97.30000305;27848.00000000;96.81999969
N;NORTE;2008-05-29;6355.00000000;74.55999756;6300.00000000;73.91999817
NE;NORDESTE;2008-05-29;4040.00000000;56.88000107;4040.00000000;56.88000107
S;SUL;2008-05-29;4228.00000000;57.25000000;4174.00000000;56.50999832
SE;SUDESTE;2008-05-29;28092.00000000;97.66999817;27953.00000000;97.19000244
N;NORTE;2008-05-30;5980.00000000;70.16000366;5930.00000000;69.58000183
NE;NORDESTE;2008-05-30;3975.00000000;55.97000122;3975.00000000;55.97000122
S;SUL;2008-05-30;4322.00000000;58.52000046;4269.00000000;57.79999924
SE;SUDESTE;2008-05-30;28996.00000000;100.80999756;28711.00000000;99.81999969
N;NORTE;2008-05-31;5716.00000000;67.06999969;5670.00000000;66.52999878
NE;NORDESTE;2008-05-31;3911.00000000;55.06999969;3911.00000000;55.06999969
S;SUL;2008-05-31;4009.00000000;54.27999878;3980.00000000;53.88999939
SE;SUDESTE;2008-05-31;29333.00000000;101.98999786;29212.00000000;101.55999756
N;NORTE;2008-06-01;5590.00000000;139.72999573;5516.00000000;137.88000488
NE;NORDESTE;2008-06-01;3860.00000000;82.27999878;3860.00000000;82.27999878
S;SUL;2008-06-01;3780.00000000;41.97000122;3751.00000000;41.65000153
SE;SUDESTE;2008-06-01;29762.00000000;119.70999908;29695.00000000;119.44000244
N;NORTE;2008-06-02;5214.00000000;130.33000183;5127.00000000;128.16000366
NE;NORDESTE;2008-06-02;3831.00000000;81.66000366;3831.00000000;81.66000366
S;SUL;2008-06-02;3962.00000000;43.99000168;3939.00000000;43.74000168
SE;SUDESTE;2008-06-02;30030.00000000;120.77999878;29948.00000000;120.44999695
N;NORTE;2008-06-03;5103.00000000;127.55999756;5032.00000000;125.77999878
NE;NORDESTE;2008-06-03;3801.00000000;81.01999664;3801.00000000;81.01999664
S;SUL;2008-06-03;5280.00000000;58.63000107;5255.00000000;58.34999847
SE;SUDESTE;2008-06-03;30498.00000000;122.66999817;30423.00000000;122.36000061
N;NORTE;2008-06-04;4933.00000000;123.30999756;4879.00000000;121.95999908
NE;NORDESTE;2008-06-04;3767.00000000;80.29000092;3767.00000000;80.29000092
S;SUL;2008-06-04;6987.00000000;77.58000183;6955.00000000;77.23000336
SE;SUDESTE;2008-06-04;31030.00000000;124.80999756;30900.00000000;124.27999878
N;NORTE;2008-06-05;4700.00000000;117.48000336;4647.00000000;116.16000366
NE;NORDESTE;2008-06-05;3742.00000000;79.76000214;3742.00000000;79.76000214
S;SUL;2008-06-05;7770.00000000;86.27999878;7702.00000000;85.51999664
SE;SUDESTE;2008-06-05;31066.00000000;124.94999695;30752.00000000;123.69000244
N;NORTE;2008-06-06;4468.00000000;111.68000031;4413.00000000;110.30999756
NE;NORDESTE;2008-06-06;3686.00000000;78.56999969;3686.00000000;78.56999969
S;SUL;2008-06-06;7432.00000000;82.51999664;7348.00000000;81.58999634
SE;SUDESTE;2008-06-06;30988.00000000;124.63999939;30649.00000000;123.26999664
N;NORTE;2008-06-07;4396.00000000;109.87999725;4341.00000000;108.51000214
NE;NORDESTE;2008-06-07;3666.00000000;78.13999939;3666.00000000;78.13999939
S;SUL;2008-06-07;7069.00000000;78.48999786;6954.00000000;77.22000122
SE;SUDESTE;2008-06-07;30688.00000000;123.43000031;30582.00000000;123.00000000
N;NORTE;2008-06-08;4053.00000000;101.30999756;3998.00000000;99.94000244
NE;NORDESTE;2008-06-08;3643.00000000;77.65000153;3643.00000000;77.65000153
S;SUL;2008-06-08;6877.00000000;76.36000061;6771.00000000;75.18000031
SE;SUDESTE;2008-06-08;30307.00000000;121.90000153;30231.00000000;121.58999634
N;NORTE;2008-06-09;3893.00000000;97.30999756;3845.00000000;96.11000061
NE;NORDESTE;2008-06-09;3567.00000000;76.02999878;3567.00000000;76.02999878
S;SUL;2008-06-09;7131.00000000;79.18000031;7039.00000000;78.16000366
SE;SUDESTE;2008-06-09;29809.00000000;119.88999939;29541.00000000;118.81999969
N;NORTE;2008-06-10;3692.00000000;92.29000092;3647.00000000;91.16000366
NE;NORDESTE;2008-06-10;3520.00000000;75.02999878;3520.00000000;75.02999878
S;SUL;2008-06-10;7267.00000000;80.69000244;7086.00000000;78.68000031
SE;SUDESTE;2008-06-10;29358.00000000;118.08000183;28993.00000000;116.61000061
N;NORTE;2008-06-11;3509.00000000;87.70999908;3465.00000000;86.61000061
NE;NORDESTE;2008-06-11;3473.00000000;74.02999878;3473.00000000;74.02999878
S;SUL;2008-06-11;6803.00000000;75.54000092;6682.00000000;74.19999695
SE;SUDESTE;2008-06-11;28887.00000000;116.19000244;28590.00000000;114.98999786
N;NORTE;2008-06-12;3408.00000000;85.19000244;3361.00000000;84.01000214
NE;NORDESTE;2008-06-12;3428.00000000;73.06999969;3428.00000000;73.06999969
S;SUL;2008-06-12;7083.00000000;78.65000153;6986.00000000;77.56999969
SE;SUDESTE;2008-06-12;28432.00000000;114.36000061;28316.00000000;113.88999939
N;NORTE;2008-06-13;3418.00000000;85.44000244;3368.00000000;84.19000244
NE;NORDESTE;2008-06-13;3365.00000000;71.73000336;3365.00000000;71.73000336
S;SUL;2008-06-13;8170.00000000;90.72000122;8038.00000000;89.25000000
SE;SUDESTE;2008-06-13;27975.00000000;112.51999664;27945.00000000;112.40000153
N;NORTE;2008-06-14;3435.00000000;85.86000061;3385.00000000;84.61000061
NE;NORDESTE;2008-06-14;3347.00000000;71.33999634;3347.00000000;71.33999634
S;SUL;2008-06-14;9247.00000000;102.68000031;9148.00000000;101.58000183
SE;SUDESTE;2008-06-14;27687.00000000;111.36000061;27660.00000000;111.25000000
N;NORTE;2008-06-15;3483.00000000;87.05999756;3439.00000000;85.95999908
NE;NORDESTE;2008-06-15;3329.00000000;70.95999908;3329.00000000;70.95999908
S;SUL;2008-06-15;10189.00000000;113.13999939;9903.00000000;109.95999908
SE;SUDESTE;2008-06-15;27487.00000000;110.55999756;27457.00000000;110.43000031
N;NORTE;2008-06-16;3511.00000000;87.76000214;3472.00000000;86.79000092
NE;NORDESTE;2008-06-16;3315.00000000;70.66000366;3312.00000000;70.59999847
S;SUL;2008-06-16;9987.00000000;110.88999939;9567.00000000;106.23000336
SE;SUDESTE;2008-06-16;27234.00000000;109.54000092;27201.00000000;109.41000366
N;NORTE;2008-06-17;3515.00000000;87.86000061;3470.00000000;86.73999786
NE;NORDESTE;2008-06-17;3279.00000000;69.88999939;3254.00000000;69.36000061
S;SUL;2008-06-17;9234.00000000;102.52999878;8878.00000000;98.58000183
SE;SUDESTE;2008-06-17;26872.00000000;108.08000183;26813.00000000;107.83999634
N;NORTE;2008-06-18;3555.00000000;88.86000061;3505.00000000;87.61000061
NE;NORDESTE;2008-06-18;3242.00000000;69.09999847;3217.00000000;68.56999969
S;SUL;2008-06-18;8543.00000000;94.86000061;8286.00000000;92.01000214
SE;SUDESTE;2008-06-18;26535.00000000;106.73000336;26486.00000000;106.52999878
N;NORTE;2008-06-19;3442.00000000;86.04000092;3392.00000000;84.79000092
NE;NORDESTE;2008-06-19;3206.00000000;68.33999634;3181.00000000;67.80000305
S;SUL;2008-06-19;7872.00000000;87.41000366;7682.00000000;85.30000305
SE;SUDESTE;2008-06-19;26155.00000000;105.19999695;26077.00000000;104.87999725
N;NORTE;2008-06-20;3308.00000000;82.69000244;3265.00000000;81.61000061
NE;NORDESTE;2008-06-20;3205.00000000;68.31999969;3179.00000000;67.76000214
S;SUL;2008-06-20;7605.00000000;84.44000244;7450.00000000;82.72000122
SE;SUDESTE;2008-06-20;25718.00000000;103.44000244;25699.00000000;103.36000061
N;NORTE;2008-06-21;3208.00000000;80.19000244;3169.00000000;79.20999908
NE;NORDESTE;2008-06-21;3207.00000000;68.36000061;3181.00000000;67.80000305
S;SUL;2008-06-21;7194.00000000;79.87999725;7041.00000000;78.18000031
SE;SUDESTE;2008-06-21;25236.00000000;101.50000000;25219.00000000;101.43000031
N;NORTE;2008-06-22;3048.00000000;76.19000244;3009.00000000;75.20999908
NE;NORDESTE;2008-06-22;3195.00000000;68.09999847;3171.00000000;67.58999634
S;SUL;2008-06-22;7143.00000000;79.30999756;6983.00000000;77.54000092
SE;SUDESTE;2008-06-22;24976.00000000;100.45999908;24953.00000000;100.36000061
N;NORTE;2008-06-23;2886.00000000;72.13999939;2851.00000000;71.26999664
NE;NORDESTE;2008-06-23;3185.00000000;67.88999939;3164.00000000;67.44000244
S;SUL;2008-06-23;6905.00000000;76.66999817;6787.00000000;75.36000061
SE;SUDESTE;2008-06-23;24808.00000000;99.77999878;24770.00000000;99.62999725
N;NORTE;2008-06-24;2804.00000000;70.08999634;2771.00000000;69.26999664
NE;NORDESTE;2008-06-24;3155.00000000;67.25000000;3155.00000000;67.25000000
S;SUL;2008-06-24;6627.00000000;73.58999634;6533.00000000;72.54000092
SE;SUDESTE;2008-06-24;24823.00000000;99.83999634;24719.00000000;99.41999817
N;NORTE;2008-06-25;2756.00000000;68.88999939;2716.00000000;67.88999939
NE;NORDESTE;2008-06-25;3130.00000000;66.72000122;3130.00000000;66.72000122
S;SUL;2008-06-25;6506.00000000;72.23999786;6427.00000000;71.36000061
SE;SUDESTE;2008-06-25;24853.00000000;99.95999908;24715.00000000;99.41000366
N;NORTE;2008-06-26;2673.00000000;66.81999969;2628.00000000;65.69000244
NE;NORDESTE;2008-06-26;3125.00000000;66.61000061;3125.00000000;66.61000061
S;SUL;2008-06-26;7205.00000000;80.00000000;7129.00000000;79.16000366
SE;SUDESTE;2008-06-26;24789.00000000;99.69999695;24709.00000000;99.37999725
N;NORTE;2008-06-27;2589.00000000;64.72000122;2546.00000000;63.63999939
NE;NORDESTE;2008-06-27;3124.00000000;66.58999634;3124.00000000;66.58999634
S;SUL;2008-06-27;9960.00000000;110.58999634;9876.00000000;109.66000366
SE;SUDESTE;2008-06-27;24665.00000000;99.19999695;24603.00000000;98.95999908
N;NORTE;2008-06-28;2552.00000000;63.79000092;2513.00000000;62.81999969
NE;NORDESTE;2008-06-28;3097.00000000;66.01000214;3097.00000000;66.01000214
S;SUL;2008-06-28;15161.00000000;168.35000610;15059.00000000;167.21000671
SE;SUDESTE;2008-06-28;24593.00000000;98.91999817;24559.00000000;98.77999878
N;NORTE;2008-06-29;2461.00000000;61.52000046;2433.00000000;60.81999969
NE;NORDESTE;2008-06-29;3081.00000000;65.66999817;3081.00000000;65.66999817
S;SUL;2008-06-29;19585.00000000;217.47000122;19109.00000000;212.17999268
SE;SUDESTE;2008-06-29;24481.00000000;98.45999908;24438.00000000;98.29000092
N;NORTE;2008-06-30;2412.00000000;60.29000092;2386.00000000;59.63999939
NE;NORDESTE;2008-06-30;3052.00000000;65.05000305;3052.00000000;65.05000305
S;SUL;2008-06-30;15114.00000000;167.82000732;14724.00000000;163.49000549
SE;SUDESTE;2008-06-30;24403.00000000;98.15000153;24379.00000000;98.05000305
N;NORTE;2008-07-01;2385.00000000;103.61000061;2359.00000000;102.48000336
NE;NORDESTE;2008-07-01;3022.00000000;78.09999847;3022.00000000;78.09999847
S;SUL;2008-07-01;12625.00000000;134.16999817;12414.00000000;131.92999268
SE;SUDESTE;2008-07-01;24280.00000000;118.11000061;24237.00000000;117.90000153
N;NORTE;2008-07-02;2367.00000000;102.83000183;2335.00000000;101.44000244
NE;NORDESTE;2008-07-02;2995.00000000;77.40000153;2995.00000000;77.40000153
S;SUL;2008-07-02;10906.00000000;115.90000153;10784.00000000;114.59999847
SE;SUDESTE;2008-07-02;24007.00000000;116.77999878;23931.00000000;116.41000366
N;NORTE;2008-07-03;2341.00000000;101.69999695;2308.00000000;100.26999664
NE;NORDESTE;2008-07-03;2951.00000000;76.26000214;2951.00000000;76.26000214
S;SUL;2008-07-03;9979.00000000;106.05000305;9877.00000000;104.95999908
SE;SUDESTE;2008-07-03;23806.00000000;115.80000305;23650.00000000;115.04000092
N;NORTE;2008-07-04;2319.00000000;100.73999786;2290.00000000;99.48000336
NE;NORDESTE;2008-07-04;2941.00000000;76.00000000;2941.00000000;76.00000000
S;SUL;2008-07-04;9620.00000000;102.23000336;9531.00000000;101.29000092
SE;SUDESTE;2008-07-04;23505.00000000;114.33999634;23396.00000000;113.80999756
N;NORTE;2008-07-05;2263.00000000;98.30999756;2241.00000000;97.36000061
NE;NORDESTE;2008-07-05;2909.00000000;75.18000031;2909.00000000;75.18000031
S;SUL;2008-07-05;8682.00000000;92.26000214;8603.00000000;91.43000031
SE;SUDESTE;2008-07-05;23083.00000000;112.27999878;22994.00000000;111.84999847
N;NORTE;2008-07-06;2223.00000000;96.56999969;2185.00000000;94.91999817
NE;NORDESTE;2008-07-06;2904.00000000;75.05000305;2904.00000000;75.05000305
S;SUL;2008-07-06;7813.00000000;83.02999878;7737.00000000;82.22000122
SE;SUDESTE;2008-07-06;22711.00000000;110.47000122;22562.00000000;109.75000000
N;NORTE;2008-07-07;2182.00000000;94.79000092;2138.00000000;92.87999725
NE;NORDESTE;2008-07-07;2916.00000000;75.36000061;2916.00000000;75.36000061
S;SUL;2008-07-07;7038.00000000;74.79000092;6963.00000000;74.00000000
SE;SUDESTE;2008-07-07;22378.00000000;108.84999847;22320.00000000;108.56999969
N;NORTE;2008-07-08;2063.00000000;89.62000275;2040.00000000;88.62000275
NE;NORDESTE;2008-07-08;2883.00000000;74.50000000;2883.00000000;74.50000000
S;SUL;2008-07-08;6616.00000000;70.30999756;6548.00000000;69.58999634
SE;SUDESTE;2008-07-08;21982.00000000;106.93000031;21823.00000000;106.15000153
N;NORTE;2008-07-09;2044.00000000;88.80000305;2030.00000000;88.19000244
NE;NORDESTE;2008-07-09;2860.00000000;73.91000366;2860.00000000;73.91000366
S;SUL;2008-07-09;6067.00000000;64.47000122;6027.00000000;64.05000305
SE;SUDESTE;2008-07-09;21722.00000000;105.66000366;21571.00000000;104.93000031
N;NORTE;2008-07-10;2033.00000000;88.31999969;2019.00000000;87.70999908
NE;NORDESTE;2008-07-10;2851.00000000;73.68000031;2851.00000000;73.68000031
S;SUL;2008-07-10;5904.00000000;62.74000168;5868.00000000;62.36000061
SE;SUDESTE;2008-07-10;21323.00000000;103.72000122;21256.00000000;103.40000153
N;NORTE;2008-07-11;2007.00000000;87.19000244;1993.00000000;86.58000183
NE;NORDESTE;2008-07-11;2817.00000000;72.80000305;2817.00000000;72.80000305
S;SUL;2008-07-11;5405.00000000;57.43999863;5374.00000000;57.11000061
SE;SUDESTE;2008-07-11;20930.00000000;101.80999756;20842.00000000;101.37999725
N;NORTE;2008-07-12;1972.00000000;85.66999817;1950.00000000;84.70999908
NE;NORDESTE;2008-07-12;2820.00000000;72.87999725;2820.00000000;72.87999725
S;SUL;2008-07-12;4988.00000000;53.00999832;4957.00000000;52.68000031
SE;SUDESTE;2008-07-12;20616.00000000;100.27999878;20544.00000000;99.93000031
N;NORTE;2008-07-13;1966.00000000;85.41000366;1944.00000000;84.44999695
NE;NORDESTE;2008-07-13;2820.00000000;72.87999725;2820.00000000;72.87999725
S;SUL;2008-07-13;4718.00000000;50.13999939;4692.00000000;49.86000061
SE;SUDESTE;2008-07-13;20266.00000000;98.58000183;20143.00000000;97.98000336
N;NORTE;2008-07-14;1932.00000000;83.93000031;1907.00000000;82.84999847
NE;NORDESTE;2008-07-14;2812.00000000;72.66999817;2812.00000000;72.66999817
S;SUL;2008-07-14;4583.00000000;48.70000076;4557.00000000;48.43000031
SE;SUDESTE;2008-07-14;19963.00000000;97.11000061;19897.00000000;96.79000092
N;NORTE;2008-07-15;1836.00000000;79.76000214;1802.00000000;78.27999878
NE;NORDESTE;2008-07-15;2803.00000000;72.44000244;2803.00000000;72.44000244
S;SUL;2008-07-15;4397.00000000;46.72999954;4371.00000000;46.45000076
SE;SUDESTE;2008-07-15;19729.00000000;95.97000122;19641.00000000;95.54000092
N;NORTE;2008-07-16;1759.00000000;76.41999817;1729.00000000;75.11000061
NE;NORDESTE;2008-07-16;2771.00000000;71.61000061;2771.00000000;71.61000061
S;SUL;2008-07-16;4201.00000000;44.63999939;4178.00000000;44.40000153
SE;SUDESTE;2008-07-16;19527.00000000;94.98999786;19491.00000000;94.80999756
N;NORTE;2008-07-17;1692.00000000;73.51000214;1664.00000000;72.29000092
NE;NORDESTE;2008-07-17;2792.00000000;72.15000153;2792.00000000;72.15000153
S;SUL;2008-07-17;4137.00000000;43.95999908;4114.00000000;43.72000122
SE;SUDESTE;2008-07-17;19352.00000000;94.12999725;19279.00000000;93.77999878
N;NORTE;2008-07-18;1693.00000000;73.55000305;1663.00000000;72.25000000
NE;NORDESTE;2008-07-18;2792.00000000;72.15000153;2792.00000000;72.15000153
S;SUL;2008-07-18;3876.00000000;41.18999863;3858.00000000;41.00000000
SE;SUDESTE;2008-07-18;19168.00000000;93.23999786;19158.00000000;93.19000244
N;NORTE;2008-07-19;1669.00000000;72.51000214;1636.00000000;71.06999969
NE;NORDESTE;2008-07-19;2793.00000000;72.18000031;2793.00000000;72.18000031
S;SUL;2008-07-19;3694.00000000;39.25999832;3675.00000000;39.04999924
SE;SUDESTE;2008-07-19;18985.00000000;92.34999847;18951.00000000;92.18000031
N;NORTE;2008-07-20;1654.00000000;71.84999847;1636.00000000;71.06999969
NE;NORDESTE;2008-07-20;2745.00000000;70.94000244;2745.00000000;70.94000244
S;SUL;2008-07-20;3546.00000000;37.68000031;3526.00000000;37.47000122
SE;SUDESTE;2008-07-20;18886.00000000;91.87000275;18838.00000000;91.62999725
N;NORTE;2008-07-21;1660.00000000;72.11000061;1644.00000000;71.41999817
NE;NORDESTE;2008-07-21;2711.00000000;70.05999756;2711.00000000;70.05999756
S;SUL;2008-07-21;3703.00000000;39.34999847;3683.00000000;39.13999939
SE;SUDESTE;2008-07-21;18844.00000000;91.66000366;18788.00000000;91.38999939
N;NORTE;2008-07-22;1634.00000000;70.98999786;1618.00000000;70.29000092
NE;NORDESTE;2008-07-22;2678.00000000;69.20999908;2678.00000000;69.20999908
S;SUL;2008-07-22;3988.00000000;42.38000107;3968.00000000;42.16999817
SE;SUDESTE;2008-07-22;18911.00000000;91.98999786;18816.00000000;91.52999878
N;NORTE;2008-07-23;1576.00000000;68.47000122;1560.00000000;67.76999664
NE;NORDESTE;2008-07-23;2659.00000000;68.72000122;2659.00000000;68.72000122
S;SUL;2008-07-23;4313.00000000;45.83000183;4294.00000000;45.63000107
SE;SUDESTE;2008-07-23;18986.00000000;92.34999847;18907.00000000;91.97000122
N;NORTE;2008-07-24;1548.00000000;67.25000000;1528.00000000;66.37999725
NE;NORDESTE;2008-07-24;2649.00000000;68.45999908;2649.00000000;68.45999908
S;SUL;2008-07-24;4829.00000000;51.31999969;4811.00000000;51.13000107
SE;SUDESTE;2008-07-24;19170.00000000;93.25000000;19009.00000000;92.47000122
N;NORTE;2008-07-25;1554.00000000;67.51000214;1533.00000000;66.59999847
NE;NORDESTE;2008-07-25;2651.00000000;68.51000214;2651.00000000;68.51000214
S;SUL;2008-07-25;5128.00000000;54.50000000;5109.00000000;54.29000092
SE;SUDESTE;2008-07-25;19546.00000000;95.08000183;19468.00000000;94.69999695
N;NORTE;2008-07-26;1531.00000000;66.51000214;1512.00000000;65.69000244
NE;NORDESTE;2008-07-26;2655.00000000;68.61000061;2655.00000000;68.61000061
S;SUL;2008-07-26;4981.00000000;52.93000031;4961.00000000;52.72000122
SE;SUDESTE;2008-07-26;19944.00000000;97.01000214;19919.00000000;96.88999939
N;NORTE;2008-07-27;1550.00000000;67.33999634;1534.00000000;66.63999939
NE;NORDESTE;2008-07-27;2660.00000000;68.73999786;2660.00000000;68.73999786
S;SUL;2008-07-27;4742.00000000;50.38999939;4722.00000000;50.18000031
SE;SUDESTE;2008-07-27;20144.00000000;97.98999786;20097.00000000;97.76000214
N;NORTE;2008-07-28;1575.00000000;68.41999817;1559.00000000;67.73000336
NE;NORDESTE;2008-07-28;2660.00000000;68.73999786;2660.00000000;68.73999786
S;SUL;2008-07-28;4487.00000000;47.68000031;4467.00000000;47.47000122
SE;SUDESTE;2008-07-28;20159.00000000;98.05999756;20049.00000000;97.51999664
N;NORTE;2008-07-29;1567.00000000;68.06999969;1552.00000000;67.41999817
NE;NORDESTE;2008-07-29;2659.00000000;68.72000122;2659.00000000;68.72000122
S;SUL;2008-07-29;4376.00000000;46.50000000;4356.00000000;46.29000092
SE;SUDESTE;2008-07-29;19993.00000000;97.25000000;19846.00000000;96.54000092
N;NORTE;2008-07-30;1561.00000000;67.80999756;1550.00000000;67.33999634
NE;NORDESTE;2008-07-30;2658.00000000;68.69000244;2658.00000000;68.69000244
S;SUL;2008-07-30;4356.00000000;46.29000092;4337.00000000;46.09000015
SE;SUDESTE;2008-07-30;19675.00000000;95.70999908;19548.00000000;95.08999634
N;NORTE;2008-07-31;1531.00000000;66.51000214;1526.00000000;66.29000092
NE;NORDESTE;2008-07-31;2658.00000000;68.69000244;2658.00000000;68.69000244
S;SUL;2008-07-31;4327.00000000;45.97999954;4307.00000000;45.77000046
SE;SUDESTE;2008-07-31;19216.00000000;93.47000122;19127.00000000;93.04000092
N;NORTE;2008-08-01;1499.00000000;92.83999634;1494.00000000;92.52999878
NE;NORDESTE;2008-08-01;2651.00000000;78.55999756;2651.00000000;78.55999756
S;SUL;2008-08-01;4628.00000000;54.02999878;4609.00000000;53.81000137
SE;SUDESTE;2008-08-01;18808.00000000;109.76999664;18751.00000000;109.44000244
N;NORTE;2008-08-02;1477.00000000;91.47000122;1466.00000000;90.79000092
NE;NORDESTE;2008-08-02;2668.00000000;79.05999756;2668.00000000;79.05999756
S;SUL;2008-08-02;6242.00000000;72.87000275;6221.00000000;72.62000275
SE;SUDESTE;2008-08-02;18772.00000000;109.55999756;18766.00000000;109.52999878
N;NORTE;2008-08-03;1452.00000000;89.93000031;1437.00000000;89.00000000
NE;NORDESTE;2008-08-03;2676.00000000;79.30000305;2676.00000000;79.30000305
S;SUL;2008-08-03;6653.00000000;77.66999817;6592.00000000;76.95999908
SE;SUDESTE;2008-08-03;19195.00000000;112.02999878;19176.00000000;111.91999817
N;NORTE;2008-08-04;1397.00000000;86.51999664;1384.00000000;85.70999908
NE;NORDESTE;2008-08-04;2668.00000000;79.05999756;2668.00000000;79.05999756
S;SUL;2008-08-04;5996.00000000;70.00000000;5935.00000000;69.29000092
SE;SUDESTE;2008-08-04;19374.00000000;113.08000183;19359.00000000;112.98999786
N;NORTE;2008-08-05;1377.00000000;85.27999878;1370.00000000;84.84999847
NE;NORDESTE;2008-08-05;2667.00000000;79.02999878;2667.00000000;79.02999878
S;SUL;2008-08-05;5093.00000000;59.45999908;5043.00000000;58.86999893
SE;SUDESTE;2008-08-05;19919.00000000;116.26000214;19762.00000000;115.33999634
N;NORTE;2008-08-06;1381.00000000;85.52999878;1372.00000000;84.97000122
NE;NORDESTE;2008-08-06;2654.00000000;78.65000153;2654.00000000;78.65000153
S;SUL;2008-08-06;4823.00000000;56.29999924;4775.00000000;55.74000168
SE;SUDESTE;2008-08-06;20675.00000000;120.66999817;20535.00000000;119.84999847
N;NORTE;2008-08-07;1364.00000000;84.48000336;1355.00000000;83.91999817
NE;NORDESTE;2008-08-07;2641.00000000;78.26000214;2640.00000000;78.23000336
S;SUL;2008-08-07;6710.00000000;78.33000183;6648.00000000;77.61000061
SE;SUDESTE;2008-08-07;21612.00000000;126.13999939;21426.00000000;125.05000305
N;NORTE;2008-08-08;1347.00000000;83.41999817;1337.00000000;82.80000305
NE;NORDESTE;2008-08-08;2631.00000000;77.97000122;2631.00000000;77.97000122
S;SUL;2008-08-08;7825.00000000;91.34999847;7745.00000000;90.41999817
SE;SUDESTE;2008-08-08;23437.00000000;136.78999329;23155.00000000;135.14999390
N;NORTE;2008-08-09;1341.00000000;83.05000305;1330.00000000;82.37000275
NE;NORDESTE;2008-08-09;2622.00000000;77.69999695;2622.00000000;77.69999695
S;SUL;2008-08-09;7901.00000000;92.23999786;7786.00000000;90.88999939
SE;SUDESTE;2008-08-09;24752.00000000;144.47000122;24611.00000000;143.63999939
N;NORTE;2008-08-10;1352.00000000;83.73000336;1342.00000000;83.11000061
NE;NORDESTE;2008-08-10;2615.00000000;77.48999786;2615.00000000;77.48999786
S;SUL;2008-08-10;7574.00000000;88.41999817;7400.00000000;86.38999939
SE;SUDESTE;2008-08-10;26175.00000000;152.77000427;25287.00000000;147.58999634
N;NORTE;2008-08-11;1319.00000000;81.69000244;1310.00000000;81.12999725
NE;NORDESTE;2008-08-11;2604.00000000;77.16999817;2604.00000000;77.16999817
S;SUL;2008-08-11;7509.00000000;87.66000366;7327.00000000;85.54000092
SE;SUDESTE;2008-08-11;27040.00000000;157.82000732;25230.00000000;147.25999451
N;NORTE;2008-08-12;1287.00000000;79.70999908;1283.00000000;79.45999908
NE;NORDESTE;2008-08-12;2587.00000000;76.66000366;2587.00000000;76.66000366
S;SUL;2008-08-12;7513.00000000;87.70999908;7354.00000000;85.84999847
SE;SUDESTE;2008-08-12;28073.00000000;163.85000610;26287.00000000;153.42999268
N;NORTE;2008-08-13;1244.00000000;77.04000092;1244.00000000;77.04000092
NE;NORDESTE;2008-08-13;2574.00000000;76.27999878;2574.00000000;76.27999878
S;SUL;2008-08-13;8184.00000000;95.54000092;7989.00000000;93.26000214
SE;SUDESTE;2008-08-13;27346.00000000;159.61000061;26320.00000000;153.61999512
N;NORTE;2008-08-14;1250.00000000;77.41000366;1246.00000000;77.16999817
NE;NORDESTE;2008-08-14;2534.00000000;75.08999634;2534.00000000;75.08999634
S;SUL;2008-08-14;9217.00000000;107.59999847;8931.00000000;104.26000214
SE;SUDESTE;2008-08-14;25940.00000000;151.39999390;24103.00000000;140.67999268
N;NORTE;2008-08-15;1194.00000000;73.94999695;1188.00000000;73.58000183
NE;NORDESTE;2008-08-15;2523.00000000;74.76999664;2523.00000000;74.76999664
S;SUL;2008-08-15;10917.00000000;127.44999695;10500.00000000;122.58000183
SE;SUDESTE;2008-08-15;26055.00000000;152.07000732;23260.00000000;135.75999451
N;NORTE;2008-08-16;1148.00000000;71.09999847;1141.00000000;70.66000366
NE;NORDESTE;2008-08-16;2485.00000000;73.63999939;2485.00000000;73.63999939
S;SUL;2008-08-16;12184.00000000;142.24000549;11724.00000000;136.86999512
SE;SUDESTE;2008-08-16;26574.00000000;155.10000610;23455.00000000;136.89999390
N;NORTE;2008-08-17;1115.00000000;69.05000305;1107.00000000;68.55999756
NE;NORDESTE;2008-08-17;2481.00000000;73.51999664;2481.00000000;73.51999664
S;SUL;2008-08-17;11513.00000000;134.39999390;11093.00000000;129.50000000
SE;SUDESTE;2008-08-17;27394.00000000;159.88999939;24288.00000000;141.75999451
N;NORTE;2008-08-18;1114.00000000;68.98999786;1107.00000000;68.55999756
NE;NORDESTE;2008-08-18;2453.00000000;72.69000244;2453.00000000;72.69000244
S;SUL;2008-08-18;12059.00000000;140.77999878;11667.00000000;136.19999695
SE;SUDESTE;2008-08-18;27802.00000000;162.27000427;24218.00000000;141.35000610
N;NORTE;2008-08-19;1065.00000000;65.95999908;1058.00000000;65.51999664
NE;NORDESTE;2008-08-19;2439.00000000;72.27999878;2439.00000000;72.27999878
S;SUL;2008-08-19;12401.00000000;144.77000427;11677.00000000;136.32000732
SE;SUDESTE;2008-08-19;26973.00000000;157.42999268;24307.00000000;141.86999512
N;NORTE;2008-08-20;1060.00000000;65.65000153;1055.00000000;65.33999634
NE;NORDESTE;2008-08-20;2455.00000000;72.75000000;2455.00000000;72.75000000
S;SUL;2008-08-20;11014.00000000;128.58000183;10434.00000000;121.80999756
SE;SUDESTE;2008-08-20;24853.00000000;145.05999756;22461.00000000;131.10000610
N;NORTE;2008-08-21;1087.00000000;67.31999969;1082.00000000;67.01000214
NE;NORDESTE;2008-08-21;2441.00000000;72.33999634;2441.00000000;72.33999634
S;SUL;2008-08-21;9781.00000000;114.18000031;9487.00000000;110.75000000
SE;SUDESTE;2008-08-21;22722.00000000;132.61999512;21740.00000000;126.88999939
N;NORTE;2008-08-22;1070.00000000;66.26999664;1067.00000000;66.08000183
NE;NORDESTE;2008-08-22;2435.00000000;72.16000366;2435.00000000;72.16000366
S;SUL;2008-08-22;8928.00000000;104.23000336;8740.00000000;102.02999878
SE;SUDESTE;2008-08-22;21342.00000000;124.55999756;21115.00000000;123.23999786
N;NORTE;2008-08-23;1055.00000000;65.33999634;1055.00000000;65.33999634
NE;NORDESTE;2008-08-23;2430.00000000;72.01000214;2430.00000000;72.01000214
S;SUL;2008-08-23;8366.00000000;97.66000366;8248.00000000;96.29000092
SE;SUDESTE;2008-08-23;20335.00000000;118.69000244;20197.00000000;117.87999725
N;NORTE;2008-08-24;1067.00000000;66.08000183;1063.00000000;65.83000183
NE;NORDESTE;2008-08-24;2426.00000000;71.88999939;2426.00000000;71.88999939
S;SUL;2008-08-24;7833.00000000;91.44000244;7782.00000000;90.84999847
SE;SUDESTE;2008-08-24;19547.00000000;114.08999634;19449.00000000;113.51999664
N;NORTE;2008-08-25;1038.00000000;64.29000092;1030.00000000;63.79000092
NE;NORDESTE;2008-08-25;2403.00000000;71.20999908;2403.00000000;71.20999908
S;SUL;2008-08-25;7411.00000000;86.51999664;7384.00000000;86.19999695
SE;SUDESTE;2008-08-25;18908.00000000;110.36000061;18795.00000000;109.69999695
N;NORTE;2008-08-26;1026.00000000;63.54000092;1019.00000000;63.11000061
NE;NORDESTE;2008-08-26;2395.00000000;70.97000122;2395.00000000;70.97000122
S;SUL;2008-08-26;6984.00000000;81.52999878;6964.00000000;81.30000305
SE;SUDESTE;2008-08-26;18269.00000000;106.62999725;18197.00000000;106.20999908
N;NORTE;2008-08-27;1057.00000000;65.45999908;1049.00000000;64.97000122
NE;NORDESTE;2008-08-27;2386.00000000;70.70999908;2386.00000000;70.70999908
S;SUL;2008-08-27;6474.00000000;75.58000183;6454.00000000;75.33999634
SE;SUDESTE;2008-08-27;17807.00000000;103.93000031;17297.00000000;100.95999908
N;NORTE;2008-08-28;1057.00000000;65.45999908;1053.00000000;65.20999908
NE;NORDESTE;2008-08-28;2365.00000000;70.08999634;2365.00000000;70.08999634
S;SUL;2008-08-28;6079.00000000;70.97000122;6059.00000000;70.73000336
SE;SUDESTE;2008-08-28;17416.00000000;101.65000153;16403.00000000;95.73999786
N;NORTE;2008-08-29;1052.00000000;65.15000153;1052.00000000;65.15000153
NE;NORDESTE;2008-08-29;2349.00000000;69.61000061;2349.00000000;69.61000061
S;SUL;2008-08-29;5558.00000000;64.87999725;5538.00000000;64.65000153
SE;SUDESTE;2008-08-29;16979.00000000;99.09999847;15959.00000000;93.15000153
N;NORTE;2008-08-30;1106.00000000;68.50000000;1106.00000000;68.50000000
NE;NORDESTE;2008-08-30;2327.00000000;68.95999908;2327.00000000;68.95999908
S;SUL;2008-08-30;5127.00000000;59.84999847;5107.00000000;59.61999893
SE;SUDESTE;2008-08-30;16624.00000000;97.02999878;15623.00000000;91.19000244
N;NORTE;2008-08-31;1118.00000000;69.23999786;1112.00000000;68.87000275
NE;NORDESTE;2008-08-31;2308.00000000;68.40000153;2308.00000000;68.40000153
S;SUL;2008-08-31;4703.00000000;54.90000153;4682.00000000;54.65999985
SE;SUDESTE;2008-08-31;16275.00000000;94.98999786;15354.00000000;89.62000275
N;NORTE;2008-09-01;1104.00000000;86.50000000;1092.00000000;85.55999756
NE;NORDESTE;2008-09-01;2282.00000000;75.66000366;2282.00000000;75.66000366
S;SUL;2008-09-01;4403.00000000;44.11999893;4383.00000000;43.91999817
SE;SUDESTE;2008-09-01;16016.00000000;94.25000000;15098.00000000;88.84999847
N;NORTE;2008-09-02;1097.00000000;85.94999695;1084.00000000;84.93000031
NE;NORDESTE;2008-09-02;2269.00000000;75.23000336;2260.00000000;74.93000031
S;SUL;2008-09-02;4210.00000000;42.18999863;4190.00000000;41.99000168
SE;SUDESTE;2008-09-02;15781.00000000;92.87000275;14805.00000000;87.12000275
N;NORTE;2008-09-03;1058.00000000;82.88999939;1055.00000000;82.66000366
NE;NORDESTE;2008-09-03;2142.00000000;71.01999664;2142.00000000;71.01999664
S;SUL;2008-09-03;4027.00000000;40.34999847;4007.00000000;40.15000153
SE;SUDESTE;2008-09-03;15584.00000000;91.70999908;14507.00000000;85.37000275
N;NORTE;2008-09-04;1033.00000000;80.93000031;1033.00000000;80.93000031
NE;NORDESTE;2008-09-04;2032.00000000;67.37000275;2018.00000000;66.90000153
S;SUL;2008-09-04;4035.00000000;40.43000031;4015.00000000;40.22999954
SE;SUDESTE;2008-09-04;15370.00000000;90.44999695;14438.00000000;84.95999908
N;NORTE;2008-09-05;1013.00000000;79.37000275;1013.00000000;79.37000275
NE;NORDESTE;2008-09-05;2024.00000000;67.09999847;2000.00000000;66.30999756
S;SUL;2008-09-05;4430.00000000;44.38999939;4410.00000000;44.18999863
SE;SUDESTE;2008-09-05;15201.00000000;89.45999908;14302.00000000;84.16000366
N;NORTE;2008-09-06;987.00000000;77.33000183;987.00000000;77.33000183
NE;NORDESTE;2008-09-06;2023.00000000;67.06999969;1999.00000000;66.26999664
S;SUL;2008-09-06;7579.00000000;75.94000244;7382.00000000;73.97000122
SE;SUDESTE;2008-09-06;15070.00000000;88.68000031;14182.00000000;83.45999908
N;NORTE;2008-09-07;977.00000000;76.55000305;977.00000000;76.55000305
NE;NORDESTE;2008-09-07;2027.00000000;67.19999695;2003.00000000;66.41000366
S;SUL;2008-09-07;9009.00000000;90.26999664;8530.00000000;85.47000122
SE;SUDESTE;2008-09-07;14923.00000000;87.81999969;14050.00000000;82.68000031
N;NORTE;2008-09-08;1006.00000000;78.81999969;1006.00000000;78.81999969
NE;NORDESTE;2008-09-08;2044.00000000;67.76999664;2034.00000000;67.43000031
S;SUL;2008-09-08;7097.00000000;71.11000061;6872.00000000;68.86000061
SE;SUDESTE;2008-09-08;14781.00000000;86.98000336;14309.00000000;84.20999908
N;NORTE;2008-09-09;992.00000000;77.72000122;992.00000000;77.72000122
NE;NORDESTE;2008-09-09;2055.00000000;68.12999725;2055.00000000;68.12999725
S;SUL;2008-09-09;6398.00000000;64.11000061;6315.00000000;63.27999878
SE;SUDESTE;2008-09-09;14739.00000000;86.73999786;14482.00000000;85.22000122
N;NORTE;2008-09-10;955.00000000;74.81999969;955.00000000;74.81999969
NE;NORDESTE;2008-09-10;2056.00000000;68.16000366;2056.00000000;68.16000366
S;SUL;2008-09-10;6488.00000000;65.01000214;6463.00000000;64.76000214
SE;SUDESTE;2008-09-10;14694.00000000;86.47000122;14434.00000000;84.94000244
N;NORTE;2008-09-11;915.00000000;71.69000244;910.00000000;71.30000305
NE;NORDESTE;2008-09-11;2058.00000000;68.23000336;2058.00000000;68.23000336
S;SUL;2008-09-11;6844.00000000;68.58000183;6814.00000000;68.27999878
SE;SUDESTE;2008-09-11;14554.00000000;85.65000153;14299.00000000;84.15000153
N;NORTE;2008-09-12;868.00000000;68.01000214;865.00000000;67.76999664
NE;NORDESTE;2008-09-12;2059.00000000;68.26000214;2059.00000000;68.26000214
S;SUL;2008-09-12;12446.00000000;124.70999908;12372.00000000;123.97000122
SE;SUDESTE;2008-09-12;14490.00000000;85.26999664;14310.00000000;84.20999908
N;NORTE;2008-09-13;791.00000000;61.97000122;791.00000000;61.97000122
NE;NORDESTE;2008-09-13;2085.00000000;69.12999725;2085.00000000;69.12999725
S;SUL;2008-09-13;15255.00000000;152.86000061;14766.00000000;147.96000671
SE;SUDESTE;2008-09-13;14487.00000000;85.25000000;14405.00000000;84.76999664
N;NORTE;2008-09-14;724.00000000;56.72000122;724.00000000;56.72000122
NE;NORDESTE;2008-09-14;2087.00000000;69.19000244;2087.00000000;69.19000244
S;SUL;2008-09-14;13809.00000000;138.36999512;12672.00000000;126.98000336
SE;SUDESTE;2008-09-14;14543.00000000;85.58000183;14478.00000000;85.19999695
N;NORTE;2008-09-15;702.00000000;55.00000000;702.00000000;55.00000000
NE;NORDESTE;2008-09-15;2046.00000000;67.83000183;2046.00000000;67.83000183
S;SUL;2008-09-15;11290.00000000;113.12999725;10619.00000000;106.41000366
SE;SUDESTE;2008-09-15;14694.00000000;86.47000122;14641.00000000;86.16000366
N;NORTE;2008-09-16;724.00000000;56.72000122;724.00000000;56.72000122
NE;NORDESTE;2008-09-16;1971.00000000;65.34999847;1971.00000000;65.34999847
S;SUL;2008-09-16;9226.00000000;92.44999695;8914.00000000;89.31999969
SE;SUDESTE;2008-09-16;14914.00000000;87.76999664;14799.00000000;87.08999634
N;NORTE;2008-09-17;732.00000000;57.34999847;732.00000000;57.34999847
NE;NORDESTE;2008-09-17;1906.00000000;63.18999863;1906.00000000;63.18999863
S;SUL;2008-09-17;7922.00000000;79.37999725;7812.00000000;78.27999878
SE;SUDESTE;2008-09-17;15092.00000000;88.80999756;14941.00000000;87.91999817
N;NORTE;2008-09-18;806.00000000;63.15000153;806.00000000;63.15000153
NE;NORDESTE;2008-09-18;1885.00000000;62.49000168;1885.00000000;62.49000168
S;SUL;2008-09-18;7045.00000000;70.58999634;6995.00000000;70.08999634
SE;SUDESTE;2008-09-18;15246.00000000;89.72000122;15115.00000000;88.94999695
N;NORTE;2008-09-19;828.00000000;64.87000275;828.00000000;64.87000275
NE;NORDESTE;2008-09-19;1891.00000000;62.68999863;1890.00000000;62.65999985
S;SUL;2008-09-19;6394.00000000;64.06999969;6375.00000000;63.88000107
SE;SUDESTE;2008-09-19;15528.00000000;91.37999725;15400.00000000;90.62999725
N;NORTE;2008-09-20;862.00000000;67.54000092;862.00000000;67.54000092
NE;NORDESTE;2008-09-20;1925.00000000;63.81999969;1896.00000000;62.86000061
S;SUL;2008-09-20;6126.00000000;61.38000107;6106.00000000;61.18000031
SE;SUDESTE;2008-09-20;15814.00000000;93.05999756;15692.00000000;92.33999634
N;NORTE;2008-09-21;883.00000000;69.18000031;883.00000000;69.18000031
NE;NORDESTE;2008-09-21;1970.00000000;65.30999756;1946.00000000;64.51999664
S;SUL;2008-09-21;5969.00000000;59.81000137;5945.00000000;59.56999969
SE;SUDESTE;2008-09-21;16203.00000000;95.34999847;16075.00000000;94.59999847
N;NORTE;2008-09-22;932.00000000;73.01999664;932.00000000;73.01999664
NE;NORDESTE;2008-09-22;1994.00000000;66.11000061;1972.00000000;65.37999725
S;SUL;2008-09-22;5897.00000000;59.09000015;5891.00000000;59.02999878
SE;SUDESTE;2008-09-22;16510.00000000;97.16000366;16462.00000000;96.87999725
N;NORTE;2008-09-23;922.00000000;72.23999786;922.00000000;72.23999786
NE;NORDESTE;2008-09-23;1985.00000000;65.80999756;1985.00000000;65.80999756
S;SUL;2008-09-23;5661.00000000;56.72999954;5641.00000000;56.52999878
SE;SUDESTE;2008-09-23;16860.00000000;99.22000122;16756.00000000;98.61000061
N;NORTE;2008-09-24;968.00000000;75.83999634;968.00000000;75.83999634
NE;NORDESTE;2008-09-24;1949.00000000;64.62000275;1949.00000000;64.62000275
S;SUL;2008-09-24;5391.00000000;54.02000046;5371.00000000;53.81999969
SE;SUDESTE;2008-09-24;17082.00000000;100.51999664;16951.00000000;99.75000000
N;NORTE;2008-09-25;957.00000000;74.98000336;957.00000000;74.98000336
NE;NORDESTE;2008-09-25;1854.00000000;61.47000122;1854.00000000;61.47000122
S;SUL;2008-09-25;4980.00000000;49.90000153;4960.00000000;49.70000076
SE;SUDESTE;2008-09-25;17236.00000000;101.43000031;16979.00000000;99.91999817
N;NORTE;2008-09-26;930.00000000;72.86000061;930.00000000;72.86000061
NE;NORDESTE;2008-09-26;1846.00000000;61.20000076;1846.00000000;61.20000076
S;SUL;2008-09-26;4698.00000000;47.08000183;4679.00000000;46.88999939
SE;SUDESTE;2008-09-26;17299.00000000;101.80000305;16936.00000000;99.66999817
N;NORTE;2008-09-27;932.00000000;73.01999664;932.00000000;73.01999664
NE;NORDESTE;2008-09-27;1843.00000000;61.09999847;1843.00000000;61.09999847
S;SUL;2008-09-27;4343.00000000;43.52000046;4323.00000000;43.31999969
SE;SUDESTE;2008-09-27;17335.00000000;102.01000214;16979.00000000;99.91999817
N;NORTE;2008-09-28;912.00000000;71.44999695;912.00000000;71.44999695
NE;NORDESTE;2008-09-28;1886.00000000;62.52999878;1886.00000000;62.52999878
S;SUL;2008-09-28;4175.00000000;41.84000015;4153.00000000;41.61000061
SE;SUDESTE;2008-09-28;17398.00000000;102.37999725;17258.00000000;101.55999756
N;NORTE;2008-09-29;872.00000000;68.31999969;872.00000000;68.31999969
NE;NORDESTE;2008-09-29;1936.00000000;64.19000244;1936.00000000;64.19000244
S;SUL;2008-09-29;4499.00000000;45.08000183;4475.00000000;44.84000015
SE;SUDESTE;2008-09-29;17473.00000000;102.83000183;17235.00000000;101.41999817
N;NORTE;2008-09-30;872.00000000;68.31999969;872.00000000;68.31999969
NE;NORDESTE;2008-09-30;2011.00000000;66.66999817;2011.00000000;66.66999817
S;SUL;2008-09-30;4564.00000000;45.72999954;4537.00000000;45.45999908
SE;SUDESTE;2008-09-30;17750.00000000;104.45999908;17306.00000000;101.83999634
N;NORTE;2008-10-01;881.00000000;61.75000000;881.00000000;61.75000000
NE;NORDESTE;2008-10-01;2088.00000000;63.43999863;2088.00000000;63.43999863
S;SUL;2008-10-01;5028.00000000;43.95000076;5004.00000000;43.74000168
SE;SUDESTE;2008-10-01;18431.00000000;90.76000214;18125.00000000;89.26000214
N;NORTE;2008-10-02;839.00000000;58.81000137;839.00000000;58.81000137
NE;NORDESTE;2008-10-02;2166.00000000;65.80000305;2166.00000000;65.80000305
S;SUL;2008-10-02;5967.00000000;52.15999985;5945.00000000;51.97000122
SE;SUDESTE;2008-10-02;19765.00000000;97.33000183;19547.00000000;96.26000214
N;NORTE;2008-10-03;861.00000000;60.34999847;861.00000000;60.34999847
NE;NORDESTE;2008-10-03;2328.00000000;70.73000336;2328.00000000;70.73000336
S;SUL;2008-10-03;6363.00000000;55.61999893;6331.00000000;55.34000015
SE;SUDESTE;2008-10-03;21626.00000000;106.50000000;21415.00000000;105.45999908
N;NORTE;2008-10-04;889.00000000;62.31000137;889.00000000;62.31000137
NE;NORDESTE;2008-10-04;2417.00000000;73.43000031;2417.00000000;73.43000031
S;SUL;2008-10-04;9968.00000000;87.12999725;9945.00000000;86.93000031
SE;SUDESTE;2008-10-04;23354.00000000;115.01000214;23268.00000000;114.58000183
N;NORTE;2008-10-05;898.00000000;62.93999863;898.00000000;62.93999863
NE;NORDESTE;2008-10-05;2478.00000000;75.27999878;2478.00000000;75.27999878
S;SUL;2008-10-05;17796.00000000;155.55999756;17743.00000000;155.10000610
SE;SUDESTE;2008-10-05;25639.00000000;126.26000214;25609.00000000;126.11000061
N;NORTE;2008-10-06;922.00000000;64.62999725;922.00000000;64.62999725
NE;NORDESTE;2008-10-06;2523.00000000;76.65000153;2523.00000000;76.65000153
S;SUL;2008-10-06;18087.00000000;158.11000061;17498.00000000;152.96000671
SE;SUDESTE;2008-10-06;27236.00000000;134.11999512;26905.00000000;132.49000549
N;NORTE;2008-10-07;965.00000000;67.63999939;965.00000000;67.63999939
NE;NORDESTE;2008-10-07;2543.00000000;77.26000214;2543.00000000;77.26000214
S;SUL;2008-10-07;16517.00000000;144.38000488;15849.00000000;138.53999329
SE;SUDESTE;2008-10-07;27619.00000000;136.00999451;27392.00000000;134.88999939
N;NORTE;2008-10-08;991.00000000;69.45999908;991.00000000;69.45999908
NE;NORDESTE;2008-10-08;2560.00000000;77.76999664;2560.00000000;77.76999664
S;SUL;2008-10-08;13969.00000000;122.11000061;13689.00000000;119.66000366
SE;SUDESTE;2008-10-08;26693.00000000;131.44999695;26517.00000000;130.58000183
N;NORTE;2008-10-09;1025.00000000;71.84999847;1025.00000000;71.84999847
NE;NORDESTE;2008-10-09;2557.00000000;77.68000031;2557.00000000;77.68000031
S;SUL;2008-10-09;12132.00000000;106.05000305;12069.00000000;105.50000000
SE;SUDESTE;2008-10-09;26042.00000000;128.25000000;25808.00000000;127.08999634
N;NORTE;2008-10-10;1065.00000000;74.65000153;1065.00000000;74.65000153
NE;NORDESTE;2008-10-10;2565.00000000;77.93000031;2565.00000000;77.93000031
S;SUL;2008-10-10;11221.00000000;98.08999634;11200.00000000;97.90000153
SE;SUDESTE;2008-10-10;24887.00000000;122.55999756;24571.00000000;121.00000000
N;NORTE;2008-10-11;1091.00000000;76.47000122;1091.00000000;76.47000122
NE;NORDESTE;2008-10-11;2564.00000000;77.90000153;2564.00000000;77.90000153
S;SUL;2008-10-11;10762.00000000;94.08000183;10737.00000000;93.86000061
SE;SUDESTE;2008-10-11;23428.00000000;115.37000275;23218.00000000;114.33999634
N;NORTE;2008-10-12;1084.00000000;75.98000336;1084.00000000;75.98000336
NE;NORDESTE;2008-10-12;2567.00000000;77.98999786;2567.00000000;77.98999786
S;SUL;2008-10-12;10400.00000000;90.91000366;10381.00000000;90.75000000
SE;SUDESTE;2008-10-12;21987.00000000;108.27999878;21819.00000000;107.44999695
N;NORTE;2008-10-13;1056.00000000;74.01999664;1056.00000000;74.01999664
NE;NORDESTE;2008-10-13;2549.00000000;77.44000244;2549.00000000;77.44000244
S;SUL;2008-10-13;10406.00000000;90.95999908;10386.00000000;90.79000092
SE;SUDESTE;2008-10-13;20735.00000000;102.11000061;20551.00000000;101.19999695
N;NORTE;2008-10-14;1049.00000000;73.52999878;1044.00000000;73.18000031
NE;NORDESTE;2008-10-14;2495.00000000;75.80000305;2495.00000000;75.80000305
S;SUL;2008-10-14;11504.00000000;100.55999756;11476.00000000;100.31999969
SE;SUDESTE;2008-10-14;19696.00000000;96.98999786;19353.00000000;95.30000305
N;NORTE;2008-10-15;998.00000000;69.94999695;982.00000000;68.83000183
NE;NORDESTE;2008-10-15;2404.00000000;73.04000092;2404.00000000;73.04000092
S;SUL;2008-10-15;12999.00000000;113.62999725;12792.00000000;111.81999969
SE;SUDESTE;2008-10-15;18832.00000000;92.73999786;18446.00000000;90.83999634
N;NORTE;2008-10-16;948.00000000;66.44999695;934.00000000;65.47000122
NE;NORDESTE;2008-10-16;2296.00000000;69.75000000;2296.00000000;69.75000000
S;SUL;2008-10-16;15274.00000000;133.52000427;14633.00000000;127.91000366
SE;SUDESTE;2008-10-16;18255.00000000;89.90000153;17667.00000000;87.00000000
N;NORTE;2008-10-17;894.00000000;62.65999985;883.00000000;61.88999939
NE;NORDESTE;2008-10-17;2161.00000000;65.65000153;2161.00000000;65.65000153
S;SUL;2008-10-17;17563.00000000;153.52999878;17161.00000000;150.00999451
SE;SUDESTE;2008-10-17;17820.00000000;87.76000214;17533.00000000;86.33999634
N;NORTE;2008-10-18;857.00000000;60.06999969;852.00000000;59.72000122
NE;NORDESTE;2008-10-18;2040.00000000;61.97999954;2040.00000000;61.97999954
S;SUL;2008-10-18;22209.00000000;194.13999939;20579.00000000;179.88999939
SE;SUDESTE;2008-10-18;17601.00000000;86.68000031;17505.00000000;86.19999695
N;NORTE;2008-10-19;786.00000000;55.09000015;786.00000000;55.09000015
NE;NORDESTE;2008-10-19;1927.00000000;58.54000092;1927.00000000;58.54000092
S;SUL;2008-10-19;21846.00000000;190.97000122;19880.00000000;173.77999878
SE;SUDESTE;2008-10-19;17566.00000000;86.50000000;17459.00000000;85.98000336
N;NORTE;2008-10-20;801.00000000;56.15000153;801.00000000;56.15000153
NE;NORDESTE;2008-10-20;1855.00000000;56.36000061;1855.00000000;56.36000061
S;SUL;2008-10-20;19089.00000000;166.86999512;17684.00000000;154.58000183
SE;SUDESTE;2008-10-20;17659.00000000;86.95999908;17568.00000000;86.51000214
N;NORTE;2008-10-21;809.00000000;56.70999908;809.00000000;56.70999908
NE;NORDESTE;2008-10-21;1807.00000000;54.90000153;1807.00000000;54.90000153
S;SUL;2008-10-21;16592.00000000;145.03999329;15371.00000000;134.36000061
SE;SUDESTE;2008-10-21;17949.00000000;88.38999939;17741.00000000;87.37000275
N;NORTE;2008-10-22;871.00000000;61.04999924;871.00000000;61.04999924
NE;NORDESTE;2008-10-22;1802.00000000;54.75000000;1802.00000000;54.75000000
S;SUL;2008-10-22;15183.00000000;132.72000122;14281.00000000;124.83999634
SE;SUDESTE;2008-10-22;17961.00000000;88.44999695;17697.00000000;87.15000153
N;NORTE;2008-10-23;900.00000000;63.09000015;900.00000000;63.09000015
NE;NORDESTE;2008-10-23;1855.00000000;56.36000061;1855.00000000;56.36000061
S;SUL;2008-10-23;15815.00000000;138.25000000;14799.00000000;129.36000061
SE;SUDESTE;2008-10-23;17901.00000000;88.15000153;17654.00000000;86.94000244
N;NORTE;2008-10-24;950.00000000;66.58999634;950.00000000;66.58999634
NE;NORDESTE;2008-10-24;1933.00000000;58.72999954;1933.00000000;58.72999954
S;SUL;2008-10-24;19616.00000000;171.47000122;17193.00000000;150.28999329
SE;SUDESTE;2008-10-24;17732.00000000;87.31999969;17499.00000000;86.16999817
N;NORTE;2008-10-25;954.00000000;66.87000275;954.00000000;66.87000275
NE;NORDESTE;2008-10-25;1991.00000000;60.49000168;1991.00000000;60.49000168
S;SUL;2008-10-25;26704.00000000;233.42999268;20495.00000000;179.16000366
SE;SUDESTE;2008-10-25;17519.00000000;86.26999664;17368.00000000;85.52999878
N;NORTE;2008-10-26;947.00000000;66.37999725;947.00000000;66.37999725
NE;NORDESTE;2008-10-26;2007.00000000;60.97000122;2007.00000000;60.97000122
S;SUL;2008-10-26;48627.00000000;425.07000732;33916.00000000;296.48001099
SE;SUDESTE;2008-10-26;17298.00000000;85.18000031;17196.00000000;84.68000031
N;NORTE;2008-10-27;883.00000000;61.88999939;883.00000000;61.88999939
NE;NORDESTE;2008-10-27;2001.00000000;60.79000092;2001.00000000;60.79000092
S;SUL;2008-10-27;43205.00000000;377.67001343;21963.00000000;191.99000549
SE;SUDESTE;2008-10-27;17111.00000000;84.26000214;16948.00000000;83.45999908
N;NORTE;2008-10-28;800.00000000;56.08000183;800.00000000;56.08000183
NE;NORDESTE;2008-10-28;1987.00000000;60.36999893;1987.00000000;60.36999893
S;SUL;2008-10-28;28206.00000000;246.55999756;17008.00000000;148.66999817
SE;SUDESTE;2008-10-28;17056.00000000;83.98999786;16707.00000000;82.26999664
N;NORTE;2008-10-29;756.00000000;52.99000168;756.00000000;52.99000168
NE;NORDESTE;2008-10-29;1939.00000000;58.90999985;1939.00000000;58.90999985
S;SUL;2008-10-29;27771.00000000;242.75999451;17725.00000000;154.94000244
SE;SUDESTE;2008-10-29;17192.00000000;84.66000366;16805.00000000;82.76000214
N;NORTE;2008-10-30;715.00000000;50.11999893;715.00000000;50.11999893
NE;NORDESTE;2008-10-30;1855.00000000;56.36000061;1855.00000000;56.36000061
S;SUL;2008-10-30;31240.00000000;273.07998657;17100.00000000;149.47999573
SE;SUDESTE;2008-10-30;17428.00000000;85.81999969;17177.00000000;84.58999634
N;NORTE;2008-10-31;686.00000000;48.08000183;686.00000000;48.08000183
NE;NORDESTE;2008-10-31;1726.00000000;52.43999863;1715.00000000;52.09999847
S;SUL;2008-10-31;27239.00000000;238.11000061;18368.00000000;160.55999756
SE;SUDESTE;2008-10-31;17700.00000000;87.16000366;17523.00000000;86.29000092
N;NORTE;2008-11-01;739.00000000;31.37999916;739.00000000;31.37999916
NE;NORDESTE;2008-11-01;1559.00000000;28.96999931;1535.00000000;28.53000069
S;SUL;2008-11-01;24211.00000000;300.33999634;17529.00000000;217.44999695
SE;SUDESTE;2008-11-01;18197.00000000;69.94000244;17113.00000000;65.77999878
N;NORTE;2008-11-02;786.00000000;33.38000107;786.00000000;33.38000107
NE;NORDESTE;2008-11-02;1395.00000000;25.92000008;1371.00000000;25.47999954
S;SUL;2008-11-02;31906.00000000;395.79998779;18584.00000000;230.53999329
SE;SUDESTE;2008-11-02;18758.00000000;72.09999847;15903.00000000;61.13000107
N;NORTE;2008-11-03;858.00000000;36.43999863;858.00000000;36.43999863
NE;NORDESTE;2008-11-03;1328.00000000;24.68000031;1302.00000000;24.20000076
S;SUL;2008-11-03;34023.00000000;422.05999756;14601.00000000;181.13000488
SE;SUDESTE;2008-11-03;19643.00000000;75.50000000;18689.00000000;71.83999634
N;NORTE;2008-11-04;916.00000000;38.90000153;916.00000000;38.90000153
NE;NORDESTE;2008-11-04;1330.00000000;24.71999931;1305.00000000;24.25000000
S;SUL;2008-11-04;28314.00000000;351.23999023;14898.00000000;184.80999756
SE;SUDESTE;2008-11-04;20626.00000000;79.27999878;20468.00000000;78.66999817
N;NORTE;2008-11-05;980.00000000;41.61999893;980.00000000;41.61999893
NE;NORDESTE;2008-11-05;1379.00000000;25.62999916;1366.00000000;25.38999939
S;SUL;2008-11-05;23909.00000000;296.58999634;14252.00000000;176.80000305
SE;SUDESTE;2008-11-05;21344.00000000;82.04000092;21241.00000000;81.63999939
N;NORTE;2008-11-06;1007.00000000;42.77000046;1007.00000000;42.77000046
NE;NORDESTE;2008-11-06;1435.00000000;26.67000008;1414.00000000;26.28000069
S;SUL;2008-11-06;22907.00000000;284.16000366;11306.00000000;140.25000000
SE;SUDESTE;2008-11-06;22871.00000000;87.91000366;22652.00000000;87.06999969
N;NORTE;2008-11-07;1062.00000000;45.09999847;1062.00000000;45.09999847
NE;NORDESTE;2008-11-07;1481.00000000;27.52000046;1454.00000000;27.02000046
S;SUL;2008-11-07;22087.00000000;273.98999023;13737.00000000;170.41000366
SE;SUDESTE;2008-11-07;23269.00000000;89.44000244;21914.00000000;84.23000336
N;NORTE;2008-11-08;1081.00000000;45.90999985;1081.00000000;45.90999985
NE;NORDESTE;2008-11-08;1502.00000000;27.90999985;1489.00000000;27.67000008
S;SUL;2008-11-08;19183.00000000;237.97000122;10806.00000000;134.05000305
SE;SUDESTE;2008-11-08;23398.00000000;89.94000244;21551.00000000;82.83999634
N;NORTE;2008-11-09;1111.00000000;47.18000031;1111.00000000;47.18000031
NE;NORDESTE;2008-11-09;1483.00000000;27.55999947;1468.00000000;27.28000069
S;SUL;2008-11-09;17089.00000000;211.99000549;10933.00000000;135.61999512
SE;SUDESTE;2008-11-09;24554.00000000;94.37999725;21862.00000000;84.02999878
N;NORTE;2008-11-10;1151.00000000;48.88000107;1151.00000000;48.88000107
NE;NORDESTE;2008-11-10;1468.00000000;27.28000069;1468.00000000;27.28000069
S;SUL;2008-11-10;17282.00000000;214.38000488;10203.00000000;126.56999969
SE;SUDESTE;2008-11-10;25011.00000000;96.13999939;23594.00000000;90.69000244
N;NORTE;2008-11-11;1170.00000000;49.68999863;1170.00000000;49.68999863
NE;NORDESTE;2008-11-11;1455.00000000;27.04000092;1455.00000000;27.04000092
S;SUL;2008-11-11;16912.00000000;209.78999329;10836.00000000;134.41999817
SE;SUDESTE;2008-11-11;25781.00000000;99.08999634;25114.00000000;96.52999878
N;NORTE;2008-11-12;1184.00000000;50.27999878;1184.00000000;50.27999878
NE;NORDESTE;2008-11-12;1471.00000000;27.34000015;1471.00000000;27.34000015
S;SUL;2008-11-12;21079.00000000;261.48999023;9075.00000000;112.58000183
SE;SUDESTE;2008-11-12;25810.00000000;99.20999908;24456.00000000;94.00000000
N;NORTE;2008-11-13;1192.00000000;50.61999893;1192.00000000;50.61999893
NE;NORDESTE;2008-11-13;1516.00000000;28.17000008;1516.00000000;28.17000008
S;SUL;2008-11-13;21983.00000000;272.70001221;8269.00000000;102.58000183
SE;SUDESTE;2008-11-13;26599.00000000;102.23999786;24560.00000000;94.40000153
N;NORTE;2008-11-14;1210.00000000;51.38999939;1210.00000000;51.38999939
NE;NORDESTE;2008-11-14;1591.00000000;29.56999969;1591.00000000;29.56999969
S;SUL;2008-11-14;19283.00000000;239.21000671;13103.00000000;162.53999329
SE;SUDESTE;2008-11-14;27747.00000000;106.65000153;25144.00000000;96.65000153
N;NORTE;2008-11-15;1204.00000000;51.13000107;1204.00000000;51.13000107
NE;NORDESTE;2008-11-15;1709.00000000;31.76000023;1709.00000000;31.76000023
S;SUL;2008-11-15;17588.00000000;218.17999268;9141.00000000;113.38999939
SE;SUDESTE;2008-11-15;29281.00000000;112.55000305;26527.00000000;101.95999908
N;NORTE;2008-11-16;1203.00000000;51.09000015;1203.00000000;51.09000015
NE;NORDESTE;2008-11-16;1964.00000000;36.50000000;1964.00000000;36.50000000
S;SUL;2008-11-16;15645.00000000;194.08000183;9799.00000000;121.55999756
SE;SUDESTE;2008-11-16;29928.00000000;115.02999878;26743.00000000;102.79000092
N;NORTE;2008-11-17;1272.00000000;54.02000046;1272.00000000;54.02000046
NE;NORDESTE;2008-11-17;2480.00000000;46.09000015;2480.00000000;46.09000015
S;SUL;2008-11-17;13941.00000000;172.94000244;11188.00000000;138.78999329
SE;SUDESTE;2008-11-17;30451.00000000;117.05000305;29397.00000000;112.98999786
N;NORTE;2008-11-18;1299.00000000;55.16999817;1299.00000000;55.16999817
NE;NORDESTE;2008-11-18;2701.00000000;50.20000076;2701.00000000;50.20000076
S;SUL;2008-11-18;12748.00000000;158.13999939;11334.00000000;140.60000610
SE;SUDESTE;2008-11-18;30241.00000000;116.23999786;29653.00000000;113.98000336
N;NORTE;2008-11-19;1342.00000000;56.99000168;1342.00000000;56.99000168
NE;NORDESTE;2008-11-19;2678.00000000;49.77000046;2678.00000000;49.77000046
S;SUL;2008-11-19;12050.00000000;149.47999573;10822.00000000;134.25000000
SE;SUDESTE;2008-11-19;30155.00000000;115.91000366;28765.00000000;110.55999756
N;NORTE;2008-11-20;1436.00000000;60.97999954;1436.00000000;60.97999954
NE;NORDESTE;2008-11-20;2897.00000000;53.84000015;2897.00000000;53.84000015
S;SUL;2008-11-20;11784.00000000;146.17999268;11021.00000000;136.72000122
SE;SUDESTE;2008-11-20;29199.00000000;112.23000336;28108.00000000;108.04000092
N;NORTE;2008-11-21;1535.00000000;65.19000244;1535.00000000;65.19000244
NE;NORDESTE;2008-11-21;3112.00000000;57.83000183;3112.00000000;57.83000183
S;SUL;2008-11-21;11556.00000000;143.35000610;10505.00000000;130.30999756
SE;SUDESTE;2008-11-21;28160.00000000;108.23999786;27533.00000000;105.83000183
N;NORTE;2008-11-22;1609.00000000;68.33000183;1609.00000000;68.33000183
NE;NORDESTE;2008-11-22;3336.00000000;62.00000000;3336.00000000;62.00000000
S;SUL;2008-11-22;11571.00000000;143.53999329;10982.00000000;136.22999573
SE;SUDESTE;2008-11-22;27056.00000000;104.00000000;26472.00000000;101.75000000
N;NORTE;2008-11-23;1730.00000000;73.47000122;1730.00000000;73.47000122
NE;NORDESTE;2008-11-23;3556.00000000;66.08000183;3556.00000000;66.08000183
S;SUL;2008-11-23;11140.00000000;138.19000244;9825.00000000;121.87999725
SE;SUDESTE;2008-11-23;26187.00000000;100.66000366;25224.00000000;96.94999695
N;NORTE;2008-11-24;1852.00000000;78.65000153;1852.00000000;78.65000153
NE;NORDESTE;2008-11-24;3842.00000000;71.40000153;3842.00000000;71.40000153
S;SUL;2008-11-24;10522.00000000;130.52999878;9863.00000000;122.34999847
SE;SUDESTE;2008-11-24;25427.00000000;97.73000336;25221.00000000;96.94000244
N;NORTE;2008-11-25;1922.00000000;81.62000275;1922.00000000;81.62000275
NE;NORDESTE;2008-11-25;4243.00000000;78.84999847;4243.00000000;78.84999847
S;SUL;2008-11-25;9281.00000000;115.12999725;9137.00000000;113.33999634
SE;SUDESTE;2008-11-25;24518.00000000;94.23999786;24123.00000000;92.72000122
N;NORTE;2008-11-26;2006.00000000;85.19000244;2006.00000000;85.19000244
NE;NORDESTE;2008-11-26;4739.00000000;88.06999969;4739.00000000;88.06999969
S;SUL;2008-11-26;8417.00000000;104.41000366;8375.00000000;103.88999939
SE;SUDESTE;2008-11-26;24032.00000000;92.37000275;23554.00000000;90.52999878
N;NORTE;2008-11-27;2127.00000000;90.33000183;2127.00000000;90.33000183
NE;NORDESTE;2008-11-27;5191.00000000;96.47000122;5191.00000000;96.47000122
S;SUL;2008-11-27;7928.00000000;98.34999847;7908.00000000;98.09999847
SE;SUDESTE;2008-11-27;23857.00000000;91.69999695;23338.00000000;89.69999695
N;NORTE;2008-11-28;2212.00000000;93.94000244;2212.00000000;93.94000244
NE;NORDESTE;2008-11-28;5710.00000000;106.11000061;5710.00000000;106.11000061
S;SUL;2008-11-28;7532.00000000;93.43000031;7512.00000000;93.19000244
SE;SUDESTE;2008-11-28;23805.00000000;91.50000000;23352.00000000;89.76000214
N;NORTE;2008-11-29;2239.00000000;95.08999634;2239.00000000;95.08999634
NE;NORDESTE;2008-11-29;6083.00000000;113.05000305;6083.00000000;113.05000305
S;SUL;2008-11-29;7131.00000000;88.45999908;7108.00000000;88.16999817
SE;SUDESTE;2008-11-29;23774.00000000;91.37999725;23256.00000000;89.38999939
N;NORTE;2008-11-30;2326.00000000;98.77999878;2326.00000000;98.77999878
NE;NORDESTE;2008-11-30;6459.00000000;120.02999878;6459.00000000;120.02999878
S;SUL;2008-11-30;6639.00000000;82.36000061;6615.00000000;82.05999756
SE;SUDESTE;2008-11-30;23610.00000000;90.75000000;23028.00000000;88.51000214
N;NORTE;2008-12-01;2422.00000000;52.34999847;2422.00000000;52.34999847
NE;NORDESTE;2008-12-01;6626.00000000;66.36000061;6626.00000000;66.36000061
S;SUL;2008-12-01;6733.00000000;104.68000031;6705.00000000;104.25000000
SE;SUDESTE;2008-12-01;23773.00000000;60.52999878;23078.00000000;58.75999832
N;NORTE;2008-12-02;2473.00000000;53.45000076;2473.00000000;53.45000076
NE;NORDESTE;2008-12-02;7064.00000000;70.75000000;7059.00000000;70.69999695
S;SUL;2008-12-02;6266.00000000;97.41999817;6245.00000000;97.09999847
SE;SUDESTE;2008-12-02;24194.00000000;61.59999847;23407.00000000;59.59000015
N;NORTE;2008-12-03;2625.00000000;56.72999954;2625.00000000;56.72999954
NE;NORDESTE;2008-12-03;7117.00000000;71.27999878;7098.00000000;71.08999634
S;SUL;2008-12-03;5805.00000000;90.25000000;5785.00000000;89.94000244
SE;SUDESTE;2008-12-03;23844.00000000;60.70999908;22880.00000000;58.25000000
N;NORTE;2008-12-04;2870.00000000;62.02999878;2870.00000000;62.02999878
NE;NORDESTE;2008-12-04;7412.00000000;74.23000336;7412.00000000;74.23000336
S;SUL;2008-12-04;5438.00000000;84.55000305;5174.00000000;80.44000244
SE;SUDESTE;2008-12-04;24897.00000000;63.38999939;23319.00000000;59.36999893
N;NORTE;2008-12-05;3157.00000000;68.23000336;3157.00000000;68.23000336
NE;NORDESTE;2008-12-05;7016.00000000;70.26999664;6845.00000000;68.55000305
S;SUL;2008-12-05;5208.00000000;80.97000122;4720.00000000;73.38999939
SE;SUDESTE;2008-12-05;24476.00000000;62.31999969;23338.00000000;59.41999817
N;NORTE;2008-12-06;3425.00000000;74.01999664;3425.00000000;74.01999664
NE;NORDESTE;2008-12-06;7022.00000000;70.33000183;6878.00000000;68.87999725
S;SUL;2008-12-06;4820.00000000;74.94000244;4648.00000000;72.26999664
SE;SUDESTE;2008-12-06;23169.00000000;58.99000168;22676.00000000;57.72999954
N;NORTE;2008-12-07;3711.00000000;80.19999695;3711.00000000;80.19999695
NE;NORDESTE;2008-12-07;7117.00000000;71.27999878;6916.00000000;69.26000214
S;SUL;2008-12-07;4446.00000000;69.12999725;4422.00000000;68.75000000
SE;SUDESTE;2008-12-07;22271.00000000;56.70000076;21882.00000000;55.70999908
N;NORTE;2008-12-08;3896.00000000;84.19999695;3896.00000000;84.19999695
NE;NORDESTE;2008-12-08;6876.00000000;68.86000061;6456.00000000;64.66000366
S;SUL;2008-12-08;4417.00000000;68.66999817;4397.00000000;68.36000061
SE;SUDESTE;2008-12-08;21635.00000000;55.08000183;21204.00000000;53.99000168
N;NORTE;2008-12-09;4044.00000000;87.40000153;4044.00000000;87.40000153
NE;NORDESTE;2008-12-09;6313.00000000;63.22999954;6313.00000000;63.22999954
S;SUL;2008-12-09;4446.00000000;69.12999725;4426.00000000;68.80999756
SE;SUDESTE;2008-12-09;21142.00000000;53.83000183;20672.00000000;52.63000107
N;NORTE;2008-12-10;4103.00000000;88.68000031;4103.00000000;88.68000031
NE;NORDESTE;2008-12-10;6080.00000000;60.88999939;6080.00000000;60.88999939
S;SUL;2008-12-10;4714.00000000;73.29000092;4694.00000000;72.98000336
SE;SUDESTE;2008-12-10;20703.00000000;52.70999908;20319.00000000;51.72999954
N;NORTE;2008-12-11;4176.00000000;90.25000000;4176.00000000;90.25000000
NE;NORDESTE;2008-12-11;6015.00000000;60.24000168;6015.00000000;60.24000168
S;SUL;2008-12-11;4857.00000000;75.51999664;4837.00000000;75.19999695
SE;SUDESTE;2008-12-11;20438.00000000;52.04000092;20223.00000000;51.49000168
N;NORTE;2008-12-12;4204.00000000;90.86000061;4204.00000000;90.86000061
NE;NORDESTE;2008-12-12;6139.00000000;61.47999954;6139.00000000;61.47999954
S;SUL;2008-12-12;4634.00000000;72.05000305;4610.00000000;71.66999817
SE;SUDESTE;2008-12-12;20709.00000000;52.72999954;20572.00000000;52.38000107
N;NORTE;2008-12-13;4308.00000000;93.11000061;4308.00000000;93.11000061
NE;NORDESTE;2008-12-13;6163.00000000;61.72000122;6156.00000000;61.65000153
S;SUL;2008-12-13;4231.00000000;65.77999878;4186.00000000;65.08000183
SE;SUDESTE;2008-12-13;22096.00000000;56.25999832;21873.00000000;55.68999863
N;NORTE;2008-12-14;4431.00000000;95.76000214;4431.00000000;95.76000214
NE;NORDESTE;2008-12-14;6319.00000000;63.29000092;6311.00000000;63.20999908
S;SUL;2008-12-14;4226.00000000;65.69999695;4198.00000000;65.26999664
SE;SUDESTE;2008-12-14;24269.00000000;61.79000092;23905.00000000;60.86000061
N;NORTE;2008-12-15;4502.00000000;97.30000305;4502.00000000;97.30000305
NE;NORDESTE;2008-12-15;6327.00000000;63.36999893;6327.00000000;63.36999893
S;SUL;2008-12-15;4338.00000000;67.44999695;4318.00000000;67.12999725
SE;SUDESTE;2008-12-15;27428.00000000;69.83000183;26940.00000000;68.58999634
N;NORTE;2008-12-16;4433.00000000;95.80999756;4433.00000000;95.80999756
NE;NORDESTE;2008-12-16;6408.00000000;64.18000031;6408.00000000;64.18000031
S;SUL;2008-12-16;4972.00000000;77.30000305;4951.00000000;76.98000336
SE;SUDESTE;2008-12-16;33997.00000000;86.55999756;32451.00000000;82.62000275
N;NORTE;2008-12-17;4365.00000000;94.33999634;4365.00000000;94.33999634
NE;NORDESTE;2008-12-17;6463.00000000;64.73000336;6463.00000000;64.73000336
S;SUL;2008-12-17;4892.00000000;76.05999756;4864.00000000;75.62000275
SE;SUDESTE;2008-12-17;40361.00000000;102.76000214;37534.00000000;95.55999756
N;NORTE;2008-12-18;4324.00000000;93.44999695;4324.00000000;93.44999695
NE;NORDESTE;2008-12-18;6542.00000000;65.51999664;6542.00000000;65.51999664
S;SUL;2008-12-18;4368.00000000;67.91000366;4348.00000000;67.59999847
SE;SUDESTE;2008-12-18;44033.00000000;112.11000061;40314.00000000;102.63999939
N;NORTE;2008-12-19;4367.00000000;94.37999725;4367.00000000;94.37999725
NE;NORDESTE;2008-12-19;6709.00000000;67.19000244;6709.00000000;67.19000244
S;SUL;2008-12-19;3984.00000000;61.93999863;3964.00000000;61.63000107
SE;SUDESTE;2008-12-19;46928.00000000;119.48000336;43064.00000000;109.63999939
N;NORTE;2008-12-20;4495.00000000;97.15000153;4495.00000000;97.15000153
NE;NORDESTE;2008-12-20;6628.00000000;66.37999725;6628.00000000;66.37999725
S;SUL;2008-12-20;3596.00000000;55.90999985;3531.00000000;54.90000153
SE;SUDESTE;2008-12-20;46454.00000000;118.26999664;43024.00000000;109.54000092
N;NORTE;2008-12-21;4613.00000000;99.69999695;4613.00000000;99.69999695
NE;NORDESTE;2008-12-21;7213.00000000;72.23999786;7213.00000000;72.23999786
S;SUL;2008-12-21;3337.00000000;51.88000107;3315.00000000;51.54000092
SE;SUDESTE;2008-12-21;46251.00000000;117.76000214;43505.00000000;110.76000214
N;NORTE;2008-12-22;4833.00000000;104.44999695;4833.00000000;104.44999695
NE;NORDESTE;2008-12-22;6977.00000000;69.87999725;6977.00000000;69.87999725
S;SUL;2008-12-22;3283.00000000;51.04000092;3262.00000000;50.72000122
SE;SUDESTE;2008-12-22;46527.00000000;118.45999908;44306.00000000;112.80000305
N;NORTE;2008-12-23;5104.00000000;110.30999756;5104.00000000;110.30999756
NE;NORDESTE;2008-12-23;6974.00000000;69.84999847;6974.00000000;69.84999847
S;SUL;2008-12-23;3089.00000000;48.02999878;3069.00000000;47.72000122
SE;SUDESTE;2008-12-23;47250.00000000;120.30000305;45699.00000000;116.34999847
N;NORTE;2008-12-24;5394.00000000;116.58000183;5394.00000000;116.58000183
NE;NORDESTE;2008-12-24;6648.00000000;66.58000183;6648.00000000;66.58000183
S;SUL;2008-12-24;3156.00000000;49.06999969;3133.00000000;48.70999908
SE;SUDESTE;2008-12-24;47455.00000000;120.81999969;46249.00000000;117.75000000
N;NORTE;2008-12-25;5612.00000000;121.29000092;5612.00000000;121.29000092
NE;NORDESTE;2008-12-25;6857.00000000;68.66999817;6857.00000000;68.66999817
S;SUL;2008-12-25;3369.00000000;52.38000107;3350.00000000;52.08000183
SE;SUDESTE;2008-12-25;47982.00000000;122.16000366;46373.00000000;118.06999969
N;NORTE;2008-12-26;5852.00000000;126.48000336;5852.00000000;126.48000336
NE;NORDESTE;2008-12-26;7934.00000000;79.45999908;7934.00000000;79.45999908
S;SUL;2008-12-26;3438.00000000;53.45000076;3398.00000000;52.83000183
SE;SUDESTE;2008-12-26;48970.00000000;124.68000031;47166.00000000;120.08999634
N;NORTE;2008-12-27;6052.00000000;130.80000305;6040.00000000;130.53999329
NE;NORDESTE;2008-12-27;8497.00000000;85.09999847;8419.00000000;84.31999969
S;SUL;2008-12-27;3250.00000000;50.52999878;3228.00000000;50.18999863
SE;SUDESTE;2008-12-27;51928.00000000;132.21000671;49908.00000000;127.06999969
N;NORTE;2008-12-28;6302.00000000;136.19999695;6272.00000000;135.55000305
NE;NORDESTE;2008-12-28;9051.00000000;90.65000153;8947.00000000;89.59999847
S;SUL;2008-12-28;3013.00000000;46.84999847;2990.00000000;46.49000168
SE;SUDESTE;2008-12-28;58023.00000000;147.72999573;54805.00000000;139.52999878
N;NORTE;2008-12-29;6612.00000000;142.89999390;6579.00000000;142.19000244
NE;NORDESTE;2008-12-29;9745.00000000;97.59999847;9711.00000000;97.26000214
S;SUL;2008-12-29;2897.00000000;45.04000092;2877.00000000;44.72999954
SE;SUDESTE;2008-12-29;62166.00000000;158.27999878;58200.00000000;148.17999268
N;NORTE;2008-12-30;6767.00000000;146.25000000;6734.00000000;145.53999329
NE;NORDESTE;2008-12-30;10396.00000000;104.12000275;10396.00000000;104.12000275
S;SUL;2008-12-30;2689.00000000;41.81000137;2670.00000000;41.50999832
SE;SUDESTE;2008-12-30;61589.00000000;156.80999756;57891.00000000;147.38999939
N;NORTE;2008-12-31;6789.00000000;146.72999573;6756.00000000;146.00999451
NE;NORDESTE;2008-12-31;11080.00000000;110.97000122;11080.00000000;110.97000122
S;SUL;2008-12-31;2546.00000000;39.58000183;2494.00000000;38.77999878
SE;SUDESTE;2008-12-31;59276.00000000;150.91999817;56347.00000000;143.46000671
