id_subsistema;nom_subsistema;ena_data;ena_bruta_regiao_mwmed;ena_bruta_regiao_percentualmlt;ena_armazenavel_regiao_mwmed;ena_armazenavel_regiao_percentualmlt
N;NORTE;2002-01-01;8281.00000000;99.77999878;8281.00000000;99.77999878
NE;NORDESTE;2002-01-01;10373.00000000;78.13999939;10373.00000000;78.13999939
S;SUL;2002-01-01;3070.00000000;63.18999863;3070.00000000;63.18999863
SE;SUDESTE;2002-01-01;52108.00000000;110.25000000;46217.00000000;97.77999878
N;NORTE;2002-01-02;8657.00000000;104.30999756;8657.00000000;104.30999756
NE;NORDESTE;2002-01-02;10838.00000000;81.63999939;10838.00000000;81.63999939
S;SUL;2002-01-02;2939.00000000;60.50000000;2939.00000000;60.50000000
SE;SUDESTE;2002-01-02;51880.00000000;109.76000214;49710.00000000;105.16999817
N;NORTE;2002-01-03;8822.00000000;106.30000305;8822.00000000;106.30000305
NE;NORDESTE;2002-01-03;11208.00000000;84.43000031;11208.00000000;84.43000031
S;SUL;2002-01-03;2869.00000000;59.04999924;2869.00000000;59.04999924
SE;SUDESTE;2002-01-03;50755.00000000;107.37999725;49025.00000000;103.72000122
N;NORTE;2002-01-04;9344.00000000;112.58999634;9344.00000000;112.58999634
NE;NORDESTE;2002-01-04;13152.00000000;99.06999969;13152.00000000;99.06999969
S;SUL;2002-01-04;2713.00000000;55.84000015;2713.00000000;55.84000015
SE;SUDESTE;2002-01-04;49358.00000000;104.43000031;47842.00000000;101.22000122
N;NORTE;2002-01-05;9934.00000000;119.69000244;9934.00000000;119.69000244
NE;NORDESTE;2002-01-05;12782.00000000;96.27999878;12782.00000000;96.27999878
S;SUL;2002-01-05;2750.00000000;56.61000061;2750.00000000;56.61000061
SE;SUDESTE;2002-01-05;47497.00000000;100.48999786;46102.00000000;97.54000092
N;NORTE;2002-01-06;10522.00000000;126.77999878;10522.00000000;126.77999878
NE;NORDESTE;2002-01-06;16909.00000000;127.37000275;16909.00000000;127.37000275
S;SUL;2002-01-06;2685.00000000;55.27000046;2685.00000000;55.27000046
SE;SUDESTE;2002-01-06;45382.00000000;96.01999664;44097.00000000;93.30000305
N;NORTE;2002-01-07;11314.00000000;136.32000732;11314.00000000;136.32000732
NE;NORDESTE;2002-01-07;15807.00000000;119.06999969;15807.00000000;119.06999969
S;SUL;2002-01-07;2597.00000000;53.45999908;2597.00000000;53.45999908
SE;SUDESTE;2002-01-07;42965.00000000;90.90000153;42001.00000000;88.86000061
N;NORTE;2002-01-08;12112.00000000;145.94000244;11779.00000000;141.91999817
NE;NORDESTE;2002-01-08;16142.00000000;121.58999634;16142.00000000;121.58999634
S;SUL;2002-01-08;2512.00000000;51.70999908;2512.00000000;51.70999908
SE;SUDESTE;2002-01-08;41729.00000000;88.29000092;40974.00000000;86.69000244
N;NORTE;2002-01-09;12824.00000000;154.52000427;11930.00000000;143.74000549
NE;NORDESTE;2002-01-09;16981.00000000;127.91000366;16981.00000000;127.91000366
S;SUL;2002-01-09;2626.00000000;54.04999924;2626.00000000;54.04999924
SE;SUDESTE;2002-01-09;40707.00000000;86.12999725;40095.00000000;84.83000183
N;NORTE;2002-01-10;13479.00000000;162.41000366;11632.00000000;140.14999390
NE;NORDESTE;2002-01-10;14640.00000000;110.27999878;14640.00000000;110.27999878
S;SUL;2002-01-10;2955.00000000;60.83000183;2955.00000000;60.83000183
SE;SUDESTE;2002-01-10;40025.00000000;84.68000031;39352.00000000;83.26000214
N;NORTE;2002-01-11;14190.00000000;170.97000122;10890.00000000;131.21000671
NE;NORDESTE;2002-01-11;15082.00000000;113.61000061;15082.00000000;113.61000061
S;SUL;2002-01-11;3557.00000000;73.22000122;3557.00000000;73.22000122
SE;SUDESTE;2002-01-11;40705.00000000;86.12000275;40169.00000000;84.98999786
N;NORTE;2002-01-12;14912.00000000;179.66999817;9522.00000000;114.73000336
NE;NORDESTE;2002-01-12;16789.00000000;126.47000122;16789.00000000;126.47000122
S;SUL;2002-01-12;4272.00000000;87.93000031;4138.00000000;85.18000031
SE;SUDESTE;2002-01-12;42547.00000000;90.01999664;42220.00000000;89.33000183
N;NORTE;2002-01-13;15832.00000000;190.75999451;8691.00000000;104.72000122
NE;NORDESTE;2002-01-13;15505.00000000;116.80000305;15505.00000000;116.80000305
S;SUL;2002-01-13;5267.00000000;108.41000366;5267.00000000;108.41000366
SE;SUDESTE;2002-01-13;45989.00000000;97.30000305;45015.00000000;95.23999786
N;NORTE;2002-01-14;16660.00000000;200.74000549;8249.00000000;99.38999939
NE;NORDESTE;2002-01-14;16244.00000000;122.36000061;16207.00000000;122.08000183
S;SUL;2002-01-14;6098.00000000;125.51999664;6098.00000000;125.51999664
SE;SUDESTE;2002-01-14;50453.00000000;106.75000000;45785.00000000;96.87000275
N;NORTE;2002-01-15;17291.00000000;208.33999634;8154.00000000;98.25000000
NE;NORDESTE;2002-01-15;16191.00000000;121.95999908;15904.00000000;119.80000305
S;SUL;2002-01-15;6275.00000000;129.16000366;6275.00000000;129.16000366
SE;SUDESTE;2002-01-15;54942.00000000;116.23999786;49007.00000000;103.69000244
N;NORTE;2002-01-16;17974.00000000;216.57000732;8408.00000000;101.30999756
NE;NORDESTE;2002-01-16;16338.00000000;123.06999969;15893.00000000;119.72000122
S;SUL;2002-01-16;6036.00000000;124.23999786;6036.00000000;124.23999786
SE;SUDESTE;2002-01-16;57839.00000000;122.37000275;53370.00000000;112.91999817
N;NORTE;2002-01-17;18403.00000000;221.74000549;8389.00000000;101.08000183
NE;NORDESTE;2002-01-17;17738.00000000;133.61999512;17285.00000000;130.19999695
S;SUL;2002-01-17;5713.00000000;117.59999847;5713.00000000;117.59999847
SE;SUDESTE;2002-01-17;60599.00000000;128.21000671;57503.00000000;121.66000366
N;NORTE;2002-01-18;18669.00000000;224.94000244;8111.00000000;97.73000336
NE;NORDESTE;2002-01-18;20759.00000000;156.36999512;20293.00000000;152.86000061
S;SUL;2002-01-18;5400.00000000;111.15000153;5400.00000000;111.15000153
SE;SUDESTE;2002-01-18;62472.00000000;132.16999817;60088.00000000;127.12999725
N;NORTE;2002-01-19;18652.00000000;224.74000549;7862.00000000;94.73000336
NE;NORDESTE;2002-01-19;19932.00000000;150.13999939;19423.00000000;146.30999756
S;SUL;2002-01-19;5056.00000000;104.06999969;5056.00000000;104.06999969
SE;SUDESTE;2002-01-19;64596.00000000;136.66999817;61521.00000000;130.16000366
N;NORTE;2002-01-20;18751.00000000;225.92999268;7552.00000000;90.98999786
NE;NORDESTE;2002-01-20;19645.00000000;147.97999573;19077.00000000;143.69999695
S;SUL;2002-01-20;4792.00000000;98.63999939;4792.00000000;98.63999939
SE;SUDESTE;2002-01-20;62805.00000000;132.88000488;58628.00000000;124.04000092
N;NORTE;2002-01-21;18744.00000000;225.85000610;7033.00000000;84.73999786
NE;NORDESTE;2002-01-21;18551.00000000;139.74000549;17867.00000000;134.58999634
S;SUL;2002-01-21;4602.00000000;94.73000336;4602.00000000;94.73000336
SE;SUDESTE;2002-01-21;60844.00000000;128.72999573;56551.00000000;119.65000153
N;NORTE;2002-01-22;18744.00000000;225.85000610;6406.00000000;77.19000244
NE;NORDESTE;2002-01-22;16578.00000000;124.87999725;15683.00000000;118.13999939
S;SUL;2002-01-22;4498.00000000;92.58999634;4498.00000000;92.58999634
SE;SUDESTE;2002-01-22;58173.00000000;123.08000183;56192.00000000;118.88999939
N;NORTE;2002-01-23;18776.00000000;226.22999573;6175.00000000;74.40000153
NE;NORDESTE;2002-01-23;15211.00000000;114.58000183;14581.00000000;109.83999634
S;SUL;2002-01-23;4713.00000000;97.01000214;4713.00000000;97.01000214
SE;SUDESTE;2002-01-23;54894.00000000;116.13999939;53277.00000000;112.72000122
N;NORTE;2002-01-24;18942.00000000;228.22999573;5904.00000000;71.13999939
NE;NORDESTE;2002-01-24;13652.00000000;102.83999634;13042.00000000;98.23999786
S;SUL;2002-01-24;5269.00000000;108.45999908;5269.00000000;108.45999908
SE;SUDESTE;2002-01-24;51982.00000000;109.98000336;50216.00000000;106.23999786
N;NORTE;2002-01-25;19098.00000000;230.11000061;5315.00000000;64.04000092
NE;NORDESTE;2002-01-25;11970.00000000;90.16999817;11516.00000000;86.75000000
S;SUL;2002-01-25;7222.00000000;148.66000366;7222.00000000;148.66000366
SE;SUDESTE;2002-01-25;50318.00000000;106.45999908;46622.00000000;98.63999939
N;NORTE;2002-01-26;18923.00000000;228.00000000;4496.00000000;54.16999817
NE;NORDESTE;2002-01-26;12444.00000000;93.73999786;12116.00000000;91.26999664
S;SUL;2002-01-26;7435.00000000;153.03999329;7435.00000000;153.03999329
SE;SUDESTE;2002-01-26;49988.00000000;105.76000214;42280.00000000;89.44999695
N;NORTE;2002-01-27;18978.00000000;228.66000366;4034.00000000;48.61000061
NE;NORDESTE;2002-01-27;11751.00000000;88.51999664;11495.00000000;86.58999634
S;SUL;2002-01-27;7207.00000000;148.35000610;7207.00000000;148.35000610
SE;SUDESTE;2002-01-27;50010.00000000;105.80999756;39931.00000000;84.48000336
N;NORTE;2002-01-28;18968.00000000;228.53999329;4486.00000000;54.04999924
NE;NORDESTE;2002-01-28;12142.00000000;91.45999908;11905.00000000;89.68000031
S;SUL;2002-01-28;9505.00000000;195.64999390;9418.00000000;193.86000061
SE;SUDESTE;2002-01-28;49938.00000000;105.66000366;43035.00000000;91.05000305
N;NORTE;2002-01-29;18743.00000000;225.83000183;5290.00000000;63.74000168
NE;NORDESTE;2002-01-29;12824.00000000;96.59999847;12678.00000000;95.50000000
S;SUL;2002-01-29;9051.00000000;186.30000305;8962.00000000;184.47000122
SE;SUDESTE;2002-01-29;49375.00000000;104.45999908;41483.00000000;87.76999664
N;NORTE;2002-01-30;17825.00000000;214.77000427;5218.00000000;62.86999893
NE;NORDESTE;2002-01-30;13650.00000000;102.81999969;13650.00000000;102.81999969
S;SUL;2002-01-30;8308.00000000;171.00999451;8240.00000000;169.61000061
SE;SUDESTE;2002-01-30;49344.00000000;104.40000153;39686.00000000;83.97000122
N;NORTE;2002-01-31;16698.00000000;201.19000244;5774.00000000;69.56999969
NE;NORDESTE;2002-01-31;14190.00000000;106.88999939;14190.00000000;106.88999939
S;SUL;2002-01-31;7775.00000000;160.03999329;7537.00000000;155.13999939
SE;SUDESTE;2002-01-31;49933.00000000;105.65000153;39882.00000000;84.37999725
N;NORTE;2002-02-01;15373.00000000;136.88000488;5840.00000000;52.00000000
NE;NORDESTE;2002-02-01;14322.00000000;101.79000092;14322.00000000;101.79000092
S;SUL;2002-02-01;7603.00000000;142.55999756;5320.00000000;99.75000000
SE;SUDESTE;2002-02-01;49966.00000000;101.23000336;39435.00000000;79.90000153
N;NORTE;2002-02-02;14348.00000000;127.75000000;5660.00000000;50.38999939
NE;NORDESTE;2002-02-02;14556.00000000;103.44999695;14556.00000000;103.44999695
S;SUL;2002-02-02;6570.00000000;123.19000244;5265.00000000;98.72000122
SE;SUDESTE;2002-02-02;50472.00000000;102.26000214;38577.00000000;78.16000366
N;NORTE;2002-02-03;13526.00000000;120.43000031;5160.00000000;45.93999863
NE;NORDESTE;2002-02-03;14519.00000000;103.19000244;14519.00000000;103.19000244
S;SUL;2002-02-03;6040.00000000;113.25000000;5568.00000000;104.40000153
SE;SUDESTE;2002-02-03;50455.00000000;102.22000122;38674.00000000;78.34999847
N;NORTE;2002-02-04;13101.00000000;116.65000153;4739.00000000;42.18999863
NE;NORDESTE;2002-02-04;14406.00000000;102.38999939;14406.00000000;102.38999939
S;SUL;2002-02-04;5539.00000000;103.86000061;4443.00000000;83.30999756
SE;SUDESTE;2002-02-04;50518.00000000;102.34999847;41341.00000000;83.76000214
N;NORTE;2002-02-05;12895.00000000;114.80999756;4446.00000000;39.59000015
NE;NORDESTE;2002-02-05;14366.00000000;102.09999847;14366.00000000;102.09999847
S;SUL;2002-02-05;5192.00000000;97.34999847;4561.00000000;85.51999664
SE;SUDESTE;2002-02-05;50282.00000000;101.87000275;43056.00000000;87.23000336
N;NORTE;2002-02-06;12923.00000000;115.05999756;4852.00000000;43.20000076
NE;NORDESTE;2002-02-06;14225.00000000;101.09999847;14225.00000000;101.09999847
S;SUL;2002-02-06;4960.00000000;93.00000000;4320.00000000;81.00000000
SE;SUDESTE;2002-02-06;50356.00000000;102.01999664;43952.00000000;89.05000305
N;NORTE;2002-02-07;13435.00000000;119.62000275;5079.00000000;45.22000122
NE;NORDESTE;2002-02-07;13956.00000000;99.19000244;13956.00000000;99.19000244
S;SUL;2002-02-07;4808.00000000;90.15000153;4147.00000000;77.76000214
SE;SUDESTE;2002-02-07;51430.00000000;104.19999695;45490.00000000;92.16000366
N;NORTE;2002-02-08;14061.00000000;125.19000244;4954.00000000;44.11000061
NE;NORDESTE;2002-02-08;13460.00000000;95.66000366;13460.00000000;95.66000366
S;SUL;2002-02-08;4685.00000000;87.84999847;4209.00000000;78.91999817
SE;SUDESTE;2002-02-08;54678.00000000;110.77999878;48308.00000000;97.87000275
N;NORTE;2002-02-09;14819.00000000;131.94000244;4800.00000000;42.74000168
NE;NORDESTE;2002-02-09;12977.00000000;92.23000336;12977.00000000;92.23000336
S;SUL;2002-02-09;4512.00000000;84.59999847;4204.00000000;78.83000183
SE;SUDESTE;2002-02-09;58074.00000000;117.66000366;49416.00000000;100.12000275
N;NORTE;2002-02-10;15738.00000000;140.13000488;4092.00000000;36.43000031
NE;NORDESTE;2002-02-10;12644.00000000;89.86000061;12644.00000000;89.86000061
S;SUL;2002-02-10;4200.00000000;78.75000000;4200.00000000;78.75000000
SE;SUDESTE;2002-02-10;61189.00000000;123.97000122;50450.00000000;102.20999908
N;NORTE;2002-02-11;16280.00000000;144.94999695;3843.00000000;34.22000122
NE;NORDESTE;2002-02-11;11916.00000000;84.69000244;11916.00000000;84.69000244
S;SUL;2002-02-11;3859.00000000;72.36000061;3859.00000000;72.36000061
SE;SUDESTE;2002-02-11;64520.00000000;130.72000122;53896.00000000;109.19000244
N;NORTE;2002-02-12;16442.00000000;146.38999939;3150.00000000;28.04999924
NE;NORDESTE;2002-02-12;11703.00000000;83.18000031;11703.00000000;83.18000031
S;SUL;2002-02-12;3715.00000000;69.66000366;3715.00000000;69.66000366
SE;SUDESTE;2002-02-12;64485.00000000;130.64999390;54415.00000000;110.23999786
N;NORTE;2002-02-13;17070.00000000;151.99000549;3614.00000000;32.18000031
NE;NORDESTE;2002-02-13;11399.00000000;81.01999664;11399.00000000;81.01999664
S;SUL;2002-02-13;3695.00000000;69.27999878;3695.00000000;69.27999878
SE;SUDESTE;2002-02-13;63825.00000000;129.30999756;55143.00000000;111.72000122
N;NORTE;2002-02-14;17352.00000000;154.50000000;4218.00000000;37.56000137
NE;NORDESTE;2002-02-14;11278.00000000;80.16000366;11278.00000000;80.16000366
S;SUL;2002-02-14;3887.00000000;72.87999725;3887.00000000;72.87999725
SE;SUDESTE;2002-02-14;63113.00000000;127.87000275;55326.00000000;112.08999634
N;NORTE;2002-02-15;17358.00000000;154.55000305;4035.00000000;35.93000031
NE;NORDESTE;2002-02-15;11269.00000000;80.08999634;11269.00000000;80.08999634
S;SUL;2002-02-15;4020.00000000;75.37999725;4020.00000000;75.37999725
SE;SUDESTE;2002-02-15;62535.00000000;126.69999695;55051.00000000;111.52999878
N;NORTE;2002-02-16;17416.00000000;155.07000732;3930.00000000;34.99000168
NE;NORDESTE;2002-02-16;11626.00000000;82.62999725;11626.00000000;82.62999725
S;SUL;2002-02-16;4014.00000000;75.26000214;4014.00000000;75.26000214
SE;SUDESTE;2002-02-16;61853.00000000;125.30999756;53191.00000000;107.76000214
N;NORTE;2002-02-17;17507.00000000;155.88000488;4021.00000000;35.79999924
NE;NORDESTE;2002-02-17;12043.00000000;85.58999634;12043.00000000;85.58999634
S;SUL;2002-02-17;3867.00000000;72.51000214;3867.00000000;72.51000214
SE;SUDESTE;2002-02-17;61505.00000000;124.61000061;51146.00000000;103.62000275
N;NORTE;2002-02-18;17166.00000000;152.83999634;4016.00000000;35.75999832
NE;NORDESTE;2002-02-18;12467.00000000;88.61000061;12467.00000000;88.61000061
S;SUL;2002-02-18;3678.00000000;68.95999908;3678.00000000;68.95999908
SE;SUDESTE;2002-02-18;62425.00000000;126.47000122;54047.00000000;109.50000000
N;NORTE;2002-02-19;16828.00000000;149.83000183;4214.00000000;37.52000046
NE;NORDESTE;2002-02-19;12891.00000000;91.62000275;12891.00000000;91.62000275
S;SUL;2002-02-19;3565.00000000;66.83999634;3565.00000000;66.83999634
SE;SUDESTE;2002-02-19;65604.00000000;132.91000366;59596.00000000;120.73999786
N;NORTE;2002-02-20;16389.00000000;145.91999817;4338.00000000;38.61999893
NE;NORDESTE;2002-02-20;13337.00000000;94.79000092;13337.00000000;94.79000092
S;SUL;2002-02-20;3521.00000000;66.01999664;3521.00000000;66.01999664
SE;SUDESTE;2002-02-20;66177.00000000;134.07000732;60104.00000000;121.76999664
N;NORTE;2002-02-21;16096.00000000;143.30999756;4810.00000000;42.83000183
NE;NORDESTE;2002-02-21;13847.00000000;98.41000366;13847.00000000;98.41000366
S;SUL;2002-02-21;3607.00000000;67.62999725;3607.00000000;67.62999725
SE;SUDESTE;2002-02-21;66092.00000000;133.89999390;60445.00000000;122.45999908
N;NORTE;2002-02-22;15731.00000000;140.05999756;4981.00000000;44.34999847
NE;NORDESTE;2002-02-22;14430.00000000;102.55999756;14430.00000000;102.55999756
S;SUL;2002-02-22;3866.00000000;72.48999786;3866.00000000;72.48999786
SE;SUDESTE;2002-02-22;66211.00000000;134.13999939;59652.00000000;120.84999847
N;NORTE;2002-02-23;15240.00000000;135.69000244;4723.00000000;42.04999924
NE;NORDESTE;2002-02-23;15054.00000000;106.98999786;15054.00000000;106.98999786
S;SUL;2002-02-23;3937.00000000;73.81999969;3854.00000000;72.26000214
SE;SUDESTE;2002-02-23;66322.00000000;134.36999512;57198.00000000;115.87999725
N;NORTE;2002-02-24;14919.00000000;132.83000183;4443.00000000;39.56000137
NE;NORDESTE;2002-02-24;15465.00000000;109.91000366;15465.00000000;109.91000366
S;SUL;2002-02-24;3674.00000000;68.88999939;3674.00000000;68.88999939
SE;SUDESTE;2002-02-24;66262.00000000;134.25000000;53662.00000000;108.72000122
N;NORTE;2002-02-25;14575.00000000;129.77000427;4457.00000000;39.68000031
NE;NORDESTE;2002-02-25;15659.00000000;111.29000092;15659.00000000;111.29000092
S;SUL;2002-02-25;3376.00000000;63.29999924;3376.00000000;63.29999924
SE;SUDESTE;2002-02-25;66348.00000000;134.41999817;56965.00000000;115.41000366
N;NORTE;2002-02-26;14257.00000000;126.94000244;4319.00000000;38.45999908
NE;NORDESTE;2002-02-26;15585.00000000;110.76999664;15585.00000000;110.76999664
S;SUL;2002-02-26;3184.00000000;59.70000076;3184.00000000;59.70000076
SE;SUDESTE;2002-02-26;66064.00000000;133.85000610;55096.00000000;111.62000275
N;NORTE;2002-02-27;13866.00000000;123.45999908;3932.00000000;35.00999832
NE;NORDESTE;2002-02-27;15249.00000000;108.37999725;15249.00000000;108.37999725
S;SUL;2002-02-27;3033.00000000;56.86999893;3033.00000000;56.86999893
SE;SUDESTE;2002-02-27;65074.00000000;131.83999634;53144.00000000;107.66999817
N;NORTE;2002-02-28;13645.00000000;121.48999786;3940.00000000;35.08000183
NE;NORDESTE;2002-02-28;14724.00000000;104.65000153;14724.00000000;104.65000153
S;SUL;2002-02-28;2925.00000000;54.84000015;2925.00000000;54.84000015
SE;SUDESTE;2002-02-28;63205.00000000;128.05000305;51347.00000000;104.02999878
N;NORTE;2002-03-01;13260.00000000;100.58999634;4032.00000000;30.59000015
NE;NORDESTE;2002-03-01;14260.00000000;101.16000366;14260.00000000;101.16000366
S;SUL;2002-03-01;2971.00000000;63.84999847;2971.00000000;63.84999847
SE;SUDESTE;2002-03-01;60829.00000000;132.41000366;48953.00000000;106.55000305
N;NORTE;2002-03-02;13120.00000000;99.52999878;4258.00000000;32.29999924
NE;NORDESTE;2002-03-02;14121.00000000;100.16999817;14121.00000000;100.16999817
S;SUL;2002-03-02;3197.00000000;68.69999695;3197.00000000;68.69999695
SE;SUDESTE;2002-03-02;58205.00000000;126.69000244;43365.00000000;94.38999939
N;NORTE;2002-03-03;12946.00000000;98.20999908;4444.00000000;33.70999908
NE;NORDESTE;2002-03-03;14215.00000000;100.83999634;14215.00000000;100.83999634
S;SUL;2002-03-03;3256.00000000;69.97000122;3256.00000000;69.97000122
SE;SUDESTE;2002-03-03;55517.00000000;120.83999634;39516.00000000;86.01000214
N;NORTE;2002-03-04;12802.00000000;97.11000061;4208.00000000;31.92000008
NE;NORDESTE;2002-03-04;14668.00000000;104.05000305;14668.00000000;104.05000305
S;SUL;2002-03-04;3254.00000000;69.93000031;3254.00000000;69.93000031
SE;SUDESTE;2002-03-04;53332.00000000;116.08999634;42892.00000000;93.36000061
N;NORTE;2002-03-05;12676.00000000;96.16000366;3400.00000000;25.79000092
NE;NORDESTE;2002-03-05;15087.00000000;107.02999878;15087.00000000;107.02999878
S;SUL;2002-03-05;3423.00000000;73.55999756;3423.00000000;73.55999756
SE;SUDESTE;2002-03-05;51269.00000000;111.59999847;42636.00000000;92.80000305
N;NORTE;2002-03-06;12581.00000000;95.44000244;3357.00000000;25.46999931
NE;NORDESTE;2002-03-06;15342.00000000;108.83999634;15342.00000000;108.83999634
S;SUL;2002-03-06;3865.00000000;83.05999756;3865.00000000;83.05999756
SE;SUDESTE;2002-03-06;49009.00000000;106.68000031;41785.00000000;90.94999695
N;NORTE;2002-03-07;12595.00000000;95.54000092;3721.00000000;28.22999954
NE;NORDESTE;2002-03-07;15360.00000000;108.95999908;15360.00000000;108.95999908
S;SUL;2002-03-07;4269.00000000;91.73999786;4260.00000000;91.54000092
SE;SUDESTE;2002-03-07;46691.00000000;101.62999725;41074.00000000;89.40000153
N;NORTE;2002-03-08;12627.00000000;95.79000092;3840.00000000;29.12999916
NE;NORDESTE;2002-03-08;15095.00000000;107.08000183;15095.00000000;107.08000183
S;SUL;2002-03-08;4321.00000000;92.86000061;4257.00000000;91.48000336
SE;SUDESTE;2002-03-08;44492.00000000;96.83999634;39747.00000000;86.51999664
N;NORTE;2002-03-09;12950.00000000;98.23999786;3756.00000000;28.48999977
NE;NORDESTE;2002-03-09;14597.00000000;103.55000305;14597.00000000;103.55000305
S;SUL;2002-03-09;3936.00000000;84.58000183;3920.00000000;84.23999786
SE;SUDESTE;2002-03-09;42000.00000000;91.41999817;38268.00000000;83.30000305
N;NORTE;2002-03-10;13134.00000000;99.62999725;3864.00000000;29.30999947
NE;NORDESTE;2002-03-10;13968.00000000;99.08999634;13968.00000000;99.08999634
S;SUL;2002-03-10;3576.00000000;76.84999847;3574.00000000;76.80000305
SE;SUDESTE;2002-03-10;39868.00000000;86.77999878;34917.00000000;76.00000000
N;NORTE;2002-03-11;13203.00000000;100.16000366;3754.00000000;28.47999954
NE;NORDESTE;2002-03-11;13369.00000000;94.83999634;13369.00000000;94.83999634
S;SUL;2002-03-11;3291.00000000;70.72000122;3272.00000000;70.30999756
SE;SUDESTE;2002-03-11;38385.00000000;83.55000305;36027.00000000;78.41999817
N;NORTE;2002-03-12;13152.00000000;99.76999664;3208.00000000;24.34000015
NE;NORDESTE;2002-03-12;12801.00000000;90.80999756;12801.00000000;90.80999756
S;SUL;2002-03-12;3243.00000000;69.69000244;3211.00000000;69.00000000
SE;SUDESTE;2002-03-12;36443.00000000;79.31999969;35372.00000000;76.98999786
N;NORTE;2002-03-13;13115.00000000;99.48999786;3175.00000000;24.09000015
NE;NORDESTE;2002-03-13;12184.00000000;86.43000031;12184.00000000;86.43000031
S;SUL;2002-03-13;3445.00000000;74.02999878;3409.00000000;73.26000214
SE;SUDESTE;2002-03-13;35105.00000000;76.41000366;34591.00000000;75.29000092
N;NORTE;2002-03-14;12825.00000000;97.29000092;3484.00000000;26.43000031
NE;NORDESTE;2002-03-14;11445.00000000;81.19000244;11445.00000000;81.19000244
S;SUL;2002-03-14;3789.00000000;81.41999817;3749.00000000;80.55999756
SE;SUDESTE;2002-03-14;34022.00000000;74.05000305;33639.00000000;73.22000122
N;NORTE;2002-03-15;12560.00000000;95.27999878;3876.00000000;29.39999962
NE;NORDESTE;2002-03-15;10622.00000000;75.34999847;10622.00000000;75.34999847
S;SUL;2002-03-15;3953.00000000;84.94999695;3915.00000000;84.12999725
SE;SUDESTE;2002-03-15;33156.00000000;72.16999817;32855.00000000;71.51000214
N;NORTE;2002-03-16;12597.00000000;95.55999756;3658.00000000;27.75000000
NE;NORDESTE;2002-03-16;9810.00000000;69.58999634;9810.00000000;69.58999634
S;SUL;2002-03-16;3834.00000000;82.38999939;3834.00000000;82.38999939
SE;SUDESTE;2002-03-16;33079.00000000;72.00000000;32884.00000000;71.58000183
N;NORTE;2002-03-17;12483.00000000;94.69000244;2749.00000000;20.85000038
NE;NORDESTE;2002-03-17;9069.00000000;64.33999634;9069.00000000;64.33999634
S;SUL;2002-03-17;3614.00000000;77.66000366;3614.00000000;77.66000366
SE;SUDESTE;2002-03-17;33130.00000000;72.11000061;32222.00000000;70.13999939
N;NORTE;2002-03-18;12478.00000000;94.66000366;2744.00000000;20.81999969
NE;NORDESTE;2002-03-18;8477.00000000;60.13999939;8477.00000000;60.13999939
S;SUL;2002-03-18;3318.00000000;71.30000305;3318.00000000;71.30000305
SE;SUDESTE;2002-03-18;33142.00000000;72.13999939;32969.00000000;71.76000214
N;NORTE;2002-03-19;12348.00000000;93.66999817;3487.00000000;26.45000076
NE;NORDESTE;2002-03-19;7984.00000000;56.63999939;7984.00000000;56.63999939
S;SUL;2002-03-19;3249.00000000;69.81999969;3249.00000000;69.81999969
SE;SUDESTE;2002-03-19;33652.00000000;73.25000000;33485.00000000;72.88999939
N;NORTE;2002-03-20;12267.00000000;93.05999756;4207.00000000;31.90999985
NE;NORDESTE;2002-03-20;7590.00000000;53.84000015;7590.00000000;53.84000015
S;SUL;2002-03-20;3246.00000000;69.75000000;3246.00000000;69.75000000
SE;SUDESTE;2002-03-20;34390.00000000;74.86000061;34211.00000000;74.47000122
N;NORTE;2002-03-21;12096.00000000;91.76000214;4533.00000000;34.38999939
NE;NORDESTE;2002-03-21;7204.00000000;51.11000061;7204.00000000;51.11000061
S;SUL;2002-03-21;3251.00000000;69.86000061;3251.00000000;69.86000061
SE;SUDESTE;2002-03-21;35449.00000000;77.16000366;35174.00000000;76.55999756
N;NORTE;2002-03-22;12059.00000000;91.48000336;4649.00000000;35.27000046
NE;NORDESTE;2002-03-22;6872.00000000;48.75000000;6872.00000000;48.75000000
S;SUL;2002-03-22;3096.00000000;66.52999878;3096.00000000;66.52999878
SE;SUDESTE;2002-03-22;36975.00000000;80.48000336;36471.00000000;79.38999939
N;NORTE;2002-03-23;11915.00000000;90.38999939;4502.00000000;34.15000153
NE;NORDESTE;2002-03-23;6595.00000000;46.77999878;6595.00000000;46.77999878
S;SUL;2002-03-23;2896.00000000;62.22999954;2896.00000000;62.22999954
SE;SUDESTE;2002-03-23;38996.00000000;84.87999725;38494.00000000;83.79000092
N;NORTE;2002-03-24;12070.00000000;91.55999756;4266.00000000;32.36000061
NE;NORDESTE;2002-03-24;6392.00000000;45.34000015;6392.00000000;45.34000015
S;SUL;2002-03-24;2805.00000000;60.27999878;2805.00000000;60.27999878
SE;SUDESTE;2002-03-24;41434.00000000;90.19000244;40808.00000000;88.83000183
N;NORTE;2002-03-25;12153.00000000;92.19000244;4150.00000000;31.47999954
NE;NORDESTE;2002-03-25;6270.00000000;44.47999954;6270.00000000;44.47999954
S;SUL;2002-03-25;2732.00000000;58.70999908;2732.00000000;58.70999908
SE;SUDESTE;2002-03-25;43520.00000000;94.73000336;42362.00000000;92.20999908
N;NORTE;2002-03-26;12391.00000000;94.00000000;4052.00000000;30.73999977
NE;NORDESTE;2002-03-26;6203.00000000;44.00000000;6203.00000000;44.00000000
S;SUL;2002-03-26;2732.00000000;58.70999908;2732.00000000;58.70999908
SE;SUDESTE;2002-03-26;45470.00000000;98.97000122;42732.00000000;93.01000214
N;NORTE;2002-03-27;12619.00000000;95.73000336;3974.00000000;30.14999962
NE;NORDESTE;2002-03-27;6224.00000000;44.15000153;6224.00000000;44.15000153
S;SUL;2002-03-27;2653.00000000;57.00999832;2653.00000000;57.00999832
SE;SUDESTE;2002-03-27;46666.00000000;101.58000183;43567.00000000;94.83000183
N;NORTE;2002-03-28;12953.00000000;98.26000214;4072.00000000;30.88999939
NE;NORDESTE;2002-03-28;6324.00000000;44.86000061;6324.00000000;44.86000061
S;SUL;2002-03-28;2633.00000000;56.58000183;2633.00000000;56.58000183
SE;SUDESTE;2002-03-28;46504.00000000;101.22000122;42417.00000000;92.33000183
N;NORTE;2002-03-29;13215.00000000;100.25000000;3585.00000000;27.20000076
NE;NORDESTE;2002-03-29;6523.00000000;46.27000046;6523.00000000;46.27000046
S;SUL;2002-03-29;2539.00000000;54.56000137;2539.00000000;54.56000137
SE;SUDESTE;2002-03-29;45679.00000000;99.43000031;37864.00000000;82.41999817
N;NORTE;2002-03-30;13581.00000000;103.01999664;3171.00000000;24.04999924
NE;NORDESTE;2002-03-30;6766.00000000;48.00000000;6766.00000000;48.00000000
S;SUL;2002-03-30;2540.00000000;54.58000183;2540.00000000;54.58000183
SE;SUDESTE;2002-03-30;44136.00000000;95.94999695;37145.00000000;80.76000214
N;NORTE;2002-03-31;13786.00000000;104.58000183;3304.00000000;25.05999947
NE;NORDESTE;2002-03-31;7012.00000000;49.74000168;7012.00000000;49.74000168
S;SUL;2002-03-31;2755.00000000;59.20000076;2755.00000000;59.20000076
SE;SUDESTE;2002-03-31;42330.00000000;92.02999878;35362.00000000;76.87999725
N;NORTE;2002-04-01;13958.00000000;105.76000214;3700.00000000;28.03000069
NE;NORDESTE;2002-04-01;7450.00000000;64.40000153;7450.00000000;64.40000153
S;SUL;2002-04-01;2890.00000000;67.84999847;2890.00000000;67.84999847
SE;SUDESTE;2002-04-01;40629.00000000;116.41000366;38159.00000000;109.33000183
N;NORTE;2002-04-02;13947.00000000;105.66999817;4065.00000000;30.79999924
NE;NORDESTE;2002-04-02;7792.00000000;67.36000061;7792.00000000;67.36000061
S;SUL;2002-04-02;2623.00000000;61.58000183;2623.00000000;61.58000183
SE;SUDESTE;2002-04-02;38840.00000000;111.29000092;38413.00000000;110.05999756
N;NORTE;2002-04-03;13825.00000000;104.75000000;3423.00000000;25.94000053
NE;NORDESTE;2002-04-03;8370.00000000;72.34999847;8370.00000000;72.34999847
S;SUL;2002-04-03;2471.00000000;58.00999832;2471.00000000;58.00999832
SE;SUDESTE;2002-04-03;37021.00000000;106.06999969;36440.00000000;104.41000366
N;NORTE;2002-04-04;13768.00000000;104.31999969;3731.00000000;28.27000046
NE;NORDESTE;2002-04-04;8764.00000000;75.76000214;8764.00000000;75.76000214
S;SUL;2002-04-04;2381.00000000;55.90000153;2381.00000000;55.90000153
SE;SUDESTE;2002-04-04;35212.00000000;100.88999939;34484.00000000;98.80000305
N;NORTE;2002-04-05;13559.00000000;102.73000336;4711.00000000;35.68999863
NE;NORDESTE;2002-04-05;8955.00000000;77.41000366;8955.00000000;77.41000366
S;SUL;2002-04-05;2295.00000000;53.88000107;2295.00000000;53.88000107
SE;SUDESTE;2002-04-05;33498.00000000;95.98000336;33173.00000000;95.05000305
N;NORTE;2002-04-06;13292.00000000;100.70999908;4729.00000000;35.83000183
NE;NORDESTE;2002-04-06;9130.00000000;78.91999817;9130.00000000;78.91999817
S;SUL;2002-04-06;2423.00000000;56.88999939;2423.00000000;56.88999939
SE;SUDESTE;2002-04-06;31628.00000000;90.62000275;31344.00000000;89.80999756
N;NORTE;2002-04-07;13184.00000000;99.88999939;3861.00000000;29.25000000
NE;NORDESTE;2002-04-07;9220.00000000;79.69999695;9220.00000000;79.69999695
S;SUL;2002-04-07;2518.00000000;59.11999893;2518.00000000;59.11999893
SE;SUDESTE;2002-04-07;30417.00000000;87.15000153;30115.00000000;86.29000092
N;NORTE;2002-04-08;13173.00000000;99.80999756;3807.00000000;28.84000015
NE;NORDESTE;2002-04-08;9145.00000000;79.05000305;9145.00000000;79.05000305
S;SUL;2002-04-08;2361.00000000;55.43000031;2361.00000000;55.43000031
SE;SUDESTE;2002-04-08;29171.00000000;83.58000183;29045.00000000;83.22000122
N;NORTE;2002-04-09;12920.00000000;97.88999939;3742.00000000;28.35000038
NE;NORDESTE;2002-04-09;8906.00000000;76.98999786;8906.00000000;76.98999786
S;SUL;2002-04-09;2293.00000000;53.83000183;2293.00000000;53.83000183
SE;SUDESTE;2002-04-09;28504.00000000;81.66999817;28405.00000000;81.38999939
N;NORTE;2002-04-10;12671.00000000;96.00000000;3600.00000000;27.28000069
NE;NORDESTE;2002-04-10;8509.00000000;73.55999756;8509.00000000;73.55999756
S;SUL;2002-04-10;2260.00000000;53.06000137;2260.00000000;53.06000137
SE;SUDESTE;2002-04-10;28188.00000000;80.76000214;28042.00000000;80.34999847
N;NORTE;2002-04-11;12601.00000000;95.47000122;3929.00000000;29.77000046
NE;NORDESTE;2002-04-11;8031.00000000;69.41999817;8031.00000000;69.41999817
S;SUL;2002-04-11;2255.00000000;52.93999863;2255.00000000;52.93999863
SE;SUDESTE;2002-04-11;27940.00000000;80.05000305;27579.00000000;79.01999664
N;NORTE;2002-04-12;12473.00000000;94.50000000;4085.00000000;30.95000076
NE;NORDESTE;2002-04-12;8330.00000000;72.01000214;8330.00000000;72.01000214
S;SUL;2002-04-12;2235.00000000;52.47000122;2235.00000000;52.47000122
SE;SUDESTE;2002-04-12;27495.00000000;78.77999878;27059.00000000;77.52999878
N;NORTE;2002-04-13;12470.00000000;94.48000336;4228.00000000;32.02999878
NE;NORDESTE;2002-04-13;10030.00000000;86.69999695;10030.00000000;86.69999695
S;SUL;2002-04-13;2146.00000000;50.38000107;2146.00000000;50.38000107
SE;SUDESTE;2002-04-13;27125.00000000;77.72000122;26396.00000000;75.62999725
N;NORTE;2002-04-14;12659.00000000;95.91000366;3641.00000000;27.59000015
NE;NORDESTE;2002-04-14;6824.00000000;58.99000168;6824.00000000;58.99000168
S;SUL;2002-04-14;2115.00000000;49.65000153;2115.00000000;49.65000153
SE;SUDESTE;2002-04-14;26947.00000000;77.20999908;26394.00000000;75.62000275
N;NORTE;2002-04-15;12735.00000000;96.48999786;3416.00000000;25.87999916
NE;NORDESTE;2002-04-15;6212.00000000;53.70000076;6212.00000000;53.70000076
S;SUL;2002-04-15;2118.00000000;49.72999954;2118.00000000;49.72999954
SE;SUDESTE;2002-04-15;26267.00000000;75.26000214;26053.00000000;74.65000153
N;NORTE;2002-04-16;12671.00000000;96.00000000;1931.00000000;14.63000011
NE;NORDESTE;2002-04-16;5929.00000000;51.25000000;5929.00000000;51.25000000
S;SUL;2002-04-16;2077.00000000;48.75999832;2077.00000000;48.75999832
SE;SUDESTE;2002-04-16;25615.00000000;73.38999939;25406.00000000;72.79000092
N;NORTE;2002-04-17;12754.00000000;96.62999725;2831.00000000;21.45000076
NE;NORDESTE;2002-04-17;5691.00000000;49.20000076;5691.00000000;49.20000076
S;SUL;2002-04-17;1975.00000000;46.36999893;1975.00000000;46.36999893
SE;SUDESTE;2002-04-17;25154.00000000;72.06999969;24938.00000000;71.44999695
N;NORTE;2002-04-18;12583.00000000;95.33999634;3702.00000000;28.04999924
NE;NORDESTE;2002-04-18;5506.00000000;47.59999847;5506.00000000;47.59999847
S;SUL;2002-04-18;2033.00000000;47.72999954;2033.00000000;47.72999954
SE;SUDESTE;2002-04-18;24714.00000000;70.80999756;24618.00000000;70.54000092
N;NORTE;2002-04-19;12272.00000000;92.98000336;3814.00000000;28.89999962
NE;NORDESTE;2002-04-19;5380.00000000;46.50999832;5380.00000000;46.50999832
S;SUL;2002-04-19;2300.00000000;54.00000000;2300.00000000;54.00000000
SE;SUDESTE;2002-04-19;24156.00000000;69.20999908;24031.00000000;68.84999847
N;NORTE;2002-04-20;12188.00000000;92.34999847;3740.00000000;28.34000015
NE;NORDESTE;2002-04-20;5246.00000000;45.34999847;5246.00000000;45.34999847
S;SUL;2002-04-20;2917.00000000;68.48000336;2917.00000000;68.48000336
SE;SUDESTE;2002-04-20;23861.00000000;68.37000275;23684.00000000;67.86000061
N;NORTE;2002-04-21;12097.00000000;91.66000366;3262.00000000;24.71999931
NE;NORDESTE;2002-04-21;5179.00000000;44.77000046;5179.00000000;44.77000046
S;SUL;2002-04-21;3299.00000000;77.44999695;3299.00000000;77.44999695
SE;SUDESTE;2002-04-21;23121.00000000;66.25000000;22742.00000000;65.16000366
N;NORTE;2002-04-22;11739.00000000;88.94000244;3000.00000000;22.72999954
NE;NORDESTE;2002-04-22;5123.00000000;44.29000092;5123.00000000;44.29000092
S;SUL;2002-04-22;3223.00000000;75.66999817;3223.00000000;75.66999817
SE;SUDESTE;2002-04-22;22397.00000000;64.16999817;22317.00000000;63.93999863
N;NORTE;2002-04-23;11366.00000000;86.12000275;2935.00000000;22.23999977
NE;NORDESTE;2002-04-23;5081.00000000;43.91999817;5081.00000000;43.91999817
S;SUL;2002-04-23;3018.00000000;70.86000061;3018.00000000;70.86000061
SE;SUDESTE;2002-04-23;22048.00000000;63.16999817;21969.00000000;62.95000076
N;NORTE;2002-04-24;10919.00000000;82.73000336;3007.00000000;22.78000069
NE;NORDESTE;2002-04-24;5048.00000000;43.63999939;5048.00000000;43.63999939
S;SUL;2002-04-24;2823.00000000;66.27999878;2823.00000000;66.27999878
SE;SUDESTE;2002-04-24;21558.00000000;61.77000046;21502.00000000;61.61000061
N;NORTE;2002-04-25;10501.00000000;79.55999756;4132.00000000;31.30999947
NE;NORDESTE;2002-04-25;5043.00000000;43.59000015;5043.00000000;43.59000015
S;SUL;2002-04-25;2674.00000000;62.77999878;2674.00000000;62.77999878
SE;SUDESTE;2002-04-25;20908.00000000;59.90999985;20555.00000000;58.88999939
N;NORTE;2002-04-26;10026.00000000;75.95999908;4336.00000000;32.84999847
NE;NORDESTE;2002-04-26;5029.00000000;43.47000122;5029.00000000;43.47000122
S;SUL;2002-04-26;2619.00000000;61.49000168;2619.00000000;61.49000168
SE;SUDESTE;2002-04-26;20338.00000000;58.27000046;19894.00000000;57.00000000
N;NORTE;2002-04-27;9767.00000000;74.00000000;3789.00000000;28.70999908
NE;NORDESTE;2002-04-27;5010.00000000;43.31000137;5010.00000000;43.31000137
S;SUL;2002-04-27;2555.00000000;59.99000168;2555.00000000;59.99000168
SE;SUDESTE;2002-04-27;20148.00000000;57.72999954;19697.00000000;56.43999863
N;NORTE;2002-04-28;9363.00000000;70.94000244;2854.00000000;21.62000084
NE;NORDESTE;2002-04-28;4909.00000000;42.43999863;4909.00000000;42.43999863
S;SUL;2002-04-28;2454.00000000;57.61000061;2454.00000000;57.61000061
SE;SUDESTE;2002-04-28;19957.00000000;57.18000031;19487.00000000;55.83000183
N;NORTE;2002-04-29;8990.00000000;68.11000061;2961.00000000;22.43000031
NE;NORDESTE;2002-04-29;4738.00000000;40.95999908;4738.00000000;40.95999908
S;SUL;2002-04-29;2545.00000000;59.75000000;2545.00000000;59.75000000
SE;SUDESTE;2002-04-29;19903.00000000;57.02999878;19879.00000000;56.95999908
N;NORTE;2002-04-30;8722.00000000;66.08000183;3568.00000000;27.03000069
NE;NORDESTE;2002-04-30;4538.00000000;39.22999954;4538.00000000;39.22999954
S;SUL;2002-04-30;2953.00000000;62.59999847;2953.00000000;62.59999847
SE;SUDESTE;2002-04-30;19631.00000000;56.25000000;19608.00000000;56.18000031
N;NORTE;2002-05-01;8507.00000000;98.55999756;3749.00000000;43.43000031
NE;NORDESTE;2002-05-01;4334.00000000;61.84000015;4334.00000000;61.84000015
S;SUL;2002-05-01;2686.00000000;44.36000061;2686.00000000;44.36000061
SE;SUDESTE;2002-05-01;20027.00000000;77.52999878;20019.00000000;77.50000000
N;NORTE;2002-05-02;8054.00000000;93.30999756;3298.00000000;38.20999908
NE;NORDESTE;2002-05-02;4198.00000000;59.90000153;4198.00000000;59.90000153
S;SUL;2002-05-02;2584.00000000;42.68000031;2567.00000000;42.40000153
SE;SUDESTE;2002-05-02;20185.00000000;78.13999939;20142.00000000;77.97000122
N;NORTE;2002-05-03;7990.00000000;92.56999969;3232.00000000;37.43999863
NE;NORDESTE;2002-05-03;3786.00000000;54.02000046;3786.00000000;54.02000046
S;SUL;2002-05-03;2624.00000000;43.34000015;2582.00000000;42.65000153
SE;SUDESTE;2002-05-03;20603.00000000;79.76000214;20545.00000000;79.52999878
N;NORTE;2002-05-04;7930.00000000;91.87000275;3172.00000000;36.75000000
NE;NORDESTE;2002-05-04;3665.00000000;52.29000092;3665.00000000;52.29000092
S;SUL;2002-05-04;2772.00000000;45.77999878;2728.00000000;45.06000137
SE;SUDESTE;2002-05-04;20975.00000000;81.19999695;20916.00000000;80.97000122
N;NORTE;2002-05-05;7684.00000000;89.01999664;2925.00000000;33.88999939
NE;NORDESTE;2002-05-05;3578.00000000;51.04999924;3578.00000000;51.04999924
S;SUL;2002-05-05;2833.00000000;46.79000092;2780.00000000;45.91999817
SE;SUDESTE;2002-05-05;21641.00000000;83.76999664;21557.00000000;83.44999695
N;NORTE;2002-05-06;7439.00000000;86.18000031;2895.00000000;33.54000092
NE;NORDESTE;2002-05-06;3495.00000000;49.86999893;3495.00000000;49.86999893
S;SUL;2002-05-06;3149.00000000;52.00999832;3149.00000000;52.00999832
SE;SUDESTE;2002-05-06;22394.00000000;86.69000244;22345.00000000;86.50000000
N;NORTE;2002-05-07;7344.00000000;85.08000183;3419.00000000;39.61000061
NE;NORDESTE;2002-05-07;3416.00000000;48.74000168;3416.00000000;48.74000168
S;SUL;2002-05-07;3426.00000000;56.59000015;3426.00000000;56.59000015
SE;SUDESTE;2002-05-07;23011.00000000;89.08000183;22961.00000000;88.87999725
N;NORTE;2002-05-08;7121.00000000;82.50000000;3489.00000000;40.41999817
NE;NORDESTE;2002-05-08;3367.00000000;48.04000092;3367.00000000;48.04000092
S;SUL;2002-05-08;3476.00000000;57.40999985;3476.00000000;57.40999985
SE;SUDESTE;2002-05-08;23751.00000000;91.94000244;23722.00000000;91.83000183
N;NORTE;2002-05-09;6877.00000000;79.66999817;3296.00000000;38.18999863
NE;NORDESTE;2002-05-09;3320.00000000;47.36999893;3320.00000000;47.36999893
S;SUL;2002-05-09;3286.00000000;54.27000046;3286.00000000;54.27000046
SE;SUDESTE;2002-05-09;24383.00000000;92.19999695;24241.00000000;91.66000366
N;NORTE;2002-05-10;6708.00000000;77.70999908;3127.00000000;36.22999954
NE;NORDESTE;2002-05-10;3274.00000000;46.70999908;3274.00000000;46.70999908
S;SUL;2002-05-10;3053.00000000;50.41999817;3053.00000000;50.41999817
SE;SUDESTE;2002-05-10;24147.00000000;91.30000305;23984.00000000;90.69000244
N;NORTE;2002-05-11;6581.00000000;76.23999786;3165.00000000;36.66999817
NE;NORDESTE;2002-05-11;3233.00000000;46.13000107;3233.00000000;46.13000107
S;SUL;2002-05-11;2855.00000000;47.15000153;2855.00000000;47.15000153
SE;SUDESTE;2002-05-11;24075.00000000;91.02999878;23982.00000000;90.68000031
N;NORTE;2002-05-12;6388.00000000;74.01000214;2973.00000000;34.43999863
NE;NORDESTE;2002-05-12;3194.00000000;45.56999969;3194.00000000;45.56999969
S;SUL;2002-05-12;2650.00000000;43.77000046;2650.00000000;43.77000046
SE;SUDESTE;2002-05-12;23441.00000000;88.63999939;23349.00000000;88.29000092
N;NORTE;2002-05-13;6032.00000000;69.87999725;2871.00000000;33.25999832
NE;NORDESTE;2002-05-13;3152.00000000;44.97000122;3152.00000000;44.97000122
S;SUL;2002-05-13;2468.00000000;40.75999832;2468.00000000;40.75999832
SE;SUDESTE;2002-05-13;22796.00000000;86.19999695;22702.00000000;85.83999634
N;NORTE;2002-05-14;5761.00000000;66.73999786;3147.00000000;36.45999908
NE;NORDESTE;2002-05-14;3138.00000000;44.77000046;3138.00000000;44.77000046
S;SUL;2002-05-14;2667.00000000;44.04999924;2667.00000000;44.04999924
SE;SUDESTE;2002-05-14;22500.00000000;85.08000183;22396.00000000;84.68000031
N;NORTE;2002-05-15;5636.00000000;65.29000092;3735.00000000;43.27000046
NE;NORDESTE;2002-05-15;3122.00000000;44.54999924;3122.00000000;44.54999924
S;SUL;2002-05-15;3820.00000000;63.09000015;3820.00000000;63.09000015
SE;SUDESTE;2002-05-15;22134.00000000;83.69000244;22036.00000000;83.31999969
N;NORTE;2002-05-16;5487.00000000;63.56999969;3943.00000000;45.68000031
NE;NORDESTE;2002-05-16;3106.00000000;44.31999969;3106.00000000;44.31999969
S;SUL;2002-05-16;6236.00000000;103.00000000;6236.00000000;103.00000000
SE;SUDESTE;2002-05-16;22302.00000000;84.33000183;22218.00000000;84.01000214
N;NORTE;2002-05-17;5332.00000000;61.77000046;3983.00000000;46.13999939
NE;NORDESTE;2002-05-17;3082.00000000;43.97999954;3082.00000000;43.97999954
S;SUL;2002-05-17;8554.00000000;141.27999878;8554.00000000;141.27999878
SE;SUDESTE;2002-05-17;22790.00000000;86.16999817;22752.00000000;86.02999878
N;NORTE;2002-05-18;5283.00000000;61.20999908;4002.00000000;46.36000061
NE;NORDESTE;2002-05-18;3063.00000000;43.70000076;3063.00000000;43.70000076
S;SUL;2002-05-18;13675.00000000;225.86000061;13557.00000000;223.91000366
SE;SUDESTE;2002-05-18;24095.00000000;91.11000061;24032.00000000;90.87000275
N;NORTE;2002-05-19;5203.00000000;60.27999878;4045.00000000;46.86000061
NE;NORDESTE;2002-05-19;3044.00000000;43.43000031;3044.00000000;43.43000031
S;SUL;2002-05-19;15205.00000000;251.13000488;14280.00000000;235.85000610
SE;SUDESTE;2002-05-19;26492.00000000;100.16999817;25714.00000000;97.23000336
N;NORTE;2002-05-20;4999.00000000;57.90999985;4043.00000000;46.84000015
NE;NORDESTE;2002-05-20;3026.00000000;43.18000031;3026.00000000;43.18000031
S;SUL;2002-05-20;16363.00000000;270.26000977;15499.00000000;255.99000549
SE;SUDESTE;2002-05-20;29396.00000000;111.15000153;27307.00000000;103.25000000
N;NORTE;2002-05-21;4743.00000000;54.95000076;3857.00000000;44.68000031
NE;NORDESTE;2002-05-21;3014.00000000;43.00000000;3014.00000000;43.00000000
S;SUL;2002-05-21;17568.00000000;290.16000366;17000.00000000;280.77999878
SE;SUDESTE;2002-05-21;32772.00000000;123.91999817;28153.00000000;106.44999695
N;NORTE;2002-05-22;4786.00000000;55.45000076;3901.00000000;45.18999863
NE;NORDESTE;2002-05-22;2997.00000000;42.75999832;2997.00000000;42.75999832
S;SUL;2002-05-22;15542.00000000;256.70001221;15381.00000000;254.03999329
SE;SUDESTE;2002-05-22;34711.00000000;131.25000000;29773.00000000;112.58000183
N;NORTE;2002-05-23;4939.00000000;57.22000122;3976.00000000;46.06000137
NE;NORDESTE;2002-05-23;2991.00000000;42.68000031;2991.00000000;42.68000031
S;SUL;2002-05-23;12631.00000000;208.61999512;12592.00000000;207.97000122
SE;SUDESTE;2002-05-23;35511.00000000;134.27000427;28564.00000000;108.01000214
N;NORTE;2002-05-24;4868.00000000;56.40000153;3909.00000000;45.29000092
NE;NORDESTE;2002-05-24;2998.00000000;42.77999878;2998.00000000;42.77999878
S;SUL;2002-05-24;10332.00000000;170.64999390;10320.00000000;170.44999695
SE;SUDESTE;2002-05-24;35584.00000000;134.55000305;28070.00000000;106.13999939
N;NORTE;2002-05-25;4908.00000000;56.86000061;3799.00000000;44.00999832
NE;NORDESTE;2002-05-25;2977.00000000;42.47999954;2977.00000000;42.47999954
S;SUL;2002-05-25;8931.00000000;147.50999451;8931.00000000;147.50999451
SE;SUDESTE;2002-05-25;34207.00000000;129.33999634;27711.00000000;104.77999878
N;NORTE;2002-05-26;4975.00000000;57.63999939;3596.00000000;41.65999985
NE;NORDESTE;2002-05-26;2973.00000000;42.41999817;2973.00000000;42.41999817
S;SUL;2002-05-26;7915.00000000;130.72999573;7915.00000000;130.72999573
SE;SUDESTE;2002-05-26;31940.00000000;120.76999664;24757.00000000;93.61000061
N;NORTE;2002-05-27;4732.00000000;54.81999969;2971.00000000;34.41999817
NE;NORDESTE;2002-05-27;2972.00000000;42.40999985;2972.00000000;42.40999985
S;SUL;2002-05-27;7142.00000000;117.95999908;7142.00000000;117.95999908
SE;SUDESTE;2002-05-27;29749.00000000;112.48999786;26651.00000000;100.76999664
N;NORTE;2002-05-28;4510.00000000;52.25000000;2871.00000000;33.25999832
NE;NORDESTE;2002-05-28;2937.00000000;41.90999985;2937.00000000;41.90999985
S;SUL;2002-05-28;6503.00000000;107.41000366;6503.00000000;107.41000366
SE;SUDESTE;2002-05-28;27786.00000000;105.05999756;26198.00000000;99.05999756
N;NORTE;2002-05-29;4500.00000000;52.13000107;3524.00000000;40.83000183
NE;NORDESTE;2002-05-29;2864.00000000;40.86000061;2864.00000000;40.86000061
S;SUL;2002-05-29;6189.00000000;102.22000122;6189.00000000;102.22000122
SE;SUDESTE;2002-05-29;26070.00000000;98.58000183;25538.00000000;96.55999756
N;NORTE;2002-05-30;4437.00000000;51.40000153;3858.00000000;44.70000076
NE;NORDESTE;2002-05-30;2808.00000000;40.06999969;2808.00000000;40.06999969
S;SUL;2002-05-30;5981.00000000;98.77999878;5981.00000000;98.77999878
SE;SUDESTE;2002-05-30;24622.00000000;93.09999847;23277.00000000;88.01999664
N;NORTE;2002-05-31;4440.00000000;51.43999863;3268.00000000;37.86000061
NE;NORDESTE;2002-05-31;2790.00000000;39.81000137;2790.00000000;39.81000137
S;SUL;2002-05-31;5680.00000000;93.80999756;5680.00000000;93.80999756
SE;SUDESTE;2002-05-31;23612.00000000;89.27999878;23307.00000000;88.12999725
N;NORTE;2002-06-01;4330.00000000;106.90000153;2845.00000000;70.23999786
NE;NORDESTE;2002-06-01;2749.00000000;59.77000046;2749.00000000;59.77000046
S;SUL;2002-06-01;5304.00000000;72.09999847;5304.00000000;72.09999847
SE;SUDESTE;2002-06-01;22914.00000000;99.62999725;22877.00000000;99.47000122
N;NORTE;2002-06-02;4076.00000000;100.62999725;2591.00000000;63.97000122
NE;NORDESTE;2002-06-02;2708.00000000;58.88000107;2708.00000000;58.88000107
S;SUL;2002-06-02;4938.00000000;67.12999725;4938.00000000;67.12999725
SE;SUDESTE;2002-06-02;22127.00000000;96.20999908;21331.00000000;92.75000000
N;NORTE;2002-06-03;3966.00000000;97.91000366;3048.00000000;75.25000000
NE;NORDESTE;2002-06-03;2694.00000000;58.58000183;2694.00000000;58.58000183
S;SUL;2002-06-03;4627.00000000;62.90000153;4627.00000000;62.90000153
SE;SUDESTE;2002-06-03;21763.00000000;94.62000275;21557.00000000;93.73000336
N;NORTE;2002-06-04;3782.00000000;93.37000275;3381.00000000;83.47000122
NE;NORDESTE;2002-06-04;2692.00000000;58.52999878;2692.00000000;58.52999878
S;SUL;2002-06-04;4405.00000000;59.88000107;4405.00000000;59.88000107
SE;SUDESTE;2002-06-04;21446.00000000;93.25000000;21216.00000000;92.25000000
N;NORTE;2002-06-05;3452.00000000;85.22000122;3079.00000000;76.01000214
NE;NORDESTE;2002-06-05;2699.00000000;58.68999863;2699.00000000;58.68999863
S;SUL;2002-06-05;4181.00000000;56.84000015;4181.00000000;56.84000015
SE;SUDESTE;2002-06-05;21065.00000000;91.58999634;20843.00000000;90.62000275
N;NORTE;2002-06-06;3327.00000000;82.13999939;2481.00000000;61.25000000
NE;NORDESTE;2002-06-06;2720.00000000;59.13999939;2720.00000000;59.13999939
S;SUL;2002-06-06;3990.00000000;54.24000168;3990.00000000;54.24000168
SE;SUDESTE;2002-06-06;20546.00000000;89.33000183;20540.00000000;89.30999756
N;NORTE;2002-06-07;3334.00000000;82.30999756;2629.00000000;64.91000366
NE;NORDESTE;2002-06-07;2713.00000000;58.99000168;2713.00000000;58.99000168
S;SUL;2002-06-07;4223.00000000;57.40999985;4223.00000000;57.40999985
SE;SUDESTE;2002-06-07;20159.00000000;87.65000153;20142.00000000;87.58000183
N;NORTE;2002-06-08;3230.00000000;79.73999786;2712.00000000;66.94999695
NE;NORDESTE;2002-06-08;2875.00000000;62.50999832;2875.00000000;62.50999832
S;SUL;2002-06-08;5642.00000000;76.69999695;5611.00000000;76.27999878
SE;SUDESTE;2002-06-08;19954.00000000;86.76000214;19947.00000000;86.73000336
N;NORTE;2002-06-09;3042.00000000;75.09999847;2620.00000000;64.68000031
NE;NORDESTE;2002-06-09;2886.00000000;62.75000000;2886.00000000;62.75000000
S;SUL;2002-06-09;8056.00000000;109.51999664;7964.00000000;108.26999664
SE;SUDESTE;2002-06-09;19686.00000000;85.58999634;19663.00000000;85.48999786
N;NORTE;2002-06-10;3010.00000000;74.30999756;2812.00000000;69.41999817
NE;NORDESTE;2002-06-10;2896.00000000;62.97000122;2896.00000000;62.97000122
S;SUL;2002-06-10;9446.00000000;128.41000366;8932.00000000;121.43000031
SE;SUDESTE;2002-06-10;19439.00000000;84.51999664;19416.00000000;84.41999817
N;NORTE;2002-06-11;3027.00000000;74.73000336;3011.00000000;74.33999634
NE;NORDESTE;2002-06-11;2853.00000000;62.02999878;2853.00000000;62.02999878
S;SUL;2002-06-11;9856.00000000;133.99000549;8933.00000000;121.44000244
SE;SUDESTE;2002-06-11;19164.00000000;83.31999969;19162.00000000;83.31999969
N;NORTE;2002-06-12;2930.00000000;72.33999634;2917.00000000;72.01999664
NE;NORDESTE;2002-06-12;2836.00000000;61.65999985;2836.00000000;61.65999985
S;SUL;2002-06-12;10905.00000000;148.25000000;9255.00000000;125.81999969
SE;SUDESTE;2002-06-12;19016.00000000;82.68000031;19014.00000000;82.66999817
N;NORTE;2002-06-13;2794.00000000;68.98000336;2784.00000000;68.73000336
NE;NORDESTE;2002-06-13;2792.00000000;60.70999908;2792.00000000;60.70999908
S;SUL;2002-06-13;12589.00000000;171.13999939;8400.00000000;114.19000244
SE;SUDESTE;2002-06-13;18612.00000000;80.91999817;18610.00000000;80.91999817
N;NORTE;2002-06-14;2851.00000000;70.38999939;2841.00000000;70.13999939
NE;NORDESTE;2002-06-14;2745.00000000;59.68999863;2745.00000000;59.68999863
S;SUL;2002-06-14;12600.00000000;171.28999329;6841.00000000;93.00000000
SE;SUDESTE;2002-06-14;18291.00000000;79.52999878;18289.00000000;79.51999664
N;NORTE;2002-06-15;2854.00000000;70.45999908;2844.00000000;70.20999908
NE;NORDESTE;2002-06-15;2653.00000000;57.68999863;2653.00000000;57.68999863
S;SUL;2002-06-15;11438.00000000;155.49000549;7147.00000000;97.16000366
SE;SUDESTE;2002-06-15;18390.00000000;79.95999908;18358.00000000;79.81999969
N;NORTE;2002-06-16;2770.00000000;68.38999939;2760.00000000;68.13999939
NE;NORDESTE;2002-06-16;2567.00000000;55.81999969;2567.00000000;55.81999969
S;SUL;2002-06-16;10383.00000000;141.14999390;5839.00000000;79.37999725
SE;SUDESTE;2002-06-16;18142.00000000;78.87999725;18119.00000000;78.77999878
N;NORTE;2002-06-17;2680.00000000;66.16000366;2669.00000000;65.88999939
NE;NORDESTE;2002-06-17;2526.00000000;54.91999817;2526.00000000;54.91999817
S;SUL;2002-06-17;9532.00000000;129.58000183;4601.00000000;62.54999924
SE;SUDESTE;2002-06-17;18001.00000000;78.26999664;17991.00000000;78.22000122
N;NORTE;2002-06-18;2671.00000000;65.94000244;2659.00000000;65.65000153
NE;NORDESTE;2002-06-18;2550.00000000;55.45000076;2550.00000000;55.45000076
S;SUL;2002-06-18;8902.00000000;121.01999664;4911.00000000;66.76000214
SE;SUDESTE;2002-06-18;17874.00000000;77.72000122;17848.00000000;77.59999847
N;NORTE;2002-06-19;2541.00000000;62.72999954;2526.00000000;62.36000061
NE;NORDESTE;2002-06-19;2593.00000000;56.38000107;2593.00000000;56.38000107
S;SUL;2002-06-19;8143.00000000;110.69999695;5941.00000000;80.76000214
SE;SUDESTE;2002-06-19;17943.00000000;78.01999664;17940.00000000;78.00000000
N;NORTE;2002-06-20;2435.00000000;60.11999893;2419.00000000;59.72000122
NE;NORDESTE;2002-06-20;2577.00000000;56.02999878;2577.00000000;56.02999878
S;SUL;2002-06-20;7180.00000000;97.61000061;5708.00000000;77.59999847
SE;SUDESTE;2002-06-20;17807.00000000;77.41999817;17799.00000000;77.38999939
N;NORTE;2002-06-21;2416.00000000;59.65000153;2402.00000000;59.29999924
NE;NORDESTE;2002-06-21;2559.00000000;55.63999939;2559.00000000;55.63999939
S;SUL;2002-06-21;6325.00000000;85.98000336;5048.00000000;68.62000275
SE;SUDESTE;2002-06-21;17309.00000000;75.26000214;17307.00000000;75.25000000
N;NORTE;2002-06-22;2392.00000000;59.04999924;2382.00000000;58.81000137
NE;NORDESTE;2002-06-22;2507.00000000;54.50999832;2507.00000000;54.50999832
S;SUL;2002-06-22;5760.00000000;78.30000305;5056.00000000;68.73000336
SE;SUDESTE;2002-06-22;17104.00000000;74.37000275;17102.00000000;74.36000061
N;NORTE;2002-06-23;2312.00000000;57.08000183;2301.00000000;56.81000137
NE;NORDESTE;2002-06-23;2462.00000000;53.52999878;2462.00000000;53.52999878
S;SUL;2002-06-23;5497.00000000;74.73000336;5095.00000000;69.26000214
SE;SUDESTE;2002-06-23;17158.00000000;74.59999847;17132.00000000;74.48999786
N;NORTE;2002-06-24;2220.00000000;54.81000137;2209.00000000;54.54000092
NE;NORDESTE;2002-06-24;2418.00000000;52.58000183;2418.00000000;52.58000183
S;SUL;2002-06-24;5129.00000000;69.73000336;4937.00000000;67.12000275
SE;SUDESTE;2002-06-24;17167.00000000;74.63999939;17120.00000000;74.44000244
N;NORTE;2002-06-25;2262.00000000;55.84000015;2251.00000000;55.56999969
NE;NORDESTE;2002-06-25;2392.00000000;52.00999832;2392.00000000;52.00999832
S;SUL;2002-06-25;4845.00000000;65.86000061;4658.00000000;63.31999969
SE;SUDESTE;2002-06-25;17262.00000000;75.05000305;17212.00000000;74.83999634
N;NORTE;2002-06-26;2200.00000000;54.31000137;2189.00000000;54.04000092
NE;NORDESTE;2002-06-26;2368.00000000;51.49000168;2368.00000000;51.49000168
S;SUL;2002-06-26;4436.00000000;60.29999924;4255.00000000;57.84000015
SE;SUDESTE;2002-06-26;17140.00000000;74.51999664;17133.00000000;74.48999786
N;NORTE;2002-06-27;2187.00000000;53.99000168;2180.00000000;53.81999969
NE;NORDESTE;2002-06-27;2350.00000000;51.09999847;2350.00000000;51.09999847
S;SUL;2002-06-27;4093.00000000;55.63999939;3917.00000000;53.25000000
SE;SUDESTE;2002-06-27;16988.00000000;73.86000061;16986.00000000;73.84999847
N;NORTE;2002-06-28;2229.00000000;55.02999878;2229.00000000;55.02999878
NE;NORDESTE;2002-06-28;2266.00000000;49.27000046;2266.00000000;49.27000046
S;SUL;2002-06-28;3838.00000000;52.18000031;3661.00000000;49.77000046
SE;SUDESTE;2002-06-28;16902.00000000;73.48999786;16875.00000000;73.37000275
N;NORTE;2002-06-29;2194.00000000;54.16999817;2194.00000000;54.16999817
NE;NORDESTE;2002-06-29;2177.00000000;47.34000015;2177.00000000;47.34000015
S;SUL;2002-06-29;3763.00000000;51.15999985;3593.00000000;48.84000015
SE;SUDESTE;2002-06-29;16843.00000000;73.23000336;16841.00000000;73.22000122
N;NORTE;2002-06-30;2042.00000000;50.40999985;2042.00000000;50.40999985
NE;NORDESTE;2002-06-30;2209.00000000;48.02999878;2209.00000000;48.02999878
S;SUL;2002-06-30;3864.00000000;52.52999878;3714.00000000;50.49000168
SE;SUDESTE;2002-06-30;16843.00000000;73.23000336;16841.00000000;73.22000122
N;NORTE;2002-07-01;2009.00000000;86.19000244;2009.00000000;86.19000244
NE;NORDESTE;2002-07-01;2200.00000000;58.18000031;2200.00000000;58.18000031
S;SUL;2002-07-01;5242.00000000;67.66999817;5035.00000000;65.00000000
SE;SUDESTE;2002-07-01;16633.00000000;86.58999634;16615.00000000;86.48999786
N;NORTE;2002-07-02;1923.00000000;82.50000000;1923.00000000;82.50000000
NE;NORDESTE;2002-07-02;2321.00000000;61.38000107;2321.00000000;61.38000107
S;SUL;2002-07-02;7330.00000000;94.62000275;5990.00000000;77.33000183
SE;SUDESTE;2002-07-02;16502.00000000;85.91000366;16451.00000000;85.63999939
N;NORTE;2002-07-03;1851.00000000;79.41000366;1851.00000000;79.41000366
NE;NORDESTE;2002-07-03;2389.00000000;63.18000031;2389.00000000;63.18000031
S;SUL;2002-07-03;7877.00000000;101.69000244;5430.00000000;70.09999847
SE;SUDESTE;2002-07-03;16325.00000000;84.98000336;16245.00000000;84.56999969
N;NORTE;2002-07-04;1782.00000000;76.44999695;1782.00000000;76.44999695
NE;NORDESTE;2002-07-04;2465.00000000;65.19000244;2465.00000000;65.19000244
S;SUL;2002-07-04;7210.00000000;93.08000183;5712.00000000;73.73999786
SE;SUDESTE;2002-07-04;16185.00000000;84.26000214;16168.00000000;84.16999817
N;NORTE;2002-07-05;1816.00000000;77.91000366;1816.00000000;77.91000366
NE;NORDESTE;2002-07-05;2567.00000000;67.88999939;2567.00000000;67.88999939
S;SUL;2002-07-05;5734.00000000;74.01999664;4549.00000000;58.72000122
SE;SUDESTE;2002-07-05;15578.00000000;81.09999847;15575.00000000;81.08000183
N;NORTE;2002-07-06;1728.00000000;74.12999725;1728.00000000;74.12999725
NE;NORDESTE;2002-07-06;2590.00000000;68.50000000;2590.00000000;68.50000000
S;SUL;2002-07-06;5032.00000000;64.95999908;4082.00000000;52.70000076
SE;SUDESTE;2002-07-06;15356.00000000;79.94000244;15354.00000000;79.93000031
N;NORTE;2002-07-07;1759.00000000;75.45999908;1759.00000000;75.45999908
NE;NORDESTE;2002-07-07;2585.00000000;68.36000061;2585.00000000;68.36000061
S;SUL;2002-07-07;4933.00000000;63.68000031;3959.00000000;51.11000061
SE;SUDESTE;2002-07-07;15306.00000000;79.68000031;15303.00000000;79.66000366
N;NORTE;2002-07-08;1719.00000000;73.75000000;1719.00000000;73.75000000
NE;NORDESTE;2002-07-08;2527.00000000;66.83000183;2527.00000000;66.83000183
S;SUL;2002-07-08;4960.00000000;64.02999878;4298.00000000;55.47999954
SE;SUDESTE;2002-07-08;15419.00000000;80.26999664;15417.00000000;80.26000214
N;NORTE;2002-07-09;1776.00000000;76.19000244;1776.00000000;76.19000244
NE;NORDESTE;2002-07-09;2498.00000000;66.05999756;2498.00000000;66.05999756
S;SUL;2002-07-09;4966.00000000;64.11000061;4691.00000000;60.56000137
SE;SUDESTE;2002-07-09;15397.00000000;80.15000153;15395.00000000;80.13999939
N;NORTE;2002-07-10;1707.00000000;73.23000336;1707.00000000;73.23000336
NE;NORDESTE;2002-07-10;2472.00000000;65.37999725;2472.00000000;65.37999725
S;SUL;2002-07-10;4700.00000000;60.66999817;4435.00000000;57.25000000
SE;SUDESTE;2002-07-10;15647.00000000;81.45999908;15644.00000000;81.44000244
N;NORTE;2002-07-11;1755.00000000;75.29000092;1755.00000000;75.29000092
NE;NORDESTE;2002-07-11;2470.00000000;65.31999969;2470.00000000;65.31999969
S;SUL;2002-07-11;4398.00000000;56.77000046;4141.00000000;53.45999908
SE;SUDESTE;2002-07-11;15723.00000000;81.84999847;15718.00000000;81.81999969
N;NORTE;2002-07-12;1702.00000000;73.01999664;1702.00000000;73.01999664
NE;NORDESTE;2002-07-12;2470.00000000;65.31999969;2470.00000000;65.31999969
S;SUL;2002-07-12;4222.00000000;54.50000000;3967.00000000;51.20999908
SE;SUDESTE;2002-07-12;16221.00000000;84.44000244;16219.00000000;84.43000031
N;NORTE;2002-07-13;1707.00000000;73.23000336;1707.00000000;73.23000336
NE;NORDESTE;2002-07-13;2475.00000000;65.44999695;2475.00000000;65.44999695
S;SUL;2002-07-13;4075.00000000;52.61000061;3838.00000000;49.54999924
SE;SUDESTE;2002-07-13;16330.00000000;85.01000214;16328.00000000;85.00000000
N;NORTE;2002-07-14;1693.00000000;72.62999725;1693.00000000;72.62999725
NE;NORDESTE;2002-07-14;2480.00000000;65.58999634;2480.00000000;65.58999634
S;SUL;2002-07-14;3901.00000000;50.36000061;3688.00000000;47.61000061
SE;SUDESTE;2002-07-14;16561.00000000;85.62000275;16537.00000000;85.50000000
N;NORTE;2002-07-15;1690.00000000;72.50000000;1690.00000000;72.50000000
NE;NORDESTE;2002-07-15;2484.00000000;65.69000244;2484.00000000;65.69000244
S;SUL;2002-07-15;3660.00000000;47.25000000;3421.00000000;44.15999985
SE;SUDESTE;2002-07-15;16519.00000000;85.41000366;16494.00000000;85.27999878
N;NORTE;2002-07-16;1624.00000000;69.66999817;1624.00000000;69.66999817
NE;NORDESTE;2002-07-16;2491.00000000;65.87999725;2491.00000000;65.87999725
S;SUL;2002-07-16;3509.00000000;45.29999924;3282.00000000;42.36999893
SE;SUDESTE;2002-07-16;16641.00000000;86.04000092;16577.00000000;85.70999908
N;NORTE;2002-07-17;1569.00000000;67.30999756;1569.00000000;67.30999756
NE;NORDESTE;2002-07-17;2466.00000000;65.22000122;2466.00000000;65.22000122
S;SUL;2002-07-17;3406.00000000;43.97000122;3208.00000000;41.40999985
SE;SUDESTE;2002-07-17;16595.00000000;85.80000305;16532.00000000;85.47000122
N;NORTE;2002-07-18;1565.00000000;67.13999939;1565.00000000;67.13999939
NE;NORDESTE;2002-07-18;2469.00000000;65.30000305;2469.00000000;65.30000305
S;SUL;2002-07-18;3288.00000000;42.45000076;3219.00000000;41.54999924
SE;SUDESTE;2002-07-18;16612.00000000;85.88999939;16537.00000000;85.50000000
N;NORTE;2002-07-19;1494.00000000;64.09999847;1494.00000000;64.09999847
NE;NORDESTE;2002-07-19;2469.00000000;65.30000305;2469.00000000;65.30000305
S;SUL;2002-07-19;3206.00000000;41.38999939;3143.00000000;40.56999969
SE;SUDESTE;2002-07-19;16283.00000000;84.19000244;16216.00000000;83.83999634
N;NORTE;2002-07-20;1491.00000000;63.97000122;1491.00000000;63.97000122
NE;NORDESTE;2002-07-20;2471.00000000;65.34999847;2471.00000000;65.34999847
S;SUL;2002-07-20;3169.00000000;40.90999985;3109.00000000;40.13000107
SE;SUDESTE;2002-07-20;16071.00000000;83.08999634;16029.00000000;82.87000275
N;NORTE;2002-07-21;1507.00000000;64.65000153;1507.00000000;64.65000153
NE;NORDESTE;2002-07-21;2448.00000000;64.73999786;2448.00000000;64.73999786
S;SUL;2002-07-21;3337.00000000;43.08000183;3309.00000000;42.72000122
SE;SUDESTE;2002-07-21;16152.00000000;83.51000214;16110.00000000;83.29000092
N;NORTE;2002-07-22;1500.00000000;64.34999847;1500.00000000;64.34999847
NE;NORDESTE;2002-07-22;2452.00000000;64.84999847;2452.00000000;64.84999847
S;SUL;2002-07-22;3662.00000000;47.27000046;3597.00000000;46.43000031
SE;SUDESTE;2002-07-22;16664.00000000;86.16000366;16623.00000000;85.94999695
N;NORTE;2002-07-23;1443.00000000;61.90999985;1443.00000000;61.90999985
NE;NORDESTE;2002-07-23;2451.00000000;64.81999969;2451.00000000;64.81999969
S;SUL;2002-07-23;3858.00000000;49.79999924;3768.00000000;48.63999939
SE;SUDESTE;2002-07-23;17192.00000000;88.88999939;17151.00000000;88.68000031
N;NORTE;2002-07-24;1382.00000000;59.29000092;1382.00000000;59.29000092
NE;NORDESTE;2002-07-24;2444.00000000;64.63999939;2444.00000000;64.63999939
S;SUL;2002-07-24;3739.00000000;48.27000046;3616.00000000;46.68000031
SE;SUDESTE;2002-07-24;17284.00000000;89.36000061;17243.00000000;89.15000153
N;NORTE;2002-07-25;1406.00000000;60.31999969;1406.00000000;60.31999969
NE;NORDESTE;2002-07-25;2437.00000000;64.44999695;2437.00000000;64.44999695
S;SUL;2002-07-25;3774.00000000;48.72000122;3489.00000000;45.04000092
SE;SUDESTE;2002-07-25;17551.00000000;90.73999786;17512.00000000;90.54000092
N;NORTE;2002-07-26;1411.00000000;60.52999878;1411.00000000;60.52999878
NE;NORDESTE;2002-07-26;2440.00000000;64.52999878;2440.00000000;64.52999878
S;SUL;2002-07-26;4176.00000000;53.90999985;3845.00000000;49.63999939
SE;SUDESTE;2002-07-26;17368.00000000;89.80000305;17328.00000000;89.58999634
N;NORTE;2002-07-27;1427.00000000;61.22000122;1427.00000000;61.22000122
NE;NORDESTE;2002-07-27;2440.00000000;64.52999878;2440.00000000;64.52999878
S;SUL;2002-07-27;5002.00000000;64.56999969;3771.00000000;48.68000031
SE;SUDESTE;2002-07-27;17416.00000000;90.05000305;17375.00000000;89.83000183
N;NORTE;2002-07-28;1439.00000000;61.74000168;1439.00000000;61.74000168
NE;NORDESTE;2002-07-28;2439.00000000;64.50000000;2439.00000000;64.50000000
S;SUL;2002-07-28;4840.00000000;62.47999954;3721.00000000;48.04000092
SE;SUDESTE;2002-07-28;17365.00000000;89.77999878;17330.00000000;89.59999847
N;NORTE;2002-07-29;1517.00000000;65.08000183;1517.00000000;65.08000183
NE;NORDESTE;2002-07-29;2439.00000000;64.50000000;2439.00000000;64.50000000
S;SUL;2002-07-29;4318.00000000;55.74000168;3588.00000000;46.31999969
SE;SUDESTE;2002-07-29;17036.00000000;88.08000183;16996.00000000;87.87000275
N;NORTE;2002-07-30;1527.00000000;65.51000214;1527.00000000;65.51000214
NE;NORDESTE;2002-07-30;2434.00000000;64.37000275;2434.00000000;64.37000275
S;SUL;2002-07-30;4182.00000000;53.99000168;3453.00000000;44.58000183
SE;SUDESTE;2002-07-30;16739.00000000;86.55000305;16699.00000000;86.33999634
N;NORTE;2002-07-31;1501.00000000;64.40000153;1501.00000000;64.40000153
NE;NORDESTE;2002-07-31;2420.00000000;64.00000000;2420.00000000;64.00000000
S;SUL;2002-07-31;5175.00000000;66.80999756;4372.00000000;56.43999863
SE;SUDESTE;2002-07-31;16792.00000000;86.81999969;16752.00000000;86.61000061
N;NORTE;2002-08-01;1464.00000000;89.55999756;1464.00000000;89.55999756
NE;NORDESTE;2002-08-01;2406.00000000;72.91000366;2406.00000000;72.91000366
S;SUL;2002-08-01;7202.00000000;104.55999756;6500.00000000;94.36000061
SE;SUDESTE;2002-08-01;16680.00000000;103.94000244;16643.00000000;103.70999908
N;NORTE;2002-08-02;1402.00000000;85.76999664;1402.00000000;85.76999664
NE;NORDESTE;2002-08-02;2390.00000000;72.41999817;2390.00000000;72.41999817
S;SUL;2002-08-02;8752.00000000;127.05999756;8178.00000000;118.72000122
SE;SUDESTE;2002-08-02;17667.00000000;110.08999634;17618.00000000;109.79000092
N;NORTE;2002-08-03;1325.00000000;81.05999756;1325.00000000;81.05999756
NE;NORDESTE;2002-08-03;2327.00000000;70.51000214;2327.00000000;70.51000214
S;SUL;2002-08-03;9497.00000000;137.86999512;9197.00000000;133.52000427
SE;SUDESTE;2002-08-03;18360.00000000;114.41000366;18286.00000000;113.94999695
N;NORTE;2002-08-04;1254.00000000;76.70999908;1254.00000000;76.70999908
NE;NORDESTE;2002-08-04;2264.00000000;68.59999847;2264.00000000;68.59999847
S;SUL;2002-08-04;9756.00000000;141.63000488;9437.00000000;137.00000000
SE;SUDESTE;2002-08-04;18854.00000000;117.48999786;18767.00000000;116.94999695
N;NORTE;2002-08-05;1185.00000000;72.48999786;1185.00000000;72.48999786
NE;NORDESTE;2002-08-05;2201.00000000;66.69000244;2201.00000000;66.69000244
S;SUL;2002-08-05;9677.00000000;140.49000549;9407.00000000;136.57000732
SE;SUDESTE;2002-08-05;19272.00000000;120.08999634;18926.00000000;117.94000244
N;NORTE;2002-08-06;1218.00000000;74.51000214;1218.00000000;74.51000214
NE;NORDESTE;2002-08-06;2142.00000000;64.91000366;2142.00000000;64.91000366
S;SUL;2002-08-06;9747.00000000;141.50000000;9482.00000000;137.66000366
SE;SUDESTE;2002-08-06;19395.00000000;120.86000061;19179.00000000;119.51000214
N;NORTE;2002-08-07;1204.00000000;73.65000153;1204.00000000;73.65000153
NE;NORDESTE;2002-08-07;2057.00000000;62.33000183;2057.00000000;62.33000183
S;SUL;2002-08-07;9991.00000000;145.03999329;9763.00000000;141.72999573
SE;SUDESTE;2002-08-07;19315.00000000;120.36000061;19092.00000000;118.97000122
N;NORTE;2002-08-08;1229.00000000;75.18000031;1229.00000000;75.18000031
NE;NORDESTE;2002-08-08;2049.00000000;62.09000015;2049.00000000;62.09000015
S;SUL;2002-08-08;9773.00000000;141.88000488;9537.00000000;138.44999695
SE;SUDESTE;2002-08-08;18867.00000000;117.56999969;18649.00000000;116.20999908
N;NORTE;2002-08-09;1200.00000000;73.41000366;1200.00000000;73.41000366
NE;NORDESTE;2002-08-09;2034.00000000;61.63000107;2034.00000000;61.63000107
S;SUL;2002-08-09;9408.00000000;136.58000183;9013.00000000;130.85000610
SE;SUDESTE;2002-08-09;17903.00000000;111.55999756;17726.00000000;110.45999908
N;NORTE;2002-08-10;1171.00000000;71.63999939;1171.00000000;71.63999939
NE;NORDESTE;2002-08-10;1999.00000000;60.56999969;1999.00000000;60.56999969
S;SUL;2002-08-10;9029.00000000;131.08000183;8639.00000000;125.41999817
SE;SUDESTE;2002-08-10;17318.00000000;107.91999817;17125.00000000;106.70999908
N;NORTE;2002-08-11;1147.00000000;70.16999817;1147.00000000;70.16999817
NE;NORDESTE;2002-08-11;1976.00000000;59.88000107;1976.00000000;59.88000107
S;SUL;2002-08-11;8266.00000000;120.00000000;7969.00000000;115.69000244
SE;SUDESTE;2002-08-11;16594.00000000;103.41000366;16366.00000000;101.98000336
N;NORTE;2002-08-12;1158.00000000;70.83999634;1158.00000000;70.83999634
NE;NORDESTE;2002-08-12;1960.00000000;59.38999939;1960.00000000;59.38999939
S;SUL;2002-08-12;7527.00000000;109.26999664;7267.00000000;105.50000000
SE;SUDESTE;2002-08-12;16131.00000000;100.51999664;15954.00000000;99.41999817
N;NORTE;2002-08-13;1151.00000000;70.41000366;1151.00000000;70.41000366
NE;NORDESTE;2002-08-13;1960.00000000;59.38999939;1960.00000000;59.38999939
S;SUL;2002-08-13;6982.00000000;101.36000061;6739.00000000;97.83000183
SE;SUDESTE;2002-08-13;15907.00000000;99.12000275;15739.00000000;98.08000183
N;NORTE;2002-08-14;1133.00000000;69.30999756;1133.00000000;69.30999756
NE;NORDESTE;2002-08-14;1938.00000000;58.72000122;1938.00000000;58.72000122
S;SUL;2002-08-14;6480.00000000;94.06999969;6220.00000000;90.30000305
SE;SUDESTE;2002-08-14;15600.00000000;97.20999908;15557.00000000;96.94000244
N;NORTE;2002-08-15;1194.00000000;73.04000092;1194.00000000;73.04000092
NE;NORDESTE;2002-08-15;1944.00000000;58.90999985;1944.00000000;58.90999985
S;SUL;2002-08-15;6106.00000000;88.63999939;5866.00000000;85.16000366
SE;SUDESTE;2002-08-15;15074.00000000;93.93000031;15032.00000000;93.66999817
N;NORTE;2002-08-16;1158.00000000;70.83999634;1158.00000000;70.83999634
NE;NORDESTE;2002-08-16;1911.00000000;57.90999985;1911.00000000;57.90999985
S;SUL;2002-08-16;5783.00000000;83.94999695;5526.00000000;80.22000122
SE;SUDESTE;2002-08-16;14394.00000000;89.69999695;14349.00000000;89.41999817
N;NORTE;2002-08-17;1216.00000000;74.38999939;1216.00000000;74.38999939
NE;NORDESTE;2002-08-17;1900.00000000;57.56999969;1900.00000000;57.56999969
S;SUL;2002-08-17;5451.00000000;79.13999939;5234.00000000;75.98000336
SE;SUDESTE;2002-08-17;13810.00000000;86.05999756;13769.00000000;85.80000305
N;NORTE;2002-08-18;1166.00000000;71.33000183;1166.00000000;71.33000183
NE;NORDESTE;2002-08-18;1892.00000000;57.33000183;1892.00000000;57.33000183
S;SUL;2002-08-18;5019.00000000;72.86000061;4838.00000000;70.23999786
SE;SUDESTE;2002-08-18;13432.00000000;83.69999695;13311.00000000;82.94999695
N;NORTE;2002-08-19;1129.00000000;69.06999969;1129.00000000;69.06999969
NE;NORDESTE;2002-08-19;1853.00000000;56.15000153;1853.00000000;56.15000153
S;SUL;2002-08-19;4662.00000000;67.68000031;4481.00000000;65.05000305
SE;SUDESTE;2002-08-19;13041.00000000;81.26999664;12995.00000000;80.98000336
N;NORTE;2002-08-20;1072.00000000;65.58000183;1072.00000000;65.58000183
NE;NORDESTE;2002-08-20;1824.00000000;55.27000046;1824.00000000;55.27000046
S;SUL;2002-08-20;4893.00000000;71.02999878;4743.00000000;68.86000061
SE;SUDESTE;2002-08-20;12680.00000000;79.01999664;12630.00000000;78.69999695
N;NORTE;2002-08-21;1117.00000000;68.33000183;1117.00000000;68.33000183
NE;NORDESTE;2002-08-21;1789.00000000;54.20999908;1789.00000000;54.20999908
S;SUL;2002-08-21;6366.00000000;92.41999817;6118.00000000;88.81999969
SE;SUDESTE;2002-08-21;12601.00000000;78.51999664;12547.00000000;78.19000244
N;NORTE;2002-08-22;1033.00000000;63.18999863;1033.00000000;63.18999863
NE;NORDESTE;2002-08-22;1772.00000000;53.68999863;1772.00000000;53.68999863
S;SUL;2002-08-22;8921.00000000;129.50999451;8593.00000000;124.75000000
SE;SUDESTE;2002-08-22;12457.00000000;77.62999725;12401.00000000;77.27999878
N;NORTE;2002-08-23;1095.00000000;66.98999786;1095.00000000;66.98999786
NE;NORDESTE;2002-08-23;1766.00000000;53.50999832;1766.00000000;53.50999832
S;SUL;2002-08-23;11616.00000000;168.63999939;11036.00000000;160.22000122
SE;SUDESTE;2002-08-23;12243.00000000;76.29000092;12170.00000000;75.83999634
N;NORTE;2002-08-24;1060.00000000;64.84999847;1060.00000000;64.84999847
NE;NORDESTE;2002-08-24;1776.00000000;53.81999969;1776.00000000;53.81999969
S;SUL;2002-08-24;12212.00000000;177.28999329;10793.00000000;156.69000244
SE;SUDESTE;2002-08-24;12242.00000000;76.29000092;12168.00000000;75.81999969
N;NORTE;2002-08-25;1006.00000000;61.54000092;1006.00000000;61.54000092
NE;NORDESTE;2002-08-25;1736.00000000;52.59999847;1736.00000000;52.59999847
S;SUL;2002-08-25;9618.00000000;139.63000488;6911.00000000;100.33000183
SE;SUDESTE;2002-08-25;12371.00000000;77.08999634;12318.00000000;76.76000214
N;NORTE;2002-08-26;929.00000000;56.83000183;929.00000000;56.83000183
NE;NORDESTE;2002-08-26;1687.00000000;51.11999893;1687.00000000;51.11999893
S;SUL;2002-08-26;7395.00000000;107.36000061;5708.00000000;82.87000275
SE;SUDESTE;2002-08-26;12170.00000000;75.83999634;12126.00000000;75.55999756
N;NORTE;2002-08-27;903.00000000;55.24000168;903.00000000;55.24000168
NE;NORDESTE;2002-08-27;1661.00000000;50.33000183;1661.00000000;50.33000183
S;SUL;2002-08-27;6302.00000000;91.48999786;5519.00000000;80.12000275
SE;SUDESTE;2002-08-27;11999.00000000;74.76999664;11944.00000000;74.43000031
N;NORTE;2002-08-28;799.00000000;48.88000107;799.00000000;48.88000107
NE;NORDESTE;2002-08-28;1607.00000000;48.68999863;1607.00000000;48.68999863
S;SUL;2002-08-28;5676.00000000;82.40000153;5072.00000000;73.62999725
SE;SUDESTE;2002-08-28;11748.00000000;73.20999908;11698.00000000;72.90000153
N;NORTE;2002-08-29;932.00000000;57.02000046;932.00000000;57.02000046
NE;NORDESTE;2002-08-29;1567.00000000;47.47999954;1567.00000000;47.47999954
S;SUL;2002-08-29;5368.00000000;77.93000031;4929.00000000;71.55999756
SE;SUDESTE;2002-08-29;11770.00000000;73.33999634;11729.00000000;73.08999634
N;NORTE;2002-08-30;990.00000000;60.56000137;990.00000000;60.56000137
NE;NORDESTE;2002-08-30;1616.00000000;48.97000122;1616.00000000;48.97000122
S;SUL;2002-08-30;5205.00000000;75.55999756;4843.00000000;70.30999756
SE;SUDESTE;2002-08-30;11754.00000000;73.25000000;11707.00000000;72.94999695
N;NORTE;2002-08-31;984.00000000;60.20000076;984.00000000;60.20000076
NE;NORDESTE;2002-08-31;1655.00000000;50.15000153;1655.00000000;50.15000153
S;SUL;2002-08-31;4967.00000000;72.11000061;4620.00000000;67.06999969
SE;SUDESTE;2002-08-31;11697.00000000;72.88999939;11647.00000000;72.58000183
N;NORTE;2002-09-01;1044.00000000;80.88999939;1044.00000000;80.88999939
NE;NORDESTE;2002-09-01;1662.00000000;56.18999863;1662.00000000;56.18999863
S;SUL;2002-09-01;4378.00000000;54.16999817;4038.00000000;49.95999908
SE;SUDESTE;2002-09-01;11930.00000000;74.50000000;11874.00000000;74.15000153
N;NORTE;2002-09-02;1150.00000000;89.09999847;1150.00000000;89.09999847
NE;NORDESTE;2002-09-02;1634.00000000;55.25000000;1634.00000000;55.25000000
S;SUL;2002-09-02;4036.00000000;49.93999863;3838.00000000;47.49000168
SE;SUDESTE;2002-09-02;12385.00000000;77.33999634;12325.00000000;76.95999908
N;NORTE;2002-09-03;1050.00000000;81.34999847;1050.00000000;81.34999847
NE;NORDESTE;2002-09-03;1573.00000000;53.18999863;1573.00000000;53.18999863
S;SUL;2002-09-03;3820.00000000;47.25999832;3660.00000000;45.27999878
SE;SUDESTE;2002-09-03;12498.00000000;78.05000305;12460.00000000;77.80999756
N;NORTE;2002-09-04;1037.00000000;80.33999634;1037.00000000;80.33999634
NE;NORDESTE;2002-09-04;1481.00000000;50.06999969;1481.00000000;50.06999969
S;SUL;2002-09-04;3669.00000000;45.40000153;3543.00000000;43.84000015
SE;SUDESTE;2002-09-04;12873.00000000;80.38999939;12839.00000000;80.16999817
N;NORTE;2002-09-05;1034.00000000;80.11000061;1034.00000000;80.11000061
NE;NORDESTE;2002-09-05;1391.00000000;47.02999878;1391.00000000;47.02999878
S;SUL;2002-09-05;3621.00000000;44.79999924;3578.00000000;44.27000046
SE;SUDESTE;2002-09-05;13074.00000000;81.63999939;13035.00000000;81.40000153
N;NORTE;2002-09-06;1073.00000000;83.12999725;1073.00000000;83.12999725
NE;NORDESTE;2002-09-06;1361.00000000;46.02000046;1361.00000000;46.02000046
S;SUL;2002-09-06;4277.00000000;52.91999817;4236.00000000;52.40999985
SE;SUDESTE;2002-09-06;13583.00000000;84.81999969;13553.00000000;84.62999725
N;NORTE;2002-09-07;1051.00000000;81.43000031;1051.00000000;81.43000031
NE;NORDESTE;2002-09-07;1365.00000000;46.15000153;1365.00000000;46.15000153
S;SUL;2002-09-07;5863.00000000;72.54000092;5825.00000000;72.06999969
SE;SUDESTE;2002-09-07;14137.00000000;88.27999878;14107.00000000;88.08999634
N;NORTE;2002-09-08;1099.00000000;85.15000153;1099.00000000;85.15000153
NE;NORDESTE;2002-09-08;1398.00000000;47.27000046;1398.00000000;47.27000046
S;SUL;2002-09-08;6461.00000000;79.94000244;6426.00000000;79.51000214
SE;SUDESTE;2002-09-08;14085.00000000;87.95999908;14053.00000000;87.76000214
N;NORTE;2002-09-09;1041.00000000;80.65000153;1041.00000000;80.65000153
NE;NORDESTE;2002-09-09;1449.00000000;48.99000168;1449.00000000;48.99000168
S;SUL;2002-09-09;5829.00000000;72.12000275;5802.00000000;71.79000092
SE;SUDESTE;2002-09-09;14302.00000000;89.30999756;14244.00000000;88.94999695
N;NORTE;2002-09-10;1075.00000000;83.29000092;1075.00000000;83.29000092
NE;NORDESTE;2002-09-10;1465.00000000;49.52999878;1465.00000000;49.52999878
S;SUL;2002-09-10;4991.00000000;61.75000000;4811.00000000;59.52999878
SE;SUDESTE;2002-09-10;14704.00000000;91.81999969;14669.00000000;91.59999847
N;NORTE;2002-09-11;901.00000000;69.80999756;901.00000000;69.80999756
NE;NORDESTE;2002-09-11;1463.00000000;49.47000122;1463.00000000;49.47000122
S;SUL;2002-09-11;4973.00000000;61.52999878;4784.00000000;59.18999863
SE;SUDESTE;2002-09-11;14818.00000000;92.52999878;14786.00000000;92.33000183
N;NORTE;2002-09-12;947.00000000;73.37000275;947.00000000;73.37000275
NE;NORDESTE;2002-09-12;1460.00000000;49.36000061;1460.00000000;49.36000061
S;SUL;2002-09-12;5924.00000000;73.30000305;5561.00000000;68.80999756
SE;SUDESTE;2002-09-12;14976.00000000;93.51999664;14944.00000000;93.31999969
N;NORTE;2002-09-13;922.00000000;71.43000031;922.00000000;71.43000031
NE;NORDESTE;2002-09-13;1450.00000000;49.02999878;1450.00000000;49.02999878
S;SUL;2002-09-13;7641.00000000;94.54000092;6982.00000000;86.38999939
SE;SUDESTE;2002-09-13;14830.00000000;92.61000061;14800.00000000;92.41999817
N;NORTE;2002-09-14;981.00000000;76.01000214;981.00000000;76.01000214
NE;NORDESTE;2002-09-14;1464.00000000;49.50000000;1464.00000000;49.50000000
S;SUL;2002-09-14;9327.00000000;115.40000153;8829.00000000;109.23999786
SE;SUDESTE;2002-09-14;14516.00000000;90.65000153;14486.00000000;90.45999908
N;NORTE;2002-09-15;986.00000000;76.38999939;986.00000000;76.38999939
NE;NORDESTE;2002-09-15;1480.00000000;50.04000092;1480.00000000;50.04000092
S;SUL;2002-09-15;10772.00000000;133.27999878;10337.00000000;127.90000153
SE;SUDESTE;2002-09-15;14953.00000000;93.37999725;14923.00000000;93.19000244
N;NORTE;2002-09-16;1066.00000000;82.58999634;1066.00000000;82.58999634
NE;NORDESTE;2002-09-16;1496.00000000;50.58000183;1496.00000000;50.58000183
S;SUL;2002-09-16;11594.00000000;143.44999695;11043.00000000;136.63000488
SE;SUDESTE;2002-09-16;15189.00000000;94.84999847;15160.00000000;94.66999817
N;NORTE;2002-09-17;964.00000000;74.69000244;964.00000000;74.69000244
NE;NORDESTE;2002-09-17;1492.00000000;50.45000076;1492.00000000;50.45000076
S;SUL;2002-09-17;13466.00000000;166.61000061;11631.00000000;143.91000366
SE;SUDESTE;2002-09-17;15212.00000000;94.98999786;15146.00000000;94.58000183
N;NORTE;2002-09-18;935.00000000;72.44000244;935.00000000;72.44000244
NE;NORDESTE;2002-09-18;1462.00000000;49.43000031;1462.00000000;49.43000031
S;SUL;2002-09-18;17772.00000000;219.88999939;11856.00000000;146.69000244
SE;SUDESTE;2002-09-18;15738.00000000;98.27999878;15710.00000000;98.09999847
N;NORTE;2002-09-19;941.00000000;72.91000366;941.00000000;72.91000366
NE;NORDESTE;2002-09-19;1429.00000000;48.31999969;1429.00000000;48.31999969
S;SUL;2002-09-19;20765.00000000;256.92001343;15783.00000000;195.27999878
SE;SUDESTE;2002-09-19;15998.00000000;99.90000153;15971.00000000;99.73000336
N;NORTE;2002-09-20;917.00000000;71.05000305;917.00000000;71.05000305
NE;NORDESTE;2002-09-20;1422.00000000;48.08000183;1422.00000000;48.08000183
S;SUL;2002-09-20;22805.00000000;282.17001343;16392.00000000;202.82000732
SE;SUDESTE;2002-09-20;16634.00000000;103.87000275;16605.00000000;103.69000244
N;NORTE;2002-09-21;914.00000000;70.80999756;914.00000000;70.80999756
NE;NORDESTE;2002-09-21;1414.00000000;47.81000137;1414.00000000;47.81000137
S;SUL;2002-09-21;21769.00000000;269.35000610;17078.00000000;211.30999756
SE;SUDESTE;2002-09-21;18362.00000000;114.66000366;18307.00000000;114.31999969
N;NORTE;2002-09-22;1001.00000000;77.55999756;1001.00000000;77.55999756
NE;NORDESTE;2002-09-22;1407.00000000;47.56999969;1407.00000000;47.56999969
S;SUL;2002-09-22;18377.00000000;227.38000488;14928.00000000;184.69999695
SE;SUDESTE;2002-09-22;18810.00000000;117.45999908;18760.00000000;117.15000153
N;NORTE;2002-09-23;955.00000000;73.98999786;955.00000000;73.98999786
NE;NORDESTE;2002-09-23;1406.00000000;47.54000092;1406.00000000;47.54000092
S;SUL;2002-09-23;14957.00000000;185.05999756;12787.00000000;158.21000671
SE;SUDESTE;2002-09-23;19392.00000000;121.09999847;19345.00000000;120.80000305
N;NORTE;2002-09-24;958.00000000;74.22000122;958.00000000;74.22000122
NE;NORDESTE;2002-09-24;1414.00000000;47.81000137;1414.00000000;47.81000137
S;SUL;2002-09-24;13082.00000000;161.86000061;11547.00000000;142.86999512
SE;SUDESTE;2002-09-24;20186.00000000;126.05000305;20109.00000000;125.56999969
N;NORTE;2002-09-25;919.00000000;71.19999695;919.00000000;71.19999695
NE;NORDESTE;2002-09-25;1456.00000000;49.22999954;1456.00000000;49.22999954
S;SUL;2002-09-25;11975.00000000;148.16999817;10929.00000000;135.22000122
SE;SUDESTE;2002-09-25;20620.00000000;128.75999451;20465.00000000;127.80000305
N;NORTE;2002-09-26;933.00000000;72.29000092;933.00000000;72.29000092
NE;NORDESTE;2002-09-26;1494.00000000;50.50999832;1494.00000000;50.50999832
S;SUL;2002-09-26;11115.00000000;137.52999878;10439.00000000;129.16000366
SE;SUDESTE;2002-09-26;20690.00000000;129.19999695;20509.00000000;128.07000732
N;NORTE;2002-09-27;929.00000000;71.98000336;929.00000000;71.98000336
NE;NORDESTE;2002-09-27;1568.00000000;53.02000046;1568.00000000;53.02000046
S;SUL;2002-09-27;10514.00000000;130.08999634;10118.00000000;125.19000244
SE;SUDESTE;2002-09-27;19544.00000000;122.04000092;19384.00000000;121.05000305
N;NORTE;2002-09-28;966.00000000;74.83999634;966.00000000;74.83999634
NE;NORDESTE;2002-09-28;1604.00000000;54.22999954;1604.00000000;54.22999954
S;SUL;2002-09-28;10036.00000000;124.16999817;9768.00000000;120.86000061
SE;SUDESTE;2002-09-28;18309.00000000;114.33000183;18210.00000000;113.70999908
N;NORTE;2002-09-29;1068.00000000;82.75000000;1068.00000000;82.75000000
NE;NORDESTE;2002-09-29;1655.00000000;55.95999908;1655.00000000;55.95999908
S;SUL;2002-09-29;9719.00000000;120.25000000;9473.00000000;117.20999908
SE;SUDESTE;2002-09-29;17404.00000000;108.68000031;17263.00000000;107.80000305
N;NORTE;2002-09-30;1033.00000000;80.02999878;1033.00000000;80.02999878
NE;NORDESTE;2002-09-30;1747.00000000;59.06999969;1747.00000000;59.06999969
S;SUL;2002-09-30;10871.00000000;134.50999451;10484.00000000;129.72000122
SE;SUDESTE;2002-09-30;16762.00000000;104.66999817;16675.00000000;104.12999725
N;NORTE;2002-10-01;1017.00000000;70.47000122;1017.00000000;70.47000122
NE;NORDESTE;2002-10-01;1817.00000000;56.97000122;1817.00000000;56.97000122
S;SUL;2002-10-01;12625.00000000;133.42999268;11746.00000000;124.13999939
SE;SUDESTE;2002-10-01;15542.00000000;81.20999908;15485.00000000;80.91999817
N;NORTE;2002-10-02;1099.00000000;76.15000153;1099.00000000;76.15000153
NE;NORDESTE;2002-10-02;1894.00000000;59.38999939;1894.00000000;59.38999939
S;SUL;2002-10-02;13800.00000000;145.85000610;12885.00000000;136.17999268
SE;SUDESTE;2002-10-02;15138.00000000;79.09999847;15101.00000000;78.91000366
N;NORTE;2002-10-03;1169.00000000;81.00000000;1169.00000000;81.00000000
NE;NORDESTE;2002-10-03;1882.00000000;59.00999832;1882.00000000;59.00999832
S;SUL;2002-10-03;16761.00000000;177.14999390;15134.00000000;159.94999695
SE;SUDESTE;2002-10-03;14800.00000000;77.33999634;14755.00000000;77.09999847
N;NORTE;2002-10-04;1124.00000000;77.87999725;1124.00000000;77.87999725
NE;NORDESTE;2002-10-04;1943.00000000;60.93000031;1943.00000000;60.93000031
S;SUL;2002-10-04;17587.00000000;185.88000488;15522.00000000;164.05000305
SE;SUDESTE;2002-10-04;14656.00000000;76.58000183;14609.00000000;76.33999634
N;NORTE;2002-10-05;1185.00000000;82.11000061;1185.00000000;82.11000061
NE;NORDESTE;2002-10-05;2012.00000000;63.09000015;2012.00000000;63.09000015
S;SUL;2002-10-05;16779.00000000;177.33999634;14185.00000000;149.91999817
SE;SUDESTE;2002-10-05;14428.00000000;75.38999939;14388.00000000;75.18000031
N;NORTE;2002-10-06;1236.00000000;85.63999939;1236.00000000;85.63999939
NE;NORDESTE;2002-10-06;2088.00000000;65.47000122;2088.00000000;65.47000122
S;SUL;2002-10-06;16472.00000000;174.08999634;9413.00000000;99.48999786
SE;SUDESTE;2002-10-06;14409.00000000;75.29000092;14319.00000000;74.81999969
N;NORTE;2002-10-07;1131.00000000;78.37000275;1131.00000000;78.37000275
NE;NORDESTE;2002-10-07;2294.00000000;71.93000031;2294.00000000;71.93000031
S;SUL;2002-10-07;14829.00000000;156.72999573;10770.00000000;113.83000183
SE;SUDESTE;2002-10-07;14101.00000000;73.68000031;13998.00000000;73.15000153
N;NORTE;2002-10-08;1081.00000000;74.90000153;1081.00000000;74.90000153
NE;NORDESTE;2002-10-08;2461.00000000;77.16999817;2461.00000000;77.16999817
S;SUL;2002-10-08;12938.00000000;136.74000549;9874.00000000;104.36000061
SE;SUDESTE;2002-10-08;13621.00000000;71.01000214;13522.00000000;70.48999786
N;NORTE;2002-10-09;1084.00000000;75.11000061;1084.00000000;75.11000061
NE;NORDESTE;2002-10-09;2609.00000000;81.80999756;2609.00000000;81.80999756
S;SUL;2002-10-09;12213.00000000;129.08000183;9529.00000000;100.70999908
SE;SUDESTE;2002-10-09;13114.00000000;68.37000275;12943.00000000;67.47000122
N;NORTE;2002-10-10;1138.00000000;78.84999847;1138.00000000;78.84999847
NE;NORDESTE;2002-10-10;2653.00000000;83.19000244;2653.00000000;83.19000244
S;SUL;2002-10-10;12328.00000000;130.28999329;9659.00000000;102.08999634
SE;SUDESTE;2002-10-10;12277.00000000;64.00000000;11945.00000000;62.27000046
N;NORTE;2002-10-11;1119.00000000;77.54000092;1119.00000000;77.54000092
NE;NORDESTE;2002-10-11;2564.00000000;80.40000153;2564.00000000;80.40000153
S;SUL;2002-10-11;12388.00000000;130.92999268;9946.00000000;105.12000275
SE;SUDESTE;2002-10-11;12061.00000000;62.88000107;11820.00000000;61.61999893
N;NORTE;2002-10-12;1120.00000000;77.61000061;1120.00000000;77.61000061
NE;NORDESTE;2002-10-12;2410.00000000;75.56999969;2410.00000000;75.56999969
S;SUL;2002-10-12;12004.00000000;126.87000275;9342.00000000;98.73000336
SE;SUDESTE;2002-10-12;11647.00000000;60.72000122;11434.00000000;59.61000061
N;NORTE;2002-10-13;1205.00000000;83.50000000;1205.00000000;83.50000000
NE;NORDESTE;2002-10-13;2253.00000000;70.65000153;2253.00000000;70.65000153
S;SUL;2002-10-13;11707.00000000;123.73000336;8167.00000000;86.31999969
SE;SUDESTE;2002-10-13;11125.00000000;58.00000000;10906.00000000;56.86000061
N;NORTE;2002-10-14;1191.00000000;82.52999878;1191.00000000;82.52999878
NE;NORDESTE;2002-10-14;2082.00000000;65.27999878;2082.00000000;65.27999878
S;SUL;2002-10-14;11155.00000000;117.90000153;9188.00000000;97.11000061
SE;SUDESTE;2002-10-14;10755.00000000;56.06999969;10582.00000000;55.16999817
N;NORTE;2002-10-15;1210.00000000;83.83999634;1210.00000000;83.83999634
NE;NORDESTE;2002-10-15;1922.00000000;60.27000046;1922.00000000;60.27000046
S;SUL;2002-10-15;10509.00000000;111.06999969;9275.00000000;98.02999878
SE;SUDESTE;2002-10-15;10293.00000000;53.65999985;10098.00000000;52.63999939
N;NORTE;2002-10-16;1209.00000000;83.76999664;1209.00000000;83.76999664
NE;NORDESTE;2002-10-16;1786.00000000;56.00000000;1786.00000000;56.00000000
S;SUL;2002-10-16;9949.00000000;105.15000153;9019.00000000;95.31999969
SE;SUDESTE;2002-10-16;10225.00000000;53.29999924;9941.00000000;51.81999969
N;NORTE;2002-10-17;1212.00000000;83.98000336;1212.00000000;83.98000336
NE;NORDESTE;2002-10-17;1694.00000000;53.11999893;1694.00000000;53.11999893
S;SUL;2002-10-17;10750.00000000;113.62000275;9578.00000000;101.23000336
SE;SUDESTE;2002-10-17;10378.00000000;54.09999847;10113.00000000;52.72000122
N;NORTE;2002-10-18;1118.00000000;77.47000122;1118.00000000;77.47000122
NE;NORDESTE;2002-10-18;1633.00000000;51.20000076;1633.00000000;51.20000076
S;SUL;2002-10-18;10970.00000000;115.94000244;9146.00000000;96.66000366
SE;SUDESTE;2002-10-18;9913.00000000;51.68000031;9645.00000000;50.27999878
N;NORTE;2002-10-19;1006.00000000;69.70999908;1006.00000000;69.70999908
NE;NORDESTE;2002-10-19;1663.00000000;52.15000153;1663.00000000;52.15000153
S;SUL;2002-10-19;10162.00000000;107.40000153;8348.00000000;88.23000336
SE;SUDESTE;2002-10-19;9750.00000000;50.83000183;9541.00000000;49.74000168
N;NORTE;2002-10-20;911.00000000;63.11999893;911.00000000;63.11999893
NE;NORDESTE;2002-10-20;1765.00000000;55.34000015;1765.00000000;55.34000015
S;SUL;2002-10-20;10835.00000000;114.51000214;9219.00000000;97.43000031
SE;SUDESTE;2002-10-20;9528.00000000;49.66999817;9352.00000000;48.75000000
N;NORTE;2002-10-21;924.00000000;64.01999664;924.00000000;64.01999664
NE;NORDESTE;2002-10-21;1859.00000000;58.29000092;1859.00000000;58.29000092
S;SUL;2002-10-21;11788.00000000;124.58999634;9969.00000000;105.36000061
SE;SUDESTE;2002-10-21;9516.00000000;49.61000061;9356.00000000;48.77000046
N;NORTE;2002-10-22;956.00000000;66.23999786;956.00000000;66.23999786
NE;NORDESTE;2002-10-22;1910.00000000;59.88999939;1910.00000000;59.88999939
S;SUL;2002-10-22;12238.00000000;129.33999634;8775.00000000;92.73999786
SE;SUDESTE;2002-10-22;9826.00000000;51.22000122;9624.00000000;50.16999817
N;NORTE;2002-10-23;993.00000000;68.80999756;993.00000000;68.80999756
NE;NORDESTE;2002-10-23;1887.00000000;59.16999817;1887.00000000;59.16999817
S;SUL;2002-10-23;11104.00000000;117.36000061;7833.00000000;82.79000092
SE;SUDESTE;2002-10-23;9687.00000000;50.50000000;9428.00000000;49.15000153
N;NORTE;2002-10-24;1127.00000000;78.08999634;1127.00000000;78.08999634
NE;NORDESTE;2002-10-24;1776.00000000;55.68999863;1776.00000000;55.68999863
S;SUL;2002-10-24;9859.00000000;104.19999695;7501.00000000;79.27999878
SE;SUDESTE;2002-10-24;9786.00000000;51.02000046;9546.00000000;49.77000046
N;NORTE;2002-10-25;1157.00000000;80.16999817;1157.00000000;80.16999817
NE;NORDESTE;2002-10-25;1735.00000000;54.40000153;1735.00000000;54.40000153
S;SUL;2002-10-25;10669.00000000;112.76000214;8022.00000000;84.77999878
SE;SUDESTE;2002-10-25;10199.00000000;53.16999817;9987.00000000;52.06000137
N;NORTE;2002-10-26;1106.00000000;76.63999939;1106.00000000;76.63999939
NE;NORDESTE;2002-10-26;1698.00000000;53.24000168;1698.00000000;53.24000168
S;SUL;2002-10-26;13829.00000000;146.16000366;8639.00000000;91.30000305
SE;SUDESTE;2002-10-26;10132.00000000;52.81999969;9936.00000000;51.79999924
N;NORTE;2002-10-27;1168.00000000;80.93000031;1168.00000000;80.93000031
NE;NORDESTE;2002-10-27;1690.00000000;52.99000168;1690.00000000;52.99000168
S;SUL;2002-10-27;14917.00000000;157.66000366;10533.00000000;111.31999969
SE;SUDESTE;2002-10-27;10551.00000000;55.00000000;10340.00000000;53.90000153
N;NORTE;2002-10-28;1237.00000000;85.70999908;1237.00000000;85.70999908
NE;NORDESTE;2002-10-28;1675.00000000;52.52000046;1675.00000000;52.52000046
S;SUL;2002-10-28;14035.00000000;148.33000183;10412.00000000;110.04000092
SE;SUDESTE;2002-10-28;11292.00000000;58.86999893;11058.00000000;57.65000153
N;NORTE;2002-10-29;1249.00000000;86.54000092;1249.00000000;86.54000092
NE;NORDESTE;2002-10-29;1651.00000000;51.77000046;1651.00000000;51.77000046
S;SUL;2002-10-29;13160.00000000;139.08999634;9226.00000000;97.51000214
SE;SUDESTE;2002-10-29;12115.00000000;63.15999985;11854.00000000;61.79999924
N;NORTE;2002-10-30;1328.00000000;92.01999664;1328.00000000;92.01999664
NE;NORDESTE;2002-10-30;1625.00000000;50.95000076;1625.00000000;50.95000076
S;SUL;2002-10-30;14742.00000000;155.80999756;8870.00000000;93.75000000
SE;SUDESTE;2002-10-30;13186.00000000;68.73999786;12968.00000000;67.59999847
N;NORTE;2002-10-31;1450.00000000;100.47000122;1450.00000000;100.47000122
NE;NORDESTE;2002-10-31;1576.00000000;49.41999817;1576.00000000;49.41999817
S;SUL;2002-10-31;15078.00000000;159.36000061;10243.00000000;108.26000214
SE;SUDESTE;2002-10-31;14063.00000000;73.30999756;13872.00000000;72.31999969
N;NORTE;2002-11-01;1348.00000000;56.65999985;1348.00000000;56.65999985
NE;NORDESTE;2002-11-01;1562.00000000;30.97999954;1562.00000000;30.97999954
S;SUL;2002-11-01;13679.00000000;201.96000671;8485.00000000;125.26999664
SE;SUDESTE;2002-11-01;15266.00000000;63.29999924;15090.00000000;62.56999969
N;NORTE;2002-11-02;1391.00000000;58.47000122;1391.00000000;58.47000122
NE;NORDESTE;2002-11-02;1447.00000000;28.70000076;1447.00000000;28.70000076
S;SUL;2002-11-02;12351.00000000;182.35000610;7461.00000000;110.15000153
SE;SUDESTE;2002-11-02;16694.00000000;69.22000122;16547.00000000;68.61000061
N;NORTE;2002-11-03;1372.00000000;57.66999817;1372.00000000;57.66999817
NE;NORDESTE;2002-11-03;1300.00000000;25.78000069;1300.00000000;25.78000069
S;SUL;2002-11-03;12157.00000000;179.47999573;6500.00000000;95.97000122
SE;SUDESTE;2002-11-03;17445.00000000;72.33999634;17242.00000000;71.48999786
N;NORTE;2002-11-04;1350.00000000;56.75000000;1350.00000000;56.75000000
NE;NORDESTE;2002-11-04;1250.00000000;24.79000092;1250.00000000;24.79000092
S;SUL;2002-11-04;13329.00000000;196.78999329;7362.00000000;108.69000244
SE;SUDESTE;2002-11-04;18271.00000000;75.76000214;17957.00000000;74.45999908
N;NORTE;2002-11-05;1303.00000000;54.77000046;1303.00000000;54.77000046
NE;NORDESTE;2002-11-05;1248.00000000;24.75000000;1248.00000000;24.75000000
S;SUL;2002-11-05;12719.00000000;187.77999878;7788.00000000;114.98000336
SE;SUDESTE;2002-11-05;18762.00000000;77.80000305;18380.00000000;76.20999908
N;NORTE;2002-11-06;1385.00000000;58.22000122;1385.00000000;58.22000122
NE;NORDESTE;2002-11-06;1284.00000000;25.45999908;1284.00000000;25.45999908
S;SUL;2002-11-06;11905.00000000;175.75999451;8055.00000000;118.91999817
SE;SUDESTE;2002-11-06;19146.00000000;79.23999786;18442.00000000;76.31999969
N;NORTE;2002-11-07;1469.00000000;61.75000000;1469.00000000;61.75000000
NE;NORDESTE;2002-11-07;1420.00000000;28.15999985;1420.00000000;28.15999985
S;SUL;2002-11-07;11013.00000000;162.60000610;9112.00000000;134.52999878
SE;SUDESTE;2002-11-07;19705.00000000;81.55000305;18967.00000000;78.50000000
N;NORTE;2002-11-08;1514.00000000;63.63999939;1514.00000000;63.63999939
NE;NORDESTE;2002-11-08;1543.00000000;30.60000038;1543.00000000;30.60000038
S;SUL;2002-11-08;10302.00000000;152.10000610;8931.00000000;131.86000061
SE;SUDESTE;2002-11-08;19371.00000000;80.16999817;18459.00000000;76.38999939
N;NORTE;2002-11-09;1541.00000000;64.77999878;1541.00000000;64.77999878
NE;NORDESTE;2002-11-09;1717.00000000;34.04999924;1717.00000000;34.04999924
S;SUL;2002-11-09;9942.00000000;146.77999878;7994.00000000;118.01999664
SE;SUDESTE;2002-11-09;18421.00000000;76.23999786;17855.00000000;73.88999939
N;NORTE;2002-11-10;1732.00000000;72.80000305;1732.00000000;72.80000305
NE;NORDESTE;2002-11-10;1866.00000000;37.00999832;1866.00000000;37.00999832
S;SUL;2002-11-10;15273.00000000;225.49000549;5088.00000000;75.12000275
SE;SUDESTE;2002-11-10;18355.00000000;75.95999908;17985.00000000;74.43000031
N;NORTE;2002-11-11;1838.00000000;77.26000214;1838.00000000;77.26000214
NE;NORDESTE;2002-11-11;2008.00000000;39.81999969;2008.00000000;39.81999969
S;SUL;2002-11-11;17877.00000000;263.92999268;5306.00000000;78.33999634
SE;SUDESTE;2002-11-11;18020.00000000;74.58000183;17705.00000000;73.26999664
N;NORTE;2002-11-12;1940.00000000;81.55000305;1940.00000000;81.55000305
NE;NORDESTE;2002-11-12;2153.00000000;42.70000076;2153.00000000;42.70000076
S;SUL;2002-11-12;17873.00000000;263.88000488;9033.00000000;133.36000061
SE;SUDESTE;2002-11-12;18717.00000000;77.45999908;18339.00000000;75.90000153
N;NORTE;2002-11-13;2086.00000000;87.68000031;2086.00000000;87.68000031
NE;NORDESTE;2002-11-13;2326.00000000;46.13000107;2326.00000000;46.13000107
S;SUL;2002-11-13;14559.00000000;214.94999695;9768.00000000;144.21000671
SE;SUDESTE;2002-11-13;19091.00000000;79.01000214;18854.00000000;78.02999878
N;NORTE;2002-11-14;2132.00000000;89.62000275;2132.00000000;89.62000275
NE;NORDESTE;2002-11-14;2556.00000000;50.68999863;2556.00000000;50.68999863
S;SUL;2002-11-14;12952.00000000;191.22000122;10201.00000000;150.61000061
SE;SUDESTE;2002-11-14;19264.00000000;79.72000122;19071.00000000;78.93000031
N;NORTE;2002-11-15;2087.00000000;87.73000336;2087.00000000;87.73000336
NE;NORDESTE;2002-11-15;2814.00000000;55.81000137;2814.00000000;55.81000137
S;SUL;2002-11-15;11507.00000000;169.88999939;6689.00000000;98.76000214
SE;SUDESTE;2002-11-15;19740.00000000;81.69000244;19321.00000000;79.95999908
N;NORTE;2002-11-16;2060.00000000;86.58999634;2060.00000000;86.58999634
NE;NORDESTE;2002-11-16;3065.00000000;60.79000092;3065.00000000;60.79000092
S;SUL;2002-11-16;10770.00000000;159.00999451;7274.00000000;107.38999939
SE;SUDESTE;2002-11-16;20635.00000000;85.40000153;20484.00000000;84.76999664
N;NORTE;2002-11-17;1945.00000000;81.76000214;1945.00000000;81.76000214
NE;NORDESTE;2002-11-17;3340.00000000;66.23999786;3340.00000000;66.23999786
S;SUL;2002-11-17;10170.00000000;150.14999390;7255.00000000;107.11000061
SE;SUDESTE;2002-11-17;20896.00000000;86.48000336;19876.00000000;82.26000214
N;NORTE;2002-11-18;1838.00000000;77.26000214;1838.00000000;77.26000214
NE;NORDESTE;2002-11-18;3622.00000000;71.83000183;3622.00000000;71.83000183
S;SUL;2002-11-18;10997.00000000;162.36000061;7891.00000000;116.50000000
SE;SUDESTE;2002-11-18;21508.00000000;89.01000214;21184.00000000;87.66999817
N;NORTE;2002-11-19;1903.00000000;79.98999786;1903.00000000;79.98999786
NE;NORDESTE;2002-11-19;3940.00000000;78.13999939;3940.00000000;78.13999939
S;SUL;2002-11-19;11010.00000000;162.55000305;8115.00000000;119.80999756
SE;SUDESTE;2002-11-19;21983.00000000;90.98000336;21574.00000000;89.27999878
N;NORTE;2002-11-20;1854.00000000;77.93000031;1854.00000000;77.93000031
NE;NORDESTE;2002-11-20;4213.00000000;83.55000305;4213.00000000;83.55000305
S;SUL;2002-11-20;10364.00000000;153.00999451;8415.00000000;124.23999786
SE;SUDESTE;2002-11-20;22080.00000000;91.37999725;21503.00000000;88.98999786
N;NORTE;2002-11-21;1785.00000000;75.02999878;1785.00000000;75.02999878
NE;NORDESTE;2002-11-21;4370.00000000;86.66999817;4370.00000000;86.66999817
S;SUL;2002-11-21;10082.00000000;148.85000610;8091.00000000;119.44999695
SE;SUDESTE;2002-11-21;22405.00000000;92.72000122;22128.00000000;91.58000183
N;NORTE;2002-11-22;1697.00000000;71.33000183;1697.00000000;71.33000183
NE;NORDESTE;2002-11-22;4381.00000000;86.88999939;4381.00000000;86.88999939
S;SUL;2002-11-22;9132.00000000;134.82000732;7365.00000000;108.73999786
SE;SUDESTE;2002-11-22;21897.00000000;90.62000275;21576.00000000;89.29000092
N;NORTE;2002-11-23;1674.00000000;70.37000275;1674.00000000;70.37000275
NE;NORDESTE;2002-11-23;4187.00000000;83.04000092;4187.00000000;83.04000092
S;SUL;2002-11-23;8544.00000000;126.13999939;7994.00000000;118.01999664
SE;SUDESTE;2002-11-23;22271.00000000;92.16999817;22055.00000000;91.26999664
N;NORTE;2002-11-24;1596.00000000;67.08999634;1596.00000000;67.08999634
NE;NORDESTE;2002-11-24;3895.00000000;77.25000000;3895.00000000;77.25000000
S;SUL;2002-11-24;8262.00000000;121.98000336;7193.00000000;106.19999695
SE;SUDESTE;2002-11-24;22281.00000000;92.20999908;21547.00000000;89.16999817
N;NORTE;2002-11-25;1571.00000000;66.04000092;1571.00000000;66.04000092
NE;NORDESTE;2002-11-25;3556.00000000;70.51999664;3556.00000000;70.51999664
S;SUL;2002-11-25;8342.00000000;123.16000366;7618.00000000;112.47000122
SE;SUDESTE;2002-11-25;22367.00000000;92.56999969;22089.00000000;91.41999817
N;NORTE;2002-11-26;1635.00000000;68.73000336;1635.00000000;68.73000336
NE;NORDESTE;2002-11-26;3283.00000000;65.11000061;3283.00000000;65.11000061
S;SUL;2002-11-26;9415.00000000;139.00000000;8447.00000000;124.70999908
SE;SUDESTE;2002-11-26;22888.00000000;94.72000122;22676.00000000;93.83999634
N;NORTE;2002-11-27;1694.00000000;71.20999908;1694.00000000;71.20999908
NE;NORDESTE;2002-11-27;3038.00000000;60.25000000;3038.00000000;60.25000000
S;SUL;2002-11-27;11126.00000000;164.25999451;9183.00000000;135.58000183
SE;SUDESTE;2002-11-27;23257.00000000;96.25000000;23206.00000000;96.04000092
N;NORTE;2002-11-28;1670.00000000;70.19999695;1670.00000000;70.19999695
NE;NORDESTE;2002-11-28;2840.00000000;56.31999969;2840.00000000;56.31999969
S;SUL;2002-11-28;14441.00000000;213.21000671;7845.00000000;115.81999969
SE;SUDESTE;2002-11-28;24045.00000000;99.51000214;23916.00000000;98.98000336
N;NORTE;2002-11-29;1660.00000000;69.77999878;1660.00000000;69.77999878
NE;NORDESTE;2002-11-29;2677.00000000;53.09000015;2677.00000000;53.09000015
S;SUL;2002-11-29;16474.00000000;243.22000122;6852.00000000;101.16000366
SE;SUDESTE;2002-11-29;24740.00000000;102.38999939;24565.00000000;101.66000366
N;NORTE;2002-11-30;1689.00000000;71.00000000;1689.00000000;71.00000000
NE;NORDESTE;2002-11-30;2550.00000000;50.56999969;2550.00000000;50.56999969
S;SUL;2002-11-30;17647.00000000;260.54000854;5375.00000000;79.36000061
SE;SUDESTE;2002-11-30;25266.00000000;104.55999756;23789.00000000;98.44999695
N;NORTE;2002-12-01;1681.00000000;36.02000046;1681.00000000;36.02000046
NE;NORDESTE;2002-12-01;2568.00000000;27.69000053;2568.00000000;27.69000053
S;SUL;2002-12-01;16615.00000000;304.89999390;6639.00000000;121.83000183
SE;SUDESTE;2002-12-01;25866.00000000;71.13999939;22841.00000000;62.81999969
N;NORTE;2002-12-02;1615.00000000;34.61000061;1615.00000000;34.61000061
NE;NORDESTE;2002-12-02;2792.00000000;30.11000061;2792.00000000;30.11000061
S;SUL;2002-12-02;16419.00000000;301.29998779;6663.00000000;122.26999664
SE;SUDESTE;2002-12-02;26250.00000000;72.19999695;24722.00000000;68.00000000
N;NORTE;2002-12-03;1609.00000000;34.47999954;1609.00000000;34.47999954
NE;NORDESTE;2002-12-03;2984.00000000;32.18000031;2984.00000000;32.18000031
S;SUL;2002-12-03;15283.00000000;280.45001221;8340.00000000;153.05000305
SE;SUDESTE;2002-12-03;26399.00000000;72.61000061;23512.00000000;64.66999817
N;NORTE;2002-12-04;1621.00000000;34.72999954;1621.00000000;34.72999954
NE;NORDESTE;2002-12-04;3473.00000000;37.45000076;3473.00000000;37.45000076
S;SUL;2002-12-04;14017.00000000;257.22000122;8564.00000000;157.16000366
SE;SUDESTE;2002-12-04;26227.00000000;72.12999725;22824.00000000;62.77000046
N;NORTE;2002-12-05;1550.00000000;33.20999908;1550.00000000;33.20999908
NE;NORDESTE;2002-12-05;4031.00000000;43.47000122;4031.00000000;43.47000122
S;SUL;2002-12-05;14102.00000000;258.77999878;7186.00000000;131.86999512
SE;SUDESTE;2002-12-05;25240.00000000;69.41999817;21544.00000000;59.25000000
N;NORTE;2002-12-06;1521.00000000;32.59000015;1521.00000000;32.59000015
NE;NORDESTE;2002-12-06;4495.00000000;48.47000122;4495.00000000;48.47000122
S;SUL;2002-12-06;14842.00000000;272.35998535;6613.00000000;121.34999847
SE;SUDESTE;2002-12-06;24705.00000000;67.94999695;21370.00000000;58.77999878
N;NORTE;2002-12-07;1561.00000000;33.45000076;1561.00000000;33.45000076
NE;NORDESTE;2002-12-07;4608.00000000;49.68999863;4608.00000000;49.68999863
S;SUL;2002-12-07;14551.00000000;267.01998901;5030.00000000;92.30000305
SE;SUDESTE;2002-12-07;24759.00000000;68.09999847;19331.00000000;53.16999817
N;NORTE;2002-12-08;1712.00000000;36.68000031;1712.00000000;36.68000031
NE;NORDESTE;2002-12-08;4391.00000000;47.34999847;4391.00000000;47.34999847
S;SUL;2002-12-08;15186.00000000;278.67001343;5563.00000000;102.08999634
SE;SUDESTE;2002-12-08;25341.00000000;69.69999695;19293.00000000;53.06000137
N;NORTE;2002-12-09;1748.00000000;37.45999908;1748.00000000;37.45999908
NE;NORDESTE;2002-12-09;3975.00000000;42.86999893;3975.00000000;42.86999893
S;SUL;2002-12-09;13865.00000000;254.42999268;6455.00000000;118.44999695
SE;SUDESTE;2002-12-09;26538.00000000;72.98999786;22942.00000000;63.09999847
N;NORTE;2002-12-10;1817.00000000;38.93000031;1817.00000000;38.93000031
NE;NORDESTE;2002-12-10;3578.00000000;38.59000015;3578.00000000;38.59000015
S;SUL;2002-12-10;12994.00000000;238.44999695;9631.00000000;176.74000549
SE;SUDESTE;2002-12-10;27324.00000000;75.15000153;24172.00000000;66.48000336
N;NORTE;2002-12-11;1860.00000000;39.86000061;1860.00000000;39.86000061
NE;NORDESTE;2002-12-11;3234.00000000;34.88000107;3234.00000000;34.88000107
S;SUL;2002-12-11;12283.00000000;225.39999390;9734.00000000;178.63000488
SE;SUDESTE;2002-12-11;28691.00000000;78.91000366;25911.00000000;71.26999664
N;NORTE;2002-12-12;1890.00000000;40.50000000;1890.00000000;40.50000000
NE;NORDESTE;2002-12-12;3003.00000000;32.38000107;3003.00000000;32.38000107
S;SUL;2002-12-12;11757.00000000;215.75000000;8829.00000000;162.02000427
SE;SUDESTE;2002-12-12;30762.00000000;84.61000061;27770.00000000;76.37999725
N;NORTE;2002-12-13;1847.00000000;39.58000183;1847.00000000;39.58000183
NE;NORDESTE;2002-12-13;2841.00000000;30.63999939;2841.00000000;30.63999939
S;SUL;2002-12-13;10734.00000000;196.97999573;5843.00000000;107.22000122
SE;SUDESTE;2002-12-13;32321.00000000;88.90000153;29288.00000000;80.55000305
N;NORTE;2002-12-14;1924.00000000;41.22999954;1924.00000000;41.22999954
NE;NORDESTE;2002-12-14;2816.00000000;30.37000084;2816.00000000;30.37000084
S;SUL;2002-12-14;9996.00000000;183.42999268;5900.00000000;108.26999664
SE;SUDESTE;2002-12-14;34298.00000000;94.33000183;31685.00000000;87.15000153
N;NORTE;2002-12-15;2025.00000000;43.38999939;2025.00000000;43.38999939
NE;NORDESTE;2002-12-15;2881.00000000;31.06999969;2881.00000000;31.06999969
S;SUL;2002-12-15;9406.00000000;172.61000061;6543.00000000;120.06999969
SE;SUDESTE;2002-12-15;35595.00000000;97.90000153;32735.00000000;90.02999878
N;NORTE;2002-12-16;2140.00000000;45.86000061;2140.00000000;45.86000061
NE;NORDESTE;2002-12-16;2991.00000000;32.25000000;2991.00000000;32.25000000
S;SUL;2002-12-16;8923.00000000;163.74000549;7071.00000000;129.75999451
SE;SUDESTE;2002-12-16;36727.00000000;101.01000214;35552.00000000;97.77999878
N;NORTE;2002-12-17;2393.00000000;51.27999878;2393.00000000;51.27999878
NE;NORDESTE;2002-12-17;3284.00000000;35.40999985;3284.00000000;35.40999985
S;SUL;2002-12-17;8326.00000000;152.78999329;7648.00000000;140.35000610
SE;SUDESTE;2002-12-17;37508.00000000;103.16000366;36553.00000000;100.52999878
N;NORTE;2002-12-18;2653.00000000;56.84999847;2653.00000000;56.84999847
NE;NORDESTE;2002-12-18;3631.00000000;39.15999985;3631.00000000;39.15999985
S;SUL;2002-12-18;7780.00000000;142.77000427;7525.00000000;138.08999634
SE;SUDESTE;2002-12-18;38120.00000000;104.83999634;37531.00000000;103.22000122
N;NORTE;2002-12-19;2850.00000000;61.06999969;2850.00000000;61.06999969
NE;NORDESTE;2002-12-19;3916.00000000;42.22999954;3916.00000000;42.22999954
S;SUL;2002-12-19;7509.00000000;137.80000305;7363.00000000;135.11999512
SE;SUDESTE;2002-12-19;37998.00000000;104.51000214;37487.00000000;103.09999847
N;NORTE;2002-12-20;2912.00000000;62.40000153;2912.00000000;62.40000153
NE;NORDESTE;2002-12-20;4203.00000000;45.33000183;4203.00000000;45.33000183
S;SUL;2002-12-20;7508.00000000;137.77999878;7153.00000000;131.25999451
SE;SUDESTE;2002-12-20;37226.00000000;102.38999939;36872.00000000;101.41000366
N;NORTE;2002-12-21;3054.00000000;65.44000244;3054.00000000;65.44000244
NE;NORDESTE;2002-12-21;4541.00000000;48.97000122;4541.00000000;48.97000122
S;SUL;2002-12-21;7886.00000000;144.71000671;7621.00000000;139.85000610
SE;SUDESTE;2002-12-21;37108.00000000;102.05999756;36573.00000000;100.58999634
N;NORTE;2002-12-22;2969.00000000;63.61999893;2969.00000000;63.61999893
NE;NORDESTE;2002-12-22;5017.00000000;54.09999847;5017.00000000;54.09999847
S;SUL;2002-12-22;8185.00000000;150.19999695;7747.00000000;142.16000366
SE;SUDESTE;2002-12-22;36203.00000000;99.56999969;35952.00000000;98.87999725
N;NORTE;2002-12-23;3033.00000000;64.98999786;3033.00000000;64.98999786
NE;NORDESTE;2002-12-23;5660.00000000;61.04000092;5660.00000000;61.04000092
S;SUL;2002-12-23;9615.00000000;176.44000244;9336.00000000;171.32000732
SE;SUDESTE;2002-12-23;35551.00000000;97.77999878;35243.00000000;96.93000031
N;NORTE;2002-12-24;3106.00000000;66.55000305;3106.00000000;66.55000305
NE;NORDESTE;2002-12-24;6597.00000000;71.13999939;6597.00000000;71.13999939
S;SUL;2002-12-24;14609.00000000;268.08999634;11207.00000000;205.66000366
SE;SUDESTE;2002-12-24;34902.00000000;95.98999786;34392.00000000;94.58999634
N;NORTE;2002-12-25;3299.00000000;70.69000244;3299.00000000;70.69000244
NE;NORDESTE;2002-12-25;8691.00000000;93.72000122;8691.00000000;93.72000122
S;SUL;2002-12-25;17101.00000000;313.82000732;5544.00000000;101.73999786
SE;SUDESTE;2002-12-25;34242.00000000;94.18000031;32870.00000000;90.41000366
N;NORTE;2002-12-26;3385.00000000;72.52999878;3385.00000000;72.52999878
NE;NORDESTE;2002-12-26;8398.00000000;90.55999756;8398.00000000;90.55999756
S;SUL;2002-12-26;15240.00000000;279.67001343;9355.00000000;171.66999817
SE;SUDESTE;2002-12-26;33677.00000000;92.62000275;33261.00000000;91.48000336
N;NORTE;2002-12-27;3575.00000000;76.59999847;3575.00000000;76.59999847
NE;NORDESTE;2002-12-27;9640.00000000;103.95999908;9640.00000000;103.95999908
S;SUL;2002-12-27;11890.00000000;218.19000244;8828.00000000;162.00000000
SE;SUDESTE;2002-12-27;33634.00000000;92.51000214;33029.00000000;90.83999634
N;NORTE;2002-12-28;3480.00000000;74.56999969;3480.00000000;74.56999969
NE;NORDESTE;2002-12-28;10486.00000000;113.08000183;10486.00000000;113.08000183
S;SUL;2002-12-28;9557.00000000;175.38000488;6604.00000000;121.19000244
SE;SUDESTE;2002-12-28;33065.00000000;90.94000244;31527.00000000;86.70999908
N;NORTE;2002-12-29;3529.00000000;75.62000275;3529.00000000;75.62000275
NE;NORDESTE;2002-12-29;9916.00000000;106.93000031;9916.00000000;106.93000031
S;SUL;2002-12-29;8497.00000000;155.92999268;5795.00000000;106.33999634
SE;SUDESTE;2002-12-29;31793.00000000;87.44000244;30494.00000000;83.87000275
N;NORTE;2002-12-30;3586.00000000;76.83999634;3586.00000000;76.83999634
NE;NORDESTE;2002-12-30;10243.00000000;110.45999908;10243.00000000;110.45999908
S;SUL;2002-12-30;7824.00000000;143.58000183;6752.00000000;123.90000153
SE;SUDESTE;2002-12-30;30473.00000000;83.80999756;29882.00000000;82.19000244
N;NORTE;2002-12-31;3698.00000000;79.23999786;3698.00000000;79.23999786
NE;NORDESTE;2002-12-31;10355.00000000;111.66999817;10355.00000000;111.66999817
S;SUL;2002-12-31;7321.00000000;134.35000610;6189.00000000;113.56999969
SE;SUDESTE;2002-12-31;30154.00000000;82.94000244;28194.00000000;77.54000092
