id_subsistema;nom_subsistema;ena_data;ena_bruta_regiao_mwmed;ena_bruta_regiao_percentualmlt;ena_armazenavel_regiao_mwmed;ena_armazenavel_regiao_percentualmlt
N;NORTE;2010-01-01;7606.00000000;92.84999847;7606.00000000;92.84999847
NE;NORDESTE;2010-01-01;9343.00000000;67.65000153;9343.00000000;67.65000153
S;SUL;2010-01-01;8871.00000000;136.33000183;5888.00000000;90.48999786
SE;SUDESTE;2010-01-01;78872.00000000;146.30000305;39592.00000000;73.44000244
N;NORTE;2010-01-02;8217.00000000;100.30999756;8217.00000000;100.30999756
NE;NORDESTE;2010-01-02;9157.00000000;66.30000305;9157.00000000;66.30000305
S;SUL;2010-01-02;8342.00000000;128.19999695;4739.00000000;72.83000183
SE;SUDESTE;2010-01-02;81207.00000000;150.63000488;42464.00000000;78.76000214
N;NORTE;2010-01-03;8778.00000000;107.16000366;8778.00000000;107.16000366
NE;NORDESTE;2010-01-03;8982.00000000;65.02999878;8982.00000000;65.02999878
S;SUL;2010-01-03;7925.00000000;121.80000305;6189.00000000;95.12000275
SE;SUDESTE;2010-01-03;80995.00000000;150.22999573;43006.00000000;79.76999664
N;NORTE;2010-01-04;9159.00000000;111.80999756;9159.00000000;111.80999756
NE;NORDESTE;2010-01-04;9175.00000000;66.43000031;9175.00000000;66.43000031
S;SUL;2010-01-04;16843.00000000;258.85000610;11920.00000000;183.19000244
SE;SUDESTE;2010-01-04;79380.00000000;147.24000549;46388.00000000;86.04000092
N;NORTE;2010-01-05;9590.00000000;117.06999969;9590.00000000;117.06999969
NE;NORDESTE;2010-01-05;9410.00000000;68.12999725;9410.00000000;68.12999725
S;SUL;2010-01-05;16889.00000000;259.55999756;10836.00000000;166.52999878
SE;SUDESTE;2010-01-05;77336.00000000;143.44999695;50698.00000000;94.04000092
N;NORTE;2010-01-06;9995.00000000;122.01000214;9995.00000000;122.01000214
NE;NORDESTE;2010-01-06;9511.00000000;68.86000061;9511.00000000;68.86000061
S;SUL;2010-01-06;17022.00000000;261.60000610;10848.00000000;166.72000122
SE;SUDESTE;2010-01-06;74608.00000000;138.38999939;48850.00000000;90.61000061
N;NORTE;2010-01-07;10365.00000000;126.52999878;10365.00000000;126.52999878
NE;NORDESTE;2010-01-07;9706.00000000;70.27999878;9706.00000000;70.27999878
S;SUL;2010-01-07;13235.00000000;203.39999390;9711.00000000;149.24000549
SE;SUDESTE;2010-01-07;72393.00000000;134.27999878;46132.00000000;85.56999969
N;NORTE;2010-01-08;10599.00000000;129.38999939;10599.00000000;129.38999939
NE;NORDESTE;2010-01-08;9960.00000000;72.12000275;9960.00000000;72.12000275
S;SUL;2010-01-08;11067.00000000;170.08000183;8551.00000000;131.41999817
SE;SUDESTE;2010-01-08;70911.00000000;131.52999878;46520.00000000;86.29000092
N;NORTE;2010-01-09;10928.00000000;133.39999390;10928.00000000;133.39999390
NE;NORDESTE;2010-01-09;10345.00000000;74.90000153;10345.00000000;74.90000153
S;SUL;2010-01-09;9899.00000000;152.13000488;7401.00000000;113.73999786
SE;SUDESTE;2010-01-09;69727.00000000;129.33000183;44206.00000000;82.00000000
N;NORTE;2010-01-10;11266.00000000;137.52999878;11266.00000000;137.52999878
NE;NORDESTE;2010-01-10;10794.00000000;78.15000153;10794.00000000;78.15000153
S;SUL;2010-01-10;10086.00000000;155.00999451;6439.00000000;98.95999908
SE;SUDESTE;2010-01-10;67799.00000000;125.76000214;40773.00000000;75.62999725
N;NORTE;2010-01-11;11459.00000000;139.88999939;11459.00000000;139.88999939
NE;NORDESTE;2010-01-11;11682.00000000;84.58000183;11682.00000000;84.58000183
S;SUL;2010-01-11;13061.00000000;200.72999573;7797.00000000;119.83000183
SE;SUDESTE;2010-01-11;65783.00000000;122.01999664;40963.00000000;75.98000336
N;NORTE;2010-01-12;11339.00000000;138.41999817;11339.00000000;138.41999817
NE;NORDESTE;2010-01-12;12099.00000000;87.59999847;12099.00000000;87.59999847
S;SUL;2010-01-12;13599.00000000;209.00000000;6671.00000000;102.51999664
SE;SUDESTE;2010-01-12;64305.00000000;119.27999878;43294.00000000;80.30000305
N;NORTE;2010-01-13;11075.00000000;135.19999695;11075.00000000;135.19999695
NE;NORDESTE;2010-01-13;12774.00000000;92.48999786;12774.00000000;92.48999786
S;SUL;2010-01-13;13910.00000000;213.77999878;8230.00000000;126.48000336
SE;SUDESTE;2010-01-13;64236.00000000;119.15000153;44767.00000000;83.04000092
N;NORTE;2010-01-14;10706.00000000;130.69000244;10706.00000000;130.69000244
NE;NORDESTE;2010-01-14;13196.00000000;95.55000305;13196.00000000;95.55000305
S;SUL;2010-01-14;13894.00000000;213.52999878;8900.00000000;136.77999878
SE;SUDESTE;2010-01-14;64665.00000000;119.94000244;46556.00000000;86.34999847
N;NORTE;2010-01-15;10321.00000000;125.98999786;10321.00000000;125.98999786
NE;NORDESTE;2010-01-15;13374.00000000;96.83000183;13374.00000000;96.83000183
S;SUL;2010-01-15;12887.00000000;198.05999756;9281.00000000;142.63999939
SE;SUDESTE;2010-01-15;65539.00000000;121.55999756;45856.00000000;85.05999756
N;NORTE;2010-01-16;10071.00000000;122.94000244;10071.00000000;122.94000244
NE;NORDESTE;2010-01-16;13422.00000000;97.18000031;13422.00000000;97.18000031
S;SUL;2010-01-16;11419.00000000;175.49000549;7198.00000000;110.62000275
SE;SUDESTE;2010-01-16;65531.00000000;121.55000305;42624.00000000;79.05999756
N;NORTE;2010-01-17;9976.00000000;121.77999878;9976.00000000;121.77999878
NE;NORDESTE;2010-01-17;13266.00000000;96.05000305;13266.00000000;96.05000305
S;SUL;2010-01-17;12081.00000000;185.66999817;5918.00000000;90.94999695
SE;SUDESTE;2010-01-17;64783.00000000;120.16000366;41660.00000000;77.26999664
N;NORTE;2010-01-18;9923.00000000;121.13999939;9923.00000000;121.13999939
NE;NORDESTE;2010-01-18;13008.00000000;94.18000031;13008.00000000;94.18000031
S;SUL;2010-01-18;13570.00000000;208.55000305;8261.00000000;126.95999908
SE;SUDESTE;2010-01-18;63397.00000000;117.58999634;40646.00000000;75.38999939
N;NORTE;2010-01-19;9842.00000000;120.15000153;9842.00000000;120.15000153
NE;NORDESTE;2010-01-19;12276.00000000;88.87999725;12276.00000000;88.87999725
S;SUL;2010-01-19;16280.00000000;242.55999756;10721.00000000;159.72999573
SE;SUDESTE;2010-01-19;62932.00000000;116.73000336;40945.00000000;75.94999695
N;NORTE;2010-01-20;9743.00000000;118.94000244;9743.00000000;118.94000244
NE;NORDESTE;2010-01-20;11438.00000000;82.81999969;11438.00000000;82.81999969
S;SUL;2010-01-20;17428.00000000;259.66000366;9125.00000000;135.94999695
SE;SUDESTE;2010-01-20;62564.00000000;116.05000305;40995.00000000;76.04000092
N;NORTE;2010-01-21;9641.00000000;117.69000244;9641.00000000;117.69000244
NE;NORDESTE;2010-01-21;10479.00000000;75.87000275;10479.00000000;75.87000275
S;SUL;2010-01-21;17631.00000000;262.67999268;5963.00000000;88.83999634
SE;SUDESTE;2010-01-21;63582.00000000;117.93000031;41726.00000000;77.40000153
N;NORTE;2010-01-22;9477.00000000;115.69000244;9477.00000000;115.69000244
NE;NORDESTE;2010-01-22;9832.00000000;71.19000244;9832.00000000;71.19000244
S;SUL;2010-01-22;18669.00000000;278.14999390;3777.00000000;56.27000046
SE;SUDESTE;2010-01-22;62959.00000000;116.77999878;38915.00000000;72.18000031
N;NORTE;2010-01-23;9368.00000000;114.36000061;9368.00000000;114.36000061
NE;NORDESTE;2010-01-23;9560.00000000;69.22000122;9560.00000000;69.22000122
S;SUL;2010-01-23;19823.00000000;295.33999634;3473.00000000;51.74000168
SE;SUDESTE;2010-01-23;64772.00000000;120.13999939;37461.00000000;69.48000336
N;NORTE;2010-01-24;9255.00000000;112.98000336;9255.00000000;112.98000336
NE;NORDESTE;2010-01-24;9225.00000000;66.79000092;9225.00000000;66.79000092
S;SUL;2010-01-24;19381.00000000;288.76000977;4733.00000000;70.51999664
SE;SUDESTE;2010-01-24;65528.00000000;121.54000092;35078.00000000;65.05999756
N;NORTE;2010-01-25;9201.00000000;112.31999969;9201.00000000;112.31999969
NE;NORDESTE;2010-01-25;8879.00000000;64.29000092;8879.00000000;64.29000092
S;SUL;2010-01-25;18448.00000000;274.85998535;7597.00000000;113.19000244
SE;SUDESTE;2010-01-25;66596.00000000;123.52999878;36681.00000000;68.04000092
N;NORTE;2010-01-26;9280.00000000;113.29000092;9096.00000000;111.04000092
NE;NORDESTE;2010-01-26;8450.00000000;61.18000031;8450.00000000;61.18000031
S;SUL;2010-01-26;17734.00000000;264.22000122;5697.00000000;84.87999725
SE;SUDESTE;2010-01-26;68447.00000000;126.95999908;38652.00000000;71.69000244
N;NORTE;2010-01-27;9527.00000000;116.30000305;9204.00000000;112.36000061
NE;NORDESTE;2010-01-27;8049.00000000;58.27999878;8049.00000000;58.27999878
S;SUL;2010-01-27;16713.00000000;249.00999451;10547.00000000;157.13999939
SE;SUDESTE;2010-01-27;70344.00000000;130.47999573;41296.00000000;76.59999847
N;NORTE;2010-01-28;9762.00000000;119.16999817;9249.00000000;112.91000366
NE;NORDESTE;2010-01-28;7801.00000000;56.47999954;7801.00000000;56.47999954
S;SUL;2010-01-28;15990.00000000;238.22999573;12005.00000000;178.86000061
SE;SUDESTE;2010-01-28;72285.00000000;134.08000183;40040.00000000;74.26999664
N;NORTE;2010-01-29;10036.00000000;122.51000214;9284.00000000;113.33000183
NE;NORDESTE;2010-01-29;7253.00000000;52.52000046;7253.00000000;52.52000046
S;SUL;2010-01-29;15910.00000000;237.03999329;9535.00000000;142.05999756
SE;SUDESTE;2010-01-29;73329.00000000;136.00999451;40276.00000000;74.70999908
N;NORTE;2010-01-30;10322.00000000;126.01000214;9293.00000000;113.44000244
NE;NORDESTE;2010-01-30;6959.00000000;50.38999939;6959.00000000;50.38999939
S;SUL;2010-01-30;15119.00000000;225.25999451;11502.00000000;171.36999512
SE;SUDESTE;2010-01-30;74150.00000000;137.28999329;40431.00000000;74.86000061
N;NORTE;2010-01-31;10481.00000000;127.94999695;9173.00000000;111.98000336
NE;NORDESTE;2010-01-31;6676.00000000;48.34000015;6676.00000000;48.34000015
S;SUL;2010-01-31;14636.00000000;218.05999756;9919.00000000;147.77999878
SE;SUDESTE;2010-01-31;76556.00000000;141.75000000;41283.00000000;76.44000244
N;NORTE;2010-02-01;10513.00000000;94.19000244;8922.00000000;79.93000031
NE;NORDESTE;2010-02-01;6330.00000000;43.59999847;6330.00000000;43.59999847
S;SUL;2010-02-01;14134.00000000;188.63000488;9803.00000000;130.83000183
SE;SUDESTE;2010-02-01;79610.00000000;141.35000610;45543.00000000;80.86000061
N;NORTE;2010-02-02;10559.00000000;94.59999847;8614.00000000;77.16999817
NE;NORDESTE;2010-02-02;6175.00000000;42.52999878;6175.00000000;42.52999878
S;SUL;2010-02-02;14047.00000000;187.47000122;12452.00000000;166.19000244
SE;SUDESTE;2010-02-02;80349.00000000;142.66000366;47639.00000000;84.58000183
N;NORTE;2010-02-03;10660.00000000;95.50000000;8390.00000000;75.16999817
NE;NORDESTE;2010-02-03;6061.00000000;41.74000168;6061.00000000;41.74000168
S;SUL;2010-02-03;12960.00000000;172.97000122;11843.00000000;158.05999756
SE;SUDESTE;2010-02-03;79461.00000000;141.08000183;47976.00000000;85.18000031
N;NORTE;2010-02-04;10724.00000000;96.08000183;8256.00000000;73.95999908
NE;NORDESTE;2010-02-04;6313.00000000;43.47999954;6313.00000000;43.47999954
S;SUL;2010-02-04;11617.00000000;155.03999329;10805.00000000;144.21000671
SE;SUDESTE;2010-02-04;77098.00000000;136.88999939;46958.00000000;83.37000275
N;NORTE;2010-02-05;10746.00000000;96.26999664;8237.00000000;73.79000092
NE;NORDESTE;2010-02-05;6723.00000000;46.29999924;6723.00000000;46.29999924
S;SUL;2010-02-05;10780.00000000;143.86999512;10095.00000000;134.72999573
SE;SUDESTE;2010-02-05;74162.00000000;131.67999268;45920.00000000;81.52999878
N;NORTE;2010-02-06;10784.00000000;96.61000061;8287.00000000;74.23999786
NE;NORDESTE;2010-02-06;7098.00000000;48.88999939;7098.00000000;48.88999939
S;SUL;2010-02-06;10323.00000000;137.77000427;10118.00000000;135.03999329
SE;SUDESTE;2010-02-06;70800.00000000;125.70999908;45280.00000000;80.40000153
N;NORTE;2010-02-07;10731.00000000;96.13999939;7481.00000000;67.01999664
NE;NORDESTE;2010-02-07;7436.00000000;51.20999908;7436.00000000;51.20999908
S;SUL;2010-02-07;9570.00000000;127.72000122;9472.00000000;126.41000366
SE;SUDESTE;2010-02-07;66921.00000000;118.81999969;42214.00000000;74.94999695
N;NORTE;2010-02-08;10526.00000000;94.30000305;7933.00000000;71.06999969
NE;NORDESTE;2010-02-08;7562.00000000;52.08000183;7562.00000000;52.08000183
S;SUL;2010-02-08;11266.00000000;150.36000061;10851.00000000;144.82000732
SE;SUDESTE;2010-02-08;64421.00000000;114.37999725;41789.00000000;74.19999695
N;NORTE;2010-02-09;10301.00000000;92.29000092;8152.00000000;73.02999878
NE;NORDESTE;2010-02-09;7525.00000000;51.83000183;7525.00000000;51.83000183
S;SUL;2010-02-09;12526.00000000;167.16999817;11301.00000000;150.82000732
SE;SUDESTE;2010-02-09;62918.00000000;111.70999908;42094.00000000;74.73999786
N;NORTE;2010-02-10;10101.00000000;90.48999786;7952.00000000;71.23999786
NE;NORDESTE;2010-02-10;7393.00000000;50.91999817;7393.00000000;50.91999817
S;SUL;2010-02-10;12665.00000000;169.02999878;10187.00000000;135.96000671
SE;SUDESTE;2010-02-10;60602.00000000;107.59999847;42074.00000000;74.69999695
N;NORTE;2010-02-11;9984.00000000;89.44999695;7835.00000000;70.19000244
NE;NORDESTE;2010-02-11;7091.00000000;48.84000015;7091.00000000;48.84000015
S;SUL;2010-02-11;12796.00000000;170.77999878;9669.00000000;129.03999329
SE;SUDESTE;2010-02-11;57223.00000000;101.59999847;39414.00000000;69.98000336
N;NORTE;2010-02-12;10140.00000000;90.83999634;7991.00000000;71.58999634
NE;NORDESTE;2010-02-12;6763.00000000;46.58000183;6763.00000000;46.58000183
S;SUL;2010-02-12;13811.00000000;184.32000732;9752.00000000;130.14999390
SE;SUDESTE;2010-02-12;53942.00000000;95.77999878;37263.00000000;66.16000366
N;NORTE;2010-02-13;10309.00000000;92.36000061;7734.00000000;69.29000092
NE;NORDESTE;2010-02-13;6371.00000000;43.88000107;6371.00000000;43.88000107
S;SUL;2010-02-13;15143.00000000;202.10000610;7919.00000000;105.69000244
SE;SUDESTE;2010-02-13;51818.00000000;92.00000000;35253.00000000;62.59000015
N;NORTE;2010-02-14;10409.00000000;93.25000000;7087.00000000;63.49000168
NE;NORDESTE;2010-02-14;5965.00000000;41.08000183;5965.00000000;41.08000183
S;SUL;2010-02-14;14299.00000000;190.83999634;6889.00000000;91.94000244
SE;SUDESTE;2010-02-14;50752.00000000;90.11000061;33645.00000000;59.74000168
N;NORTE;2010-02-15;10482.00000000;93.91000366;6716.00000000;60.16999817
NE;NORDESTE;2010-02-15;5586.00000000;38.47000122;5586.00000000;38.47000122
S;SUL;2010-02-15;15326.00000000;204.53999329;8691.00000000;115.98999786
SE;SUDESTE;2010-02-15;50438.00000000;89.55000305;34847.00000000;61.86999893
N;NORTE;2010-02-16;10516.00000000;94.20999908;6467.00000000;57.93999863
NE;NORDESTE;2010-02-16;5263.00000000;36.25000000;5263.00000000;36.25000000
S;SUL;2010-02-16;21564.00000000;287.79998779;8476.00000000;113.12000275
SE;SUDESTE;2010-02-16;49852.00000000;88.51000214;33763.00000000;59.95000076
N;NORTE;2010-02-17;10331.00000000;92.55000305;6205.00000000;55.59000015
NE;NORDESTE;2010-02-17;4800.00000000;33.06000137;4800.00000000;33.06000137
S;SUL;2010-02-17;23648.00000000;315.60998535;9092.00000000;121.33999634
SE;SUDESTE;2010-02-17;49447.00000000;87.79000092;35638.00000000;63.27999878
N;NORTE;2010-02-18;10193.00000000;91.31999969;6461.00000000;57.88000107
NE;NORDESTE;2010-02-18;4421.00000000;30.45000076;4421.00000000;30.45000076
S;SUL;2010-02-18;20047.00000000;267.54998779;11000.00000000;146.80999756
SE;SUDESTE;2010-02-18;49792.00000000;88.41000366;35548.00000000;63.11999893
N;NORTE;2010-02-19;10076.00000000;90.26999664;7237.00000000;64.83999634
NE;NORDESTE;2010-02-19;4404.00000000;30.32999992;4404.00000000;30.32999992
S;SUL;2010-02-19;16426.00000000;219.22000122;10290.00000000;137.33000183
SE;SUDESTE;2010-02-19;49961.00000000;88.70999908;35510.00000000;63.04999924
N;NORTE;2010-02-20;9967.00000000;89.29000092;7724.00000000;69.19999695
NE;NORDESTE;2010-02-20;4217.00000000;29.04000092;4217.00000000;29.04000092
S;SUL;2010-02-20;13590.00000000;181.36999512;8421.00000000;112.38999939
SE;SUDESTE;2010-02-20;50637.00000000;89.91000366;36269.00000000;64.40000153
N;NORTE;2010-02-21;9875.00000000;88.47000122;7484.00000000;67.05000305
NE;NORDESTE;2010-02-21;4026.00000000;27.72999954;4026.00000000;27.72999954
S;SUL;2010-02-21;12109.00000000;161.61000061;8160.00000000;108.90000153
SE;SUDESTE;2010-02-21;50326.00000000;89.34999847;35562.00000000;63.13999939
N;NORTE;2010-02-22;9856.00000000;88.30000305;7193.00000000;64.44000244
NE;NORDESTE;2010-02-22;3875.00000000;26.69000053;3875.00000000;26.69000053
S;SUL;2010-02-22;11982.00000000;159.91000366;8750.00000000;116.77999878
SE;SUDESTE;2010-02-22;50392.00000000;89.47000122;36626.00000000;65.02999878
N;NORTE;2010-02-23;9832.00000000;88.08000183;7058.00000000;63.22999954
NE;NORDESTE;2010-02-23;3814.00000000;26.27000046;3814.00000000;26.27000046
S;SUL;2010-02-23;12988.00000000;173.33999634;9380.00000000;125.19000244
SE;SUDESTE;2010-02-23;50256.00000000;89.23000336;40097.00000000;71.19000244
N;NORTE;2010-02-24;9825.00000000;88.01999664;7473.00000000;66.94999695
NE;NORDESTE;2010-02-24;3839.00000000;26.44000053;3839.00000000;26.44000053
S;SUL;2010-02-24;12861.00000000;171.63999939;9479.00000000;126.51000214
SE;SUDESTE;2010-02-24;50070.00000000;88.90000153;40337.00000000;71.62000275
N;NORTE;2010-02-25;9893.00000000;88.62999725;7711.00000000;69.08000183
NE;NORDESTE;2010-02-25;3973.00000000;27.36000061;3973.00000000;27.36000061
S;SUL;2010-02-25;11897.00000000;158.77999878;9676.00000000;129.13999939
SE;SUDESTE;2010-02-25;50521.00000000;89.69999695;42499.00000000;75.45999908
N;NORTE;2010-02-26;10056.00000000;90.08999634;7315.00000000;65.52999878
NE;NORDESTE;2010-02-26;4161.00000000;28.65999985;4161.00000000;28.65999985
S;SUL;2010-02-26;10976.00000000;146.49000549;9695.00000000;129.38999939
SE;SUDESTE;2010-02-26;49556.00000000;87.98999786;42587.00000000;75.61000061
N;NORTE;2010-02-27;10192.00000000;91.30999756;6985.00000000;62.58000183
NE;NORDESTE;2010-02-27;4891.00000000;33.68999863;4891.00000000;33.68999863
S;SUL;2010-02-27;9625.00000000;128.46000671;8048.00000000;107.41000366
SE;SUDESTE;2010-02-27;49817.00000000;88.44999695;42275.00000000;75.05999756
N;NORTE;2010-02-28;10271.00000000;92.01999664;6983.00000000;62.56000137
NE;NORDESTE;2010-02-28;5567.00000000;38.34000015;5567.00000000;38.34000015
S;SUL;2010-02-28;8972.00000000;119.73999786;7059.00000000;94.20999908
SE;SUDESTE;2010-02-28;51963.00000000;92.26000214;42183.00000000;74.90000153
N;NORTE;2010-03-01;10261.00000000;78.41000366;6963.00000000;53.20999908
NE;NORDESTE;2010-03-01;6221.00000000;43.34000015;6221.00000000;43.34000015
S;SUL;2010-03-01;8615.00000000;134.88999939;7925.00000000;124.08999634
SE;SUDESTE;2010-03-01;55141.00000000;104.41999817;46239.00000000;87.55999756
N;NORTE;2010-03-02;10152.00000000;77.56999969;6848.00000000;52.33000183
NE;NORDESTE;2010-03-02;6281.00000000;43.75999832;6281.00000000;43.75999832
S;SUL;2010-03-02;8146.00000000;127.55000305;7902.00000000;123.73000336
SE;SUDESTE;2010-03-02;57446.00000000;108.54000092;48242.00000000;91.15000153
N;NORTE;2010-03-03;9950.00000000;76.02999878;6991.00000000;53.41999817
NE;NORDESTE;2010-03-03;6009.00000000;41.86000061;6009.00000000;41.86000061
S;SUL;2010-03-03;7633.00000000;119.51999664;7609.00000000;119.13999939
SE;SUDESTE;2010-03-03;59067.00000000;111.44000244;50208.00000000;94.72000122
N;NORTE;2010-03-04;9821.00000000;75.04000092;7000.00000000;53.49000168
NE;NORDESTE;2010-03-04;5536.00000000;38.56999969;5536.00000000;38.56999969
S;SUL;2010-03-04;7359.00000000;115.23000336;7330.00000000;114.76999664
SE;SUDESTE;2010-03-04;61139.00000000;115.34999847;52158.00000000;98.40000153
N;NORTE;2010-03-05;9750.00000000;74.50000000;7321.00000000;55.93999863
NE;NORDESTE;2010-03-05;5431.00000000;37.83000183;5431.00000000;37.83000183
S;SUL;2010-03-05;7588.00000000;118.80999756;6956.00000000;108.91999817
SE;SUDESTE;2010-03-05;62108.00000000;117.18000031;51686.00000000;97.51000214
N;NORTE;2010-03-06;9642.00000000;73.68000031;7873.00000000;60.15999985
NE;NORDESTE;2010-03-06;5498.00000000;38.29999924;5498.00000000;38.29999924
S;SUL;2010-03-06;7515.00000000;117.66999817;6773.00000000;106.05000305
SE;SUDESTE;2010-03-06;63152.00000000;119.15000153;49700.00000000;93.76999664
N;NORTE;2010-03-07;9642.00000000;73.68000031;7171.00000000;54.79999924
NE;NORDESTE;2010-03-07;5806.00000000;40.45000076;5785.00000000;40.29999924
S;SUL;2010-03-07;7427.00000000;116.29000092;6734.00000000;105.44000244
SE;SUDESTE;2010-03-07;63143.00000000;119.12999725;46502.00000000;87.73000336
N;NORTE;2010-03-08;9585.00000000;73.23999786;6769.00000000;51.72000122
NE;NORDESTE;2010-03-08;5967.00000000;41.56999969;5806.00000000;40.45000076
S;SUL;2010-03-08;6812.00000000;106.66000366;6656.00000000;104.22000122
SE;SUDESTE;2010-03-08;61615.00000000;116.25000000;46879.00000000;88.44000244
N;NORTE;2010-03-09;9485.00000000;72.48000336;6819.00000000;52.11000061
NE;NORDESTE;2010-03-09;6074.00000000;42.31000137;6033.00000000;42.02999878
S;SUL;2010-03-09;6318.00000000;98.93000031;6285.00000000;98.41000366
SE;SUDESTE;2010-03-09;59707.00000000;112.65000153;44874.00000000;84.66000366
N;NORTE;2010-03-10;9415.00000000;71.94000244;7385.00000000;56.43000031
NE;NORDESTE;2010-03-10;6314.00000000;43.99000168;6153.00000000;42.86000061
S;SUL;2010-03-10;6337.00000000;99.22000122;6326.00000000;99.05000305
SE;SUDESTE;2010-03-10;57677.00000000;108.81999969;44039.00000000;83.08999634
N;NORTE;2010-03-11;9506.00000000;72.63999939;7955.00000000;60.79000092
NE;NORDESTE;2010-03-11;6329.00000000;44.09000015;6319.00000000;44.02000046
S;SUL;2010-03-11;5927.00000000;92.80000305;5911.00000000;92.55000305
SE;SUDESTE;2010-03-11;55228.00000000;104.19999695;43855.00000000;82.73999786
N;NORTE;2010-03-12;9573.00000000;73.15000153;7806.00000000;59.65000153
NE;NORDESTE;2010-03-12;6526.00000000;45.45999908;6526.00000000;45.45999908
S;SUL;2010-03-12;5682.00000000;88.97000122;5626.00000000;88.08999634
SE;SUDESTE;2010-03-12;52866.00000000;99.73999786;42825.00000000;80.80000305
N;NORTE;2010-03-13;9777.00000000;74.70999908;7875.00000000;60.16999817
NE;NORDESTE;2010-03-13;6576.00000000;45.81000137;6576.00000000;45.81000137
S;SUL;2010-03-13;5795.00000000;90.73999786;5775.00000000;90.41999817
SE;SUDESTE;2010-03-13;50907.00000000;96.04000092;41218.00000000;77.76000214
N;NORTE;2010-03-14;10001.00000000;76.41999817;8099.00000000;61.88999939
NE;NORDESTE;2010-03-14;6810.00000000;47.43999863;6810.00000000;47.43999863
S;SUL;2010-03-14;6737.00000000;105.48999786;6711.00000000;105.08000183
SE;SUDESTE;2010-03-14;49579.00000000;93.54000092;39607.00000000;74.72000122
N;NORTE;2010-03-15;10142.00000000;77.50000000;8240.00000000;62.95999908
NE;NORDESTE;2010-03-15;7104.00000000;49.49000168;7104.00000000;49.49000168
S;SUL;2010-03-15;7676.00000000;120.19000244;7658.00000000;119.91000366
SE;SUDESTE;2010-03-15;48829.00000000;92.12000275;40044.00000000;75.55000305
N;NORTE;2010-03-16;10210.00000000;78.01999664;8130.00000000;62.11999893
NE;NORDESTE;2010-03-16;7548.00000000;52.58000183;7548.00000000;52.58000183
S;SUL;2010-03-16;7582.00000000;118.72000122;7571.00000000;118.55000305
SE;SUDESTE;2010-03-16;48408.00000000;91.33000183;40083.00000000;75.62000275
N;NORTE;2010-03-17;10212.00000000;78.02999878;7691.00000000;58.77000046
NE;NORDESTE;2010-03-17;8219.00000000;57.25999832;8219.00000000;57.25999832
S;SUL;2010-03-17;6829.00000000;106.93000031;6820.00000000;106.79000092
SE;SUDESTE;2010-03-17;48014.00000000;90.58999634;40515.00000000;76.44000244
N;NORTE;2010-03-18;10206.00000000;77.98999786;7685.00000000;58.72000122
NE;NORDESTE;2010-03-18;9129.00000000;63.59999847;9129.00000000;63.59999847
S;SUL;2010-03-18;6615.00000000;103.58000183;6601.00000000;103.36000061
SE;SUDESTE;2010-03-18;47748.00000000;90.08000183;41004.00000000;77.36000061
N;NORTE;2010-03-19;10212.00000000;78.02999878;7691.00000000;58.77000046
NE;NORDESTE;2010-03-19;9710.00000000;67.63999939;9710.00000000;67.63999939
S;SUL;2010-03-19;5902.00000000;92.41000366;5887.00000000;92.18000031
SE;SUDESTE;2010-03-19;46989.00000000;88.65000153;40161.00000000;75.76999664
N;NORTE;2010-03-20;10347.00000000;79.05999756;7826.00000000;59.79999924
NE;NORDESTE;2010-03-20;10174.00000000;70.87999725;10174.00000000;70.87999725
S;SUL;2010-03-20;5679.00000000;88.91999817;5662.00000000;88.65000153
SE;SUDESTE;2010-03-20;46176.00000000;87.12000275;39126.00000000;73.81999969
N;NORTE;2010-03-21;10608.00000000;81.05999756;8087.00000000;61.79000092
NE;NORDESTE;2010-03-21;10424.00000000;72.62000275;10424.00000000;72.62000275
S;SUL;2010-03-21;5746.00000000;89.97000122;5727.00000000;89.66999817
SE;SUDESTE;2010-03-21;45948.00000000;86.69000244;39150.00000000;73.86000061
N;NORTE;2010-03-22;10959.00000000;83.73999786;7728.00000000;59.04999924
NE;NORDESTE;2010-03-22;10441.00000000;72.73999786;10441.00000000;72.73999786
S;SUL;2010-03-22;6592.00000000;103.22000122;6565.00000000;102.79000092
SE;SUDESTE;2010-03-22;46333.00000000;87.41000366;39881.00000000;75.23999786
N;NORTE;2010-03-23;11318.00000000;86.48000336;6972.00000000;53.27000046
NE;NORDESTE;2010-03-23;10620.00000000;73.98000336;10620.00000000;73.98000336
S;SUL;2010-03-23;6931.00000000;108.51999664;6906.00000000;108.12999725
SE;SUDESTE;2010-03-23;47580.00000000;89.76999664;41183.00000000;77.69999695
N;NORTE;2010-03-24;11595.00000000;88.59999847;6633.00000000;50.68000031
NE;NORDESTE;2010-03-24;10254.00000000;71.43000031;10254.00000000;71.43000031
S;SUL;2010-03-24;8579.00000000;134.33000183;8245.00000000;129.10000610
SE;SUDESTE;2010-03-24;48735.00000000;91.94999695;43419.00000000;81.91999817
N;NORTE;2010-03-25;11779.00000000;90.01000214;6818.00000000;52.09999847
NE;NORDESTE;2010-03-25;9998.00000000;69.65000153;9998.00000000;69.65000153
S;SUL;2010-03-25;13023.00000000;203.91000366;12769.00000000;199.92999268
SE;SUDESTE;2010-03-25;49073.00000000;92.58000183;43858.00000000;82.73999786
N;NORTE;2010-03-26;11843.00000000;90.48999786;6882.00000000;52.59000015
NE;NORDESTE;2010-03-26;9527.00000000;66.37000275;9527.00000000;66.37000275
S;SUL;2010-03-26;15529.00000000;243.14999390;15078.00000000;236.08999634
SE;SUDESTE;2010-03-26;48907.00000000;92.26999664;43313.00000000;81.72000122
N;NORTE;2010-03-27;11716.00000000;89.51999664;6755.00000000;51.61999893
NE;NORDESTE;2010-03-27;9162.00000000;63.83000183;9162.00000000;63.83000183
S;SUL;2010-03-27;15891.00000000;248.82000732;14843.00000000;232.41000366
SE;SUDESTE;2010-03-27;48843.00000000;92.15000153;42208.00000000;79.62999725
N;NORTE;2010-03-28;11588.00000000;88.55000305;6446.00000000;49.25999832
NE;NORDESTE;2010-03-28;9061.00000000;63.11999893;9061.00000000;63.11999893
S;SUL;2010-03-28;16221.00000000;253.97999573;12404.00000000;194.22000122
SE;SUDESTE;2010-03-28;48974.00000000;92.40000153;40570.00000000;76.54000092
N;NORTE;2010-03-29;11547.00000000;88.23000336;6938.00000000;53.00999832
NE;NORDESTE;2010-03-29;8928.00000000;62.20000076;8928.00000000;62.20000076
S;SUL;2010-03-29;16939.00000000;265.23001099;9374.00000000;146.77999878
SE;SUDESTE;2010-03-29;50090.00000000;94.50000000;42110.00000000;79.44999695
N;NORTE;2010-03-30;11601.00000000;88.65000153;7442.00000000;56.86999893
NE;NORDESTE;2010-03-30;8785.00000000;61.20000076;8785.00000000;61.20000076
S;SUL;2010-03-30;16540.00000000;258.98001099;12137.00000000;190.03999329
SE;SUDESTE;2010-03-30;51083.00000000;96.37999725;42442.00000000;80.06999969
N;NORTE;2010-03-31;11647.00000000;89.00000000;7480.00000000;57.15999985
NE;NORDESTE;2010-03-31;8624.00000000;60.08000183;8624.00000000;60.08000183
S;SUL;2010-03-31;14030.00000000;219.67999268;12123.00000000;189.82000732
SE;SUDESTE;2010-03-31;51982.00000000;98.06999969;39412.00000000;74.36000061
N;NORTE;2010-04-01;11894.00000000;90.94999695;7727.00000000;59.08000183
NE;NORDESTE;2010-04-01;8394.00000000;71.61000061;8394.00000000;71.61000061
S;SUL;2010-04-01;12389.00000000;210.03999329;10877.00000000;184.39999390
SE;SUDESTE;2010-04-01;53225.00000000;132.61000061;38960.00000000;97.06999969
N;NORTE;2010-04-02;12108.00000000;92.58000183;7572.00000000;57.90000153
NE;NORDESTE;2010-04-02;8303.00000000;70.83000183;8303.00000000;70.83000183
S;SUL;2010-04-02;11241.00000000;190.57000732;8651.00000000;146.66000366
SE;SUDESTE;2010-04-02;53911.00000000;134.32000732;37702.00000000;93.93000031
N;NORTE;2010-04-03;12185.00000000;93.16999817;7110.00000000;54.36999893
NE;NORDESTE;2010-04-03;8442.00000000;72.01999664;8442.00000000;72.01999664
S;SUL;2010-04-03;10758.00000000;182.38000488;6761.00000000;114.62000275
SE;SUDESTE;2010-04-03;55082.00000000;137.22999573;39992.00000000;99.63999939
N;NORTE;2010-04-04;12208.00000000;93.34999847;6567.00000000;50.20999908
NE;NORDESTE;2010-04-04;8608.00000000;73.44000244;8608.00000000;73.44000244
S;SUL;2010-04-04;10465.00000000;177.41999817;5182.00000000;87.84999847
SE;SUDESTE;2010-04-04;56892.00000000;141.74000549;41693.00000000;103.87999725
N;NORTE;2010-04-05;12263.00000000;93.76999664;6382.00000000;48.79999924
NE;NORDESTE;2010-04-05;8817.00000000;75.22000122;8817.00000000;75.22000122
S;SUL;2010-04-05;10846.00000000;183.88000488;5433.00000000;92.11000061
SE;SUDESTE;2010-04-05;58770.00000000;146.41999817;43511.00000000;108.40000153
N;NORTE;2010-04-06;12341.00000000;94.37000275;6928.00000000;52.97000122
NE;NORDESTE;2010-04-06;8657.00000000;73.84999847;8657.00000000;73.84999847
S;SUL;2010-04-06;11047.00000000;187.27999878;6491.00000000;110.04000092
SE;SUDESTE;2010-04-06;59097.00000000;147.24000549;42301.00000000;105.38999939
N;NORTE;2010-04-07;12586.00000000;96.23999786;7375.00000000;56.38999939
NE;NORDESTE;2010-04-07;8832.00000000;75.34999847;8832.00000000;75.34999847
S;SUL;2010-04-07;11243.00000000;190.61000061;8338.00000000;141.36000061
SE;SUDESTE;2010-04-07;58314.00000000;145.28999329;40436.00000000;100.73999786
N;NORTE;2010-04-08;12926.00000000;98.83999634;7705.00000000;58.91999817
NE;NORDESTE;2010-04-08;9915.00000000;84.58999634;9915.00000000;84.58999634
S;SUL;2010-04-08;10929.00000000;185.27999878;9686.00000000;164.21000671
SE;SUDESTE;2010-04-08;58099.00000000;144.75000000;40588.00000000;101.12000275
N;NORTE;2010-04-09;13439.00000000;102.76000214;7804.00000000;59.66999817
NE;NORDESTE;2010-04-09;10408.00000000;88.79000092;10408.00000000;88.79000092
S;SUL;2010-04-09;10549.00000000;178.83999634;10097.00000000;171.17999268
SE;SUDESTE;2010-04-09;57631.00000000;143.58000183;40558.00000000;101.05000305
N;NORTE;2010-04-10;14099.00000000;107.80999756;7498.00000000;57.33000183
NE;NORDESTE;2010-04-10;10233.00000000;87.30000305;10153.00000000;86.62000275
S;SUL;2010-04-10;9813.00000000;166.36000061;9005.00000000;152.66000366
SE;SUDESTE;2010-04-10;55872.00000000;139.19999695;39392.00000000;98.13999939
N;NORTE;2010-04-11;14700.00000000;112.40000153;6441.00000000;49.25000000
NE;NORDESTE;2010-04-11;9705.00000000;82.79000092;9545.00000000;81.43000031
S;SUL;2010-04-11;9482.00000000;160.75000000;7885.00000000;133.67999268
SE;SUDESTE;2010-04-11;53508.00000000;133.30999756;35958.00000000;89.58999634
N;NORTE;2010-04-12;15274.00000000;116.79000092;5982.00000000;45.74000168
NE;NORDESTE;2010-04-12;9046.00000000;77.16999817;8886.00000000;75.80999756
S;SUL;2010-04-12;8917.00000000;151.16999817;8428.00000000;142.88000488
SE;SUDESTE;2010-04-12;50504.00000000;125.83000183;36543.00000000;91.04000092
N;NORTE;2010-04-13;15871.00000000;121.36000061;6093.00000000;46.59000015
NE;NORDESTE;2010-04-13;8822.00000000;75.26000214;8661.00000000;73.88999939
S;SUL;2010-04-13;8149.00000000;138.14999390;7807.00000000;132.35000610
SE;SUDESTE;2010-04-13;47549.00000000;118.47000122;36361.00000000;90.58999634
N;NORTE;2010-04-14;16272.00000000;124.41999817;6348.00000000;48.54000092
NE;NORDESTE;2010-04-14;9139.00000000;77.97000122;8979.00000000;76.59999847
S;SUL;2010-04-14;7389.00000000;125.26999664;6931.00000000;117.50000000
SE;SUDESTE;2010-04-14;44787.00000000;111.58000183;34686.00000000;86.41999817
N;NORTE;2010-04-15;16461.00000000;125.87000275;7113.00000000;54.38999939
NE;NORDESTE;2010-04-15;9558.00000000;81.54000092;9478.00000000;80.86000061
S;SUL;2010-04-15;6813.00000000;115.50000000;6271.00000000;106.30999756
SE;SUDESTE;2010-04-15;42261.00000000;105.29000092;32826.00000000;81.77999878
N;NORTE;2010-04-16;16689.00000000;127.61000061;8130.00000000;62.16999817
NE;NORDESTE;2010-04-16;9802.00000000;83.62000275;9802.00000000;83.62000275
S;SUL;2010-04-16;6337.00000000;107.43000031;5646.00000000;95.72000122
SE;SUDESTE;2010-04-16;40241.00000000;100.26000214;31729.00000000;79.05000305
N;NORTE;2010-04-17;16595.00000000;126.88999939;8252.00000000;63.09999847
NE;NORDESTE;2010-04-17;10011.00000000;85.41000366;10011.00000000;85.41000366
S;SUL;2010-04-17;5872.00000000;99.55000305;5737.00000000;97.26000214
SE;SUDESTE;2010-04-17;38679.00000000;96.37000275;31391.00000000;78.20999908
N;NORTE;2010-04-18;16243.00000000;124.19999695;7317.00000000;55.95000076
NE;NORDESTE;2010-04-18;9968.00000000;85.04000092;9968.00000000;85.04000092
S;SUL;2010-04-18;5495.00000000;93.16000366;5414.00000000;91.79000092
SE;SUDESTE;2010-04-18;37514.00000000;93.45999908;30157.00000000;75.12999725
N;NORTE;2010-04-19;15703.00000000;120.06999969;6552.00000000;50.09999847
NE;NORDESTE;2010-04-19;9855.00000000;84.06999969;9855.00000000;84.06999969
S;SUL;2010-04-19;5376.00000000;91.13999939;5350.00000000;90.69999695
SE;SUDESTE;2010-04-19;36581.00000000;91.13999939;31210.00000000;77.76000214
N;NORTE;2010-04-20;15100.00000000;115.45999908;6357.00000000;48.61000061
NE;NORDESTE;2010-04-20;9734.00000000;83.04000092;9734.00000000;83.04000092
S;SUL;2010-04-20;5183.00000000;87.87000275;5111.00000000;86.65000153
SE;SUDESTE;2010-04-20;35710.00000000;88.97000122;31339.00000000;78.08000183
N;NORTE;2010-04-21;14371.00000000;109.88999939;6990.00000000;53.45000076
NE;NORDESTE;2010-04-21;9395.00000000;80.15000153;9395.00000000;80.15000153
S;SUL;2010-04-21;7977.00000000;135.24000549;7913.00000000;134.14999390
SE;SUDESTE;2010-04-21;35187.00000000;87.66999817;31321.00000000;78.02999878
N;NORTE;2010-04-22;13620.00000000;104.13999939;8247.00000000;63.06000137
NE;NORDESTE;2010-04-22;8879.00000000;75.75000000;8879.00000000;75.75000000
S;SUL;2010-04-22;16109.00000000;273.10000610;14660.00000000;248.53999329
SE;SUDESTE;2010-04-22;34643.00000000;86.30999756;29379.00000000;73.19999695
N;NORTE;2010-04-23;13054.00000000;99.81999969;8315.00000000;63.58000183
NE;NORDESTE;2010-04-23;8199.00000000;69.94999695;8199.00000000;69.94999695
S;SUL;2010-04-23;29252.00000000;495.92001343;12448.00000000;211.03999329
SE;SUDESTE;2010-04-23;34325.00000000;85.51999664;28707.00000000;71.51999664
N;NORTE;2010-04-24;12491.00000000;95.51000214;8088.00000000;61.84000015
NE;NORDESTE;2010-04-24;7503.00000000;64.01000214;7503.00000000;64.01000214
S;SUL;2010-04-24;33751.00000000;572.19000244;6148.00000000;104.23000336
SE;SUDESTE;2010-04-24;34273.00000000;85.38999939;28539.00000000;71.09999847
N;NORTE;2010-04-25;11897.00000000;90.97000122;7500.00000000;57.34999847
NE;NORDESTE;2010-04-25;6736.00000000;57.47000122;6736.00000000;57.47000122
S;SUL;2010-04-25;36272.00000000;614.92999268;6686.00000000;113.34999847
SE;SUDESTE;2010-04-25;34589.00000000;86.18000031;28399.00000000;70.75000000
N;NORTE;2010-04-26;11229.00000000;85.86000061;6833.00000000;52.25000000
NE;NORDESTE;2010-04-26;6077.00000000;51.84000015;6077.00000000;51.84000015
S;SUL;2010-04-26;59078.00000000;1001.57000732;6632.00000000;112.43000031
SE;SUDESTE;2010-04-26;34677.00000000;86.40000153;28097.00000000;70.00000000
N;NORTE;2010-04-27;10642.00000000;81.37000275;6844.00000000;52.33000183
NE;NORDESTE;2010-04-27;5632.00000000;48.04999924;5632.00000000;48.04999924
S;SUL;2010-04-27;61485.00000000;1042.38000488;5115.00000000;86.72000122
SE;SUDESTE;2010-04-27;34325.00000000;85.51999664;27461.00000000;68.41999817
N;NORTE;2010-04-28;10103.00000000;77.25000000;7375.00000000;56.38999939
NE;NORDESTE;2010-04-28;5266.00000000;44.91999817;5266.00000000;44.91999817
S;SUL;2010-04-28;46068.00000000;781.01000977;7720.00000000;130.88000488
SE;SUDESTE;2010-04-28;34225.00000000;85.26999664;28740.00000000;71.59999847
N;NORTE;2010-04-29;9627.00000000;73.61000061;7353.00000000;56.22000122
NE;NORDESTE;2010-04-29;4884.00000000;41.66999817;4884.00000000;41.66999817
S;SUL;2010-04-29;36907.00000000;625.70001221;10748.00000000;182.21000671
SE;SUDESTE;2010-04-29;34175.00000000;85.13999939;27409.00000000;68.29000092
N;NORTE;2010-04-30;9267.00000000;70.86000061;7276.00000000;55.63999939
NE;NORDESTE;2010-04-30;4524.00000000;38.59000015;4524.00000000;38.59000015
S;SUL;2010-04-30;30667.00000000;519.90997314;10110.00000000;171.39999390
SE;SUDESTE;2010-04-30;33907.00000000;84.48000336;27661.00000000;68.91999817
N;NORTE;2010-05-01;8902.00000000;104.44999695;6994.00000000;82.05999756
NE;NORDESTE;2010-05-01;4239.00000000;59.68999863;4239.00000000;59.68999863
S;SUL;2010-05-01;26324.00000000;342.58999634;8193.00000000;106.62999725
SE;SUDESTE;2010-05-01;33295.00000000;114.08999634;27637.00000000;94.69999695
N;NORTE;2010-05-02;8526.00000000;100.04000092;6618.00000000;77.65000153
NE;NORDESTE;2010-05-02;3970.00000000;55.90000153;3970.00000000;55.90000153
S;SUL;2010-05-02;23696.00000000;308.39001465;5509.00000000;71.69999695
SE;SUDESTE;2010-05-02;32152.00000000;110.16999817;25944.00000000;88.90000153
N;NORTE;2010-05-03;8233.00000000;96.59999847;6325.00000000;74.20999908
NE;NORDESTE;2010-05-03;3859.00000000;54.33000183;3859.00000000;54.33000183
S;SUL;2010-05-03;22063.00000000;287.14001465;5464.00000000;71.11000061
SE;SUDESTE;2010-05-03;31628.00000000;108.37000275;26538.00000000;90.93000031
N;NORTE;2010-05-04;7951.00000000;93.29000092;6988.00000000;81.98999786
NE;NORDESTE;2010-05-04;3821.00000000;53.79999924;3821.00000000;53.79999924
S;SUL;2010-05-04;21203.00000000;275.94000244;5437.00000000;70.76000214
SE;SUDESTE;2010-05-04;31035.00000000;106.33999634;26694.00000000;91.47000122
N;NORTE;2010-05-05;7659.00000000;89.86000061;7588.00000000;89.02999878
NE;NORDESTE;2010-05-05;3786.00000000;53.31000137;3786.00000000;53.31000137
S;SUL;2010-05-05;20212.00000000;263.04998779;6626.00000000;86.23000336
SE;SUDESTE;2010-05-05;30318.00000000;103.88999939;28116.00000000;96.33999634
N;NORTE;2010-05-06;7473.00000000;87.68000031;7445.00000000;87.34999847
NE;NORDESTE;2010-05-06;3762.00000000;52.97000122;3762.00000000;52.97000122
S;SUL;2010-05-06;19288.00000000;251.02000427;9692.00000000;126.13999939
SE;SUDESTE;2010-05-06;29692.00000000;101.73999786;28215.00000000;96.68000031
N;NORTE;2010-05-07;7386.00000000;86.66000366;7278.00000000;85.38999939
NE;NORDESTE;2010-05-07;3745.00000000;52.72999954;3745.00000000;52.72999954
S;SUL;2010-05-07;19855.00000000;258.39999390;14144.00000000;184.07000732
SE;SUDESTE;2010-05-07;29127.00000000;99.80999756;26681.00000000;91.41999817
N;NORTE;2010-05-08;7197.00000000;84.44000244;6609.00000000;77.54000092
NE;NORDESTE;2010-05-08;3711.00000000;52.25000000;3711.00000000;52.25000000
S;SUL;2010-05-08;28178.00000000;366.72000122;6243.00000000;81.25000000
SE;SUDESTE;2010-05-08;28924.00000000;99.11000061;25137.00000000;86.12999725
N;NORTE;2010-05-09;7042.00000000;82.62000275;6322.00000000;74.18000031
NE;NORDESTE;2010-05-09;3708.00000000;52.20999908;3708.00000000;52.20999908
S;SUL;2010-05-09;31420.00000000;408.91000366;5148.00000000;67.00000000
SE;SUDESTE;2010-05-09;28873.00000000;98.93000031;25811.00000000;88.44000244
N;NORTE;2010-05-10;6900.00000000;80.95999908;6802.00000000;79.80999756
NE;NORDESTE;2010-05-10;3746.00000000;52.74000168;3746.00000000;52.74000168
S;SUL;2010-05-10;25739.00000000;334.98001099;13982.00000000;181.97000122
SE;SUDESTE;2010-05-10;28924.00000000;99.11000061;26893.00000000;92.15000153
N;NORTE;2010-05-11;6741.00000000;79.08999634;6724.00000000;78.88999939
NE;NORDESTE;2010-05-11;3786.00000000;53.31000137;3786.00000000;53.31000137
S;SUL;2010-05-11;23694.00000000;308.35998535;6178.00000000;80.40000153
SE;SUDESTE;2010-05-11;29048.00000000;99.52999878;26774.00000000;91.73999786
N;NORTE;2010-05-12;6550.00000000;76.84999847;6526.00000000;76.56999969
NE;NORDESTE;2010-05-12;3850.00000000;54.20999908;3850.00000000;54.20999908
S;SUL;2010-05-12;28594.00000000;372.13000488;10926.00000000;142.19000244
SE;SUDESTE;2010-05-12;29190.00000000;100.01999664;26957.00000000;92.37000275
N;NORTE;2010-05-13;6310.00000000;74.02999878;6277.00000000;73.65000153
NE;NORDESTE;2010-05-13;3882.00000000;54.65999985;3882.00000000;54.65999985
S;SUL;2010-05-13;31372.00000000;408.29000854;11239.00000000;146.27000427
SE;SUDESTE;2010-05-13;29107.00000000;99.73999786;27388.00000000;93.84999847
N;NORTE;2010-05-14;6122.00000000;71.83000183;6088.00000000;71.43000031
NE;NORDESTE;2010-05-14;3911.00000000;55.06999969;3911.00000000;55.06999969
S;SUL;2010-05-14;23481.00000000;305.58999634;15811.00000000;205.77000427
SE;SUDESTE;2010-05-14;28879.00000000;98.95999908;27203.00000000;93.20999908
N;NORTE;2010-05-15;5845.00000000;68.58000183;5814.00000000;68.22000122
NE;NORDESTE;2010-05-15;3877.00000000;54.59000015;3877.00000000;54.59000015
S;SUL;2010-05-15;19744.00000000;256.95999146;15743.00000000;204.88000488
SE;SUDESTE;2010-05-15;28466.00000000;97.54000092;25541.00000000;87.51999664
N;NORTE;2010-05-16;5558.00000000;65.20999908;5526.00000000;64.83999634
NE;NORDESTE;2010-05-16;3793.00000000;53.40999985;3793.00000000;53.40999985
S;SUL;2010-05-16;17600.00000000;229.05000305;14916.00000000;194.11999512
SE;SUDESTE;2010-05-16;28080.00000000;96.22000122;25553.00000000;87.55999756
N;NORTE;2010-05-17;5310.00000000;62.29999924;5282.00000000;61.97000122
NE;NORDESTE;2010-05-17;3720.00000000;52.38000107;3720.00000000;52.38000107
S;SUL;2010-05-17;17704.00000000;230.41000366;14092.00000000;183.39999390
SE;SUDESTE;2010-05-17;27808.00000000;95.29000092;24992.00000000;85.63999939
N;NORTE;2010-05-18;5068.00000000;59.45999908;5048.00000000;59.22999954
NE;NORDESTE;2010-05-18;3645.00000000;51.31999969;3645.00000000;51.31999969
S;SUL;2010-05-18;27265.00000000;354.83999634;16350.00000000;212.77999878
SE;SUDESTE;2010-05-18;27822.00000000;95.33000183;24698.00000000;84.62999725
N;NORTE;2010-05-19;4794.00000000;56.25000000;4778.00000000;56.06000137
NE;NORDESTE;2010-05-19;3550.00000000;49.97999954;3550.00000000;49.97999954
S;SUL;2010-05-19;34478.00000000;448.70999146;17486.00000000;227.57000732
SE;SUDESTE;2010-05-19;28072.00000000;96.19000244;25173.00000000;86.26000214
N;NORTE;2010-05-20;4569.00000000;53.61000061;4554.00000000;53.43000031
NE;NORDESTE;2010-05-20;3491.00000000;49.15000153;3491.00000000;49.15000153
S;SUL;2010-05-20;29582.00000000;384.98999023;16126.00000000;209.86999512
SE;SUDESTE;2010-05-20;28484.00000000;97.59999847;26161.00000000;89.63999939
N;NORTE;2010-05-21;4364.00000000;51.20000076;4345.00000000;50.97999954
NE;NORDESTE;2010-05-21;3517.00000000;49.52000046;3517.00000000;49.52000046
S;SUL;2010-05-21;24725.00000000;321.77999878;13054.00000000;169.88999939
SE;SUDESTE;2010-05-21;28697.00000000;98.33000183;25602.00000000;87.73000336
N;NORTE;2010-05-22;4204.00000000;49.33000183;4183.00000000;49.08000183
NE;NORDESTE;2010-05-22;3619.00000000;50.95999908;3619.00000000;50.95999908
S;SUL;2010-05-22;21907.00000000;285.10998535;13405.00000000;174.46000671
SE;SUDESTE;2010-05-22;28582.00000000;97.94000244;24424.00000000;83.69000244
N;NORTE;2010-05-23;4083.00000000;47.90999985;4062.00000000;47.65999985
NE;NORDESTE;2010-05-23;3744.00000000;52.72000122;3744.00000000;52.72000122
S;SUL;2010-05-23;20137.00000000;262.07000732;7726.00000000;100.55000305
SE;SUDESTE;2010-05-23;28366.00000000;97.19999695;24643.00000000;84.44000244
N;NORTE;2010-05-24;3945.00000000;46.29000092;3924.00000000;46.04000092
NE;NORDESTE;2010-05-24;3826.00000000;53.86999893;3826.00000000;53.86999893
S;SUL;2010-05-24;18054.00000000;234.96000671;9979.00000000;129.86999512
SE;SUDESTE;2010-05-24;28165.00000000;96.51000214;25118.00000000;86.06999969
N;NORTE;2010-05-25;3897.00000000;45.72000122;3880.00000000;45.52000046
NE;NORDESTE;2010-05-25;3890.00000000;54.77000046;3890.00000000;54.77000046
S;SUL;2010-05-25;16117.00000000;209.75000000;11729.00000000;152.64999390
SE;SUDESTE;2010-05-25;27792.00000000;95.23000336;25078.00000000;85.93000031
N;NORTE;2010-05-26;3854.00000000;45.22000122;3841.00000000;45.06999969
NE;NORDESTE;2010-05-26;3883.00000000;54.66999817;3883.00000000;54.66999817
S;SUL;2010-05-26;14841.00000000;193.14999390;9875.00000000;128.52000427
SE;SUDESTE;2010-05-26;27467.00000000;94.12000275;25769.00000000;88.30000305
N;NORTE;2010-05-27;3811.00000000;44.70999908;3803.00000000;44.61999893
NE;NORDESTE;2010-05-27;3848.00000000;54.18000031;3848.00000000;54.18000031
S;SUL;2010-05-27;13469.00000000;175.28999329;11017.00000000;143.38000488
SE;SUDESTE;2010-05-27;26951.00000000;92.34999847;25381.00000000;86.97000122
N;NORTE;2010-05-28;3881.00000000;45.54000092;3876.00000000;45.47999954
NE;NORDESTE;2010-05-28;3836.00000000;54.00999832;3836.00000000;54.00999832
S;SUL;2010-05-28;12173.00000000;158.41999817;9767.00000000;127.11000061
SE;SUDESTE;2010-05-28;26488.00000000;90.76000214;24672.00000000;84.54000092
N;NORTE;2010-05-29;3982.00000000;46.72000122;3977.00000000;46.65999985
NE;NORDESTE;2010-05-29;3771.00000000;53.09999847;3771.00000000;53.09999847
S;SUL;2010-05-29;11570.00000000;150.58000183;9944.00000000;129.41000366
SE;SUDESTE;2010-05-29;26097.00000000;89.41999817;24291.00000000;83.23000336
N;NORTE;2010-05-30;4032.00000000;47.31000137;4027.00000000;47.25000000
NE;NORDESTE;2010-05-30;3712.00000000;52.27000046;3712.00000000;52.27000046
S;SUL;2010-05-30;11520.00000000;149.92999268;7053.00000000;91.79000092
SE;SUDESTE;2010-05-30;25594.00000000;87.69999695;22961.00000000;78.68000031
N;NORTE;2010-05-31;4095.00000000;48.04999924;4087.00000000;47.95000076
NE;NORDESTE;2010-05-31;3662.00000000;51.56000137;3662.00000000;51.56000137
S;SUL;2010-05-31;11401.00000000;148.38000488;8854.00000000;115.23000336
SE;SUDESTE;2010-05-31;25176.00000000;86.26999664;23313.00000000;79.87999725
N;NORTE;2010-06-01;4047.00000000;101.16000366;4036.00000000;100.88999939
NE;NORDESTE;2010-06-01;3643.00000000;77.65000153;3643.00000000;77.65000153
S;SUL;2010-06-01;10636.00000000;113.70999908;9522.00000000;101.80000305
SE;SUDESTE;2010-06-01;24843.00000000;98.77999878;23488.00000000;93.38999939
N;NORTE;2010-06-02;3876.00000000;96.88999939;3863.00000000;96.55999756
NE;NORDESTE;2010-06-02;3598.00000000;76.69000244;3598.00000000;76.69000244
S;SUL;2010-06-02;9824.00000000;105.02999878;8511.00000000;90.98999786
SE;SUDESTE;2010-06-02;24747.00000000;98.40000153;23468.00000000;93.30999756
N;NORTE;2010-06-03;3699.00000000;92.45999908;3680.00000000;91.98999786
NE;NORDESTE;2010-06-03;3532.00000000;75.29000092;3532.00000000;75.29000092
S;SUL;2010-06-03;9251.00000000;98.90000153;8367.00000000;89.44999695
SE;SUDESTE;2010-06-03;24610.00000000;97.84999847;22458.00000000;89.29000092
N;NORTE;2010-06-04;3527.00000000;88.16000366;3506.00000000;87.63999939
NE;NORDESTE;2010-06-04;3522.00000000;75.06999969;3509.00000000;74.79000092
S;SUL;2010-06-04;9817.00000000;104.94999695;9088.00000000;97.16000366
SE;SUDESTE;2010-06-04;24651.00000000;98.01000214;21716.00000000;86.33999634
N;NORTE;2010-06-05;3360.00000000;83.98999786;3339.00000000;83.45999908
NE;NORDESTE;2010-06-05;3485.00000000;74.27999878;3460.00000000;73.75000000
S;SUL;2010-06-05;11028.00000000;117.90000153;9160.00000000;97.93000031
SE;SUDESTE;2010-06-05;24664.00000000;98.06999969;21761.00000000;86.51999664
N;NORTE;2010-06-06;3272.00000000;81.79000092;3251.00000000;81.26000214
NE;NORDESTE;2010-06-06;3419.00000000;72.87999725;3394.00000000;72.33999634
S;SUL;2010-06-06;11319.00000000;121.01000214;6097.00000000;65.18000031
SE;SUDESTE;2010-06-06;24870.00000000;98.87999725;21850.00000000;86.87999725
N;NORTE;2010-06-07;3193.00000000;79.80999756;3174.00000000;79.33999634
NE;NORDESTE;2010-06-07;3376.00000000;71.95999908;3347.00000000;71.33999634
S;SUL;2010-06-07;10422.00000000;111.41999817;8659.00000000;92.56999969
SE;SUDESTE;2010-06-07;25108.00000000;99.83000183;23192.00000000;92.20999908
N;NORTE;2010-06-08;3120.00000000;77.98999786;3104.00000000;77.58999634
NE;NORDESTE;2010-06-08;3367.00000000;71.76999664;3341.00000000;71.20999908
S;SUL;2010-06-08;9520.00000000;101.77999878;8813.00000000;94.22000122
SE;SUDESTE;2010-06-08;25203.00000000;100.20999908;24736.00000000;98.34999847
N;NORTE;2010-06-09;3016.00000000;75.38999939;3000.00000000;74.98999786
NE;NORDESTE;2010-06-09;3353.00000000;71.47000122;3329.00000000;70.95999908
S;SUL;2010-06-09;9004.00000000;96.26000214;7774.00000000;83.11000061
SE;SUDESTE;2010-06-09;25247.00000000;100.37999725;24991.00000000;99.37000275
N;NORTE;2010-06-10;2901.00000000;72.51000214;2882.00000000;72.04000092
NE;NORDESTE;2010-06-10;3343.00000000;71.26000214;3319.00000000;70.75000000
S;SUL;2010-06-10;8490.00000000;90.76000214;7028.00000000;75.12999725
SE;SUDESTE;2010-06-10;25106.00000000;99.81999969;24955.00000000;99.22000122
N;NORTE;2010-06-11;2753.00000000;68.81999969;2732.00000000;68.29000092
NE;NORDESTE;2010-06-11;3364.00000000;71.69999695;3339.00000000;71.16999817
S;SUL;2010-06-11;8062.00000000;86.19000244;7487.00000000;80.04000092
SE;SUDESTE;2010-06-11;24891.00000000;98.97000122;24738.00000000;98.36000061
N;NORTE;2010-06-12;2663.00000000;66.56999969;2644.00000000;66.08999634
NE;NORDESTE;2010-06-12;3324.00000000;70.84999847;3301.00000000;70.36000061
S;SUL;2010-06-12;7625.00000000;81.51999664;7251.00000000;77.51999664
SE;SUDESTE;2010-06-12;24519.00000000;97.48999786;24295.00000000;96.59999847
N;NORTE;2010-06-13;2579.00000000;64.47000122;2565.00000000;64.12000275
NE;NORDESTE;2010-06-13;3252.00000000;69.31999969;3229.00000000;68.83000183
S;SUL;2010-06-13;7553.00000000;80.75000000;7416.00000000;79.27999878
SE;SUDESTE;2010-06-13;24161.00000000;96.06999969;22546.00000000;89.63999939
N;NORTE;2010-06-14;2539.00000000;63.47000122;2528.00000000;63.18999863
NE;NORDESTE;2010-06-14;3116.00000000;66.41999817;3090.00000000;65.86000061
S;SUL;2010-06-14;7224.00000000;77.23000336;7156.00000000;76.50000000
SE;SUDESTE;2010-06-14;23761.00000000;94.48000336;23571.00000000;93.72000122
N;NORTE;2010-06-15;2503.00000000;62.56999969;2493.00000000;62.31999969
NE;NORDESTE;2010-06-15;2977.00000000;63.45999908;2949.00000000;62.86000061
S;SUL;2010-06-15;7021.00000000;75.05999756;7011.00000000;74.94999695
SE;SUDESTE;2010-06-15;23325.00000000;92.73999786;22988.00000000;91.40000153
N;NORTE;2010-06-16;2496.00000000;62.38999939;2485.00000000;62.11999893
NE;NORDESTE;2010-06-16;2831.00000000;60.34000015;2806.00000000;59.81000137
S;SUL;2010-06-16;6918.00000000;73.95999908;6839.00000000;73.11000061
SE;SUDESTE;2010-06-16;22892.00000000;91.01999664;22651.00000000;90.05999756
N;NORTE;2010-06-17;2446.00000000;61.13999939;2436.00000000;60.88999939
NE;NORDESTE;2010-06-17;2725.00000000;58.08000183;2702.00000000;57.59000015
S;SUL;2010-06-17;7394.00000000;79.05000305;7160.00000000;76.55000305
SE;SUDESTE;2010-06-17;22504.00000000;89.48000336;22281.00000000;88.58999634
N;NORTE;2010-06-18;2399.00000000;59.97000122;2389.00000000;59.72000122
NE;NORDESTE;2010-06-18;2671.00000000;56.93000031;2650.00000000;56.49000168
S;SUL;2010-06-18;14562.00000000;155.67999268;12774.00000000;136.55999756
SE;SUDESTE;2010-06-18;22047.00000000;87.66000366;21769.00000000;86.55000305
N;NORTE;2010-06-19;2349.00000000;58.72000122;2339.00000000;58.47000122
NE;NORDESTE;2010-06-19;2636.00000000;56.18999863;2636.00000000;56.18999863
S;SUL;2010-06-19;16563.00000000;177.07000732;13659.00000000;146.02999878
SE;SUDESTE;2010-06-19;21649.00000000;86.08000183;21423.00000000;85.18000031
N;NORTE;2010-06-20;2306.00000000;57.63999939;2292.00000000;57.29000092
NE;NORDESTE;2010-06-20;2593.00000000;55.27000046;2593.00000000;55.27000046
S;SUL;2010-06-20;15111.00000000;161.55000305;11503.00000000;122.98000336
SE;SUDESTE;2010-06-20;21270.00000000;84.56999969;20895.00000000;83.08000183
N;NORTE;2010-06-21;2267.00000000;56.66999817;2251.00000000;56.27000046
NE;NORDESTE;2010-06-21;2571.00000000;54.79999924;2571.00000000;54.79999924
S;SUL;2010-06-21;12126.00000000;129.63999939;10375.00000000;110.91999817
SE;SUDESTE;2010-06-21;21069.00000000;83.76999664;20943.00000000;83.26999664
N;NORTE;2010-06-22;2236.00000000;55.88999939;2220.00000000;55.49000168
NE;NORDESTE;2010-06-22;2592.00000000;55.25000000;2592.00000000;55.25000000
S;SUL;2010-06-22;11365.00000000;121.50000000;10428.00000000;111.48000336
SE;SUDESTE;2010-06-22;20905.00000000;83.12000275;20742.00000000;82.47000122
N;NORTE;2010-06-23;2212.00000000;55.29000092;2199.00000000;54.97000122
NE;NORDESTE;2010-06-23;2657.00000000;56.63000107;2657.00000000;56.63000107
S;SUL;2010-06-23;11550.00000000;123.48000336;10430.00000000;111.51000214
SE;SUDESTE;2010-06-23;20780.00000000;82.62000275;20504.00000000;81.52999878
N;NORTE;2010-06-24;2180.00000000;54.49000168;2170.00000000;54.24000168
NE;NORDESTE;2010-06-24;2793.00000000;59.52999878;2793.00000000;59.52999878
S;SUL;2010-06-24;10736.00000000;114.77999878;10014.00000000;107.05999756
SE;SUDESTE;2010-06-24;20679.00000000;82.22000122;20533.00000000;81.63999939
N;NORTE;2010-06-25;2141.00000000;53.52000046;2129.00000000;53.22000122
NE;NORDESTE;2010-06-25;2951.00000000;62.90000153;2951.00000000;62.90000153
S;SUL;2010-06-25;9847.00000000;105.26999664;9507.00000000;101.63999939
SE;SUDESTE;2010-06-25;20634.00000000;82.04000092;20433.00000000;81.23999786
N;NORTE;2010-06-26;2080.00000000;51.99000168;2064.00000000;51.59000015
NE;NORDESTE;2010-06-26;3021.00000000;64.38999939;3021.00000000;64.38999939
S;SUL;2010-06-26;8938.00000000;95.55000305;8822.00000000;94.30999756
SE;SUDESTE;2010-06-26;20593.00000000;81.87999725;20440.00000000;81.26999664
N;NORTE;2010-06-27;2003.00000000;50.06999969;1988.00000000;49.68999863
NE;NORDESTE;2010-06-27;3118.00000000;66.45999908;3118.00000000;66.45999908
S;SUL;2010-06-27;8441.00000000;90.23999786;8377.00000000;89.55999756
SE;SUDESTE;2010-06-27;20479.00000000;81.43000031;20335.00000000;80.84999847
N;NORTE;2010-06-28;1944.00000000;48.59000015;1928.00000000;48.18999863
NE;NORDESTE;2010-06-28;3138.00000000;66.88999939;3138.00000000;66.88999939
S;SUL;2010-06-28;7909.00000000;84.55000305;7871.00000000;84.15000153
SE;SUDESTE;2010-06-28;20400.00000000;81.11000061;20169.00000000;80.19000244
N;NORTE;2010-06-29;1876.00000000;46.88999939;1860.00000000;46.49000168
NE;NORDESTE;2010-06-29;3042.00000000;64.83999634;3042.00000000;64.83999634
S;SUL;2010-06-29;7411.00000000;79.23000336;7354.00000000;78.62000275
SE;SUDESTE;2010-06-29;20313.00000000;80.76999664;20004.00000000;79.54000092
N;NORTE;2010-06-30;1811.00000000;45.27000046;1798.00000000;44.93999863
NE;NORDESTE;2010-06-30;2871.00000000;61.20000076;2871.00000000;61.20000076
S;SUL;2010-06-30;6923.00000000;74.01000214;6877.00000000;73.51999664
SE;SUDESTE;2010-06-30;20226.00000000;80.41999817;19940.00000000;79.27999878
N;NORTE;2010-07-01;1792.00000000;77.84999847;1781.00000000;77.37000275
NE;NORDESTE;2010-07-01;2804.00000000;72.45999908;2804.00000000;72.45999908
S;SUL;2010-07-01;6420.00000000;65.33999634;6386.00000000;64.98999786
SE;SUDESTE;2010-07-01;20106.00000000;96.77999878;19876.00000000;95.66999817
N;NORTE;2010-07-02;1803.00000000;78.33000183;1792.00000000;77.84999847
NE;NORDESTE;2010-07-02;2747.00000000;70.98999786;2747.00000000;70.98999786
S;SUL;2010-07-02;6093.00000000;62.00999832;6078.00000000;61.86000061
SE;SUDESTE;2010-07-02;19928.00000000;95.91999817;19699.00000000;94.81999969
N;NORTE;2010-07-03;1797.00000000;78.06999969;1787.00000000;77.62999725
NE;NORDESTE;2010-07-03;2665.00000000;68.87000275;2665.00000000;68.87000275
S;SUL;2010-07-03;5804.00000000;59.06999969;5781.00000000;58.83000183
SE;SUDESTE;2010-07-03;19874.00000000;95.66000366;19397.00000000;93.37000275
N;NORTE;2010-07-04;1781.00000000;77.37000275;1773.00000000;77.01999664
NE;NORDESTE;2010-07-04;2676.00000000;69.16000366;2676.00000000;69.16000366
S;SUL;2010-07-04;5604.00000000;57.02999878;5581.00000000;56.79999924
SE;SUDESTE;2010-07-04;19621.00000000;94.44000244;19265.00000000;92.73000336
N;NORTE;2010-07-05;1768.00000000;76.80999756;1762.00000000;76.55000305
NE;NORDESTE;2010-07-05;2643.00000000;68.30000305;2643.00000000;68.30000305
S;SUL;2010-07-05;5436.00000000;55.31999969;5425.00000000;55.20999908
SE;SUDESTE;2010-07-05;19579.00000000;94.23999786;19334.00000000;93.05999756
N;NORTE;2010-07-06;1756.00000000;76.29000092;1751.00000000;76.06999969
NE;NORDESTE;2010-07-06;2589.00000000;66.91000366;2589.00000000;66.91000366
S;SUL;2010-07-06;5256.00000000;53.49000168;5240.00000000;53.33000183
SE;SUDESTE;2010-07-06;19364.00000000;93.20999908;19160.00000000;92.22000122
N;NORTE;2010-07-07;1740.00000000;75.58999634;1734.00000000;75.33000183
NE;NORDESTE;2010-07-07;2621.00000000;67.73000336;2621.00000000;67.73000336
S;SUL;2010-07-07;4843.00000000;49.29000092;4812.00000000;48.97000122
SE;SUDESTE;2010-07-07;19279.00000000;92.80000305;19039.00000000;91.63999939
N;NORTE;2010-07-08;1687.00000000;73.29000092;1682.00000000;73.06999969
NE;NORDESTE;2010-07-08;2631.00000000;67.98999786;2631.00000000;67.98999786
S;SUL;2010-07-08;4684.00000000;47.66999817;4668.00000000;47.50999832
SE;SUDESTE;2010-07-08;19123.00000000;92.05000305;18850.00000000;90.73000336
N;NORTE;2010-07-09;1671.00000000;72.58999634;1666.00000000;72.37999725
NE;NORDESTE;2010-07-09;2629.00000000;67.94000244;2629.00000000;67.94000244
S;SUL;2010-07-09;4665.00000000;47.47999954;4655.00000000;47.38000107
SE;SUDESTE;2010-07-09;19035.00000000;91.62000275;18594.00000000;89.50000000
N;NORTE;2010-07-10;1654.00000000;71.84999847;1649.00000000;71.63999939
NE;NORDESTE;2010-07-10;2630.00000000;67.97000122;2630.00000000;67.97000122
S;SUL;2010-07-10;4780.00000000;48.65000153;4770.00000000;48.54999924
SE;SUDESTE;2010-07-10;18875.00000000;90.84999847;17776.00000000;85.55999756
N;NORTE;2010-07-11;1631.00000000;70.86000061;1625.00000000;70.58999634
NE;NORDESTE;2010-07-11;2610.00000000;67.44999695;2610.00000000;67.44999695
S;SUL;2010-07-11;5003.00000000;50.91999817;4987.00000000;50.75000000
SE;SUDESTE;2010-07-11;18835.00000000;90.66000366;17778.00000000;85.56999969
N;NORTE;2010-07-12;1607.00000000;69.80999756;1601.00000000;69.55000305
NE;NORDESTE;2010-07-12;2604.00000000;67.29000092;2604.00000000;67.29000092
S;SUL;2010-07-12;6813.00000000;69.33999634;6773.00000000;68.93000031
SE;SUDESTE;2010-07-12;18854.00000000;90.75000000;17777.00000000;85.56999969
N;NORTE;2010-07-13;1633.00000000;70.94000244;1628.00000000;70.72000122
NE;NORDESTE;2010-07-13;2577.00000000;66.59999847;2577.00000000;66.59999847
S;SUL;2010-07-13;9176.00000000;93.38999939;8782.00000000;89.37999725
SE;SUDESTE;2010-07-13;19031.00000000;91.59999847;18361.00000000;88.37999725
N;NORTE;2010-07-14;1614.00000000;70.12000275;1609.00000000;69.90000153
NE;NORDESTE;2010-07-14;2566.00000000;66.30999756;2566.00000000;66.30999756
S;SUL;2010-07-14;8226.00000000;83.72000122;7797.00000000;79.34999847
SE;SUDESTE;2010-07-14;19357.00000000;93.16999817;18958.00000000;91.25000000
N;NORTE;2010-07-15;1590.00000000;69.06999969;1585.00000000;68.86000061
NE;NORDESTE;2010-07-15;2553.00000000;65.98000336;2553.00000000;65.98000336
S;SUL;2010-07-15;6988.00000000;71.12000275;6775.00000000;68.94999695
SE;SUDESTE;2010-07-15;19829.00000000;95.44000244;19356.00000000;93.16999817
N;NORTE;2010-07-16;1587.00000000;68.94000244;1582.00000000;68.73000336
NE;NORDESTE;2010-07-16;2542.00000000;65.69000244;2526.00000000;65.27999878
S;SUL;2010-07-16;7382.00000000;75.12999725;7170.00000000;72.97000122
SE;SUDESTE;2010-07-16;20713.00000000;99.69999695;20167.00000000;97.06999969
N;NORTE;2010-07-17;1599.00000000;69.45999908;1593.00000000;69.19999695
NE;NORDESTE;2010-07-17;2513.00000000;64.94000244;2489.00000000;64.31999969
S;SUL;2010-07-17;8777.00000000;89.33000183;8532.00000000;86.83000183
SE;SUDESTE;2010-07-17;21365.00000000;102.83999634;21007.00000000;101.12000275
N;NORTE;2010-07-18;1594.00000000;69.25000000;1589.00000000;69.02999878
NE;NORDESTE;2010-07-18;2513.00000000;64.94000244;2489.00000000;64.31999969
S;SUL;2010-07-18;11495.00000000;116.98999786;11131.00000000;113.27999878
SE;SUDESTE;2010-07-18;22065.00000000;106.20999908;21876.00000000;105.30000305
N;NORTE;2010-07-19;1612.00000000;70.02999878;1606.00000000;69.76999664
NE;NORDESTE;2010-07-19;2512.00000000;64.91999817;2489.00000000;64.31999969
S;SUL;2010-07-19;14582.00000000;148.39999390;13406.00000000;136.44000244
SE;SUDESTE;2010-07-19;22554.00000000;108.55999756;21702.00000000;104.45999908
N;NORTE;2010-07-20;1654.00000000;71.84999847;1641.00000000;71.29000092
NE;NORDESTE;2010-07-20;2516.00000000;65.01999664;2492.00000000;64.40000153
S;SUL;2010-07-20;18018.00000000;183.36999512;15780.00000000;160.60000610
SE;SUDESTE;2010-07-20;22937.00000000;110.40000153;21995.00000000;105.87000275
N;NORTE;2010-07-21;1619.00000000;70.33000183;1603.00000000;69.63999939
NE;NORDESTE;2010-07-21;2515.00000000;64.98999786;2491.00000000;64.37000275
S;SUL;2010-07-21;16093.00000000;163.77999878;14411.00000000;146.66000366
SE;SUDESTE;2010-07-21;22903.00000000;110.23999786;22571.00000000;108.63999939
N;NORTE;2010-07-22;1566.00000000;68.02999878;1553.00000000;67.47000122
NE;NORDESTE;2010-07-22;2493.00000000;64.43000031;2471.00000000;63.86000061
S;SUL;2010-07-22;22999.00000000;234.07000732;20343.00000000;207.03999329
SE;SUDESTE;2010-07-22;22545.00000000;108.51999664;22255.00000000;107.12000275
N;NORTE;2010-07-23;1474.00000000;64.02999878;1467.00000000;63.72999954
NE;NORDESTE;2010-07-23;2469.00000000;63.81000137;2445.00000000;63.18999863
S;SUL;2010-07-23;25880.00000000;263.39001465;22533.00000000;229.32000732
SE;SUDESTE;2010-07-23;21935.00000000;105.58000183;21624.00000000;104.08000183
N;NORTE;2010-07-24;1423.00000000;61.81999969;1417.00000000;61.56000137
NE;NORDESTE;2010-07-24;2451.00000000;63.34000015;2430.00000000;62.79999924
S;SUL;2010-07-24;19235.00000000;195.75999451;16780.00000000;170.77000427
SE;SUDESTE;2010-07-24;21266.00000000;102.36000061;20977.00000000;100.97000122
N;NORTE;2010-07-25;1345.00000000;58.43000031;1339.00000000;58.16999817
NE;NORDESTE;2010-07-25;2436.00000000;62.95000076;2412.00000000;62.33000183
S;SUL;2010-07-25;15948.00000000;162.30999756;13871.00000000;141.16999817
SE;SUDESTE;2010-07-25;20681.00000000;99.55000305;20448.00000000;98.41999817
N;NORTE;2010-07-26;1318.00000000;57.25999832;1312.00000000;57.00000000
NE;NORDESTE;2010-07-26;2392.00000000;61.81999969;2369.00000000;61.22000122
S;SUL;2010-07-26;14314.00000000;145.67999268;12980.00000000;132.10000610
SE;SUDESTE;2010-07-26;20147.00000000;96.98000336;19967.00000000;96.11000061
N;NORTE;2010-07-27;1273.00000000;55.29999924;1268.00000000;55.09000015
NE;NORDESTE;2010-07-27;2311.00000000;59.72000122;2292.00000000;59.22999954
S;SUL;2010-07-27;12809.00000000;130.36000061;11842.00000000;120.51999664
SE;SUDESTE;2010-07-27;19611.00000000;94.40000153;19394.00000000;93.34999847
N;NORTE;2010-07-28;1248.00000000;54.22000122;1243.00000000;54.00000000
NE;NORDESTE;2010-07-28;2250.00000000;58.15000153;2227.00000000;57.54999924
S;SUL;2010-07-28;11546.00000000;117.51000214;10750.00000000;109.41000366
SE;SUDESTE;2010-07-28;19098.00000000;91.93000031;18760.00000000;90.30000305
N;NORTE;2010-07-29;1208.00000000;52.47999954;1200.00000000;52.13000107
NE;NORDESTE;2010-07-29;2201.00000000;56.88000107;2201.00000000;56.88000107
S;SUL;2010-07-29;10864.00000000;110.56999969;10356.00000000;105.40000153
SE;SUDESTE;2010-07-29;18636.00000000;89.52999878;18231.00000000;87.58000183
N;NORTE;2010-07-30;1217.00000000;52.86999893;1207.00000000;52.43999863
NE;NORDESTE;2010-07-30;2149.00000000;55.54000092;2149.00000000;55.54000092
S;SUL;2010-07-30;10506.00000000;106.91999817;10059.00000000;102.37000275
SE;SUDESTE;2010-07-30;18260.00000000;87.72000122;17936.00000000;86.16999817
N;NORTE;2010-07-31;1199.00000000;52.09000015;1192.00000000;51.77999878
NE;NORDESTE;2010-07-31;2107.00000000;54.45000076;2082.00000000;53.79999924
S;SUL;2010-07-31;10433.00000000;106.18000031;9960.00000000;101.37000275
SE;SUDESTE;2010-07-31;17893.00000000;85.95999908;17687.00000000;84.97000122
N;NORTE;2010-08-01;1201.00000000;74.37999725;1198.00000000;74.19000244
NE;NORDESTE;2010-08-01;2094.00000000;62.04999924;2069.00000000;61.31000137
S;SUL;2010-08-01;15542.00000000;172.80999756;14593.00000000;162.25000000
SE;SUDESTE;2010-08-01;17569.00000000;101.31999969;16610.00000000;95.79000092
N;NORTE;2010-08-02;1219.00000000;75.50000000;1219.00000000;75.50000000
NE;NORDESTE;2010-08-02;2073.00000000;61.43000031;2049.00000000;60.72000122
S;SUL;2010-08-02;15135.00000000;168.27999878;12167.00000000;135.27999878
SE;SUDESTE;2010-08-02;17296.00000000;99.75000000;17117.00000000;98.70999908
N;NORTE;2010-08-03;1236.00000000;76.55000305;1236.00000000;76.55000305
NE;NORDESTE;2010-08-03;2156.00000000;63.88999939;2132.00000000;63.18000031
S;SUL;2010-08-03;12312.00000000;136.88999939;10285.00000000;114.34999847
SE;SUDESTE;2010-08-03;17134.00000000;98.80999756;16857.00000000;97.20999908
N;NORTE;2010-08-04;1226.00000000;75.93000031;1224.00000000;75.80000305
NE;NORDESTE;2010-08-04;2186.00000000;64.77999878;2171.00000000;64.33999634
S;SUL;2010-08-04;11238.00000000;124.94999695;9982.00000000;110.98999786
SE;SUDESTE;2010-08-04;17095.00000000;98.58999634;16792.00000000;96.83999634
N;NORTE;2010-08-05;1224.00000000;75.80000305;1209.00000000;74.87999725
NE;NORDESTE;2010-08-05;2257.00000000;66.87999725;2257.00000000;66.87999725
S;SUL;2010-08-05;12172.00000000;135.33999634;11428.00000000;127.05999756
SE;SUDESTE;2010-08-05;17049.00000000;98.31999969;16717.00000000;96.41000366
N;NORTE;2010-08-06;1229.00000000;76.11000061;1229.00000000;76.11000061
NE;NORDESTE;2010-08-06;2317.00000000;68.66000366;2317.00000000;68.66000366
S;SUL;2010-08-06;13296.00000000;147.83000183;12363.00000000;137.46000671
SE;SUDESTE;2010-08-06;16977.00000000;97.91000366;16662.00000000;96.08999634
N;NORTE;2010-08-07;1208.00000000;74.80999756;1208.00000000;74.80999756
NE;NORDESTE;2010-08-07;2334.00000000;69.16999817;2334.00000000;69.16999817
S;SUL;2010-08-07;12730.00000000;141.53999329;12067.00000000;134.16999817
SE;SUDESTE;2010-08-07;17037.00000000;98.00000000;16825.00000000;96.77999878
N;NORTE;2010-08-08;1206.00000000;74.69000244;1206.00000000;74.69000244
NE;NORDESTE;2010-08-08;2340.00000000;69.33999634;2340.00000000;69.33999634
S;SUL;2010-08-08;11612.00000000;129.11000061;11088.00000000;123.27999878
SE;SUDESTE;2010-08-08;17065.00000000;98.16000366;16950.00000000;97.50000000
N;NORTE;2010-08-09;1193.00000000;73.87999725;1193.00000000;73.87999725
NE;NORDESTE;2010-08-09;2324.00000000;68.87000275;2324.00000000;68.87000275
S;SUL;2010-08-09;10830.00000000;120.41000366;10331.00000000;114.87000275
SE;SUDESTE;2010-08-09;17004.00000000;97.80999756;16791.00000000;96.58000183
N;NORTE;2010-08-10;1183.00000000;73.26999664;1183.00000000;73.26999664
NE;NORDESTE;2010-08-10;2291.00000000;67.88999939;2275.00000000;67.41999817
S;SUL;2010-08-10;10135.00000000;112.69000244;9817.00000000;109.15000153
SE;SUDESTE;2010-08-10;16922.00000000;97.06999969;16382.00000000;93.98000336
N;NORTE;2010-08-11;1143.00000000;70.79000092;1143.00000000;70.79000092
NE;NORDESTE;2010-08-11;2250.00000000;66.68000031;2226.00000000;65.97000122
S;SUL;2010-08-11;9503.00000000;105.66000366;9311.00000000;103.52999878
SE;SUDESTE;2010-08-11;16847.00000000;96.63999939;16369.00000000;93.90000153
N;NORTE;2010-08-12;1132.00000000;70.11000061;1132.00000000;70.11000061
NE;NORDESTE;2010-08-12;2422.00000000;71.76999664;2399.00000000;71.08999634
S;SUL;2010-08-12;9225.00000000;102.56999969;9065.00000000;100.79000092
SE;SUDESTE;2010-08-12;16685.00000000;95.70999908;16426.00000000;94.23000336
N;NORTE;2010-08-13;1118.00000000;69.23999786;1118.00000000;69.23999786
NE;NORDESTE;2010-08-13;2241.00000000;66.41000366;2231.00000000;66.11000061
S;SUL;2010-08-13;9794.00000000;108.90000153;9640.00000000;107.18000031
SE;SUDESTE;2010-08-13;16487.00000000;94.58000183;16269.00000000;93.33000183
N;NORTE;2010-08-14;1109.00000000;68.68000031;1109.00000000;68.68000031
NE;NORDESTE;2010-08-14;2172.00000000;64.37000275;2149.00000000;63.68000031
S;SUL;2010-08-14;9702.00000000;107.87000275;9617.00000000;106.93000031
SE;SUDESTE;2010-08-14;16243.00000000;93.18000031;16080.00000000;92.23999786
N;NORTE;2010-08-15;1090.00000000;67.51000214;1090.00000000;67.51000214
NE;NORDESTE;2010-08-15;2145.00000000;63.56999969;2121.00000000;62.84999847
S;SUL;2010-08-15;8834.00000000;98.22000122;8655.00000000;96.23000336
SE;SUDESTE;2010-08-15;15963.00000000;91.56999969;15806.00000000;90.66999817
N;NORTE;2010-08-16;1097.00000000;67.94000244;1097.00000000;67.94000244
NE;NORDESTE;2010-08-16;2130.00000000;63.11999893;2106.00000000;62.40999985
S;SUL;2010-08-16;8039.00000000;89.37999725;7988.00000000;88.81999969
SE;SUDESTE;2010-08-16;15741.00000000;90.30000305;15065.00000000;86.41999817
N;NORTE;2010-08-17;1106.00000000;68.50000000;1106.00000000;68.50000000
NE;NORDESTE;2010-08-17;2124.00000000;62.93999863;2100.00000000;62.22999954
S;SUL;2010-08-17;7524.00000000;83.66000366;7471.00000000;83.06999969
SE;SUDESTE;2010-08-17;15566.00000000;89.29000092;14485.00000000;83.08999634
N;NORTE;2010-08-18;1069.00000000;66.20999908;1069.00000000;66.20999908
NE;NORDESTE;2010-08-18;2112.00000000;62.59000015;2089.00000000;61.90999985
S;SUL;2010-08-18;6746.00000000;75.01000214;6693.00000000;74.41999817
SE;SUDESTE;2010-08-18;15368.00000000;88.16000366;14295.00000000;82.00000000
N;NORTE;2010-08-19;1062.00000000;65.76999664;1062.00000000;65.76999664
NE;NORDESTE;2010-08-19;2086.00000000;61.81999969;2060.00000000;61.04999924
S;SUL;2010-08-19;6335.00000000;70.44000244;6296.00000000;70.00000000
SE;SUDESTE;2010-08-19;15168.00000000;87.01000214;14058.00000000;80.63999939
N;NORTE;2010-08-20;1046.00000000;64.77999878;1046.00000000;64.77999878
NE;NORDESTE;2010-08-20;2069.00000000;61.31000137;2045.00000000;60.59999847
S;SUL;2010-08-20;5936.00000000;66.00000000;5895.00000000;65.54000092
SE;SUDESTE;2010-08-20;14998.00000000;86.04000092;13856.00000000;79.48999786
N;NORTE;2010-08-21;1060.00000000;65.65000153;1060.00000000;65.65000153
NE;NORDESTE;2010-08-21;2035.00000000;60.31000137;2024.00000000;59.97999954
S;SUL;2010-08-21;5852.00000000;65.06999969;5827.00000000;64.79000092
SE;SUDESTE;2010-08-21;14823.00000000;85.02999878;13794.00000000;79.12999725
N;NORTE;2010-08-22;1048.00000000;64.90000153;1048.00000000;64.90000153
NE;NORDESTE;2010-08-22;2002.00000000;59.33000183;1988.00000000;58.90999985
S;SUL;2010-08-22;5455.00000000;60.65000153;5437.00000000;60.45000076
SE;SUDESTE;2010-08-22;14722.00000000;84.44999695;13726.00000000;78.73999786
N;NORTE;2010-08-23;1077.00000000;66.69999695;1077.00000000;66.69999695
NE;NORDESTE;2010-08-23;1969.00000000;58.34999847;1944.00000000;57.61000061
S;SUL;2010-08-23;5183.00000000;57.63000107;5165.00000000;57.43000031
SE;SUDESTE;2010-08-23;14559.00000000;83.51999664;13575.00000000;77.87000275
N;NORTE;2010-08-24;1065.00000000;65.95999908;1065.00000000;65.95999908
NE;NORDESTE;2010-08-24;1922.00000000;56.95999908;1899.00000000;56.27999878
S;SUL;2010-08-24;4996.00000000;55.54999924;4979.00000000;55.36000061
SE;SUDESTE;2010-08-24;14450.00000000;82.88999939;13463.00000000;77.23000336
N;NORTE;2010-08-25;1072.00000000;66.38999939;1072.00000000;66.38999939
NE;NORDESTE;2010-08-25;1901.00000000;56.33000183;1877.00000000;55.61999893
S;SUL;2010-08-25;4734.00000000;52.63999939;4722.00000000;52.50000000
SE;SUDESTE;2010-08-25;14277.00000000;81.90000153;13230.00000000;75.88999939
N;NORTE;2010-08-26;1042.00000000;64.52999878;1042.00000000;64.52999878
NE;NORDESTE;2010-08-26;1876.00000000;55.59000015;1851.00000000;54.84999847
S;SUL;2010-08-26;4375.00000000;48.63999939;4365.00000000;48.52999878
SE;SUDESTE;2010-08-26;14118.00000000;80.98999786;12969.00000000;74.40000153
N;NORTE;2010-08-27;1028.00000000;63.66999817;1028.00000000;63.66999817
NE;NORDESTE;2010-08-27;1871.00000000;55.45000076;1847.00000000;54.72999954
S;SUL;2010-08-27;4302.00000000;47.83000183;4272.00000000;47.50000000
SE;SUDESTE;2010-08-27;13968.00000000;80.12999725;12843.00000000;73.66999817
N;NORTE;2010-08-28;998.00000000;61.81000137;998.00000000;61.81000137
NE;NORDESTE;2010-08-28;1872.00000000;55.47999954;1861.00000000;55.15000153
S;SUL;2010-08-28;4068.00000000;45.22999954;4058.00000000;45.11999893
SE;SUDESTE;2010-08-28;13890.00000000;79.33000183;12717.00000000;72.62999725
N;NORTE;2010-08-29;980.00000000;60.68999863;980.00000000;60.68999863
NE;NORDESTE;2010-08-29;1868.00000000;55.36000061;1857.00000000;55.02999878
S;SUL;2010-08-29;4030.00000000;44.81000137;4010.00000000;44.59000015
SE;SUDESTE;2010-08-29;13816.00000000;78.90000153;12796.00000000;73.08000183
N;NORTE;2010-08-30;997.00000000;61.75000000;997.00000000;61.75000000
NE;NORDESTE;2010-08-30;1871.00000000;55.45000076;1846.00000000;54.70999908
S;SUL;2010-08-30;3937.00000000;43.77000046;3928.00000000;43.66999817
SE;SUDESTE;2010-08-30;13716.00000000;78.33000183;12560.00000000;71.73000336
N;NORTE;2010-08-31;1006.00000000;62.29999924;1006.00000000;62.29999924
NE;NORDESTE;2010-08-31;1867.00000000;55.33000183;1845.00000000;54.68000031
S;SUL;2010-08-31;3826.00000000;42.54000092;3814.00000000;42.40999985
SE;SUDESTE;2010-08-31;13601.00000000;77.68000031;12506.00000000;71.41999817
N;NORTE;2010-09-01;995.00000000;77.95999908;995.00000000;77.95999908
NE;NORDESTE;2010-09-01;1899.00000000;62.95999908;1874.00000000;62.13000107
S;SUL;2010-09-01;3711.00000000;35.40000153;3702.00000000;35.31000137
SE;SUDESTE;2010-09-01;13400.00000000;77.23000336;12180.00000000;70.19999695
N;NORTE;2010-09-02;988.00000000;77.41000366;988.00000000;77.41000366
NE;NORDESTE;2010-09-02;1880.00000000;62.33000183;1857.00000000;61.56999969
S;SUL;2010-09-02;4299.00000000;41.00999832;4288.00000000;40.90000153
SE;SUDESTE;2010-09-02;13212.00000000;76.13999939;12549.00000000;72.31999969
N;NORTE;2010-09-03;982.00000000;76.94000244;982.00000000;76.94000244
NE;NORDESTE;2010-09-03;1993.00000000;66.08000183;1969.00000000;65.27999878
S;SUL;2010-09-03;5155.00000000;49.16999817;5053.00000000;48.20000076
SE;SUDESTE;2010-09-03;13051.00000000;75.22000122;12659.00000000;72.95999908
N;NORTE;2010-09-04;954.00000000;74.73999786;954.00000000;74.73999786
NE;NORDESTE;2010-09-04;1921.00000000;63.68999863;1910.00000000;63.31999969
S;SUL;2010-09-04;4493.00000000;42.86000061;4260.00000000;40.63000107
SE;SUDESTE;2010-09-04;12932.00000000;74.52999878;12509.00000000;72.08999634
N;NORTE;2010-09-05;921.00000000;72.16000366;921.00000000;72.16000366
NE;NORDESTE;2010-09-05;1848.00000000;61.27000046;1835.00000000;60.84000015
S;SUL;2010-09-05;4251.00000000;40.54999924;4098.00000000;39.09000015
SE;SUDESTE;2010-09-05;12842.00000000;74.01000214;12547.00000000;72.30999756
N;NORTE;2010-09-06;940.00000000;73.65000153;940.00000000;73.65000153
NE;NORDESTE;2010-09-06;1803.00000000;59.77999878;1777.00000000;58.90999985
S;SUL;2010-09-06;3776.00000000;36.02000046;3712.00000000;35.40999985
SE;SUDESTE;2010-09-06;12697.00000000;73.18000031;12435.00000000;71.66999817
N;NORTE;2010-09-07;936.00000000;73.33000183;936.00000000;73.33000183
NE;NORDESTE;2010-09-07;1807.00000000;59.90999985;1796.00000000;59.54000092
S;SUL;2010-09-07;3566.00000000;34.00999832;3546.00000000;33.81999969
SE;SUDESTE;2010-09-07;12709.00000000;73.25000000;12421.00000000;71.58999634
N;NORTE;2010-09-08;934.00000000;73.18000031;934.00000000;73.18000031
NE;NORDESTE;2010-09-08;1851.00000000;61.36999893;1826.00000000;60.54000092
S;SUL;2010-09-08;3482.00000000;33.20999908;3444.00000000;32.84999847
SE;SUDESTE;2010-09-08;12661.00000000;72.97000122;12354.00000000;71.19999695
N;NORTE;2010-09-09;927.00000000;72.62999725;927.00000000;72.62999725
NE;NORDESTE;2010-09-09;1929.00000000;63.95000076;1906.00000000;63.18999863
S;SUL;2010-09-09;3283.00000000;31.31999969;3271.00000000;31.20000076
SE;SUDESTE;2010-09-09;12736.00000000;73.40000153;12378.00000000;71.33999634
N;NORTE;2010-09-10;930.00000000;72.86000061;930.00000000;72.86000061
NE;NORDESTE;2010-09-10;1983.00000000;65.73999786;1959.00000000;64.94999695
S;SUL;2010-09-10;3203.00000000;30.54999924;3194.00000000;30.46999931
SE;SUDESTE;2010-09-10;12701.00000000;73.19999695;12334.00000000;71.08000183
N;NORTE;2010-09-11;905.00000000;70.91000366;905.00000000;70.91000366
NE;NORDESTE;2010-09-11;2065.00000000;68.45999908;2041.00000000;67.66999817
S;SUL;2010-09-11;3101.00000000;29.57999992;3092.00000000;29.48999977
SE;SUDESTE;2010-09-11;12760.00000000;73.54000092;12417.00000000;71.55999756
N;NORTE;2010-09-12;887.00000000;69.48999786;887.00000000;69.48999786
NE;NORDESTE;2010-09-12;2104.00000000;69.76000214;2090.00000000;69.29000092
S;SUL;2010-09-12;3271.00000000;31.20000076;3262.00000000;31.12000084
SE;SUDESTE;2010-09-12;12772.00000000;73.61000061;12477.00000000;71.91000366
N;NORTE;2010-09-13;873.00000000;68.40000153;873.00000000;68.40000153
NE;NORDESTE;2010-09-13;2096.00000000;69.48999786;2072.00000000;68.69000244
S;SUL;2010-09-13;3797.00000000;36.22000122;3777.00000000;36.02999878
SE;SUDESTE;2010-09-13;12732.00000000;73.37999725;12366.00000000;71.26999664
N;NORTE;2010-09-14;866.00000000;67.84999847;866.00000000;67.84999847
NE;NORDESTE;2010-09-14;2087.00000000;69.19000244;2062.00000000;68.36000061
S;SUL;2010-09-14;3703.00000000;35.31999969;3660.00000000;34.90999985
SE;SUDESTE;2010-09-14;12697.00000000;73.18000031;12077.00000000;69.59999847
N;NORTE;2010-09-15;887.00000000;69.48999786;887.00000000;69.48999786
NE;NORDESTE;2010-09-15;2040.00000000;67.62999725;2018.00000000;66.90000153
S;SUL;2010-09-15;3504.00000000;33.41999817;3464.00000000;33.04000092
SE;SUDESTE;2010-09-15;12701.00000000;73.19999695;12141.00000000;69.97000122
N;NORTE;2010-09-16;871.00000000;68.23999786;871.00000000;68.23999786
NE;NORDESTE;2010-09-16;1958.00000000;64.91000366;1935.00000000;64.15000153
S;SUL;2010-09-16;2958.00000000;28.21999931;2934.00000000;27.98999977
SE;SUDESTE;2010-09-16;12676.00000000;73.05999756;12241.00000000;70.55000305
N;NORTE;2010-09-17;873.00000000;68.40000153;873.00000000;68.40000153
NE;NORDESTE;2010-09-17;1894.00000000;62.79000092;1871.00000000;62.02999878
S;SUL;2010-09-17;2836.00000000;27.04999924;2824.00000000;26.94000053
SE;SUDESTE;2010-09-17;12653.00000000;72.91999817;12240.00000000;70.54000092
N;NORTE;2010-09-18;839.00000000;65.73000336;839.00000000;65.73000336
NE;NORDESTE;2010-09-18;1821.00000000;60.36999893;1797.00000000;59.58000183
S;SUL;2010-09-18;2597.00000000;24.77000046;2584.00000000;24.64999962
SE;SUDESTE;2010-09-18;12647.00000000;72.88999939;12334.00000000;71.08000183
N;NORTE;2010-09-19;810.00000000;63.45999908;810.00000000;63.45999908
NE;NORDESTE;2010-09-19;1877.00000000;62.22999954;1851.00000000;61.36999893
S;SUL;2010-09-19;2510.00000000;23.94000053;2496.00000000;23.80999947
SE;SUDESTE;2010-09-19;12541.00000000;72.27999878;12363.00000000;71.25000000
N;NORTE;2010-09-20;764.00000000;59.86000061;764.00000000;59.86000061
NE;NORDESTE;2010-09-20;1908.00000000;63.25999832;1885.00000000;62.49000168
S;SUL;2010-09-20;2579.00000000;24.60000038;2566.00000000;24.47999954
SE;SUDESTE;2010-09-20;12439.00000000;71.69000244;12257.00000000;70.63999939
N;NORTE;2010-09-21;786.00000000;61.58000183;786.00000000;61.58000183
NE;NORDESTE;2010-09-21;1918.00000000;63.59000015;1895.00000000;62.83000183
S;SUL;2010-09-21;4687.00000000;44.70999908;4676.00000000;44.59999847
SE;SUDESTE;2010-09-21;12409.00000000;71.51999664;12185.00000000;70.23000336
N;NORTE;2010-09-22;806.00000000;63.15000153;806.00000000;63.15000153
NE;NORDESTE;2010-09-22;1816.00000000;60.20999908;1793.00000000;59.43999863
S;SUL;2010-09-22;18236.00000000;173.94999695;14877.00000000;141.91000366
SE;SUDESTE;2010-09-22;12494.00000000;72.01000214;12299.00000000;70.87999725
N;NORTE;2010-09-23;851.00000000;66.66999817;851.00000000;66.66999817
NE;NORDESTE;2010-09-23;1860.00000000;61.66999817;1845.00000000;61.16999817
S;SUL;2010-09-23;22774.00000000;217.22999573;17185.00000000;163.91999817
SE;SUDESTE;2010-09-23;12604.00000000;72.63999939;11989.00000000;69.09999847
N;NORTE;2010-09-24;875.00000000;68.55000305;875.00000000;68.55000305
NE;NORDESTE;2010-09-24;1899.00000000;62.95999908;1879.00000000;62.29999924
S;SUL;2010-09-24;18128.00000000;172.91999817;14263.00000000;136.05000305
SE;SUDESTE;2010-09-24;12895.00000000;74.31999969;12460.00000000;71.80999756
N;NORTE;2010-09-25;890.00000000;69.73000336;890.00000000;69.73000336
NE;NORDESTE;2010-09-25;1972.00000000;65.37999725;1960.00000000;64.98000336
S;SUL;2010-09-25;12478.00000000;119.01999664;9358.00000000;89.26000214
SE;SUDESTE;2010-09-25;13489.00000000;77.73999786;13102.00000000;75.51000214
N;NORTE;2010-09-26;886.00000000;69.41999817;886.00000000;69.41999817
NE;NORDESTE;2010-09-26;2044.00000000;67.76999664;2031.00000000;67.33999634
S;SUL;2010-09-26;9055.00000000;86.37000275;6432.00000000;61.34999847
SE;SUDESTE;2010-09-26;14582.00000000;84.04000092;14131.00000000;81.44000244
N;NORTE;2010-09-27;870.00000000;68.16000366;870.00000000;68.16000366
NE;NORDESTE;2010-09-27;2081.00000000;68.98999786;2056.00000000;68.16000366
S;SUL;2010-09-27;7303.00000000;69.66000366;6007.00000000;57.29999924
SE;SUDESTE;2010-09-27;16166.00000000;93.16999817;15406.00000000;88.79000092
N;NORTE;2010-09-28;857.00000000;67.13999939;857.00000000;67.13999939
NE;NORDESTE;2010-09-28;2107.00000000;69.84999847;2082.00000000;69.02999878
S;SUL;2010-09-28;6379.00000000;60.84999847;6202.00000000;59.15999985
SE;SUDESTE;2010-09-28;18117.00000000;104.41000366;16365.00000000;94.31999969
N;NORTE;2010-09-29;866.00000000;67.84999847;866.00000000;67.84999847
NE;NORDESTE;2010-09-29;2120.00000000;70.29000092;2107.00000000;69.84999847
S;SUL;2010-09-29;5695.00000000;54.31999969;5573.00000000;53.15999985
SE;SUDESTE;2010-09-29;19728.00000000;113.69999695;17614.00000000;101.51000214
N;NORTE;2010-09-30;845.00000000;66.19999695;845.00000000;66.19999695
NE;NORDESTE;2010-09-30;2082.00000000;69.02999878;2058.00000000;68.23000336
S;SUL;2010-09-30;5207.00000000;49.66999817;5057.00000000;48.24000168
SE;SUDESTE;2010-09-30;21812.00000000;125.70999908;19563.00000000;112.75000000
N;NORTE;2010-10-01;815.00000000;57.13000107;815.00000000;57.13000107
NE;NORDESTE;2010-10-01;2047.00000000;62.18999863;2035.00000000;61.83000183
S;SUL;2010-10-01;5049.00000000;42.22000122;4987.00000000;41.70000076
SE;SUDESTE;2010-10-01;23365.00000000;112.62999725;20558.00000000;99.09999847
N;NORTE;2010-10-02;780.00000000;54.66999817;780.00000000;54.66999817
NE;NORDESTE;2010-10-02;2022.00000000;61.43000031;2001.00000000;60.79000092
S;SUL;2010-10-02;5062.00000000;42.33000183;4985.00000000;41.68999863
SE;SUDESTE;2010-10-02;24282.00000000;117.05999756;19558.00000000;94.27999878
N;NORTE;2010-10-03;758.00000000;53.13000107;758.00000000;53.13000107
NE;NORDESTE;2010-10-03;2031.00000000;61.70000076;2012.00000000;61.13000107
S;SUL;2010-10-03;5140.00000000;42.97999954;5023.00000000;42.00999832
SE;SUDESTE;2010-10-03;24922.00000000;120.13999939;19729.00000000;95.11000061
N;NORTE;2010-10-04;747.00000000;52.36000061;747.00000000;52.36000061
NE;NORDESTE;2010-10-04;2023.00000000;61.45999908;2009.00000000;61.04000092
S;SUL;2010-10-04;5089.00000000;42.56000137;5039.00000000;42.13999939
SE;SUDESTE;2010-10-04;25324.00000000;122.08000183;20480.00000000;98.73000336
N;NORTE;2010-10-05;779.00000000;54.59999847;779.00000000;54.59999847
NE;NORDESTE;2010-10-05;2034.00000000;61.79000092;2021.00000000;61.40000153
S;SUL;2010-10-05;5378.00000000;44.97000122;5345.00000000;44.70000076
SE;SUDESTE;2010-10-05;25862.00000000;124.66999817;22497.00000000;108.44999695
N;NORTE;2010-10-06;815.00000000;57.13000107;815.00000000;57.13000107
NE;NORDESTE;2010-10-06;2060.00000000;62.58000183;2046.00000000;62.15999985
S;SUL;2010-10-06;5542.00000000;46.34999847;5515.00000000;46.11999893
SE;SUDESTE;2010-10-06;25843.00000000;124.58000183;23473.00000000;113.16000366
N;NORTE;2010-10-07;865.00000000;60.63000107;865.00000000;60.63000107
NE;NORDESTE;2010-10-07;2074.00000000;63.00999832;2059.00000000;62.54999924
S;SUL;2010-10-07;7093.00000000;59.31999969;7044.00000000;58.90999985
SE;SUDESTE;2010-10-07;25497.00000000;122.91000366;21313.00000000;102.73999786
N;NORTE;2010-10-08;897.00000000;62.86999893;897.00000000;62.86999893
NE;NORDESTE;2010-10-08;2139.00000000;64.98000336;2116.00000000;64.29000092
S;SUL;2010-10-08;8694.00000000;72.70999908;8485.00000000;70.95999908
SE;SUDESTE;2010-10-08;25146.00000000;121.22000122;21597.00000000;104.11000061
N;NORTE;2010-10-09;889.00000000;62.31000137;889.00000000;62.31000137
NE;NORDESTE;2010-10-09;2188.00000000;66.47000122;2164.00000000;65.73999786
S;SUL;2010-10-09;8445.00000000;70.62000275;8250.00000000;68.98999786
SE;SUDESTE;2010-10-09;24887.00000000;119.97000122;21295.00000000;102.66000366
N;NORTE;2010-10-10;877.00000000;61.47000122;877.00000000;61.47000122
NE;NORDESTE;2010-10-10;2213.00000000;67.23000336;2188.00000000;66.47000122
S;SUL;2010-10-10;7292.00000000;60.97999954;7208.00000000;60.27999878
SE;SUDESTE;2010-10-10;24352.00000000;117.38999939;20443.00000000;98.55000305
N;NORTE;2010-10-11;856.00000000;60.00000000;856.00000000;60.00000000
NE;NORDESTE;2010-10-11;2233.00000000;67.83999634;2209.00000000;67.11000061
S;SUL;2010-10-11;6452.00000000;53.95999908;6369.00000000;53.25999832
SE;SUDESTE;2010-10-11;23447.00000000;113.02999878;22438.00000000;108.16999817
N;NORTE;2010-10-12;866.00000000;60.70000076;866.00000000;60.70000076
NE;NORDESTE;2010-10-12;2278.00000000;69.20999908;2255.00000000;68.51000214
S;SUL;2010-10-12;5632.00000000;47.09999847;5594.00000000;46.77999878
SE;SUDESTE;2010-10-12;22244.00000000;107.23000336;21915.00000000;105.63999939
N;NORTE;2010-10-13;886.00000000;62.09999847;886.00000000;62.09999847
NE;NORDESTE;2010-10-13;2309.00000000;70.15000153;2285.00000000;69.41999817
S;SUL;2010-10-13;5325.00000000;44.52999878;5299.00000000;44.31000137
SE;SUDESTE;2010-10-13;20952.00000000;101.00000000;20562.00000000;99.12000275
N;NORTE;2010-10-14;918.00000000;64.34999847;918.00000000;64.34999847
NE;NORDESTE;2010-10-14;2347.00000000;71.30000305;2322.00000000;70.54000092
S;SUL;2010-10-14;5568.00000000;46.56000137;5544.00000000;46.36000061
SE;SUDESTE;2010-10-14;19845.00000000;95.66999817;19561.00000000;94.30000305
N;NORTE;2010-10-15;931.00000000;65.26000214;931.00000000;65.26000214
NE;NORDESTE;2010-10-15;2357.00000000;71.61000061;2333.00000000;70.87999725
S;SUL;2010-10-15;6267.00000000;52.40999985;6242.00000000;52.20000076
SE;SUDESTE;2010-10-15;19011.00000000;91.65000153;18744.00000000;90.36000061
N;NORTE;2010-10-16;916.00000000;64.20999908;916.00000000;64.20999908
NE;NORDESTE;2010-10-16;2375.00000000;72.15000153;2351.00000000;71.43000031
S;SUL;2010-10-16;6967.00000000;58.25999832;6918.00000000;57.84999847
SE;SUDESTE;2010-10-16;18699.00000000;90.13999939;18181.00000000;87.63999939
N;NORTE;2010-10-17;853.00000000;59.79000092;853.00000000;59.79000092
NE;NORDESTE;2010-10-17;2385.00000000;72.45999908;2373.00000000;72.08999634
S;SUL;2010-10-17;7703.00000000;64.41999817;7645.00000000;63.93000031
SE;SUDESTE;2010-10-17;18944.00000000;91.31999969;17667.00000000;85.16999817
N;NORTE;2010-10-18;830.00000000;58.18000031;830.00000000;58.18000031
NE;NORDESTE;2010-10-18;2470.00000000;75.04000092;2448.00000000;74.37000275
S;SUL;2010-10-18;7618.00000000;63.70999908;7495.00000000;62.68000031
SE;SUDESTE;2010-10-18;19461.00000000;93.80999756;16960.00000000;81.76000214
N;NORTE;2010-10-19;826.00000000;57.90000153;826.00000000;57.90000153
NE;NORDESTE;2010-10-19;2461.00000000;74.76999664;2436.00000000;74.01000214
S;SUL;2010-10-19;7035.00000000;58.83000183;6831.00000000;57.13000107
SE;SUDESTE;2010-10-19;20336.00000000;98.02999878;18642.00000000;89.87000275
N;NORTE;2010-10-20;857.00000000;60.06999969;857.00000000;60.06999969
NE;NORDESTE;2010-10-20;2243.00000000;68.13999939;2219.00000000;67.41999817
S;SUL;2010-10-20;6367.00000000;53.25000000;6291.00000000;52.61000061
SE;SUDESTE;2010-10-20;20823.00000000;100.37999725;19423.00000000;93.62999725
N;NORTE;2010-10-21;942.00000000;66.02999878;942.00000000;66.02999878
NE;NORDESTE;2010-10-21;2220.00000000;67.44999695;2196.00000000;66.72000122
S;SUL;2010-10-21;6004.00000000;50.20999908;5983.00000000;50.02999878
SE;SUDESTE;2010-10-21;20689.00000000;99.73000336;19656.00000000;94.75000000
N;NORTE;2010-10-22;1082.00000000;75.83999634;1082.00000000;75.83999634
NE;NORDESTE;2010-10-22;2216.00000000;67.31999969;2197.00000000;66.75000000
S;SUL;2010-10-22;5619.00000000;46.99000168;5606.00000000;46.88000107
SE;SUDESTE;2010-10-22;20256.00000000;97.65000153;19232.00000000;92.70999908
N;NORTE;2010-10-23;1272.00000000;89.16000366;1272.00000000;89.16000366
NE;NORDESTE;2010-10-23;2306.00000000;70.05999756;2296.00000000;69.75000000
S;SUL;2010-10-23;5474.00000000;45.77999878;5458.00000000;45.63999939
SE;SUDESTE;2010-10-23;19799.00000000;95.44000244;18658.00000000;89.94000244
N;NORTE;2010-10-24;1504.00000000;105.41999817;1504.00000000;105.41999817
NE;NORDESTE;2010-10-24;2395.00000000;72.76000214;2382.00000000;72.37000275
S;SUL;2010-10-24;5187.00000000;43.38000107;5172.00000000;43.25000000
SE;SUDESTE;2010-10-24;19433.00000000;93.68000031;18331.00000000;88.37000275
N;NORTE;2010-10-25;1583.00000000;110.95999908;1583.00000000;110.95999908
NE;NORDESTE;2010-10-25;2598.00000000;78.93000031;2579.00000000;78.34999847
S;SUL;2010-10-25;5098.00000000;42.63000107;5083.00000000;42.50999832
SE;SUDESTE;2010-10-25;19253.00000000;92.80999756;18642.00000000;89.87000275
N;NORTE;2010-10-26;1632.00000000;114.38999939;1632.00000000;114.38999939
NE;NORDESTE;2010-10-26;2792.00000000;84.81999969;2767.00000000;84.05999756
S;SUL;2010-10-26;4739.00000000;39.63000107;4722.00000000;39.49000168
SE;SUDESTE;2010-10-26;19242.00000000;92.76000214;18600.00000000;89.66000366
N;NORTE;2010-10-27;1654.00000000;115.94000244;1654.00000000;115.94000244
NE;NORDESTE;2010-10-27;3080.00000000;93.56999969;3061.00000000;93.00000000
S;SUL;2010-10-27;4508.00000000;37.70000076;4494.00000000;37.58000183
SE;SUDESTE;2010-10-27;19492.00000000;93.95999908;18652.00000000;89.91000366
N;NORTE;2010-10-28;1594.00000000;111.73000336;1594.00000000;111.73000336
NE;NORDESTE;2010-10-28;2959.00000000;89.90000153;2941.00000000;89.34999847
S;SUL;2010-10-28;4208.00000000;35.18999863;4197.00000000;35.09999847
SE;SUDESTE;2010-10-28;19524.00000000;94.12000275;18651.00000000;89.91000366
N;NORTE;2010-10-29;1474.00000000;103.31999969;1474.00000000;103.31999969
NE;NORDESTE;2010-10-29;3140.00000000;95.40000153;3122.00000000;94.84999847
S;SUL;2010-10-29;4608.00000000;38.54000092;4598.00000000;38.45000076
SE;SUDESTE;2010-10-29;19702.00000000;94.98000336;18767.00000000;90.47000122
N;NORTE;2010-10-30;1510.00000000;105.83999634;1510.00000000;105.83999634
NE;NORDESTE;2010-10-30;3045.00000000;92.51000214;3023.00000000;91.83999634
S;SUL;2010-10-30;6614.00000000;55.31000137;6517.00000000;54.50000000
SE;SUDESTE;2010-10-30;20048.00000000;96.63999939;18454.00000000;88.95999908
N;NORTE;2010-10-31;1535.00000000;107.59999847;1535.00000000;107.59999847
NE;NORDESTE;2010-10-31;3023.00000000;91.83999634;3022.00000000;91.80999756
S;SUL;2010-10-31;7801.00000000;65.23999786;7659.00000000;64.05000305
SE;SUDESTE;2010-10-31;20581.00000000;99.20999908;17680.00000000;85.23000336
N;NORTE;2010-11-01;1568.00000000;66.58999634;1568.00000000;66.58999634
NE;NORDESTE;2010-11-01;3071.00000000;57.06999969;3047.00000000;56.63000107
S;SUL;2010-11-01;7456.00000000;88.80999756;7401.00000000;88.16000366
SE;SUDESTE;2010-11-01;21434.00000000;80.33000183;20850.00000000;78.13999939
N;NORTE;2010-11-02;1597.00000000;67.81999969;1597.00000000;67.81999969
NE;NORDESTE;2010-11-02;3100.00000000;57.61000061;3092.00000000;57.45999908
S;SUL;2010-11-02;6469.00000000;77.05000305;6459.00000000;76.94000244
SE;SUDESTE;2010-11-02;22288.00000000;83.52999878;21555.00000000;80.77999878
N;NORTE;2010-11-03;1678.00000000;71.26000214;1678.00000000;71.26000214
NE;NORDESTE;2010-11-03;2996.00000000;55.68000031;2984.00000000;55.45000076
S;SUL;2010-11-03;5902.00000000;70.30000305;5892.00000000;70.18000031
SE;SUDESTE;2010-11-03;23345.00000000;87.48999786;22694.00000000;85.05000305
N;NORTE;2010-11-04;1706.00000000;72.44999695;1706.00000000;72.44999695
NE;NORDESTE;2010-11-04;3067.00000000;57.00000000;3067.00000000;57.00000000
S;SUL;2010-11-04;5646.00000000;67.25000000;5636.00000000;67.12999725
SE;SUDESTE;2010-11-04;23730.00000000;88.94000244;23195.00000000;86.93000031
N;NORTE;2010-11-05;1736.00000000;73.72000122;1736.00000000;73.72000122
NE;NORDESTE;2010-11-05;3100.00000000;57.61000061;3081.00000000;57.25999832
S;SUL;2010-11-05;5273.00000000;62.81000137;5262.00000000;62.68000031
SE;SUDESTE;2010-11-05;23898.00000000;89.56999969;23340.00000000;87.47000122
N;NORTE;2010-11-06;1727.00000000;73.33999634;1727.00000000;73.33999634
NE;NORDESTE;2010-11-06;3129.00000000;58.15000153;3121.00000000;58.00000000
S;SUL;2010-11-06;4990.00000000;59.43999863;4977.00000000;59.27999878
SE;SUDESTE;2010-11-06;23975.00000000;89.84999847;23437.00000000;87.83999634
N;NORTE;2010-11-07;1723.00000000;73.16999817;1723.00000000;73.16999817
NE;NORDESTE;2010-11-07;3198.00000000;59.43000031;3180.00000000;59.09999847
S;SUL;2010-11-07;4821.00000000;57.41999817;4811.00000000;57.31000137
SE;SUDESTE;2010-11-07;24458.00000000;91.66000366;23575.00000000;88.36000061
N;NORTE;2010-11-08;1672.00000000;71.01000214;1672.00000000;71.01000214
NE;NORDESTE;2010-11-08;3433.00000000;63.79999924;3411.00000000;63.38999939
S;SUL;2010-11-08;4788.00000000;57.02999878;4761.00000000;56.70999908
SE;SUDESTE;2010-11-08;25155.00000000;94.27999878;24645.00000000;92.37000275
N;NORTE;2010-11-09;1673.00000000;71.05000305;1673.00000000;71.05000305
NE;NORDESTE;2010-11-09;3706.00000000;68.87000275;3696.00000000;68.69000244
S;SUL;2010-11-09;4547.00000000;54.15999985;4510.00000000;53.72000122
SE;SUDESTE;2010-11-09;25366.00000000;95.06999969;24545.00000000;91.98999786
N;NORTE;2010-11-10;1671.00000000;70.95999908;1671.00000000;70.95999908
NE;NORDESTE;2010-11-10;3960.00000000;73.58999634;3949.00000000;73.38999939
S;SUL;2010-11-10;4295.00000000;51.15999985;4267.00000000;50.83000183
SE;SUDESTE;2010-11-10;25414.00000000;95.25000000;22959.00000000;86.05000305
N;NORTE;2010-11-11;1698.00000000;72.11000061;1698.00000000;72.11000061
NE;NORDESTE;2010-11-11;4149.00000000;77.11000061;4139.00000000;76.91999817
S;SUL;2010-11-11;4210.00000000;50.15000153;4184.00000000;49.84000015
SE;SUDESTE;2010-11-11;25607.00000000;95.97000122;23089.00000000;86.52999878
N;NORTE;2010-11-12;1686.00000000;71.59999847;1686.00000000;71.59999847
NE;NORDESTE;2010-11-12;4377.00000000;81.33999634;4366.00000000;81.13999939
S;SUL;2010-11-12;4019.00000000;47.86999893;3979.00000000;47.40000153
SE;SUDESTE;2010-11-12;25808.00000000;96.72000122;25091.00000000;94.04000092
N;NORTE;2010-11-13;1712.00000000;72.70999908;1712.00000000;72.70999908
NE;NORDESTE;2010-11-13;4852.00000000;90.16999817;4852.00000000;90.16999817
S;SUL;2010-11-13;3700.00000000;44.06999969;3586.00000000;42.70999908
SE;SUDESTE;2010-11-13;26047.00000000;97.62000275;25298.00000000;94.80999756
N;NORTE;2010-11-14;1719.00000000;73.00000000;1719.00000000;73.00000000
NE;NORDESTE;2010-11-14;5357.00000000;99.55000305;5357.00000000;99.55000305
S;SUL;2010-11-14;3298.00000000;39.27999878;3232.00000000;38.50000000
SE;SUDESTE;2010-11-14;26615.00000000;99.75000000;25993.00000000;97.41999817
N;NORTE;2010-11-15;1772.00000000;75.25000000;1772.00000000;75.25000000
NE;NORDESTE;2010-11-15;5431.00000000;100.93000031;5431.00000000;100.93000031
S;SUL;2010-11-15;3244.00000000;38.63999939;3191.00000000;38.00999832
SE;SUDESTE;2010-11-15;27477.00000000;102.98000336;26685.00000000;100.01000214
N;NORTE;2010-11-16;1814.00000000;77.04000092;1814.00000000;77.04000092
NE;NORDESTE;2010-11-16;5655.00000000;105.08999634;5655.00000000;105.08999634
S;SUL;2010-11-16;3667.00000000;43.68000031;3638.00000000;43.33000183
SE;SUDESTE;2010-11-16;28380.00000000;106.36000061;27664.00000000;103.68000031
N;NORTE;2010-11-17;1865.00000000;79.19999695;1865.00000000;79.19999695
NE;NORDESTE;2010-11-17;5854.00000000;108.79000092;5854.00000000;108.79000092
S;SUL;2010-11-17;4482.00000000;53.38999939;4441.00000000;52.90000153
SE;SUDESTE;2010-11-17;30128.00000000;112.91999817;29416.00000000;110.25000000
N;NORTE;2010-11-18;1915.00000000;81.33000183;1915.00000000;81.33000183
NE;NORDESTE;2010-11-18;6014.00000000;111.76000214;6014.00000000;111.76000214
S;SUL;2010-11-18;4757.00000000;56.65999985;4706.00000000;56.04999924
SE;SUDESTE;2010-11-18;30950.00000000;116.00000000;30285.00000000;113.50000000
N;NORTE;2010-11-19;1937.00000000;82.26000214;1937.00000000;82.26000214
NE;NORDESTE;2010-11-19;6221.00000000;115.61000061;6221.00000000;115.61000061
S;SUL;2010-11-19;4558.00000000;54.29000092;4526.00000000;53.90999985
SE;SUDESTE;2010-11-19;31003.00000000;116.19000244;30456.00000000;114.13999939
N;NORTE;2010-11-20;1983.00000000;84.20999908;1983.00000000;84.20999908
NE;NORDESTE;2010-11-20;6514.00000000;121.05999756;6514.00000000;121.05999756
S;SUL;2010-11-20;3943.00000000;46.97000122;3917.00000000;46.65999985
SE;SUDESTE;2010-11-20;30969.00000000;116.06999969;30491.00000000;114.27999878
N;NORTE;2010-11-21;2034.00000000;86.37999725;2034.00000000;86.37999725
NE;NORDESTE;2010-11-21;6779.00000000;125.98000336;6779.00000000;125.98000336
S;SUL;2010-11-21;3669.00000000;43.70000076;3650.00000000;43.47999954
SE;SUDESTE;2010-11-21;31265.00000000;117.18000031;30844.00000000;115.59999847
N;NORTE;2010-11-22;2069.00000000;87.87000275;2069.00000000;87.87000275
NE;NORDESTE;2010-11-22;7030.00000000;130.64999390;7030.00000000;130.64999390
S;SUL;2010-11-22;4966.00000000;59.15000153;4952.00000000;58.99000168
SE;SUDESTE;2010-11-22;31656.00000000;118.63999939;31253.00000000;117.12999725
N;NORTE;2010-11-23;2135.00000000;90.66999817;2135.00000000;90.66999817
NE;NORDESTE;2010-11-23;7042.00000000;130.86999512;7042.00000000;130.86999512
S;SUL;2010-11-23;6133.00000000;73.05000305;5947.00000000;70.83999634
SE;SUDESTE;2010-11-23;32787.00000000;122.87999725;32270.00000000;120.94000244
N;NORTE;2010-11-24;2290.00000000;97.25000000;2290.00000000;97.25000000
NE;NORDESTE;2010-11-24;6923.00000000;128.66000366;6923.00000000;128.66000366
S;SUL;2010-11-24;6542.00000000;77.91999817;6269.00000000;74.66999817
SE;SUDESTE;2010-11-24;33747.00000000;126.48000336;33035.00000000;123.80999756
N;NORTE;2010-11-25;2372.00000000;100.73000336;2372.00000000;100.73000336
NE;NORDESTE;2010-11-25;6744.00000000;125.33000183;6744.00000000;125.33000183
S;SUL;2010-11-25;6630.00000000;78.97000122;6200.00000000;73.84999847
SE;SUDESTE;2010-11-25;34857.00000000;130.63999939;33559.00000000;125.76999664
N;NORTE;2010-11-26;2463.00000000;104.59999847;2463.00000000;104.59999847
NE;NORDESTE;2010-11-26;6670.00000000;123.95999908;6670.00000000;123.95999908
S;SUL;2010-11-26;6635.00000000;79.02999878;6267.00000000;74.65000153
SE;SUDESTE;2010-11-26;35150.00000000;131.74000549;33708.00000000;126.33000183
N;NORTE;2010-11-27;2541.00000000;107.91000366;2541.00000000;107.91000366
NE;NORDESTE;2010-11-27;6754.00000000;125.51999664;6754.00000000;125.51999664
S;SUL;2010-11-27;5812.00000000;69.23000336;5560.00000000;66.23000336
SE;SUDESTE;2010-11-27;35227.00000000;132.02999878;33753.00000000;126.50000000
N;NORTE;2010-11-28;2587.00000000;109.86000061;2587.00000000;109.86000061
NE;NORDESTE;2010-11-28;6953.00000000;129.21000671;6953.00000000;129.21000671
S;SUL;2010-11-28;5216.00000000;62.13000107;4942.00000000;58.86999893
SE;SUDESTE;2010-11-28;35226.00000000;132.02000427;33633.00000000;126.05000305
N;NORTE;2010-11-29;2586.00000000;109.81999969;2586.00000000;109.81999969
NE;NORDESTE;2010-11-29;7213.00000000;134.05000305;7213.00000000;134.05000305
S;SUL;2010-11-29;5345.00000000;63.66999817;4873.00000000;58.04000092
SE;SUDESTE;2010-11-29;34813.00000000;130.47000122;33821.00000000;126.76000214
N;NORTE;2010-11-30;2639.00000000;112.06999969;2639.00000000;112.06999969
NE;NORDESTE;2010-11-30;7377.00000000;137.08999634;7377.00000000;137.08999634
S;SUL;2010-11-30;6812.00000000;81.13999939;6210.00000000;73.97000122
SE;SUDESTE;2010-11-30;34292.00000000;128.52000427;33236.00000000;124.55999756
N;NORTE;2010-12-01;2677.00000000;57.86000061;2677.00000000;57.86000061
NE;NORDESTE;2010-12-01;7494.00000000;75.05000305;7494.00000000;75.05000305
S;SUL;2010-12-01;7061.00000000;105.30000305;6555.00000000;97.75000000
SE;SUDESTE;2010-12-01;34113.00000000;84.50000000;32484.00000000;80.47000122
N;NORTE;2010-12-02;2762.00000000;59.68999863;2762.00000000;59.68999863
NE;NORDESTE;2010-12-02;7452.00000000;74.62999725;7452.00000000;74.62999725
S;SUL;2010-12-02;7714.00000000;115.04000092;7249.00000000;108.09999847
SE;SUDESTE;2010-12-02;34648.00000000;85.69000244;33533.00000000;82.94000244
N;NORTE;2010-12-03;2855.00000000;61.70000076;2855.00000000;61.70000076
NE;NORDESTE;2010-12-03;7404.00000000;74.15000153;7404.00000000;74.15000153
S;SUL;2010-12-03;9758.00000000;145.52000427;9305.00000000;138.75999451
SE;SUDESTE;2010-12-03;35184.00000000;87.01999664;34042.00000000;84.19999695
N;NORTE;2010-12-04;2933.00000000;63.38999939;2933.00000000;63.38999939
NE;NORDESTE;2010-12-04;7379.00000000;73.90000153;7379.00000000;73.90000153
S;SUL;2010-12-04;11394.00000000;169.91999817;10994.00000000;163.94999695
SE;SUDESTE;2010-12-04;36069.00000000;89.20999908;33426.00000000;82.66999817
N;NORTE;2010-12-05;2986.00000000;64.52999878;2986.00000000;64.52999878
NE;NORDESTE;2010-12-05;7448.00000000;74.58999634;7448.00000000;74.58999634
S;SUL;2010-12-05;15393.00000000;229.55000305;14911.00000000;222.36999512
SE;SUDESTE;2010-12-05;36732.00000000;90.84999847;33419.00000000;82.65000153
N;NORTE;2010-12-06;3034.00000000;65.56999969;3034.00000000;65.56999969
NE;NORDESTE;2010-12-06;7804.00000000;78.16000366;7804.00000000;78.16000366
S;SUL;2010-12-06;17775.00000000;265.07998657;16845.00000000;251.21000671
SE;SUDESTE;2010-12-06;38229.00000000;94.55000305;35781.00000000;88.50000000
N;NORTE;2010-12-07;3059.00000000;66.11000061;3059.00000000;66.11000061
NE;NORDESTE;2010-12-07;7965.00000000;79.76999664;7965.00000000;79.76999664
S;SUL;2010-12-07;17883.00000000;266.69000244;16258.00000000;242.44999695
SE;SUDESTE;2010-12-07;40533.00000000;100.25000000;36156.00000000;89.41999817
N;NORTE;2010-12-08;3044.00000000;65.79000092;3044.00000000;65.79000092
NE;NORDESTE;2010-12-08;8176.00000000;81.87999725;8176.00000000;81.87999725
S;SUL;2010-12-08;17456.00000000;260.32000732;16130.00000000;240.55000305
SE;SUDESTE;2010-12-08;43770.00000000;108.26000214;38736.00000000;95.80999756
N;NORTE;2010-12-09;3000.00000000;64.83999634;3000.00000000;64.83999634
NE;NORDESTE;2010-12-09;8315.00000000;83.27999878;8315.00000000;83.27999878
S;SUL;2010-12-09;14959.00000000;223.08000183;14182.00000000;211.49000549
SE;SUDESTE;2010-12-09;44305.00000000;109.58000183;40951.00000000;101.27999878
N;NORTE;2010-12-10;2946.00000000;63.66999817;2946.00000000;63.66999817
NE;NORDESTE;2010-12-10;8806.00000000;88.19000244;8806.00000000;88.19000244
S;SUL;2010-12-10;12818.00000000;191.14999390;12598.00000000;187.86999512
SE;SUDESTE;2010-12-10;43082.00000000;106.55000305;40051.00000000;99.05999756
N;NORTE;2010-12-11;2907.00000000;62.83000183;2907.00000000;62.83000183
NE;NORDESTE;2010-12-11;9485.00000000;94.98999786;9485.00000000;94.98999786
S;SUL;2010-12-11;13085.00000000;195.13999939;12976.00000000;193.50999451
SE;SUDESTE;2010-12-11;41437.00000000;102.48999786;37938.00000000;93.83000183
N;NORTE;2010-12-12;2880.00000000;62.24000168;2880.00000000;62.24000168
NE;NORDESTE;2010-12-12;10039.00000000;100.54000092;10039.00000000;100.54000092
S;SUL;2010-12-12;16588.00000000;247.38000488;16047.00000000;239.30999756
SE;SUDESTE;2010-12-12;39607.00000000;97.95999908;34536.00000000;85.41999817
N;NORTE;2010-12-13;2982.00000000;64.44999695;2982.00000000;64.44999695
NE;NORDESTE;2010-12-13;10249.00000000;102.63999939;10249.00000000;102.63999939
S;SUL;2010-12-13;22230.00000000;331.51000977;21162.00000000;315.58999634
SE;SUDESTE;2010-12-13;38742.00000000;95.81999969;37392.00000000;92.48000336
N;NORTE;2010-12-14;3314.00000000;71.62000275;3314.00000000;71.62000275
NE;NORDESTE;2010-12-14;10403.00000000;104.19000244;10403.00000000;104.19000244
S;SUL;2010-12-14;23924.00000000;356.77999878;21360.00000000;318.54000854
SE;SUDESTE;2010-12-14;39050.00000000;96.58000183;37807.00000000;93.51000214
N;NORTE;2010-12-15;3705.00000000;80.06999969;3705.00000000;80.06999969
NE;NORDESTE;2010-12-15;10451.00000000;104.66999817;10451.00000000;104.66999817
S;SUL;2010-12-15;21909.00000000;326.73001099;19947.00000000;297.47000122
SE;SUDESTE;2010-12-15;41349.00000000;102.26999664;40233.00000000;99.51000214
N;NORTE;2010-12-16;4061.00000000;87.76999664;4061.00000000;87.76999664
NE;NORDESTE;2010-12-16;10546.00000000;105.62000275;10546.00000000;105.62000275
S;SUL;2010-12-16;18812.00000000;280.54000854;17888.00000000;266.76000977
SE;SUDESTE;2010-12-16;43893.00000000;108.55999756;40502.00000000;100.16999817
N;NORTE;2010-12-17;4420.00000000;95.52999878;4420.00000000;95.52999878
NE;NORDESTE;2010-12-17;10410.00000000;104.26000214;10410.00000000;104.26000214
S;SUL;2010-12-17;17020.00000000;253.82000732;16425.00000000;244.94000244
SE;SUDESTE;2010-12-17;46139.00000000;114.11000061;42710.00000000;105.62999725
N;NORTE;2010-12-18;4678.00000000;101.09999847;4678.00000000;101.09999847
NE;NORDESTE;2010-12-18;10500.00000000;105.16000366;10500.00000000;105.16000366
S;SUL;2010-12-18;15825.00000000;236.00000000;15394.00000000;229.57000732
SE;SUDESTE;2010-12-18;47263.00000000;116.88999939;41581.00000000;102.83999634
N;NORTE;2010-12-19;4747.00000000;102.58999634;4747.00000000;102.58999634
NE;NORDESTE;2010-12-19;10366.00000000;103.81999969;10366.00000000;103.81999969
S;SUL;2010-12-19;14894.00000000;222.11000061;14628.00000000;218.14999390
SE;SUDESTE;2010-12-19;47477.00000000;117.41999817;41813.00000000;103.41999817
N;NORTE;2010-12-20;4805.00000000;103.84999847;4805.00000000;103.84999847
NE;NORDESTE;2010-12-20;10339.00000000;103.55000305;10339.00000000;103.55000305
S;SUL;2010-12-20;14504.00000000;216.30000305;14348.00000000;213.97000122
SE;SUDESTE;2010-12-20;46533.00000000;115.08999634;43251.00000000;106.97000122
N;NORTE;2010-12-21;4893.00000000;105.75000000;4893.00000000;105.75000000
NE;NORDESTE;2010-12-21;10275.00000000;102.91000366;10275.00000000;102.91000366
S;SUL;2010-12-21;14626.00000000;218.11999512;14492.00000000;216.11999512
SE;SUDESTE;2010-12-21;45237.00000000;111.87999725;43283.00000000;107.05000305
N;NORTE;2010-12-22;5043.00000000;108.98999786;5043.00000000;108.98999786
NE;NORDESTE;2010-12-22;10272.00000000;102.87000275;10272.00000000;102.87000275
S;SUL;2010-12-22;15212.00000000;226.86000061;14900.00000000;222.19999695
SE;SUDESTE;2010-12-22;44337.00000000;109.66000366;42237.00000000;104.45999908
N;NORTE;2010-12-23;5164.00000000;111.61000061;5164.00000000;111.61000061
NE;NORDESTE;2010-12-23;10113.00000000;101.27999878;10113.00000000;101.27999878
S;SUL;2010-12-23;15456.00000000;230.49000549;15016.00000000;223.92999268
SE;SUDESTE;2010-12-23;44386.00000000;109.77999878;42758.00000000;105.75000000
N;NORTE;2010-12-24;5227.00000000;112.97000122;5227.00000000;112.97000122
NE;NORDESTE;2010-12-24;9740.00000000;97.55000305;9740.00000000;97.55000305
S;SUL;2010-12-24;15080.00000000;224.88999939;14768.00000000;220.22999573
SE;SUDESTE;2010-12-24;44872.00000000;110.98000336;42624.00000000;105.41999817
N;NORTE;2010-12-25;5162.00000000;111.55999756;5162.00000000;111.55999756
NE;NORDESTE;2010-12-25;9462.00000000;94.76000214;9462.00000000;94.76000214
S;SUL;2010-12-25;14750.00000000;219.97000122;14327.00000000;213.66000366
SE;SUDESTE;2010-12-25;45330.00000000;112.11000061;40752.00000000;100.79000092
N;NORTE;2010-12-26;5001.00000000;108.08000183;5001.00000000;108.08000183
NE;NORDESTE;2010-12-26;9090.00000000;91.04000092;9090.00000000;91.04000092
S;SUL;2010-12-26;14772.00000000;220.28999329;14394.00000000;214.66000366
SE;SUDESTE;2010-12-26;47103.00000000;116.50000000;44096.00000000;109.05999756
N;NORTE;2010-12-27;4791.00000000;103.55000305;4791.00000000;103.55000305
NE;NORDESTE;2010-12-27;8861.00000000;88.73999786;8861.00000000;88.73999786
S;SUL;2010-12-27;13679.00000000;203.99000549;13474.00000000;200.94000244
SE;SUDESTE;2010-12-27;49562.00000000;122.58000183;47587.00000000;117.69999695
N;NORTE;2010-12-28;4620.00000000;99.84999847;4620.00000000;99.84999847
NE;NORDESTE;2010-12-28;8945.00000000;89.58000183;8945.00000000;89.58000183
S;SUL;2010-12-28;13060.00000000;194.75999451;12952.00000000;193.14999390
SE;SUDESTE;2010-12-28;51780.00000000;128.07000732;48961.00000000;121.08999634
N;NORTE;2010-12-29;4453.00000000;96.23999786;4453.00000000;96.23999786
NE;NORDESTE;2010-12-29;8958.00000000;89.72000122;8958.00000000;89.72000122
S;SUL;2010-12-29;12421.00000000;185.22999573;12349.00000000;184.16000366
SE;SUDESTE;2010-12-29;54294.00000000;134.27999878;50372.00000000;124.58000183
N;NORTE;2010-12-30;4377.00000000;94.59999847;4377.00000000;94.59999847
NE;NORDESTE;2010-12-30;9054.00000000;90.68000031;9054.00000000;90.68000031
S;SUL;2010-12-30;12117.00000000;170.02999878;11975.00000000;168.02999878
SE;SUDESTE;2010-12-30;56922.00000000;140.77999878;53023.00000000;131.13999939
N;NORTE;2010-12-31;4393.00000000;94.94000244;4393.00000000;94.94000244
NE;NORDESTE;2010-12-31;9058.00000000;90.72000122;9058.00000000;90.72000122
S;SUL;2010-12-31;11286.00000000;158.36000061;11164.00000000;156.64999390
SE;SUDESTE;2010-12-31;60117.00000000;148.69000244;55634.00000000;137.60000610
