id_subsistema;nom_subsistema;ena_data;ena_bruta_regiao_mwmed;ena_bruta_regiao_percentualmlt;ena_armazenavel_regiao_mwmed;ena_armazenavel_regiao_percentualmlt
N;NORTE;2003-01-01;3848.00000000;46.36000061;3848.00000000;46.36000061
NE;NORDESTE;2003-01-01;9818.00000000;73.95999908;9818.00000000;73.95999908
S;SUL;2003-01-01;7090.00000000;133.22000122;6599.00000000;123.98999786
SE;SUDESTE;2003-01-01;30322.00000000;61.18999863;27469.00000000;55.43000031
N;NORTE;2003-01-02;4057.00000000;48.88000107;4057.00000000;48.88000107
NE;NORDESTE;2003-01-02;9128.00000000;68.76000214;9128.00000000;68.76000214
S;SUL;2003-01-02;6835.00000000;128.41999817;6586.00000000;123.75000000
SE;SUDESTE;2003-01-02;31242.00000000;63.04000092;30441.00000000;61.43000031
N;NORTE;2003-01-03;4363.00000000;52.56999969;4363.00000000;52.56999969
NE;NORDESTE;2003-01-03;8934.00000000;67.30000305;8934.00000000;67.30000305
S;SUL;2003-01-03;6879.00000000;129.25000000;6712.00000000;126.11000061
SE;SUDESTE;2003-01-03;33301.00000000;67.19999695;32202.00000000;64.98000336
N;NORTE;2003-01-04;4647.00000000;55.99000168;4647.00000000;55.99000168
NE;NORDESTE;2003-01-04;8978.00000000;67.62999725;8978.00000000;67.62999725
S;SUL;2003-01-04;7255.00000000;136.32000732;7058.00000000;132.61000061
SE;SUDESTE;2003-01-04;36186.00000000;73.01999664;34761.00000000;70.13999939
N;NORTE;2003-01-05;4908.00000000;59.13999939;4908.00000000;59.13999939
NE;NORDESTE;2003-01-05;8459.00000000;63.72000122;8459.00000000;63.72000122
S;SUL;2003-01-05;7501.00000000;140.94000244;7344.00000000;137.99000549
SE;SUDESTE;2003-01-05;39761.00000000;80.23000336;38014.00000000;76.70999908
N;NORTE;2003-01-06;5139.00000000;61.91999817;5139.00000000;61.91999817
NE;NORDESTE;2003-01-06;8624.00000000;64.95999908;8624.00000000;64.95999908
S;SUL;2003-01-06;7260.00000000;136.41000366;7111.00000000;133.61000061
SE;SUDESTE;2003-01-06;42233.00000000;85.22000122;41104.00000000;82.94000244
N;NORTE;2003-01-07;5447.00000000;65.62999725;5447.00000000;65.62999725
NE;NORDESTE;2003-01-07;8602.00000000;64.80000305;8602.00000000;64.80000305
S;SUL;2003-01-07;6591.00000000;123.83999634;6399.00000000;120.23000336
SE;SUDESTE;2003-01-07;44176.00000000;89.13999939;43032.00000000;86.83000183
N;NORTE;2003-01-08;5469.00000000;65.90000153;5469.00000000;65.90000153
NE;NORDESTE;2003-01-08;8566.00000000;64.52999878;8566.00000000;64.52999878
S;SUL;2003-01-08;5998.00000000;112.69999695;5837.00000000;109.66999817
SE;SUDESTE;2003-01-08;46234.00000000;93.30000305;44468.00000000;89.73000336
N;NORTE;2003-01-09;5463.00000000;65.81999969;5463.00000000;65.81999969
NE;NORDESTE;2003-01-09;8690.00000000;65.45999908;8690.00000000;65.45999908
S;SUL;2003-01-09;5680.00000000;106.72000122;5528.00000000;103.87000275
SE;SUDESTE;2003-01-09;46969.00000000;94.77999878;45478.00000000;91.76999664
N;NORTE;2003-01-10;5235.00000000;63.08000183;5235.00000000;63.08000183
NE;NORDESTE;2003-01-10;8841.00000000;66.59999847;8841.00000000;66.59999847
S;SUL;2003-01-10;5923.00000000;111.29000092;5739.00000000;107.83000183
SE;SUDESTE;2003-01-10;46234.00000000;93.30000305;44568.00000000;89.93000031
N;NORTE;2003-01-11;5128.00000000;61.79000092;5128.00000000;61.79000092
NE;NORDESTE;2003-01-11;9013.00000000;67.88999939;9013.00000000;67.88999939
S;SUL;2003-01-11;6640.00000000;124.76000214;6405.00000000;120.33999634
SE;SUDESTE;2003-01-11;45921.00000000;92.66000366;44541.00000000;89.87999725
N;NORTE;2003-01-12;4664.00000000;56.20000076;4664.00000000;56.20000076
NE;NORDESTE;2003-01-12;9366.00000000;70.55000305;9366.00000000;70.55000305
S;SUL;2003-01-12;7109.00000000;133.57000732;6884.00000000;129.33999634
SE;SUDESTE;2003-01-12;45764.00000000;92.34999847;43568.00000000;87.91999817
N;NORTE;2003-01-13;4658.00000000;56.11999893;4658.00000000;56.11999893
NE;NORDESTE;2003-01-13;9581.00000000;72.16999817;9581.00000000;72.16999817
S;SUL;2003-01-13;6415.00000000;120.52999878;6273.00000000;117.86000061
SE;SUDESTE;2003-01-13;45922.00000000;92.66999817;44565.00000000;89.93000031
N;NORTE;2003-01-14;4584.00000000;55.22999954;4584.00000000;55.22999954
NE;NORDESTE;2003-01-14;9843.00000000;74.13999939;9843.00000000;74.13999939
S;SUL;2003-01-14;5660.00000000;106.34999847;5516.00000000;103.63999939
SE;SUDESTE;2003-01-14;46177.00000000;93.18000031;44929.00000000;90.66000366
N;NORTE;2003-01-15;4676.00000000;56.34000015;4676.00000000;56.34000015
NE;NORDESTE;2003-01-15;10205.00000000;76.87000275;10205.00000000;76.87000275
S;SUL;2003-01-15;5211.00000000;97.91000366;5044.00000000;94.76999664
SE;SUDESTE;2003-01-15;47890.00000000;96.63999939;45742.00000000;92.30000305
N;NORTE;2003-01-16;4708.00000000;56.72999954;4708.00000000;56.72999954
NE;NORDESTE;2003-01-16;10585.00000000;79.73000336;10585.00000000;79.73000336
S;SUL;2003-01-16;5121.00000000;96.22000122;4965.00000000;93.29000092
SE;SUDESTE;2003-01-16;50587.00000000;102.08000183;46679.00000000;94.19000244
N;NORTE;2003-01-17;4939.00000000;59.50999832;4939.00000000;59.50999832
NE;NORDESTE;2003-01-17;11102.00000000;83.62999725;11102.00000000;83.62999725
S;SUL;2003-01-17;5108.00000000;95.98000336;4948.00000000;92.97000122
SE;SUDESTE;2003-01-17;52162.00000000;105.26000214;47969.00000000;96.80000305
N;NORTE;2003-01-18;4776.00000000;57.54999924;4776.00000000;57.54999924
NE;NORDESTE;2003-01-18;11949.00000000;90.01000214;11949.00000000;90.01000214
S;SUL;2003-01-18;4923.00000000;92.50000000;4778.00000000;89.76999664
SE;SUDESTE;2003-01-18;53378.00000000;107.70999908;49628.00000000;100.13999939
N;NORTE;2003-01-19;4751.00000000;57.24000168;4751.00000000;57.24000168
NE;NORDESTE;2003-01-19;12573.00000000;94.70999908;12573.00000000;94.70999908
S;SUL;2003-01-19;4645.00000000;87.27999878;4520.00000000;84.93000031
SE;SUDESTE;2003-01-19;55716.00000000;112.43000031;52786.00000000;106.51999664
N;NORTE;2003-01-20;4819.00000000;58.06000137;4819.00000000;58.06000137
NE;NORDESTE;2003-01-20;13371.00000000;100.72000122;13371.00000000;100.72000122
S;SUL;2003-01-20;4600.00000000;86.43000031;4466.00000000;83.91000366
SE;SUDESTE;2003-01-20;58697.00000000;118.44000244;56010.00000000;113.01999664
N;NORTE;2003-01-21;4909.00000000;59.15000153;4909.00000000;59.15000153
NE;NORDESTE;2003-01-21;13149.00000000;99.05000305;13149.00000000;99.05000305
S;SUL;2003-01-21;4641.00000000;87.19999695;4494.00000000;84.44000244
SE;SUDESTE;2003-01-21;60885.00000000;122.86000061;58559.00000000;118.16999817
N;NORTE;2003-01-22;5202.00000000;62.68000031;5202.00000000;62.68000031
NE;NORDESTE;2003-01-22;13393.00000000;100.88999939;13393.00000000;100.88999939
S;SUL;2003-01-22;4742.00000000;89.09999847;4583.00000000;86.11000061
SE;SUDESTE;2003-01-22;62629.00000000;126.37999725;60124.00000000;121.31999969
N;NORTE;2003-01-23;5715.00000000;68.86000061;5715.00000000;68.86000061
NE;NORDESTE;2003-01-23;15293.00000000;115.19999695;15293.00000000;115.19999695
S;SUL;2003-01-23;4956.00000000;93.12000275;4773.00000000;89.68000031
SE;SUDESTE;2003-01-23;64887.00000000;130.92999268;62076.00000000;125.26000214
N;NORTE;2003-01-24;6283.00000000;75.69999695;6283.00000000;75.69999695
NE;NORDESTE;2003-01-24;14554.00000000;109.62999725;14554.00000000;109.62999725
S;SUL;2003-01-24;4748.00000000;89.20999908;4496.00000000;84.48000336
SE;SUDESTE;2003-01-24;65406.00000000;131.97999573;63232.00000000;127.59999847
N;NORTE;2003-01-25;7251.00000000;87.37000275;7251.00000000;87.37000275
NE;NORDESTE;2003-01-25;14223.00000000;107.13999939;14223.00000000;107.13999939
S;SUL;2003-01-25;4056.00000000;76.20999908;3845.00000000;72.23999786
SE;SUDESTE;2003-01-25;65412.00000000;131.99000549;63557.00000000;128.25000000
N;NORTE;2003-01-26;7879.00000000;94.93000031;7879.00000000;94.93000031
NE;NORDESTE;2003-01-26;15018.00000000;113.12999725;15018.00000000;113.12999725
S;SUL;2003-01-26;3889.00000000;73.06999969;3701.00000000;69.54000092
SE;SUDESTE;2003-01-26;66362.00000000;133.91000366;63874.00000000;128.88999939
N;NORTE;2003-01-27;8265.00000000;99.58000183;8265.00000000;99.58000183
NE;NORDESTE;2003-01-27;14676.00000000;110.55000305;14676.00000000;110.55000305
S;SUL;2003-01-27;4180.00000000;78.54000092;4003.00000000;75.20999908
SE;SUDESTE;2003-01-27;68341.00000000;137.55000305;66734.00000000;134.32000732
N;NORTE;2003-01-28;8598.00000000;103.59999847;8598.00000000;103.59999847
NE;NORDESTE;2003-01-28;16560.00000000;124.73999786;16560.00000000;124.73999786
S;SUL;2003-01-28;4715.00000000;88.58999634;4546.00000000;85.41999817
SE;SUDESTE;2003-01-28;72539.00000000;146.00000000;68247.00000000;137.36999512
N;NORTE;2003-01-29;8902.00000000;107.26000214;8902.00000000;107.26000214
NE;NORDESTE;2003-01-29;16215.00000000;122.13999939;16215.00000000;122.13999939
S;SUL;2003-01-29;4908.00000000;92.22000122;4745.00000000;89.15000153
SE;SUDESTE;2003-01-29;75606.00000000;152.17999268;69154.00000000;139.19000244
N;NORTE;2003-01-30;8668.00000000;104.44000244;8668.00000000;104.44000244
NE;NORDESTE;2003-01-30;15070.00000000;113.51999664;15070.00000000;113.51999664
S;SUL;2003-01-30;4850.00000000;91.12999725;4683.00000000;87.98999786
SE;SUDESTE;2003-01-30;79551.00000000;160.11999512;71110.00000000;143.13000488
N;NORTE;2003-01-31;8652.00000000;104.25000000;8652.00000000;104.25000000
NE;NORDESTE;2003-01-31;15586.00000000;117.41000366;15586.00000000;117.41000366
S;SUL;2003-01-31;4757.00000000;89.37999725;4602.00000000;86.47000122
SE;SUDESTE;2003-01-31;82402.00000000;165.86000061;72809.00000000;146.55000305
N;NORTE;2003-02-01;8765.00000000;78.04000092;8765.00000000;78.04000092
NE;NORDESTE;2003-02-01;15787.00000000;112.19999695;15787.00000000;112.19999695
S;SUL;2003-02-01;4791.00000000;81.01000214;4649.00000000;78.61000061
SE;SUDESTE;2003-02-01;82738.00000000;158.83999634;70674.00000000;135.67999268
N;NORTE;2003-02-02;8794.00000000;78.30000305;8794.00000000;78.30000305
NE;NORDESTE;2003-02-02;15907.00000000;113.05000305;15907.00000000;113.05000305
S;SUL;2003-02-02;4803.00000000;81.20999908;4802.00000000;81.19000244
SE;SUDESTE;2003-02-02;79982.00000000;153.55000305;69329.00000000;133.10000610
N;NORTE;2003-02-03;8781.00000000;78.18000031;8781.00000000;78.18000031
NE;NORDESTE;2003-02-03;16085.00000000;114.31999969;16085.00000000;114.31999969
S;SUL;2003-02-03;4899.00000000;82.83000183;4899.00000000;82.83000183
SE;SUDESTE;2003-02-03;76172.00000000;146.24000549;69956.00000000;134.30000305
N;NORTE;2003-02-04;8758.00000000;77.98000336;8758.00000000;77.98000336
NE;NORDESTE;2003-02-04;16242.00000000;115.44000244;16242.00000000;115.44000244
S;SUL;2003-02-04;4785.00000000;80.91000366;4785.00000000;80.91000366
SE;SUDESTE;2003-02-04;72239.00000000;138.67999268;65936.00000000;126.58000183
N;NORTE;2003-02-05;8749.00000000;77.90000153;8749.00000000;77.90000153
NE;NORDESTE;2003-02-05;16266.00000000;115.61000061;16266.00000000;115.61000061
S;SUL;2003-02-05;4645.00000000;78.54000092;4645.00000000;78.54000092
SE;SUDESTE;2003-02-05;69143.00000000;132.74000549;64583.00000000;123.98999786
N;NORTE;2003-02-06;8743.00000000;77.83999634;8743.00000000;77.83999634
NE;NORDESTE;2003-02-06;16265.00000000;115.59999847;16265.00000000;115.59999847
S;SUL;2003-02-06;4644.00000000;78.51999664;4644.00000000;78.51999664
SE;SUDESTE;2003-02-06;66019.00000000;126.73999786;61782.00000000;118.61000061
N;NORTE;2003-02-07;8575.00000000;76.34999847;8575.00000000;76.34999847
NE;NORDESTE;2003-02-07;16050.00000000;114.06999969;16050.00000000;114.06999969
S;SUL;2003-02-07;4713.00000000;79.69000244;4713.00000000;79.69000244
SE;SUDESTE;2003-02-07;63237.00000000;121.40000153;60213.00000000;115.59999847
N;NORTE;2003-02-08;8301.00000000;73.91000366;8301.00000000;73.91000366
NE;NORDESTE;2003-02-08;15729.00000000;111.79000092;15729.00000000;111.79000092
S;SUL;2003-02-08;5145.00000000;86.98999786;5145.00000000;86.98999786
SE;SUDESTE;2003-02-08;59702.00000000;114.62000275;56194.00000000;107.87999725
N;NORTE;2003-02-09;7952.00000000;70.80000305;7952.00000000;70.80000305
NE;NORDESTE;2003-02-09;15440.00000000;109.73999786;15440.00000000;109.73999786
S;SUL;2003-02-09;5589.00000000;94.50000000;5589.00000000;94.50000000
SE;SUDESTE;2003-02-09;56737.00000000;108.91999817;53155.00000000;102.05000305
N;NORTE;2003-02-10;7680.00000000;68.37999725;7680.00000000;68.37999725
NE;NORDESTE;2003-02-10;15060.00000000;107.02999878;15060.00000000;107.02999878
S;SUL;2003-02-10;6049.00000000;102.27999878;6049.00000000;102.27999878
SE;SUDESTE;2003-02-10;53156.00000000;102.05000305;50244.00000000;96.45999908
N;NORTE;2003-02-11;7338.00000000;65.33999634;7338.00000000;65.33999634
NE;NORDESTE;2003-02-11;14701.00000000;104.48000336;14701.00000000;104.48000336
S;SUL;2003-02-11;6213.00000000;105.05000305;6213.00000000;105.05000305
SE;SUDESTE;2003-02-11;50472.00000000;96.90000153;46754.00000000;89.76000214
N;NORTE;2003-02-12;7150.00000000;63.65999985;7150.00000000;63.65999985
NE;NORDESTE;2003-02-12;14385.00000000;102.23999786;14385.00000000;102.23999786
S;SUL;2003-02-12;6196.00000000;104.76000214;6196.00000000;104.76000214
SE;SUDESTE;2003-02-12;48247.00000000;92.62000275;44460.00000000;85.34999847
N;NORTE;2003-02-13;7008.00000000;62.40000153;7008.00000000;62.40000153
NE;NORDESTE;2003-02-13;14296.00000000;101.59999847;14296.00000000;101.59999847
S;SUL;2003-02-13;5587.00000000;94.47000122;5587.00000000;94.47000122
SE;SUDESTE;2003-02-13;46766.00000000;89.77999878;42712.00000000;82.00000000
N;NORTE;2003-02-14;7272.00000000;64.75000000;7272.00000000;64.75000000
NE;NORDESTE;2003-02-14;14066.00000000;99.97000122;14066.00000000;99.97000122
S;SUL;2003-02-14;5372.00000000;90.83000183;5372.00000000;90.83000183
SE;SUDESTE;2003-02-14;45904.00000000;88.12999725;41444.00000000;79.55999756
N;NORTE;2003-02-15;7479.00000000;66.58999634;7479.00000000;66.58999634
NE;NORDESTE;2003-02-15;13799.00000000;98.06999969;13799.00000000;98.06999969
S;SUL;2003-02-15;5258.00000000;88.90000153;5258.00000000;88.90000153
SE;SUDESTE;2003-02-15;45992.00000000;88.30000305;40753.00000000;78.23999786
N;NORTE;2003-02-16;7657.00000000;68.18000031;7657.00000000;68.18000031
NE;NORDESTE;2003-02-16;13266.00000000;94.27999878;13266.00000000;94.27999878
S;SUL;2003-02-16;5322.00000000;89.98999786;5322.00000000;89.98999786
SE;SUDESTE;2003-02-16;46900.00000000;90.04000092;41980.00000000;80.58999634
N;NORTE;2003-02-17;8011.00000000;71.33000183;7865.00000000;70.02999878
NE;NORDESTE;2003-02-17;12689.00000000;90.18000031;12689.00000000;90.18000031
S;SUL;2003-02-17;5878.00000000;99.38999939;5878.00000000;99.38999939
SE;SUDESTE;2003-02-17;48879.00000000;93.83999634;46318.00000000;88.91999817
N;NORTE;2003-02-18;8547.00000000;76.09999847;8196.00000000;72.97000122
NE;NORDESTE;2003-02-18;11992.00000000;85.23000336;11992.00000000;85.23000336
S;SUL;2003-02-18;6507.00000000;110.01999664;6507.00000000;110.01999664
SE;SUDESTE;2003-02-18;51049.00000000;98.00000000;48507.00000000;93.12000275
N;NORTE;2003-02-19;8772.00000000;78.09999847;8056.00000000;71.73000336
NE;NORDESTE;2003-02-19;11306.00000000;80.34999847;11306.00000000;80.34999847
S;SUL;2003-02-19;6453.00000000;109.11000061;6453.00000000;109.11000061
SE;SUDESTE;2003-02-19;53195.00000000;102.12000275;47104.00000000;90.43000031
N;NORTE;2003-02-20;8980.00000000;79.95999908;8008.00000000;71.30000305
NE;NORDESTE;2003-02-20;10684.00000000;75.93000031;10684.00000000;75.93000031
S;SUL;2003-02-20;7120.00000000;120.38999939;7102.00000000;120.08000183
SE;SUDESTE;2003-02-20;54147.00000000;103.94999695;46943.00000000;90.12000275
N;NORTE;2003-02-21;9438.00000000;84.02999878;7981.00000000;71.05999756
NE;NORDESTE;2003-02-21;10206.00000000;72.54000092;10206.00000000;72.54000092
S;SUL;2003-02-21;8981.00000000;151.85000610;8945.00000000;151.24000549
SE;SUDESTE;2003-02-21;54917.00000000;105.43000031;47936.00000000;92.02999878
N;NORTE;2003-02-22;10166.00000000;90.51000214;8136.00000000;72.44000244
NE;NORDESTE;2003-02-22;9771.00000000;69.44000244;9771.00000000;69.44000244
S;SUL;2003-02-22;10162.00000000;171.82000732;10151.00000000;171.63000488
SE;SUDESTE;2003-02-22;55526.00000000;106.59999847;44980.00000000;86.34999847
N;NORTE;2003-02-23;10631.00000000;94.66000366;8042.00000000;71.59999847
NE;NORDESTE;2003-02-23;9364.00000000;66.55000305;9364.00000000;66.55000305
S;SUL;2003-02-23;9935.00000000;167.97999573;9933.00000000;167.94999695
SE;SUDESTE;2003-02-23;54839.00000000;105.27999878;41996.00000000;80.62000275
N;NORTE;2003-02-24;10962.00000000;97.59999847;7831.00000000;69.72000122
NE;NORDESTE;2003-02-24;8990.00000000;63.88999939;8990.00000000;63.88999939
S;SUL;2003-02-24;8858.00000000;149.77000427;8793.00000000;148.66999817
SE;SUDESTE;2003-02-24;54181.00000000;104.01999664;43701.00000000;83.90000153
N;NORTE;2003-02-25;11561.00000000;102.94000244;7894.00000000;70.29000092
NE;NORDESTE;2003-02-25;8596.00000000;61.09000015;8596.00000000;61.09000015
S;SUL;2003-02-25;7826.00000000;132.32000732;7777.00000000;131.49000549
SE;SUDESTE;2003-02-25;52432.00000000;100.66000366;41847.00000000;80.33999634
N;NORTE;2003-02-26;12037.00000000;107.16999817;7425.00000000;66.11000061
NE;NORDESTE;2003-02-26;8331.00000000;59.20999908;8331.00000000;59.20999908
S;SUL;2003-02-26;7385.00000000;124.87000275;7334.00000000;124.00000000
SE;SUDESTE;2003-02-26;49306.00000000;94.66000366;39552.00000000;75.93000031
N;NORTE;2003-02-27;11992.00000000;106.76999664;6643.00000000;59.15000153
NE;NORDESTE;2003-02-27;8303.00000000;59.00999832;8303.00000000;59.00999832
S;SUL;2003-02-27;7031.00000000;118.87999725;6992.00000000;118.22000122
SE;SUDESTE;2003-02-27;46415.00000000;89.11000061;37392.00000000;71.79000092
N;NORTE;2003-02-28;12025.00000000;107.06999969;5778.00000000;51.45000076
NE;NORDESTE;2003-02-28;8280.00000000;58.84999847;8280.00000000;58.84999847
S;SUL;2003-02-28;6375.00000000;107.79000092;6353.00000000;107.41999817
SE;SUDESTE;2003-02-28;43762.00000000;84.01000214;36060.00000000;69.23000336
N;NORTE;2003-03-01;12077.00000000;91.62000275;5099.00000000;38.68000031
NE;NORDESTE;2003-03-01;8506.00000000;60.34000015;8506.00000000;60.34000015
S;SUL;2003-03-01;6189.00000000;121.11000061;6146.00000000;120.26999664
SE;SUDESTE;2003-03-01;41547.00000000;85.45999908;34827.00000000;71.62999725
N;NORTE;2003-03-02;11921.00000000;90.43000031;4372.00000000;33.16999817
NE;NORDESTE;2003-03-02;8734.00000000;61.95999908;8734.00000000;61.95999908
S;SUL;2003-03-02;6152.00000000;120.38999939;6152.00000000;120.38999939
SE;SUDESTE;2003-03-02;38773.00000000;79.75000000;30952.00000000;63.65999985
N;NORTE;2003-03-03;11953.00000000;90.66999817;4213.00000000;31.95999908
NE;NORDESTE;2003-03-03;9004.00000000;63.86999893;9004.00000000;63.86999893
S;SUL;2003-03-03;6215.00000000;121.62000275;6215.00000000;121.62000275
SE;SUDESTE;2003-03-03;36452.00000000;74.98000336;30941.00000000;63.63999939
N;NORTE;2003-03-04;11708.00000000;88.81999969;3967.00000000;30.09000015
NE;NORDESTE;2003-03-04;9193.00000000;65.20999908;9193.00000000;65.20999908
S;SUL;2003-03-04;6264.00000000;122.58000183;6262.00000000;122.54000092
SE;SUDESTE;2003-03-04;35391.00000000;72.79000092;32023.00000000;65.87000275
N;NORTE;2003-03-05;11356.00000000;86.15000153;3616.00000000;27.43000031
NE;NORDESTE;2003-03-05;9107.00000000;64.59999847;9107.00000000;64.59999847
S;SUL;2003-03-05;6164.00000000;120.62000275;6161.00000000;120.55999756
SE;SUDESTE;2003-03-05;34802.00000000;71.58000183;32919.00000000;67.70999908
N;NORTE;2003-03-06;11405.00000000;86.51999664;4048.00000000;30.70999908
NE;NORDESTE;2003-03-06;9072.00000000;64.36000061;9072.00000000;64.36000061
S;SUL;2003-03-06;6421.00000000;125.65000153;6418.00000000;125.58999634
SE;SUDESTE;2003-03-06;34120.00000000;70.18000031;33875.00000000;69.68000031
N;NORTE;2003-03-07;11251.00000000;85.34999847;4295.00000000;32.58000183
NE;NORDESTE;2003-03-07;8922.00000000;63.29000092;8922.00000000;63.29000092
S;SUL;2003-03-07;7230.00000000;141.47999573;7146.00000000;139.83999634
SE;SUDESTE;2003-03-07;34208.00000000;70.36000061;34045.00000000;70.01999664
N;NORTE;2003-03-08;10925.00000000;82.87999725;4252.00000000;32.25999832
NE;NORDESTE;2003-03-08;8772.00000000;62.22999954;8772.00000000;62.22999954
S;SUL;2003-03-08;8417.00000000;164.71000671;8360.00000000;163.60000610
SE;SUDESTE;2003-03-08;35380.00000000;72.76999664;34709.00000000;71.38999939
N;NORTE;2003-03-09;10841.00000000;82.23999786;4257.00000000;32.29000092
NE;NORDESTE;2003-03-09;8451.00000000;59.95000076;8451.00000000;59.95000076
S;SUL;2003-03-09;8919.00000000;174.53999329;8791.00000000;172.02999878
SE;SUDESTE;2003-03-09;37166.00000000;76.44000244;34438.00000000;70.83000183
N;NORTE;2003-03-10;10993.00000000;83.38999939;4409.00000000;33.45000076
NE;NORDESTE;2003-03-10;8067.00000000;57.22999954;8067.00000000;57.22999954
S;SUL;2003-03-10;8915.00000000;174.46000671;8880.00000000;173.77000427
SE;SUDESTE;2003-03-10;39461.00000000;81.16000366;38510.00000000;79.20999908
N;NORTE;2003-03-11;10910.00000000;82.76000214;4505.00000000;34.16999817
NE;NORDESTE;2003-03-11;7579.00000000;53.77000046;7579.00000000;53.77000046
S;SUL;2003-03-11;8480.00000000;165.94000244;8355.00000000;163.50000000
SE;SUDESTE;2003-03-11;42288.00000000;86.98000336;40665.00000000;83.63999939
N;NORTE;2003-03-12;10907.00000000;82.73999786;4771.00000000;36.18999863
NE;NORDESTE;2003-03-12;7158.00000000;50.77999878;7158.00000000;50.77999878
S;SUL;2003-03-12;8200.00000000;160.47000122;8022.00000000;156.97999573
SE;SUDESTE;2003-03-12;45127.00000000;92.81999969;41358.00000000;85.06999969
N;NORTE;2003-03-13;11287.00000000;85.62000275;5240.00000000;39.75000000
NE;NORDESTE;2003-03-13;6810.00000000;48.31000137;6810.00000000;48.31000137
S;SUL;2003-03-13;8110.00000000;158.69999695;7899.00000000;154.58000183
SE;SUDESTE;2003-03-13;46687.00000000;96.02999878;40829.00000000;83.98000336
N;NORTE;2003-03-14;11668.00000000;88.51000214;5259.00000000;39.88999939
NE;NORDESTE;2003-03-14;6560.00000000;46.54000092;6560.00000000;46.54000092
S;SUL;2003-03-14;7764.00000000;151.92999268;7568.00000000;148.10000610
SE;SUDESTE;2003-03-14;48398.00000000;99.55000305;40575.00000000;83.45999908
N;NORTE;2003-03-15;11676.00000000;88.56999969;4509.00000000;34.20000076
NE;NORDESTE;2003-03-15;6370.00000000;45.18999863;6370.00000000;45.18999863
S;SUL;2003-03-15;7123.00000000;139.38999939;6930.00000000;135.61000061
SE;SUDESTE;2003-03-15;49437.00000000;101.68000031;38515.00000000;79.22000122
N;NORTE;2003-03-16;11761.00000000;89.22000122;4021.00000000;30.50000000
NE;NORDESTE;2003-03-16;6221.00000000;44.13000107;6221.00000000;44.13000107
S;SUL;2003-03-16;6519.00000000;127.56999969;6493.00000000;127.05999756
SE;SUDESTE;2003-03-16;49881.00000000;102.59999847;37043.00000000;76.19000244
N;NORTE;2003-03-17;11973.00000000;90.83000183;3837.00000000;29.11000061
NE;NORDESTE;2003-03-17;6045.00000000;42.88000107;6045.00000000;42.88000107
S;SUL;2003-03-17;6060.00000000;118.58999634;6055.00000000;118.48999786
SE;SUDESTE;2003-03-17;50177.00000000;103.20999908;40321.00000000;82.93000031
N;NORTE;2003-03-18;11642.00000000;88.31999969;2987.00000000;22.65999985
NE;NORDESTE;2003-03-18;6014.00000000;42.65999985;6014.00000000;42.65999985
S;SUL;2003-03-18;5732.00000000;112.16999817;5728.00000000;112.08999634
SE;SUDESTE;2003-03-18;49730.00000000;102.29000092;38813.00000000;79.83000183
N;NORTE;2003-03-19;11549.00000000;87.61000061;2734.00000000;20.73999977
NE;NORDESTE;2003-03-19;5993.00000000;42.50999832;5993.00000000;42.50999832
S;SUL;2003-03-19;5504.00000000;107.70999908;5503.00000000;107.69000244
SE;SUDESTE;2003-03-19;49385.00000000;101.58000183;40620.00000000;83.55000305
N;NORTE;2003-03-20;11962.00000000;90.73999786;3493.00000000;26.50000000
NE;NORDESTE;2003-03-20;6183.00000000;43.86000061;6183.00000000;43.86000061
S;SUL;2003-03-20;5332.00000000;104.33999634;5332.00000000;104.33999634
SE;SUDESTE;2003-03-20;48763.00000000;100.30000305;40450.00000000;83.19999695
N;NORTE;2003-03-21;12270.00000000;93.08000183;4183.00000000;31.72999954
NE;NORDESTE;2003-03-21;6469.00000000;45.88999939;6469.00000000;45.88999939
S;SUL;2003-03-21;5310.00000000;103.91000366;5310.00000000;103.91000366
SE;SUDESTE;2003-03-21;48564.00000000;99.88999939;40360.00000000;83.01000214
N;NORTE;2003-03-22;12481.00000000;94.68000031;4498.00000000;34.11999893
NE;NORDESTE;2003-03-22;6943.00000000;49.25000000;6943.00000000;49.25000000
S;SUL;2003-03-22;5202.00000000;101.80000305;5202.00000000;101.80000305
SE;SUDESTE;2003-03-22;48209.00000000;99.16000366;38064.00000000;78.29000092
N;NORTE;2003-03-23;12910.00000000;97.93000031;4568.00000000;34.65000153
NE;NORDESTE;2003-03-23;7494.00000000;53.15999985;7494.00000000;53.15999985
S;SUL;2003-03-23;4787.00000000;93.68000031;4787.00000000;93.68000031
SE;SUDESTE;2003-03-23;47629.00000000;97.95999908;36446.00000000;74.95999908
N;NORTE;2003-03-24;13528.00000000;102.62000275;4799.00000000;36.40000153
NE;NORDESTE;2003-03-24;8007.00000000;56.79999924;8007.00000000;56.79999924
S;SUL;2003-03-24;4217.00000000;82.51999664;4217.00000000;82.51999664
SE;SUDESTE;2003-03-24;47872.00000000;98.45999908;40303.00000000;82.90000153
N;NORTE;2003-03-25;13525.00000000;102.59999847;4544.00000000;34.47000122
NE;NORDESTE;2003-03-25;8407.00000000;59.63999939;8407.00000000;59.63999939
S;SUL;2003-03-25;3821.00000000;74.76999664;3821.00000000;74.76999664
SE;SUDESTE;2003-03-25;47541.00000000;97.77999878;39826.00000000;81.91999817
N;NORTE;2003-03-26;13608.00000000;103.23000336;4148.00000000;31.46999931
NE;NORDESTE;2003-03-26;8737.00000000;61.97999954;8668.00000000;61.49000168
S;SUL;2003-03-26;3524.00000000;68.95999908;3524.00000000;68.95999908
SE;SUDESTE;2003-03-26;46703.00000000;96.05999756;39162.00000000;80.55000305
N;NORTE;2003-03-27;13592.00000000;103.11000061;3385.00000000;25.68000031
NE;NORDESTE;2003-03-27;8829.00000000;62.63000107;8761.00000000;62.15000153
S;SUL;2003-03-27;3396.00000000;66.45999908;3396.00000000;66.45999908
SE;SUDESTE;2003-03-27;46054.00000000;94.73000336;40130.00000000;82.54000092
N;NORTE;2003-03-28;13768.00000000;104.44000244;3572.00000000;27.10000038
NE;NORDESTE;2003-03-28;8998.00000000;63.83000183;8855.00000000;62.81999969
S;SUL;2003-03-28;3311.00000000;64.79000092;3311.00000000;64.79000092
SE;SUDESTE;2003-03-28;45356.00000000;93.29000092;41578.00000000;85.51999664
N;NORTE;2003-03-29;13404.00000000;101.68000031;3207.00000000;24.32999992
NE;NORDESTE;2003-03-29;9089.00000000;64.48000336;8946.00000000;63.45999908
S;SUL;2003-03-29;3203.00000000;62.68000031;3203.00000000;62.68000031
SE;SUDESTE;2003-03-29;44111.00000000;90.73000336;38645.00000000;79.48999786
N;NORTE;2003-03-30;13533.00000000;102.66000366;3823.00000000;29.00000000
NE;NORDESTE;2003-03-30;9090.00000000;64.48000336;8947.00000000;63.47000122
S;SUL;2003-03-30;3071.00000000;60.09999847;3071.00000000;60.09999847
SE;SUDESTE;2003-03-30;42678.00000000;87.77999878;36112.00000000;74.27999878
N;NORTE;2003-03-31;13667.00000000;103.68000031;4664.00000000;35.38000107
NE;NORDESTE;2003-03-31;9204.00000000;65.29000092;9058.00000000;64.26000214
S;SUL;2003-03-31;2991.00000000;58.52999878;2991.00000000;58.52999878
SE;SUDESTE;2003-03-31;41207.00000000;84.76000214;38616.00000000;79.43000031
N;NORTE;2003-04-01;13865.00000000;105.05000305;5094.00000000;38.59999847
NE;NORDESTE;2003-04-01;9204.00000000;79.55999756;9204.00000000;79.55999756
S;SUL;2003-04-01;2926.00000000;62.02000046;2926.00000000;62.02000046
SE;SUDESTE;2003-04-01;40618.00000000;110.23999786;38968.00000000;105.76000214
N;NORTE;2003-04-02;13897.00000000;105.29000092;4651.00000000;35.24000168
NE;NORDESTE;2003-04-02;9320.00000000;80.56999969;9320.00000000;80.56999969
S;SUL;2003-04-02;2909.00000000;61.65999985;2909.00000000;61.65999985
SE;SUDESTE;2003-04-02;39811.00000000;108.05000305;38002.00000000;103.13999939
N;NORTE;2003-04-03;14273.00000000;108.13999939;5270.00000000;39.93000031
NE;NORDESTE;2003-04-03;9400.00000000;81.26000214;9400.00000000;81.26000214
S;SUL;2003-04-03;3021.00000000;64.04000092;3021.00000000;64.04000092
SE;SUDESTE;2003-04-03;39231.00000000;106.47000122;38117.00000000;103.44999695
N;NORTE;2003-04-04;14573.00000000;110.41999817;4719.00000000;35.75000000
NE;NORDESTE;2003-04-04;9463.00000000;81.80000305;9463.00000000;81.80000305
S;SUL;2003-04-04;3405.00000000;72.18000031;3405.00000000;72.18000031
SE;SUDESTE;2003-04-04;38773.00000000;105.23000336;37504.00000000;101.79000092
N;NORTE;2003-04-05;14761.00000000;111.83999634;3912.00000000;29.63999939
NE;NORDESTE;2003-04-05;9497.00000000;82.09999847;9497.00000000;82.09999847
S;SUL;2003-04-05;3673.00000000;77.86000061;3673.00000000;77.86000061
SE;SUDESTE;2003-04-05;38458.00000000;104.37999725;37320.00000000;101.29000092
N;NORTE;2003-04-06;14951.00000000;113.27999878;3076.00000000;23.30999947
NE;NORDESTE;2003-04-06;9541.00000000;82.48000336;9541.00000000;82.48000336
S;SUL;2003-04-06;3653.00000000;77.43000031;3653.00000000;77.43000031
SE;SUDESTE;2003-04-06;39242.00000000;106.50000000;38004.00000000;103.13999939
N;NORTE;2003-04-07;15302.00000000;115.94000244;3138.00000000;23.78000069
NE;NORDESTE;2003-04-07;9586.00000000;82.87000275;9586.00000000;82.87000275
S;SUL;2003-04-07;3388.00000000;71.81999969;3388.00000000;71.81999969
SE;SUDESTE;2003-04-07;39282.00000000;106.61000061;38485.00000000;104.44999695
N;NORTE;2003-04-08;15252.00000000;115.55999756;3410.00000000;25.84000015
NE;NORDESTE;2003-04-08;9630.00000000;83.25000000;9630.00000000;83.25000000
S;SUL;2003-04-08;3132.00000000;66.38999939;3132.00000000;66.38999939
SE;SUDESTE;2003-04-08;40234.00000000;109.19999695;39164.00000000;106.29000092
N;NORTE;2003-04-09;15241.00000000;115.48000336;3728.00000000;28.25000000
NE;NORDESTE;2003-04-09;9668.00000000;83.56999969;9668.00000000;83.56999969
S;SUL;2003-04-09;2874.00000000;60.91999817;2874.00000000;60.91999817
SE;SUDESTE;2003-04-09;41342.00000000;112.19999695;40232.00000000;109.19000244
N;NORTE;2003-04-10;15202.00000000;115.18000031;3759.00000000;28.47999954
NE;NORDESTE;2003-04-10;9783.00000000;84.56999969;9783.00000000;84.56999969
S;SUL;2003-04-10;2689.00000000;57.00000000;2689.00000000;57.00000000
SE;SUDESTE;2003-04-10;41954.00000000;113.86000061;40360.00000000;109.54000092
N;NORTE;2003-04-11;15361.00000000;116.38999939;3930.00000000;29.78000069
NE;NORDESTE;2003-04-11;9822.00000000;84.91000366;9822.00000000;84.91000366
S;SUL;2003-04-11;2561.00000000;54.29000092;2546.00000000;53.97000122
SE;SUDESTE;2003-04-11;42923.00000000;116.48999786;41884.00000000;113.66999817
N;NORTE;2003-04-12;15040.00000000;113.94999695;3607.00000000;27.32999992
NE;NORDESTE;2003-04-12;9690.00000000;83.76999664;9690.00000000;83.76999664
S;SUL;2003-04-12;2429.00000000;51.49000168;2429.00000000;51.49000168
SE;SUDESTE;2003-04-12;43542.00000000;118.16999817;39912.00000000;108.31999969
N;NORTE;2003-04-13;14931.00000000;113.12999725;3365.00000000;25.50000000
NE;NORDESTE;2003-04-13;9355.00000000;80.87000275;9355.00000000;80.87000275
S;SUL;2003-04-13;2329.00000000;49.36999893;2329.00000000;49.36999893
SE;SUDESTE;2003-04-13;43030.00000000;116.77999878;38749.00000000;105.16999817
N;NORTE;2003-04-14;14854.00000000;112.54000092;3262.00000000;24.71999931
NE;NORDESTE;2003-04-14;8908.00000000;77.01000214;8908.00000000;77.01000214
S;SUL;2003-04-14;2233.00000000;47.33000183;2233.00000000;47.33000183
SE;SUDESTE;2003-04-14;41966.00000000;113.90000153;38761.00000000;105.19999695
N;NORTE;2003-04-15;14693.00000000;111.31999969;3528.00000000;26.72999954
NE;NORDESTE;2003-04-15;8391.00000000;72.54000092;8391.00000000;72.54000092
S;SUL;2003-04-15;2218.00000000;47.02000046;2218.00000000;47.02000046
SE;SUDESTE;2003-04-15;41228.00000000;111.88999939;38090.00000000;103.37999725
N;NORTE;2003-04-16;14370.00000000;108.87999725;3753.00000000;28.44000053
NE;NORDESTE;2003-04-16;7871.00000000;68.04000092;7871.00000000;68.04000092
S;SUL;2003-04-16;2203.00000000;46.70000076;2203.00000000;46.70000076
SE;SUDESTE;2003-04-16;40210.00000000;109.12999725;37497.00000000;101.76999664
N;NORTE;2003-04-17;14161.00000000;107.29000092;3727.00000000;28.23999977
NE;NORDESTE;2003-04-17;7485.00000000;64.69999695;7485.00000000;64.69999695
S;SUL;2003-04-17;2278.00000000;48.29000092;2278.00000000;48.29000092
SE;SUDESTE;2003-04-17;39632.00000000;107.55999756;38147.00000000;103.52999878
N;NORTE;2003-04-18;13828.00000000;104.76999664;3396.00000000;25.72999954
NE;NORDESTE;2003-04-18;7101.00000000;61.38000107;7101.00000000;61.38000107
S;SUL;2003-04-18;2559.00000000;54.24000168;2559.00000000;54.24000168
SE;SUDESTE;2003-04-18;38624.00000000;104.83000183;33556.00000000;91.06999969
N;NORTE;2003-04-19;13139.00000000;99.55000305;3105.00000000;23.53000069
NE;NORDESTE;2003-04-19;6831.00000000;59.04999924;6831.00000000;59.04999924
S;SUL;2003-04-19;3096.00000000;65.62999725;3096.00000000;65.62999725
SE;SUDESTE;2003-04-19;38495.00000000;104.48000336;33390.00000000;90.62000275
N;NORTE;2003-04-20;12774.00000000;96.79000092;4051.00000000;30.69000053
NE;NORDESTE;2003-04-20;6634.00000000;57.34999847;6634.00000000;57.34999847
S;SUL;2003-04-20;3392.00000000;71.90000153;3392.00000000;71.90000153
SE;SUDESTE;2003-04-20;38635.00000000;104.86000061;31109.00000000;84.43000031
N;NORTE;2003-04-21;12344.00000000;93.52999878;4173.00000000;31.62000084
NE;NORDESTE;2003-04-21;6487.00000000;56.08000183;6487.00000000;56.08000183
S;SUL;2003-04-21;3338.00000000;70.76000214;3338.00000000;70.76000214
SE;SUDESTE;2003-04-21;38530.00000000;104.56999969;32047.00000000;86.98000336
N;NORTE;2003-04-22;12017.00000000;91.05000305;4156.00000000;31.48999977
NE;NORDESTE;2003-04-22;6295.00000000;54.41999817;6295.00000000;54.41999817
S;SUL;2003-04-22;3001.00000000;63.61000061;3001.00000000;63.61000061
SE;SUDESTE;2003-04-22;38059.00000000;103.29000092;33829.00000000;91.80999756
N;NORTE;2003-04-23;11760.00000000;89.09999847;4058.00000000;30.75000000
NE;NORDESTE;2003-04-23;6077.00000000;52.52999878;6077.00000000;52.52999878
S;SUL;2003-04-23;2872.00000000;60.88000107;2872.00000000;60.88000107
SE;SUDESTE;2003-04-23;37256.00000000;101.11000061;34047.00000000;92.40000153
N;NORTE;2003-04-24;11894.00000000;90.12000275;4197.00000000;31.79999924
NE;NORDESTE;2003-04-24;5726.00000000;49.50000000;5726.00000000;49.50000000
S;SUL;2003-04-24;2736.00000000;58.00000000;2736.00000000;58.00000000
SE;SUDESTE;2003-04-24;36000.00000000;97.70999908;33074.00000000;89.76000214
N;NORTE;2003-04-25;11770.00000000;89.18000031;4080.00000000;30.90999985
NE;NORDESTE;2003-04-25;5374.00000000;46.45999908;5374.00000000;46.45999908
S;SUL;2003-04-25;2637.00000000;55.90000153;2637.00000000;55.90000153
SE;SUDESTE;2003-04-25;34895.00000000;94.70999908;31481.00000000;85.44000244
N;NORTE;2003-04-26;11650.00000000;88.26999664;3741.00000000;28.34000015
NE;NORDESTE;2003-04-26;5212.00000000;45.06000137;5212.00000000;45.06000137
S;SUL;2003-04-26;2491.00000000;52.79999924;2491.00000000;52.79999924
SE;SUDESTE;2003-04-26;33334.00000000;90.47000122;30180.00000000;81.91000366
N;NORTE;2003-04-27;11435.00000000;86.63999939;3424.00000000;25.94000053
NE;NORDESTE;2003-04-27;5078.00000000;43.90000153;5078.00000000;43.90000153
S;SUL;2003-04-27;2468.00000000;52.31999969;2468.00000000;52.31999969
SE;SUDESTE;2003-04-27;31802.00000000;86.30999756;28857.00000000;78.31999969
N;NORTE;2003-04-28;11271.00000000;85.40000153;3262.00000000;24.71999931
NE;NORDESTE;2003-04-28;4966.00000000;42.93000031;4966.00000000;42.93000031
S;SUL;2003-04-28;2402.00000000;50.91999817;2402.00000000;50.91999817
SE;SUDESTE;2003-04-28;30578.00000000;82.98999786;29557.00000000;80.22000122
N;NORTE;2003-04-29;10896.00000000;82.55999756;3285.00000000;24.88999939
NE;NORDESTE;2003-04-29;4874.00000000;42.13000107;4874.00000000;42.13000107
S;SUL;2003-04-29;2559.00000000;54.24000168;2559.00000000;54.24000168
SE;SUDESTE;2003-04-29;29292.00000000;79.50000000;28891.00000000;78.41000366
N;NORTE;2003-04-30;10489.00000000;79.47000122;3635.00000000;27.54000092
NE;NORDESTE;2003-04-30;4792.00000000;41.41999817;4792.00000000;41.41999817
S;SUL;2003-04-30;3439.00000000;72.90000153;3174.00000000;67.27999878
SE;SUDESTE;2003-04-30;28221.00000000;76.58999634;27823.00000000;75.51000214
N;NORTE;2003-05-01;10437.00000000;120.91999817;4046.00000000;46.86999893
NE;NORDESTE;2003-05-01;4693.00000000;66.95999908;4693.00000000;66.95999908
S;SUL;2003-05-01;5319.00000000;87.84999847;4938.00000000;81.55999756
SE;SUDESTE;2003-05-01;27383.00000000;101.87999725;26999.00000000;100.44999695
N;NORTE;2003-05-02;10118.00000000;117.22000122;3810.00000000;44.13999939
NE;NORDESTE;2003-05-02;4639.00000000;66.19000244;4639.00000000;66.19000244
S;SUL;2003-05-02;6739.00000000;111.30000305;6565.00000000;108.43000031
SE;SUDESTE;2003-05-02;26732.00000000;99.45999908;26462.00000000;98.44999695
N;NORTE;2003-05-03;9847.00000000;114.08000183;3543.00000000;41.04999924
NE;NORDESTE;2003-05-03;4591.00000000;65.51000214;4591.00000000;65.51000214
S;SUL;2003-05-03;5947.00000000;98.22000122;5866.00000000;96.88999939
SE;SUDESTE;2003-05-03;26177.00000000;97.38999939;25817.00000000;96.05000305
N;NORTE;2003-05-04;9617.00000000;111.41999817;3324.00000000;38.50999832
NE;NORDESTE;2003-05-04;4526.00000000;64.58000183;4526.00000000;64.58000183
S;SUL;2003-05-04;4387.00000000;72.45999908;4346.00000000;71.77999878
SE;SUDESTE;2003-05-04;26158.00000000;97.31999969;25249.00000000;93.94000244
N;NORTE;2003-05-05;9606.00000000;111.29000092;3660.00000000;42.40000153
NE;NORDESTE;2003-05-05;4480.00000000;63.91999817;4480.00000000;63.91999817
S;SUL;2003-05-05;3621.00000000;59.81000137;3616.00000000;59.72000122
SE;SUDESTE;2003-05-05;25922.00000000;96.44000244;25660.00000000;95.47000122
N;NORTE;2003-05-06;9151.00000000;106.01999664;3930.00000000;45.52999878
NE;NORDESTE;2003-05-06;4417.00000000;63.02000046;4417.00000000;63.02000046
S;SUL;2003-05-06;3258.00000000;53.81000137;3208.00000000;52.97999954
SE;SUDESTE;2003-05-06;26133.00000000;97.23000336;25940.00000000;96.51000214
N;NORTE;2003-05-07;9049.00000000;104.83999634;4270.00000000;49.47000122
NE;NORDESTE;2003-05-07;4334.00000000;61.84000015;4334.00000000;61.84000015
S;SUL;2003-05-07;3009.00000000;49.70000076;2977.00000000;49.16999817
SE;SUDESTE;2003-05-07;26388.00000000;98.18000031;26223.00000000;97.55999756
N;NORTE;2003-05-08;9032.00000000;104.63999939;4334.00000000;50.20999908
NE;NORDESTE;2003-05-08;4314.00000000;61.54999924;4314.00000000;61.54999924
S;SUL;2003-05-08;2733.00000000;45.13999939;2720.00000000;44.91999817
SE;SUDESTE;2003-05-08;26833.00000000;99.83000183;26536.00000000;98.73000336
N;NORTE;2003-05-09;8943.00000000;103.61000061;4273.00000000;49.50000000
NE;NORDESTE;2003-05-09;4263.00000000;60.83000183;4263.00000000;60.83000183
S;SUL;2003-05-09;2546.00000000;42.04999924;2529.00000000;41.77000046
SE;SUDESTE;2003-05-09;26926.00000000;100.18000031;26779.00000000;99.62999725
N;NORTE;2003-05-10;8689.00000000;100.66000366;4017.00000000;46.54000092
NE;NORDESTE;2003-05-10;4210.00000000;60.06999969;4210.00000000;60.06999969
S;SUL;2003-05-10;2352.00000000;38.84999847;2330.00000000;38.47999954
SE;SUDESTE;2003-05-10;26664.00000000;99.20999908;26457.00000000;98.43000031
N;NORTE;2003-05-11;8732.00000000;101.16000366;4242.00000000;49.13999939
NE;NORDESTE;2003-05-11;4181.00000000;59.65999985;4181.00000000;59.65999985
S;SUL;2003-05-11;2228.00000000;36.79999924;2219.00000000;36.65000153
SE;SUDESTE;2003-05-11;26091.00000000;97.06999969;25879.00000000;96.27999878
N;NORTE;2003-05-12;8753.00000000;101.41000366;4352.00000000;50.41999817
NE;NORDESTE;2003-05-12;4154.00000000;59.27000046;4154.00000000;59.27000046
S;SUL;2003-05-12;2129.00000000;35.15999985;2070.00000000;34.18999863
SE;SUDESTE;2003-05-12;25601.00000000;95.08000183;25273.00000000;93.86000061
N;NORTE;2003-05-13;8534.00000000;98.87000275;4304.00000000;49.86000061
NE;NORDESTE;2003-05-13;4095.00000000;58.43000031;4095.00000000;58.43000031
S;SUL;2003-05-13;2073.00000000;34.24000168;2016.00000000;33.29999924
SE;SUDESTE;2003-05-13;25138.00000000;93.36000061;24787.00000000;92.05999756
N;NORTE;2003-05-14;8356.00000000;96.80999756;4006.00000000;46.40999985
NE;NORDESTE;2003-05-14;4063.00000000;57.97000122;4063.00000000;57.97000122
S;SUL;2003-05-14;2039.00000000;33.68000031;1987.00000000;32.81999969
SE;SUDESTE;2003-05-14;24684.00000000;91.68000031;24481.00000000;90.91999817
N;NORTE;2003-05-15;8295.00000000;96.09999847;4067.00000000;47.11999893
NE;NORDESTE;2003-05-15;4014.00000000;57.27000046;4014.00000000;57.27000046
S;SUL;2003-05-15;2030.00000000;33.52999878;1976.00000000;32.63999939
SE;SUDESTE;2003-05-15;24214.00000000;89.93000031;24047.00000000;89.30999756
N;NORTE;2003-05-16;8068.00000000;93.47000122;4326.00000000;50.11999893
NE;NORDESTE;2003-05-16;3991.00000000;56.95000076;3991.00000000;56.95000076
S;SUL;2003-05-16;2005.00000000;33.11999893;1950.00000000;32.20999908
SE;SUDESTE;2003-05-16;23565.00000000;87.51999664;23394.00000000;86.87999725
N;NORTE;2003-05-17;7700.00000000;89.20999908;4146.00000000;48.02999878
NE;NORDESTE;2003-05-17;3940.00000000;56.22000122;3940.00000000;56.22000122
S;SUL;2003-05-17;1895.00000000;31.29999924;1847.00000000;30.51000023
SE;SUDESTE;2003-05-17;23332.00000000;86.65000153;23170.00000000;86.05000305
N;NORTE;2003-05-18;7339.00000000;85.01999664;3785.00000000;43.84999847
NE;NORDESTE;2003-05-18;3941.00000000;56.22999954;3941.00000000;56.22999954
S;SUL;2003-05-18;1863.00000000;30.77000046;1825.00000000;30.13999939
SE;SUDESTE;2003-05-18;23012.00000000;85.47000122;22842.00000000;84.83000183
N;NORTE;2003-05-19;7130.00000000;82.59999847;3766.00000000;43.63000107
NE;NORDESTE;2003-05-19;3947.00000000;56.31999969;3947.00000000;56.31999969
S;SUL;2003-05-19;1885.00000000;31.12999916;1848.00000000;30.52000046
SE;SUDESTE;2003-05-19;22769.00000000;84.55999756;22609.00000000;83.97000122
N;NORTE;2003-05-20;6835.00000000;79.19000244;3768.00000000;43.65000153
NE;NORDESTE;2003-05-20;3951.00000000;56.36999893;3951.00000000;56.36999893
S;SUL;2003-05-20;1895.00000000;31.29999924;1857.00000000;30.67000008
SE;SUDESTE;2003-05-20;22599.00000000;83.93000031;22430.00000000;83.30000305
N;NORTE;2003-05-21;6474.00000000;75.00000000;3861.00000000;44.72999954
NE;NORDESTE;2003-05-21;4066.00000000;58.02000046;4066.00000000;58.02000046
S;SUL;2003-05-21;1877.00000000;31.00000000;1838.00000000;30.36000061
SE;SUDESTE;2003-05-21;22687.00000000;84.26000214;22528.00000000;83.66999817
N;NORTE;2003-05-22;6196.00000000;71.77999878;4175.00000000;48.36999893
NE;NORDESTE;2003-05-22;4038.00000000;57.61999893;4038.00000000;57.61999893
S;SUL;2003-05-22;2022.00000000;33.40000153;1989.00000000;32.84999847
SE;SUDESTE;2003-05-22;22375.00000000;83.09999847;22219.00000000;82.51999664
N;NORTE;2003-05-23;6027.00000000;69.81999969;4596.00000000;53.25000000
NE;NORDESTE;2003-05-23;4101.00000000;58.50999832;4101.00000000;58.50999832
S;SUL;2003-05-23;2379.00000000;39.29000092;2379.00000000;39.29000092
SE;SUDESTE;2003-05-23;22157.00000000;82.29000092;22011.00000000;81.75000000
N;NORTE;2003-05-24;5623.00000000;65.13999939;4384.00000000;50.79000092
NE;NORDESTE;2003-05-24;3998.00000000;57.04000092;3998.00000000;57.04000092
S;SUL;2003-05-24;2698.00000000;44.56000137;2698.00000000;44.56000137
SE;SUDESTE;2003-05-24;22304.00000000;82.83999634;22157.00000000;82.29000092
N;NORTE;2003-05-25;5382.00000000;62.34999847;4059.00000000;47.02000046
NE;NORDESTE;2003-05-25;3821.00000000;54.52000046;3821.00000000;54.52000046
S;SUL;2003-05-25;2745.00000000;45.34000015;2701.00000000;44.61000061
SE;SUDESTE;2003-05-25;22496.00000000;83.55000305;22109.00000000;82.11000061
N;NORTE;2003-05-26;5249.00000000;60.81000137;3884.00000000;45.00000000
NE;NORDESTE;2003-05-26;3692.00000000;52.68000031;3692.00000000;52.68000031
S;SUL;2003-05-26;2593.00000000;42.83000183;2593.00000000;42.83000183
SE;SUDESTE;2003-05-26;22679.00000000;84.23000336;22511.00000000;83.61000061
N;NORTE;2003-05-27;5131.00000000;59.43999863;3585.00000000;41.52999878
NE;NORDESTE;2003-05-27;3622.00000000;51.68000031;3622.00000000;51.68000031
S;SUL;2003-05-27;2410.00000000;39.79999924;2410.00000000;39.79999924
SE;SUDESTE;2003-05-27;22843.00000000;84.83999634;22605.00000000;83.94999695
N;NORTE;2003-05-28;4997.00000000;57.88999939;3265.00000000;37.83000183
NE;NORDESTE;2003-05-28;3452.00000000;49.25000000;3452.00000000;49.25000000
S;SUL;2003-05-28;2274.00000000;37.56000137;2274.00000000;37.56000137
SE;SUDESTE;2003-05-28;22729.00000000;84.41000366;22500.00000000;83.55999756
N;NORTE;2003-05-29;5082.00000000;58.88000107;3799.00000000;44.00999832
NE;NORDESTE;2003-05-29;3414.00000000;48.70999908;3414.00000000;48.70999908
S;SUL;2003-05-29;2121.00000000;35.02999878;2121.00000000;35.02999878
SE;SUDESTE;2003-05-29;22795.00000000;84.66000366;22573.00000000;83.83999634
N;NORTE;2003-05-30;4862.00000000;56.33000183;4107.00000000;47.58000183
NE;NORDESTE;2003-05-30;3379.00000000;48.20999908;3379.00000000;48.20999908
S;SUL;2003-05-30;2043.00000000;33.74000168;2043.00000000;33.74000168
SE;SUDESTE;2003-05-30;22600.00000000;83.94000244;22421.00000000;83.26999664
N;NORTE;2003-05-31;4791.00000000;55.50999832;4210.00000000;48.77000046
NE;NORDESTE;2003-05-31;3345.00000000;47.72999954;3345.00000000;47.72999954
S;SUL;2003-05-31;1947.00000000;32.15999985;1947.00000000;32.15999985
SE;SUDESTE;2003-05-31;22229.00000000;82.55999756;22075.00000000;81.98999786
N;NORTE;2003-06-01;4725.00000000;116.65000153;3967.00000000;97.94000244
NE;NORDESTE;2003-06-01;3300.00000000;71.75000000;3300.00000000;71.75000000
S;SUL;2003-06-01;1932.00000000;26.26000023;1932.00000000;26.26000023
SE;SUDESTE;2003-06-01;22390.00000000;95.76999664;22231.00000000;95.08999634
N;NORTE;2003-06-02;4627.00000000;114.23000336;3616.00000000;89.26999664
NE;NORDESTE;2003-06-02;3259.00000000;70.86000061;3259.00000000;70.86000061
S;SUL;2003-06-02;2127.00000000;28.92000008;2127.00000000;28.92000008
SE;SUDESTE;2003-06-02;22300.00000000;95.37999725;22130.00000000;94.66000366
N;NORTE;2003-06-03;4332.00000000;106.94999695;3509.00000000;86.62999725
NE;NORDESTE;2003-06-03;3181.00000000;69.16999817;3181.00000000;69.16999817
S;SUL;2003-06-03;2829.00000000;38.45999908;2829.00000000;38.45999908
SE;SUDESTE;2003-06-03;22626.00000000;96.77999878;22468.00000000;96.09999847
N;NORTE;2003-06-04;4238.00000000;104.62999725;3831.00000000;94.58000183
NE;NORDESTE;2003-06-04;3116.00000000;67.75000000;3116.00000000;67.75000000
S;SUL;2003-06-04;3880.00000000;52.75000000;3880.00000000;52.75000000
SE;SUDESTE;2003-06-04;23010.00000000;98.13999939;22865.00000000;97.51999664
N;NORTE;2003-06-05;4044.00000000;99.83999634;3998.00000000;98.69999695
NE;NORDESTE;2003-06-05;3073.00000000;66.81999969;3073.00000000;66.81999969
S;SUL;2003-06-05;6158.00000000;83.70999908;6158.00000000;83.70999908
SE;SUDESTE;2003-06-05;23199.00000000;98.94000244;23058.00000000;98.33999634
N;NORTE;2003-06-06;3850.00000000;95.05000305;3850.00000000;95.05000305
NE;NORDESTE;2003-06-06;3032.00000000;65.93000031;3032.00000000;65.93000031
S;SUL;2003-06-06;8177.00000000;111.16000366;8177.00000000;111.16000366
SE;SUDESTE;2003-06-06;23356.00000000;99.61000061;23217.00000000;99.01999664
N;NORTE;2003-06-07;3657.00000000;90.27999878;3657.00000000;90.27999878
NE;NORDESTE;2003-06-07;2995.00000000;65.12000275;2995.00000000;65.12000275
S;SUL;2003-06-07;9255.00000000;125.81999969;9255.00000000;125.81999969
SE;SUDESTE;2003-06-07;23680.00000000;100.98999786;23547.00000000;100.43000031
N;NORTE;2003-06-08;3554.00000000;87.73999786;3554.00000000;87.73999786
NE;NORDESTE;2003-06-08;2981.00000000;64.81999969;2981.00000000;64.81999969
S;SUL;2003-06-08;9672.00000000;131.49000549;9672.00000000;131.49000549
SE;SUDESTE;2003-06-08;23827.00000000;101.62000275;23348.00000000;99.58000183
N;NORTE;2003-06-09;3439.00000000;84.90000153;3439.00000000;84.90000153
NE;NORDESTE;2003-06-09;2952.00000000;64.19000244;2952.00000000;64.19000244
S;SUL;2003-06-09;9295.00000000;126.36000061;9295.00000000;126.36000061
SE;SUDESTE;2003-06-09;23857.00000000;101.75000000;23657.00000000;100.90000153
N;NORTE;2003-06-10;3357.00000000;82.87999725;3357.00000000;82.87999725
NE;NORDESTE;2003-06-10;2950.00000000;64.13999939;2950.00000000;64.13999939
S;SUL;2003-06-10;8763.00000000;119.12999725;8763.00000000;119.12999725
SE;SUDESTE;2003-06-10;23748.00000000;101.27999878;23612.00000000;100.69999695
N;NORTE;2003-06-11;3282.00000000;81.02999878;3282.00000000;81.02999878
NE;NORDESTE;2003-06-11;2940.00000000;63.93000031;2940.00000000;63.93000031
S;SUL;2003-06-11;8333.00000000;113.27999878;8333.00000000;113.27999878
SE;SUDESTE;2003-06-11;23480.00000000;99.83000183;23245.00000000;98.83000183
N;NORTE;2003-06-12;3244.00000000;80.08999634;3244.00000000;80.08999634
NE;NORDESTE;2003-06-12;2978.00000000;63.13999939;2956.00000000;62.66999817
S;SUL;2003-06-12;7851.00000000;106.73000336;7851.00000000;106.73000336
SE;SUDESTE;2003-06-12;23048.00000000;98.00000000;22814.00000000;97.00000000
N;NORTE;2003-06-13;3346.00000000;82.61000061;3346.00000000;82.61000061
NE;NORDESTE;2003-06-13;2936.00000000;62.25000000;2907.00000000;61.63999939
S;SUL;2003-06-13;7268.00000000;98.80000305;7229.00000000;98.26999664
SE;SUDESTE;2003-06-13;22366.00000000;95.09999847;22030.00000000;93.66999817
N;NORTE;2003-06-14;3335.00000000;82.33999634;3335.00000000;82.33999634
NE;NORDESTE;2003-06-14;2927.00000000;62.06000137;2902.00000000;61.52999878
S;SUL;2003-06-14;6663.00000000;90.58000183;6533.00000000;88.80999756
SE;SUDESTE;2003-06-14;21903.00000000;93.12999725;21721.00000000;92.34999847
N;NORTE;2003-06-15;3163.00000000;78.08999634;3163.00000000;78.08999634
NE;NORDESTE;2003-06-15;2912.00000000;61.74000168;2887.00000000;61.20999908
S;SUL;2003-06-15;6073.00000000;82.55999756;6000.00000000;81.56999969
SE;SUDESTE;2003-06-15;21230.00000000;90.26999664;21069.00000000;89.58000183
N;NORTE;2003-06-16;3111.00000000;76.80000305;3111.00000000;76.80000305
NE;NORDESTE;2003-06-16;2903.00000000;61.54999924;2877.00000000;61.00000000
S;SUL;2003-06-16;5663.00000000;76.98999786;5625.00000000;76.47000122
SE;SUDESTE;2003-06-16;20745.00000000;88.19999695;20533.00000000;87.30000305
N;NORTE;2003-06-17;3152.00000000;77.81999969;3152.00000000;77.81999969
NE;NORDESTE;2003-06-17;2874.00000000;60.93999863;2850.00000000;60.43000031
S;SUL;2003-06-17;5655.00000000;76.87999725;5598.00000000;76.09999847
SE;SUDESTE;2003-06-17;20245.00000000;86.08000183;20087.00000000;85.41000366
N;NORTE;2003-06-18;2988.00000000;73.76999664;2988.00000000;73.76999664
NE;NORDESTE;2003-06-18;2861.00000000;60.65999985;2837.00000000;60.15000153
S;SUL;2003-06-18;5884.00000000;79.98999786;5804.00000000;78.90000153
SE;SUDESTE;2003-06-18;20052.00000000;85.26000214;19905.00000000;84.62999725
N;NORTE;2003-06-19;2934.00000000;72.44000244;2934.00000000;72.44000244
NE;NORDESTE;2003-06-19;2859.00000000;60.61999893;2832.00000000;60.04000092
S;SUL;2003-06-19;6202.00000000;84.30999756;6163.00000000;83.77999878
SE;SUDESTE;2003-06-19;19722.00000000;83.84999847;19603.00000000;83.34999847
N;NORTE;2003-06-20;2953.00000000;72.90000153;2953.00000000;72.90000153
NE;NORDESTE;2003-06-20;2828.00000000;59.95999908;2804.00000000;59.45000076
S;SUL;2003-06-20;6011.00000000;81.72000122;5992.00000000;81.45999908
SE;SUDESTE;2003-06-20;19140.00000000;81.37999725;19022.00000000;80.87999725
N;NORTE;2003-06-21;2897.00000000;71.51999664;2897.00000000;71.51999664
NE;NORDESTE;2003-06-21;2822.00000000;59.83000183;2802.00000000;59.40999985
S;SUL;2003-06-21;5383.00000000;73.18000031;5379.00000000;73.12000275
SE;SUDESTE;2003-06-21;18894.00000000;80.33000183;18780.00000000;79.84999847
N;NORTE;2003-06-22;2715.00000000;67.02999878;2715.00000000;67.02999878
NE;NORDESTE;2003-06-22;2813.00000000;59.63999939;2789.00000000;59.13000107
S;SUL;2003-06-22;4791.00000000;65.12999725;4784.00000000;65.04000092
SE;SUDESTE;2003-06-22;18874.00000000;80.25000000;18753.00000000;79.73000336
N;NORTE;2003-06-23;2591.00000000;63.97000122;2591.00000000;63.97000122
NE;NORDESTE;2003-06-23;2806.00000000;59.49000168;2781.00000000;58.95999908
S;SUL;2003-06-23;4328.00000000;58.84000015;4316.00000000;58.66999817
SE;SUDESTE;2003-06-23;18770.00000000;79.80999756;18652.00000000;79.30000305
N;NORTE;2003-06-24;2572.00000000;63.50000000;2572.00000000;63.50000000
NE;NORDESTE;2003-06-24;2776.00000000;58.86000061;2752.00000000;58.34999847
S;SUL;2003-06-24;4025.00000000;54.72000122;4014.00000000;54.56999969
SE;SUDESTE;2003-06-24;18598.00000000;79.06999969;18433.00000000;78.37000275
N;NORTE;2003-06-25;2525.00000000;62.34000015;2525.00000000;62.34000015
NE;NORDESTE;2003-06-25;2768.00000000;58.68999863;2744.00000000;58.18000031
S;SUL;2003-06-25;3737.00000000;50.79999924;3733.00000000;50.75000000
SE;SUDESTE;2003-06-25;18597.00000000;79.06999969;18305.00000000;77.83000183
N;NORTE;2003-06-26;2513.00000000;62.04000092;2513.00000000;62.04000092
NE;NORDESTE;2003-06-26;2759.00000000;58.50000000;2734.00000000;57.97000122
S;SUL;2003-06-26;3502.00000000;47.61000061;3502.00000000;47.61000061
SE;SUDESTE;2003-06-26;18039.00000000;76.69999695;17799.00000000;75.68000031
N;NORTE;2003-06-27;2503.00000000;61.79000092;2503.00000000;61.79000092
NE;NORDESTE;2003-06-27;2751.00000000;58.33000183;2728.00000000;57.84000015
S;SUL;2003-06-27;3281.00000000;44.59999847;3281.00000000;44.59999847
SE;SUDESTE;2003-06-27;17980.00000000;76.44999695;17856.00000000;75.91999817
N;NORTE;2003-06-28;2470.00000000;60.97999954;2470.00000000;60.97999954
NE;NORDESTE;2003-06-28;2731.00000000;57.90000153;2703.00000000;57.31000137
S;SUL;2003-06-28;3162.00000000;42.99000168;3162.00000000;42.99000168
SE;SUDESTE;2003-06-28;17821.00000000;75.76999664;17710.00000000;75.30000305
N;NORTE;2003-06-29;2453.00000000;60.56000137;2453.00000000;60.56000137
NE;NORDESTE;2003-06-29;2687.00000000;56.97000122;2658.00000000;56.36000061
S;SUL;2003-06-29;3051.00000000;41.47999954;3051.00000000;41.47999954
SE;SUDESTE;2003-06-29;17626.00000000;74.94000244;17505.00000000;74.43000031
N;NORTE;2003-06-30;2366.00000000;58.40999985;2366.00000000;58.40999985
NE;NORDESTE;2003-06-30;2658.00000000;56.36000061;2629.00000000;55.74000168
S;SUL;2003-06-30;2944.00000000;40.02000046;2944.00000000;40.02000046
SE;SUDESTE;2003-06-30;17679.00000000;75.16999817;17545.00000000;74.59999847
N;NORTE;2003-07-01;2361.00000000;101.29000092;2361.00000000;101.29000092
NE;NORDESTE;2003-07-01;2653.00000000;68.37000275;2624.00000000;67.62999725
S;SUL;2003-07-01;2914.00000000;37.61999893;2914.00000000;37.61999893
SE;SUDESTE;2003-07-01;17362.00000000;88.33000183;17210.00000000;87.55999756
N;NORTE;2003-07-02;2302.00000000;98.76000214;2302.00000000;98.76000214
NE;NORDESTE;2003-07-02;2662.00000000;68.59999847;2634.00000000;67.87999725
S;SUL;2003-07-02;2849.00000000;36.77999878;2849.00000000;36.77999878
SE;SUDESTE;2003-07-02;17294.00000000;87.98999786;17182.00000000;87.41999817
N;NORTE;2003-07-03;2315.00000000;99.31999969;2315.00000000;99.31999969
NE;NORDESTE;2003-07-03;2685.00000000;69.19999695;2657.00000000;68.48000336
S;SUL;2003-07-03;2716.00000000;35.06000137;2716.00000000;35.06000137
SE;SUDESTE;2003-07-03;17152.00000000;87.26999664;17044.00000000;86.72000122
N;NORTE;2003-07-04;2214.00000000;94.98000336;2214.00000000;94.98000336
NE;NORDESTE;2003-07-04;2714.00000000;69.94000244;2686.00000000;69.22000122
S;SUL;2003-07-04;2603.00000000;33.59999847;2603.00000000;33.59999847
SE;SUDESTE;2003-07-04;17008.00000000;86.52999878;16794.00000000;85.44000244
N;NORTE;2003-07-05;2235.00000000;95.88999939;2235.00000000;95.88999939
NE;NORDESTE;2003-07-05;2738.00000000;70.55999756;2709.00000000;69.81999969
S;SUL;2003-07-05;2630.00000000;33.95000076;2630.00000000;33.95000076
SE;SUDESTE;2003-07-05;16889.00000000;85.93000031;16718.00000000;85.05999756
N;NORTE;2003-07-06;2080.00000000;89.23999786;2080.00000000;89.23999786
NE;NORDESTE;2003-07-06;2758.00000000;71.08000183;2729.00000000;70.33000183
S;SUL;2003-07-06;2772.00000000;35.77999878;2772.00000000;35.77999878
SE;SUDESTE;2003-07-06;17040.00000000;86.69999695;16917.00000000;86.06999969
N;NORTE;2003-07-07;2059.00000000;88.33000183;2059.00000000;88.33000183
NE;NORDESTE;2003-07-07;2805.00000000;72.29000092;2776.00000000;71.54000092
S;SUL;2003-07-07;3212.00000000;41.45999908;3212.00000000;41.45999908
SE;SUDESTE;2003-07-07;17377.00000000;88.41000366;17191.00000000;87.45999908
N;NORTE;2003-07-08;2045.00000000;87.73000336;2045.00000000;87.73000336
NE;NORDESTE;2003-07-08;2851.00000000;73.48000336;2822.00000000;72.73000336
S;SUL;2003-07-08;4166.00000000;53.77999878;4030.00000000;52.02000046
SE;SUDESTE;2003-07-08;17877.00000000;90.94999695;17711.00000000;90.11000061
N;NORTE;2003-07-09;1971.00000000;84.55999756;1971.00000000;84.55999756
NE;NORDESTE;2003-07-09;2888.00000000;74.43000031;2860.00000000;73.70999908
S;SUL;2003-07-09;5331.00000000;68.81999969;4683.00000000;60.45000076
SE;SUDESTE;2003-07-09;18389.00000000;93.55999756;18250.00000000;92.84999847
N;NORTE;2003-07-10;1902.00000000;81.59999847;1902.00000000;81.59999847
NE;NORDESTE;2003-07-10;2913.00000000;75.06999969;2887.00000000;74.40000153
S;SUL;2003-07-10;5987.00000000;77.29000092;5750.00000000;74.23000336
SE;SUDESTE;2003-07-10;19046.00000000;96.90000153;18937.00000000;96.34999847
N;NORTE;2003-07-11;1906.00000000;81.76999664;1906.00000000;81.76999664
NE;NORDESTE;2003-07-11;2940.00000000;75.76999664;2915.00000000;75.12000275
S;SUL;2003-07-11;5959.00000000;76.93000031;5847.00000000;75.48000336
SE;SUDESTE;2003-07-11;19490.00000000;99.16000366;19349.00000000;98.44000244
N;NORTE;2003-07-12;1869.00000000;80.18000031;1869.00000000;80.18000031
NE;NORDESTE;2003-07-12;2874.00000000;74.06999969;2849.00000000;73.41999817
S;SUL;2003-07-12;5222.00000000;67.41000366;5170.00000000;66.73999786
SE;SUDESTE;2003-07-12;19622.00000000;99.83000183;19498.00000000;99.19999695
N;NORTE;2003-07-13;1791.00000000;76.83999634;1791.00000000;76.83999634
NE;NORDESTE;2003-07-13;2778.00000000;71.58999634;2753.00000000;70.94999695
S;SUL;2003-07-13;4680.00000000;60.41999817;4665.00000000;60.22000122
SE;SUDESTE;2003-07-13;19706.00000000;100.26000214;19577.00000000;99.59999847
N;NORTE;2003-07-14;1838.00000000;78.84999847;1838.00000000;78.84999847
NE;NORDESTE;2003-07-14;2735.00000000;70.48999786;2708.00000000;69.79000092
S;SUL;2003-07-14;4790.00000000;61.84000015;4707.00000000;60.75999832
SE;SUDESTE;2003-07-14;19396.00000000;98.68000031;19263.00000000;98.01000214
N;NORTE;2003-07-15;1812.00000000;77.73999786;1812.00000000;77.73999786
NE;NORDESTE;2003-07-15;2668.00000000;68.76000214;2641.00000000;68.05999756
S;SUL;2003-07-15;6035.00000000;77.91000366;5888.00000000;76.01000214
SE;SUDESTE;2003-07-15;19160.00000000;97.48000336;19032.00000000;96.83000183
N;NORTE;2003-07-16;1793.00000000;76.91999817;1793.00000000;76.91999817
NE;NORDESTE;2003-07-16;2602.00000000;67.05999756;2574.00000000;66.33999634
S;SUL;2003-07-16;8153.00000000;105.25000000;7862.00000000;101.48999786
SE;SUDESTE;2003-07-16;19141.00000000;97.38999939;18998.00000000;96.66000366
N;NORTE;2003-07-17;1736.00000000;74.48000336;1736.00000000;74.48000336
NE;NORDESTE;2003-07-17;2554.00000000;65.81999969;2527.00000000;65.12999725
S;SUL;2003-07-17;9290.00000000;119.93000031;8897.00000000;114.84999847
SE;SUDESTE;2003-07-17;19079.00000000;97.06999969;18916.00000000;96.23999786
N;NORTE;2003-07-18;1771.00000000;75.98000336;1771.00000000;75.98000336
NE;NORDESTE;2003-07-18;2528.00000000;65.15000153;2501.00000000;64.45999908
S;SUL;2003-07-18;9075.00000000;117.15000153;8754.00000000;113.01000214
SE;SUDESTE;2003-07-18;18696.00000000;95.12000275;18565.00000000;94.45999908
N;NORTE;2003-07-19;1681.00000000;72.12000275;1681.00000000;72.12000275
NE;NORDESTE;2003-07-19;2513.00000000;64.76000214;2485.00000000;64.04000092
S;SUL;2003-07-19;8152.00000000;105.23999786;7936.00000000;102.44999695
SE;SUDESTE;2003-07-19;18761.00000000;95.44999695;18664.00000000;94.95999908
N;NORTE;2003-07-20;1631.00000000;69.97000122;1631.00000000;69.97000122
NE;NORDESTE;2003-07-20;2505.00000000;64.55999756;2478.00000000;63.86000061
S;SUL;2003-07-20;7393.00000000;95.44000244;7187.00000000;92.77999878
SE;SUDESTE;2003-07-20;18697.00000000;95.12999725;18587.00000000;94.56999969
N;NORTE;2003-07-21;1608.00000000;68.98999786;1608.00000000;68.98999786
NE;NORDESTE;2003-07-21;2478.00000000;63.86000061;2451.00000000;63.16999817
S;SUL;2003-07-21;6993.00000000;90.26999664;6802.00000000;87.80999756
SE;SUDESTE;2003-07-21;18717.00000000;95.23000336;18624.00000000;94.76000214
N;NORTE;2003-07-22;1530.00000000;65.63999939;1530.00000000;65.63999939
NE;NORDESTE;2003-07-22;2473.00000000;63.72999954;2445.00000000;63.00999832
S;SUL;2003-07-22;7025.00000000;90.69000244;6834.00000000;88.22000122
SE;SUDESTE;2003-07-22;18745.00000000;95.37000275;18651.00000000;94.88999939
N;NORTE;2003-07-23;1436.00000000;61.61000061;1436.00000000;61.61000061
NE;NORDESTE;2003-07-23;2465.00000000;63.52999878;2439.00000000;62.86000061
S;SUL;2003-07-23;6723.00000000;86.79000092;6534.00000000;84.34999847
SE;SUDESTE;2003-07-23;18383.00000000;93.52999878;18291.00000000;93.05999756
N;NORTE;2003-07-24;1399.00000000;60.02000046;1399.00000000;60.02000046
NE;NORDESTE;2003-07-24;2465.00000000;63.52999878;2437.00000000;62.81000137
S;SUL;2003-07-24;5826.00000000;75.20999908;5643.00000000;72.84999847
SE;SUDESTE;2003-07-24;17810.00000000;90.61000061;17696.00000000;90.02999878
N;NORTE;2003-07-25;1457.00000000;62.50999832;1457.00000000;62.50999832
NE;NORDESTE;2003-07-25;2442.00000000;62.93000031;2414.00000000;62.20999908
S;SUL;2003-07-25;5167.00000000;66.69999695;4990.00000000;64.41999817
SE;SUDESTE;2003-07-25;17847.00000000;90.80000305;17752.00000000;90.31999969
N;NORTE;2003-07-26;1411.00000000;60.52999878;1411.00000000;60.52999878
NE;NORDESTE;2003-07-26;2440.00000000;62.88000107;2412.00000000;62.15999985
S;SUL;2003-07-26;4733.00000000;61.09999847;4514.00000000;58.27000046
SE;SUDESTE;2003-07-26;16977.00000000;86.37999725;16877.00000000;85.87000275
N;NORTE;2003-07-27;1479.00000000;63.45000076;1479.00000000;63.45000076
NE;NORDESTE;2003-07-27;2443.00000000;62.95999908;2415.00000000;62.24000168
S;SUL;2003-07-27;4380.00000000;56.54000092;4205.00000000;54.27999878
SE;SUDESTE;2003-07-27;16847.00000000;85.70999908;16745.00000000;85.19999695
N;NORTE;2003-07-28;1458.00000000;62.54999924;1458.00000000;62.54999924
NE;NORDESTE;2003-07-28;2437.00000000;62.81000137;2409.00000000;62.08000183
S;SUL;2003-07-28;4087.00000000;52.75999832;3946.00000000;50.93999863
SE;SUDESTE;2003-07-28;16403.00000000;83.45999908;16319.00000000;83.02999878
N;NORTE;2003-07-29;1455.00000000;62.41999817;1455.00000000;62.41999817
NE;NORDESTE;2003-07-29;2433.00000000;62.70000076;2405.00000000;61.97999954
S;SUL;2003-07-29;3831.00000000;49.45999908;3662.00000000;47.27000046
SE;SUDESTE;2003-07-29;16238.00000000;82.62000275;16157.00000000;82.19999695
N;NORTE;2003-07-30;1394.00000000;59.81000137;1394.00000000;59.81000137
NE;NORDESTE;2003-07-30;2428.00000000;62.56999969;2400.00000000;61.84999847
S;SUL;2003-07-30;3626.00000000;46.81000137;3466.00000000;44.74000168
SE;SUDESTE;2003-07-30;16168.00000000;82.26000214;16069.00000000;81.76000214
N;NORTE;2003-07-31;1469.00000000;63.02000046;1469.00000000;63.02000046
NE;NORDESTE;2003-07-31;2414.00000000;62.20999908;2386.00000000;61.49000168
S;SUL;2003-07-31;3429.00000000;44.27000046;3271.00000000;42.22999954
SE;SUDESTE;2003-07-31;16012.00000000;81.47000122;15915.00000000;80.97000122
N;NORTE;2003-08-01;1397.00000000;85.45999908;1397.00000000;85.45999908
NE;NORDESTE;2003-08-01;2405.00000000;71.06999969;2377.00000000;70.25000000
S;SUL;2003-08-01;3050.00000000;44.27999878;2891.00000000;41.97000122
SE;SUDESTE;2003-08-01;15190.00000000;93.00000000;15103.00000000;92.47000122
N;NORTE;2003-08-02;1427.00000000;87.30000305;1427.00000000;87.30000305
NE;NORDESTE;2003-08-02;2391.00000000;70.66000366;2363.00000000;69.83000183
S;SUL;2003-08-02;2884.00000000;41.86999893;2832.00000000;41.11000061
SE;SUDESTE;2003-08-02;15356.00000000;94.01999664;15264.00000000;93.45999908
N;NORTE;2003-08-03;1444.00000000;88.33999634;1444.00000000;88.33999634
NE;NORDESTE;2003-08-03;2422.00000000;71.58000183;2394.00000000;70.75000000
S;SUL;2003-08-03;2739.00000000;39.75999832;2739.00000000;39.75999832
SE;SUDESTE;2003-08-03;15044.00000000;92.11000061;14958.00000000;91.58000183
N;NORTE;2003-08-04;1381.00000000;84.48000336;1381.00000000;84.48000336
NE;NORDESTE;2003-08-04;2387.00000000;70.54000092;2359.00000000;69.70999908
S;SUL;2003-08-04;2718.00000000;39.45999908;2718.00000000;39.45999908
SE;SUDESTE;2003-08-04;14712.00000000;90.08000183;14459.00000000;88.52999878
N;NORTE;2003-08-05;1288.00000000;78.79000092;1288.00000000;78.79000092
NE;NORDESTE;2003-08-05;2384.00000000;70.44999695;2356.00000000;69.62999725
S;SUL;2003-08-05;2781.00000000;40.36999893;2781.00000000;40.36999893
SE;SUDESTE;2003-08-05;14575.00000000;89.23999786;14147.00000000;86.62000275
N;NORTE;2003-08-06;1311.00000000;80.19999695;1311.00000000;80.19999695
NE;NORDESTE;2003-08-06;2392.00000000;70.69000244;2364.00000000;69.86000061
S;SUL;2003-08-06;2849.00000000;41.36000061;2849.00000000;41.36000061
SE;SUDESTE;2003-08-06;14417.00000000;88.26999664;14032.00000000;85.91000366
N;NORTE;2003-08-07;1220.00000000;74.62999725;1220.00000000;74.62999725
NE;NORDESTE;2003-08-07;2392.00000000;70.69000244;2364.00000000;69.86000061
S;SUL;2003-08-07;2810.00000000;40.79000092;2774.00000000;40.27000046
SE;SUDESTE;2003-08-07;14339.00000000;87.79000092;14075.00000000;86.18000031
N;NORTE;2003-08-08;1142.00000000;69.86000061;1142.00000000;69.86000061
NE;NORDESTE;2003-08-08;2383.00000000;70.41999817;2355.00000000;69.59999847
S;SUL;2003-08-08;2733.00000000;39.68000031;2733.00000000;39.68000031
SE;SUDESTE;2003-08-08;13922.00000000;85.23999786;13788.00000000;84.41999817
N;NORTE;2003-08-09;1222.00000000;74.76000214;1222.00000000;74.76000214
NE;NORDESTE;2003-08-09;2371.00000000;70.06999969;2343.00000000;69.23999786
S;SUL;2003-08-09;2590.00000000;37.59999847;2590.00000000;37.59999847
SE;SUDESTE;2003-08-09;14365.00000000;87.94999695;14222.00000000;87.08000183
N;NORTE;2003-08-10;1177.00000000;72.00000000;1177.00000000;72.00000000
NE;NORDESTE;2003-08-10;2356.00000000;69.62999725;2328.00000000;68.80000305
S;SUL;2003-08-10;2435.00000000;35.34999847;2435.00000000;35.34999847
SE;SUDESTE;2003-08-10;14590.00000000;89.33000183;14464.00000000;88.55999756
N;NORTE;2003-08-11;1215.00000000;74.33000183;1215.00000000;74.33000183
NE;NORDESTE;2003-08-11;2345.00000000;69.30000305;2317.00000000;68.47000122
S;SUL;2003-08-11;2322.00000000;33.70999908;2322.00000000;33.70999908
SE;SUDESTE;2003-08-11;14928.00000000;91.40000153;14827.00000000;90.77999878
N;NORTE;2003-08-12;1245.00000000;76.16000366;1245.00000000;76.16000366
NE;NORDESTE;2003-08-12;2300.00000000;67.97000122;2272.00000000;67.13999939
S;SUL;2003-08-12;2239.00000000;32.50000000;2239.00000000;32.50000000
SE;SUDESTE;2003-08-12;15024.00000000;91.98999786;14919.00000000;91.33999634
N;NORTE;2003-08-13;1289.00000000;78.84999847;1289.00000000;78.84999847
NE;NORDESTE;2003-08-13;2280.00000000;67.37999725;2252.00000000;66.55000305
S;SUL;2003-08-13;2229.00000000;32.36000061;2151.00000000;31.22999954
SE;SUDESTE;2003-08-13;15108.00000000;92.50000000;15021.00000000;91.97000122
N;NORTE;2003-08-14;1228.00000000;75.12000275;1228.00000000;75.12000275
NE;NORDESTE;2003-08-14;2267.00000000;67.00000000;2239.00000000;66.16999817
S;SUL;2003-08-14;2279.00000000;33.09000015;2239.00000000;32.50000000
SE;SUDESTE;2003-08-14;14972.00000000;91.66999817;14863.00000000;91.00000000
N;NORTE;2003-08-15;1301.00000000;79.58999634;1301.00000000;79.58999634
NE;NORDESTE;2003-08-15;2235.00000000;66.05000305;2207.00000000;65.22000122
S;SUL;2003-08-15;2339.00000000;33.95999908;2339.00000000;33.95999908
SE;SUDESTE;2003-08-15;14900.00000000;91.23000336;14785.00000000;90.51999664
N;NORTE;2003-08-16;1256.00000000;76.83999634;1256.00000000;76.83999634
NE;NORDESTE;2003-08-16;2225.00000000;65.75000000;2197.00000000;64.93000031
S;SUL;2003-08-16;2404.00000000;34.90000153;2404.00000000;34.90000153
SE;SUDESTE;2003-08-16;14859.00000000;90.98000336;14753.00000000;90.33000183
N;NORTE;2003-08-17;1316.00000000;80.51000214;1316.00000000;80.51000214
NE;NORDESTE;2003-08-17;2215.00000000;65.45999908;2191.00000000;64.75000000
S;SUL;2003-08-17;2408.00000000;34.95999908;2408.00000000;34.95999908
SE;SUDESTE;2003-08-17;14719.00000000;90.12000275;14595.00000000;89.36000061
N;NORTE;2003-08-18;1305.00000000;79.83000183;1305.00000000;79.83000183
NE;NORDESTE;2003-08-18;2199.00000000;64.98999786;2171.00000000;64.16000366
S;SUL;2003-08-18;2307.00000000;33.49000168;2307.00000000;33.49000168
SE;SUDESTE;2003-08-18;14532.00000000;88.97000122;14312.00000000;87.62999725
N;NORTE;2003-08-19;1317.00000000;80.56999969;1317.00000000;80.56999969
NE;NORDESTE;2003-08-19;2146.00000000;63.41999817;2118.00000000;62.59000015
S;SUL;2003-08-19;2174.00000000;31.55999947;2174.00000000;31.55999947
SE;SUDESTE;2003-08-19;14558.00000000;89.12999725;14330.00000000;87.73999786
N;NORTE;2003-08-20;1327.00000000;81.18000031;1327.00000000;81.18000031
NE;NORDESTE;2003-08-20;2110.00000000;62.36000061;2082.00000000;61.52999878
S;SUL;2003-08-20;2060.00000000;29.90999985;2060.00000000;29.90999985
SE;SUDESTE;2003-08-20;14737.00000000;90.23000336;14488.00000000;88.69999695
N;NORTE;2003-08-21;1423.00000000;87.05000305;1423.00000000;87.05000305
NE;NORDESTE;2003-08-21;2093.00000000;61.84999847;2065.00000000;61.02999878
S;SUL;2003-08-21;1948.00000000;28.28000069;1948.00000000;28.28000069
SE;SUDESTE;2003-08-21;14557.00000000;89.12999725;14446.00000000;88.44999695
N;NORTE;2003-08-22;1371.00000000;83.87000275;1371.00000000;83.87000275
NE;NORDESTE;2003-08-22;2070.00000000;61.16999817;2042.00000000;60.34999847
S;SUL;2003-08-22;1906.00000000;27.67000008;1906.00000000;27.67000008
SE;SUDESTE;2003-08-22;14342.00000000;87.80999756;14264.00000000;87.33000183
N;NORTE;2003-08-23;1310.00000000;80.13999939;1310.00000000;80.13999939
NE;NORDESTE;2003-08-23;2065.00000000;61.02999878;2037.00000000;60.20000076
S;SUL;2003-08-23;1921.00000000;27.88999939;1921.00000000;27.88999939
SE;SUDESTE;2003-08-23;13496.00000000;82.62999725;13417.00000000;82.15000153
N;NORTE;2003-08-24;1340.00000000;81.97000122;1340.00000000;81.97000122
NE;NORDESTE;2003-08-24;2069.00000000;61.13999939;2041.00000000;60.31999969
S;SUL;2003-08-24;1990.00000000;28.88999939;1990.00000000;28.88999939
SE;SUDESTE;2003-08-24;13255.00000000;81.15000153;13173.00000000;80.65000153
N;NORTE;2003-08-25;1200.00000000;73.41000366;1200.00000000;73.41000366
NE;NORDESTE;2003-08-25;2045.00000000;60.43000031;2017.00000000;59.61000061
S;SUL;2003-08-25;2077.00000000;30.14999962;2077.00000000;30.14999962
SE;SUDESTE;2003-08-25;13299.00000000;81.41999817;13210.00000000;80.87999725
N;NORTE;2003-08-26;1181.00000000;72.25000000;1181.00000000;72.25000000
NE;NORDESTE;2003-08-26;2055.00000000;60.72999954;2027.00000000;59.90000153
S;SUL;2003-08-26;2129.00000000;30.90999985;2129.00000000;30.90999985
SE;SUDESTE;2003-08-26;13243.00000000;81.08000183;13101.00000000;80.20999908
N;NORTE;2003-08-27;1050.00000000;64.23000336;1050.00000000;64.23000336
NE;NORDESTE;2003-08-27;2047.00000000;60.49000168;2020.00000000;59.70000076
S;SUL;2003-08-27;2120.00000000;30.78000069;2120.00000000;30.78000069
SE;SUDESTE;2003-08-27;12960.00000000;79.34999847;12796.00000000;78.33999634
N;NORTE;2003-08-28;1127.00000000;68.94000244;1127.00000000;68.94000244
NE;NORDESTE;2003-08-28;2036.00000000;60.16999817;2008.00000000;59.34000015
S;SUL;2003-08-28;2027.00000000;29.43000031;2027.00000000;29.43000031
SE;SUDESTE;2003-08-28;13115.00000000;80.30000305;13006.00000000;79.62999725
N;NORTE;2003-08-29;1125.00000000;68.81999969;1125.00000000;68.81999969
NE;NORDESTE;2003-08-29;2022.00000000;59.75000000;1996.00000000;58.99000168
S;SUL;2003-08-29;1910.00000000;27.72999954;1910.00000000;27.72999954
SE;SUDESTE;2003-08-29;13276.00000000;81.27999878;13116.00000000;80.30000305
N;NORTE;2003-08-30;1180.00000000;72.19000244;1180.00000000;72.19000244
NE;NORDESTE;2003-08-30;2044.00000000;60.40999985;2016.00000000;59.58000183
S;SUL;2003-08-30;1826.00000000;26.51000023;1826.00000000;26.51000023
SE;SUDESTE;2003-08-30;13685.00000000;83.79000092;13368.00000000;81.84999847
N;NORTE;2003-08-31;1062.00000000;64.97000122;1062.00000000;64.97000122
NE;NORDESTE;2003-08-31;2064.00000000;61.00000000;2040.00000000;60.29000092
S;SUL;2003-08-31;1712.00000000;24.85000038;1712.00000000;24.85000038
SE;SUDESTE;2003-08-31;13903.00000000;85.12000275;13542.00000000;82.91000366
N;NORTE;2003-09-01;1206.00000000;93.44000244;1206.00000000;93.44000244
NE;NORDESTE;2003-09-01;2063.00000000;68.00000000;2035.00000000;67.08000183
S;SUL;2003-09-01;1666.00000000;20.61000061;1666.00000000;20.61000061
SE;SUDESTE;2003-09-01;13899.00000000;85.25000000;13680.00000000;83.91000366
N;NORTE;2003-09-02;1175.00000000;91.04000092;1175.00000000;91.04000092
NE;NORDESTE;2003-09-02;2060.00000000;67.90000153;2032.00000000;66.98000336
S;SUL;2003-09-02;1621.00000000;20.05999947;1621.00000000;20.05999947
SE;SUDESTE;2003-09-02;14032.00000000;86.05999756;13886.00000000;85.16999817
N;NORTE;2003-09-03;1188.00000000;92.04000092;1188.00000000;92.04000092
NE;NORDESTE;2003-09-03;2050.00000000;67.56999969;2022.00000000;66.65000153
S;SUL;2003-09-03;1617.00000000;20.01000023;1617.00000000;20.01000023
SE;SUDESTE;2003-09-03;14184.00000000;87.00000000;14051.00000000;86.18000031
N;NORTE;2003-09-04;1159.00000000;89.80000305;1159.00000000;89.80000305
NE;NORDESTE;2003-09-04;1993.00000000;65.69000244;1965.00000000;64.76999664
S;SUL;2003-09-04;1607.00000000;19.87999916;1498.00000000;18.53000069
SE;SUDESTE;2003-09-04;13757.00000000;84.37999725;13545.00000000;83.08000183
N;NORTE;2003-09-05;1172.00000000;90.80000305;1172.00000000;90.80000305
NE;NORDESTE;2003-09-05;2030.00000000;66.91000366;2002.00000000;65.98999786
S;SUL;2003-09-05;1628.00000000;20.13999939;1497.00000000;18.52000046
SE;SUDESTE;2003-09-05;13746.00000000;84.30999756;13528.00000000;82.97000122
N;NORTE;2003-09-06;1182.00000000;91.58000183;1182.00000000;91.58000183
NE;NORDESTE;2003-09-06;2041.00000000;67.27999878;2017.00000000;66.48000336
S;SUL;2003-09-06;1602.00000000;19.81999969;1473.00000000;18.22999954
SE;SUDESTE;2003-09-06;13504.00000000;82.83000183;13432.00000000;82.37999725
N;NORTE;2003-09-07;1128.00000000;87.40000153;1128.00000000;87.40000153
NE;NORDESTE;2003-09-07;2080.00000000;68.55999756;2056.00000000;67.76999664
S;SUL;2003-09-07;1611.00000000;19.93000031;1487.00000000;18.39999962
SE;SUDESTE;2003-09-07;13401.00000000;82.19000244;13335.00000000;81.79000092
N;NORTE;2003-09-08;1090.00000000;84.44999695;1090.00000000;84.44999695
NE;NORDESTE;2003-09-08;2086.00000000;68.76000214;2058.00000000;67.83999634
S;SUL;2003-09-08;1700.00000000;21.03000069;1577.00000000;19.51000023
SE;SUDESTE;2003-09-08;13295.00000000;81.54000092;13218.00000000;81.06999969
N;NORTE;2003-09-09;1083.00000000;83.91000366;1083.00000000;83.91000366
NE;NORDESTE;2003-09-09;2129.00000000;70.18000031;2101.00000000;69.25000000
S;SUL;2003-09-09;1826.00000000;22.59000015;1703.00000000;21.06999969
SE;SUDESTE;2003-09-09;13123.00000000;80.48999786;13071.00000000;80.16999817
N;NORTE;2003-09-10;1025.00000000;79.41999817;1025.00000000;79.41999817
NE;NORDESTE;2003-09-10;2145.00000000;70.69999695;2117.00000000;69.77999878
S;SUL;2003-09-10;1855.00000000;22.95000076;1732.00000000;21.43000031
SE;SUDESTE;2003-09-10;13553.00000000;83.12999725;13477.00000000;82.66000366
N;NORTE;2003-09-11;946.00000000;73.29000092;946.00000000;73.29000092
NE;NORDESTE;2003-09-11;2183.00000000;71.95999908;2156.00000000;71.06999969
S;SUL;2003-09-11;2100.00000000;25.97999954;1976.00000000;24.45000076
SE;SUDESTE;2003-09-11;13886.00000000;85.16999817;13777.00000000;84.50000000
N;NORTE;2003-09-12;948.00000000;73.44999695;948.00000000;73.44999695
NE;NORDESTE;2003-09-12;2176.00000000;71.72000122;2148.00000000;70.80000305
S;SUL;2003-09-12;2247.00000000;27.79999924;2118.00000000;26.20999908
SE;SUDESTE;2003-09-12;13662.00000000;83.80000305;13613.00000000;83.48999786
N;NORTE;2003-09-13;902.00000000;69.88999939;902.00000000;69.88999939
NE;NORDESTE;2003-09-13;2194.00000000;72.31999969;2166.00000000;71.40000153
S;SUL;2003-09-13;2163.00000000;26.76000023;2033.00000000;25.14999962
SE;SUDESTE;2003-09-13;14001.00000000;85.87000275;13952.00000000;85.56999969
N;NORTE;2003-09-14;966.00000000;74.83999634;966.00000000;74.83999634
NE;NORDESTE;2003-09-14;2189.00000000;72.15000153;2161.00000000;71.23000336
S;SUL;2003-09-14;2131.00000000;26.37000084;2001.00000000;24.76000023
SE;SUDESTE;2003-09-14;14001.00000000;85.87000275;13965.00000000;85.65000153
N;NORTE;2003-09-15;1021.00000000;79.11000061;1021.00000000;79.11000061
NE;NORDESTE;2003-09-15;2213.00000000;72.94000244;2185.00000000;72.01999664
S;SUL;2003-09-15;2196.00000000;27.17000008;2066.00000000;25.55999947
SE;SUDESTE;2003-09-15;14548.00000000;89.23000336;14501.00000000;88.94000244
N;NORTE;2003-09-16;1004.00000000;77.79000092;1004.00000000;77.79000092
NE;NORDESTE;2003-09-16;2195.00000000;72.34999847;2167.00000000;71.43000031
S;SUL;2003-09-16;2189.00000000;27.07999992;2067.00000000;25.56999969
SE;SUDESTE;2003-09-16;14983.00000000;91.90000153;14896.00000000;91.36000061
N;NORTE;2003-09-17;1037.00000000;80.33999634;1037.00000000;80.33999634
NE;NORDESTE;2003-09-17;2182.00000000;71.91999817;2157.00000000;71.09999847
S;SUL;2003-09-17;2208.00000000;27.31999969;2108.00000000;26.07999992
SE;SUDESTE;2003-09-17;14708.00000000;90.20999908;14586.00000000;89.45999908
N;NORTE;2003-09-18;966.00000000;74.83999634;966.00000000;74.83999634
NE;NORDESTE;2003-09-18;2099.00000000;69.19000244;2071.00000000;68.26000214
S;SUL;2003-09-18;2135.00000000;26.42000008;2042.00000000;25.27000046
SE;SUDESTE;2003-09-18;14508.00000000;88.98000336;14384.00000000;88.22000122
N;NORTE;2003-09-19;962.00000000;74.52999878;962.00000000;74.52999878
NE;NORDESTE;2003-09-19;2072.00000000;68.30000305;2046.00000000;67.44000244
S;SUL;2003-09-19;1979.00000000;24.48999977;1886.00000000;23.34000015
SE;SUDESTE;2003-09-19;14106.00000000;86.51999664;14088.00000000;86.41000366
N;NORTE;2003-09-20;959.00000000;74.30000305;959.00000000;74.30000305
NE;NORDESTE;2003-09-20;2044.00000000;67.37000275;2023.00000000;66.68000031
S;SUL;2003-09-20;1853.00000000;22.93000031;1760.00000000;21.78000069
SE;SUDESTE;2003-09-20;14084.00000000;86.37999725;14065.00000000;86.26999664
N;NORTE;2003-09-21;987.00000000;76.47000122;987.00000000;76.47000122
NE;NORDESTE;2003-09-21;2017.00000000;66.48000336;1996.00000000;65.79000092
S;SUL;2003-09-21;1784.00000000;22.06999969;1690.00000000;20.90999985
SE;SUDESTE;2003-09-21;14126.00000000;86.63999939;14102.00000000;86.48999786
N;NORTE;2003-09-22;903.00000000;69.95999908;903.00000000;69.95999908
NE;NORDESTE;2003-09-22;1968.00000000;64.87000275;1940.00000000;63.95000076
S;SUL;2003-09-22;1680.00000000;20.79000092;1586.00000000;19.62000084
SE;SUDESTE;2003-09-22;13697.00000000;84.01000214;13667.00000000;83.83000183
N;NORTE;2003-09-23;929.00000000;71.98000336;929.00000000;71.98000336
NE;NORDESTE;2003-09-23;1960.00000000;64.61000061;1932.00000000;63.68000031
S;SUL;2003-09-23;1666.00000000;20.61000061;1573.00000000;19.45999908
SE;SUDESTE;2003-09-23;13478.00000000;82.66999817;13399.00000000;82.18000031
N;NORTE;2003-09-24;859.00000000;66.55000305;859.00000000;66.55000305
NE;NORDESTE;2003-09-24;1924.00000000;63.41999817;1896.00000000;62.50000000
S;SUL;2003-09-24;1762.00000000;21.79999924;1668.00000000;20.63999939
SE;SUDESTE;2003-09-24;13407.00000000;82.23000336;13350.00000000;81.87999725
N;NORTE;2003-09-25;836.00000000;64.76999664;836.00000000;64.76999664
NE;NORDESTE;2003-09-25;1881.00000000;62.00000000;1861.00000000;61.34000015
S;SUL;2003-09-25;1970.00000000;24.37000084;1876.00000000;23.20999908
SE;SUDESTE;2003-09-25;13047.00000000;80.01999664;12985.00000000;79.63999939
N;NORTE;2003-09-26;778.00000000;60.27999878;778.00000000;60.27999878
NE;NORDESTE;2003-09-26;1849.00000000;60.95000076;1835.00000000;60.47999954
S;SUL;2003-09-26;2306.00000000;28.53000069;2212.00000000;27.37000084
SE;SUDESTE;2003-09-26;13036.00000000;79.95999908;12984.00000000;79.63999939
N;NORTE;2003-09-27;729.00000000;56.47999954;729.00000000;56.47999954
NE;NORDESTE;2003-09-27;1836.00000000;60.52000046;1815.00000000;59.83000183
S;SUL;2003-09-27;2802.00000000;34.66999817;2708.00000000;33.50999832
SE;SUDESTE;2003-09-27;12919.00000000;79.23999786;12773.00000000;78.33999634
N;NORTE;2003-09-28;723.00000000;56.02000046;723.00000000;56.02000046
NE;NORDESTE;2003-09-28;1795.00000000;59.16999817;1767.00000000;58.24000168
S;SUL;2003-09-28;2836.00000000;35.09000015;2742.00000000;33.93000031
SE;SUDESTE;2003-09-28;13244.00000000;81.23000336;12977.00000000;79.58999634
N;NORTE;2003-09-29;789.00000000;61.13000107;789.00000000;61.13000107
NE;NORDESTE;2003-09-29;1790.00000000;59.00000000;1762.00000000;58.08000183
S;SUL;2003-09-29;2651.00000000;32.79999924;2557.00000000;31.63999939
SE;SUDESTE;2003-09-29;13694.00000000;83.98999786;13593.00000000;83.37000275
N;NORTE;2003-09-30;709.00000000;54.93000031;709.00000000;54.93000031
NE;NORDESTE;2003-09-30;1751.00000000;57.72000122;1723.00000000;56.79000092
S;SUL;2003-09-30;2515.00000000;31.12000084;2421.00000000;29.95000076
SE;SUDESTE;2003-09-30;13608.00000000;83.45999908;13558.00000000;83.16000366
N;NORTE;2003-10-01;814.00000000;56.40000153;814.00000000;56.40000153
NE;NORDESTE;2003-10-01;1737.00000000;52.47000122;1709.00000000;51.61999893
S;SUL;2003-10-01;2557.00000000;27.02000046;2464.00000000;26.04000092
SE;SUDESTE;2003-10-01;12833.00000000;65.94999695;12785.00000000;65.70999908
N;NORTE;2003-10-02;865.00000000;59.93999863;865.00000000;59.93999863
NE;NORDESTE;2003-10-02;1715.00000000;51.81000137;1687.00000000;50.95999908
S;SUL;2003-10-02;2444.00000000;25.82999992;2351.00000000;24.85000038
SE;SUDESTE;2003-10-02;12355.00000000;63.50000000;12301.00000000;63.22000122
N;NORTE;2003-10-03;930.00000000;64.44000244;930.00000000;64.44000244
NE;NORDESTE;2003-10-03;1616.00000000;48.81999969;1588.00000000;47.97000122
S;SUL;2003-10-03;2366.00000000;25.01000023;2269.00000000;23.97999954
SE;SUDESTE;2003-10-03;12191.00000000;62.65999985;12164.00000000;62.52000046
N;NORTE;2003-10-04;890.00000000;61.66999817;890.00000000;61.66999817
NE;NORDESTE;2003-10-04;1596.00000000;48.20999908;1578.00000000;47.66999817
S;SUL;2003-10-04;2346.00000000;24.79000092;2247.00000000;23.75000000
SE;SUDESTE;2003-10-04;11721.00000000;60.24000168;11592.00000000;59.58000183
N;NORTE;2003-10-05;956.00000000;66.23999786;956.00000000;66.23999786
NE;NORDESTE;2003-10-05;1601.00000000;48.36000061;1577.00000000;47.63999939
S;SUL;2003-10-05;2299.00000000;24.29999924;2199.00000000;23.23999977
SE;SUDESTE;2003-10-05;11664.00000000;59.95000076;11175.00000000;57.43000031
N;NORTE;2003-10-06;891.00000000;61.74000168;891.00000000;61.74000168
NE;NORDESTE;2003-10-06;1580.00000000;47.72999954;1552.00000000;46.88000107
S;SUL;2003-10-06;2311.00000000;24.42000008;2212.00000000;23.37999916
SE;SUDESTE;2003-10-06;11941.00000000;61.36999893;11255.00000000;57.84000015
N;NORTE;2003-10-07;915.00000000;63.40000153;915.00000000;63.40000153
NE;NORDESTE;2003-10-07;1556.00000000;47.00000000;1528.00000000;46.15999985
S;SUL;2003-10-07;2506.00000000;26.48999977;2407.00000000;25.44000053
SE;SUDESTE;2003-10-07;12300.00000000;63.22000122;11467.00000000;58.93000031
N;NORTE;2003-10-08;905.00000000;62.70999908;905.00000000;62.70999908
NE;NORDESTE;2003-10-08;1534.00000000;46.34000015;1506.00000000;45.49000168
S;SUL;2003-10-08;2855.00000000;30.17000008;2756.00000000;29.12999916
SE;SUDESTE;2003-10-08;12994.00000000;66.77999878;11940.00000000;61.36999893
N;NORTE;2003-10-09;953.00000000;66.02999878;953.00000000;66.02999878
NE;NORDESTE;2003-10-09;1523.00000000;46.00999832;1495.00000000;45.15999985
S;SUL;2003-10-09;3827.00000000;40.45000076;3703.00000000;39.13999939
SE;SUDESTE;2003-10-09;13960.00000000;71.75000000;12906.00000000;66.33000183
N;NORTE;2003-10-10;979.00000000;67.83999634;979.00000000;67.83999634
NE;NORDESTE;2003-10-10;1494.00000000;45.13000107;1466.00000000;44.27999878
S;SUL;2003-10-10;5086.00000000;53.75000000;4939.00000000;52.20000076
SE;SUDESTE;2003-10-10;14537.00000000;74.70999908;13592.00000000;69.86000061
N;NORTE;2003-10-11;975.00000000;67.55999756;975.00000000;67.55999756
NE;NORDESTE;2003-10-11;1497.00000000;45.22000122;1479.00000000;44.68000031
S;SUL;2003-10-11;5345.00000000;56.49000168;5256.00000000;55.54999924
SE;SUDESTE;2003-10-11;16536.00000000;84.98999786;16467.00000000;84.62999725
N;NORTE;2003-10-12;968.00000000;67.06999969;968.00000000;67.06999969
NE;NORDESTE;2003-10-12;1474.00000000;44.52999878;1446.00000000;43.68000031
S;SUL;2003-10-12;4909.00000000;51.88000107;4858.00000000;51.34000015
SE;SUDESTE;2003-10-12;16977.00000000;87.25000000;16887.00000000;86.79000092
N;NORTE;2003-10-13;1068.00000000;74.00000000;1068.00000000;74.00000000
NE;NORDESTE;2003-10-13;1455.00000000;43.95000076;1427.00000000;43.11000061
S;SUL;2003-10-13;4467.00000000;47.20999908;4420.00000000;46.70999908
SE;SUDESTE;2003-10-13;17389.00000000;89.37000275;17262.00000000;88.72000122
N;NORTE;2003-10-14;996.00000000;69.01000214;996.00000000;69.01000214
NE;NORDESTE;2003-10-14;1430.00000000;43.20000076;1402.00000000;42.34999847
S;SUL;2003-10-14;4073.00000000;43.04999924;4039.00000000;42.68999863
SE;SUDESTE;2003-10-14;17381.00000000;89.33000183;17133.00000000;88.05000305
N;NORTE;2003-10-15;970.00000000;67.20999908;970.00000000;67.20999908
NE;NORDESTE;2003-10-15;1441.00000000;43.52999878;1413.00000000;42.68000031
S;SUL;2003-10-15;3812.00000000;40.29000092;3789.00000000;40.04999924
SE;SUDESTE;2003-10-15;16848.00000000;86.58999634;16585.00000000;85.23999786
N;NORTE;2003-10-16;1008.00000000;69.84999847;1008.00000000;69.84999847
NE;NORDESTE;2003-10-16;1441.00000000;43.52999878;1413.00000000;42.68000031
S;SUL;2003-10-16;3594.00000000;37.97999954;3557.00000000;37.59000015
SE;SUDESTE;2003-10-16;16278.00000000;83.66000366;16087.00000000;82.68000031
N;NORTE;2003-10-17;1033.00000000;71.58000183;1033.00000000;71.58000183
NE;NORDESTE;2003-10-17;1429.00000000;43.16999817;1401.00000000;42.31999969
S;SUL;2003-10-17;3292.00000000;34.79000092;3245.00000000;34.29999924
SE;SUDESTE;2003-10-17;15602.00000000;80.19000244;15454.00000000;79.43000031
N;NORTE;2003-10-18;910.00000000;63.04999924;910.00000000;63.04999924
NE;NORDESTE;2003-10-18;1413.00000000;42.68000031;1385.00000000;41.84000015
S;SUL;2003-10-18;2978.00000000;31.46999931;2943.00000000;31.10000038
SE;SUDESTE;2003-10-18;14698.00000000;75.54000092;14531.00000000;74.68000031
N;NORTE;2003-10-19;933.00000000;64.65000153;933.00000000;64.65000153
NE;NORDESTE;2003-10-19;1406.00000000;42.47000122;1378.00000000;41.63000107
S;SUL;2003-10-19;2789.00000000;29.47999954;2770.00000000;29.28000069
SE;SUDESTE;2003-10-19;14140.00000000;72.66999817;13956.00000000;71.73000336
N;NORTE;2003-10-20;982.00000000;68.04000092;982.00000000;68.04000092
NE;NORDESTE;2003-10-20;1388.00000000;41.93000031;1367.00000000;41.29000092
S;SUL;2003-10-20;2733.00000000;28.87999916;2729.00000000;28.84000015
SE;SUDESTE;2003-10-20;13780.00000000;70.81999969;13626.00000000;70.02999878
N;NORTE;2003-10-21;1001.00000000;69.36000061;1001.00000000;69.36000061
NE;NORDESTE;2003-10-21;1408.00000000;42.52999878;1380.00000000;41.68999863
S;SUL;2003-10-21;2778.00000000;29.36000061;2775.00000000;29.32999992
SE;SUDESTE;2003-10-21;13383.00000000;68.77999878;13211.00000000;67.90000153
N;NORTE;2003-10-22;1030.00000000;71.37000275;1030.00000000;71.37000275
NE;NORDESTE;2003-10-22;1418.00000000;42.83000183;1390.00000000;41.99000168
S;SUL;2003-10-22;2874.00000000;30.37999916;2845.00000000;30.06999969
SE;SUDESTE;2003-10-22;13386.00000000;68.80000305;13178.00000000;67.73000336
N;NORTE;2003-10-23;1108.00000000;76.76999664;1108.00000000;76.76999664
NE;NORDESTE;2003-10-23;1440.00000000;43.50000000;1412.00000000;42.65000153
S;SUL;2003-10-23;2789.00000000;29.47999954;2741.00000000;28.96999931
SE;SUDESTE;2003-10-23;13337.00000000;68.55000305;12949.00000000;66.55000305
N;NORTE;2003-10-24;1110.00000000;76.91000366;1110.00000000;76.91000366
NE;NORDESTE;2003-10-24;1463.00000000;44.18999863;1429.00000000;43.16999817
S;SUL;2003-10-24;2674.00000000;28.26000023;2620.00000000;27.69000053
SE;SUDESTE;2003-10-24;13562.00000000;69.69999695;13087.00000000;67.26000214
N;NORTE;2003-10-25;1055.00000000;73.09999847;1055.00000000;73.09999847
NE;NORDESTE;2003-10-25;1486.00000000;44.88999939;1458.00000000;44.04000092
S;SUL;2003-10-25;3485.00000000;36.83000183;3351.00000000;35.41999817
SE;SUDESTE;2003-10-25;13649.00000000;70.15000153;13170.00000000;67.69000244
N;NORTE;2003-10-26;1026.00000000;71.08999634;1026.00000000;71.08999634
NE;NORDESTE;2003-10-26;1527.00000000;46.13000107;1501.00000000;45.34000015
S;SUL;2003-10-26;6852.00000000;72.41999817;6272.00000000;66.29000092
SE;SUDESTE;2003-10-26;14338.00000000;73.69000244;13835.00000000;71.09999847
N;NORTE;2003-10-27;1107.00000000;76.69999695;1107.00000000;76.69999695
NE;NORDESTE;2003-10-27;1567.00000000;47.34000015;1542.00000000;46.58000183
S;SUL;2003-10-27;8828.00000000;93.30000305;8580.00000000;90.68000031
SE;SUDESTE;2003-10-27;14995.00000000;77.06999969;14672.00000000;75.41000366
N;NORTE;2003-10-28;1047.00000000;72.55000305;1047.00000000;72.55000305
NE;NORDESTE;2003-10-28;1573.00000000;47.52000046;1545.00000000;46.66999817
S;SUL;2003-10-28;8165.00000000;86.30000305;8016.00000000;84.72000122
SE;SUDESTE;2003-10-28;15727.00000000;80.83000183;15372.00000000;79.00000000
N;NORTE;2003-10-29;1082.00000000;74.97000122;1082.00000000;74.97000122
NE;NORDESTE;2003-10-29;1583.00000000;47.81999969;1555.00000000;46.97000122
S;SUL;2003-10-29;6146.00000000;64.95999908;6036.00000000;63.79000092
SE;SUDESTE;2003-10-29;16061.00000000;82.55000305;15685.00000000;80.61000061
N;NORTE;2003-10-30;1215.00000000;84.19000244;1215.00000000;84.19000244
NE;NORDESTE;2003-10-30;1648.00000000;49.77999878;1620.00000000;48.93999863
S;SUL;2003-10-30;5065.00000000;53.52999878;4981.00000000;52.63999939
SE;SUDESTE;2003-10-30;16496.00000000;84.77999878;16103.00000000;82.76000214
N;NORTE;2003-10-31;1227.00000000;85.01999664;1227.00000000;85.01999664
NE;NORDESTE;2003-10-31;1648.00000000;49.77999878;1620.00000000;48.93999863
S;SUL;2003-10-31;4449.00000000;47.02000046;4370.00000000;46.18999863
SE;SUDESTE;2003-10-31;16404.00000000;84.30999756;16056.00000000;82.51999664
N;NORTE;2003-11-01;1265.00000000;53.16999817;1265.00000000;53.16999817
NE;NORDESTE;2003-11-01;1728.00000000;32.13999939;1700.00000000;31.62000084
S;SUL;2003-11-01;3928.00000000;57.99000168;3849.00000000;56.83000183
SE;SUDESTE;2003-11-01;16943.00000000;69.30999756;16675.00000000;68.22000122
N;NORTE;2003-11-02;1527.00000000;64.19000244;1527.00000000;64.19000244
NE;NORDESTE;2003-11-02;1729.00000000;32.15999985;1701.00000000;31.63999939
S;SUL;2003-11-02;3706.00000000;54.72000122;3654.00000000;53.95000076
SE;SUDESTE;2003-11-02;16893.00000000;69.11000061;16686.00000000;68.26000214
N;NORTE;2003-11-03;1662.00000000;69.86000061;1662.00000000;69.86000061
NE;NORDESTE;2003-11-03;1698.00000000;31.57999992;1670.00000000;31.05999947
S;SUL;2003-11-03;3655.00000000;53.95999908;3612.00000000;53.33000183
SE;SUDESTE;2003-11-03;17243.00000000;70.54000092;16861.00000000;68.98000336
N;NORTE;2003-11-04;1685.00000000;70.83000183;1685.00000000;70.83000183
NE;NORDESTE;2003-11-04;1723.00000000;32.04999924;1695.00000000;31.53000069
S;SUL;2003-11-04;3387.00000000;50.00999832;3336.00000000;49.25000000
SE;SUDESTE;2003-11-04;17191.00000000;70.33000183;16805.00000000;68.75000000
N;NORTE;2003-11-05;1733.00000000;72.84999847;1733.00000000;72.84999847
NE;NORDESTE;2003-11-05;1772.00000000;32.95999908;1744.00000000;32.43999863
S;SUL;2003-11-05;3057.00000000;45.13000107;3016.00000000;44.52999878
SE;SUDESTE;2003-11-05;17283.00000000;70.70999908;17019.00000000;69.62999725
N;NORTE;2003-11-06;1769.00000000;74.36000061;1769.00000000;74.36000061
NE;NORDESTE;2003-11-06;1851.00000000;34.43000031;1823.00000000;33.90999985
S;SUL;2003-11-06;2795.00000000;41.27000046;2790.00000000;41.18999863
SE;SUDESTE;2003-11-06;16949.00000000;69.33999634;16806.00000000;68.75000000
N;NORTE;2003-11-07;1637.00000000;68.80999756;1637.00000000;68.80999756
NE;NORDESTE;2003-11-07;1912.00000000;35.56000137;1884.00000000;35.04000092
S;SUL;2003-11-07;2649.00000000;39.11000061;2649.00000000;39.11000061
SE;SUDESTE;2003-11-07;17370.00000000;71.05999756;17225.00000000;70.47000122
N;NORTE;2003-11-08;1604.00000000;67.41999817;1604.00000000;67.41999817
NE;NORDESTE;2003-11-08;1996.00000000;37.11999893;1968.00000000;36.59999847
S;SUL;2003-11-08;2531.00000000;37.36999893;2531.00000000;37.36999893
SE;SUDESTE;2003-11-08;17413.00000000;71.23999786;17256.00000000;70.59999847
N;NORTE;2003-11-09;1671.00000000;70.23999786;1671.00000000;70.23999786
NE;NORDESTE;2003-11-09;2076.00000000;38.61000061;2047.00000000;38.06999969
S;SUL;2003-11-09;2405.00000000;35.50999832;2405.00000000;35.50999832
SE;SUDESTE;2003-11-09;16968.00000000;69.41999817;16793.00000000;68.69999695
N;NORTE;2003-11-10;1777.00000000;74.69999695;1777.00000000;74.69999695
NE;NORDESTE;2003-11-10;2124.00000000;39.50000000;2124.00000000;39.50000000
S;SUL;2003-11-10;2294.00000000;33.86999893;2294.00000000;33.86999893
SE;SUDESTE;2003-11-10;16526.00000000;67.61000061;16361.00000000;66.93000031
N;NORTE;2003-11-11;1858.00000000;78.09999847;1858.00000000;78.09999847
NE;NORDESTE;2003-11-11;2193.00000000;40.79000092;2193.00000000;40.79000092
S;SUL;2003-11-11;2295.00000000;33.88000107;2295.00000000;33.88000107
SE;SUDESTE;2003-11-11;16163.00000000;66.12000275;16022.00000000;65.55000305
N;NORTE;2003-11-12;1921.00000000;80.75000000;1921.00000000;80.75000000
NE;NORDESTE;2003-11-12;2238.00000000;41.61999893;2238.00000000;41.61999893
S;SUL;2003-11-12;2480.00000000;36.61000061;2480.00000000;36.61000061
SE;SUDESTE;2003-11-12;15709.00000000;64.26999664;15560.00000000;63.65999985
N;NORTE;2003-11-13;2049.00000000;86.12999725;2049.00000000;86.12999725
NE;NORDESTE;2003-11-13;2304.00000000;42.84999847;2304.00000000;42.84999847
S;SUL;2003-11-13;3001.00000000;44.31000137;3001.00000000;44.31000137
SE;SUDESTE;2003-11-13;15578.00000000;63.72999954;15436.00000000;63.15000153
N;NORTE;2003-11-14;2044.00000000;85.91999817;2044.00000000;85.91999817
NE;NORDESTE;2003-11-14;2383.00000000;44.31999969;2383.00000000;44.31999969
S;SUL;2003-11-14;3489.00000000;51.50999832;3489.00000000;51.50999832
SE;SUDESTE;2003-11-14;16047.00000000;65.65000153;15885.00000000;64.98999786
N;NORTE;2003-11-15;2029.00000000;85.29000092;2029.00000000;85.29000092
NE;NORDESTE;2003-11-15;2476.00000000;46.04999924;2476.00000000;46.04999924
S;SUL;2003-11-15;3863.00000000;57.02999878;3863.00000000;57.02999878
SE;SUDESTE;2003-11-15;16598.00000000;67.90000153;16329.00000000;66.80000305
N;NORTE;2003-11-16;1985.00000000;83.44000244;1985.00000000;83.44000244
NE;NORDESTE;2003-11-16;2586.00000000;48.09999847;2586.00000000;48.09999847
S;SUL;2003-11-16;5315.00000000;78.47000122;5315.00000000;78.47000122
SE;SUDESTE;2003-11-16;17360.00000000;71.01999664;17052.00000000;69.76000214
N;NORTE;2003-11-17;1955.00000000;82.18000031;1955.00000000;82.18000031
NE;NORDESTE;2003-11-17;2754.00000000;51.22000122;2754.00000000;51.22000122
S;SUL;2003-11-17;8952.00000000;132.16999817;8952.00000000;132.16999817
SE;SUDESTE;2003-11-17;19670.00000000;80.47000122;19355.00000000;79.18000031
N;NORTE;2003-11-18;1961.00000000;82.43000031;1961.00000000;82.43000031
NE;NORDESTE;2003-11-18;2884.00000000;53.63999939;2884.00000000;53.63999939
S;SUL;2003-11-18;11590.00000000;171.11000061;11585.00000000;171.03999329
SE;SUDESTE;2003-11-18;20426.00000000;83.55999756;20100.00000000;82.23000336
N;NORTE;2003-11-19;1966.00000000;82.63999939;1966.00000000;82.63999939
NE;NORDESTE;2003-11-19;3015.00000000;56.08000183;3015.00000000;56.08000183
S;SUL;2003-11-19;12234.00000000;180.61999512;12153.00000000;179.42999268
SE;SUDESTE;2003-11-19;21652.00000000;88.58000183;21304.00000000;87.16000366
N;NORTE;2003-11-20;1966.00000000;82.63999939;1966.00000000;82.63999939
NE;NORDESTE;2003-11-20;3145.00000000;58.49000168;3145.00000000;58.49000168
S;SUL;2003-11-20;10069.00000000;148.66000366;10038.00000000;148.19999695
SE;SUDESTE;2003-11-20;22637.00000000;92.61000061;22034.00000000;90.13999939
N;NORTE;2003-11-21;2050.00000000;86.16999817;2050.00000000;86.16999817
NE;NORDESTE;2003-11-21;3217.00000000;59.83000183;3216.00000000;59.81000137
S;SUL;2003-11-21;8346.00000000;123.22000122;8338.00000000;123.09999847
SE;SUDESTE;2003-11-21;23628.00000000;96.66000366;23192.00000000;94.87999725
N;NORTE;2003-11-22;2083.00000000;87.55999756;2083.00000000;87.55999756
NE;NORDESTE;2003-11-22;3238.00000000;60.22000122;3219.00000000;59.86999893
S;SUL;2003-11-22;6792.00000000;100.27999878;6792.00000000;100.27999878
SE;SUDESTE;2003-11-22;23482.00000000;96.06999969;23076.00000000;94.40000153
N;NORTE;2003-11-23;2099.00000000;88.23000336;2099.00000000;88.23000336
NE;NORDESTE;2003-11-23;3217.00000000;59.83000183;3198.00000000;59.47999954
S;SUL;2003-11-23;6193.00000000;91.43000031;6193.00000000;91.43000031
SE;SUDESTE;2003-11-23;22748.00000000;93.05999756;22400.00000000;91.63999939
N;NORTE;2003-11-24;2207.00000000;92.76999664;2207.00000000;92.76999664
NE;NORDESTE;2003-11-24;3086.00000000;57.40000153;3068.00000000;57.06000137
S;SUL;2003-11-24;6892.00000000;101.75000000;6892.00000000;101.75000000
SE;SUDESTE;2003-11-24;22654.00000000;92.68000031;22308.00000000;91.26000214
N;NORTE;2003-11-25;2296.00000000;96.51000214;2296.00000000;96.51000214
NE;NORDESTE;2003-11-25;2982.00000000;55.45999908;2964.00000000;55.13000107
S;SUL;2003-11-25;7746.00000000;114.36000061;7746.00000000;114.36000061
SE;SUDESTE;2003-11-25;23070.00000000;94.37999725;22774.00000000;93.16999817
N;NORTE;2003-11-26;2305.00000000;96.88999939;2305.00000000;96.88999939
NE;NORDESTE;2003-11-26;2921.00000000;54.33000183;2903.00000000;53.99000168
S;SUL;2003-11-26;7643.00000000;112.83999634;7643.00000000;112.83999634
SE;SUDESTE;2003-11-26;23619.00000000;96.62999725;23372.00000000;95.62000275
N;NORTE;2003-11-27;2384.00000000;100.20999908;2384.00000000;100.20999908
NE;NORDESTE;2003-11-27;2755.00000000;51.24000168;2737.00000000;50.90999985
S;SUL;2003-11-27;6961.00000000;102.76999664;6961.00000000;102.76999664
SE;SUDESTE;2003-11-27;24279.00000000;99.33000183;24055.00000000;98.41000366
N;NORTE;2003-11-28;2307.00000000;96.97000122;2307.00000000;96.97000122
NE;NORDESTE;2003-11-28;2703.00000000;50.27000046;2680.00000000;49.84999847
S;SUL;2003-11-28;6312.00000000;93.19000244;6312.00000000;93.19000244
SE;SUDESTE;2003-11-28;24583.00000000;100.56999969;24317.00000000;99.48000336
N;NORTE;2003-11-29;2316.00000000;97.34999847;2316.00000000;97.34999847
NE;NORDESTE;2003-11-29;2624.00000000;48.79999924;2600.00000000;48.36000061
S;SUL;2003-11-29;5681.00000000;83.87000275;5681.00000000;83.87000275
SE;SUDESTE;2003-11-29;25038.00000000;102.43000031;24718.00000000;101.12000275
N;NORTE;2003-11-30;2333.00000000;98.06999969;2333.00000000;98.06999969
NE;NORDESTE;2003-11-30;2569.00000000;47.77999878;2541.00000000;47.25999832
S;SUL;2003-11-30;4969.00000000;73.36000061;4969.00000000;73.36000061
SE;SUDESTE;2003-11-30;25723.00000000;105.23000336;25223.00000000;103.19000244
N;NORTE;2003-12-01;2350.00000000;50.36000061;2350.00000000;50.36000061
NE;NORDESTE;2003-12-01;2547.00000000;25.71999931;2524.00000000;25.48999977
S;SUL;2003-12-01;4364.00000000;80.08000183;4364.00000000;80.08000183
SE;SUDESTE;2003-12-01;26873.00000000;73.16000366;26362.00000000;71.76999664
N;NORTE;2003-12-02;2355.00000000;50.45999908;2355.00000000;50.45999908
NE;NORDESTE;2003-12-02;2598.00000000;26.23999977;2569.00000000;25.95000076
S;SUL;2003-12-02;3979.00000000;73.01999664;3979.00000000;73.01999664
SE;SUDESTE;2003-12-02;28315.00000000;77.08000183;27901.00000000;75.95999908
N;NORTE;2003-12-03;2433.00000000;52.13000107;2433.00000000;52.13000107
NE;NORDESTE;2003-12-03;2641.00000000;26.67000008;2612.00000000;26.37999916
S;SUL;2003-12-03;3810.00000000;69.91999817;3810.00000000;69.91999817
SE;SUDESTE;2003-12-03;29796.00000000;81.11000061;29382.00000000;79.98999786
N;NORTE;2003-12-04;2429.00000000;52.04999924;2429.00000000;52.04999924
NE;NORDESTE;2003-12-04;2728.00000000;27.54999924;2699.00000000;27.26000023
S;SUL;2003-12-04;4116.00000000;75.52999878;4116.00000000;75.52999878
SE;SUDESTE;2003-12-04;31500.00000000;85.75000000;31184.00000000;84.88999939
N;NORTE;2003-12-05;2481.00000000;53.15999985;2481.00000000;53.15999985
NE;NORDESTE;2003-12-05;2874.00000000;29.03000069;2874.00000000;29.03000069
S;SUL;2003-12-05;4760.00000000;87.34999847;4760.00000000;87.34999847
SE;SUDESTE;2003-12-05;33628.00000000;91.55000305;33255.00000000;90.52999878
N;NORTE;2003-12-06;2528.00000000;54.16999817;2528.00000000;54.16999817
NE;NORDESTE;2003-12-06;3168.00000000;31.98999977;3139.00000000;31.70000076
S;SUL;2003-12-06;4486.00000000;82.31999969;4486.00000000;82.31999969
SE;SUDESTE;2003-12-06;36004.00000000;98.01999664;35615.00000000;96.95999908
N;NORTE;2003-12-07;2599.00000000;55.68999863;2599.00000000;55.68999863
NE;NORDESTE;2003-12-07;3384.00000000;34.18000031;3355.00000000;33.88000107
S;SUL;2003-12-07;4273.00000000;78.41000366;4273.00000000;78.41000366
SE;SUDESTE;2003-12-07;38722.00000000;105.41000366;37998.00000000;103.44000244
N;NORTE;2003-12-08;2690.00000000;57.63999939;2690.00000000;57.63999939
NE;NORDESTE;2003-12-08;3553.00000000;35.88000107;3525.00000000;35.59999847
S;SUL;2003-12-08;4109.00000000;75.40000153;4109.00000000;75.40000153
SE;SUDESTE;2003-12-08;41024.00000000;111.68000031;39673.00000000;108.00000000
N;NORTE;2003-12-09;2792.00000000;59.83000183;2792.00000000;59.83000183
NE;NORDESTE;2003-12-09;3779.00000000;38.16999817;3750.00000000;37.86999893
S;SUL;2003-12-09;4887.00000000;89.68000031;4887.00000000;89.68000031
SE;SUDESTE;2003-12-09;41775.00000000;113.73000336;40754.00000000;110.94999695
N;NORTE;2003-12-10;2889.00000000;61.90999985;2889.00000000;61.90999985
NE;NORDESTE;2003-12-10;3905.00000000;39.43999863;3876.00000000;39.15000153
S;SUL;2003-12-10;5794.00000000;106.31999969;5794.00000000;106.31999969
SE;SUDESTE;2003-12-10;41691.00000000;113.50000000;40929.00000000;111.41999817
N;NORTE;2003-12-11;2882.00000000;61.75999832;2882.00000000;61.75999832
NE;NORDESTE;2003-12-11;4103.00000000;41.43999863;4080.00000000;41.20999908
S;SUL;2003-12-11;6392.00000000;117.30000305;6391.00000000;117.27999878
SE;SUDESTE;2003-12-11;41169.00000000;112.08000183;40590.00000000;110.50000000
N;NORTE;2003-12-12;3038.00000000;65.09999847;3038.00000000;65.09999847
NE;NORDESTE;2003-12-12;4265.00000000;43.06999969;4265.00000000;43.06999969
S;SUL;2003-12-12;9556.00000000;175.36000061;9482.00000000;174.00000000
SE;SUDESTE;2003-12-12;39939.00000000;108.73000336;39445.00000000;107.37999725
N;NORTE;2003-12-13;3073.00000000;65.84999847;3073.00000000;65.84999847
NE;NORDESTE;2003-12-13;4418.00000000;44.61999893;4418.00000000;44.61999893
S;SUL;2003-12-13;12054.00000000;221.19999695;11996.00000000;220.13999939
SE;SUDESTE;2003-12-13;39152.00000000;106.58999634;38437.00000000;104.63999939
N;NORTE;2003-12-14;3128.00000000;67.02999878;3128.00000000;67.02999878
NE;NORDESTE;2003-12-14;4776.00000000;48.22999954;4776.00000000;48.22999954
S;SUL;2003-12-14;14273.00000000;261.92001343;14250.00000000;261.50000000
SE;SUDESTE;2003-12-14;38140.00000000;103.83000183;35987.00000000;97.97000122
N;NORTE;2003-12-15;3053.00000000;65.41999817;3053.00000000;65.41999817
NE;NORDESTE;2003-12-15;5081.00000000;51.31999969;5081.00000000;51.31999969
S;SUL;2003-12-15;17565.00000000;322.32998657;16820.00000000;308.66000366
SE;SUDESTE;2003-12-15;36743.00000000;100.02999878;33861.00000000;92.18000031
N;NORTE;2003-12-16;3061.00000000;65.58999634;3061.00000000;65.58999634
NE;NORDESTE;2003-12-16;5372.00000000;54.25000000;5372.00000000;54.25000000
S;SUL;2003-12-16;22223.00000000;407.80999756;20838.00000000;382.39001465
SE;SUDESTE;2003-12-16;34157.00000000;92.98999786;31988.00000000;87.08000183
N;NORTE;2003-12-17;3036.00000000;65.05000305;3036.00000000;65.05000305
NE;NORDESTE;2003-12-17;5641.00000000;56.97000122;5641.00000000;56.97000122
S;SUL;2003-12-17;22035.00000000;404.35998535;17790.00000000;326.45999146
SE;SUDESTE;2003-12-17;31906.00000000;86.86000061;31656.00000000;86.18000031
N;NORTE;2003-12-18;3149.00000000;67.48000336;3149.00000000;67.48000336
NE;NORDESTE;2003-12-18;5966.00000000;60.25000000;5966.00000000;60.25000000
S;SUL;2003-12-18;18213.00000000;334.22000122;15292.00000000;280.61999512
SE;SUDESTE;2003-12-18;29589.00000000;80.55000305;29453.00000000;80.18000031
N;NORTE;2003-12-19;3068.00000000;65.73999786;3068.00000000;65.73999786
NE;NORDESTE;2003-12-19;6276.00000000;63.38000107;6276.00000000;63.38000107
S;SUL;2003-12-19;13862.00000000;254.38000488;12525.00000000;229.83999634
SE;SUDESTE;2003-12-19;27560.00000000;75.02999878;27448.00000000;74.72000122
N;NORTE;2003-12-20;3165.00000000;67.81999969;3165.00000000;67.81999969
NE;NORDESTE;2003-12-20;6566.00000000;66.30999756;6566.00000000;66.30999756
S;SUL;2003-12-20;13282.00000000;243.72999573;12508.00000000;229.52999878
SE;SUDESTE;2003-12-20;25795.00000000;70.22000122;24776.00000000;67.44999695
N;NORTE;2003-12-21;3267.00000000;70.00000000;3267.00000000;70.00000000
NE;NORDESTE;2003-12-21;6773.00000000;68.40000153;6773.00000000;68.40000153
S;SUL;2003-12-21;17693.00000000;324.67999268;15418.00000000;282.92999268
SE;SUDESTE;2003-12-21;24884.00000000;67.73999786;23302.00000000;63.43999863
N;NORTE;2003-12-22;3239.00000000;69.40000153;3239.00000000;69.40000153
NE;NORDESTE;2003-12-22;6821.00000000;68.88999939;6821.00000000;68.88999939
S;SUL;2003-12-22;21883.00000000;401.57000732;18273.00000000;335.32000732
SE;SUDESTE;2003-12-22;24404.00000000;66.44000244;24244.00000000;66.00000000
N;NORTE;2003-12-23;3075.00000000;65.88999939;3075.00000000;65.88999939
NE;NORDESTE;2003-12-23;6720.00000000;67.87000275;6720.00000000;67.87000275
S;SUL;2003-12-23;23099.00000000;423.88000488;20981.00000000;385.01998901
SE;SUDESTE;2003-12-23;24864.00000000;67.69000244;24623.00000000;67.02999878
N;NORTE;2003-12-24;3063.00000000;65.62999725;3063.00000000;65.62999725
NE;NORDESTE;2003-12-24;6372.00000000;64.34999847;6372.00000000;64.34999847
S;SUL;2003-12-24;19478.00000000;357.44000244;18442.00000000;338.42001343
SE;SUDESTE;2003-12-24;25008.00000000;68.08000183;24491.00000000;66.66999817
N;NORTE;2003-12-25;3028.00000000;64.87999725;3028.00000000;64.87999725
NE;NORDESTE;2003-12-25;5582.00000000;56.36999893;5582.00000000;56.36999893
S;SUL;2003-12-25;15911.00000000;291.98001099;15207.00000000;279.05999756
SE;SUDESTE;2003-12-25;25021.00000000;68.12000275;23410.00000000;63.72999954
N;NORTE;2003-12-26;3166.00000000;67.83999634;3166.00000000;67.83999634
NE;NORDESTE;2003-12-26;5110.00000000;51.61000061;5110.00000000;51.61000061
S;SUL;2003-12-26;13464.00000000;247.07000732;13298.00000000;244.02999878
SE;SUDESTE;2003-12-26;24900.00000000;67.79000092;24504.00000000;66.70999908
N;NORTE;2003-12-27;3176.00000000;68.05000305;3176.00000000;68.05000305
NE;NORDESTE;2003-12-27;4714.00000000;47.61000061;4714.00000000;47.61000061
S;SUL;2003-12-27;12341.00000000;223.74000549;12280.00000000;222.63000488
SE;SUDESTE;2003-12-27;24719.00000000;67.29000092;24151.00000000;65.75000000
N;NORTE;2003-12-28;3308.00000000;70.87999725;3308.00000000;70.87999725
NE;NORDESTE;2003-12-28;4561.00000000;46.06000137;4561.00000000;46.06000137
S;SUL;2003-12-28;11759.00000000;213.19000244;11715.00000000;212.38999939
SE;SUDESTE;2003-12-28;24703.00000000;67.25000000;23794.00000000;64.77999878
N;NORTE;2003-12-29;3492.00000000;74.83000183;3492.00000000;74.83000183
NE;NORDESTE;2003-12-29;4349.00000000;43.91999817;4346.00000000;43.88999939
S;SUL;2003-12-29;11502.00000000;208.52999878;11459.00000000;207.75000000
SE;SUDESTE;2003-12-29;24817.00000000;67.55999756;24147.00000000;65.73999786
N;NORTE;2003-12-30;3649.00000000;78.19000244;3649.00000000;78.19000244
NE;NORDESTE;2003-12-30;4267.00000000;43.09000015;4238.00000000;42.79999924
S;SUL;2003-12-30;12709.00000000;230.41000366;12645.00000000;229.25000000
SE;SUDESTE;2003-12-30;24609.00000000;66.98999786;24217.00000000;65.93000031
N;NORTE;2003-12-31;3544.00000000;75.94000244;3544.00000000;75.94000244
NE;NORDESTE;2003-12-31;4235.00000000;42.77000046;4207.00000000;42.49000168
S;SUL;2003-12-31;15942.00000000;289.02999878;14813.00000000;268.55999756
SE;SUDESTE;2003-12-31;22574.00000000;61.45000076;22234.00000000;60.52999878
