id_subsistema;nom_subsistema;ena_data;ena_bruta_regiao_mwmed;ena_bruta_regiao_percentualmlt;ena_armazenavel_regiao_mwmed;ena_armazenavel_regiao_percentualmlt
N;NORTE;2013-01-01;3659.00000000;38.33000183;3639.00000000;38.11999893
NE;NORDESTE;2013-01-01;4304.00000000;31.15999985;4190.00000000;30.34000015
S;SUL;2013-01-01;9188.00000000;122.54000092;8745.00000000;116.62999725
SE;SUDESTE;2013-01-01;29592.00000000;53.81000137;29338.00000000;53.34999847
N;NORTE;2013-01-02;3641.00000000;38.13999939;3629.00000000;38.00999832
NE;NORDESTE;2013-01-02;4242.00000000;30.70999908;4129.00000000;29.89999962
S;SUL;2013-01-02;9471.00000000;126.31999969;9136.00000000;121.84999847
SE;SUDESTE;2013-01-02;30000.00000000;54.54999924;29842.00000000;54.25999832
N;NORTE;2013-01-03;3631.00000000;38.02999878;3620.00000000;37.91999817
NE;NORDESTE;2013-01-03;4253.00000000;30.79000092;4140.00000000;29.97999954
S;SUL;2013-01-03;9564.00000000;127.55999756;9284.00000000;123.81999969
SE;SUDESTE;2013-01-03;30209.00000000;54.93000031;29962.00000000;54.47999954
N;NORTE;2013-01-04;3628.00000000;38.00000000;3611.00000000;37.81999969
NE;NORDESTE;2013-01-04;4299.00000000;31.12999916;4165.00000000;30.15999985
S;SUL;2013-01-04;8964.00000000;119.55999756;8733.00000000;116.47000122
SE;SUDESTE;2013-01-04;29967.00000000;54.49000168;29743.00000000;54.08000183
N;NORTE;2013-01-05;3647.00000000;38.20000076;3631.00000000;38.02999878
NE;NORDESTE;2013-01-05;4253.00000000;30.79000092;4116.00000000;29.79999924
S;SUL;2013-01-05;8361.00000000;111.51000214;8054.00000000;107.41999817
SE;SUDESTE;2013-01-05;29695.00000000;53.99000168;29511.00000000;53.65999985
N;NORTE;2013-01-06;3691.00000000;38.65999985;3680.00000000;38.54999924
NE;NORDESTE;2013-01-06;4043.00000000;29.27000046;3907.00000000;28.29000092
S;SUL;2013-01-06;9743.00000000;129.94000244;9255.00000000;123.44000244
SE;SUDESTE;2013-01-06;29390.00000000;53.43999863;29252.00000000;53.18999863
N;NORTE;2013-01-07;3888.00000000;40.72000122;3877.00000000;40.61000061
NE;NORDESTE;2013-01-07;3783.00000000;27.38999939;3654.00000000;26.45999908
S;SUL;2013-01-07;12914.00000000;172.24000549;12227.00000000;163.07000732
SE;SUDESTE;2013-01-07;29274.00000000;53.22999954;28963.00000000;52.65999985
N;NORTE;2013-01-08;4202.00000000;44.00999832;4199.00000000;43.97999954
NE;NORDESTE;2013-01-08;3568.00000000;25.82999992;3500.00000000;25.34000015
S;SUL;2013-01-08;18737.00000000;249.89999390;17405.00000000;232.13000488
SE;SUDESTE;2013-01-08;29961.00000000;54.47999954;29589.00000000;53.79999924
N;NORTE;2013-01-09;4479.00000000;46.90999985;4479.00000000;46.90999985
NE;NORDESTE;2013-01-09;3413.00000000;24.70999908;3344.00000000;24.20999908
S;SUL;2013-01-09;22233.00000000;296.52999878;20693.00000000;275.98999023
SE;SUDESTE;2013-01-09;31956.00000000;58.11000061;31632.00000000;57.52000046
N;NORTE;2013-01-10;4765.00000000;49.90999985;4765.00000000;49.90999985
NE;NORDESTE;2013-01-10;3328.00000000;24.10000038;3248.00000000;23.52000046
S;SUL;2013-01-10;21375.00000000;285.07998657;20322.00000000;271.04000854
SE;SUDESTE;2013-01-10;34821.00000000;63.31000137;34486.00000000;62.70999908
N;NORTE;2013-01-11;5005.00000000;52.41999817;5005.00000000;52.41999817
NE;NORDESTE;2013-01-11;3532.00000000;25.56999969;3454.00000000;25.01000023
S;SUL;2013-01-11;17799.00000000;237.38999939;16972.00000000;226.36000061
SE;SUDESTE;2013-01-11;37594.00000000;68.36000061;37051.00000000;67.37000275
N;NORTE;2013-01-12;5075.00000000;53.15999985;5075.00000000;53.15999985
NE;NORDESTE;2013-01-12;3712.00000000;26.87999916;3631.00000000;26.29000092
S;SUL;2013-01-12;13908.00000000;185.49000549;13341.00000000;177.92999268
SE;SUDESTE;2013-01-12;40912.00000000;74.38999939;40071.00000000;72.86000061
N;NORTE;2013-01-13;5102.00000000;53.43999863;5102.00000000;53.43999863
NE;NORDESTE;2013-01-13;3740.00000000;27.07999992;3658.00000000;26.48999977
S;SUL;2013-01-13;11255.00000000;150.11000061;10873.00000000;145.02000427
SE;SUDESTE;2013-01-13;44198.00000000;80.36000061;43107.00000000;78.37999725
N;NORTE;2013-01-14;5194.00000000;54.40000153;5191.00000000;54.36999893
NE;NORDESTE;2013-01-14;3727.00000000;26.98999977;3646.00000000;26.39999962
S;SUL;2013-01-14;9732.00000000;129.80000305;9514.00000000;126.88999939
SE;SUDESTE;2013-01-14;48667.00000000;88.48999786;47184.00000000;85.79000092
N;NORTE;2013-01-15;5350.00000000;56.04000092;5337.00000000;55.90000153
NE;NORDESTE;2013-01-15;3611.00000000;26.14999962;3427.00000000;24.80999947
S;SUL;2013-01-15;8884.00000000;118.48999786;8760.00000000;116.83000183
SE;SUDESTE;2013-01-15;51806.00000000;94.19999695;50146.00000000;91.18000031
N;NORTE;2013-01-16;5665.00000000;59.34000015;5559.00000000;58.22999954
NE;NORDESTE;2013-01-16;3571.00000000;25.86000061;3281.00000000;23.76000023
S;SUL;2013-01-16;8118.00000000;108.26999664;8017.00000000;106.91999817
SE;SUDESTE;2013-01-16;55194.00000000;100.36000061;53182.00000000;96.69999695
N;NORTE;2013-01-17;6134.00000000;64.25000000;5990.00000000;62.74000168
NE;NORDESTE;2013-01-17;3552.00000000;25.71999931;3180.00000000;23.02000046
S;SUL;2013-01-17;7714.00000000;102.87999725;7605.00000000;101.43000031
SE;SUDESTE;2013-01-17;60072.00000000;109.23000336;57497.00000000;104.55000305
N;NORTE;2013-01-18;6606.00000000;69.19000244;6527.00000000;68.37000275
NE;NORDESTE;2013-01-18;3727.00000000;26.98999977;3337.00000000;24.15999985
S;SUL;2013-01-18;7287.00000000;97.19000244;7152.00000000;95.38999939
SE;SUDESTE;2013-01-18;62942.00000000;114.44999695;60555.00000000;110.11000061
N;NORTE;2013-01-19;7069.00000000;74.04000092;7047.00000000;73.80999756
NE;NORDESTE;2013-01-19;4107.00000000;29.73999977;3655.00000000;26.45999908
S;SUL;2013-01-19;6777.00000000;90.38999939;6663.00000000;88.87000275
SE;SUDESTE;2013-01-19;64100.00000000;116.55000305;62285.00000000;113.25000000
N;NORTE;2013-01-20;7448.00000000;78.01000214;7315.00000000;76.62000275
NE;NORDESTE;2013-01-20;4448.00000000;32.20999908;3996.00000000;28.93000031
S;SUL;2013-01-20;6328.00000000;84.40000153;6219.00000000;82.94000244
SE;SUDESTE;2013-01-20;65137.00000000;118.44000244;63381.00000000;115.25000000
N;NORTE;2013-01-21;7779.00000000;81.48000336;7612.00000000;79.73000336
NE;NORDESTE;2013-01-21;4777.00000000;34.59000015;4398.00000000;31.84000015
S;SUL;2013-01-21;6082.00000000;81.12000275;5991.00000000;79.90000153
SE;SUDESTE;2013-01-21;65158.00000000;118.48000336;63627.00000000;115.69000244
N;NORTE;2013-01-22;8047.00000000;84.29000092;7863.00000000;82.36000061
NE;NORDESTE;2013-01-22;5451.00000000;39.47000122;5172.00000000;37.45000076
S;SUL;2013-01-22;5874.00000000;78.33999634;5784.00000000;77.13999939
SE;SUDESTE;2013-01-22;64187.00000000;116.70999908;62946.00000000;114.44999695
N;NORTE;2013-01-23;8383.00000000;87.80999756;7900.00000000;82.75000000
NE;NORDESTE;2013-01-23;5778.00000000;41.84000015;5530.00000000;40.04000092
S;SUL;2013-01-23;5579.00000000;74.41000366;5501.00000000;73.37000275
SE;SUDESTE;2013-01-23;62518.00000000;113.68000031;61489.00000000;111.80000305
N;NORTE;2013-01-24;8909.00000000;93.31999969;8570.00000000;89.76999664
NE;NORDESTE;2013-01-24;6231.00000000;45.11999893;6047.00000000;43.77999878
S;SUL;2013-01-24;5171.00000000;68.97000122;5093.00000000;67.93000031
SE;SUDESTE;2013-01-24;61770.00000000;112.31999969;60839.00000000;110.62000275
N;NORTE;2013-01-25;9573.00000000;100.26999664;8992.00000000;94.19000244
NE;NORDESTE;2013-01-25;7138.00000000;51.68000031;6970.00000000;50.47000122
S;SUL;2013-01-25;4834.00000000;64.47000122;4762.00000000;63.50999832
SE;SUDESTE;2013-01-25;60401.00000000;109.83000183;59593.00000000;108.36000061
N;NORTE;2013-01-26;10196.00000000;106.80000305;9624.00000000;100.80999756
NE;NORDESTE;2013-01-26;7457.00000000;53.99000168;7289.00000000;52.77999878
S;SUL;2013-01-26;4405.00000000;58.75000000;4320.00000000;57.61999893
SE;SUDESTE;2013-01-26;59860.00000000;108.83999634;58664.00000000;106.66999817
N;NORTE;2013-01-27;10745.00000000;112.55000305;10062.00000000;105.38999939
NE;NORDESTE;2013-01-27;7840.00000000;56.77000046;7669.00000000;55.52999878
S;SUL;2013-01-27;4011.00000000;53.50000000;3926.00000000;52.36000061
SE;SUDESTE;2013-01-27;60713.00000000;110.38999939;59883.00000000;108.87999725
N;NORTE;2013-01-28;11289.00000000;118.25000000;10615.00000000;111.19000244
NE;NORDESTE;2013-01-28;7988.00000000;57.84000015;7817.00000000;56.59999847
S;SUL;2013-01-28;3875.00000000;51.68000031;3804.00000000;50.72999954
SE;SUDESTE;2013-01-28;61328.00000000;111.51000214;60189.00000000;109.44000244
N;NORTE;2013-01-29;11484.00000000;120.29000092;10996.00000000;115.18000031
NE;NORDESTE;2013-01-29;8304.00000000;60.11999893;8032.00000000;58.15999985
S;SUL;2013-01-29;3779.00000000;50.40000153;3718.00000000;49.59000015
SE;SUDESTE;2013-01-29;63243.00000000;114.98999786;61464.00000000;111.76000214
N;NORTE;2013-01-30;11447.00000000;119.90000153;11016.00000000;115.38999939
NE;NORDESTE;2013-01-30;8528.00000000;61.75000000;8252.00000000;59.75000000
S;SUL;2013-01-30;3597.00000000;47.97000122;3511.00000000;46.83000183
SE;SUDESTE;2013-01-30;65041.00000000;118.26000214;63072.00000000;114.68000031
N;NORTE;2013-01-31;11628.00000000;121.80000305;11173.00000000;117.02999878
NE;NORDESTE;2013-01-31;8621.00000000;62.41999817;8336.00000000;60.36000061
S;SUL;2013-01-31;3360.00000000;44.81000137;3231.00000000;43.09000015
SE;SUDESTE;2013-01-31;65348.00000000;118.81999969;63107.00000000;114.75000000
N;NORTE;2013-02-01;12064.00000000;94.29000092;11555.00000000;90.30999756
NE;NORDESTE;2013-02-01;8699.00000000;59.90999985;8391.00000000;57.79000092
S;SUL;2013-02-01;3249.00000000;38.88000107;3174.00000000;37.97999954
SE;SUDESTE;2013-02-01;65767.00000000;114.73999786;63186.00000000;110.23999786
N;NORTE;2013-02-02;12333.00000000;96.40000153;11783.00000000;92.09999847
NE;NORDESTE;2013-02-02;8859.00000000;61.02000046;8507.00000000;58.59000015
S;SUL;2013-02-02;3095.00000000;37.04000092;2982.00000000;35.68000031
SE;SUDESTE;2013-02-02;65191.00000000;113.73999786;62977.00000000;109.87999725
N;NORTE;2013-02-03;12728.00000000;99.48000336;12196.00000000;95.33000183
NE;NORDESTE;2013-02-03;9080.00000000;62.54000092;8734.00000000;60.15000153
S;SUL;2013-02-03;3515.00000000;42.06000137;3399.00000000;40.66999817
SE;SUDESTE;2013-02-03;65290.00000000;113.91000366;63210.00000000;110.27999878
N;NORTE;2013-02-04;13235.00000000;103.44999695;12818.00000000;100.19000244
NE;NORDESTE;2013-02-04;9445.00000000;65.05000305;9100.00000000;62.68000031
S;SUL;2013-02-04;3764.00000000;45.04000092;3665.00000000;43.86000061
SE;SUDESTE;2013-02-04;66183.00000000;115.47000122;64132.00000000;111.88999939
N;NORTE;2013-02-05;13526.00000000;105.72000122;13206.00000000;103.22000122
NE;NORDESTE;2013-02-05;9811.00000000;67.56999969;9608.00000000;66.16999817
S;SUL;2013-02-05;3828.00000000;45.81000137;3734.00000000;44.68000031
SE;SUDESTE;2013-02-05;66325.00000000;115.72000122;64564.00000000;112.65000153
N;NORTE;2013-02-06;13654.00000000;106.72000122;13384.00000000;104.61000061
NE;NORDESTE;2013-02-06;10078.00000000;69.41000366;9917.00000000;68.30000305
S;SUL;2013-02-06;3776.00000000;45.18000031;3687.00000000;44.11999893
SE;SUDESTE;2013-02-06;66579.00000000;116.16000366;64667.00000000;112.83000183
N;NORTE;2013-02-07;13750.00000000;107.47000122;13414.00000000;104.84999847
NE;NORDESTE;2013-02-07;10280.00000000;70.80000305;10187.00000000;70.16000366
S;SUL;2013-02-07;3919.00000000;46.90000153;3841.00000000;45.95999908
SE;SUDESTE;2013-02-07;67370.00000000;117.54000092;65141.00000000;113.65000153
N;NORTE;2013-02-08;13704.00000000;107.11000061;13366.00000000;104.47000122
NE;NORDESTE;2013-02-08;10544.00000000;72.62000275;10441.00000000;71.91000366
S;SUL;2013-02-08;4240.00000000;50.74000168;4124.00000000;49.34999847
SE;SUDESTE;2013-02-08;67474.00000000;117.72000122;65227.00000000;113.80000305
N;NORTE;2013-02-09;13600.00000000;106.30000305;13321.00000000;104.12000275
NE;NORDESTE;2013-02-09;10766.00000000;74.15000153;10672.00000000;73.50000000
S;SUL;2013-02-09;4518.00000000;54.06000137;4401.00000000;52.65999985
SE;SUDESTE;2013-02-09;68225.00000000;119.02999878;65939.00000000;115.04000092
N;NORTE;2013-02-10;13446.00000000;105.09999847;13215.00000000;103.29000092
NE;NORDESTE;2013-02-10;11028.00000000;75.94999695;10934.00000000;75.30999756
S;SUL;2013-02-10;4669.00000000;55.86999893;4555.00000000;54.50999832
SE;SUDESTE;2013-02-10;68375.00000000;119.29000092;66219.00000000;115.52999878
N;NORTE;2013-02-11;13279.00000000;103.79000092;13076.00000000;102.19999695
NE;NORDESTE;2013-02-11;11328.00000000;78.01999664;11234.00000000;77.37000275
S;SUL;2013-02-11;5230.00000000;62.58000183;5122.00000000;61.29000092
SE;SUDESTE;2013-02-11;68128.00000000;118.86000061;66039.00000000;115.22000122
N;NORTE;2013-02-12;13054.00000000;102.02999878;12861.00000000;100.51999664
NE;NORDESTE;2013-02-12;11656.00000000;80.27999878;11557.00000000;79.59999847
S;SUL;2013-02-12;5397.00000000;64.58000183;5277.00000000;63.15000153
SE;SUDESTE;2013-02-12;67919.00000000;118.50000000;65792.00000000;114.79000092
N;NORTE;2013-02-13;12737.00000000;99.55000305;12681.00000000;99.12000275
NE;NORDESTE;2013-02-13;12000.00000000;82.65000153;11888.00000000;81.87999725
S;SUL;2013-02-13;5787.00000000;69.25000000;5704.00000000;68.26000214
SE;SUDESTE;2013-02-13;67525.00000000;117.80999756;65341.00000000;114.00000000
N;NORTE;2013-02-14;12358.00000000;96.58999634;12314.00000000;96.25000000
NE;NORDESTE;2013-02-14;12220.00000000;84.16000366;12116.00000000;83.44999695
S;SUL;2013-02-14;6105.00000000;73.05000305;6022.00000000;72.05999756
SE;SUDESTE;2013-02-14;66856.00000000;116.63999939;65074.00000000;113.54000092
N;NORTE;2013-02-15;12032.00000000;94.04000092;11988.00000000;93.69999695
NE;NORDESTE;2013-02-15;12377.00000000;85.25000000;12283.00000000;84.59999847
S;SUL;2013-02-15;7364.00000000;88.12000275;7292.00000000;87.26000214
SE;SUDESTE;2013-02-15;65288.00000000;113.91000366;63684.00000000;111.11000061
N;NORTE;2013-02-16;11633.00000000;90.91999817;11585.00000000;90.55000305
NE;NORDESTE;2013-02-16;12475.00000000;85.91999817;12381.00000000;85.26999664
S;SUL;2013-02-16;8563.00000000;102.47000122;8430.00000000;100.87999725
SE;SUDESTE;2013-02-16;63681.00000000;111.09999847;61904.00000000;108.00000000
N;NORTE;2013-02-17;11239.00000000;87.84999847;11188.00000000;87.44999695
NE;NORDESTE;2013-02-17;12442.00000000;85.69000244;12348.00000000;85.05000305
S;SUL;2013-02-17;9014.00000000;107.86000061;8899.00000000;106.48999786
SE;SUDESTE;2013-02-17;61881.00000000;107.95999908;60318.00000000;105.23999786
N;NORTE;2013-02-18;10957.00000000;85.63999939;10907.00000000;85.25000000
NE;NORDESTE;2013-02-18;12270.00000000;84.51000214;12177.00000000;83.87000275
S;SUL;2013-02-18;9972.00000000;119.33000183;9876.00000000;118.18000031
SE;SUDESTE;2013-02-18;59673.00000000;104.11000061;57896.00000000;101.01000214
N;NORTE;2013-02-19;10792.00000000;84.34999847;10753.00000000;84.05000305
NE;NORDESTE;2013-02-19;12015.00000000;82.75000000;12002.00000000;82.66000366
S;SUL;2013-02-19;10742.00000000;128.53999329;10663.00000000;127.59999847
SE;SUDESTE;2013-02-19;56958.00000000;99.37999725;55272.00000000;96.43000031
N;NORTE;2013-02-20;10585.00000000;82.73000336;10549.00000000;82.44999695
NE;NORDESTE;2013-02-20;11710.00000000;80.65000153;11681.00000000;80.44999695
S;SUL;2013-02-20;10956.00000000;131.10000610;10842.00000000;129.74000549
SE;SUDESTE;2013-02-20;53951.00000000;94.12999725;52388.00000000;91.40000153
N;NORTE;2013-02-21;10540.00000000;82.37999725;10504.00000000;82.09999847
NE;NORDESTE;2013-02-21;11370.00000000;78.30999756;11344.00000000;78.12999725
S;SUL;2013-02-21;11325.00000000;135.52000427;11122.00000000;133.08999634
SE;SUDESTE;2013-02-21;51391.00000000;89.66000366;49975.00000000;87.19000244
N;NORTE;2013-02-22;10546.00000000;82.43000031;10515.00000000;82.19000244
NE;NORDESTE;2013-02-22;10939.00000000;75.33999634;10917.00000000;75.19000244
S;SUL;2013-02-22;11514.00000000;137.77999878;11227.00000000;134.33999634
SE;SUDESTE;2013-02-22;49757.00000000;86.80999756;48378.00000000;84.41000366
N;NORTE;2013-02-23;10458.00000000;81.73999786;10425.00000000;81.48000336
NE;NORDESTE;2013-02-23;10414.00000000;71.73000336;10414.00000000;71.73000336
S;SUL;2013-02-23;10691.00000000;127.93000031;10141.00000000;121.34999847
SE;SUDESTE;2013-02-23;48647.00000000;84.87000275;47366.00000000;82.63999939
N;NORTE;2013-02-24;10349.00000000;80.88999939;10318.00000000;80.65000153
NE;NORDESTE;2013-02-24;9734.00000000;67.04000092;9734.00000000;67.04000092
S;SUL;2013-02-24;9567.00000000;114.48000336;9141.00000000;109.37999725
SE;SUDESTE;2013-02-24;46887.00000000;81.80000305;45784.00000000;79.87999725
N;NORTE;2013-02-25;10217.00000000;79.86000061;10181.00000000;79.58000183
NE;NORDESTE;2013-02-25;9038.00000000;62.25000000;9016.00000000;62.09999847
S;SUL;2013-02-25;8782.00000000;105.08999634;8521.00000000;101.95999908
SE;SUDESTE;2013-02-25;45991.00000000;80.23999786;45045.00000000;78.58999634
N;NORTE;2013-02-26;10047.00000000;78.52999878;10009.00000000;78.23000336
NE;NORDESTE;2013-02-26;8403.00000000;57.86999893;8383.00000000;57.74000168
S;SUL;2013-02-26;9122.00000000;109.16000366;8816.00000000;105.48999786
SE;SUDESTE;2013-02-26;45139.00000000;78.75000000;44169.00000000;77.05999756
N;NORTE;2013-02-27;9981.00000000;78.01000214;9907.00000000;77.43000031
NE;NORDESTE;2013-02-27;7832.00000000;53.93999863;7815.00000000;53.81999969
S;SUL;2013-02-27;8898.00000000;106.48000336;8441.00000000;101.01000214
SE;SUDESTE;2013-02-27;44648.00000000;77.90000153;43729.00000000;76.29000092
N;NORTE;2013-02-28;9940.00000000;77.69000244;9825.00000000;76.79000092
NE;NORDESTE;2013-02-28;7372.00000000;50.77000046;7356.00000000;50.65999985
S;SUL;2013-02-28;8040.00000000;96.20999908;7711.00000000;92.26999664
SE;SUDESTE;2013-02-28;44481.00000000;77.61000061;43598.00000000;76.06999969
N;NORTE;2013-03-01;9935.00000000;67.05000305;9902.00000000;66.83000183
NE;NORDESTE;2013-03-01;6984.00000000;48.65000153;6960.00000000;48.49000168
S;SUL;2013-03-01;7265.00000000;102.41000366;7027.00000000;99.05999756
SE;SUDESTE;2013-03-01;44390.00000000;82.51999664;43499.00000000;80.86000061
N;NORTE;2013-03-02;9985.00000000;67.38999939;9857.00000000;66.52999878
NE;NORDESTE;2013-03-02;6650.00000000;46.33000183;6626.00000000;46.15999985
S;SUL;2013-03-02;6420.00000000;90.50000000;6293.00000000;88.70999908
SE;SUDESTE;2013-03-02;44936.00000000;83.52999878;43801.00000000;81.41999817
N;NORTE;2013-03-03;9988.00000000;67.41000366;9879.00000000;66.66999817
NE;NORDESTE;2013-03-03;6378.00000000;44.43000031;6368.00000000;44.36000061
S;SUL;2013-03-03;5821.00000000;82.05999756;5691.00000000;80.22000122
SE;SUDESTE;2013-03-03;45626.00000000;84.81999969;44352.00000000;82.44999695
N;NORTE;2013-03-04;9912.00000000;66.90000153;9849.00000000;66.47000122
NE;NORDESTE;2013-03-04;6239.00000000;43.45999908;6157.00000000;42.88999939
S;SUL;2013-03-04;5677.00000000;80.02999878;5598.00000000;78.91000366
SE;SUDESTE;2013-03-04;45850.00000000;85.23000336;44661.00000000;83.01999664
N;NORTE;2013-03-05;9874.00000000;66.63999939;9836.00000000;66.37999725
NE;NORDESTE;2013-03-05;6028.00000000;41.99000168;5870.00000000;40.88999939
S;SUL;2013-03-05;7007.00000000;98.76999664;6921.00000000;97.55999756
SE;SUDESTE;2013-03-05;45704.00000000;84.95999908;44379.00000000;82.50000000
N;NORTE;2013-03-06;9779.00000000;66.00000000;9743.00000000;65.76000214
NE;NORDESTE;2013-03-06;5733.00000000;39.93999863;5591.00000000;38.95000076
S;SUL;2013-03-06;9775.00000000;137.78999329;9524.00000000;134.25000000
SE;SUDESTE;2013-03-06;45383.00000000;84.37000275;44356.00000000;82.45999908
N;NORTE;2013-03-07;9749.00000000;65.80000305;9713.00000000;65.55000305
NE;NORDESTE;2013-03-07;5468.00000000;38.09000015;5360.00000000;37.34000015
S;SUL;2013-03-07;10083.00000000;142.13000488;9896.00000000;139.50000000
SE;SUDESTE;2013-03-07;44908.00000000;83.48000336;43801.00000000;81.41999817
N;NORTE;2013-03-08;9783.00000000;66.02999878;9737.00000000;65.72000122
NE;NORDESTE;2013-03-08;5249.00000000;36.56999969;5142.00000000;35.81999969
S;SUL;2013-03-08;9463.00000000;133.38999939;9381.00000000;132.24000549
SE;SUDESTE;2013-03-08;44382.00000000;82.50000000;43442.00000000;80.76000214
N;NORTE;2013-03-09;9791.00000000;66.08000183;9736.00000000;65.70999908
NE;NORDESTE;2013-03-09;5062.00000000;35.25999832;4946.00000000;34.45999908
S;SUL;2013-03-09;9364.00000000;132.00000000;9267.00000000;130.63000488
SE;SUDESTE;2013-03-09;43974.00000000;81.75000000;42960.00000000;79.86000061
N;NORTE;2013-03-10;9842.00000000;66.41999817;9770.00000000;65.94000244
NE;NORDESTE;2013-03-10;4935.00000000;34.38000107;4818.00000000;33.56000137
S;SUL;2013-03-10;10474.00000000;147.64999390;10253.00000000;144.52999878
SE;SUDESTE;2013-03-10;43984.00000000;81.76000214;43145.00000000;80.20999908
N;NORTE;2013-03-11;9892.00000000;66.76000214;9793.00000000;66.08999634
NE;NORDESTE;2013-03-11;4898.00000000;34.11999893;4791.00000000;33.38000107
S;SUL;2013-03-11;11908.00000000;167.86000061;11770.00000000;165.91000366
SE;SUDESTE;2013-03-11;44485.00000000;82.69999695;43641.00000000;81.12999725
N;NORTE;2013-03-12;9862.00000000;66.55999756;9796.00000000;66.11000061
NE;NORDESTE;2013-03-12;4969.00000000;34.61999893;4866.00000000;33.90000153
S;SUL;2013-03-12;14509.00000000;204.52000427;13504.00000000;190.36000061
SE;SUDESTE;2013-03-12;46324.00000000;86.11000061;45298.00000000;84.20999908
N;NORTE;2013-03-13;9900.00000000;66.81999969;9834.00000000;66.37000275
NE;NORDESTE;2013-03-13;5148.00000000;35.86000061;5040.00000000;35.11000061
S;SUL;2013-03-13;19855.00000000;279.88000488;16348.00000000;230.44999695
SE;SUDESTE;2013-03-13;48156.00000000;89.51999664;47043.00000000;87.44999695
N;NORTE;2013-03-14;10017.00000000;67.61000061;9958.00000000;67.20999908
NE;NORDESTE;2013-03-14;5362.00000000;37.34999847;5254.00000000;36.59999847
S;SUL;2013-03-14;21327.00000000;300.63000488;19242.00000000;271.23999023
SE;SUDESTE;2013-03-14;51025.00000000;94.84999847;49804.00000000;92.58000183
N;NORTE;2013-03-15;10192.00000000;68.79000092;10139.00000000;68.43000031
NE;NORDESTE;2013-03-15;5554.00000000;38.68999863;5436.00000000;37.86999893
S;SUL;2013-03-15;19893.00000000;280.42001343;18430.00000000;259.79998779
SE;SUDESTE;2013-03-15;54047.00000000;100.47000122;52940.00000000;98.41000366
N;NORTE;2013-03-16;10562.00000000;71.27999878;10513.00000000;70.94999695
NE;NORDESTE;2013-03-16;5645.00000000;39.33000183;5633.00000000;39.24000168
S;SUL;2013-03-16;17549.00000000;247.38000488;16528.00000000;232.99000549
SE;SUDESTE;2013-03-16;54205.00000000;100.76999664;53226.00000000;98.94999695
N;NORTE;2013-03-17;10991.00000000;74.18000031;10950.00000000;73.90000153
NE;NORDESTE;2013-03-17;5582.00000000;38.88999939;5560.00000000;38.72999954
S;SUL;2013-03-17;15908.00000000;224.25000000;15011.00000000;211.60000610
SE;SUDESTE;2013-03-17;53809.00000000;100.02999878;52804.00000000;98.16000366
N;NORTE;2013-03-18;11389.00000000;76.87000275;11135.00000000;75.15000153
NE;NORDESTE;2013-03-18;5418.00000000;37.74000168;5404.00000000;37.65000153
S;SUL;2013-03-18;14817.00000000;208.86999512;14165.00000000;199.67999268
SE;SUDESTE;2013-03-18;53851.00000000;100.11000061;52543.00000000;97.68000031
N;NORTE;2013-03-19;11749.00000000;79.30000305;10932.00000000;73.77999878
NE;NORDESTE;2013-03-19;5205.00000000;36.25999832;5147.00000000;35.86000061
S;SUL;2013-03-19;13575.00000000;191.36000061;13070.00000000;184.24000549
SE;SUDESTE;2013-03-19;53453.00000000;99.37000275;51980.00000000;96.62999725
N;NORTE;2013-03-20;12040.00000000;81.26000214;10485.00000000;70.76000214
NE;NORDESTE;2013-03-20;4988.00000000;34.75000000;4818.00000000;33.56000137
S;SUL;2013-03-20;13911.00000000;196.08999634;13392.00000000;188.77999878
SE;SUDESTE;2013-03-20;53451.00000000;99.36000061;52293.00000000;97.20999908
N;NORTE;2013-03-21;12318.00000000;83.13999939;10460.00000000;70.59999847
NE;NORDESTE;2013-03-21;4813.00000000;33.52999878;4651.00000000;32.40000153
S;SUL;2013-03-21;18172.00000000;256.16000366;16565.00000000;233.50999451
SE;SUDESTE;2013-03-21;54532.00000000;101.37000275;53341.00000000;99.16000366
N;NORTE;2013-03-22;12656.00000000;85.41999817;10314.00000000;69.61000061
NE;NORDESTE;2013-03-22;4687.00000000;32.65000153;4525.00000000;31.52000046
S;SUL;2013-03-22;19877.00000000;280.19000244;17992.00000000;253.61999512
SE;SUDESTE;2013-03-22;55997.00000000;104.09999847;54813.00000000;101.90000153
N;NORTE;2013-03-23;12989.00000000;87.66000366;10138.00000000;68.41999817
NE;NORDESTE;2013-03-23;4737.00000000;33.00000000;4571.00000000;31.84000015
S;SUL;2013-03-23;17641.00000000;248.66999817;16528.00000000;232.99000549
SE;SUDESTE;2013-03-23;58318.00000000;108.41000366;57192.00000000;106.31999969
N;NORTE;2013-03-24;13424.00000000;90.59999847;10185.00000000;68.73999786
NE;NORDESTE;2013-03-24;4859.00000000;33.84999847;4685.00000000;32.63999939
S;SUL;2013-03-24;15634.00000000;220.38000488;14984.00000000;211.22000122
SE;SUDESTE;2013-03-24;58347.00000000;108.45999908;56948.00000000;105.86000061
N;NORTE;2013-03-25;13883.00000000;93.69999695;10058.00000000;67.87999725
NE;NORDESTE;2013-03-25;4918.00000000;34.25999832;4755.00000000;33.13000107
S;SUL;2013-03-25;14782.00000000;208.36999512;14219.00000000;200.44000244
SE;SUDESTE;2013-03-25;58525.00000000;108.80000305;57276.00000000;106.47000122
N;NORTE;2013-03-26;14251.00000000;96.18000031;9181.00000000;61.95999908
NE;NORDESTE;2013-03-26;4961.00000000;34.56000137;4799.00000000;33.43000031
S;SUL;2013-03-26;14214.00000000;200.36999512;13559.00000000;191.13000488
SE;SUDESTE;2013-03-26;58804.00000000;109.30999756;57116.00000000;106.18000031
N;NORTE;2013-03-27;14672.00000000;99.01999664;7868.00000000;53.09999847
NE;NORDESTE;2013-03-27;5012.00000000;34.91999817;4851.00000000;33.79000092
S;SUL;2013-03-27;13012.00000000;183.41999817;12473.00000000;175.82000732
SE;SUDESTE;2013-03-27;59589.00000000;110.76999664;57813.00000000;107.47000122
N;NORTE;2013-03-28;15210.00000000;102.65000153;8283.00000000;55.90000153
NE;NORDESTE;2013-03-28;5088.00000000;35.45000076;4933.00000000;34.36999893
S;SUL;2013-03-28;11683.00000000;164.69000244;11407.00000000;160.80000305
SE;SUDESTE;2013-03-28;60686.00000000;112.80999756;58680.00000000;109.08000183
N;NORTE;2013-03-29;15636.00000000;105.52999878;8689.00000000;58.63999939
NE;NORDESTE;2013-03-29;5092.00000000;35.47000122;4937.00000000;34.38999939
S;SUL;2013-03-29;10624.00000000;149.75999451;10439.00000000;147.14999390
SE;SUDESTE;2013-03-29;61197.00000000;113.76000214;58406.00000000;108.56999969
N;NORTE;2013-03-30;16024.00000000;108.15000153;8525.00000000;57.54000092
NE;NORDESTE;2013-03-30;5004.00000000;34.86000061;4849.00000000;33.77999878
S;SUL;2013-03-30;9757.00000000;137.53999329;9582.00000000;135.07000732
SE;SUDESTE;2013-03-30;60955.00000000;113.30999756;58968.00000000;109.62000275
N;NORTE;2013-03-31;16360.00000000;110.41999817;8435.00000000;56.93000031
NE;NORDESTE;2013-03-31;4986.00000000;34.72999954;4831.00000000;33.65000153
S;SUL;2013-03-31;9128.00000000;128.66999817;9012.00000000;127.04000092
SE;SUDESTE;2013-03-31;60371.00000000;112.23000336;58444.00000000;108.65000153
N;NORTE;2013-04-01;16555.00000000;114.01999664;8608.00000000;59.27999878
NE;NORDESTE;2013-04-01;5026.00000000;42.88000107;4915.00000000;41.93000031
S;SUL;2013-04-01;8712.00000000;132.19999695;8626.00000000;130.89999390
SE;SUDESTE;2013-04-01;59300.00000000;145.52999878;57740.00000000;141.69999695
N;NORTE;2013-04-02;16496.00000000;113.61000061;8549.00000000;58.88000107
NE;NORDESTE;2013-04-02;5165.00000000;44.06000137;5165.00000000;44.06000137
S;SUL;2013-04-02;8775.00000000;133.16000366;8689.00000000;131.85000610
SE;SUDESTE;2013-04-02;58181.00000000;142.77999878;56836.00000000;139.47999573
N;NORTE;2013-04-03;16313.00000000;112.34999847;8770.00000000;60.40000153
NE;NORDESTE;2013-04-03;5318.00000000;45.36999893;5289.00000000;45.11999893
S;SUL;2013-04-03;8811.00000000;133.69999695;8726.00000000;132.41000366
SE;SUDESTE;2013-04-03;57131.00000000;140.21000671;55752.00000000;136.82000732
N;NORTE;2013-04-04;15970.00000000;109.98999786;9063.00000000;62.41999817
NE;NORDESTE;2013-04-04;5616.00000000;47.90999985;5567.00000000;47.49000168
S;SUL;2013-04-04;9118.00000000;138.36000061;9029.00000000;137.00999451
SE;SUDESTE;2013-04-04;56394.00000000;138.39999390;54969.00000000;134.89999390
N;NORTE;2013-04-05;15637.00000000;107.69000244;9594.00000000;66.08000183
NE;NORDESTE;2013-04-05;6097.00000000;52.00999832;6048.00000000;51.59999847
S;SUL;2013-04-05;11271.00000000;171.02999878;10809.00000000;164.02000427
SE;SUDESTE;2013-04-05;56142.00000000;137.77999878;54634.00000000;134.08000183
N;NORTE;2013-04-06;15312.00000000;105.45999908;9131.00000000;62.88999939
NE;NORDESTE;2013-04-06;6609.00000000;56.38000107;6560.00000000;55.95999908
S;SUL;2013-04-06;12132.00000000;184.10000610;11303.00000000;171.52000427
SE;SUDESTE;2013-04-06;56680.00000000;139.10000610;55005.00000000;134.99000549
N;NORTE;2013-04-07;15005.00000000;103.33999634;8607.00000000;59.27999878
NE;NORDESTE;2013-04-07;7145.00000000;60.95000076;7097.00000000;60.54999924
S;SUL;2013-04-07;11285.00000000;171.25000000;10854.00000000;164.71000671
SE;SUDESTE;2013-04-07;58020.00000000;142.38999939;56222.00000000;137.97000122
N;NORTE;2013-04-08;14744.00000000;101.54000092;8693.00000000;59.86999893
NE;NORDESTE;2013-04-08;7675.00000000;65.48000336;7675.00000000;65.48000336
S;SUL;2013-04-08;10102.00000000;153.28999329;9845.00000000;149.38999939
SE;SUDESTE;2013-04-08;58630.00000000;143.88000488;56835.00000000;139.47999573
N;NORTE;2013-04-09;14544.00000000;100.16999817;9287.00000000;63.95999908
NE;NORDESTE;2013-04-09;8168.00000000;69.68000031;8168.00000000;69.68000031
S;SUL;2013-04-09;9393.00000000;142.53999329;9086.00000000;137.88000488
SE;SUDESTE;2013-04-09;59517.00000000;146.05999756;57579.00000000;141.30000305
N;NORTE;2013-04-10;14288.00000000;98.40000153;10376.00000000;71.45999908
NE;NORDESTE;2013-04-10;8593.00000000;73.30999756;8593.00000000;73.30999756
S;SUL;2013-04-10;8955.00000000;135.88999939;8703.00000000;132.07000732
SE;SUDESTE;2013-04-10;59966.00000000;147.16000366;58111.00000000;142.61000061
N;NORTE;2013-04-11;13911.00000000;95.80999756;9722.00000000;66.95999908
NE;NORDESTE;2013-04-11;8862.00000000;75.59999847;8862.00000000;75.59999847
S;SUL;2013-04-11;8486.00000000;128.77000427;8290.00000000;125.80000305
SE;SUDESTE;2013-04-11;60906.00000000;149.47000122;58742.00000000;144.16000366
N;NORTE;2013-04-12;13589.00000000;93.58999634;8733.00000000;60.15000153
NE;NORDESTE;2013-04-12;8984.00000000;76.63999939;8984.00000000;76.63999939
S;SUL;2013-04-12;9826.00000000;149.11000061;9567.00000000;145.17999268
SE;SUDESTE;2013-04-12;62422.00000000;153.19000244;60214.00000000;147.77000427
N;NORTE;2013-04-13;13140.00000000;90.50000000;8392.00000000;57.79999924
NE;NORDESTE;2013-04-13;8971.00000000;76.52999878;8971.00000000;76.52999878
S;SUL;2013-04-13;11178.00000000;169.61999512;10139.00000000;153.86000061
SE;SUDESTE;2013-04-13;63492.00000000;155.82000732;59797.00000000;146.75000000
N;NORTE;2013-04-14;12797.00000000;88.12999725;7767.00000000;53.49000168
NE;NORDESTE;2013-04-14;8785.00000000;74.94999695;8785.00000000;74.94999695
S;SUL;2013-04-14;11216.00000000;170.19999695;10393.00000000;157.71000671
SE;SUDESTE;2013-04-14;64681.00000000;158.72999573;58939.00000000;144.63999939
N;NORTE;2013-04-15;12513.00000000;86.18000031;8597.00000000;59.20999908
NE;NORDESTE;2013-04-15;8472.00000000;72.27999878;8472.00000000;72.27999878
S;SUL;2013-04-15;10034.00000000;152.25999451;9500.00000000;144.16000366
SE;SUDESTE;2013-04-15;65648.00000000;161.11000061;62466.00000000;153.30000305
N;NORTE;2013-04-16;12355.00000000;85.08999634;7914.00000000;54.50000000
NE;NORDESTE;2013-04-16;8119.00000000;69.26000214;8119.00000000;69.26000214
S;SUL;2013-04-16;8689.00000000;131.85000610;8303.00000000;126.00000000
SE;SUDESTE;2013-04-16;64558.00000000;158.42999268;62637.00000000;153.72000122
N;NORTE;2013-04-17;12367.00000000;85.16999817;7657.00000000;52.72999954
NE;NORDESTE;2013-04-17;7916.00000000;67.52999878;7916.00000000;67.52999878
S;SUL;2013-04-17;7766.00000000;117.84999847;7494.00000000;113.72000122
SE;SUDESTE;2013-04-17;63426.00000000;155.64999390;61104.00000000;149.96000671
N;NORTE;2013-04-18;12643.00000000;87.06999969;8572.00000000;59.04000092
NE;NORDESTE;2013-04-18;7757.00000000;66.18000031;7757.00000000;66.18000031
S;SUL;2013-04-18;7063.00000000;107.18000031;6847.00000000;103.90000153
SE;SUDESTE;2013-04-18;61056.00000000;149.83999634;58499.00000000;143.55999756
N;NORTE;2013-04-19;13093.00000000;90.16999817;8375.00000000;57.68000031
NE;NORDESTE;2013-04-19;7714.00000000;65.80999756;7660.00000000;65.34999847
S;SUL;2013-04-19;6529.00000000;99.08000183;6295.00000000;95.51999664
SE;SUDESTE;2013-04-19;58230.00000000;142.89999390;56982.00000000;139.83999634
N;NORTE;2013-04-20;13519.00000000;93.11000061;8450.00000000;58.20000076
NE;NORDESTE;2013-04-20;7905.00000000;67.44000244;7823.00000000;66.73999786
S;SUL;2013-04-20;6094.00000000;92.47000122;5958.00000000;90.41000366
SE;SUDESTE;2013-04-20;55268.00000000;135.63000488;54385.00000000;133.47000122
N;NORTE;2013-04-21;14021.00000000;96.55999756;7713.00000000;53.11999893
NE;NORDESTE;2013-04-21;8316.00000000;70.94000244;8223.00000000;70.15000153
S;SUL;2013-04-21;5746.00000000;87.19000244;5577.00000000;84.62999725
SE;SUDESTE;2013-04-21;52300.00000000;128.35000610;51660.00000000;126.77999878
N;NORTE;2013-04-22;14322.00000000;98.63999939;6830.00000000;47.04000092
NE;NORDESTE;2013-04-22;8829.00000000;75.31999969;8722.00000000;74.41000366
S;SUL;2013-04-22;5463.00000000;82.90000153;5359.00000000;81.31999969
SE;SUDESTE;2013-04-22;49613.00000000;121.76000214;49009.00000000;120.26999664
N;NORTE;2013-04-23;14411.00000000;99.25000000;8187.00000000;56.38000107
NE;NORDESTE;2013-04-23;9334.00000000;79.62999725;9229.00000000;78.73000336
S;SUL;2013-04-23;5156.00000000;78.23999786;5073.00000000;76.98000336
SE;SUDESTE;2013-04-23;47325.00000000;116.13999939;46765.00000000;114.76999664
N;NORTE;2013-04-24;14214.00000000;97.88999939;9732.00000000;67.02999878
NE;NORDESTE;2013-04-24;9780.00000000;83.43000031;9699.00000000;82.73999786
S;SUL;2013-04-24;4908.00000000;74.48000336;4825.00000000;73.22000122
SE;SUDESTE;2013-04-24;45203.00000000;110.93000031;44577.00000000;109.40000153
N;NORTE;2013-04-25;14039.00000000;96.69000244;10146.00000000;69.87999725
NE;NORDESTE;2013-04-25;9978.00000000;85.12000275;9875.00000000;84.23999786
S;SUL;2013-04-25;4713.00000000;71.51999664;4630.00000000;70.26000214
SE;SUDESTE;2013-04-25;43113.00000000;105.80000305;42334.00000000;103.88999939
N;NORTE;2013-04-26;13767.00000000;94.81999969;9038.00000000;62.25000000
NE;NORDESTE;2013-04-26;9980.00000000;85.13999939;9876.00000000;84.25000000
S;SUL;2013-04-26;4526.00000000;68.68000031;4432.00000000;67.25000000
SE;SUDESTE;2013-04-26;41139.00000000;100.95999908;40518.00000000;99.44000244
N;NORTE;2013-04-27;13398.00000000;92.26999664;7798.00000000;53.70999908
NE;NORDESTE;2013-04-27;9954.00000000;84.91999817;9872.00000000;84.22000122
S;SUL;2013-04-27;4314.00000000;65.45999908;4216.00000000;63.97999954
SE;SUDESTE;2013-04-27;39472.00000000;96.87000275;38786.00000000;95.18000031
N;NORTE;2013-04-28;13052.00000000;89.88999939;7839.00000000;53.99000168
NE;NORDESTE;2013-04-28;9809.00000000;83.68000031;9723.00000000;82.94999695
S;SUL;2013-04-28;4108.00000000;62.34000015;3992.00000000;60.58000183
SE;SUDESTE;2013-04-28;38040.00000000;93.34999847;37412.00000000;91.80999756
N;NORTE;2013-04-29;12707.00000000;87.51000214;8880.00000000;61.15999985
NE;NORDESTE;2013-04-29;9491.00000000;80.97000122;9448.00000000;80.59999847
S;SUL;2013-04-29;3962.00000000;60.11999893;3872.00000000;58.75999832
SE;SUDESTE;2013-04-29;36812.00000000;90.33999634;36372.00000000;89.26000214
N;NORTE;2013-04-30;12185.00000000;83.91999817;9128.00000000;62.86999893
NE;NORDESTE;2013-04-30;9029.00000000;77.02999878;8996.00000000;76.75000000
S;SUL;2013-04-30;3895.00000000;59.11000061;3809.00000000;57.79999924
SE;SUDESTE;2013-04-30;35878.00000000;88.05000305;35442.00000000;86.98000336
N;NORTE;2013-05-01;11764.00000000;126.04000092;9036.00000000;96.80999756
NE;NORDESTE;2013-05-01;8463.00000000;119.16000366;8460.00000000;119.12000275
S;SUL;2013-05-01;3856.00000000;44.75999832;3755.00000000;43.59000015
SE;SUDESTE;2013-05-01;35029.00000000;118.27999878;34611.00000000;116.86000061
N;NORTE;2013-05-02;11530.00000000;123.52999878;8185.00000000;87.69000244
NE;NORDESTE;2013-05-02;7875.00000000;110.87999725;7866.00000000;110.75000000
S;SUL;2013-05-02;3790.00000000;43.99000168;3712.00000000;43.09000015
SE;SUDESTE;2013-05-02;34290.00000000;115.77999878;33886.00000000;114.41999817
N;NORTE;2013-05-03;11220.00000000;120.20999908;6610.00000000;70.81999969
NE;NORDESTE;2013-05-03;7324.00000000;103.12000275;7324.00000000;103.12000275
S;SUL;2013-05-03;3704.00000000;42.99000168;3632.00000000;42.15999985
SE;SUDESTE;2013-05-03;33645.00000000;113.59999847;33285.00000000;112.38999939
N;NORTE;2013-05-04;10958.00000000;117.40000153;6211.00000000;66.54000092
NE;NORDESTE;2013-05-04;6811.00000000;95.90000153;6786.00000000;95.55000305
S;SUL;2013-05-04;3583.00000000;41.59000015;3487.00000000;40.47999954
SE;SUDESTE;2013-05-04;33064.00000000;111.63999939;32698.00000000;110.40000153
N;NORTE;2013-05-05;10958.00000000;117.40000153;5930.00000000;63.52999878
NE;NORDESTE;2013-05-05;6305.00000000;88.76999664;6292.00000000;88.58999634
S;SUL;2013-05-05;3524.00000000;40.90999985;3413.00000000;39.61999893
SE;SUDESTE;2013-05-05;32554.00000000;109.91999817;32098.00000000;108.37999725
N;NORTE;2013-05-06;10972.00000000;117.55000305;6513.00000000;69.77999878
NE;NORDESTE;2013-05-06;5843.00000000;82.26999664;5806.00000000;81.75000000
S;SUL;2013-05-06;3534.00000000;41.02000046;3431.00000000;39.83000183
SE;SUDESTE;2013-05-06;32033.00000000;108.16000366;31721.00000000;107.11000061
N;NORTE;2013-05-07;10970.00000000;117.52999878;8038.00000000;86.12000275
NE;NORDESTE;2013-05-07;5469.00000000;77.00000000;5394.00000000;75.94999695
S;SUL;2013-05-07;3517.00000000;40.81999969;3441.00000000;39.93999863
SE;SUDESTE;2013-05-07;31600.00000000;106.69999695;31272.00000000;105.58999634
N;NORTE;2013-05-08;11211.00000000;120.11000061;8282.00000000;88.73000336
NE;NORDESTE;2013-05-08;5169.00000000;72.77999878;5103.00000000;71.84999847
S;SUL;2013-05-08;3431.00000000;39.83000183;3351.00000000;38.90000153
SE;SUDESTE;2013-05-08;31176.00000000;105.26999664;30843.00000000;104.13999939
N;NORTE;2013-05-09;11454.00000000;122.70999908;8447.00000000;90.50000000
NE;NORDESTE;2013-05-09;4927.00000000;69.37000275;4819.00000000;67.84999847
S;SUL;2013-05-09;3276.00000000;38.02999878;3197.00000000;37.11000061
SE;SUDESTE;2013-05-09;30699.00000000;103.66000366;30353.00000000;102.48999786
N;NORTE;2013-05-10;11544.00000000;123.68000031;7864.00000000;84.25000000
NE;NORDESTE;2013-05-10;4727.00000000;66.55999756;4579.00000000;64.47000122
S;SUL;2013-05-10;3103.00000000;36.02000046;3026.00000000;35.11999893
SE;SUDESTE;2013-05-10;30218.00000000;102.02999878;29844.00000000;100.76999664
N;NORTE;2013-05-11;11594.00000000;124.20999908;7129.00000000;76.37999725
NE;NORDESTE;2013-05-11;4553.00000000;64.11000061;4405.00000000;62.02000046
S;SUL;2013-05-11;2975.00000000;34.52999878;2886.00000000;33.50000000
SE;SUDESTE;2013-05-11;29758.00000000;100.48000336;29456.00000000;99.45999908
N;NORTE;2013-05-12;11531.00000000;123.54000092;7235.00000000;77.51000214
NE;NORDESTE;2013-05-12;4376.00000000;61.61000061;4229.00000000;59.54000092
S;SUL;2013-05-12;2954.00000000;34.29000092;2850.00000000;33.08000183
SE;SUDESTE;2013-05-12;29384.00000000;99.22000122;29052.00000000;98.08999634
N;NORTE;2013-05-13;11257.00000000;120.59999847;8079.00000000;86.55999756
NE;NORDESTE;2013-05-13;4213.00000000;59.31999969;4115.00000000;57.93999863
S;SUL;2013-05-13;2942.00000000;34.15000153;2858.00000000;33.16999817
SE;SUDESTE;2013-05-13;29310.00000000;98.97000122;28944.00000000;97.73000336
N;NORTE;2013-05-14;10807.00000000;115.77999878;8755.00000000;93.80000305
NE;NORDESTE;2013-05-14;4069.00000000;57.29000092;4069.00000000;57.29000092
S;SUL;2013-05-14;2979.00000000;34.58000183;2899.00000000;33.65000153
SE;SUDESTE;2013-05-14;29288.00000000;98.88999939;28948.00000000;97.73999786
N;NORTE;2013-05-15;10427.00000000;111.70999908;8794.00000000;94.22000122
NE;NORDESTE;2013-05-15;3946.00000000;55.56000137;3927.00000000;55.29000092
S;SUL;2013-05-15;3857.00000000;44.77000046;3778.00000000;43.84999847
SE;SUDESTE;2013-05-15;30662.00000000;103.52999878;30352.00000000;102.48000336
N;NORTE;2013-05-16;10075.00000000;107.94000244;8442.00000000;90.44000244
NE;NORDESTE;2013-05-16;3820.00000000;53.79000092;3808.00000000;53.61999893
S;SUL;2013-05-16;6172.00000000;71.63999939;6097.00000000;70.76999664
SE;SUDESTE;2013-05-16;30743.00000000;103.80000305;30411.00000000;102.68000031
N;NORTE;2013-05-17;9808.00000000;105.08000183;7298.00000000;78.19000244
NE;NORDESTE;2013-05-17;3714.00000000;52.29000092;3703.00000000;52.13999939
S;SUL;2013-05-17;8503.00000000;98.69999695;8431.00000000;97.86000061
SE;SUDESTE;2013-05-17;30039.00000000;101.43000031;29763.00000000;100.48999786
N;NORTE;2013-05-18;9565.00000000;102.48000336;6703.00000000;71.80999756
NE;NORDESTE;2013-05-18;3657.00000000;51.49000168;3641.00000000;51.27000046
S;SUL;2013-05-18;8768.00000000;101.77999878;8677.00000000;100.72000122
SE;SUDESTE;2013-05-18;29810.00000000;100.65000153;29559.00000000;99.80999756
N;NORTE;2013-05-19;9439.00000000;101.12999725;6579.00000000;70.48999786
NE;NORDESTE;2013-05-19;3598.00000000;50.65999985;3598.00000000;50.65999985
S;SUL;2013-05-19;7641.00000000;88.69000244;7539.00000000;87.51000214
SE;SUDESTE;2013-05-19;29488.00000000;99.56999969;29272.00000000;98.83999634
N;NORTE;2013-05-20;9154.00000000;98.06999969;7373.00000000;78.98999786
NE;NORDESTE;2013-05-20;3548.00000000;49.95999908;3532.00000000;49.72999954
S;SUL;2013-05-20;7210.00000000;83.69000244;7127.00000000;82.73000336
SE;SUDESTE;2013-05-20;29148.00000000;98.41999817;28928.00000000;97.68000031
N;NORTE;2013-05-21;8620.00000000;92.34999847;8141.00000000;87.22000122
NE;NORDESTE;2013-05-21;3479.00000000;48.97999954;3459.00000000;48.70000076
S;SUL;2013-05-21;6964.00000000;80.83999634;6884.00000000;79.91000366
SE;SUDESTE;2013-05-21;28676.00000000;96.81999969;28426.00000000;95.98000336
N;NORTE;2013-05-22;8134.00000000;87.13999939;7941.00000000;85.08000183
NE;NORDESTE;2013-05-22;3410.00000000;48.00999832;3375.00000000;47.52000046
S;SUL;2013-05-22;6302.00000000;73.15000153;6221.00000000;72.20999908
SE;SUDESTE;2013-05-22;28362.00000000;95.76000214;28144.00000000;95.02999878
N;NORTE;2013-05-23;7680.00000000;82.27999878;7642.00000000;81.87000275
NE;NORDESTE;2013-05-23;3346.00000000;47.11000061;3269.00000000;46.02999878
S;SUL;2013-05-23;5775.00000000;67.02999878;5693.00000000;66.08000183
SE;SUDESTE;2013-05-23;28125.00000000;94.95999908;27907.00000000;94.23000336
N;NORTE;2013-05-24;7280.00000000;78.00000000;7242.00000000;77.58999634
NE;NORDESTE;2013-05-24;3297.00000000;46.41999817;3220.00000000;45.34000015
S;SUL;2013-05-24;5358.00000000;62.18999863;5279.00000000;61.27999878
SE;SUDESTE;2013-05-24;27999.00000000;94.54000092;27759.00000000;93.73000336
N;NORTE;2013-05-25;7010.00000000;75.09999847;6863.00000000;73.52999878
NE;NORDESTE;2013-05-25;3242.00000000;45.65000153;3166.00000000;44.58000183
S;SUL;2013-05-25;4993.00000000;57.95999908;4907.00000000;56.95999908
SE;SUDESTE;2013-05-25;28012.00000000;94.58000183;27770.00000000;93.76999664
N;NORTE;2013-05-26;6950.00000000;74.45999908;6604.00000000;70.75000000
NE;NORDESTE;2013-05-26;3188.00000000;44.88999939;3114.00000000;43.84999847
S;SUL;2013-05-26;4745.00000000;55.08000183;4643.00000000;53.88999939
SE;SUDESTE;2013-05-26;28339.00000000;95.69000244;28196.00000000;95.19999695
N;NORTE;2013-05-27;6837.00000000;73.25000000;6611.00000000;70.83000183
NE;NORDESTE;2013-05-27;3131.00000000;44.08000183;3074.00000000;43.27999878
S;SUL;2013-05-27;4654.00000000;54.02000046;4581.00000000;53.16999817
SE;SUDESTE;2013-05-27;28802.00000000;97.25000000;28635.00000000;96.69000244
N;NORTE;2013-05-28;6653.00000000;71.27999878;6594.00000000;70.65000153
NE;NORDESTE;2013-05-28;3077.00000000;43.31999969;3052.00000000;42.97000122
S;SUL;2013-05-28;5445.00000000;63.20000076;5370.00000000;62.33000183
SE;SUDESTE;2013-05-28;29691.00000000;100.25000000;29396.00000000;99.26000214
N;NORTE;2013-05-29;6405.00000000;68.62000275;6344.00000000;67.97000122
NE;NORDESTE;2013-05-29;3035.00000000;42.72999954;3012.00000000;42.40999985
S;SUL;2013-05-29;6580.00000000;76.37999725;6495.00000000;75.38999939
SE;SUDESTE;2013-05-29;31789.00000000;107.33999634;30941.00000000;104.47000122
N;NORTE;2013-05-30;6099.00000000;65.33999634;6041.00000000;64.72000122
NE;NORDESTE;2013-05-30;2983.00000000;42.00000000;2957.00000000;41.63000107
S;SUL;2013-05-30;7946.00000000;92.23000336;7834.00000000;90.93000031
SE;SUDESTE;2013-05-30;35147.00000000;118.66999817;32840.00000000;110.87999725
N;NORTE;2013-05-31;5777.00000000;61.88999939;5725.00000000;61.34000015
NE;NORDESTE;2013-05-31;2966.00000000;41.75999832;2941.00000000;41.40999985
S;SUL;2013-05-31;7651.00000000;88.80999756;7555.00000000;87.69999695
SE;SUDESTE;2013-05-31;38209.00000000;129.00999451;36183.00000000;122.16999817
N;NORTE;2013-06-01;5485.00000000;122.91000366;5430.00000000;121.66999817
NE;NORDESTE;2013-06-01;2984.00000000;63.59999847;2959.00000000;63.06999969
S;SUL;2013-06-01;8093.00000000;77.25000000;7980.00000000;76.16999817
SE;SUDESTE;2013-06-01;40696.00000000;159.58999634;39744.00000000;155.86000061
N;NORTE;2013-06-02;5219.00000000;116.94999695;5164.00000000;115.70999908
NE;NORDESTE;2013-06-02;3017.00000000;64.30999756;2992.00000000;63.77999878
S;SUL;2013-06-02;13519.00000000;129.03999329;13324.00000000;127.16999817
SE;SUDESTE;2013-06-02;42214.00000000;165.55000305;40881.00000000;160.32000732
N;NORTE;2013-06-03;4989.00000000;111.79000092;4933.00000000;110.54000092
NE;NORDESTE;2013-06-03;3057.00000000;65.16000366;3032.00000000;64.62999725
S;SUL;2013-06-03;17149.00000000;163.67999268;16963.00000000;161.91000366
SE;SUDESTE;2013-06-03;44365.00000000;173.97999573;43072.00000000;168.91000366
N;NORTE;2013-06-04;4895.00000000;109.69000244;4840.00000000;108.44999695
NE;NORDESTE;2013-06-04;3112.00000000;66.33000183;3087.00000000;65.80000305
S;SUL;2013-06-04;16928.00000000;161.57000732;16633.00000000;158.75999451
SE;SUDESTE;2013-06-04;46184.00000000;181.11000061;45234.00000000;177.38999939
N;NORTE;2013-06-05;4793.00000000;107.40000153;4738.00000000;106.16999817
NE;NORDESTE;2013-06-05;3163.00000000;67.41999817;3130.00000000;66.72000122
S;SUL;2013-06-05;14959.00000000;142.77999878;14717.00000000;140.47000122
SE;SUDESTE;2013-06-05;46485.00000000;181.22999573;45530.00000000;177.50999451
N;NORTE;2013-06-06;4700.00000000;105.31999969;4646.00000000;104.11000061
NE;NORDESTE;2013-06-06;3223.00000000;68.69999695;3169.00000000;67.55000305
S;SUL;2013-06-06;12970.00000000;123.80000305;12755.00000000;121.73999786
SE;SUDESTE;2013-06-06;45968.00000000;179.22000122;44613.00000000;173.94000244
N;NORTE;2013-06-07;4676.00000000;104.77999878;4633.00000000;103.81999969
NE;NORDESTE;2013-06-07;3270.00000000;69.69999695;3239.00000000;69.04000092
S;SUL;2013-06-07;11441.00000000;109.19999695;11255.00000000;107.43000031
SE;SUDESTE;2013-06-07;44021.00000000;171.63000488;43718.00000000;170.44999695
N;NORTE;2013-06-08;4657.00000000;104.34999847;4618.00000000;103.48000336
NE;NORDESTE;2013-06-08;3334.00000000;71.05999756;3322.00000000;70.80999756
S;SUL;2013-06-08;10151.00000000;96.88999939;9980.00000000;95.26000214
SE;SUDESTE;2013-06-08;41613.00000000;162.24000549;41225.00000000;160.72999573
N;NORTE;2013-06-09;4605.00000000;103.19000244;4566.00000000;102.30999756
NE;NORDESTE;2013-06-09;3392.00000000;72.30000305;3378.00000000;72.00000000
S;SUL;2013-06-09;9128.00000000;87.12000275;8869.00000000;84.65000153
SE;SUDESTE;2013-06-09;39180.00000000;152.75000000;37785.00000000;147.30999756
N;NORTE;2013-06-10;4551.00000000;101.98000336;4513.00000000;101.12999725
NE;NORDESTE;2013-06-10;3462.00000000;73.79000092;3449.00000000;73.51999664
S;SUL;2013-06-10;8372.00000000;79.91000366;8266.00000000;78.90000153
SE;SUDESTE;2013-06-10;36976.00000000;144.16000366;36708.00000000;143.11999512
N;NORTE;2013-06-11;4464.00000000;100.02999878;4429.00000000;99.23999786
NE;NORDESTE;2013-06-11;3521.00000000;75.05000305;3517.00000000;74.97000122
S;SUL;2013-06-11;7786.00000000;74.31999969;7668.00000000;73.19000244
SE;SUDESTE;2013-06-11;35215.00000000;137.30000305;34943.00000000;136.22999573
N;NORTE;2013-06-12;4394.00000000;98.45999908;4373.00000000;97.98999786
NE;NORDESTE;2013-06-12;3576.00000000;76.22000122;3558.00000000;75.83999634
S;SUL;2013-06-12;7221.00000000;68.91999817;7099.00000000;67.76000214
SE;SUDESTE;2013-06-12;33951.00000000;132.36999512;33587.00000000;130.94999695
N;NORTE;2013-06-13;4330.00000000;97.02999878;4313.00000000;96.65000153
NE;NORDESTE;2013-06-13;3644.00000000;77.66999817;3642.00000000;77.62999725
S;SUL;2013-06-13;6689.00000000;63.84000015;6592.00000000;62.91999817
SE;SUDESTE;2013-06-13;33484.00000000;130.55000305;33180.00000000;129.36000061
N;NORTE;2013-06-14;4210.00000000;94.33999634;4194.00000000;93.98000336
NE;NORDESTE;2013-06-14;3720.00000000;79.29000092;3709.00000000;79.05999756
S;SUL;2013-06-14;6180.00000000;58.99000168;6082.00000000;58.04999924
SE;SUDESTE;2013-06-14;32869.00000000;128.14999390;32592.00000000;127.06999969
N;NORTE;2013-06-15;4084.00000000;91.51000214;4056.00000000;90.88999939
NE;NORDESTE;2013-06-15;3771.00000000;80.37999725;3751.00000000;79.94999695
S;SUL;2013-06-15;5795.00000000;55.31000137;5679.00000000;54.20000076
SE;SUDESTE;2013-06-15;32422.00000000;126.41000366;32131.00000000;125.26999664
N;NORTE;2013-06-16;3960.00000000;88.73999786;3922.00000000;87.87999725
NE;NORDESTE;2013-06-16;3802.00000000;81.04000092;3787.00000000;80.72000122
S;SUL;2013-06-16;5629.00000000;53.72999954;5519.00000000;52.68000031
SE;SUDESTE;2013-06-16;32131.00000000;125.26999664;31836.00000000;124.12000275
N;NORTE;2013-06-17;3803.00000000;85.22000122;3765.00000000;84.37000275
NE;NORDESTE;2013-06-17;3788.00000000;80.73999786;3769.00000000;80.33999634
S;SUL;2013-06-17;5860.00000000;55.93000031;5768.00000000;55.04999924
SE;SUDESTE;2013-06-17;31889.00000000;124.33000183;31583.00000000;123.12999725
N;NORTE;2013-06-18;3623.00000000;81.18000031;3584.00000000;80.30999756
NE;NORDESTE;2013-06-18;3771.00000000;80.37999725;3745.00000000;79.83000183
S;SUL;2013-06-18;5951.00000000;56.79999924;5854.00000000;55.86999893
SE;SUDESTE;2013-06-18;31661.00000000;123.44000244;31326.00000000;122.12999725
N;NORTE;2013-06-19;3476.00000000;77.88999939;3437.00000000;77.01999664
NE;NORDESTE;2013-06-19;3756.00000000;80.05999756;3739.00000000;79.69999695
S;SUL;2013-06-19;7982.00000000;76.19000244;7868.00000000;75.09999847
SE;SUDESTE;2013-06-19;32702.00000000;127.50000000;32304.00000000;125.94999695
N;NORTE;2013-06-20;3406.00000000;76.31999969;3368.00000000;75.47000122
NE;NORDESTE;2013-06-20;3711.00000000;79.09999847;3693.00000000;78.72000122
S;SUL;2013-06-20;13171.00000000;125.70999908;12041.00000000;114.93000031
SE;SUDESTE;2013-06-20;33767.00000000;131.64999390;32404.00000000;126.33999634
N;NORTE;2013-06-21;3333.00000000;74.69000244;3301.00000000;73.97000122
NE;NORDESTE;2013-06-21;3627.00000000;77.30999756;3604.00000000;76.81999969
S;SUL;2013-06-21;26917.00000000;256.92001343;18444.00000000;176.03999329
SE;SUDESTE;2013-06-21;34444.00000000;134.28999329;32933.00000000;128.39999390
N;NORTE;2013-06-22;3297.00000000;73.87999725;3269.00000000;73.25000000
NE;NORDESTE;2013-06-22;3513.00000000;74.87999725;3487.00000000;74.33000183
S;SUL;2013-06-22;38749.00000000;369.85000610;24560.00000000;234.41999817
SE;SUDESTE;2013-06-22;36049.00000000;140.55000305;32071.00000000;125.04000092
N;NORTE;2013-06-23;3308.00000000;74.12999725;3280.00000000;73.50000000
NE;NORDESTE;2013-06-23;3376.00000000;71.95999908;3350.00000000;71.41000366
S;SUL;2013-06-23;40080.00000000;382.54998779;29704.00000000;283.51998901
SE;SUDESTE;2013-06-23;39206.00000000;152.85000610;32099.00000000;125.15000153
N;NORTE;2013-06-24;3287.00000000;73.65000153;3259.00000000;73.02999878
NE;NORDESTE;2013-06-24;3253.00000000;69.33999634;3221.00000000;68.66000366
S;SUL;2013-06-24;39781.00000000;379.70001221;18337.00000000;175.02000427
SE;SUDESTE;2013-06-24;40747.00000000;158.86000061;30294.00000000;118.11000061
N;NORTE;2013-06-25;3248.00000000;72.77999878;3216.00000000;72.05999756
NE;NORDESTE;2013-06-25;3124.00000000;66.58999634;3099.00000000;66.05999756
S;SUL;2013-06-25;43356.00000000;413.82000732;12971.00000000;123.80000305
SE;SUDESTE;2013-06-25;43154.00000000;168.25000000;29570.00000000;115.29000092
N;NORTE;2013-06-26;3237.00000000;72.52999878;3199.00000000;71.68000031
NE;NORDESTE;2013-06-26;3037.00000000;64.73000336;3015.00000000;64.26999664
S;SUL;2013-06-26;42584.00000000;406.45001221;23265.00000000;222.05999756
SE;SUDESTE;2013-06-26;47893.00000000;186.72000122;29333.00000000;114.36000061
N;NORTE;2013-06-27;3219.00000000;72.12999725;3181.00000000;71.27999878
NE;NORDESTE;2013-06-27;2979.00000000;63.50000000;2957.00000000;63.02999878
S;SUL;2013-06-27;38368.00000000;366.20999146;20310.00000000;193.85000610
SE;SUDESTE;2013-06-27;51870.00000000;202.22999573;30496.00000000;118.90000153
N;NORTE;2013-06-28;3168.00000000;70.98999786;3136.00000000;70.26999664
NE;NORDESTE;2013-06-28;2929.00000000;62.43000031;2904.00000000;61.90000153
S;SUL;2013-06-28;33636.00000000;321.04998779;18063.00000000;172.41000366
SE;SUDESTE;2013-06-28;52546.00000000;204.86000061;34005.00000000;132.58000183
N;NORTE;2013-06-29;3153.00000000;70.65000153;3125.00000000;70.01999664
NE;NORDESTE;2013-06-29;2881.00000000;61.40999985;2855.00000000;60.84999847
S;SUL;2013-06-29;32673.00000000;311.85000610;13515.00000000;129.00000000
SE;SUDESTE;2013-06-29;51103.00000000;199.24000549;35302.00000000;137.63000488
N;NORTE;2013-06-30;3126.00000000;70.05000305;3099.00000000;69.44000244
NE;NORDESTE;2013-06-30;2843.00000000;60.59999847;2811.00000000;59.91999817
S;SUL;2013-06-30;32984.00000000;314.82000732;9105.00000000;86.90000153
SE;SUDESTE;2013-06-30;50535.00000000;197.02000427;34463.00000000;134.36000061
N;NORTE;2013-07-01;3078.00000000;117.08000183;3025.00000000;115.06999969
NE;NORDESTE;2013-07-01;2800.00000000;72.36000061;2767.00000000;71.51000214
S;SUL;2013-07-01;31854.00000000;289.10998535;13736.00000000;124.66999817
SE;SUDESTE;2013-07-01;48928.00000000;230.94000244;32652.00000000;154.11000061
N;NORTE;2013-07-02;3006.00000000;114.33999634;2968.00000000;112.90000153
NE;NORDESTE;2013-07-02;2763.00000000;71.40000153;2737.00000000;70.73000336
S;SUL;2013-07-02;28760.00000000;261.02999878;14571.00000000;132.25000000
SE;SUDESTE;2013-07-02;47970.00000000;226.41000366;31193.00000000;147.22999573
N;NORTE;2013-07-03;2948.00000000;112.13999939;2915.00000000;110.87999725
NE;NORDESTE;2013-07-03;2752.00000000;71.12000275;2727.00000000;70.47000122
S;SUL;2013-07-03;26029.00000000;236.25000000;17703.00000000;160.67999268
SE;SUDESTE;2013-07-03;44931.00000000;212.07000732;32735.00000000;154.50999451
N;NORTE;2013-07-04;2871.00000000;109.20999908;2837.00000000;107.91999817
NE;NORDESTE;2013-07-04;2742.00000000;70.86000061;2717.00000000;70.20999908
S;SUL;2013-07-04;23921.00000000;217.11000061;14519.00000000;131.77999878
SE;SUDESTE;2013-07-04;42289.00000000;199.60000610;31814.00000000;150.16000366
N;NORTE;2013-07-05;2797.00000000;106.38999939;2760.00000000;104.98999786
NE;NORDESTE;2013-07-05;2723.00000000;70.37000275;2693.00000000;69.58999634
S;SUL;2013-07-05;22389.00000000;203.21000671;14586.00000000;132.38999939
SE;SUDESTE;2013-07-05;41027.00000000;193.63999939;33573.00000000;158.46000671
N;NORTE;2013-07-06;2709.00000000;103.05000305;2609.00000000;99.23999786
NE;NORDESTE;2013-07-06;2708.00000000;69.98000336;2684.00000000;69.36000061
S;SUL;2013-07-06;20987.00000000;190.47999573;12679.00000000;115.08000183
SE;SUDESTE;2013-07-06;39708.00000000;187.41999817;34161.00000000;161.24000549
N;NORTE;2013-07-07;2637.00000000;100.30999756;2598.00000000;98.81999969
NE;NORDESTE;2013-07-07;2692.00000000;69.56999969;2666.00000000;68.90000153
S;SUL;2013-07-07;19897.00000000;180.58999634;10764.00000000;97.69999695
SE;SUDESTE;2013-07-07;37849.00000000;178.63999939;31970.00000000;150.89999390
N;NORTE;2013-07-08;2557.00000000;97.26000214;2518.00000000;95.77999878
NE;NORDESTE;2013-07-08;2673.00000000;69.08000183;2659.00000000;68.72000122
S;SUL;2013-07-08;19602.00000000;177.91000366;15963.00000000;144.88000488
SE;SUDESTE;2013-07-08;36011.00000000;169.97000122;32981.00000000;155.66999817
N;NORTE;2013-07-09;2479.00000000;94.30000305;2443.00000000;92.93000031
NE;NORDESTE;2013-07-09;2654.00000000;68.58999634;2635.00000000;68.09999847
S;SUL;2013-07-09;18892.00000000;171.47000122;15752.00000000;142.97000122
SE;SUDESTE;2013-07-09;34494.00000000;162.80999756;32194.00000000;151.94999695
N;NORTE;2013-07-10;2425.00000000;92.23999786;2394.00000000;91.05999756
NE;NORDESTE;2013-07-10;2629.00000000;67.94000244;2604.00000000;67.29000092
S;SUL;2013-07-10;17527.00000000;159.08000183;15931.00000000;144.58999634
SE;SUDESTE;2013-07-10;33166.00000000;156.53999329;31762.00000000;149.91000366
N;NORTE;2013-07-11;2382.00000000;90.61000061;2354.00000000;89.54000092
NE;NORDESTE;2013-07-11;2604.00000000;67.29000092;2578.00000000;66.62000275
S;SUL;2013-07-11;16014.00000000;145.35000610;13787.00000000;125.12999725
SE;SUDESTE;2013-07-11;31814.00000000;150.16000366;28118.00000000;132.71000671
N;NORTE;2013-07-12;2360.00000000;89.76999664;2332.00000000;88.70999908
NE;NORDESTE;2013-07-12;2582.00000000;66.73000336;2582.00000000;66.73000336
S;SUL;2013-07-12;14729.00000000;133.67999268;11246.00000000;102.06999969
SE;SUDESTE;2013-07-12;30670.00000000;144.75999451;28443.00000000;134.25000000
N;NORTE;2013-07-13;2482.00000000;89.76000214;2454.00000000;88.73999786
NE;NORDESTE;2013-07-13;2568.00000000;66.36000061;2568.00000000;66.36000061
S;SUL;2013-07-13;13713.00000000;124.45999908;12164.00000000;110.40000153
SE;SUDESTE;2013-07-13;29603.00000000;139.72000122;26980.00000000;127.33999634
N;NORTE;2013-07-14;2468.00000000;89.25000000;2436.00000000;88.08999634
NE;NORDESTE;2013-07-14;2553.00000000;65.98000336;2528.00000000;65.33000183
S;SUL;2013-07-14;12966.00000000;117.68000031;11730.00000000;106.45999908
SE;SUDESTE;2013-07-14;28672.00000000;135.33000183;24958.00000000;117.80000305
N;NORTE;2013-07-15;2437.00000000;88.12999725;2404.00000000;86.93000031
NE;NORDESTE;2013-07-15;2541.00000000;65.66999817;2530.00000000;65.37999725
S;SUL;2013-07-15;12219.00000000;110.90000153;11338.00000000;102.91000366
SE;SUDESTE;2013-07-15;27765.00000000;131.05000305;26477.00000000;124.97000122
N;NORTE;2013-07-16;2426.00000000;87.73000336;2394.00000000;86.56999969
NE;NORDESTE;2013-07-16;2533.00000000;65.45999908;2520.00000000;65.12000275
S;SUL;2013-07-16;11197.00000000;101.62999725;10323.00000000;93.69000244
SE;SUDESTE;2013-07-16;27130.00000000;128.05000305;26543.00000000;125.27999878
N;NORTE;2013-07-17;2404.00000000;86.93000031;2371.00000000;85.73999786
NE;NORDESTE;2013-07-17;2517.00000000;65.05000305;2494.00000000;64.44999695
S;SUL;2013-07-17;10001.00000000;90.76999664;9412.00000000;85.43000031
SE;SUDESTE;2013-07-17;26279.00000000;124.02999878;25791.00000000;121.73000336
N;NORTE;2013-07-18;2386.00000000;86.27999878;2353.00000000;85.08999634
NE;NORDESTE;2013-07-18;2503.00000000;64.68000031;2489.00000000;64.31999969
S;SUL;2013-07-18;9081.00000000;82.41999817;8407.00000000;76.30000305
SE;SUDESTE;2013-07-18;25625.00000000;120.94999695;25206.00000000;118.97000122
N;NORTE;2013-07-19;2359.00000000;85.30999756;2329.00000000;84.22000122
NE;NORDESTE;2013-07-19;2488.00000000;64.30000305;2473.00000000;63.90999985
S;SUL;2013-07-19;8772.00000000;79.62000275;7828.00000000;71.05000305
SE;SUDESTE;2013-07-19;25425.00000000;120.00000000;24594.00000000;116.08000183
N;NORTE;2013-07-20;2307.00000000;83.43000031;2281.00000000;82.48999786
NE;NORDESTE;2013-07-20;2483.00000000;64.16999817;2458.00000000;63.52000046
S;SUL;2013-07-20;9814.00000000;89.06999969;9142.00000000;82.97000122
SE;SUDESTE;2013-07-20;25381.00000000;119.80000305;24237.00000000;114.40000153
N;NORTE;2013-07-21;2244.00000000;81.15000153;2222.00000000;80.34999847
NE;NORDESTE;2013-07-21;2476.00000000;63.99000168;2451.00000000;63.34000015
S;SUL;2013-07-21;15054.00000000;136.63000488;13441.00000000;121.98999786
SE;SUDESTE;2013-07-21;25754.00000000;121.55999756;24612.00000000;116.16999817
N;NORTE;2013-07-22;2222.00000000;80.34999847;2199.00000000;79.51999664
NE;NORDESTE;2013-07-22;2471.00000000;63.86000061;2449.00000000;63.29000092
S;SUL;2013-07-22;18488.00000000;167.80000305;12361.00000000;112.19000244
SE;SUDESTE;2013-07-22;26723.00000000;126.12999725;23784.00000000;112.26000214
N;NORTE;2013-07-23;2185.00000000;79.01999664;2162.00000000;78.18000031
NE;NORDESTE;2013-07-23;2466.00000000;63.72999954;2451.00000000;63.34000015
S;SUL;2013-07-23;18925.00000000;171.77000427;12298.00000000;111.62000275
SE;SUDESTE;2013-07-23;28472.00000000;134.38999939;24470.00000000;115.50000000
N;NORTE;2013-07-24;2143.00000000;77.50000000;2112.00000000;76.37999725
NE;NORDESTE;2013-07-24;2464.00000000;63.68000031;2439.00000000;63.02999878
S;SUL;2013-07-24;17795.00000000;161.50999451;13021.00000000;118.18000031
SE;SUDESTE;2013-07-24;29147.00000000;137.57000732;25860.00000000;122.05999756
N;NORTE;2013-07-25;2136.00000000;77.23999786;2102.00000000;76.01000214
NE;NORDESTE;2013-07-25;2466.00000000;63.72999954;2466.00000000;63.72999954
S;SUL;2013-07-25;16007.00000000;145.27999878;12236.00000000;111.05999756
SE;SUDESTE;2013-07-25;29683.00000000;140.10000610;25712.00000000;121.36000061
N;NORTE;2013-07-26;2124.00000000;76.80999756;2091.00000000;75.62000275
NE;NORDESTE;2013-07-26;2463.00000000;63.65000153;2438.00000000;63.00000000
S;SUL;2013-07-26;14496.00000000;131.57000732;11249.00000000;102.09999847
SE;SUDESTE;2013-07-26;30008.00000000;141.63999939;25453.00000000;120.13999939
N;NORTE;2013-07-27;2075.00000000;75.04000092;2042.00000000;73.83999634
NE;NORDESTE;2013-07-27;2443.00000000;63.13000107;2417.00000000;62.45999908
S;SUL;2013-07-27;13296.00000000;120.68000031;10211.00000000;92.68000031
SE;SUDESTE;2013-07-27;29869.00000000;140.97999573;25954.00000000;122.50000000
N;NORTE;2013-07-28;2041.00000000;73.80999756;2008.00000000;72.61000061
NE;NORDESTE;2013-07-28;2419.00000000;62.50999832;2393.00000000;61.84000015
S;SUL;2013-07-28;12506.00000000;113.51000214;7100.00000000;64.44000244
SE;SUDESTE;2013-07-28;29011.00000000;136.92999268;25446.00000000;120.09999847
N;NORTE;2013-07-29;2002.00000000;72.40000153;1969.00000000;71.19999695
NE;NORDESTE;2013-07-29;2355.00000000;60.86000061;2333.00000000;60.29000092
S;SUL;2013-07-29;12150.00000000;110.27999878;9222.00000000;83.69999695
SE;SUDESTE;2013-07-29;28173.00000000;132.97000122;25907.00000000;122.27999878
N;NORTE;2013-07-30;1954.00000000;70.66000366;1921.00000000;69.47000122
NE;NORDESTE;2013-07-30;2310.00000000;59.70000076;2297.00000000;59.36000061
S;SUL;2013-07-30;11918.00000000;108.16999817;9410.00000000;85.41000366
SE;SUDESTE;2013-07-30;27206.00000000;128.41000366;26641.00000000;125.73999786
N;NORTE;2013-07-31;1931.00000000;69.83000183;1898.00000000;68.63999939
NE;NORDESTE;2013-07-31;2302.00000000;59.49000168;2277.00000000;58.84000015
S;SUL;2013-07-31;11663.00000000;105.86000061;8983.00000000;81.52999878
SE;SUDESTE;2013-07-31;26446.00000000;124.81999969;25887.00000000;122.18000031
N;NORTE;2013-08-01;1913.00000000;97.97000122;1880.00000000;96.27999878
NE;NORDESTE;2013-08-01;2298.00000000;68.09999847;2266.00000000;67.15000153
S;SUL;2013-08-01;11621.00000000;114.79000092;9366.00000000;92.51999664
SE;SUDESTE;2013-08-01;25724.00000000;145.72999573;25233.00000000;142.94999695
N;NORTE;2013-08-02;1883.00000000;96.44000244;1852.00000000;94.84999847
NE;NORDESTE;2013-08-02;2296.00000000;68.04000092;2271.00000000;67.30000305
S;SUL;2013-08-02;11254.00000000;111.16999817;8983.00000000;88.73000336
SE;SUDESTE;2013-08-02;25086.00000000;142.11999512;24709.00000000;139.97999573
N;NORTE;2013-08-03;1874.00000000;95.98000336;1746.00000000;89.41999817
NE;NORDESTE;2013-08-03;2310.00000000;68.45999908;2285.00000000;67.70999908
S;SUL;2013-08-03;11212.00000000;110.75000000;9153.00000000;90.41000366
SE;SUDESTE;2013-08-03;24485.00000000;138.71000671;24276.00000000;137.52999878
N;NORTE;2013-08-04;1869.00000000;95.72000122;1842.00000000;94.33999634
NE;NORDESTE;2013-08-04;2319.00000000;68.72000122;2294.00000000;67.98000336
S;SUL;2013-08-04;13345.00000000;131.82000732;10938.00000000;108.05000305
SE;SUDESTE;2013-08-04;23976.00000000;135.83000183;23599.00000000;133.69000244
N;NORTE;2013-08-05;1857.00000000;95.11000061;1829.00000000;93.66999817
NE;NORDESTE;2013-08-05;2320.00000000;68.75000000;2294.00000000;67.98000336
S;SUL;2013-08-05;15576.00000000;153.86000061;13304.00000000;131.41999817
SE;SUDESTE;2013-08-05;23518.00000000;133.22999573;23200.00000000;131.42999268
N;NORTE;2013-08-06;1830.00000000;93.72000122;1802.00000000;92.29000092
NE;NORDESTE;2013-08-06;2331.00000000;69.08000183;2310.00000000;68.45999908
S;SUL;2013-08-06;18493.00000000;182.66999817;16472.00000000;162.71000671
SE;SUDESTE;2013-08-06;23022.00000000;130.41999817;22630.00000000;128.19999695
N;NORTE;2013-08-07;1807.00000000;92.54000092;1776.00000000;90.95999908
NE;NORDESTE;2013-08-07;2326.00000000;68.93000031;2301.00000000;68.19000244
S;SUL;2013-08-07;19526.00000000;192.88000488;16116.00000000;159.19000244
SE;SUDESTE;2013-08-07;22451.00000000;127.19000244;22084.00000000;125.11000061
N;NORTE;2013-08-08;1764.00000000;90.33999634;1734.00000000;88.80999756
NE;NORDESTE;2013-08-08;2340.00000000;69.33999634;2316.00000000;68.62999725
S;SUL;2013-08-08;17111.00000000;169.02000427;14863.00000000;146.82000732
SE;SUDESTE;2013-08-08;21884.00000000;123.98000336;21547.00000000;122.06999969
N;NORTE;2013-08-09;1709.00000000;87.52999878;1682.00000000;86.13999939
NE;NORDESTE;2013-08-09;2340.00000000;69.33999634;2315.00000000;68.59999847
S;SUL;2013-08-09;15429.00000000;152.41000366;13634.00000000;134.67999268
SE;SUDESTE;2013-08-09;21403.00000000;121.25000000;21059.00000000;119.30000305
N;NORTE;2013-08-10;1674.00000000;85.73000336;1646.00000000;84.30000305
NE;NORDESTE;2013-08-10;2327.00000000;68.95999908;2305.00000000;68.30999756
S;SUL;2013-08-10;25600.00000000;252.88000488;15066.00000000;148.82000732
SE;SUDESTE;2013-08-10;20929.00000000;118.56999969;20617.00000000;116.80000305
N;NORTE;2013-08-11;1634.00000000;83.68000031;1609.00000000;82.40000153
NE;NORDESTE;2013-08-11;2331.00000000;69.08000183;2303.00000000;68.25000000
S;SUL;2013-08-11;36099.00000000;356.58999634;5470.00000000;54.02999878
SE;SUDESTE;2013-08-11;20577.00000000;116.56999969;19649.00000000;111.30999756
N;NORTE;2013-08-12;1594.00000000;81.63999939;1577.00000000;80.76999664
NE;NORDESTE;2013-08-12;2341.00000000;69.37000275;2316.00000000;68.62999725
S;SUL;2013-08-12;31740.00000000;313.52999878;17216.00000000;170.05999756
SE;SUDESTE;2013-08-12;20269.00000000;114.83000183;19817.00000000;112.26999664
N;NORTE;2013-08-13;1593.00000000;81.58000183;1578.00000000;80.81999969
NE;NORDESTE;2013-08-13;2356.00000000;69.81999969;2335.00000000;69.19999695
S;SUL;2013-08-13;24928.00000000;246.24000549;16832.00000000;166.27000427
SE;SUDESTE;2013-08-13;20054.00000000;113.61000061;19855.00000000;112.48000336
N;NORTE;2013-08-14;1615.00000000;82.70999908;1600.00000000;81.94000244
NE;NORDESTE;2013-08-14;2360.00000000;69.94000244;2336.00000000;69.23000336
S;SUL;2013-08-14;20025.00000000;197.80999756;14950.00000000;147.67999268
SE;SUDESTE;2013-08-14;19912.00000000;112.80000305;19665.00000000;111.41000366
N;NORTE;2013-08-15;1646.00000000;84.30000305;1630.00000000;83.48000336
NE;NORDESTE;2013-08-15;2344.00000000;69.45999908;2318.00000000;68.69000244
S;SUL;2013-08-15;16850.00000000;166.44999695;12151.00000000;120.02999878
SE;SUDESTE;2013-08-15;19782.00000000;112.06999969;19435.00000000;110.09999847
N;NORTE;2013-08-16;1667.00000000;85.37000275;1645.00000000;84.25000000
NE;NORDESTE;2013-08-16;2326.00000000;68.93000031;2300.00000000;68.16000366
S;SUL;2013-08-16;14497.00000000;143.19999695;11700.00000000;115.56999969
SE;SUDESTE;2013-08-16;19601.00000000;111.04000092;19233.00000000;108.95999908
N;NORTE;2013-08-17;1639.00000000;83.94000244;1608.00000000;82.34999847
NE;NORDESTE;2013-08-17;2317.00000000;68.66000366;2291.00000000;67.88999939
S;SUL;2013-08-17;12605.00000000;124.51000214;11099.00000000;109.63999939
SE;SUDESTE;2013-08-17;19412.00000000;109.97000122;19047.00000000;107.90000153
N;NORTE;2013-08-18;1591.00000000;81.48000336;1558.00000000;79.79000092
NE;NORDESTE;2013-08-18;2296.00000000;68.04000092;2271.00000000;67.30000305
S;SUL;2013-08-18;11229.00000000;110.91999817;10501.00000000;103.73000336
SE;SUDESTE;2013-08-18;19223.00000000;108.90000153;18834.00000000;106.69999695
N;NORTE;2013-08-19;1575.00000000;80.66000366;1521.00000000;77.90000153
NE;NORDESTE;2013-08-19;2282.00000000;67.62999725;2257.00000000;66.87999725
S;SUL;2013-08-19;10270.00000000;101.44999695;9788.00000000;96.69000244
SE;SUDESTE;2013-08-19;19025.00000000;107.77999878;18742.00000000;106.18000031
N;NORTE;2013-08-20;1586.00000000;81.23000336;1569.00000000;80.36000061
NE;NORDESTE;2013-08-20;2247.00000000;66.58999634;2222.00000000;65.84999847
S;SUL;2013-08-20;9481.00000000;93.65000153;9188.00000000;90.76000214
SE;SUDESTE;2013-08-20;18924.00000000;107.20999908;18678.00000000;105.80999756
N;NORTE;2013-08-21;1593.00000000;81.58000183;1560.00000000;79.88999939
NE;NORDESTE;2013-08-21;2233.00000000;66.16999817;2207.00000000;65.40000153
S;SUL;2013-08-21;8840.00000000;87.31999969;8672.00000000;85.66000366
SE;SUDESTE;2013-08-21;18803.00000000;106.51999664;18533.00000000;104.98999786
N;NORTE;2013-08-22;1615.00000000;82.70999908;1600.00000000;81.94000244
NE;NORDESTE;2013-08-22;2215.00000000;65.63999939;2192.00000000;64.95999908
S;SUL;2013-08-22;8438.00000000;83.34999847;8241.00000000;81.41000366
SE;SUDESTE;2013-08-22;18651.00000000;105.66000366;18308.00000000;103.72000122
N;NORTE;2013-08-23;1585.00000000;81.16999817;1574.00000000;80.61000061
NE;NORDESTE;2013-08-23;2202.00000000;65.25000000;2175.00000000;64.44999695
S;SUL;2013-08-23;9172.00000000;90.59999847;9007.00000000;88.97000122
SE;SUDESTE;2013-08-23;18398.00000000;104.23000336;18033.00000000;102.16000366
N;NORTE;2013-08-24;1544.00000000;79.08000183;1531.00000000;78.41000366
NE;NORDESTE;2013-08-24;2179.00000000;64.56999969;2153.00000000;63.79999924
S;SUL;2013-08-24;17526.00000000;173.11999512;9682.00000000;95.63999939
SE;SUDESTE;2013-08-24;18202.00000000;103.12000275;17862.00000000;101.19000244
N;NORTE;2013-08-25;1483.00000000;75.94999695;1463.00000000;74.93000031
NE;NORDESTE;2013-08-25;2166.00000000;64.19000244;2141.00000000;63.45000076
S;SUL;2013-08-25;26140.00000000;258.20999146;10484.00000000;103.55999756
SE;SUDESTE;2013-08-25;17952.00000000;101.69999695;17662.00000000;100.05999756
N;NORTE;2013-08-26;1463.00000000;74.93000031;1439.00000000;73.69999695
NE;NORDESTE;2013-08-26;2161.00000000;64.04000092;2136.00000000;63.29999924
S;SUL;2013-08-26;31428.00000000;310.45001221;9825.00000000;97.05000305
SE;SUDESTE;2013-08-26;17846.00000000;101.09999847;17571.00000000;99.54000092
N;NORTE;2013-08-27;1425.00000000;72.98000336;1397.00000000;71.55000305
NE;NORDESTE;2013-08-27;2153.00000000;63.79999924;2133.00000000;63.20999908
S;SUL;2013-08-27;32253.00000000;318.60000610;12007.00000000;118.61000061
SE;SUDESTE;2013-08-27;17699.00000000;100.26999664;17452.00000000;98.87000275
N;NORTE;2013-08-28;1404.00000000;71.91000366;1375.00000000;70.41999817
NE;NORDESTE;2013-08-28;2152.00000000;63.77000046;2138.00000000;63.36000061
S;SUL;2013-08-28;27338.00000000;270.04998779;15782.00000000;155.89999390
SE;SUDESTE;2013-08-28;17565.00000000;99.51000214;17296.00000000;97.98000336
N;NORTE;2013-08-29;1382.00000000;70.77999878;1353.00000000;69.29000092
NE;NORDESTE;2013-08-29;2136.00000000;63.29999924;2127.00000000;63.02999878
S;SUL;2013-08-29;21648.00000000;213.83999634;14568.00000000;143.89999390
SE;SUDESTE;2013-08-29;17333.00000000;98.19000244;17066.00000000;96.68000031
N;NORTE;2013-08-30;1380.00000000;70.68000031;1353.00000000;69.29000092
NE;NORDESTE;2013-08-30;2115.00000000;62.68000031;2090.00000000;61.93999863
S;SUL;2013-08-30;16874.00000000;166.67999268;13988.00000000;138.16999817
SE;SUDESTE;2013-08-30;17185.00000000;97.36000061;16792.00000000;95.12999725
N;NORTE;2013-08-31;1366.00000000;69.95999908;1326.00000000;67.91000366
NE;NORDESTE;2013-08-31;2084.00000000;61.75999832;2059.00000000;61.02000046
S;SUL;2013-08-31;14066.00000000;138.94000244;12133.00000000;119.84999847
SE;SUDESTE;2013-08-31;17071.00000000;96.70999908;16894.00000000;95.70999908
N;NORTE;2013-09-01;1342.00000000;85.58999634;1295.00000000;82.59999847
NE;NORDESTE;2013-09-01;2062.00000000;68.36000061;2036.00000000;67.50000000
S;SUL;2013-09-01;12809.00000000;108.77999878;10082.00000000;85.62000275
SE;SUDESTE;2013-09-01;17164.00000000;98.12000275;16960.00000000;96.94999695
N;NORTE;2013-09-02;1358.00000000;86.61000061;1340.00000000;85.47000122
NE;NORDESTE;2013-09-02;2038.00000000;67.56999969;2013.00000000;66.73999786
S;SUL;2013-09-02;12517.00000000;106.30000305;10244.00000000;86.98999786
SE;SUDESTE;2013-09-02;17267.00000000;98.70999908;16889.00000000;96.55000305
N;NORTE;2013-09-03;1384.00000000;88.26999664;1366.00000000;87.12000275
NE;NORDESTE;2013-09-03;1997.00000000;66.20999908;1973.00000000;65.41000366
S;SUL;2013-09-03;11960.00000000;101.56999969;10694.00000000;90.80999756
SE;SUDESTE;2013-09-03;17354.00000000;99.19999695;16672.00000000;95.30999756
N;NORTE;2013-09-04;1405.00000000;89.61000061;1387.00000000;88.45999908
NE;NORDESTE;2013-09-04;1959.00000000;64.94999695;1937.00000000;64.22000122
S;SUL;2013-09-04;11356.00000000;96.44000244;10279.00000000;87.29000092
SE;SUDESTE;2013-09-04;17384.00000000;99.37999725;16716.00000000;95.55999756
N;NORTE;2013-09-05;1449.00000000;92.41999817;1426.00000000;90.94999695
NE;NORDESTE;2013-09-05;1938.00000000;64.25000000;1924.00000000;63.79000092
S;SUL;2013-09-05;10394.00000000;88.26999664;9618.00000000;81.68000031
SE;SUDESTE;2013-09-05;17501.00000000;100.04000092;16882.00000000;96.51000214
N;NORTE;2013-09-06;1482.00000000;94.51999664;1463.00000000;93.30999756
NE;NORDESTE;2013-09-06;1910.00000000;63.31999969;1886.00000000;62.52999878
S;SUL;2013-09-06;9505.00000000;80.72000122;8807.00000000;74.79000092
SE;SUDESTE;2013-09-06;17645.00000000;100.87000275;17066.00000000;97.55999756
N;NORTE;2013-09-07;1485.00000000;94.70999908;1467.00000000;93.56999969
NE;NORDESTE;2013-09-07;1879.00000000;62.29999924;1855.00000000;61.50000000
S;SUL;2013-09-07;8751.00000000;74.30999756;8108.00000000;68.84999847
SE;SUDESTE;2013-09-07;17615.00000000;100.69999695;17341.00000000;99.12999725
N;NORTE;2013-09-08;1506.00000000;96.05000305;1485.00000000;94.70999908
NE;NORDESTE;2013-09-08;1849.00000000;61.29999924;1824.00000000;60.47000122
S;SUL;2013-09-08;8122.00000000;68.97000122;7638.00000000;64.86000061
SE;SUDESTE;2013-09-08;17626.00000000;100.76000214;17372.00000000;99.30999756
N;NORTE;2013-09-09;1506.00000000;96.05000305;1479.00000000;94.33000183
NE;NORDESTE;2013-09-09;1827.00000000;60.56999969;1802.00000000;59.74000168
S;SUL;2013-09-09;7600.00000000;64.54000092;7279.00000000;61.81000137
SE;SUDESTE;2013-09-09;17588.00000000;100.54000092;17154.00000000;98.05999756
N;NORTE;2013-09-10;1494.00000000;95.29000092;1465.00000000;93.44000244
NE;NORDESTE;2013-09-10;1812.00000000;60.06999969;1787.00000000;59.25000000
S;SUL;2013-09-10;7082.00000000;60.13999939;6780.00000000;57.58000183
SE;SUDESTE;2013-09-10;17309.00000000;98.94999695;16897.00000000;96.58999634
N;NORTE;2013-09-11;1504.00000000;95.93000031;1475.00000000;94.08000183
NE;NORDESTE;2013-09-11;1797.00000000;59.58000183;1772.00000000;58.75000000
S;SUL;2013-09-11;6579.00000000;55.86999893;6297.00000000;53.47000122
SE;SUDESTE;2013-09-11;17065.00000000;97.55000305;16800.00000000;96.04000092
N;NORTE;2013-09-12;1509.00000000;96.23999786;1480.00000000;94.38999939
NE;NORDESTE;2013-09-12;1782.00000000;59.08000183;1756.00000000;58.22000122
S;SUL;2013-09-12;6139.00000000;52.13000107;5866.00000000;49.81000137
SE;SUDESTE;2013-09-12;16867.00000000;96.41999817;16525.00000000;94.47000122
N;NORTE;2013-09-13;1491.00000000;95.09999847;1461.00000000;93.18000031
NE;NORDESTE;2013-09-13;1767.00000000;58.58000183;1742.00000000;57.75000000
S;SUL;2013-09-13;5870.00000000;49.84999847;5672.00000000;48.16999817
SE;SUDESTE;2013-09-13;16632.00000000;95.08000183;16352.00000000;93.48000336
N;NORTE;2013-09-14;1453.00000000;92.66999817;1433.00000000;91.40000153
NE;NORDESTE;2013-09-14;1751.00000000;58.04999924;1751.00000000;58.04999924
S;SUL;2013-09-14;5548.00000000;47.11000061;5473.00000000;46.47999954
SE;SUDESTE;2013-09-14;16509.00000000;94.37000275;16223.00000000;92.73999786
N;NORTE;2013-09-15;1437.00000000;91.65000153;1432.00000000;91.33000183
NE;NORDESTE;2013-09-15;1740.00000000;57.68999863;1715.00000000;56.86000061
S;SUL;2013-09-15;5447.00000000;46.25999832;5393.00000000;45.79999924
SE;SUDESTE;2013-09-15;16534.00000000;94.51999664;16241.00000000;92.83999634
N;NORTE;2013-09-16;1397.00000000;89.09999847;1397.00000000;89.09999847
NE;NORDESTE;2013-09-16;1735.00000000;57.52000046;1710.00000000;56.68999863
S;SUL;2013-09-16;6581.00000000;55.88999939;6498.00000000;55.18000031
SE;SUDESTE;2013-09-16;16480.00000000;94.20999908;16080.00000000;91.91999817
N;NORTE;2013-09-17;1326.00000000;84.56999969;1326.00000000;84.56999969
NE;NORDESTE;2013-09-17;1737.00000000;57.59000015;1712.00000000;56.75999832
S;SUL;2013-09-17;9097.00000000;77.25000000;8777.00000000;74.54000092
SE;SUDESTE;2013-09-17;16421.00000000;93.87000275;15889.00000000;90.83000183
N;NORTE;2013-09-18;1250.00000000;79.73000336;1250.00000000;79.73000336
NE;NORDESTE;2013-09-18;1747.00000000;57.91999817;1723.00000000;57.11999893
S;SUL;2013-09-18;11198.00000000;95.08999634;10724.00000000;91.06999969
SE;SUDESTE;2013-09-18;16521.00000000;94.44000244;15962.00000000;91.25000000
N;NORTE;2013-09-19;1187.00000000;75.70999908;1178.00000000;75.12999725
NE;NORDESTE;2013-09-19;1770.00000000;58.68000031;1745.00000000;57.84999847
S;SUL;2013-09-19;11331.00000000;96.22000122;11009.00000000;93.48999786
SE;SUDESTE;2013-09-19;16934.00000000;96.80000305;16480.00000000;94.20999908
N;NORTE;2013-09-20;1125.00000000;71.75000000;1107.00000000;70.59999847
NE;NORDESTE;2013-09-20;1798.00000000;59.61000061;1773.00000000;58.77999878
S;SUL;2013-09-20;12468.00000000;105.87999725;11836.00000000;100.51000214
SE;SUDESTE;2013-09-20;17385.00000000;99.37999725;16979.00000000;97.05999756
N;NORTE;2013-09-21;1107.00000000;70.59999847;1088.00000000;69.38999939
NE;NORDESTE;2013-09-21;1822.00000000;60.40999985;1798.00000000;59.61000061
S;SUL;2013-09-21;27867.00000000;236.64999390;16990.00000000;144.27999878
SE;SUDESTE;2013-09-21;17864.00000000;102.12000275;17735.00000000;101.37999725
N;NORTE;2013-09-22;1116.00000000;71.18000031;1100.00000000;70.16000366
NE;NORDESTE;2013-09-22;1841.00000000;61.04000092;1819.00000000;60.31000137
S;SUL;2013-09-22;44381.00000000;376.89001465;15429.00000000;131.02999878
SE;SUDESTE;2013-09-22;18197.00000000;104.01999664;18102.00000000;103.48000336
N;NORTE;2013-09-23;1119.00000000;71.37000275;1113.00000000;70.98999786
NE;NORDESTE;2013-09-23;1864.00000000;61.79999924;1838.00000000;60.93999863
S;SUL;2013-09-23;51525.00000000;437.55999756;26575.00000000;225.67999268
SE;SUDESTE;2013-09-23;18688.00000000;106.83000183;18390.00000000;105.12999725
N;NORTE;2013-09-24;1122.00000000;71.55999756;1122.00000000;71.55999756
NE;NORDESTE;2013-09-24;1869.00000000;61.95999908;1849.00000000;61.29999924
S;SUL;2013-09-24;47340.00000000;402.01998901;28125.00000000;238.83999634
SE;SUDESTE;2013-09-24;19438.00000000;111.12000275;18954.00000000;108.34999847
N;NORTE;2013-09-25;1142.00000000;72.83999634;1142.00000000;72.83999634
NE;NORDESTE;2013-09-25;1868.00000000;61.93000031;1844.00000000;61.13999939
S;SUL;2013-09-25;39047.00000000;331.58999634;27323.00000000;232.02999878
SE;SUDESTE;2013-09-25;19998.00000000;114.31999969;19484.00000000;111.37999725
N;NORTE;2013-09-26;1148.00000000;73.22000122;1148.00000000;73.22000122
NE;NORDESTE;2013-09-26;1885.00000000;62.49000168;1865.00000000;61.83000183
S;SUL;2013-09-26;31811.00000000;270.14001465;22345.00000000;189.75999451
SE;SUDESTE;2013-09-26;20339.00000000;116.26999664;19950.00000000;114.04000092
N;NORTE;2013-09-27;1164.00000000;74.23999786;1164.00000000;74.23999786
NE;NORDESTE;2013-09-27;1897.00000000;62.88999939;1874.00000000;62.13000107
S;SUL;2013-09-27;26411.00000000;224.28999329;19049.00000000;161.77000427
SE;SUDESTE;2013-09-27;20571.00000000;117.58999634;20295.00000000;116.01999664
N;NORTE;2013-09-28;1196.00000000;76.27999878;1196.00000000;76.27999878
NE;NORDESTE;2013-09-28;1874.00000000;62.13000107;1860.00000000;61.66999817
S;SUL;2013-09-28;23442.00000000;199.07000732;15188.00000000;128.97999573
SE;SUDESTE;2013-09-28;20607.00000000;117.80000305;20481.00000000;117.08000183
N;NORTE;2013-09-29;1189.00000000;75.83000183;1189.00000000;75.83000183
NE;NORDESTE;2013-09-29;1830.00000000;60.66999817;1792.00000000;59.40999985
S;SUL;2013-09-29;22043.00000000;187.19000244;10500.00000000;89.16999817
SE;SUDESTE;2013-09-29;20574.00000000;117.61000061;20467.00000000;117.00000000
N;NORTE;2013-09-30;1176.00000000;75.01000214;1176.00000000;75.01000214
NE;NORDESTE;2013-09-30;1796.00000000;59.54000092;1788.00000000;59.27999878
S;SUL;2013-09-30;20989.00000000;178.24000549;12698.00000000;107.83000183
SE;SUDESTE;2013-09-30;20607.00000000;117.80000305;20169.00000000;115.30000305
N;NORTE;2013-10-01;1167.00000000;65.75000000;1167.00000000;65.75000000
NE;NORDESTE;2013-10-01;1776.00000000;53.95999908;1744.00000000;52.97999954
S;SUL;2013-10-01;20428.00000000;152.72000122;13834.00000000;103.41999817
SE;SUDESTE;2013-10-01;21073.00000000;100.69999695;20727.00000000;99.05000305
N;NORTE;2013-10-02;1168.00000000;65.80000305;1168.00000000;65.80000305
NE;NORDESTE;2013-10-02;1754.00000000;53.29000092;1730.00000000;52.56000137
S;SUL;2013-10-02;19927.00000000;148.97000122;13876.00000000;103.73999786
SE;SUDESTE;2013-10-02;21908.00000000;104.69000244;21535.00000000;102.91000366
N;NORTE;2013-10-03;1182.00000000;66.58999634;1182.00000000;66.58999634
NE;NORDESTE;2013-10-03;1735.00000000;52.70999908;1708.00000000;51.88999939
S;SUL;2013-10-03;19264.00000000;144.02000427;12805.00000000;95.73000336
SE;SUDESTE;2013-10-03;23451.00000000;112.06999969;23026.00000000;110.04000092
N;NORTE;2013-10-04;1195.00000000;67.33000183;1195.00000000;67.33000183
NE;NORDESTE;2013-10-04;1698.00000000;51.59000015;1677.00000000;50.95000076
S;SUL;2013-10-04;19437.00000000;145.30999756;12763.00000000;95.41000366
SE;SUDESTE;2013-10-04;26201.00000000;125.20999908;25549.00000000;122.08999634
N;NORTE;2013-10-05;1194.00000000;67.26999664;1194.00000000;67.26999664
NE;NORDESTE;2013-10-05;1662.00000000;50.49000168;1642.00000000;49.88999939
S;SUL;2013-10-05;18791.00000000;140.47999573;14244.00000000;106.48999786
SE;SUDESTE;2013-10-05;29616.00000000;141.52999878;28346.00000000;135.46000671
N;NORTE;2013-10-06;1198.00000000;67.48999786;1198.00000000;67.48999786
NE;NORDESTE;2013-10-06;1644.00000000;49.95000076;1620.00000000;49.22000122
S;SUL;2013-10-06;17495.00000000;130.78999329;9980.00000000;74.61000061
SE;SUDESTE;2013-10-06;31120.00000000;148.71000671;29760.00000000;142.22000122
N;NORTE;2013-10-07;1215.00000000;68.44999695;1215.00000000;68.44999695
NE;NORDESTE;2013-10-07;1639.00000000;49.79000092;1625.00000000;49.36999893
S;SUL;2013-10-07;16158.00000000;120.80000305;12638.00000000;94.48000336
SE;SUDESTE;2013-10-07;31198.00000000;149.08999634;30298.00000000;144.78999329
N;NORTE;2013-10-08;1221.00000000;68.79000092;1221.00000000;68.79000092
NE;NORDESTE;2013-10-08;1627.00000000;49.43000031;1600.00000000;48.61000061
S;SUL;2013-10-08;14863.00000000;111.11000061;13384.00000000;100.05999756
SE;SUDESTE;2013-10-08;31166.00000000;148.92999268;30740.00000000;146.89999390
N;NORTE;2013-10-09;1232.00000000;69.41000366;1232.00000000;69.41000366
NE;NORDESTE;2013-10-09;1607.00000000;48.81999969;1582.00000000;48.06000137
S;SUL;2013-10-09;13703.00000000;102.44000244;12730.00000000;95.16999817
SE;SUDESTE;2013-10-09;30599.00000000;146.22999573;29939.00000000;143.07000732
N;NORTE;2013-10-10;1246.00000000;70.19999695;1246.00000000;70.19999695
NE;NORDESTE;2013-10-10;1595.00000000;48.45999908;1569.00000000;47.66999817
S;SUL;2013-10-10;12698.00000000;94.93000031;12021.00000000;89.87000275
SE;SUDESTE;2013-10-10;29324.00000000;140.13000488;28879.00000000;138.00999451
N;NORTE;2013-10-11;1257.00000000;70.81999969;1257.00000000;70.81999969
NE;NORDESTE;2013-10-11;1717.00000000;52.15999985;1693.00000000;51.43000031
S;SUL;2013-10-11;11898.00000000;88.94999695;11388.00000000;85.13999939
SE;SUDESTE;2013-10-11;28044.00000000;134.02000427;27698.00000000;132.36000061
N;NORTE;2013-10-12;1261.00000000;71.04000092;1261.00000000;71.04000092
NE;NORDESTE;2013-10-12;1948.00000000;59.18000031;1923.00000000;58.41999817
S;SUL;2013-10-12;10965.00000000;81.97000122;10594.00000000;79.19999695
SE;SUDESTE;2013-10-12;26756.00000000;127.86000061;26566.00000000;126.94999695
N;NORTE;2013-10-13;1256.00000000;70.76000214;1256.00000000;70.76000214
NE;NORDESTE;2013-10-13;1932.00000000;58.70000076;1909.00000000;58.00000000
S;SUL;2013-10-13;10182.00000000;76.12000275;10043.00000000;75.08000183
SE;SUDESTE;2013-10-13;25550.00000000;122.09999847;24971.00000000;119.33000183
N;NORTE;2013-10-14;1244.00000000;70.08999634;1244.00000000;70.08999634
NE;NORDESTE;2013-10-14;1604.00000000;48.72999954;1577.00000000;47.90999985
S;SUL;2013-10-14;9446.00000000;70.62000275;9015.00000000;67.40000153
SE;SUDESTE;2013-10-14;24560.00000000;117.37000275;24305.00000000;116.15000153
N;NORTE;2013-10-15;1260.00000000;70.98999786;1260.00000000;70.98999786
NE;NORDESTE;2013-10-15;1640.00000000;49.81999969;1614.00000000;49.02999878
S;SUL;2013-10-15;9038.00000000;66.73000336;8690.00000000;64.16000366
SE;SUDESTE;2013-10-15;23789.00000000;113.68000031;23439.00000000;112.01000214
N;NORTE;2013-10-16;1320.00000000;74.37000275;1320.00000000;74.37000275
NE;NORDESTE;2013-10-16;1682.00000000;51.09999847;1657.00000000;50.34000015
S;SUL;2013-10-16;8625.00000000;63.68000031;8306.00000000;61.31999969
SE;SUDESTE;2013-10-16;23365.00000000;111.66000366;22942.00000000;109.62999725
N;NORTE;2013-10-17;1365.00000000;76.90000153;1349.00000000;76.00000000
NE;NORDESTE;2013-10-17;1753.00000000;53.25999832;1727.00000000;52.47000122
S;SUL;2013-10-17;8813.00000000;65.05999756;8610.00000000;63.56999969
SE;SUDESTE;2013-10-17;23190.00000000;110.81999969;22546.00000000;107.73999786
N;NORTE;2013-10-18;1434.00000000;80.79000092;1434.00000000;80.79000092
NE;NORDESTE;2013-10-18;1835.00000000;55.75000000;1810.00000000;54.99000168
S;SUL;2013-10-18;8947.00000000;66.05000305;8804.00000000;65.00000000
SE;SUDESTE;2013-10-18;23490.00000000;112.25000000;22936.00000000;109.61000061
N;NORTE;2013-10-19;1470.00000000;82.81999969;1470.00000000;82.81999969
NE;NORDESTE;2013-10-19;2019.00000000;61.34000015;1993.00000000;60.54999924
S;SUL;2013-10-19;8404.00000000;62.04999924;8290.00000000;61.20000076
SE;SUDESTE;2013-10-19;24079.00000000;115.06999969;23558.00000000;112.58000183
N;NORTE;2013-10-20;1485.00000000;83.66000366;1485.00000000;83.66000366
NE;NORDESTE;2013-10-20;2216.00000000;67.31999969;2191.00000000;66.55999756
S;SUL;2013-10-20;7857.00000000;58.00999832;7752.00000000;57.22999954
SE;SUDESTE;2013-10-20;24611.00000000;117.61000061;24155.00000000;115.43000031
N;NORTE;2013-10-21;1482.00000000;83.48999786;1482.00000000;83.48999786
NE;NORDESTE;2013-10-21;2366.00000000;71.87999725;2346.00000000;71.26999664
S;SUL;2013-10-21;8616.00000000;63.61000061;8526.00000000;62.95000076
SE;SUDESTE;2013-10-21;24896.00000000;118.97000122;24487.00000000;117.01999664
N;NORTE;2013-10-22;1496.00000000;84.27999878;1496.00000000;84.27999878
NE;NORDESTE;2013-10-22;2492.00000000;75.70999908;2467.00000000;74.94999695
S;SUL;2013-10-22;10299.00000000;76.04000092;9956.00000000;73.50000000
SE;SUDESTE;2013-10-22;24864.00000000;118.81999969;24411.00000000;116.65000153
N;NORTE;2013-10-23;1534.00000000;86.41999817;1534.00000000;86.41999817
NE;NORDESTE;2013-10-23;2598.00000000;78.93000031;2575.00000000;78.23000336
S;SUL;2013-10-23;10712.00000000;79.08000183;10057.00000000;74.25000000
SE;SUDESTE;2013-10-23;24744.00000000;118.25000000;24352.00000000;116.37000275
N;NORTE;2013-10-24;1591.00000000;89.63999939;1591.00000000;89.63999939
NE;NORDESTE;2013-10-24;2645.00000000;80.36000061;2619.00000000;79.56999969
S;SUL;2013-10-24;16556.00000000;122.23000336;14069.00000000;103.87000275
SE;SUDESTE;2013-10-24;24523.00000000;117.19000244;24162.00000000;115.45999908
N;NORTE;2013-10-25;1655.00000000;93.23999786;1655.00000000;93.23999786
NE;NORDESTE;2013-10-25;2676.00000000;81.30000305;2651.00000000;80.54000092
S;SUL;2013-10-25;19808.00000000;146.24000549;14831.00000000;109.48999786
SE;SUDESTE;2013-10-25;24270.00000000;115.98000336;23966.00000000;114.52999878
N;NORTE;2013-10-26;1709.00000000;96.27999878;1709.00000000;96.27999878
NE;NORDESTE;2013-10-26;2612.00000000;79.34999847;2586.00000000;78.55999756
S;SUL;2013-10-26;18717.00000000;138.17999268;15849.00000000;117.01000214
SE;SUDESTE;2013-10-26;23978.00000000;114.58000183;23730.00000000;113.40000153
N;NORTE;2013-10-27;1765.00000000;99.44000244;1765.00000000;99.44000244
NE;NORDESTE;2013-10-27;2621.00000000;79.62999725;2596.00000000;78.87000275
S;SUL;2013-10-27;19035.00000000;140.52999878;15929.00000000;117.59999847
SE;SUDESTE;2013-10-27;23199.00000000;110.86000061;22344.00000000;106.77999878
N;NORTE;2013-10-28;1816.00000000;102.30999756;1816.00000000;102.30999756
NE;NORDESTE;2013-10-28;2399.00000000;72.87999725;2380.00000000;72.30999756
S;SUL;2013-10-28;16630.00000000;122.77999878;14926.00000000;110.19999695
SE;SUDESTE;2013-10-28;22603.00000000;108.01000214;22421.00000000;107.13999939
N;NORTE;2013-10-29;1847.00000000;104.05999756;1847.00000000;104.05999756
NE;NORDESTE;2013-10-29;2361.00000000;71.73000336;2346.00000000;71.26999664
S;SUL;2013-10-29;13995.00000000;103.31999969;13055.00000000;96.37999725
SE;SUDESTE;2013-10-29;21935.00000000;104.81999969;21755.00000000;103.95999908
N;NORTE;2013-10-30;1866.00000000;105.12999725;1866.00000000;105.12999725
NE;NORDESTE;2013-10-30;2329.00000000;70.76000214;2309.00000000;70.15000153
S;SUL;2013-10-30;11833.00000000;87.36000061;11480.00000000;84.75000000
SE;SUDESTE;2013-10-30;21085.00000000;100.76000214;20882.00000000;99.79000092
N;NORTE;2013-10-31;1903.00000000;107.20999908;1903.00000000;107.20999908
NE;NORDESTE;2013-10-31;2299.00000000;69.84999847;2299.00000000;69.84999847
S;SUL;2013-10-31;10252.00000000;75.69000244;9899.00000000;73.08000183
SE;SUDESTE;2013-10-31;20287.00000000;96.94999695;20115.00000000;96.12000275
N;NORTE;2013-11-01;1947.00000000;66.69999695;1947.00000000;66.69999695
NE;NORDESTE;2013-11-01;2294.00000000;42.63000107;2291.00000000;42.58000183
S;SUL;2013-11-01;8992.00000000;94.62000275;8401.00000000;88.40000153
SE;SUDESTE;2013-11-01;19847.00000000;73.62000275;19714.00000000;73.12999725
N;NORTE;2013-11-02;1975.00000000;67.66000366;1975.00000000;67.66000366
NE;NORDESTE;2013-11-02;2307.00000000;42.86999893;2307.00000000;42.86999893
S;SUL;2013-11-02;8032.00000000;84.51999664;7929.00000000;83.43000031
SE;SUDESTE;2013-11-02;19621.00000000;72.77999878;19472.00000000;72.23000336
N;NORTE;2013-11-03;1987.00000000;68.06999969;1987.00000000;68.06999969
NE;NORDESTE;2013-11-03;2532.00000000;47.04999924;2532.00000000;47.04999924
S;SUL;2013-11-03;7502.00000000;78.94000244;7439.00000000;78.27999878
SE;SUDESTE;2013-11-03;19711.00000000;73.12000275;19573.00000000;72.59999847
N;NORTE;2013-11-04;2032.00000000;69.61000061;2032.00000000;69.61000061
NE;NORDESTE;2013-11-04;2480.00000000;46.09000015;2470.00000000;45.90000153
S;SUL;2013-11-04;7268.00000000;76.48000336;7206.00000000;75.83000183
SE;SUDESTE;2013-11-04;19786.00000000;73.38999939;19632.00000000;72.81999969
N;NORTE;2013-11-05;2079.00000000;71.22000122;2079.00000000;71.22000122
NE;NORDESTE;2013-11-05;2500.00000000;46.45999908;2491.00000000;46.29000092
S;SUL;2013-11-05;6946.00000000;73.08999634;6872.00000000;72.30999756
SE;SUDESTE;2013-11-05;19957.00000000;74.02999878;19737.00000000;73.20999908
N;NORTE;2013-11-06;2128.00000000;72.90000153;2128.00000000;72.90000153
NE;NORDESTE;2013-11-06;2431.00000000;45.18000031;2423.00000000;45.02999878
S;SUL;2013-11-06;6521.00000000;68.62000275;6443.00000000;67.80000305
SE;SUDESTE;2013-11-06;20601.00000000;76.41999817;20385.00000000;75.62000275
N;NORTE;2013-11-07;2172.00000000;74.41000366;2172.00000000;74.41000366
NE;NORDESTE;2013-11-07;2381.00000000;44.25000000;2372.00000000;44.08000183
S;SUL;2013-11-07;6082.00000000;64.00000000;5884.00000000;61.91999817
SE;SUDESTE;2013-11-07;21956.00000000;81.44000244;21650.00000000;80.30999756
N;NORTE;2013-11-08;2214.00000000;75.84999847;2214.00000000;75.84999847
NE;NORDESTE;2013-11-08;2327.00000000;43.25000000;2318.00000000;43.08000183
S;SUL;2013-11-08;5685.00000000;59.81999969;5580.00000000;58.72000122
SE;SUDESTE;2013-11-08;23222.00000000;86.13999939;22914.00000000;85.00000000
N;NORTE;2013-11-09;2258.00000000;77.34999847;2258.00000000;77.34999847
NE;NORDESTE;2013-11-09;2283.00000000;42.43000031;2283.00000000;42.43000031
S;SUL;2013-11-09;5248.00000000;55.22000122;5191.00000000;54.61999893
SE;SUDESTE;2013-11-09;24370.00000000;90.40000153;24181.00000000;89.69999695
N;NORTE;2013-11-10;2303.00000000;78.88999939;2303.00000000;78.88999939
NE;NORDESTE;2013-11-10;2263.00000000;42.06000137;2263.00000000;42.06000137
S;SUL;2013-11-10;5163.00000000;54.33000183;5100.00000000;53.66999817
SE;SUDESTE;2013-11-10;24343.00000000;90.30000305;24209.00000000;89.80000305
N;NORTE;2013-11-11;2339.00000000;80.12999725;2332.00000000;79.88999939
NE;NORDESTE;2013-11-11;2265.00000000;42.09000015;2265.00000000;42.09000015
S;SUL;2013-11-11;7442.00000000;78.30999756;7238.00000000;76.16000366
SE;SUDESTE;2013-11-11;24052.00000000;89.22000122;23799.00000000;88.27999878
N;NORTE;2013-11-12;2386.00000000;81.73999786;2330.00000000;79.81999969
NE;NORDESTE;2013-11-12;2279.00000000;42.34999847;2279.00000000;42.34999847
S;SUL;2013-11-12;8492.00000000;89.36000061;7555.00000000;79.50000000
SE;SUDESTE;2013-11-12;23728.00000000;88.01999664;23417.00000000;86.86000061
N;NORTE;2013-11-13;2453.00000000;84.02999878;2453.00000000;84.02999878
NE;NORDESTE;2013-11-13;2302.00000000;42.77999878;2302.00000000;42.77999878
S;SUL;2013-11-13;8600.00000000;90.50000000;7880.00000000;82.91999817
SE;SUDESTE;2013-11-13;23332.00000000;86.55000305;23048.00000000;85.48999786
N;NORTE;2013-11-14;2535.00000000;86.83999634;2535.00000000;86.83999634
NE;NORDESTE;2013-11-14;2322.00000000;43.15000153;2292.00000000;42.59000015
S;SUL;2013-11-14;7586.00000000;79.83000183;7311.00000000;76.93000031
SE;SUDESTE;2013-11-14;23125.00000000;85.77999878;22871.00000000;84.83999634
N;NORTE;2013-11-15;2606.00000000;89.26999664;2606.00000000;89.26999664
NE;NORDESTE;2013-11-15;2344.00000000;43.56000137;2344.00000000;43.56000137
S;SUL;2013-11-15;6557.00000000;69.00000000;6290.00000000;66.19000244
SE;SUDESTE;2013-11-15;22898.00000000;84.94000244;22772.00000000;84.47000122
N;NORTE;2013-11-16;2677.00000000;91.70999908;2677.00000000;91.70999908
NE;NORDESTE;2013-11-16;2370.00000000;44.04000092;2370.00000000;44.04000092
S;SUL;2013-11-16;6259.00000000;65.86000061;6038.00000000;63.54000092
SE;SUDESTE;2013-11-16;22633.00000000;83.95999908;22476.00000000;83.37000275
N;NORTE;2013-11-17;2716.00000000;93.04000092;2716.00000000;93.04000092
NE;NORDESTE;2013-11-17;2395.00000000;44.50999832;2395.00000000;44.50999832
S;SUL;2013-11-17;5876.00000000;61.83000183;5663.00000000;59.59000015
SE;SUDESTE;2013-11-17;22423.00000000;83.18000031;22285.00000000;82.66000366
N;NORTE;2013-11-18;2714.00000000;92.97000122;2710.00000000;92.83999634
NE;NORDESTE;2013-11-18;2402.00000000;44.63999939;2402.00000000;44.63999939
S;SUL;2013-11-18;5490.00000000;57.77000046;5408.00000000;56.90999985
SE;SUDESTE;2013-11-18;22209.00000000;82.37999725;22048.00000000;81.79000092
N;NORTE;2013-11-19;2707.00000000;92.73000336;2702.00000000;92.55999756
NE;NORDESTE;2013-11-19;2382.00000000;44.27000046;2382.00000000;44.27000046
S;SUL;2013-11-19;5437.00000000;57.20999908;5231.00000000;55.04000092
SE;SUDESTE;2013-11-19;22383.00000000;83.02999878;22033.00000000;81.73000336
N;NORTE;2013-11-20;2714.00000000;92.97000122;2708.00000000;92.76999664
NE;NORDESTE;2013-11-20;2370.00000000;44.04000092;2356.00000000;43.77999878
S;SUL;2013-11-20;6113.00000000;64.33000183;5816.00000000;61.20000076
SE;SUDESTE;2013-11-20;22632.00000000;83.94999695;22295.00000000;82.69999695
N;NORTE;2013-11-21;2754.00000000;94.33999634;2748.00000000;94.13999939
NE;NORDESTE;2013-11-21;2379.00000000;44.20999908;2379.00000000;44.20999908
S;SUL;2013-11-21;7358.00000000;77.43000031;7001.00000000;73.66999817
SE;SUDESTE;2013-11-21;22867.00000000;84.81999969;22563.00000000;83.69999695
N;NORTE;2013-11-22;2768.00000000;94.81999969;2761.00000000;94.58000183
NE;NORDESTE;2013-11-22;2411.00000000;44.81000137;2398.00000000;44.56000137
S;SUL;2013-11-22;8208.00000000;86.37000275;7874.00000000;82.86000061
SE;SUDESTE;2013-11-22;23048.00000000;85.48999786;22738.00000000;84.33999634
N;NORTE;2013-11-23;2801.00000000;95.94999695;2789.00000000;95.54000092
NE;NORDESTE;2013-11-23;2456.00000000;45.63999939;2432.00000000;45.20000076
S;SUL;2013-11-23;7935.00000000;83.50000000;7736.00000000;81.40000153
SE;SUDESTE;2013-11-23;23723.00000000;88.00000000;23405.00000000;86.81999969
N;NORTE;2013-11-24;2838.00000000;97.22000122;2791.00000000;95.61000061
NE;NORDESTE;2013-11-24;2541.00000000;47.22000122;2516.00000000;46.75999832
S;SUL;2013-11-24;7136.00000000;75.08999634;6948.00000000;73.11000061
SE;SUDESTE;2013-11-24;24505.00000000;90.90000153;24234.00000000;89.88999939
N;NORTE;2013-11-25;2903.00000000;99.44999695;2881.00000000;98.69999695
NE;NORDESTE;2013-11-25;2631.00000000;48.88999939;2618.00000000;48.65000153
S;SUL;2013-11-25;6500.00000000;68.40000153;6397.00000000;67.30999756
SE;SUDESTE;2013-11-25;25339.00000000;93.98999786;25104.00000000;93.12000275
N;NORTE;2013-11-26;2956.00000000;101.26000214;2930.00000000;100.37000275
NE;NORDESTE;2013-11-26;2948.00000000;54.79000092;2928.00000000;54.40999985
S;SUL;2013-11-26;6040.00000000;63.56000137;5950.00000000;62.61000061
SE;SUDESTE;2013-11-26;27241.00000000;101.05000305;26909.00000000;99.81999969
N;NORTE;2013-11-27;3033.00000000;103.90000153;3005.00000000;102.94000244
NE;NORDESTE;2013-11-27;3678.00000000;68.34999847;3665.00000000;68.11000061
S;SUL;2013-11-27;5729.00000000;60.27999878;5627.00000000;59.20999908
SE;SUDESTE;2013-11-27;29731.00000000;110.27999878;29264.00000000;108.55000305
N;NORTE;2013-11-28;3088.00000000;105.79000092;3060.00000000;104.83000183
NE;NORDESTE;2013-11-28;4001.00000000;74.34999847;3987.00000000;74.08999634
S;SUL;2013-11-28;5421.00000000;57.04000092;5355.00000000;56.34999847
SE;SUDESTE;2013-11-28;32816.00000000;121.73000336;32264.00000000;119.68000031
N;NORTE;2013-11-29;3127.00000000;107.12000275;3100.00000000;106.19999695
NE;NORDESTE;2013-11-29;4126.00000000;76.68000031;4102.00000000;76.23000336
S;SUL;2013-11-29;5380.00000000;56.61000061;5324.00000000;56.02000046
SE;SUDESTE;2013-11-29;33888.00000000;125.69999695;33457.00000000;124.11000061
N;NORTE;2013-11-30;3177.00000000;108.83999634;3154.00000000;108.05000305
NE;NORDESTE;2013-11-30;4164.00000000;77.37999725;4140.00000000;76.94000244
S;SUL;2013-11-30;5625.00000000;59.18999863;5428.00000000;57.11999893
SE;SUDESTE;2013-11-30;33841.00000000;125.52999878;33562.00000000;124.50000000
N;NORTE;2013-12-01;3216.00000000;57.18999863;3196.00000000;56.83000183
NE;NORDESTE;2013-12-01;4261.00000000;42.66999817;4247.00000000;42.52999878
S;SUL;2013-12-01;6005.00000000;79.20999908;5801.00000000;76.51999664
SE;SUDESTE;2013-12-01;35049.00000000;85.98999786;34683.00000000;85.08999634
N;NORTE;2013-12-02;3258.00000000;57.93000031;3244.00000000;57.68000031
NE;NORDESTE;2013-12-02;4252.00000000;42.58000183;4252.00000000;42.58000183
S;SUL;2013-12-02;6792.00000000;89.59999847;6740.00000000;88.91000366
SE;SUDESTE;2013-12-02;36540.00000000;89.65000153;35726.00000000;87.65000153
N;NORTE;2013-12-03;3300.00000000;58.68000031;3289.00000000;58.47999954
NE;NORDESTE;2013-12-03;4550.00000000;45.56999969;4550.00000000;45.56999969
S;SUL;2013-12-03;7221.00000000;95.26000214;7161.00000000;94.45999908
SE;SUDESTE;2013-12-03;37917.00000000;93.01999664;37014.00000000;90.80999756
N;NORTE;2013-12-04;3350.00000000;59.56999969;3346.00000000;59.50000000
NE;NORDESTE;2013-12-04;4380.00000000;43.86999893;4380.00000000;43.86999893
S;SUL;2013-12-04;6914.00000000;91.20999908;6862.00000000;90.51999664
SE;SUDESTE;2013-12-04;38638.00000000;94.79000092;37971.00000000;93.16000366
N;NORTE;2013-12-05;3396.00000000;60.38999939;3396.00000000;60.38999939
NE;NORDESTE;2013-12-05;4065.00000000;40.70999908;4065.00000000;40.70999908
S;SUL;2013-12-05;7609.00000000;100.37000275;7446.00000000;98.22000122
SE;SUDESTE;2013-12-05;38506.00000000;94.47000122;38142.00000000;93.58000183
N;NORTE;2013-12-06;3431.00000000;61.00999832;3431.00000000;61.00999832
NE;NORDESTE;2013-12-06;4101.00000000;41.06999969;4101.00000000;41.06999969
S;SUL;2013-12-06;10456.00000000;137.92999268;9304.00000000;122.73000336
SE;SUDESTE;2013-12-06;38364.00000000;94.12000275;37965.00000000;93.13999939
N;NORTE;2013-12-07;3444.00000000;61.24000168;3444.00000000;61.24000168
NE;NORDESTE;2013-12-07;4259.00000000;42.65000153;4236.00000000;42.41999817
S;SUL;2013-12-07;10451.00000000;137.86000061;9894.00000000;130.52000427
SE;SUDESTE;2013-12-07;38151.00000000;93.59999847;37815.00000000;92.76999664
N;NORTE;2013-12-08;3455.00000000;61.43000031;3455.00000000;61.43000031
NE;NORDESTE;2013-12-08;4542.00000000;45.49000168;4520.00000000;45.27000046
S;SUL;2013-12-08;9882.00000000;130.36000061;9670.00000000;127.55999756
SE;SUDESTE;2013-12-08;38096.00000000;93.45999908;37801.00000000;92.73999786
N;NORTE;2013-12-09;3471.00000000;61.72000122;3471.00000000;61.72000122
NE;NORDESTE;2013-12-09;4808.00000000;48.15000153;4796.00000000;48.02999878
S;SUL;2013-12-09;9652.00000000;127.31999969;9443.00000000;124.56999969
SE;SUDESTE;2013-12-09;38476.00000000;94.38999939;38084.00000000;93.43000031
N;NORTE;2013-12-10;3493.00000000;62.11000061;3493.00000000;62.11000061
NE;NORDESTE;2013-12-10;5159.00000000;51.66999817;5146.00000000;51.54000092
S;SUL;2013-12-10;9544.00000000;125.90000153;9435.00000000;124.45999908
SE;SUDESTE;2013-12-10;38309.00000000;93.98000336;37963.00000000;93.13999939
N;NORTE;2013-12-11;3517.00000000;62.54000092;3517.00000000;62.54000092
NE;NORDESTE;2013-12-11;5606.00000000;56.13999939;5593.00000000;56.00999832
S;SUL;2013-12-11;9026.00000000;119.06999969;8939.00000000;117.91999817
SE;SUDESTE;2013-12-11;38617.00000000;94.73999786;38155.00000000;93.61000061
N;NORTE;2013-12-12;3543.00000000;63.00000000;3543.00000000;63.00000000
NE;NORDESTE;2013-12-12;5991.00000000;60.00000000;5981.00000000;59.90000153
S;SUL;2013-12-12;8361.00000000;110.29000092;8297.00000000;109.44999695
SE;SUDESTE;2013-12-12;40199.00000000;98.62000275;39285.00000000;96.37999725
N;NORTE;2013-12-13;3575.00000000;63.56999969;3575.00000000;63.56999969
NE;NORDESTE;2013-12-13;6419.00000000;64.29000092;6419.00000000;64.29000092
S;SUL;2013-12-13;7802.00000000;102.91999817;7755.00000000;102.30000305
SE;SUDESTE;2013-12-13;42400.00000000;104.01999664;40540.00000000;99.45999908
N;NORTE;2013-12-14;3635.00000000;64.63999939;3635.00000000;64.63999939
NE;NORDESTE;2013-12-14;6757.00000000;67.66999817;6757.00000000;67.66999817
S;SUL;2013-12-14;7417.00000000;97.83999634;7349.00000000;96.94000244
SE;SUDESTE;2013-12-14;43107.00000000;105.76000214;41628.00000000;102.12999725
N;NORTE;2013-12-15;3697.00000000;65.73999786;3697.00000000;65.73999786
NE;NORDESTE;2013-12-15;7310.00000000;73.20999908;7310.00000000;73.20999908
S;SUL;2013-12-15;7536.00000000;99.41000366;7456.00000000;98.36000061
SE;SUDESTE;2013-12-15;42855.00000000;105.13999939;41576.00000000;102.00000000
N;NORTE;2013-12-16;3748.00000000;66.63999939;3748.00000000;66.63999939
NE;NORDESTE;2013-12-16;7554.00000000;75.65000153;7554.00000000;75.65000153
S;SUL;2013-12-16;7655.00000000;100.98000336;7608.00000000;100.36000061
SE;SUDESTE;2013-12-16;42665.00000000;104.66999817;41544.00000000;101.91999817
N;NORTE;2013-12-17;3828.00000000;68.06999969;3828.00000000;68.06999969
NE;NORDESTE;2013-12-17;7610.00000000;76.20999908;7610.00000000;76.20999908
S;SUL;2013-12-17;7333.00000000;96.73000336;7284.00000000;96.08999634
SE;SUDESTE;2013-12-17;43346.00000000;106.33999634;41953.00000000;102.91999817
N;NORTE;2013-12-18;3987.00000000;70.88999939;3987.00000000;70.88999939
NE;NORDESTE;2013-12-18;8152.00000000;81.63999939;8152.00000000;81.63999939
S;SUL;2013-12-18;6611.00000000;87.20999908;6565.00000000;86.59999847
SE;SUDESTE;2013-12-18;44601.00000000;109.41999817;42300.00000000;103.77999878
N;NORTE;2013-12-19;4235.00000000;75.30000305;4235.00000000;75.30000305
NE;NORDESTE;2013-12-19;9061.00000000;90.75000000;8702.00000000;87.15000153
S;SUL;2013-12-19;6037.00000000;79.63999939;5990.00000000;79.01999664
SE;SUDESTE;2013-12-19;44614.00000000;109.44999695;42111.00000000;103.30999756
N;NORTE;2013-12-20;4599.00000000;81.77999878;4599.00000000;81.77999878
NE;NORDESTE;2013-12-20;10467.00000000;104.83000183;9592.00000000;96.05999756
S;SUL;2013-12-20;5448.00000000;71.87000275;5402.00000000;71.26000214
SE;SUDESTE;2013-12-20;43373.00000000;106.41000366;41609.00000000;102.08000183
N;NORTE;2013-12-21;5098.00000000;90.65000153;5098.00000000;90.65000153
NE;NORDESTE;2013-12-21;12010.00000000;120.27999878;10439.00000000;104.55000305
S;SUL;2013-12-21;5010.00000000;66.08999634;4961.00000000;65.44000244
SE;SUDESTE;2013-12-21;43655.00000000;107.09999847;41527.00000000;101.87999725
N;NORTE;2013-12-22;5755.00000000;102.33000183;5538.00000000;98.47000122
NE;NORDESTE;2013-12-22;12746.00000000;127.65000153;11701.00000000;117.19000244
S;SUL;2013-12-22;4630.00000000;61.08000183;4573.00000000;60.31999969
SE;SUDESTE;2013-12-22;46379.00000000;113.77999878;42685.00000000;104.72000122
N;NORTE;2013-12-23;6541.00000000;116.30999756;6083.00000000;108.16000366
NE;NORDESTE;2013-12-23;13402.00000000;134.22000122;12536.00000000;125.55000305
S;SUL;2013-12-23;4308.00000000;56.83000183;4261.00000000;56.20999908
SE;SUDESTE;2013-12-23;48893.00000000;119.94999695;43175.00000000;105.91999817
N;NORTE;2013-12-24;7426.00000000;132.03999329;6749.00000000;120.01000214
NE;NORDESTE;2013-12-24;13820.00000000;138.41000366;12738.00000000;127.56999969
S;SUL;2013-12-24;3859.00000000;50.90999985;3806.00000000;50.20999908
SE;SUDESTE;2013-12-24;49446.00000000;121.30999756;42927.00000000;105.30999756
N;NORTE;2013-12-25;8404.00000000;149.44000244;7296.00000000;129.72999573
NE;NORDESTE;2013-12-25;14584.00000000;146.05999756;13518.00000000;135.38000488
S;SUL;2013-12-25;3649.00000000;48.13999939;3563.00000000;47.00000000
SE;SUDESTE;2013-12-25;48413.00000000;118.76999664;42282.00000000;103.73000336
N;NORTE;2013-12-26;9407.00000000;167.27000427;8561.00000000;152.22999573
NE;NORDESTE;2013-12-26;14525.00000000;145.47000122;13593.00000000;136.13999939
S;SUL;2013-12-26;3634.00000000;47.93999863;3576.00000000;47.16999817
SE;SUDESTE;2013-12-26;46820.00000000;114.87000275;41924.00000000;102.84999847
N;NORTE;2013-12-27;10306.00000000;183.25999451;9458.00000000;168.17999268
NE;NORDESTE;2013-12-27;14732.00000000;147.53999329;14051.00000000;140.72000122
S;SUL;2013-12-27;3593.00000000;47.40000153;3533.00000000;46.61000061
SE;SUDESTE;2013-12-27;46484.00000000;114.04000092;42193.00000000;103.51000214
N;NORTE;2013-12-28;11127.00000000;197.85000610;10520.00000000;187.05999756
NE;NORDESTE;2013-12-28;15310.00000000;153.33000183;14781.00000000;148.02999878
S;SUL;2013-12-28;3746.00000000;49.40999985;3691.00000000;48.68999863
SE;SUDESTE;2013-12-28;45277.00000000;111.08000183;41175.00000000;101.01999664
N;NORTE;2013-12-29;11740.00000000;208.75000000;11212.00000000;199.36999512
NE;NORDESTE;2013-12-29;15684.00000000;157.08000183;15051.00000000;150.74000549
S;SUL;2013-12-29;4157.00000000;54.84000015;4093.00000000;53.99000168
SE;SUDESTE;2013-12-29;42975.00000000;105.43000031;38958.00000000;95.58000183
N;NORTE;2013-12-30;12090.00000000;214.97999573;11482.00000000;204.16999817
NE;NORDESTE;2013-12-30;15576.00000000;155.99000549;15322.00000000;153.44999695
S;SUL;2013-12-30;4909.00000000;64.76000214;4842.00000000;63.86999893
SE;SUDESTE;2013-12-30;41426.00000000;101.62999725;38004.00000000;93.23999786
N;NORTE;2013-12-31;12285.00000000;218.44999695;11587.00000000;206.02999878
NE;NORDESTE;2013-12-31;15539.00000000;155.61999512;15119.00000000;151.41999817
S;SUL;2013-12-31;5587.00000000;73.69999695;5503.00000000;72.58999634
SE;SUDESTE;2013-12-31;40627.00000000;99.66999817;38246.00000000;93.83000183
