id_subsistema;nom_subsistema;ena_data;ena_bruta_regiao_mwmed;ena_bruta_regiao_percentualmlt;ena_armazenavel_regiao_mwmed;ena_armazenavel_regiao_percentualmlt
N;NORTE;2001-01-01;10154.00000000;122.33999634;9033.00000000;108.83999634
NE;NORDESTE;2001-01-01;13472.00000000;101.48000336;13385.00000000;100.83000183
S;SUL;2001-01-01;7703.00000000;160.91000366;7703.00000000;160.91000366
SE;SUDESTE;2001-01-01;39186.00000000;86.98000336;37611.00000000;83.48999786
N;NORTE;2001-01-02;9590.00000000;115.55000305;8091.00000000;97.48999786
NE;NORDESTE;2001-01-02;13551.00000000;102.08000183;13465.00000000;101.43000031
S;SUL;2001-01-02;6730.00000000;140.58000183;6730.00000000;140.58000183
SE;SUDESTE;2001-01-02;41230.00000000;91.51999664;40063.00000000;88.93000031
N;NORTE;2001-01-03;9066.00000000;109.23999786;7213.00000000;86.91000366
NE;NORDESTE;2001-01-03;13551.00000000;102.08000183;13461.00000000;101.40000153
S;SUL;2001-01-03;5935.00000000;123.98000336;5935.00000000;123.98000336
SE;SUDESTE;2001-01-03;42794.00000000;94.98999786;41489.00000000;92.08999634
N;NORTE;2001-01-04;8600.00000000;103.62000275;6422.00000000;77.37999725
NE;NORDESTE;2001-01-04;13406.00000000;100.98000336;13310.00000000;100.26000214
S;SUL;2001-01-04;5455.00000000;113.94999695;5455.00000000;113.94999695
SE;SUDESTE;2001-01-04;42602.00000000;94.55999756;41495.00000000;92.11000061
N;NORTE;2001-01-05;8219.00000000;99.02999878;5800.00000000;69.87999725
NE;NORDESTE;2001-01-05;13263.00000000;99.91000366;13159.00000000;99.12000275
S;SUL;2001-01-05;5278.00000000;110.25000000;5278.00000000;110.25000000
SE;SUDESTE;2001-01-05;42038.00000000;93.30999756;41178.00000000;91.40000153
N;NORTE;2001-01-06;7968.00000000;96.01000214;5484.00000000;66.08000183
NE;NORDESTE;2001-01-06;13055.00000000;98.33999634;12958.00000000;97.61000061
S;SUL;2001-01-06;4970.00000000;103.81999969;4970.00000000;103.81999969
SE;SUDESTE;2001-01-06;39928.00000000;88.62999725;39344.00000000;87.33000183
N;NORTE;2001-01-07;7809.00000000;94.08999634;5325.00000000;64.16000366
NE;NORDESTE;2001-01-07;12677.00000000;95.48999786;12589.00000000;94.83000183
S;SUL;2001-01-07;4950.00000000;103.40000153;4950.00000000;103.40000153
SE;SUDESTE;2001-01-07;37795.00000000;83.88999939;37469.00000000;83.16999817
N;NORTE;2001-01-08;7742.00000000;93.27999878;5250.00000000;63.25999832
NE;NORDESTE;2001-01-08;12209.00000000;91.97000122;12125.00000000;91.33000183
S;SUL;2001-01-08;5095.00000000;106.43000031;5095.00000000;106.43000031
SE;SUDESTE;2001-01-08;36123.00000000;80.18000031;35941.00000000;79.77999878
N;NORTE;2001-01-09;7758.00000000;93.48000336;5021.00000000;60.50000000
NE;NORDESTE;2001-01-09;11612.00000000;87.47000122;11526.00000000;86.81999969
S;SUL;2001-01-09;5094.00000000;106.41000366;5094.00000000;106.41000366
SE;SUDESTE;2001-01-09;34561.00000000;76.72000122;34430.00000000;76.41999817
N;NORTE;2001-01-10;7792.00000000;93.88999939;4995.00000000;60.18000031
NE;NORDESTE;2001-01-10;11040.00000000;83.16000366;10951.00000000;82.48999786
S;SUL;2001-01-10;5535.00000000;115.62000275;5535.00000000;115.62000275
SE;SUDESTE;2001-01-10;33888.00000000;75.22000122;33773.00000000;74.97000122
N;NORTE;2001-01-11;7831.00000000;94.36000061;4833.00000000;58.22999954
NE;NORDESTE;2001-01-11;10629.00000000;80.06999969;10531.00000000;79.33000183
S;SUL;2001-01-11;6467.00000000;135.08999634;6467.00000000;135.08999634
SE;SUDESTE;2001-01-11;32501.00000000;72.13999939;32405.00000000;71.93000031
N;NORTE;2001-01-12;7869.00000000;94.80999756;4649.00000000;56.02000046
NE;NORDESTE;2001-01-12;10446.00000000;78.69000244;10350.00000000;77.95999908
S;SUL;2001-01-12;7045.00000000;147.16000366;7010.00000000;146.42999268
SE;SUDESTE;2001-01-12;31749.00000000;70.47000122;31675.00000000;70.30999756
N;NORTE;2001-01-13;7832.00000000;94.37000275;4300.00000000;51.81000137
NE;NORDESTE;2001-01-13;10280.00000000;77.44000244;10192.00000000;76.76999664
S;SUL;2001-01-13;7654.00000000;159.88000488;7546.00000000;157.63000488
SE;SUDESTE;2001-01-13;31849.00000000;70.69999695;31804.00000000;70.59999847
N;NORTE;2001-01-14;7784.00000000;93.79000092;4005.00000000;48.25999832
NE;NORDESTE;2001-01-14;10137.00000000;76.36000061;10052.00000000;75.72000122
S;SUL;2001-01-14;8086.00000000;168.91000366;7973.00000000;166.55000305
SE;SUDESTE;2001-01-14;34097.00000000;75.69000244;31971.00000000;70.97000122
N;NORTE;2001-01-15;7759.00000000;93.48999786;3703.00000000;44.61999893
NE;NORDESTE;2001-01-15;10236.00000000;77.11000061;10149.00000000;76.44999695
S;SUL;2001-01-15;8241.00000000;172.14999390;8128.00000000;169.78999329
SE;SUDESTE;2001-01-15;36740.00000000;81.55000305;34268.00000000;76.06999969
N;NORTE;2001-01-16;7702.00000000;92.80000305;3497.00000000;42.13999939
NE;NORDESTE;2001-01-16;10264.00000000;77.31999969;10179.00000000;76.68000031
S;SUL;2001-01-16;8131.00000000;169.85000610;7809.00000000;163.11999512
SE;SUDESTE;2001-01-16;36831.00000000;81.75000000;31675.00000000;70.30999756
N;NORTE;2001-01-17;7658.00000000;92.26999664;3421.00000000;41.22000122
NE;NORDESTE;2001-01-17;10182.00000000;76.69999695;10095.00000000;76.04000092
S;SUL;2001-01-17;8118.00000000;169.58000183;7740.00000000;161.67999268
SE;SUDESTE;2001-01-17;34815.00000000;77.27999878;29623.00000000;65.75000000
N;NORTE;2001-01-18;7629.00000000;91.91999817;3389.00000000;40.83000183
NE;NORDESTE;2001-01-18;10087.00000000;75.98000336;10001.00000000;75.33999634
S;SUL;2001-01-18;8380.00000000;175.05000305;7874.00000000;164.47999573
SE;SUDESTE;2001-01-18;32259.00000000;71.61000061;27912.00000000;61.95999908
N;NORTE;2001-01-19;7628.00000000;91.91000366;3602.00000000;43.40000153
NE;NORDESTE;2001-01-19;9901.00000000;74.58000183;9809.00000000;73.88999939
S;SUL;2001-01-19;8463.00000000;176.77999878;7982.00000000;166.74000549
SE;SUDESTE;2001-01-19;30048.00000000;66.69999695;27396.00000000;60.81000137
N;NORTE;2001-01-20;7638.00000000;92.02999878;3721.00000000;44.83000183
NE;NORDESTE;2001-01-20;9600.00000000;72.30999756;9509.00000000;71.62999725
S;SUL;2001-01-20;8965.00000000;187.27000427;8238.00000000;172.08000183
SE;SUDESTE;2001-01-20;28455.00000000;63.15999985;25762.00000000;57.18000031
N;NORTE;2001-01-21;7644.00000000;92.09999847;3713.00000000;44.74000168
NE;NORDESTE;2001-01-21;9184.00000000;69.18000031;9098.00000000;68.52999878
S;SUL;2001-01-21;10123.00000000;211.46000671;9057.00000000;189.19000244
SE;SUDESTE;2001-01-21;27227.00000000;60.43999863;22766.00000000;50.52999878
N;NORTE;2001-01-22;7627.00000000;91.90000153;3703.00000000;44.61999893
NE;NORDESTE;2001-01-22;8694.00000000;65.48999786;8607.00000000;64.83000183
S;SUL;2001-01-22;10526.00000000;219.88000488;9729.00000000;203.22999573
SE;SUDESTE;2001-01-22;26899.00000000;59.70999908;23977.00000000;53.22000122
N;NORTE;2001-01-23;7609.00000000;91.68000031;3688.00000000;44.43999863
NE;NORDESTE;2001-01-23;8169.00000000;61.54000092;8080.00000000;60.86000061
S;SUL;2001-01-23;10816.00000000;225.94000244;10500.00000000;219.33999634
SE;SUDESTE;2001-01-23;26947.00000000;59.81000137;23727.00000000;52.66999817
N;NORTE;2001-01-24;7573.00000000;91.25000000;3643.00000000;43.88999939
NE;NORDESTE;2001-01-24;7668.00000000;57.75999832;7573.00000000;57.04999924
S;SUL;2001-01-24;10993.00000000;229.63000488;10403.00000000;217.30999756
SE;SUDESTE;2001-01-24;27481.00000000;61.00000000;25416.00000000;56.41999817
N;NORTE;2001-01-25;7531.00000000;90.73999786;3593.00000000;43.29000092
NE;NORDESTE;2001-01-25;7225.00000000;54.41999817;7133.00000000;53.72999954
S;SUL;2001-01-25;10542.00000000;220.21000671;9773.00000000;204.14999390
SE;SUDESTE;2001-01-25;27907.00000000;61.95000076;26730.00000000;59.33000183
N;NORTE;2001-01-26;7513.00000000;90.51999664;3747.00000000;45.15000153
NE;NORDESTE;2001-01-26;6857.00000000;51.65000153;6759.00000000;50.90999985
S;SUL;2001-01-26;9881.00000000;206.39999390;9309.00000000;194.46000671
SE;SUDESTE;2001-01-26;28477.00000000;63.20999908;27744.00000000;61.58000183
N;NORTE;2001-01-27;7520.00000000;90.61000061;3837.00000000;46.22999954
NE;NORDESTE;2001-01-27;6550.00000000;49.34000015;6459.00000000;48.65000153
S;SUL;2001-01-27;9009.00000000;188.19000244;7064.00000000;147.55999756
SE;SUDESTE;2001-01-27;29091.00000000;64.56999969;26714.00000000;59.29999924
N;NORTE;2001-01-28;7556.00000000;91.04000092;3865.00000000;46.56999969
NE;NORDESTE;2001-01-28;6291.00000000;47.38999939;6202.00000000;46.72000122
S;SUL;2001-01-28;8444.00000000;176.38999939;5191.00000000;108.44000244
SE;SUDESTE;2001-01-28;29129.00000000;64.66000366;26690.00000000;59.24000168
N;NORTE;2001-01-29;7655.00000000;92.23000336;3958.00000000;47.68999863
NE;NORDESTE;2001-01-29;6063.00000000;45.66999817;5974.00000000;45.00000000
S;SUL;2001-01-29;8182.00000000;170.91000366;7322.00000000;152.94999695
SE;SUDESTE;2001-01-29;29492.00000000;65.45999908;28524.00000000;63.31999969
N;NORTE;2001-01-30;7782.00000000;93.76000214;4070.00000000;49.04000092
NE;NORDESTE;2001-01-30;5866.00000000;44.18999863;5779.00000000;43.52999878
S;SUL;2001-01-30;8701.00000000;181.75999451;6627.00000000;138.42999268
SE;SUDESTE;2001-01-30;30046.00000000;66.69000244;29196.00000000;64.80999756
N;NORTE;2001-01-31;7881.00000000;94.95999908;4168.00000000;50.22000122
NE;NORDESTE;2001-01-31;5705.00000000;42.97000122;5615.00000000;42.29999924
S;SUL;2001-01-31;9593.00000000;200.38999939;6177.00000000;129.02999878
SE;SUDESTE;2001-01-31;30783.00000000;68.33000183;30682.00000000;68.11000061
N;NORTE;2001-02-01;7966.00000000;70.93000031;3937.00000000;35.04999924
NE;NORDESTE;2001-02-01;5633.00000000;40.04000092;5547.00000000;39.41999817
S;SUL;2001-02-01;10806.00000000;205.16000366;5468.00000000;103.80999756
SE;SUDESTE;2001-02-01;30961.00000000;65.87000275;29645.00000000;63.06999969
N;NORTE;2001-02-02;8089.00000000;72.01999664;3504.00000000;31.20000076
NE;NORDESTE;2001-02-02;5592.00000000;39.74000168;5498.00000000;39.08000183
S;SUL;2001-02-02;10850.00000000;205.99000549;6902.00000000;131.03999329
SE;SUDESTE;2001-02-02;31277.00000000;66.55000305;30571.00000000;65.04000092
N;NORTE;2001-02-03;8202.00000000;73.02999878;3120.00000000;27.78000069
NE;NORDESTE;2001-02-03;5618.00000000;39.93000031;5528.00000000;39.29000092
S;SUL;2001-02-03;10720.00000000;203.52999878;7962.00000000;151.16000366
SE;SUDESTE;2001-02-03;31827.00000000;67.72000122;30755.00000000;65.43000031
N;NORTE;2001-02-04;8377.00000000;74.58999634;2729.00000000;24.29999924
NE;NORDESTE;2001-02-04;5708.00000000;40.56999969;5621.00000000;39.95000076
S;SUL;2001-02-04;11896.00000000;225.85000610;4564.00000000;86.65000153
SE;SUDESTE;2001-02-04;32178.00000000;68.45999908;29003.00000000;61.70999908
N;NORTE;2001-02-05;8524.00000000;75.90000153;2674.00000000;23.80999947
NE;NORDESTE;2001-02-05;5959.00000000;42.34999847;5875.00000000;41.75000000
S;SUL;2001-02-05;13485.00000000;256.01998901;6140.00000000;116.56999969
SE;SUDESTE;2001-02-05;31867.00000000;67.80000305;31777.00000000;67.61000061
N;NORTE;2001-02-06;8638.00000000;76.91000366;2789.00000000;24.82999992
NE;NORDESTE;2001-02-06;6092.00000000;43.29999924;6010.00000000;42.70999908
S;SUL;2001-02-06;14194.00000000;269.48001099;4507.00000000;85.56999969
SE;SUDESTE;2001-02-06;31504.00000000;67.02999878;29650.00000000;63.08000183
N;NORTE;2001-02-07;8696.00000000;77.43000031;3042.00000000;27.09000015
NE;NORDESTE;2001-02-07;6118.00000000;43.47999954;6030.00000000;42.86000061
S;SUL;2001-02-07;14319.00000000;271.85000610;7298.00000000;138.55999756
SE;SUDESTE;2001-02-07;31116.00000000;65.94999695;29412.00000000;62.34000015
N;NORTE;2001-02-08;8695.00000000;77.41999817;3325.00000000;29.60000038
NE;NORDESTE;2001-02-08;6146.00000000;43.68000031;6059.00000000;43.06000137
S;SUL;2001-02-08;13503.00000000;256.35998535;9720.00000000;184.53999329
SE;SUDESTE;2001-02-08;31207.00000000;66.15000153;29715.00000000;62.97999954
N;NORTE;2001-02-09;8674.00000000;77.23000336;3558.00000000;31.68000031
NE;NORDESTE;2001-02-09;6116.00000000;43.47000122;6024.00000000;42.81000137
S;SUL;2001-02-09;12212.00000000;231.85000610;9767.00000000;185.42999268
SE;SUDESTE;2001-02-09;32323.00000000;68.51000214;30590.00000000;64.83999634
N;NORTE;2001-02-10;8630.00000000;76.83999634;3890.00000000;34.63999939
NE;NORDESTE;2001-02-10;6027.00000000;42.84000015;5939.00000000;42.20999908
S;SUL;2001-02-10;11061.00000000;210.00000000;6485.00000000;123.12000275
SE;SUDESTE;2001-02-10;32741.00000000;69.40000153;29363.00000000;62.24000168
N;NORTE;2001-02-11;8595.00000000;76.52999878;4322.00000000;38.47999954
NE;NORDESTE;2001-02-11;5886.00000000;41.83000183;5800.00000000;41.22000122
S;SUL;2001-02-11;10633.00000000;201.86999512;5223.00000000;99.16000366
SE;SUDESTE;2001-02-11;31951.00000000;67.72000122;27788.00000000;58.90000153
N;NORTE;2001-02-12;8513.00000000;75.80000305;4400.00000000;39.18000031
NE;NORDESTE;2001-02-12;5837.00000000;41.47999954;5754.00000000;40.88999939
S;SUL;2001-02-12;10668.00000000;202.53999329;6576.00000000;124.84999847
SE;SUDESTE;2001-02-12;31279.00000000;66.30000305;28994.00000000;61.45999908
N;NORTE;2001-02-13;8429.00000000;75.05000305;4317.00000000;38.43999863
NE;NORDESTE;2001-02-13;5658.00000000;40.20999908;5573.00000000;39.61000061
S;SUL;2001-02-13;10978.00000000;208.41999817;5906.00000000;112.12999725
SE;SUDESTE;2001-02-13;31366.00000000;66.48000336;29729.00000000;63.00999832
N;NORTE;2001-02-14;8313.00000000;74.01999664;4321.00000000;38.47000122
NE;NORDESTE;2001-02-14;5388.00000000;38.29000092;5300.00000000;37.66999817
S;SUL;2001-02-14;11371.00000000;215.88000488;5488.00000000;104.19000244
SE;SUDESTE;2001-02-14;32534.00000000;68.95999908;30262.00000000;64.13999939
N;NORTE;2001-02-15;8189.00000000;72.91000366;4255.00000000;37.88999939
NE;NORDESTE;2001-02-15;5188.00000000;36.86999893;5103.00000000;36.27000046
S;SUL;2001-02-15;11787.00000000;223.77999878;4699.00000000;89.20999908
SE;SUDESTE;2001-02-15;33853.00000000;71.76000214;30362.00000000;64.36000061
N;NORTE;2001-02-16;8091.00000000;72.04000092;4077.00000000;36.29999924
NE;NORDESTE;2001-02-16;5138.00000000;36.52000046;5050.00000000;35.88999939
S;SUL;2001-02-16;11799.00000000;224.00999451;6792.00000000;128.94999695
SE;SUDESTE;2001-02-16;35630.00000000;75.51999664;31883.00000000;67.58000183
N;NORTE;2001-02-17;8013.00000000;71.34999847;3705.00000000;32.99000168
NE;NORDESTE;2001-02-17;5189.00000000;36.88000107;5103.00000000;36.27000046
S;SUL;2001-02-17;11351.00000000;215.50000000;7766.00000000;147.44000244
SE;SUDESTE;2001-02-17;37210.00000000;78.87000275;32607.00000000;69.11000061
N;NORTE;2001-02-18;7957.00000000;70.84999847;3339.00000000;29.72999954
NE;NORDESTE;2001-02-18;5160.00000000;36.66999817;5073.00000000;36.04999924
S;SUL;2001-02-18;11551.00000000;219.30000305;5167.00000000;98.09999847
SE;SUDESTE;2001-02-18;38023.00000000;80.58999634;31871.00000000;67.55000305
N;NORTE;2001-02-19;7991.00000000;71.15000153;2808.00000000;25.00000000
NE;NORDESTE;2001-02-19;5003.00000000;35.56000137;4919.00000000;34.95999908
S;SUL;2001-02-19;13609.00000000;258.36999512;-1552.00000000;-29.46999931
SE;SUDESTE;2001-02-19;38095.00000000;80.75000000;31894.00000000;67.59999847
N;NORTE;2001-02-20;8079.00000000;71.93000031;2667.00000000;23.75000000
NE;NORDESTE;2001-02-20;4710.00000000;33.47999954;4623.00000000;32.86000061
S;SUL;2001-02-20;16645.00000000;316.01000977;-1368.00000000;-25.96999931
SE;SUDESTE;2001-02-20;37519.00000000;79.52999878;33944.00000000;71.94999695
N;NORTE;2001-02-21;8205.00000000;73.05000305;2350.00000000;20.92000008
NE;NORDESTE;2001-02-21;4452.00000000;31.63999939;4364.00000000;31.02000046
S;SUL;2001-02-21;19408.00000000;368.47000122;2367.00000000;44.93999863
SE;SUDESTE;2001-02-21;37851.00000000;80.23000336;34571.00000000;73.27999878
N;NORTE;2001-02-22;8328.00000000;74.15000153;2259.00000000;20.11000061
NE;NORDESTE;2001-02-22;4296.00000000;30.53000069;4207.00000000;29.89999962
S;SUL;2001-02-22;19878.00000000;377.39001465;10375.00000000;196.97999573
SE;SUDESTE;2001-02-22;39293.00000000;83.29000092;34752.00000000;73.66000366
N;NORTE;2001-02-23;8445.00000000;75.19000244;2705.00000000;24.07999992
NE;NORDESTE;2001-02-23;4356.00000000;30.95999908;4266.00000000;30.31999969
S;SUL;2001-02-23;18860.00000000;358.07000732;9846.00000000;186.92999268
SE;SUDESTE;2001-02-23;38514.00000000;81.63999939;32151.00000000;68.15000153
N;NORTE;2001-02-24;8524.00000000;75.90000153;3283.00000000;29.22999954
NE;NORDESTE;2001-02-24;4496.00000000;31.95000076;4408.00000000;31.32999992
S;SUL;2001-02-24;17603.00000000;334.20001221;8127.00000000;154.30000305
SE;SUDESTE;2001-02-24;36202.00000000;76.73000336;29882.00000000;63.34000015
N;NORTE;2001-02-25;8636.00000000;76.88999939;3564.00000000;31.72999954
NE;NORDESTE;2001-02-25;4342.00000000;30.86000061;4254.00000000;30.22999954
S;SUL;2001-02-25;16362.00000000;310.64001465;7238.00000000;137.41999817
SE;SUDESTE;2001-02-25;34194.00000000;72.48000336;27245.00000000;57.75000000
N;NORTE;2001-02-26;8715.00000000;77.59999847;3631.00000000;32.33000183
NE;NORDESTE;2001-02-26;4133.00000000;29.37000084;4050.00000000;28.78000069
S;SUL;2001-02-26;15468.00000000;293.67001343;5898.00000000;111.98000336
SE;SUDESTE;2001-02-26;32968.00000000;69.87999725;26537.00000000;56.25000000
N;NORTE;2001-02-27;8728.00000000;77.70999908;3655.00000000;32.54000092
NE;NORDESTE;2001-02-27;4063.00000000;28.87999916;3981.00000000;28.29000092
S;SUL;2001-02-27;14769.00000000;280.39999390;8541.00000000;162.16000366
SE;SUDESTE;2001-02-27;31933.00000000;67.69000244;25826.00000000;54.74000168
N;NORTE;2001-02-28;8689.00000000;77.36000061;3619.00000000;32.22000122
NE;NORDESTE;2001-02-28;4034.00000000;28.67000008;3956.00000000;28.12000084
S;SUL;2001-02-28;13789.00000000;261.79000854;8571.00000000;162.72999573
SE;SUDESTE;2001-02-28;30740.00000000;65.16000366;27507.00000000;58.29999924
N;NORTE;2001-03-01;8697.00000000;65.97000122;3811.00000000;28.90999985
NE;NORDESTE;2001-03-01;4010.00000000;28.45000076;3928.00000000;27.87000084
S;SUL;2001-03-01;12027.00000000;261.60998535;6703.00000000;145.80000305
SE;SUDESTE;2001-03-01;29935.00000000;68.23999786;28138.00000000;64.13999939
N;NORTE;2001-03-02;8732.00000000;66.23999786;3931.00000000;29.81999969
NE;NORDESTE;2001-03-02;3980.00000000;28.22999954;3893.00000000;27.62000084
S;SUL;2001-03-02;11381.00000000;247.55999756;8318.00000000;180.92999268
SE;SUDESTE;2001-03-02;28777.00000000;65.59999847;28245.00000000;64.37999725
N;NORTE;2001-03-03;8803.00000000;66.77999878;3843.00000000;29.14999962
NE;NORDESTE;2001-03-03;3947.00000000;28.00000000;3862.00000000;27.39999962
S;SUL;2001-03-03;10735.00000000;233.50999451;8470.00000000;184.24000549
SE;SUDESTE;2001-03-03;27792.00000000;63.34999847;27757.00000000;63.27000046
N;NORTE;2001-03-04;8859.00000000;67.19999695;3818.00000000;28.95999908
NE;NORDESTE;2001-03-04;4222.00000000;29.95000076;4135.00000000;29.32999992
S;SUL;2001-03-04;10178.00000000;221.38999939;5790.00000000;125.94999695
SE;SUDESTE;2001-03-04;27225.00000000;62.06000137;25567.00000000;58.27999878
N;NORTE;2001-03-05;8895.00000000;67.48000336;3857.00000000;29.26000023
NE;NORDESTE;2001-03-05;4693.00000000;33.29000092;4608.00000000;32.68999863
S;SUL;2001-03-05;9765.00000000;212.41000366;7194.00000000;156.49000549
SE;SUDESTE;2001-03-05;26820.00000000;61.13000107;26785.00000000;61.06000137
N;NORTE;2001-03-06;8971.00000000;68.05000305;3935.00000000;29.85000038
NE;NORDESTE;2001-03-06;4557.00000000;32.33000183;4469.00000000;31.70000076
S;SUL;2001-03-06;9584.00000000;208.47000122;7472.00000000;162.52999878
SE;SUDESTE;2001-03-06;27123.00000000;61.83000183;27073.00000000;61.70999908
N;NORTE;2001-03-07;9008.00000000;68.33000183;3972.00000000;30.12999916
NE;NORDESTE;2001-03-07;4114.00000000;29.18000031;4023.00000000;28.54000092
S;SUL;2001-03-07;9396.00000000;204.38000488;6335.00000000;137.80000305
SE;SUDESTE;2001-03-07;27531.00000000;62.75999832;27497.00000000;62.68000031
N;NORTE;2001-03-08;9003.00000000;68.30000305;3966.00000000;30.09000015
NE;NORDESTE;2001-03-08;3983.00000000;28.26000023;3894.00000000;27.62000084
S;SUL;2001-03-08;9205.00000000;200.22999573;7475.00000000;162.60000610
SE;SUDESTE;2001-03-08;28010.00000000;63.84999847;27948.00000000;63.70999908
N;NORTE;2001-03-09;8943.00000000;67.83999634;3914.00000000;29.69000053
NE;NORDESTE;2001-03-09;4115.00000000;29.19000053;4025.00000000;28.54999924
S;SUL;2001-03-09;9193.00000000;199.97000122;7918.00000000;172.22999573
SE;SUDESTE;2001-03-09;28690.00000000;65.40000153;28596.00000000;65.18000031
N;NORTE;2001-03-10;8835.00000000;67.01999664;4055.00000000;30.76000023
NE;NORDESTE;2001-03-10;4221.00000000;29.94000053;4135.00000000;29.32999992
S;SUL;2001-03-10;8800.00000000;191.41999817;7119.00000000;154.85000610
SE;SUDESTE;2001-03-10;30939.00000000;70.51999664;30575.00000000;69.69000244
N;NORTE;2001-03-11;8690.00000000;65.91999817;4176.00000000;31.68000031
NE;NORDESTE;2001-03-11;4175.00000000;29.62000084;4089.00000000;29.01000023
S;SUL;2001-03-11;8187.00000000;178.08999634;5871.00000000;127.70999908
SE;SUDESTE;2001-03-11;32620.00000000;74.36000061;32487.00000000;74.05000305
N;NORTE;2001-03-12;8582.00000000;65.09999847;4123.00000000;31.28000069
NE;NORDESTE;2001-03-12;4317.00000000;30.62000084;4232.00000000;30.02000046
S;SUL;2001-03-12;7595.00000000;165.21000671;7078.00000000;153.96000671
SE;SUDESTE;2001-03-12;34554.00000000;78.76000214;34370.00000000;78.33999634
N;NORTE;2001-03-13;8571.00000000;65.01999664;3619.00000000;27.45000076
NE;NORDESTE;2001-03-13;4563.00000000;32.36999893;4476.00000000;31.75000000
S;SUL;2001-03-13;6943.00000000;151.02999878;5821.00000000;126.62000275
SE;SUDESTE;2001-03-13;36809.00000000;83.90000153;36556.00000000;83.33000183
N;NORTE;2001-03-14;8743.00000000;66.31999969;2771.00000000;21.02000046
NE;NORDESTE;2001-03-14;4712.00000000;33.43000031;4624.00000000;32.79999924
S;SUL;2001-03-14;6348.00000000;138.08000183;5647.00000000;122.83000183
SE;SUDESTE;2001-03-14;37175.00000000;84.73999786;37012.00000000;84.37000275
N;NORTE;2001-03-15;9120.00000000;69.18000031;1970.00000000;14.93999958
NE;NORDESTE;2001-03-15;5082.00000000;36.04999924;4995.00000000;35.43000031
S;SUL;2001-03-15;5913.00000000;128.61999512;5368.00000000;116.76999664
SE;SUDESTE;2001-03-15;37211.00000000;84.81999969;37127.00000000;84.62999725
N;NORTE;2001-03-16;9559.00000000;72.51000214;1434.00000000;10.88000011
NE;NORDESTE;2001-03-16;5520.00000000;39.15999985;5428.00000000;38.50999832
S;SUL;2001-03-16;5808.00000000;126.33999634;5489.00000000;119.40000153
SE;SUDESTE;2001-03-16;36623.00000000;83.48000336;36528.00000000;83.26000214
N;NORTE;2001-03-17;10011.00000000;75.94000244;1312.00000000;9.94999981
NE;NORDESTE;2001-03-17;5483.00000000;38.90000153;5391.00000000;38.24000168
S;SUL;2001-03-17;6067.00000000;131.97000122;5381.00000000;117.05000305
SE;SUDESTE;2001-03-17;35111.00000000;80.02999878;35046.00000000;79.88999939
N;NORTE;2001-03-18;10560.00000000;80.11000061;1213.00000000;9.19999981
NE;NORDESTE;2001-03-18;5219.00000000;37.02000046;5136.00000000;36.43000031
S;SUL;2001-03-18;6508.00000000;141.55999756;5952.00000000;129.47000122
SE;SUDESTE;2001-03-18;32964.00000000;75.13999939;32905.00000000;75.01000214
N;NORTE;2001-03-19;11203.00000000;84.98000336;1604.00000000;12.17000008
NE;NORDESTE;2001-03-19;5176.00000000;36.72000122;5092.00000000;36.11999893
S;SUL;2001-03-19;6745.00000000;146.72000122;6609.00000000;143.75999451
SE;SUDESTE;2001-03-19;31523.00000000;71.86000061;31482.00000000;71.76000214
N;NORTE;2001-03-20;12060.00000000;91.48999786;2137.00000000;16.20999908
NE;NORDESTE;2001-03-20;5321.00000000;37.75000000;5234.00000000;37.13000107
S;SUL;2001-03-20;6560.00000000;142.69000244;6553.00000000;142.53999329
SE;SUDESTE;2001-03-20;30703.00000000;69.98999786;30657.00000000;69.87999725
N;NORTE;2001-03-21;13000.00000000;98.62000275;2910.00000000;22.07999992
NE;NORDESTE;2001-03-21;5505.00000000;39.04999924;5417.00000000;38.43000031
S;SUL;2001-03-21;6225.00000000;135.41000366;6225.00000000;135.41000366
SE;SUDESTE;2001-03-21;30331.00000000;69.13999939;30284.00000000;69.02999878
N;NORTE;2001-03-22;13807.00000000;104.73999786;4024.00000000;30.53000069
NE;NORDESTE;2001-03-22;5690.00000000;40.36000061;5598.00000000;39.70999908
S;SUL;2001-03-22;5907.00000000;128.49000549;5907.00000000;128.49000549
SE;SUDESTE;2001-03-22;29618.00000000;67.51000214;29562.00000000;67.38999939
N;NORTE;2001-03-23;14344.00000000;108.80999756;4715.00000000;35.77000046
NE;NORDESTE;2001-03-23;6020.00000000;42.70999908;5921.00000000;42.00000000
S;SUL;2001-03-23;5733.00000000;124.70999908;5733.00000000;124.70999908
SE;SUDESTE;2001-03-23;28942.00000000;65.97000122;28893.00000000;65.86000061
N;NORTE;2001-03-24;14491.00000000;109.93000031;5035.00000000;38.20000076
NE;NORDESTE;2001-03-24;6309.00000000;44.75999832;6214.00000000;44.08000183
S;SUL;2001-03-24;5639.00000000;122.66000366;5416.00000000;117.80999756
SE;SUDESTE;2001-03-24;28139.00000000;64.13999939;28105.00000000;64.05999756
N;NORTE;2001-03-25;14392.00000000;109.18000031;5020.00000000;38.08000183
NE;NORDESTE;2001-03-25;6379.00000000;45.25000000;6280.00000000;44.54999924
S;SUL;2001-03-25;5622.00000000;122.29000092;4823.00000000;104.91000366
SE;SUDESTE;2001-03-25;27344.00000000;62.33000183;27291.00000000;62.20999908
N;NORTE;2001-03-26;14098.00000000;106.94999695;4883.00000000;37.04000092
NE;NORDESTE;2001-03-26;6646.00000000;47.15000153;6561.00000000;46.54000092
S;SUL;2001-03-26;5633.00000000;122.52999878;5408.00000000;117.63999939
SE;SUDESTE;2001-03-26;26782.00000000;61.04999924;26723.00000000;60.90999985
N;NORTE;2001-03-27;13734.00000000;104.18000031;4882.00000000;37.02999878
NE;NORDESTE;2001-03-27;6752.00000000;47.90000153;6667.00000000;47.29999924
S;SUL;2001-03-27;5562.00000000;120.98999786;5483.00000000;119.26999664
SE;SUDESTE;2001-03-27;26285.00000000;59.91999817;26256.00000000;59.84999847
N;NORTE;2001-03-28;13309.00000000;100.95999908;4797.00000000;36.38999939
NE;NORDESTE;2001-03-28;6663.00000000;47.27000046;6577.00000000;46.65999985
S;SUL;2001-03-28;5346.00000000;116.29000092;5278.00000000;114.80999756
SE;SUDESTE;2001-03-28;26201.00000000;59.72000122;26152.00000000;59.61000061
N;NORTE;2001-03-29;12941.00000000;98.16999817;4516.00000000;34.25999832
NE;NORDESTE;2001-03-29;6580.00000000;46.68000031;6487.00000000;46.02000046
S;SUL;2001-03-29;5060.00000000;110.06999969;4992.00000000;108.58999634
SE;SUDESTE;2001-03-29;26859.00000000;61.22000122;26807.00000000;61.11000061
N;NORTE;2001-03-30;12598.00000000;95.56999969;4326.00000000;32.81999969
NE;NORDESTE;2001-03-30;6554.00000000;46.49000168;6465.00000000;45.86000061
S;SUL;2001-03-30;4777.00000000;103.91000366;4709.00000000;102.43000031
SE;SUDESTE;2001-03-30;27960.00000000;63.72999954;27911.00000000;63.61999893
N;NORTE;2001-03-31;12288.00000000;93.22000122;4102.00000000;31.12000084
NE;NORDESTE;2001-03-31;6415.00000000;45.50999832;6325.00000000;44.86999893
S;SUL;2001-03-31;4558.00000000;99.15000153;4490.00000000;97.66999817
SE;SUDESTE;2001-03-31;28905.00000000;65.88999939;28788.00000000;65.62000275
N;NORTE;2001-04-01;12003.00000000;90.94000244;3822.00000000;28.95999908
NE;NORDESTE;2001-04-01;6230.00000000;53.86000061;6142.00000000;53.09000015
S;SUL;2001-04-01;4969.00000000;118.83000183;4901.00000000;117.19999695
SE;SUDESTE;2001-04-01;29871.00000000;89.81999969;29808.00000000;89.62999725
N;NORTE;2001-04-02;11887.00000000;90.05999756;3710.00000000;28.11000061
NE;NORDESTE;2001-04-02;6189.00000000;53.50000000;6114.00000000;52.84999847
S;SUL;2001-04-02;5484.00000000;131.14999390;5231.00000000;125.09999847
SE;SUDESTE;2001-04-02;30329.00000000;91.19000244;30258.00000000;90.98000336
N;NORTE;2001-04-03;11836.00000000;89.68000031;3658.00000000;27.71999931
NE;NORDESTE;2001-04-03;5877.00000000;50.79999924;5803.00000000;50.15999985
S;SUL;2001-04-03;5983.00000000;143.08000183;5771.00000000;138.00999451
SE;SUDESTE;2001-04-03;29904.00000000;89.91999817;29831.00000000;89.69999695
N;NORTE;2001-04-04;11884.00000000;90.04000092;3285.00000000;24.88999939
NE;NORDESTE;2001-04-04;5206.00000000;45.00000000;5120.00000000;44.25999832
S;SUL;2001-04-04;5583.00000000;133.50999451;5515.00000000;131.88999939
SE;SUDESTE;2001-04-04;29618.00000000;89.05999756;29574.00000000;88.91999817
N;NORTE;2001-04-05;12032.00000000;91.16000366;2521.00000000;19.10000038
NE;NORDESTE;2001-04-05;4640.00000000;40.11000061;4551.00000000;39.34000015
S;SUL;2001-04-05;4986.00000000;119.23999786;4918.00000000;117.61000061
SE;SUDESTE;2001-04-05;29500.00000000;88.69999695;29460.00000000;88.58000183
N;NORTE;2001-04-06;12233.00000000;92.69000244;2356.00000000;17.85000038
NE;NORDESTE;2001-04-06;4311.00000000;37.27000046;4225.00000000;36.52000046
S;SUL;2001-04-06;4593.00000000;109.83999634;4524.00000000;108.19000244
SE;SUDESTE;2001-04-06;28924.00000000;86.97000122;28869.00000000;86.80000305
N;NORTE;2001-04-07;12427.00000000;94.16000366;2544.00000000;19.28000069
NE;NORDESTE;2001-04-07;4100.00000000;35.43999863;4016.00000000;34.72000122
S;SUL;2001-04-07;4359.00000000;104.23999786;4291.00000000;102.62000275
SE;SUDESTE;2001-04-07;28141.00000000;84.62000275;28107.00000000;84.51000214
N;NORTE;2001-04-08;12515.00000000;94.81999969;2999.00000000;22.71999931
NE;NORDESTE;2001-04-08;4104.00000000;35.47999954;4023.00000000;34.77999878
S;SUL;2001-04-08;4447.00000000;106.34999847;4379.00000000;104.72000122
SE;SUDESTE;2001-04-08;27092.00000000;81.45999908;27070.00000000;81.38999939
N;NORTE;2001-04-09;12523.00000000;94.87999725;3333.00000000;25.25000000
NE;NORDESTE;2001-04-09;4208.00000000;36.38000107;4135.00000000;35.74000168
S;SUL;2001-04-09;4955.00000000;118.50000000;4887.00000000;116.87000275
SE;SUDESTE;2001-04-09;25987.00000000;78.13999939;25939.00000000;77.98999786
N;NORTE;2001-04-10;12458.00000000;94.38999939;3676.00000000;27.85000038
NE;NORDESTE;2001-04-10;4056.00000000;35.06000137;3980.00000000;34.40999985
S;SUL;2001-04-10;5819.00000000;139.16000366;5468.00000000;130.75999451
SE;SUDESTE;2001-04-10;25168.00000000;75.68000031;25126.00000000;75.55000305
N;NORTE;2001-04-11;12329.00000000;93.41000366;4002.00000000;30.31999969
NE;NORDESTE;2001-04-11;3849.00000000;33.27000046;3769.00000000;32.58000183
S;SUL;2001-04-11;5808.00000000;138.88999939;5525.00000000;132.13000488
SE;SUDESTE;2001-04-11;24807.00000000;74.58999634;24779.00000000;74.51000214
N;NORTE;2001-04-12;12128.00000000;91.88999939;4329.00000000;32.79999924
NE;NORDESTE;2001-04-12;3758.00000000;32.49000168;3673.00000000;31.75000000
S;SUL;2001-04-12;5414.00000000;127.11000061;5238.00000000;122.98000336
SE;SUDESTE;2001-04-12;24263.00000000;72.94999695;24243.00000000;72.88999939
N;NORTE;2001-04-13;11919.00000000;90.30999756;4650.00000000;35.22999954
NE;NORDESTE;2001-04-13;3865.00000000;33.40999985;3788.00000000;32.75000000
S;SUL;2001-04-13;4983.00000000;116.98999786;4906.00000000;115.18000031
SE;SUDESTE;2001-04-13;23342.00000000;70.19000244;23331.00000000;70.15000153
N;NORTE;2001-04-14;11710.00000000;88.72000122;5087.00000000;38.54000092
NE;NORDESTE;2001-04-14;4084.00000000;35.29999924;4011.00000000;34.66999817
S;SUL;2001-04-14;4657.00000000;109.33000183;4657.00000000;109.33000183
SE;SUDESTE;2001-04-14;22446.00000000;67.48999786;22433.00000000;67.44999695
N;NORTE;2001-04-15;11466.00000000;86.87000275;5073.00000000;38.43999863
NE;NORDESTE;2001-04-15;4098.00000000;35.43000031;4024.00000000;34.79000092
S;SUL;2001-04-15;4410.00000000;103.54000092;4410.00000000;103.54000092
SE;SUDESTE;2001-04-15;21650.00000000;65.09999847;21638.00000000;65.05999756
N;NORTE;2001-04-16;11235.00000000;85.12000275;5155.00000000;39.06000137
NE;NORDESTE;2001-04-16;3804.00000000;32.88000107;3731.00000000;32.25000000
S;SUL;2001-04-16;4177.00000000;98.06999969;4177.00000000;98.06999969
SE;SUDESTE;2001-04-16;20966.00000000;63.04000092;20953.00000000;63.00000000
N;NORTE;2001-04-17;11091.00000000;84.02999878;5169.00000000;39.15999985
NE;NORDESTE;2001-04-17;3505.00000000;30.29999924;3432.00000000;29.67000008
S;SUL;2001-04-17;3954.00000000;92.83000183;3954.00000000;92.83000183
SE;SUDESTE;2001-04-17;20475.00000000;61.56000137;20453.00000000;61.50000000
N;NORTE;2001-04-18;10938.00000000;82.87000275;5016.00000000;38.00000000
NE;NORDESTE;2001-04-18;3326.00000000;28.75000000;3256.00000000;28.14999962
S;SUL;2001-04-18;3698.00000000;86.81999969;3691.00000000;86.66000366
SE;SUDESTE;2001-04-18;20011.00000000;60.16999817;19983.00000000;60.09000015
N;NORTE;2001-04-19;10771.00000000;81.61000061;4849.00000000;36.74000168
NE;NORDESTE;2001-04-19;3192.00000000;27.59000015;3115.00000000;26.93000031
S;SUL;2001-04-19;3653.00000000;85.76000214;3649.00000000;85.66999817
SE;SUDESTE;2001-04-19;19455.00000000;58.50000000;19433.00000000;58.43000031
N;NORTE;2001-04-20;10578.00000000;80.15000153;3939.00000000;29.84000015
NE;NORDESTE;2001-04-20;3420.00000000;29.55999947;3344.00000000;28.90999985
S;SUL;2001-04-20;3509.00000000;82.37999725;3440.00000000;80.76000214
SE;SUDESTE;2001-04-20;19022.00000000;57.20000076;19003.00000000;57.13999939
N;NORTE;2001-04-21;10507.00000000;79.61000061;2823.00000000;21.38999939
NE;NORDESTE;2001-04-21;3662.00000000;31.65999985;3587.00000000;31.01000023
S;SUL;2001-04-21;3590.00000000;84.27999878;3539.00000000;83.08999634
SE;SUDESTE;2001-04-21;18691.00000000;56.20000076;18672.00000000;56.13999939
N;NORTE;2001-04-22;10621.00000000;80.47000122;2169.00000000;16.43000031
NE;NORDESTE;2001-04-22;3599.00000000;31.11000061;3527.00000000;30.48999977
S;SUL;2001-04-22;3830.00000000;89.91999817;3779.00000000;88.72000122
SE;SUDESTE;2001-04-22;18547.00000000;55.77000046;18532.00000000;55.72000122
N;NORTE;2001-04-23;10849.00000000;82.19999695;2192.00000000;16.61000061
NE;NORDESTE;2001-04-23;3612.00000000;31.21999931;3542.00000000;30.62000084
S;SUL;2001-04-23;4349.00000000;102.09999847;4239.00000000;99.51999664
SE;SUDESTE;2001-04-23;18597.00000000;55.91999817;18573.00000000;55.84999847
N;NORTE;2001-04-24;11077.00000000;83.93000031;2564.00000000;19.43000031
NE;NORDESTE;2001-04-24;3435.00000000;29.69000053;3362.00000000;29.05999947
S;SUL;2001-04-24;5766.00000000;135.36999512;5645.00000000;132.52999878
SE;SUDESTE;2001-04-24;18814.00000000;56.56999969;18789.00000000;56.50000000
N;NORTE;2001-04-25;11183.00000000;84.73000336;3039.00000000;23.03000069
NE;NORDESTE;2001-04-25;3072.00000000;26.55999947;2998.00000000;25.92000008
S;SUL;2001-04-25;6926.00000000;162.61000061;6793.00000000;159.47999573
SE;SUDESTE;2001-04-25;19129.00000000;57.52000046;19112.00000000;57.47000122
N;NORTE;2001-04-26;11183.00000000;84.73000336;3515.00000000;26.62999916
NE;NORDESTE;2001-04-26;2974.00000000;25.70999908;2899.00000000;25.05999947
S;SUL;2001-04-26;7556.00000000;177.39999390;7556.00000000;177.39999390
SE;SUDESTE;2001-04-26;19462.00000000;58.52000046;19444.00000000;58.45999908
N;NORTE;2001-04-27;11146.00000000;84.44999695;3926.00000000;29.75000000
NE;NORDESTE;2001-04-27;3173.00000000;27.43000031;3100.00000000;26.79999924
S;SUL;2001-04-27;8166.00000000;191.72000122;8050.00000000;188.99000549
SE;SUDESTE;2001-04-27;19756.00000000;59.40000153;19730.00000000;59.31999969
N;NORTE;2001-04-28;11065.00000000;83.83999634;4288.00000000;32.49000168
NE;NORDESTE;2001-04-28;3051.00000000;26.37000084;2976.00000000;25.72999954
S;SUL;2001-04-28;7452.00000000;174.94999695;7258.00000000;170.39999390
SE;SUDESTE;2001-04-28;19762.00000000;59.41999817;19749.00000000;59.38000107
N;NORTE;2001-04-29;10834.00000000;82.08999634;4192.00000000;31.76000023
NE;NORDESTE;2001-04-29;2797.00000000;24.18000031;2723.00000000;23.54000092
S;SUL;2001-04-29;6371.00000000;149.58000183;6097.00000000;143.13999939
SE;SUDESTE;2001-04-29;19620.00000000;58.99000168;19574.00000000;58.86000061
N;NORTE;2001-04-30;10488.00000000;79.45999908;4043.00000000;30.62999916
NE;NORDESTE;2001-04-30;2690.00000000;23.25000000;2621.00000000;22.65999985
S;SUL;2001-04-30;5852.00000000;137.38999939;5713.00000000;134.13000488
SE;SUDESTE;2001-04-30;19053.00000000;57.29000092;19037.00000000;57.24000168
N;NORTE;2001-05-01;10096.00000000;116.97000122;3943.00000000;45.68000031
NE;NORDESTE;2001-05-01;2637.00000000;37.63000107;2559.00000000;36.50999832
S;SUL;2001-05-01;5419.00000000;99.79000092;5174.00000000;95.27999878
SE;SUDESTE;2001-05-01;18372.00000000;74.52999878;18354.00000000;74.45999908
N;NORTE;2001-05-02;9582.00000000;111.01000214;3690.00000000;42.75000000
NE;NORDESTE;2001-05-02;2605.00000000;37.16999817;2535.00000000;36.16999817
S;SUL;2001-05-02;4932.00000000;90.83000183;4767.00000000;87.79000092
SE;SUDESTE;2001-05-02;17857.00000000;72.44000244;17826.00000000;72.30999756
N;NORTE;2001-05-03;9083.00000000;105.23000336;3747.00000000;43.40999985
NE;NORDESTE;2001-05-03;2583.00000000;36.86000061;2507.00000000;35.77000046
S;SUL;2001-05-03;5267.00000000;96.98999786;5175.00000000;95.30000305
SE;SUDESTE;2001-05-03;17402.00000000;70.58999634;17374.00000000;70.48000336
N;NORTE;2001-05-04;8609.00000000;99.73999786;4440.00000000;51.43999863
NE;NORDESTE;2001-05-04;2569.00000000;36.65999985;2489.00000000;35.50999832
S;SUL;2001-05-04;8015.00000000;147.60000610;7508.00000000;138.25999451
SE;SUDESTE;2001-05-04;17087.00000000;69.31999969;17065.00000000;69.23000336
N;NORTE;2001-05-05;8133.00000000;94.22000122;4949.00000000;57.34000015
NE;NORDESTE;2001-05-05;2561.00000000;36.54000092;2484.00000000;35.43999863
S;SUL;2001-05-05;9961.00000000;183.44000244;6834.00000000;125.84999847
SE;SUDESTE;2001-05-05;16757.00000000;67.98000336;16739.00000000;67.90000153
N;NORTE;2001-05-06;7688.00000000;89.06999969;4806.00000000;55.68000031
NE;NORDESTE;2001-05-06;2557.00000000;36.47999954;2484.00000000;35.43999863
S;SUL;2001-05-06;7562.00000000;139.25999451;5065.00000000;93.26999664
SE;SUDESTE;2001-05-06;16569.00000000;67.22000122;16557.00000000;67.16999817
N;NORTE;2001-05-07;7266.00000000;84.18000031;4384.00000000;50.79000092
NE;NORDESTE;2001-05-07;2558.00000000;36.50000000;2487.00000000;35.49000168
S;SUL;2001-05-07;5959.00000000;109.73999786;5593.00000000;103.00000000
SE;SUDESTE;2001-05-07;16509.00000000;66.97000122;16491.00000000;66.90000153
N;NORTE;2001-05-08;6840.00000000;79.23999786;3775.00000000;43.72999954
NE;NORDESTE;2001-05-08;2557.00000000;36.47999954;2484.00000000;35.43999863
S;SUL;2001-05-08;5291.00000000;97.44000244;5089.00000000;93.72000122
SE;SUDESTE;2001-05-08;16427.00000000;66.63999939;16402.00000000;66.54000092
N;NORTE;2001-05-09;6473.00000000;74.98999786;3500.00000000;40.54999924
NE;NORDESTE;2001-05-09;2559.00000000;36.50999832;2485.00000000;35.45999908
S;SUL;2001-05-09;4915.00000000;90.51000214;4715.00000000;86.83000183
SE;SUDESTE;2001-05-09;16278.00000000;66.02999878;16247.00000000;65.91000366
N;NORTE;2001-05-10;6148.00000000;71.23000336;3266.00000000;37.84000015
NE;NORDESTE;2001-05-10;3360.00000000;47.93999863;3282.00000000;46.83000183
S;SUL;2001-05-10;4767.00000000;87.79000092;4583.00000000;84.40000153
SE;SUDESTE;2001-05-10;16148.00000000;65.51000214;16106.00000000;65.33999634
N;NORTE;2001-05-11;5847.00000000;67.73999786;2965.00000000;34.34999847
NE;NORDESTE;2001-05-11;2563.00000000;36.56999969;2475.00000000;35.31000137
S;SUL;2001-05-11;4733.00000000;87.16000366;4536.00000000;83.52999878
SE;SUDESTE;2001-05-11;16094.00000000;65.29000092;16070.00000000;65.19000244
N;NORTE;2001-05-12;5564.00000000;64.45999908;3002.00000000;34.77999878
NE;NORDESTE;2001-05-12;2577.00000000;36.77000046;2521.00000000;35.97000122
S;SUL;2001-05-12;4759.00000000;87.63999939;4487.00000000;82.62999725
SE;SUDESTE;2001-05-12;16208.00000000;65.75000000;16196.00000000;65.69999695
N;NORTE;2001-05-13;5340.00000000;61.86999893;3157.00000000;36.56999969
NE;NORDESTE;2001-05-13;2601.00000000;37.11000061;2549.00000000;36.36999893
S;SUL;2001-05-13;4743.00000000;87.33999634;4671.00000000;86.01999664
SE;SUDESTE;2001-05-13;16720.00000000;67.83000183;16713.00000000;67.80000305
N;NORTE;2001-05-14;5190.00000000;60.13000107;3187.00000000;36.91999817
NE;NORDESTE;2001-05-14;2598.00000000;37.06999969;2551.00000000;36.40000153
S;SUL;2001-05-14;4702.00000000;86.58999634;4645.00000000;85.54000092
SE;SUDESTE;2001-05-14;16775.00000000;68.05000305;16755.00000000;67.97000122
N;NORTE;2001-05-15;5078.00000000;58.83000183;3478.00000000;40.29000092
NE;NORDESTE;2001-05-15;2571.00000000;36.68000031;2524.00000000;36.00999832
S;SUL;2001-05-15;4731.00000000;87.12000275;4664.00000000;85.88999939
SE;SUDESTE;2001-05-15;17278.00000000;70.08999634;17248.00000000;69.97000122
N;NORTE;2001-05-16;4977.00000000;57.65999985;3534.00000000;40.93999863
NE;NORDESTE;2001-05-16;2543.00000000;36.27999878;2494.00000000;35.59000015
S;SUL;2001-05-16;4986.00000000;91.81999969;4949.00000000;91.13999939
SE;SUDESTE;2001-05-16;17854.00000000;72.43000031;17822.00000000;72.30000305
N;NORTE;2001-05-17;4883.00000000;56.56999969;3439.00000000;39.84000015
NE;NORDESTE;2001-05-17;2512.00000000;35.84000015;2472.00000000;35.27000046
S;SUL;2001-05-17;5591.00000000;102.95999908;5534.00000000;101.91000366
SE;SUDESTE;2001-05-17;19057.00000000;77.30999756;19018.00000000;77.15000153
N;NORTE;2001-05-18;4785.00000000;55.43999863;3340.00000000;38.68999863
NE;NORDESTE;2001-05-18;2482.00000000;35.40999985;2441.00000000;34.83000183
S;SUL;2001-05-18;5813.00000000;107.05000305;5759.00000000;106.05000305
SE;SUDESTE;2001-05-18;20337.00000000;82.50000000;20307.00000000;82.37999725
N;NORTE;2001-05-19;4682.00000000;54.24000168;3232.00000000;37.43999863
NE;NORDESTE;2001-05-19;2459.00000000;35.09000015;2418.00000000;34.50000000
S;SUL;2001-05-19;5705.00000000;105.05999756;5673.00000000;104.47000122
SE;SUDESTE;2001-05-19;21231.00000000;86.12999725;21214.00000000;86.05999756
N;NORTE;2001-05-20;4596.00000000;53.25000000;3145.00000000;36.43999863
NE;NORDESTE;2001-05-20;2441.00000000;34.83000183;2401.00000000;34.25999832
S;SUL;2001-05-20;5808.00000000;106.95999908;5798.00000000;106.76999664
SE;SUDESTE;2001-05-20;21542.00000000;87.38999939;21532.00000000;87.34999847
N;NORTE;2001-05-21;4520.00000000;52.36999893;3070.00000000;35.56999969
NE;NORDESTE;2001-05-21;2423.00000000;34.56999969;2382.00000000;33.99000168
S;SUL;2001-05-21;6429.00000000;118.38999939;6426.00000000;118.33999634
SE;SUDESTE;2001-05-21;21578.00000000;87.52999878;21550.00000000;87.41999817
N;NORTE;2001-05-22;4462.00000000;51.68999863;3018.00000000;34.95999908
NE;NORDESTE;2001-05-22;2411.00000000;34.40000153;2373.00000000;33.86000061
S;SUL;2001-05-22;7388.00000000;136.05000305;7387.00000000;136.03999329
SE;SUDESTE;2001-05-22;21239.00000000;86.16000366;21209.00000000;86.04000092
N;NORTE;2001-05-23;4376.00000000;50.70000076;2935.00000000;34.00000000
NE;NORDESTE;2001-05-23;2403.00000000;34.29000092;2363.00000000;33.72000122
S;SUL;2001-05-23;8028.00000000;147.83999634;8028.00000000;147.83999634
SE;SUDESTE;2001-05-23;20742.00000000;84.13999939;20707.00000000;84.00000000
N;NORTE;2001-05-24;4291.00000000;49.70999908;2846.00000000;32.97000122
NE;NORDESTE;2001-05-24;2402.00000000;34.27000046;2361.00000000;33.68999863
S;SUL;2001-05-24;8223.00000000;151.42999268;7889.00000000;145.27999878
SE;SUDESTE;2001-05-24;20554.00000000;83.37999725;20517.00000000;83.23000336
N;NORTE;2001-05-25;4244.00000000;49.16999817;2828.00000000;32.75999832
NE;NORDESTE;2001-05-25;2402.00000000;34.27000046;2363.00000000;33.72000122
S;SUL;2001-05-25;7780.00000000;143.27000427;7016.00000000;129.19999695
SE;SUDESTE;2001-05-25;20716.00000000;84.04000092;20694.00000000;83.94999695
N;NORTE;2001-05-26;4193.00000000;48.58000183;2799.00000000;32.43000031
NE;NORDESTE;2001-05-26;2404.00000000;34.29999924;2387.00000000;34.06000137
S;SUL;2001-05-26;7369.00000000;135.69999695;6508.00000000;119.84999847
SE;SUDESTE;2001-05-26;20749.00000000;84.16999817;20731.00000000;84.09999847
N;NORTE;2001-05-27;4169.00000000;48.29999924;2782.00000000;32.22999954
NE;NORDESTE;2001-05-27;2407.00000000;34.34000015;2369.00000000;33.79999924
S;SUL;2001-05-27;7305.00000000;134.52999878;6318.00000000;116.34999847
SE;SUDESTE;2001-05-27;20904.00000000;84.80000305;20881.00000000;84.70999908
N;NORTE;2001-05-28;4150.00000000;48.08000183;2765.00000000;32.02999878
NE;NORDESTE;2001-05-28;2415.00000000;34.45999908;2373.00000000;33.86000061
S;SUL;2001-05-28;7934.00000000;146.11000061;7401.00000000;136.28999329
SE;SUDESTE;2001-05-28;21035.00000000;85.33000183;20986.00000000;85.12999725
N;NORTE;2001-05-29;4132.00000000;47.86999893;2749.00000000;31.85000038
NE;NORDESTE;2001-05-29;2427.00000000;34.63000107;2386.00000000;34.04000092
S;SUL;2001-05-29;8747.00000000;161.08000183;8518.00000000;156.86000061
SE;SUDESTE;2001-05-29;21238.00000000;86.16000366;21181.00000000;85.91999817
N;NORTE;2001-05-30;4120.00000000;47.72999954;2901.00000000;33.61000061
NE;NORDESTE;2001-05-30;2442.00000000;34.84000015;2401.00000000;34.25999832
S;SUL;2001-05-30;8860.00000000;163.16000366;8729.00000000;160.75000000
SE;SUDESTE;2001-05-30;21969.00000000;89.12000275;21938.00000000;89.00000000
N;NORTE;2001-05-31;4115.00000000;47.66999817;3239.00000000;37.52000046
NE;NORDESTE;2001-05-31;2464.00000000;35.15999985;2425.00000000;34.59999847
S;SUL;2001-05-31;8335.00000000;153.49000549;8204.00000000;151.08000183
SE;SUDESTE;2001-05-31;22314.00000000;90.51999664;22284.00000000;90.40000153
N;NORTE;2001-06-01;4093.00000000;101.05000305;3346.00000000;82.61000061
NE;NORDESTE;2001-06-01;2493.00000000;54.20999908;2454.00000000;53.36000061
S;SUL;2001-06-01;7726.00000000;116.31999969;7577.00000000;114.06999969
SE;SUDESTE;2001-06-01;21420.00000000;99.09999847;21387.00000000;98.94999695
N;NORTE;2001-06-02;4040.00000000;99.73999786;3291.00000000;81.25000000
NE;NORDESTE;2001-06-02;2515.00000000;54.68000031;2482.00000000;53.97000122
S;SUL;2001-06-02;7171.00000000;107.95999908;7134.00000000;107.40000153
SE;SUDESTE;2001-06-02;20876.00000000;96.58000183;20861.00000000;96.51000214
N;NORTE;2001-06-03;4002.00000000;98.80000305;3249.00000000;80.20999908
NE;NORDESTE;2001-06-03;2550.00000000;55.45000076;2520.00000000;54.79000092
S;SUL;2001-06-03;6771.00000000;101.94000244;6740.00000000;101.47000122
SE;SUDESTE;2001-06-03;20012.00000000;92.58000183;20001.00000000;92.52999878
N;NORTE;2001-06-04;3944.00000000;97.37000275;3187.00000000;78.68000031
NE;NORDESTE;2001-06-04;2588.00000000;56.27000046;2558.00000000;55.61999893
S;SUL;2001-06-04;6377.00000000;96.01000214;6346.00000000;95.54000092
SE;SUDESTE;2001-06-04;19012.00000000;87.95999908;18994.00000000;87.87000275
N;NORTE;2001-06-05;3883.00000000;95.86000061;3126.00000000;77.18000031
NE;NORDESTE;2001-06-05;2617.00000000;56.90000153;2587.00000000;56.25000000
S;SUL;2001-06-05;6122.00000000;92.16999817;6093.00000000;91.73000336
SE;SUDESTE;2001-06-05;18265.00000000;84.50000000;18236.00000000;84.37000275
N;NORTE;2001-06-06;3791.00000000;93.58999634;3037.00000000;74.98000336
NE;NORDESTE;2001-06-06;2630.00000000;57.18999863;2600.00000000;56.52999878
S;SUL;2001-06-06;6094.00000000;91.75000000;6067.00000000;91.33999634
SE;SUDESTE;2001-06-06;17591.00000000;81.37999725;17559.00000000;81.23999786
N;NORTE;2001-06-07;3722.00000000;91.88999939;3005.00000000;74.19000244
NE;NORDESTE;2001-06-07;2628.00000000;57.13999939;2594.00000000;56.40000153
S;SUL;2001-06-07;6377.00000000;96.01000214;6340.00000000;95.44999695
SE;SUDESTE;2001-06-07;17042.00000000;78.83999634;17007.00000000;78.68000031
N;NORTE;2001-06-08;3631.00000000;89.63999939;2881.00000000;71.12999725
NE;NORDESTE;2001-06-08;3327.00000000;72.33999634;3297.00000000;71.69000244
S;SUL;2001-06-08;6758.00000000;101.73999786;6713.00000000;101.06999969
SE;SUDESTE;2001-06-08;16701.00000000;77.26999664;16679.00000000;77.16000366
N;NORTE;2001-06-09;3557.00000000;87.81999969;2803.00000000;69.19999695
NE;NORDESTE;2001-06-09;2594.00000000;56.40000153;2566.00000000;55.79000092
S;SUL;2001-06-09;6513.00000000;98.05000305;6387.00000000;96.16000366
SE;SUDESTE;2001-06-09;16682.00000000;77.18000031;16673.00000000;77.13999939
N;NORTE;2001-06-10;3469.00000000;85.63999939;2739.00000000;67.62000275
NE;NORDESTE;2001-06-10;2571.00000000;55.90000153;2538.00000000;55.18000031
S;SUL;2001-06-10;5959.00000000;89.70999908;5949.00000000;89.55999756
SE;SUDESTE;2001-06-10;16851.00000000;77.95999908;16841.00000000;77.91000366
N;NORTE;2001-06-11;3379.00000000;83.41999817;2669.00000000;65.88999939
NE;NORDESTE;2001-06-11;2549.00000000;55.41999817;2522.00000000;54.84000015
S;SUL;2001-06-11;5470.00000000;82.34999847;5470.00000000;82.34999847
SE;SUDESTE;2001-06-11;16939.00000000;78.37000275;16926.00000000;78.30999756
N;NORTE;2001-06-12;3294.00000000;81.31999969;2799.00000000;69.09999847
NE;NORDESTE;2001-06-12;2531.00000000;55.02999878;2502.00000000;54.40000153
S;SUL;2001-06-12;5032.00000000;75.76000214;5032.00000000;75.76000214
SE;SUDESTE;2001-06-12;16729.00000000;77.40000153;16714.00000000;77.33000183
N;NORTE;2001-06-13;3188.00000000;78.70999908;2795.00000000;69.00000000
NE;NORDESTE;2001-06-13;2511.00000000;54.59999847;2506.00000000;54.49000168
S;SUL;2001-06-13;4637.00000000;69.80999756;4637.00000000;69.80999756
SE;SUDESTE;2001-06-13;16361.00000000;75.69000244;16350.00000000;75.63999939
N;NORTE;2001-06-14;3102.00000000;76.58000183;2709.00000000;66.87999725
NE;NORDESTE;2001-06-14;2494.00000000;54.22999954;2494.00000000;54.22999954
S;SUL;2001-06-14;4365.00000000;65.72000122;4365.00000000;65.72000122
SE;SUDESTE;2001-06-14;15968.00000000;73.87000275;15949.00000000;73.79000092
N;NORTE;2001-06-15;3019.00000000;74.52999878;2744.00000000;67.73999786
NE;NORDESTE;2001-06-15;2474.00000000;53.79000092;2474.00000000;53.79000092
S;SUL;2001-06-15;4445.00000000;66.91999817;4443.00000000;66.88999939
SE;SUDESTE;2001-06-15;15647.00000000;72.38999939;15630.00000000;72.30999756
N;NORTE;2001-06-16;2966.00000000;73.23000336;2752.00000000;67.94000244
NE;NORDESTE;2001-06-16;2452.00000000;53.31000137;2447.00000000;53.20999908
S;SUL;2001-06-16;4999.00000000;75.26000214;4997.00000000;75.23000336
SE;SUDESTE;2001-06-16;15385.00000000;71.18000031;15376.00000000;71.13999939
N;NORTE;2001-06-17;2931.00000000;72.36000061;2712.00000000;66.94999695
NE;NORDESTE;2001-06-17;2427.00000000;52.77000046;2427.00000000;52.77000046
S;SUL;2001-06-17;6800.00000000;102.37999725;6768.00000000;101.88999939
SE;SUDESTE;2001-06-17;15279.00000000;70.69000244;15263.00000000;70.61000061
N;NORTE;2001-06-18;2898.00000000;71.55000305;2726.00000000;67.30000305
NE;NORDESTE;2001-06-18;2401.00000000;52.20999908;2401.00000000;52.20999908
S;SUL;2001-06-18;7266.00000000;109.38999939;7266.00000000;109.38999939
SE;SUDESTE;2001-06-18;15291.00000000;70.73999786;15282.00000000;70.69999695
N;NORTE;2001-06-19;2852.00000000;70.41000366;2784.00000000;68.73000336
NE;NORDESTE;2001-06-19;2380.00000000;51.75000000;2380.00000000;51.75000000
S;SUL;2001-06-19;6712.00000000;101.05000305;6712.00000000;101.05000305
SE;SUDESTE;2001-06-19;15464.00000000;71.54000092;15450.00000000;71.48000336
N;NORTE;2001-06-20;2802.00000000;69.18000031;2774.00000000;68.48000336
NE;NORDESTE;2001-06-20;2359.00000000;51.29000092;2359.00000000;51.29000092
S;SUL;2001-06-20;6576.00000000;99.00000000;6526.00000000;98.25000000
SE;SUDESTE;2001-06-20;15933.00000000;73.70999908;15910.00000000;73.61000061
N;NORTE;2001-06-21;2753.00000000;67.97000122;2729.00000000;67.37000275
NE;NORDESTE;2001-06-21;2340.00000000;50.88000107;2340.00000000;50.88000107
S;SUL;2001-06-21;6565.00000000;98.83999634;6498.00000000;97.83000183
SE;SUDESTE;2001-06-21;16527.00000000;76.45999908;16505.00000000;76.36000061
N;NORTE;2001-06-22;2701.00000000;66.68000031;2680.00000000;66.16000366
NE;NORDESTE;2001-06-22;2324.00000000;50.52999878;2324.00000000;50.52999878
S;SUL;2001-06-22;6289.00000000;94.68000031;6235.00000000;93.87000275
SE;SUDESTE;2001-06-22;17084.00000000;79.04000092;17070.00000000;78.97000122
N;NORTE;2001-06-23;2648.00000000;65.37000275;2624.00000000;64.77999878
NE;NORDESTE;2001-06-23;2309.00000000;50.20999908;2309.00000000;50.20999908
S;SUL;2001-06-23;6023.00000000;90.68000031;5970.00000000;89.87999725
SE;SUDESTE;2001-06-23;17646.00000000;81.63999939;17634.00000000;81.58000183
N;NORTE;2001-06-24;2592.00000000;63.99000168;2564.00000000;63.29999924
NE;NORDESTE;2001-06-24;2295.00000000;49.90000153;2295.00000000;49.90000153
S;SUL;2001-06-24;6221.00000000;93.66000366;6198.00000000;93.30999756
SE;SUDESTE;2001-06-24;17803.00000000;82.36000061;17794.00000000;82.31999969
N;NORTE;2001-06-25;2543.00000000;62.77999878;2513.00000000;62.04000092
NE;NORDESTE;2001-06-25;2282.00000000;49.61999893;2282.00000000;49.61999893
S;SUL;2001-06-25;6966.00000000;104.87000275;6913.00000000;104.08000183
SE;SUDESTE;2001-06-25;17425.00000000;80.62000275;17414.00000000;80.55999756
N;NORTE;2001-06-26;2509.00000000;61.93999863;2479.00000000;61.20000076
NE;NORDESTE;2001-06-26;2269.00000000;49.34000015;2269.00000000;49.34000015
S;SUL;2001-06-26;9288.00000000;139.83000183;9162.00000000;137.94000244
SE;SUDESTE;2001-06-26;16995.00000000;78.62999725;16982.00000000;78.56999969
N;NORTE;2001-06-27;2461.00000000;60.75999832;2429.00000000;59.97000122
NE;NORDESTE;2001-06-27;2260.00000000;49.13999939;2260.00000000;49.13999939
S;SUL;2001-06-27;12245.00000000;184.35000610;10560.00000000;158.97999573
SE;SUDESTE;2001-06-27;16938.00000000;78.36000061;16926.00000000;78.30999756
N;NORTE;2001-06-28;2426.00000000;59.88999939;2391.00000000;59.02999878
NE;NORDESTE;2001-06-28;2251.00000000;48.93999863;2251.00000000;48.93999863
S;SUL;2001-06-28;12359.00000000;186.07000732;11038.00000000;166.17999268
SE;SUDESTE;2001-06-28;17355.00000000;80.29000092;17347.00000000;80.25000000
N;NORTE;2001-06-29;2379.00000000;58.72999954;2346.00000000;57.91999817
NE;NORDESTE;2001-06-29;2239.00000000;48.68000031;2239.00000000;48.68000031
S;SUL;2001-06-29;10996.00000000;165.55000305;10168.00000000;153.08000183
SE;SUDESTE;2001-06-29;18117.00000000;83.81999969;18106.00000000;83.76999664
N;NORTE;2001-06-30;2350.00000000;58.02000046;2327.00000000;57.45000076
NE;NORDESTE;2001-06-30;2230.00000000;48.49000168;2230.00000000;48.49000168
S;SUL;2001-06-30;9823.00000000;147.88999939;9421.00000000;141.83999634
SE;SUDESTE;2001-06-30;18500.00000000;85.58999634;18491.00000000;85.55000305
N;NORTE;2001-07-01;2313.00000000;99.23000336;2292.00000000;98.33000183
NE;NORDESTE;2001-07-01;2217.00000000;58.63000107;2217.00000000;58.63000107
S;SUL;2001-07-01;9212.00000000;133.77000427;8662.00000000;125.77999878
SE;SUDESTE;2001-07-01;18272.00000000;100.94000244;18263.00000000;100.88999939
N;NORTE;2001-07-02;2272.00000000;97.47000122;2248.00000000;96.44000244
NE;NORDESTE;2001-07-02;2202.00000000;58.24000168;2202.00000000;58.24000168
S;SUL;2001-07-02;8795.00000000;127.70999908;8411.00000000;122.13999939
SE;SUDESTE;2001-07-02;17565.00000000;97.02999878;17553.00000000;96.95999908
N;NORTE;2001-07-03;2231.00000000;95.70999908;2204.00000000;94.55999756
NE;NORDESTE;2001-07-03;2178.00000000;57.59999847;2178.00000000;57.59999847
S;SUL;2001-07-03;8435.00000000;122.48999786;8093.00000000;117.51999664
SE;SUDESTE;2001-07-03;16837.00000000;93.01000214;16823.00000000;92.93000031
N;NORTE;2001-07-04;2180.00000000;93.52999878;2154.00000000;92.41000366
NE;NORDESTE;2001-07-04;2148.00000000;56.81000137;2148.00000000;56.81000137
S;SUL;2001-07-04;8051.00000000;116.91000366;7844.00000000;113.90000153
SE;SUDESTE;2001-07-04;16292.00000000;90.00000000;16284.00000000;89.94999695
N;NORTE;2001-07-05;2138.00000000;91.72000122;2115.00000000;90.73999786
NE;NORDESTE;2001-07-05;2110.00000000;55.79999924;2110.00000000;55.79999924
S;SUL;2001-07-05;7623.00000000;110.69000244;7623.00000000;110.69000244
SE;SUDESTE;2001-07-05;15881.00000000;87.73000336;15866.00000000;87.63999939
N;NORTE;2001-07-06;2076.00000000;89.05999756;2063.00000000;88.51000214
NE;NORDESTE;2001-07-06;2075.00000000;54.88000107;2075.00000000;54.88000107
S;SUL;2001-07-06;7211.00000000;104.70999908;7211.00000000;104.70999908
SE;SUDESTE;2001-07-06;15495.00000000;85.59999847;15480.00000000;85.51000214
N;NORTE;2001-07-07;2036.00000000;87.34999847;2026.00000000;86.91999817
NE;NORDESTE;2001-07-07;2033.00000000;53.77000046;2033.00000000;53.77000046
S;SUL;2001-07-07;6901.00000000;100.20999908;6901.00000000;100.20999908
SE;SUDESTE;2001-07-07;15217.00000000;84.05999756;15205.00000000;83.98999786
N;NORTE;2001-07-08;2021.00000000;86.69999695;2006.00000000;86.05999756
NE;NORDESTE;2001-07-08;1997.00000000;52.81000137;1997.00000000;52.81000137
S;SUL;2001-07-08;6611.00000000;96.00000000;6611.00000000;96.00000000
SE;SUDESTE;2001-07-08;14926.00000000;82.44999695;14916.00000000;82.40000153
N;NORTE;2001-07-09;2039.00000000;87.48000336;2019.00000000;86.62000275
NE;NORDESTE;2001-07-09;1966.00000000;51.99000168;1966.00000000;51.99000168
S;SUL;2001-07-09;6359.00000000;92.33999634;6359.00000000;92.33999634
SE;SUDESTE;2001-07-09;14599.00000000;80.65000153;14590.00000000;80.59999847
N;NORTE;2001-07-10;2021.00000000;86.69999695;2000.00000000;85.80000305
NE;NORDESTE;2001-07-10;1940.00000000;51.31000137;1940.00000000;51.31000137
S;SUL;2001-07-10;6304.00000000;91.54000092;6279.00000000;91.18000031
SE;SUDESTE;2001-07-10;14324.00000000;79.12999725;14313.00000000;79.06999969
N;NORTE;2001-07-11;2004.00000000;85.98000336;1987.00000000;85.25000000
NE;NORDESTE;2001-07-11;1921.00000000;50.79999924;1921.00000000;50.79999924
S;SUL;2001-07-11;6607.00000000;95.94000244;6577.00000000;95.51000214
SE;SUDESTE;2001-07-11;14101.00000000;77.88999939;14092.00000000;77.83999634
N;NORTE;2001-07-12;1978.00000000;84.86000061;1965.00000000;84.30000305
NE;NORDESTE;2001-07-12;1909.00000000;50.49000168;1909.00000000;50.49000168
S;SUL;2001-07-12;7320.00000000;106.29000092;7277.00000000;105.66999817
SE;SUDESTE;2001-07-12;14004.00000000;77.36000061;13994.00000000;77.30000305
N;NORTE;2001-07-13;1949.00000000;83.62000275;1939.00000000;83.19000244
NE;NORDESTE;2001-07-13;1900.00000000;50.25000000;1900.00000000;50.25000000
S;SUL;2001-07-13;7272.00000000;105.59999847;7224.00000000;104.90000153
SE;SUDESTE;2001-07-13;13870.00000000;76.62000275;13860.00000000;76.55999756
N;NORTE;2001-07-14;1928.00000000;82.70999908;1917.00000000;82.23999786
NE;NORDESTE;2001-07-14;1895.00000000;50.11999893;1895.00000000;50.11999893
S;SUL;2001-07-14;6686.00000000;97.08999634;6681.00000000;97.01999664
SE;SUDESTE;2001-07-14;13895.00000000;76.76000214;13883.00000000;76.69000244
N;NORTE;2001-07-15;1893.00000000;81.20999908;1877.00000000;80.52999878
NE;NORDESTE;2001-07-15;1985.00000000;52.50000000;1985.00000000;52.50000000
S;SUL;2001-07-15;5996.00000000;87.06999969;5996.00000000;87.06999969
SE;SUDESTE;2001-07-15;13859.00000000;76.55999756;13850.00000000;76.51000214
N;NORTE;2001-07-16;1877.00000000;80.52999878;1859.00000000;79.75000000
NE;NORDESTE;2001-07-16;2138.00000000;56.54000092;2138.00000000;56.54000092
S;SUL;2001-07-16;5365.00000000;77.91000366;5365.00000000;77.91000366
SE;SUDESTE;2001-07-16;13815.00000000;76.30999756;13805.00000000;76.26000214
N;NORTE;2001-07-17;1866.00000000;80.05000305;1852.00000000;79.44999695
NE;NORDESTE;2001-07-17;2196.00000000;58.08000183;2196.00000000;58.08000183
S;SUL;2001-07-17;5092.00000000;73.94000244;5086.00000000;73.84999847
SE;SUDESTE;2001-07-17;13757.00000000;75.98999786;13740.00000000;75.90000153
N;NORTE;2001-07-18;1857.00000000;79.66999817;1846.00000000;79.19999695
NE;NORDESTE;2001-07-18;2078.00000000;54.95999908;2078.00000000;54.95999908
S;SUL;2001-07-18;6180.00000000;89.73999786;6157.00000000;89.41000366
SE;SUDESTE;2001-07-18;13631.00000000;75.30000305;13615.00000000;75.20999908
N;NORTE;2001-07-19;1837.00000000;78.80999756;1826.00000000;78.33999634
NE;NORDESTE;2001-07-19;1952.00000000;51.61999893;1952.00000000;51.61999893
S;SUL;2001-07-19;9013.00000000;130.88000488;8156.00000000;118.43000031
SE;SUDESTE;2001-07-19;13507.00000000;74.61000061;13484.00000000;74.48999786
N;NORTE;2001-07-20;1805.00000000;77.44000244;1790.00000000;76.79000092
NE;NORDESTE;2001-07-20;1902.00000000;50.29999924;1902.00000000;50.29999924
S;SUL;2001-07-20;10418.00000000;151.27999878;8038.00000000;116.72000122
SE;SUDESTE;2001-07-20;13386.00000000;73.94000244;13369.00000000;73.84999847
N;NORTE;2001-07-21;1775.00000000;76.15000153;1762.00000000;75.58999634
NE;NORDESTE;2001-07-21;1982.00000000;52.41999817;1982.00000000;52.41999817
S;SUL;2001-07-21;10473.00000000;152.08000183;6340.00000000;92.05999756
SE;SUDESTE;2001-07-21;13431.00000000;74.19000244;13416.00000000;74.11000061
N;NORTE;2001-07-22;1761.00000000;75.55000305;1750.00000000;75.08000183
NE;NORDESTE;2001-07-22;2088.00000000;55.22000122;2088.00000000;55.22000122
S;SUL;2001-07-22;9710.00000000;141.00000000;4835.00000000;70.20999908
SE;SUDESTE;2001-07-22;13688.00000000;75.61000061;13677.00000000;75.55000305
N;NORTE;2001-07-23;1749.00000000;75.04000092;1737.00000000;74.51999664
NE;NORDESTE;2001-07-23;2020.00000000;53.41999817;2020.00000000;53.41999817
S;SUL;2001-07-23;8487.00000000;123.23999786;6767.00000000;98.26000214
SE;SUDESTE;2001-07-23;14034.00000000;77.51999664;14025.00000000;77.47000122
N;NORTE;2001-07-24;1732.00000000;74.30999756;1714.00000000;73.52999878
NE;NORDESTE;2001-07-24;1917.00000000;50.70000076;1917.00000000;50.70000076
S;SUL;2001-07-24;7767.00000000;112.79000092;7397.00000000;107.41000366
SE;SUDESTE;2001-07-24;14074.00000000;77.75000000;14064.00000000;77.69000244
N;NORTE;2001-07-25;1722.00000000;73.87999725;1708.00000000;73.27999878
NE;NORDESTE;2001-07-25;1876.00000000;49.61000061;1876.00000000;49.61000061
S;SUL;2001-07-25;8065.00000000;117.11000061;7908.00000000;114.83000183
SE;SUDESTE;2001-07-25;13788.00000000;76.16999817;13777.00000000;76.09999847
N;NORTE;2001-07-26;1707.00000000;73.23000336;1696.00000000;72.76000214
NE;NORDESTE;2001-07-26;1861.00000000;49.22000122;1861.00000000;49.22000122
S;SUL;2001-07-26;9774.00000000;141.92999268;9546.00000000;138.61999512
SE;SUDESTE;2001-07-26;13690.00000000;75.62000275;13679.00000000;75.55999756
N;NORTE;2001-07-27;1679.00000000;72.02999878;1672.00000000;71.73000336
NE;NORDESTE;2001-07-27;1853.00000000;49.00999832;1853.00000000;49.00999832
S;SUL;2001-07-27;12325.00000000;178.97000122;10045.00000000;145.86000061
SE;SUDESTE;2001-07-27;13811.00000000;76.29000092;13799.00000000;76.23000336
N;NORTE;2001-07-28;1662.00000000;71.30000305;1655.00000000;71.00000000
NE;NORDESTE;2001-07-28;1850.00000000;48.93000031;1850.00000000;48.93000031
S;SUL;2001-07-28;13449.00000000;195.28999329;7962.00000000;115.62000275
SE;SUDESTE;2001-07-28;14314.00000000;79.06999969;14303.00000000;79.01000214
N;NORTE;2001-07-29;1646.00000000;70.62000275;1638.00000000;70.26999664
NE;NORDESTE;2001-07-29;1848.00000000;48.86999893;1848.00000000;48.86999893
S;SUL;2001-07-29;12950.00000000;188.05000305;8001.00000000;116.18000031
SE;SUDESTE;2001-07-29;14906.00000000;82.33999634;14894.00000000;82.27999878
N;NORTE;2001-07-30;1641.00000000;70.40000153;1631.00000000;69.97000122
NE;NORDESTE;2001-07-30;1846.00000000;48.81999969;1846.00000000;48.81999969
S;SUL;2001-07-30;11552.00000000;167.75000000;8415.00000000;122.19999695
SE;SUDESTE;2001-07-30;16164.00000000;89.29000092;16154.00000000;89.23999786
N;NORTE;2001-07-31;1629.00000000;69.88999939;1618.00000000;69.41999817
NE;NORDESTE;2001-07-31;1844.00000000;48.77000046;1844.00000000;48.77000046
S;SUL;2001-07-31;10515.00000000;152.69000244;7672.00000000;111.41000366
SE;SUDESTE;2001-07-31;17081.00000000;94.36000061;17071.00000000;94.30000305
N;NORTE;2001-08-01;1620.00000000;99.09999847;1609.00000000;98.43000031
NE;NORDESTE;2001-08-01;1840.00000000;55.75000000;1840.00000000;55.75000000
S;SUL;2001-08-01;9786.00000000;162.80000305;7891.00000000;131.27999878
SE;SUDESTE;2001-08-01;16856.00000000;112.19000244;16846.00000000;112.12000275
N;NORTE;2001-08-02;1609.00000000;98.43000031;1598.00000000;97.76000214
NE;NORDESTE;2001-08-02;1834.00000000;55.56999969;1834.00000000;55.56999969
S;SUL;2001-08-02;9465.00000000;157.46000671;7976.00000000;132.69000244
SE;SUDESTE;2001-08-02;16000.00000000;106.48999786;15990.00000000;106.43000031
N;NORTE;2001-08-03;1598.00000000;97.76000214;1588.00000000;97.15000153
NE;NORDESTE;2001-08-03;1834.00000000;55.56999969;1834.00000000;55.56999969
S;SUL;2001-08-03;9124.00000000;151.78999329;8342.00000000;138.77999878
SE;SUDESTE;2001-08-03;15168.00000000;100.95999908;15158.00000000;100.88999939
N;NORTE;2001-08-04;1570.00000000;96.04000092;1561.00000000;95.48999786
NE;NORDESTE;2001-08-04;1835.00000000;55.59999847;1835.00000000;55.59999847
S;SUL;2001-08-04;8828.00000000;146.86999512;7686.00000000;127.87000275
SE;SUDESTE;2001-08-04;14578.00000000;97.02999878;14569.00000000;96.97000122
N;NORTE;2001-08-05;1563.00000000;95.62000275;1556.00000000;95.19000244
NE;NORDESTE;2001-08-05;1835.00000000;55.59999847;1835.00000000;55.59999847
S;SUL;2001-08-05;8714.00000000;144.97000122;5814.00000000;96.72000122
SE;SUDESTE;2001-08-05;14147.00000000;94.16000366;14137.00000000;94.08999634
N;NORTE;2001-08-06;1564.00000000;95.68000031;1557.00000000;95.25000000
NE;NORDESTE;2001-08-06;1834.00000000;55.56999969;1834.00000000;55.56999969
S;SUL;2001-08-06;8606.00000000;143.16999817;7361.00000000;122.45999908
SE;SUDESTE;2001-08-06;13742.00000000;91.47000122;13733.00000000;91.41000366
N;NORTE;2001-08-07;1549.00000000;94.76000214;1541.00000000;94.26999664
NE;NORDESTE;2001-08-07;1837.00000000;55.65999985;1837.00000000;55.65999985
S;SUL;2001-08-07;8462.00000000;140.77999878;7557.00000000;125.72000122
SE;SUDESTE;2001-08-07;13415.00000000;89.29000092;13398.00000000;89.18000031
N;NORTE;2001-08-08;1529.00000000;93.54000092;1522.00000000;93.11000061
NE;NORDESTE;2001-08-08;1837.00000000;55.65999985;1837.00000000;55.65999985
S;SUL;2001-08-08;8223.00000000;136.80000305;7438.00000000;123.73999786
SE;SUDESTE;2001-08-08;13072.00000000;87.01000214;13055.00000000;86.88999939
N;NORTE;2001-08-09;1511.00000000;92.44000244;1505.00000000;92.06999969
NE;NORDESTE;2001-08-09;1840.00000000;55.75000000;1840.00000000;55.75000000
S;SUL;2001-08-09;7832.00000000;130.30000305;7327.00000000;121.90000153
SE;SUDESTE;2001-08-09;12777.00000000;85.04000092;12762.00000000;84.94000244
N;NORTE;2001-08-10;1470.00000000;89.93000031;1469.00000000;89.87000275
NE;NORDESTE;2001-08-10;1842.00000000;55.81999969;1842.00000000;55.81999969
S;SUL;2001-08-10;7296.00000000;121.37999725;6706.00000000;111.55999756
SE;SUDESTE;2001-08-10;12516.00000000;83.30999756;12500.00000000;83.19999695
N;NORTE;2001-08-11;1435.00000000;87.79000092;1435.00000000;87.79000092
NE;NORDESTE;2001-08-11;1843.00000000;55.84999847;1843.00000000;55.84999847
S;SUL;2001-08-11;6575.00000000;109.37999725;6244.00000000;103.87999725
SE;SUDESTE;2001-08-11;12328.00000000;82.05000305;12319.00000000;81.98999786
N;NORTE;2001-08-12;1396.00000000;85.40000153;1396.00000000;85.40000153
NE;NORDESTE;2001-08-12;1844.00000000;55.88000107;1844.00000000;55.88000107
S;SUL;2001-08-12;6011.00000000;100.00000000;5953.00000000;99.04000092
SE;SUDESTE;2001-08-12;12110.00000000;80.59999847;12096.00000000;80.51000214
N;NORTE;2001-08-13;1380.00000000;84.41999817;1380.00000000;84.41999817
NE;NORDESTE;2001-08-13;1845.00000000;55.90999985;1845.00000000;55.90999985
S;SUL;2001-08-13;5505.00000000;91.58000183;5422.00000000;90.19999695
SE;SUDESTE;2001-08-13;11877.00000000;79.05000305;11869.00000000;79.00000000
N;NORTE;2001-08-14;1375.00000000;84.12000275;1372.00000000;83.93000031
NE;NORDESTE;2001-08-14;1847.00000000;55.97000122;1847.00000000;55.97000122
S;SUL;2001-08-14;5003.00000000;83.23000336;5003.00000000;83.23000336
SE;SUDESTE;2001-08-14;11643.00000000;77.48999786;11633.00000000;77.43000031
N;NORTE;2001-08-15;1357.00000000;83.01000214;1354.00000000;82.83000183
NE;NORDESTE;2001-08-15;1847.00000000;55.97000122;1847.00000000;55.97000122
S;SUL;2001-08-15;4560.00000000;75.86000061;4560.00000000;75.86000061
SE;SUDESTE;2001-08-15;11456.00000000;76.25000000;11446.00000000;76.18000031
N;NORTE;2001-08-16;1332.00000000;81.48999786;1329.00000000;81.30000305
NE;NORDESTE;2001-08-16;1847.00000000;55.97000122;1847.00000000;55.97000122
S;SUL;2001-08-16;4180.00000000;69.54000092;4127.00000000;68.66000366
SE;SUDESTE;2001-08-16;11327.00000000;75.38999939;11318.00000000;75.33000183
N;NORTE;2001-08-17;1312.00000000;80.26000214;1308.00000000;80.01999664
NE;NORDESTE;2001-08-17;1847.00000000;55.97000122;1847.00000000;55.97000122
S;SUL;2001-08-17;3803.00000000;63.27000046;3622.00000000;60.25999832
SE;SUDESTE;2001-08-17;11219.00000000;74.66999817;11203.00000000;74.56999969
N;NORTE;2001-08-18;1295.00000000;79.22000122;1293.00000000;79.09999847
NE;NORDESTE;2001-08-18;1846.00000000;55.93999863;1846.00000000;55.93999863
S;SUL;2001-08-18;3490.00000000;58.06000137;3125.00000000;51.99000168
SE;SUDESTE;2001-08-18;11119.00000000;74.01000214;11109.00000000;73.94000244
N;NORTE;2001-08-19;1287.00000000;78.73000336;1287.00000000;78.73000336
NE;NORDESTE;2001-08-19;1845.00000000;55.90999985;1845.00000000;55.90999985
S;SUL;2001-08-19;3284.00000000;54.63000107;3277.00000000;54.52000046
SE;SUDESTE;2001-08-19;11033.00000000;73.43000031;11023.00000000;73.37000275
N;NORTE;2001-08-20;1279.00000000;78.23999786;1279.00000000;78.23999786
NE;NORDESTE;2001-08-20;1844.00000000;55.88000107;1844.00000000;55.88000107
S;SUL;2001-08-20;3212.00000000;53.43999863;3212.00000000;53.43999863
SE;SUDESTE;2001-08-20;10982.00000000;73.08999634;10970.00000000;73.01999664
N;NORTE;2001-08-21;1275.00000000;78.00000000;1275.00000000;78.00000000
NE;NORDESTE;2001-08-21;1841.00000000;55.79000092;1841.00000000;55.79000092
S;SUL;2001-08-21;3104.00000000;51.63999939;3077.00000000;51.18999863
SE;SUDESTE;2001-08-21;10959.00000000;72.94000244;10938.00000000;72.80000305
N;NORTE;2001-08-22;1263.00000000;77.26000214;1263.00000000;77.26000214
NE;NORDESTE;2001-08-22;1841.00000000;55.79000092;1841.00000000;55.79000092
S;SUL;2001-08-22;3027.00000000;50.36000061;3019.00000000;50.22999954
SE;SUDESTE;2001-08-22;10993.00000000;73.16999817;10978.00000000;73.06999969
N;NORTE;2001-08-23;1233.00000000;75.43000031;1233.00000000;75.43000031
NE;NORDESTE;2001-08-23;1840.00000000;55.75000000;1840.00000000;55.75000000
S;SUL;2001-08-23;3030.00000000;50.40999985;3019.00000000;50.22999954
SE;SUDESTE;2001-08-23;11003.00000000;73.23000336;10986.00000000;73.12000275
N;NORTE;2001-08-24;1209.00000000;73.95999908;1209.00000000;73.95999908
NE;NORDESTE;2001-08-24;1838.00000000;55.68999863;1838.00000000;55.68999863
S;SUL;2001-08-24;2976.00000000;49.50999832;2970.00000000;49.40999985
SE;SUDESTE;2001-08-24;11061.00000000;73.62000275;11047.00000000;73.52999878
N;NORTE;2001-08-25;1194.00000000;73.04000092;1194.00000000;73.04000092
NE;NORDESTE;2001-08-25;1836.00000000;55.63000107;1836.00000000;55.63000107
S;SUL;2001-08-25;2897.00000000;48.20000076;2879.00000000;47.90000153
SE;SUDESTE;2001-08-25;11156.00000000;74.25000000;11142.00000000;74.16000366
N;NORTE;2001-08-26;1169.00000000;71.51000214;1169.00000000;71.51000214
NE;NORDESTE;2001-08-26;1834.00000000;55.56999969;1834.00000000;55.56999969
S;SUL;2001-08-26;3016.00000000;50.18000031;3007.00000000;50.02999878
SE;SUDESTE;2001-08-26;11406.00000000;75.91999817;11390.00000000;75.80999756
N;NORTE;2001-08-27;1164.00000000;71.20999908;1164.00000000;71.20999908
NE;NORDESTE;2001-08-27;1833.00000000;55.54000092;1833.00000000;55.54000092
S;SUL;2001-08-27;3395.00000000;56.47999954;3385.00000000;56.31000137
SE;SUDESTE;2001-08-27;11762.00000000;78.29000092;11745.00000000;78.16999817
N;NORTE;2001-08-28;1145.00000000;70.05000305;1145.00000000;70.05000305
NE;NORDESTE;2001-08-28;1834.00000000;55.56999969;1834.00000000;55.56999969
S;SUL;2001-08-28;4227.00000000;70.31999969;4227.00000000;70.31999969
SE;SUDESTE;2001-08-28;12328.00000000;82.05000305;12312.00000000;81.94999695
N;NORTE;2001-08-29;1130.00000000;69.12999725;1130.00000000;69.12999725
NE;NORDESTE;2001-08-29;1834.00000000;55.56999969;1834.00000000;55.56999969
S;SUL;2001-08-29;5297.00000000;88.12000275;5297.00000000;88.12000275
SE;SUDESTE;2001-08-29;12969.00000000;86.31999969;12954.00000000;86.22000122
N;NORTE;2001-08-30;1101.00000000;67.34999847;1101.00000000;67.34999847
NE;NORDESTE;2001-08-30;1838.00000000;55.68999863;1838.00000000;55.68999863
S;SUL;2001-08-30;6445.00000000;107.22000122;6445.00000000;107.22000122
SE;SUDESTE;2001-08-30;13664.00000000;90.94999695;13643.00000000;90.80999756
N;NORTE;2001-08-31;1087.00000000;66.50000000;1087.00000000;66.50000000
NE;NORDESTE;2001-08-31;1842.00000000;55.81999969;1839.00000000;55.72000122
S;SUL;2001-08-31;7109.00000000;118.26999664;7109.00000000;118.26999664
SE;SUDESTE;2001-08-31;14653.00000000;97.52999878;14601.00000000;97.18000031
N;NORTE;2001-09-01;1073.00000000;83.12999725;1073.00000000;83.12999725
NE;NORDESTE;2001-09-01;1847.00000000;62.45000076;1841.00000000;62.25000000
S;SUL;2001-09-01;6746.00000000;95.68000031;6746.00000000;95.68000031
SE;SUDESTE;2001-09-01;14460.00000000;96.16000366;14439.00000000;96.01999664
N;NORTE;2001-09-02;1056.00000000;81.81999969;1056.00000000;81.81999969
NE;NORDESTE;2001-09-02;1854.00000000;62.68999863;1854.00000000;62.68999863
S;SUL;2001-09-02;6097.00000000;86.47000122;6097.00000000;86.47000122
SE;SUDESTE;2001-09-02;16540.00000000;109.98999786;16524.00000000;109.88999939
N;NORTE;2001-09-03;1040.00000000;80.58000183;1040.00000000;80.58000183
NE;NORDESTE;2001-09-03;1859.00000000;62.86000061;1859.00000000;62.86000061
S;SUL;2001-09-03;5591.00000000;79.30000305;5591.00000000;79.30000305
SE;SUDESTE;2001-09-03;16328.00000000;108.58000183;16313.00000000;108.48000336
N;NORTE;2001-09-04;1041.00000000;80.65000153;1041.00000000;80.65000153
NE;NORDESTE;2001-09-04;1862.00000000;62.95999908;1862.00000000;62.95999908
S;SUL;2001-09-04;5106.00000000;72.41999817;5106.00000000;72.41999817
SE;SUDESTE;2001-09-04;14950.00000000;99.41999817;14933.00000000;99.30999756
N;NORTE;2001-09-05;1018.00000000;78.87000275;1018.00000000;78.87000275
NE;NORDESTE;2001-09-05;1864.00000000;63.02000046;1864.00000000;63.02000046
S;SUL;2001-09-05;4821.00000000;68.37999725;4821.00000000;68.37999725
SE;SUDESTE;2001-09-05;13912.00000000;92.51999664;13884.00000000;92.33000183
N;NORTE;2001-09-06;997.00000000;77.25000000;997.00000000;77.25000000
NE;NORDESTE;2001-09-06;1868.00000000;63.15999985;1868.00000000;63.15999985
S;SUL;2001-09-06;4748.00000000;67.33999634;4748.00000000;67.33999634
SE;SUDESTE;2001-09-06;13136.00000000;87.36000061;13121.00000000;87.26000214
N;NORTE;2001-09-07;994.00000000;77.01000214;994.00000000;77.01000214
NE;NORDESTE;2001-09-07;1868.00000000;63.15999985;1868.00000000;63.15999985
S;SUL;2001-09-07;4901.00000000;69.51000214;4901.00000000;69.51000214
SE;SUDESTE;2001-09-07;12560.00000000;83.52999878;12543.00000000;83.41000366
N;NORTE;2001-09-08;996.00000000;77.16999817;996.00000000;77.16999817
NE;NORDESTE;2001-09-08;1875.00000000;63.40000153;1875.00000000;63.40000153
S;SUL;2001-09-08;4877.00000000;69.16999817;4877.00000000;69.16999817
SE;SUDESTE;2001-09-08;12144.00000000;80.76000214;12127.00000000;80.65000153
N;NORTE;2001-09-09;1008.00000000;78.09999847;1001.00000000;77.55999756
NE;NORDESTE;2001-09-09;1880.00000000;63.56999969;1880.00000000;63.56999969
S;SUL;2001-09-09;4639.00000000;65.79000092;4639.00000000;65.79000092
SE;SUDESTE;2001-09-09;11729.00000000;78.00000000;11714.00000000;77.90000153
N;NORTE;2001-09-10;1022.00000000;79.18000031;1017.00000000;78.80000305
NE;NORDESTE;2001-09-10;1888.00000000;63.84000015;1888.00000000;63.84000015
S;SUL;2001-09-10;4654.00000000;66.01000214;4599.00000000;65.23000336
SE;SUDESTE;2001-09-10;11458.00000000;76.19999695;11441.00000000;76.08000183
N;NORTE;2001-09-11;1040.00000000;80.58000183;1040.00000000;80.58000183
NE;NORDESTE;2001-09-11;1898.00000000;64.16999817;1898.00000000;64.16999817
S;SUL;2001-09-11;4977.00000000;70.58999634;4927.00000000;69.87999725
SE;SUDESTE;2001-09-11;11174.00000000;74.30999756;11135.00000000;74.05000305
N;NORTE;2001-09-12;1052.00000000;81.51000214;1051.00000000;81.43000031
NE;NORDESTE;2001-09-12;1912.00000000;64.65000153;1912.00000000;64.65000153
S;SUL;2001-09-12;5088.00000000;72.16000366;5050.00000000;71.62000275
SE;SUDESTE;2001-09-12;10944.00000000;72.77999878;10908.00000000;72.54000092
N;NORTE;2001-09-13;1048.00000000;81.19999695;1042.00000000;80.73000336
NE;NORDESTE;2001-09-13;1926.00000000;65.12000275;1926.00000000;65.12000275
S;SUL;2001-09-13;4961.00000000;70.36000061;4916.00000000;69.72000122
SE;SUDESTE;2001-09-13;10761.00000000;71.55999756;10739.00000000;71.41999817
N;NORTE;2001-09-14;1034.00000000;80.11000061;1029.00000000;79.72000122
NE;NORDESTE;2001-09-14;2707.00000000;91.52999878;2707.00000000;91.52999878
S;SUL;2001-09-14;5094.00000000;72.25000000;5042.00000000;71.51000214
SE;SUDESTE;2001-09-14;10806.00000000;71.86000061;10774.00000000;71.65000153
N;NORTE;2001-09-15;1039.00000000;80.50000000;1036.00000000;80.26999664
NE;NORDESTE;2001-09-15;1951.00000000;65.97000122;1943.00000000;65.69999695
S;SUL;2001-09-15;5385.00000000;76.37999725;5332.00000000;75.62000275
SE;SUDESTE;2001-09-15;11240.00000000;74.75000000;11190.00000000;74.41000366
N;NORTE;2001-09-16;1045.00000000;80.95999908;1036.00000000;80.26999664
NE;NORDESTE;2001-09-16;1966.00000000;66.47000122;1963.00000000;66.37000275
S;SUL;2001-09-16;5209.00000000;73.87999725;5157.00000000;73.13999939
SE;SUDESTE;2001-09-16;12052.00000000;80.15000153;12004.00000000;79.83000183
N;NORTE;2001-09-17;1056.00000000;81.81999969;1047.00000000;81.12000275
NE;NORDESTE;2001-09-17;1972.00000000;66.68000031;1972.00000000;66.68000031
S;SUL;2001-09-17;4626.00000000;65.61000061;4626.00000000;65.61000061
SE;SUDESTE;2001-09-17;13075.00000000;86.94999695;13024.00000000;86.61000061
N;NORTE;2001-09-18;1063.00000000;82.36000061;1062.00000000;82.27999878
NE;NORDESTE;2001-09-18;1974.00000000;66.73999786;1974.00000000;66.73999786
S;SUL;2001-09-18;4071.00000000;57.74000168;4049.00000000;57.43000031
SE;SUDESTE;2001-09-18;13777.00000000;91.62000275;13732.00000000;91.31999969
N;NORTE;2001-09-19;1074.00000000;83.20999908;1074.00000000;83.20999908
NE;NORDESTE;2001-09-19;1972.00000000;66.68000031;1972.00000000;66.68000031
S;SUL;2001-09-19;3736.00000000;52.99000168;3682.00000000;52.22000122
SE;SUDESTE;2001-09-19;14350.00000000;95.43000031;14308.00000000;95.15000153
N;NORTE;2001-09-20;1100.00000000;85.23000336;1100.00000000;85.23000336
NE;NORDESTE;2001-09-20;1967.00000000;66.51000214;1967.00000000;66.51000214
S;SUL;2001-09-20;3504.00000000;49.70000076;3430.00000000;48.65000153
SE;SUDESTE;2001-09-20;14273.00000000;94.91999817;14230.00000000;94.62999725
N;NORTE;2001-09-21;1103.00000000;85.45999908;1103.00000000;85.45999908
NE;NORDESTE;2001-09-21;1955.00000000;66.09999847;1955.00000000;66.09999847
S;SUL;2001-09-21;3415.00000000;48.43000031;3208.00000000;45.50000000
SE;SUDESTE;2001-09-21;13913.00000000;92.51999664;13870.00000000;92.23999786
N;NORTE;2001-09-22;1073.00000000;83.12999725;1073.00000000;83.12999725
NE;NORDESTE;2001-09-22;1947.00000000;65.83000183;1947.00000000;65.83000183
S;SUL;2001-09-22;3450.00000000;48.93000031;3342.00000000;47.40000153
SE;SUDESTE;2001-09-22;13485.00000000;89.68000031;13437.00000000;89.36000061
N;NORTE;2001-09-23;1019.00000000;78.94999695;1019.00000000;78.94999695
NE;NORDESTE;2001-09-23;1936.00000000;65.45999908;1935.00000000;65.43000031
S;SUL;2001-09-23;3753.00000000;53.22999954;3703.00000000;52.52000046
SE;SUDESTE;2001-09-23;13211.00000000;87.84999847;13165.00000000;87.55000305
N;NORTE;2001-09-24;977.00000000;75.69999695;977.00000000;75.69999695
NE;NORDESTE;2001-09-24;1927.00000000;65.15000153;1927.00000000;65.15000153
S;SUL;2001-09-24;4077.00000000;57.81999969;4005.00000000;56.79999924
SE;SUDESTE;2001-09-24;13084.00000000;87.01000214;13006.00000000;86.48999786
N;NORTE;2001-09-25;974.00000000;75.45999908;974.00000000;75.45999908
NE;NORDESTE;2001-09-25;1922.00000000;64.98999786;1922.00000000;64.98999786
S;SUL;2001-09-25;4495.00000000;63.75000000;4435.00000000;62.90000153
SE;SUDESTE;2001-09-25;13289.00000000;88.37000275;13211.00000000;87.84999847
N;NORTE;2001-09-26;1015.00000000;78.63999939;1015.00000000;78.63999939
NE;NORDESTE;2001-09-26;1923.00000000;65.01999664;1923.00000000;65.01999664
S;SUL;2001-09-26;4993.00000000;70.81999969;4936.00000000;70.01000214
SE;SUDESTE;2001-09-26;14168.00000000;94.22000122;14092.00000000;93.70999908
N;NORTE;2001-09-27;1064.00000000;82.44000244;1064.00000000;82.44000244
NE;NORDESTE;2001-09-27;1921.00000000;64.94999695;1917.00000000;64.81999969
S;SUL;2001-09-27;5831.00000000;82.69999695;5831.00000000;82.69999695
SE;SUDESTE;2001-09-27;14788.00000000;98.33999634;14697.00000000;97.73999786
N;NORTE;2001-09-28;1107.00000000;85.76999664;1107.00000000;85.76999664
NE;NORDESTE;2001-09-28;1917.00000000;64.81999969;1917.00000000;64.81999969
S;SUL;2001-09-28;8302.00000000;117.75000000;8302.00000000;117.75000000
SE;SUDESTE;2001-09-28;14915.00000000;99.19000244;14834.00000000;98.65000153
N;NORTE;2001-09-29;1138.00000000;88.16999817;1138.00000000;88.16999817
NE;NORDESTE;2001-09-29;1918.00000000;64.84999847;1918.00000000;64.84999847
S;SUL;2001-09-29;11514.00000000;163.30000305;11509.00000000;163.22999573
SE;SUDESTE;2001-09-29;15433.00000000;102.62999725;15387.00000000;102.31999969
N;NORTE;2001-09-30;1142.00000000;88.48000336;1142.00000000;88.48000336
NE;NORDESTE;2001-09-30;1914.00000000;64.72000122;1914.00000000;64.72000122
S;SUL;2001-09-30;16361.00000000;232.05000305;16289.00000000;231.02999878
SE;SUDESTE;2001-09-30;15472.00000000;102.88999939;15425.00000000;102.58000183
N;NORTE;2001-10-01;1112.00000000;77.05000305;1112.00000000;77.05000305
NE;NORDESTE;2001-10-01;1910.00000000;59.88999939;1910.00000000;59.88999939
S;SUL;2001-10-01;28262.00000000;335.27999878;23807.00000000;282.42999268
SE;SUDESTE;2001-10-01;17066.00000000;95.11000061;17024.00000000;94.87999725
N;NORTE;2001-10-02;1073.00000000;74.34999847;1073.00000000;74.34999847
NE;NORDESTE;2001-10-02;1905.00000000;59.72999954;1905.00000000;59.72999954
S;SUL;2001-10-02;38586.00000000;457.75000000;26158.00000000;310.32000732
SE;SUDESTE;2001-10-02;17445.00000000;97.22000122;17411.00000000;97.02999878
N;NORTE;2001-10-03;1058.00000000;73.30999756;1058.00000000;73.30999756
NE;NORDESTE;2001-10-03;1897.00000000;59.47999954;1897.00000000;59.47999954
S;SUL;2001-10-03;33577.00000000;398.32998657;25298.00000000;300.11999512
SE;SUDESTE;2001-10-03;19165.00000000;106.80999756;19099.00000000;106.44000244
N;NORTE;2001-10-04;1065.00000000;73.79000092;1065.00000000;73.79000092
NE;NORDESTE;2001-10-04;1880.00000000;58.95000076;1880.00000000;58.95000076
S;SUL;2001-10-04;24906.00000000;295.47000122;20469.00000000;242.83000183
SE;SUDESTE;2001-10-04;21708.00000000;120.98000336;21608.00000000;120.41999817
N;NORTE;2001-10-05;1085.00000000;75.18000031;1085.00000000;75.18000031
NE;NORDESTE;2001-10-05;1855.00000000;58.16999817;1855.00000000;58.16999817
S;SUL;2001-10-05;19376.00000000;229.86000061;15685.00000000;186.07000732
SE;SUDESTE;2001-10-05;23267.00000000;129.66999817;23184.00000000;129.21000671
N;NORTE;2001-10-06;1130.00000000;78.30000305;1130.00000000;78.30000305
NE;NORDESTE;2001-10-06;1822.00000000;57.13000107;1822.00000000;57.13000107
S;SUL;2001-10-06;16652.00000000;197.55000305;13737.00000000;162.97000122
SE;SUDESTE;2001-10-06;23074.00000000;128.58999634;23018.00000000;128.27999878
N;NORTE;2001-10-07;1166.00000000;80.79000092;1166.00000000;80.79000092
NE;NORDESTE;2001-10-07;1784.00000000;55.93999863;1763.00000000;55.27999878
S;SUL;2001-10-07;16392.00000000;194.46000671;10476.00000000;124.27999878
SE;SUDESTE;2001-10-07;21758.00000000;121.26000214;21711.00000000;121.00000000
N;NORTE;2001-10-08;1143.00000000;79.19999695;1143.00000000;79.19999695
NE;NORDESTE;2001-10-08;1748.00000000;54.81000137;1748.00000000;54.81000137
S;SUL;2001-10-08;20136.00000000;238.88000488;-1498.00000000;-17.77000046
SE;SUDESTE;2001-10-08;20561.00000000;114.58999634;20517.00000000;114.33999634
N;NORTE;2001-10-09;1075.00000000;74.48999786;1075.00000000;74.48999786
NE;NORDESTE;2001-10-09;1718.00000000;53.86999893;1718.00000000;53.86999893
S;SUL;2001-10-09;24920.00000000;295.63000488;-3232.00000000;-38.34000015
SE;SUDESTE;2001-10-09;20323.00000000;113.26000214;20279.00000000;113.01999664
N;NORTE;2001-10-10;1015.00000000;70.33000183;1015.00000000;70.33000183
NE;NORDESTE;2001-10-10;1693.00000000;53.09000015;1693.00000000;53.09000015
S;SUL;2001-10-10;25366.00000000;300.92001343;12945.00000000;153.57000732
SE;SUDESTE;2001-10-10;21757.00000000;116.50000000;21706.00000000;116.23000336
N;NORTE;2001-10-11;991.00000000;68.66999817;991.00000000;68.66999817
NE;NORDESTE;2001-10-11;1675.00000000;52.52000046;1675.00000000;52.52000046
S;SUL;2001-10-11;21944.00000000;260.32998657;11400.00000000;135.24000549
SE;SUDESTE;2001-10-11;22889.00000000;122.55999756;22853.00000000;122.37000275
N;NORTE;2001-10-12;1034.00000000;71.65000153;1034.00000000;71.65000153
NE;NORDESTE;2001-10-12;1661.00000000;52.08000183;1661.00000000;52.08000183
S;SUL;2001-10-12;18553.00000000;220.10000610;8573.00000000;101.69999695
SE;SUDESTE;2001-10-12;23516.00000000;125.91999817;23359.00000000;125.08000183
N;NORTE;2001-10-13;1111.00000000;76.98000336;1111.00000000;76.98000336
NE;NORDESTE;2001-10-13;1775.00000000;55.65999985;1775.00000000;55.65999985
S;SUL;2001-10-13;16662.00000000;197.66999817;9180.00000000;108.90000153
SE;SUDESTE;2001-10-13;23277.00000000;124.63999939;23151.00000000;123.95999908
N;NORTE;2001-10-14;1179.00000000;81.69000244;1179.00000000;81.69000244
NE;NORDESTE;2001-10-14;1906.00000000;59.77000046;1906.00000000;59.77000046
S;SUL;2001-10-14;15492.00000000;183.78999329;8278.00000000;98.19999695
SE;SUDESTE;2001-10-14;21722.00000000;116.30999756;21704.00000000;116.22000122
N;NORTE;2001-10-15;1228.00000000;85.08999634;1228.00000000;85.08999634
NE;NORDESTE;2001-10-15;1962.00000000;61.52000046;1962.00000000;61.52000046
S;SUL;2001-10-15;15000.00000000;177.94999695;10723.00000000;127.20999908
SE;SUDESTE;2001-10-15;20319.00000000;108.80000305;20298.00000000;108.69000244
N;NORTE;2001-10-16;1249.00000000;86.54000092;1249.00000000;86.54000092
NE;NORDESTE;2001-10-16;2017.00000000;63.25000000;2017.00000000;63.25000000
S;SUL;2001-10-16;15527.00000000;184.19999695;10215.00000000;121.18000031
SE;SUDESTE;2001-10-16;19139.00000000;102.48000336;19116.00000000;102.36000061
N;NORTE;2001-10-17;1266.00000000;87.72000122;1266.00000000;87.72000122
NE;NORDESTE;2001-10-17;2069.00000000;64.87999725;2069.00000000;64.87999725
S;SUL;2001-10-17;17478.00000000;207.35000610;8842.00000000;104.88999939
SE;SUDESTE;2001-10-17;18261.00000000;97.77999878;18093.00000000;96.87999725
N;NORTE;2001-10-18;1285.00000000;89.04000092;1285.00000000;89.04000092
NE;NORDESTE;2001-10-18;2118.00000000;66.41000366;2118.00000000;66.41000366
S;SUL;2001-10-18;17491.00000000;207.50000000;10937.00000000;129.75000000
SE;SUDESTE;2001-10-18;17682.00000000;94.68000031;17605.00000000;94.26999664
N;NORTE;2001-10-19;1315.00000000;91.12000275;1315.00000000;91.12000275
NE;NORDESTE;2001-10-19;2170.00000000;68.04000092;2170.00000000;68.04000092
S;SUL;2001-10-19;15459.00000000;183.38999939;9168.00000000;108.76000214
SE;SUDESTE;2001-10-19;17531.00000000;93.87000275;17487.00000000;93.63999939
N;NORTE;2001-10-20;1331.00000000;92.23000336;1331.00000000;92.23000336
NE;NORDESTE;2001-10-20;2210.00000000;69.30000305;2210.00000000;69.30000305
S;SUL;2001-10-20;13867.00000000;164.50999451;7098.00000000;84.20999908
SE;SUDESTE;2001-10-20;18027.00000000;96.52999878;18015.00000000;96.45999908
N;NORTE;2001-10-21;1370.00000000;94.93000031;1370.00000000;94.93000031
NE;NORDESTE;2001-10-21;2152.00000000;67.48000336;2152.00000000;67.48000336
S;SUL;2001-10-21;12483.00000000;148.08999634;6767.00000000;80.27999878
SE;SUDESTE;2001-10-21;18597.00000000;99.58000183;18575.00000000;99.45999908
N;NORTE;2001-10-22;1454.00000000;100.75000000;1454.00000000;100.75000000
NE;NORDESTE;2001-10-22;2210.00000000;69.30000305;2210.00000000;69.30000305
S;SUL;2001-10-22;11226.00000000;133.17999268;8410.00000000;99.76999664
SE;SUDESTE;2001-10-22;19318.00000000;103.44000244;19259.00000000;103.12000275
N;NORTE;2001-10-23;1558.00000000;107.94999695;1558.00000000;107.94999695
NE;NORDESTE;2001-10-23;2371.00000000;74.34999847;2371.00000000;74.34999847
S;SUL;2001-10-23;10218.00000000;121.22000122;9098.00000000;107.93000031
SE;SUDESTE;2001-10-23;19698.00000000;105.47000122;19665.00000000;105.30000305
N;NORTE;2001-10-24;1655.00000000;114.68000031;1655.00000000;114.68000031
NE;NORDESTE;2001-10-24;2512.00000000;78.76999664;2512.00000000;78.76999664
S;SUL;2001-10-24;9265.00000000;109.91000366;7882.00000000;93.51000214
SE;SUDESTE;2001-10-24;19811.00000000;106.08000183;19769.00000000;105.84999847
N;NORTE;2001-10-25;1743.00000000;120.76999664;1743.00000000;120.76999664
NE;NORDESTE;2001-10-25;2636.00000000;82.66000366;2636.00000000;82.66000366
S;SUL;2001-10-25;8365.00000000;99.23999786;8203.00000000;97.30999756
SE;SUDESTE;2001-10-25;19481.00000000;104.30999756;19452.00000000;104.16000366
N;NORTE;2001-10-26;1820.00000000;126.11000061;1820.00000000;126.11000061
NE;NORDESTE;2001-10-26;2715.00000000;85.12999725;2715.00000000;85.12999725
S;SUL;2001-10-26;7637.00000000;90.59999847;7343.00000000;87.11000061
SE;SUDESTE;2001-10-26;18850.00000000;100.93000031;18816.00000000;100.75000000
N;NORTE;2001-10-27;1893.00000000;131.16999817;1893.00000000;131.16999817
NE;NORDESTE;2001-10-27;2765.00000000;86.69999695;2765.00000000;86.69999695
S;SUL;2001-10-27;6992.00000000;82.94999695;6919.00000000;82.08000183
SE;SUDESTE;2001-10-27;18076.00000000;96.79000092;18047.00000000;96.62999725
N;NORTE;2001-10-28;1939.00000000;134.35000610;1939.00000000;134.35000610
NE;NORDESTE;2001-10-28;2819.00000000;88.38999939;2819.00000000;88.38999939
S;SUL;2001-10-28;6451.00000000;76.52999878;6292.00000000;74.63999939
SE;SUDESTE;2001-10-28;17311.00000000;92.69000244;17281.00000000;92.52999878
N;NORTE;2001-10-29;1973.00000000;136.71000671;1973.00000000;136.71000671
NE;NORDESTE;2001-10-29;2865.00000000;89.83999634;2865.00000000;89.83999634
S;SUL;2001-10-29;5970.00000000;70.81999969;5915.00000000;70.16999817
SE;SUDESTE;2001-10-29;16488.00000000;88.29000092;16455.00000000;88.11000061
N;NORTE;2001-10-30;1983.00000000;137.39999390;1983.00000000;137.39999390
NE;NORDESTE;2001-10-30;2888.00000000;90.55999756;2884.00000000;90.43000031
S;SUL;2001-10-30;5555.00000000;65.90000153;5495.00000000;65.19000244
SE;SUDESTE;2001-10-30;15595.00000000;83.50000000;15560.00000000;83.31999969
N;NORTE;2001-10-31;1999.00000000;138.50999451;1999.00000000;138.50999451
NE;NORDESTE;2001-10-31;2898.00000000;90.87000275;2898.00000000;90.87000275
S;SUL;2001-10-31;5157.00000000;61.18000031;4846.00000000;57.49000168
SE;SUDESTE;2001-10-31;14889.00000000;79.72000122;14853.00000000;79.52999878
N;NORTE;2001-11-01;2023.00000000;85.04000092;2023.00000000;85.04000092
NE;NORDESTE;2001-11-01;2959.00000000;58.68000031;2959.00000000;58.68000031
S;SUL;2001-11-01;4877.00000000;79.54000092;4833.00000000;78.81999969
SE;SUDESTE;2001-11-01;14665.00000000;63.24000168;14631.00000000;63.09999847
N;NORTE;2001-11-02;2054.00000000;86.33999634;2054.00000000;86.33999634
NE;NORDESTE;2001-11-02;3039.00000000;60.27000046;3039.00000000;60.27000046
S;SUL;2001-11-02;4561.00000000;74.38999939;4517.00000000;73.66999817
SE;SUDESTE;2001-11-02;14354.00000000;61.90000153;14325.00000000;61.77999878
N;NORTE;2001-11-03;2075.00000000;87.22000122;2075.00000000;87.22000122
NE;NORDESTE;2001-11-03;3113.00000000;61.74000168;3113.00000000;61.74000168
S;SUL;2001-11-03;4284.00000000;69.87000275;4217.00000000;68.77999878
SE;SUDESTE;2001-11-03;14514.00000000;62.59000015;14468.00000000;62.38999939
N;NORTE;2001-11-04;2080.00000000;87.43000031;2080.00000000;87.43000031
NE;NORDESTE;2001-11-04;3063.00000000;60.75000000;3063.00000000;60.75000000
S;SUL;2001-11-04;4043.00000000;65.94000244;3989.00000000;65.05999756
SE;SUDESTE;2001-11-04;14851.00000000;64.04000092;14756.00000000;63.63999939
N;NORTE;2001-11-05;2053.00000000;86.30000305;2053.00000000;86.30000305
NE;NORDESTE;2001-11-05;3003.00000000;59.56000137;3003.00000000;59.56000137
S;SUL;2001-11-05;3838.00000000;62.59000015;3780.00000000;61.65000153
SE;SUDESTE;2001-11-05;15688.00000000;67.44999695;15603.00000000;67.08000183
N;NORTE;2001-11-06;2046.00000000;86.00000000;2046.00000000;86.00000000
NE;NORDESTE;2001-11-06;2981.00000000;59.11999893;2981.00000000;59.11999893
S;SUL;2001-11-06;3686.00000000;60.11000061;3631.00000000;59.22000122
SE;SUDESTE;2001-11-06;16356.00000000;70.31999969;16218.00000000;69.73000336
N;NORTE;2001-11-07;2064.00000000;86.76000214;2064.00000000;86.76000214
NE;NORDESTE;2001-11-07;2941.00000000;58.33000183;2941.00000000;58.33000183
S;SUL;2001-11-07;3708.00000000;60.47000122;3655.00000000;59.61000061
SE;SUDESTE;2001-11-07;16769.00000000;72.09999847;16642.00000000;71.55000305
N;NORTE;2001-11-08;2105.00000000;88.48000336;2105.00000000;88.48000336
NE;NORDESTE;2001-11-08;2887.00000000;57.25999832;2887.00000000;57.25999832
S;SUL;2001-11-08;3992.00000000;65.11000061;3940.00000000;64.26000214
SE;SUDESTE;2001-11-08;17026.00000000;73.19999695;16947.00000000;72.86000061
N;NORTE;2001-11-09;2152.00000000;90.45999908;2152.00000000;90.45999908
NE;NORDESTE;2001-11-09;2825.00000000;56.02999878;2825.00000000;56.02999878
S;SUL;2001-11-09;4273.00000000;69.69000244;4222.00000000;68.86000061
SE;SUDESTE;2001-11-09;17136.00000000;73.66999817;17057.00000000;73.33000183
N;NORTE;2001-11-10;2149.00000000;90.33000183;2149.00000000;90.33000183
NE;NORDESTE;2001-11-10;2771.00000000;54.95999908;2771.00000000;54.95999908
S;SUL;2001-11-10;4786.00000000;78.05000305;4768.00000000;77.76000214
SE;SUDESTE;2001-11-10;17315.00000000;74.44000244;17256.00000000;74.19000244
N;NORTE;2001-11-11;2168.00000000;91.12999725;2168.00000000;91.12999725
NE;NORDESTE;2001-11-11;2724.00000000;54.02000046;2724.00000000;54.02000046
S;SUL;2001-11-11;5678.00000000;92.59999847;5677.00000000;92.58999634
SE;SUDESTE;2001-11-11;17564.00000000;75.51000214;17518.00000000;75.31999969
N;NORTE;2001-11-12;2192.00000000;92.13999939;2192.00000000;92.13999939
NE;NORDESTE;2001-11-12;2685.00000000;53.25000000;2685.00000000;53.25000000
S;SUL;2001-11-12;6715.00000000;109.51000214;6715.00000000;109.51000214
SE;SUDESTE;2001-11-12;17754.00000000;76.33000183;17710.00000000;76.13999939
N;NORTE;2001-11-13;2173.00000000;91.33999634;2173.00000000;91.33999634
NE;NORDESTE;2001-11-13;2776.00000000;55.04999924;2776.00000000;55.04999924
S;SUL;2001-11-13;6960.00000000;113.51000214;6960.00000000;113.51000214
SE;SUDESTE;2001-11-13;18731.00000000;80.52999878;18680.00000000;80.30999756
N;NORTE;2001-11-14;2171.00000000;91.26000214;2171.00000000;91.26000214
NE;NORDESTE;2001-11-14;2877.00000000;57.06000137;2877.00000000;57.06000137
S;SUL;2001-11-14;6714.00000000;109.50000000;6714.00000000;109.50000000
SE;SUDESTE;2001-11-14;20086.00000000;86.36000061;19991.00000000;85.94999695
N;NORTE;2001-11-15;2184.00000000;91.80000305;2184.00000000;91.80000305
NE;NORDESTE;2001-11-15;2819.00000000;55.90999985;2819.00000000;55.90999985
S;SUL;2001-11-15;6514.00000000;106.23999786;6514.00000000;106.23999786
SE;SUDESTE;2001-11-15;22112.00000000;95.06999969;21947.00000000;94.36000061
N;NORTE;2001-11-16;2190.00000000;92.05999756;2190.00000000;92.05999756
NE;NORDESTE;2001-11-16;2763.00000000;54.79999924;2763.00000000;54.79999924
S;SUL;2001-11-16;6316.00000000;103.01000214;6316.00000000;103.01000214
SE;SUDESTE;2001-11-16;23813.00000000;102.37999725;23656.00000000;101.70999908
N;NORTE;2001-11-17;2175.00000000;91.43000031;2175.00000000;91.43000031
NE;NORDESTE;2001-11-17;2944.00000000;58.38999939;2944.00000000;58.38999939
S;SUL;2001-11-17;5950.00000000;97.04000092;5944.00000000;96.94000244
SE;SUDESTE;2001-11-17;24815.00000000;106.69000244;24636.00000000;105.91999817
N;NORTE;2001-11-18;2172.00000000;91.30000305;2172.00000000;91.30000305
NE;NORDESTE;2001-11-18;3197.00000000;63.40000153;3197.00000000;63.40000153
S;SUL;2001-11-18;5458.00000000;89.01000214;5446.00000000;88.81999969
SE;SUDESTE;2001-11-18;25809.00000000;110.95999908;25639.00000000;110.23000336
N;NORTE;2001-11-19;2179.00000000;91.58999634;2179.00000000;91.58999634
NE;NORDESTE;2001-11-19;3375.00000000;66.93000031;3375.00000000;66.93000031
S;SUL;2001-11-19;4947.00000000;80.68000031;4923.00000000;80.29000092
SE;SUDESTE;2001-11-19;27180.00000000;116.86000061;26847.00000000;115.43000031
N;NORTE;2001-11-20;2196.00000000;92.30999756;2196.00000000;92.30999756
NE;NORDESTE;2001-11-20;3522.00000000;69.84999847;3522.00000000;69.84999847
S;SUL;2001-11-20;4526.00000000;73.80999756;4487.00000000;73.18000031
SE;SUDESTE;2001-11-20;29353.00000000;126.19999695;28823.00000000;123.91999817
N;NORTE;2001-11-21;2264.00000000;95.16999817;2264.00000000;95.16999817
NE;NORDESTE;2001-11-21;3651.00000000;72.41000366;3651.00000000;72.41000366
S;SUL;2001-11-21;4195.00000000;68.41999817;4066.00000000;66.30999756
SE;SUDESTE;2001-11-21;30245.00000000;130.03999329;29631.00000000;127.40000153
N;NORTE;2001-11-22;2356.00000000;99.02999878;2356.00000000;99.02999878
NE;NORDESTE;2001-11-22;3739.00000000;74.15000153;3739.00000000;74.15000153
S;SUL;2001-11-22;4038.00000000;65.86000061;3929.00000000;64.08000183
SE;SUDESTE;2001-11-22;30470.00000000;131.00000000;29647.00000000;127.45999908
N;NORTE;2001-11-23;2444.00000000;102.73000336;2444.00000000;102.73000336
NE;NORDESTE;2001-11-23;3824.00000000;75.83999634;3824.00000000;75.83999634
S;SUL;2001-11-23;4036.00000000;65.81999969;4016.00000000;65.50000000
SE;SUDESTE;2001-11-23;30020.00000000;129.07000732;29449.00000000;126.61000061
N;NORTE;2001-11-24;2535.00000000;106.55999756;2535.00000000;106.55999756
NE;NORDESTE;2001-11-24;3921.00000000;77.76000214;3921.00000000;77.76000214
S;SUL;2001-11-24;4055.00000000;66.12999725;4011.00000000;65.41999817
SE;SUDESTE;2001-11-24;29791.00000000;128.08000183;29389.00000000;126.36000061
N;NORTE;2001-11-25;2629.00000000;110.51000214;2629.00000000;110.51000214
NE;NORDESTE;2001-11-25;4009.00000000;79.51000214;4008.00000000;79.48999786
S;SUL;2001-11-25;3929.00000000;64.08000183;3892.00000000;63.47000122
SE;SUDESTE;2001-11-25;29283.00000000;125.90000153;28908.00000000;124.29000092
N;NORTE;2001-11-26;2727.00000000;114.62999725;2727.00000000;114.62999725
NE;NORDESTE;2001-11-26;4061.00000000;80.54000092;4061.00000000;80.54000092
S;SUL;2001-11-26;3781.00000000;61.65999985;3736.00000000;60.93000031
SE;SUDESTE;2001-11-26;28365.00000000;121.94999695;28158.00000000;121.05999756
N;NORTE;2001-11-27;2841.00000000;119.41999817;2841.00000000;119.41999817
NE;NORDESTE;2001-11-27;4045.00000000;80.22000122;4045.00000000;80.22000122
S;SUL;2001-11-27;4019.00000000;65.55000305;3972.00000000;64.77999878
SE;SUDESTE;2001-11-27;27358.00000000;117.62000275;27208.00000000;116.98000336
N;NORTE;2001-11-28;3045.00000000;128.00000000;3045.00000000;128.00000000
NE;NORDESTE;2001-11-28;4096.00000000;81.23000336;4096.00000000;81.23000336
S;SUL;2001-11-28;4775.00000000;77.87999725;4747.00000000;77.41999817
SE;SUDESTE;2001-11-28;26349.00000000;113.29000092;26224.00000000;112.75000000
N;NORTE;2001-11-29;3238.00000000;136.11000061;3238.00000000;136.11000061
NE;NORDESTE;2001-11-29;4294.00000000;85.16000366;4294.00000000;85.16000366
S;SUL;2001-11-29;5588.00000000;91.12999725;5552.00000000;90.55000305
SE;SUDESTE;2001-11-29;25419.00000000;109.29000092;25317.00000000;108.84999847
N;NORTE;2001-11-30;3393.00000000;142.61999512;3393.00000000;142.61999512
NE;NORDESTE;2001-11-30;4611.00000000;91.44999695;4611.00000000;91.44999695
S;SUL;2001-11-30;6272.00000000;102.29000092;6228.00000000;101.56999969
SE;SUDESTE;2001-11-30;25441.00000000;109.37999725;25350.00000000;108.98999786
N;NORTE;2001-12-01;3531.00000000;75.66000366;3531.00000000;75.66000366
NE;NORDESTE;2001-12-01;5006.00000000;53.97999954;5006.00000000;53.97999954
S;SUL;2001-12-01;6520.00000000;131.11999512;6488.00000000;130.47999573
SE;SUDESTE;2001-12-01;27153.00000000;78.31999969;27059.00000000;78.04000092
N;NORTE;2001-12-02;3650.00000000;78.20999908;3650.00000000;78.20999908
NE;NORDESTE;2001-12-02;5493.00000000;59.24000168;5493.00000000;59.24000168
S;SUL;2001-12-02;6566.00000000;132.05000305;6553.00000000;131.78999329
SE;SUDESTE;2001-12-02;28839.00000000;83.18000031;28644.00000000;82.62000275
N;NORTE;2001-12-03;3783.00000000;81.05999756;3783.00000000;81.05999756
NE;NORDESTE;2001-12-03;5980.00000000;64.48999786;5975.00000000;64.43000031
S;SUL;2001-12-03;6143.00000000;123.54000092;6143.00000000;123.54000092
SE;SUDESTE;2001-12-03;29229.00000000;84.30000305;29087.00000000;83.88999939
N;NORTE;2001-12-04;3948.00000000;84.59999847;3948.00000000;84.59999847
NE;NORDESTE;2001-12-04;6378.00000000;68.77999878;6378.00000000;68.77999878
S;SUL;2001-12-04;5707.00000000;114.76999664;5670.00000000;114.02999878
SE;SUDESTE;2001-12-04;28978.00000000;83.58000183;28901.00000000;83.36000061
N;NORTE;2001-12-05;4176.00000000;89.48000336;4176.00000000;89.48000336
NE;NORDESTE;2001-12-05;6823.00000000;73.58000183;6823.00000000;73.58000183
S;SUL;2001-12-05;5593.00000000;112.48000336;5529.00000000;111.19000244
SE;SUDESTE;2001-12-05;28278.00000000;81.55999756;28218.00000000;81.38999939
N;NORTE;2001-12-06;4531.00000000;97.08999634;4531.00000000;97.08999634
NE;NORDESTE;2001-12-06;7056.00000000;76.08999634;7056.00000000;76.08999634
S;SUL;2001-12-06;5841.00000000;117.47000122;5771.00000000;116.05999756
SE;SUDESTE;2001-12-06;27787.00000000;80.13999939;27726.00000000;79.97000122
N;NORTE;2001-12-07;4887.00000000;104.72000122;4887.00000000;104.72000122
NE;NORDESTE;2001-12-07;7088.00000000;76.44000244;7088.00000000;76.44000244
S;SUL;2001-12-07;6077.00000000;122.22000122;6039.00000000;121.44999695
SE;SUDESTE;2001-12-07;27443.00000000;79.15000153;27403.00000000;79.04000092
N;NORTE;2001-12-08;5183.00000000;111.05999756;5183.00000000;111.05999756
NE;NORDESTE;2001-12-08;7383.00000000;79.62000275;7383.00000000;79.62000275
S;SUL;2001-12-08;5822.00000000;117.08999634;5767.00000000;115.98000336
SE;SUDESTE;2001-12-08;27349.00000000;78.87999725;27288.00000000;78.69999695
N;NORTE;2001-12-09;5445.00000000;116.66999817;5445.00000000;116.66999817
NE;NORDESTE;2001-12-09;7737.00000000;83.44000244;7737.00000000;83.44000244
S;SUL;2001-12-09;5358.00000000;107.76000214;5334.00000000;107.26999664
SE;SUDESTE;2001-12-09;27786.00000000;80.13999939;27756.00000000;80.05000305
N;NORTE;2001-12-10;5718.00000000;122.51999664;5718.00000000;122.51999664
NE;NORDESTE;2001-12-10;7815.00000000;84.27999878;7815.00000000;84.27999878
S;SUL;2001-12-10;5104.00000000;102.65000153;5097.00000000;102.51000214
SE;SUDESTE;2001-12-10;28219.00000000;81.38999939;28177.00000000;81.26999664
N;NORTE;2001-12-11;5917.00000000;126.79000092;5917.00000000;126.79000092
NE;NORDESTE;2001-12-11;7682.00000000;82.83999634;7682.00000000;82.83999634
S;SUL;2001-12-11;5121.00000000;102.98999786;5082.00000000;102.19999695
SE;SUDESTE;2001-12-11;27529.00000000;79.40000153;27484.00000000;79.26999664
N;NORTE;2001-12-12;5962.00000000;127.75000000;5962.00000000;127.75000000
NE;NORDESTE;2001-12-12;7474.00000000;80.59999847;7474.00000000;80.59999847
S;SUL;2001-12-12;5309.00000000;106.76999664;5283.00000000;106.25000000
SE;SUDESTE;2001-12-12;27114.00000000;78.19999695;27055.00000000;78.02999878
N;NORTE;2001-12-13;5862.00000000;125.61000061;5862.00000000;125.61000061
NE;NORDESTE;2001-12-13;7114.00000000;76.72000122;7114.00000000;76.72000122
S;SUL;2001-12-13;5711.00000000;114.84999847;5678.00000000;114.19000244
SE;SUDESTE;2001-12-13;27093.00000000;78.13999939;27034.00000000;77.97000122
N;NORTE;2001-12-14;5732.00000000;122.81999969;5732.00000000;122.81999969
NE;NORDESTE;2001-12-14;6801.00000000;73.33999634;6801.00000000;73.33999634
S;SUL;2001-12-14;6214.00000000;124.97000122;6201.00000000;124.70999908
SE;SUDESTE;2001-12-14;28000.00000000;80.76000214;27946.00000000;80.59999847
N;NORTE;2001-12-15;5570.00000000;119.34999847;5570.00000000;119.34999847
NE;NORDESTE;2001-12-15;6639.00000000;71.59999847;6639.00000000;71.59999847
S;SUL;2001-12-15;6511.00000000;130.94000244;6511.00000000;130.94000244
SE;SUDESTE;2001-12-15;29438.00000000;84.91000366;29396.00000000;84.77999878
N;NORTE;2001-12-16;5437.00000000;116.50000000;5437.00000000;116.50000000
NE;NORDESTE;2001-12-16;6509.00000000;70.19000244;6503.00000000;70.12999725
S;SUL;2001-12-16;6452.00000000;129.75999451;6452.00000000;129.75999451
SE;SUDESTE;2001-12-16;30822.00000000;88.90000153;30699.00000000;88.54000092
N;NORTE;2001-12-17;5349.00000000;114.62000275;5349.00000000;114.62000275
NE;NORDESTE;2001-12-17;6369.00000000;68.68000031;6369.00000000;68.68000031
S;SUL;2001-12-17;6280.00000000;126.30000305;6280.00000000;126.30000305
SE;SUDESTE;2001-12-17;33186.00000000;95.72000122;33050.00000000;95.31999969
N;NORTE;2001-12-18;5284.00000000;113.22000122;5284.00000000;113.22000122
NE;NORDESTE;2001-12-18;6200.00000000;66.86000061;6196.00000000;66.81999969
S;SUL;2001-12-18;5942.00000000;119.50000000;5942.00000000;119.50000000
SE;SUDESTE;2001-12-18;35636.00000000;102.77999878;35317.00000000;101.86000061
N;NORTE;2001-12-19;5246.00000000;112.41000366;5246.00000000;112.41000366
NE;NORDESTE;2001-12-19;5989.00000000;64.58999634;5988.00000000;64.56999969
S;SUL;2001-12-19;5377.00000000;108.13999939;5367.00000000;107.94000244
SE;SUDESTE;2001-12-19;37023.00000000;106.77999878;36685.00000000;105.80999756
N;NORTE;2001-12-20;5256.00000000;112.62000275;5256.00000000;112.62000275
NE;NORDESTE;2001-12-20;5745.00000000;61.95000076;5744.00000000;61.93999863
S;SUL;2001-12-20;4921.00000000;98.97000122;4909.00000000;98.73000336
SE;SUDESTE;2001-12-20;38020.00000000;109.66000366;37783.00000000;108.97000122
N;NORTE;2001-12-21;5331.00000000;114.23000336;5331.00000000;114.23000336
NE;NORDESTE;2001-12-21;5488.00000000;59.18000031;5487.00000000;59.16999817
S;SUL;2001-12-21;4667.00000000;93.86000061;4660.00000000;93.72000122
SE;SUDESTE;2001-12-21;38155.00000000;110.05000305;37911.00000000;109.33999634
N;NORTE;2001-12-22;5439.00000000;116.55000305;5439.00000000;116.55000305
NE;NORDESTE;2001-12-22;5239.00000000;56.50000000;5237.00000000;56.47999954
S;SUL;2001-12-22;4691.00000000;94.33999634;4685.00000000;94.22000122
SE;SUDESTE;2001-12-22;38247.00000000;110.30999756;37767.00000000;108.93000031
N;NORTE;2001-12-23;5568.00000000;119.30999756;5568.00000000;119.30999756
NE;NORDESTE;2001-12-23;5029.00000000;54.22999954;5029.00000000;54.22999954
S;SUL;2001-12-23;4907.00000000;98.69000244;4901.00000000;98.55999756
SE;SUDESTE;2001-12-23;39189.00000000;113.02999878;38664.00000000;111.51999664
N;NORTE;2001-12-24;5735.00000000;122.88999939;5735.00000000;122.88999939
NE;NORDESTE;2001-12-24;4895.00000000;52.79000092;4895.00000000;52.79000092
S;SUL;2001-12-24;5299.00000000;106.56999969;5261.00000000;105.80000305
SE;SUDESTE;2001-12-24;40562.00000000;116.98999786;39827.00000000;114.87000275
N;NORTE;2001-12-25;5962.00000000;127.75000000;5962.00000000;127.75000000
NE;NORDESTE;2001-12-25;4834.00000000;52.13000107;4832.00000000;52.11000061
S;SUL;2001-12-25;5394.00000000;108.48000336;5367.00000000;107.94000244
SE;SUDESTE;2001-12-25;41936.00000000;120.94999695;40974.00000000;118.18000031
N;NORTE;2001-12-26;6257.00000000;134.07000732;6257.00000000;134.07000732
NE;NORDESTE;2001-12-26;4817.00000000;51.95000076;4817.00000000;51.95000076
S;SUL;2001-12-26;4950.00000000;99.55000305;4950.00000000;99.55000305
SE;SUDESTE;2001-12-26;42154.00000000;121.58000183;41268.00000000;119.02999878
N;NORTE;2001-12-27;6588.00000000;141.16999817;6588.00000000;141.16999817
NE;NORDESTE;2001-12-27;4885.00000000;52.68000031;4885.00000000;52.68000031
S;SUL;2001-12-27;4529.00000000;91.08000183;4529.00000000;91.08000183
SE;SUDESTE;2001-12-27;42716.00000000;123.19999695;41695.00000000;120.26000214
N;NORTE;2001-12-28;6886.00000000;147.55000305;6886.00000000;147.55000305
NE;NORDESTE;2001-12-28;5102.00000000;55.02000046;5101.00000000;55.00999832
S;SUL;2001-12-28;4125.00000000;82.95999908;4125.00000000;82.95999908
SE;SUDESTE;2001-12-28;43276.00000000;124.81999969;41884.00000000;120.80000305
N;NORTE;2001-12-29;7163.00000000;153.49000549;7163.00000000;153.49000549
NE;NORDESTE;2001-12-29;5412.00000000;58.36000061;5412.00000000;58.36000061
S;SUL;2001-12-29;3837.00000000;77.16999817;3837.00000000;77.16999817
SE;SUDESTE;2001-12-29;44647.00000000;128.77000427;43437.00000000;125.27999878
N;NORTE;2001-12-30;7443.00000000;159.49000549;7443.00000000;159.49000549
NE;NORDESTE;2001-12-30;5822.00000000;62.77999878;5822.00000000;62.77999878
S;SUL;2001-12-30;3578.00000000;71.95999908;3569.00000000;71.77999878
SE;SUDESTE;2001-12-30;50609.00000000;145.97000122;48901.00000000;141.03999329
N;NORTE;2001-12-31;7699.00000000;164.97000122;7699.00000000;164.97000122
NE;NORDESTE;2001-12-31;6518.00000000;70.29000092;6518.00000000;70.29000092
S;SUL;2001-12-31;3325.00000000;66.87000275;3313.00000000;66.62999725
SE;SUDESTE;2001-12-31;52573.00000000;151.63000488;48721.00000000;140.52000427
