id_subsistema;nom_subsistema;ena_data;ena_bruta_regiao_mwmed;ena_bruta_regiao_percentualmlt;ena_armazenavel_regiao_mwmed;ena_armazenavel_regiao_percentualmlt
N;NORTE;2015-01-01;6098.00000000;61.77999878;6093.00000000;61.72999954
NE;NORDESTE;2015-01-01;6912.00000000;50.04999924;6897.00000000;49.93999863
S;SUL;2015-01-01;24547.00000000;323.77999878;22946.00000000;302.66000366
SE;SUDESTE;2015-01-01;32415.00000000;58.54999924;32237.00000000;58.22999954
N;NORTE;2015-01-02;5654.00000000;57.27999878;5652.00000000;57.25999832
NE;NORDESTE;2015-01-02;6692.00000000;48.45000076;6670.00000000;48.29000092
S;SUL;2015-01-02;30770.00000000;405.86999512;26144.00000000;344.85000610
SE;SUDESTE;2015-01-02;31356.00000000;56.63999939;31167.00000000;56.29999924
N;NORTE;2015-01-03;5729.00000000;58.04000092;5727.00000000;58.02000046
NE;NORDESTE;2015-01-03;6488.00000000;46.97999954;6464.00000000;46.79999924
S;SUL;2015-01-03;29110.00000000;383.97000122;25121.00000000;331.35000610
SE;SUDESTE;2015-01-03;30205.00000000;54.56000137;29973.00000000;54.13999939
N;NORTE;2015-01-04;5623.00000000;56.97000122;5620.00000000;56.93999863
NE;NORDESTE;2015-01-04;6255.00000000;45.29000092;6230.00000000;45.11000061
S;SUL;2015-01-04;23961.00000000;316.04998779;22830.00000000;301.13000488
SE;SUDESTE;2015-01-04;29037.00000000;52.45000076;28852.00000000;52.11000061
N;NORTE;2015-01-05;5483.00000000;55.54999924;5474.00000000;55.45999908
NE;NORDESTE;2015-01-05;6013.00000000;43.54000092;5999.00000000;43.43999863
S;SUL;2015-01-05;20713.00000000;273.20999146;20029.00000000;264.19000244
SE;SUDESTE;2015-01-05;27942.00000000;50.47000122;27721.00000000;50.06999969
N;NORTE;2015-01-06;5452.00000000;55.22999954;5447.00000000;55.18000031
NE;NORDESTE;2015-01-06;5818.00000000;42.13000107;5806.00000000;42.04000092
S;SUL;2015-01-06;17689.00000000;233.32000732;17353.00000000;228.88999939
SE;SUDESTE;2015-01-06;27327.00000000;49.36000061;27083.00000000;48.91999817
N;NORTE;2015-01-07;5449.00000000;55.20000076;5447.00000000;55.18000031
NE;NORDESTE;2015-01-07;5648.00000000;40.88999939;5629.00000000;40.75999832
S;SUL;2015-01-07;15561.00000000;205.25000000;14948.00000000;197.16999817
SE;SUDESTE;2015-01-07;26852.00000000;48.50000000;26630.00000000;48.09999847
N;NORTE;2015-01-08;5332.00000000;54.02000046;5331.00000000;54.00999832
NE;NORDESTE;2015-01-08;5491.00000000;39.75999832;5476.00000000;39.65000153
S;SUL;2015-01-08;14926.00000000;196.88000488;13972.00000000;184.28999329
SE;SUDESTE;2015-01-08;26541.00000000;47.93999863;26402.00000000;47.68999863
N;NORTE;2015-01-09;5141.00000000;52.08000183;5138.00000000;52.04999924
NE;NORDESTE;2015-01-09;5310.00000000;38.45000076;5295.00000000;38.34000015
S;SUL;2015-01-09;16540.00000000;218.16999817;14894.00000000;196.46000671
SE;SUDESTE;2015-01-09;25966.00000000;46.90000153;25800.00000000;46.59999847
N;NORTE;2015-01-10;5077.00000000;51.43000031;5076.00000000;51.41999817
NE;NORDESTE;2015-01-10;5075.00000000;36.75000000;5049.00000000;36.56000137
S;SUL;2015-01-10;17416.00000000;229.72000122;15523.00000000;204.75000000
SE;SUDESTE;2015-01-10;25155.00000000;45.43999863;24980.00000000;45.11999893
N;NORTE;2015-01-11;5040.00000000;51.06000137;5038.00000000;51.04000092
NE;NORDESTE;2015-01-11;4815.00000000;34.86000061;4789.00000000;34.66999817
S;SUL;2015-01-11;18120.00000000;239.00999451;16977.00000000;223.92999268
SE;SUDESTE;2015-01-11;24119.00000000;43.56000137;23989.00000000;43.33000183
N;NORTE;2015-01-12;5051.00000000;51.16999817;5049.00000000;51.15000153
NE;NORDESTE;2015-01-12;4518.00000000;32.70999908;4504.00000000;32.61000061
S;SUL;2015-01-12;17945.00000000;236.69999695;16258.00000000;214.44999695
SE;SUDESTE;2015-01-12;23035.00000000;41.61000061;22889.00000000;41.34000015
N;NORTE;2015-01-13;5086.00000000;51.52999878;5067.00000000;51.33000183
NE;NORDESTE;2015-01-13;4231.00000000;30.62999916;4220.00000000;30.54999924
S;SUL;2015-01-13;17078.00000000;225.25999451;15152.00000000;199.86000061
SE;SUDESTE;2015-01-13;21986.00000000;39.70999908;21797.00000000;39.36999893
N;NORTE;2015-01-14;5197.00000000;52.65000153;5160.00000000;52.27000046
NE;NORDESTE;2015-01-14;3949.00000000;28.59000015;3937.00000000;28.51000023
S;SUL;2015-01-14;16722.00000000;220.57000732;13798.00000000;182.00000000
SE;SUDESTE;2015-01-14;21156.00000000;38.20999908;21010.00000000;37.95000076
N;NORTE;2015-01-15;5357.00000000;54.27000046;5292.00000000;53.61000061
NE;NORDESTE;2015-01-15;3798.00000000;27.50000000;3786.00000000;27.40999985
S;SUL;2015-01-15;16195.00000000;213.61999512;12585.00000000;166.00000000
SE;SUDESTE;2015-01-15;20345.00000000;36.75000000;20133.00000000;36.36999893
N;NORTE;2015-01-16;5468.00000000;55.40000153;5407.00000000;54.77999878
NE;NORDESTE;2015-01-16;3663.00000000;26.52000046;3643.00000000;26.37999916
S;SUL;2015-01-16;15341.00000000;202.35000610;12452.00000000;164.25000000
SE;SUDESTE;2015-01-16;19563.00000000;35.34000015;19368.00000000;34.97999954
N;NORTE;2015-01-17;5614.00000000;56.86999893;5597.00000000;56.70000076
NE;NORDESTE;2015-01-17;3500.00000000;25.34000015;3470.00000000;25.12000084
S;SUL;2015-01-17;15090.00000000;199.03999329;12291.00000000;162.11999512
SE;SUDESTE;2015-01-17;18804.00000000;33.95999908;18611.00000000;33.61999893
N;NORTE;2015-01-18;5802.00000000;58.77999878;5790.00000000;58.65999985
NE;NORDESTE;2015-01-18;3261.00000000;23.61000061;3229.00000000;23.37999916
S;SUL;2015-01-18;15617.00000000;205.99000549;11404.00000000;150.41999817
SE;SUDESTE;2015-01-18;18083.00000000;32.65999985;17890.00000000;32.31000137
N;NORTE;2015-01-19;5940.00000000;60.18000031;5927.00000000;60.04999924
NE;NORDESTE;2015-01-19;3035.00000000;21.96999931;3009.00000000;21.79000092
S;SUL;2015-01-19;15293.00000000;201.72000122;10770.00000000;142.05999756
SE;SUDESTE;2015-01-19;17447.00000000;31.51000023;17206.00000000;31.07999992
N;NORTE;2015-01-20;6100.00000000;61.79999924;6087.00000000;61.66999817
NE;NORDESTE;2015-01-20;2863.00000000;20.72999954;2839.00000000;20.55999947
S;SUL;2015-01-20;14348.00000000;189.25000000;10795.00000000;142.38999939
SE;SUDESTE;2015-01-20;16709.00000000;30.18000031;16397.00000000;29.62000084
N;NORTE;2015-01-21;6356.00000000;64.38999939;6335.00000000;64.18000031
NE;NORDESTE;2015-01-21;2716.00000000;19.67000008;2700.00000000;19.54999924
S;SUL;2015-01-21;13117.00000000;173.02000427;9960.00000000;131.38000488
SE;SUDESTE;2015-01-21;16210.00000000;29.28000069;15941.00000000;28.79000092
N;NORTE;2015-01-22;6665.00000000;67.51999664;6641.00000000;67.27999878
NE;NORDESTE;2015-01-22;2595.00000000;18.79000092;2572.00000000;18.62000084
S;SUL;2015-01-22;11804.00000000;155.69999695;9258.00000000;122.12000275
SE;SUDESTE;2015-01-22;16867.00000000;30.46999931;16676.00000000;30.12000084
N;NORTE;2015-01-23;6922.00000000;70.12999725;6886.00000000;69.76000214
NE;NORDESTE;2015-01-23;2486.00000000;18.00000000;2469.00000000;17.87999916
S;SUL;2015-01-23;10695.00000000;141.07000732;9046.00000000;119.31999969
SE;SUDESTE;2015-01-23;16467.00000000;29.73999977;16254.00000000;29.36000061
N;NORTE;2015-01-24;7122.00000000;72.15000153;7078.00000000;71.70999908
NE;NORDESTE;2015-01-24;2388.00000000;17.29000092;2363.00000000;17.11000061
S;SUL;2015-01-24;9732.00000000;128.36999512;7918.00000000;104.44000244
SE;SUDESTE;2015-01-24;16312.00000000;29.45999908;16015.00000000;28.93000031
N;NORTE;2015-01-25;7249.00000000;73.44000244;7213.00000000;73.06999969
NE;NORDESTE;2015-01-25;2286.00000000;16.54999924;2271.00000000;16.44000053
S;SUL;2015-01-25;9484.00000000;125.09999847;8114.00000000;107.02999878
SE;SUDESTE;2015-01-25;17116.00000000;30.92000008;16832.00000000;30.39999962
N;NORTE;2015-01-26;7248.00000000;73.43000031;7214.00000000;73.08000183
NE;NORDESTE;2015-01-26;2182.00000000;15.80000019;2182.00000000;15.80000019
S;SUL;2015-01-26;9319.00000000;122.91999817;7857.00000000;103.63999939
SE;SUDESTE;2015-01-26;18430.00000000;33.29000092;18134.00000000;32.75000000
N;NORTE;2015-01-27;7131.00000000;72.23999786;7104.00000000;71.97000122
NE;NORDESTE;2015-01-27;2077.00000000;15.03999996;2065.00000000;14.94999981
S;SUL;2015-01-27;9312.00000000;122.83000183;7363.00000000;97.12000275
SE;SUDESTE;2015-01-27;18997.00000000;34.31000137;18712.00000000;33.79999924
N;NORTE;2015-01-28;6989.00000000;70.80000305;6965.00000000;70.55999756
NE;NORDESTE;2015-01-28;1984.00000000;14.36999989;1967.00000000;14.23999977
S;SUL;2015-01-28;9650.00000000;127.29000092;8070.00000000;106.44999695
SE;SUDESTE;2015-01-28;19566.00000000;35.34000015;19303.00000000;34.86999893
N;NORTE;2015-01-29;6843.00000000;69.31999969;6806.00000000;68.94999695
NE;NORDESTE;2015-01-29;1920.00000000;13.89999962;1904.00000000;13.78999996
S;SUL;2015-01-29;10025.00000000;132.22999573;8229.00000000;108.54000092
SE;SUDESTE;2015-01-29;19801.00000000;35.77000046;19461.00000000;35.15000153
N;NORTE;2015-01-30;6718.00000000;68.05999756;6657.00000000;67.44000244
NE;NORDESTE;2015-01-30;1878.00000000;13.60000038;1866.00000000;13.51000023
S;SUL;2015-01-30;10289.00000000;135.72000122;8456.00000000;111.54000092
SE;SUDESTE;2015-01-30;20917.00000000;37.77999878;20573.00000000;37.15999985
N;NORTE;2015-01-31;6679.00000000;67.66000366;6599.00000000;66.84999847
NE;NORDESTE;2015-01-31;1859.00000000;13.46000004;1840.00000000;13.31999969
S;SUL;2015-01-31;10052.00000000;132.58999634;8536.00000000;112.58999634
SE;SUDESTE;2015-01-31;21497.00000000;38.83000183;21165.00000000;38.22999954
N;NORTE;2015-02-01;6649.00000000;49.88999939;6588.00000000;49.43000031
NE;NORDESTE;2015-02-01;1870.00000000;12.88000011;1853.00000000;12.76000023
S;SUL;2015-02-01;9734.00000000;115.08999634;9110.00000000;107.70999908
SE;SUDESTE;2015-02-01;21351.00000000;37.00999832;21010.00000000;36.41999817
N;NORTE;2015-02-02;6615.00000000;49.63999939;6571.00000000;49.31000137
NE;NORDESTE;2015-02-02;1953.00000000;13.44999981;1938.00000000;13.35000038
S;SUL;2015-02-02;9543.00000000;112.83000183;8496.00000000;100.44999695
SE;SUDESTE;2015-02-02;22060.00000000;38.24000168;21811.00000000;37.81000137
N;NORTE;2015-02-03;6607.00000000;49.58000183;6590.00000000;49.45000076
NE;NORDESTE;2015-02-03;2195.00000000;15.11999989;2195.00000000;15.11999989
S;SUL;2015-02-03;9806.00000000;115.94000244;8446.00000000;99.86000061
SE;SUDESTE;2015-02-03;22353.00000000;38.75000000;22122.00000000;38.34999847
N;NORTE;2015-02-04;6635.00000000;49.79000092;6614.00000000;49.63000107
NE;NORDESTE;2015-02-04;2438.00000000;16.79000092;2426.00000000;16.70999908
S;SUL;2015-02-04;10509.00000000;124.25000000;8791.00000000;103.94000244
SE;SUDESTE;2015-02-04;23591.00000000;40.90000153;23357.00000000;40.49000168
N;NORTE;2015-02-05;6669.00000000;50.04000092;6653.00000000;49.91999817
NE;NORDESTE;2015-02-05;2453.00000000;16.88999939;2444.00000000;16.82999992
S;SUL;2015-02-05;11426.00000000;135.08999634;9597.00000000;113.47000122
SE;SUDESTE;2015-02-05;24981.00000000;43.31000137;24705.00000000;42.83000183
N;NORTE;2015-02-06;6687.00000000;50.18000031;6617.00000000;49.65000153
NE;NORDESTE;2015-02-06;2614.00000000;18.00000000;2601.00000000;17.90999985
S;SUL;2015-02-06;11051.00000000;130.66000366;9134.00000000;107.98999786
SE;SUDESTE;2015-02-06;26103.00000000;45.25000000;25836.00000000;44.79000092
N;NORTE;2015-02-07;6687.00000000;50.18000031;6614.00000000;49.63000107
NE;NORDESTE;2015-02-07;2554.00000000;17.59000015;2530.00000000;17.43000031
S;SUL;2015-02-07;10269.00000000;121.41000366;8640.00000000;102.15000153
SE;SUDESTE;2015-02-07;28867.00000000;50.04000092;28589.00000000;49.56000137
N;NORTE;2015-02-08;6654.00000000;49.93000031;6631.00000000;49.75999832
NE;NORDESTE;2015-02-08;2706.00000000;18.63999939;2690.00000000;18.53000069
S;SUL;2015-02-08;9394.00000000;111.06999969;8093.00000000;95.68000031
SE;SUDESTE;2015-02-08;31880.00000000;55.27000046;31622.00000000;54.81999969
N;NORTE;2015-02-09;6732.00000000;50.52000046;6700.00000000;50.27000046
NE;NORDESTE;2015-02-09;2683.00000000;18.47999954;2663.00000000;18.34000015
S;SUL;2015-02-09;8831.00000000;104.41000366;7657.00000000;90.52999878
SE;SUDESTE;2015-02-09;33954.00000000;58.86000061;33648.00000000;58.33000183
N;NORTE;2015-02-10;6710.00000000;50.34999847;6688.00000000;50.18000031
NE;NORDESTE;2015-02-10;2777.00000000;19.12999916;2777.00000000;19.12999916
S;SUL;2015-02-10;8758.00000000;103.55000305;7336.00000000;86.73000336
SE;SUDESTE;2015-02-10;35168.00000000;60.97000122;34840.00000000;60.40000153
N;NORTE;2015-02-11;6836.00000000;51.29999924;6804.00000000;51.06000137
NE;NORDESTE;2015-02-11;2889.00000000;19.89999962;2889.00000000;19.89999962
S;SUL;2015-02-11;8549.00000000;101.08000183;7264.00000000;85.87999725
SE;SUDESTE;2015-02-11;36079.00000000;62.54999924;35762.00000000;62.00000000
N;NORTE;2015-02-12;7051.00000000;52.90999985;6986.00000000;52.41999817
NE;NORDESTE;2015-02-12;3027.00000000;20.85000038;3019.00000000;20.79000092
S;SUL;2015-02-12;8301.00000000;98.13999939;6504.00000000;76.90000153
SE;SUDESTE;2015-02-12;36373.00000000;63.06000137;36072.00000000;62.54000092
N;NORTE;2015-02-13;7147.00000000;53.63000107;7081.00000000;53.13000107
NE;NORDESTE;2015-02-13;3303.00000000;22.75000000;3292.00000000;22.67000008
S;SUL;2015-02-13;10765.00000000;127.27999878;8898.00000000;105.19999695
SE;SUDESTE;2015-02-13;36733.00000000;63.68000031;36434.00000000;63.15999985
N;NORTE;2015-02-14;7119.00000000;53.41999817;7076.00000000;53.09999847
NE;NORDESTE;2015-02-14;3540.00000000;24.37999916;3540.00000000;24.37999916
S;SUL;2015-02-14;12058.00000000;142.55999756;10178.00000000;120.33999634
SE;SUDESTE;2015-02-14;36274.00000000;62.88999939;35977.00000000;62.36999893
N;NORTE;2015-02-15;7301.00000000;54.77999878;7274.00000000;54.58000183
NE;NORDESTE;2015-02-15;3725.00000000;25.65999985;3725.00000000;25.65999985
S;SUL;2015-02-15;11563.00000000;136.71000671;10227.00000000;120.91000366
SE;SUDESTE;2015-02-15;35815.00000000;62.09000015;35514.00000000;61.56999969
N;NORTE;2015-02-16;7520.00000000;56.43000031;7498.00000000;56.25999832
NE;NORDESTE;2015-02-16;3882.00000000;26.73999977;3882.00000000;26.73999977
S;SUL;2015-02-16;10497.00000000;124.11000061;9387.00000000;110.98000336
SE;SUDESTE;2015-02-16;36144.00000000;62.65999985;35844.00000000;62.13999939
N;NORTE;2015-02-17;7693.00000000;57.72999954;7671.00000000;57.56000137
NE;NORDESTE;2015-02-17;3916.00000000;26.96999931;3916.00000000;26.96999931
S;SUL;2015-02-17;9645.00000000;114.02999878;8670.00000000;102.51000214
SE;SUDESTE;2015-02-17;36938.00000000;64.04000092;36595.00000000;63.43999863
N;NORTE;2015-02-18;7817.00000000;58.65999985;7802.00000000;58.54000092
NE;NORDESTE;2015-02-18;4038.00000000;27.80999947;4007.00000000;27.60000038
S;SUL;2015-02-18;9327.00000000;110.26999664;8614.00000000;101.83999634
SE;SUDESTE;2015-02-18;37880.00000000;65.66999817;37534.00000000;65.06999969
N;NORTE;2015-02-19;7745.00000000;58.11999893;7737.00000000;58.06000137
NE;NORDESTE;2015-02-19;4534.00000000;31.22999954;4502.00000000;31.01000023
S;SUL;2015-02-19;9974.00000000;117.91999817;9262.00000000;109.51000214
SE;SUDESTE;2015-02-19;39262.00000000;68.06999969;38905.00000000;67.44999695
N;NORTE;2015-02-20;7739.00000000;58.06999969;7715.00000000;57.88999939
NE;NORDESTE;2015-02-20;4839.00000000;33.33000183;4825.00000000;33.22999954
S;SUL;2015-02-20;10883.00000000;128.66999817;10093.00000000;119.33000183
SE;SUDESTE;2015-02-20;41129.00000000;71.30000305;40757.00000000;70.66000366
N;NORTE;2015-02-21;7850.00000000;58.90000153;7809.00000000;58.59999847
NE;NORDESTE;2015-02-21;5449.00000000;37.52999878;5423.00000000;37.34999847
S;SUL;2015-02-21;11859.00000000;140.21000671;11098.00000000;131.21000671
SE;SUDESTE;2015-02-21;42958.00000000;74.47000122;42481.00000000;73.65000153
N;NORTE;2015-02-22;8004.00000000;60.06000137;7945.00000000;59.61999893
NE;NORDESTE;2015-02-22;6243.00000000;43.00000000;6185.00000000;42.59999847
S;SUL;2015-02-22;15283.00000000;180.69000244;14772.00000000;174.64999390
SE;SUDESTE;2015-02-22;43649.00000000;75.66999817;43141.00000000;74.79000092
N;NORTE;2015-02-23;8196.00000000;61.50000000;8070.00000000;60.56000137
NE;NORDESTE;2015-02-23;7012.00000000;48.29000092;6871.00000000;47.31999969
S;SUL;2015-02-23;19222.00000000;227.25999451;18328.00000000;216.69000244
SE;SUDESTE;2015-02-23;42429.00000000;73.55999756;41847.00000000;72.55000305
N;NORTE;2015-02-24;8468.00000000;63.54000092;8273.00000000;62.08000183
NE;NORDESTE;2015-02-24;7526.00000000;51.83000183;7512.00000000;51.74000168
S;SUL;2015-02-24;18777.00000000;222.00000000;17750.00000000;209.86000061
SE;SUDESTE;2015-02-24;43038.00000000;74.61000061;42440.00000000;73.58000183
N;NORTE;2015-02-25;8858.00000000;66.47000122;8533.00000000;64.02999878
NE;NORDESTE;2015-02-25;7798.00000000;53.70999908;7784.00000000;53.61000061
S;SUL;2015-02-25;17621.00000000;208.33000183;15960.00000000;188.69999695
SE;SUDESTE;2015-02-25;39445.00000000;68.37999725;38869.00000000;67.37999725
N;NORTE;2015-02-26;9302.00000000;69.80000305;8932.00000000;67.01999664
NE;NORDESTE;2015-02-26;7845.00000000;54.02999878;7830.00000000;53.93000031
S;SUL;2015-02-26;16315.00000000;192.88999939;15238.00000000;180.16000366
SE;SUDESTE;2015-02-26;37867.00000000;65.65000153;37231.00000000;64.54000092
N;NORTE;2015-02-27;9693.00000000;72.73000336;9117.00000000;68.41000366
NE;NORDESTE;2015-02-27;7637.00000000;52.59999847;7623.00000000;52.50000000
S;SUL;2015-02-27;14693.00000000;173.72000122;13323.00000000;157.52000427
SE;SUDESTE;2015-02-27;36616.00000000;63.47999954;35953.00000000;62.33000183
N;NORTE;2015-02-28;9990.00000000;74.95999908;9458.00000000;70.97000122
NE;NORDESTE;2015-02-28;7358.00000000;50.68000031;7326.00000000;50.45999908
S;SUL;2015-02-28;13727.00000000;162.30000305;12575.00000000;148.67999268
SE;SUDESTE;2015-02-28;36635.00000000;63.50999832;35989.00000000;62.38999939
N;NORTE;2015-03-01;9935.00000000;63.91999817;9490.00000000;61.06000137
NE;NORDESTE;2015-03-01;6977.00000000;48.59999847;6942.00000000;48.36000061
S;SUL;2015-03-01;12355.00000000;172.16999817;11584.00000000;161.41999817
SE;SUDESTE;2015-03-01;35167.00000000;64.93000031;34461.00000000;63.61999893
N;NORTE;2015-03-02;9637.00000000;62.00000000;9251.00000000;59.52000046
NE;NORDESTE;2015-03-02;6580.00000000;45.84000015;6568.00000000;45.75999832
S;SUL;2015-03-02;10900.00000000;151.88999939;10549.00000000;147.00000000
SE;SUDESTE;2015-03-02;34795.00000000;64.23999786;34127.00000000;63.00999832
N;NORTE;2015-03-03;9300.00000000;59.83000183;8945.00000000;57.54999924
NE;NORDESTE;2015-03-03;6205.00000000;43.22999954;6192.00000000;43.13999939
S;SUL;2015-03-03;9895.00000000;137.88999939;8998.00000000;125.38999939
SE;SUDESTE;2015-03-03;34007.00000000;62.77999878;33296.00000000;61.47000122
N;NORTE;2015-03-04;9180.00000000;59.06000137;8997.00000000;57.88000107
NE;NORDESTE;2015-03-04;5884.00000000;40.99000168;5874.00000000;40.91999817
S;SUL;2015-03-04;9347.00000000;130.25000000;8445.00000000;117.68000031
SE;SUDESTE;2015-03-04;33310.00000000;61.50000000;32611.00000000;60.20999908
N;NORTE;2015-03-05;9090.00000000;58.47999954;8969.00000000;57.70000076
NE;NORDESTE;2015-03-05;5638.00000000;39.27999878;5626.00000000;39.18999863
S;SUL;2015-03-05;10528.00000000;146.71000671;9727.00000000;135.55000305
SE;SUDESTE;2015-03-05;32453.00000000;59.91999817;31738.00000000;58.59999847
N;NORTE;2015-03-06;9141.00000000;58.81000137;9058.00000000;58.27999878
NE;NORDESTE;2015-03-06;5488.00000000;38.22999954;5475.00000000;38.13999939
S;SUL;2015-03-06;11315.00000000;157.67999268;10527.00000000;146.69999695
SE;SUDESTE;2015-03-06;33079.00000000;61.06999969;32406.00000000;59.83000183
N;NORTE;2015-03-07;9237.00000000;59.43000031;9195.00000000;59.15999985
NE;NORDESTE;2015-03-07;5384.00000000;37.50999832;5374.00000000;37.43999863
S;SUL;2015-03-07;10663.00000000;148.58999634;9893.00000000;137.86000061
SE;SUDESTE;2015-03-07;33292.00000000;61.45999908;32618.00000000;60.22000122
N;NORTE;2015-03-08;9329.00000000;60.02000046;9317.00000000;59.93999863
NE;NORDESTE;2015-03-08;5265.00000000;36.68000031;5241.00000000;36.50999832
S;SUL;2015-03-08;9828.00000000;136.94999695;9409.00000000;131.11999512
SE;SUDESTE;2015-03-08;33602.00000000;62.04000092;32886.00000000;60.70999908
N;NORTE;2015-03-09;9272.00000000;59.65000153;9261.00000000;59.58000183
NE;NORDESTE;2015-03-09;5162.00000000;35.95999908;5151.00000000;35.88000107
S;SUL;2015-03-09;9649.00000000;134.46000671;9073.00000000;126.43000031
SE;SUDESTE;2015-03-09;35451.00000000;65.44999695;34687.00000000;64.04000092
N;NORTE;2015-03-10;9213.00000000;59.27000046;9192.00000000;59.13999939
NE;NORDESTE;2015-03-10;5037.00000000;35.09000015;5023.00000000;34.99000168
S;SUL;2015-03-10;9055.00000000;126.18000031;8490.00000000;118.30999756
SE;SUDESTE;2015-03-10;37720.00000000;69.63999939;36794.00000000;67.93000031
N;NORTE;2015-03-11;9175.00000000;59.02999878;9132.00000000;58.75000000
NE;NORDESTE;2015-03-11;4892.00000000;34.08000183;4859.00000000;33.84999847
S;SUL;2015-03-11;8810.00000000;122.76999664;7979.00000000;111.19000244
SE;SUDESTE;2015-03-11;39073.00000000;72.13999939;38116.00000000;70.37000275
N;NORTE;2015-03-12;9148.00000000;58.86000061;9101.00000000;58.54999924
NE;NORDESTE;2015-03-12;4754.00000000;33.11999893;4739.00000000;33.00999832
S;SUL;2015-03-12;8788.00000000;122.45999908;8310.00000000;115.80000305
SE;SUDESTE;2015-03-12;41609.00000000;76.81999969;40725.00000000;75.19000244
N;NORTE;2015-03-13;9165.00000000;58.95999908;9113.00000000;58.63000107
NE;NORDESTE;2015-03-13;4634.00000000;32.27999878;4622.00000000;32.20000076
S;SUL;2015-03-13;8256.00000000;115.05000305;7563.00000000;105.38999939
SE;SUDESTE;2015-03-13;43946.00000000;81.12999725;43155.00000000;79.66999817
N;NORTE;2015-03-14;9279.00000000;59.70000076;9220.00000000;59.31999969
NE;NORDESTE;2015-03-14;4556.00000000;31.73999977;4532.00000000;31.56999969
S;SUL;2015-03-14;7795.00000000;108.62000275;7364.00000000;102.62000275
SE;SUDESTE;2015-03-14;44406.00000000;81.98000336;43616.00000000;80.51999664
N;NORTE;2015-03-15;9383.00000000;60.36999893;9273.00000000;59.65999985
NE;NORDESTE;2015-03-15;4519.00000000;31.47999954;4494.00000000;31.30999947
S;SUL;2015-03-15;7481.00000000;104.25000000;7092.00000000;98.83000183
SE;SUDESTE;2015-03-15;44412.00000000;81.98999786;43406.00000000;80.13999939
N;NORTE;2015-03-16;9545.00000000;61.40999985;9427.00000000;60.65000153
NE;NORDESTE;2015-03-16;4537.00000000;31.61000061;4525.00000000;31.52000046
S;SUL;2015-03-16;7553.00000000;105.25000000;6788.00000000;94.58999634
SE;SUDESTE;2015-03-16;44882.00000000;82.86000061;43959.00000000;81.16000366
N;NORTE;2015-03-17;9836.00000000;63.27999878;9705.00000000;62.43999863
NE;NORDESTE;2015-03-17;4600.00000000;32.04999924;4588.00000000;31.95999908
S;SUL;2015-03-17;7558.00000000;105.31999969;6760.00000000;94.19999695
SE;SUDESTE;2015-03-17;45088.00000000;83.23999786;44156.00000000;81.51999664
N;NORTE;2015-03-18;10285.00000000;66.16999817;10131.00000000;65.18000031
NE;NORDESTE;2015-03-18;4687.00000000;32.65000153;4675.00000000;32.56999969
S;SUL;2015-03-18;7242.00000000;100.91999817;6691.00000000;93.23999786
SE;SUDESTE;2015-03-18;46012.00000000;84.94999695;44969.00000000;83.01999664
N;NORTE;2015-03-19;10714.00000000;68.93000031;10480.00000000;67.43000031
NE;NORDESTE;2015-03-19;4778.00000000;33.29000092;4750.00000000;33.09000015
S;SUL;2015-03-19;6580.00000000;91.69000244;5558.00000000;77.44999695
SE;SUDESTE;2015-03-19;46557.00000000;85.94999695;45599.00000000;84.19000244
N;NORTE;2015-03-20;11188.00000000;71.98000336;10884.00000000;70.01999664
NE;NORDESTE;2015-03-20;5274.00000000;36.74000168;5244.00000000;36.52999878
S;SUL;2015-03-20;6159.00000000;85.83000183;5370.00000000;74.83000183
SE;SUDESTE;2015-03-20;48669.00000000;89.84999847;47695.00000000;88.05999756
N;NORTE;2015-03-21;11605.00000000;74.66000366;11271.00000000;72.51000214
NE;NORDESTE;2015-03-21;5650.00000000;39.36000061;5623.00000000;39.16999817
S;SUL;2015-03-21;5819.00000000;81.08999634;5277.00000000;73.54000092
SE;SUDESTE;2015-03-21;49334.00000000;91.08000183;48350.00000000;89.26000214
N;NORTE;2015-03-22;11873.00000000;76.38999939;11602.00000000;74.63999939
NE;NORDESTE;2015-03-22;5840.00000000;40.68000031;5813.00000000;40.50000000
S;SUL;2015-03-22;5792.00000000;80.70999908;5476.00000000;76.30999756
SE;SUDESTE;2015-03-22;50062.00000000;92.43000031;49049.00000000;90.55000305
N;NORTE;2015-03-23;12059.00000000;77.58000183;11733.00000000;75.48999786
NE;NORDESTE;2015-03-23;5913.00000000;41.18999863;5899.00000000;41.09999847
S;SUL;2015-03-23;5520.00000000;76.91999817;4927.00000000;68.66000366
SE;SUDESTE;2015-03-23;51054.00000000;94.26000214;50139.00000000;92.56999969
N;NORTE;2015-03-24;12397.00000000;79.76000214;12131.00000000;78.05000305
NE;NORDESTE;2015-03-24;5917.00000000;41.22000122;5897.00000000;41.08000183
S;SUL;2015-03-24;5431.00000000;75.68000031;4951.00000000;68.98999786
SE;SUDESTE;2015-03-24;50936.00000000;94.04000092;50005.00000000;92.31999969
N;NORTE;2015-03-25;12923.00000000;83.13999939;12730.00000000;81.90000153
NE;NORDESTE;2015-03-25;6192.00000000;43.13999939;6170.00000000;42.97999954
S;SUL;2015-03-25;5165.00000000;71.98000336;4748.00000000;66.16000366
SE;SUDESTE;2015-03-25;50885.00000000;93.94000244;49969.00000000;92.25000000
N;NORTE;2015-03-26;13364.00000000;85.98000336;13083.00000000;84.16999817
NE;NORDESTE;2015-03-26;6508.00000000;45.34000015;6493.00000000;45.22999954
S;SUL;2015-03-26;4986.00000000;69.48000336;4316.00000000;60.13999939
SE;SUDESTE;2015-03-26;50136.00000000;92.55999756;49030.00000000;90.51999664
N;NORTE;2015-03-27;13763.00000000;88.55000305;13420.00000000;86.33999634
NE;NORDESTE;2015-03-27;6721.00000000;46.81999969;6708.00000000;46.72999954
S;SUL;2015-03-27;5138.00000000;71.59999847;4351.00000000;60.63000107
SE;SUDESTE;2015-03-27;49161.00000000;90.76000214;48172.00000000;88.94000244
N;NORTE;2015-03-28;14179.00000000;91.22000122;13663.00000000;87.90000153
NE;NORDESTE;2015-03-28;6887.00000000;47.97999954;6862.00000000;47.79999924
S;SUL;2015-03-28;5554.00000000;77.40000153;4910.00000000;68.41999817
SE;SUDESTE;2015-03-28;47810.00000000;88.26999664;46986.00000000;86.75000000
N;NORTE;2015-03-29;14405.00000000;92.68000031;13789.00000000;88.70999908
NE;NORDESTE;2015-03-29;6994.00000000;48.72000122;6994.00000000;48.72000122
S;SUL;2015-03-29;6531.00000000;91.01000214;6055.00000000;84.37999725
SE;SUDESTE;2015-03-29;46554.00000000;85.94999695;45737.00000000;84.44000244
N;NORTE;2015-03-30;14264.00000000;91.76999664;13506.00000000;86.88999939
NE;NORDESTE;2015-03-30;7094.00000000;49.41999817;7094.00000000;49.41999817
S;SUL;2015-03-30;9512.00000000;132.55000305;9024.00000000;125.75000000
SE;SUDESTE;2015-03-30;45840.00000000;84.62999725;45009.00000000;83.09999847
N;NORTE;2015-03-31;14110.00000000;90.77999878;13261.00000000;85.31999969
NE;NORDESTE;2015-03-31;7143.00000000;49.75999832;7136.00000000;49.70999908
S;SUL;2015-03-31;10853.00000000;151.24000549;10104.00000000;140.80000305
SE;SUDESTE;2015-03-31;45186.00000000;83.41999817;44343.00000000;81.87000275
N;NORTE;2015-04-01;14252.00000000;92.19000244;13481.00000000;87.19999695
NE;NORDESTE;2015-04-01;7194.00000000;61.36999893;7180.00000000;61.25000000
S;SUL;2015-04-01;10441.00000000;156.67999268;9923.00000000;148.91000366
SE;SUDESTE;2015-04-01;44430.00000000;108.18000031;43605.00000000;106.16999817
N;NORTE;2015-04-02;14352.00000000;92.83999634;13659.00000000;88.34999847
NE;NORDESTE;2015-04-02;7282.00000000;62.11999893;7268.00000000;62.00000000
S;SUL;2015-04-02;9423.00000000;141.39999390;9108.00000000;136.67999268
SE;SUDESTE;2015-04-02;43458.00000000;105.80999756;42619.00000000;103.76999664
N;NORTE;2015-04-03;14235.00000000;92.08000183;13566.00000000;87.75000000
NE;NORDESTE;2015-04-03;7467.00000000;63.70000076;7435.00000000;63.43000031
S;SUL;2015-04-03;8598.00000000;129.02000427;8220.00000000;123.34999847
SE;SUDESTE;2015-04-03;42911.00000000;104.48000336;42018.00000000;102.30999756
N;NORTE;2015-04-04;13918.00000000;90.02999878;13331.00000000;86.23000336
NE;NORDESTE;2015-04-04;7837.00000000;66.86000061;7812.00000000;66.65000153
S;SUL;2015-04-04;8111.00000000;121.70999908;7673.00000000;115.13999939
SE;SUDESTE;2015-04-04;42488.00000000;103.44999695;41654.00000000;101.41999817
N;NORTE;2015-04-05;13485.00000000;87.23000336;13000.00000000;84.08999634
NE;NORDESTE;2015-04-05;8255.00000000;70.41999817;8231.00000000;70.22000122
S;SUL;2015-04-05;8990.00000000;134.89999390;8767.00000000;131.55999756
SE;SUDESTE;2015-04-05;41554.00000000;101.18000031;40816.00000000;99.37999725
N;NORTE;2015-04-06;13025.00000000;84.25000000;12612.00000000;81.58000183
NE;NORDESTE;2015-04-06;8413.00000000;71.76999664;8399.00000000;71.65000153
S;SUL;2015-04-06;9544.00000000;143.22000122;9407.00000000;141.16000366
SE;SUDESTE;2015-04-06;41716.00000000;101.56999969;41023.00000000;99.87999725
N;NORTE;2015-04-07;12834.00000000;83.01999664;12332.00000000;79.76999664
NE;NORDESTE;2015-04-07;8360.00000000;71.31999969;8344.00000000;71.18000031
S;SUL;2015-04-07;9165.00000000;137.52999878;8944.00000000;134.21000671
SE;SUDESTE;2015-04-07;41049.00000000;99.94999695;40254.00000000;98.01000214
N;NORTE;2015-04-08;12859.00000000;83.18000031;12536.00000000;81.08999634
NE;NORDESTE;2015-04-08;8582.00000000;73.20999908;8566.00000000;73.08000183
S;SUL;2015-04-08;8429.00000000;126.48999786;8139.00000000;122.12999725
SE;SUDESTE;2015-04-08;40639.00000000;98.94999695;39966.00000000;97.30999756
N;NORTE;2015-04-09;12891.00000000;83.38999939;12643.00000000;81.77999878
NE;NORDESTE;2015-04-09;8486.00000000;72.40000153;8460.00000000;72.16999817
S;SUL;2015-04-09;7596.00000000;113.98999786;7358.00000000;110.41000366
SE;SUDESTE;2015-04-09;39582.00000000;96.37999725;38859.00000000;94.62000275
N;NORTE;2015-04-10;12889.00000000;83.37000275;12023.00000000;77.76999664
NE;NORDESTE;2015-04-10;8131.00000000;69.37000275;8117.00000000;69.25000000
S;SUL;2015-04-10;6716.00000000;100.77999878;6273.00000000;94.12999725
SE;SUDESTE;2015-04-10;38610.00000000;94.01000214;37878.00000000;92.23000336
N;NORTE;2015-04-11;12862.00000000;83.19999695;11562.00000000;74.79000092
NE;NORDESTE;2015-04-11;8081.00000000;68.94000244;8024.00000000;68.44999695
S;SUL;2015-04-11;6008.00000000;90.16000366;5545.00000000;83.20999908
SE;SUDESTE;2015-04-11;37588.00000000;91.51999664;36984.00000000;90.05000305
N;NORTE;2015-04-12;12810.00000000;82.86000061;11544.00000000;74.66999817
NE;NORDESTE;2015-04-12;7795.00000000;66.50000000;7744.00000000;66.06999969
S;SUL;2015-04-12;5446.00000000;81.72000122;4796.00000000;71.97000122
SE;SUDESTE;2015-04-12;36710.00000000;89.37999725;36077.00000000;87.83999634
N;NORTE;2015-04-13;12798.00000000;82.77999878;11520.00000000;74.51999664
NE;NORDESTE;2015-04-13;7400.00000000;63.13000107;7389.00000000;63.04000092
S;SUL;2015-04-13;5025.00000000;75.41000366;4650.00000000;69.77999878
SE;SUDESTE;2015-04-13;36054.00000000;87.79000092;35361.00000000;86.09999847
N;NORTE;2015-04-14;12856.00000000;83.16000366;11237.00000000;72.69000244
NE;NORDESTE;2015-04-14;7090.00000000;60.49000168;7076.00000000;60.36999893
S;SUL;2015-04-14;4737.00000000;71.08000183;4518.00000000;67.80000305
SE;SUDESTE;2015-04-14;35401.00000000;86.19999695;34646.00000000;84.36000061
N;NORTE;2015-04-15;12970.00000000;83.90000153;10458.00000000;67.65000153
NE;NORDESTE;2015-04-15;6795.00000000;57.97000122;6781.00000000;57.84999847
S;SUL;2015-04-15;4450.00000000;66.77999878;4070.00000000;61.06999969
SE;SUDESTE;2015-04-15;34823.00000000;84.79000092;33981.00000000;82.73999786
N;NORTE;2015-04-16;13025.00000000;84.25000000;10047.00000000;64.98999786
NE;NORDESTE;2015-04-16;6523.00000000;55.65000153;6509.00000000;55.52999878
S;SUL;2015-04-16;4213.00000000;63.22000122;3998.00000000;59.99000168
SE;SUDESTE;2015-04-16;34536.00000000;84.08999634;33648.00000000;81.93000031
N;NORTE;2015-04-17;12954.00000000;83.79000092;8942.00000000;57.84000015
NE;NORDESTE;2015-04-17;6295.00000000;53.70000076;6283.00000000;53.59999847
S;SUL;2015-04-17;4142.00000000;62.15999985;3965.00000000;59.50000000
SE;SUDESTE;2015-04-17;34518.00000000;84.05000305;33735.00000000;82.13999939
N;NORTE;2015-04-18;12758.00000000;82.52999878;8782.00000000;56.81000137
NE;NORDESTE;2015-04-18;6172.00000000;52.65000153;6146.00000000;52.43000031
S;SUL;2015-04-18;4300.00000000;64.52999878;4080.00000000;61.22000122
SE;SUDESTE;2015-04-18;33783.00000000;82.26000214;33115.00000000;80.62999725
N;NORTE;2015-04-19;12534.00000000;81.08000183;8986.00000000;58.13000107
NE;NORDESTE;2015-04-19;6154.00000000;52.50000000;6130.00000000;52.29999924
S;SUL;2015-04-19;4701.00000000;70.54000092;4461.00000000;66.94000244
SE;SUDESTE;2015-04-19;33537.00000000;81.66000366;32908.00000000;80.12999725
N;NORTE;2015-04-20;12326.00000000;79.73000336;9008.00000000;58.27000046
NE;NORDESTE;2015-04-20;6125.00000000;52.25000000;6112.00000000;52.13999939
S;SUL;2015-04-20;6021.00000000;90.34999847;5786.00000000;86.83000183
SE;SUDESTE;2015-04-20;33308.00000000;81.09999847;32767.00000000;79.77999878
N;NORTE;2015-04-21;12134.00000000;78.48999786;9109.00000000;58.91999817
NE;NORDESTE;2015-04-21;6071.00000000;51.79000092;6045.00000000;51.56999969
S;SUL;2015-04-21;9245.00000000;138.72999573;8434.00000000;126.55999756
SE;SUDESTE;2015-04-21;33552.00000000;81.69000244;33050.00000000;80.47000122
N;NORTE;2015-04-22;12031.00000000;77.81999969;9454.00000000;61.15000153
NE;NORDESTE;2015-04-22;6038.00000000;51.50999832;6025.00000000;51.40000153
S;SUL;2015-04-22;10454.00000000;156.86999512;9367.00000000;140.55999756
SE;SUDESTE;2015-04-22;33734.00000000;82.13999939;33258.00000000;80.98000336
N;NORTE;2015-04-23;11965.00000000;77.40000153;9762.00000000;63.15000153
NE;NORDESTE;2015-04-23;6009.00000000;51.25999832;5984.00000000;51.04999924
S;SUL;2015-04-23;9756.00000000;146.39999390;9244.00000000;138.72000122
SE;SUDESTE;2015-04-23;33710.00000000;82.08000183;33233.00000000;80.91999817
N;NORTE;2015-04-24;11965.00000000;77.40000153;9527.00000000;61.63000107
NE;NORDESTE;2015-04-24;5937.00000000;50.65000153;5917.00000000;50.47999954
S;SUL;2015-04-24;8555.00000000;128.38000488;8350.00000000;125.30000305
SE;SUDESTE;2015-04-24;34279.00000000;83.45999908;33829.00000000;82.37000275
N;NORTE;2015-04-25;11978.00000000;77.48000336;9042.00000000;58.49000168
NE;NORDESTE;2015-04-25;5821.00000000;49.65999985;5796.00000000;49.45000076
S;SUL;2015-04-25;7550.00000000;113.30000305;7409.00000000;111.18000031
SE;SUDESTE;2015-04-25;34463.00000000;83.91000366;33964.00000000;82.69999695
N;NORTE;2015-04-26;12054.00000000;77.97000122;8680.00000000;56.15000153
NE;NORDESTE;2015-04-26;5569.00000000;47.50999832;5541.00000000;47.27000046
S;SUL;2015-04-26;7042.00000000;105.66999817;6893.00000000;103.44000244
SE;SUDESTE;2015-04-26;34579.00000000;84.19000244;33963.00000000;82.69000244
N;NORTE;2015-04-27;12199.00000000;78.91000366;8288.00000000;53.61000061
NE;NORDESTE;2015-04-27;5294.00000000;45.15999985;5268.00000000;44.93999863
S;SUL;2015-04-27;6645.00000000;99.72000122;6532.00000000;98.01999664
SE;SUDESTE;2015-04-27;34279.00000000;83.45999908;33756.00000000;82.19000244
N;NORTE;2015-04-28;12442.00000000;80.48000336;8281.00000000;53.56999969
NE;NORDESTE;2015-04-28;5212.00000000;44.45999908;5192.00000000;44.29000092
S;SUL;2015-04-28;6211.00000000;93.19999695;6096.00000000;91.48000336
SE;SUDESTE;2015-04-28;33352.00000000;81.20999908;32947.00000000;80.22000122
N;NORTE;2015-04-29;12614.00000000;81.58999634;8712.00000000;56.34999847
NE;NORDESTE;2015-04-29;4951.00000000;42.24000168;4931.00000000;42.06999969
S;SUL;2015-04-29;5644.00000000;84.69000244;5285.00000000;79.30999756
SE;SUDESTE;2015-04-29;32508.00000000;79.15000153;32142.00000000;78.26000214
N;NORTE;2015-04-30;12745.00000000;82.44000244;8866.00000000;57.34999847
NE;NORDESTE;2015-04-30;4700.00000000;40.09999847;4680.00000000;39.93000031
S;SUL;2015-04-30;5135.00000000;77.05999756;4973.00000000;74.62999725
SE;SUDESTE;2015-04-30;31509.00000000;76.72000122;31130.00000000;75.80000305
N;NORTE;2015-05-01;12840.00000000;123.44999695;8895.00000000;85.51999664
NE;NORDESTE;2015-05-01;4566.00000000;64.29000092;4538.00000000;63.90000153
S;SUL;2015-05-01;4943.00000000;56.72999954;4792.00000000;55.00000000
SE;SUDESTE;2015-05-01;30914.00000000;103.56999969;30545.00000000;102.33999634
N;NORTE;2015-05-02;12931.00000000;124.31999969;8842.00000000;85.01000214
NE;NORDESTE;2015-05-02;4492.00000000;63.25000000;4466.00000000;62.88000107
S;SUL;2015-05-02;4709.00000000;54.04000092;4537.00000000;52.06999969
SE;SUDESTE;2015-05-02;30634.00000000;102.63999939;30275.00000000;101.43000031
N;NORTE;2015-05-03;13154.00000000;126.45999908;8846.00000000;85.05000305
NE;NORDESTE;2015-05-03;4570.00000000;64.34999847;4546.00000000;64.01000214
S;SUL;2015-05-03;5141.00000000;59.00000000;4948.00000000;56.79000092
SE;SUDESTE;2015-05-03;30322.00000000;101.58999634;29945.00000000;100.33000183
N;NORTE;2015-05-04;13506.00000000;129.85000610;8945.00000000;86.00000000
NE;NORDESTE;2015-05-04;4591.00000000;64.63999939;4578.00000000;64.45999908
S;SUL;2015-05-04;5908.00000000;67.80999756;5767.00000000;66.19000244
SE;SUDESTE;2015-05-04;30107.00000000;100.87000275;29734.00000000;99.62000275
N;NORTE;2015-05-05;13942.00000000;134.03999329;8999.00000000;86.51999664
NE;NORDESTE;2015-05-05;4646.00000000;65.41999817;4632.00000000;65.22000122
S;SUL;2015-05-05;5903.00000000;67.75000000;5676.00000000;65.13999939
SE;SUDESTE;2015-05-05;30098.00000000;100.83999634;29660.00000000;99.37000275
N;NORTE;2015-05-06;14443.00000000;138.86000061;9327.00000000;89.66999817
NE;NORDESTE;2015-05-06;4786.00000000;67.38999939;4771.00000000;67.18000031
S;SUL;2015-05-06;5641.00000000;64.73999786;5354.00000000;61.45000076
SE;SUDESTE;2015-05-06;30437.00000000;101.98000336;29803.00000000;99.84999847
N;NORTE;2015-05-07;14816.00000000;142.44000244;9130.00000000;87.77999878
NE;NORDESTE;2015-05-07;4901.00000000;69.01000214;4874.00000000;68.62999725
S;SUL;2015-05-07;5196.00000000;59.63000107;4927.00000000;56.54999924
SE;SUDESTE;2015-05-07;30687.00000000;102.80999756;29817.00000000;99.90000153
N;NORTE;2015-05-08;14919.00000000;143.42999268;8271.00000000;79.51999664
NE;NORDESTE;2015-05-08;4951.00000000;69.70999908;4919.00000000;69.26000214
S;SUL;2015-05-08;4825.00000000;55.38000107;4750.00000000;54.50999832
SE;SUDESTE;2015-05-08;31133.00000000;104.30999756;30558.00000000;102.37999725
N;NORTE;2015-05-09;14667.00000000;141.00999451;8070.00000000;77.58999634
NE;NORDESTE;2015-05-09;4947.00000000;69.65000153;4917.00000000;69.23000336
S;SUL;2015-05-09;4694.00000000;53.86999893;4629.00000000;53.13000107
SE;SUDESTE;2015-05-09;31236.00000000;104.65000153;30725.00000000;102.94000244
N;NORTE;2015-05-10;14250.00000000;137.00000000;8252.00000000;79.33999634
NE;NORDESTE;2015-05-10;4913.00000000;69.18000031;4881.00000000;68.72000122
S;SUL;2015-05-10;4868.00000000;55.86999893;4801.00000000;55.09999847
SE;SUDESTE;2015-05-10;31151.00000000;104.37000275;30670.00000000;102.76000214
N;NORTE;2015-05-11;13688.00000000;131.60000610;8275.00000000;79.55999756
NE;NORDESTE;2015-05-11;4899.00000000;68.98000336;4868.00000000;68.54000092
S;SUL;2015-05-11;5225.00000000;59.97000122;5170.00000000;59.34000015
SE;SUDESTE;2015-05-11;31795.00000000;106.52999878;31303.00000000;104.87999725
N;NORTE;2015-05-12;13193.00000000;126.83999634;9164.00000000;88.09999847
NE;NORDESTE;2015-05-12;4822.00000000;67.88999939;4800.00000000;67.58000183
S;SUL;2015-05-12;5119.00000000;58.75000000;5067.00000000;58.15000153
SE;SUDESTE;2015-05-12;33427.00000000;111.98999786;32934.00000000;110.33999634
N;NORTE;2015-05-13;12795.00000000;123.01000214;9307.00000000;89.48000336
NE;NORDESTE;2015-05-13;4697.00000000;66.12999725;4680.00000000;65.88999939
S;SUL;2015-05-13;5318.00000000;61.02999878;5268.00000000;60.45999908
SE;SUDESTE;2015-05-13;34460.00000000;115.45999908;34062.00000000;114.12000275
N;NORTE;2015-05-14;12569.00000000;120.83999634;8248.00000000;79.30000305
NE;NORDESTE;2015-05-14;4547.00000000;64.01999664;4515.00000000;63.56999969
S;SUL;2015-05-14;5180.00000000;59.45000076;5125.00000000;58.81999969
SE;SUDESTE;2015-05-14;34562.00000000;115.80000305;34152.00000000;114.41999817
N;NORTE;2015-05-15;12315.00000000;118.40000153;7850.00000000;75.47000122
NE;NORDESTE;2015-05-15;4395.00000000;61.88000107;4377.00000000;61.63000107
S;SUL;2015-05-15;4994.00000000;57.31999969;4930.00000000;56.58000183
SE;SUDESTE;2015-05-15;34365.00000000;115.13999939;33916.00000000;113.62999725
N;NORTE;2015-05-16;11969.00000000;115.06999969;7276.00000000;69.94999695
NE;NORDESTE;2015-05-16;4241.00000000;59.70999908;4241.00000000;59.70999908
S;SUL;2015-05-16;4874.00000000;55.93999863;4762.00000000;54.65000153
SE;SUDESTE;2015-05-16;33290.00000000;111.54000092;32915.00000000;110.27999878
N;NORTE;2015-05-17;11486.00000000;110.43000031;6766.00000000;65.05000305
NE;NORDESTE;2015-05-17;4103.00000000;57.77000046;4092.00000000;57.61999893
S;SUL;2015-05-17;4638.00000000;53.22999954;4549.00000000;52.20999908
SE;SUDESTE;2015-05-17;32254.00000000;108.05999756;31878.00000000;106.80000305
N;NORTE;2015-05-18;10978.00000000;105.54000092;7900.00000000;75.94999695
NE;NORDESTE;2015-05-18;3991.00000000;56.18999863;3965.00000000;55.83000183
S;SUL;2015-05-18;4555.00000000;52.27999878;4485.00000000;51.47000122
SE;SUDESTE;2015-05-18;30882.00000000;103.47000122;30518.00000000;102.25000000
N;NORTE;2015-05-19;10688.00000000;102.76000214;9488.00000000;91.22000122
NE;NORDESTE;2015-05-19;3910.00000000;55.04999924;3891.00000000;54.79000092
S;SUL;2015-05-19;4427.00000000;50.81000137;4372.00000000;50.18000031
SE;SUDESTE;2015-05-19;30092.00000000;100.81999969;29741.00000000;99.63999939
N;NORTE;2015-05-20;10546.00000000;101.38999939;9600.00000000;92.30000305
NE;NORDESTE;2015-05-20;3861.00000000;54.36000061;3841.00000000;54.08000183
S;SUL;2015-05-20;4232.00000000;48.56999969;4172.00000000;47.88000107
SE;SUDESTE;2015-05-20;28997.00000000;97.15000153;28722.00000000;96.23000336
N;NORTE;2015-05-21;10490.00000000;100.84999847;8775.00000000;84.36000061
NE;NORDESTE;2015-05-21;3852.00000000;54.24000168;3841.00000000;54.08000183
S;SUL;2015-05-21;4026.00000000;46.20999908;3972.00000000;45.59000015
SE;SUDESTE;2015-05-21;28268.00000000;94.70999908;28047.00000000;93.97000122
N;NORTE;2015-05-22;10352.00000000;99.52999878;7743.00000000;74.44000244
NE;NORDESTE;2015-05-22;3855.00000000;54.27999878;3830.00000000;53.93000031
S;SUL;2015-05-22;3842.00000000;44.09000015;3788.00000000;43.47000122
SE;SUDESTE;2015-05-22;27683.00000000;92.75000000;27499.00000000;92.12999725
N;NORTE;2015-05-23;10118.00000000;97.27999878;7625.00000000;73.30999756
NE;NORDESTE;2015-05-23;3891.00000000;54.79000092;3866.00000000;54.43000031
S;SUL;2015-05-23;3837.00000000;44.04000092;3770.00000000;43.27000046
SE;SUDESTE;2015-05-23;27092.00000000;90.76999664;26927.00000000;90.22000122
N;NORTE;2015-05-24;9682.00000000;93.08000183;8553.00000000;82.23000336
NE;NORDESTE;2015-05-24;3921.00000000;55.20999908;3898.00000000;54.88000107
S;SUL;2015-05-24;4583.00000000;52.59999847;4512.00000000;51.77999878
SE;SUDESTE;2015-05-24;26615.00000000;89.16999817;26442.00000000;88.58999634
N;NORTE;2015-05-25;9104.00000000;87.52999878;8180.00000000;78.63999939
NE;NORDESTE;2015-05-25;3939.00000000;55.45999908;3925.00000000;55.25999832
S;SUL;2015-05-25;6238.00000000;71.58999634;6184.00000000;70.97000122
SE;SUDESTE;2015-05-25;26208.00000000;87.80999756;26068.00000000;87.33999634
N;NORTE;2015-05-26;8587.00000000;82.55999756;8137.00000000;78.23000336
NE;NORDESTE;2015-05-26;3929.00000000;55.31999969;3907.00000000;55.00999832
S;SUL;2015-05-26;9196.00000000;105.54000092;9092.00000000;104.34999847
SE;SUDESTE;2015-05-26;25969.00000000;87.01000214;25831.00000000;86.54000092
N;NORTE;2015-05-27;8251.00000000;79.33000183;7877.00000000;75.73000336
NE;NORDESTE;2015-05-27;3894.00000000;54.83000183;3876.00000000;54.56999969
S;SUL;2015-05-27;15134.00000000;173.69000244;14419.00000000;165.47999573
SE;SUDESTE;2015-05-27;25929.00000000;86.87000275;25797.00000000;86.43000031
N;NORTE;2015-05-28;8043.00000000;77.33000183;7659.00000000;73.63999939
NE;NORDESTE;2015-05-28;3824.00000000;53.84000015;3808.00000000;53.61999893
S;SUL;2015-05-28;18596.00000000;213.41999817;16521.00000000;189.61000061
SE;SUDESTE;2015-05-28;26214.00000000;87.83000183;26063.00000000;87.31999969
N;NORTE;2015-05-29;7934.00000000;76.27999878;7623.00000000;73.29000092
NE;NORDESTE;2015-05-29;3781.00000000;53.24000168;3761.00000000;52.95000076
S;SUL;2015-05-29;17517.00000000;201.03999329;16048.00000000;184.17999268
SE;SUDESTE;2015-05-29;27042.00000000;90.59999847;26857.00000000;89.98000336
N;NORTE;2015-05-30;7891.00000000;75.87000275;7622.00000000;73.27999878
NE;NORDESTE;2015-05-30;3673.00000000;51.72000122;3648.00000000;51.36000061
S;SUL;2015-05-30;14755.00000000;169.33999634;13903.00000000;159.55999756
SE;SUDESTE;2015-05-30;27594.00000000;92.44999695;27482.00000000;92.08000183
N;NORTE;2015-05-31;7782.00000000;74.81999969;7528.00000000;72.37999725
NE;NORDESTE;2015-05-31;3500.00000000;49.27999878;3475.00000000;48.93000031
S;SUL;2015-05-31;12653.00000000;145.22000122;12223.00000000;140.27999878
SE;SUDESTE;2015-05-31;27473.00000000;92.05000305;27304.00000000;91.48000336
N;NORTE;2015-06-01;7605.00000000;140.44000244;7361.00000000;135.92999268
NE;NORDESTE;2015-06-01;3337.00000000;71.12999725;3321.00000000;70.79000092
S;SUL;2015-06-01;11609.00000000;109.61000061;11360.00000000;107.26000214
SE;SUDESTE;2015-06-01;27170.00000000;105.83000183;27052.00000000;105.37000275
N;NORTE;2015-06-02;7344.00000000;135.61999512;7117.00000000;131.41999817
NE;NORDESTE;2015-06-02;3172.00000000;67.61000061;3153.00000000;67.20999908
S;SUL;2015-06-02;10868.00000000;102.62000275;10640.00000000;100.45999908
SE;SUDESTE;2015-06-02;26749.00000000;104.19000244;26633.00000000;103.73000336
N;NORTE;2015-06-03;7068.00000000;130.52000427;6883.00000000;127.09999847
NE;NORDESTE;2015-06-03;3041.00000000;64.81999969;3017.00000000;64.30999756
S;SUL;2015-06-03;9761.00000000;92.16999817;9561.00000000;90.27999878
SE;SUDESTE;2015-06-03;26459.00000000;103.05999756;26353.00000000;102.63999939
N;NORTE;2015-06-04;6795.00000000;125.48000336;6641.00000000;122.62999725
NE;NORDESTE;2015-06-04;3056.00000000;65.13999939;3032.00000000;64.62999725
S;SUL;2015-06-04;8826.00000000;83.33999634;8625.00000000;81.44000244
SE;SUDESTE;2015-06-04;26464.00000000;103.08000183;26362.00000000;102.68000031
N;NORTE;2015-06-05;6579.00000000;121.48999786;6420.00000000;118.55000305
NE;NORDESTE;2015-06-05;3011.00000000;64.18000031;2986.00000000;63.65000153
S;SUL;2015-06-05;7934.00000000;74.91000366;7769.00000000;73.36000061
SE;SUDESTE;2015-06-05;26452.00000000;103.02999878;26353.00000000;102.63999939
N;NORTE;2015-06-06;6422.00000000;118.58999634;6255.00000000;115.51000214
NE;NORDESTE;2015-06-06;2921.00000000;62.25999832;2896.00000000;61.72999954
S;SUL;2015-06-06;7166.00000000;67.66000366;6974.00000000;65.84999847
SE;SUDESTE;2015-06-06;26267.00000000;102.30999756;26168.00000000;101.91999817
N;NORTE;2015-06-07;6358.00000000;117.41000366;6172.00000000;113.97000122
NE;NORDESTE;2015-06-07;2813.00000000;59.95999908;2788.00000000;59.43000031
S;SUL;2015-06-07;6719.00000000;63.43999863;6596.00000000;62.27999878
SE;SUDESTE;2015-06-07;25823.00000000;100.58000183;25702.00000000;100.11000061
N;NORTE;2015-06-08;6339.00000000;117.05999756;6183.00000000;114.18000031
NE;NORDESTE;2015-06-08;2704.00000000;57.63999939;2686.00000000;57.25000000
S;SUL;2015-06-08;6418.00000000;60.59999847;6348.00000000;59.93999863
SE;SUDESTE;2015-06-08;25483.00000000;99.26000214;25397.00000000;98.91999817
N;NORTE;2015-06-09;6300.00000000;116.33999634;6124.00000000;113.08999634
NE;NORDESTE;2015-06-09;2650.00000000;56.49000168;2618.00000000;55.79999924
S;SUL;2015-06-09;6149.00000000;58.06000137;6089.00000000;57.49000168
SE;SUDESTE;2015-06-09;24817.00000000;96.66000366;24715.00000000;96.26000214
N;NORTE;2015-06-10;6239.00000000;115.20999908;6035.00000000;111.44000244
NE;NORDESTE;2015-06-10;2613.00000000;55.70000076;2586.00000000;55.11999893
S;SUL;2015-06-10;5948.00000000;56.15999985;5888.00000000;55.59999847
SE;SUDESTE;2015-06-10;24411.00000000;95.08000183;24322.00000000;94.73000336
N;NORTE;2015-06-11;6142.00000000;113.41999817;5904.00000000;109.01999664
NE;NORDESTE;2015-06-11;2570.00000000;54.77999878;2542.00000000;54.18000031
S;SUL;2015-06-11;6372.00000000;60.16999817;6316.00000000;59.63999939
SE;SUDESTE;2015-06-11;23819.00000000;92.76999664;23733.00000000;92.44000244
N;NORTE;2015-06-12;5946.00000000;109.80000305;5698.00000000;105.22000122
NE;NORDESTE;2015-06-12;2534.00000000;54.00999832;2520.00000000;53.70999908
S;SUL;2015-06-12;7503.00000000;70.83999634;7428.00000000;70.13999939
SE;SUDESTE;2015-06-12;23514.00000000;91.58999634;23410.00000000;91.18000031
N;NORTE;2015-06-13;5715.00000000;105.52999878;5476.00000000;101.12000275
NE;NORDESTE;2015-06-13;2507.00000000;53.43999863;2479.00000000;52.84000015
S;SUL;2015-06-13;8909.00000000;84.12000275;8682.00000000;81.98000336
SE;SUDESTE;2015-06-13;23032.00000000;89.70999908;22919.00000000;89.26999664
N;NORTE;2015-06-14;5489.00000000;101.36000061;5294.00000000;97.76000214
NE;NORDESTE;2015-06-14;2487.00000000;53.00999832;2460.00000000;52.43999863
S;SUL;2015-06-14;20382.00000000;192.44999695;19200.00000000;181.28999329
SE;SUDESTE;2015-06-14;22604.00000000;88.04000092;22491.00000000;87.59999847
N;NORTE;2015-06-15;5303.00000000;97.93000031;5142.00000000;94.94999695
NE;NORDESTE;2015-06-15;2475.00000000;52.75999832;2454.00000000;52.31000137
S;SUL;2015-06-15;29032.00000000;274.13000488;26422.00000000;249.47999573
SE;SUDESTE;2015-06-15;22305.00000000;86.87999725;22211.00000000;86.51000214
N;NORTE;2015-06-16;5130.00000000;94.73000336;4988.00000000;92.11000061
NE;NORDESTE;2015-06-16;2468.00000000;52.61000061;2444.00000000;52.09000015
S;SUL;2015-06-16;26753.00000000;252.61000061;24084.00000000;227.41000366
SE;SUDESTE;2015-06-16;22051.00000000;85.88999939;21970.00000000;85.56999969
N;NORTE;2015-06-17;4940.00000000;91.22000122;4845.00000000;89.47000122
NE;NORDESTE;2015-06-17;2472.00000000;52.68999863;2445.00000000;52.11999893
S;SUL;2015-06-17;22181.00000000;209.44000244;20009.00000000;188.92999268
SE;SUDESTE;2015-06-17;21868.00000000;85.16999817;21800.00000000;84.91000366
N;NORTE;2015-06-18;4775.00000000;88.18000031;4666.00000000;86.16000366
NE;NORDESTE;2015-06-18;2461.00000000;52.45999908;2441.00000000;52.02999878
S;SUL;2015-06-18;24101.00000000;227.57000732;21639.00000000;204.32000732
SE;SUDESTE;2015-06-18;21763.00000000;84.76999664;21683.00000000;84.44999695
N;NORTE;2015-06-19;4603.00000000;85.00000000;4556.00000000;84.12999725
NE;NORDESTE;2015-06-19;2447.00000000;52.15999985;2426.00000000;51.70999908
S;SUL;2015-06-19;24962.00000000;235.69999695;22011.00000000;207.83000183
SE;SUDESTE;2015-06-19;21738.00000000;84.66999817;21651.00000000;84.33000183
N;NORTE;2015-06-20;4447.00000000;82.12000275;4420.00000000;81.62000275
NE;NORDESTE;2015-06-20;2416.00000000;51.50000000;2387.00000000;50.88000107
S;SUL;2015-06-20;22123.00000000;208.88999939;20082.00000000;189.61999512
SE;SUDESTE;2015-06-20;21611.00000000;84.16999817;21504.00000000;83.76000214
N;NORTE;2015-06-21;4306.00000000;79.51999664;4256.00000000;78.58999634
NE;NORDESTE;2015-06-21;2398.00000000;51.11000061;2366.00000000;50.43000031
S;SUL;2015-06-21;19039.00000000;179.77000427;17601.00000000;166.19000244
SE;SUDESTE;2015-06-21;21519.00000000;83.81999969;21396.00000000;83.33999634
N;NORTE;2015-06-22;4215.00000000;77.83000183;4182.00000000;77.23000336
NE;NORDESTE;2015-06-22;2412.00000000;51.40999985;2379.00000000;50.70999908
S;SUL;2015-06-22;16952.00000000;160.05999756;16084.00000000;151.86999512
SE;SUDESTE;2015-06-22;21244.00000000;82.73999786;21140.00000000;82.33999634
N;NORTE;2015-06-23;4130.00000000;76.26999664;4100.00000000;75.70999908
NE;NORDESTE;2015-06-23;2411.00000000;51.38999939;2386.00000000;50.86000061
S;SUL;2015-06-23;17541.00000000;165.63000488;15818.00000000;149.36000061
SE;SUDESTE;2015-06-23;20967.00000000;81.66999817;20879.00000000;81.31999969
N;NORTE;2015-06-24;4032.00000000;74.45999908;4011.00000000;74.06999969
NE;NORDESTE;2015-06-24;2377.00000000;50.66999817;2345.00000000;49.97999954
S;SUL;2015-06-24;16453.00000000;155.35000610;14741.00000000;139.19000244
SE;SUDESTE;2015-06-24;20674.00000000;80.51999664;20558.00000000;80.06999969
N;NORTE;2015-06-25;3925.00000000;72.48000336;3891.00000000;71.84999847
NE;NORDESTE;2015-06-25;2325.00000000;49.56000137;2299.00000000;49.00000000
S;SUL;2015-06-25;14788.00000000;139.63000488;13820.00000000;130.49000549
SE;SUDESTE;2015-06-25;20342.00000000;79.23000336;20183.00000000;78.61000061
N;NORTE;2015-06-26;3813.00000000;70.41000366;3790.00000000;69.98999786
NE;NORDESTE;2015-06-26;2253.00000000;48.02000046;2227.00000000;47.47000122
S;SUL;2015-06-26;13322.00000000;125.79000092;12549.00000000;118.48999786
SE;SUDESTE;2015-06-26;19954.00000000;77.72000122;19769.00000000;77.00000000
N;NORTE;2015-06-27;3742.00000000;69.09999847;3730.00000000;68.87999725
NE;NORDESTE;2015-06-27;2217.00000000;47.25999832;2192.00000000;46.72000122
S;SUL;2015-06-27;12231.00000000;115.48999786;11645.00000000;109.94999695
SE;SUDESTE;2015-06-27;19609.00000000;76.37999725;19431.00000000;75.68000031
N;NORTE;2015-06-28;3664.00000000;67.66000366;3653.00000000;67.45999908
NE;NORDESTE;2015-06-28;2210.00000000;47.11000061;2183.00000000;46.52999878
S;SUL;2015-06-28;11012.00000000;103.98000336;10714.00000000;101.16000366
SE;SUDESTE;2015-06-28;19238.00000000;74.93000031;19020.00000000;74.08000183
N;NORTE;2015-06-29;3601.00000000;66.50000000;3591.00000000;66.30999756
NE;NORDESTE;2015-06-29;2180.00000000;46.47000122;2156.00000000;45.95999908
S;SUL;2015-06-29;10011.00000000;94.52999878;9790.00000000;92.44000244
SE;SUDESTE;2015-06-29;18904.00000000;73.62999725;18674.00000000;72.73000336
N;NORTE;2015-06-30;3526.00000000;65.11000061;3513.00000000;64.87000275
NE;NORDESTE;2015-06-30;2109.00000000;44.95000076;2107.00000000;44.90999985
S;SUL;2015-06-30;10894.00000000;102.86000061;10448.00000000;98.65000153
SE;SUDESTE;2015-06-30;18667.00000000;72.70999908;18539.00000000;72.20999908
N;NORTE;2015-07-01;3486.00000000;105.83000183;3476.00000000;105.51999664
NE;NORDESTE;2015-07-01;2073.00000000;53.56999969;2059.00000000;53.20999908
S;SUL;2015-07-01;10924.00000000;98.00000000;10382.00000000;93.13999939
SE;SUDESTE;2015-07-01;19121.00000000;90.16999817;18978.00000000;89.48999786
N;NORTE;2015-07-02;3398.00000000;103.15000153;3386.00000000;102.79000092
NE;NORDESTE;2015-07-02;2042.00000000;52.77000046;2021.00000000;52.22999954
S;SUL;2015-07-02;10477.00000000;93.98999786;9976.00000000;89.50000000
SE;SUDESTE;2015-07-02;20235.00000000;95.41999817;20126.00000000;94.90000153
N;NORTE;2015-07-03;3342.00000000;101.44999695;3342.00000000;101.44999695
NE;NORDESTE;2015-07-03;2074.00000000;53.59999847;2061.00000000;53.25999832
S;SUL;2015-07-03;11006.00000000;98.73999786;10547.00000000;94.62000275
SE;SUDESTE;2015-07-03;22470.00000000;105.95999908;22347.00000000;105.37999725
N;NORTE;2015-07-04;3277.00000000;99.48000336;3277.00000000;99.48000336
NE;NORDESTE;2015-07-04;2079.00000000;53.72999954;2054.00000000;53.08000183
S;SUL;2015-07-04;11094.00000000;99.52999878;10519.00000000;94.37000275
SE;SUDESTE;2015-07-04;24332.00000000;114.73999786;24183.00000000;114.04000092
N;NORTE;2015-07-05;3248.00000000;98.59999847;3248.00000000;98.59999847
NE;NORDESTE;2015-07-05;2069.00000000;53.47000122;2036.00000000;52.61999893
S;SUL;2015-07-05;10464.00000000;93.87999725;10173.00000000;91.26999664
SE;SUDESTE;2015-07-05;27910.00000000;131.61000061;27720.00000000;130.71000671
N;NORTE;2015-07-06;3216.00000000;97.62999725;3209.00000000;97.41999817
NE;NORDESTE;2015-07-06;2059.00000000;53.20999908;2034.00000000;52.56000137
S;SUL;2015-07-06;10273.00000000;92.16000366;10124.00000000;90.83000183
SE;SUDESTE;2015-07-06;29592.00000000;139.53999329;29454.00000000;138.88999939
N;NORTE;2015-07-07;3202.00000000;97.19999695;3202.00000000;97.19999695
NE;NORDESTE;2015-07-07;2057.00000000;53.15999985;2032.00000000;52.50999832
S;SUL;2015-07-07;12971.00000000;116.37000275;12766.00000000;114.52999878
SE;SUDESTE;2015-07-07;30054.00000000;141.72000122;29869.00000000;140.85000610
N;NORTE;2015-07-08;3157.00000000;95.83999634;3110.00000000;94.41000366
NE;NORDESTE;2015-07-08;2094.00000000;54.11000061;2062.00000000;53.29000092
S;SUL;2015-07-08;18974.00000000;170.22000122;17935.00000000;160.89999390
SE;SUDESTE;2015-07-08;29062.00000000;137.03999329;28901.00000000;136.27999878
N;NORTE;2015-07-09;3111.00000000;94.44000244;3080.00000000;93.50000000
NE;NORDESTE;2015-07-09;2100.00000000;54.27000046;2073.00000000;53.56999969
S;SUL;2015-07-09;24833.00000000;222.78999329;21768.00000000;195.28999329
SE;SUDESTE;2015-07-09;28447.00000000;134.13999939;28287.00000000;133.38999939
N;NORTE;2015-07-10;3075.00000000;93.34999847;3054.00000000;92.70999908
NE;NORDESTE;2015-07-10;2139.00000000;55.27999878;2114.00000000;54.63000107
S;SUL;2015-07-10;25409.00000000;227.94999695;20005.00000000;179.47000122
SE;SUDESTE;2015-07-10;29424.00000000;138.75000000;29118.00000000;137.30999756
N;NORTE;2015-07-11;2999.00000000;91.04000092;2992.00000000;90.83000183
NE;NORDESTE;2015-07-11;2168.00000000;56.02999878;2141.00000000;55.33000183
S;SUL;2015-07-11;24917.00000000;223.53999329;20024.00000000;179.63999939
SE;SUDESTE;2015-07-11;30580.00000000;144.19999695;29062.00000000;137.03999329
N;NORTE;2015-07-12;2907.00000000;88.25000000;2852.00000000;86.58000183
NE;NORDESTE;2015-07-12;2070.00000000;53.49000168;2046.00000000;52.86999893
S;SUL;2015-07-12;26292.00000000;235.88000488;21505.00000000;192.92999268
SE;SUDESTE;2015-07-12;32195.00000000;151.82000732;26924.00000000;126.95999908
N;NORTE;2015-07-13;2836.00000000;86.08999634;2780.00000000;84.38999939
NE;NORDESTE;2015-07-13;1966.00000000;50.81000137;1941.00000000;50.15999985
S;SUL;2015-07-13;29330.00000000;263.13000488;22056.00000000;197.86999512
SE;SUDESTE;2015-07-13;34207.00000000;161.30000305;30036.00000000;141.63999939
N;NORTE;2015-07-14;2779.00000000;84.36000061;2779.00000000;84.36000061
NE;NORDESTE;2015-07-14;1912.00000000;49.40999985;1889.00000000;48.81999969
S;SUL;2015-07-14;50188.00000000;450.26000977;28444.00000000;255.17999268
SE;SUDESTE;2015-07-14;36028.00000000;169.88999939;30320.00000000;142.97000122
N;NORTE;2015-07-15;2696.00000000;81.83999634;2696.00000000;81.83999634
NE;NORDESTE;2015-07-15;1872.00000000;48.38000107;1848.00000000;47.75999832
S;SUL;2015-07-15;62396.00000000;559.78002930;30118.00000000;270.20001221
SE;SUDESTE;2015-07-15;36233.00000000;170.86000061;31476.00000000;148.42999268
N;NORTE;2015-07-16;2617.00000000;79.44999695;2617.00000000;79.44999695
NE;NORDESTE;2015-07-16;1855.00000000;47.93999863;1831.00000000;47.31999969
S;SUL;2015-07-16;62457.00000000;560.33001709;26280.00000000;235.77000427
SE;SUDESTE;2015-07-16;35210.00000000;166.02999878;33235.00000000;156.72000122
N;NORTE;2015-07-17;2530.00000000;76.80000305;2530.00000000;76.80000305
NE;NORDESTE;2015-07-17;1838.00000000;47.50000000;1813.00000000;46.84999847
S;SUL;2015-07-17;53504.00000000;480.01000977;28735.00000000;257.79000854
SE;SUDESTE;2015-07-17;33873.00000000;159.72999573;31258.00000000;147.39999390
N;NORTE;2015-07-18;2484.00000000;75.41000366;2481.00000000;75.31999969
NE;NORDESTE;2015-07-18;1850.00000000;47.81000137;1824.00000000;47.13999939
S;SUL;2015-07-18;44152.00000000;396.10000610;27121.00000000;243.30999756
SE;SUDESTE;2015-07-18;33094.00000000;156.05999756;29061.00000000;137.03999329
N;NORTE;2015-07-19;2449.00000000;74.34999847;2439.00000000;74.04000092
NE;NORDESTE;2015-07-19;1855.00000000;47.93999863;1830.00000000;47.29000092
S;SUL;2015-07-19;36704.00000000;329.29000854;16727.00000000;150.05999756
SE;SUDESTE;2015-07-19;32480.00000000;153.16000366;25605.00000000;120.73999786
N;NORTE;2015-07-20;2426.00000000;73.65000153;2421.00000000;73.50000000
NE;NORDESTE;2015-07-20;1884.00000000;48.68999863;1858.00000000;48.02000046
S;SUL;2015-07-20;33924.00000000;304.35000610;16144.00000000;144.83000183
SE;SUDESTE;2015-07-20;31693.00000000;149.44999695;28127.00000000;132.63000488
N;NORTE;2015-07-21;2430.00000000;73.76999664;2430.00000000;73.76999664
NE;NORDESTE;2015-07-21;1927.00000000;49.79999924;1903.00000000;49.18000031
S;SUL;2015-07-21;38794.00000000;348.04000854;10715.00000000;96.12999725
SE;SUDESTE;2015-07-21;30726.00000000;144.88999939;28647.00000000;135.08999634
N;NORTE;2015-07-22;2463.00000000;74.76999664;2456.00000000;74.55999756
NE;NORDESTE;2015-07-22;2087.00000000;53.93000031;2077.00000000;53.68000031
S;SUL;2015-07-22;36043.00000000;323.35998535;17034.00000000;152.82000732
SE;SUDESTE;2015-07-22;29820.00000000;140.61999512;26918.00000000;126.93000031
N;NORTE;2015-07-23;2472.00000000;75.04000092;2446.00000000;74.25000000
NE;NORDESTE;2015-07-23;2188.00000000;56.54000092;2164.00000000;55.91999817
S;SUL;2015-07-23;31674.00000000;284.16000366;17068.00000000;153.11999512
SE;SUDESTE;2015-07-23;28488.00000000;134.33999634;26098.00000000;123.06999969
N;NORTE;2015-07-24;2532.00000000;76.87000275;2511.00000000;76.23000336
NE;NORDESTE;2015-07-24;2144.00000000;55.40999985;2116.00000000;54.68000031
S;SUL;2015-07-24;30645.00000000;274.92999268;14892.00000000;133.60000610
SE;SUDESTE;2015-07-24;27027.00000000;127.44999695;25576.00000000;120.59999847
N;NORTE;2015-07-25;2536.00000000;76.98999786;2505.00000000;76.05000305
NE;NORDESTE;2015-07-25;2067.00000000;53.41999817;2041.00000000;52.75000000
S;SUL;2015-07-25;31523.00000000;282.80999756;12982.00000000;116.47000122
SE;SUDESTE;2015-07-25;25598.00000000;120.70999908;24750.00000000;116.70999908
N;NORTE;2015-07-26;2558.00000000;77.65000153;2380.00000000;72.25000000
NE;NORDESTE;2015-07-26;1992.00000000;51.47999954;1937.00000000;50.06000137
S;SUL;2015-07-26;29779.00000000;267.16000366;12321.00000000;110.54000092
SE;SUDESTE;2015-07-26;24422.00000000;115.16000366;21779.00000000;102.69999695
N;NORTE;2015-07-27;2534.00000000;76.93000031;2505.00000000;76.05000305
NE;NORDESTE;2015-07-27;1964.00000000;50.75999832;1908.00000000;49.31000137
S;SUL;2015-07-27;26821.00000000;240.61999512;17294.00000000;155.14999390
SE;SUDESTE;2015-07-27;23655.00000000;111.55000305;22788.00000000;107.45999908
N;NORTE;2015-07-28;2496.00000000;75.76999664;2496.00000000;75.76999664
NE;NORDESTE;2015-07-28;1946.00000000;50.29000092;1901.00000000;49.13000107
S;SUL;2015-07-28;24157.00000000;216.72000122;13821.00000000;123.98999786
SE;SUDESTE;2015-07-28;22916.00000000;108.05999756;22702.00000000;107.05000305
N;NORTE;2015-07-29;2444.00000000;74.19000244;2418.00000000;73.40000153
NE;NORDESTE;2015-07-29;1933.00000000;49.95000076;1904.00000000;49.20000076
S;SUL;2015-07-29;21838.00000000;195.91999817;15394.00000000;138.11000061
SE;SUDESTE;2015-07-29;22325.00000000;105.26999664;22106.00000000;104.23999786
N;NORTE;2015-07-30;2404.00000000;72.98000336;2388.00000000;72.48999786
NE;NORDESTE;2015-07-30;1921.00000000;49.63999939;1906.00000000;49.25999832
S;SUL;2015-07-30;20108.00000000;180.39999390;15636.00000000;140.27999878
SE;SUDESTE;2015-07-30;21819.00000000;102.88999939;21505.00000000;101.41000366
N;NORTE;2015-07-31;2337.00000000;70.94999695;2333.00000000;70.81999969
NE;NORDESTE;2015-07-31;1900.00000000;49.09999847;1885.00000000;48.70999908
S;SUL;2015-07-31;18626.00000000;167.10000610;12671.00000000;113.68000031
SE;SUDESTE;2015-07-31;21180.00000000;99.87000275;20917.00000000;98.62999725
N;NORTE;2015-08-01;2462.00000000;100.70999908;2364.00000000;96.69999695
NE;NORDESTE;2015-08-01;1878.00000000;55.65000153;1854.00000000;54.93999863
S;SUL;2015-08-01;17579.00000000;171.42999268;14633.00000000;142.69999695
SE;SUDESTE;2015-08-01;20643.00000000;116.83999634;20486.00000000;115.94999695
N;NORTE;2015-08-02;2417.00000000;98.87000275;2326.00000000;95.15000153
NE;NORDESTE;2015-08-02;1861.00000000;55.15000153;1834.00000000;54.34999847
S;SUL;2015-08-02;16087.00000000;156.88000488;13386.00000000;130.53999329
SE;SUDESTE;2015-08-02;20039.00000000;113.41999817;19898.00000000;112.62999725
N;NORTE;2015-08-03;2308.00000000;94.41000366;2226.00000000;91.05999756
NE;NORDESTE;2015-08-03;1843.00000000;54.61999893;1829.00000000;54.20000076
S;SUL;2015-08-03;14845.00000000;144.77000427;10757.00000000;104.90000153
SE;SUDESTE;2015-08-03;19543.00000000;110.62000275;19399.00000000;109.80000305
N;NORTE;2015-08-04;2213.00000000;90.52999878;2150.00000000;87.94999695
NE;NORDESTE;2015-08-04;1814.00000000;53.75999832;1792.00000000;53.09999847
S;SUL;2015-08-04;13873.00000000;135.28999329;11706.00000000;114.16000366
SE;SUDESTE;2015-08-04;19005.00000000;107.56999969;18843.00000000;106.65000153
N;NORTE;2015-08-05;2176.00000000;89.01000214;2113.00000000;86.44000244
NE;NORDESTE;2015-08-05;1788.00000000;52.99000168;1773.00000000;52.54000092
S;SUL;2015-08-05;13028.00000000;127.05000305;11343.00000000;110.62000275
SE;SUDESTE;2015-08-05;18468.00000000;104.52999878;18319.00000000;103.69000244
N;NORTE;2015-08-06;2181.00000000;89.22000122;2117.00000000;86.59999847
NE;NORDESTE;2015-08-06;1762.00000000;52.22000122;1745.00000000;51.70999908
S;SUL;2015-08-06;11890.00000000;115.94999695;10593.00000000;103.30000305
SE;SUDESTE;2015-08-06;18034.00000000;102.08000183;17887.00000000;101.23999786
N;NORTE;2015-08-07;2196.00000000;89.83000183;2128.00000000;87.05000305
NE;NORDESTE;2015-08-07;1754.00000000;51.97999954;1736.00000000;51.45000076
S;SUL;2015-08-07;10857.00000000;105.87999725;9723.00000000;94.81999969
SE;SUDESTE;2015-08-07;17702.00000000;100.19999695;17552.00000000;99.34999847
N;NORTE;2015-08-08;2189.00000000;89.54000092;2125.00000000;86.93000031
NE;NORDESTE;2015-08-08;1756.00000000;52.04000092;1728.00000000;51.20999908
S;SUL;2015-08-08;9732.00000000;94.91000366;8435.00000000;82.26000214
SE;SUDESTE;2015-08-08;17190.00000000;97.30000305;17016.00000000;96.30999756
N;NORTE;2015-08-09;2188.00000000;89.50000000;2139.00000000;87.50000000
NE;NORDESTE;2015-08-09;1769.00000000;52.41999817;1743.00000000;51.65000153
S;SUL;2015-08-09;8709.00000000;84.93000031;8249.00000000;80.44999695
SE;SUDESTE;2015-08-09;16750.00000000;94.80999756;16543.00000000;93.63999939
N;NORTE;2015-08-10;2139.00000000;87.50000000;2088.00000000;85.41000366
NE;NORDESTE;2015-08-10;1805.00000000;53.49000168;1791.00000000;53.08000183
S;SUL;2015-08-10;8001.00000000;78.02999878;7614.00000000;74.25000000
SE;SUDESTE;2015-08-10;16369.00000000;92.65000153;16191.00000000;91.63999939
N;NORTE;2015-08-11;2069.00000000;84.63999939;2041.00000000;83.48999786
NE;NORDESTE;2015-08-11;1814.00000000;53.75999832;1789.00000000;53.02000046
S;SUL;2015-08-11;7399.00000000;72.16000366;6677.00000000;65.11000061
SE;SUDESTE;2015-08-11;16206.00000000;91.73000336;16061.00000000;90.91000366
N;NORTE;2015-08-12;2020.00000000;82.62999725;1983.00000000;81.12000275
NE;NORDESTE;2015-08-12;1752.00000000;51.91999817;1727.00000000;51.18000031
S;SUL;2015-08-12;7011.00000000;68.37000275;5871.00000000;57.25000000
SE;SUDESTE;2015-08-12;15956.00000000;90.30999756;15783.00000000;89.33000183
N;NORTE;2015-08-13;1984.00000000;81.16000366;1943.00000000;79.48000336
NE;NORDESTE;2015-08-13;1686.00000000;49.95999908;1663.00000000;49.27999878
S;SUL;2015-08-13;6594.00000000;64.30999756;5443.00000000;53.08000183
SE;SUDESTE;2015-08-13;15759.00000000;89.19999695;15614.00000000;88.37999725
N;NORTE;2015-08-14;1926.00000000;78.79000092;1901.00000000;77.76000214
NE;NORDESTE;2015-08-14;1663.00000000;49.27999878;1638.00000000;48.54000092
S;SUL;2015-08-14;6250.00000000;60.95000076;5663.00000000;55.22999954
SE;SUDESTE;2015-08-14;15519.00000000;87.83999634;15347.00000000;86.87000275
N;NORTE;2015-08-15;1846.00000000;75.51000214;1817.00000000;74.33000183
NE;NORDESTE;2015-08-15;1651.00000000;48.93000031;1627.00000000;48.22000122
S;SUL;2015-08-15;5881.00000000;57.34999847;4851.00000000;47.31000137
SE;SUDESTE;2015-08-15;15365.00000000;86.97000122;15209.00000000;86.08999634
N;NORTE;2015-08-16;1774.00000000;72.56999969;1742.00000000;71.26000214
NE;NORDESTE;2015-08-16;1642.00000000;48.65999985;1615.00000000;47.86000061
S;SUL;2015-08-16;5693.00000000;55.52000046;4761.00000000;46.43000031
SE;SUDESTE;2015-08-16;15133.00000000;85.66000366;14965.00000000;84.69999695
N;NORTE;2015-08-17;1683.00000000;68.84999847;1651.00000000;67.54000092
NE;NORDESTE;2015-08-17;1633.00000000;48.38999939;1608.00000000;47.65000153
S;SUL;2015-08-17;5620.00000000;54.81000137;4933.00000000;48.11000061
SE;SUDESTE;2015-08-17;14951.00000000;84.62999725;14818.00000000;83.87000275
N;NORTE;2015-08-18;1639.00000000;67.05000305;1612.00000000;65.94000244
NE;NORDESTE;2015-08-18;1687.00000000;49.99000168;1661.00000000;49.22000122
S;SUL;2015-08-18;5620.00000000;54.81000137;4904.00000000;47.81999969
SE;SUDESTE;2015-08-18;14774.00000000;83.62000275;14609.00000000;82.69000244
N;NORTE;2015-08-19;1663.00000000;68.02999878;1639.00000000;67.05000305
NE;NORDESTE;2015-08-19;1739.00000000;51.52999878;1713.00000000;50.75999832
S;SUL;2015-08-19;5551.00000000;54.13000107;4690.00000000;45.74000168
SE;SUDESTE;2015-08-19;14637.00000000;82.84999847;14496.00000000;82.05000305
N;NORTE;2015-08-20;1717.00000000;70.23999786;1686.00000000;68.97000122
NE;NORDESTE;2015-08-20;1795.00000000;53.18999863;1771.00000000;52.47999954
S;SUL;2015-08-20;5437.00000000;53.02000046;4274.00000000;41.68000031
SE;SUDESTE;2015-08-20;14466.00000000;81.87999725;14318.00000000;81.04000092
N;NORTE;2015-08-21;1764.00000000;72.16000366;1715.00000000;70.16000366
NE;NORDESTE;2015-08-21;1726.00000000;51.15000153;1716.00000000;50.84999847
S;SUL;2015-08-21;5261.00000000;51.31000137;4527.00000000;44.15000153
SE;SUDESTE;2015-08-21;14386.00000000;81.43000031;14249.00000000;80.65000153
N;NORTE;2015-08-22;1799.00000000;73.58999634;1723.00000000;70.48000336
NE;NORDESTE;2015-08-22;1710.00000000;50.66999817;1687.00000000;49.99000168
S;SUL;2015-08-22;5185.00000000;50.56000137;4496.00000000;43.84999847
SE;SUDESTE;2015-08-22;14229.00000000;80.54000092;14009.00000000;79.29000092
N;NORTE;2015-08-23;1793.00000000;73.34999847;1679.00000000;68.68000031
NE;NORDESTE;2015-08-23;1725.00000000;51.11999893;1701.00000000;50.40999985
S;SUL;2015-08-23;5191.00000000;50.61999893;4758.00000000;46.40000153
SE;SUDESTE;2015-08-23;14134.00000000;80.00000000;13923.00000000;78.80999756
N;NORTE;2015-08-24;1729.00000000;70.73000336;1689.00000000;69.08999634
NE;NORDESTE;2015-08-24;1755.00000000;52.00999832;1745.00000000;51.70999908
S;SUL;2015-08-24;5537.00000000;54.00000000;4978.00000000;48.54999924
SE;SUDESTE;2015-08-24;14046.00000000;79.50000000;13921.00000000;78.80000305
N;NORTE;2015-08-25;1656.00000000;67.73999786;1637.00000000;66.95999908
NE;NORDESTE;2015-08-25;1778.00000000;52.68999863;1768.00000000;52.38999939
S;SUL;2015-08-25;5615.00000000;54.75999832;4660.00000000;45.43999863
SE;SUDESTE;2015-08-25;14094.00000000;79.76999664;13975.00000000;79.09999847
N;NORTE;2015-08-26;1615.00000000;66.05999756;1605.00000000;65.66000366
NE;NORDESTE;2015-08-26;1733.00000000;51.36000061;1718.00000000;50.90999985
S;SUL;2015-08-26;6028.00000000;58.79000092;5013.00000000;48.88999939
SE;SUDESTE;2015-08-26;14241.00000000;80.61000061;14118.00000000;79.91000366
N;NORTE;2015-08-27;1578.00000000;64.55000305;1561.00000000;63.86000061
NE;NORDESTE;2015-08-27;1691.00000000;50.11000061;1672.00000000;49.54999924
S;SUL;2015-08-27;7374.00000000;71.91000366;6595.00000000;64.31999969
SE;SUDESTE;2015-08-27;14555.00000000;82.37999725;14395.00000000;81.48000336
N;NORTE;2015-08-28;1565.00000000;64.01999664;1544.00000000;63.15999985
NE;NORDESTE;2015-08-28;1622.00000000;48.06999969;1605.00000000;47.56000137
S;SUL;2015-08-28;8275.00000000;80.69999695;7245.00000000;70.65000153
SE;SUDESTE;2015-08-28;14705.00000000;83.23000336;14587.00000000;82.55999756
N;NORTE;2015-08-29;1533.00000000;62.70999908;1526.00000000;62.41999817
NE;NORDESTE;2015-08-29;1613.00000000;47.79999924;1590.00000000;47.11999893
S;SUL;2015-08-29;7526.00000000;73.38999939;7014.00000000;68.40000153
SE;SUDESTE;2015-08-29;14836.00000000;83.97000122;14723.00000000;83.33000183
N;NORTE;2015-08-30;1507.00000000;61.65000153;1496.00000000;61.20000076
NE;NORDESTE;2015-08-30;1598.00000000;47.36000061;1575.00000000;46.66999817
S;SUL;2015-08-30;6613.00000000;64.48999786;6380.00000000;62.22000122
SE;SUDESTE;2015-08-30;14831.00000000;83.94999695;14656.00000000;82.95999908
N;NORTE;2015-08-31;1476.00000000;60.38000107;1466.00000000;59.97000122
NE;NORDESTE;2015-08-31;1560.00000000;46.22999954;1534.00000000;45.45999908
S;SUL;2015-08-31;5999.00000000;58.50000000;5420.00000000;52.86000061
SE;SUDESTE;2015-08-31;14729.00000000;83.37000275;14587.00000000;82.55999756
N;NORTE;2015-09-01;1476.00000000;79.26999664;1466.00000000;78.73000336
NE;NORDESTE;2015-09-01;1506.00000000;49.93000031;1487.00000000;49.29999924
S;SUL;2015-09-01;5679.00000000;47.59000015;4823.00000000;40.41999817
SE;SUDESTE;2015-09-01;14571.00000000;83.23000336;14445.00000000;82.51000214
N;NORTE;2015-09-02;1447.00000000;77.70999908;1439.00000000;77.27999878
NE;NORDESTE;2015-09-02;1461.00000000;48.43999863;1438.00000000;47.66999817
S;SUL;2015-09-02;5776.00000000;48.40000153;4689.00000000;39.29000092
SE;SUDESTE;2015-09-02;14387.00000000;82.18000031;14265.00000000;81.48000336
N;NORTE;2015-09-03;1428.00000000;76.69000244;1402.00000000;75.30000305
NE;NORDESTE;2015-09-03;1512.00000000;50.13000107;1486.00000000;49.27000046
S;SUL;2015-09-03;6270.00000000;52.54000092;5179.00000000;43.40000153
SE;SUDESTE;2015-09-03;14195.00000000;81.08000183;14044.00000000;80.22000122
N;NORTE;2015-09-04;1403.00000000;75.34999847;1400.00000000;75.19000244
NE;NORDESTE;2015-09-04;1672.00000000;55.43000031;1649.00000000;54.66999817
S;SUL;2015-09-04;6584.00000000;55.16999817;5263.00000000;44.09999847
SE;SUDESTE;2015-09-04;13959.00000000;79.73999786;13825.00000000;78.97000122
N;NORTE;2015-09-05;1375.00000000;73.84999847;1372.00000000;73.69000244
NE;NORDESTE;2015-09-05;1664.00000000;55.16999817;1638.00000000;54.31000137
S;SUL;2015-09-05;6272.00000000;52.56000137;4967.00000000;41.61999893
SE;SUDESTE;2015-09-05;13855.00000000;79.13999939;13744.00000000;78.51000214
N;NORTE;2015-09-06;1367.00000000;73.41999817;1329.00000000;71.37999725
NE;NORDESTE;2015-09-06;1523.00000000;50.49000168;1498.00000000;49.65999985
S;SUL;2015-09-06;5788.00000000;48.50000000;5603.00000000;46.95000076
SE;SUDESTE;2015-09-06;13939.00000000;79.62000275;13834.00000000;79.01999664
N;NORTE;2015-09-07;1362.00000000;73.15000153;1329.00000000;71.37999725
NE;NORDESTE;2015-09-07;1386.00000000;45.95000076;1362.00000000;45.15999985
S;SUL;2015-09-07;5869.00000000;49.18000031;5633.00000000;47.20000076
SE;SUDESTE;2015-09-07;14341.00000000;81.91999817;14210.00000000;81.16999817
N;NORTE;2015-09-08;1361.00000000;73.08999634;1242.00000000;66.69999695
NE;NORDESTE;2015-09-08;1322.00000000;43.83000183;1298.00000000;43.02999878
S;SUL;2015-09-08;7893.00000000;66.13999939;7152.00000000;59.93000031
SE;SUDESTE;2015-09-08;16724.00000000;95.52999878;16540.00000000;94.48000336
N;NORTE;2015-09-09;1316.00000000;70.68000031;1242.00000000;66.69999695
NE;NORDESTE;2015-09-09;1294.00000000;42.90000153;1271.00000000;42.13999939
S;SUL;2015-09-09;10032.00000000;84.06999969;9658.00000000;80.93000031
SE;SUDESTE;2015-09-09;18293.00000000;104.48999786;18078.00000000;103.26000214
N;NORTE;2015-09-10;1292.00000000;69.38999939;1285.00000000;69.01000214
NE;NORDESTE;2015-09-10;1278.00000000;42.36999893;1255.00000000;41.61000061
S;SUL;2015-09-10;10306.00000000;86.36000061;9570.00000000;80.19999695
SE;SUDESTE;2015-09-10;22013.00000000;125.73999786;21794.00000000;124.48999786
N;NORTE;2015-09-11;1261.00000000;67.72000122;1259.00000000;67.62000275
NE;NORDESTE;2015-09-11;1266.00000000;41.97000122;1251.00000000;41.47999954
S;SUL;2015-09-11;10297.00000000;86.29000092;9579.00000000;80.26999664
SE;SUDESTE;2015-09-11;26568.00000000;151.75999451;26308.00000000;150.27999878
N;NORTE;2015-09-12;1243.00000000;66.76000214;1229.00000000;66.01000214
NE;NORDESTE;2015-09-12;1223.00000000;40.54999924;1200.00000000;39.77999878
S;SUL;2015-09-12;9693.00000000;81.23000336;9152.00000000;76.69000244
SE;SUDESTE;2015-09-12;29335.00000000;167.57000732;29083.00000000;166.13000488
N;NORTE;2015-09-13;1229.00000000;66.01000214;1218.00000000;65.41000366
NE;NORDESTE;2015-09-13;1192.00000000;39.52000046;1167.00000000;38.68999863
S;SUL;2015-09-13;8910.00000000;74.66999817;8671.00000000;72.66000366
SE;SUDESTE;2015-09-13;31686.00000000;181.00000000;31496.00000000;179.91000366
N;NORTE;2015-09-14;1195.00000000;64.18000031;1181.00000000;63.43000031
NE;NORDESTE;2015-09-14;1207.00000000;40.02000046;1181.00000000;39.15000153
S;SUL;2015-09-14;8263.00000000;69.23999786;7932.00000000;66.47000122
SE;SUDESTE;2015-09-14;32077.00000000;183.22999573;31922.00000000;182.33999634
N;NORTE;2015-09-15;1186.00000000;63.70000076;1135.00000000;60.95999908
NE;NORDESTE;2015-09-15;1289.00000000;42.74000168;1266.00000000;41.97000122
S;SUL;2015-09-15;7439.00000000;62.34000015;7010.00000000;58.74000168
SE;SUDESTE;2015-09-15;31199.00000000;178.21000671;31048.00000000;177.35000610
N;NORTE;2015-09-16;1162.00000000;62.40999985;1138.00000000;61.11999893
NE;NORDESTE;2015-09-16;1443.00000000;47.84000015;1418.00000000;47.00999832
S;SUL;2015-09-16;7103.00000000;59.52000046;6244.00000000;52.31999969
SE;SUDESTE;2015-09-16;29819.00000000;170.33000183;29693.00000000;169.61000061
N;NORTE;2015-09-17;1179.00000000;63.31999969;1168.00000000;62.72999954
NE;NORDESTE;2015-09-17;1510.00000000;50.06000137;1485.00000000;49.22999954
S;SUL;2015-09-17;10090.00000000;84.55000305;8715.00000000;73.02999878
SE;SUDESTE;2015-09-17;28246.00000000;161.35000610;28146.00000000;160.77999878
N;NORTE;2015-09-18;1169.00000000;62.77999878;1161.00000000;62.34999847
NE;NORDESTE;2015-09-18;1434.00000000;47.54000092;1406.00000000;46.61000061
S;SUL;2015-09-18;17487.00000000;146.53999329;13690.00000000;114.72000122
SE;SUDESTE;2015-09-18;26687.00000000;152.44000244;26593.00000000;151.89999390
N;NORTE;2015-09-19;1173.00000000;63.00000000;1099.00000000;59.02000046
NE;NORDESTE;2015-09-19;1325.00000000;43.93000031;1301.00000000;43.13000107
S;SUL;2015-09-19;22414.00000000;187.83000183;18094.00000000;151.63000488
SE;SUDESTE;2015-09-19;25239.00000000;144.16999817;25114.00000000;143.46000671
N;NORTE;2015-09-20;1155.00000000;62.02999878;1076.00000000;57.79000092
NE;NORDESTE;2015-09-20;1254.00000000;41.56999969;1229.00000000;40.75000000
S;SUL;2015-09-20;24923.00000000;208.85000610;20449.00000000;171.36000061
SE;SUDESTE;2015-09-20;23760.00000000;135.72000122;23613.00000000;134.88000488
N;NORTE;2015-09-21;1140.00000000;61.22999954;1073.00000000;57.63000107
NE;NORDESTE;2015-09-21;1353.00000000;44.86000061;1331.00000000;44.13000107
S;SUL;2015-09-21;22840.00000000;191.39999390;19024.00000000;159.41999817
SE;SUDESTE;2015-09-21;22594.00000000;129.05999756;22438.00000000;128.16999817
N;NORTE;2015-09-22;1156.00000000;62.08000183;1074.00000000;57.68000031
NE;NORDESTE;2015-09-22;1395.00000000;46.25000000;1373.00000000;45.52000046
S;SUL;2015-09-22;17659.00000000;147.97999573;15605.00000000;130.77000427
SE;SUDESTE;2015-09-22;21110.00000000;120.58000183;20954.00000000;119.69000244
N;NORTE;2015-09-23;1134.00000000;60.90000153;1058.00000000;56.81999969
NE;NORDESTE;2015-09-23;1383.00000000;45.84999847;1360.00000000;45.09000015
S;SUL;2015-09-23;12924.00000000;108.30000305;10978.00000000;91.98999786
SE;SUDESTE;2015-09-23;19605.00000000;111.98999786;19453.00000000;111.12000275
N;NORTE;2015-09-24;1136.00000000;61.00999832;1063.00000000;57.09000015
NE;NORDESTE;2015-09-24;1351.00000000;44.79000092;1330.00000000;44.09000015
S;SUL;2015-09-24;10917.00000000;91.48000336;8585.00000000;71.94000244
SE;SUDESTE;2015-09-24;18148.00000000;103.66000366;17992.00000000;102.76999664
N;NORTE;2015-09-25;1121.00000000;60.20999908;1055.00000000;56.65999985
NE;NORDESTE;2015-09-25;1331.00000000;44.13000107;1304.00000000;43.22999954
S;SUL;2015-09-25;12123.00000000;101.58999634;9136.00000000;76.55999756
SE;SUDESTE;2015-09-25;17297.00000000;98.80000305;17147.00000000;97.94999695
N;NORTE;2015-09-26;1112.00000000;59.72000122;1047.00000000;56.22999954
NE;NORDESTE;2015-09-26;1326.00000000;43.95999908;1300.00000000;43.09999847
S;SUL;2015-09-26;16767.00000000;140.50999451;13803.00000000;115.66999817
SE;SUDESTE;2015-09-26;16973.00000000;96.94999695;16827.00000000;96.12000275
N;NORTE;2015-09-27;1088.00000000;58.43000031;1019.00000000;54.72999954
NE;NORDESTE;2015-09-27;1327.00000000;43.99000168;1301.00000000;43.13000107
S;SUL;2015-09-27;30015.00000000;251.52000427;16373.00000000;137.19999695
SE;SUDESTE;2015-09-27;16925.00000000;96.68000031;16790.00000000;95.91000366
N;NORTE;2015-09-28;1064.00000000;57.13999939;1014.00000000;54.45999908
NE;NORDESTE;2015-09-28;1330.00000000;44.09000015;1297.00000000;43.00000000
S;SUL;2015-09-28;35153.00000000;294.57998657;14954.00000000;125.30999756
SE;SUDESTE;2015-09-28;17444.00000000;99.63999939;17312.00000000;98.88999939
N;NORTE;2015-09-29;1061.00000000;56.97999954;1003.00000000;53.86999893
NE;NORDESTE;2015-09-29;1417.00000000;46.97999954;1393.00000000;46.18000031
S;SUL;2015-09-29;30887.00000000;258.82998657;16804.00000000;140.82000732
SE;SUDESTE;2015-09-29;17619.00000000;100.63999939;17458.00000000;99.72000122
N;NORTE;2015-09-30;1077.00000000;57.84000015;1017.00000000;54.61999893
NE;NORDESTE;2015-09-30;1447.00000000;47.97000122;1423.00000000;47.18000031
S;SUL;2015-09-30;24007.00000000;201.17999268;18096.00000000;151.63999939
SE;SUDESTE;2015-09-30;17848.00000000;101.94999695;17676.00000000;100.97000122
N;NORTE;2015-10-01;1094.00000000;56.16999817;1035.00000000;53.13999939
NE;NORDESTE;2015-10-01;1769.00000000;53.74000168;1746.00000000;53.04000092
S;SUL;2015-10-01;19600.00000000;144.69999695;13955.00000000;103.02999878
SE;SUDESTE;2015-10-01;18779.00000000;89.66999817;18591.00000000;88.77999878
N;NORTE;2015-10-02;1131.00000000;58.06999969;1083.00000000;55.59999847
NE;NORDESTE;2015-10-02;1724.00000000;52.38000107;1692.00000000;51.40000153
S;SUL;2015-10-02;17202.00000000;127.00000000;13500.00000000;99.66999817
SE;SUDESTE;2015-10-02;19167.00000000;91.52999878;18932.00000000;90.40000153
N;NORTE;2015-10-03;1189.00000000;61.04999924;1142.00000000;58.63000107
NE;NORDESTE;2015-10-03;1509.00000000;45.84000015;1484.00000000;45.09000015
S;SUL;2015-10-03;17141.00000000;126.55000305;12047.00000000;88.94000244
SE;SUDESTE;2015-10-03;19959.00000000;95.30999756;19729.00000000;94.20999908
N;NORTE;2015-10-04;1236.00000000;63.45999908;1235.00000000;63.40999985
NE;NORDESTE;2015-10-04;1497.00000000;45.47999954;1470.00000000;44.65999985
S;SUL;2015-10-04;16521.00000000;121.97000122;12813.00000000;94.59999847
SE;SUDESTE;2015-10-04;19097.00000000;91.19000244;18942.00000000;90.44999695
N;NORTE;2015-10-05;1286.00000000;66.02999878;1276.00000000;65.51000214
NE;NORDESTE;2015-10-05;1436.00000000;43.63000107;1416.00000000;43.02000046
S;SUL;2015-10-05;15151.00000000;111.86000061;12123.00000000;89.50000000
SE;SUDESTE;2015-10-05;20958.00000000;100.08000183;20786.00000000;99.26000214
N;NORTE;2015-10-06;1346.00000000;69.11000061;1335.00000000;68.54000092
NE;NORDESTE;2015-10-06;1325.00000000;40.25000000;1293.00000000;39.27999878
S;SUL;2015-10-06;14723.00000000;108.69999695;11079.00000000;81.79000092
SE;SUDESTE;2015-10-06;21034.00000000;100.44000244;20817.00000000;99.41000366
N;NORTE;2015-10-07;1412.00000000;72.50000000;1401.00000000;71.93000031
NE;NORDESTE;2015-10-07;1232.00000000;37.43000031;1200.00000000;36.45999908
S;SUL;2015-10-07;14338.00000000;105.84999847;9951.00000000;73.47000122
SE;SUDESTE;2015-10-07;19467.00000000;92.95999908;19216.00000000;91.76000214
N;NORTE;2015-10-08;1437.00000000;73.77999878;1427.00000000;73.26999664
NE;NORDESTE;2015-10-08;1221.00000000;37.09999847;1189.00000000;36.11999893
S;SUL;2015-10-08;25044.00000000;184.88999939;9009.00000000;66.51000214
SE;SUDESTE;2015-10-08;19201.00000000;91.69000244;18961.00000000;90.54000092
N;NORTE;2015-10-09;1434.00000000;73.62000275;1423.00000000;73.05999756
NE;NORDESTE;2015-10-09;1146.00000000;34.81999969;1114.00000000;33.84000015
S;SUL;2015-10-09;47470.00000000;350.45999146;5012.00000000;37.00000000
SE;SUDESTE;2015-10-09;18832.00000000;89.93000031;18502.00000000;88.34999847
N;NORTE;2015-10-10;1423.00000000;73.05999756;1412.00000000;72.50000000
NE;NORDESTE;2015-10-10;1040.00000000;31.60000038;1008.00000000;30.62000084
S;SUL;2015-10-10;58017.00000000;428.32998657;19527.00000000;144.16000366
SE;SUDESTE;2015-10-10;19027.00000000;90.86000061;18088.00000000;86.37000275
N;NORTE;2015-10-11;1381.00000000;70.90000153;1371.00000000;70.38999939
NE;NORDESTE;2015-10-11;983.00000000;29.86000061;951.00000000;28.88999939
S;SUL;2015-10-11;52231.00000000;385.60998535;30024.00000000;221.66000366
SE;SUDESTE;2015-10-11;20712.00000000;98.90000153;18645.00000000;89.02999878
N;NORTE;2015-10-12;1338.00000000;68.69999695;1327.00000000;68.12999725
NE;NORDESTE;2015-10-12;1021.00000000;31.02000046;997.00000000;30.29000092
S;SUL;2015-10-12;43961.00000000;324.55999756;25892.00000000;191.16000366
SE;SUDESTE;2015-10-12;22125.00000000;105.65000153;19865.00000000;94.86000061
N;NORTE;2015-10-13;1296.00000000;66.54000092;1285.00000000;65.97000122
NE;NORDESTE;2015-10-13;1112.00000000;33.77999878;1080.00000000;32.81000137
S;SUL;2015-10-13;37156.00000000;274.32000732;22804.00000000;168.36000061
SE;SUDESTE;2015-10-13;23157.00000000;110.58000183;21262.00000000;101.52999878
N;NORTE;2015-10-14;1296.00000000;66.54000092;1286.00000000;66.02999878
NE;NORDESTE;2015-10-14;1056.00000000;32.08000183;1023.00000000;31.07999992
S;SUL;2015-10-14;33894.00000000;250.22999573;19734.00000000;145.69000244
SE;SUDESTE;2015-10-14;25260.00000000;120.62000275;23866.00000000;113.97000122
N;NORTE;2015-10-15;1300.00000000;66.75000000;1289.00000000;66.18000031
NE;NORDESTE;2015-10-15;967.00000000;29.37999916;934.00000000;28.37999916
S;SUL;2015-10-15;33311.00000000;245.92999268;20294.00000000;149.83000183
SE;SUDESTE;2015-10-15;26653.00000000;127.26999664;25627.00000000;122.37000275
N;NORTE;2015-10-16;1243.00000000;63.81999969;1233.00000000;63.31000137
NE;NORDESTE;2015-10-16;856.00000000;26.01000023;824.00000000;25.03000069
S;SUL;2015-10-16;33630.00000000;248.27999878;20021.00000000;147.80999756
SE;SUDESTE;2015-10-16;25767.00000000;123.04000092;25071.00000000;119.72000122
N;NORTE;2015-10-17;1150.00000000;59.04000092;1139.00000000;58.47999954
NE;NORDESTE;2015-10-17;804.00000000;24.43000031;780.00000000;23.70000076
S;SUL;2015-10-17;33883.00000000;250.14999390;21423.00000000;158.16000366
SE;SUDESTE;2015-10-17;23844.00000000;113.86000061;21318.00000000;101.80000305
N;NORTE;2015-10-18;1038.00000000;53.29000092;1033.00000000;53.04000092
NE;NORDESTE;2015-10-18;799.00000000;24.27000046;772.00000000;23.45000076
S;SUL;2015-10-18;31763.00000000;234.50000000;17174.00000000;126.79000092
SE;SUDESTE;2015-10-18;21488.00000000;102.61000061;18461.00000000;88.16000366
N;NORTE;2015-10-19;906.00000000;46.52000046;901.00000000;46.25999832
NE;NORDESTE;2015-10-19;873.00000000;26.52000046;846.00000000;25.70000076
S;SUL;2015-10-19;28736.00000000;212.14999390;15608.00000000;115.23000336
SE;SUDESTE;2015-10-19;19549.00000000;93.34999847;17901.00000000;85.48000336
N;NORTE;2015-10-20;863.00000000;44.31000137;852.00000000;43.74000168
NE;NORDESTE;2015-10-20;967.00000000;29.37999916;947.00000000;28.77000046
S;SUL;2015-10-20;25824.00000000;190.64999390;17801.00000000;131.41999817
SE;SUDESTE;2015-10-20;17793.00000000;84.97000122;17537.00000000;83.73999786
N;NORTE;2015-10-21;925.00000000;47.49000168;915.00000000;46.97999954
NE;NORDESTE;2015-10-21;977.00000000;29.68000031;951.00000000;28.88999939
S;SUL;2015-10-21;29749.00000000;219.63000488;10688.00000000;78.91000366
SE;SUDESTE;2015-10-21;16736.00000000;79.91999817;16300.00000000;77.83999634
N;NORTE;2015-10-22;1020.00000000;52.36999893;1009.00000000;51.79999924
NE;NORDESTE;2015-10-22;912.00000000;27.70999908;883.00000000;26.82999992
S;SUL;2015-10-22;49356.00000000;364.39001465;1143.00000000;8.43999958
SE;SUDESTE;2015-10-22;16795.00000000;80.19999695;16382.00000000;78.23000336
N;NORTE;2015-10-23;1083.00000000;55.59999847;1078.00000000;55.34999847
NE;NORDESTE;2015-10-23;811.00000000;24.63999939;781.00000000;23.72999954
S;SUL;2015-10-23;52878.00000000;390.39001465;11527.00000000;85.09999847
SE;SUDESTE;2015-10-23;16184.00000000;77.27999878;15815.00000000;75.51999664
N;NORTE;2015-10-24;1135.00000000;58.27000046;1129.00000000;57.97000122
NE;NORDESTE;2015-10-24;748.00000000;22.71999931;720.00000000;21.87000084
S;SUL;2015-10-24;44182.00000000;326.19000244;18146.00000000;133.97000122
SE;SUDESTE;2015-10-24;16502.00000000;78.80000305;16075.00000000;76.76000214
N;NORTE;2015-10-25;1133.00000000;58.16999817;1122.00000000;57.61000061
NE;NORDESTE;2015-10-25;702.00000000;21.32999992;670.00000000;20.36000061
S;SUL;2015-10-25;35637.00000000;263.10000610;14859.00000000;109.69999695
SE;SUDESTE;2015-10-25;16589.00000000;79.22000122;16183.00000000;77.27999878
N;NORTE;2015-10-26;1115.00000000;57.25000000;1108.00000000;56.88999939
NE;NORDESTE;2015-10-26;641.00000000;19.46999931;613.00000000;18.62000084
S;SUL;2015-10-26;30195.00000000;222.91999817;18205.00000000;134.39999390
SE;SUDESTE;2015-10-26;16997.00000000;81.16000366;16629.00000000;79.41000366
N;NORTE;2015-10-27;1132.00000000;58.11999893;1128.00000000;57.90999985
NE;NORDESTE;2015-10-27;668.00000000;20.29000092;639.00000000;19.40999985
S;SUL;2015-10-27;26734.00000000;197.36999512;16953.00000000;125.16000366
SE;SUDESTE;2015-10-27;17298.00000000;82.59999847;17010.00000000;81.23000336
N;NORTE;2015-10-28;1231.00000000;63.20000076;1231.00000000;63.20000076
NE;NORDESTE;2015-10-28;732.00000000;22.23999977;704.00000000;21.38999939
S;SUL;2015-10-28;24571.00000000;181.39999390;14285.00000000;105.45999908
SE;SUDESTE;2015-10-28;17743.00000000;84.73000336;17570.00000000;83.90000153
N;NORTE;2015-10-29;1320.00000000;67.76999664;1320.00000000;67.76999664
NE;NORDESTE;2015-10-29;998.00000000;30.31999969;974.00000000;29.59000015
S;SUL;2015-10-29;22055.00000000;162.83000183;14411.00000000;106.38999939
SE;SUDESTE;2015-10-29;18318.00000000;87.47000122;18127.00000000;86.55999756
N;NORTE;2015-10-30;1328.00000000;68.18000031;1324.00000000;67.98000336
NE;NORDESTE;2015-10-30;1049.00000000;31.87000084;1017.00000000;30.89999962
S;SUL;2015-10-30;20087.00000000;148.30000305;14529.00000000;107.26000214
SE;SUDESTE;2015-10-30;18734.00000000;89.45999908;18461.00000000;88.16000366
N;NORTE;2015-10-31;1304.00000000;66.94999695;1297.00000000;66.58999634
NE;NORDESTE;2015-10-31;881.00000000;26.77000046;854.00000000;25.95000076
S;SUL;2015-10-31;18363.00000000;135.57000732;13196.00000000;97.41999817
SE;SUDESTE;2015-10-31;19489.00000000;93.05999756;18711.00000000;89.34999847
N;NORTE;2015-11-01;1260.00000000;41.40000153;1225.00000000;40.25000000
NE;NORDESTE;2015-11-01;743.00000000;13.81000042;715.00000000;13.28999996
S;SUL;2015-11-01;17489.00000000;184.02999878;12285.00000000;129.27000427
SE;SUDESTE;2015-11-01;20707.00000000;76.73000336;17879.00000000;66.25000000
N;NORTE;2015-11-02;1225.00000000;40.25000000;1225.00000000;40.25000000
NE;NORDESTE;2015-11-02;634.00000000;11.77999973;601.00000000;11.17000008
S;SUL;2015-11-02;16905.00000000;177.88999939;11484.00000000;120.83999634
SE;SUDESTE;2015-11-02;22338.00000000;82.77999878;19057.00000000;70.62000275
N;NORTE;2015-11-03;1237.00000000;40.65000153;1226.00000000;40.29000092
NE;NORDESTE;2015-11-03;618.00000000;11.47999954;586.00000000;10.89000034
S;SUL;2015-11-03;16530.00000000;173.94000244;11794.00000000;124.11000061
SE;SUDESTE;2015-11-03;23003.00000000;85.23999786;21316.00000000;78.98999786
N;NORTE;2015-11-04;1334.00000000;43.84000015;1324.00000000;43.50999832
NE;NORDESTE;2015-11-04;687.00000000;12.77000046;665.00000000;12.35999966
S;SUL;2015-11-04;16854.00000000;177.35000610;11271.00000000;118.59999847
SE;SUDESTE;2015-11-04;24472.00000000;90.69000244;23433.00000000;86.83999634
N;NORTE;2015-11-05;1397.00000000;45.90999985;1397.00000000;45.90999985
NE;NORDESTE;2015-11-05;682.00000000;12.67000008;659.00000000;12.25000000
S;SUL;2015-11-05;18454.00000000;194.19000244;11227.00000000;118.13999939
SE;SUDESTE;2015-11-05;26536.00000000;98.33999634;24791.00000000;91.87000275
N;NORTE;2015-11-06;1375.00000000;45.18000031;1375.00000000;45.18000031
NE;NORDESTE;2015-11-06;694.00000000;12.89999962;670.00000000;12.44999981
S;SUL;2015-11-06;18751.00000000;197.30999756;12162.00000000;127.98000336
SE;SUDESTE;2015-11-06;27779.00000000;102.94000244;26727.00000000;99.04000092
N;NORTE;2015-11-07;1333.00000000;43.79999924;1322.00000000;43.43999863
NE;NORDESTE;2015-11-07;745.00000000;13.85000038;717.00000000;13.31999969
S;SUL;2015-11-07;17603.00000000;185.22999573;11716.00000000;123.27999878
SE;SUDESTE;2015-11-07;28345.00000000;105.04000092;25306.00000000;93.77999878
N;NORTE;2015-11-08;1310.00000000;43.04999924;1303.00000000;42.81999969
NE;NORDESTE;2015-11-08;768.00000000;14.27000046;736.00000000;13.68000031
S;SUL;2015-11-08;17816.00000000;187.47000122;9934.00000000;104.52999878
SE;SUDESTE;2015-11-08;28527.00000000;105.70999908;24455.00000000;90.62000275
N;NORTE;2015-11-09;1330.00000000;43.70000076;1330.00000000;43.70000076
NE;NORDESTE;2015-11-09;730.00000000;13.56999969;697.00000000;12.94999981
S;SUL;2015-11-09;19093.00000000;200.91000366;9307.00000000;97.94000244
SE;SUDESTE;2015-11-09;28768.00000000;106.61000061;26913.00000000;99.73000336
N;NORTE;2015-11-10;1435.00000000;47.15000153;1435.00000000;47.15000153
NE;NORDESTE;2015-11-10;680.00000000;12.64000034;656.00000000;12.18999958
S;SUL;2015-11-10;19990.00000000;210.35000610;11250.00000000;118.37999725
SE;SUDESTE;2015-11-10;28537.00000000;105.75000000;27172.00000000;100.69000244
N;NORTE;2015-11-11;1555.00000000;51.09999847;1545.00000000;50.77000046
NE;NORDESTE;2015-11-11;905.00000000;16.81999969;879.00000000;16.34000015
S;SUL;2015-11-11;23270.00000000;244.86000061;8982.00000000;94.51999664
SE;SUDESTE;2015-11-11;27600.00000000;102.27999878;26486.00000000;98.15000153
N;NORTE;2015-11-12;1501.00000000;49.31999969;1491.00000000;48.99000168
NE;NORDESTE;2015-11-12;1146.00000000;21.29999924;1114.00000000;20.70000076
S;SUL;2015-11-12;22415.00000000;235.86999512;13382.00000000;140.82000732
SE;SUDESTE;2015-11-12;26438.00000000;97.97000122;25599.00000000;94.86000061
N;NORTE;2015-11-13;1448.00000000;47.58000183;1432.00000000;47.06000137
NE;NORDESTE;2015-11-13;1100.00000000;20.44000053;1077.00000000;20.01000023
S;SUL;2015-11-13;20687.00000000;217.67999268;15149.00000000;159.41000366
SE;SUDESTE;2015-11-13;25774.00000000;95.51000214;25229.00000000;93.48999786
N;NORTE;2015-11-14;1408.00000000;46.27000046;1392.00000000;45.74000168
NE;NORDESTE;2015-11-14;1100.00000000;20.44000053;1076.00000000;20.00000000
S;SUL;2015-11-14;20414.00000000;214.80999756;12689.00000000;133.52000427
SE;SUDESTE;2015-11-14;25203.00000000;93.40000153;24448.00000000;90.59999847
N;NORTE;2015-11-15;1308.00000000;42.97999954;1293.00000000;42.49000168
NE;NORDESTE;2015-11-15;1131.00000000;21.02000046;1103.00000000;20.50000000
S;SUL;2015-11-15;19116.00000000;201.14999390;11869.00000000;124.88999939
SE;SUDESTE;2015-11-15;25115.00000000;93.06999969;23748.00000000;88.00000000
N;NORTE;2015-11-16;1223.00000000;40.18999863;1209.00000000;39.72999954
NE;NORDESTE;2015-11-16;1234.00000000;22.93000031;1202.00000000;22.34000015
S;SUL;2015-11-16;17891.00000000;188.25999451;12625.00000000;132.85000610
SE;SUDESTE;2015-11-16;26966.00000000;99.93000031;25716.00000000;95.30000305
N;NORTE;2015-11-17;1325.00000000;43.54000092;1305.00000000;42.88000107
NE;NORDESTE;2015-11-17;1199.00000000;22.28000069;1168.00000000;21.70999908
S;SUL;2015-11-17;18382.00000000;193.42999268;9073.00000000;95.47000122
SE;SUDESTE;2015-11-17;28091.00000000;104.09999847;26178.00000000;97.01000214
N;NORTE;2015-11-18;1408.00000000;46.27000046;1392.00000000;45.74000168
NE;NORDESTE;2015-11-18;1145.00000000;21.28000069;1117.00000000;20.76000023
S;SUL;2015-11-18;18778.00000000;197.60000610;8771.00000000;92.29000092
SE;SUDESTE;2015-11-18;28148.00000000;104.30999756;23336.00000000;86.48000336
N;NORTE;2015-11-19;1439.00000000;47.29000092;1421.00000000;46.68999863
NE;NORDESTE;2015-11-19;1184.00000000;22.00000000;1156.00000000;21.47999954
S;SUL;2015-11-19;19377.00000000;203.89999390;9330.00000000;98.18000031
SE;SUDESTE;2015-11-19;30735.00000000;113.90000153;22298.00000000;82.62999725
N;NORTE;2015-11-20;1444.00000000;47.45000076;1426.00000000;46.86000061
NE;NORDESTE;2015-11-20;1152.00000000;21.40999985;1120.00000000;20.80999947
S;SUL;2015-11-20;21461.00000000;225.83000183;10485.00000000;110.33000183
SE;SUDESTE;2015-11-20;33205.00000000;123.05000305;23405.00000000;86.73000336
N;NORTE;2015-11-21;1458.00000000;47.90999985;1440.00000000;47.31999969
NE;NORDESTE;2015-11-21;1161.00000000;21.57999992;1132.00000000;21.04000092
S;SUL;2015-11-21;21031.00000000;221.30000305;13679.00000000;143.94000244
SE;SUDESTE;2015-11-21;35577.00000000;131.83999634;25127.00000000;93.11000061
N;NORTE;2015-11-22;1480.00000000;48.63000107;1462.00000000;48.04000092
NE;NORDESTE;2015-11-22;1153.00000000;21.43000031;1121.00000000;20.82999992
S;SUL;2015-11-22;19427.00000000;204.42999268;11468.00000000;120.66999817
SE;SUDESTE;2015-11-22;38133.00000000;141.30999756;24866.00000000;92.15000153
N;NORTE;2015-11-23;1560.00000000;51.25999832;1545.00000000;50.77000046
NE;NORDESTE;2015-11-23;1050.00000000;19.51000023;1030.00000000;19.13999939
S;SUL;2015-11-23;18464.00000000;194.28999329;12199.00000000;128.36999512
SE;SUDESTE;2015-11-23;39120.00000000;144.97000122;27183.00000000;100.73000336
N;NORTE;2015-11-24;1680.00000000;55.20000076;1662.00000000;54.61000061
NE;NORDESTE;2015-11-24;1126.00000000;20.93000031;1107.00000000;20.56999969
S;SUL;2015-11-24;18568.00000000;195.38999939;10737.00000000;112.98000336
SE;SUDESTE;2015-11-24;40256.00000000;149.17999268;29240.00000000;108.36000061
N;NORTE;2015-11-25;1804.00000000;59.27999878;1790.00000000;58.81999969
NE;NORDESTE;2015-11-25;1332.00000000;24.75000000;1301.00000000;24.18000031
S;SUL;2015-11-25;18000.00000000;189.41000366;13306.00000000;140.02000427
SE;SUDESTE;2015-11-25;41829.00000000;155.00999451;30173.00000000;111.80999756
N;NORTE;2015-11-26;1851.00000000;60.81999969;1831.00000000;60.16999817
NE;NORDESTE;2015-11-26;1589.00000000;29.53000069;1567.00000000;29.12000084
S;SUL;2015-11-26;17327.00000000;182.33000183;12531.00000000;131.86000061
SE;SUDESTE;2015-11-26;43600.00000000;161.57000732;29398.00000000;108.94000244
N;NORTE;2015-11-27;1833.00000000;60.22999954;1813.00000000;59.56999969
NE;NORDESTE;2015-11-27;1539.00000000;28.60000038;1520.00000000;28.25000000
S;SUL;2015-11-27;17900.00000000;188.36000061;11849.00000000;124.68000031
SE;SUDESTE;2015-11-27;44655.00000000;165.47999573;29389.00000000;108.91000366
N;NORTE;2015-11-28;1730.00000000;56.84999847;1712.00000000;56.25999832
NE;NORDESTE;2015-11-28;1408.00000000;26.17000008;1380.00000000;25.64999962
S;SUL;2015-11-28;19708.00000000;207.38000488;7391.00000000;77.76999664
SE;SUDESTE;2015-11-28;45475.00000000;168.52000427;30758.00000000;113.98000336
N;NORTE;2015-11-29;1606.00000000;52.77000046;1586.00000000;52.11999893
NE;NORDESTE;2015-11-29;1473.00000000;27.37000084;1441.00000000;26.78000069
S;SUL;2015-11-29;19793.00000000;208.27999878;8355.00000000;87.91999817
SE;SUDESTE;2015-11-29;46397.00000000;171.94000244;32351.00000000;119.87999725
N;NORTE;2015-11-30;1509.00000000;49.59000015;1491.00000000;48.99000168
NE;NORDESTE;2015-11-30;1550.00000000;28.80999947;1535.00000000;28.53000069
S;SUL;2015-11-30;18488.00000000;194.53999329;12562.00000000;132.19000244
SE;SUDESTE;2015-11-30;45313.00000000;167.91999817;31569.00000000;116.98999786
N;NORTE;2015-12-01;1509.00000000;26.10000038;1496.00000000;25.87000084
NE;NORDESTE;2015-12-01;1746.00000000;17.48999977;1714.00000000;17.17000008
S;SUL;2015-12-01;17685.00000000;233.28999329;13010.00000000;171.61999512
SE;SUDESTE;2015-12-01;44235.00000000;108.38999939;32351.00000000;79.26999664
N;NORTE;2015-12-02;1540.00000000;26.62999916;1520.00000000;26.29000092
NE;NORDESTE;2015-12-02;2006.00000000;20.09000015;1976.00000000;19.79000092
S;SUL;2015-12-02;21198.00000000;279.63000488;12282.00000000;162.02000427
SE;SUDESTE;2015-12-02;43751.00000000;107.19999695;33530.00000000;82.16000366
N;NORTE;2015-12-03;1497.00000000;25.88999939;1478.00000000;25.55999947
NE;NORDESTE;2015-12-03;2317.00000000;23.20000076;2295.00000000;22.97999954
S;SUL;2015-12-03;27455.00000000;362.17001343;7381.00000000;97.37000275
SE;SUDESTE;2015-12-03;44604.00000000;109.29000092;34070.00000000;83.48000336
N;NORTE;2015-12-04;1426.00000000;24.65999985;1407.00000000;24.32999992
NE;NORDESTE;2015-12-04;2575.00000000;25.79000092;2554.00000000;25.57999992
S;SUL;2015-12-04;28932.00000000;381.64999390;11774.00000000;155.32000732
SE;SUDESTE;2015-12-04;44360.00000000;108.69999695;33922.00000000;83.12000275
N;NORTE;2015-12-05;1398.00000000;24.18000031;1380.00000000;23.87000084
NE;NORDESTE;2015-12-05;2761.00000000;27.64999962;2747.00000000;27.51000023
S;SUL;2015-12-05;29337.00000000;387.00000000;10430.00000000;137.58999634
SE;SUDESTE;2015-12-05;45356.00000000;111.13999939;33651.00000000;82.45999908
N;NORTE;2015-12-06;1347.00000000;23.29999924;1327.00000000;22.95000076
NE;NORDESTE;2015-12-06;2945.00000000;29.48999977;2919.00000000;29.22999954
S;SUL;2015-12-06;25276.00000000;333.42999268;12343.00000000;162.82000732
SE;SUDESTE;2015-12-06;45896.00000000;112.45999908;33293.00000000;81.58000183
N;NORTE;2015-12-07;1328.00000000;22.96999931;1309.00000000;22.63999939
NE;NORDESTE;2015-12-07;3107.00000000;31.12000084;3085.00000000;30.89999962
S;SUL;2015-12-07;21903.00000000;288.92999268;11722.00000000;154.63000488
SE;SUDESTE;2015-12-07;45580.00000000;111.69000244;34825.00000000;85.33000183
N;NORTE;2015-12-08;1402.00000000;24.25000000;1382.00000000;23.89999962
NE;NORDESTE;2015-12-08;3264.00000000;32.68999863;3232.00000000;32.36999893
S;SUL;2015-12-08;19082.00000000;251.72000122;16115.00000000;212.58000183
SE;SUDESTE;2015-12-08;46014.00000000;112.75000000;35788.00000000;87.69000244
N;NORTE;2015-12-09;1479.00000000;25.57999992;1466.00000000;25.35000038
NE;NORDESTE;2015-12-09;3442.00000000;34.47000122;3419.00000000;34.24000168
S;SUL;2015-12-09;18492.00000000;243.94000244;13619.00000000;179.64999390
SE;SUDESTE;2015-12-09;45258.00000000;110.90000153;34620.00000000;84.83000183
N;NORTE;2015-12-10;1368.00000000;23.65999985;1355.00000000;23.43000031
NE;NORDESTE;2015-12-10;3584.00000000;35.88999939;3554.00000000;35.59000015
S;SUL;2015-12-10;23120.00000000;304.98999023;10133.00000000;133.66999817
SE;SUDESTE;2015-12-10;43665.00000000;106.98999786;33341.00000000;81.69999695
N;NORTE;2015-12-11;1221.00000000;21.12000084;1200.00000000;20.75000000
NE;NORDESTE;2015-12-11;3755.00000000;37.61000061;3740.00000000;37.45999908
S;SUL;2015-12-11;22771.00000000;300.38000488;14772.00000000;194.86000061
SE;SUDESTE;2015-12-11;44199.00000000;108.30000305;35009.00000000;85.77999878
N;NORTE;2015-12-12;1208.00000000;20.88999939;1189.00000000;20.55999947
NE;NORDESTE;2015-12-12;3668.00000000;36.74000168;3642.00000000;36.47000122
S;SUL;2015-12-12;20464.00000000;269.95001221;14615.00000000;192.78999329
SE;SUDESTE;2015-12-12;45288.00000000;110.97000122;33217.00000000;81.38999939
N;NORTE;2015-12-13;1286.00000000;22.23999977;1266.00000000;21.88999939
NE;NORDESTE;2015-12-13;3498.00000000;35.02999878;3498.00000000;35.02999878
S;SUL;2015-12-13;18636.00000000;245.83000183;13534.00000000;178.52999878
SE;SUDESTE;2015-12-13;45808.00000000;112.23999786;30806.00000000;75.48000336
N;NORTE;2015-12-14;1420.00000000;24.55999947;1401.00000000;24.22999954
NE;NORDESTE;2015-12-14;3359.00000000;33.63999939;3359.00000000;33.63999939
S;SUL;2015-12-14;19490.00000000;257.10000610;14264.00000000;188.16000366
SE;SUDESTE;2015-12-14;45548.00000000;111.61000061;33507.00000000;82.09999847
N;NORTE;2015-12-15;1698.00000000;29.37000084;1679.00000000;29.04000092
NE;NORDESTE;2015-12-15;3205.00000000;32.09999847;3186.00000000;31.90999985
S;SUL;2015-12-15;25454.00000000;335.76998901;13019.00000000;171.74000549
SE;SUDESTE;2015-12-15;44633.00000000;109.37000275;33545.00000000;82.19999695
N;NORTE;2015-12-16;1961.00000000;33.90999985;1941.00000000;33.56999969
NE;NORDESTE;2015-12-16;3065.00000000;30.70000076;3042.00000000;30.46999931
S;SUL;2015-12-16;23648.00000000;311.95001221;15398.00000000;203.11999512
SE;SUDESTE;2015-12-16;43288.00000000;106.06999969;33066.00000000;81.01999664
N;NORTE;2015-12-17;2020.00000000;34.93999863;2003.00000000;34.63999939
NE;NORDESTE;2015-12-17;3102.00000000;31.06999969;3080.00000000;30.85000038
S;SUL;2015-12-17;20377.00000000;268.79998779;14243.00000000;187.88999939
SE;SUDESTE;2015-12-17;42029.00000000;102.98000336;31809.00000000;77.94000244
N;NORTE;2015-12-18;1962.00000000;33.93000031;1952.00000000;33.75999832
NE;NORDESTE;2015-12-18;3188.00000000;31.93000031;3165.00000000;31.70000076
S;SUL;2015-12-18;18285.00000000;241.19999695;11019.00000000;145.36000061
SE;SUDESTE;2015-12-18;40868.00000000;100.13999939;31543.00000000;77.29000092
N;NORTE;2015-12-19;1848.00000000;31.95999908;1812.00000000;31.34000015
NE;NORDESTE;2015-12-19;3148.00000000;31.53000069;3121.00000000;31.26000023
S;SUL;2015-12-19;19880.00000000;262.23999023;10380.00000000;136.92999268
SE;SUDESTE;2015-12-19;40521.00000000;99.29000092;31523.00000000;77.23999786
N;NORTE;2015-12-20;1719.00000000;29.72999954;1700.00000000;29.39999962
NE;NORDESTE;2015-12-20;3098.00000000;31.03000069;3066.00000000;30.70999908
S;SUL;2015-12-20;20332.00000000;268.20999146;12612.00000000;166.36999512
SE;SUDESTE;2015-12-20;40710.00000000;99.75000000;31581.00000000;77.37999725
N;NORTE;2015-12-21;1661.00000000;28.72999954;1641.00000000;28.37999916
NE;NORDESTE;2015-12-21;3081.00000000;30.86000061;3066.00000000;30.70999908
S;SUL;2015-12-21;19207.00000000;253.36999512;14179.00000000;187.03999329
SE;SUDESTE;2015-12-21;40143.00000000;98.36000061;31960.00000000;78.30999756
N;NORTE;2015-12-22;1678.00000000;29.02000046;1658.00000000;28.67000008
NE;NORDESTE;2015-12-22;3095.00000000;31.00000000;3074.00000000;30.79000092
S;SUL;2015-12-22;20718.00000000;273.29998779;14267.00000000;188.19999695
SE;SUDESTE;2015-12-22;39941.00000000;97.87000275;31398.00000000;76.94000244
N;NORTE;2015-12-23;1708.00000000;29.54000092;1690.00000000;29.22999954
NE;NORDESTE;2015-12-23;3229.00000000;32.34000015;3199.00000000;32.04000092
S;SUL;2015-12-23;21645.00000000;285.52999878;16479.00000000;217.38000488
SE;SUDESTE;2015-12-23;38195.00000000;93.58999634;31182.00000000;76.41000366
N;NORTE;2015-12-24;1708.00000000;29.54000092;1688.00000000;29.19000053
NE;NORDESTE;2015-12-24;3460.00000000;34.65000153;3433.00000000;34.38000107
S;SUL;2015-12-24;23868.00000000;314.85000610;14492.00000000;191.16999817
SE;SUDESTE;2015-12-24;36896.00000000;90.41000366;29031.00000000;71.13999939
N;NORTE;2015-12-25;1680.00000000;29.04999924;1660.00000000;28.70999908
NE;NORDESTE;2015-12-25;3576.00000000;35.81000137;3556.00000000;35.61000061
S;SUL;2015-12-25;22802.00000000;300.79000854;11309.00000000;149.17999268
SE;SUDESTE;2015-12-25;35363.00000000;86.65000153;25859.00000000;63.36000061
N;NORTE;2015-12-26;1637.00000000;28.30999947;1616.00000000;27.95000076
NE;NORDESTE;2015-12-26;3481.00000000;34.86000061;3452.00000000;34.56999969
S;SUL;2015-12-26;20976.00000000;276.70001221;12724.00000000;167.85000610
SE;SUDESTE;2015-12-26;38930.00000000;85.29000092;31050.00000000;68.01999664
N;NORTE;2015-12-27;1635.00000000;28.28000069;1618.00000000;27.97999954
NE;NORDESTE;2015-12-27;3388.00000000;33.93000031;3367.00000000;33.72000122
S;SUL;2015-12-27;19507.00000000;257.32000732;13584.00000000;179.19000244
SE;SUDESTE;2015-12-27;39498.00000000;86.52999878;31187.00000000;68.31999969
N;NORTE;2015-12-28;1646.00000000;28.46999931;1637.00000000;28.30999947
NE;NORDESTE;2015-12-28;3567.00000000;35.72000122;3554.00000000;35.59000015
S;SUL;2015-12-28;19907.00000000;262.60000610;10040.00000000;132.44000244
SE;SUDESTE;2015-12-28;41192.00000000;90.23999786;32873.00000000;72.01999664
N;NORTE;2015-12-29;1671.00000000;28.89999962;1651.00000000;28.54999924
NE;NORDESTE;2015-12-29;3649.00000000;36.54999924;3625.00000000;36.29999924
S;SUL;2015-12-29;20321.00000000;268.05999756;10449.00000000;137.83999634
SE;SUDESTE;2015-12-29;42751.00000000;93.66000366;32969.00000000;72.23000336
N;NORTE;2015-12-30;1693.00000000;29.28000069;1677.00000000;29.00000000
NE;NORDESTE;2015-12-30;3678.00000000;36.84000015;3646.00000000;36.52000046
S;SUL;2015-12-30;20839.00000000;274.89999390;12150.00000000;160.27999878
SE;SUDESTE;2015-12-30;45129.00000000;98.87000275;32275.00000000;70.70999908
N;NORTE;2015-12-31;1671.00000000;28.89999962;1661.00000000;28.72999954
NE;NORDESTE;2015-12-31;3552.00000000;35.56999969;3528.00000000;35.33000183
S;SUL;2015-12-31;22753.00000000;300.14001465;8800.00000000;116.08000183
SE;SUDESTE;2015-12-31;48042.00000000;105.25000000;32733.00000000;71.70999908
