id_subsistema;nom_subsistema;ena_data;ena_bruta_regiao_mwmed;ena_bruta_regiao_percentualmlt;ena_armazenavel_regiao_mwmed;ena_armazenavel_regiao_percentualmlt
N;NORTE;2006-01-01;8617.00000000;105.19000244;8606.00000000;105.05999756
NE;NORDESTE;2006-01-01;14303.00000000;103.55999756;14303.00000000;103.55999756
S;SUL;2006-01-01;3007.00000000;53.43999863;2997.00000000;53.25999832
SE;SUDESTE;2006-01-01;40803.00000000;80.05999756;34424.00000000;67.55000305
N;NORTE;2006-01-02;8660.00000000;105.72000122;8645.00000000;105.52999878
NE;NORDESTE;2006-01-02;14467.00000000;104.75000000;14467.00000000;104.75000000
S;SUL;2006-01-02;3253.00000000;57.81000137;3228.00000000;57.36000061
SE;SUDESTE;2006-01-02;42948.00000000;84.26999664;38759.00000000;76.05000305
N;NORTE;2006-01-03;8744.00000000;106.73999786;8719.00000000;106.44000244
NE;NORDESTE;2006-01-03;15229.00000000;110.26999664;15229.00000000;110.26999664
S;SUL;2006-01-03;3378.00000000;60.02999878;3372.00000000;59.91999817
SE;SUDESTE;2006-01-03;45522.00000000;89.31999969;42979.00000000;84.33000183
N;NORTE;2006-01-04;8557.00000000;104.45999908;8521.00000000;104.01999664
NE;NORDESTE;2006-01-04;15095.00000000;109.29000092;15095.00000000;109.29000092
S;SUL;2006-01-04;3237.00000000;57.52000046;3230.00000000;57.40000153
SE;SUDESTE;2006-01-04;49744.00000000;97.61000061;46921.00000000;92.06999969
N;NORTE;2006-01-05;8858.00000000;108.12999725;8819.00000000;107.66000366
NE;NORDESTE;2006-01-05;15042.00000000;108.91000366;15042.00000000;108.91000366
S;SUL;2006-01-05;2905.00000000;51.61999893;2898.00000000;51.50000000
SE;SUDESTE;2006-01-05;56402.00000000;110.66999817;52272.00000000;102.56999969
N;NORTE;2006-01-06;8774.00000000;107.11000061;8740.00000000;106.69000244
NE;NORDESTE;2006-01-06;15004.00000000;108.63999939;15004.00000000;108.63999939
S;SUL;2006-01-06;2816.00000000;50.04000092;2809.00000000;49.91999817
SE;SUDESTE;2006-01-06;59749.00000000;117.23999786;54197.00000000;106.33999634
N;NORTE;2006-01-07;9104.00000000;111.13999939;9071.00000000;110.73000336
NE;NORDESTE;2006-01-07;14962.00000000;108.33000183;14962.00000000;108.33000183
S;SUL;2006-01-07;2732.00000000;48.54999924;2701.00000000;48.00000000
SE;SUDESTE;2006-01-07;59931.00000000;117.59999847;52367.00000000;102.75000000
N;NORTE;2006-01-08;9734.00000000;118.83000183;9701.00000000;118.43000031
NE;NORDESTE;2006-01-08;14956.00000000;108.29000092;14956.00000000;108.29000092
S;SUL;2006-01-08;2631.00000000;46.75000000;2622.00000000;46.59000015
SE;SUDESTE;2006-01-08;60685.00000000;119.08000183;52166.00000000;102.36000061
N;NORTE;2006-01-09;9855.00000000;120.30999756;9822.00000000;119.90000153
NE;NORDESTE;2006-01-09;15009.00000000;108.66999817;15009.00000000;108.66999817
S;SUL;2006-01-09;2526.00000000;44.88999939;2515.00000000;44.68999863
SE;SUDESTE;2006-01-09;60961.00000000;119.62000275;55176.00000000;108.26999664
N;NORTE;2006-01-10;10157.00000000;123.98999786;10128.00000000;123.63999939
NE;NORDESTE;2006-01-10;15066.00000000;109.08000183;15066.00000000;109.08000183
S;SUL;2006-01-10;2365.00000000;42.02999878;2353.00000000;41.81000137
SE;SUDESTE;2006-01-10;60621.00000000;118.94999695;55254.00000000;108.41999817
N;NORTE;2006-01-11;10466.00000000;127.76000214;10440.00000000;127.44999695
NE;NORDESTE;2006-01-11;15094.00000000;109.29000092;15094.00000000;109.29000092
S;SUL;2006-01-11;2277.00000000;40.45999908;2267.00000000;40.29000092
SE;SUDESTE;2006-01-11;59495.00000000;116.73999786;52869.00000000;103.73999786
N;NORTE;2006-01-12;10334.00000000;126.15000153;10313.00000000;125.90000153
NE;NORDESTE;2006-01-12;14996.00000000;108.58000183;14996.00000000;108.58000183
S;SUL;2006-01-12;2290.00000000;40.68999863;2280.00000000;40.52000046
SE;SUDESTE;2006-01-12;57869.00000000;113.55000305;53123.00000000;104.23999786
N;NORTE;2006-01-13;10179.00000000;124.26000214;10163.00000000;124.06999969
NE;NORDESTE;2006-01-13;14726.00000000;106.62000275;14726.00000000;106.62000275
S;SUL;2006-01-13;2335.00000000;41.49000168;2327.00000000;41.34999847
SE;SUDESTE;2006-01-13;55346.00000000;108.59999847;51159.00000000;100.37999725
N;NORTE;2006-01-14;10115.00000000;123.48000336;10099.00000000;123.27999878
NE;NORDESTE;2006-01-14;14320.00000000;103.68000031;14320.00000000;103.68000031
S;SUL;2006-01-14;2280.00000000;40.52000046;2273.00000000;40.38999939
SE;SUDESTE;2006-01-14;51593.00000000;101.23999786;46959.00000000;92.13999939
N;NORTE;2006-01-15;9895.00000000;120.79000092;9879.00000000;120.59999847
NE;NORDESTE;2006-01-15;13876.00000000;100.47000122;13876.00000000;100.47000122
S;SUL;2006-01-15;2195.00000000;39.00999832;2189.00000000;38.90000153
SE;SUDESTE;2006-01-15;48242.00000000;94.66000366;42066.00000000;82.54000092
N;NORTE;2006-01-16;9877.00000000;120.56999969;9860.00000000;120.37000275
NE;NORDESTE;2006-01-16;13511.00000000;97.83000183;13511.00000000;97.83000183
S;SUL;2006-01-16;2142.00000000;38.06000137;2132.00000000;37.88999939
SE;SUDESTE;2006-01-16;45502.00000000;89.27999878;41420.00000000;81.26999664
N;NORTE;2006-01-17;9682.00000000;118.19000244;9665.00000000;117.98999786
NE;NORDESTE;2006-01-17;13300.00000000;96.30000305;13300.00000000;96.30000305
S;SUL;2006-01-17;2148.00000000;38.16999817;2136.00000000;37.95999908
SE;SUDESTE;2006-01-17;42182.00000000;82.76999664;40361.00000000;79.19999695
N;NORTE;2006-01-18;9729.00000000;118.76999664;9712.00000000;118.55999756
NE;NORDESTE;2006-01-18;13075.00000000;94.66999817;13075.00000000;94.66999817
S;SUL;2006-01-18;2340.00000000;41.58000183;2307.00000000;41.00000000
SE;SUDESTE;2006-01-18;39190.00000000;76.90000153;37757.00000000;74.08999634
N;NORTE;2006-01-19;9575.00000000;116.88999939;9559.00000000;116.69000244
NE;NORDESTE;2006-01-19;12877.00000000;93.23999786;12877.00000000;93.23999786
S;SUL;2006-01-19;2619.00000000;46.54000092;2611.00000000;46.40000153
SE;SUDESTE;2006-01-19;36410.00000000;71.44000244;34831.00000000;68.34999847
N;NORTE;2006-01-20;9228.00000000;112.65000153;9029.00000000;110.22000122
NE;NORDESTE;2006-01-20;12743.00000000;92.26999664;12743.00000000;92.26999664
S;SUL;2006-01-20;2626.00000000;46.66999817;2617.00000000;46.50999832
SE;SUDESTE;2006-01-20;34163.00000000;67.02999878;33007.00000000;64.76999664
N;NORTE;2006-01-21;8937.00000000;109.09999847;8652.00000000;105.62000275
NE;NORDESTE;2006-01-21;12714.00000000;92.05999756;12714.00000000;92.05999756
S;SUL;2006-01-21;2756.00000000;48.97999954;2747.00000000;48.81999969
SE;SUDESTE;2006-01-21;32267.00000000;63.31000137;32095.00000000;62.97999954
N;NORTE;2006-01-22;8678.00000000;105.94000244;8397.00000000;102.51000214
NE;NORDESTE;2006-01-22;12578.00000000;91.06999969;12578.00000000;91.06999969
S;SUL;2006-01-22;3080.00000000;54.72999954;3072.00000000;54.59000015
SE;SUDESTE;2006-01-22;30901.00000000;60.63000107;30156.00000000;59.16999817
N;NORTE;2006-01-23;8058.00000000;98.37000275;7773.00000000;94.88999939
NE;NORDESTE;2006-01-23;12283.00000000;88.93000031;12283.00000000;88.93000031
S;SUL;2006-01-23;3878.00000000;68.91000366;3871.00000000;68.79000092
SE;SUDESTE;2006-01-23;29843.00000000;58.56000137;29779.00000000;58.43000031
N;NORTE;2006-01-24;7776.00000000;94.93000031;7491.00000000;91.44999695
NE;NORDESTE;2006-01-24;11795.00000000;85.40000153;11795.00000000;85.40000153
S;SUL;2006-01-24;4504.00000000;80.04000092;4497.00000000;79.91000366
SE;SUDESTE;2006-01-24;29137.00000000;57.16999817;29023.00000000;56.95000076
N;NORTE;2006-01-25;7386.00000000;90.16000366;7101.00000000;86.69000244
NE;NORDESTE;2006-01-25;11139.00000000;80.65000153;11139.00000000;80.65000153
S;SUL;2006-01-25;5531.00000000;98.29000092;5505.00000000;97.83000183
SE;SUDESTE;2006-01-25;28584.00000000;56.09000015;28514.00000000;55.95000076
N;NORTE;2006-01-26;7050.00000000;86.05999756;6858.00000000;83.72000122
NE;NORDESTE;2006-01-26;10364.00000000;75.04000092;10364.00000000;75.04000092
S;SUL;2006-01-26;5597.00000000;99.45999908;5567.00000000;98.93000031
SE;SUDESTE;2006-01-26;28245.00000000;55.41999817;28082.00000000;55.09999847
N;NORTE;2006-01-27;6774.00000000;82.69000244;6631.00000000;80.94999695
NE;NORDESTE;2006-01-27;9710.00000000;70.30000305;9687.00000000;70.13999939
S;SUL;2006-01-27;5347.00000000;95.01999664;5332.00000000;94.75000000
SE;SUDESTE;2006-01-27;28122.00000000;55.18000031;27860.00000000;54.66999817
N;NORTE;2006-01-28;6555.00000000;80.01999664;6412.00000000;78.26999664
NE;NORDESTE;2006-01-28;9175.00000000;66.43000031;9151.00000000;66.26000214
S;SUL;2006-01-28;4911.00000000;87.26999664;4904.00000000;87.15000153
SE;SUDESTE;2006-01-28;28647.00000000;56.20999908;28457.00000000;55.84000015
N;NORTE;2006-01-29;6313.00000000;77.06999969;6171.00000000;75.33000183
NE;NORDESTE;2006-01-29;8616.00000000;62.38000107;8593.00000000;62.22000122
S;SUL;2006-01-29;4831.00000000;85.84999847;4824.00000000;85.73000336
SE;SUDESTE;2006-01-29;30593.00000000;60.02999878;29197.00000000;57.29000092
N;NORTE;2006-01-30;6219.00000000;75.91999817;6077.00000000;74.19000244
NE;NORDESTE;2006-01-30;8224.00000000;59.54999924;8199.00000000;59.36000061
S;SUL;2006-01-30;4625.00000000;82.19000244;4618.00000000;82.05999756
SE;SUDESTE;2006-01-30;32970.00000000;64.69000244;32175.00000000;63.13000107
N;NORTE;2006-01-31;6320.00000000;77.15000153;6199.00000000;75.66999817
NE;NORDESTE;2006-01-31;7789.00000000;56.40000153;7764.00000000;56.20999908
S;SUL;2006-01-31;4219.00000000;74.97000122;4212.00000000;74.84999847
SE;SUDESTE;2006-01-31;34976.00000000;68.62999725;34741.00000000;68.16999817
N;NORTE;2006-02-01;6285.00000000;56.31000137;6151.00000000;55.11000061
NE;NORDESTE;2006-02-01;7322.00000000;50.43000031;7299.00000000;50.27000046
S;SUL;2006-02-01;3685.00000000;59.54999924;3677.00000000;59.41999817
SE;SUDESTE;2006-02-01;36014.00000000;67.95999908;35879.00000000;67.70999908
N;NORTE;2006-02-02;6478.00000000;58.04000092;6344.00000000;56.84000015
NE;NORDESTE;2006-02-02;7092.00000000;48.84999847;7068.00000000;48.68000031
S;SUL;2006-02-02;3446.00000000;52.86999893;3437.00000000;52.74000168
SE;SUDESTE;2006-02-02;36767.00000000;69.37999725;36613.00000000;69.08999634
N;NORTE;2006-02-03;6695.00000000;59.97999954;6561.00000000;58.77999878
NE;NORDESTE;2006-02-03;6903.00000000;47.54000092;6879.00000000;47.38000107
S;SUL;2006-02-03;3072.00000000;47.13999939;3043.00000000;46.68999863
SE;SUDESTE;2006-02-03;36698.00000000;69.25000000;36516.00000000;68.91000366
N;NORTE;2006-02-04;7074.00000000;63.38000107;6940.00000000;62.16999817
NE;NORDESTE;2006-02-04;6865.00000000;47.27999878;6841.00000000;47.11999893
S;SUL;2006-02-04;3059.00000000;46.93999863;3049.00000000;46.77999878
SE;SUDESTE;2006-02-04;36341.00000000;68.58000183;36054.00000000;68.04000092
N;NORTE;2006-02-05;7267.00000000;65.09999847;7133.00000000;63.90000153
NE;NORDESTE;2006-02-05;6787.00000000;46.74000168;6762.00000000;46.56999969
S;SUL;2006-02-05;2920.00000000;44.79999924;2908.00000000;44.61999893
SE;SUDESTE;2006-02-05;35885.00000000;67.72000122;35215.00000000;66.44999695
N;NORTE;2006-02-06;7600.00000000;68.08999634;7466.00000000;66.88999939
NE;NORDESTE;2006-02-06;6657.00000000;45.84999847;6633.00000000;45.68000031
S;SUL;2006-02-06;2979.00000000;45.70999908;2970.00000000;45.56999969
SE;SUDESTE;2006-02-06;35527.00000000;67.04000092;35464.00000000;66.91999817
N;NORTE;2006-02-07;7816.00000000;70.01999664;7550.00000000;67.63999939
NE;NORDESTE;2006-02-07;6566.00000000;45.22000122;6542.00000000;45.06000137
S;SUL;2006-02-07;3073.00000000;47.15000153;3064.00000000;47.00999832
SE;SUDESTE;2006-02-07;35272.00000000;66.55999756;35213.00000000;66.44999695
N;NORTE;2006-02-08;8217.00000000;73.62000275;7819.00000000;70.05000305
NE;NORDESTE;2006-02-08;6468.00000000;44.54999924;6444.00000000;44.38000107
S;SUL;2006-02-08;3038.00000000;46.61000061;3030.00000000;46.49000168
SE;SUDESTE;2006-02-08;35306.00000000;66.62999725;35260.00000000;66.54000092
N;NORTE;2006-02-09;8272.00000000;74.11000061;7759.00000000;69.51000214
NE;NORDESTE;2006-02-09;6423.00000000;44.24000168;6398.00000000;44.06999969
S;SUL;2006-02-09;2931.00000000;44.97000122;2923.00000000;44.84999847
SE;SUDESTE;2006-02-09;36220.00000000;68.34999847;36185.00000000;68.27999878
N;NORTE;2006-02-10;8644.00000000;77.44000244;7975.00000000;71.44999695
NE;NORDESTE;2006-02-10;6475.00000000;44.59999847;6451.00000000;44.43000031
S;SUL;2006-02-10;2854.00000000;43.79000092;2847.00000000;43.68000031
SE;SUDESTE;2006-02-10;38474.00000000;72.59999847;38391.00000000;72.44999695
N;NORTE;2006-02-11;8914.00000000;79.86000061;8100.00000000;72.56999969
NE;NORDESTE;2006-02-11;6595.00000000;45.41999817;6570.00000000;45.25000000
S;SUL;2006-02-11;2844.00000000;43.63999939;2834.00000000;43.47999954
SE;SUDESTE;2006-02-11;40904.00000000;77.19000244;40754.00000000;76.91000366
N;NORTE;2006-02-12;9404.00000000;84.25000000;8410.00000000;75.33999634
NE;NORDESTE;2006-02-12;6749.00000000;46.47999954;6720.00000000;46.27999878
S;SUL;2006-02-12;2804.00000000;43.02000046;2794.00000000;42.86999893
SE;SUDESTE;2006-02-12;43419.00000000;81.94000244;43127.00000000;81.37999725
N;NORTE;2006-02-13;9518.00000000;85.26999664;8523.00000000;76.36000061
NE;NORDESTE;2006-02-13;6903.00000000;47.54000092;6875.00000000;47.34999847
S;SUL;2006-02-13;2764.00000000;42.40999985;2755.00000000;42.27000046
SE;SUDESTE;2006-02-13;45540.00000000;85.94000244;45022.00000000;84.95999908
N;NORTE;2006-02-14;9676.00000000;86.69000244;8677.00000000;77.73999786
NE;NORDESTE;2006-02-14;7012.00000000;48.29000092;6983.00000000;48.09000015
S;SUL;2006-02-14;2819.00000000;43.25000000;2811.00000000;43.13000107
SE;SUDESTE;2006-02-14;47442.00000000;89.52999878;46743.00000000;88.20999908
N;NORTE;2006-02-15;9845.00000000;88.19999695;8551.00000000;76.61000061
NE;NORDESTE;2006-02-15;7109.00000000;48.95999908;7081.00000000;48.77000046
S;SUL;2006-02-15;2866.00000000;43.97000122;2859.00000000;43.86999893
SE;SUDESTE;2006-02-15;48996.00000000;92.45999908;48156.00000000;90.87000275
N;NORTE;2006-02-16;9960.00000000;89.23000336;8520.00000000;76.33000183
NE;NORDESTE;2006-02-16;7218.00000000;49.70999908;7190.00000000;49.52000046
S;SUL;2006-02-16;2849.00000000;43.70999908;2820.00000000;43.27000046
SE;SUDESTE;2006-02-16;50798.00000000;95.86000061;49473.00000000;93.36000061
N;NORTE;2006-02-17;9826.00000000;88.02999878;8194.00000000;73.41000366
NE;NORDESTE;2006-02-17;7249.00000000;49.93000031;7220.00000000;49.72999954
S;SUL;2006-02-17;2884.00000000;44.25000000;2876.00000000;44.13000107
SE;SUDESTE;2006-02-17;51860.00000000;97.86000061;50500.00000000;95.30000305
N;NORTE;2006-02-18;9963.00000000;89.26000214;7813.00000000;70.00000000
NE;NORDESTE;2006-02-18;7196.00000000;49.56000137;7167.00000000;49.36000061
S;SUL;2006-02-18;2682.00000000;41.15000153;2674.00000000;41.02999878
SE;SUDESTE;2006-02-18;52658.00000000;99.37000275;51517.00000000;97.22000122
N;NORTE;2006-02-19;10019.00000000;89.76000214;6993.00000000;62.65000153
NE;NORDESTE;2006-02-19;7117.00000000;49.02000046;7088.00000000;48.81999969
S;SUL;2006-02-19;2638.00000000;40.47999954;2621.00000000;40.22000122
SE;SUDESTE;2006-02-19;53440.00000000;100.84999847;51880.00000000;97.90000153
N;NORTE;2006-02-20;9803.00000000;87.81999969;6310.00000000;56.52999878
NE;NORDESTE;2006-02-20;6986.00000000;48.11999893;6957.00000000;47.91999817
S;SUL;2006-02-20;2881.00000000;44.20000076;2849.00000000;43.70999908
SE;SUDESTE;2006-02-20;53308.00000000;100.59999847;52583.00000000;99.23000336
N;NORTE;2006-02-21;9788.00000000;87.69000244;6224.00000000;55.75999832
NE;NORDESTE;2006-02-21;6878.00000000;47.36999893;6852.00000000;47.18999863
S;SUL;2006-02-21;3506.00000000;53.79000092;3466.00000000;53.18000031
SE;SUDESTE;2006-02-21;53479.00000000;100.91999817;52684.00000000;99.41999817
N;NORTE;2006-02-22;9722.00000000;87.09999847;6157.00000000;55.15999985
NE;NORDESTE;2006-02-22;6829.00000000;47.02999878;6800.00000000;46.83000183
S;SUL;2006-02-22;3783.00000000;58.04000092;3738.00000000;57.34999847
SE;SUDESTE;2006-02-22;53828.00000000;101.58000183;51726.00000000;97.61000061
N;NORTE;2006-02-23;9570.00000000;85.73999786;5676.00000000;50.84999847
NE;NORDESTE;2006-02-23;7004.00000000;48.24000168;6976.00000000;48.04999924
S;SUL;2006-02-23;3772.00000000;57.88000107;3728.00000000;57.20000076
SE;SUDESTE;2006-02-23;53724.00000000;101.37999725;51341.00000000;96.88999939
N;NORTE;2006-02-24;9635.00000000;86.31999969;5260.00000000;47.11999893
NE;NORDESTE;2006-02-24;7153.00000000;49.27000046;7124.00000000;49.06999969
S;SUL;2006-02-24;3476.00000000;53.33000183;3468.00000000;53.20999908
SE;SUDESTE;2006-02-24;53047.00000000;100.09999847;50590.00000000;95.47000122
N;NORTE;2006-02-25;9665.00000000;86.58999634;5134.00000000;46.00000000
NE;NORDESTE;2006-02-25;7355.00000000;50.65999985;7343.00000000;50.56999969
S;SUL;2006-02-25;3234.00000000;49.61999893;3227.00000000;49.50999832
SE;SUDESTE;2006-02-25;51822.00000000;97.79000092;48929.00000000;92.33000183
N;NORTE;2006-02-26;9514.00000000;85.23999786;4575.00000000;40.99000168
NE;NORDESTE;2006-02-26;7500.00000000;51.65999985;7476.00000000;51.49000168
S;SUL;2006-02-26;3075.00000000;47.18000031;3067.00000000;47.06000137
SE;SUDESTE;2006-02-26;50656.00000000;95.58999634;45703.00000000;86.25000000
N;NORTE;2006-02-27;9521.00000000;85.30000305;4378.00000000;39.22000122
NE;NORDESTE;2006-02-27;7617.00000000;52.45999908;7594.00000000;52.29999924
S;SUL;2006-02-27;3012.00000000;46.20999908;3004.00000000;46.09000015
SE;SUDESTE;2006-02-27;50150.00000000;94.63999939;45211.00000000;85.31999969
N;NORTE;2006-02-28;9456.00000000;84.72000122;4310.00000000;38.61000061
NE;NORDESTE;2006-02-28;7630.00000000;52.54999924;7607.00000000;52.38999939
S;SUL;2006-02-28;3000.00000000;46.02999878;2992.00000000;45.90999985
SE;SUDESTE;2006-02-28;50288.00000000;94.90000153;46204.00000000;87.19000244
N;NORTE;2006-03-01;9384.00000000;71.70999908;4643.00000000;35.47999954
NE;NORDESTE;2006-03-01;7589.00000000;52.86999893;7566.00000000;52.70999908
S;SUL;2006-03-01;3086.00000000;55.08000183;3078.00000000;54.93000031
SE;SUDESTE;2006-03-01;49780.00000000;100.55999756;45803.00000000;92.52999878
N;NORTE;2006-03-02;9617.00000000;73.48999786;5268.00000000;40.25000000
NE;NORDESTE;2006-03-02;7488.00000000;52.15999985;7459.00000000;51.95999908
S;SUL;2006-03-02;3056.00000000;54.54000092;3049.00000000;54.41999817
SE;SUDESTE;2006-03-02;49146.00000000;99.27999878;45921.00000000;92.76000214
N;NORTE;2006-03-03;9820.00000000;75.04000092;6195.00000000;47.34000015
NE;NORDESTE;2006-03-03;7145.00000000;49.77999878;7116.00000000;49.56999969
S;SUL;2006-03-03;2968.00000000;52.97000122;2961.00000000;52.84000015
SE;SUDESTE;2006-03-03;48477.00000000;97.93000031;45876.00000000;92.66999817
N;NORTE;2006-03-04;9949.00000000;76.01999664;6007.00000000;45.90000153
NE;NORDESTE;2006-03-04;7050.00000000;49.11000061;7021.00000000;48.90999985
S;SUL;2006-03-04;2946.00000000;52.58000183;2939.00000000;52.45000076
SE;SUDESTE;2006-03-04;47870.00000000;96.69999695;44649.00000000;90.19000244
N;NORTE;2006-03-05;10015.00000000;76.52999878;4322.00000000;33.02999878
NE;NORDESTE;2006-03-05;6922.00000000;48.22000122;6893.00000000;48.02000046
S;SUL;2006-03-05;2888.00000000;51.54000092;2881.00000000;51.41999817
SE;SUDESTE;2006-03-05;47711.00000000;96.37999725;43423.00000000;87.72000122
N;NORTE;2006-03-06;9993.00000000;76.36000061;4089.00000000;31.23999977
NE;NORDESTE;2006-03-06;6857.00000000;47.77000046;6828.00000000;47.56999969
S;SUL;2006-03-06;2762.00000000;49.29000092;2755.00000000;49.16999817
SE;SUDESTE;2006-03-06;48538.00000000;98.05000305;46245.00000000;93.41999817
N;NORTE;2006-03-07;9831.00000000;75.12000275;5375.00000000;41.06999969
NE;NORDESTE;2006-03-07;6893.00000000;48.02000046;6882.00000000;47.93999863
S;SUL;2006-03-07;2568.00000000;45.83000183;2559.00000000;45.66999817
SE;SUDESTE;2006-03-07;50602.00000000;102.22000122;47558.00000000;96.06999969
N;NORTE;2006-03-08;9845.00000000;75.23000336;5923.00000000;45.25999832
NE;NORDESTE;2006-03-08;7090.00000000;49.38999939;7080.00000000;49.31999969
S;SUL;2006-03-08;2476.00000000;44.18999863;2425.00000000;43.27999878
SE;SUDESTE;2006-03-08;52575.00000000;106.20999908;47432.00000000;95.81999969
N;NORTE;2006-03-09;9596.00000000;73.33000183;4965.00000000;37.93999863
NE;NORDESTE;2006-03-09;7304.00000000;50.88000107;7304.00000000;50.88000107
S;SUL;2006-03-09;2373.00000000;42.34999847;2365.00000000;42.20999908
SE;SUDESTE;2006-03-09;52964.00000000;106.98999786;45217.00000000;91.33999634
N;NORTE;2006-03-10;9490.00000000;72.51999664;3362.00000000;25.69000053
NE;NORDESTE;2006-03-10;7615.00000000;53.04999924;7615.00000000;53.04999924
S;SUL;2006-03-10;2312.00000000;41.25999832;2303.00000000;41.09999847
SE;SUDESTE;2006-03-10;52972.00000000;107.01000214;43416.00000000;87.69999695
N;NORTE;2006-03-11;9511.00000000;72.68000031;3618.00000000;27.64999962
NE;NORDESTE;2006-03-11;8736.00000000;60.86000061;8736.00000000;60.86000061
S;SUL;2006-03-11;2154.00000000;38.43999863;2147.00000000;38.31999969
SE;SUDESTE;2006-03-11;53451.00000000;107.98000336;40804.00000000;82.43000031
N;NORTE;2006-03-12;9677.00000000;73.94000244;5266.00000000;40.24000168
NE;NORDESTE;2006-03-12;9322.00000000;64.94000244;9322.00000000;64.94000244
S;SUL;2006-03-12;2071.00000000;36.95999908;2063.00000000;36.81999969
SE;SUDESTE;2006-03-12;54195.00000000;109.48000336;40260.00000000;81.33000183
N;NORTE;2006-03-13;9606.00000000;73.40000153;5734.00000000;43.81000137
NE;NORDESTE;2006-03-13;10002.00000000;69.68000031;10002.00000000;69.68000031
S;SUL;2006-03-13;2072.00000000;36.97999954;2065.00000000;36.84999847
SE;SUDESTE;2006-03-13;54088.00000000;109.26000214;41608.00000000;84.05000305
N;NORTE;2006-03-14;9842.00000000;75.19999695;5601.00000000;42.79999924
NE;NORDESTE;2006-03-14;9939.00000000;69.23999786;9939.00000000;69.23999786
S;SUL;2006-03-14;2011.00000000;35.88999939;2004.00000000;35.77000046
SE;SUDESTE;2006-03-14;54442.00000000;109.98000336;43510.00000000;87.88999939
N;NORTE;2006-03-15;10143.00000000;77.50000000;4970.00000000;37.97999954
NE;NORDESTE;2006-03-15;10292.00000000;71.69999695;10282.00000000;71.62999725
S;SUL;2006-03-15;1886.00000000;33.65999985;1879.00000000;33.52999878
SE;SUDESTE;2006-03-15;55356.00000000;111.81999969;44231.00000000;89.34999847
N;NORTE;2006-03-16;10783.00000000;82.40000153;6148.00000000;46.97999954
NE;NORDESTE;2006-03-16;10459.00000000;72.86000061;10450.00000000;72.80000305
S;SUL;2006-03-16;1756.00000000;31.34000015;1749.00000000;31.20999908
SE;SUDESTE;2006-03-16;56722.00000000;114.58000183;44387.00000000;89.66999817
N;NORTE;2006-03-17;11103.00000000;84.83999634;7185.00000000;54.90000153
NE;NORDESTE;2006-03-17;10664.00000000;74.29000092;10655.00000000;74.23000336
S;SUL;2006-03-17;1679.00000000;29.96999931;1672.00000000;29.84000015
SE;SUDESTE;2006-03-17;58275.00000000;117.72000122;45755.00000000;92.43000031
N;NORTE;2006-03-18;11518.00000000;88.01000214;6771.00000000;51.74000168
NE;NORDESTE;2006-03-18;10859.00000000;75.65000153;10850.00000000;75.58999634
S;SUL;2006-03-18;1759.00000000;31.38999939;1752.00000000;31.27000046
SE;SUDESTE;2006-03-18;59366.00000000;119.91999817;45220.00000000;91.34999847
N;NORTE;2006-03-19;11957.00000000;91.37000275;5250.00000000;40.11999893
NE;NORDESTE;2006-03-19;10899.00000000;75.93000031;10888.00000000;75.84999847
S;SUL;2006-03-19;2125.00000000;37.91999817;2118.00000000;37.79999924
SE;SUDESTE;2006-03-19;59504.00000000;120.19999695;42711.00000000;86.27999878
N;NORTE;2006-03-20;12356.00000000;94.41000366;4784.00000000;36.56000137
NE;NORDESTE;2006-03-20;11076.00000000;77.16000366;11067.00000000;77.09999847
S;SUL;2006-03-20;3211.00000000;57.31000137;3204.00000000;57.18000031
SE;SUDESTE;2006-03-20;59290.00000000;119.76999664;45381.00000000;91.66999817
N;NORTE;2006-03-21;12461.00000000;95.22000122;5102.00000000;38.99000168
NE;NORDESTE;2006-03-21;11105.00000000;77.36000061;11096.00000000;77.30000305
S;SUL;2006-03-21;3273.00000000;58.40999985;3266.00000000;58.29000092
SE;SUDESTE;2006-03-21;58462.00000000;118.09999847;45047.00000000;91.00000000
N;NORTE;2006-03-22;12710.00000000;97.12000275;6188.00000000;47.27999878
NE;NORDESTE;2006-03-22;11368.00000000;79.19000244;11358.00000000;79.12000275
S;SUL;2006-03-22;3830.00000000;68.34999847;3823.00000000;68.23000336
SE;SUDESTE;2006-03-22;56092.00000000;113.30999756;42539.00000000;85.93000031
N;NORTE;2006-03-23;12835.00000000;98.08000183;5886.00000000;44.97999954
NE;NORDESTE;2006-03-23;12139.00000000;84.56999969;12130.00000000;84.50000000
S;SUL;2006-03-23;3835.00000000;68.44000244;3829.00000000;68.33999634
SE;SUDESTE;2006-03-23;55016.00000000;111.13999939;42211.00000000;85.26999664
N;NORTE;2006-03-24;12982.00000000;99.19999695;5393.00000000;41.20999908
NE;NORDESTE;2006-03-24;12851.00000000;89.52999878;12842.00000000;89.45999908
S;SUL;2006-03-24;3689.00000000;65.83999634;3680.00000000;65.68000031
SE;SUDESTE;2006-03-24;54018.00000000;109.12000275;42730.00000000;86.31999969
N;NORTE;2006-03-25;12874.00000000;98.37000275;5285.00000000;40.38000107
NE;NORDESTE;2006-03-25;13733.00000000;95.66999817;13724.00000000;95.61000061
S;SUL;2006-03-25;3953.00000000;70.55000305;3943.00000000;70.37000275
SE;SUDESTE;2006-03-25;53683.00000000;108.44000244;43099.00000000;87.05999756
N;NORTE;2006-03-26;12768.00000000;97.55999756;5187.00000000;39.63999939
NE;NORDESTE;2006-03-26;14093.00000000;98.18000031;14083.00000000;98.11000061
S;SUL;2006-03-26;4318.00000000;77.05999756;4310.00000000;76.91999817
SE;SUDESTE;2006-03-26;53882.00000000;108.84999847;43310.00000000;87.48999786
N;NORTE;2006-03-27;13048.00000000;99.69999695;6509.00000000;49.74000168
NE;NORDESTE;2006-03-27;15278.00000000;106.43000031;15269.00000000;106.37000275
S;SUL;2006-03-27;4523.00000000;80.72000122;4514.00000000;80.55999756
SE;SUDESTE;2006-03-27;53848.00000000;108.77999878;45276.00000000;91.45999908
N;NORTE;2006-03-28;12970.00000000;99.11000061;7223.00000000;55.18999863
NE;NORDESTE;2006-03-28;15514.00000000;108.08000183;15505.00000000;108.01000214
S;SUL;2006-03-28;4552.00000000;81.23999786;4544.00000000;81.09999847
SE;SUDESTE;2006-03-28;54269.00000000;109.62999725;48015.00000000;96.98999786
N;NORTE;2006-03-29;13066.00000000;99.83999634;6949.00000000;53.09999847
NE;NORDESTE;2006-03-29;16024.00000000;111.62999725;16015.00000000;111.56999969
S;SUL;2006-03-29;4614.00000000;82.34999847;4607.00000000;82.22000122
SE;SUDESTE;2006-03-29;56055.00000000;113.23999786;49945.00000000;100.88999939
N;NORTE;2006-03-30;13470.00000000;102.93000031;6421.00000000;49.06000137
NE;NORDESTE;2006-03-30;16150.00000000;112.51000214;16140.00000000;112.44000244
S;SUL;2006-03-30;4769.00000000;85.11000061;4762.00000000;84.98999786
SE;SUDESTE;2006-03-30;56400.00000000;113.93000031;50275.00000000;101.55999756
N;NORTE;2006-03-31;13761.00000000;105.15000153;5581.00000000;42.65000153
NE;NORDESTE;2006-03-31;16911.00000000;117.80999756;16902.00000000;117.75000000
S;SUL;2006-03-31;4599.00000000;82.08000183;4592.00000000;81.94999695
SE;SUDESTE;2006-03-31;55627.00000000;112.37000275;46564.00000000;94.05999756
N;NORTE;2006-04-01;14070.00000000;107.58999634;5550.00000000;42.43999863
NE;NORDESTE;2006-04-01;17576.00000000;149.94000244;17566.00000000;149.86000061
S;SUL;2006-04-01;4160.00000000;80.30999756;4153.00000000;80.16999817
SE;SUDESTE;2006-04-01;55526.00000000;145.35000610;43281.00000000;113.30000305
N;NORTE;2006-04-02;14399.00000000;110.09999847;4949.00000000;37.84000015
NE;NORDESTE;2006-04-02;17508.00000000;149.36000061;17343.00000000;147.96000671
S;SUL;2006-04-02;3843.00000000;74.19000244;3837.00000000;74.06999969
SE;SUDESTE;2006-04-02;54431.00000000;142.49000549;42028.00000000;110.01999664
N;NORTE;2006-04-03;15003.00000000;114.72000122;5091.00000000;38.93000031
NE;NORDESTE;2006-04-03;17074.00000000;145.66000366;17020.00000000;145.19999695
S;SUL;2006-04-03;3551.00000000;68.55000305;3508.00000000;67.72000122
SE;SUDESTE;2006-04-03;52880.00000000;138.42999268;44988.00000000;117.76999664
N;NORTE;2006-04-04;15465.00000000;118.25000000;5951.00000000;45.50000000
NE;NORDESTE;2006-04-04;16715.00000000;142.60000610;16597.00000000;141.58999634
S;SUL;2006-04-04;3405.00000000;65.73000336;3397.00000000;65.58000183
SE;SUDESTE;2006-04-04;51881.00000000;135.80999756;44952.00000000;117.66999817
N;NORTE;2006-04-05;16131.00000000;123.34999847;5868.00000000;44.86999893
NE;NORDESTE;2006-04-05;16368.00000000;139.63999939;16359.00000000;139.55999756
S;SUL;2006-04-05;3306.00000000;63.81999969;3299.00000000;63.68999863
SE;SUDESTE;2006-04-05;51079.00000000;133.71000671;45127.00000000;118.12999725
N;NORTE;2006-04-06;16568.00000000;126.69000244;5828.00000000;44.56000137
NE;NORDESTE;2006-04-06;15959.00000000;136.14999390;15827.00000000;135.02000427
S;SUL;2006-04-06;3197.00000000;61.72000122;3190.00000000;61.58000183
SE;SUDESTE;2006-04-06;50779.00000000;132.92999268;45365.00000000;118.75000000
N;NORTE;2006-04-07;17139.00000000;131.05000305;6402.00000000;48.95000076
NE;NORDESTE;2006-04-07;15651.00000000;133.52000427;15523.00000000;132.42999268
S;SUL;2006-04-07;3047.00000000;58.81999969;3040.00000000;58.68999863
SE;SUDESTE;2006-04-07;51672.00000000;135.25999451;45804.00000000;119.90000153
N;NORTE;2006-04-08;17741.00000000;135.66000366;6461.00000000;49.40000153
NE;NORDESTE;2006-04-08;15426.00000000;131.60000610;15298.00000000;130.50999451
S;SUL;2006-04-08;2971.00000000;57.34999847;2964.00000000;57.22000122
SE;SUDESTE;2006-04-08;52764.00000000;138.11999512;44607.00000000;116.76999664
N;NORTE;2006-04-09;17940.00000000;137.17999268;5594.00000000;42.77000046
NE;NORDESTE;2006-04-09;15381.00000000;131.22000122;15253.00000000;130.13000488
S;SUL;2006-04-09;2981.00000000;57.54999924;2974.00000000;57.40999985
SE;SUDESTE;2006-04-09;53586.00000000;140.27000427;44203.00000000;115.70999908
N;NORTE;2006-04-10;18781.00000000;143.61000061;5319.00000000;40.66999817
NE;NORDESTE;2006-04-10;14773.00000000;126.02999878;14585.00000000;124.43000031
S;SUL;2006-04-10;3057.00000000;59.00999832;3049.00000000;58.86000061
SE;SUDESTE;2006-04-10;54468.00000000;142.58000183;45051.00000000;117.93000031
N;NORTE;2006-04-11;18889.00000000;144.42999268;5647.00000000;43.18000031
NE;NORDESTE;2006-04-11;14222.00000000;121.33000183;13973.00000000;119.20999908
S;SUL;2006-04-11;2947.00000000;56.88999939;2936.00000000;56.68000031
SE;SUDESTE;2006-04-11;54580.00000000;142.88000488;45289.00000000;118.55999756
N;NORTE;2006-04-12;18495.00000000;141.41999817;5785.00000000;44.22999954
NE;NORDESTE;2006-04-12;13851.00000000;118.16000366;13603.00000000;116.05000305
S;SUL;2006-04-12;2722.00000000;52.54999924;2704.00000000;52.20000076
SE;SUDESTE;2006-04-12;53471.00000000;139.97000122;45276.00000000;118.51999664
N;NORTE;2006-04-13;18394.00000000;140.64999390;5364.00000000;41.02000046
NE;NORDESTE;2006-04-13;13703.00000000;116.90000153;13380.00000000;114.15000153
S;SUL;2006-04-13;2425.00000000;46.81000137;2410.00000000;46.52000046
SE;SUDESTE;2006-04-13;52438.00000000;137.27000427;42258.00000000;110.62000275
N;NORTE;2006-04-14;18538.00000000;141.75000000;5342.00000000;40.84999847
NE;NORDESTE;2006-04-14;13611.00000000;116.12000275;13257.00000000;113.09999847
S;SUL;2006-04-14;2250.00000000;43.43999863;2241.00000000;43.25999832
SE;SUDESTE;2006-04-14;51041.00000000;133.61000061;39261.00000000;102.77999878
N;NORTE;2006-04-15;17770.00000000;135.88000488;4575.00000000;34.97999954
NE;NORDESTE;2006-04-15;13033.00000000;111.19000244;12678.00000000;108.16000366
S;SUL;2006-04-15;2212.00000000;42.70000076;2204.00000000;42.54999924
SE;SUDESTE;2006-04-15;49773.00000000;130.28999329;35831.00000000;93.80000305
N;NORTE;2006-04-16;17494.00000000;133.77000427;4287.00000000;32.77999878
NE;NORDESTE;2006-04-16;13143.00000000;112.12000275;12787.00000000;109.08999634
S;SUL;2006-04-16;2269.00000000;43.79999924;2261.00000000;43.65000153
SE;SUDESTE;2006-04-16;48863.00000000;127.91000366;36685.00000000;96.02999878
N;NORTE;2006-04-17;17611.00000000;134.66000366;5112.00000000;39.09000015
NE;NORDESTE;2006-04-17;12295.00000000;104.88999939;11902.00000000;101.54000092
S;SUL;2006-04-17;2265.00000000;43.72999954;2257.00000000;43.56999969
SE;SUDESTE;2006-04-17;49332.00000000;129.13999939;41625.00000000;108.95999908
N;NORTE;2006-04-18;17492.00000000;133.75000000;6057.00000000;46.31000137
NE;NORDESTE;2006-04-18;11871.00000000;101.26999664;11439.00000000;97.58999634
S;SUL;2006-04-18;2206.00000000;42.59000015;2199.00000000;42.45000076
SE;SUDESTE;2006-04-18;48386.00000000;126.66000366;41991.00000000;109.91999817
N;NORTE;2006-04-19;17843.00000000;136.44000244;6763.00000000;51.70999908
NE;NORDESTE;2006-04-19;11545.00000000;98.48999786;11112.00000000;94.80000305
S;SUL;2006-04-19;2088.00000000;40.31000137;2081.00000000;40.16999817
SE;SUDESTE;2006-04-19;46864.00000000;122.68000031;39185.00000000;102.58000183
N;NORTE;2006-04-20;17949.00000000;137.25000000;5699.00000000;43.58000183
NE;NORDESTE;2006-04-20;11460.00000000;97.76999664;11028.00000000;94.08000183
S;SUL;2006-04-20;1994.00000000;38.49000168;1973.00000000;38.09000015
SE;SUDESTE;2006-04-20;45008.00000000;117.81999969;36611.00000000;95.83999634
N;NORTE;2006-04-21;18019.00000000;137.77999878;3857.00000000;29.48999977
NE;NORDESTE;2006-04-21;11260.00000000;96.05999756;10894.00000000;92.94000244
S;SUL;2006-04-21;1936.00000000;37.36999893;1916.00000000;36.99000168
SE;SUDESTE;2006-04-21;42847.00000000;112.16000366;33526.00000000;87.76000214
N;NORTE;2006-04-22;18355.00000000;140.35000610;4290.00000000;32.79999924
NE;NORDESTE;2006-04-22;11547.00000000;98.51000214;10504.00000000;89.61000061
S;SUL;2006-04-22;1890.00000000;36.49000168;1881.00000000;36.31000137
SE;SUDESTE;2006-04-22;41037.00000000;107.41999817;33447.00000000;87.55999756
N;NORTE;2006-04-23;18623.00000000;142.39999390;5377.00000000;41.11999893
NE;NORDESTE;2006-04-23;11558.00000000;98.59999847;9836.00000000;83.91000366
S;SUL;2006-04-23;1877.00000000;36.22999954;1869.00000000;36.08000183
SE;SUDESTE;2006-04-23;39928.00000000;104.51999664;32731.00000000;85.68000031
N;NORTE;2006-04-24;18561.00000000;141.92999268;5997.00000000;45.86000061
NE;NORDESTE;2006-04-24;11742.00000000;100.16999817;10552.00000000;90.01999664
S;SUL;2006-04-24;1846.00000000;35.63999939;1838.00000000;35.47999954
SE;SUDESTE;2006-04-24;38570.00000000;100.97000122;33874.00000000;88.66999817
N;NORTE;2006-04-25;18499.00000000;141.44999695;5728.00000000;43.79999924
NE;NORDESTE;2006-04-25;11335.00000000;96.69999695;10188.00000000;86.91999817
S;SUL;2006-04-25;1766.00000000;34.09000015;1742.00000000;33.63000107
SE;SUDESTE;2006-04-25;37280.00000000;97.58999634;33264.00000000;87.08000183
N;NORTE;2006-04-26;18752.00000000;143.38999939;5428.00000000;41.50999832
NE;NORDESTE;2006-04-26;11092.00000000;94.62999725;9688.00000000;82.65000153
S;SUL;2006-04-26;1667.00000000;32.18000031;1642.00000000;31.70000076
SE;SUDESTE;2006-04-26;36106.00000000;94.51999664;33458.00000000;87.58000183
N;NORTE;2006-04-27;18290.00000000;139.85000610;4784.00000000;36.58000183
NE;NORDESTE;2006-04-27;10737.00000000;91.59999847;9608.00000000;81.97000122
S;SUL;2006-04-27;1518.00000000;29.29999924;1502.00000000;29.00000000
SE;SUDESTE;2006-04-27;34949.00000000;91.48999786;33166.00000000;86.81999969
N;NORTE;2006-04-28;18250.00000000;139.55000305;5442.00000000;41.61000061
NE;NORDESTE;2006-04-28;10275.00000000;87.66000366;8844.00000000;75.44999695
S;SUL;2006-04-28;1412.00000000;27.26000023;1404.00000000;27.10000038
SE;SUDESTE;2006-04-28;33773.00000000;88.41000366;31913.00000000;83.54000092
N;NORTE;2006-04-29;18115.00000000;138.52000427;5654.00000000;43.22999954
NE;NORDESTE;2006-04-29;10320.00000000;88.04000092;8855.00000000;75.54000092
S;SUL;2006-04-29;1306.00000000;25.20999908;1298.00000000;25.05999947
SE;SUDESTE;2006-04-29;32759.00000000;85.75000000;30321.00000000;79.37000275
N;NORTE;2006-04-30;17819.00000000;136.25000000;5007.00000000;38.29000092
NE;NORDESTE;2006-04-30;10517.00000000;89.72000122;8627.00000000;73.59999847
S;SUL;2006-04-30;1252.00000000;24.17000008;1245.00000000;24.03000069
SE;SUDESTE;2006-04-30;31823.00000000;83.30000305;28379.00000000;74.29000092
N;NORTE;2006-05-01;17505.00000000;205.38999939;4517.00000000;53.00000000
NE;NORDESTE;2006-05-01;10405.00000000;146.50000000;8464.00000000;119.16999817
S;SUL;2006-05-01;1213.00000000;18.02000046;1204.00000000;17.87999916
SE;SUDESTE;2006-05-01;31075.00000000;110.83000183;28599.00000000;102.00000000
N;NORTE;2006-05-02;17141.00000000;201.11000061;4725.00000000;55.43999863
NE;NORDESTE;2006-05-02;9855.00000000;138.75999451;8750.00000000;123.19999695
S;SUL;2006-05-02;1215.00000000;18.04999924;1208.00000000;17.94000053
SE;SUDESTE;2006-05-02;30275.00000000;107.97000122;28207.00000000;100.59999847
N;NORTE;2006-05-03;16280.00000000;191.00999451;4771.00000000;55.97999954
NE;NORDESTE;2006-05-03;10000.00000000;140.80000305;8884.00000000;125.08999634
S;SUL;2006-05-03;1223.00000000;18.17000008;1216.00000000;18.05999947
SE;SUDESTE;2006-05-03;29755.00000000;106.12000275;27422.00000000;97.80000305
N;NORTE;2006-05-04;16060.00000000;188.42999268;5163.00000000;60.58000183
NE;NORDESTE;2006-05-04;9738.00000000;137.11000061;8835.00000000;124.40000153
S;SUL;2006-05-04;1237.00000000;18.37999916;1230.00000000;18.27000046
SE;SUDESTE;2006-05-04;29294.00000000;104.47000122;27767.00000000;99.02999878
N;NORTE;2006-05-05;15812.00000000;185.52000427;5066.00000000;59.43999863
NE;NORDESTE;2006-05-05;9686.00000000;136.38000488;8909.00000000;125.44000244
S;SUL;2006-05-05;1199.00000000;17.80999947;1192.00000000;17.70999908
SE;SUDESTE;2006-05-05;28863.00000000;102.94000244;28106.00000000;100.23999786
N;NORTE;2006-05-06;15450.00000000;181.27000427;4704.00000000;55.18999863
NE;NORDESTE;2006-05-06;9242.00000000;130.13000488;8271.00000000;116.45999908
S;SUL;2006-05-06;1124.00000000;16.70000076;1117.00000000;16.59000015
SE;SUDESTE;2006-05-06;28338.00000000;101.06999969;27988.00000000;99.81999969
N;NORTE;2006-05-07;15167.00000000;177.94999695;4416.00000000;51.81000137
NE;NORDESTE;2006-05-07;8771.00000000;123.50000000;8061.00000000;113.50000000
S;SUL;2006-05-07;1076.00000000;15.97999954;1070.00000000;15.89000034
SE;SUDESTE;2006-05-07;28026.00000000;99.94999695;27592.00000000;98.40000153
N;NORTE;2006-05-08;15383.00000000;180.49000549;5167.00000000;60.61999893
NE;NORDESTE;2006-05-08;8354.00000000;117.62000275;8226.00000000;115.81999969
S;SUL;2006-05-08;1055.00000000;15.67000008;1049.00000000;15.57999992
SE;SUDESTE;2006-05-08;27634.00000000;98.55000305;27105.00000000;96.66999817
N;NORTE;2006-05-09;15327.00000000;179.83000183;5721.00000000;67.12000275
NE;NORDESTE;2006-05-09;7968.00000000;112.19000244;7816.00000000;110.05000305
S;SUL;2006-05-09;1068.00000000;15.85999966;1061.00000000;15.76000023
SE;SUDESTE;2006-05-09;27426.00000000;97.80999756;27173.00000000;96.91000366
N;NORTE;2006-05-10;15395.00000000;180.63000488;5960.00000000;69.93000031
NE;NORDESTE;2006-05-10;7744.00000000;109.04000092;7575.00000000;106.66000366
S;SUL;2006-05-10;1127.00000000;16.73999977;1120.00000000;16.63999939
SE;SUDESTE;2006-05-10;27289.00000000;97.31999969;27153.00000000;96.83999634
N;NORTE;2006-05-11;15480.00000000;181.63000488;5511.00000000;64.66000366
NE;NORDESTE;2006-05-11;7618.00000000;107.26000214;7382.00000000;103.94000244
S;SUL;2006-05-11;1196.00000000;17.77000046;1187.00000000;17.62999916
SE;SUDESTE;2006-05-11;26943.00000000;96.08999634;26835.00000000;95.70999908
N;NORTE;2006-05-12;15477.00000000;181.58999634;4458.00000000;52.31000137
NE;NORDESTE;2006-05-12;7523.00000000;105.91999817;7223.00000000;101.69999695
S;SUL;2006-05-12;1783.00000000;26.48999977;1776.00000000;26.37999916
SE;SUDESTE;2006-05-12;26682.00000000;95.16000366;26597.00000000;94.86000061
N;NORTE;2006-05-13;15148.00000000;177.72999573;4115.00000000;48.27999878
NE;NORDESTE;2006-05-13;7462.00000000;105.06999969;7114.00000000;100.16999817
S;SUL;2006-05-13;1551.00000000;23.04000092;1544.00000000;22.94000053
SE;SUDESTE;2006-05-13;26454.00000000;94.34999847;26436.00000000;94.27999878
N;NORTE;2006-05-14;14985.00000000;175.82000732;4144.00000000;48.61999893
NE;NORDESTE;2006-05-14;7261.00000000;102.23999786;6896.00000000;97.09999847
S;SUL;2006-05-14;1305.00000000;19.38999939;1298.00000000;19.28000069
SE;SUDESTE;2006-05-14;26169.00000000;93.33000183;26137.00000000;93.22000122
N;NORTE;2006-05-15;14748.00000000;173.03999329;4286.00000000;50.29000092
NE;NORDESTE;2006-05-15;7121.00000000;100.26000214;6732.00000000;94.79000092
S;SUL;2006-05-15;1248.00000000;18.54000092;1241.00000000;18.43000031
SE;SUDESTE;2006-05-15;26146.00000000;93.25000000;26014.00000000;92.77999878
N;NORTE;2006-05-16;14622.00000000;171.55999756;5062.00000000;59.38999939
NE;NORDESTE;2006-05-16;6932.00000000;97.59999847;6622.00000000;93.23999786
S;SUL;2006-05-16;1219.00000000;18.11000061;1213.00000000;18.02000046
SE;SUDESTE;2006-05-16;26349.00000000;93.47000122;25751.00000000;91.34999847
N;NORTE;2006-05-17;14502.00000000;170.14999390;5535.00000000;64.94000244
NE;NORDESTE;2006-05-17;6713.00000000;94.51999664;6473.00000000;91.13999939
S;SUL;2006-05-17;1193.00000000;17.71999931;1186.00000000;17.62000084
SE;SUDESTE;2006-05-17;26175.00000000;92.84999847;25028.00000000;88.77999878
N;NORTE;2006-05-18;14543.00000000;170.63000488;5684.00000000;66.69000244
NE;NORDESTE;2006-05-18;6509.00000000;91.65000153;6342.00000000;89.30000305
S;SUL;2006-05-18;1225.00000000;18.20000076;1218.00000000;18.09000015
SE;SUDESTE;2006-05-18;26002.00000000;92.23999786;24924.00000000;88.41000366
N;NORTE;2006-05-19;14523.00000000;170.39999390;5477.00000000;64.26000214
NE;NORDESTE;2006-05-19;6318.00000000;88.95999908;6253.00000000;88.04000092
S;SUL;2006-05-19;1273.00000000;18.90999985;1266.00000000;18.80999947
SE;SUDESTE;2006-05-19;25961.00000000;92.08999634;25382.00000000;90.04000092
N;NORTE;2006-05-20;14208.00000000;166.69999695;4808.00000000;56.40999985
NE;NORDESTE;2006-05-20;6168.00000000;86.84999847;6104.00000000;85.94000244
S;SUL;2006-05-20;1271.00000000;18.87999916;1264.00000000;18.78000069
SE;SUDESTE;2006-05-20;26104.00000000;92.59999847;26018.00000000;92.29000092
N;NORTE;2006-05-21;13889.00000000;162.96000671;4500.00000000;52.79999924
NE;NORDESTE;2006-05-21;5993.00000000;84.37999725;5887.00000000;82.88999939
S;SUL;2006-05-21;1239.00000000;18.39999962;1233.00000000;18.31999969
SE;SUDESTE;2006-05-21;26540.00000000;94.13999939;26487.00000000;93.95999908
N;NORTE;2006-05-22;13496.00000000;158.35000610;4110.00000000;48.22000122
NE;NORDESTE;2006-05-22;5765.00000000;81.16999817;5655.00000000;79.62000275
S;SUL;2006-05-22;1169.00000000;17.37000084;1162.00000000;17.26000023
SE;SUDESTE;2006-05-22;27058.00000000;95.98000336;26989.00000000;95.73999786
N;NORTE;2006-05-23;13167.00000000;154.49000549;4687.00000000;54.99000168
NE;NORDESTE;2006-05-23;5584.00000000;78.62000275;5519.00000000;77.70999908
S;SUL;2006-05-23;1210.00000000;17.96999931;1203.00000000;17.87000084
SE;SUDESTE;2006-05-23;27539.00000000;97.69000244;27298.00000000;96.83000183
N;NORTE;2006-05-24;12718.00000000;149.22000122;5249.00000000;61.59000015
NE;NORDESTE;2006-05-24;5447.00000000;76.69000244;5039.00000000;70.94999695
S;SUL;2006-05-24;1224.00000000;18.18000031;1217.00000000;18.07999992
SE;SUDESTE;2006-05-24;27987.00000000;99.27999878;27860.00000000;98.83000183
N;NORTE;2006-05-25;12359.00000000;145.00999451;5866.00000000;68.83000183
NE;NORDESTE;2006-05-25;5362.00000000;75.50000000;5292.00000000;74.51000214
S;SUL;2006-05-25;1205.00000000;17.89999962;1198.00000000;17.79999924
SE;SUDESTE;2006-05-25;28103.00000000;99.69000244;27982.00000000;99.26000214
N;NORTE;2006-05-26;11979.00000000;140.55000305;5836.00000000;68.47000122
NE;NORDESTE;2006-05-26;5288.00000000;74.45999908;5254.00000000;73.98000336
S;SUL;2006-05-26;1141.00000000;16.95000076;1134.00000000;16.85000038
SE;SUDESTE;2006-05-26;27866.00000000;98.84999847;27736.00000000;98.38999939
N;NORTE;2006-05-27;11657.00000000;136.77000427;5519.00000000;64.75000000
NE;NORDESTE;2006-05-27;5178.00000000;72.91000366;5146.00000000;72.45999908
S;SUL;2006-05-27;1089.00000000;16.18000031;1082.00000000;16.06999969
SE;SUDESTE;2006-05-27;27459.00000000;97.40000153;27439.00000000;97.33000183
N;NORTE;2006-05-28;11112.00000000;130.38000488;4978.00000000;58.40999985
NE;NORDESTE;2006-05-28;5080.00000000;71.52999878;5045.00000000;71.02999878
S;SUL;2006-05-28;1066.00000000;15.82999992;1059.00000000;15.72999954
SE;SUDESTE;2006-05-28;27129.00000000;96.23000336;27096.00000000;96.12000275
N;NORTE;2006-05-29;10505.00000000;123.25000000;4750.00000000;55.72999954
NE;NORDESTE;2006-05-29;4973.00000000;70.01999664;4941.00000000;69.56999969
S;SUL;2006-05-29;1069.00000000;15.88000011;1062.00000000;15.77999973
SE;SUDESTE;2006-05-29;26581.00000000;94.29000092;26486.00000000;93.94999695
N;NORTE;2006-05-30;9905.00000000;116.20999908;5038.00000000;59.11000061
NE;NORDESTE;2006-05-30;4849.00000000;68.26999664;4817.00000000;67.81999969
S;SUL;2006-05-30;1073.00000000;15.93999958;1028.00000000;15.27000046
SE;SUDESTE;2006-05-30;25879.00000000;91.80000305;25768.00000000;91.41000366
N;NORTE;2006-05-31;9375.00000000;110.00000000;5609.00000000;65.80999756
NE;NORDESTE;2006-05-31;4786.00000000;67.38999939;4752.00000000;66.91000366
S;SUL;2006-05-31;1080.00000000;16.04000092;1073.00000000;15.93999958
SE;SUDESTE;2006-05-31;25406.00000000;90.12000275;25261.00000000;89.61000061
N;NORTE;2006-06-01;8875.00000000;221.83999634;5489.00000000;137.21000671
NE;NORDESTE;2006-06-01;4708.00000000;100.34999847;4589.00000000;97.81999969
S;SUL;2006-06-01;1060.00000000;12.89999962;1053.00000000;12.81000042
SE;SUDESTE;2006-06-01;24929.00000000;101.95999908;24770.00000000;101.30999756
N;NORTE;2006-06-02;8385.00000000;209.60000610;5735.00000000;143.35000610
NE;NORDESTE;2006-06-02;4603.00000000;98.11000061;4571.00000000;97.43000031
S;SUL;2006-06-02;1034.00000000;12.57999992;1020.00000000;12.40999985
SE;SUDESTE;2006-06-02;24473.00000000;100.09999847;24296.00000000;99.37000275
N;NORTE;2006-06-03;7884.00000000;197.07000732;5611.00000000;140.25999451
NE;NORDESTE;2006-06-03;4447.00000000;94.79000092;4414.00000000;94.08999634
S;SUL;2006-06-03;984.00000000;11.97000027;884.00000000;10.76000023
SE;SUDESTE;2006-06-03;24197.00000000;98.97000122;24148.00000000;98.76999664
N;NORTE;2006-06-04;7567.00000000;189.14999390;5306.00000000;132.63000488
NE;NORDESTE;2006-06-04;4381.00000000;93.37999725;4361.00000000;92.95999908
S;SUL;2006-06-04;998.00000000;12.14000034;774.00000000;9.42000008
SE;SUDESTE;2006-06-04;23969.00000000;98.04000092;23880.00000000;97.66999817
N;NORTE;2006-06-05;7173.00000000;179.30000305;5238.00000000;130.92999268
NE;NORDESTE;2006-06-05;4392.00000000;93.62000275;4359.00000000;92.91000366
S;SUL;2006-06-05;1037.00000000;12.61999989;895.00000000;10.89000034
SE;SUDESTE;2006-06-05;23776.00000000;97.25000000;23738.00000000;97.08999634
N;NORTE;2006-06-06;6784.00000000;169.58000183;5429.00000000;135.71000671
NE;NORDESTE;2006-06-06;4367.00000000;93.08000183;4333.00000000;92.36000061
S;SUL;2006-06-06;1099.00000000;13.36999989;987.00000000;12.01000023
SE;SUDESTE;2006-06-06;23627.00000000;96.63999939;23504.00000000;96.13999939
N;NORTE;2006-06-07;6498.00000000;162.42999268;4992.00000000;124.77999878
NE;NORDESTE;2006-06-07;4333.00000000;92.36000061;4299.00000000;91.62999725
S;SUL;2006-06-07;1157.00000000;14.07999992;1075.00000000;13.07999992
SE;SUDESTE;2006-06-07;23431.00000000;95.83999634;23374.00000000;95.59999847
N;NORTE;2006-06-08;6353.00000000;158.80000305;5153.00000000;128.80999756
NE;NORDESTE;2006-06-08;4334.00000000;92.37999725;4302.00000000;91.69999695
S;SUL;2006-06-08;1155.00000000;14.05000019;1072.00000000;13.03999996
SE;SUDESTE;2006-06-08;23127.00000000;94.58999634;23108.00000000;94.51999664
N;NORTE;2006-06-09;5999.00000000;149.94999695;5044.00000000;126.08000183
NE;NORDESTE;2006-06-09;4338.00000000;92.47000122;4304.00000000;91.73999786
S;SUL;2006-06-09;1178.00000000;14.32999992;1128.00000000;13.72999954
SE;SUDESTE;2006-06-09;22874.00000000;93.55999756;22862.00000000;93.51000214
N;NORTE;2006-06-10;5682.00000000;142.02999878;4727.00000000;118.16000366
NE;NORDESTE;2006-06-10;4341.00000000;92.52999878;4311.00000000;91.88999939
S;SUL;2006-06-10;1162.00000000;14.14000034;999.00000000;12.15999985
SE;SUDESTE;2006-06-10;22634.00000000;92.58000183;22626.00000000;92.54000092
N;NORTE;2006-06-11;5545.00000000;138.61000061;4591.00000000;114.76000214
NE;NORDESTE;2006-06-11;4274.00000000;91.09999847;4258.00000000;90.76000214
S;SUL;2006-06-11;1218.00000000;14.81999969;988.00000000;12.02000046
SE;SUDESTE;2006-06-11;22609.00000000;92.47000122;22548.00000000;92.23000336
N;NORTE;2006-06-12;5368.00000000;134.17999268;5014.00000000;125.33000183
NE;NORDESTE;2006-06-12;4158.00000000;88.62999725;4130.00000000;88.02999878
S;SUL;2006-06-12;1233.00000000;15.00000000;1094.00000000;13.31000042
SE;SUDESTE;2006-06-12;22432.00000000;91.75000000;22428.00000000;91.73000336
N;NORTE;2006-06-13;5089.00000000;127.20999908;5034.00000000;125.83000183
NE;NORDESTE;2006-06-13;4024.00000000;85.76999664;3990.00000000;85.05000305
S;SUL;2006-06-13;1211.00000000;14.73999977;1068.00000000;13.00000000
SE;SUDESTE;2006-06-13;22204.00000000;90.81999969;22057.00000000;90.22000122
N;NORTE;2006-06-14;4863.00000000;121.55999756;4807.00000000;120.16000366
NE;NORDESTE;2006-06-14;3908.00000000;83.30000305;3874.00000000;82.58000183
S;SUL;2006-06-14;1144.00000000;13.92000008;1002.00000000;12.18999958
SE;SUDESTE;2006-06-14;21962.00000000;89.83000183;21893.00000000;89.55000305
N;NORTE;2006-06-15;4780.00000000;119.48000336;4727.00000000;118.16000366
NE;NORDESTE;2006-06-15;3816.00000000;81.33999634;3791.00000000;80.80999756
S;SUL;2006-06-15;1142.00000000;13.89999962;917.00000000;11.15999985
SE;SUDESTE;2006-06-15;21800.00000000;89.16999817;21790.00000000;89.12000275
N;NORTE;2006-06-16;4515.00000000;112.86000061;4463.00000000;111.55999756
NE;NORDESTE;2006-06-16;3740.00000000;79.72000122;3716.00000000;79.20999908
S;SUL;2006-06-16;1150.00000000;13.98999977;1004.00000000;12.22000027
SE;SUDESTE;2006-06-16;21669.00000000;88.62999725;21663.00000000;88.61000061
N;NORTE;2006-06-17;4397.00000000;109.91000366;4346.00000000;108.62999725
NE;NORDESTE;2006-06-17;3686.00000000;78.56999969;3661.00000000;78.02999878
S;SUL;2006-06-17;1124.00000000;13.68000031;914.00000000;11.11999989
SE;SUDESTE;2006-06-17;21609.00000000;88.37999725;21605.00000000;88.37000275
N;NORTE;2006-06-18;4167.00000000;104.16000366;4115.00000000;102.86000061
NE;NORDESTE;2006-06-18;3659.00000000;77.98999786;3636.00000000;77.50000000
S;SUL;2006-06-18;1058.00000000;12.86999989;826.00000000;10.05000019
SE;SUDESTE;2006-06-18;21502.00000000;87.94999695;21263.00000000;86.97000122
N;NORTE;2006-06-19;4152.00000000;103.79000092;4098.00000000;102.44000244
NE;NORDESTE;2006-06-19;3620.00000000;77.16000366;3597.00000000;76.66999817
S;SUL;2006-06-19;1025.00000000;12.47000027;881.00000000;10.72000027
SE;SUDESTE;2006-06-19;21374.00000000;87.41999817;21367.00000000;87.38999939
N;NORTE;2006-06-20;3962.00000000;99.04000092;3910.00000000;97.73999786
NE;NORDESTE;2006-06-20;3629.00000000;77.34999847;3606.00000000;76.86000061
S;SUL;2006-06-20;2442.00000000;29.70999908;2357.00000000;28.68000031
SE;SUDESTE;2006-06-20;21290.00000000;87.08000183;21230.00000000;86.83000183
N;NORTE;2006-06-21;3924.00000000;98.08999634;3876.00000000;96.88999939
NE;NORDESTE;2006-06-21;3618.00000000;77.12000275;3594.00000000;76.61000061
S;SUL;2006-06-21;4143.00000000;50.40999985;4008.00000000;48.77000046
SE;SUDESTE;2006-06-21;21154.00000000;86.51999664;21067.00000000;86.16999817
N;NORTE;2006-06-22;3716.00000000;92.88999939;3665.00000000;91.61000061
NE;NORDESTE;2006-06-22;3612.00000000;76.98999786;3587.00000000;76.45999908
S;SUL;2006-06-22;4295.00000000;52.25999832;3902.00000000;47.47999954
SE;SUDESTE;2006-06-22;21020.00000000;85.98000336;20732.00000000;84.80000305
N;NORTE;2006-06-23;3684.00000000;92.08999634;3636.00000000;90.88999939
NE;NORDESTE;2006-06-23;3529.00000000;75.22000122;3506.00000000;74.73000336
S;SUL;2006-06-23;3239.00000000;39.40999985;2964.00000000;36.06999969
SE;SUDESTE;2006-06-23;20809.00000000;85.11000061;20646.00000000;84.44999695
N;NORTE;2006-06-24;3559.00000000;88.95999908;3513.00000000;87.80999756
NE;NORDESTE;2006-06-24;3543.00000000;75.51999664;3521.00000000;75.05000305
S;SUL;2006-06-24;2332.00000000;28.37999916;2036.00000000;24.77000046
SE;SUDESTE;2006-06-24;20572.00000000;84.13999939;20495.00000000;83.83000183
N;NORTE;2006-06-25;3437.00000000;85.91000366;3391.00000000;84.76000214
NE;NORDESTE;2006-06-25;3571.00000000;76.12000275;3566.00000000;76.01000214
S;SUL;2006-06-25;2284.00000000;27.79000092;1996.00000000;24.29000092
SE;SUDESTE;2006-06-25;20363.00000000;83.29000092;20313.00000000;83.08000183
N;NORTE;2006-06-26;3284.00000000;82.08999634;3238.00000000;80.94000244
NE;NORDESTE;2006-06-26;3564.00000000;75.97000122;3564.00000000;75.97000122
S;SUL;2006-06-26;2695.00000000;32.79000092;2483.00000000;30.20999908
SE;SUDESTE;2006-06-26;20336.00000000;83.18000031;20271.00000000;82.91000366
N;NORTE;2006-06-27;3299.00000000;82.45999908;3253.00000000;81.30999756
NE;NORDESTE;2006-06-27;3613.00000000;77.01000214;3611.00000000;76.97000122
S;SUL;2006-06-27;2869.00000000;34.90999985;2603.00000000;31.67000008
SE;SUDESTE;2006-06-27;20365.00000000;83.30000305;20145.00000000;82.40000153
N;NORTE;2006-06-28;3383.00000000;84.55999756;3337.00000000;83.41000366
NE;NORDESTE;2006-06-28;3595.00000000;76.62999725;3595.00000000;76.62999725
S;SUL;2006-06-28;2530.00000000;30.78000069;2313.00000000;28.13999939
SE;SUDESTE;2006-06-28;20444.00000000;83.62000275;20175.00000000;82.51999664
N;NORTE;2006-06-29;3316.00000000;82.88999939;3251.00000000;81.26000214
NE;NORDESTE;2006-06-29;3562.00000000;75.91999817;3560.00000000;75.87999725
S;SUL;2006-06-29;2152.00000000;26.19000053;1966.00000000;23.92000008
SE;SUDESTE;2006-06-29;20509.00000000;83.88999939;20469.00000000;83.72000122
N;NORTE;2006-06-30;3315.00000000;82.86000061;3269.00000000;81.70999908
NE;NORDESTE;2006-06-30;3589.00000000;76.50000000;3568.00000000;76.05000305
S;SUL;2006-06-30;1891.00000000;23.01000023;1734.00000000;21.10000038
SE;SUDESTE;2006-06-30;20601.00000000;84.26000214;20566.00000000;84.12000275
N;NORTE;2006-07-01;3261.00000000;141.66999817;3222.00000000;139.97000122
NE;NORDESTE;2006-07-01;3578.00000000;92.47000122;3562.00000000;92.05000305
S;SUL;2006-07-01;1698.00000000;19.90999985;1530.00000000;17.94000053
SE;SUDESTE;2006-07-01;20732.00000000;102.51000214;20610.00000000;101.91000366
N;NORTE;2006-07-02;3111.00000000;135.14999390;3076.00000000;133.63000488
NE;NORDESTE;2006-07-02;3541.00000000;91.51000214;3517.00000000;90.88999939
S;SUL;2006-07-02;1588.00000000;18.62000084;1359.00000000;15.93000031
SE;SUDESTE;2006-07-02;20807.00000000;102.87999725;20804.00000000;102.87000275
N;NORTE;2006-07-03;2883.00000000;125.25000000;2863.00000000;124.37999725
NE;NORDESTE;2006-07-03;3459.00000000;89.38999939;3436.00000000;88.80000305
S;SUL;2006-07-03;1494.00000000;17.51000023;1358.00000000;15.92000008
SE;SUDESTE;2006-07-03;20903.00000000;103.36000061;20822.00000000;102.95999908
N;NORTE;2006-07-04;2843.00000000;123.51000214;2829.00000000;122.90000153
NE;NORDESTE;2006-07-04;3422.00000000;88.43000031;3411.00000000;88.15000153
S;SUL;2006-07-04;1413.00000000;16.55999947;1272.00000000;14.90999985
SE;SUDESTE;2006-07-04;20849.00000000;103.08999634;20634.00000000;102.02999878
N;NORTE;2006-07-05;2689.00000000;116.81999969;2669.00000000;115.94999695
NE;NORDESTE;2006-07-05;3370.00000000;87.08999634;3370.00000000;87.08999634
S;SUL;2006-07-05;1363.00000000;15.97999954;1234.00000000;14.47000027
SE;SUDESTE;2006-07-05;20757.00000000;102.62999725;20523.00000000;101.48000336
N;NORTE;2006-07-06;2797.00000000;121.51000214;2768.00000000;120.25000000
NE;NORDESTE;2006-07-06;3289.00000000;85.00000000;3289.00000000;85.00000000
S;SUL;2006-07-06;1311.00000000;15.36999989;1180.00000000;13.82999992
SE;SUDESTE;2006-07-06;20678.00000000;102.23999786;20534.00000000;101.52999878
N;NORTE;2006-07-07;2708.00000000;117.63999939;2679.00000000;116.37999725
NE;NORDESTE;2006-07-07;3247.00000000;83.91000366;3245.00000000;83.86000061
S;SUL;2006-07-07;1308.00000000;15.32999992;1172.00000000;13.73999977
SE;SUDESTE;2006-07-07;20605.00000000;101.75000000;20501.00000000;101.23000336
N;NORTE;2006-07-08;2723.00000000;118.29000092;2690.00000000;116.86000061
NE;NORDESTE;2006-07-08;3238.00000000;83.68000031;3215.00000000;83.08000183
S;SUL;2006-07-08;1384.00000000;16.21999931;1168.00000000;13.68999958
SE;SUDESTE;2006-07-08;20529.00000000;101.37000275;20510.00000000;101.27999878
N;NORTE;2006-07-09;2588.00000000;112.43000031;2553.00000000;110.91000366
NE;NORDESTE;2006-07-09;3318.00000000;85.75000000;3302.00000000;85.33000183
S;SUL;2006-07-09;1550.00000000;18.17000008;1323.00000000;15.51000023
SE;SUDESTE;2006-07-09;20459.00000000;101.02999878;20452.00000000;100.98999786
N;NORTE;2006-07-10;2658.00000000;115.47000122;2628.00000000;114.16999817
NE;NORDESTE;2006-07-10;3311.00000000;85.56999969;3311.00000000;85.56999969
S;SUL;2006-07-10;1754.00000000;20.55999947;1639.00000000;19.20999908
SE;SUDESTE;2006-07-10;21306.00000000;105.20999908;21244.00000000;104.90000153
N;NORTE;2006-07-11;2469.00000000;107.26000214;2445.00000000;106.22000122
NE;NORDESTE;2006-07-11;3340.00000000;86.31999969;3340.00000000;86.31999969
S;SUL;2006-07-11;1860.00000000;21.79999924;1759.00000000;20.62000084
SE;SUDESTE;2006-07-11;20851.00000000;102.95999908;20760.00000000;102.51000214
N;NORTE;2006-07-12;2499.00000000;108.55999756;2476.00000000;107.55999756
NE;NORDESTE;2006-07-12;3353.00000000;86.65000153;3353.00000000;86.65000153
S;SUL;2006-07-12;1811.00000000;21.22999954;1719.00000000;20.14999962
SE;SUDESTE;2006-07-12;20764.00000000;102.52999878;20692.00000000;102.18000031
N;NORTE;2006-07-13;2480.00000000;107.73999786;2457.00000000;106.73999786
NE;NORDESTE;2006-07-13;3384.00000000;87.44999695;3384.00000000;87.44999695
S;SUL;2006-07-13;1619.00000000;18.97999954;1529.00000000;17.92000008
SE;SUDESTE;2006-07-13;20579.00000000;101.62000275;20483.00000000;101.13999939
N;NORTE;2006-07-14;2385.00000000;103.61000061;2363.00000000;102.66000366
NE;NORDESTE;2006-07-14;3343.00000000;86.38999939;3343.00000000;86.38999939
S;SUL;2006-07-14;1499.00000000;17.56999969;1408.00000000;16.51000023
SE;SUDESTE;2006-07-14;20286.00000000;100.16999817;20191.00000000;99.69999695
N;NORTE;2006-07-15;2383.00000000;103.51999664;2360.00000000;102.51999664
NE;NORDESTE;2006-07-15;3345.00000000;86.44000244;3345.00000000;86.44000244
S;SUL;2006-07-15;1439.00000000;16.87000084;1259.00000000;14.76000023
SE;SUDESTE;2006-07-15;20092.00000000;99.20999908;20067.00000000;99.08999634
N;NORTE;2006-07-16;2306.00000000;100.18000031;2284.00000000;99.22000122
NE;NORDESTE;2006-07-16;3317.00000000;85.72000122;3317.00000000;85.72000122
S;SUL;2006-07-16;1414.00000000;16.57999992;1235.00000000;14.47999954
SE;SUDESTE;2006-07-16;19923.00000000;98.37999725;19907.00000000;98.30000305
N;NORTE;2006-07-17;2175.00000000;94.48999786;2153.00000000;93.52999878
NE;NORDESTE;2006-07-17;3284.00000000;84.87000275;3284.00000000;84.87000275
S;SUL;2006-07-17;1453.00000000;17.03000069;1307.00000000;15.31999969
SE;SUDESTE;2006-07-17;19705.00000000;97.30000305;19681.00000000;97.18000031
N;NORTE;2006-07-18;2065.00000000;89.70999908;2042.00000000;88.70999908
NE;NORDESTE;2006-07-18;3284.00000000;84.87000275;3284.00000000;84.87000275
S;SUL;2006-07-18;1453.00000000;17.03000069;1321.00000000;15.48999977
SE;SUDESTE;2006-07-18;19542.00000000;96.50000000;19491.00000000;96.25000000
N;NORTE;2006-07-19;2236.00000000;97.13999939;2209.00000000;95.95999908
NE;NORDESTE;2006-07-19;3265.00000000;84.37999725;3265.00000000;84.37999725
S;SUL;2006-07-19;1458.00000000;17.09000015;1333.00000000;15.63000011
SE;SUDESTE;2006-07-19;19313.00000000;95.37000275;19151.00000000;94.56999969
N;NORTE;2006-07-20;2153.00000000;93.52999878;2121.00000000;92.13999939
NE;NORDESTE;2006-07-20;3230.00000000;83.47000122;3230.00000000;83.47000122
S;SUL;2006-07-20;1385.00000000;16.23999977;1257.00000000;14.73999977
SE;SUDESTE;2006-07-20;19037.00000000;94.00000000;18818.00000000;92.91999817
N;NORTE;2006-07-21;2056.00000000;89.31999969;2024.00000000;87.93000031
NE;NORDESTE;2006-07-21;3213.00000000;83.02999878;3213.00000000;83.02999878
S;SUL;2006-07-21;1246.00000000;14.60999966;1126.00000000;13.19999981
SE;SUDESTE;2006-07-21;18776.00000000;92.72000122;18595.00000000;91.81999969
N;NORTE;2006-07-22;2074.00000000;90.09999847;2050.00000000;89.05999756
NE;NORDESTE;2006-07-22;3164.00000000;81.76999664;3164.00000000;81.76999664
S;SUL;2006-07-22;1160.00000000;13.60000038;1003.00000000;11.76000023
SE;SUDESTE;2006-07-22;18568.00000000;91.69000244;18513.00000000;91.41999817
N;NORTE;2006-07-23;2089.00000000;90.75000000;2071.00000000;89.97000122
NE;NORDESTE;2006-07-23;3156.00000000;81.55999756;3156.00000000;81.55999756
S;SUL;2006-07-23;1124.00000000;13.18000031;959.00000000;11.23999977
SE;SUDESTE;2006-07-23;18231.00000000;90.01999664;18206.00000000;89.90000153
N;NORTE;2006-07-24;1928.00000000;83.76000214;1908.00000000;82.88999939
NE;NORDESTE;2006-07-24;3115.00000000;80.50000000;3115.00000000;80.50000000
S;SUL;2006-07-24;1257.00000000;14.73999977;1128.00000000;13.22000027
SE;SUDESTE;2006-07-24;18036.00000000;89.05999756;17909.00000000;88.43000031
N;NORTE;2006-07-25;2000.00000000;86.88999939;1978.00000000;85.93000031
NE;NORDESTE;2006-07-25;3106.00000000;80.26999664;3106.00000000;80.26999664
S;SUL;2006-07-25;2062.00000000;24.17000008;1923.00000000;22.54000092
SE;SUDESTE;2006-07-25;17912.00000000;88.44999695;17799.00000000;87.88999939
N;NORTE;2006-07-26;2070.00000000;89.93000031;2055.00000000;89.26999664
NE;NORDESTE;2006-07-26;3069.00000000;79.30999756;3069.00000000;79.30999756
S;SUL;2006-07-26;8004.00000000;93.83000183;6969.00000000;81.69999695
SE;SUDESTE;2006-07-26;17742.00000000;87.61000061;17508.00000000;86.44999695
N;NORTE;2006-07-27;2082.00000000;90.44999695;2068.00000000;89.83999634
NE;NORDESTE;2006-07-27;3061.00000000;79.09999847;3061.00000000;79.09999847
S;SUL;2006-07-27;7748.00000000;90.83000183;6833.00000000;80.09999847
SE;SUDESTE;2006-07-27;17520.00000000;86.51000214;17260.00000000;85.23000336
N;NORTE;2006-07-28;2026.00000000;88.01000214;2009.00000000;87.27999878
NE;NORDESTE;2006-07-28;3048.00000000;78.76999664;3048.00000000;78.76999664
S;SUL;2006-07-28;6896.00000000;80.83999634;6084.00000000;71.31999969
SE;SUDESTE;2006-07-28;17340.00000000;85.62000275;17083.00000000;84.36000061
N;NORTE;2006-07-29;2022.00000000;87.83999634;2005.00000000;87.09999847
NE;NORDESTE;2006-07-29;3019.00000000;78.01999664;3019.00000000;78.01999664
S;SUL;2006-07-29;5210.00000000;61.08000183;4682.00000000;54.88999939
SE;SUDESTE;2006-07-29;17352.00000000;85.08999634;17179.00000000;84.23999786
N;NORTE;2006-07-30;2004.00000000;87.05999756;1987.00000000;86.31999969
NE;NORDESTE;2006-07-30;3009.00000000;77.76000214;2986.00000000;77.16999817
S;SUL;2006-07-30;3820.00000000;44.77999878;3444.00000000;40.36999893
SE;SUDESTE;2006-07-30;17420.00000000;85.41999817;17239.00000000;84.52999878
N;NORTE;2006-07-31;1935.00000000;84.05999756;1918.00000000;83.31999969
NE;NORDESTE;2006-07-31;3012.00000000;77.83999634;2988.00000000;77.22000122
S;SUL;2006-07-31;3306.00000000;38.75999832;3030.00000000;35.52000046
SE;SUDESTE;2006-07-31;17648.00000000;86.54000092;17044.00000000;83.58000183
N;NORTE;2006-08-01;1862.00000000;115.31999969;1846.00000000;114.33000183
NE;NORDESTE;2006-08-01;3030.00000000;89.79000092;3006.00000000;89.08000183
S;SUL;2006-08-01;2839.00000000;36.86000061;2628.00000000;34.11999893
SE;SUDESTE;2006-08-01;17879.00000000;105.20999908;16798.00000000;98.84999847
N;NORTE;2006-08-02;1875.00000000;116.12000275;1859.00000000;115.12999725
NE;NORDESTE;2006-08-02;3037.00000000;90.00000000;3012.00000000;89.26000214
S;SUL;2006-08-02;2686.00000000;34.88000107;2502.00000000;32.49000168
SE;SUDESTE;2006-08-02;18074.00000000;106.36000061;17058.00000000;100.37999725
N;NORTE;2006-08-03;1858.00000000;115.06999969;1842.00000000;114.08000183
NE;NORDESTE;2006-08-03;3048.00000000;90.33000183;3023.00000000;89.58000183
S;SUL;2006-08-03;2392.00000000;31.05999947;2225.00000000;28.88999939
SE;SUDESTE;2006-08-03;18197.00000000;107.08000183;16887.00000000;99.37000275
N;NORTE;2006-08-04;1718.00000000;106.40000153;1705.00000000;105.58999634
NE;NORDESTE;2006-08-04;3067.00000000;90.88999939;3041.00000000;90.12000275
S;SUL;2006-08-04;2273.00000000;29.21999931;2102.00000000;27.02000046
SE;SUDESTE;2006-08-04;18185.00000000;107.01000214;16846.00000000;99.12999725
N;NORTE;2006-08-05;1707.00000000;105.72000122;1695.00000000;104.97000122
NE;NORDESTE;2006-08-05;3088.00000000;91.51000214;3063.00000000;90.76999664
S;SUL;2006-08-05;2069.00000000;26.60000038;1872.00000000;24.05999947
SE;SUDESTE;2006-08-05;18163.00000000;106.87999725;16964.00000000;99.81999969
N;NORTE;2006-08-06;1770.00000000;109.62000275;1756.00000000;108.75000000
NE;NORDESTE;2006-08-06;3106.00000000;92.04000092;3085.00000000;91.41999817
S;SUL;2006-08-06;1975.00000000;25.38999939;1778.00000000;22.85000038
SE;SUDESTE;2006-08-06;18155.00000000;106.83000183;16973.00000000;99.87999725
N;NORTE;2006-08-07;1661.00000000;102.87000275;1646.00000000;101.94000244
NE;NORDESTE;2006-08-07;3105.00000000;92.01000214;3105.00000000;92.01000214
S;SUL;2006-08-07;1916.00000000;24.62999916;1762.00000000;22.64999962
SE;SUDESTE;2006-08-07;18077.00000000;106.37000275;16787.00000000;98.77999878
N;NORTE;2006-08-08;1629.00000000;100.88999939;1611.00000000;99.76999664
NE;NORDESTE;2006-08-08;3059.00000000;90.65000153;3059.00000000;90.65000153
S;SUL;2006-08-08;1832.00000000;23.54999924;1700.00000000;21.85000038
SE;SUDESTE;2006-08-08;17913.00000000;105.41000366;15991.00000000;94.09999847
N;NORTE;2006-08-09;1658.00000000;102.68000031;1643.00000000;101.75000000
NE;NORDESTE;2006-08-09;3068.00000000;90.91999817;3068.00000000;90.91999817
S;SUL;2006-08-09;1769.00000000;22.73999977;1640.00000000;21.07999992
SE;SUDESTE;2006-08-09;17693.00000000;104.11000061;16109.00000000;94.79000092
N;NORTE;2006-08-10;1695.00000000;104.97000122;1682.00000000;104.16999817
NE;NORDESTE;2006-08-10;3090.00000000;91.56999969;3090.00000000;91.56999969
S;SUL;2006-08-10;1667.00000000;21.43000031;1543.00000000;19.82999992
SE;SUDESTE;2006-08-10;17583.00000000;103.47000122;16019.00000000;94.26000214
N;NORTE;2006-08-11;1580.00000000;97.84999847;1568.00000000;97.11000061
NE;NORDESTE;2006-08-11;3126.00000000;92.63999939;3126.00000000;92.63999939
S;SUL;2006-08-11;1625.00000000;20.88999939;1507.00000000;19.37000084
SE;SUDESTE;2006-08-11;17385.00000000;102.30000305;15872.00000000;93.40000153
N;NORTE;2006-08-12;1548.00000000;95.87000275;1537.00000000;95.19000244
NE;NORDESTE;2006-08-12;3118.00000000;92.40000153;3118.00000000;92.40000153
S;SUL;2006-08-12;1476.00000000;18.96999931;1325.00000000;17.03000069
SE;SUDESTE;2006-08-12;17270.00000000;101.62000275;15834.00000000;93.16999817
N;NORTE;2006-08-13;1476.00000000;91.41000366;1465.00000000;90.73000336
NE;NORDESTE;2006-08-13;3108.00000000;92.09999847;3108.00000000;92.09999847
S;SUL;2006-08-13;1395.00000000;17.93000031;1229.00000000;15.80000019
SE;SUDESTE;2006-08-13;17120.00000000;100.73999786;15834.00000000;93.16999817
N;NORTE;2006-08-14;1478.00000000;91.54000092;1466.00000000;90.79000092
NE;NORDESTE;2006-08-14;3093.00000000;91.66000366;3093.00000000;91.66000366
S;SUL;2006-08-14;1527.00000000;19.62999916;1393.00000000;17.90999985
SE;SUDESTE;2006-08-14;16937.00000000;99.66000366;15561.00000000;91.56999969
N;NORTE;2006-08-15;1311.00000000;81.19000244;1299.00000000;80.44999695
NE;NORDESTE;2006-08-15;3086.00000000;91.44999695;3086.00000000;91.44999695
S;SUL;2006-08-15;2327.00000000;29.90999985;2206.00000000;28.36000061
SE;SUDESTE;2006-08-15;16751.00000000;98.56999969;15252.00000000;89.75000000
N;NORTE;2006-08-16;1253.00000000;77.59999847;1241.00000000;76.86000061
NE;NORDESTE;2006-08-16;3071.00000000;91.01000214;3050.00000000;90.37999725
S;SUL;2006-08-16;12819.00000000;164.77999878;12585.00000000;161.77000427
SE;SUDESTE;2006-08-16;16536.00000000;97.30999756;15010.00000000;88.33000183
N;NORTE;2006-08-17;1341.00000000;83.05000305;1329.00000000;82.30999756
NE;NORDESTE;2006-08-17;3064.00000000;90.80000305;3042.00000000;90.15000153
S;SUL;2006-08-17;17092.00000000;219.69999695;16597.00000000;213.33999634
SE;SUDESTE;2006-08-17;16281.00000000;95.80000305;14784.00000000;87.00000000
N;NORTE;2006-08-18;1337.00000000;82.80000305;1325.00000000;82.05999756
NE;NORDESTE;2006-08-18;3047.00000000;90.30000305;3022.00000000;89.55999756
S;SUL;2006-08-18;9167.00000000;117.83000183;8747.00000000;112.44000244
SE;SUDESTE;2006-08-18;16037.00000000;94.37000275;14451.00000000;85.04000092
N;NORTE;2006-08-19;1226.00000000;75.93000031;1214.00000000;75.19000244
NE;NORDESTE;2006-08-19;3037.00000000;90.00000000;3013.00000000;89.29000092
S;SUL;2006-08-19;6715.00000000;86.31999969;6413.00000000;82.43000031
SE;SUDESTE;2006-08-19;15953.00000000;93.87000275;14514.00000000;85.41000366
N;NORTE;2006-08-20;1286.00000000;79.63999939;1274.00000000;78.90000153
NE;NORDESTE;2006-08-20;3014.00000000;89.31999969;2995.00000000;88.76000214
S;SUL;2006-08-20;5635.00000000;72.43000031;5390.00000000;69.27999878
SE;SUDESTE;2006-08-20;15808.00000000;93.01999664;14619.00000000;86.01999664
N;NORTE;2006-08-21;1242.00000000;76.91999817;1230.00000000;76.18000031
NE;NORDESTE;2006-08-21;2995.00000000;88.76000214;2972.00000000;88.06999969
S;SUL;2006-08-21;4884.00000000;62.77999878;4670.00000000;60.02999878
SE;SUDESTE;2006-08-21;15738.00000000;92.61000061;14511.00000000;85.38999939
N;NORTE;2006-08-22;1319.00000000;81.69000244;1308.00000000;81.01000214
NE;NORDESTE;2006-08-22;2983.00000000;88.40000153;2957.00000000;87.62999725
S;SUL;2006-08-22;4156.00000000;53.41999817;3962.00000000;50.93000031
SE;SUDESTE;2006-08-22;15667.00000000;92.19000244;14278.00000000;84.01999664
N;NORTE;2006-08-23;1244.00000000;77.04000092;1234.00000000;76.41999817
NE;NORDESTE;2006-08-23;2948.00000000;87.36000061;2928.00000000;86.76999664
S;SUL;2006-08-23;3856.00000000;49.56999969;3669.00000000;47.15999985
SE;SUDESTE;2006-08-23;15490.00000000;91.15000153;14008.00000000;82.43000031
N;NORTE;2006-08-24;1388.00000000;85.95999908;1382.00000000;85.58999634
NE;NORDESTE;2006-08-24;2947.00000000;87.33000183;2927.00000000;86.73999786
S;SUL;2006-08-24;3470.00000000;44.59999847;3300.00000000;42.41999817
SE;SUDESTE;2006-08-24;15292.00000000;89.98000336;13714.00000000;80.69999695
N;NORTE;2006-08-25;1413.00000000;87.51000214;1410.00000000;87.31999969
NE;NORDESTE;2006-08-25;2958.00000000;87.66000366;2933.00000000;86.91999817
S;SUL;2006-08-25;3296.00000000;42.36999893;3124.00000000;40.15999985
SE;SUDESTE;2006-08-25;15085.00000000;88.76999664;13412.00000000;78.91999817
N;NORTE;2006-08-26;1532.00000000;94.87999725;1529.00000000;94.69000244
NE;NORDESTE;2006-08-26;2977.00000000;88.22000122;2952.00000000;87.48000336
S;SUL;2006-08-26;2744.00000000;35.27000046;2584.00000000;33.22000122
SE;SUDESTE;2006-08-26;14951.00000000;87.98000336;13354.00000000;78.58000183
N;NORTE;2006-08-27;1298.00000000;80.38999939;1294.00000000;80.13999939
NE;NORDESTE;2006-08-27;2978.00000000;88.25000000;2953.00000000;87.51000214
S;SUL;2006-08-27;2541.00000000;32.65999985;2380.00000000;30.59000015
SE;SUDESTE;2006-08-27;15079.00000000;88.73000336;13873.00000000;81.62999725
N;NORTE;2006-08-28;1393.00000000;86.26999664;1389.00000000;86.01999664
NE;NORDESTE;2006-08-28;2982.00000000;88.37000275;2956.00000000;87.59999847
S;SUL;2006-08-28;2469.00000000;31.73999977;2310.00000000;29.69000053
SE;SUDESTE;2006-08-28;15486.00000000;91.12999725;14148.00000000;83.25000000
N;NORTE;2006-08-29;1345.00000000;83.30000305;1341.00000000;83.05000305
NE;NORDESTE;2006-08-29;2979.00000000;88.27999878;2958.00000000;87.66000366
S;SUL;2006-08-29;2182.00000000;28.04999924;2022.00000000;25.98999977
SE;SUDESTE;2006-08-29;15807.00000000;93.01999664;14249.00000000;83.84999847
N;NORTE;2006-08-30;1322.00000000;81.87000275;1318.00000000;81.62999725
NE;NORDESTE;2006-08-30;3007.00000000;89.11000061;2982.00000000;88.37000275
S;SUL;2006-08-30;2236.00000000;28.73999977;2077.00000000;26.70000076
SE;SUDESTE;2006-08-30;16270.00000000;95.73999786;14855.00000000;87.41000366
N;NORTE;2006-08-31;1294.00000000;80.13999939;1290.00000000;79.88999939
NE;NORDESTE;2006-08-31;3006.00000000;89.08000183;2984.00000000;88.43000031
S;SUL;2006-08-31;2498.00000000;32.11000061;2339.00000000;30.06999969
SE;SUDESTE;2006-08-31;16734.00000000;98.47000122;15441.00000000;90.86000061
N;NORTE;2006-09-01;1357.00000000;106.31999969;1353.00000000;106.01000214
NE;NORDESTE;2006-09-01;3007.00000000;99.69000244;2980.00000000;98.80000305
S;SUL;2006-09-01;3017.00000000;33.34000015;2859.00000000;31.59000015
SE;SUDESTE;2006-09-01;17037.00000000;101.04000092;15406.00000000;91.37000275
N;NORTE;2006-09-02;1391.00000000;108.98000336;1388.00000000;108.75000000
NE;NORDESTE;2006-09-02;3000.00000000;99.45999908;2975.00000000;98.62999725
S;SUL;2006-09-02;4295.00000000;47.45999908;4202.00000000;46.43000031
SE;SUDESTE;2006-09-02;17386.00000000;103.11000061;13982.00000000;82.91999817
N;NORTE;2006-09-03;1253.00000000;98.16999817;1249.00000000;97.86000061
NE;NORDESTE;2006-09-03;3011.00000000;99.83000183;2985.00000000;98.95999908
S;SUL;2006-09-03;5174.00000000;57.16999817;5014.00000000;55.40999985
SE;SUDESTE;2006-09-03;17786.00000000;105.48999786;15633.00000000;92.72000122
N;NORTE;2006-09-04;1296.00000000;101.54000092;1292.00000000;101.23000336
NE;NORDESTE;2006-09-04;3033.00000000;100.55999756;3007.00000000;99.69000244
S;SUL;2006-09-04;4867.00000000;53.77999878;4790.00000000;52.93000031
SE;SUDESTE;2006-09-04;18139.00000000;107.58000183;17028.00000000;100.98999786
N;NORTE;2006-09-05;1322.00000000;103.58000183;1318.00000000;103.26000214
NE;NORDESTE;2006-09-05;3039.00000000;100.75000000;3016.00000000;99.98999786
S;SUL;2006-09-05;4224.00000000;46.68000031;4161.00000000;45.97999954
SE;SUDESTE;2006-09-05;18314.00000000;108.62000275;17292.00000000;102.55999756
N;NORTE;2006-09-06;1318.00000000;103.26000214;1314.00000000;102.94999695
NE;NORDESTE;2006-09-06;3023.00000000;100.22000122;2999.00000000;99.43000031
S;SUL;2006-09-06;3612.00000000;39.90999985;3473.00000000;38.38000107
SE;SUDESTE;2006-09-06;18529.00000000;109.88999939;17378.00000000;103.06999969
N;NORTE;2006-09-07;1347.00000000;105.54000092;1343.00000000;105.22000122
NE;NORDESTE;2006-09-07;2994.00000000;99.26000214;2970.00000000;98.47000122
S;SUL;2006-09-07;3344.00000000;36.95000076;3206.00000000;35.43000031
SE;SUDESTE;2006-09-07;18494.00000000;109.55999756;17364.00000000;102.87000275
N;NORTE;2006-09-08;1320.00000000;103.41999817;1316.00000000;103.11000061
NE;NORDESTE;2006-09-08;2965.00000000;98.30000305;2941.00000000;97.50000000
S;SUL;2006-09-08;3521.00000000;38.90999985;3383.00000000;37.38000107
SE;SUDESTE;2006-09-08;18193.00000000;107.77999878;17122.00000000;101.43000031
N;NORTE;2006-09-09;1247.00000000;97.69999695;1244.00000000;97.47000122
NE;NORDESTE;2006-09-09;2941.00000000;97.50000000;2918.00000000;96.73999786
S;SUL;2006-09-09;4081.00000000;45.09999847;3941.00000000;43.54999924
SE;SUDESTE;2006-09-09;17833.00000000;105.65000153;16788.00000000;99.45999908
N;NORTE;2006-09-10;1221.00000000;95.66000366;1217.00000000;95.34999847
NE;NORDESTE;2006-09-10;2916.00000000;96.68000031;2892.00000000;95.87999725
S;SUL;2006-09-10;4221.00000000;46.63999939;4069.00000000;44.95999908
SE;SUDESTE;2006-09-10;17592.00000000;104.22000122;16623.00000000;98.48000336
N;NORTE;2006-09-11;1228.00000000;96.20999908;1225.00000000;95.98000336
NE;NORDESTE;2006-09-11;2894.00000000;95.94999695;2871.00000000;95.18000031
S;SUL;2006-09-11;4082.00000000;45.11000061;3927.00000000;43.38999939
SE;SUDESTE;2006-09-11;17393.00000000;103.04000092;16272.00000000;96.40000153
N;NORTE;2006-09-12;1118.00000000;87.58999634;1114.00000000;87.27999878
NE;NORDESTE;2006-09-12;2896.00000000;96.01000214;2873.00000000;95.25000000
S;SUL;2006-09-12;3618.00000000;39.97999954;3550.00000000;39.22999954
SE;SUDESTE;2006-09-12;17045.00000000;100.98000336;15543.00000000;92.08000183
N;NORTE;2006-09-13;1198.00000000;93.86000061;1196.00000000;93.69999695
NE;NORDESTE;2006-09-13;2862.00000000;94.88999939;2840.00000000;94.16000366
S;SUL;2006-09-13;3210.00000000;35.47000122;3160.00000000;34.91999817
SE;SUDESTE;2006-09-13;16645.00000000;98.61000061;15087.00000000;89.37999725
N;NORTE;2006-09-14;1211.00000000;94.87999725;1211.00000000;94.87999725
NE;NORDESTE;2006-09-14;2843.00000000;94.26000214;2820.00000000;93.48999786
S;SUL;2006-09-14;2926.00000000;32.33000183;2869.00000000;31.70000076
SE;SUDESTE;2006-09-14;16123.00000000;95.51999664;14492.00000000;85.84999847
N;NORTE;2006-09-15;1161.00000000;90.95999908;1161.00000000;90.95999908
NE;NORDESTE;2006-09-15;2830.00000000;93.81999969;2808.00000000;93.09999847
S;SUL;2006-09-15;3214.00000000;35.52000046;3159.00000000;34.90999985
SE;SUDESTE;2006-09-15;15682.00000000;92.90000153;14071.00000000;83.36000061
N;NORTE;2006-09-16;1143.00000000;89.55000305;1143.00000000;89.55000305
NE;NORDESTE;2006-09-16;2831.00000000;93.86000061;2806.00000000;93.02999878
S;SUL;2006-09-16;3737.00000000;41.29000092;3596.00000000;39.74000168
SE;SUDESTE;2006-09-16;15374.00000000;91.08000183;14216.00000000;84.22000122
N;NORTE;2006-09-17;1150.00000000;90.09999847;1150.00000000;90.09999847
NE;NORDESTE;2006-09-17;2827.00000000;93.73000336;2803.00000000;92.93000031
S;SUL;2006-09-17;3879.00000000;42.86000061;3717.00000000;41.06999969
SE;SUDESTE;2006-09-17;15315.00000000;90.73000336;14240.00000000;84.36000061
N;NORTE;2006-09-18;1089.00000000;85.31999969;1089.00000000;85.31999969
NE;NORDESTE;2006-09-18;2831.00000000;93.86000061;2813.00000000;93.26000214
S;SUL;2006-09-18;3690.00000000;40.77000046;3596.00000000;39.74000168
SE;SUDESTE;2006-09-18;15907.00000000;94.23999786;14684.00000000;86.98999786
N;NORTE;2006-09-19;1088.00000000;85.23999786;1088.00000000;85.23999786
NE;NORDESTE;2006-09-19;2839.00000000;94.12000275;2820.00000000;93.48999786
S;SUL;2006-09-19;3624.00000000;40.04999924;3546.00000000;39.18000031
SE;SUDESTE;2006-09-19;16224.00000000;96.11000061;14765.00000000;87.47000122
N;NORTE;2006-09-20;1108.00000000;86.80999756;1108.00000000;86.80999756
NE;NORDESTE;2006-09-20;2904.00000000;96.27999878;2884.00000000;95.62000275
S;SUL;2006-09-20;4304.00000000;47.56000137;4226.00000000;46.70000076
SE;SUDESTE;2006-09-20;16674.00000000;98.77999878;15176.00000000;89.91000366
N;NORTE;2006-09-21;1106.00000000;86.65000153;1106.00000000;86.65000153
NE;NORDESTE;2006-09-21;2886.00000000;95.68000031;2868.00000000;95.08000183
S;SUL;2006-09-21;5203.00000000;57.49000168;5146.00000000;56.86000061
SE;SUDESTE;2006-09-21;17325.00000000;102.63999939;15880.00000000;94.08000183
N;NORTE;2006-09-22;1058.00000000;82.88999939;1058.00000000;82.88999939
NE;NORDESTE;2006-09-22;2868.00000000;95.08000183;2847.00000000;94.38999939
S;SUL;2006-09-22;5873.00000000;64.90000153;5860.00000000;64.75000000
SE;SUDESTE;2006-09-22;18055.00000000;106.95999908;16352.00000000;96.87000275
N;NORTE;2006-09-23;1060.00000000;83.05000305;1060.00000000;83.05000305
NE;NORDESTE;2006-09-23;2901.00000000;96.18000031;2879.00000000;95.44999695
S;SUL;2006-09-23;5698.00000000;62.95999908;5678.00000000;62.74000168
SE;SUDESTE;2006-09-23;18781.00000000;111.26000214;17449.00000000;103.37000275
N;NORTE;2006-09-24;996.00000000;78.02999878;996.00000000;78.02999878
NE;NORDESTE;2006-09-24;2871.00000000;95.18000031;2846.00000000;94.36000061
S;SUL;2006-09-24;5489.00000000;60.65000153;5351.00000000;59.13000107
SE;SUDESTE;2006-09-24;19432.00000000;115.12000275;18297.00000000;108.40000153
N;NORTE;2006-09-25;995.00000000;77.95999908;995.00000000;77.95999908
NE;NORDESTE;2006-09-25;2899.00000000;96.11000061;2875.00000000;95.31999969
S;SUL;2006-09-25;5447.00000000;60.18999863;5393.00000000;59.59000015
SE;SUDESTE;2006-09-25;19762.00000000;117.06999969;18714.00000000;110.87000275
N;NORTE;2006-09-26;1037.00000000;81.25000000;1037.00000000;81.25000000
NE;NORDESTE;2006-09-26;2909.00000000;96.44000244;2886.00000000;95.68000031
S;SUL;2006-09-26;5241.00000000;57.90999985;5186.00000000;57.31000137
SE;SUDESTE;2006-09-26;19886.00000000;117.80999756;18663.00000000;110.55999756
N;NORTE;2006-09-27;1165.00000000;91.27999878;1165.00000000;91.27999878
NE;NORDESTE;2006-09-27;2912.00000000;96.54000092;2889.00000000;95.77999878
S;SUL;2006-09-27;4787.00000000;52.90000153;4734.00000000;52.31000137
SE;SUDESTE;2006-09-27;19775.00000000;117.15000153;18563.00000000;109.97000122
N;NORTE;2006-09-28;1275.00000000;99.88999939;1275.00000000;99.88999939
NE;NORDESTE;2006-09-28;2905.00000000;96.30999756;2882.00000000;95.55000305
S;SUL;2006-09-28;4559.00000000;50.38000107;4502.00000000;49.75000000
SE;SUDESTE;2006-09-28;19736.00000000;116.91999817;18302.00000000;108.43000031
N;NORTE;2006-09-29;1364.00000000;106.87000275;1364.00000000;106.87000275
NE;NORDESTE;2006-09-29;2949.00000000;97.76999664;2927.00000000;97.04000092
S;SUL;2006-09-29;4316.00000000;47.68999863;4240.00000000;46.84999847
SE;SUDESTE;2006-09-29;19519.00000000;115.63999939;18092.00000000;107.18000031
N;NORTE;2006-09-30;1369.00000000;107.26000214;1369.00000000;107.26000214
NE;NORDESTE;2006-09-30;2924.00000000;96.94000244;2900.00000000;96.15000153
S;SUL;2006-09-30;4263.00000000;47.11000061;4209.00000000;46.50999832
SE;SUDESTE;2006-09-30;19340.00000000;114.56999969;18180.00000000;107.69999695
N;NORTE;2006-10-01;1448.00000000;101.50000000;1448.00000000;101.50000000
NE;NORDESTE;2006-10-01;2951.00000000;89.65000153;2928.00000000;88.95999908
S;SUL;2006-10-01;4726.00000000;45.06999969;4712.00000000;44.93000031
SE;SUDESTE;2006-10-01;19344.00000000;96.06999969;18037.00000000;89.58000183
N;NORTE;2006-10-02;1390.00000000;97.43000031;1390.00000000;97.43000031
NE;NORDESTE;2006-10-02;2979.00000000;90.50000000;2956.00000000;89.80999756
S;SUL;2006-10-02;5560.00000000;53.02000046;5547.00000000;52.90000153
SE;SUDESTE;2006-10-02;19437.00000000;96.54000092;18045.00000000;89.62000275
N;NORTE;2006-10-03;1280.00000000;89.72000122;1280.00000000;89.72000122
NE;NORDESTE;2006-10-03;3012.00000000;91.51000214;2998.00000000;91.08000183
S;SUL;2006-10-03;5858.00000000;55.86000061;5843.00000000;55.72000122
SE;SUDESTE;2006-10-03;19834.00000000;98.02999878;18522.00000000;91.55000305
N;NORTE;2006-10-04;1319.00000000;92.44999695;1319.00000000;92.44999695
NE;NORDESTE;2006-10-04;2976.00000000;90.41000366;2952.00000000;89.68000031
S;SUL;2006-10-04;5937.00000000;56.61000061;5923.00000000;56.47999954
SE;SUDESTE;2006-10-04;20681.00000000;102.22000122;19126.00000000;94.52999878
N;NORTE;2006-10-05;1283.00000000;89.93000031;1283.00000000;89.93000031
NE;NORDESTE;2006-10-05;2922.00000000;88.76999664;2898.00000000;88.04000092
S;SUL;2006-10-05;5837.00000000;55.65999985;5823.00000000;55.52999878
SE;SUDESTE;2006-10-05;21800.00000000;107.75000000;20063.00000000;99.16999817
N;NORTE;2006-10-06;1234.00000000;86.50000000;1234.00000000;86.50000000
NE;NORDESTE;2006-10-06;2881.00000000;87.52999878;2858.00000000;86.83000183
S;SUL;2006-10-06;5707.00000000;54.41999817;5694.00000000;54.29999924
SE;SUDESTE;2006-10-06;23219.00000000;114.76000214;21663.00000000;107.06999969
N;NORTE;2006-10-07;1219.00000000;85.44999695;1219.00000000;85.44999695
NE;NORDESTE;2006-10-07;2847.00000000;86.48999786;2824.00000000;85.80000305
S;SUL;2006-10-07;5525.00000000;52.68999863;5512.00000000;52.56000137
SE;SUDESTE;2006-10-07;24338.00000000;120.30000305;23114.00000000;114.25000000
N;NORTE;2006-10-08;1270.00000000;89.01999664;1270.00000000;89.01999664
NE;NORDESTE;2006-10-08;2817.00000000;85.58000183;2791.00000000;84.79000092
S;SUL;2006-10-08;5205.00000000;49.63000107;5192.00000000;49.50999832
SE;SUDESTE;2006-10-08;25239.00000000;124.75000000;24128.00000000;119.26000214
N;NORTE;2006-10-09;1166.00000000;81.73000336;1166.00000000;81.73000336
NE;NORDESTE;2006-10-09;2814.00000000;85.48999786;2791.00000000;84.79000092
S;SUL;2006-10-09;4889.00000000;46.61999893;4877.00000000;46.50999832
SE;SUDESTE;2006-10-09;25637.00000000;126.72000122;24456.00000000;120.87999725
N;NORTE;2006-10-10;1238.00000000;86.77999878;1238.00000000;86.77999878
NE;NORDESTE;2006-10-10;2835.00000000;86.12999725;2811.00000000;85.40000153
S;SUL;2006-10-10;4520.00000000;43.09999847;4508.00000000;42.99000168
SE;SUDESTE;2006-10-10;25728.00000000;127.16999817;24229.00000000;119.76000214
N;NORTE;2006-10-11;1187.00000000;83.19999695;1187.00000000;83.19999695
NE;NORDESTE;2006-10-11;2901.00000000;88.12999725;2878.00000000;87.44000244
S;SUL;2006-10-11;4144.00000000;39.52000046;4131.00000000;39.38999939
SE;SUDESTE;2006-10-11;25609.00000000;126.58000183;23989.00000000;118.56999969
N;NORTE;2006-10-12;1217.00000000;85.30999756;1217.00000000;85.30999756
NE;NORDESTE;2006-10-12;3012.00000000;91.51000214;2989.00000000;90.80999756
S;SUL;2006-10-12;3886.00000000;37.06000137;3873.00000000;36.93000031
SE;SUDESTE;2006-10-12;25458.00000000;125.83000183;24307.00000000;120.13999939
N;NORTE;2006-10-13;1259.00000000;88.25000000;1259.00000000;88.25000000
NE;NORDESTE;2006-10-13;3161.00000000;96.02999878;3140.00000000;95.40000153
S;SUL;2006-10-13;3912.00000000;37.29999924;3900.00000000;37.18999863
SE;SUDESTE;2006-10-13;25560.00000000;126.33999634;24182.00000000;119.51999664
N;NORTE;2006-10-14;1325.00000000;92.87999725;1325.00000000;92.87999725
NE;NORDESTE;2006-10-14;3369.00000000;102.34999847;3346.00000000;101.65000153
S;SUL;2006-10-14;3934.00000000;37.50999832;3921.00000000;37.38999939
SE;SUDESTE;2006-10-14;25933.00000000;128.17999268;24750.00000000;122.33000183
N;NORTE;2006-10-15;1304.00000000;91.40000153;1304.00000000;91.40000153
NE;NORDESTE;2006-10-15;3514.00000000;106.76000214;3489.00000000;106.00000000
S;SUL;2006-10-15;4176.00000000;39.81999969;4163.00000000;39.70000076
SE;SUDESTE;2006-10-15;26157.00000000;129.28999329;25018.00000000;123.66000366
N;NORTE;2006-10-16;1307.00000000;91.61000061;1307.00000000;91.61000061
NE;NORDESTE;2006-10-16;3650.00000000;110.88999939;3627.00000000;110.19000244
S;SUL;2006-10-16;4543.00000000;43.31999969;4530.00000000;43.20000076
SE;SUDESTE;2006-10-16;26634.00000000;131.63999939;25172.00000000;124.41999817
N;NORTE;2006-10-17;1367.00000000;95.81999969;1367.00000000;95.81999969
NE;NORDESTE;2006-10-17;3696.00000000;112.29000092;3682.00000000;111.86000061
S;SUL;2006-10-17;4543.00000000;43.31999969;4529.00000000;43.18999863
SE;SUDESTE;2006-10-17;27159.00000000;134.24000549;25771.00000000;127.37999725
N;NORTE;2006-10-18;1424.00000000;99.80999756;1424.00000000;99.80999756
NE;NORDESTE;2006-10-18;3761.00000000;114.26000214;3751.00000000;113.95999908
S;SUL;2006-10-18;4521.00000000;43.11000061;4508.00000000;42.99000168
SE;SUDESTE;2006-10-18;28000.00000000;138.39999390;26712.00000000;132.02999878
N;NORTE;2006-10-19;1493.00000000;104.65000153;1493.00000000;104.65000153
NE;NORDESTE;2006-10-19;3856.00000000;117.15000153;3846.00000000;116.83999634
S;SUL;2006-10-19;4489.00000000;42.81000137;4475.00000000;42.66999817
SE;SUDESTE;2006-10-19;28598.00000000;141.35000610;26963.00000000;133.27000427
N;NORTE;2006-10-20;1538.00000000;107.80999756;1538.00000000;107.80999756
NE;NORDESTE;2006-10-20;4070.00000000;123.65000153;4046.00000000;122.91999817
S;SUL;2006-10-20;4193.00000000;39.97999954;4179.00000000;39.84999847
SE;SUDESTE;2006-10-20;28976.00000000;143.22000122;27228.00000000;134.58000183
N;NORTE;2006-10-21;1591.00000000;111.51999664;1591.00000000;111.51999664
NE;NORDESTE;2006-10-21;4352.00000000;132.22000122;4331.00000000;131.58000183
S;SUL;2006-10-21;3795.00000000;36.18999863;3780.00000000;36.04999924
SE;SUDESTE;2006-10-21;29500.00000000;145.80999756;27929.00000000;138.03999329
N;NORTE;2006-10-22;1642.00000000;115.09999847;1642.00000000;115.09999847
NE;NORDESTE;2006-10-22;4590.00000000;139.44999695;4590.00000000;139.44999695
S;SUL;2006-10-22;3516.00000000;33.52999878;3503.00000000;33.40000153
SE;SUDESTE;2006-10-22;28924.00000000;142.96000671;27605.00000000;136.44000244
N;NORTE;2006-10-23;1761.00000000;123.44000244;1761.00000000;123.44000244
NE;NORDESTE;2006-10-23;4914.00000000;149.28999329;4914.00000000;149.28999329
S;SUL;2006-10-23;3186.00000000;30.37999916;3173.00000000;30.26000023
SE;SUDESTE;2006-10-23;28131.00000000;139.03999329;26687.00000000;131.91000366
N;NORTE;2006-10-24;1879.00000000;131.71000671;1879.00000000;131.71000671
NE;NORDESTE;2006-10-24;5225.00000000;158.74000549;5224.00000000;158.71000671
S;SUL;2006-10-24;2922.00000000;27.86000061;2909.00000000;27.73999977
SE;SUDESTE;2006-10-24;27151.00000000;134.19999695;25554.00000000;126.30999756
N;NORTE;2006-10-25;2013.00000000;141.10000610;2013.00000000;141.10000610
NE;NORDESTE;2006-10-25;5400.00000000;164.05999756;5384.00000000;163.57000732
S;SUL;2006-10-25;2768.00000000;26.39999962;2755.00000000;26.27000046
SE;SUDESTE;2006-10-25;26177.00000000;129.38000488;24362.00000000;120.41000366
N;NORTE;2006-10-26;2019.00000000;141.52000427;2019.00000000;141.52000427
NE;NORDESTE;2006-10-26;5416.00000000;164.53999329;5395.00000000;163.89999390
S;SUL;2006-10-26;2628.00000000;25.05999947;2616.00000000;24.95000076
SE;SUDESTE;2006-10-26;25357.00000000;125.33000183;23674.00000000;117.01000214
N;NORTE;2006-10-27;2068.00000000;144.96000671;2068.00000000;144.96000671
NE;NORDESTE;2006-10-27;5438.00000000;165.21000671;5421.00000000;164.69000244
S;SUL;2006-10-27;2477.00000000;23.62000084;2464.00000000;23.50000000
SE;SUDESTE;2006-10-27;24319.00000000;120.19999695;22690.00000000;112.15000153
N;NORTE;2006-10-28;1986.00000000;139.21000671;1986.00000000;139.21000671
NE;NORDESTE;2006-10-28;5462.00000000;165.94000244;5438.00000000;165.21000671
S;SUL;2006-10-28;2291.00000000;21.85000038;2278.00000000;21.71999931
SE;SUDESTE;2006-10-28;23358.00000000;115.44999695;21831.00000000;107.90000153
N;NORTE;2006-10-29;1941.00000000;136.05000305;1941.00000000;136.05000305
NE;NORDESTE;2006-10-29;5569.00000000;169.19000244;5546.00000000;168.49000549
S;SUL;2006-10-29;2254.00000000;21.48999977;2241.00000000;21.37000084
SE;SUDESTE;2006-10-29;22540.00000000;111.41000366;21060.00000000;104.08999634
N;NORTE;2006-10-30;1950.00000000;136.67999268;1950.00000000;136.67999268
NE;NORDESTE;2006-10-30;5788.00000000;175.83999634;5765.00000000;175.14999390
S;SUL;2006-10-30;2376.00000000;22.65999985;2341.00000000;22.31999969
SE;SUDESTE;2006-10-30;21872.00000000;108.11000061;21018.00000000;103.88999939
N;NORTE;2006-10-31;2142.00000000;150.13999939;2142.00000000;150.13999939
NE;NORDESTE;2006-10-31;6075.00000000;184.55999756;6052.00000000;183.86000061
S;SUL;2006-10-31;2517.00000000;24.00000000;2504.00000000;23.87999916
SE;SUDESTE;2006-10-31;21369.00000000;105.62000275;20500.00000000;101.33000183
N;NORTE;2006-11-01;2193.00000000;93.12999725;2193.00000000;93.12999725
NE;NORDESTE;2006-11-01;6370.00000000;118.37999725;6359.00000000;118.18000031
S;SUL;2006-11-01;2607.00000000;34.95999908;2592.00000000;34.75999832
SE;SUDESTE;2006-11-01;21460.00000000;82.83999634;20596.00000000;79.50000000
N;NORTE;2006-11-02;2381.00000000;101.12000275;2381.00000000;101.12000275
NE;NORDESTE;2006-11-02;6489.00000000;120.58999634;6479.00000000;120.41000366
S;SUL;2006-11-02;3022.00000000;40.52000046;3010.00000000;40.36000061
SE;SUDESTE;2006-11-02;21997.00000000;84.91000366;21402.00000000;82.61000061
N;NORTE;2006-11-03;2444.00000000;103.79000092;2444.00000000;103.79000092
NE;NORDESTE;2006-11-03;6451.00000000;119.88999939;6431.00000000;119.51000214
S;SUL;2006-11-03;3571.00000000;47.88000107;3556.00000000;47.68000031
SE;SUDESTE;2006-11-03;22922.00000000;88.48000336;22042.00000000;85.08000183
N;NORTE;2006-11-04;2519.00000000;106.98000336;2519.00000000;106.98000336
NE;NORDESTE;2006-11-04;6518.00000000;121.12999725;6494.00000000;120.68000031
S;SUL;2006-11-04;3588.00000000;48.11000061;3570.00000000;47.86999893
SE;SUDESTE;2006-11-04;24143.00000000;93.19000244;23253.00000000;89.76000214
N;NORTE;2006-11-05;2559.00000000;108.68000031;2559.00000000;108.68000031
NE;NORDESTE;2006-11-05;6678.00000000;124.09999847;6657.00000000;123.70999908
S;SUL;2006-11-05;3394.00000000;45.50999832;3381.00000000;45.34000015
SE;SUDESTE;2006-11-05;26095.00000000;100.73000336;25480.00000000;98.34999847
N;NORTE;2006-11-06;2665.00000000;113.18000031;2665.00000000;113.18000031
NE;NORDESTE;2006-11-06;6648.00000000;123.55000305;6647.00000000;123.52999878
S;SUL;2006-11-06;5297.00000000;71.02999878;5285.00000000;70.87000275
SE;SUDESTE;2006-11-06;26916.00000000;103.90000153;26244.00000000;101.30000305
N;NORTE;2006-11-07;2618.00000000;111.18000031;2618.00000000;111.18000031
NE;NORDESTE;2006-11-07;6533.00000000;121.41000366;6523.00000000;121.22000122
S;SUL;2006-11-07;6134.00000000;82.25000000;6119.00000000;82.05000305
SE;SUDESTE;2006-11-07;27739.00000000;107.06999969;27134.00000000;104.73999786
N;NORTE;2006-11-08;2688.00000000;114.15000153;2688.00000000;114.15000153
NE;NORDESTE;2006-11-08;6308.00000000;117.23000336;6299.00000000;117.05999756
S;SUL;2006-11-08;5670.00000000;76.02999878;5651.00000000;75.76999664
SE;SUDESTE;2006-11-08;28999.00000000;111.94000244;28220.00000000;108.93000031
N;NORTE;2006-11-09;2640.00000000;112.12000275;2640.00000000;112.12000275
NE;NORDESTE;2006-11-09;6263.00000000;116.38999939;6254.00000000;116.22000122
S;SUL;2006-11-09;4553.00000000;61.04999924;4538.00000000;60.84999847
SE;SUDESTE;2006-11-09;31386.00000000;121.15000153;30637.00000000;118.26000214
N;NORTE;2006-11-10;2601.00000000;110.45999908;2601.00000000;110.45999908
NE;NORDESTE;2006-11-10;6092.00000000;113.20999908;6092.00000000;113.20999908
S;SUL;2006-11-10;3913.00000000;52.47000122;3897.00000000;52.25999832
SE;SUDESTE;2006-11-10;33798.00000000;130.46000671;33093.00000000;127.73999786
N;NORTE;2006-11-11;2555.00000000;108.51000214;2555.00000000;108.51000214
NE;NORDESTE;2006-11-11;6298.00000000;117.04000092;6298.00000000;117.04000092
S;SUL;2006-11-11;3354.00000000;44.97000122;3334.00000000;44.70999908
SE;SUDESTE;2006-11-11;34046.00000000;131.41999817;33390.00000000;128.88999939
N;NORTE;2006-11-12;2713.00000000;115.22000122;2713.00000000;115.22000122
NE;NORDESTE;2006-11-12;7524.00000000;139.83000183;7115.00000000;132.22999573
S;SUL;2006-11-12;2961.00000000;39.70000076;2942.00000000;39.45000076
SE;SUDESTE;2006-11-12;32456.00000000;125.27999878;31757.00000000;122.58000183
N;NORTE;2006-11-13;2928.00000000;124.34999847;2928.00000000;124.34999847
NE;NORDESTE;2006-11-13;8929.00000000;165.94000244;7407.00000000;137.64999390
S;SUL;2006-11-13;2686.00000000;36.02000046;2672.00000000;35.83000183
SE;SUDESTE;2006-11-13;30563.00000000;117.97000122;29921.00000000;115.48999786
N;NORTE;2006-11-14;3132.00000000;133.00999451;3132.00000000;133.00999451
NE;NORDESTE;2006-11-14;8608.00000000;159.97000122;7757.00000000;144.16000366
S;SUL;2006-11-14;2478.00000000;33.22999954;2462.00000000;33.00999832
SE;SUDESTE;2006-11-14;28818.00000000;111.23999786;27667.00000000;106.79000092
N;NORTE;2006-11-15;3262.00000000;138.52999878;3262.00000000;138.52999878
NE;NORDESTE;2006-11-15;8354.00000000;155.25000000;7822.00000000;145.36000061
S;SUL;2006-11-15;2399.00000000;32.16999817;2381.00000000;31.93000031
SE;SUDESTE;2006-11-15;27674.00000000;106.81999969;25968.00000000;100.23999786
N;NORTE;2006-11-16;3466.00000000;147.19000244;3466.00000000;147.19000244
NE;NORDESTE;2006-11-16;8510.00000000;158.14999390;8201.00000000;152.41000366
S;SUL;2006-11-16;2399.00000000;32.16999817;2385.00000000;31.97999954
SE;SUDESTE;2006-11-16;26708.00000000;103.08999634;24750.00000000;95.52999878
N;NORTE;2006-11-17;3514.00000000;149.22999573;3514.00000000;149.22999573
NE;NORDESTE;2006-11-17;8866.00000000;164.77000427;8766.00000000;162.91000366
S;SUL;2006-11-17;2514.00000000;33.70999908;2498.00000000;33.50000000
SE;SUDESTE;2006-11-17;25488.00000000;98.37999725;23344.00000000;90.11000061
N;NORTE;2006-11-18;3576.00000000;151.86999512;3576.00000000;151.86999512
NE;NORDESTE;2006-11-18;9408.00000000;174.83999634;9345.00000000;173.66999817
S;SUL;2006-11-18;4051.00000000;54.31999969;4034.00000000;54.09000015
SE;SUDESTE;2006-11-18;24301.00000000;93.80000305;22396.00000000;86.44999695
N;NORTE;2006-11-19;3838.00000000;162.99000549;3838.00000000;162.99000549
NE;NORDESTE;2006-11-19;10011.00000000;186.03999329;9998.00000000;185.80000305
S;SUL;2006-11-19;9437.00000000;126.54000092;9419.00000000;126.30000305
SE;SUDESTE;2006-11-19;23222.00000000;89.63999939;21483.00000000;82.91999817
N;NORTE;2006-11-20;4107.00000000;174.41999817;4107.00000000;174.41999817
NE;NORDESTE;2006-11-20;10456.00000000;194.30999756;10115.00000000;187.97999573
S;SUL;2006-11-20;12341.00000000;165.47999573;12326.00000000;165.27999878
SE;SUDESTE;2006-11-20;22647.00000000;87.41999817;21007.00000000;81.08999634
N;NORTE;2006-11-21;4017.00000000;170.58999634;4017.00000000;170.58999634
NE;NORDESTE;2006-11-21;10836.00000000;201.38000488;10836.00000000;201.38000488
S;SUL;2006-11-21;9918.00000000;132.99000549;9880.00000000;132.47999573
SE;SUDESTE;2006-11-21;23128.00000000;89.26999664;21375.00000000;82.51000214
N;NORTE;2006-11-22;3824.00000000;162.39999390;3824.00000000;162.39999390
NE;NORDESTE;2006-11-22;10995.00000000;204.33000183;10995.00000000;204.33000183
S;SUL;2006-11-22;7595.00000000;101.83999634;7566.00000000;101.44999695
SE;SUDESTE;2006-11-22;24035.00000000;92.76999664;22099.00000000;85.30000305
N;NORTE;2006-11-23;3733.00000000;158.52999878;3733.00000000;158.52999878
NE;NORDESTE;2006-11-23;11263.00000000;209.30999756;11263.00000000;209.30999756
S;SUL;2006-11-23;6422.00000000;86.11000061;6407.00000000;85.91000366
SE;SUDESTE;2006-11-23;24416.00000000;94.25000000;22422.00000000;86.55000305
N;NORTE;2006-11-24;3627.00000000;154.02999878;3627.00000000;154.02999878
NE;NORDESTE;2006-11-24;11512.00000000;213.94000244;11512.00000000;213.94000244
S;SUL;2006-11-24;6041.00000000;81.00000000;6025.00000000;80.79000092
SE;SUDESTE;2006-11-24;24747.00000000;95.51999664;22881.00000000;88.31999969
N;NORTE;2006-11-25;3358.00000000;142.61000061;3358.00000000;142.61000061
NE;NORDESTE;2006-11-25;11723.00000000;217.86000061;11723.00000000;217.86000061
S;SUL;2006-11-25;5904.00000000;79.16999817;5865.00000000;78.63999939
SE;SUDESTE;2006-11-25;25450.00000000;98.23999786;23681.00000000;91.41000366
N;NORTE;2006-11-26;3120.00000000;132.50000000;3120.00000000;132.50000000
NE;NORDESTE;2006-11-26;11305.00000000;210.08999634;11305.00000000;210.08999634
S;SUL;2006-11-26;5997.00000000;80.41000366;5979.00000000;80.16999817
SE;SUDESTE;2006-11-26;26795.00000000;103.43000031;25272.00000000;97.55000305
N;NORTE;2006-11-27;3118.00000000;132.41999817;3118.00000000;132.41999817
NE;NORDESTE;2006-11-27;10607.00000000;197.11999512;10607.00000000;197.11999512
S;SUL;2006-11-27;6436.00000000;86.30000305;6419.00000000;86.06999969
SE;SUDESTE;2006-11-27;28464.00000000;109.87000275;26862.00000000;103.69000244
N;NORTE;2006-11-28;2948.00000000;125.19999695;2948.00000000;125.19999695
NE;NORDESTE;2006-11-28;9668.00000000;179.66999817;9668.00000000;179.66999817
S;SUL;2006-11-28;7413.00000000;99.40000153;7396.00000000;99.16999817
SE;SUDESTE;2006-11-28;31204.00000000;120.44999695;29376.00000000;113.38999939
N;NORTE;2006-11-29;2926.00000000;124.26000214;2926.00000000;124.26000214
NE;NORDESTE;2006-11-29;8796.00000000;163.47000122;8796.00000000;163.47000122
S;SUL;2006-11-29;8316.00000000;111.51000214;8300.00000000;111.30000305
SE;SUDESTE;2006-11-29;33167.00000000;128.02000427;31178.00000000;120.34999847
N;NORTE;2006-11-30;3058.00000000;129.86999512;3058.00000000;129.86999512
NE;NORDESTE;2006-11-30;8263.00000000;153.55999756;8263.00000000;153.55999756
S;SUL;2006-11-30;7153.00000000;95.91999817;7140.00000000;95.73999786
SE;SUDESTE;2006-11-30;35482.00000000;136.96000671;33387.00000000;128.86999512
N;NORTE;2006-12-01;3148.00000000;68.04000092;3148.00000000;68.04000092
NE;NORDESTE;2006-12-01;8021.00000000;80.33000183;8021.00000000;80.33000183
S;SUL;2006-12-01;6386.00000000;106.59999847;6374.00000000;106.40000153
SE;SUDESTE;2006-12-01;37977.00000000;97.13999939;35769.00000000;91.48999786
N;NORTE;2006-12-02;3146.00000000;67.98999786;3146.00000000;67.98999786
NE;NORDESTE;2006-12-02;7797.00000000;78.08999634;7797.00000000;78.08999634
S;SUL;2006-12-02;5579.00000000;93.12999725;5568.00000000;92.94000244
SE;SUDESTE;2006-12-02;40270.00000000;103.00000000;37352.00000000;95.54000092
N;NORTE;2006-12-03;3182.00000000;68.76999664;3182.00000000;68.76999664
NE;NORDESTE;2006-12-03;7926.00000000;79.37999725;7926.00000000;79.37999725
S;SUL;2006-12-03;5070.00000000;84.62999725;5063.00000000;84.51000214
SE;SUDESTE;2006-12-03;41068.00000000;105.04000092;38619.00000000;98.77999878
N;NORTE;2006-12-04;3106.00000000;67.12999725;3106.00000000;67.12999725
NE;NORDESTE;2006-12-04;8118.00000000;81.30000305;8118.00000000;81.30000305
S;SUL;2006-12-04;4705.00000000;78.54000092;4699.00000000;78.44000244
SE;SUDESTE;2006-12-04;41068.00000000;105.04000092;38882.00000000;99.44999695
N;NORTE;2006-12-05;3107.00000000;67.15000153;3107.00000000;67.15000153
NE;NORDESTE;2006-12-05;8354.00000000;83.66999817;8354.00000000;83.66999817
S;SUL;2006-12-05;4711.00000000;78.63999939;4704.00000000;78.51999664
SE;SUDESTE;2006-12-05;41431.00000000;105.97000122;38935.00000000;99.58999634
N;NORTE;2006-12-06;3187.00000000;68.87999725;3187.00000000;68.87999725
NE;NORDESTE;2006-12-06;8408.00000000;84.20999908;8408.00000000;84.20999908
S;SUL;2006-12-06;5855.00000000;97.73000336;5836.00000000;97.41999817
SE;SUDESTE;2006-12-06;42460.00000000;108.59999847;39829.00000000;101.87999725
N;NORTE;2006-12-07;3089.00000000;66.76000214;3089.00000000;66.76000214
NE;NORDESTE;2006-12-07;8429.00000000;84.41999817;8429.00000000;84.41999817
S;SUL;2006-12-07;6409.00000000;106.98000336;6396.00000000;106.76000214
SE;SUDESTE;2006-12-07;43996.00000000;112.52999878;41719.00000000;106.70999908
N;NORTE;2006-12-08;3201.00000000;69.18000031;3201.00000000;69.18000031
NE;NORDESTE;2006-12-08;8451.00000000;84.63999939;8451.00000000;84.63999939
S;SUL;2006-12-08;5518.00000000;92.11000061;5506.00000000;91.91000366
SE;SUDESTE;2006-12-08;45573.00000000;116.56999969;43477.00000000;111.20999908
N;NORTE;2006-12-09;3354.00000000;72.48999786;3354.00000000;72.48999786
NE;NORDESTE;2006-12-09;8876.00000000;88.88999939;8876.00000000;88.88999939
S;SUL;2006-12-09;4950.00000000;82.62999725;4937.00000000;82.41000366
SE;SUDESTE;2006-12-09;47535.00000000;121.58999634;45642.00000000;116.73999786
N;NORTE;2006-12-10;3311.00000000;71.55999756;3311.00000000;71.55999756
NE;NORDESTE;2006-12-10;9327.00000000;93.41000366;9327.00000000;93.41000366
S;SUL;2006-12-10;4445.00000000;74.19999695;4433.00000000;74.00000000
SE;SUDESTE;2006-12-10;49070.00000000;125.51000214;46961.00000000;120.12000275
N;NORTE;2006-12-11;3496.00000000;75.55999756;3496.00000000;75.55999756
NE;NORDESTE;2006-12-11;9985.00000000;100.00000000;9985.00000000;100.00000000
S;SUL;2006-12-11;4120.00000000;68.76999664;4107.00000000;68.55999756
SE;SUDESTE;2006-12-11;52765.00000000;134.96000671;49951.00000000;127.76999664
N;NORTE;2006-12-12;3678.00000000;79.48999786;3678.00000000;79.48999786
NE;NORDESTE;2006-12-12;10911.00000000;109.26999664;10870.00000000;108.86000061
S;SUL;2006-12-12;3854.00000000;64.33000183;3840.00000000;64.09999847
SE;SUDESTE;2006-12-12;55437.00000000;141.80000305;51651.00000000;132.11000061
N;NORTE;2006-12-13;3698.00000000;79.91999817;3698.00000000;79.91999817
NE;NORDESTE;2006-12-13;12413.00000000;124.31999969;11793.00000000;118.11000061
S;SUL;2006-12-13;3702.00000000;61.79999924;3689.00000000;61.58000183
SE;SUDESTE;2006-12-13;57775.00000000;147.77999878;53186.00000000;136.03999329
N;NORTE;2006-12-14;3641.00000000;78.69000244;3641.00000000;78.69000244
NE;NORDESTE;2006-12-14;13146.00000000;131.66000366;12405.00000000;124.23999786
S;SUL;2006-12-14;3495.00000000;58.34000015;3449.00000000;57.56999969
SE;SUDESTE;2006-12-14;58593.00000000;149.86999512;54186.00000000;138.60000610
N;NORTE;2006-12-15;3788.00000000;81.87000275;3788.00000000;81.87000275
NE;NORDESTE;2006-12-15;13741.00000000;137.61999512;12982.00000000;130.02000427
S;SUL;2006-12-15;3351.00000000;55.93999863;3334.00000000;55.65000153
SE;SUDESTE;2006-12-15;60411.00000000;154.52000427;56535.00000000;144.61000061
N;NORTE;2006-12-16;3620.00000000;78.23999786;3620.00000000;78.23999786
NE;NORDESTE;2006-12-16;13925.00000000;139.46000671;13296.00000000;133.16000366
S;SUL;2006-12-16;3192.00000000;53.27999878;3184.00000000;53.15000153
SE;SUDESTE;2006-12-16;62042.00000000;158.69000244;58507.00000000;149.64999390
N;NORTE;2006-12-17;3728.00000000;80.56999969;3728.00000000;80.56999969
NE;NORDESTE;2006-12-17;13850.00000000;138.71000671;13563.00000000;135.83000183
S;SUL;2006-12-17;2957.00000000;49.36000061;2949.00000000;49.22999954
SE;SUDESTE;2006-12-17;62517.00000000;159.91000366;59123.00000000;151.22999573
N;NORTE;2006-12-18;3773.00000000;81.54000092;3773.00000000;81.54000092
NE;NORDESTE;2006-12-18;13868.00000000;138.88999939;13653.00000000;136.74000549
S;SUL;2006-12-18;2882.00000000;48.11000061;2874.00000000;47.97000122
SE;SUDESTE;2006-12-18;62635.00000000;160.21000671;59468.00000000;152.11000061
N;NORTE;2006-12-19;4078.00000000;88.13999939;4078.00000000;88.13999939
NE;NORDESTE;2006-12-19;14332.00000000;143.53999329;14009.00000000;140.30000305
S;SUL;2006-12-19;3245.00000000;54.16999817;3234.00000000;53.97999954
SE;SUDESTE;2006-12-19;62867.00000000;160.80000305;59791.00000000;152.92999268
N;NORTE;2006-12-20;4119.00000000;89.01999664;4119.00000000;89.01999664
NE;NORDESTE;2006-12-20;15175.00000000;151.97999573;14547.00000000;145.69000244
S;SUL;2006-12-20;4580.00000000;76.44999695;4569.00000000;76.26999664
SE;SUDESTE;2006-12-20;63341.00000000;162.00999451;60627.00000000;155.07000732
N;NORTE;2006-12-21;4417.00000000;95.45999908;4417.00000000;95.45999908
NE;NORDESTE;2006-12-21;15295.00000000;153.17999268;14805.00000000;148.27000427
S;SUL;2006-12-21;5094.00000000;85.02999878;5076.00000000;84.73000336
SE;SUDESTE;2006-12-21;62596.00000000;160.11000061;59926.00000000;153.27999878
N;NORTE;2006-12-22;4458.00000000;96.34999847;4458.00000000;96.34999847
NE;NORDESTE;2006-12-22;14997.00000000;150.19999695;14794.00000000;148.16000366
S;SUL;2006-12-22;5169.00000000;86.27999878;5137.00000000;85.75000000
SE;SUDESTE;2006-12-22;61251.00000000;156.66999817;58824.00000000;150.46000671
N;NORTE;2006-12-23;4508.00000000;97.43000031;4508.00000000;97.43000031
NE;NORDESTE;2006-12-23;14632.00000000;146.53999329;14559.00000000;145.80999756
S;SUL;2006-12-23;5275.00000000;88.05000305;5269.00000000;87.94999695
SE;SUDESTE;2006-12-23;60234.00000000;154.07000732;58047.00000000;148.47000122
N;NORTE;2006-12-24;4559.00000000;98.52999878;4559.00000000;98.52999878
NE;NORDESTE;2006-12-24;14328.00000000;143.50000000;14328.00000000;143.50000000
S;SUL;2006-12-24;8171.00000000;136.38999939;8164.00000000;136.27999878
SE;SUDESTE;2006-12-24;59683.00000000;152.66000366;57661.00000000;147.49000549
N;NORTE;2006-12-25;4749.00000000;102.63999939;4749.00000000;102.63999939
NE;NORDESTE;2006-12-25;14076.00000000;140.97000122;14076.00000000;140.97000122
S;SUL;2006-12-25;10001.00000000;166.94000244;9994.00000000;166.82000732
SE;SUDESTE;2006-12-25;58216.00000000;148.91000366;53592.00000000;137.08000183
N;NORTE;2006-12-26;4750.00000000;102.66000366;4750.00000000;102.66000366
NE;NORDESTE;2006-12-26;14147.00000000;141.67999268;14147.00000000;141.67999268
S;SUL;2006-12-26;12316.00000000;205.58000183;12309.00000000;205.47000122
SE;SUDESTE;2006-12-26;58992.00000000;150.88999939;54408.00000000;139.16999817
N;NORTE;2006-12-27;4739.00000000;102.41999817;4739.00000000;102.41999817
NE;NORDESTE;2006-12-27;14144.00000000;141.64999390;14144.00000000;141.64999390
S;SUL;2006-12-27;11443.00000000;191.00999451;11412.00000000;190.49000549
SE;SUDESTE;2006-12-27;58448.00000000;149.50000000;54075.00000000;138.30999756
N;NORTE;2006-12-28;4712.00000000;101.83999634;4712.00000000;101.83999634
NE;NORDESTE;2006-12-28;14257.00000000;142.78999329;14257.00000000;142.78999329
S;SUL;2006-12-28;9357.00000000;156.19000244;9346.00000000;156.00999451
SE;SUDESTE;2006-12-28;57458.00000000;146.97000122;51973.00000000;132.94000244
N;NORTE;2006-12-29;4642.00000000;100.31999969;4642.00000000;100.31999969
NE;NORDESTE;2006-12-29;14416.00000000;144.38000488;14416.00000000;144.38000488
S;SUL;2006-12-29;7737.00000000;129.14999390;7723.00000000;128.91999817
SE;SUDESTE;2006-12-29;59219.00000000;151.47000122;53218.00000000;136.11999512
N;NORTE;2006-12-30;4734.00000000;102.30999756;4734.00000000;102.30999756
NE;NORDESTE;2006-12-30;14616.00000000;146.38000488;14616.00000000;146.38000488
S;SUL;2006-12-30;6662.00000000;111.19999695;6655.00000000;111.08999634
SE;SUDESTE;2006-12-30;58952.00000000;150.78999329;52565.00000000;134.44999695
N;NORTE;2006-12-31;4634.00000000;100.15000153;4634.00000000;100.15000153
NE;NORDESTE;2006-12-31;14916.00000000;149.38999939;14916.00000000;149.38999939
S;SUL;2006-12-31;5906.00000000;98.58999634;5899.00000000;98.47000122
SE;SUDESTE;2006-12-31;58498.00000000;149.63000488;51437.00000000;131.57000732
