id_subsistema;nom_subsistema;ena_data;ena_bruta_regiao_mwmed;ena_bruta_regiao_percentualmlt;ena_armazenavel_regiao_mwmed;ena_armazenavel_regiao_percentualmlt
N;NORTE;2012-01-01;6947.00000000;84.80999756;6947.00000000;84.80999756
NE;NORDESTE;2012-01-01;14871.00000000;107.66999817;14871.00000000;107.66999817
S;SUL;2012-01-01;4217.00000000;59.13000107;4175.00000000;58.54000092
SE;SUDESTE;2012-01-01;51407.00000000;93.47000122;46488.00000000;84.52999878
N;NORTE;2012-01-02;6808.00000000;83.11000061;6808.00000000;83.11000061
NE;NORDESTE;2012-01-02;15146.00000000;109.66000366;15102.00000000;109.34999847
S;SUL;2012-01-02;4649.00000000;65.18000031;4555.00000000;63.86999893
SE;SUDESTE;2012-01-02;56085.00000000;101.98000336;52032.00000000;94.61000061
N;NORTE;2012-01-03;6677.00000000;81.51000214;6677.00000000;81.51000214
NE;NORDESTE;2012-01-03;15568.00000000;112.72000122;15447.00000000;111.83999634
S;SUL;2012-01-03;4689.00000000;65.75000000;4600.00000000;64.50000000
SE;SUDESTE;2012-01-03;62970.00000000;114.50000000;57387.00000000;104.34999847
N;NORTE;2012-01-04;6693.00000000;81.70999908;6693.00000000;81.70999908
NE;NORDESTE;2012-01-04;15918.00000000;115.25000000;15859.00000000;114.83000183
S;SUL;2012-01-04;4345.00000000;60.91999817;4306.00000000;60.38000107
SE;SUDESTE;2012-01-04;69045.00000000;125.54000092;61729.00000000;112.23999786
N;NORTE;2012-01-05;6853.00000000;83.66000366;6853.00000000;83.66000366
NE;NORDESTE;2012-01-05;16325.00000000;118.19999695;15941.00000000;115.41999817
S;SUL;2012-01-05;3976.00000000;55.75000000;3937.00000000;55.20000076
SE;SUDESTE;2012-01-05;71976.00000000;130.86999512;62657.00000000;113.93000031
N;NORTE;2012-01-06;7090.00000000;86.55000305;7090.00000000;86.55000305
NE;NORDESTE;2012-01-06;16547.00000000;119.80999756;16136.00000000;116.83000183
S;SUL;2012-01-06;3747.00000000;52.54000092;3703.00000000;51.91999817
SE;SUDESTE;2012-01-06;71961.00000000;130.85000610;62694.00000000;114.00000000
N;NORTE;2012-01-07;7411.00000000;90.47000122;7411.00000000;90.47000122
NE;NORDESTE;2012-01-07;16783.00000000;121.51999664;16506.00000000;119.51000214
S;SUL;2012-01-07;3597.00000000;50.43000031;3557.00000000;49.86999893
SE;SUDESTE;2012-01-07;72583.00000000;131.97999573;63850.00000000;116.09999847
N;NORTE;2012-01-08;7862.00000000;95.98000336;7862.00000000;95.98000336
NE;NORDESTE;2012-01-08;17161.00000000;124.25000000;16782.00000000;121.51000214
S;SUL;2012-01-08;3393.00000000;47.56999969;3330.00000000;46.68999863
SE;SUDESTE;2012-01-08;73004.00000000;132.74000549;64009.00000000;116.38999939
N;NORTE;2012-01-09;8469.00000000;103.38999939;8469.00000000;103.38999939
NE;NORDESTE;2012-01-09;17065.00000000;123.55999756;16764.00000000;121.37999725
S;SUL;2012-01-09;3225.00000000;45.22000122;3185.00000000;44.65999985
SE;SUDESTE;2012-01-09;76174.00000000;138.50999451;66558.00000000;121.01999664
N;NORTE;2012-01-10;9339.00000000;114.01000214;9339.00000000;114.01000214
NE;NORDESTE;2012-01-10;17086.00000000;123.70999908;16837.00000000;121.91000366
S;SUL;2012-01-10;3183.00000000;44.63000107;3137.00000000;43.97999954
SE;SUDESTE;2012-01-10;79046.00000000;143.72999573;69176.00000000;125.77999878
N;NORTE;2012-01-11;10270.00000000;125.37000275;10270.00000000;125.37000275
NE;NORDESTE;2012-01-11;17240.00000000;124.83000183;17026.00000000;123.27999878
S;SUL;2012-01-11;3064.00000000;42.95999908;3024.00000000;42.40000153
SE;SUDESTE;2012-01-11;81420.00000000;148.05000305;71638.00000000;130.25999451
N;NORTE;2012-01-12;11013.00000000;134.44000244;11013.00000000;134.44000244
NE;NORDESTE;2012-01-12;17293.00000000;125.20999908;17149.00000000;124.16999817
S;SUL;2012-01-12;3312.00000000;46.43999863;3272.00000000;45.88000107
SE;SUDESTE;2012-01-12;83867.00000000;152.49000549;74741.00000000;135.89999390
N;NORTE;2012-01-13;11874.00000000;144.94999695;11874.00000000;144.94999695
NE;NORDESTE;2012-01-13;17361.00000000;125.69999695;17175.00000000;124.34999847
S;SUL;2012-01-13;4353.00000000;61.02999878;4280.00000000;60.00999832
SE;SUDESTE;2012-01-13;83208.00000000;151.30000305;75312.00000000;136.94000244
N;NORTE;2012-01-14;12573.00000000;153.49000549;12573.00000000;153.49000549
NE;NORDESTE;2012-01-14;17499.00000000;126.69999695;17366.00000000;125.73999786
S;SUL;2012-01-14;9544.00000000;133.82000732;8941.00000000;125.36000061
SE;SUDESTE;2012-01-14;81187.00000000;147.61999512;74352.00000000;135.19000244
N;NORTE;2012-01-15;12741.00000000;155.53999329;12741.00000000;155.53999329
NE;NORDESTE;2012-01-15;17508.00000000;126.76999664;17393.00000000;125.93000031
S;SUL;2012-01-15;12248.00000000;171.72999573;11227.00000000;157.41999817
SE;SUDESTE;2012-01-15;80350.00000000;146.10000610;74340.00000000;135.16999817
N;NORTE;2012-01-16;12801.00000000;156.27000427;12801.00000000;156.27000427
NE;NORDESTE;2012-01-16;17683.00000000;128.02999878;17576.00000000;127.26000214
S;SUL;2012-01-16;11488.00000000;161.08000183;10796.00000000;151.36999512
SE;SUDESTE;2012-01-16;78354.00000000;142.47000122;73570.00000000;133.77000427
N;NORTE;2012-01-17;12938.00000000;157.94000244;12938.00000000;157.94000244
NE;NORDESTE;2012-01-17;17802.00000000;128.88999939;17718.00000000;128.28999329
S;SUL;2012-01-17;9569.00000000;134.16999817;9074.00000000;127.23000336
SE;SUDESTE;2012-01-17;77555.00000000;141.02000427;72034.00000000;130.97999573
N;NORTE;2012-01-18;13098.00000000;159.88999939;13091.00000000;159.80999756
NE;NORDESTE;2012-01-18;17770.00000000;128.66000366;17712.00000000;128.24000549
S;SUL;2012-01-18;8497.00000000;119.13999939;8161.00000000;114.43000031
SE;SUDESTE;2012-01-18;77909.00000000;141.66000366;71604.00000000;130.19999695
N;NORTE;2012-01-19;13348.00000000;162.94999695;13332.00000000;162.75000000
NE;NORDESTE;2012-01-19;17794.00000000;128.83999634;17794.00000000;128.83999634
S;SUL;2012-01-19;7983.00000000;111.93000031;7660.00000000;107.40000153
SE;SUDESTE;2012-01-19;78576.00000000;142.86999512;71812.00000000;130.58000183
N;NORTE;2012-01-20;13678.00000000;166.97000122;13663.00000000;166.78999329
NE;NORDESTE;2012-01-20;17824.00000000;129.05000305;17824.00000000;129.05000305
S;SUL;2012-01-20;7687.00000000;107.77999878;7540.00000000;105.72000122
SE;SUDESTE;2012-01-20;78010.00000000;141.83999634;71229.00000000;129.52000427
N;NORTE;2012-01-21;13772.00000000;168.11999512;13756.00000000;167.92999268
NE;NORDESTE;2012-01-21;17786.00000000;128.77999878;17786.00000000;128.77999878
S;SUL;2012-01-21;7421.00000000;104.05000305;7365.00000000;103.26999664
SE;SUDESTE;2012-01-21;76878.00000000;139.78999329;69568.00000000;126.48999786
N;NORTE;2012-01-22;13678.00000000;166.97000122;13663.00000000;166.78999329
NE;NORDESTE;2012-01-22;17628.00000000;127.62999725;17628.00000000;127.62999725
S;SUL;2012-01-22;7343.00000000;102.95999908;7294.00000000;102.26999664
SE;SUDESTE;2012-01-22;76077.00000000;138.33000183;66714.00000000;121.30999756
N;NORTE;2012-01-23;13556.00000000;165.49000549;13530.00000000;165.16999817
NE;NORDESTE;2012-01-23;17670.00000000;127.94000244;17670.00000000;127.94000244
S;SUL;2012-01-23;7494.00000000;105.06999969;7448.00000000;104.43000031
SE;SUDESTE;2012-01-23;74119.00000000;134.77000427;65115.00000000;118.40000153
N;NORTE;2012-01-24;13636.00000000;166.46000671;13234.00000000;161.55000305
NE;NORDESTE;2012-01-24;17557.00000000;127.12000275;17557.00000000;127.12000275
S;SUL;2012-01-24;8019.00000000;112.44000244;7964.00000000;111.66000366
SE;SUDESTE;2012-01-24;72068.00000000;131.03999329;65442.00000000;118.98999786
N;NORTE;2012-01-25;13845.00000000;169.00999451;13052.00000000;159.33000183
NE;NORDESTE;2012-01-25;17660.00000000;127.87000275;17660.00000000;127.87000275
S;SUL;2012-01-25;10056.00000000;141.00000000;9954.00000000;139.57000732
SE;SUDESTE;2012-01-25;70748.00000000;128.63999939;64153.00000000;116.65000153
N;NORTE;2012-01-26;14121.00000000;172.38000488;12588.00000000;153.66999817
NE;NORDESTE;2012-01-26;17578.00000000;127.26999664;17578.00000000;127.26999664
S;SUL;2012-01-26;10812.00000000;151.60000610;10553.00000000;147.97000122
SE;SUDESTE;2012-01-26;68880.00000000;125.23999786;62035.00000000;112.80000305
N;NORTE;2012-01-27;14405.00000000;175.85000610;12350.00000000;150.75999451
NE;NORDESTE;2012-01-27;17505.00000000;126.73999786;17505.00000000;126.73999786
S;SUL;2012-01-27;9880.00000000;138.52999878;9656.00000000;135.38999939
SE;SUDESTE;2012-01-27;67771.00000000;123.23000336;59315.00000000;107.84999847
N;NORTE;2012-01-28;14739.00000000;179.92999268;12120.00000000;147.96000671
NE;NORDESTE;2012-01-28;17415.00000000;126.08999634;17415.00000000;126.08999634
S;SUL;2012-01-28;8576.00000000;120.25000000;8459.00000000;118.61000061
SE;SUDESTE;2012-01-28;66607.00000000;121.11000061;55979.00000000;101.79000092
N;NORTE;2012-01-29;14987.00000000;182.94999695;11816.00000000;144.24000549
NE;NORDESTE;2012-01-29;17319.00000000;125.40000153;17319.00000000;125.40000153
S;SUL;2012-01-29;7412.00000000;103.91999817;7346.00000000;103.00000000
SE;SUDESTE;2012-01-29;66007.00000000;120.01999664;52685.00000000;95.80000305
N;NORTE;2012-01-30;14896.00000000;181.83999634;11423.00000000;139.44999695
NE;NORDESTE;2012-01-30;17230.00000000;124.75000000;17230.00000000;124.75000000
S;SUL;2012-01-30;6596.00000000;92.48000336;6551.00000000;91.84999847
SE;SUDESTE;2012-01-30;66315.00000000;120.58000183;53936.00000000;98.06999969
N;NORTE;2012-01-31;14736.00000000;179.88999939;10787.00000000;131.67999268
NE;NORDESTE;2012-01-31;17173.00000000;124.33999634;17173.00000000;124.33999634
S;SUL;2012-01-31;6012.00000000;84.30000305;5967.00000000;83.66000366
SE;SUDESTE;2012-01-31;66303.00000000;120.55999756;55562.00000000;101.02999878
N;NORTE;2012-02-01;14543.00000000;130.28999329;10193.00000000;91.31999969
NE;NORDESTE;2012-02-01;17090.00000000;117.70999908;17090.00000000;117.70999908
S;SUL;2012-02-01;5522.00000000;69.11000061;5477.00000000;68.55000305
SE;SUDESTE;2012-02-01;66317.00000000;115.69999695;58374.00000000;101.84999847
N;NORTE;2012-02-02;14362.00000000;128.66999817;9911.00000000;88.79000092
NE;NORDESTE;2012-02-02;17190.00000000;118.38999939;17190.00000000;118.38999939
S;SUL;2012-02-02;5122.00000000;64.11000061;5082.00000000;63.61000061
SE;SUDESTE;2012-02-02;64456.00000000;112.45999908;57404.00000000;100.15000153
N;NORTE;2012-02-03;14218.00000000;127.37999725;10158.00000000;91.00000000
NE;NORDESTE;2012-02-03;16993.00000000;117.04000092;16993.00000000;117.04000092
S;SUL;2012-02-03;4603.00000000;57.61000061;4533.00000000;56.74000168
SE;SUDESTE;2012-02-03;62853.00000000;109.66000366;58077.00000000;101.33000183
N;NORTE;2012-02-04;14138.00000000;126.66000366;10235.00000000;91.69000244
NE;NORDESTE;2012-02-04;16929.00000000;116.59999847;16929.00000000;116.59999847
S;SUL;2012-02-04;4165.00000000;52.13000107;4123.00000000;51.59999847
SE;SUDESTE;2012-02-04;60119.00000000;104.88999939;57117.00000000;99.65000153
N;NORTE;2012-02-05;13979.00000000;125.23999786;9712.00000000;87.01000214
NE;NORDESTE;2012-02-05;16897.00000000;116.37999725;16897.00000000;116.37999725
S;SUL;2012-02-05;4028.00000000;50.40999985;3986.00000000;49.88999939
SE;SUDESTE;2012-02-05;56482.00000000;98.54000092;52596.00000000;91.76000214
N;NORTE;2012-02-06;13682.00000000;122.58000183;9252.00000000;82.88999939
NE;NORDESTE;2012-02-06;16905.00000000;116.43000031;16905.00000000;116.43000031
S;SUL;2012-02-06;4589.00000000;57.43999863;4540.00000000;56.81999969
SE;SUDESTE;2012-02-06;53842.00000000;93.94000244;51841.00000000;90.44999695
N;NORTE;2012-02-07;13332.00000000;119.44000244;9193.00000000;82.36000061
NE;NORDESTE;2012-02-07;17016.00000000;117.19999695;17016.00000000;117.19999695
S;SUL;2012-02-07;4937.00000000;61.79000092;4875.00000000;61.02000046
SE;SUDESTE;2012-02-07;50209.00000000;87.59999847;48455.00000000;84.54000092
N;NORTE;2012-02-08;13100.00000000;117.36000061;9186.00000000;82.30000305
NE;NORDESTE;2012-02-08;17021.00000000;117.23000336;17021.00000000;117.23000336
S;SUL;2012-02-08;5331.00000000;66.72000122;5150.00000000;64.45999908
SE;SUDESTE;2012-02-08;47591.00000000;83.02999878;45693.00000000;79.72000122
N;NORTE;2012-02-09;12934.00000000;115.87000275;9023.00000000;80.83999634
NE;NORDESTE;2012-02-09;16932.00000000;116.62000275;16932.00000000;116.62000275
S;SUL;2012-02-09;5635.00000000;70.52999878;5400.00000000;67.58999634
SE;SUDESTE;2012-02-09;45727.00000000;79.77999878;43922.00000000;76.62999725
N;NORTE;2012-02-10;12881.00000000;115.40000153;8974.00000000;80.40000153
NE;NORDESTE;2012-02-10;16863.00000000;116.13999939;16863.00000000;116.13999939
S;SUL;2012-02-10;5939.00000000;74.33000183;5658.00000000;70.81999969
SE;SUDESTE;2012-02-10;44612.00000000;77.83000183;43119.00000000;75.23000336
N;NORTE;2012-02-11;12926.00000000;115.80000305;9018.00000000;80.79000092
NE;NORDESTE;2012-02-11;16795.00000000;115.66999817;16795.00000000;115.66999817
S;SUL;2012-02-11;5873.00000000;73.51000214;5620.00000000;70.33999634
SE;SUDESTE;2012-02-11;44704.00000000;78.00000000;43012.00000000;75.04000092
N;NORTE;2012-02-12;13122.00000000;117.55999756;9216.00000000;82.56999969
NE;NORDESTE;2012-02-12;16715.00000000;115.12000275;16715.00000000;115.12000275
S;SUL;2012-02-12;5177.00000000;64.80000305;4894.00000000;61.25000000
SE;SUDESTE;2012-02-12;44062.00000000;76.87999725;42631.00000000;74.37999725
N;NORTE;2012-02-13;13289.00000000;119.05000305;9390.00000000;84.12000275
NE;NORDESTE;2012-02-13;16592.00000000;114.27999878;16592.00000000;114.27999878
S;SUL;2012-02-13;4643.00000000;58.11000061;4419.00000000;55.31000137
SE;SUDESTE;2012-02-13;46519.00000000;81.16000366;44425.00000000;77.51000214
N;NORTE;2012-02-14;13511.00000000;121.04000092;9253.00000000;82.90000153
NE;NORDESTE;2012-02-14;16423.00000000;113.11000061;16423.00000000;113.11000061
S;SUL;2012-02-14;4393.00000000;54.97999954;4268.00000000;53.41999817
SE;SUDESTE;2012-02-14;48026.00000000;83.79000092;44703.00000000;77.98999786
N;NORTE;2012-02-15;13680.00000000;122.55999756;8306.00000000;74.41000366
NE;NORDESTE;2012-02-15;16188.00000000;111.48999786;16188.00000000;111.48999786
S;SUL;2012-02-15;4412.00000000;55.22000122;4338.00000000;54.29000092
SE;SUDESTE;2012-02-15;48871.00000000;85.26999664;45298.00000000;79.02999878
N;NORTE;2012-02-16;13883.00000000;124.37999725;6344.00000000;56.84000015
NE;NORDESTE;2012-02-16;15969.00000000;109.98000336;15623.00000000;107.59999847
S;SUL;2012-02-16;4484.00000000;56.11999893;4402.00000000;55.09999847
SE;SUDESTE;2012-02-16;49092.00000000;85.65000153;45507.00000000;79.40000153
N;NORTE;2012-02-17;13949.00000000;124.97000122;4760.00000000;42.63999939
NE;NORDESTE;2012-02-17;15732.00000000;108.34999847;15254.00000000;105.05999756
S;SUL;2012-02-17;4407.00000000;55.15999985;4354.00000000;54.49000168
SE;SUDESTE;2012-02-17;48047.00000000;83.83000183;44895.00000000;78.33000183
N;NORTE;2012-02-18;14120.00000000;126.50000000;4685.00000000;41.97000122
NE;NORDESTE;2012-02-18;15502.00000000;106.76999664;13923.00000000;95.88999939
S;SUL;2012-02-18;4154.00000000;51.99000168;4102.00000000;51.34000015
SE;SUDESTE;2012-02-18;47231.00000000;82.40000153;44070.00000000;76.88999939
N;NORTE;2012-02-19;14444.00000000;129.39999390;5012.00000000;44.90000153
NE;NORDESTE;2012-02-19;15590.00000000;107.37000275;12929.00000000;89.05000305
S;SUL;2012-02-19;3891.00000000;48.70000076;3835.00000000;48.00000000
SE;SUDESTE;2012-02-19;46210.00000000;80.62000275;43734.00000000;76.30000305
N;NORTE;2012-02-20;14757.00000000;132.21000671;5757.00000000;51.58000183
NE;NORDESTE;2012-02-20;15020.00000000;103.44999695;12511.00000000;86.16999817
S;SUL;2012-02-20;3903.00000000;48.84999847;3842.00000000;48.09000015
SE;SUDESTE;2012-02-20;45864.00000000;80.01999664;44657.00000000;77.91000366
N;NORTE;2012-02-21;14880.00000000;133.30999756;6055.00000000;54.25000000
NE;NORDESTE;2012-02-21;14177.00000000;97.63999939;11710.00000000;80.65000153
S;SUL;2012-02-21;4220.00000000;52.81999969;4156.00000000;52.02000046
SE;SUDESTE;2012-02-21;45241.00000000;78.93000031;44009.00000000;76.77999878
N;NORTE;2012-02-22;15088.00000000;135.16999817;6265.00000000;56.13000107
NE;NORDESTE;2012-02-22;13635.00000000;93.91000366;12051.00000000;83.00000000
S;SUL;2012-02-22;4767.00000000;59.65999985;4688.00000000;58.68000031
SE;SUDESTE;2012-02-22;44735.00000000;78.05000305;43190.00000000;75.34999847
N;NORTE;2012-02-23;15180.00000000;136.00000000;6363.00000000;57.00999832
NE;NORDESTE;2012-02-23;13416.00000000;92.40000153;13241.00000000;91.19999695
S;SUL;2012-02-23;4850.00000000;60.70000076;4791.00000000;59.95999908
SE;SUDESTE;2012-02-23;44450.00000000;77.55000305;43054.00000000;75.12000275
N;NORTE;2012-02-24;15162.00000000;135.83999634;6743.00000000;60.40999985
NE;NORDESTE;2012-02-24;12882.00000000;88.72000122;12882.00000000;88.72000122
S;SUL;2012-02-24;4862.00000000;60.84999847;4806.00000000;60.15000153
SE;SUDESTE;2012-02-24;44962.00000000;78.44999695;43579.00000000;76.02999878
N;NORTE;2012-02-25;15206.00000000;136.22999573;7644.00000000;68.48000336
NE;NORDESTE;2012-02-25;12720.00000000;87.61000061;12699.00000000;87.45999908
S;SUL;2012-02-25;5511.00000000;68.98000336;5416.00000000;67.79000092
SE;SUDESTE;2012-02-25;44707.00000000;78.00000000;42933.00000000;74.91000366
N;NORTE;2012-02-26;15230.00000000;136.44000244;8050.00000000;72.12000275
NE;NORDESTE;2012-02-26;12539.00000000;86.36000061;12531.00000000;86.30999756
S;SUL;2012-02-26;7581.00000000;94.87999725;7364.00000000;92.16999817
SE;SUDESTE;2012-02-26;44241.00000000;77.19000244;43033.00000000;75.08000183
N;NORTE;2012-02-27;15163.00000000;135.83999634;7977.00000000;71.47000122
NE;NORDESTE;2012-02-27;11599.00000000;79.88999939;11599.00000000;79.88999939
S;SUL;2012-02-27;9277.00000000;116.11000061;9126.00000000;114.22000122
SE;SUDESTE;2012-02-27;43844.00000000;76.50000000;42819.00000000;74.70999908
N;NORTE;2012-02-28;15147.00000000;135.69999695;7568.00000000;67.80000305
NE;NORDESTE;2012-02-28;10928.00000000;75.26999664;10928.00000000;75.26999664
S;SUL;2012-02-28;10160.00000000;127.16000366;10094.00000000;126.33999634
SE;SUDESTE;2012-02-28;43132.00000000;75.25000000;41152.00000000;71.80000305
N;NORTE;2012-02-29;15103.00000000;135.30999756;6977.00000000;62.50999832
NE;NORDESTE;2012-02-29;10539.00000000;72.58999634;10539.00000000;72.58999634
S;SUL;2012-02-29;10335.00000000;129.35000610;10295.00000000;128.85000610
SE;SUDESTE;2012-02-29;42926.00000000;74.88999939;41276.00000000;72.01000214
N;NORTE;2012-03-01;15025.00000000;114.80999756;6735.00000000;51.45999908
NE;NORDESTE;2012-03-01;9971.00000000;69.45999908;9971.00000000;69.45999908
S;SUL;2012-03-01;10557.00000000;155.49000549;10408.00000000;153.28999329
SE;SUDESTE;2012-03-01;42291.00000000;78.62000275;40725.00000000;75.70999908
N;NORTE;2012-03-02;14875.00000000;113.66000366;6575.00000000;50.24000168
NE;NORDESTE;2012-03-02;9375.00000000;65.30999756;9375.00000000;65.30999756
S;SUL;2012-03-02;10126.00000000;149.13999939;10046.00000000;147.96000671
SE;SUDESTE;2012-03-02;41420.00000000;77.00000000;39460.00000000;73.34999847
N;NORTE;2012-03-03;14702.00000000;112.33999634;6800.00000000;51.95999908
NE;NORDESTE;2012-03-03;8793.00000000;61.25999832;8793.00000000;61.25999832
S;SUL;2012-03-03;9095.00000000;133.96000671;9051.00000000;133.30999756
SE;SUDESTE;2012-03-03;40162.00000000;74.66000366;37335.00000000;69.40000153
N;NORTE;2012-03-04;14540.00000000;111.09999847;7115.00000000;54.36999893
NE;NORDESTE;2012-03-04;8308.00000000;57.88000107;8308.00000000;57.88000107
S;SUL;2012-03-04;7973.00000000;117.43000031;7925.00000000;116.72000122
SE;SUDESTE;2012-03-04;39004.00000000;72.51000214;35966.00000000;66.86000061
N;NORTE;2012-03-05;14407.00000000;110.08999634;7991.00000000;61.06000137
NE;NORDESTE;2012-03-05;7986.00000000;55.63000107;7986.00000000;55.63000107
S;SUL;2012-03-05;6973.00000000;102.69999695;6933.00000000;102.11000061
SE;SUDESTE;2012-03-05;37823.00000000;70.30999756;35762.00000000;66.48000336
N;NORTE;2012-03-06;14342.00000000;109.58999634;8625.00000000;65.91000366
NE;NORDESTE;2012-03-06;7789.00000000;54.25999832;7778.00000000;54.18999863
S;SUL;2012-03-06;6134.00000000;90.33999634;6094.00000000;89.76000214
SE;SUDESTE;2012-03-06;36367.00000000;67.59999847;34606.00000000;64.33000183
N;NORTE;2012-03-07;14281.00000000;109.12000275;8305.00000000;63.45999908
NE;NORDESTE;2012-03-07;7635.00000000;53.18999863;7622.00000000;53.09999847
S;SUL;2012-03-07;5316.00000000;78.30000305;5277.00000000;77.72000122
SE;SUDESTE;2012-03-07;35127.00000000;65.30000305;33680.00000000;62.61000061
N;NORTE;2012-03-08;14163.00000000;108.22000122;7656.00000000;58.50000000
NE;NORDESTE;2012-03-08;7495.00000000;52.20999908;7495.00000000;52.20999908
S;SUL;2012-03-08;4627.00000000;68.15000153;4587.00000000;67.55999756
SE;SUDESTE;2012-03-08;34031.00000000;63.25999832;32907.00000000;61.16999817
N;NORTE;2012-03-09;14033.00000000;107.23000336;7378.00000000;56.38000107
NE;NORDESTE;2012-03-09;7300.00000000;50.86000061;7300.00000000;50.86000061
S;SUL;2012-03-09;4078.00000000;60.06000137;4035.00000000;59.43000031
SE;SUDESTE;2012-03-09;33105.00000000;61.54000092;32047.00000000;59.56999969
N;NORTE;2012-03-10;13971.00000000;106.76000214;7319.00000000;55.93000031
NE;NORDESTE;2012-03-10;7037.00000000;49.02000046;7037.00000000;49.02000046
S;SUL;2012-03-10;3551.00000000;52.29999924;3499.00000000;51.54000092
SE;SUDESTE;2012-03-10;32197.00000000;59.84999847;31136.00000000;57.88000107
N;NORTE;2012-03-11;13870.00000000;105.98000336;7221.00000000;55.18000031
NE;NORDESTE;2012-03-11;6735.00000000;46.91999817;6735.00000000;46.91999817
S;SUL;2012-03-11;3268.00000000;48.13000107;3216.00000000;47.36999893
SE;SUDESTE;2012-03-11;31532.00000000;58.61999893;30618.00000000;56.91999817
N;NORTE;2012-03-12;13660.00000000;104.37999725;7009.00000000;53.56000137
NE;NORDESTE;2012-03-12;6390.00000000;44.52000046;6390.00000000;44.52000046
S;SUL;2012-03-12;3062.00000000;45.09999847;3012.00000000;44.36000061
SE;SUDESTE;2012-03-12;31400.00000000;58.36999893;30561.00000000;56.81000137
N;NORTE;2012-03-13;13421.00000000;102.55000305;7166.00000000;54.75999832
NE;NORDESTE;2012-03-13;6005.00000000;41.83000183;6005.00000000;41.83000183
S;SUL;2012-03-13;2933.00000000;43.20000076;2881.00000000;42.43000031
SE;SUDESTE;2012-03-13;31792.00000000;59.09999847;30215.00000000;56.16999817
N;NORTE;2012-03-14;13118.00000000;100.23999786;7021.00000000;53.65000153
NE;NORDESTE;2012-03-14;5661.00000000;39.43999863;5661.00000000;39.43999863
S;SUL;2012-03-14;2856.00000000;42.06000137;2804.00000000;41.29999924
SE;SUDESTE;2012-03-14;32322.00000000;60.09000015;30010.00000000;55.79000092
N;NORTE;2012-03-15;12773.00000000;97.59999847;7116.00000000;54.36999893
NE;NORDESTE;2012-03-15;5339.00000000;37.18999863;5339.00000000;37.18999863
S;SUL;2012-03-15;2838.00000000;41.79999924;2787.00000000;41.04999924
SE;SUDESTE;2012-03-15;32880.00000000;61.11999893;30666.00000000;57.00999832
N;NORTE;2012-03-16;12362.00000000;94.45999908;6879.00000000;52.56000137
NE;NORDESTE;2012-03-16;5048.00000000;35.16999817;5038.00000000;35.09999847
S;SUL;2012-03-16;2797.00000000;41.20000076;2748.00000000;40.47000122
SE;SUDESTE;2012-03-16;33963.00000000;63.13999939;31278.00000000;58.13999939
N;NORTE;2012-03-17;12027.00000000;91.90000153;7432.00000000;56.79000092
NE;NORDESTE;2012-03-17;4795.00000000;33.40000153;4770.00000000;33.22999954
S;SUL;2012-03-17;2643.00000000;38.93000031;2592.00000000;38.18000031
SE;SUDESTE;2012-03-17;35311.00000000;65.63999939;32520.00000000;60.45000076
N;NORTE;2012-03-18;11785.00000000;90.05000305;7599.00000000;58.06999969
NE;NORDESTE;2012-03-18;4632.00000000;32.27000046;4609.00000000;32.11000061
S;SUL;2012-03-18;2528.00000000;37.22999954;2452.00000000;36.11000061
SE;SUDESTE;2012-03-18;36630.00000000;68.08999634;34292.00000000;63.75000000
N;NORTE;2012-03-19;11666.00000000;89.13999939;7478.00000000;57.13999939
NE;NORDESTE;2012-03-19;4645.00000000;32.36000061;4624.00000000;32.20999908
S;SUL;2012-03-19;2553.00000000;37.59999847;2492.00000000;36.70000076
SE;SUDESTE;2012-03-19;38531.00000000;71.62999725;36992.00000000;68.76999664
N;NORTE;2012-03-20;11655.00000000;89.05999756;7087.00000000;54.15000153
NE;NORDESTE;2012-03-20;4583.00000000;31.93000031;4583.00000000;31.93000031
S;SUL;2012-03-20;2503.00000000;36.86999893;2440.00000000;35.93999863
SE;SUDESTE;2012-03-20;38423.00000000;71.43000031;37512.00000000;69.73000336
N;NORTE;2012-03-21;11857.00000000;90.59999847;6728.00000000;51.40999985
NE;NORDESTE;2012-03-21;4505.00000000;31.37999916;4505.00000000;31.37999916
S;SUL;2012-03-21;2461.00000000;36.25000000;2396.00000000;35.29000092
SE;SUDESTE;2012-03-21;38426.00000000;71.43000031;37252.00000000;69.25000000
N;NORTE;2012-03-22;12303.00000000;94.01000214;6608.00000000;50.49000168
NE;NORDESTE;2012-03-22;4504.00000000;31.37999916;4504.00000000;31.37999916
S;SUL;2012-03-22;2534.00000000;37.31999969;2472.00000000;36.40999985
SE;SUDESTE;2012-03-22;38288.00000000;71.18000031;37143.00000000;69.05000305
N;NORTE;2012-03-23;12738.00000000;97.33000183;6550.00000000;50.04999924
NE;NORDESTE;2012-03-23;4591.00000000;31.97999954;4591.00000000;31.97999954
S;SUL;2012-03-23;2531.00000000;37.27999878;2477.00000000;36.47999954
SE;SUDESTE;2012-03-23;38346.00000000;71.27999878;36650.00000000;68.12999725
N;NORTE;2012-03-24;13205.00000000;100.90000153;6829.00000000;52.18000031
NE;NORDESTE;2012-03-24;4869.00000000;33.91999817;4869.00000000;33.91999817
S;SUL;2012-03-24;2430.00000000;35.79000092;2377.00000000;35.00999832
SE;SUDESTE;2012-03-24;38595.00000000;71.75000000;36119.00000000;67.13999939
N;NORTE;2012-03-25;13572.00000000;103.70999908;7184.00000000;54.88999939
NE;NORDESTE;2012-03-25;5276.00000000;36.75000000;5276.00000000;36.75000000
S;SUL;2012-03-25;2309.00000000;34.00999832;2257.00000000;33.24000168
SE;SUDESTE;2012-03-25;38971.00000000;72.44999695;36240.00000000;67.37000275
N;NORTE;2012-03-26;13841.00000000;105.76000214;7446.00000000;56.90000153
NE;NORDESTE;2012-03-26;5448.00000000;37.95000076;5448.00000000;37.95000076
S;SUL;2012-03-26;2251.00000000;33.15000153;2202.00000000;32.43000031
SE;SUDESTE;2012-03-26;38919.00000000;72.34999847;37518.00000000;69.73999786
N;NORTE;2012-03-27;13976.00000000;106.79000092;7584.00000000;57.95000076
NE;NORDESTE;2012-03-27;5557.00000000;38.70999908;5557.00000000;38.70999908
S;SUL;2012-03-27;2195.00000000;32.33000183;2145.00000000;31.59000015
SE;SUDESTE;2012-03-27;38714.00000000;71.97000122;37182.00000000;69.12000275
N;NORTE;2012-03-28;14047.00000000;107.33999634;7654.00000000;58.49000168
NE;NORDESTE;2012-03-28;5925.00000000;41.27999878;5925.00000000;41.27999878
S;SUL;2012-03-28;2076.00000000;30.57999992;2010.00000000;29.60000038
SE;SUDESTE;2012-03-28;38246.00000000;71.09999847;36928.00000000;68.65000153
N;NORTE;2012-03-29;14029.00000000;107.19999695;7637.00000000;58.36000061
NE;NORDESTE;2012-03-29;6301.00000000;43.90000153;6295.00000000;43.84999847
S;SUL;2012-03-29;1919.00000000;28.26000023;1857.00000000;27.35000038
SE;SUDESTE;2012-03-29;37874.00000000;70.41000366;35838.00000000;66.62000275
N;NORTE;2012-03-30;13929.00000000;106.43000031;7537.00000000;57.59000015
NE;NORDESTE;2012-03-30;6815.00000000;47.47999954;6815.00000000;47.47999954
S;SUL;2012-03-30;1834.00000000;27.01000023;1764.00000000;25.97999954
SE;SUDESTE;2012-03-30;37709.00000000;70.09999847;35487.00000000;65.97000122
N;NORTE;2012-03-31;13623.00000000;104.09999847;7230.00000000;55.25000000
NE;NORDESTE;2012-03-31;7437.00000000;51.81000137;7437.00000000;51.81000137
S;SUL;2012-03-31;1789.00000000;26.35000038;1707.00000000;25.13999939
SE;SUDESTE;2012-03-31;37125.00000000;69.01000214;35216.00000000;65.47000122
N;NORTE;2012-04-01;13167.00000000;100.68000031;6767.00000000;51.74000168
NE;NORDESTE;2012-04-01;7905.00000000;67.44000244;7905.00000000;67.44000244
S;SUL;2012-04-01;1780.00000000;28.10000038;1702.00000000;26.87000084
SE;SUDESTE;2012-04-01;36627.00000000;89.88999939;34924.00000000;85.70999908
N;NORTE;2012-04-02;12764.00000000;97.59999847;6726.00000000;51.43000031
NE;NORDESTE;2012-04-02;8235.00000000;70.25000000;8235.00000000;70.25000000
S;SUL;2012-04-02;1788.00000000;28.21999931;1713.00000000;27.04000092
SE;SUDESTE;2012-04-02;35964.00000000;88.26000214;34450.00000000;84.54000092
N;NORTE;2012-04-03;12362.00000000;94.52999878;7408.00000000;56.65000153
NE;NORDESTE;2012-04-03;8537.00000000;72.83000183;8537.00000000;72.83000183
S;SUL;2012-04-03;1775.00000000;28.02000046;1708.00000000;26.95999908
SE;SUDESTE;2012-04-03;35286.00000000;86.59999847;33686.00000000;82.66999817
N;NORTE;2012-04-04;11858.00000000;90.66999817;8071.00000000;61.70999908
NE;NORDESTE;2012-04-04;8618.00000000;73.51999664;8618.00000000;73.51999664
S;SUL;2012-04-04;1811.00000000;28.59000015;1732.00000000;27.34000015
SE;SUDESTE;2012-04-04;34543.00000000;84.76999664;33451.00000000;82.08999634
N;NORTE;2012-04-05;11405.00000000;87.20999908;8016.00000000;61.29000092
NE;NORDESTE;2012-04-05;8552.00000000;72.95999908;8552.00000000;72.95999908
S;SUL;2012-04-05;1784.00000000;28.15999985;1591.00000000;25.11000061
SE;SUDESTE;2012-04-05;33929.00000000;83.26999664;33045.00000000;81.09999847
N;NORTE;2012-04-06;10937.00000000;83.62999725;7573.00000000;57.90999985
NE;NORDESTE;2012-04-06;8303.00000000;70.83000183;8303.00000000;70.83000183
S;SUL;2012-04-06;1751.00000000;27.63999939;1366.00000000;21.55999947
SE;SUDESTE;2012-04-06;33366.00000000;81.87999725;32824.00000000;80.55000305
N;NORTE;2012-04-07;10562.00000000;80.76000214;7007.00000000;53.58000183
NE;NORDESTE;2012-04-07;8016.00000000;68.38999939;8016.00000000;68.38999939
S;SUL;2012-04-07;1696.00000000;26.77000046;1333.00000000;21.04000092
SE;SUDESTE;2012-04-07;32981.00000000;80.94000244;32503.00000000;79.76999664
N;NORTE;2012-04-08;10116.00000000;77.34999847;6481.00000000;49.56000137
NE;NORDESTE;2012-04-08;7614.00000000;64.95999908;7614.00000000;64.95999908
S;SUL;2012-04-08;1759.00000000;27.77000046;1397.00000000;22.04999924
SE;SUDESTE;2012-04-08;32661.00000000;80.15000153;32153.00000000;78.91000366
N;NORTE;2012-04-09;9848.00000000;75.30000305;6495.00000000;49.65999985
NE;NORDESTE;2012-04-09;7276.00000000;62.06999969;7276.00000000;62.06999969
S;SUL;2012-04-09;1879.00000000;29.65999985;1621.00000000;25.59000015
SE;SUDESTE;2012-04-09;32344.00000000;79.37999725;31696.00000000;77.79000092
N;NORTE;2012-04-10;9588.00000000;73.30999756;6959.00000000;53.20999908
NE;NORDESTE;2012-04-10;6909.00000000;58.93999863;6909.00000000;58.93999863
S;SUL;2012-04-10;2004.00000000;31.62999916;1767.00000000;27.88999939
SE;SUDESTE;2012-04-10;32133.00000000;78.86000061;31265.00000000;76.73000336
N;NORTE;2012-04-11;9471.00000000;72.41999817;7948.00000000;60.77000046
NE;NORDESTE;2012-04-11;6682.00000000;57.00999832;6682.00000000;57.00999832
S;SUL;2012-04-11;2095.00000000;33.06999969;1867.00000000;29.46999931
SE;SUDESTE;2012-04-11;31958.00000000;78.43000031;31109.00000000;76.33999634
N;NORTE;2012-04-12;9295.00000000;71.06999969;8259.00000000;63.15000153
NE;NORDESTE;2012-04-12;6520.00000000;55.61999893;6520.00000000;55.61999893
S;SUL;2012-04-12;2146.00000000;33.88000107;1932.00000000;30.50000000
SE;SUDESTE;2012-04-12;31730.00000000;77.87000275;30861.00000000;75.73999786
N;NORTE;2012-04-13;9254.00000000;70.76000214;7780.00000000;59.49000168
NE;NORDESTE;2012-04-13;6382.00000000;54.45000076;6382.00000000;54.45000076
S;SUL;2012-04-13;2351.00000000;37.11000061;2136.00000000;33.72000122
SE;SUDESTE;2012-04-13;31378.00000000;77.00000000;30181.00000000;74.06999969
N;NORTE;2012-04-14;9176.00000000;70.16000366;6771.00000000;51.77000046
NE;NORDESTE;2012-04-14;6244.00000000;53.27000046;6244.00000000;53.27000046
S;SUL;2012-04-14;2639.00000000;41.65999985;2309.00000000;36.45000076
SE;SUDESTE;2012-04-14;30897.00000000;75.81999969;30000.00000000;73.62000275
N;NORTE;2012-04-15;9159.00000000;70.02999878;6174.00000000;47.20999908
NE;NORDESTE;2012-04-15;6093.00000000;51.97999954;6093.00000000;51.97999954
S;SUL;2012-04-15;3014.00000000;47.58000183;2667.00000000;42.09999847
SE;SUDESTE;2012-04-15;30273.00000000;74.29000092;29279.00000000;71.84999847
N;NORTE;2012-04-16;9071.00000000;69.36000061;7082.00000000;54.15000153
NE;NORDESTE;2012-04-16;5899.00000000;50.33000183;5899.00000000;50.33000183
S;SUL;2012-04-16;3066.00000000;48.40000153;2819.00000000;44.50000000
SE;SUDESTE;2012-04-16;29824.00000000;73.19000244;28989.00000000;71.13999939
N;NORTE;2012-04-17;8983.00000000;68.69000244;7680.00000000;58.72000122
NE;NORDESTE;2012-04-17;5704.00000000;48.65999985;5704.00000000;48.65999985
S;SUL;2012-04-17;2881.00000000;45.47999954;2655.00000000;41.90999985
SE;SUDESTE;2012-04-17;29710.00000000;72.91000366;29008.00000000;71.19000244
N;NORTE;2012-04-18;8905.00000000;68.08999634;7763.00000000;59.36000061
NE;NORDESTE;2012-04-18;5475.00000000;46.70999908;5475.00000000;46.70999908
S;SUL;2012-04-18;2578.00000000;40.68999863;2395.00000000;37.81000137
SE;SUDESTE;2012-04-18;29572.00000000;72.56999969;28771.00000000;70.61000061
N;NORTE;2012-04-19;8794.00000000;67.23999786;7360.00000000;56.27999878
NE;NORDESTE;2012-04-19;5297.00000000;45.18999863;5297.00000000;45.18999863
S;SUL;2012-04-19;2360.00000000;37.25000000;2137.00000000;33.72999954
SE;SUDESTE;2012-04-19;29511.00000000;72.41999817;28382.00000000;69.65000153
N;NORTE;2012-04-20;8611.00000000;65.83999634;6945.00000000;53.09999847
NE;NORDESTE;2012-04-20;5207.00000000;44.41999817;5207.00000000;44.41999817
S;SUL;2012-04-20;2209.00000000;34.86999893;1980.00000000;31.26000023
SE;SUDESTE;2012-04-20;29045.00000000;71.27999878;28079.00000000;68.91000366
N;NORTE;2012-04-21;8445.00000000;64.56999969;6782.00000000;51.86000061
NE;NORDESTE;2012-04-21;5177.00000000;44.16999817;5177.00000000;44.16999817
S;SUL;2012-04-21;2137.00000000;33.72999954;1730.00000000;27.30999947
SE;SUDESTE;2012-04-21;28742.00000000;70.54000092;27964.00000000;68.62999725
N;NORTE;2012-04-22;8261.00000000;63.16999817;6373.00000000;48.72999954
NE;NORDESTE;2012-04-22;5149.00000000;43.93000031;5149.00000000;43.93000031
S;SUL;2012-04-22;2131.00000000;33.63999939;1758.00000000;27.75000000
SE;SUDESTE;2012-04-22;28756.00000000;70.56999969;28107.00000000;68.98000336
N;NORTE;2012-04-23;8061.00000000;61.63999939;6489.00000000;49.61999893
NE;NORDESTE;2012-04-23;5126.00000000;43.72999954;5126.00000000;43.72999954
S;SUL;2012-04-23;2083.00000000;32.88000107;1749.00000000;27.61000061
SE;SUDESTE;2012-04-23;29128.00000000;71.48000336;28386.00000000;69.66000366
N;NORTE;2012-04-24;7852.00000000;60.04000092;6442.00000000;49.25999832
NE;NORDESTE;2012-04-24;5020.00000000;42.83000183;5020.00000000;42.83000183
S;SUL;2012-04-24;2106.00000000;33.24000168;1856.00000000;29.29999924
SE;SUDESTE;2012-04-24;29490.00000000;72.37000275;28739.00000000;70.52999878
N;NORTE;2012-04-25;7681.00000000;58.72999954;6277.00000000;48.00000000
NE;NORDESTE;2012-04-25;4889.00000000;41.70999908;4889.00000000;41.70999908
S;SUL;2012-04-25;2231.00000000;35.22000122;1933.00000000;30.51000023
SE;SUDESTE;2012-04-25;29843.00000000;73.23999786;29137.00000000;71.51000214
N;NORTE;2012-04-26;7558.00000000;57.79000092;6865.00000000;52.49000168
NE;NORDESTE;2012-04-26;4749.00000000;40.50999832;4749.00000000;40.50999832
S;SUL;2012-04-26;8100.00000000;127.86000061;7824.00000000;123.51000214
SE;SUDESTE;2012-04-26;30267.00000000;74.27999878;29676.00000000;72.83000183
N;NORTE;2012-04-27;7401.00000000;56.59000015;7110.00000000;54.36999893
NE;NORDESTE;2012-04-27;4616.00000000;39.38000107;4616.00000000;39.38000107
S;SUL;2012-04-27;11810.00000000;186.42999268;11365.00000000;179.39999390
SE;SUDESTE;2012-04-27;31300.00000000;76.80999756;30777.00000000;75.52999878
N;NORTE;2012-04-28;7212.00000000;55.15000153;6902.00000000;52.77999878
NE;NORDESTE;2012-04-28;4491.00000000;38.31000137;4491.00000000;38.31000137
S;SUL;2012-04-28;12606.00000000;198.99000549;12196.00000000;192.52000427
SE;SUDESTE;2012-04-28;32524.00000000;79.81999969;32197.00000000;79.01000214
N;NORTE;2012-04-29;7061.00000000;53.99000168;6584.00000000;50.34000015
NE;NORDESTE;2012-04-29;4362.00000000;37.20999908;4362.00000000;37.20999908
S;SUL;2012-04-29;13349.00000000;210.72000122;12924.00000000;204.00999451
SE;SUDESTE;2012-04-29;34151.00000000;83.80999756;33838.00000000;83.04000092
N;NORTE;2012-04-30;6877.00000000;52.58000183;6229.00000000;47.63000107
NE;NORDESTE;2012-04-30;4238.00000000;36.15000153;4238.00000000;36.15000153
S;SUL;2012-04-30;12828.00000000;202.50000000;12436.00000000;196.30999756
SE;SUDESTE;2012-04-30;36513.00000000;89.61000061;36146.00000000;88.70999908
N;NORTE;2012-05-01;6720.00000000;78.84999847;6083.00000000;71.37000275
NE;NORDESTE;2012-05-01;4172.00000000;58.74000168;4172.00000000;58.74000168
S;SUL;2012-05-01;11709.00000000;141.13000488;11418.00000000;137.61999512
SE;SUDESTE;2012-05-01;37107.00000000;125.29000092;36580.00000000;123.51000214
N;NORTE;2012-05-02;6624.00000000;77.72000122;6426.00000000;75.40000153
NE;NORDESTE;2012-05-02;4113.00000000;57.90999985;4113.00000000;57.90999985
S;SUL;2012-05-02;10511.00000000;126.69000244;10293.00000000;124.05999756
SE;SUDESTE;2012-05-02;37147.00000000;125.43000031;36547.00000000;123.40000153
N;NORTE;2012-05-03;6515.00000000;76.44000244;6482.00000000;76.05000305
NE;NORDESTE;2012-05-03;4079.00000000;57.43000031;4079.00000000;57.43000031
S;SUL;2012-05-03;9534.00000000;114.91000366;9295.00000000;112.02999878
SE;SUDESTE;2012-05-03;36287.00000000;122.51999664;35701.00000000;120.54000092
N;NORTE;2012-05-04;6411.00000000;75.22000122;6367.00000000;74.69999695
NE;NORDESTE;2012-05-04;4023.00000000;56.63999939;4023.00000000;56.63999939
S;SUL;2012-05-04;8975.00000000;108.16999817;8742.00000000;105.37000275
SE;SUDESTE;2012-05-04;35197.00000000;118.83999634;34318.00000000;115.87000275
N;NORTE;2012-05-05;6286.00000000;73.75000000;6236.00000000;73.16999817
NE;NORDESTE;2012-05-05;3916.00000000;55.13999939;3916.00000000;55.13999939
S;SUL;2012-05-05;8412.00000000;101.38999939;8071.00000000;97.27999878
SE;SUDESTE;2012-05-05;33858.00000000;114.31999969;33269.00000000;112.33000183
N;NORTE;2012-05-06;6070.00000000;71.22000122;6020.00000000;70.62999725
NE;NORDESTE;2012-05-06;3781.00000000;53.24000168;3781.00000000;53.24000168
S;SUL;2012-05-06;8014.00000000;96.58999634;7679.00000000;92.55000305
SE;SUDESTE;2012-05-06;32537.00000000;109.86000061;31926.00000000;107.80000305
N;NORTE;2012-05-07;5855.00000000;68.69999695;5807.00000000;68.12999725
NE;NORDESTE;2012-05-07;3682.00000000;51.84000015;3682.00000000;51.84000015
S;SUL;2012-05-07;7619.00000000;91.83000183;7379.00000000;88.94000244
SE;SUDESTE;2012-05-07;31390.00000000;105.98999786;30999.00000000;104.66999817
N;NORTE;2012-05-08;5630.00000000;66.05999756;5586.00000000;65.54000092
NE;NORDESTE;2012-05-08;3643.00000000;51.29000092;3643.00000000;51.29000092
S;SUL;2012-05-08;7265.00000000;87.55999756;7076.00000000;85.29000092
SE;SUDESTE;2012-05-08;30310.00000000;102.33999634;29851.00000000;100.79000092
N;NORTE;2012-05-09;5364.00000000;62.93999863;5321.00000000;62.43000031
NE;NORDESTE;2012-05-09;3711.00000000;52.25000000;3711.00000000;52.25000000
S;SUL;2012-05-09;6832.00000000;82.34999847;6646.00000000;80.09999847
SE;SUDESTE;2012-05-09;29495.00000000;99.58999634;28897.00000000;97.56999969
N;NORTE;2012-05-10;5175.00000000;60.72000122;5145.00000000;60.36999893
NE;NORDESTE;2012-05-10;3797.00000000;53.45999908;3797.00000000;53.45999908
S;SUL;2012-05-10;6365.00000000;76.72000122;6179.00000000;74.47000122
SE;SUDESTE;2012-05-10;28897.00000000;97.56999969;28393.00000000;95.87000275
N;NORTE;2012-05-11;5025.00000000;58.95999908;5003.00000000;58.70000076
NE;NORDESTE;2012-05-11;3897.00000000;54.86999893;3897.00000000;54.86999893
S;SUL;2012-05-11;6023.00000000;72.58999634;5838.00000000;70.36000061
SE;SUDESTE;2012-05-11;28259.00000000;95.41999817;27821.00000000;93.94000244
N;NORTE;2012-05-12;4839.00000000;56.77999878;4817.00000000;56.52000046
NE;NORDESTE;2012-05-12;3975.00000000;55.97000122;3975.00000000;55.97000122
S;SUL;2012-05-12;5631.00000000;67.87000275;5292.00000000;63.77999878
SE;SUDESTE;2012-05-12;27703.00000000;93.54000092;27249.00000000;92.01000214
N;NORTE;2012-05-13;4693.00000000;55.06000137;4667.00000000;54.75999832
NE;NORDESTE;2012-05-13;3957.00000000;55.70999908;3957.00000000;55.70999908
S;SUL;2012-05-13;5144.00000000;62.00000000;4798.00000000;57.83000183
SE;SUDESTE;2012-05-13;27437.00000000;92.63999939;27038.00000000;91.29000092
N;NORTE;2012-05-14;4597.00000000;53.93999863;4564.00000000;53.54999924
NE;NORDESTE;2012-05-14;3890.00000000;54.77000046;3890.00000000;54.77000046
S;SUL;2012-05-14;4416.00000000;53.22999954;4154.00000000;50.06999969
SE;SUDESTE;2012-05-14;27638.00000000;93.31999969;27185.00000000;91.79000092
N;NORTE;2012-05-15;4460.00000000;52.33000183;4422.00000000;51.88000107
NE;NORDESTE;2012-05-15;3782.00000000;53.25000000;3782.00000000;53.25000000
S;SUL;2012-05-15;3920.00000000;47.25000000;3720.00000000;44.84000015
SE;SUDESTE;2012-05-15;28459.00000000;96.08999634;27816.00000000;93.91999817
N;NORTE;2012-05-16;4351.00000000;51.04999924;4316.00000000;50.63999939
NE;NORDESTE;2012-05-16;3655.00000000;51.45999908;3655.00000000;51.45999908
S;SUL;2012-05-16;3629.00000000;43.74000168;3437.00000000;41.43000031
SE;SUDESTE;2012-05-16;29048.00000000;98.08000183;28380.00000000;95.83000183
N;NORTE;2012-05-17;4260.00000000;49.97999954;4236.00000000;49.70000076
NE;NORDESTE;2012-05-17;3571.00000000;50.27999878;3571.00000000;50.27999878
S;SUL;2012-05-17;3475.00000000;41.88000107;3286.00000000;39.61000061
SE;SUDESTE;2012-05-17;29147.00000000;98.41000366;28527.00000000;96.31999969
N;NORTE;2012-05-18;4201.00000000;49.29000092;4190.00000000;49.15999985
NE;NORDESTE;2012-05-18;3525.00000000;49.63000107;3525.00000000;49.63000107
S;SUL;2012-05-18;3281.00000000;39.54999924;3029.00000000;36.50999832
SE;SUDESTE;2012-05-18;28964.00000000;97.80000305;28605.00000000;96.58000183
N;NORTE;2012-05-19;4179.00000000;49.02999878;4174.00000000;48.97000122
NE;NORDESTE;2012-05-19;3519.00000000;49.54999924;3519.00000000;49.54999924
S;SUL;2012-05-19;3036.00000000;36.59000015;2622.00000000;31.60000038
SE;SUDESTE;2012-05-19;28755.00000000;97.08999634;28386.00000000;95.84999847
N;NORTE;2012-05-20;4161.00000000;48.81999969;4161.00000000;48.81999969
NE;NORDESTE;2012-05-20;3516.00000000;49.50999832;3516.00000000;49.50999832
S;SUL;2012-05-20;2891.00000000;34.84000015;2482.00000000;29.92000008
SE;SUDESTE;2012-05-20;28373.00000000;95.80000305;28055.00000000;94.73000336
N;NORTE;2012-05-21;4164.00000000;48.86000061;4150.00000000;48.68999863
NE;NORDESTE;2012-05-21;3504.00000000;49.34000015;3504.00000000;49.34000015
S;SUL;2012-05-21;2778.00000000;33.47999954;2561.00000000;30.87000084
SE;SUDESTE;2012-05-21;27987.00000000;94.50000000;27523.00000000;92.93000031
N;NORTE;2012-05-22;4204.00000000;49.33000183;4167.00000000;48.88999939
NE;NORDESTE;2012-05-22;3459.00000000;48.70000076;3459.00000000;48.70000076
S;SUL;2012-05-22;2729.00000000;32.88999939;2619.00000000;31.56999969
SE;SUDESTE;2012-05-22;27695.00000000;93.51000214;26938.00000000;90.95999908
N;NORTE;2012-05-23;4248.00000000;49.84000015;4194.00000000;49.20999908
NE;NORDESTE;2012-05-23;3409.00000000;48.00000000;3409.00000000;48.00000000
S;SUL;2012-05-23;2872.00000000;34.61999893;2773.00000000;33.41999817
SE;SUDESTE;2012-05-23;27468.00000000;92.75000000;26935.00000000;90.94999695
N;NORTE;2012-05-24;4266.00000000;50.04999924;4212.00000000;49.41999817
NE;NORDESTE;2012-05-24;3393.00000000;47.77000046;3393.00000000;47.77000046
S;SUL;2012-05-24;3154.00000000;38.00999832;3057.00000000;36.84999847
SE;SUDESTE;2012-05-24;27249.00000000;92.01000214;26707.00000000;90.18000031
N;NORTE;2012-05-25;4283.00000000;50.25000000;4239.00000000;49.74000168
NE;NORDESTE;2012-05-25;3408.00000000;47.97999954;3408.00000000;47.97999954
S;SUL;2012-05-25;3721.00000000;44.84999847;3575.00000000;43.09000015
SE;SUDESTE;2012-05-25;27058.00000000;91.36000061;26471.00000000;89.37999725
N;NORTE;2012-05-26;4198.00000000;49.25000000;4172.00000000;48.95000076
NE;NORDESTE;2012-05-26;3408.00000000;47.97999954;3408.00000000;47.97999954
S;SUL;2012-05-26;4284.00000000;51.63000107;3809.00000000;45.90999985
SE;SUDESTE;2012-05-26;26997.00000000;91.16000366;26470.00000000;89.37999725
N;NORTE;2012-05-27;4079.00000000;47.86000061;4066.00000000;47.70999908
NE;NORDESTE;2012-05-27;3457.00000000;48.66999817;3457.00000000;48.66999817
S;SUL;2012-05-27;4492.00000000;54.13999939;4044.00000000;48.74000168
SE;SUDESTE;2012-05-27;27072.00000000;91.41000366;26614.00000000;89.86000061
N;NORTE;2012-05-28;3972.00000000;46.59999847;3961.00000000;46.47000122
NE;NORDESTE;2012-05-28;3581.00000000;50.41999817;3581.00000000;50.41999817
S;SUL;2012-05-28;4767.00000000;57.45999908;4532.00000000;54.61999893
SE;SUDESTE;2012-05-28;27123.00000000;91.58000183;26801.00000000;90.48999786
N;NORTE;2012-05-29;3817.00000000;44.77999878;3806.00000000;44.65999985
NE;NORDESTE;2012-05-29;3732.00000000;52.54999924;3732.00000000;52.54999924
S;SUL;2012-05-29;4978.00000000;60.00000000;4863.00000000;58.61000061
SE;SUDESTE;2012-05-29;27230.00000000;91.94000244;26713.00000000;90.19999695
N;NORTE;2012-05-30;3678.00000000;43.15000153;3667.00000000;43.02000046
NE;NORDESTE;2012-05-30;3840.00000000;54.06999969;3840.00000000;54.06999969
S;SUL;2012-05-30;5088.00000000;61.33000183;4989.00000000;60.13000107
SE;SUDESTE;2012-05-30;27313.00000000;92.22000122;26765.00000000;90.37000275
N;NORTE;2012-05-31;3565.00000000;41.83000183;3552.00000000;41.68000031
NE;NORDESTE;2012-05-31;3876.00000000;54.56999969;3876.00000000;54.56999969
S;SUL;2012-05-31;5080.00000000;61.22999954;4984.00000000;60.06999969
SE;SUDESTE;2012-05-31;27180.00000000;91.76999664;26445.00000000;89.29000092
N;NORTE;2012-06-01;3489.00000000;87.20999908;3478.00000000;86.94000244
NE;NORDESTE;2012-06-01;3840.00000000;81.84999847;3840.00000000;81.84999847
S;SUL;2012-06-01;5164.00000000;51.20000076;5018.00000000;49.75000000
SE;SUDESTE;2012-06-01;26996.00000000;105.87000275;26241.00000000;102.91000366
N;NORTE;2012-06-02;3412.00000000;85.29000092;3401.00000000;85.01000214
NE;NORDESTE;2012-06-02;3754.00000000;80.01999664;3754.00000000;80.01999664
S;SUL;2012-06-02;5081.00000000;50.36999893;4771.00000000;47.29999924
SE;SUDESTE;2012-06-02;26906.00000000;105.51000214;25950.00000000;101.76000214
N;NORTE;2012-06-03;3324.00000000;83.08999634;3309.00000000;82.70999908
NE;NORDESTE;2012-06-03;3761.00000000;80.16999817;3761.00000000;80.16999817
S;SUL;2012-06-03;6489.00000000;64.33000183;6150.00000000;60.97000122
SE;SUDESTE;2012-06-03;27146.00000000;106.45999908;26700.00000000;104.70999908
N;NORTE;2012-06-04;3241.00000000;81.01000214;3219.00000000;80.45999908
NE;NORDESTE;2012-06-04;3774.00000000;80.44000244;3774.00000000;80.44000244
S;SUL;2012-06-04;11332.00000000;112.33999634;10954.00000000;108.59999847
SE;SUDESTE;2012-06-04;27746.00000000;108.80999756;26925.00000000;105.58999634
N;NORTE;2012-06-05;3195.00000000;79.86000061;3173.00000000;79.30999756
NE;NORDESTE;2012-06-05;3664.00000000;78.09999847;3664.00000000;78.09999847
S;SUL;2012-06-05;15134.00000000;150.03999329;13896.00000000;137.75999451
SE;SUDESTE;2012-06-05;29759.00000000;116.69999695;29384.00000000;115.23000336
N;NORTE;2012-06-06;3138.00000000;78.44000244;3116.00000000;77.88999939
NE;NORDESTE;2012-06-06;3611.00000000;76.97000122;3611.00000000;76.97000122
S;SUL;2012-06-06;15274.00000000;151.42999268;13701.00000000;135.83000183
SE;SUDESTE;2012-06-06;32896.00000000;129.00000000;32358.00000000;126.88999939
N;NORTE;2012-06-07;3087.00000000;77.16000366;3065.00000000;76.61000061
NE;NORDESTE;2012-06-07;3615.00000000;77.05000305;3615.00000000;77.05000305
S;SUL;2012-06-07;13630.00000000;135.13000488;12346.00000000;122.40000153
SE;SUDESTE;2012-06-07;36753.00000000;144.13000488;36067.00000000;141.44000244
N;NORTE;2012-06-08;3092.00000000;77.29000092;3072.00000000;76.79000092
NE;NORDESTE;2012-06-08;3614.00000000;77.02999878;3614.00000000;77.02999878
S;SUL;2012-06-08;12098.00000000;119.94000244;11234.00000000;111.37000275
SE;SUDESTE;2012-06-08;39095.00000000;153.30999756;36846.00000000;144.49000549
N;NORTE;2012-06-09;3065.00000000;76.61000061;3060.00000000;76.48999786
NE;NORDESTE;2012-06-09;3633.00000000;77.44000244;3633.00000000;77.44000244
S;SUL;2012-06-09;11023.00000000;109.27999878;10359.00000000;102.69999695
SE;SUDESTE;2012-06-09;40315.00000000;158.10000610;36609.00000000;143.55999756
N;NORTE;2012-06-10;3040.00000000;75.98999786;3040.00000000;75.98999786
NE;NORDESTE;2012-06-10;3624.00000000;77.25000000;3624.00000000;77.25000000
S;SUL;2012-06-10;11384.00000000;112.86000061;10858.00000000;107.65000153
SE;SUDESTE;2012-06-10;39056.00000000;153.16000366;35632.00000000;139.72999573
N;NORTE;2012-06-11;3003.00000000;75.05999756;3003.00000000;75.05999756
NE;NORDESTE;2012-06-11;3570.00000000;76.09999847;3550.00000000;75.66999817
S;SUL;2012-06-11;15007.00000000;148.77999878;10531.00000000;104.40000153
SE;SUDESTE;2012-06-11;38191.00000000;149.77000427;36609.00000000;143.55999756
N;NORTE;2012-06-12;2965.00000000;74.11000061;2961.00000000;74.01000214
NE;NORDESTE;2012-06-12;3525.00000000;75.13999939;3498.00000000;74.55999756
S;SUL;2012-06-12;16440.00000000;162.99000549;10543.00000000;104.51999664
SE;SUDESTE;2012-06-12;37059.00000000;145.33000183;34980.00000000;137.17999268
N;NORTE;2012-06-13;2878.00000000;71.94000244;2865.00000000;71.61000061
NE;NORDESTE;2012-06-13;3523.00000000;75.08999634;3494.00000000;74.48000336
S;SUL;2012-06-13;15866.00000000;157.28999329;11173.00000000;110.76999664
SE;SUDESTE;2012-06-13;36035.00000000;141.30999756;35194.00000000;138.02000427
N;NORTE;2012-06-14;2810.00000000;70.23999786;2794.00000000;69.83999634
NE;NORDESTE;2012-06-14;3532.00000000;75.29000092;3504.00000000;74.69000244
S;SUL;2012-06-14;14725.00000000;145.97999573;8045.00000000;79.76000214
SE;SUDESTE;2012-06-14;35327.00000000;138.53999329;34735.00000000;136.22000122
N;NORTE;2012-06-15;2753.00000000;68.81999969;2736.00000000;68.38999939
NE;NORDESTE;2012-06-15;3528.00000000;75.19999695;3500.00000000;74.59999847
S;SUL;2012-06-15;13754.00000000;136.36000061;6425.00000000;63.70000076
SE;SUDESTE;2012-06-15;34857.00000000;136.69000244;34244.00000000;134.28999329
N;NORTE;2012-06-16;2699.00000000;67.47000122;2682.00000000;67.04000092
NE;NORDESTE;2012-06-16;3557.00000000;75.81999969;3533.00000000;75.30999756
S;SUL;2012-06-16;13059.00000000;129.47000122;6954.00000000;68.94000244
SE;SUDESTE;2012-06-16;33955.00000000;133.16000366;33554.00000000;131.58000183
N;NORTE;2012-06-17;2643.00000000;66.06999969;2627.00000000;65.66999817
NE;NORDESTE;2012-06-17;3573.00000000;76.16000366;3561.00000000;75.90000153
S;SUL;2012-06-17;13079.00000000;129.66000366;6721.00000000;66.62999725
SE;SUDESTE;2012-06-17;32977.00000000;129.32000732;30088.00000000;117.98999786
N;NORTE;2012-06-18;2608.00000000;65.19000244;2591.00000000;64.76999664
NE;NORDESTE;2012-06-18;3593.00000000;76.58999634;3581.00000000;76.33000183
S;SUL;2012-06-18;18667.00000000;185.05999756;6111.00000000;60.58000183
SE;SUDESTE;2012-06-18;32434.00000000;127.19000244;29776.00000000;116.76999664
N;NORTE;2012-06-19;2611.00000000;65.26999664;2595.00000000;64.87000275
NE;NORDESTE;2012-06-19;3626.00000000;77.29000092;3614.00000000;77.02999878
S;SUL;2012-06-19;21782.00000000;215.94999695;10182.00000000;100.94000244
SE;SUDESTE;2012-06-19;34806.00000000;136.49000549;31423.00000000;123.23000336
N;NORTE;2012-06-20;2605.00000000;65.12000275;2582.00000000;64.54000092
NE;NORDESTE;2012-06-20;3701.00000000;78.88999939;3680.00000000;78.44000244
S;SUL;2012-06-20;20579.00000000;204.02000427;14285.00000000;141.61999512
SE;SUDESTE;2012-06-20;40993.00000000;160.75999451;36839.00000000;144.47000122
N;NORTE;2012-06-21;2558.00000000;63.93999863;2527.00000000;63.16999817
NE;NORDESTE;2012-06-21;3744.00000000;79.80000305;3734.00000000;79.58999634
S;SUL;2012-06-21;18705.00000000;185.44000244;14568.00000000;144.42999268
SE;SUDESTE;2012-06-21;45502.00000000;178.44000244;36051.00000000;141.38000488
N;NORTE;2012-06-22;2501.00000000;62.52000046;2471.00000000;61.77000046
NE;NORDESTE;2012-06-22;3747.00000000;79.87000275;3747.00000000;79.87000275
S;SUL;2012-06-22;18257.00000000;181.00000000;8783.00000000;87.06999969
SE;SUDESTE;2012-06-22;48781.00000000;191.30000305;37333.00000000;146.39999390
N;NORTE;2012-06-23;2489.00000000;62.22000122;2482.00000000;62.04000092
NE;NORDESTE;2012-06-23;3766.00000000;80.26999664;3766.00000000;80.26999664
S;SUL;2012-06-23;18295.00000000;181.38000488;11319.00000000;112.22000122
SE;SUDESTE;2012-06-23;50820.00000000;199.28999329;41035.00000000;160.91999817
N;NORTE;2012-06-24;2463.00000000;61.56999969;2456.00000000;61.38999939
NE;NORDESTE;2012-06-24;3737.00000000;79.65000153;3737.00000000;79.65000153
S;SUL;2012-06-24;17245.00000000;170.97000122;14659.00000000;145.33000183
SE;SUDESTE;2012-06-24;51754.00000000;202.96000671;40696.00000000;159.58999634
N;NORTE;2012-06-25;2423.00000000;60.56999969;2418.00000000;60.43999863
NE;NORDESTE;2012-06-25;3693.00000000;78.72000122;3693.00000000;78.72000122
S;SUL;2012-06-25;16080.00000000;159.41999817;14627.00000000;145.00999451
SE;SUDESTE;2012-06-25;50529.00000000;198.14999390;41388.00000000;162.30999756
N;NORTE;2012-06-26;2413.00000000;60.31999969;2408.00000000;60.18999863
NE;NORDESTE;2012-06-26;3578.00000000;76.26999664;3578.00000000;76.26999664
S;SUL;2012-06-26;14974.00000000;148.44999695;13307.00000000;131.91999817
SE;SUDESTE;2012-06-26;46998.00000000;184.30999756;38983.00000000;152.86999512
N;NORTE;2012-06-27;2383.00000000;59.56999969;2367.00000000;59.16999817
NE;NORDESTE;2012-06-27;3427.00000000;73.05000305;3427.00000000;73.05000305
S;SUL;2012-06-27;13977.00000000;138.57000732;12400.00000000;122.93000031
SE;SUDESTE;2012-06-27;43734.00000000;171.50999451;37631.00000000;147.57000732
N;NORTE;2012-06-28;2349.00000000;58.72000122;2326.00000000;58.13999939
NE;NORDESTE;2012-06-28;3305.00000000;70.44999695;3295.00000000;70.23000336
S;SUL;2012-06-28;13064.00000000;129.52000427;11876.00000000;117.73999786
SE;SUDESTE;2012-06-28;41716.00000000;163.58999634;36454.00000000;142.96000671
N;NORTE;2012-06-29;2265.00000000;56.61999893;2241.00000000;56.02000046
NE;NORDESTE;2012-06-29;3213.00000000;68.48999786;3203.00000000;68.26999664
S;SUL;2012-06-29;12167.00000000;120.62000275;11574.00000000;114.73999786
SE;SUDESTE;2012-06-29;39991.00000000;156.83000183;35129.00000000;137.75999451
N;NORTE;2012-06-30;2189.00000000;54.72000122;2165.00000000;54.11999893
NE;NORDESTE;2012-06-30;3117.00000000;66.44000244;3117.00000000;66.44000244
S;SUL;2012-06-30;11268.00000000;111.70999908;10274.00000000;101.86000061
SE;SUDESTE;2012-06-30;37990.00000000;148.97999573;32879.00000000;128.94000244
N;NORTE;2012-07-01;2156.00000000;93.66000366;2132.00000000;92.62000275
NE;NORDESTE;2012-07-01;3063.00000000;79.16000366;3063.00000000;79.16000366
S;SUL;2012-07-01;10245.00000000;96.36000061;9901.00000000;93.12000275
SE;SUDESTE;2012-07-01;36213.00000000;171.85000610;31533.00000000;149.63999939
N;NORTE;2012-07-02;2144.00000000;93.13999939;2127.00000000;92.40000153
NE;NORDESTE;2012-07-02;2946.00000000;76.12999725;2946.00000000;76.12999725
S;SUL;2012-07-02;9412.00000000;88.51999664;8886.00000000;83.56999969
SE;SUDESTE;2012-07-02;34560.00000000;164.00000000;31333.00000000;148.69000244
N;NORTE;2012-07-03;2076.00000000;90.19000244;2065.00000000;89.70999908
NE;NORDESTE;2012-07-03;2885.00000000;74.55999756;2885.00000000;74.55999756
S;SUL;2012-07-03;8709.00000000;81.91000366;8289.00000000;77.95999908
SE;SUDESTE;2012-07-03;32985.00000000;156.52999878;31756.00000000;150.69999695
N;NORTE;2012-07-04;2064.00000000;89.66999817;2057.00000000;89.36000061
NE;NORDESTE;2012-07-04;2895.00000000;74.80999756;2895.00000000;74.80999756
S;SUL;2012-07-04;8096.00000000;76.13999939;7872.00000000;74.04000092
SE;SUDESTE;2012-07-04;31422.00000000;149.11000061;30674.00000000;145.55999756
N;NORTE;2012-07-05;2043.00000000;88.75000000;2039.00000000;88.58000183
NE;NORDESTE;2012-07-05;2917.00000000;75.37999725;2917.00000000;75.37999725
S;SUL;2012-07-05;7743.00000000;72.81999969;7440.00000000;69.97000122
SE;SUDESTE;2012-07-05;29975.00000000;142.24000549;28683.00000000;136.11000061
N;NORTE;2012-07-06;1992.00000000;86.54000092;1977.00000000;85.88999939
NE;NORDESTE;2012-07-06;2902.00000000;75.00000000;2885.00000000;74.55999756
S;SUL;2012-07-06;8506.00000000;79.40000153;8189.00000000;76.44000244
SE;SUDESTE;2012-07-06;28663.00000000;136.02000427;27557.00000000;130.77000427
N;NORTE;2012-07-07;1927.00000000;83.70999908;1911.00000000;83.01999664
NE;NORDESTE;2012-07-07;2917.00000000;75.37999725;2892.00000000;74.73999786
S;SUL;2012-07-07;10231.00000000;95.51000214;9652.00000000;90.09999847
SE;SUDESTE;2012-07-07;27597.00000000;130.96000671;27041.00000000;128.32000732
N;NORTE;2012-07-08;1926.00000000;83.66999817;1915.00000000;83.19000244
NE;NORDESTE;2012-07-08;2869.00000000;74.13999939;2848.00000000;73.59999847
S;SUL;2012-07-08;9753.00000000;91.04000092;9029.00000000;84.27999878
SE;SUDESTE;2012-07-08;27230.00000000;129.22000122;25042.00000000;118.83999634
N;NORTE;2012-07-09;1897.00000000;82.41000366;1897.00000000;82.41000366
NE;NORDESTE;2012-07-09;2860.00000000;73.91000366;2839.00000000;73.37000275
S;SUL;2012-07-09;8369.00000000;78.12000275;7877.00000000;73.52999878
SE;SUDESTE;2012-07-09;26963.00000000;127.94999695;26600.00000000;126.23000336
N;NORTE;2012-07-10;1874.00000000;81.41000366;1869.00000000;81.19000244
NE;NORDESTE;2012-07-10;2827.00000000;73.05999756;2805.00000000;72.48999786
S;SUL;2012-07-10;7424.00000000;69.30000305;7100.00000000;66.27999878
SE;SUDESTE;2012-07-10;26605.00000000;126.25000000;26146.00000000;124.06999969
N;NORTE;2012-07-11;1840.00000000;79.93000031;1825.00000000;79.27999878
NE;NORDESTE;2012-07-11;2794.00000000;72.19999695;2773.00000000;71.66000366
S;SUL;2012-07-11;7863.00000000;73.40000153;7384.00000000;68.93000031
SE;SUDESTE;2012-07-11;26374.00000000;125.16000366;25997.00000000;123.37000275
N;NORTE;2012-07-12;1822.00000000;79.15000153;1805.00000000;78.41000366
NE;NORDESTE;2012-07-12;2769.00000000;71.55999756;2769.00000000;71.55999756
S;SUL;2012-07-12;8170.00000000;76.26999664;7418.00000000;69.25000000
SE;SUDESTE;2012-07-12;26286.00000000;124.73999786;25993.00000000;123.34999847
N;NORTE;2012-07-13;1776.00000000;77.15000153;1759.00000000;76.41999817
NE;NORDESTE;2012-07-13;2744.00000000;70.91000366;2730.00000000;70.55000305
S;SUL;2012-07-13;7600.00000000;70.94999695;7041.00000000;65.73000336
SE;SUDESTE;2012-07-13;26057.00000000;123.65000153;25769.00000000;122.29000092
N;NORTE;2012-07-14;1755.00000000;76.23999786;1739.00000000;75.55000305
NE;NORDESTE;2012-07-14;2746.00000000;70.95999908;2724.00000000;70.40000153
S;SUL;2012-07-14;6830.00000000;63.75999832;6515.00000000;60.81999969
SE;SUDESTE;2012-07-14;25777.00000000;122.31999969;25435.00000000;120.69999695
N;NORTE;2012-07-15;1728.00000000;75.06999969;1714.00000000;74.45999908
NE;NORDESTE;2012-07-15;2773.00000000;71.66000366;2764.00000000;71.43000031
S;SUL;2012-07-15;6282.00000000;58.63999939;6017.00000000;56.16999817
SE;SUDESTE;2012-07-15;25375.00000000;120.41999817;23792.00000000;112.90000153
N;NORTE;2012-07-16;1718.00000000;74.62999725;1707.00000000;74.16000366
NE;NORDESTE;2012-07-16;2757.00000000;71.25000000;2728.00000000;70.50000000
S;SUL;2012-07-16;5933.00000000;55.38000107;5659.00000000;52.83000183
SE;SUDESTE;2012-07-16;25329.00000000;120.19999695;24988.00000000;118.58000183
N;NORTE;2012-07-17;1698.00000000;73.76999664;1687.00000000;73.29000092
NE;NORDESTE;2012-07-17;2742.00000000;70.86000061;2722.00000000;70.33999634
S;SUL;2012-07-17;6328.00000000;59.06999969;5937.00000000;55.41999817
SE;SUDESTE;2012-07-17;25528.00000000;121.13999939;24935.00000000;118.33000183
N;NORTE;2012-07-18;1670.00000000;72.55000305;1659.00000000;72.06999969
NE;NORDESTE;2012-07-18;2722.00000000;70.33999634;2710.00000000;70.02999878
S;SUL;2012-07-18;7342.00000000;68.54000092;6723.00000000;62.75999832
SE;SUDESTE;2012-07-18;25231.00000000;119.73000336;24613.00000000;116.80000305
N;NORTE;2012-07-19;1626.00000000;70.63999939;1615.00000000;70.16000366
NE;NORDESTE;2012-07-19;2687.00000000;69.44000244;2671.00000000;69.02999878
S;SUL;2012-07-19;8017.00000000;74.83999634;7290.00000000;68.05000305
SE;SUDESTE;2012-07-19;24937.00000000;118.33999634;24468.00000000;116.11000061
N;NORTE;2012-07-20;1593.00000000;69.19999695;1582.00000000;68.73000336
NE;NORDESTE;2012-07-20;2621.00000000;67.73000336;2607.00000000;67.37000275
S;SUL;2012-07-20;7990.00000000;74.58999634;7419.00000000;69.26000214
SE;SUDESTE;2012-07-20;24889.00000000;118.11000061;24562.00000000;116.55999756
N;NORTE;2012-07-21;1538.00000000;66.80999756;1530.00000000;66.47000122
NE;NORDESTE;2012-07-21;3000.00000000;77.52999878;2987.00000000;77.19000244
S;SUL;2012-07-21;7408.00000000;69.15000153;6947.00000000;64.84999847
SE;SUDESTE;2012-07-21;24730.00000000;117.36000061;24467.00000000;116.11000061
N;NORTE;2012-07-22;1516.00000000;65.86000061;1513.00000000;65.73000336
NE;NORDESTE;2012-07-22;2972.00000000;76.80000305;2963.00000000;76.56999969
S;SUL;2012-07-22;6947.00000000;64.84999847;6577.00000000;61.40000153
SE;SUDESTE;2012-07-22;24528.00000000;116.40000153;24317.00000000;115.40000153
N;NORTE;2012-07-23;1496.00000000;64.98999786;1496.00000000;64.98999786
NE;NORDESTE;2012-07-23;2886.00000000;74.58000183;2871.00000000;74.19000244
S;SUL;2012-07-23;6662.00000000;62.18999863;6435.00000000;60.06999969
SE;SUDESTE;2012-07-23;24224.00000000;114.94999695;24047.00000000;114.11000061
N;NORTE;2012-07-24;1475.00000000;64.08000183;1475.00000000;64.08000183
NE;NORDESTE;2012-07-24;2463.00000000;63.65000153;2448.00000000;63.25999832
S;SUL;2012-07-24;6656.00000000;62.13000107;6503.00000000;60.70000076
SE;SUDESTE;2012-07-24;23751.00000000;112.70999908;23509.00000000;111.55999756
N;NORTE;2012-07-25;1449.00000000;62.95000076;1449.00000000;62.95000076
NE;NORDESTE;2012-07-25;2442.00000000;63.11000061;2429.00000000;62.77000046
S;SUL;2012-07-25;8220.00000000;76.73000336;7589.00000000;70.83999634
SE;SUDESTE;2012-07-25;23325.00000000;110.69000244;22864.00000000;108.50000000
N;NORTE;2012-07-26;1463.00000000;63.56000137;1463.00000000;63.56000137
NE;NORDESTE;2012-07-26;2391.00000000;61.79000092;2377.00000000;61.43000031
S;SUL;2012-07-26;9731.00000000;90.83999634;8948.00000000;83.52999878
SE;SUDESTE;2012-07-26;22860.00000000;108.48000336;22632.00000000;107.40000153
N;NORTE;2012-07-27;1443.00000000;62.68999863;1443.00000000;62.68999863
NE;NORDESTE;2012-07-27;2359.00000000;60.95999908;2335.00000000;60.34000015
S;SUL;2012-07-27;14355.00000000;134.00000000;13682.00000000;127.72000122
SE;SUDESTE;2012-07-27;22670.00000000;107.58000183;22404.00000000;106.31999969
N;NORTE;2012-07-28;1437.00000000;62.43000031;1432.00000000;62.20999908
NE;NORDESTE;2012-07-28;2355.00000000;60.86000061;2332.00000000;60.27000046
S;SUL;2012-07-28;16990.00000000;158.60000610;16258.00000000;151.77000427
SE;SUDESTE;2012-07-28;22411.00000000;106.34999847;22201.00000000;105.34999847
N;NORTE;2012-07-29;1426.00000000;61.95000076;1423.00000000;61.81999969
NE;NORDESTE;2012-07-29;2343.00000000;60.54999924;2319.00000000;59.93000031
S;SUL;2012-07-29;19135.00000000;178.61999512;18559.00000000;173.25000000
SE;SUDESTE;2012-07-29;22132.00000000;105.02999878;21139.00000000;100.30999756
N;NORTE;2012-07-30;1396.00000000;60.65000153;1393.00000000;60.52000046
NE;NORDESTE;2012-07-30;2383.00000000;61.58000183;2359.00000000;60.95999908
S;SUL;2012-07-30;22169.00000000;206.94999695;20194.00000000;188.50999451
SE;SUDESTE;2012-07-30;21723.00000000;103.08999634;21414.00000000;101.62000275
N;NORTE;2012-07-31;1362.00000000;59.16999817;1362.00000000;59.16999817
NE;NORDESTE;2012-07-31;2365.00000000;61.11999893;2340.00000000;60.47000122
S;SUL;2012-07-31;22991.00000000;214.61999512;18975.00000000;177.13000488
SE;SUDESTE;2012-07-31;21232.00000000;100.76000214;20865.00000000;99.01000214
N;NORTE;2012-08-01;1309.00000000;81.06999969;1309.00000000;81.06999969
NE;NORDESTE;2012-08-01;2365.00000000;70.08999634;2336.00000000;69.23000336
S;SUL;2012-08-01;22076.00000000;223.41999817;18034.00000000;182.52000427
SE;SUDESTE;2012-08-01;20741.00000000;118.06999969;20414.00000000;116.20999908
N;NORTE;2012-08-02;1263.00000000;78.22000122;1263.00000000;78.22000122
NE;NORDESTE;2012-08-02;2349.00000000;69.61000061;2329.00000000;69.01999664
S;SUL;2012-08-02;19714.00000000;199.52000427;16639.00000000;168.39999390
SE;SUDESTE;2012-08-02;20298.00000000;115.55000305;19970.00000000;113.68000031
N;NORTE;2012-08-03;1196.00000000;74.06999969;1196.00000000;74.06999969
NE;NORDESTE;2012-08-03;2383.00000000;70.62000275;2361.00000000;69.97000122
S;SUL;2012-08-03;17197.00000000;174.03999329;14747.00000000;149.25000000
SE;SUDESTE;2012-08-03;19917.00000000;113.37999725;19525.00000000;111.15000153
N;NORTE;2012-08-04;1357.00000000;72.69000244;1357.00000000;72.69000244
NE;NORDESTE;2012-08-04;2356.00000000;69.81999969;2332.00000000;69.11000061
S;SUL;2012-08-04;15609.00000000;157.97000122;12798.00000000;129.52000427
SE;SUDESTE;2012-08-04;19626.00000000;111.72000122;19193.00000000;109.26000214
N;NORTE;2012-08-05;1323.00000000;70.87000275;1315.00000000;70.44000244
NE;NORDESTE;2012-08-05;2357.00000000;69.84999847;2335.00000000;69.19999695
S;SUL;2012-08-05;14167.00000000;143.38000488;11604.00000000;117.44000244
SE;SUDESTE;2012-08-05;19353.00000000;110.16999817;19104.00000000;108.75000000
N;NORTE;2012-08-06;1293.00000000;69.26000214;1279.00000000;68.51000214
NE;NORDESTE;2012-08-06;2364.00000000;70.05999756;2352.00000000;69.69999695
S;SUL;2012-08-06;12896.00000000;130.52000427;12068.00000000;122.13999939
SE;SUDESTE;2012-08-06;19095.00000000;108.69999695;18882.00000000;107.48999786
N;NORTE;2012-08-07;1279.00000000;68.51000214;1264.00000000;67.70999908
NE;NORDESTE;2012-08-07;2348.00000000;69.58000183;2339.00000000;69.30999756
S;SUL;2012-08-07;11914.00000000;120.58000183;11047.00000000;111.80000305
SE;SUDESTE;2012-08-07;18827.00000000;107.16999817;18588.00000000;105.80999756
N;NORTE;2012-08-08;1285.00000000;68.83000183;1269.00000000;67.97000122
NE;NORDESTE;2012-08-08;2320.00000000;68.75000000;2311.00000000;68.48999786
S;SUL;2012-08-08;10974.00000000;111.05999756;10028.00000000;101.48999786
SE;SUDESTE;2012-08-08;18513.00000000;105.38999939;18243.00000000;103.84999847
N;NORTE;2012-08-09;1288.00000000;68.98999786;1283.00000000;68.72000122
NE;NORDESTE;2012-08-09;2292.00000000;67.91999817;2280.00000000;67.56999969
S;SUL;2012-08-09;9956.00000000;100.76000214;9433.00000000;95.47000122
SE;SUDESTE;2012-08-09;18225.00000000;103.75000000;17974.00000000;102.31999969
N;NORTE;2012-08-10;1278.00000000;68.45999908;1278.00000000;68.45999908
NE;NORDESTE;2012-08-10;2270.00000000;67.26999664;2249.00000000;66.65000153
S;SUL;2012-08-10;9098.00000000;92.08000183;8890.00000000;89.97000122
SE;SUDESTE;2012-08-10;17979.00000000;102.34999847;17741.00000000;100.98999786
N;NORTE;2012-08-11;1285.00000000;68.83000183;1279.00000000;68.51000214
NE;NORDESTE;2012-08-11;2275.00000000;67.41999817;2252.00000000;66.73999786
S;SUL;2012-08-11;8112.00000000;82.09999847;7934.00000000;80.30000305
SE;SUDESTE;2012-08-11;17764.00000000;101.12000275;17574.00000000;100.04000092
N;NORTE;2012-08-12;1253.00000000;67.12000275;1247.00000000;66.80000305
NE;NORDESTE;2012-08-12;2287.00000000;67.76999664;2265.00000000;67.12000275
S;SUL;2012-08-12;7247.00000000;73.33999634;6985.00000000;70.69000244
SE;SUDESTE;2012-08-12;17556.00000000;99.94000244;17345.00000000;98.73999786
N;NORTE;2012-08-13;1235.00000000;66.15000153;1230.00000000;65.88999939
NE;NORDESTE;2012-08-13;2286.00000000;67.73999786;2263.00000000;67.05999756
S;SUL;2012-08-13;6802.00000000;68.83999634;6605.00000000;66.84999847
SE;SUDESTE;2012-08-13;17369.00000000;98.87000275;17037.00000000;96.98000336
N;NORTE;2012-08-14;1207.00000000;64.65000153;1202.00000000;64.38999939
NE;NORDESTE;2012-08-14;2285.00000000;67.70999908;2262.00000000;67.02999878
S;SUL;2012-08-14;6405.00000000;64.81999969;6287.00000000;63.63000107
SE;SUDESTE;2012-08-14;17202.00000000;97.91999817;16860.00000000;95.98000336
N;NORTE;2012-08-15;1173.00000000;62.83000183;1167.00000000;62.50999832
NE;NORDESTE;2012-08-15;2274.00000000;67.38999939;2251.00000000;66.70999908
S;SUL;2012-08-15;6100.00000000;61.74000168;5942.00000000;60.13999939
SE;SUDESTE;2012-08-15;17022.00000000;96.90000153;16662.00000000;94.84999847
N;NORTE;2012-08-16;1167.00000000;62.50999832;1166.00000000;62.45999908
NE;NORDESTE;2012-08-16;2300.00000000;68.16000366;2277.00000000;67.48000336
S;SUL;2012-08-16;5556.00000000;56.22999954;5424.00000000;54.88999939
SE;SUDESTE;2012-08-16;16842.00000000;95.87000275;16537.00000000;94.13999939
N;NORTE;2012-08-17;1147.00000000;61.43999863;1147.00000000;61.43999863
NE;NORDESTE;2012-08-17;2339.00000000;69.30999756;2317.00000000;68.66000366
S;SUL;2012-08-17;5256.00000000;53.18999863;5113.00000000;51.75000000
SE;SUDESTE;2012-08-17;16653.00000000;94.80000305;16507.00000000;93.97000122
N;NORTE;2012-08-18;1125.00000000;60.25999832;1088.00000000;58.27999878
NE;NORDESTE;2012-08-18;2323.00000000;68.83999634;2301.00000000;68.19000244
S;SUL;2012-08-18;4894.00000000;49.52999878;4711.00000000;47.68000031
SE;SUDESTE;2012-08-18;16413.00000000;93.43000031;16193.00000000;92.18000031
N;NORTE;2012-08-19;1117.00000000;59.83000183;1117.00000000;59.83000183
NE;NORDESTE;2012-08-19;2281.00000000;67.59999847;2258.00000000;66.91000366
S;SUL;2012-08-19;4581.00000000;46.36000061;4434.00000000;44.86999893
SE;SUDESTE;2012-08-19;16246.00000000;92.48000336;16021.00000000;91.19999695
N;NORTE;2012-08-20;1121.00000000;60.04999924;1121.00000000;60.04999924
NE;NORDESTE;2012-08-20;2222.00000000;65.84999847;2208.00000000;65.43000031
S;SUL;2012-08-20;4456.00000000;45.09999847;4289.00000000;43.40999985
SE;SUDESTE;2012-08-20;16115.00000000;91.73999786;15815.00000000;90.02999878
N;NORTE;2012-08-21;1106.00000000;59.24000168;1106.00000000;59.24000168
NE;NORDESTE;2012-08-21;2181.00000000;64.62999725;2161.00000000;64.04000092
S;SUL;2012-08-21;4342.00000000;43.93999863;4193.00000000;42.43999863
SE;SUDESTE;2012-08-21;15952.00000000;90.80999756;15688.00000000;89.30000305
N;NORTE;2012-08-22;1111.00000000;59.50999832;1111.00000000;59.50999832
NE;NORDESTE;2012-08-22;2169.00000000;64.27999878;2149.00000000;63.68000031
S;SUL;2012-08-22;4235.00000000;42.86000061;4144.00000000;41.93999863
SE;SUDESTE;2012-08-22;15748.00000000;89.65000153;15315.00000000;87.18000031
N;NORTE;2012-08-23;1137.00000000;60.90000153;1137.00000000;60.90000153
NE;NORDESTE;2012-08-23;2149.00000000;63.68000031;2132.00000000;63.18000031
S;SUL;2012-08-23;3996.00000000;40.43999863;3866.00000000;39.13000107
SE;SUDESTE;2012-08-23;15555.00000000;88.55000305;15130.00000000;86.12999725
N;NORTE;2012-08-24;1158.00000000;62.02999878;1158.00000000;62.02999878
NE;NORDESTE;2012-08-24;2153.00000000;63.79999924;2128.00000000;63.06000137
S;SUL;2012-08-24;3851.00000000;38.97000122;3714.00000000;37.59000015
SE;SUDESTE;2012-08-24;15383.00000000;87.56999969;15097.00000000;85.94000244
N;NORTE;2012-08-25;1172.00000000;62.77999878;1172.00000000;62.77999878
NE;NORDESTE;2012-08-25;2152.00000000;63.77000046;2129.00000000;63.09000015
S;SUL;2012-08-25;3789.00000000;38.34999847;3677.00000000;37.20999908
SE;SUDESTE;2012-08-25;15252.00000000;86.81999969;15015.00000000;85.47000122
N;NORTE;2012-08-26;1195.00000000;64.01000214;1012.00000000;54.20999908
NE;NORDESTE;2012-08-26;2132.00000000;63.18000031;2122.00000000;62.88000107
S;SUL;2012-08-26;3760.00000000;38.04999924;3635.00000000;36.79000092
SE;SUDESTE;2012-08-26;15153.00000000;86.26000214;14960.00000000;85.16000366
N;NORTE;2012-08-27;1205.00000000;64.55000305;1205.00000000;64.55000305
NE;NORDESTE;2012-08-27;2126.00000000;63.00000000;2103.00000000;62.31999969
S;SUL;2012-08-27;3869.00000000;39.15999985;3729.00000000;37.74000168
SE;SUDESTE;2012-08-27;15084.00000000;85.87000275;14939.00000000;85.04000092
N;NORTE;2012-08-28;1193.00000000;63.90000153;1193.00000000;63.90000153
NE;NORDESTE;2012-08-28;2126.00000000;63.00000000;2103.00000000;62.31999969
S;SUL;2012-08-28;3814.00000000;38.59999847;3646.00000000;36.90000153
SE;SUDESTE;2012-08-28;15018.00000000;85.48999786;14812.00000000;84.31999969
N;NORTE;2012-08-29;1166.00000000;62.45999908;1166.00000000;62.45999908
NE;NORDESTE;2012-08-29;2097.00000000;62.13999939;2086.00000000;61.81999969
S;SUL;2012-08-29;3660.00000000;37.04000092;3499.00000000;35.40999985
SE;SUDESTE;2012-08-29;14919.00000000;84.93000031;14783.00000000;84.15000153
N;NORTE;2012-08-30;1134.00000000;60.74000168;1134.00000000;60.74000168
NE;NORDESTE;2012-08-30;2088.00000000;61.88000107;2088.00000000;61.88000107
S;SUL;2012-08-30;3492.00000000;35.34000015;3332.00000000;33.72000122
SE;SUDESTE;2012-08-30;14830.00000000;84.41999817;14516.00000000;82.62999725
N;NORTE;2012-08-31;1099.00000000;58.86999893;1099.00000000;58.86999893
NE;NORDESTE;2012-08-31;2091.00000000;61.97000122;2070.00000000;61.34000015
S;SUL;2012-08-31;3406.00000000;34.47000122;3273.00000000;33.11999893
SE;SUDESTE;2012-08-31;14714.00000000;83.76000214;14004.00000000;79.72000122
N;NORTE;2012-09-01;1093.00000000;72.69000244;1093.00000000;72.69000244
NE;NORDESTE;2012-09-01;2088.00000000;69.22000122;2076.00000000;68.83000183
S;SUL;2012-09-01;3269.00000000;28.43000031;3126.00000000;27.18000031
SE;SUDESTE;2012-09-01;14584.00000000;83.77999878;13717.00000000;78.80000305
N;NORTE;2012-09-02;1071.00000000;71.22000122;1071.00000000;71.22000122
NE;NORDESTE;2012-09-02;2103.00000000;69.72000122;2074.00000000;68.76000214
S;SUL;2012-09-02;3203.00000000;27.85000038;2977.00000000;25.88999939
SE;SUDESTE;2012-09-02;14420.00000000;82.83999634;13607.00000000;78.16999817
N;NORTE;2012-09-03;1066.00000000;70.88999939;1066.00000000;70.88999939
NE;NORDESTE;2012-09-03;2095.00000000;69.45999908;2084.00000000;69.08999634
S;SUL;2012-09-03;3138.00000000;27.29000092;2920.00000000;25.38999939
SE;SUDESTE;2012-09-03;14245.00000000;81.83000183;13571.00000000;77.95999908
N;NORTE;2012-09-04;1090.00000000;72.48999786;1090.00000000;72.48999786
NE;NORDESTE;2012-09-04;2088.00000000;69.22000122;2079.00000000;68.93000031
S;SUL;2012-09-04;3099.00000000;26.95000076;2949.00000000;25.63999939
SE;SUDESTE;2012-09-04;14073.00000000;80.83999634;13295.00000000;76.37000275
N;NORTE;2012-09-05;1102.00000000;73.27999878;1102.00000000;73.27999878
NE;NORDESTE;2012-09-05;2076.00000000;68.83000183;2066.00000000;68.50000000
S;SUL;2012-09-05;3002.00000000;26.10000038;2883.00000000;25.06999969
SE;SUDESTE;2012-09-05;14009.00000000;80.48000336;13224.00000000;75.97000122
N;NORTE;2012-09-06;1104.00000000;73.41999817;1104.00000000;73.41999817
NE;NORDESTE;2012-09-06;2068.00000000;68.55999756;2057.00000000;68.19999695
S;SUL;2012-09-06;2957.00000000;25.70999908;2838.00000000;24.68000031
SE;SUDESTE;2012-09-06;13906.00000000;79.87999725;13275.00000000;76.26000214
N;NORTE;2012-09-07;1115.00000000;74.15000153;1115.00000000;74.15000153
NE;NORDESTE;2012-09-07;2033.00000000;67.40000153;2033.00000000;67.40000153
S;SUL;2012-09-07;2777.00000000;24.14999962;2576.00000000;22.39999962
SE;SUDESTE;2012-09-07;13804.00000000;79.30000305;13168.00000000;75.63999939
N;NORTE;2012-09-08;1131.00000000;75.20999908;1131.00000000;75.20999908
NE;NORDESTE;2012-09-08;2022.00000000;67.04000092;2022.00000000;67.04000092
S;SUL;2012-09-08;2731.00000000;23.75000000;2508.00000000;21.80999947
SE;SUDESTE;2012-09-08;13630.00000000;78.30000305;13002.00000000;74.69000244
N;NORTE;2012-09-09;1111.00000000;73.87999725;1111.00000000;73.87999725
NE;NORDESTE;2012-09-09;1995.00000000;66.13999939;1995.00000000;66.13999939
S;SUL;2012-09-09;2870.00000000;24.95999908;2690.00000000;23.38999939
SE;SUDESTE;2012-09-09;13603.00000000;78.13999939;12491.00000000;71.76000214
N;NORTE;2012-09-10;1071.00000000;71.22000122;1071.00000000;71.22000122
NE;NORDESTE;2012-09-10;1994.00000000;66.11000061;1966.00000000;65.18000031
S;SUL;2012-09-10;4353.00000000;37.84999847;4206.00000000;36.56999969
SE;SUDESTE;2012-09-10;13558.00000000;77.87999725;13178.00000000;75.69999695
N;NORTE;2012-09-11;1061.00000000;70.55999756;1061.00000000;70.55999756
NE;NORDESTE;2012-09-11;1983.00000000;65.73999786;1954.00000000;64.77999878
S;SUL;2012-09-11;6818.00000000;59.29000092;5878.00000000;51.11000061
SE;SUDESTE;2012-09-11;13536.00000000;77.76000214;12650.00000000;72.66999817
N;NORTE;2012-09-12;1043.00000000;69.36000061;1043.00000000;69.36000061
NE;NORDESTE;2012-09-12;1973.00000000;65.41000366;1944.00000000;64.44999695
S;SUL;2012-09-12;6938.00000000;60.33000183;6321.00000000;54.97000122
SE;SUDESTE;2012-09-12;13444.00000000;77.23000336;12664.00000000;72.75000000
N;NORTE;2012-09-13;1033.00000000;68.69999695;1033.00000000;68.69999695
NE;NORDESTE;2012-09-13;1906.00000000;63.18999863;1878.00000000;62.25999832
S;SUL;2012-09-13;5753.00000000;50.02999878;5478.00000000;47.63000107
SE;SUDESTE;2012-09-13;13393.00000000;76.94000244;12437.00000000;71.44000244
N;NORTE;2012-09-14;1025.00000000;68.16000366;1025.00000000;68.16000366
NE;NORDESTE;2012-09-14;1876.00000000;62.20000076;1847.00000000;61.22999954
S;SUL;2012-09-14;4661.00000000;40.52999878;4507.00000000;39.18999863
SE;SUDESTE;2012-09-14;13225.00000000;75.97000122;12037.00000000;69.15000153
N;NORTE;2012-09-15;1048.00000000;69.69000244;1048.00000000;69.69000244
NE;NORDESTE;2012-09-15;1842.00000000;61.06999969;1817.00000000;60.24000168
S;SUL;2012-09-15;3923.00000000;34.11000061;3752.00000000;32.63000107
SE;SUDESTE;2012-09-15;13077.00000000;75.12000275;11882.00000000;68.26000214
N;NORTE;2012-09-16;1057.00000000;70.29000092;1057.00000000;70.29000092
NE;NORDESTE;2012-09-16;1867.00000000;61.90000153;1842.00000000;61.06999969
S;SUL;2012-09-16;3479.00000000;30.25000000;3199.00000000;27.81999969
SE;SUDESTE;2012-09-16;12950.00000000;74.38999939;11839.00000000;68.01000214
N;NORTE;2012-09-17;1064.00000000;70.76000214;1064.00000000;70.76000214
NE;NORDESTE;2012-09-17;1892.00000000;62.72999954;1881.00000000;62.36000061
S;SUL;2012-09-17;3573.00000000;31.06999969;3396.00000000;29.53000069
SE;SUDESTE;2012-09-17;12966.00000000;74.48000336;11511.00000000;66.12999725
N;NORTE;2012-09-18;1061.00000000;70.55999756;1061.00000000;70.55999756
NE;NORDESTE;2012-09-18;1964.00000000;65.11000061;1954.00000000;64.77999878
S;SUL;2012-09-18;4056.00000000;35.27000046;3874.00000000;33.68999863
SE;SUDESTE;2012-09-18;12973.00000000;74.51999664;11474.00000000;65.91000366
N;NORTE;2012-09-19;1082.00000000;71.94999695;1082.00000000;71.94999695
NE;NORDESTE;2012-09-19;2004.00000000;66.44000244;1986.00000000;65.83999634
S;SUL;2012-09-19;12022.00000000;104.54000092;8369.00000000;72.76999664
SE;SUDESTE;2012-09-19;13073.00000000;75.09999847;11550.00000000;66.34999847
N;NORTE;2012-09-20;1084.00000000;72.08999634;1084.00000000;72.08999634
NE;NORDESTE;2012-09-20;2023.00000000;67.06999969;2005.00000000;66.47000122
S;SUL;2012-09-20;13284.00000000;115.51000214;10323.00000000;89.76999664
SE;SUDESTE;2012-09-20;13214.00000000;75.91000366;11899.00000000;68.34999847
N;NORTE;2012-09-21;1065.00000000;70.81999969;985.00000000;65.50000000
NE;NORDESTE;2012-09-21;1993.00000000;66.08000183;1972.00000000;65.37999725
S;SUL;2012-09-21;9897.00000000;86.05999756;8631.00000000;75.05000305
SE;SUDESTE;2012-09-21;13603.00000000;78.13999939;12449.00000000;71.51000214
N;NORTE;2012-09-22;1057.00000000;70.29000092;1042.00000000;69.29000092
NE;NORDESTE;2012-09-22;1967.00000000;65.20999908;1966.00000000;65.18000031
S;SUL;2012-09-22;7540.00000000;65.56999969;6545.00000000;56.90999985
SE;SUDESTE;2012-09-22;14358.00000000;82.48000336;12953.00000000;74.41000366
N;NORTE;2012-09-23;1052.00000000;69.95999908;1052.00000000;69.95999908
NE;NORDESTE;2012-09-23;1939.00000000;64.27999878;1933.00000000;64.08999634
S;SUL;2012-09-23;5419.00000000;47.11999893;4996.00000000;43.43999863
SE;SUDESTE;2012-09-23;15200.00000000;87.31999969;13307.00000000;76.44000244
N;NORTE;2012-09-24;1031.00000000;68.55999756;1031.00000000;68.55999756
NE;NORDESTE;2012-09-24;1918.00000000;63.59000015;1918.00000000;63.59000015
S;SUL;2012-09-24;4579.00000000;39.81999969;4408.00000000;38.33000183
SE;SUDESTE;2012-09-24;16056.00000000;92.23000336;14710.00000000;84.50000000
N;NORTE;2012-09-25;1030.00000000;68.50000000;1030.00000000;68.50000000
NE;NORDESTE;2012-09-25;1890.00000000;62.65999985;1890.00000000;62.65999985
S;SUL;2012-09-25;4126.00000000;35.88000107;3999.00000000;34.77000046
SE;SUDESTE;2012-09-25;16860.00000000;96.84999847;15531.00000000;89.22000122
N;NORTE;2012-09-26;1037.00000000;68.95999908;1037.00000000;68.95999908
NE;NORDESTE;2012-09-26;1866.00000000;61.86000061;1864.00000000;61.79999924
S;SUL;2012-09-26;3897.00000000;33.88999939;3739.00000000;32.50999832
SE;SUDESTE;2012-09-26;17493.00000000;100.48999786;16080.00000000;92.37000275
N;NORTE;2012-09-27;1045.00000000;69.48999786;1003.00000000;66.69999695
NE;NORDESTE;2012-09-27;1816.00000000;60.20999908;1814.00000000;60.13999939
S;SUL;2012-09-27;3610.00000000;31.38999939;3433.00000000;29.85000038
SE;SUDESTE;2012-09-27;17947.00000000;103.09999847;16658.00000000;95.69000244
N;NORTE;2012-09-28;1059.00000000;70.43000031;1029.00000000;68.43000031
NE;NORDESTE;2012-09-28;1795.00000000;59.50999832;1792.00000000;59.40999985
S;SUL;2012-09-28;3381.00000000;29.39999962;3211.00000000;27.92000008
SE;SUDESTE;2012-09-28;18107.00000000;104.01999664;16658.00000000;95.69000244
N;NORTE;2012-09-29;1069.00000000;71.08999634;1069.00000000;71.08999634
NE;NORDESTE;2012-09-29;1799.00000000;59.63999939;1776.00000000;58.88000107
S;SUL;2012-09-29;3162.00000000;27.50000000;3006.00000000;26.13999939
SE;SUDESTE;2012-09-29;17909.00000000;102.87999725;16382.00000000;94.11000061
N;NORTE;2012-09-30;1072.00000000;71.29000092;1071.00000000;71.22000122
NE;NORDESTE;2012-09-30;1811.00000000;60.04000092;1801.00000000;59.70999908
S;SUL;2012-09-30;3071.00000000;26.70000076;2887.00000000;25.10000038
SE;SUDESTE;2012-09-30;17556.00000000;100.84999847;16167.00000000;92.87000275
N;NORTE;2012-10-01;1076.00000000;62.56000137;1076.00000000;62.56000137
NE;NORDESTE;2012-10-01;1825.00000000;55.45000076;1825.00000000;55.45000076
S;SUL;2012-10-01;3484.00000000;26.76000023;3322.00000000;25.52000046
SE;SUDESTE;2012-10-01;17059.00000000;81.98000336;15808.00000000;75.97000122
N;NORTE;2012-10-02;1078.00000000;62.68000031;1078.00000000;62.68000031
NE;NORDESTE;2012-10-02;1817.00000000;55.20000076;1811.00000000;55.02000046
S;SUL;2012-10-02;5024.00000000;38.59000015;4807.00000000;36.91999817
SE;SUDESTE;2012-10-02;16619.00000000;79.86000061;15204.00000000;73.05999756
N;NORTE;2012-10-03;1070.00000000;62.20999908;1065.00000000;61.91999817
NE;NORDESTE;2012-10-03;1804.00000000;54.81000137;1794.00000000;54.50000000
S;SUL;2012-10-03;8130.00000000;62.45000076;7477.00000000;57.43000031
SE;SUDESTE;2012-10-03;16250.00000000;78.08999634;14902.00000000;71.61000061
N;NORTE;2012-10-04;1064.00000000;61.86999893;1049.00000000;60.99000168
NE;NORDESTE;2012-10-04;1792.00000000;54.43999863;1781.00000000;54.11000061
S;SUL;2012-10-04;9215.00000000;70.77999878;8143.00000000;62.54999924
SE;SUDESTE;2012-10-04;15864.00000000;76.23999786;14421.00000000;69.30000305
N;NORTE;2012-10-05;1054.00000000;61.27999878;1038.00000000;60.34999847
NE;NORDESTE;2012-10-05;1776.00000000;53.95999908;1766.00000000;53.65000153
S;SUL;2012-10-05;8891.00000000;68.29000092;8133.00000000;62.47000122
SE;SUDESTE;2012-10-05;15343.00000000;73.73000336;13992.00000000;67.23999786
N;NORTE;2012-10-06;1042.00000000;60.59000015;1032.00000000;60.00000000
NE;NORDESTE;2012-10-06;1744.00000000;52.97999954;1733.00000000;52.65000153
S;SUL;2012-10-06;7313.00000000;56.16999817;6733.00000000;51.72000122
SE;SUDESTE;2012-10-06;14686.00000000;70.56999969;13573.00000000;65.23000336
N;NORTE;2012-10-07;1032.00000000;60.00000000;1028.00000000;59.77000046
NE;NORDESTE;2012-10-07;1740.00000000;52.86000061;1731.00000000;52.59000015
S;SUL;2012-10-07;5926.00000000;45.52000046;5578.00000000;42.84999847
SE;SUDESTE;2012-10-07;14051.00000000;67.51999664;12053.00000000;57.91999817
N;NORTE;2012-10-08;1010.00000000;58.72999954;1010.00000000;58.72999954
NE;NORDESTE;2012-10-08;1731.00000000;52.59000015;1720.00000000;52.25999832
S;SUL;2012-10-08;5557.00000000;42.68000031;5300.00000000;40.70999908
SE;SUDESTE;2012-10-08;13629.00000000;65.50000000;12225.00000000;58.75000000
N;NORTE;2012-10-09;1003.00000000;58.31999969;1003.00000000;58.31999969
NE;NORDESTE;2012-10-09;1752.00000000;53.22999954;1740.00000000;52.86000061
S;SUL;2012-10-09;5428.00000000;41.68999863;5258.00000000;40.38999939
SE;SUDESTE;2012-10-09;13359.00000000;64.19999695;11502.00000000;55.27000046
N;NORTE;2012-10-10;997.00000000;57.97000122;997.00000000;57.97000122
NE;NORDESTE;2012-10-10;1739.00000000;52.83000183;1725.00000000;52.40999985
S;SUL;2012-10-10;5681.00000000;43.63999939;5363.00000000;41.18999863
SE;SUDESTE;2012-10-10;13143.00000000;63.15999985;11369.00000000;54.63000107
N;NORTE;2012-10-11;1002.00000000;58.25999832;999.00000000;58.09000015
NE;NORDESTE;2012-10-11;1728.00000000;52.50000000;1708.00000000;51.88999939
S;SUL;2012-10-11;5806.00000000;44.59999847;5524.00000000;42.43000031
SE;SUDESTE;2012-10-11;12976.00000000;62.36000061;10933.00000000;52.54000092
N;NORTE;2012-10-12;998.00000000;58.02999878;992.00000000;57.68000031
NE;NORDESTE;2012-10-12;1702.00000000;51.70999908;1681.00000000;51.06999969
S;SUL;2012-10-12;6088.00000000;46.75999832;5575.00000000;42.81999969
SE;SUDESTE;2012-10-12;12808.00000000;61.54999924;10791.00000000;51.86000061
N;NORTE;2012-10-13;1020.00000000;59.31000137;1014.00000000;58.95999908
NE;NORDESTE;2012-10-13;1664.00000000;50.54999924;1642.00000000;49.88999939
S;SUL;2012-10-13;5624.00000000;43.20000076;5282.00000000;40.56999969
SE;SUDESTE;2012-10-13;12762.00000000;61.33000183;10850.00000000;52.13999939
N;NORTE;2012-10-14;1032.00000000;60.00000000;1027.00000000;59.70999908
NE;NORDESTE;2012-10-14;1665.00000000;50.58000183;1644.00000000;49.95000076
S;SUL;2012-10-14;5027.00000000;38.61000061;4812.00000000;36.95999908
SE;SUDESTE;2012-10-14;13048.00000000;62.70000076;11072.00000000;53.20999908
N;NORTE;2012-10-15;1063.00000000;61.81000137;1058.00000000;61.52000046
NE;NORDESTE;2012-10-15;1649.00000000;50.09999847;1644.00000000;49.95000076
S;SUL;2012-10-15;4505.00000000;34.59999847;4385.00000000;33.68000031
SE;SUDESTE;2012-10-15;13473.00000000;64.75000000;11146.00000000;53.56000137
N;NORTE;2012-10-16;1097.00000000;63.77999878;1091.00000000;63.43999863
NE;NORDESTE;2012-10-16;1662.00000000;50.49000168;1642.00000000;49.88999939
S;SUL;2012-10-16;4197.00000000;32.24000168;4084.00000000;31.37000084
SE;SUDESTE;2012-10-16;13819.00000000;66.41000366;11028.00000000;53.00000000
N;NORTE;2012-10-17;1160.00000000;67.44999695;1157.00000000;67.26999664
NE;NORDESTE;2012-10-17;1671.00000000;50.77000046;1653.00000000;50.22000122
S;SUL;2012-10-17;3906.00000000;30.00000000;3781.00000000;29.04000092
SE;SUDESTE;2012-10-17;13986.00000000;67.20999908;11087.00000000;53.27999878
N;NORTE;2012-10-18;1230.00000000;71.51999664;1230.00000000;71.51999664
NE;NORDESTE;2012-10-18;1651.00000000;50.15999985;1630.00000000;49.52000046
S;SUL;2012-10-18;3644.00000000;27.98999977;3519.00000000;27.03000069
SE;SUDESTE;2012-10-18;14016.00000000;67.34999847;11013.00000000;52.91999817
N;NORTE;2012-10-19;1276.00000000;74.19000244;1276.00000000;74.19000244
NE;NORDESTE;2012-10-19;1612.00000000;48.97000122;1598.00000000;48.54999924
S;SUL;2012-10-19;3444.00000000;26.45000076;3355.00000000;25.77000046
SE;SUDESTE;2012-10-19;14158.00000000;68.04000092;11149.00000000;53.58000183
N;NORTE;2012-10-20;1329.00000000;77.26999664;1329.00000000;77.26999664
NE;NORDESTE;2012-10-20;1577.00000000;47.90999985;1556.00000000;47.27000046
S;SUL;2012-10-20;3083.00000000;23.68000031;2910.00000000;22.35000038
SE;SUDESTE;2012-10-20;14469.00000000;69.52999878;11519.00000000;55.36000061
N;NORTE;2012-10-21;1351.00000000;78.55000305;1351.00000000;78.55000305
NE;NORDESTE;2012-10-21;1544.00000000;46.90999985;1515.00000000;46.02999878
S;SUL;2012-10-21;3187.00000000;24.47999954;3050.00000000;23.43000031
SE;SUDESTE;2012-10-21;14945.00000000;71.81999969;11718.00000000;56.31000137
N;NORTE;2012-10-22;1354.00000000;78.73000336;1354.00000000;78.73000336
NE;NORDESTE;2012-10-22;1534.00000000;46.59999847;1511.00000000;45.90999985
S;SUL;2012-10-22;6005.00000000;46.13000107;5843.00000000;44.88000107
SE;SUDESTE;2012-10-22;15398.00000000;74.00000000;11914.00000000;57.25000000
N;NORTE;2012-10-23;1311.00000000;76.23000336;1309.00000000;76.11000061
NE;NORDESTE;2012-10-23;1555.00000000;47.24000168;1541.00000000;46.81999969
S;SUL;2012-10-23;13215.00000000;101.51000214;12520.00000000;96.16999817
SE;SUDESTE;2012-10-23;15489.00000000;74.43000031;11885.00000000;57.11000061
N;NORTE;2012-10-24;1305.00000000;75.87999725;1299.00000000;75.52999878
NE;NORDESTE;2012-10-24;1570.00000000;47.70000076;1557.00000000;47.29999924
S;SUL;2012-10-24;14444.00000000;110.94999695;13677.00000000;105.05000305
SE;SUDESTE;2012-10-24;15612.00000000;75.01999664;11927.00000000;57.31999969
N;NORTE;2012-10-25;1257.00000000;73.08999634;1251.00000000;72.73999786
NE;NORDESTE;2012-10-25;1585.00000000;48.15000153;1575.00000000;47.84999847
S;SUL;2012-10-25;12722.00000000;97.72000122;11928.00000000;91.62000275
SE;SUDESTE;2012-10-25;15910.00000000;76.45999908;12303.00000000;59.11999893
N;NORTE;2012-10-26;1234.00000000;71.75000000;1218.00000000;70.81999969
NE;NORDESTE;2012-10-26;1599.00000000;48.58000183;1541.00000000;46.81999969
S;SUL;2012-10-26;11561.00000000;88.80000305;10925.00000000;83.91999817
SE;SUDESTE;2012-10-26;16495.00000000;79.26999664;13075.00000000;62.83000183
N;NORTE;2012-10-27;1233.00000000;71.69000244;1230.00000000;71.51999664
NE;NORDESTE;2012-10-27;1612.00000000;48.97000122;1590.00000000;48.31000137
S;SUL;2012-10-27;11545.00000000;88.68000031;11230.00000000;86.26000214
SE;SUDESTE;2012-10-27;16962.00000000;81.51000214;14081.00000000;67.66999817
N;NORTE;2012-10-28;1247.00000000;72.51000214;1247.00000000;72.51000214
NE;NORDESTE;2012-10-28;1601.00000000;48.63999939;1582.00000000;48.06000137
S;SUL;2012-10-28;12160.00000000;93.40000153;11888.00000000;91.30999756
SE;SUDESTE;2012-10-28;17205.00000000;82.68000031;14896.00000000;71.58000183
N;NORTE;2012-10-29;1270.00000000;73.83999634;1270.00000000;73.83999634
NE;NORDESTE;2012-10-29;1596.00000000;48.49000168;1585.00000000;48.15000153
S;SUL;2012-10-29;12433.00000000;95.50000000;12113.00000000;93.04000092
SE;SUDESTE;2012-10-29;17033.00000000;81.84999847;14482.00000000;69.58999634
N;NORTE;2012-10-30;1303.00000000;75.76000214;1303.00000000;75.76000214
NE;NORDESTE;2012-10-30;1595.00000000;48.45999908;1582.00000000;48.06000137
S;SUL;2012-10-30;11973.00000000;91.97000122;11548.00000000;88.69999695
SE;SUDESTE;2012-10-30;16734.00000000;80.41999817;14004.00000000;67.30000305
N;NORTE;2012-10-31;1347.00000000;78.31999969;1347.00000000;78.31999969
NE;NORDESTE;2012-10-31;1591.00000000;48.34000015;1578.00000000;47.93999863
S;SUL;2012-10-31;11251.00000000;86.41999817;10826.00000000;83.16000366
SE;SUDESTE;2012-10-31;16527.00000000;79.41999817;13855.00000000;66.58000183
N;NORTE;2012-11-01;1377.00000000;48.06999969;1377.00000000;48.06999969
NE;NORDESTE;2012-11-01;1621.00000000;30.12000084;1594.00000000;29.62000084
S;SUL;2012-11-01;10414.00000000;114.51000214;10017.00000000;110.15000153
SE;SUDESTE;2012-11-01;16330.00000000;61.02000046;13704.00000000;51.20999908
N;NORTE;2012-11-02;1387.00000000;48.40999985;1387.00000000;48.40999985
NE;NORDESTE;2012-11-02;1640.00000000;30.47999954;1614.00000000;29.98999977
S;SUL;2012-11-02;8990.00000000;98.84999847;8679.00000000;95.43000031
SE;SUDESTE;2012-11-02;16410.00000000;61.31999969;14818.00000000;55.36999893
N;NORTE;2012-11-03;1398.00000000;48.79999924;1398.00000000;48.79999924
NE;NORDESTE;2012-11-03;1857.00000000;34.50999832;1856.00000000;34.49000168
S;SUL;2012-11-03;8048.00000000;88.50000000;7845.00000000;86.26000214
SE;SUDESTE;2012-11-03;16446.00000000;61.45000076;15090.00000000;56.38000107
N;NORTE;2012-11-04;1393.00000000;48.61999893;1393.00000000;48.61999893
NE;NORDESTE;2012-11-04;2326.00000000;43.22999954;2304.00000000;42.81999969
S;SUL;2012-11-04;7431.00000000;81.70999908;7231.00000000;79.51000214
SE;SUDESTE;2012-11-04;16842.00000000;62.93000031;15619.00000000;58.36000061
N;NORTE;2012-11-05;1366.00000000;47.68000031;1366.00000000;47.68000031
NE;NORDESTE;2012-11-05;1986.00000000;36.90999985;1986.00000000;36.90999985
S;SUL;2012-11-05;7070.00000000;77.73999786;6949.00000000;76.41000366
SE;SUDESTE;2012-11-05;17445.00000000;65.18000031;15941.00000000;59.56000137
N;NORTE;2012-11-06;1337.00000000;46.66999817;1337.00000000;46.66999817
NE;NORDESTE;2012-11-06;2014.00000000;37.43000031;2014.00000000;37.43000031
S;SUL;2012-11-06;6697.00000000;73.63999939;6594.00000000;72.51000214
SE;SUDESTE;2012-11-06;18363.00000000;68.61000061;16637.00000000;62.15999985
N;NORTE;2012-11-07;1352.00000000;47.18999863;1352.00000000;47.18999863
NE;NORDESTE;2012-11-07;2198.00000000;40.84999847;2187.00000000;40.63999939
S;SUL;2012-11-07;6185.00000000;68.01000214;6079.00000000;66.83999634
SE;SUDESTE;2012-11-07;18560.00000000;69.34999847;16592.00000000;62.00000000
N;NORTE;2012-11-08;1348.00000000;47.04999924;1348.00000000;47.04999924
NE;NORDESTE;2012-11-08;2230.00000000;41.43999863;2218.00000000;41.22000122
S;SUL;2012-11-08;5705.00000000;62.72999954;5612.00000000;61.70999908
SE;SUDESTE;2012-11-08;18938.00000000;70.76000214;16755.00000000;62.61000061
N;NORTE;2012-11-09;1395.00000000;48.68999863;1395.00000000;48.68999863
NE;NORDESTE;2012-11-09;2416.00000000;44.90000153;2416.00000000;44.90000153
S;SUL;2012-11-09;5292.00000000;58.18999863;5192.00000000;57.09000015
SE;SUDESTE;2012-11-09;19707.00000000;73.63999939;17710.00000000;66.16999817
N;NORTE;2012-11-10;1503.00000000;52.45999908;1503.00000000;52.45999908
NE;NORDESTE;2012-11-10;2491.00000000;46.29000092;2482.00000000;46.13000107
S;SUL;2012-11-10;4893.00000000;53.79999924;4747.00000000;52.20000076
SE;SUDESTE;2012-11-10;22587.00000000;84.40000153;20635.00000000;77.09999847
N;NORTE;2012-11-11;1612.00000000;56.27000046;1612.00000000;56.27000046
NE;NORDESTE;2012-11-11;2640.00000000;49.06000137;2640.00000000;49.06000137
S;SUL;2012-11-11;4612.00000000;50.70999908;4470.00000000;49.15000153
SE;SUDESTE;2012-11-11;23700.00000000;88.55999756;22054.00000000;82.41000366
N;NORTE;2012-11-12;1753.00000000;61.18999863;1753.00000000;61.18999863
NE;NORDESTE;2012-11-12;2773.00000000;51.52999878;2773.00000000;51.52999878
S;SUL;2012-11-12;4470.00000000;49.15000153;4392.00000000;48.29000092
SE;SUDESTE;2012-11-12;25177.00000000;94.06999969;23276.00000000;86.97000122
N;NORTE;2012-11-13;1912.00000000;66.73999786;1912.00000000;66.73999786
NE;NORDESTE;2012-11-13;2921.00000000;54.27999878;2921.00000000;54.27999878
S;SUL;2012-11-13;4160.00000000;45.74000168;4085.00000000;44.91999817
SE;SUDESTE;2012-11-13;26276.00000000;98.18000031;24897.00000000;93.02999878
N;NORTE;2012-11-14;2082.00000000;72.66999817;2082.00000000;72.66999817
NE;NORDESTE;2012-11-14;3120.00000000;57.97999954;3120.00000000;57.97999954
S;SUL;2012-11-14;3928.00000000;43.18999863;3826.00000000;42.06999969
SE;SUDESTE;2012-11-14;27066.00000000;101.12999725;25736.00000000;96.16000366
N;NORTE;2012-11-15;2235.00000000;78.01000214;1950.00000000;68.06999969
NE;NORDESTE;2012-11-15;3401.00000000;63.20000076;3401.00000000;63.20000076
S;SUL;2012-11-15;3824.00000000;42.04999924;3706.00000000;40.75000000
SE;SUDESTE;2012-11-15;27411.00000000;102.41999817;26178.00000000;97.80999756
N;NORTE;2012-11-16;2408.00000000;84.05000305;1903.00000000;66.43000031
NE;NORDESTE;2012-11-16;3615.00000000;67.18000031;3605.00000000;67.00000000
S;SUL;2012-11-16;3751.00000000;41.25000000;3622.00000000;39.83000183
SE;SUDESTE;2012-11-16;27622.00000000;103.20999908;26239.00000000;98.04000092
N;NORTE;2012-11-17;2581.00000000;90.08999634;2178.00000000;76.01999664
NE;NORDESTE;2012-11-17;4025.00000000;74.80000305;4017.00000000;74.65000153
S;SUL;2012-11-17;3775.00000000;41.50999832;3642.00000000;40.04999924
SE;SUDESTE;2012-11-17;28204.00000000;105.37999725;26976.00000000;100.80000305
N;NORTE;2012-11-18;2793.00000000;97.48999786;2784.00000000;97.18000031
NE;NORDESTE;2012-11-18;4431.00000000;82.34999847;4431.00000000;82.34999847
S;SUL;2012-11-18;3732.00000000;41.04000092;3600.00000000;39.59000015
SE;SUDESTE;2012-11-18;27803.00000000;103.88999939;26709.00000000;99.80000305
N;NORTE;2012-11-19;2970.00000000;103.66999817;2963.00000000;103.43000031
NE;NORDESTE;2012-11-19;4838.00000000;89.91000366;4838.00000000;89.91000366
S;SUL;2012-11-19;3753.00000000;41.27000046;3663.00000000;40.27999878
SE;SUDESTE;2012-11-19;26720.00000000;99.83999634;25363.00000000;94.76999664
N;NORTE;2012-11-20;3125.00000000;109.08000183;3122.00000000;108.98000336
NE;NORDESTE;2012-11-20;5176.00000000;96.19000244;5176.00000000;96.19000244
S;SUL;2012-11-20;3712.00000000;40.81999969;3534.00000000;38.86000061
SE;SUDESTE;2012-11-20;25427.00000000;95.01000214;24349.00000000;90.98000336
N;NORTE;2012-11-21;3209.00000000;112.01000214;3149.00000000;109.91999817
NE;NORDESTE;2012-11-21;5683.00000000;105.61000061;5683.00000000;105.61000061
S;SUL;2012-11-21;3568.00000000;39.22999954;3362.00000000;36.97000122
SE;SUDESTE;2012-11-21;24546.00000000;91.72000122;23856.00000000;89.13999939
N;NORTE;2012-11-22;3190.00000000;111.34999847;2992.00000000;104.44000244
NE;NORDESTE;2012-11-22;6565.00000000;122.00000000;6565.00000000;122.00000000
S;SUL;2012-11-22;3475.00000000;38.20999908;3258.00000000;35.83000183
SE;SUDESTE;2012-11-22;23909.00000000;89.33999634;23054.00000000;86.13999939
N;NORTE;2012-11-23;3158.00000000;110.23000336;3061.00000000;106.84999847
NE;NORDESTE;2012-11-23;7470.00000000;138.82000732;7470.00000000;138.82000732
S;SUL;2012-11-23;3481.00000000;38.27999878;3254.00000000;35.77999878
SE;SUDESTE;2012-11-23;23037.00000000;86.08000183;22204.00000000;82.97000122
N;NORTE;2012-11-24;3171.00000000;110.69000244;3171.00000000;110.69000244
NE;NORDESTE;2012-11-24;8020.00000000;149.03999329;8020.00000000;149.03999329
S;SUL;2012-11-24;3353.00000000;36.86999893;3084.00000000;33.90999985
SE;SUDESTE;2012-11-24;22637.00000000;84.58000183;22011.00000000;82.23999786
N;NORTE;2012-11-25;3206.00000000;111.91000366;3195.00000000;111.51999664
NE;NORDESTE;2012-11-25;8465.00000000;157.30999756;8465.00000000;157.30999756
S;SUL;2012-11-25;3165.00000000;34.79999924;2880.00000000;31.67000008
SE;SUDESTE;2012-11-25;22480.00000000;84.00000000;21956.00000000;82.04000092
N;NORTE;2012-11-26;3260.00000000;113.79000092;2499.00000000;87.23000336
NE;NORDESTE;2012-11-26;8725.00000000;162.14999390;8725.00000000;162.14999390
S;SUL;2012-11-26;3095.00000000;34.02999878;2840.00000000;31.22999954
SE;SUDESTE;2012-11-26;22974.00000000;85.83999634;22164.00000000;82.81999969
N;NORTE;2012-11-27;3319.00000000;115.84999847;3127.00000000;109.15000153
NE;NORDESTE;2012-11-27;8989.00000000;167.05000305;8989.00000000;167.05000305
S;SUL;2012-11-27;2968.00000000;32.63999939;2689.00000000;29.56999969
SE;SUDESTE;2012-11-27;24019.00000000;89.75000000;22723.00000000;84.90000153
N;NORTE;2012-11-28;3333.00000000;116.33999634;3180.00000000;111.00000000
NE;NORDESTE;2012-11-28;9229.00000000;171.50999451;9220.00000000;171.33999634
S;SUL;2012-11-28;2793.00000000;30.70999908;2585.00000000;28.42000008
SE;SUDESTE;2012-11-28;24794.00000000;92.63999939;23456.00000000;87.63999939
N;NORTE;2012-11-29;3391.00000000;118.36000061;3244.00000000;113.23000336
NE;NORDESTE;2012-11-29;9204.00000000;171.05000305;9204.00000000;171.05000305
S;SUL;2012-11-29;2615.00000000;28.75000000;2364.00000000;25.98999977
SE;SUDESTE;2012-11-29;26031.00000000;97.26999664;24415.00000000;91.23000336
N;NORTE;2012-11-30;3506.00000000;122.37999725;3328.00000000;116.16999817
NE;NORDESTE;2012-11-30;9149.00000000;170.02999878;9149.00000000;170.02999878
S;SUL;2012-11-30;2481.00000000;27.28000069;2259.00000000;24.84000015
SE;SUDESTE;2012-11-30;25948.00000000;96.95999908;24537.00000000;91.68000031
N;NORTE;2012-12-01;3718.00000000;66.83000183;3631.00000000;65.26999664
NE;NORDESTE;2012-12-01;8797.00000000;88.09999847;8797.00000000;88.09999847
S;SUL;2012-12-01;2472.00000000;34.20000076;2237.00000000;30.94000053
SE;SUDESTE;2012-12-01;25528.00000000;63.06000137;24576.00000000;60.70999908
N;NORTE;2012-12-02;4016.00000000;72.19000244;4000.00000000;71.90000153
NE;NORDESTE;2012-12-02;8583.00000000;85.95999908;8583.00000000;85.95999908
S;SUL;2012-12-02;2682.00000000;37.09999847;2446.00000000;33.84000015
SE;SUDESTE;2012-12-02;25168.00000000;62.16999817;24445.00000000;60.38999939
N;NORTE;2012-12-03;4419.00000000;79.43000031;4399.00000000;79.06999969
NE;NORDESTE;2012-12-03;8212.00000000;82.23999786;8212.00000000;82.23999786
S;SUL;2012-12-03;3030.00000000;41.90999985;2841.00000000;39.29999924
SE;SUDESTE;2012-12-03;25080.00000000;61.95999908;24390.00000000;60.25000000
N;NORTE;2012-12-04;4834.00000000;86.88999939;4811.00000000;86.48000336
NE;NORDESTE;2012-12-04;7934.00000000;79.45999908;7928.00000000;79.40000153
S;SUL;2012-12-04;3181.00000000;44.00000000;3036.00000000;42.00000000
SE;SUDESTE;2012-12-04;25316.00000000;62.54000092;24432.00000000;60.36000061
N;NORTE;2012-12-05;5282.00000000;94.94000244;5259.00000000;94.52999878
NE;NORDESTE;2012-12-05;7725.00000000;77.37000275;7725.00000000;77.37000275
S;SUL;2012-12-05;3245.00000000;44.88999939;3127.00000000;43.25999832
SE;SUDESTE;2012-12-05;25400.00000000;62.75000000;24340.00000000;60.13000107
N;NORTE;2012-12-06;5697.00000000;102.40000153;5596.00000000;100.58999634
NE;NORDESTE;2012-12-06;7546.00000000;75.56999969;7546.00000000;75.56999969
S;SUL;2012-12-06;3215.00000000;44.47000122;3108.00000000;42.99000168
SE;SUDESTE;2012-12-06;25341.00000000;62.59999847;23959.00000000;59.18999863
N;NORTE;2012-12-07;5961.00000000;107.15000153;5733.00000000;103.05000305
NE;NORDESTE;2012-12-07;7333.00000000;73.44000244;7323.00000000;73.33999634
S;SUL;2012-12-07;3129.00000000;43.27999878;2971.00000000;41.09999847
SE;SUDESTE;2012-12-07;24917.00000000;61.54999924;23808.00000000;58.81000137
N;NORTE;2012-12-08;6122.00000000;110.04000092;5575.00000000;100.20999908
NE;NORDESTE;2012-12-08;7637.00000000;76.48999786;7616.00000000;76.26999664
S;SUL;2012-12-08;3002.00000000;41.52999878;2783.00000000;38.50000000
SE;SUDESTE;2012-12-08;24337.00000000;60.11999893;23608.00000000;58.31999969
N;NORTE;2012-12-09;6192.00000000;111.30000305;6000.00000000;107.84999847
NE;NORDESTE;2012-12-09;7877.00000000;78.88999939;7852.00000000;78.63999939
S;SUL;2012-12-09;3079.00000000;42.59000015;2776.00000000;38.40000153
SE;SUDESTE;2012-12-09;23759.00000000;58.68999863;23261.00000000;57.45999908
N;NORTE;2012-12-10;6154.00000000;110.62000275;5980.00000000;107.48999786
NE;NORDESTE;2012-12-10;8063.00000000;80.75000000;8063.00000000;80.75000000
S;SUL;2012-12-10;3311.00000000;45.79999924;3052.00000000;42.22000122
SE;SUDESTE;2012-12-10;23574.00000000;58.24000168;22814.00000000;56.36000061
N;NORTE;2012-12-11;5998.00000000;107.80999756;5841.00000000;104.98999786
NE;NORDESTE;2012-12-11;8173.00000000;81.84999847;8173.00000000;81.84999847
S;SUL;2012-12-11;3576.00000000;49.47000122;3391.00000000;46.90999985
SE;SUDESTE;2012-12-11;23676.00000000;58.49000168;22733.00000000;56.15999985
N;NORTE;2012-12-12;5863.00000000;105.38999939;5857.00000000;105.27999878
NE;NORDESTE;2012-12-12;8336.00000000;83.48999786;8336.00000000;83.48999786
S;SUL;2012-12-12;4334.00000000;59.95000076;4184.00000000;57.88000107
SE;SUDESTE;2012-12-12;24258.00000000;59.93000031;23229.00000000;57.38000107
N;NORTE;2012-12-13;5693.00000000;102.33000183;5688.00000000;102.23999786
NE;NORDESTE;2012-12-13;8461.00000000;84.73999786;8455.00000000;84.68000031
S;SUL;2012-12-13;5850.00000000;80.91999817;5719.00000000;79.11000061
SE;SUDESTE;2012-12-13;25335.00000000;62.59000015;24547.00000000;60.63999939
N;NORTE;2012-12-14;5539.00000000;99.55999756;5533.00000000;99.45999908
NE;NORDESTE;2012-12-14;8106.00000000;81.18000031;8093.00000000;81.05000305
S;SUL;2012-12-14;5950.00000000;79.31999969;5746.00000000;76.59999847
SE;SUDESTE;2012-12-14;26441.00000000;65.31999969;25932.00000000;64.05999756
N;NORTE;2012-12-15;5372.00000000;96.55999756;5218.00000000;93.79000092
NE;NORDESTE;2012-12-15;7928.00000000;79.40000153;7906.00000000;79.18000031
S;SUL;2012-12-15;5746.00000000;76.59999847;5284.00000000;70.44000244
SE;SUDESTE;2012-12-15;28133.00000000;69.50000000;27612.00000000;68.20999908
N;NORTE;2012-12-16;5184.00000000;93.18000031;5081.00000000;91.33000183
NE;NORDESTE;2012-12-16;7519.00000000;75.30000305;7519.00000000;75.30000305
S;SUL;2012-12-16;5503.00000000;73.36000061;5004.00000000;66.70999908
SE;SUDESTE;2012-12-16;28973.00000000;71.56999969;28608.00000000;70.66999817
N;NORTE;2012-12-17;4998.00000000;89.83999634;4982.00000000;89.55000305
NE;NORDESTE;2012-12-17;7653.00000000;76.65000153;7653.00000000;76.65000153
S;SUL;2012-12-17;5121.00000000;68.26999664;4718.00000000;62.88999939
SE;SUDESTE;2012-12-17;29632.00000000;73.19999695;29290.00000000;72.36000061
N;NORTE;2012-12-18;4838.00000000;86.95999908;4821.00000000;86.66000366
NE;NORDESTE;2012-12-18;6044.00000000;60.52999878;6044.00000000;60.52999878
S;SUL;2012-12-18;4941.00000000;65.87000275;4711.00000000;62.79999924
SE;SUDESTE;2012-12-18;30595.00000000;75.58000183;30192.00000000;74.58999634
N;NORTE;2012-12-19;4680.00000000;84.12000275;4670.00000000;83.94000244
NE;NORDESTE;2012-12-19;5511.00000000;55.18999863;5511.00000000;55.18999863
S;SUL;2012-12-19;4635.00000000;61.79000092;4465.00000000;59.52000046
SE;SUDESTE;2012-12-19;31752.00000000;78.44000244;31502.00000000;77.81999969
N;NORTE;2012-12-20;4575.00000000;82.23999786;4574.00000000;82.22000122
NE;NORDESTE;2012-12-20;5196.00000000;52.04000092;5196.00000000;52.04000092
S;SUL;2012-12-20;4426.00000000;59.00000000;4213.00000000;56.15999985
SE;SUDESTE;2012-12-20;32519.00000000;80.33000183;32103.00000000;79.30999756
N;NORTE;2012-12-21;4542.00000000;81.63999939;4542.00000000;81.63999939
NE;NORDESTE;2012-12-21;4886.00000000;48.93000031;4886.00000000;48.93000031
S;SUL;2012-12-21;4469.00000000;59.56999969;4168.00000000;55.56000137
SE;SUDESTE;2012-12-21;32285.00000000;79.76000214;32000.00000000;79.05000305
N;NORTE;2012-12-22;4538.00000000;81.56999969;4538.00000000;81.56999969
NE;NORDESTE;2012-12-22;4620.00000000;46.27000046;4620.00000000;46.27000046
S;SUL;2012-12-22;5294.00000000;70.56999969;4909.00000000;65.44000244
SE;SUDESTE;2012-12-22;31714.00000000;78.34999847;31520.00000000;77.87000275
N;NORTE;2012-12-23;4509.00000000;81.05000305;4509.00000000;81.05000305
NE;NORDESTE;2012-12-23;4531.00000000;45.38000107;4531.00000000;45.38000107
S;SUL;2012-12-23;4822.00000000;64.27999878;4393.00000000;58.56000137
SE;SUDESTE;2012-12-23;31055.00000000;76.72000122;30939.00000000;76.43000031
N;NORTE;2012-12-24;4462.00000000;80.19999695;4454.00000000;80.05999756
NE;NORDESTE;2012-12-24;4631.00000000;46.38000107;4631.00000000;46.38000107
S;SUL;2012-12-24;4381.00000000;58.40000153;4025.00000000;53.65000153
SE;SUDESTE;2012-12-24;30104.00000000;74.37000275;29959.00000000;74.01000214
N;NORTE;2012-12-25;4372.00000000;78.58999634;4355.00000000;78.27999878
NE;NORDESTE;2012-12-25;4929.00000000;49.36000061;4929.00000000;49.36000061
S;SUL;2012-12-25;4001.00000000;53.34000015;3708.00000000;49.43000031
SE;SUDESTE;2012-12-25;29220.00000000;72.18000031;29077.00000000;71.83000183
N;NORTE;2012-12-26;4256.00000000;76.50000000;4239.00000000;76.19999695
NE;NORDESTE;2012-12-26;5255.00000000;52.63000107;5255.00000000;52.63000107
S;SUL;2012-12-26;3936.00000000;52.47000122;3698.00000000;49.29999924
SE;SUDESTE;2012-12-26;28453.00000000;70.29000092;28309.00000000;69.93000031
N;NORTE;2012-12-27;4092.00000000;73.55000305;4076.00000000;73.26999664
NE;NORDESTE;2012-12-27;4633.00000000;46.40000153;4605.00000000;46.11999893
S;SUL;2012-12-27;4463.00000000;59.49000168;4133.00000000;55.09000015
SE;SUDESTE;2012-12-27;27514.00000000;67.97000122;27381.00000000;67.63999939
N;NORTE;2012-12-28;3953.00000000;71.05000305;3936.00000000;70.75000000
NE;NORDESTE;2012-12-28;4799.00000000;48.06000137;4686.00000000;46.93000031
S;SUL;2012-12-28;6588.00000000;87.81999969;6113.00000000;81.48999786
SE;SUDESTE;2012-12-28;27006.00000000;66.70999908;26783.00000000;66.16000366
N;NORTE;2012-12-29;3822.00000000;68.69999695;3801.00000000;68.31999969
NE;NORDESTE;2012-12-29;4692.00000000;46.99000168;4556.00000000;45.63000107
S;SUL;2012-12-29;7486.00000000;99.79000092;6963.00000000;92.81999969
SE;SUDESTE;2012-12-29;27104.00000000;66.95999908;26964.00000000;66.61000061
N;NORTE;2012-12-30;3731.00000000;67.05999756;3709.00000000;66.66999817
NE;NORDESTE;2012-12-30;4610.00000000;46.16999817;4495.00000000;45.02000046
S;SUL;2012-12-30;8258.00000000;110.08000183;7708.00000000;102.75000000
SE;SUDESTE;2012-12-30;28333.00000000;69.98999786;28243.00000000;69.76999664
N;NORTE;2012-12-31;3665.00000000;65.87999725;3643.00000000;65.48000336
NE;NORDESTE;2012-12-31;4448.00000000;44.54999924;4334.00000000;43.40999985
S;SUL;2012-12-31;8895.00000000;118.56999969;8336.00000000;111.12000275
SE;SUDESTE;2012-12-31;28819.00000000;71.19000244;28661.00000000;70.80000305
