id_subsistema;nom_subsistema;ena_data;ena_bruta_regiao_mwmed;ena_bruta_regiao_percentualmlt;ena_armazenavel_regiao_mwmed;ena_armazenavel_regiao_percentualmlt
N;NORTE;2007-01-01;4396.00000000;53.65999985;4396.00000000;53.65999985
NE;NORDESTE;2007-01-01;15241.00000000;110.34999847;15241.00000000;110.34999847
S;SUL;2007-01-01;5304.00000000;88.90000153;5298.00000000;88.80000305
SE;SUDESTE;2007-01-01;60591.00000000;113.94000244;53916.00000000;101.38999939
N;NORTE;2007-01-02;4254.00000000;51.93000031;4254.00000000;51.93000031
NE;NORDESTE;2007-01-02;15569.00000000;112.73000336;15569.00000000;112.73000336
S;SUL;2007-01-02;4995.00000000;83.72000122;4989.00000000;83.62000275
SE;SUDESTE;2007-01-02;63626.00000000;119.65000153;60060.00000000;112.94000244
N;NORTE;2007-01-03;4173.00000000;50.93999863;4173.00000000;50.93999863
NE;NORDESTE;2007-01-03;16651.00000000;120.55999756;16651.00000000;120.55999756
S;SUL;2007-01-03;5384.00000000;90.23999786;5377.00000000;90.12000275
SE;SUDESTE;2007-01-03;67542.00000000;127.01000214;64509.00000000;121.30999756
N;NORTE;2007-01-04;4148.00000000;50.63999939;4148.00000000;50.63999939
NE;NORDESTE;2007-01-04;16555.00000000;119.87000275;16555.00000000;119.87000275
S;SUL;2007-01-04;6156.00000000;103.18000031;6149.00000000;103.05999756
SE;SUDESTE;2007-01-04;71993.00000000;135.38000488;67933.00000000;127.75000000
N;NORTE;2007-01-05;4242.00000000;51.77999878;4242.00000000;51.77999878
NE;NORDESTE;2007-01-05;16481.00000000;119.33000183;16481.00000000;119.33000183
S;SUL;2007-01-05;6949.00000000;116.47000122;6941.00000000;116.33999634
SE;SUDESTE;2007-01-05;77341.00000000;145.44000244;71856.00000000;135.13000488
N;NORTE;2007-01-06;4301.00000000;52.50000000;4301.00000000;52.50000000
NE;NORDESTE;2007-01-06;16371.00000000;118.52999878;16371.00000000;118.52999878
S;SUL;2007-01-06;7064.00000000;118.40000153;7054.00000000;118.23000336
SE;SUDESTE;2007-01-06;82389.00000000;154.92999268;77061.00000000;144.91999817
N;NORTE;2007-01-07;4476.00000000;54.63999939;4476.00000000;54.63999939
NE;NORDESTE;2007-01-07;16371.00000000;118.52999878;16371.00000000;118.52999878
S;SUL;2007-01-07;6809.00000000;114.12999725;6802.00000000;114.01000214
SE;SUDESTE;2007-01-07;87972.00000000;165.42999268;81257.00000000;152.80999756
N;NORTE;2007-01-08;4575.00000000;55.84999847;4575.00000000;55.84999847
NE;NORDESTE;2007-01-08;16318.00000000;118.15000153;16318.00000000;118.15000153
S;SUL;2007-01-08;6615.00000000;110.87000275;6606.00000000;110.72000122
SE;SUDESTE;2007-01-08;90654.00000000;170.47999573;83720.00000000;157.44000244
N;NORTE;2007-01-09;4596.00000000;56.11000061;4596.00000000;56.11000061
NE;NORDESTE;2007-01-09;16346.00000000;118.34999847;16346.00000000;118.34999847
S;SUL;2007-01-09;6357.00000000;106.55000305;6351.00000000;106.44999695
SE;SUDESTE;2007-01-09;91889.00000000;172.80000305;82446.00000000;155.03999329
N;NORTE;2007-01-10;4765.00000000;58.16999817;4765.00000000;58.16999817
NE;NORDESTE;2007-01-10;16305.00000000;118.05999756;16305.00000000;118.05999756
S;SUL;2007-01-10;6287.00000000;105.37999725;6280.00000000;105.26000214
SE;SUDESTE;2007-01-10;92364.00000000;173.69000244;80480.00000000;151.35000610
N;NORTE;2007-01-11;4949.00000000;60.41999817;4949.00000000;60.41999817
NE;NORDESTE;2007-01-11;16342.00000000;118.31999969;16342.00000000;118.31999969
S;SUL;2007-01-11;6548.00000000;109.75000000;6539.00000000;109.59999847
SE;SUDESTE;2007-01-11;93924.00000000;176.63000488;81917.00000000;154.05000305
N;NORTE;2007-01-12;5058.00000000;61.75000000;5058.00000000;61.75000000
NE;NORDESTE;2007-01-12;16392.00000000;118.69000244;16392.00000000;118.69000244
S;SUL;2007-01-12;6856.00000000;114.91000366;6847.00000000;114.76000214
SE;SUDESTE;2007-01-12;94767.00000000;178.21000671;82360.00000000;154.88000488
N;NORTE;2007-01-13;5147.00000000;62.83000183;5147.00000000;62.83000183
NE;NORDESTE;2007-01-13;16364.00000000;118.48000336;16364.00000000;118.48000336
S;SUL;2007-01-13;6940.00000000;116.31999969;6931.00000000;116.16999817
SE;SUDESTE;2007-01-13;97231.00000000;182.85000610;82825.00000000;155.75000000
N;NORTE;2007-01-14;5465.00000000;66.70999908;5465.00000000;66.70999908
NE;NORDESTE;2007-01-14;16560.00000000;119.90000153;16560.00000000;119.90000153
S;SUL;2007-01-14;6411.00000000;107.45999908;6404.00000000;107.33999634
SE;SUDESTE;2007-01-14;99061.00000000;186.28999329;82309.00000000;154.77999878
N;NORTE;2007-01-15;5576.00000000;68.06999969;5576.00000000;68.06999969
NE;NORDESTE;2007-01-15;16751.00000000;121.27999878;16751.00000000;121.27999878
S;SUL;2007-01-15;5609.00000000;94.01000214;5602.00000000;93.90000153
SE;SUDESTE;2007-01-15;99122.00000000;186.39999390;82817.00000000;155.74000549
N;NORTE;2007-01-16;5691.00000000;69.47000122;5691.00000000;69.47000122
NE;NORDESTE;2007-01-16;16942.00000000;122.66999817;16942.00000000;122.66999817
S;SUL;2007-01-16;4949.00000000;82.94999695;4942.00000000;82.83000183
SE;SUDESTE;2007-01-16;100939.00000000;189.82000732;82021.00000000;154.24000549
N;NORTE;2007-01-17;5880.00000000;71.77999878;5880.00000000;71.77999878
NE;NORDESTE;2007-01-17;17046.00000000;123.41999817;17046.00000000;123.41999817
S;SUL;2007-01-17;4523.00000000;75.80999756;4515.00000000;75.68000031
SE;SUDESTE;2007-01-17;101535.00000000;190.94000244;82347.00000000;154.86000061
N;NORTE;2007-01-18;6067.00000000;74.05999756;6067.00000000;74.05999756
NE;NORDESTE;2007-01-18;17093.00000000;123.76000214;17093.00000000;123.76000214
S;SUL;2007-01-18;4322.00000000;72.44000244;4315.00000000;72.31999969
SE;SUDESTE;2007-01-18;101188.00000000;190.28999329;82736.00000000;155.58999634
N;NORTE;2007-01-19;5868.00000000;71.62999725;5868.00000000;71.62999725
NE;NORDESTE;2007-01-19;17093.00000000;123.76000214;17093.00000000;123.76000214
S;SUL;2007-01-19;4422.00000000;74.12000275;4413.00000000;73.97000122
SE;SUDESTE;2007-01-19;100065.00000000;188.17999268;81088.00000000;152.49000549
N;NORTE;2007-01-20;5712.00000000;69.73000336;5712.00000000;69.73000336
NE;NORDESTE;2007-01-20;17046.00000000;123.41999817;17046.00000000;123.41999817
S;SUL;2007-01-20;5944.00000000;99.62999725;5936.00000000;99.48999786
SE;SUDESTE;2007-01-20;99663.00000000;187.41999817;78228.00000000;147.11000061
N;NORTE;2007-01-21;5586.00000000;68.19000244;5586.00000000;68.19000244
NE;NORDESTE;2007-01-21;17096.00000000;123.77999878;17096.00000000;123.77999878
S;SUL;2007-01-21;6276.00000000;105.19000244;6269.00000000;105.08000183
SE;SUDESTE;2007-01-21;99249.00000000;186.63999939;74542.00000000;140.17999268
N;NORTE;2007-01-22;5560.00000000;67.87000275;5560.00000000;67.87000275
NE;NORDESTE;2007-01-22;17189.00000000;124.45999908;17189.00000000;124.45999908
S;SUL;2007-01-22;5817.00000000;97.50000000;5810.00000000;97.37999725
SE;SUDESTE;2007-01-22;98506.00000000;185.24000549;75441.00000000;141.86999512
N;NORTE;2007-01-23;5452.00000000;66.55999756;5452.00000000;66.55999756
NE;NORDESTE;2007-01-23;17259.00000000;124.95999908;17259.00000000;124.95999908
S;SUL;2007-01-23;5124.00000000;85.87999725;5117.00000000;85.76999664
SE;SUDESTE;2007-01-23;97342.00000000;183.05000305;74776.00000000;140.61999512
N;NORTE;2007-01-24;5386.00000000;65.75000000;5386.00000000;65.75000000
NE;NORDESTE;2007-01-24;17347.00000000;125.59999847;17347.00000000;125.59999847
S;SUL;2007-01-24;4519.00000000;75.73999786;4512.00000000;75.62999725
SE;SUDESTE;2007-01-24;96445.00000000;181.36999512;75049.00000000;141.13000488
N;NORTE;2007-01-25;5374.00000000;65.59999847;5374.00000000;65.59999847
NE;NORDESTE;2007-01-25;17433.00000000;126.22000122;17433.00000000;126.22000122
S;SUL;2007-01-25;4246.00000000;71.16999817;4238.00000000;71.02999878
SE;SUDESTE;2007-01-25;95787.00000000;180.13000488;74218.00000000;139.57000732
N;NORTE;2007-01-26;5473.00000000;66.80999756;5473.00000000;66.80999756
NE;NORDESTE;2007-01-26;17523.00000000;126.87000275;17523.00000000;126.87000275
S;SUL;2007-01-26;4161.00000000;69.73999786;4154.00000000;69.62999725
SE;SUDESTE;2007-01-26;95081.00000000;178.80000305;72040.00000000;135.47000122
N;NORTE;2007-01-27;5565.00000000;67.93000031;5565.00000000;67.93000031
NE;NORDESTE;2007-01-27;17602.00000000;127.44999695;17010.00000000;123.16000366
S;SUL;2007-01-27;4287.00000000;71.86000061;4279.00000000;71.72000122
SE;SUDESTE;2007-01-27;95058.00000000;178.75999451;68555.00000000;128.91999817
N;NORTE;2007-01-28;5571.00000000;68.01000214;5571.00000000;68.01000214
NE;NORDESTE;2007-01-28;17898.00000000;129.58999634;16778.00000000;121.48000336
S;SUL;2007-01-28;4539.00000000;76.08000183;4532.00000000;75.95999908
SE;SUDESTE;2007-01-28;96409.00000000;181.30000305;67569.00000000;127.06999969
N;NORTE;2007-01-29;5500.00000000;67.13999939;5500.00000000;67.13999939
NE;NORDESTE;2007-01-29;17899.00000000;129.60000610;17182.00000000;124.41000366
S;SUL;2007-01-29;5527.00000000;92.63999939;5519.00000000;92.50000000
SE;SUDESTE;2007-01-29;98898.00000000;185.97999573;73225.00000000;137.69999695
N;NORTE;2007-01-30;5530.00000000;67.51000214;5530.00000000;67.51000214
NE;NORDESTE;2007-01-30;18104.00000000;131.08000183;17424.00000000;126.16000366
S;SUL;2007-01-30;5755.00000000;96.45999908;5744.00000000;96.27999878
SE;SUDESTE;2007-01-30;100417.00000000;188.83999634;72718.00000000;136.75000000
N;NORTE;2007-01-31;5914.00000000;72.19999695;5914.00000000;72.19999695
NE;NORDESTE;2007-01-31;18175.00000000;131.60000610;16583.00000000;120.06999969
S;SUL;2007-01-31;5650.00000000;94.69999695;5643.00000000;94.58000183
SE;SUDESTE;2007-01-31;100687.00000000;189.33999634;72851.00000000;137.00000000
N;NORTE;2007-02-01;6305.00000000;56.49000168;6305.00000000;56.49000168
NE;NORDESTE;2007-02-01;18303.00000000;126.05999756;16418.00000000;113.08000183
S;SUL;2007-02-01;5388.00000000;81.62999725;5360.00000000;81.19999695
SE;SUDESTE;2007-02-01;99908.00000000;180.46000671;71053.00000000;128.33999634
N;NORTE;2007-02-02;6693.00000000;59.95999908;6693.00000000;59.95999908
NE;NORDESTE;2007-02-02;18441.00000000;127.01000214;16402.00000000;112.97000122
S;SUL;2007-02-02;5035.00000000;76.27999878;5029.00000000;76.19000244
SE;SUDESTE;2007-02-02;99268.00000000;179.30999756;70077.00000000;126.58000183
N;NORTE;2007-02-03;7131.00000000;63.88999939;7131.00000000;63.88999939
NE;NORDESTE;2007-02-03;18769.00000000;129.27000427;15201.00000000;104.69999695
S;SUL;2007-02-03;4705.00000000;71.27999878;4698.00000000;71.18000031
SE;SUDESTE;2007-02-03;99587.00000000;179.88000488;69131.00000000;124.87000275
N;NORTE;2007-02-04;7646.00000000;68.50000000;7646.00000000;68.50000000
NE;NORDESTE;2007-02-04;18861.00000000;129.89999390;14687.00000000;101.15000153
S;SUL;2007-02-04;4559.00000000;69.06999969;4551.00000000;68.94999695
SE;SUDESTE;2007-02-04;99895.00000000;180.44000244;64008.00000000;115.62000275
N;NORTE;2007-02-05;8338.00000000;74.69999695;8338.00000000;74.69999695
NE;NORDESTE;2007-02-05;18983.00000000;130.74000549;14768.00000000;101.70999908
S;SUL;2007-02-05;4489.00000000;68.01000214;4483.00000000;67.91999817
SE;SUDESTE;2007-02-05;102007.00000000;184.25000000;67950.00000000;122.73999786
N;NORTE;2007-02-06;9133.00000000;81.81999969;9133.00000000;81.81999969
NE;NORDESTE;2007-02-06;18971.00000000;130.66000366;14923.00000000;102.77999878
S;SUL;2007-02-06;4524.00000000;68.54000092;4516.00000000;68.41999817
SE;SUDESTE;2007-02-06;102933.00000000;185.92999268;67758.00000000;122.38999939
N;NORTE;2007-02-07;9975.00000000;89.37000275;9975.00000000;89.37000275
NE;NORDESTE;2007-02-07;19201.00000000;132.24000549;13901.00000000;95.73999786
S;SUL;2007-02-07;4434.00000000;67.18000031;4427.00000000;67.06999969
SE;SUDESTE;2007-02-07;104332.00000000;188.44999695;67999.00000000;122.83000183
N;NORTE;2007-02-08;10655.00000000;95.45999908;10655.00000000;95.45999908
NE;NORDESTE;2007-02-08;19440.00000000;133.88999939;13317.00000000;91.72000122
S;SUL;2007-02-08;4323.00000000;65.48999786;4312.00000000;65.33000183
SE;SUDESTE;2007-02-08;104258.00000000;188.32000732;66140.00000000;119.47000122
N;NORTE;2007-02-09;11162.00000000;100.00000000;11162.00000000;100.00000000
NE;NORDESTE;2007-02-09;19219.00000000;132.36999512;11888.00000000;81.87999725
S;SUL;2007-02-09;4137.00000000;62.68000031;4125.00000000;62.49000168
SE;SUDESTE;2007-02-09;100723.00000000;181.94000244;62219.00000000;112.38999939
N;NORTE;2007-02-10;11338.00000000;101.58000183;11338.00000000;101.58000183
NE;NORDESTE;2007-02-10;19101.00000000;131.55999756;11032.00000000;75.98000336
S;SUL;2007-02-10;3865.00000000;58.56000137;3855.00000000;58.40000153
SE;SUDESTE;2007-02-10;96094.00000000;173.57000732;58785.00000000;106.18000031
N;NORTE;2007-02-11;11593.00000000;103.86000061;11593.00000000;103.86000061
NE;NORDESTE;2007-02-11;19314.00000000;133.02000427;10888.00000000;74.98999786
S;SUL;2007-02-11;3615.00000000;54.77000046;3608.00000000;54.65999985
SE;SUDESTE;2007-02-11;92566.00000000;167.19999695;53042.00000000;95.80999756
N;NORTE;2007-02-12;11915.00000000;106.75000000;11915.00000000;106.75000000
NE;NORDESTE;2007-02-12;19515.00000000;134.41000366;12005.00000000;82.68000031
S;SUL;2007-02-12;3407.00000000;51.61999893;3394.00000000;51.41999817
SE;SUDESTE;2007-02-12;90967.00000000;164.30999756;51274.00000000;92.62000275
N;NORTE;2007-02-13;12609.00000000;112.95999908;12166.00000000;108.98999786
NE;NORDESTE;2007-02-13;20179.00000000;138.97999573;12684.00000000;87.36000061
S;SUL;2007-02-13;3269.00000000;49.52999878;3262.00000000;49.41999817
SE;SUDESTE;2007-02-13;91511.00000000;165.30000305;51524.00000000;93.06999969
N;NORTE;2007-02-14;13406.00000000;120.09999847;12394.00000000;111.04000092
NE;NORDESTE;2007-02-14;20817.00000000;143.36999512;13326.00000000;91.77999878
S;SUL;2007-02-14;3175.00000000;48.09999847;3168.00000000;48.00000000
SE;SUDESTE;2007-02-14;90182.00000000;162.88999939;50637.00000000;91.47000122
N;NORTE;2007-02-15;13462.00000000;120.59999847;11903.00000000;106.63999939
NE;NORDESTE;2007-02-15;22039.00000000;151.78999329;14565.00000000;100.30999756
S;SUL;2007-02-15;3042.00000000;46.09000015;3035.00000000;45.97999954
SE;SUDESTE;2007-02-15;90200.00000000;162.92999268;51860.00000000;93.66999817
N;NORTE;2007-02-16;13553.00000000;121.41999817;10807.00000000;96.81999969
NE;NORDESTE;2007-02-16;22778.00000000;156.88000488;15028.00000000;103.50000000
S;SUL;2007-02-16;2938.00000000;44.50999832;2932.00000000;44.41999817
SE;SUDESTE;2007-02-16;88425.00000000;159.72000122;51272.00000000;92.61000061
N;NORTE;2007-02-17;13772.00000000;123.37999725;9951.00000000;89.15000153
NE;NORDESTE;2007-02-17;23781.00000000;163.78999329;14444.00000000;99.48000336
S;SUL;2007-02-17;3128.00000000;44.27999878;3121.00000000;44.18000031
SE;SUDESTE;2007-02-17;85630.00000000;154.66999817;49816.00000000;89.98000336
N;NORTE;2007-02-18;14012.00000000;125.52999878;8907.00000000;79.80000305
NE;NORDESTE;2007-02-18;23776.00000000;163.75000000;13457.00000000;92.68000031
S;SUL;2007-02-18;3434.00000000;48.61000061;3427.00000000;48.50999832
SE;SUDESTE;2007-02-18;83280.00000000;150.42999268;44266.00000000;79.95999908
N;NORTE;2007-02-19;14135.00000000;126.62999725;8211.00000000;73.55999756
NE;NORDESTE;2007-02-19;24688.00000000;170.03999329;13236.00000000;91.16000366
S;SUL;2007-02-19;4255.00000000;60.22999954;4248.00000000;60.13000107
SE;SUDESTE;2007-02-19;82075.00000000;148.25000000;44632.00000000;80.62000275
N;NORTE;2007-02-20;14567.00000000;130.50000000;7934.00000000;71.08000183
NE;NORDESTE;2007-02-20;24577.00000000;169.27000427;12996.00000000;89.51000214
S;SUL;2007-02-20;5645.00000000;79.91000366;5638.00000000;79.80999756
SE;SUDESTE;2007-02-20;81260.00000000;146.77999878;43843.00000000;79.19000244
N;NORTE;2007-02-21;14890.00000000;133.39999390;6785.00000000;60.79000092
NE;NORDESTE;2007-02-21;24272.00000000;167.16999817;13846.00000000;95.36000061
S;SUL;2007-02-21;6937.00000000;98.19999695;6836.00000000;96.76999664
SE;SUDESTE;2007-02-21;80070.00000000;144.63000488;45178.00000000;81.59999847
N;NORTE;2007-02-22;15388.00000000;137.86000061;6623.00000000;59.33000183
NE;NORDESTE;2007-02-22;23783.00000000;163.80000305;14665.00000000;101.00000000
S;SUL;2007-02-22;7825.00000000;110.76999664;7753.00000000;109.75000000
SE;SUDESTE;2007-02-22;77808.00000000;140.53999329;43864.00000000;79.23000336
N;NORTE;2007-02-23;15937.00000000;142.77999878;6859.00000000;61.45000076
NE;NORDESTE;2007-02-23;23724.00000000;163.39999390;14192.00000000;97.75000000
S;SUL;2007-02-23;9108.00000000;128.92999268;9000.00000000;127.40000153
SE;SUDESTE;2007-02-23;75098.00000000;135.64999390;43053.00000000;77.76999664
N;NORTE;2007-02-24;16569.00000000;148.44000244;7045.00000000;63.11999893
NE;NORDESTE;2007-02-24;23903.00000000;164.63000488;14330.00000000;98.69999695
S;SUL;2007-02-24;11064.00000000;156.61999512;10611.00000000;150.19999695
SE;SUDESTE;2007-02-24;71690.00000000;129.49000549;40824.00000000;73.73999786
N;NORTE;2007-02-25;16966.00000000;152.00000000;7314.00000000;65.52999878
NE;NORDESTE;2007-02-25;23694.00000000;163.19000244;13976.00000000;96.26000214
S;SUL;2007-02-25;14957.00000000;211.72000122;14238.00000000;201.53999329
SE;SUDESTE;2007-02-25;68698.00000000;124.08999634;36770.00000000;66.41999817
N;NORTE;2007-02-26;17829.00000000;159.72999573;7862.00000000;70.43000031
NE;NORDESTE;2007-02-26;23394.00000000;161.11999512;14695.00000000;101.20999908
S;SUL;2007-02-26;13108.00000000;185.55000305;12911.00000000;182.75999451
SE;SUDESTE;2007-02-26;66696.00000000;120.47000122;37793.00000000;68.26999664
N;NORTE;2007-02-27;17998.00000000;161.24000549;7555.00000000;67.68000031
NE;NORDESTE;2007-02-27;22988.00000000;158.33000183;14094.00000000;97.06999969
S;SUL;2007-02-27;10671.00000000;151.05000305;10619.00000000;150.32000732
SE;SUDESTE;2007-02-27;65528.00000000;118.36000061;37975.00000000;68.58999634
N;NORTE;2007-02-28;17841.00000000;159.83999634;7398.00000000;66.27999878
NE;NORDESTE;2007-02-28;22507.00000000;155.00999451;13588.00000000;93.58999634
S;SUL;2007-02-28;9222.00000000;130.53999329;9214.00000000;130.42999268
SE;SUDESTE;2007-02-28;65124.00000000;117.62999725;39059.00000000;70.55000305
N;NORTE;2007-03-01;18289.00000000;139.75000000;8302.00000000;63.43999863
NE;NORDESTE;2007-03-01;22393.00000000;156.00000000;12962.00000000;90.30000305
S;SUL;2007-03-01;8742.00000000;144.50999451;8713.00000000;144.02999878
SE;SUDESTE;2007-03-01;63178.00000000;121.81999969;38336.00000000;73.91999817
N;NORTE;2007-03-02;17942.00000000;137.10000610;8047.00000000;61.49000168
NE;NORDESTE;2007-03-02;22078.00000000;153.80999756;12516.00000000;87.19000244
S;SUL;2007-03-02;9013.00000000;148.99000549;8945.00000000;147.86000061
SE;SUDESTE;2007-03-02;61260.00000000;118.12000275;36710.00000000;70.77999878
N;NORTE;2007-03-03;17564.00000000;134.21000671;7226.00000000;55.22000122
NE;NORDESTE;2007-03-03;22323.00000000;155.50999451;12580.00000000;87.63999939
S;SUL;2007-03-03;12090.00000000;199.85000610;11633.00000000;192.30000305
SE;SUDESTE;2007-03-03;59257.00000000;114.26000214;33997.00000000;65.55000305
N;NORTE;2007-03-04;17329.00000000;132.41000366;6427.00000000;49.11000061
NE;NORDESTE;2007-03-04;21654.00000000;150.85000610;11568.00000000;80.58999634
S;SUL;2007-03-04;11368.00000000;187.91000366;10995.00000000;181.75000000
SE;SUDESTE;2007-03-04;57137.00000000;110.16999817;30754.00000000;59.29999924
N;NORTE;2007-03-05;16664.00000000;127.33000183;5667.00000000;43.29999924
NE;NORDESTE;2007-03-05;21293.00000000;148.33999634;11920.00000000;83.04000092
S;SUL;2007-03-05;9834.00000000;162.55999756;9539.00000000;157.67999268
SE;SUDESTE;2007-03-05;55203.00000000;106.44000244;32332.00000000;62.34000015
N;NORTE;2007-03-06;16269.00000000;124.31999969;5899.00000000;45.08000183
NE;NORDESTE;2007-03-06;21003.00000000;146.32000732;12018.00000000;83.72000122
S;SUL;2007-03-06;8475.00000000;140.08999634;8400.00000000;138.85000610
SE;SUDESTE;2007-03-06;53109.00000000;102.40000153;31925.00000000;61.56000137
N;NORTE;2007-03-07;15555.00000000;118.86000061;5803.00000000;44.34000015
NE;NORDESTE;2007-03-07;20946.00000000;145.91999817;12334.00000000;85.91999817
S;SUL;2007-03-07;8278.00000000;136.83999634;8169.00000000;135.02999878
SE;SUDESTE;2007-03-07;51169.00000000;98.66000366;32299.00000000;62.27999878
N;NORTE;2007-03-08;15008.00000000;114.68000031;5404.00000000;41.29000092
NE;NORDESTE;2007-03-08;20932.00000000;145.82000732;12342.00000000;85.98000336
S;SUL;2007-03-08;7827.00000000;129.38000488;7657.00000000;126.56999969
SE;SUDESTE;2007-03-08;49697.00000000;95.83000183;34254.00000000;66.05000305
N;NORTE;2007-03-09;14502.00000000;110.80999756;4898.00000000;37.43000031
NE;NORDESTE;2007-03-09;20957.00000000;146.00000000;12571.00000000;87.58000183
S;SUL;2007-03-09;6964.00000000;115.12000275;6836.00000000;113.00000000
SE;SUDESTE;2007-03-09;48715.00000000;93.93000031;36434.00000000;70.25000000
N;NORTE;2007-03-10;14399.00000000;110.02999878;4794.00000000;36.63000107
NE;NORDESTE;2007-03-10;21242.00000000;147.97999573;12146.00000000;84.61000061
S;SUL;2007-03-10;6502.00000000;107.48000336;6469.00000000;106.93000031
SE;SUDESTE;2007-03-10;47480.00000000;91.55000305;37319.00000000;71.95999908
N;NORTE;2007-03-11;14040.00000000;107.27999878;4751.00000000;36.29999924
NE;NORDESTE;2007-03-11;21566.00000000;150.24000549;12122.00000000;84.44999695
S;SUL;2007-03-11;6368.00000000;105.26000214;6335.00000000;104.72000122
SE;SUDESTE;2007-03-11;45746.00000000;88.20999908;34321.00000000;66.18000031
N;NORTE;2007-03-12;13677.00000000;104.51000214;5233.00000000;39.99000168
NE;NORDESTE;2007-03-12;21456.00000000;149.47000122;13077.00000000;91.09999847
S;SUL;2007-03-12;6557.00000000;108.38999939;6524.00000000;107.83999634
SE;SUDESTE;2007-03-12;45079.00000000;86.91999817;36927.00000000;71.19999695
N;NORTE;2007-03-13;13618.00000000;104.05999756;5417.00000000;41.38999939
NE;NORDESTE;2007-03-13;21585.00000000;150.36999512;12995.00000000;90.52999878
S;SUL;2007-03-13;6896.00000000;113.98999786;6840.00000000;113.06999969
SE;SUDESTE;2007-03-13;44288.00000000;85.40000153;38880.00000000;74.97000122
N;NORTE;2007-03-14;13641.00000000;104.23000336;5800.00000000;44.31999969
NE;NORDESTE;2007-03-14;21778.00000000;151.72000122;14406.00000000;100.36000061
S;SUL;2007-03-14;7130.00000000;117.86000061;6987.00000000;115.50000000
SE;SUDESTE;2007-03-14;43622.00000000;84.11000061;40513.00000000;78.12000275
N;NORTE;2007-03-15;13457.00000000;102.83000183;6380.00000000;48.75000000
NE;NORDESTE;2007-03-15;22433.00000000;156.27999878;16100.00000000;112.16000366
S;SUL;2007-03-15;7133.00000000;117.91000366;7008.00000000;115.83999634
SE;SUDESTE;2007-03-15;43183.00000000;83.26999664;40427.00000000;77.94999695
N;NORTE;2007-03-16;13484.00000000;103.02999878;6492.00000000;49.61000061
NE;NORDESTE;2007-03-16;22756.00000000;158.52999878;17310.00000000;120.58999634
S;SUL;2007-03-16;6980.00000000;115.37999725;6947.00000000;114.83000183
SE;SUDESTE;2007-03-16;44149.00000000;85.12999725;41413.00000000;79.84999847
N;NORTE;2007-03-17;13538.00000000;103.44999695;5974.00000000;45.65000153
NE;NORDESTE;2007-03-17;23314.00000000;162.41999817;17318.00000000;120.63999939
S;SUL;2007-03-17;8571.00000000;141.67999268;8482.00000000;140.21000671
SE;SUDESTE;2007-03-17;45792.00000000;88.30000305;41701.00000000;80.41000366
N;NORTE;2007-03-18;13524.00000000;103.33999634;5506.00000000;42.06999969
NE;NORDESTE;2007-03-18;23419.00000000;163.14999390;16960.00000000;118.15000153
S;SUL;2007-03-18;11363.00000000;187.83000183;11004.00000000;181.89999390
SE;SUDESTE;2007-03-18;48782.00000000;94.05999756;43110.00000000;83.12000275
N;NORTE;2007-03-19;13505.00000000;103.19000244;4849.00000000;37.04999924
NE;NORDESTE;2007-03-19;23700.00000000;165.10000610;17898.00000000;124.69000244
S;SUL;2007-03-19;11924.00000000;197.11000061;11646.00000000;192.50999451
SE;SUDESTE;2007-03-19;50823.00000000;98.00000000;46160.00000000;89.01000214
N;NORTE;2007-03-20;13586.00000000;103.80999756;4760.00000000;36.36999893
NE;NORDESTE;2007-03-20;23649.00000000;164.75000000;18306.00000000;127.52999878
S;SUL;2007-03-20;10265.00000000;169.67999268;10119.00000000;167.27000427
SE;SUDESTE;2007-03-20;52171.00000000;100.59999847;48215.00000000;92.97000122
N;NORTE;2007-03-21;13578.00000000;103.75000000;5167.00000000;39.47999954
NE;NORDESTE;2007-03-21;23707.00000000;165.14999390;19206.00000000;133.80000305
S;SUL;2007-03-21;8860.00000000;146.46000671;8802.00000000;145.50000000
SE;SUDESTE;2007-03-21;53395.00000000;102.95999908;48444.00000000;93.41000366
N;NORTE;2007-03-22;13655.00000000;104.33999634;5025.00000000;38.40000153
NE;NORDESTE;2007-03-22;23483.00000000;163.58999634;19384.00000000;135.03999329
S;SUL;2007-03-22;7838.00000000;129.55999756;7795.00000000;128.85000610
SE;SUDESTE;2007-03-22;53527.00000000;103.20999908;48902.00000000;94.29000092
N;NORTE;2007-03-23;13649.00000000;104.30000305;4734.00000000;36.16999817
NE;NORDESTE;2007-03-23;22532.00000000;156.97000122;19056.00000000;132.75000000
S;SUL;2007-03-23;7173.00000000;118.56999969;7138.00000000;117.98999786
SE;SUDESTE;2007-03-23;52364.00000000;100.97000122;49204.00000000;94.87999725
N;NORTE;2007-03-24;13631.00000000;104.16000366;4268.00000000;32.61000061
NE;NORDESTE;2007-03-24;21290.00000000;148.32000732;17391.00000000;121.15000153
S;SUL;2007-03-24;6659.00000000;110.06999969;6624.00000000;109.50000000
SE;SUDESTE;2007-03-24;51145.00000000;98.62000275;47949.00000000;92.45999908
N;NORTE;2007-03-25;13629.00000000;104.13999939;4649.00000000;35.52000046
NE;NORDESTE;2007-03-25;19534.00000000;136.08000183;16376.00000000;114.08000183
S;SUL;2007-03-25;6216.00000000;102.75000000;6180.00000000;102.16000366
SE;SUDESTE;2007-03-25;50375.00000000;97.12999725;46641.00000000;89.93000031
N;NORTE;2007-03-26;13671.00000000;104.45999908;5559.00000000;42.47999954
NE;NORDESTE;2007-03-26;17763.00000000;123.73999786;15439.00000000;107.55000305
S;SUL;2007-03-26;6345.00000000;104.87999725;6310.00000000;104.30999756
SE;SUDESTE;2007-03-26;49187.00000000;94.83999634;46826.00000000;90.29000092
N;NORTE;2007-03-27;13510.00000000;103.23000336;5189.00000000;39.65000153
NE;NORDESTE;2007-03-27;16119.00000000;112.29000092;15577.00000000;108.51999664
S;SUL;2007-03-27;6800.00000000;112.40000153;6759.00000000;111.73000336
SE;SUDESTE;2007-03-27;47410.00000000;91.41999817;45535.00000000;87.80000305
N;NORTE;2007-03-28;13436.00000000;102.66999817;4450.00000000;34.00000000
NE;NORDESTE;2007-03-28;14673.00000000;102.22000122;14673.00000000;102.22000122
S;SUL;2007-03-28;6120.00000000;101.16000366;6065.00000000;100.26000214
SE;SUDESTE;2007-03-28;45121.00000000;87.00000000;43840.00000000;84.52999878
N;NORTE;2007-03-29;13281.00000000;101.48000336;4987.00000000;38.11000061
NE;NORDESTE;2007-03-29;13547.00000000;94.37000275;13547.00000000;94.37000275
S;SUL;2007-03-29;5459.00000000;90.23999786;5452.00000000;90.12000275
SE;SUDESTE;2007-03-29;43001.00000000;82.91000366;42425.00000000;81.80000305
N;NORTE;2007-03-30;13126.00000000;100.30000305;5656.00000000;43.22000122
NE;NORDESTE;2007-03-30;12138.00000000;84.55999756;12138.00000000;84.55999756
S;SUL;2007-03-30;4779.00000000;79.00000000;4772.00000000;78.87999725
SE;SUDESTE;2007-03-30;41072.00000000;79.19999695;40685.00000000;78.44999695
N;NORTE;2007-03-31;12892.00000000;98.51000214;5829.00000000;44.54000092
NE;NORDESTE;2007-03-31;11362.00000000;79.15000153;11362.00000000;79.15000153
S;SUL;2007-03-31;4348.00000000;71.87000275;4341.00000000;71.76000214
SE;SUDESTE;2007-03-31;39360.00000000;75.88999939;38663.00000000;74.55000305
N;NORTE;2007-04-01;12700.00000000;97.11000061;6665.00000000;50.95999908
NE;NORDESTE;2007-04-01;10821.00000000;92.31999969;10821.00000000;92.31999969
S;SUL;2007-04-01;4559.00000000;81.50000000;4546.00000000;81.26000214
SE;SUDESTE;2007-04-01;38018.00000000;96.84999847;36723.00000000;93.55000305
N;NORTE;2007-04-02;12396.00000000;94.79000092;6360.00000000;48.63000107
NE;NORDESTE;2007-04-02;10308.00000000;87.94000244;10308.00000000;87.94000244
S;SUL;2007-04-02;4728.00000000;84.51999664;4721.00000000;84.38999939
SE;SUDESTE;2007-04-02;36831.00000000;93.81999969;35706.00000000;90.95999908
N;NORTE;2007-04-03;12123.00000000;92.69999695;5676.00000000;43.40000153
NE;NORDESTE;2007-04-03;10082.00000000;86.01000214;10082.00000000;86.01000214
S;SUL;2007-04-03;4807.00000000;85.93000031;4800.00000000;85.80000305
SE;SUDESTE;2007-04-03;35635.00000000;90.77999878;34486.00000000;87.84999847
N;NORTE;2007-04-04;11715.00000000;89.58000183;5479.00000000;41.88999939
NE;NORDESTE;2007-04-04;10044.00000000;85.69000244;10044.00000000;85.69000244
S;SUL;2007-04-04;4892.00000000;87.44999695;4773.00000000;85.31999969
SE;SUDESTE;2007-04-04;34562.00000000;88.04000092;33303.00000000;84.83000183
N;NORTE;2007-04-05;11405.00000000;87.20999908;5320.00000000;40.68000031
NE;NORDESTE;2007-04-05;9878.00000000;84.26999664;9878.00000000;84.26999664
S;SUL;2007-04-05;4912.00000000;87.80999756;4889.00000000;87.38999939
SE;SUDESTE;2007-04-05;33772.00000000;86.02999878;33150.00000000;84.44999695
N;NORTE;2007-04-06;11222.00000000;85.80999756;5556.00000000;42.47999954
NE;NORDESTE;2007-04-06;9573.00000000;81.66999817;9563.00000000;81.58000183
S;SUL;2007-04-06;5273.00000000;94.26000214;5266.00000000;94.12999725
SE;SUDESTE;2007-04-06;33597.00000000;85.18000031;33297.00000000;84.41999817
N;NORTE;2007-04-07;11029.00000000;84.33000183;5530.00000000;42.27999878
NE;NORDESTE;2007-04-07;9228.00000000;78.73000336;9219.00000000;78.65000153
S;SUL;2007-04-07;5554.00000000;99.27999878;5547.00000000;99.16000366
SE;SUDESTE;2007-04-07;33680.00000000;85.38999939;33515.00000000;84.98000336
N;NORTE;2007-04-08;10932.00000000;83.58999634;5433.00000000;41.54000092
NE;NORDESTE;2007-04-08;8836.00000000;75.37999725;8827.00000000;75.30000305
S;SUL;2007-04-08;6011.00000000;107.44999695;6001.00000000;107.26999664
SE;SUDESTE;2007-04-08;34064.00000000;86.37000275;33906.00000000;85.97000122
N;NORTE;2007-04-09;11080.00000000;84.72000122;5581.00000000;42.66999817
NE;NORDESTE;2007-04-09;8449.00000000;72.08000183;8440.00000000;72.00000000
S;SUL;2007-04-09;5954.00000000;106.43000031;5916.00000000;105.75000000
SE;SUDESTE;2007-04-09;34723.00000000;88.04000092;34504.00000000;87.48000336
N;NORTE;2007-04-10;11144.00000000;85.20999908;6041.00000000;46.18999863
NE;NORDESTE;2007-04-10;8060.00000000;68.76000214;8050.00000000;68.68000031
S;SUL;2007-04-10;5579.00000000;99.73000336;5563.00000000;99.44000244
SE;SUDESTE;2007-04-10;35308.00000000;89.51999664;35116.00000000;89.04000092
N;NORTE;2007-04-11;11181.00000000;85.50000000;6225.00000000;47.59999847
NE;NORDESTE;2007-04-11;7913.00000000;67.51000214;7904.00000000;67.43000031
S;SUL;2007-04-11;4884.00000000;87.30999756;4871.00000000;87.06999969
SE;SUDESTE;2007-04-11;35430.00000000;89.83000183;35245.00000000;89.36000061
N;NORTE;2007-04-12;11320.00000000;86.55999756;6201.00000000;47.41999817
NE;NORDESTE;2007-04-12;7685.00000000;65.55999756;7676.00000000;65.48000336
S;SUL;2007-04-12;4639.00000000;82.93000031;4625.00000000;82.68000031
SE;SUDESTE;2007-04-12;35149.00000000;89.12000275;34999.00000000;88.73999786
N;NORTE;2007-04-13;11439.00000000;87.47000122;6080.00000000;46.49000168
NE;NORDESTE;2007-04-13;7473.00000000;63.75000000;7464.00000000;63.68000031
S;SUL;2007-04-13;4522.00000000;80.83000183;4510.00000000;80.62000275
SE;SUDESTE;2007-04-13;34808.00000000;88.25000000;34093.00000000;86.44000244
N;NORTE;2007-04-14;11578.00000000;88.52999878;6058.00000000;46.31999969
NE;NORDESTE;2007-04-14;7292.00000000;62.20999908;7283.00000000;62.13000107
S;SUL;2007-04-14;4864.00000000;86.94999695;4857.00000000;86.81999969
SE;SUDESTE;2007-04-14;34396.00000000;87.20999908;33147.00000000;84.04000092
N;NORTE;2007-04-15;11660.00000000;89.16000366;6140.00000000;46.95000076
NE;NORDESTE;2007-04-15;7150.00000000;61.00000000;7141.00000000;60.91999817
S;SUL;2007-04-15;6580.00000000;117.62000275;6553.00000000;117.13999939
SE;SUDESTE;2007-04-15;33982.00000000;86.16000366;32550.00000000;82.52999878
N;NORTE;2007-04-16;11818.00000000;90.37000275;5268.00000000;40.27999878
NE;NORDESTE;2007-04-16;7051.00000000;60.15000153;7041.00000000;60.06999969
S;SUL;2007-04-16;6843.00000000;122.31999969;6829.00000000;122.06999969
SE;SUDESTE;2007-04-16;33621.00000000;85.25000000;32359.00000000;82.05000305
N;NORTE;2007-04-17;12043.00000000;92.08999634;5712.00000000;43.68000031
NE;NORDESTE;2007-04-17;6966.00000000;59.43000031;6957.00000000;59.34999847
S;SUL;2007-04-17;5990.00000000;107.08000183;5976.00000000;106.83000183
SE;SUDESTE;2007-04-17;33290.00000000;84.41000366;32448.00000000;82.26999664
N;NORTE;2007-04-18;12253.00000000;93.69000244;6564.00000000;50.18999863
NE;NORDESTE;2007-04-18;6847.00000000;58.40999985;6838.00000000;58.34000015
S;SUL;2007-04-18;5197.00000000;92.90000153;5183.00000000;92.65000153
SE;SUDESTE;2007-04-18;32948.00000000;83.54000092;32664.00000000;82.81999969
N;NORTE;2007-04-19;12244.00000000;93.62000275;5953.00000000;45.52000046
NE;NORDESTE;2007-04-19;6772.00000000;57.77000046;6772.00000000;57.77000046
S;SUL;2007-04-19;4598.00000000;82.19000244;4584.00000000;81.94000244
SE;SUDESTE;2007-04-19;32724.00000000;82.97000122;32393.00000000;82.12999725
N;NORTE;2007-04-20;12413.00000000;94.91999817;5819.00000000;44.49000168
NE;NORDESTE;2007-04-20;6776.00000000;57.81000137;6776.00000000;57.81000137
S;SUL;2007-04-20;4073.00000000;72.80999756;4060.00000000;72.58000183
SE;SUDESTE;2007-04-20;32709.00000000;82.93000031;32366.00000000;82.05999756
N;NORTE;2007-04-21;12536.00000000;95.86000061;5941.00000000;45.43000031
NE;NORDESTE;2007-04-21;6846.00000000;58.40000153;6846.00000000;58.40000153
S;SUL;2007-04-21;3627.00000000;64.83999634;3614.00000000;64.59999847
SE;SUDESTE;2007-04-21;32833.00000000;83.25000000;32534.00000000;82.48999786
N;NORTE;2007-04-22;12450.00000000;95.19999695;5513.00000000;42.15000153
NE;NORDESTE;2007-04-22;6930.00000000;59.11999893;6930.00000000;59.11999893
S;SUL;2007-04-22;3402.00000000;60.81000137;3389.00000000;60.58000183
SE;SUDESTE;2007-04-22;33096.00000000;83.91000366;32838.00000000;83.26000214
N;NORTE;2007-04-23;12158.00000000;92.97000122;4960.00000000;37.93000031
NE;NORDESTE;2007-04-23;6959.00000000;59.36999893;6959.00000000;59.36999893
S;SUL;2007-04-23;3612.00000000;64.56999969;3599.00000000;64.33000183
SE;SUDESTE;2007-04-23;33249.00000000;84.30000305;32971.00000000;83.59999847
N;NORTE;2007-04-24;11826.00000000;90.43000031;4948.00000000;37.83000183
NE;NORDESTE;2007-04-24;6915.00000000;58.99000168;6915.00000000;58.99000168
S;SUL;2007-04-24;4610.00000000;82.41000366;4596.00000000;82.16000366
SE;SUDESTE;2007-04-24;33385.00000000;84.65000153;33007.00000000;83.69000244
N;NORTE;2007-04-25;11459.00000000;87.62000275;5859.00000000;44.79999924
NE;NORDESTE;2007-04-25;6819.00000000;58.16999817;6819.00000000;58.16999817
S;SUL;2007-04-25;8216.00000000;146.86999512;7961.00000000;142.30999756
SE;SUDESTE;2007-04-25;33377.00000000;84.62999725;32999.00000000;83.66999817
N;NORTE;2007-04-26;10891.00000000;83.27999878;6624.00000000;50.65000153
NE;NORDESTE;2007-04-26;6640.00000000;56.65000153;6640.00000000;56.65000153
S;SUL;2007-04-26;21556.00000000;385.32998657;15289.00000000;273.29998779
SE;SUDESTE;2007-04-26;33521.00000000;84.98999786;33096.00000000;83.91000366
N;NORTE;2007-04-27;10368.00000000;79.27999878;6846.00000000;52.34999847
NE;NORDESTE;2007-04-27;6473.00000000;55.22000122;6473.00000000;55.22000122
S;SUL;2007-04-27;25338.00000000;452.94000244;16010.00000000;286.19000244
SE;SUDESTE;2007-04-27;34061.00000000;86.36000061;33139.00000000;84.01999664
N;NORTE;2007-04-28;10058.00000000;76.91000366;6532.00000000;49.95000076
NE;NORDESTE;2007-04-28;6342.00000000;54.09999847;6342.00000000;54.09999847
S;SUL;2007-04-28;20990.00000000;375.20999146;16278.00000000;290.98001099
SE;SUDESTE;2007-04-28;35307.00000000;89.51999664;31146.00000000;78.97000122
N;NORTE;2007-04-29;9810.00000000;75.01000214;6287.00000000;48.06999969
NE;NORDESTE;2007-04-29;6262.00000000;53.41999817;6262.00000000;53.41999817
S;SUL;2007-04-29;16064.00000000;287.16000366;13634.00000000;243.72000122
SE;SUDESTE;2007-04-29;34280.00000000;86.91999817;26185.00000000;66.38999939
N;NORTE;2007-04-30;9400.00000000;71.87999725;4436.00000000;33.91999817
NE;NORDESTE;2007-04-30;6265.00000000;53.45000076;6265.00000000;53.45000076
S;SUL;2007-04-30;12553.00000000;224.38999939;11958.00000000;213.75999451
SE;SUDESTE;2007-04-30;33310.00000000;84.45999908;29460.00000000;74.69999695
N;NORTE;2007-05-01;9202.00000000;107.97000122;3413.00000000;40.04000092
NE;NORDESTE;2007-05-01;6240.00000000;87.86000061;6240.00000000;87.86000061
S;SUL;2007-05-01;10972.00000000;150.55000305;10323.00000000;141.64999390
SE;SUDESTE;2007-05-01;32342.00000000;112.44999695;28061.00000000;97.55999756
N;NORTE;2007-05-02;9088.00000000;106.62999725;4650.00000000;54.56000137
NE;NORDESTE;2007-05-02;6218.00000000;87.55000305;6218.00000000;87.55000305
S;SUL;2007-05-02;9780.00000000;134.19999695;8672.00000000;118.98999786
SE;SUDESTE;2007-05-02;31447.00000000;109.33999634;30385.00000000;105.63999939
N;NORTE;2007-05-03;8912.00000000;104.55999756;4908.00000000;57.59000015
NE;NORDESTE;2007-05-03;6010.00000000;84.62000275;6010.00000000;84.62000275
S;SUL;2007-05-03;8965.00000000;123.01999664;7707.00000000;105.75000000
SE;SUDESTE;2007-05-03;30548.00000000;106.20999908;30348.00000000;105.51000214
N;NORTE;2007-05-04;8637.00000000;101.33999634;5907.00000000;69.30999756
NE;NORDESTE;2007-05-04;5863.00000000;82.55000305;5863.00000000;82.55000305
S;SUL;2007-05-04;8446.00000000;115.88999939;7543.00000000;103.50000000
SE;SUDESTE;2007-05-04;29771.00000000;103.51000214;29035.00000000;100.94999695
N;NORTE;2007-05-05;8498.00000000;99.70999908;5932.00000000;69.59999847
NE;NORDESTE;2007-05-05;5641.00000000;79.43000031;5641.00000000;79.43000031
S;SUL;2007-05-05;7186.00000000;98.59999847;7087.00000000;97.25000000
SE;SUDESTE;2007-05-05;29022.00000000;100.90000153;26348.00000000;91.61000061
N;NORTE;2007-05-06;8339.00000000;97.83999634;6604.00000000;77.48000336
NE;NORDESTE;2007-05-06;5608.00000000;78.95999908;5608.00000000;78.95999908
S;SUL;2007-05-06;6660.00000000;91.38999939;6587.00000000;90.37999725
SE;SUDESTE;2007-05-06;28354.00000000;98.58000183;25716.00000000;89.41000366
N;NORTE;2007-05-07;8064.00000000;94.61000061;5533.00000000;64.91999817
NE;NORDESTE;2007-05-07;5536.00000000;77.94999695;5536.00000000;77.94999695
S;SUL;2007-05-07;9011.00000000;123.65000153;8966.00000000;123.02999878
SE;SUDESTE;2007-05-07;27890.00000000;96.97000122;27380.00000000;95.19999695
N;NORTE;2007-05-08;7793.00000000;91.43000031;6021.00000000;70.63999939
NE;NORDESTE;2007-05-08;5499.00000000;77.43000031;5499.00000000;77.43000031
S;SUL;2007-05-08;15072.00000000;206.80999756;13950.00000000;191.41999817
SE;SUDESTE;2007-05-08;27482.00000000;95.55000305;27411.00000000;95.30000305
N;NORTE;2007-05-09;7462.00000000;87.55000305;5689.00000000;66.75000000
NE;NORDESTE;2007-05-09;5425.00000000;76.37999725;5425.00000000;76.37999725
S;SUL;2007-05-09;15222.00000000;208.86999512;12204.00000000;167.46000671
SE;SUDESTE;2007-05-09;27070.00000000;94.12000275;26887.00000000;93.48000336
N;NORTE;2007-05-10;7160.00000000;84.01000214;4669.00000000;54.77999878
NE;NORDESTE;2007-05-10;5303.00000000;74.66999817;5303.00000000;74.66999817
S;SUL;2007-05-10;13059.00000000;179.19000244;12169.00000000;166.97999573
SE;SUDESTE;2007-05-10;26848.00000000;93.34999847;26472.00000000;92.04000092
N;NORTE;2007-05-11;6697.00000000;78.58000183;3855.00000000;45.22999954
NE;NORDESTE;2007-05-11;5174.00000000;72.84999847;5174.00000000;72.84999847
S;SUL;2007-05-11;11167.00000000;153.22999573;10284.00000000;141.11000061
SE;SUDESTE;2007-05-11;26576.00000000;92.40000153;25619.00000000;89.06999969
N;NORTE;2007-05-12;6427.00000000;75.41000366;4724.00000000;55.43000031
NE;NORDESTE;2007-05-12;5087.00000000;71.62999725;5087.00000000;71.62999725
S;SUL;2007-05-12;10309.00000000;141.46000671;9670.00000000;132.69000244
SE;SUDESTE;2007-05-12;26254.00000000;91.27999878;25376.00000000;88.23000336
N;NORTE;2007-05-13;5983.00000000;70.19999695;5706.00000000;66.94999695
NE;NORDESTE;2007-05-13;5108.00000000;71.91999817;5108.00000000;71.91999817
S;SUL;2007-05-13;10610.00000000;145.58999634;9927.00000000;136.22000122
SE;SUDESTE;2007-05-13;25970.00000000;90.29000092;24465.00000000;85.05999756
N;NORTE;2007-05-14;5747.00000000;67.43000031;5723.00000000;67.15000153
NE;NORDESTE;2007-05-14;4902.00000000;69.01999664;4902.00000000;69.01999664
S;SUL;2007-05-14;14397.00000000;197.55000305;12797.00000000;175.60000610
SE;SUDESTE;2007-05-14;25890.00000000;90.01000214;25345.00000000;88.12000275
N;NORTE;2007-05-15;5509.00000000;64.63999939;5485.00000000;64.36000061
NE;NORDESTE;2007-05-15;4860.00000000;68.43000031;4860.00000000;68.43000031
S;SUL;2007-05-15;13573.00000000;186.24000549;12283.00000000;168.53999329
SE;SUDESTE;2007-05-15;25624.00000000;89.08999634;25122.00000000;87.33999634
N;NORTE;2007-05-16;5498.00000000;64.51000214;5474.00000000;64.23000336
NE;NORDESTE;2007-05-16;4608.00000000;64.87999725;4608.00000000;64.87999725
S;SUL;2007-05-16;14194.00000000;194.77000427;13357.00000000;183.27999878
SE;SUDESTE;2007-05-16;25486.00000000;88.61000061;25364.00000000;88.19000244
N;NORTE;2007-05-17;5273.00000000;61.86999893;5249.00000000;61.59000015
NE;NORDESTE;2007-05-17;4584.00000000;64.54000092;4572.00000000;64.37000275
S;SUL;2007-05-17;19753.00000000;271.04998779;15892.00000000;218.07000732
SE;SUDESTE;2007-05-17;25376.00000000;88.23000336;25007.00000000;86.94000244
N;NORTE;2007-05-18;5149.00000000;60.40999985;5125.00000000;60.13000107
NE;NORDESTE;2007-05-18;4448.00000000;62.63000107;4448.00000000;62.63000107
S;SUL;2007-05-18;24767.00000000;339.85000610;15170.00000000;208.16000366
SE;SUDESTE;2007-05-18;25303.00000000;87.97000122;24532.00000000;85.29000092
N;NORTE;2007-05-19;5026.00000000;58.97000122;5003.00000000;58.70000076
NE;NORDESTE;2007-05-19;4349.00000000;61.22999954;4349.00000000;61.22999954
S;SUL;2007-05-19;23294.00000000;319.63000488;11780.00000000;161.63999939
SE;SUDESTE;2007-05-19;25576.00000000;88.91999817;24345.00000000;84.63999939
N;NORTE;2007-05-20;4796.00000000;56.27000046;4774.00000000;56.00999832
NE;NORDESTE;2007-05-20;4104.00000000;57.77999878;4104.00000000;57.77999878
S;SUL;2007-05-20;20939.00000000;287.32000732;12373.00000000;169.77999878
SE;SUDESTE;2007-05-20;26099.00000000;90.73999786;23110.00000000;80.34999847
N;NORTE;2007-05-21;4578.00000000;53.70999908;4556.00000000;53.45999908
NE;NORDESTE;2007-05-21;3868.00000000;54.45999908;3868.00000000;54.45999908
S;SUL;2007-05-21;26189.00000000;359.35998535;8386.00000000;115.06999969
SE;SUDESTE;2007-05-21;26574.00000000;92.38999939;25309.00000000;87.98999786
N;NORTE;2007-05-22;4470.00000000;52.45000076;4446.00000000;52.15999985
NE;NORDESTE;2007-05-22;3807.00000000;53.59999847;3807.00000000;53.59999847
S;SUL;2007-05-22;35895.00000000;492.54000854;1407.00000000;19.30999947
SE;SUDESTE;2007-05-22;27559.00000000;95.81999969;26687.00000000;92.79000092
N;NORTE;2007-05-23;4323.00000000;50.72000122;4299.00000000;50.43999863
NE;NORDESTE;2007-05-23;3737.00000000;52.61999893;3737.00000000;52.61999893
S;SUL;2007-05-23;34272.00000000;470.26998901;7611.00000000;104.44000244
SE;SUDESTE;2007-05-23;28557.00000000;99.29000092;28471.00000000;98.98999786
N;NORTE;2007-05-24;4207.00000000;49.36000061;4183.00000000;49.08000183
NE;NORDESTE;2007-05-24;3640.00000000;51.25000000;3640.00000000;51.25000000
S;SUL;2007-05-24;30174.00000000;414.04000854;11819.00000000;162.17999268
SE;SUDESTE;2007-05-24;29559.00000000;102.76999664;28539.00000000;99.22000122
N;NORTE;2007-05-25;4096.00000000;48.06000137;4073.00000000;47.79000092
NE;NORDESTE;2007-05-25;3595.00000000;50.61999893;3595.00000000;50.61999893
S;SUL;2007-05-25;25785.00000000;353.80999756;18278.00000000;250.80999756
SE;SUDESTE;2007-05-25;30502.00000000;106.05000305;28757.00000000;99.98000336
N;NORTE;2007-05-26;3988.00000000;46.79000092;3967.00000000;46.54000092
NE;NORDESTE;2007-05-26;3543.00000000;49.88999939;3543.00000000;49.88999939
S;SUL;2007-05-26;22516.00000000;308.95999146;12500.00000000;171.52000427
SE;SUDESTE;2007-05-26;31057.00000000;107.98000336;26254.00000000;91.27999878
N;NORTE;2007-05-27;3791.00000000;44.47999954;3772.00000000;44.25999832
NE;NORDESTE;2007-05-27;3511.00000000;49.43000031;3511.00000000;49.43000031
S;SUL;2007-05-27;20364.00000000;279.42999268;8738.00000000;119.90000153
SE;SUDESTE;2007-05-27;31157.00000000;108.33000183;26764.00000000;93.05000305
N;NORTE;2007-05-28;3729.00000000;43.75000000;3715.00000000;43.59000015
NE;NORDESTE;2007-05-28;3458.00000000;48.68999863;3458.00000000;48.68999863
S;SUL;2007-05-28;18300.00000000;251.11000061;11098.00000000;152.27999878
SE;SUDESTE;2007-05-28;30961.00000000;107.65000153;28869.00000000;100.37000275
N;NORTE;2007-05-29;3577.00000000;41.97000122;3573.00000000;41.91999817
NE;NORDESTE;2007-05-29;3408.00000000;47.97999954;3408.00000000;47.97999954
S;SUL;2007-05-29;16584.00000000;227.55999756;11741.00000000;161.11000061
SE;SUDESTE;2007-05-29;30613.00000000;106.44000244;29642.00000000;103.05999756
N;NORTE;2007-05-30;3498.00000000;41.04000092;3494.00000000;40.99000168
NE;NORDESTE;2007-05-30;3367.00000000;47.40999985;3367.00000000;47.40999985
S;SUL;2007-05-30;15318.00000000;210.19000244;11476.00000000;157.47000122
SE;SUDESTE;2007-05-30;29980.00000000;104.23000336;29487.00000000;102.51999664
N;NORTE;2007-05-31;3367.00000000;39.50000000;3358.00000000;39.40000153
NE;NORDESTE;2007-05-31;3368.00000000;47.41999817;3368.00000000;47.41999817
S;SUL;2007-05-31;14585.00000000;200.13000488;10112.00000000;138.75000000
SE;SUDESTE;2007-05-31;29125.00000000;101.26000214;28336.00000000;98.51999664
N;NORTE;2007-06-01;3364.00000000;84.08999634;3345.00000000;83.61000061
NE;NORDESTE;2007-06-01;3365.00000000;71.73000336;3365.00000000;71.73000336
S;SUL;2007-06-01;14349.00000000;161.77000427;9727.00000000;109.66000366
SE;SUDESTE;2007-06-01;28369.00000000;114.09999847;27307.00000000;109.83000183
N;NORTE;2007-06-02;3366.00000000;84.13999939;3344.00000000;83.58999634
NE;NORDESTE;2007-06-02;3522.00000000;75.06999969;3522.00000000;75.06999969
S;SUL;2007-06-02;14435.00000000;162.74000549;9719.00000000;109.56999969
SE;SUDESTE;2007-06-02;27870.00000000;112.09999847;27101.00000000;109.00000000
N;NORTE;2007-06-03;3388.00000000;84.69000244;3366.00000000;84.13999939
NE;NORDESTE;2007-06-03;3780.00000000;80.56999969;3780.00000000;80.56999969
S;SUL;2007-06-03;13673.00000000;154.14999390;10633.00000000;119.87999725
SE;SUDESTE;2007-06-03;27395.00000000;110.19000244;25882.00000000;104.09999847
N;NORTE;2007-06-04;3460.00000000;86.48999786;3440.00000000;85.98999786
NE;NORDESTE;2007-06-04;4012.00000000;85.51999664;4012.00000000;85.51999664
S;SUL;2007-06-04;12952.00000000;146.02000427;10675.00000000;120.34999847
SE;SUDESTE;2007-06-04;27084.00000000;108.93000031;26418.00000000;106.26000214
N;NORTE;2007-06-05;3496.00000000;87.38999939;3475.00000000;86.86000061
NE;NORDESTE;2007-06-05;4147.00000000;88.38999939;4147.00000000;88.38999939
S;SUL;2007-06-05;12013.00000000;135.44000244;10101.00000000;113.87999725
SE;SUDESTE;2007-06-05;26738.00000000;107.54000092;26566.00000000;106.84999847
N;NORTE;2007-06-06;3448.00000000;86.19000244;3428.00000000;85.69000244
NE;NORDESTE;2007-06-06;4106.00000000;87.51999664;4106.00000000;87.51999664
S;SUL;2007-06-06;11201.00000000;126.27999878;10454.00000000;117.86000061
SE;SUDESTE;2007-06-06;26541.00000000;106.75000000;26371.00000000;106.06999969
N;NORTE;2007-06-07;3389.00000000;84.70999908;3372.00000000;84.29000092
NE;NORDESTE;2007-06-07;4099.00000000;87.37000275;4099.00000000;87.37000275
S;SUL;2007-06-07;10417.00000000;117.44000244;9938.00000000;112.04000092
SE;SUDESTE;2007-06-07;26208.00000000;105.41000366;24959.00000000;100.38999939
N;NORTE;2007-06-08;3282.00000000;82.04000092;3268.00000000;81.69000244
NE;NORDESTE;2007-06-08;4102.00000000;87.43000031;4102.00000000;87.43000031
S;SUL;2007-06-08;9548.00000000;107.63999939;9295.00000000;104.79000092
SE;SUDESTE;2007-06-08;25702.00000000;103.37999725;24233.00000000;97.47000122
N;NORTE;2007-06-09;3120.00000000;77.98999786;3110.00000000;77.73999786
NE;NORDESTE;2007-06-09;4107.00000000;87.54000092;4107.00000000;87.54000092
S;SUL;2007-06-09;8594.00000000;96.88999939;8526.00000000;96.12000275
SE;SUDESTE;2007-06-09;25226.00000000;101.45999908;23521.00000000;94.59999847
N;NORTE;2007-06-10;2905.00000000;72.61000061;2897.00000000;72.41000366
NE;NORDESTE;2007-06-10;4080.00000000;86.97000122;4080.00000000;86.97000122
S;SUL;2007-06-10;7730.00000000;87.15000153;7689.00000000;86.69000244
SE;SUDESTE;2007-06-10;24805.00000000;99.76999664;22517.00000000;90.56999969
N;NORTE;2007-06-11;2800.00000000;69.98999786;2793.00000000;69.81999969
NE;NORDESTE;2007-06-11;4077.00000000;86.90000153;4077.00000000;86.90000153
S;SUL;2007-06-11;6811.00000000;76.79000092;6775.00000000;76.37999725
SE;SUDESTE;2007-06-11;24397.00000000;98.12999725;23677.00000000;95.23000336
N;NORTE;2007-06-12;2657.00000000;66.41999817;2650.00000000;66.23999786
NE;NORDESTE;2007-06-12;4067.00000000;86.69000244;4067.00000000;86.69000244
S;SUL;2007-06-12;6196.00000000;69.84999847;6163.00000000;69.48000336
SE;SUDESTE;2007-06-12;23944.00000000;96.30999756;23680.00000000;95.23999786
N;NORTE;2007-06-13;2555.00000000;63.86999893;2549.00000000;63.72000122
NE;NORDESTE;2007-06-13;4035.00000000;86.01000214;4035.00000000;86.01000214
S;SUL;2007-06-13;5613.00000000;63.27999878;5583.00000000;62.93999863
SE;SUDESTE;2007-06-13;23698.00000000;95.31999969;23445.00000000;94.30000305
N;NORTE;2007-06-14;2500.00000000;62.49000168;2488.00000000;62.18999863
NE;NORDESTE;2007-06-14;4030.00000000;85.90000153;4030.00000000;85.90000153
S;SUL;2007-06-14;5212.00000000;58.75999832;5184.00000000;58.43999863
SE;SUDESTE;2007-06-14;23402.00000000;94.12999725;23241.00000000;93.48000336
N;NORTE;2007-06-15;2457.00000000;61.41999817;2440.00000000;60.99000168
NE;NORDESTE;2007-06-15;4004.00000000;85.34999847;4004.00000000;85.34999847
S;SUL;2007-06-15;4855.00000000;54.74000168;4830.00000000;54.45000076
SE;SUDESTE;2007-06-15;23124.00000000;93.01000214;22979.00000000;92.41999817
N;NORTE;2007-06-16;2451.00000000;61.27000046;2435.00000000;60.86999893
NE;NORDESTE;2007-06-16;3974.00000000;84.70999908;3974.00000000;84.70999908
S;SUL;2007-06-16;4721.00000000;53.22000122;4698.00000000;52.97000122
SE;SUDESTE;2007-06-16;22904.00000000;92.12000275;22738.00000000;91.44999695
N;NORTE;2007-06-17;2480.00000000;61.99000168;2464.00000000;61.59000015
NE;NORDESTE;2007-06-17;3942.00000000;84.01999664;3942.00000000;84.01999664
S;SUL;2007-06-17;4657.00000000;52.50000000;4635.00000000;52.25999832
SE;SUDESTE;2007-06-17;22645.00000000;91.08000183;22507.00000000;90.52999878
N;NORTE;2007-06-18;2489.00000000;62.22000122;2468.00000000;61.68999863
NE;NORDESTE;2007-06-18;3883.00000000;82.76999664;3883.00000000;82.76999664
S;SUL;2007-06-18;4592.00000000;51.77000046;4573.00000000;51.56000137
SE;SUDESTE;2007-06-18;22474.00000000;90.38999939;22351.00000000;89.90000153
N;NORTE;2007-06-19;2418.00000000;60.43999863;2396.00000000;59.88999939
NE;NORDESTE;2007-06-19;3818.00000000;81.37999725;3818.00000000;81.37999725
S;SUL;2007-06-19;4538.00000000;51.15999985;4523.00000000;50.99000168
SE;SUDESTE;2007-06-19;22316.00000000;89.76000214;22052.00000000;88.69999695
N;NORTE;2007-06-20;2367.00000000;59.16999817;2348.00000000;58.68999863
NE;NORDESTE;2007-06-20;3749.00000000;79.91000366;3749.00000000;79.91000366
S;SUL;2007-06-20;4340.00000000;48.93000031;4328.00000000;48.79000092
SE;SUDESTE;2007-06-20;22013.00000000;88.54000092;21772.00000000;87.56999969
N;NORTE;2007-06-21;2304.00000000;57.59000015;2291.00000000;57.27000046
NE;NORDESTE;2007-06-21;3719.00000000;79.26999664;3719.00000000;79.26999664
S;SUL;2007-06-21;4075.00000000;45.93999863;4064.00000000;45.81999969
SE;SUDESTE;2007-06-21;21648.00000000;87.06999969;21361.00000000;85.91999817
N;NORTE;2007-06-22;2118.00000000;52.93999863;2115.00000000;52.86999893
NE;NORDESTE;2007-06-22;3688.00000000;78.61000061;3688.00000000;78.61000061
S;SUL;2007-06-22;3826.00000000;43.13000107;3817.00000000;43.02999878
SE;SUDESTE;2007-06-22;21241.00000000;85.43000031;21009.00000000;84.50000000
N;NORTE;2007-06-23;2048.00000000;51.18999863;2048.00000000;51.18999863
NE;NORDESTE;2007-06-23;3717.00000000;79.23000336;3717.00000000;79.23000336
S;SUL;2007-06-23;3599.00000000;40.58000183;3593.00000000;40.50999832
SE;SUDESTE;2007-06-23;20908.00000000;84.08999634;20646.00000000;83.04000092
N;NORTE;2007-06-24;1952.00000000;48.79000092;1952.00000000;48.79000092
NE;NORDESTE;2007-06-24;3752.00000000;79.97000122;3752.00000000;79.97000122
S;SUL;2007-06-24;3467.00000000;39.09000015;3460.00000000;39.00999832
SE;SUDESTE;2007-06-24;20665.00000000;83.12000275;20369.00000000;81.93000031
N;NORTE;2007-06-25;1914.00000000;47.84000015;1914.00000000;47.84000015
NE;NORDESTE;2007-06-25;3770.00000000;80.36000061;3770.00000000;80.36000061
S;SUL;2007-06-25;3425.00000000;38.61000061;3418.00000000;38.52999878
SE;SUDESTE;2007-06-25;20496.00000000;82.44000244;20324.00000000;81.75000000
N;NORTE;2007-06-26;1887.00000000;47.16999817;1887.00000000;47.16999817
NE;NORDESTE;2007-06-26;3783.00000000;80.63999939;3783.00000000;80.63999939
S;SUL;2007-06-26;3498.00000000;39.43999863;3492.00000000;39.36999893
SE;SUDESTE;2007-06-26;20257.00000000;81.48000336;20112.00000000;80.88999939
N;NORTE;2007-06-27;1932.00000000;48.29000092;1932.00000000;48.29000092
NE;NORDESTE;2007-06-27;3730.00000000;79.51000214;3730.00000000;79.51000214
S;SUL;2007-06-27;3514.00000000;39.61999893;3507.00000000;39.54000092
SE;SUDESTE;2007-06-27;20151.00000000;81.05000305;19959.00000000;80.27999878
N;NORTE;2007-06-28;1907.00000000;47.66999817;1907.00000000;47.66999817
NE;NORDESTE;2007-06-28;3683.00000000;78.50000000;3683.00000000;78.50000000
S;SUL;2007-06-28;3574.00000000;40.29000092;3567.00000000;40.20999908
SE;SUDESTE;2007-06-28;19969.00000000;80.31999969;19700.00000000;79.23999786
N;NORTE;2007-06-29;1941.00000000;48.52000046;1941.00000000;48.52000046
NE;NORDESTE;2007-06-29;3647.00000000;77.73999786;3647.00000000;77.73999786
S;SUL;2007-06-29;3511.00000000;39.58000183;3505.00000000;39.52000046
SE;SUDESTE;2007-06-29;19792.00000000;79.61000061;19497.00000000;78.41999817
N;NORTE;2007-06-30;1884.00000000;47.09000015;1884.00000000;47.09000015
NE;NORDESTE;2007-06-30;3617.00000000;77.09999847;3617.00000000;77.09999847
S;SUL;2007-06-30;3298.00000000;37.18000031;3292.00000000;37.11000061
SE;SUDESTE;2007-06-30;19833.00000000;79.76999664;19607.00000000;78.86000061
N;NORTE;2007-07-01;1802.00000000;78.27999878;1802.00000000;78.27999878
NE;NORDESTE;2007-07-01;3556.00000000;91.90000153;3556.00000000;91.90000153
S;SUL;2007-07-01;3127.00000000;33.84000015;3120.00000000;33.75999832
SE;SUDESTE;2007-07-01;19883.00000000;96.72000122;19747.00000000;96.05999756
N;NORTE;2007-07-02;1749.00000000;75.98000336;1749.00000000;75.98000336
NE;NORDESTE;2007-07-02;3420.00000000;88.37999725;3420.00000000;88.37999725
S;SUL;2007-07-02;3072.00000000;33.24000168;3065.00000000;33.16999817
SE;SUDESTE;2007-07-02;19879.00000000;96.69999695;19743.00000000;96.04000092
N;NORTE;2007-07-03;1749.00000000;75.98000336;1749.00000000;75.98000336
NE;NORDESTE;2007-07-03;3035.00000000;78.43000031;3035.00000000;78.43000031
S;SUL;2007-07-03;3098.00000000;33.52999878;3091.00000000;33.45000076
SE;SUDESTE;2007-07-03;19845.00000000;96.52999878;19612.00000000;95.40000153
N;NORTE;2007-07-04;1735.00000000;75.37000275;1735.00000000;75.37000275
NE;NORDESTE;2007-07-04;3034.00000000;78.41000366;3034.00000000;78.41000366
S;SUL;2007-07-04;3107.00000000;33.61999893;3101.00000000;33.56000137
SE;SUDESTE;2007-07-04;19734.00000000;95.98999786;19525.00000000;94.98000336
N;NORTE;2007-07-05;1770.00000000;76.88999939;1767.00000000;76.76000214
NE;NORDESTE;2007-07-05;3024.00000000;78.15000153;3024.00000000;78.15000153
S;SUL;2007-07-05;2976.00000000;32.20999908;2969.00000000;32.13000107
SE;SUDESTE;2007-07-05;19402.00000000;94.37999725;19264.00000000;93.70999908
N;NORTE;2007-07-06;1778.00000000;77.23999786;1773.00000000;77.01999664
NE;NORDESTE;2007-07-06;2986.00000000;77.16999817;2986.00000000;77.16999817
S;SUL;2007-07-06;2863.00000000;30.97999954;2854.00000000;30.88999939
SE;SUDESTE;2007-07-06;19226.00000000;93.51999664;19095.00000000;92.87999725
N;NORTE;2007-07-07;1742.00000000;75.68000031;1737.00000000;75.45999908
NE;NORDESTE;2007-07-07;2982.00000000;77.05999756;2982.00000000;77.05999756
S;SUL;2007-07-07;3183.00000000;34.45000076;3176.00000000;34.36999893
SE;SUDESTE;2007-07-07;18911.00000000;91.98999786;18772.00000000;91.30999756
N;NORTE;2007-07-08;1708.00000000;74.19999695;1700.00000000;73.84999847
NE;NORDESTE;2007-07-08;3000.00000000;77.52999878;3000.00000000;77.52999878
S;SUL;2007-07-08;4750.00000000;51.40000153;4743.00000000;51.33000183
SE;SUDESTE;2007-07-08;18555.00000000;90.26000214;18417.00000000;89.58999634
N;NORTE;2007-07-09;1663.00000000;72.25000000;1649.00000000;71.63999939
NE;NORDESTE;2007-07-09;3061.00000000;79.09999847;3061.00000000;79.09999847
S;SUL;2007-07-09;12091.00000000;130.83999634;11969.00000000;129.52000427
SE;SUDESTE;2007-07-09;18311.00000000;89.06999969;18121.00000000;88.15000153
N;NORTE;2007-07-10;1660.00000000;72.11000061;1641.00000000;71.29000092
NE;NORDESTE;2007-07-10;3068.00000000;79.29000092;3068.00000000;79.29000092
S;SUL;2007-07-10;21198.00000000;229.39999390;18735.00000000;202.74000549
SE;SUDESTE;2007-07-10;18214.00000000;88.59999847;17948.00000000;87.30000305
N;NORTE;2007-07-11;1617.00000000;70.25000000;1603.00000000;69.63999939
NE;NORDESTE;2007-07-11;3051.00000000;78.84999847;3051.00000000;78.84999847
S;SUL;2007-07-11;14520.00000000;157.13000488;13079.00000000;141.53999329
SE;SUDESTE;2007-07-11;18035.00000000;87.73000336;17788.00000000;86.52999878
N;NORTE;2007-07-12;1608.00000000;69.86000061;1602.00000000;69.59999847
NE;NORDESTE;2007-07-12;3070.00000000;79.33999634;3070.00000000;79.33999634
S;SUL;2007-07-12;10798.00000000;116.84999847;10191.00000000;110.27999878
SE;SUDESTE;2007-07-12;17947.00000000;87.30000305;17681.00000000;86.01000214
N;NORTE;2007-07-13;1527.00000000;66.33999634;1523.00000000;66.16000366
NE;NORDESTE;2007-07-13;3076.00000000;79.48999786;3076.00000000;79.48999786
S;SUL;2007-07-13;9492.00000000;102.72000122;8918.00000000;96.51000214
SE;SUDESTE;2007-07-13;18003.00000000;87.56999969;17751.00000000;86.34999847
N;NORTE;2007-07-14;1559.00000000;67.73000336;1559.00000000;67.73000336
NE;NORDESTE;2007-07-14;3080.00000000;79.59999847;3080.00000000;79.59999847
S;SUL;2007-07-14;8899.00000000;96.30000305;8268.00000000;89.47000122
SE;SUDESTE;2007-07-14;18229.00000000;88.66999817;17979.00000000;87.45999908
N;NORTE;2007-07-15;1504.00000000;65.33999634;1504.00000000;65.33999634
NE;NORDESTE;2007-07-15;3050.00000000;78.81999969;3050.00000000;78.81999969
S;SUL;2007-07-15;8293.00000000;89.73999786;7699.00000000;83.31999969
SE;SUDESTE;2007-07-15;18677.00000000;90.84999847;18495.00000000;89.97000122
N;NORTE;2007-07-16;1507.00000000;65.47000122;1507.00000000;65.47000122
NE;NORDESTE;2007-07-16;3052.00000000;78.87000275;3052.00000000;78.87000275
S;SUL;2007-07-16;7165.00000000;77.54000092;6780.00000000;73.37000275
SE;SUDESTE;2007-07-16;20264.00000000;98.56999969;20109.00000000;97.81999969
N;NORTE;2007-07-17;1466.00000000;63.68999863;1466.00000000;63.68999863
NE;NORDESTE;2007-07-17;3044.00000000;78.66999817;3044.00000000;78.66999817
S;SUL;2007-07-17;7214.00000000;78.06999969;7029.00000000;76.06999969
SE;SUDESTE;2007-07-17;21191.00000000;103.08000183;21011.00000000;102.19999695
N;NORTE;2007-07-18;1495.00000000;64.94999695;1495.00000000;64.94999695
NE;NORDESTE;2007-07-18;3038.00000000;78.51000214;3038.00000000;78.51000214
S;SUL;2007-07-18;8495.00000000;91.93000031;8050.00000000;87.11000061
SE;SUDESTE;2007-07-18;22180.00000000;107.88999939;22015.00000000;107.08999634
N;NORTE;2007-07-19;1494.00000000;64.90000153;1494.00000000;64.90000153
NE;NORDESTE;2007-07-19;3013.00000000;77.86000061;3013.00000000;77.86000061
S;SUL;2007-07-19;9009.00000000;97.48999786;8567.00000000;92.70999908
SE;SUDESTE;2007-07-19;22870.00000000;111.25000000;22727.00000000;110.55000305
N;NORTE;2007-07-20;1513.00000000;65.73000336;1513.00000000;65.73000336
NE;NORDESTE;2007-07-20;3018.00000000;77.98999786;3018.00000000;77.98999786
S;SUL;2007-07-20;7334.00000000;79.37000275;7247.00000000;78.41999817
SE;SUDESTE;2007-07-20;23269.00000000;113.19000244;23145.00000000;112.58000183
N;NORTE;2007-07-21;1520.00000000;66.02999878;1520.00000000;66.02999878
NE;NORDESTE;2007-07-21;3015.00000000;77.91999817;3015.00000000;77.91999817
S;SUL;2007-07-21;6801.00000000;73.59999847;6794.00000000;73.51999664
SE;SUDESTE;2007-07-21;23478.00000000;114.19999695;23257.00000000;113.12999725
N;NORTE;2007-07-22;1549.00000000;67.29000092;1549.00000000;67.29000092
NE;NORDESTE;2007-07-22;2981.00000000;77.04000092;2981.00000000;77.04000092
S;SUL;2007-07-22;18155.00000000;196.47000122;15279.00000000;165.33999634
SE;SUDESTE;2007-07-22;23675.00000000;115.16000366;23486.00000000;114.23999786
N;NORTE;2007-07-23;1515.00000000;65.81999969;1515.00000000;65.81999969
NE;NORDESTE;2007-07-23;2986.00000000;77.16999817;2986.00000000;77.16999817
S;SUL;2007-07-23;31195.00000000;337.57998657;10227.00000000;110.66999817
SE;SUDESTE;2007-07-23;24111.00000000;117.27999878;23880.00000000;116.16000366
N;NORTE;2007-07-24;1431.00000000;62.16999817;1431.00000000;62.16999817
NE;NORDESTE;2007-07-24;2995.00000000;77.40000153;2995.00000000;77.40000153
S;SUL;2007-07-24;18121.00000000;196.10000610;11074.00000000;119.83999634
SE;SUDESTE;2007-07-24;25543.00000000;124.25000000;25326.00000000;123.19000244
N;NORTE;2007-07-25;1382.00000000;60.04000092;1382.00000000;60.04000092
NE;NORDESTE;2007-07-25;2973.00000000;76.83000183;2973.00000000;76.83000183
S;SUL;2007-07-25;14881.00000000;161.03999329;10748.00000000;116.30999756
SE;SUDESTE;2007-07-25;29036.00000000;141.24000549;28685.00000000;139.52999878
N;NORTE;2007-07-26;1353.00000000;58.77999878;1353.00000000;58.77999878
NE;NORDESTE;2007-07-26;2974.00000000;76.86000061;2974.00000000;76.86000061
S;SUL;2007-07-26;12976.00000000;140.41999817;10038.00000000;108.62999725
SE;SUDESTE;2007-07-26;30454.00000000;148.13999939;29733.00000000;144.63000488
N;NORTE;2007-07-27;1345.00000000;58.43000031;1345.00000000;58.43000031
NE;NORDESTE;2007-07-27;2940.00000000;75.98000336;2940.00000000;75.98000336
S;SUL;2007-07-27;10921.00000000;118.18000031;9823.00000000;106.30000305
SE;SUDESTE;2007-07-27;31665.00000000;154.02999878;30918.00000000;150.38999939
N;NORTE;2007-07-28;1352.00000000;58.72999954;1352.00000000;58.72999954
NE;NORDESTE;2007-07-28;2933.00000000;75.80000305;2933.00000000;75.80000305
S;SUL;2007-07-28;9603.00000000;103.91999817;9328.00000000;100.94000244
SE;SUDESTE;2007-07-28;32501.00000000;158.08999634;31759.00000000;154.49000549
N;NORTE;2007-07-29;1364.00000000;59.25999832;1364.00000000;59.25999832
NE;NORDESTE;2007-07-29;2923.00000000;75.54000092;2923.00000000;75.54000092
S;SUL;2007-07-29;8743.00000000;94.61000061;8527.00000000;92.27999878
SE;SUDESTE;2007-07-29;32569.00000000;158.42999268;29779.00000000;144.85000610
N;NORTE;2007-07-30;1403.00000000;60.95000076;1403.00000000;60.95000076
NE;NORDESTE;2007-07-30;2929.00000000;75.69000244;2929.00000000;75.69000244
S;SUL;2007-07-30;8119.00000000;87.86000061;8054.00000000;87.16000366
SE;SUDESTE;2007-07-30;31410.00000000;152.78999329;29587.00000000;143.91999817
N;NORTE;2007-07-31;1380.00000000;59.95000076;1380.00000000;59.95000076
NE;NORDESTE;2007-07-31;2931.00000000;75.75000000;2931.00000000;75.75000000
S;SUL;2007-07-31;7761.00000000;83.98999786;7743.00000000;83.79000092
SE;SUDESTE;2007-07-31;29889.00000000;145.38999939;29041.00000000;141.25999451
N;NORTE;2007-08-01;1360.00000000;84.23000336;1360.00000000;84.23000336
NE;NORDESTE;2007-08-01;2942.00000000;87.18000031;2942.00000000;87.18000031
S;SUL;2007-08-01;7445.00000000;88.69999695;7439.00000000;88.62000275
SE;SUDESTE;2007-08-01;28360.00000000;165.52999878;27984.00000000;163.33000183
N;NORTE;2007-08-02;1321.00000000;81.80999756;1321.00000000;81.80999756
NE;NORDESTE;2007-08-02;2947.00000000;87.33000183;2947.00000000;87.33000183
S;SUL;2007-08-02;8608.00000000;102.55000305;8576.00000000;102.16999817
SE;SUDESTE;2007-08-02;26794.00000000;156.38999939;26585.00000000;155.16999817
N;NORTE;2007-08-03;1319.00000000;81.69000244;1319.00000000;81.69000244
NE;NORDESTE;2007-08-03;3011.00000000;89.23000336;3011.00000000;89.23000336
S;SUL;2007-08-03;15589.00000000;185.72000122;10094.00000000;120.25000000
SE;SUDESTE;2007-08-03;25529.00000000;149.00000000;25355.00000000;147.99000549
N;NORTE;2007-08-04;1271.00000000;78.72000122;1271.00000000;78.72000122
NE;NORDESTE;2007-08-04;3048.00000000;90.33000183;3048.00000000;90.33000183
S;SUL;2007-08-04;12219.00000000;145.57000732;8122.00000000;96.76000214
SE;SUDESTE;2007-08-04;24556.00000000;143.32000732;23446.00000000;136.83999634
N;NORTE;2007-08-05;1261.00000000;78.09999847;1261.00000000;78.09999847
NE;NORDESTE;2007-08-05;3081.00000000;91.30000305;3081.00000000;91.30000305
S;SUL;2007-08-05;9357.00000000;111.47000122;8077.00000000;96.22000122
SE;SUDESTE;2007-08-05;23677.00000000;138.19000244;22923.00000000;133.78999329
N;NORTE;2007-08-06;1238.00000000;76.66999817;1238.00000000;76.66999817
NE;NORDESTE;2007-08-06;3112.00000000;92.22000122;3112.00000000;92.22000122
S;SUL;2007-08-06;7948.00000000;94.69000244;7087.00000000;84.43000031
SE;SUDESTE;2007-08-06;22675.00000000;132.33999634;22532.00000000;131.50999451
N;NORTE;2007-08-07;1229.00000000;76.11000061;1229.00000000;76.11000061
NE;NORDESTE;2007-08-07;3133.00000000;92.83999634;3133.00000000;92.83999634
S;SUL;2007-08-07;7196.00000000;85.73000336;7006.00000000;83.47000122
SE;SUDESTE;2007-08-07;21684.00000000;126.55999756;21508.00000000;125.52999878
N;NORTE;2007-08-08;1180.00000000;73.08000183;1180.00000000;73.08000183
NE;NORDESTE;2007-08-08;3116.00000000;92.33999634;3116.00000000;92.33999634
S;SUL;2007-08-08;6667.00000000;79.43000031;6607.00000000;78.70999908
SE;SUDESTE;2007-08-08;20698.00000000;120.80999756;20627.00000000;120.38999939
N;NORTE;2007-08-09;1156.00000000;71.58999634;1156.00000000;71.58999634
NE;NORDESTE;2007-08-09;3107.00000000;92.06999969;3107.00000000;92.06999969
S;SUL;2007-08-09;5972.00000000;71.15000153;5941.00000000;70.77999878
SE;SUDESTE;2007-08-09;19917.00000000;116.25000000;19827.00000000;115.72000122
N;NORTE;2007-08-10;1124.00000000;69.61000061;1124.00000000;69.61000061
NE;NORDESTE;2007-08-10;3092.00000000;91.62999725;3092.00000000;91.62999725
S;SUL;2007-08-10;5316.00000000;63.33000183;5286.00000000;62.97000122
SE;SUDESTE;2007-08-10;19267.00000000;112.44999695;19168.00000000;111.87999725
N;NORTE;2007-08-11;1096.00000000;67.87999725;1096.00000000;67.87999725
NE;NORDESTE;2007-08-11;3081.00000000;91.30000305;3081.00000000;91.30000305
S;SUL;2007-08-11;4939.00000000;58.84000015;4935.00000000;58.79000092
SE;SUDESTE;2007-08-11;18803.00000000;109.75000000;18652.00000000;108.86000061
N;NORTE;2007-08-12;1092.00000000;67.62999725;1092.00000000;67.62999725
NE;NORDESTE;2007-08-12;3071.00000000;91.01000214;3071.00000000;91.01000214
S;SUL;2007-08-12;4705.00000000;56.04999924;4702.00000000;56.02000046
SE;SUDESTE;2007-08-12;18422.00000000;107.51999664;18261.00000000;106.58000183
N;NORTE;2007-08-13;1102.00000000;68.25000000;1102.00000000;68.25000000
NE;NORDESTE;2007-08-13;3057.00000000;90.58999634;3057.00000000;90.58999634
S;SUL;2007-08-13;4665.00000000;55.58000183;4646.00000000;55.34999847
SE;SUDESTE;2007-08-13;18060.00000000;105.41000366;17982.00000000;104.94999695
N;NORTE;2007-08-14;1106.00000000;68.50000000;1106.00000000;68.50000000
NE;NORDESTE;2007-08-14;3034.00000000;89.91000366;3034.00000000;89.91000366
S;SUL;2007-08-14;4361.00000000;51.95000076;4353.00000000;51.86000061
SE;SUDESTE;2007-08-14;17646.00000000;102.98999786;17343.00000000;101.22000122
N;NORTE;2007-08-15;1105.00000000;68.43000031;1105.00000000;68.43000031
NE;NORDESTE;2007-08-15;3015.00000000;89.34999847;3015.00000000;89.34999847
S;SUL;2007-08-15;4138.00000000;49.29999924;4131.00000000;49.20999908
SE;SUDESTE;2007-08-15;17270.00000000;100.80000305;16878.00000000;98.51000214
N;NORTE;2007-08-16;1138.00000000;70.48000336;1138.00000000;70.48000336
NE;NORDESTE;2007-08-16;2969.00000000;87.98000336;2969.00000000;87.98000336
S;SUL;2007-08-16;3852.00000000;45.88999939;3845.00000000;45.81000137
SE;SUDESTE;2007-08-16;16937.00000000;98.84999847;16719.00000000;97.58000183
N;NORTE;2007-08-17;1103.00000000;68.30999756;1103.00000000;68.30999756
NE;NORDESTE;2007-08-17;2951.00000000;87.44999695;2951.00000000;87.44999695
S;SUL;2007-08-17;3630.00000000;43.25000000;3623.00000000;43.15999985
SE;SUDESTE;2007-08-17;16667.00000000;97.27999878;16518.00000000;96.41000366
N;NORTE;2007-08-18;1093.00000000;67.69000244;1093.00000000;67.69000244
NE;NORDESTE;2007-08-18;2932.00000000;86.88999939;2932.00000000;86.88999939
S;SUL;2007-08-18;3352.00000000;39.93000031;3345.00000000;39.84999847
SE;SUDESTE;2007-08-18;16423.00000000;95.84999847;16310.00000000;95.19000244
N;NORTE;2007-08-19;1106.00000000;68.50000000;1106.00000000;68.50000000
NE;NORDESTE;2007-08-19;2924.00000000;86.65000153;2924.00000000;86.65000153
S;SUL;2007-08-19;3241.00000000;38.61000061;3234.00000000;38.52999878
SE;SUDESTE;2007-08-19;16339.00000000;95.36000061;16276.00000000;95.00000000
N;NORTE;2007-08-20;1080.00000000;66.88999939;1080.00000000;66.88999939
NE;NORDESTE;2007-08-20;2920.00000000;86.52999878;2920.00000000;86.52999878
S;SUL;2007-08-20;3192.00000000;38.02999878;3185.00000000;37.93999863
SE;SUDESTE;2007-08-20;16251.00000000;94.84999847;16155.00000000;94.29000092
N;NORTE;2007-08-21;1060.00000000;65.65000153;1060.00000000;65.65000153
NE;NORDESTE;2007-08-21;2896.00000000;85.81999969;2896.00000000;85.81999969
S;SUL;2007-08-21;3244.00000000;38.65000153;3237.00000000;38.56000137
SE;SUDESTE;2007-08-21;16068.00000000;93.77999878;15861.00000000;92.56999969
N;NORTE;2007-08-22;1054.00000000;65.27999878;1054.00000000;65.27999878
NE;NORDESTE;2007-08-22;2891.00000000;85.66999817;2891.00000000;85.66999817
S;SUL;2007-08-22;3261.00000000;38.84999847;3254.00000000;38.77000046
SE;SUDESTE;2007-08-22;15773.00000000;92.05999756;15494.00000000;90.43000031
N;NORTE;2007-08-23;1028.00000000;63.66999817;1028.00000000;63.66999817
NE;NORDESTE;2007-08-23;2934.00000000;86.94999695;2934.00000000;86.94999695
S;SUL;2007-08-23;3189.00000000;37.99000168;3182.00000000;37.90999985
SE;SUDESTE;2007-08-23;15446.00000000;90.15000153;15280.00000000;89.18000031
N;NORTE;2007-08-24;1020.00000000;63.16999817;1020.00000000;63.16999817
NE;NORDESTE;2007-08-24;2928.00000000;86.76999664;2928.00000000;86.76999664
S;SUL;2007-08-24;3118.00000000;37.15000153;3113.00000000;37.09000015
SE;SUDESTE;2007-08-24;15084.00000000;88.04000092;14980.00000000;87.43000031
N;NORTE;2007-08-25;1044.00000000;64.66000366;1044.00000000;64.66000366
NE;NORDESTE;2007-08-25;2895.00000000;85.79000092;2895.00000000;85.79000092
S;SUL;2007-08-25;3075.00000000;36.63000107;3068.00000000;36.54999924
SE;SUDESTE;2007-08-25;14828.00000000;86.54000092;14598.00000000;85.19999695
N;NORTE;2007-08-26;1026.00000000;63.54000092;1026.00000000;63.54000092
NE;NORDESTE;2007-08-26;2907.00000000;86.15000153;2907.00000000;86.15000153
S;SUL;2007-08-26;3253.00000000;38.75000000;3246.00000000;38.66999817
SE;SUDESTE;2007-08-26;14671.00000000;85.62999725;14486.00000000;84.55000305
N;NORTE;2007-08-27;1027.00000000;63.59999847;1027.00000000;63.59999847
NE;NORDESTE;2007-08-27;2895.00000000;85.79000092;2895.00000000;85.79000092
S;SUL;2007-08-27;3410.00000000;40.61999893;3384.00000000;40.31000137
SE;SUDESTE;2007-08-27;14670.00000000;85.62000275;14566.00000000;85.01999664
N;NORTE;2007-08-28;1040.00000000;64.41000366;1040.00000000;64.41000366
NE;NORDESTE;2007-08-28;2889.00000000;85.61000061;2889.00000000;85.61000061
S;SUL;2007-08-28;3450.00000000;41.09999847;3421.00000000;40.75999832
SE;SUDESTE;2007-08-28;14659.00000000;85.55999756;14436.00000000;84.26000214
N;NORTE;2007-08-29;1008.00000000;62.43000031;1008.00000000;62.43000031
NE;NORDESTE;2007-08-29;2850.00000000;84.45999908;2850.00000000;84.45999908
S;SUL;2007-08-29;3281.00000000;39.09000015;3267.00000000;38.91999817
SE;SUDESTE;2007-08-29;14636.00000000;85.41999817;14401.00000000;84.05000305
N;NORTE;2007-08-30;965.00000000;59.75999832;965.00000000;59.75999832
NE;NORDESTE;2007-08-30;2833.00000000;83.94999695;2833.00000000;83.94999695
S;SUL;2007-08-30;3314.00000000;39.47999954;3307.00000000;39.40000153
SE;SUDESTE;2007-08-30;14598.00000000;85.19999695;14381.00000000;83.94000244
N;NORTE;2007-08-31;941.00000000;58.27999878;941.00000000;58.27999878
NE;NORDESTE;2007-08-31;2833.00000000;83.94999695;2833.00000000;83.94999695
S;SUL;2007-08-31;3498.00000000;41.66999817;3492.00000000;41.59999847
SE;SUDESTE;2007-08-31;14604.00000000;85.23999786;14439.00000000;84.26999664
N;NORTE;2007-09-01;903.00000000;70.75000000;903.00000000;70.75000000
NE;NORDESTE;2007-09-01;2767.00000000;91.73999786;2767.00000000;91.73999786
S;SUL;2007-09-01;5324.00000000;54.38999939;5317.00000000;54.31999969
SE;SUDESTE;2007-09-01;14608.00000000;85.97000122;14192.00000000;83.51999664
N;NORTE;2007-09-02;861.00000000;67.45999908;861.00000000;67.45999908
NE;NORDESTE;2007-09-02;2623.00000000;86.95999908;2623.00000000;86.95999908
S;SUL;2007-09-02;5724.00000000;58.47000122;5714.00000000;58.36999893
SE;SUDESTE;2007-09-02;14649.00000000;86.20999908;14200.00000000;83.55999756
N;NORTE;2007-09-03;829.00000000;64.94999695;829.00000000;64.94999695
NE;NORDESTE;2007-09-03;2478.00000000;82.15000153;2478.00000000;82.15000153
S;SUL;2007-09-03;5888.00000000;60.15000153;5875.00000000;60.02000046
SE;SUDESTE;2007-09-03;14674.00000000;86.34999847;14455.00000000;85.05999756
N;NORTE;2007-09-04;839.00000000;65.73000336;839.00000000;65.73000336
NE;NORDESTE;2007-09-04;2463.00000000;81.66000366;2445.00000000;81.05999756
S;SUL;2007-09-04;5212.00000000;53.24000168;5205.00000000;53.16999817
SE;SUDESTE;2007-09-04;14535.00000000;85.54000092;14220.00000000;83.68000031
N;NORTE;2007-09-05;843.00000000;66.05000305;843.00000000;66.05000305
NE;NORDESTE;2007-09-05;2412.00000000;79.97000122;2385.00000000;79.06999969
S;SUL;2007-09-05;4567.00000000;46.65000153;4560.00000000;46.58000183
SE;SUDESTE;2007-09-05;14309.00000000;84.20999908;14044.00000000;82.65000153
N;NORTE;2007-09-06;866.00000000;67.84999847;866.00000000;67.84999847
NE;NORDESTE;2007-09-06;2358.00000000;78.18000031;2358.00000000;78.18000031
S;SUL;2007-09-06;4056.00000000;41.43000031;4050.00000000;41.36999893
SE;SUDESTE;2007-09-06;14066.00000000;82.77999878;13849.00000000;81.50000000
N;NORTE;2007-09-07;904.00000000;70.83000183;904.00000000;70.83000183
NE;NORDESTE;2007-09-07;2302.00000000;76.31999969;2302.00000000;76.31999969
S;SUL;2007-09-07;3622.00000000;37.00000000;3616.00000000;36.93999863
SE;SUDESTE;2007-09-07;13879.00000000;81.68000031;13756.00000000;80.94999695
N;NORTE;2007-09-08;917.00000000;71.84999847;917.00000000;71.84999847
NE;NORDESTE;2007-09-08;2276.00000000;75.45999908;2276.00000000;75.45999908
S;SUL;2007-09-08;3319.00000000;33.90999985;3312.00000000;33.83000183
SE;SUDESTE;2007-09-08;13624.00000000;80.16999817;13367.00000000;78.66000366
N;NORTE;2007-09-09;919.00000000;72.00000000;919.00000000;72.00000000
NE;NORDESTE;2007-09-09;2208.00000000;73.19999695;2208.00000000;73.19999695
S;SUL;2007-09-09;3028.00000000;30.93000031;3021.00000000;30.86000061
SE;SUDESTE;2007-09-09;13461.00000000;79.22000122;13225.00000000;77.83000183
N;NORTE;2007-09-10;937.00000000;73.41000366;937.00000000;73.41000366
NE;NORDESTE;2007-09-10;2180.00000000;72.27999878;2180.00000000;72.27999878
S;SUL;2007-09-10;2863.00000000;29.25000000;2846.00000000;29.06999969
SE;SUDESTE;2007-09-10;13290.00000000;78.20999908;13177.00000000;77.54000092
N;NORTE;2007-09-11;946.00000000;74.12000275;946.00000000;74.12000275
NE;NORDESTE;2007-09-11;2141.00000000;70.98000336;2141.00000000;70.98000336
S;SUL;2007-09-11;2794.00000000;28.54000092;2773.00000000;28.32999992
SE;SUDESTE;2007-09-11;13142.00000000;77.33999634;12910.00000000;75.97000122
N;NORTE;2007-09-12;935.00000000;73.26000214;935.00000000;73.26000214
NE;NORDESTE;2007-09-12;2132.00000000;70.68000031;2132.00000000;70.68000031
S;SUL;2007-09-12;2635.00000000;26.92000008;2625.00000000;26.81999969
SE;SUDESTE;2007-09-12;13013.00000000;76.58000183;12822.00000000;75.45999908
N;NORTE;2007-09-13;930.00000000;72.86000061;930.00000000;72.86000061
NE;NORDESTE;2007-09-13;2185.00000000;72.44000244;2185.00000000;72.44000244
S;SUL;2007-09-13;2495.00000000;25.48999977;2484.00000000;25.37999916
SE;SUDESTE;2007-09-13;12921.00000000;76.04000092;12697.00000000;74.72000122
N;NORTE;2007-09-14;905.00000000;70.91000366;905.00000000;70.91000366
NE;NORDESTE;2007-09-14;2286.00000000;75.79000092;2286.00000000;75.79000092
S;SUL;2007-09-14;2296.00000000;23.45999908;2286.00000000;23.35000038
SE;SUDESTE;2007-09-14;12859.00000000;75.66999817;12602.00000000;74.16000366
N;NORTE;2007-09-15;864.00000000;67.69000244;864.00000000;67.69000244
NE;NORDESTE;2007-09-15;2372.00000000;78.63999939;2372.00000000;78.63999939
S;SUL;2007-09-15;2227.00000000;22.75000000;2219.00000000;22.67000008
SE;SUDESTE;2007-09-15;12875.00000000;75.76999664;12626.00000000;74.30000305
N;NORTE;2007-09-16;826.00000000;64.72000122;826.00000000;64.72000122
NE;NORDESTE;2007-09-16;2415.00000000;80.06999969;2415.00000000;80.06999969
S;SUL;2007-09-16;2276.00000000;23.25000000;2269.00000000;23.18000031
SE;SUDESTE;2007-09-16;12782.00000000;75.22000122;12587.00000000;74.06999969
N;NORTE;2007-09-17;789.00000000;61.81999969;789.00000000;61.81999969
NE;NORDESTE;2007-09-17;2308.00000000;76.51999664;2308.00000000;76.51999664
S;SUL;2007-09-17;2371.00000000;24.21999931;2364.00000000;24.14999962
SE;SUDESTE;2007-09-17;12645.00000000;74.41000366;12568.00000000;73.95999908
N;NORTE;2007-09-18;779.00000000;61.02999878;779.00000000;61.02999878
NE;NORDESTE;2007-09-18;2194.00000000;72.73999786;2194.00000000;72.73999786
S;SUL;2007-09-18;2613.00000000;26.69000053;2606.00000000;26.62000084
SE;SUDESTE;2007-09-18;12505.00000000;73.58999634;12302.00000000;72.38999939
N;NORTE;2007-09-19;791.00000000;61.97000122;791.00000000;61.97000122
NE;NORDESTE;2007-09-19;2115.00000000;70.12000275;2115.00000000;70.12000275
S;SUL;2007-09-19;2894.00000000;29.55999947;2888.00000000;29.50000000
SE;SUDESTE;2007-09-19;12293.00000000;72.33999634;12038.00000000;70.83999634
N;NORTE;2007-09-20;791.00000000;61.97000122;791.00000000;61.97000122
NE;NORDESTE;2007-09-20;2084.00000000;69.08999634;2084.00000000;69.08999634
S;SUL;2007-09-20;3793.00000000;38.75000000;3778.00000000;38.59000015
SE;SUDESTE;2007-09-20;11975.00000000;70.47000122;11760.00000000;69.20999908
N;NORTE;2007-09-21;832.00000000;65.19000244;832.00000000;65.19000244
NE;NORDESTE;2007-09-21;2094.00000000;69.41999817;2094.00000000;69.41999817
S;SUL;2007-09-21;6159.00000000;62.91999817;5816.00000000;59.40999985
SE;SUDESTE;2007-09-21;11766.00000000;69.23999786;11659.00000000;68.61000061
N;NORTE;2007-09-22;880.00000000;68.94999695;880.00000000;68.94999695
NE;NORDESTE;2007-09-22;2077.00000000;68.86000061;2077.00000000;68.86000061
S;SUL;2007-09-22;13722.00000000;140.17999268;12864.00000000;131.41000366
SE;SUDESTE;2007-09-22;11547.00000000;67.94999695;11446.00000000;67.36000061
N;NORTE;2007-09-23;914.00000000;71.61000061;914.00000000;71.61000061
NE;NORDESTE;2007-09-23;2083.00000000;69.05999756;2083.00000000;69.05999756
S;SUL;2007-09-23;21486.00000000;219.49000549;18744.00000000;191.47999573
SE;SUDESTE;2007-09-23;11420.00000000;67.19999695;11340.00000000;66.73000336
N;NORTE;2007-09-24;944.00000000;73.95999908;944.00000000;73.95999908
NE;NORDESTE;2007-09-24;2075.00000000;68.79000092;2075.00000000;68.79000092
S;SUL;2007-09-24;25490.00000000;260.39999390;19880.00000000;203.08999634
SE;SUDESTE;2007-09-24;11423.00000000;67.22000122;10510.00000000;61.84999847
N;NORTE;2007-09-25;986.00000000;77.25000000;986.00000000;77.25000000
NE;NORDESTE;2007-09-25;2067.00000000;68.52999878;2067.00000000;68.52999878
S;SUL;2007-09-25;16777.00000000;171.38999939;12135.00000000;123.97000122
SE;SUDESTE;2007-09-25;11604.00000000;68.29000092;9724.00000000;57.22000122
N;NORTE;2007-09-26;985.00000000;77.16999817;985.00000000;77.16999817
NE;NORDESTE;2007-09-26;2064.00000000;68.43000031;2064.00000000;68.43000031
S;SUL;2007-09-26;11907.00000000;121.63999939;8263.00000000;84.41000366
SE;SUDESTE;2007-09-26;11690.00000000;68.79000092;9805.00000000;57.70000076
N;NORTE;2007-09-27;951.00000000;74.51000214;951.00000000;74.51000214
NE;NORDESTE;2007-09-27;2030.00000000;67.30000305;2030.00000000;67.30000305
S;SUL;2007-09-27;9510.00000000;97.15000153;7871.00000000;80.41000366
SE;SUDESTE;2007-09-27;11860.00000000;69.79000092;10123.00000000;59.56999969
N;NORTE;2007-09-28;908.00000000;71.13999939;908.00000000;71.13999939
NE;NORDESTE;2007-09-28;2026.00000000;67.16999817;2026.00000000;67.16999817
S;SUL;2007-09-28;8527.00000000;87.11000061;7480.00000000;76.41000366
SE;SUDESTE;2007-09-28;12035.00000000;70.81999969;10596.00000000;62.36000061
N;NORTE;2007-09-29;851.00000000;66.66999817;851.00000000;66.66999817
NE;NORDESTE;2007-09-29;2026.00000000;67.16999817;2026.00000000;67.16999817
S;SUL;2007-09-29;7397.00000000;75.55999756;6688.00000000;68.31999969
SE;SUDESTE;2007-09-29;12217.00000000;71.88999939;11163.00000000;65.69000244
N;NORTE;2007-09-30;809.00000000;63.38000107;809.00000000;63.38000107
NE;NORDESTE;2007-09-30;2031.00000000;67.33999634;2031.00000000;67.33999634
S;SUL;2007-09-30;6410.00000000;65.48000336;6065.00000000;61.95999908
SE;SUDESTE;2007-09-30;12307.00000000;72.41999817;11037.00000000;64.94999695
N;NORTE;2007-10-01;826.00000000;57.90000153;826.00000000;57.90000153
NE;NORDESTE;2007-10-01;2007.00000000;60.97000122;2007.00000000;60.97000122
S;SUL;2007-10-01;5711.00000000;50.63999939;5463.00000000;48.43999863
SE;SUDESTE;2007-10-01;12397.00000000;61.04999924;11027.00000000;54.29999924
N;NORTE;2007-10-02;887.00000000;62.16999817;887.00000000;62.16999817
NE;NORDESTE;2007-10-02;1998.00000000;60.70000076;1998.00000000;60.70000076
S;SUL;2007-10-02;5099.00000000;45.22000122;4968.00000000;44.04999924
SE;SUDESTE;2007-10-02;12406.00000000;61.09000015;10682.00000000;52.59999847
N;NORTE;2007-10-03;930.00000000;65.19000244;930.00000000;65.19000244
NE;NORDESTE;2007-10-03;2042.00000000;62.04000092;2042.00000000;62.04000092
S;SUL;2007-10-03;4662.00000000;41.34000015;4600.00000000;40.79000092
SE;SUDESTE;2007-10-03;12331.00000000;60.72000122;10509.00000000;51.75000000
N;NORTE;2007-10-04;1016.00000000;71.22000122;1016.00000000;71.22000122
NE;NORDESTE;2007-10-04;2033.00000000;61.75999832;2033.00000000;61.75999832
S;SUL;2007-10-04;4347.00000000;38.54999924;4287.00000000;38.02000046
SE;SUDESTE;2007-10-04;12200.00000000;60.08000183;10388.00000000;51.15999985
N;NORTE;2007-10-05;1051.00000000;73.66999817;1051.00000000;73.66999817
NE;NORDESTE;2007-10-05;1999.00000000;60.72999954;1999.00000000;60.72999954
S;SUL;2007-10-05;4454.00000000;39.50000000;4282.00000000;37.97000122
SE;SUDESTE;2007-10-05;12030.00000000;59.24000168;9878.00000000;48.63999939
N;NORTE;2007-10-06;1031.00000000;72.26999664;1031.00000000;72.26999664
NE;NORDESTE;2007-10-06;1985.00000000;60.31000137;1985.00000000;60.31000137
S;SUL;2007-10-06;4049.00000000;35.90999985;3756.00000000;33.31000137
SE;SUDESTE;2007-10-06;11861.00000000;58.40999985;10066.00000000;49.56999969
N;NORTE;2007-10-07;960.00000000;67.29000092;960.00000000;67.29000092
NE;NORDESTE;2007-10-07;1948.00000000;59.18000031;1948.00000000;59.18000031
S;SUL;2007-10-07;3794.00000000;33.63999939;3510.00000000;31.12999916
SE;SUDESTE;2007-10-07;11704.00000000;57.63999939;10106.00000000;49.77000046
N;NORTE;2007-10-08;943.00000000;66.09999847;943.00000000;66.09999847
NE;NORDESTE;2007-10-08;1922.00000000;58.38999939;1922.00000000;58.38999939
S;SUL;2007-10-08;3997.00000000;35.43999863;3755.00000000;33.29999924
SE;SUDESTE;2007-10-08;11491.00000000;56.59000015;9864.00000000;48.58000183
N;NORTE;2007-10-09;908.00000000;63.65000153;908.00000000;63.65000153
NE;NORDESTE;2007-10-09;1881.00000000;57.15000153;1881.00000000;57.15000153
S;SUL;2007-10-09;3652.00000000;32.38000107;3438.00000000;30.48999977
SE;SUDESTE;2007-10-09;11188.00000000;55.09999847;9406.00000000;46.31999969
N;NORTE;2007-10-10;883.00000000;61.88999939;883.00000000;61.88999939
NE;NORDESTE;2007-10-10;1871.00000000;56.84000015;1871.00000000;56.84000015
S;SUL;2007-10-10;3763.00000000;33.36999893;3483.00000000;30.88999939
SE;SUDESTE;2007-10-10;10844.00000000;53.40000153;8881.00000000;43.72999954
N;NORTE;2007-10-11;886.00000000;62.09999847;886.00000000;62.09999847
NE;NORDESTE;2007-10-11;1840.00000000;55.90000153;1840.00000000;55.90000153
S;SUL;2007-10-11;3965.00000000;35.15999985;3679.00000000;32.61999893
SE;SUDESTE;2007-10-11;10502.00000000;51.72000122;8717.00000000;42.93000031
N;NORTE;2007-10-12;899.00000000;63.02000046;899.00000000;63.02000046
NE;NORDESTE;2007-10-12;1836.00000000;55.77999878;1836.00000000;55.77999878
S;SUL;2007-10-12;6051.00000000;53.65999985;5760.00000000;51.08000183
SE;SUDESTE;2007-10-12;10340.00000000;50.91999817;9163.00000000;45.11999893
N;NORTE;2007-10-13;901.00000000;63.15999985;901.00000000;63.15999985
NE;NORDESTE;2007-10-13;1828.00000000;55.54000092;1828.00000000;55.54000092
S;SUL;2007-10-13;8905.00000000;78.97000122;8592.00000000;76.19000244
SE;SUDESTE;2007-10-13;10412.00000000;51.27000046;9358.00000000;46.08000183
N;NORTE;2007-10-14;878.00000000;61.54000092;878.00000000;61.54000092
NE;NORDESTE;2007-10-14;1820.00000000;55.29000092;1820.00000000;55.29000092
S;SUL;2007-10-14;8583.00000000;76.11000061;8285.00000000;73.47000122
SE;SUDESTE;2007-10-14;10552.00000000;51.95999908;9500.00000000;46.77999878
N;NORTE;2007-10-15;880.00000000;61.68000031;880.00000000;61.68000031
NE;NORDESTE;2007-10-15;1794.00000000;54.50000000;1794.00000000;54.50000000
S;SUL;2007-10-15;9383.00000000;83.20999908;9113.00000000;80.80999756
SE;SUDESTE;2007-10-15;10655.00000000;52.47000122;9568.00000000;47.11999893
N;NORTE;2007-10-16;863.00000000;60.49000168;863.00000000;60.49000168
NE;NORDESTE;2007-10-16;1773.00000000;53.86999893;1773.00000000;53.86999893
S;SUL;2007-10-16;16928.00000000;150.11000061;15626.00000000;138.57000732
SE;SUDESTE;2007-10-16;10838.00000000;53.36999893;9054.00000000;44.59000015
N;NORTE;2007-10-17;863.00000000;60.49000168;863.00000000;60.49000168
NE;NORDESTE;2007-10-17;1732.00000000;52.61999893;1732.00000000;52.61999893
S;SUL;2007-10-17;21970.00000000;194.82000732;17018.00000000;150.91000366
SE;SUDESTE;2007-10-17;10951.00000000;53.93000031;9368.00000000;46.13000107
N;NORTE;2007-10-18;851.00000000;59.65000153;851.00000000;59.65000153
NE;NORDESTE;2007-10-18;1709.00000000;51.91999817;1709.00000000;51.91999817
S;SUL;2007-10-18;16984.00000000;150.61000061;13842.00000000;122.75000000
SE;SUDESTE;2007-10-18;11072.00000000;54.52000046;9466.00000000;46.61999893
N;NORTE;2007-10-19;837.00000000;58.66999817;837.00000000;58.66999817
NE;NORDESTE;2007-10-19;1702.00000000;51.70999908;1702.00000000;51.70999908
S;SUL;2007-10-19;13946.00000000;123.66999817;11329.00000000;100.45999908
SE;SUDESTE;2007-10-19;11282.00000000;55.56000137;9626.00000000;47.40000153
N;NORTE;2007-10-20;834.00000000;58.45999908;834.00000000;58.45999908
NE;NORDESTE;2007-10-20;1672.00000000;50.79999924;1672.00000000;50.79999924
S;SUL;2007-10-20;11865.00000000;105.22000122;10075.00000000;89.33999634
SE;SUDESTE;2007-10-20;11788.00000000;58.04999924;10356.00000000;51.00000000
N;NORTE;2007-10-21;830.00000000;58.18000031;830.00000000;58.18000031
NE;NORDESTE;2007-10-21;1641.00000000;49.84999847;1641.00000000;49.84999847
S;SUL;2007-10-21;10985.00000000;97.41000366;8751.00000000;77.59999847
SE;SUDESTE;2007-10-21;12408.00000000;61.09999847;10867.00000000;53.52000046
N;NORTE;2007-10-22;844.00000000;59.15999985;844.00000000;59.15999985
NE;NORDESTE;2007-10-22;1629.00000000;49.49000168;1629.00000000;49.49000168
S;SUL;2007-10-22;9844.00000000;87.29000092;8694.00000000;77.09999847
SE;SUDESTE;2007-10-22;13142.00000000;64.72000122;11780.00000000;58.00999832
N;NORTE;2007-10-23;846.00000000;59.29999924;846.00000000;59.29999924
NE;NORDESTE;2007-10-23;1611.00000000;48.93999863;1611.00000000;48.93999863
S;SUL;2007-10-23;8721.00000000;77.33999634;7932.00000000;70.33999634
SE;SUDESTE;2007-10-23;13949.00000000;68.69000244;12470.00000000;61.40999985
N;NORTE;2007-10-24;861.00000000;60.34999847;861.00000000;60.34999847
NE;NORDESTE;2007-10-24;1603.00000000;48.70000076;1603.00000000;48.70000076
S;SUL;2007-10-24;7755.00000000;68.76999664;7093.00000000;62.90000153
SE;SUDESTE;2007-10-24;15110.00000000;74.41000366;13377.00000000;65.87999725
N;NORTE;2007-10-25;858.00000000;60.13999939;858.00000000;60.13999939
NE;NORDESTE;2007-10-25;1590.00000000;48.31000137;1590.00000000;48.31000137
S;SUL;2007-10-25;7062.00000000;62.61999893;6519.00000000;57.81000137
SE;SUDESTE;2007-10-25;15994.00000000;78.76000214;14448.00000000;71.15000153
N;NORTE;2007-10-26;868.00000000;60.84000015;868.00000000;60.84000015
NE;NORDESTE;2007-10-26;1908.00000000;57.97000122;1908.00000000;57.97000122
S;SUL;2007-10-26;6327.00000000;56.11000061;5889.00000000;52.22000122
SE;SUDESTE;2007-10-26;16837.00000000;82.91000366;15466.00000000;76.16000366
N;NORTE;2007-10-27;843.00000000;59.09000015;843.00000000;59.09000015
NE;NORDESTE;2007-10-27;1830.00000000;55.59999847;1830.00000000;55.59999847
S;SUL;2007-10-27;5572.00000000;49.40999985;5279.00000000;46.81000137
SE;SUDESTE;2007-10-27;17475.00000000;86.05999756;16149.00000000;79.52999878
N;NORTE;2007-10-28;862.00000000;60.41999817;862.00000000;60.41999817
NE;NORDESTE;2007-10-28;1951.00000000;59.27000046;1951.00000000;59.27000046
S;SUL;2007-10-28;5291.00000000;46.91999817;5024.00000000;44.54999924
SE;SUDESTE;2007-10-28;17685.00000000;87.08999634;16420.00000000;80.86000061
N;NORTE;2007-10-29;872.00000000;61.11999893;872.00000000;61.11999893
NE;NORDESTE;2007-10-29;1643.00000000;49.91999817;1643.00000000;49.91999817
S;SUL;2007-10-29;6841.00000000;60.65999985;6414.00000000;56.88000107
SE;SUDESTE;2007-10-29;17842.00000000;87.86000061;17218.00000000;84.79000092
N;NORTE;2007-10-30;886.00000000;62.09999847;886.00000000;62.09999847
NE;NORDESTE;2007-10-30;1554.00000000;47.20999908;1554.00000000;47.20999908
S;SUL;2007-10-30;8484.00000000;75.23000336;7733.00000000;68.56999969
SE;SUDESTE;2007-10-30;17738.00000000;87.34999847;17409.00000000;85.73000336
N;NORTE;2007-10-31;908.00000000;63.65000153;908.00000000;63.65000153
NE;NORDESTE;2007-10-31;1557.00000000;47.29999924;1557.00000000;47.29999924
S;SUL;2007-10-31;9355.00000000;82.95999908;8754.00000000;77.62999725
SE;SUDESTE;2007-10-31;17581.00000000;86.58000183;17111.00000000;84.26000214
N;NORTE;2007-11-01;955.00000000;40.56000137;955.00000000;40.56000137
NE;NORDESTE;2007-11-01;1536.00000000;28.54999924;1536.00000000;28.54999924
S;SUL;2007-11-01;12292.00000000;154.27000427;10984.00000000;137.85000610
SE;SUDESTE;2007-11-01;17409.00000000;66.91999817;16778.00000000;64.48999786
N;NORTE;2007-11-02;930.00000000;39.50000000;930.00000000;39.50000000
NE;NORDESTE;2007-11-02;1510.00000000;28.05999947;1510.00000000;28.05999947
S;SUL;2007-11-02;19062.00000000;239.22999573;13775.00000000;172.88000488
SE;SUDESTE;2007-11-02;17463.00000000;67.12000275;17118.00000000;65.80000305
N;NORTE;2007-11-03;951.00000000;40.38999939;951.00000000;40.38999939
NE;NORDESTE;2007-11-03;1471.00000000;27.34000015;1471.00000000;27.34000015
S;SUL;2007-11-03;22051.00000000;276.75000000;14543.00000000;182.52000427
SE;SUDESTE;2007-11-03;17824.00000000;68.51000214;17586.00000000;67.59999847
N;NORTE;2007-11-04;982.00000000;41.70000076;982.00000000;41.70000076
NE;NORDESTE;2007-11-04;1451.00000000;26.96999931;1451.00000000;26.96999931
S;SUL;2007-11-04;19217.00000000;241.17999268;14744.00000000;185.03999329
SE;SUDESTE;2007-11-04;18575.00000000;71.40000153;18422.00000000;70.80999756
N;NORTE;2007-11-05;1018.00000000;43.22999954;1018.00000000;43.22999954
NE;NORDESTE;2007-11-05;1471.00000000;27.34000015;1471.00000000;27.34000015
S;SUL;2007-11-05;16424.00000000;206.13000488;13165.00000000;165.22000122
SE;SUDESTE;2007-11-05;19691.00000000;75.69000244;19520.00000000;75.02999878
N;NORTE;2007-11-06;984.00000000;41.79000092;984.00000000;41.79000092
NE;NORDESTE;2007-11-06;1513.00000000;28.12000084;1513.00000000;28.12000084
S;SUL;2007-11-06;14041.00000000;176.22000122;11983.00000000;150.38999939
SE;SUDESTE;2007-11-06;20962.00000000;80.56999969;20695.00000000;79.55000305
N;NORTE;2007-11-07;1040.00000000;44.16999817;1040.00000000;44.16999817
NE;NORDESTE;2007-11-07;1540.00000000;28.62000084;1540.00000000;28.62000084
S;SUL;2007-11-07;12358.00000000;155.10000610;10946.00000000;137.38000488
SE;SUDESTE;2007-11-07;21862.00000000;84.02999878;21414.00000000;82.30999756
N;NORTE;2007-11-08;1042.00000000;44.25000000;1042.00000000;44.25000000
NE;NORDESTE;2007-11-08;1616.00000000;30.03000069;1616.00000000;30.03000069
S;SUL;2007-11-08;11552.00000000;144.97999573;10887.00000000;136.63000488
SE;SUDESTE;2007-11-08;22399.00000000;86.09999847;22075.00000000;84.84999847
N;NORTE;2007-11-09;1038.00000000;44.08000183;1038.00000000;44.08000183
NE;NORDESTE;2007-11-09;1632.00000000;30.32999992;1632.00000000;30.32999992
S;SUL;2007-11-09;11767.00000000;147.67999268;10477.00000000;131.49000549
SE;SUDESTE;2007-11-09;22808.00000000;87.66999817;22534.00000000;86.61000061
N;NORTE;2007-11-10;1027.00000000;43.61000061;1027.00000000;43.61000061
NE;NORDESTE;2007-11-10;1575.00000000;29.27000046;1575.00000000;29.27000046
S;SUL;2007-11-10;12059.00000000;151.33999634;10854.00000000;136.22000122
SE;SUDESTE;2007-11-10;23707.00000000;91.12000275;23535.00000000;90.45999908
N;NORTE;2007-11-11;1088.00000000;46.20999908;1088.00000000;46.20999908
NE;NORDESTE;2007-11-11;1525.00000000;28.34000015;1525.00000000;28.34000015
S;SUL;2007-11-11;12592.00000000;158.02999878;12243.00000000;153.64999390
SE;SUDESTE;2007-11-11;25799.00000000;99.16000366;25660.00000000;98.62999725
N;NORTE;2007-11-12;1102.00000000;46.79999924;1102.00000000;46.79999924
NE;NORDESTE;2007-11-12;1498.00000000;27.84000015;1498.00000000;27.84000015
S;SUL;2007-11-12;12025.00000000;150.91999817;11762.00000000;147.61999512
SE;SUDESTE;2007-11-12;27267.00000000;104.80999756;27080.00000000;104.08999634
N;NORTE;2007-11-13;1095.00000000;46.50000000;1095.00000000;46.50000000
NE;NORDESTE;2007-11-13;1485.00000000;27.60000038;1485.00000000;27.60000038
S;SUL;2007-11-13;10991.00000000;137.94000244;10818.00000000;135.77000427
SE;SUDESTE;2007-11-13;28367.00000000;109.02999878;28118.00000000;108.08000183
N;NORTE;2007-11-14;1126.00000000;47.81999969;1126.00000000;47.81999969
NE;NORDESTE;2007-11-14;1487.00000000;27.62999916;1487.00000000;27.62999916
S;SUL;2007-11-14;16099.00000000;202.05000305;15034.00000000;188.67999268
SE;SUDESTE;2007-11-14;29849.00000000;114.73000336;29686.00000000;114.09999847
N;NORTE;2007-11-15;1096.00000000;46.54000092;1096.00000000;46.54000092
NE;NORDESTE;2007-11-15;1553.00000000;28.86000061;1553.00000000;28.86000061
S;SUL;2007-11-15;19749.00000000;247.85000610;17567.00000000;220.47000122
SE;SUDESTE;2007-11-15;30081.00000000;115.62000275;29940.00000000;115.08000183
N;NORTE;2007-11-16;1052.00000000;44.68000031;1052.00000000;44.68000031
NE;NORDESTE;2007-11-16;1651.00000000;30.68000031;1651.00000000;30.68000031
S;SUL;2007-11-16;17355.00000000;217.80999756;16025.00000000;201.11999512
SE;SUDESTE;2007-11-16;29054.00000000;111.68000031;28938.00000000;111.23000336
N;NORTE;2007-11-17;1076.00000000;45.70000076;1076.00000000;45.70000076
NE;NORDESTE;2007-11-17;2056.00000000;38.20999908;2056.00000000;38.20999908
S;SUL;2007-11-17;14373.00000000;180.38000488;13868.00000000;174.05000305
SE;SUDESTE;2007-11-17;27527.00000000;105.80999756;27416.00000000;105.37999725
N;NORTE;2007-11-18;1111.00000000;47.18000031;1111.00000000;47.18000031
NE;NORDESTE;2007-11-18;2179.00000000;40.49000168;2179.00000000;40.49000168
S;SUL;2007-11-18;12513.00000000;157.03999329;12324.00000000;154.66999817
SE;SUDESTE;2007-11-18;26057.00000000;100.16000366;25201.00000000;96.87000275
N;NORTE;2007-11-19;1102.00000000;46.79999924;1102.00000000;46.79999924
NE;NORDESTE;2007-11-19;2154.00000000;40.02999878;2154.00000000;40.02999878
S;SUL;2007-11-19;11824.00000000;148.38999939;11698.00000000;146.80999756
SE;SUDESTE;2007-11-19;25059.00000000;96.31999969;24861.00000000;95.55999756
N;NORTE;2007-11-20;1166.00000000;49.52000046;1166.00000000;49.52000046
NE;NORDESTE;2007-11-20;2002.00000000;37.20999908;2002.00000000;37.20999908
S;SUL;2007-11-20;11070.00000000;138.92999268;10993.00000000;137.96000671
SE;SUDESTE;2007-11-20;24271.00000000;93.29000092;24111.00000000;92.68000031
N;NORTE;2007-11-21;1253.00000000;53.20999908;1253.00000000;53.20999908
NE;NORDESTE;2007-11-21;2135.00000000;39.68000031;2135.00000000;39.68000031
S;SUL;2007-11-21;9863.00000000;123.77999878;9796.00000000;122.94000244
SE;SUDESTE;2007-11-21;23618.00000000;90.77999878;23442.00000000;90.09999847
N;NORTE;2007-11-22;1239.00000000;52.61999893;1239.00000000;52.61999893
NE;NORDESTE;2007-11-22;2094.00000000;38.90999985;2094.00000000;38.90999985
S;SUL;2007-11-22;8480.00000000;106.43000031;8435.00000000;105.86000061
SE;SUDESTE;2007-11-22;22849.00000000;87.83000183;22670.00000000;87.13999939
N;NORTE;2007-11-23;1265.00000000;53.72000122;1265.00000000;53.72000122
NE;NORDESTE;2007-11-23;2418.00000000;44.93999863;2418.00000000;44.93999863
S;SUL;2007-11-23;7393.00000000;92.77999878;7367.00000000;92.45999908
SE;SUDESTE;2007-11-23;21987.00000000;84.51000214;21798.00000000;83.79000092
N;NORTE;2007-11-24;1285.00000000;54.56999969;1285.00000000;54.56999969
NE;NORDESTE;2007-11-24;2248.00000000;41.77999878;2244.00000000;41.70000076
S;SUL;2007-11-24;6673.00000000;83.75000000;6650.00000000;83.45999908
SE;SUDESTE;2007-11-24;21221.00000000;81.56999969;21080.00000000;81.02999878
N;NORTE;2007-11-25;1285.00000000;54.56999969;1285.00000000;54.56999969
NE;NORDESTE;2007-11-25;2101.00000000;39.04999924;2072.00000000;38.50999832
S;SUL;2007-11-25;6446.00000000;80.90000153;6440.00000000;80.81999969
SE;SUDESTE;2007-11-25;20649.00000000;79.37000275;19675.00000000;75.62999725
N;NORTE;2007-11-26;1217.00000000;51.68000031;1217.00000000;51.68000031
NE;NORDESTE;2007-11-26;2118.00000000;39.36000061;2097.00000000;38.97000122
S;SUL;2007-11-26;7055.00000000;88.54000092;7043.00000000;88.38999939
SE;SUDESTE;2007-11-26;20414.00000000;78.47000122;20269.00000000;77.91000366
N;NORTE;2007-11-27;1223.00000000;51.93999863;1223.00000000;51.93999863
NE;NORDESTE;2007-11-27;2247.00000000;41.75999832;2246.00000000;41.74000168
S;SUL;2007-11-27;6314.00000000;79.23999786;6295.00000000;79.00000000
SE;SUDESTE;2007-11-27;20512.00000000;78.83999634;19744.00000000;75.88999939
N;NORTE;2007-11-28;1245.00000000;52.86999893;1245.00000000;52.86999893
NE;NORDESTE;2007-11-28;2507.00000000;46.59000015;2496.00000000;46.38999939
S;SUL;2007-11-28;5485.00000000;68.83999634;5478.00000000;68.75000000
SE;SUDESTE;2007-11-28;20432.00000000;78.52999878;19279.00000000;74.09999847
N;NORTE;2007-11-29;1310.00000000;55.63000107;1310.00000000;55.63000107
NE;NORDESTE;2007-11-29;3373.00000000;62.68000031;3074.00000000;57.13000107
S;SUL;2007-11-29;5020.00000000;63.00000000;5013.00000000;62.90999985
SE;SUDESTE;2007-11-29;20279.00000000;77.94999695;19125.00000000;73.51000214
N;NORTE;2007-11-30;1408.00000000;59.79000092;1408.00000000;59.79000092
NE;NORDESTE;2007-11-30;2896.00000000;53.81999969;2651.00000000;49.27000046
S;SUL;2007-11-30;4606.00000000;57.81000137;4599.00000000;57.72000122
SE;SUDESTE;2007-11-30;19697.00000000;75.70999908;19070.00000000;73.30000305
N;NORTE;2007-12-01;1596.00000000;34.49000168;1596.00000000;34.49000168
NE;NORDESTE;2007-12-01;3081.00000000;30.86000061;3042.00000000;30.46999931
S;SUL;2007-12-01;4153.00000000;65.31999969;4146.00000000;65.20999908
SE;SUDESTE;2007-12-01;18921.00000000;48.16999817;18740.00000000;47.70999908
N;NORTE;2007-12-02;1785.00000000;38.58000183;1785.00000000;38.58000183
NE;NORDESTE;2007-12-02;3356.00000000;33.61000061;3356.00000000;33.61000061
S;SUL;2007-12-02;3973.00000000;62.49000168;3938.00000000;61.93999863
SE;SUDESTE;2007-12-02;18186.00000000;46.29999924;18046.00000000;45.95000076
N;NORTE;2007-12-03;2013.00000000;43.50999832;2013.00000000;43.50999832
NE;NORDESTE;2007-12-03;3185.00000000;31.89999962;3170.00000000;31.75000000
S;SUL;2007-12-03;3874.00000000;60.93999863;3867.00000000;60.83000183
SE;SUDESTE;2007-12-03;17842.00000000;45.43000031;17533.00000000;44.63999939
N;NORTE;2007-12-04;2216.00000000;47.88999939;2216.00000000;47.88999939
NE;NORDESTE;2007-12-04;3402.00000000;34.06999969;3402.00000000;34.06999969
S;SUL;2007-12-04;4146.00000000;65.20999908;4136.00000000;65.05999756
SE;SUDESTE;2007-12-04;17793.00000000;45.29999924;17295.00000000;44.02999878
N;NORTE;2007-12-05;2400.00000000;51.86999893;2400.00000000;51.86999893
NE;NORDESTE;2007-12-05;3491.00000000;34.95999908;3491.00000000;34.95999908
S;SUL;2007-12-05;4663.00000000;73.34999847;4652.00000000;73.16999817
SE;SUDESTE;2007-12-05;17995.00000000;45.81999969;16829.00000000;42.84999847
N;NORTE;2007-12-06;2534.00000000;54.77000046;2534.00000000;54.77000046
NE;NORDESTE;2007-12-06;3550.00000000;35.54999924;3550.00000000;35.54999924
S;SUL;2007-12-06;7130.00000000;112.15000153;7123.00000000;112.04000092
SE;SUDESTE;2007-12-06;18333.00000000;46.68000031;16241.00000000;41.34999847
N;NORTE;2007-12-07;2598.00000000;56.15000153;2598.00000000;56.15000153
NE;NORDESTE;2007-12-07;3692.00000000;36.97999954;3692.00000000;36.97999954
S;SUL;2007-12-07;8550.00000000;134.49000549;8543.00000000;134.38000488
SE;SUDESTE;2007-12-07;19277.00000000;49.08000183;17461.00000000;44.45999908
N;NORTE;2007-12-08;2582.00000000;55.79999924;2582.00000000;55.79999924
NE;NORDESTE;2007-12-08;3730.00000000;37.36000061;3730.00000000;37.36000061
S;SUL;2007-12-08;8606.00000000;135.36999512;8596.00000000;135.21000671
SE;SUDESTE;2007-12-08;20246.00000000;51.54999924;18797.00000000;47.86000061
N;NORTE;2007-12-09;2507.00000000;54.18000031;2507.00000000;54.18000031
NE;NORDESTE;2007-12-09;4180.00000000;41.86000061;4180.00000000;41.86000061
S;SUL;2007-12-09;7681.00000000;120.81999969;7554.00000000;118.81999969
SE;SUDESTE;2007-12-09;22131.00000000;56.34999847;20804.00000000;52.97000122
N;NORTE;2007-12-10;2404.00000000;51.95999908;2404.00000000;51.95999908
NE;NORDESTE;2007-12-10;4243.00000000;42.49000168;4243.00000000;42.49000168
S;SUL;2007-12-10;7169.00000000;112.76000214;7162.00000000;112.65000153
SE;SUDESTE;2007-12-10;23902.00000000;60.86000061;22450.00000000;57.15999985
N;NORTE;2007-12-11;2302.00000000;49.75000000;2302.00000000;49.75000000
NE;NORDESTE;2007-12-11;4389.00000000;43.95999908;4389.00000000;43.95999908
S;SUL;2007-12-11;8509.00000000;133.83999634;8502.00000000;133.72999573
SE;SUDESTE;2007-12-11;25699.00000000;65.43000031;24070.00000000;61.27999878
N;NORTE;2007-12-12;2247.00000000;48.56000137;2247.00000000;48.56000137
NE;NORDESTE;2007-12-12;4552.00000000;45.59000015;4552.00000000;45.59000015
S;SUL;2007-12-12;9377.00000000;147.49000549;9370.00000000;147.38000488
SE;SUDESTE;2007-12-12;27734.00000000;70.61000061;26167.00000000;66.62000275
N;NORTE;2007-12-13;2194.00000000;47.41999817;2194.00000000;47.41999817
NE;NORDESTE;2007-12-13;4652.00000000;46.59000015;4652.00000000;46.59000015
S;SUL;2007-12-13;9193.00000000;144.60000610;9187.00000000;144.50999451
SE;SUDESTE;2007-12-13;28245.00000000;71.91000366;26714.00000000;68.01000214
N;NORTE;2007-12-14;2182.00000000;47.15999985;2182.00000000;47.15999985
NE;NORDESTE;2007-12-14;4870.00000000;48.77000046;4870.00000000;48.77000046
S;SUL;2007-12-14;8329.00000000;131.00999451;8322.00000000;130.89999390
SE;SUDESTE;2007-12-14;28941.00000000;73.68000031;27376.00000000;69.69999695
N;NORTE;2007-12-15;2192.00000000;47.36999893;2192.00000000;47.36999893
NE;NORDESTE;2007-12-15;5219.00000000;52.27000046;5219.00000000;52.27000046
S;SUL;2007-12-15;7271.00000000;114.37000275;7264.00000000;114.26000214
SE;SUDESTE;2007-12-15;29902.00000000;76.12999725;28208.00000000;71.81999969
N;NORTE;2007-12-16;2167.00000000;46.83000183;2167.00000000;46.83000183
NE;NORDESTE;2007-12-16;5251.00000000;52.59000015;5251.00000000;52.59000015
S;SUL;2007-12-16;6663.00000000;104.80999756;6656.00000000;104.69999695
SE;SUDESTE;2007-12-16;30260.00000000;77.04000092;28577.00000000;72.76000214
N;NORTE;2007-12-17;2130.00000000;46.02999878;2130.00000000;46.02999878
NE;NORDESTE;2007-12-17;4885.00000000;48.91999817;4885.00000000;48.91999817
S;SUL;2007-12-17;6321.00000000;99.43000031;6314.00000000;99.31999969
SE;SUDESTE;2007-12-17;30423.00000000;77.45999908;29490.00000000;75.08000183
N;NORTE;2007-12-18;2135.00000000;46.13999939;2135.00000000;46.13999939
NE;NORDESTE;2007-12-18;4657.00000000;46.63999939;4657.00000000;46.63999939
S;SUL;2007-12-18;6152.00000000;96.76999664;6145.00000000;96.66000366
SE;SUDESTE;2007-12-18;30666.00000000;78.08000183;30002.00000000;76.38999939
N;NORTE;2007-12-19;2140.00000000;46.25000000;2140.00000000;46.25000000
NE;NORDESTE;2007-12-19;4503.00000000;45.09999847;4503.00000000;45.09999847
S;SUL;2007-12-19;6122.00000000;96.30000305;6115.00000000;96.19000244
SE;SUDESTE;2007-12-19;31534.00000000;80.29000092;30853.00000000;78.55000305
N;NORTE;2007-12-20;2156.00000000;46.59999847;2156.00000000;46.59999847
NE;NORDESTE;2007-12-20;4414.00000000;44.20999908;4414.00000000;44.20999908
S;SUL;2007-12-20;5965.00000000;93.83000183;5957.00000000;93.69999695
SE;SUDESTE;2007-12-20;33646.00000000;85.66000366;32933.00000000;83.84999847
N;NORTE;2007-12-21;2199.00000000;47.52999878;2199.00000000;47.52999878
NE;NORDESTE;2007-12-21;4446.00000000;44.52999878;4446.00000000;44.52999878
S;SUL;2007-12-21;5759.00000000;90.58999634;5752.00000000;90.48000336
SE;SUDESTE;2007-12-21;36798.00000000;93.69000244;35699.00000000;90.88999939
N;NORTE;2007-12-22;2232.00000000;48.24000168;2232.00000000;48.24000168
NE;NORDESTE;2007-12-22;4581.00000000;45.88000107;4581.00000000;45.88000107
S;SUL;2007-12-22;5441.00000000;85.58000183;5434.00000000;85.47000122
SE;SUDESTE;2007-12-22;38811.00000000;98.80999756;37364.00000000;95.12999725
N;NORTE;2007-12-23;2272.00000000;49.09999847;2272.00000000;49.09999847
NE;NORDESTE;2007-12-23;4884.00000000;48.90999985;4884.00000000;48.90999985
S;SUL;2007-12-23;5315.00000000;83.59999847;5308.00000000;83.48999786
SE;SUDESTE;2007-12-23;39983.00000000;101.80000305;38588.00000000;98.25000000
N;NORTE;2007-12-24;2310.00000000;49.91999817;2310.00000000;49.91999817
NE;NORDESTE;2007-12-24;5302.00000000;53.09999847;5302.00000000;53.09999847
S;SUL;2007-12-24;5279.00000000;83.04000092;5272.00000000;82.93000031
SE;SUDESTE;2007-12-24;39864.00000000;101.48999786;38541.00000000;98.12999725
N;NORTE;2007-12-25;2326.00000000;50.27000046;2326.00000000;50.27000046
NE;NORDESTE;2007-12-25;5609.00000000;56.16999817;5609.00000000;56.16999817
S;SUL;2007-12-25;7111.00000000;111.84999847;7104.00000000;111.73999786
SE;SUDESTE;2007-12-25;39645.00000000;100.94000244;38391.00000000;97.73999786
N;NORTE;2007-12-26;2391.00000000;51.68000031;2391.00000000;51.68000031
NE;NORDESTE;2007-12-26;5859.00000000;58.68000031;5859.00000000;58.68000031
S;SUL;2007-12-26;6519.00000000;102.54000092;6512.00000000;102.43000031
SE;SUDESTE;2007-12-26;38950.00000000;99.16999817;38327.00000000;97.58000183
N;NORTE;2007-12-27;2475.00000000;53.49000168;2475.00000000;53.49000168
NE;NORDESTE;2007-12-27;6164.00000000;61.72999954;6164.00000000;61.72999954
S;SUL;2007-12-27;6796.00000000;106.90000153;6786.00000000;106.73999786
SE;SUDESTE;2007-12-27;37426.00000000;95.29000092;37096.00000000;94.44999695
N;NORTE;2007-12-28;2575.00000000;55.65000153;2575.00000000;55.65000153
NE;NORDESTE;2007-12-28;6429.00000000;64.38999939;6429.00000000;64.38999939
S;SUL;2007-12-28;6968.00000000;109.59999847;6915.00000000;108.76999664
SE;SUDESTE;2007-12-28;35603.00000000;90.65000153;35157.00000000;89.51000214
N;NORTE;2007-12-29;2710.00000000;58.56999969;2710.00000000;58.56999969
NE;NORDESTE;2007-12-29;6626.00000000;66.36000061;6626.00000000;66.36000061
S;SUL;2007-12-29;7188.00000000;113.05999756;7179.00000000;112.91999817
SE;SUDESTE;2007-12-29;33693.00000000;85.77999878;33446.00000000;85.15000153
N;NORTE;2007-12-30;2853.00000000;61.65999985;2853.00000000;61.65999985
NE;NORDESTE;2007-12-30;6662.00000000;66.72000122;6662.00000000;66.72000122
S;SUL;2007-12-30;7263.00000000;114.23999786;7110.00000000;111.83999634
SE;SUDESTE;2007-12-30;31665.00000000;80.62000275;31515.00000000;80.23999786
N;NORTE;2007-12-31;2983.00000000;64.47000122;2983.00000000;64.47000122
NE;NORDESTE;2007-12-31;6698.00000000;67.08000183;6698.00000000;67.08000183
S;SUL;2007-12-31;6916.00000000;108.77999878;6718.00000000;105.66999817
SE;SUDESTE;2007-12-31;29844.00000000;75.98000336;29700.00000000;75.62000275
