id_subsistema;nom_subsistema;ena_data;ena_bruta_regiao_mwmed;ena_bruta_regiao_percentualmlt;ena_armazenavel_regiao_mwmed;ena_armazenavel_regiao_percentualmlt
N;NORTE;2009-01-01;6827.00000000;83.33999634;6798.00000000;82.98999786
NE;NORDESTE;2009-01-01;11930.00000000;86.37999725;11930.00000000;86.37999725
S;SUL;2009-01-01;2492.00000000;38.81000137;2474.00000000;38.52999878
SE;SUDESTE;2009-01-01;57366.00000000;107.37000275;54994.00000000;102.93000031
N;NORTE;2009-01-02;6807.00000000;83.09999847;6783.00000000;82.80000305
NE;NORDESTE;2009-01-02;12471.00000000;90.30000305;12471.00000000;90.30000305
S;SUL;2009-01-02;2614.00000000;40.70999908;2589.00000000;40.31999969
SE;SUDESTE;2009-01-02;56695.00000000;106.11000061;54296.00000000;101.62000275
N;NORTE;2009-01-03;6670.00000000;81.41999817;6654.00000000;81.23000336
NE;NORDESTE;2009-01-03;12759.00000000;92.37999725;12759.00000000;92.37999725
S;SUL;2009-01-03;3669.00000000;57.13999939;3649.00000000;56.83000183
SE;SUDESTE;2009-01-03;56740.00000000;106.19999695;54508.00000000;102.01999664
N;NORTE;2009-01-04;6499.00000000;79.33999634;6493.00000000;79.26000214
NE;NORDESTE;2009-01-04;13033.00000000;94.36000061;13033.00000000;94.36000061
S;SUL;2009-01-04;5594.00000000;87.12000275;5490.00000000;85.50000000
SE;SUDESTE;2009-01-04;56429.00000000;105.62000275;54237.00000000;101.51000214
N;NORTE;2009-01-05;6272.00000000;76.56999969;6267.00000000;76.50000000
NE;NORDESTE;2009-01-05;13557.00000000;98.16000366;13557.00000000;98.16000366
S;SUL;2009-01-05;5229.00000000;81.44000244;5154.00000000;80.26999664
SE;SUDESTE;2009-01-05;56527.00000000;105.80000305;53886.00000000;100.86000061
N;NORTE;2009-01-06;5959.00000000;72.73999786;5953.00000000;72.66999817
NE;NORDESTE;2009-01-06;13962.00000000;101.08999634;13962.00000000;101.08999634
S;SUL;2009-01-06;4326.00000000;67.37999725;4307.00000000;67.08000183
SE;SUDESTE;2009-01-06;58029.00000000;108.61000061;54313.00000000;101.65000153
N;NORTE;2009-01-07;5703.00000000;69.62000275;5694.00000000;69.51000214
NE;NORDESTE;2009-01-07;14453.00000000;104.65000153;14453.00000000;104.65000153
S;SUL;2009-01-07;3995.00000000;62.22000122;3977.00000000;61.93999863
SE;SUDESTE;2009-01-07;57034.00000000;106.75000000;52817.00000000;98.84999847
N;NORTE;2009-01-08;5514.00000000;67.30999756;5503.00000000;67.18000031
NE;NORDESTE;2009-01-08;15440.00000000;111.79000092;15105.00000000;109.37000275
S;SUL;2009-01-08;4201.00000000;65.43000031;4181.00000000;65.12000275
SE;SUDESTE;2009-01-08;54746.00000000;102.47000122;50813.00000000;95.09999847
N;NORTE;2009-01-09;5460.00000000;66.65000153;5449.00000000;66.51999664
NE;NORDESTE;2009-01-09;15954.00000000;115.51000214;15370.00000000;111.29000092
S;SUL;2009-01-09;4016.00000000;62.54999924;3996.00000000;62.24000168
SE;SUDESTE;2009-01-09;51760.00000000;96.87999725;48448.00000000;90.68000031
N;NORTE;2009-01-10;5482.00000000;66.91999817;5471.00000000;66.79000092
NE;NORDESTE;2009-01-10;16377.00000000;118.58000183;16008.00000000;115.91000366
S;SUL;2009-01-10;4301.00000000;66.98999786;4266.00000000;66.44000244
SE;SUDESTE;2009-01-10;48599.00000000;90.95999908;46332.00000000;86.72000122
N;NORTE;2009-01-11;5642.00000000;68.87000275;5631.00000000;68.73999786
NE;NORDESTE;2009-01-11;16819.00000000;121.77999878;16630.00000000;120.41000366
S;SUL;2009-01-11;4408.00000000;68.65000153;4358.00000000;67.87000275
SE;SUDESTE;2009-01-11;45805.00000000;85.73000336;44156.00000000;82.63999939
N;NORTE;2009-01-12;5807.00000000;70.88999939;5796.00000000;70.75000000
NE;NORDESTE;2009-01-12;17282.00000000;125.12999725;17117.00000000;123.93000031
S;SUL;2009-01-12;5001.00000000;77.88999939;4981.00000000;77.58000183
SE;SUDESTE;2009-01-12;43033.00000000;80.54000092;41763.00000000;78.16999817
N;NORTE;2009-01-13;6003.00000000;73.27999878;5992.00000000;73.15000153
NE;NORDESTE;2009-01-13;17564.00000000;127.16999817;17421.00000000;126.13999939
S;SUL;2009-01-13;4806.00000000;74.84999847;4787.00000000;74.55999756
SE;SUDESTE;2009-01-13;40634.00000000;76.05000305;39698.00000000;74.30000305
N;NORTE;2009-01-14;6177.00000000;75.41000366;6166.00000000;75.26999664
NE;NORDESTE;2009-01-14;17611.00000000;127.51000214;17594.00000000;127.38999939
S;SUL;2009-01-14;4445.00000000;69.23000336;4424.00000000;68.90000153
SE;SUDESTE;2009-01-14;38646.00000000;72.33000183;37988.00000000;71.09999847
N;NORTE;2009-01-15;6307.00000000;76.98999786;6296.00000000;76.86000061
NE;NORDESTE;2009-01-15;17565.00000000;127.18000031;17565.00000000;127.18000031
S;SUL;2009-01-15;4198.00000000;65.37999725;4178.00000000;65.06999969
SE;SUDESTE;2009-01-15;37498.00000000;70.18000031;36973.00000000;69.19999695
N;NORTE;2009-01-16;6407.00000000;78.20999908;6396.00000000;78.08000183
NE;NORDESTE;2009-01-16;17615.00000000;127.54000092;17615.00000000;127.54000092
S;SUL;2009-01-16;4123.00000000;64.20999908;4103.00000000;63.90000153
SE;SUDESTE;2009-01-16;37465.00000000;70.12000275;36897.00000000;69.05999756
N;NORTE;2009-01-17;6436.00000000;78.56999969;6425.00000000;78.43000031
NE;NORDESTE;2009-01-17;17658.00000000;127.84999847;17658.00000000;127.84999847
S;SUL;2009-01-17;4287.00000000;66.76999664;4235.00000000;65.95999908
SE;SUDESTE;2009-01-17;38452.00000000;71.97000122;37793.00000000;70.73999786
N;NORTE;2009-01-18;6326.00000000;77.22000122;6315.00000000;77.08999634
NE;NORDESTE;2009-01-18;17659.00000000;127.86000061;17659.00000000;127.86000061
S;SUL;2009-01-18;4709.00000000;73.33999634;4684.00000000;72.94999695
SE;SUDESTE;2009-01-18;39861.00000000;74.61000061;39290.00000000;73.54000092
N;NORTE;2009-01-19;6206.00000000;75.76000214;6202.00000000;75.70999908
NE;NORDESTE;2009-01-19;17689.00000000;128.08000183;17689.00000000;128.08000183
S;SUL;2009-01-19;5295.00000000;82.47000122;5266.00000000;82.01999664
SE;SUDESTE;2009-01-19;41960.00000000;78.52999878;41261.00000000;77.23000336
N;NORTE;2009-01-20;6179.00000000;75.43000031;6179.00000000;75.43000031
NE;NORDESTE;2009-01-20;17695.00000000;128.11999512;17695.00000000;128.11999512
S;SUL;2009-01-20;5585.00000000;86.98000336;5565.00000000;86.66999817
SE;SUDESTE;2009-01-20;44501.00000000;83.29000092;43683.00000000;81.76000214
N;NORTE;2009-01-21;6220.00000000;75.93000031;6217.00000000;75.88999939
NE;NORDESTE;2009-01-21;17711.00000000;128.24000549;17711.00000000;128.24000549
S;SUL;2009-01-21;6006.00000000;93.54000092;5987.00000000;93.25000000
SE;SUDESTE;2009-01-21;48437.00000000;90.66000366;47252.00000000;88.44000244
N;NORTE;2009-01-22;6374.00000000;77.80999756;6360.00000000;77.63999939
NE;NORDESTE;2009-01-22;17813.00000000;128.97000122;17813.00000000;128.97000122
S;SUL;2009-01-22;5378.00000000;83.76000214;5358.00000000;83.44999695
SE;SUDESTE;2009-01-22;52350.00000000;97.98000336;50112.00000000;93.79000092
N;NORTE;2009-01-23;6549.00000000;79.94999695;6532.00000000;79.73999786
NE;NORDESTE;2009-01-23;17887.00000000;129.50999451;17887.00000000;129.50999451
S;SUL;2009-01-23;5125.00000000;79.81999969;5105.00000000;79.51000214
SE;SUDESTE;2009-01-23;56418.00000000;105.58999634;51436.00000000;96.26999664
N;NORTE;2009-01-24;6703.00000000;81.83000183;6686.00000000;81.62000275
NE;NORDESTE;2009-01-24;18037.00000000;130.60000610;18037.00000000;130.60000610
S;SUL;2009-01-24;4332.00000000;67.47000122;4312.00000000;67.16000366
SE;SUDESTE;2009-01-24;58647.00000000;109.76999664;53776.00000000;100.65000153
N;NORTE;2009-01-25;6865.00000000;83.80000305;6848.00000000;83.59999847
NE;NORDESTE;2009-01-25;18038.00000000;130.60000610;17991.00000000;130.25999451
S;SUL;2009-01-25;4113.00000000;64.05999756;4094.00000000;63.75999832
SE;SUDESTE;2009-01-25;60153.00000000;112.58999634;56255.00000000;105.29000092
N;NORTE;2009-01-26;6980.00000000;85.20999908;6963.00000000;85.00000000
NE;NORDESTE;2009-01-26;18151.00000000;131.41999817;17660.00000000;127.87000275
S;SUL;2009-01-26;4249.00000000;66.18000031;4230.00000000;65.87999725
SE;SUDESTE;2009-01-26;61340.00000000;114.80999756;56877.00000000;106.44999695
N;NORTE;2009-01-27;6980.00000000;85.20999908;6963.00000000;85.00000000
NE;NORDESTE;2009-01-27;17442.00000000;126.29000092;17262.00000000;124.98000336
S;SUL;2009-01-27;4308.00000000;67.09999847;4288.00000000;66.77999878
SE;SUDESTE;2009-01-27;63519.00000000;118.88999939;58452.00000000;109.40000153
N;NORTE;2009-01-28;7016.00000000;85.65000153;6999.00000000;85.44000244
NE;NORDESTE;2009-01-28;16064.00000000;116.30999756;15991.00000000;115.77999878
S;SUL;2009-01-28;4210.00000000;65.56999969;4191.00000000;65.26999664
SE;SUDESTE;2009-01-28;67071.00000000;125.52999878;60138.00000000;112.55999756
N;NORTE;2009-01-29;7132.00000000;87.05999756;7114.00000000;86.83999634
NE;NORDESTE;2009-01-29;14002.00000000;101.37999725;13931.00000000;100.87000275
S;SUL;2009-01-29;4557.00000000;70.97000122;4474.00000000;69.68000031
SE;SUDESTE;2009-01-29;68793.00000000;128.75999451;62130.00000000;116.29000092
N;NORTE;2009-01-30;7284.00000000;88.91999817;7258.00000000;88.59999847
NE;NORDESTE;2009-01-30;12570.00000000;91.01000214;12547.00000000;90.84999847
S;SUL;2009-01-30;4248.00000000;66.16000366;4220.00000000;65.72000122
SE;SUDESTE;2009-01-30;68997.00000000;129.13999939;62108.00000000;116.23999786
N;NORTE;2009-01-31;7407.00000000;90.41999817;7380.00000000;90.08999634
NE;NORDESTE;2009-01-31;12218.00000000;88.45999908;12218.00000000;88.45999908
S;SUL;2009-01-31;3855.00000000;60.04000092;3800.00000000;59.18000031
SE;SUDESTE;2009-01-31;68192.00000000;127.62999725;62345.00000000;116.69000244
N;NORTE;2009-02-01;7539.00000000;67.54000092;7513.00000000;67.30999756
NE;NORDESTE;2009-02-01;12122.00000000;83.48999786;12122.00000000;83.48999786
S;SUL;2009-02-01;3592.00000000;50.20000076;3573.00000000;49.93000031
SE;SUDESTE;2009-02-01;67317.00000000;121.04000092;62059.00000000;111.58000183
N;NORTE;2009-02-02;7688.00000000;68.87999725;7667.00000000;68.69000244
NE;NORDESTE;2009-02-02;12086.00000000;83.23999786;12086.00000000;83.23999786
S;SUL;2009-02-02;3569.00000000;49.86999893;3550.00000000;49.61000061
SE;SUDESTE;2009-02-02;67156.00000000;120.75000000;62199.00000000;111.83000183
N;NORTE;2009-02-03;7779.00000000;69.69000244;7767.00000000;69.58000183
NE;NORDESTE;2009-02-03;12501.00000000;86.09999847;12501.00000000;86.09999847
S;SUL;2009-02-03;3625.00000000;50.65999985;3605.00000000;50.38000107
SE;SUDESTE;2009-02-03;67058.00000000;120.56999969;62123.00000000;111.69999695
N;NORTE;2009-02-04;7801.00000000;69.88999939;7792.00000000;69.80999756
NE;NORDESTE;2009-02-04;12947.00000000;89.16999817;12947.00000000;89.16999817
S;SUL;2009-02-04;3751.00000000;52.41999817;3728.00000000;52.09999847
SE;SUDESTE;2009-02-04;66102.00000000;118.84999847;61210.00000000;110.05999756
N;NORTE;2009-02-05;7774.00000000;69.65000153;7765.00000000;69.56999969
NE;NORDESTE;2009-02-05;13604.00000000;93.69999695;13604.00000000;93.69999695
S;SUL;2009-02-05;3549.00000000;49.59000015;3528.00000000;49.29999924
SE;SUDESTE;2009-02-05;64371.00000000;115.73999786;59241.00000000;106.51000214
N;NORTE;2009-02-06;7671.00000000;68.72000122;7661.00000000;68.62999725
NE;NORDESTE;2009-02-06;14175.00000000;97.62999725;14175.00000000;97.62999725
S;SUL;2009-02-06;3405.00000000;47.58000183;3381.00000000;47.25000000
SE;SUDESTE;2009-02-06;62313.00000000;112.04000092;57123.00000000;102.70999908
N;NORTE;2009-02-07;7511.00000000;67.29000092;7502.00000000;67.20999908
NE;NORDESTE;2009-02-07;14596.00000000;100.52999878;14596.00000000;100.52999878
S;SUL;2009-02-07;3082.00000000;43.06999969;3060.00000000;42.75999832
SE;SUDESTE;2009-02-07;61149.00000000;109.94999695;55642.00000000;100.04000092
N;NORTE;2009-02-08;7355.00000000;65.88999939;7341.00000000;65.76999664
NE;NORDESTE;2009-02-08;14976.00000000;103.15000153;14976.00000000;103.15000153
S;SUL;2009-02-08;2900.00000000;40.52999878;2881.00000000;40.25999832
SE;SUDESTE;2009-02-08;60176.00000000;108.19999695;54778.00000000;98.48999786
N;NORTE;2009-02-09;7272.00000000;65.15000153;7253.00000000;64.98000336
NE;NORDESTE;2009-02-09;15245.00000000;105.00000000;15245.00000000;105.00000000
S;SUL;2009-02-09;2920.00000000;40.79999924;2896.00000000;40.47000122
SE;SUDESTE;2009-02-09;59811.00000000;107.54000092;54249.00000000;97.54000092
N;NORTE;2009-02-10;7254.00000000;64.98999786;7233.00000000;64.80000305
NE;NORDESTE;2009-02-10;15252.00000000;105.05000305;15252.00000000;105.05000305
S;SUL;2009-02-10;3075.00000000;42.97000122;3044.00000000;42.54000092
SE;SUDESTE;2009-02-10;59512.00000000;107.00000000;53799.00000000;96.73000336
N;NORTE;2009-02-11;7356.00000000;65.90000153;7334.00000000;65.69999695
NE;NORDESTE;2009-02-11;15250.00000000;105.02999878;15250.00000000;105.02999878
S;SUL;2009-02-11;3300.00000000;46.11999893;3270.00000000;45.70000076
SE;SUDESTE;2009-02-11;59526.00000000;107.02999878;53280.00000000;95.80000305
N;NORTE;2009-02-12;7526.00000000;67.41999817;7504.00000000;67.23000336
NE;NORDESTE;2009-02-12;15214.00000000;104.77999878;15214.00000000;104.77999878
S;SUL;2009-02-12;3301.00000000;46.13000107;3276.00000000;45.77999878
SE;SUDESTE;2009-02-12;60846.00000000;109.40000153;54024.00000000;97.12999725
N;NORTE;2009-02-13;7741.00000000;69.34999847;7721.00000000;69.16999817
NE;NORDESTE;2009-02-13;15185.00000000;104.58000183;15185.00000000;104.58000183
S;SUL;2009-02-13;3297.00000000;46.06999969;3271.00000000;45.70999908
SE;SUDESTE;2009-02-13;62962.00000000;113.20999908;54116.00000000;97.30000305
N;NORTE;2009-02-14;7973.00000000;71.43000031;7955.00000000;71.26999664
NE;NORDESTE;2009-02-14;15159.00000000;104.41000366;15159.00000000;104.41000366
S;SUL;2009-02-14;3137.00000000;43.84000015;3114.00000000;43.52000046
SE;SUDESTE;2009-02-14;67279.00000000;120.97000122;56469.00000000;101.52999878
N;NORTE;2009-02-15;8223.00000000;73.66999817;8201.00000000;73.47000122
NE;NORDESTE;2009-02-15;15129.00000000;104.19999695;15129.00000000;104.19999695
S;SUL;2009-02-15;3036.00000000;42.43000031;3017.00000000;42.15999985
SE;SUDESTE;2009-02-15;71432.00000000;128.42999268;59749.00000000;107.43000031
N;NORTE;2009-02-16;8431.00000000;75.52999878;8406.00000000;75.30999756
NE;NORDESTE;2009-02-16;15258.00000000;105.08999634;15258.00000000;105.08999634
S;SUL;2009-02-16;3085.00000000;43.11000061;3066.00000000;42.84999847
SE;SUDESTE;2009-02-16;72868.00000000;131.02000427;61256.00000000;110.13999939
N;NORTE;2009-02-17;8694.00000000;77.88999939;8670.00000000;77.66999817
NE;NORDESTE;2009-02-17;15039.00000000;103.58000183;15039.00000000;103.58000183
S;SUL;2009-02-17;3314.00000000;46.31000137;3294.00000000;46.02999878
SE;SUDESTE;2009-02-17;73689.00000000;132.49000549;63280.00000000;113.77999878
N;NORTE;2009-02-18;9074.00000000;81.29000092;9052.00000000;81.09999847
NE;NORDESTE;2009-02-18;14932.00000000;102.83999634;14932.00000000;102.83999634
S;SUL;2009-02-18;3441.00000000;48.09000015;3420.00000000;47.79000092
SE;SUDESTE;2009-02-18;72681.00000000;130.67999268;64581.00000000;116.12000275
N;NORTE;2009-02-19;9480.00000000;84.93000031;9458.00000000;84.73000336
NE;NORDESTE;2009-02-19;15010.00000000;103.37999725;15010.00000000;103.37999725
S;SUL;2009-02-19;3594.00000000;50.22000122;3575.00000000;49.95999908
SE;SUDESTE;2009-02-19;70115.00000000;126.06999969;63508.00000000;114.19000244
N;NORTE;2009-02-20;9905.00000000;88.73999786;9883.00000000;88.54000092
NE;NORDESTE;2009-02-20;15319.00000000;105.51000214;15319.00000000;105.51000214
S;SUL;2009-02-20;4318.00000000;60.34000015;4197.00000000;58.65000153
SE;SUDESTE;2009-02-20;68002.00000000;122.26999664;61359.00000000;110.31999969
N;NORTE;2009-02-21;10418.00000000;93.33000183;10396.00000000;93.13999939
NE;NORDESTE;2009-02-21;15263.00000000;105.12000275;15263.00000000;105.12000275
S;SUL;2009-02-21;4744.00000000;66.29000092;4570.00000000;63.86000061
SE;SUDESTE;2009-02-21;66172.00000000;118.98000336;60519.00000000;108.80999756
N;NORTE;2009-02-22;10866.00000000;97.34999847;10842.00000000;97.12999725
NE;NORDESTE;2009-02-22;15301.00000000;105.37999725;15301.00000000;105.37999725
S;SUL;2009-02-22;4827.00000000;67.44999695;4769.00000000;66.63999939
SE;SUDESTE;2009-02-22;63859.00000000;114.81999969;57711.00000000;103.76000214
N;NORTE;2009-02-23;11271.00000000;100.98000336;11236.00000000;100.66000366
NE;NORDESTE;2009-02-23;15032.00000000;103.52999878;15032.00000000;103.52999878
S;SUL;2009-02-23;5006.00000000;69.95999908;4986.00000000;69.68000031
SE;SUDESTE;2009-02-23;61373.00000000;110.34999847;54364.00000000;97.75000000
N;NORTE;2009-02-24;11717.00000000;104.97000122;11678.00000000;104.62000275
NE;NORDESTE;2009-02-24;15114.00000000;104.09999847;15114.00000000;104.09999847
S;SUL;2009-02-24;5240.00000000;73.23000336;5219.00000000;72.93000031
SE;SUDESTE;2009-02-24;59273.00000000;106.56999969;52759.00000000;94.86000061
N;NORTE;2009-02-25;12185.00000000;109.16000366;12145.00000000;108.80999756
NE;NORDESTE;2009-02-25;14679.00000000;101.09999847;14679.00000000;101.09999847
S;SUL;2009-02-25;5547.00000000;77.51999664;5528.00000000;77.25000000
SE;SUDESTE;2009-02-25;58189.00000000;104.62000275;50915.00000000;91.54000092
N;NORTE;2009-02-26;12556.00000000;112.48999786;12495.00000000;111.94000244
NE;NORDESTE;2009-02-26;14563.00000000;100.30000305;14563.00000000;100.30000305
S;SUL;2009-02-26;5778.00000000;80.73999786;5758.00000000;80.45999908
SE;SUDESTE;2009-02-26;57162.00000000;102.77999878;48233.00000000;86.72000122
N;NORTE;2009-02-27;12862.00000000;115.23000336;12796.00000000;114.63999939
NE;NORDESTE;2009-02-27;14377.00000000;99.01999664;14377.00000000;99.01999664
S;SUL;2009-02-27;5846.00000000;81.69000244;5826.00000000;81.41000366
SE;SUDESTE;2009-02-27;56284.00000000;101.19999695;48228.00000000;86.70999908
N;NORTE;2009-02-28;13011.00000000;116.55999756;12945.00000000;115.97000122
NE;NORDESTE;2009-02-28;14337.00000000;98.73999786;14337.00000000;98.73999786
S;SUL;2009-02-28;5572.00000000;77.86000061;5550.00000000;77.55999756
SE;SUDESTE;2009-02-28;54756.00000000;98.44999695;46607.00000000;83.80000305
N;NORTE;2009-03-01;12937.00000000;98.84999847;12871.00000000;98.34999847
NE;NORDESTE;2009-03-01;14326.00000000;99.80000305;14326.00000000;99.80000305
S;SUL;2009-03-01;5916.00000000;96.66000366;5897.00000000;96.34999847
SE;SUDESTE;2009-03-01;52728.00000000;101.19999695;43276.00000000;83.05999756
N;NORTE;2009-03-02;12730.00000000;97.26999664;12664.00000000;96.76999664
NE;NORDESTE;2009-03-02;14290.00000000;99.55000305;14290.00000000;99.55000305
S;SUL;2009-03-02;6767.00000000;110.56999969;6748.00000000;110.26000214
SE;SUDESTE;2009-03-02;50984.00000000;97.84999847;42903.00000000;82.33999634
N;NORTE;2009-03-03;12489.00000000;95.43000031;12423.00000000;94.93000031
NE;NORDESTE;2009-03-03;14238.00000000;99.19000244;14238.00000000;99.19000244
S;SUL;2009-03-03;6960.00000000;113.72000122;6939.00000000;113.37999725
SE;SUDESTE;2009-03-03;49042.00000000;94.12999725;43660.00000000;83.80000305
N;NORTE;2009-03-04;12204.00000000;93.25000000;12138.00000000;92.75000000
NE;NORDESTE;2009-03-04;14054.00000000;97.91000366;14054.00000000;97.91000366
S;SUL;2009-03-04;6113.00000000;99.87999725;6073.00000000;99.23000336
SE;SUDESTE;2009-03-04;46847.00000000;89.91000366;42593.00000000;81.75000000
N;NORTE;2009-03-05;11900.00000000;90.93000031;11843.00000000;90.48999786
NE;NORDESTE;2009-03-05;13868.00000000;96.61000061;13868.00000000;96.61000061
S;SUL;2009-03-05;4951.00000000;80.88999939;4874.00000000;79.63999939
SE;SUDESTE;2009-03-05;44540.00000000;85.48000336;42065.00000000;80.73000336
N;NORTE;2009-03-06;11584.00000000;88.51999664;11529.00000000;88.09999847
NE;NORDESTE;2009-03-06;13570.00000000;94.52999878;13570.00000000;94.52999878
S;SUL;2009-03-06;4408.00000000;72.01999664;4363.00000000;71.29000092
SE;SUDESTE;2009-03-06;42583.00000000;81.73000336;40716.00000000;78.15000153
N;NORTE;2009-03-07;11343.00000000;86.66999817;11288.00000000;86.25000000
NE;NORDESTE;2009-03-07;12883.00000000;89.75000000;12883.00000000;89.75000000
S;SUL;2009-03-07;3905.00000000;63.79999924;3886.00000000;63.49000168
SE;SUDESTE;2009-03-07;41090.00000000;78.86000061;40527.00000000;77.77999878
N;NORTE;2009-03-08;11185.00000000;85.47000122;11130.00000000;85.05000305
NE;NORDESTE;2009-03-08;12267.00000000;85.45999908;12267.00000000;85.45999908
S;SUL;2009-03-08;4011.00000000;65.54000092;3990.00000000;65.19000244
SE;SUDESTE;2009-03-08;40296.00000000;77.33999634;39769.00000000;76.33000183
N;NORTE;2009-03-09;11066.00000000;84.55999756;11011.00000000;84.13999939
NE;NORDESTE;2009-03-09;11820.00000000;82.33999634;11820.00000000;82.33999634
S;SUL;2009-03-09;5049.00000000;82.50000000;5029.00000000;82.16999817
SE;SUDESTE;2009-03-09;40007.00000000;76.77999878;39561.00000000;75.93000031
N;NORTE;2009-03-10;10982.00000000;83.91999817;10705.00000000;81.80000305
NE;NORDESTE;2009-03-10;11468.00000000;79.88999939;11468.00000000;79.88999939
S;SUL;2009-03-10;4642.00000000;75.84999847;4622.00000000;75.51999664
SE;SUDESTE;2009-03-10;40273.00000000;77.29000092;39934.00000000;76.63999939
N;NORTE;2009-03-11;10933.00000000;83.54000092;10381.00000000;79.31999969
NE;NORDESTE;2009-03-11;11188.00000000;77.94000244;11188.00000000;77.94000244
S;SUL;2009-03-11;4627.00000000;75.59999847;4522.00000000;73.87999725
SE;SUDESTE;2009-03-11;41297.00000000;79.26000214;40926.00000000;78.55000305
N;NORTE;2009-03-12;10840.00000000;82.83000183;10032.00000000;76.66000366
NE;NORDESTE;2009-03-12;10790.00000000;75.16999817;10790.00000000;75.16999817
S;SUL;2009-03-12;4405.00000000;71.38999939;4311.00000000;69.87000275
SE;SUDESTE;2009-03-12;42267.00000000;81.12000275;41922.00000000;80.45999908
N;NORTE;2009-03-13;10739.00000000;82.05999756;9852.00000000;75.27999878
NE;NORDESTE;2009-03-13;10342.00000000;72.05000305;10342.00000000;72.05000305
S;SUL;2009-03-13;4346.00000000;70.43000031;4249.00000000;68.86000061
SE;SUDESTE;2009-03-13;43060.00000000;82.63999939;42801.00000000;82.15000153
N;NORTE;2009-03-14;10643.00000000;81.33000183;9757.00000000;74.55999756
NE;NORDESTE;2009-03-14;9851.00000000;68.62999725;9851.00000000;68.62999725
S;SUL;2009-03-14;3698.00000000;59.93000031;3671.00000000;59.49000168
SE;SUDESTE;2009-03-14;43969.00000000;84.38999939;43396.00000000;83.29000092
N;NORTE;2009-03-15;10558.00000000;80.68000031;9671.00000000;73.90000153
NE;NORDESTE;2009-03-15;9357.00000000;65.19000244;9357.00000000;65.19000244
S;SUL;2009-03-15;3340.00000000;54.13000107;3314.00000000;53.70999908
SE;SUDESTE;2009-03-15;44881.00000000;86.13999939;43785.00000000;84.04000092
N;NORTE;2009-03-16;10541.00000000;80.55000305;9955.00000000;76.06999969
NE;NORDESTE;2009-03-16;9382.00000000;65.36000061;9382.00000000;65.36000061
S;SUL;2009-03-16;3248.00000000;52.63999939;3222.00000000;52.22000122
SE;SUDESTE;2009-03-16;45526.00000000;87.37999725;44247.00000000;84.91999817
N;NORTE;2009-03-17;10654.00000000;81.41000366;10185.00000000;77.83000183
NE;NORDESTE;2009-03-17;8911.00000000;62.08000183;8911.00000000;62.08000183
S;SUL;2009-03-17;3226.00000000;52.27999878;3199.00000000;51.84000015
SE;SUDESTE;2009-03-17;46159.00000000;88.58999634;44654.00000000;85.69999695
N;NORTE;2009-03-18;10828.00000000;82.73999786;10418.00000000;79.61000061
NE;NORDESTE;2009-03-18;9300.00000000;64.79000092;9300.00000000;64.79000092
S;SUL;2009-03-18;3082.00000000;49.95000076;3053.00000000;49.47999954
SE;SUDESTE;2009-03-18;46579.00000000;89.40000153;44478.00000000;85.37000275
N;NORTE;2009-03-19;11043.00000000;84.37999725;10783.00000000;82.40000153
NE;NORDESTE;2009-03-19;8887.00000000;61.90999985;8887.00000000;61.90999985
S;SUL;2009-03-19;2877.00000000;46.63000107;2848.00000000;46.15999985
SE;SUDESTE;2009-03-19;46236.00000000;88.73999786;42674.00000000;81.90000153
N;NORTE;2009-03-20;11227.00000000;85.79000092;11011.00000000;84.13999939
NE;NORDESTE;2009-03-20;8890.00000000;61.93000031;8890.00000000;61.93000031
S;SUL;2009-03-20;2721.00000000;44.09999847;2693.00000000;43.63999939
SE;SUDESTE;2009-03-20;45851.00000000;88.00000000;43349.00000000;83.19999695
N;NORTE;2009-03-21;11419.00000000;87.26000214;11106.00000000;84.86000061
NE;NORDESTE;2009-03-21;8899.00000000;61.99000168;8899.00000000;61.99000168
S;SUL;2009-03-21;2545.00000000;41.25000000;2473.00000000;40.08000183
SE;SUDESTE;2009-03-21;45045.00000000;86.44999695;43373.00000000;83.23999786
N;NORTE;2009-03-22;11533.00000000;88.12999725;11175.00000000;85.38999939
NE;NORDESTE;2009-03-22;8900.00000000;62.00000000;8900.00000000;62.00000000
S;SUL;2009-03-22;2325.00000000;37.68000031;2298.00000000;37.24000168
SE;SUDESTE;2009-03-22;44325.00000000;85.06999969;42985.00000000;82.50000000
N;NORTE;2009-03-23;11527.00000000;88.08000183;11162.00000000;85.29000092
NE;NORDESTE;2009-03-23;8901.00000000;62.00999832;8901.00000000;62.00999832
S;SUL;2009-03-23;2636.00000000;42.72000122;2612.00000000;42.33000183
SE;SUDESTE;2009-03-23;44139.00000000;84.70999908;42165.00000000;80.93000031
N;NORTE;2009-03-24;11458.00000000;87.55000305;10883.00000000;83.16000366
NE;NORDESTE;2009-03-24;8874.00000000;61.81999969;8874.00000000;61.81999969
S;SUL;2009-03-24;2472.00000000;40.06000137;2406.00000000;38.99000168
SE;SUDESTE;2009-03-24;44354.00000000;85.12999725;39670.00000000;76.13999939
N;NORTE;2009-03-25;11323.00000000;86.51999664;10479.00000000;80.06999969
NE;NORDESTE;2009-03-25;8893.00000000;61.95000076;8893.00000000;61.95000076
S;SUL;2009-03-25;2354.00000000;38.15000153;2334.00000000;37.83000183
SE;SUDESTE;2009-03-25;45629.00000000;87.56999969;40548.00000000;77.81999969
N;NORTE;2009-03-26;11126.00000000;85.01999664;10011.00000000;76.50000000
NE;NORDESTE;2009-03-26;8669.00000000;60.38999939;8669.00000000;60.38999939
S;SUL;2009-03-26;2258.00000000;36.59000015;2237.00000000;36.25000000
SE;SUDESTE;2009-03-26;46922.00000000;90.05999756;43358.00000000;83.22000122
N;NORTE;2009-03-27;10951.00000000;83.68000031;9586.00000000;73.25000000
NE;NORDESTE;2009-03-27;8767.00000000;61.06999969;8767.00000000;61.06999969
S;SUL;2009-03-27;2154.00000000;34.90999985;2134.00000000;34.58000183
SE;SUDESTE;2009-03-27;47992.00000000;92.11000061;43391.00000000;83.27999878
N;NORTE;2009-03-28;10815.00000000;82.63999939;9177.00000000;70.12000275
NE;NORDESTE;2009-03-28;8706.00000000;60.65000153;8706.00000000;60.65000153
S;SUL;2009-03-28;2085.00000000;33.79000092;2066.00000000;33.47999954
SE;SUDESTE;2009-03-28;49409.00000000;94.83000183;42757.00000000;82.05999756
N;NORTE;2009-03-29;10779.00000000;82.36000061;8003.00000000;61.15000153
NE;NORDESTE;2009-03-29;8778.00000000;61.15000153;8778.00000000;61.15000153
S;SUL;2009-03-29;2079.00000000;33.68999863;2060.00000000;33.38999939
SE;SUDESTE;2009-03-29;51435.00000000;98.72000122;44389.00000000;85.19000244
N;NORTE;2009-03-30;10868.00000000;83.04000092;8113.00000000;61.99000168
NE;NORDESTE;2009-03-30;8811.00000000;61.38000107;8811.00000000;61.38000107
S;SUL;2009-03-30;2076.00000000;33.63999939;2048.00000000;33.18999863
SE;SUDESTE;2009-03-30;53116.00000000;101.94000244;44993.00000000;86.34999847
N;NORTE;2009-03-31;10959.00000000;83.73999786;8342.00000000;63.74000168
NE;NORDESTE;2009-03-31;9062.00000000;63.13000107;9062.00000000;63.13000107
S;SUL;2009-03-31;2005.00000000;32.49000168;1977.00000000;32.04000092
SE;SUDESTE;2009-03-31;55349.00000000;106.23000336;44979.00000000;86.33000183
N;NORTE;2009-04-01;11051.00000000;84.50000000;7574.00000000;57.90999985
NE;NORDESTE;2009-04-01;9315.00000000;79.47000122;9315.00000000;79.47000122
S;SUL;2009-04-01;1897.00000000;33.11999893;1877.00000000;32.77000046
SE;SUDESTE;2009-04-01;57074.00000000;144.71000671;45219.00000000;114.65000153
N;NORTE;2009-04-02;11220.00000000;85.79000092;7206.00000000;55.09999847
NE;NORDESTE;2009-04-02;9502.00000000;81.05999756;9502.00000000;81.05999756
S;SUL;2009-04-02;1758.00000000;30.70000076;1731.00000000;30.22999954
SE;SUDESTE;2009-04-02;57639.00000000;146.13999939;47213.00000000;119.70999908
N;NORTE;2009-04-03;11379.00000000;87.01000214;7404.00000000;56.61000061
NE;NORDESTE;2009-04-03;9366.00000000;79.90000153;9366.00000000;79.90000153
S;SUL;2009-04-03;1749.00000000;30.54000092;1723.00000000;30.09000015
SE;SUDESTE;2009-04-03;57262.00000000;145.19000244;48876.00000000;123.91999817
N;NORTE;2009-04-04;11503.00000000;87.95999908;7606.00000000;58.15999985
NE;NORDESTE;2009-04-04;9456.00000000;80.66999817;9456.00000000;80.66999817
S;SUL;2009-04-04;1628.00000000;28.43000031;1565.00000000;27.32999992
SE;SUDESTE;2009-04-04;56149.00000000;142.36000061;49654.00000000;125.90000153
N;NORTE;2009-04-05;11656.00000000;89.12999725;6778.00000000;51.83000183
NE;NORDESTE;2009-04-05;10082.00000000;86.01000214;10082.00000000;86.01000214
S;SUL;2009-04-05;1743.00000000;30.44000053;1715.00000000;29.95000076
SE;SUDESTE;2009-04-05;55516.00000000;140.75999451;46167.00000000;117.05999756
N;NORTE;2009-04-06;11813.00000000;90.33000183;6540.00000000;50.00999832
NE;NORDESTE;2009-04-06;10946.00000000;93.37999725;10946.00000000;93.37999725
S;SUL;2009-04-06;1796.00000000;31.36000061;1768.00000000;30.87000084
SE;SUDESTE;2009-04-06;55770.00000000;141.39999390;49497.00000000;125.50000000
N;NORTE;2009-04-07;11949.00000000;91.37000275;6676.00000000;51.04999924
NE;NORDESTE;2009-04-07;11730.00000000;100.06999969;11730.00000000;100.06999969
S;SUL;2009-04-07;1836.00000000;32.06000137;1809.00000000;31.59000015
SE;SUDESTE;2009-04-07;56353.00000000;142.88000488;50731.00000000;128.63000488
N;NORTE;2009-04-08;12036.00000000;92.02999878;6907.00000000;52.81000137
NE;NORDESTE;2009-04-08;12341.00000000;105.27999878;12341.00000000;105.27999878
S;SUL;2009-04-08;1681.00000000;29.35000038;1651.00000000;28.82999992
SE;SUDESTE;2009-04-08;56852.00000000;144.14999390;49065.00000000;124.40000153
N;NORTE;2009-04-09;12167.00000000;93.02999878;6821.00000000;52.15999985
NE;NORDESTE;2009-04-09;12713.00000000;108.45999908;12713.00000000;108.45999908
S;SUL;2009-04-09;1507.00000000;26.30999947;1479.00000000;25.82999992
SE;SUDESTE;2009-04-09;56478.00000000;143.19999695;47857.00000000;121.33999634
N;NORTE;2009-04-10;12352.00000000;94.44999695;5892.00000000;45.04999924
NE;NORDESTE;2009-04-10;12982.00000000;110.75000000;12982.00000000;110.75000000
S;SUL;2009-04-10;1406.00000000;24.54999924;1379.00000000;24.07999992
SE;SUDESTE;2009-04-10;55040.00000000;139.55000305;47376.00000000;120.12000275
N;NORTE;2009-04-11;12586.00000000;96.23999786;5702.00000000;43.59999847
NE;NORDESTE;2009-04-11;13795.00000000;117.69000244;13795.00000000;117.69000244
S;SUL;2009-04-11;1376.00000000;24.03000069;1347.00000000;23.52000046
SE;SUDESTE;2009-04-11;53140.00000000;134.74000549;46583.00000000;118.11000061
N;NORTE;2009-04-12;12831.00000000;98.11000061;5951.00000000;45.50000000
NE;NORDESTE;2009-04-12;14093.00000000;120.23000336;14093.00000000;120.23000336
S;SUL;2009-04-12;1397.00000000;24.38999939;1368.00000000;23.88999939
SE;SUDESTE;2009-04-12;51337.00000000;130.16000366;41880.00000000;106.19000244
N;NORTE;2009-04-13;13177.00000000;100.76000214;6883.00000000;52.63000107
NE;NORDESTE;2009-04-13;16008.00000000;136.57000732;15980.00000000;136.33000183
S;SUL;2009-04-13;1416.00000000;24.72999954;1389.00000000;24.25000000
SE;SUDESTE;2009-04-13;50333.00000000;127.62000275;45299.00000000;114.84999847
N;NORTE;2009-04-14;13572.00000000;103.77999878;7087.00000000;54.18999863
NE;NORDESTE;2009-04-14;16598.00000000;141.60000610;16472.00000000;140.52000427
S;SUL;2009-04-14;1417.00000000;24.73999977;1389.00000000;24.25000000
SE;SUDESTE;2009-04-14;49707.00000000;126.02999878;45635.00000000;115.70999908
N;NORTE;2009-04-15;13985.00000000;106.94000244;6931.00000000;53.00000000
NE;NORDESTE;2009-04-15;17007.00000000;145.08999634;16865.00000000;143.88000488
S;SUL;2009-04-15;1350.00000000;23.56999969;1322.00000000;23.07999992
SE;SUDESTE;2009-04-15;49967.00000000;126.69000244;44201.00000000;112.06999969
N;NORTE;2009-04-16;14368.00000000;109.86000061;6224.00000000;47.59000015
NE;NORDESTE;2009-04-16;15556.00000000;132.71000671;15415.00000000;131.50999451
S;SUL;2009-04-16;1275.00000000;22.26000023;1250.00000000;21.82999992
SE;SUDESTE;2009-04-16;49540.00000000;125.61000061;43649.00000000;110.66999817
N;NORTE;2009-04-17;14726.00000000;112.59999847;5883.00000000;44.97999954
NE;NORDESTE;2009-04-17;14943.00000000;127.48000336;14831.00000000;126.52999878
S;SUL;2009-04-17;1209.00000000;21.11000061;1187.00000000;20.72999954
SE;SUDESTE;2009-04-17;48370.00000000;122.63999939;45101.00000000;114.34999847
N;NORTE;2009-04-18;14900.00000000;113.93000031;5742.00000000;43.90999985
NE;NORDESTE;2009-04-18;14574.00000000;124.33000183;14493.00000000;123.63999939
S;SUL;2009-04-18;1119.00000000;19.54000092;1062.00000000;18.54000092
SE;SUDESTE;2009-04-18;46733.00000000;118.48999786;42914.00000000;108.80999756
N;NORTE;2009-04-19;14972.00000000;114.48000336;5573.00000000;42.61000061
NE;NORDESTE;2009-04-19;14424.00000000;123.05000305;14424.00000000;123.05000305
S;SUL;2009-04-19;1105.00000000;19.29000092;1084.00000000;18.93000031
SE;SUDESTE;2009-04-19;44733.00000000;113.41999817;39531.00000000;100.23000336
N;NORTE;2009-04-20;14927.00000000;114.13999939;5224.00000000;39.95000076
NE;NORDESTE;2009-04-20;14287.00000000;121.87999725;14287.00000000;121.87999725
S;SUL;2009-04-20;1143.00000000;19.95999908;1121.00000000;19.56999969
SE;SUDESTE;2009-04-20;42634.00000000;108.09999847;38987.00000000;98.84999847
N;NORTE;2009-04-21;14847.00000000;113.52999878;5306.00000000;40.56999969
NE;NORDESTE;2009-04-21;14361.00000000;122.51999664;14361.00000000;122.51999664
S;SUL;2009-04-21;1398.00000000;24.40999985;1375.00000000;24.01000023
SE;SUDESTE;2009-04-21;40756.00000000;103.33999634;37222.00000000;94.37999725
N;NORTE;2009-04-22;14800.00000000;113.16999817;6495.00000000;49.65999985
NE;NORDESTE;2009-04-22;14235.00000000;121.44000244;14235.00000000;121.44000244
S;SUL;2009-04-22;1589.00000000;27.75000000;1567.00000000;27.36000061
SE;SUDESTE;2009-04-22;39097.00000000;99.12999725;36277.00000000;91.98000336
N;NORTE;2009-04-23;14926.00000000;114.12999725;8332.00000000;63.70999908
NE;NORDESTE;2009-04-23;14235.00000000;121.44000244;14235.00000000;121.44000244
S;SUL;2009-04-23;1733.00000000;30.26000023;1674.00000000;29.22999954
SE;SUDESTE;2009-04-23;37793.00000000;95.81999969;36247.00000000;91.90000153
N;NORTE;2009-04-24;15106.00000000;115.51000214;8676.00000000;66.33999634
NE;NORDESTE;2009-04-24;14225.00000000;121.36000061;14225.00000000;121.36000061
S;SUL;2009-04-24;1696.00000000;29.61000061;1636.00000000;28.56999969
SE;SUDESTE;2009-04-24;36784.00000000;93.26000214;35909.00000000;91.05000305
N;NORTE;2009-04-25;15325.00000000;117.18000031;7939.00000000;60.70999908
NE;NORDESTE;2009-04-25;14172.00000000;120.90000153;14172.00000000;120.90000153
S;SUL;2009-04-25;1667.00000000;29.11000061;1517.00000000;26.48999977
SE;SUDESTE;2009-04-25;35945.00000000;91.13999939;35580.00000000;90.20999908
N;NORTE;2009-04-26;15557.00000000;118.95999908;7375.00000000;56.38999939
NE;NORDESTE;2009-04-26;14062.00000000;119.95999908;14062.00000000;119.95999908
S;SUL;2009-04-26;1557.00000000;27.19000053;1404.00000000;24.52000046
SE;SUDESTE;2009-04-26;35147.00000000;89.11000061;34857.00000000;88.37999725
N;NORTE;2009-04-27;15705.00000000;120.08999634;7035.00000000;53.79000092
NE;NORDESTE;2009-04-27;13469.00000000;114.91000366;13397.00000000;114.29000092
S;SUL;2009-04-27;1534.00000000;26.79000092;1467.00000000;25.62000084
SE;SUDESTE;2009-04-27;34502.00000000;87.48000336;34078.00000000;86.40000153
N;NORTE;2009-04-28;15739.00000000;120.34999847;6830.00000000;52.22999954
NE;NORDESTE;2009-04-28;12367.00000000;105.50000000;11850.00000000;101.08999634
S;SUL;2009-04-28;1533.00000000;26.77000046;1469.00000000;25.64999962
SE;SUDESTE;2009-04-28;33985.00000000;86.16999817;33675.00000000;85.37999725
N;NORTE;2009-04-29;15745.00000000;120.38999939;6850.00000000;52.38000107
NE;NORDESTE;2009-04-29;11207.00000000;95.61000061;10380.00000000;88.55000305
S;SUL;2009-04-29;1465.00000000;25.57999992;1366.00000000;23.85000038
SE;SUDESTE;2009-04-29;33562.00000000;85.09999847;32413.00000000;82.18000031
N;NORTE;2009-04-30;15787.00000000;120.70999908;6326.00000000;48.36999893
NE;NORDESTE;2009-04-30;9395.00000000;80.15000153;7856.00000000;67.01999664
S;SUL;2009-04-30;1316.00000000;22.97999954;1252.00000000;21.86000061
SE;SUDESTE;2009-04-30;33209.00000000;84.19999695;32592.00000000;82.63999939
N;NORTE;2009-05-01;16021.00000000;187.97000122;5717.00000000;67.08000183
NE;NORDESTE;2009-05-01;8755.00000000;123.26999664;6520.00000000;91.80000305
S;SUL;2009-05-01;1234.00000000;16.54000092;1083.00000000;14.51000023
SE;SUDESTE;2009-05-01;33341.00000000;115.91999817;32483.00000000;112.94000244
N;NORTE;2009-05-02;16401.00000000;192.42999268;5858.00000000;68.73000336
NE;NORDESTE;2009-05-02;8697.00000000;122.44999695;6964.00000000;98.05000305
S;SUL;2009-05-02;1213.00000000;16.25000000;1063.00000000;14.23999977
SE;SUDESTE;2009-05-02;33407.00000000;116.15000153;32146.00000000;111.76999664
N;NORTE;2009-05-03;16798.00000000;197.08999634;6257.00000000;73.41000366
NE;NORDESTE;2009-05-03;8610.00000000;121.23000336;7660.00000000;107.84999847
S;SUL;2009-05-03;1199.00000000;16.06999969;1050.00000000;14.06999969
SE;SUDESTE;2009-05-03;33231.00000000;115.54000092;31944.00000000;111.05999756
N;NORTE;2009-05-04;17267.00000000;202.58999634;5957.00000000;69.88999939
NE;NORDESTE;2009-05-04;8862.00000000;124.77999878;8608.00000000;121.19999695
S;SUL;2009-05-04;1128.00000000;15.11999989;1070.00000000;14.34000015
SE;SUDESTE;2009-05-04;33550.00000000;116.65000153;31894.00000000;110.88999939
N;NORTE;2009-05-05;17746.00000000;208.21000671;5540.00000000;65.00000000
NE;NORDESTE;2009-05-05;8833.00000000;124.37000275;8518.00000000;119.93000031
S;SUL;2009-05-05;1060.00000000;14.19999981;1001.00000000;13.40999985
SE;SUDESTE;2009-05-05;33906.00000000;117.87999725;32479.00000000;112.91999817
N;NORTE;2009-05-06;18130.00000000;212.72000122;5294.00000000;62.11000061
NE;NORDESTE;2009-05-06;8606.00000000;121.16999817;8328.00000000;117.26000214
S;SUL;2009-05-06;1040.00000000;13.93999958;979.00000000;13.11999989
SE;SUDESTE;2009-05-06;33903.00000000;117.87000275;33192.00000000;115.40000153
N;NORTE;2009-05-07;18621.00000000;218.47999573;6312.00000000;74.05999756
NE;NORDESTE;2009-05-07;8612.00000000;121.26000214;8197.00000000;115.41000366
S;SUL;2009-05-07;1088.00000000;14.57999992;995.00000000;13.32999992
SE;SUDESTE;2009-05-07;33800.00000000;117.51999664;33047.00000000;114.90000153
N;NORTE;2009-05-08;18874.00000000;221.44999695;7205.00000000;84.54000092
NE;NORDESTE;2009-05-08;8669.00000000;122.05999756;7679.00000000;108.12000275
S;SUL;2009-05-08;1136.00000000;15.22000027;994.00000000;13.31999969
SE;SUDESTE;2009-05-08;33488.00000000;116.43000031;33031.00000000;114.83999634
N;NORTE;2009-05-09;18675.00000000;219.11000061;6992.00000000;82.04000092
NE;NORDESTE;2009-05-09;9349.00000000;131.63000488;7648.00000000;107.68000031
S;SUL;2009-05-09;1129.00000000;15.13000011;842.00000000;11.27999973
SE;SUDESTE;2009-05-09;33073.00000000;114.98999786;32490.00000000;112.95999908
N;NORTE;2009-05-10;18810.00000000;220.69999695;7128.00000000;83.62999725
NE;NORDESTE;2009-05-10;9445.00000000;132.99000549;7199.00000000;101.36000061
S;SUL;2009-05-10;1120.00000000;15.01000023;830.00000000;11.11999989
SE;SUDESTE;2009-05-10;32620.00000000;113.41000366;32280.00000000;112.23000336
N;NORTE;2009-05-11;18697.00000000;219.36999512;7017.00000000;82.33000183
NE;NORDESTE;2009-05-11;9092.00000000;128.02000427;7485.00000000;105.38999939
S;SUL;2009-05-11;1235.00000000;16.54999924;1032.00000000;13.82999992
SE;SUDESTE;2009-05-11;32278.00000000;112.22000122;31852.00000000;110.73999786
N;NORTE;2009-05-12;18358.00000000;215.38999939;6704.00000000;78.66000366
NE;NORDESTE;2009-05-12;8989.00000000;126.56999969;6966.00000000;98.08000183
S;SUL;2009-05-12;1436.00000000;19.23999977;1234.00000000;16.54000092
SE;SUDESTE;2009-05-12;32115.00000000;111.66000366;31578.00000000;109.79000092
N;NORTE;2009-05-13;18160.00000000;213.07000732;6537.00000000;76.69999695
NE;NORDESTE;2009-05-13;9138.00000000;128.66000366;7238.00000000;101.91000366
S;SUL;2009-05-13;2225.00000000;29.81999969;2022.00000000;27.10000038
SE;SUDESTE;2009-05-13;31857.00000000;110.76000214;31322.00000000;108.90000153
N;NORTE;2009-05-14;18031.00000000;211.55999756;6812.00000000;79.91999817
NE;NORDESTE;2009-05-14;9099.00000000;128.11000061;8174.00000000;115.08999634
S;SUL;2009-05-14;3402.00000000;45.59000015;3204.00000000;42.93000031
SE;SUDESTE;2009-05-14;31554.00000000;109.70999908;31111.00000000;108.16999817
N;NORTE;2009-05-15;17867.00000000;209.63000488;6804.00000000;79.83000183
NE;NORDESTE;2009-05-15;8887.00000000;125.12999725;8616.00000000;121.30999756
S;SUL;2009-05-15;4301.00000000;57.63000107;4061.00000000;54.41999817
SE;SUDESTE;2009-05-15;31072.00000000;108.02999878;30409.00000000;105.73000336
N;NORTE;2009-05-16;17615.00000000;206.67999268;6615.00000000;77.61000061
NE;NORDESTE;2009-05-16;8390.00000000;118.12999725;8273.00000000;116.48000336
S;SUL;2009-05-16;3928.00000000;52.63999939;3609.00000000;48.36000061
SE;SUDESTE;2009-05-16;30690.00000000;106.69999695;30530.00000000;106.15000153
N;NORTE;2009-05-17;17309.00000000;203.08999634;5835.00000000;68.45999908
NE;NORDESTE;2009-05-17;8114.00000000;114.25000000;7792.00000000;109.70999908
S;SUL;2009-05-17;3212.00000000;43.04000092;2991.00000000;40.08000183
SE;SUDESTE;2009-05-17;30315.00000000;105.40000153;29955.00000000;104.15000153
N;NORTE;2009-05-18;17022.00000000;199.72000122;6026.00000000;70.69999695
NE;NORDESTE;2009-05-18;7867.00000000;110.76999664;7500.00000000;105.59999847
S;SUL;2009-05-18;2745.00000000;36.77999878;2549.00000000;34.15999985
SE;SUDESTE;2009-05-18;29869.00000000;103.84999847;29726.00000000;103.34999847
N;NORTE;2009-05-19;16754.00000000;196.57000732;7027.00000000;82.44999695
NE;NORDESTE;2009-05-19;7778.00000000;109.51000214;6850.00000000;96.44999695
S;SUL;2009-05-19;2461.00000000;32.97999954;2281.00000000;30.56999969
SE;SUDESTE;2009-05-19;29322.00000000;101.94999695;29156.00000000;101.37000275
N;NORTE;2009-05-20;16450.00000000;193.00999451;7039.00000000;82.58999634
NE;NORDESTE;2009-05-20;7661.00000000;107.87000275;7205.00000000;101.44999695
S;SUL;2009-05-20;2343.00000000;31.39999962;2164.00000000;29.00000000
SE;SUDESTE;2009-05-20;28753.00000000;99.97000122;28621.00000000;99.51000214
N;NORTE;2009-05-21;16183.00000000;189.86999512;6781.00000000;79.55999756
NE;NORDESTE;2009-05-21;7451.00000000;104.91000366;6533.00000000;91.98000336
S;SUL;2009-05-21;2113.00000000;28.30999947;1935.00000000;25.93000031
SE;SUDESTE;2009-05-21;28289.00000000;98.36000061;28152.00000000;97.87999725
N;NORTE;2009-05-22;15937.00000000;186.99000549;6543.00000000;76.76999664
NE;NORDESTE;2009-05-22;7256.00000000;102.16000366;6392.00000000;90.00000000
S;SUL;2009-05-22;1823.00000000;24.43000031;1646.00000000;22.05999947
SE;SUDESTE;2009-05-22;27848.00000000;96.81999969;27625.00000000;96.05000305
N;NORTE;2009-05-23;15643.00000000;183.53999329;6261.00000000;73.45999908
NE;NORDESTE;2009-05-23;6876.00000000;96.80999756;5873.00000000;82.69000244
S;SUL;2009-05-23;1637.00000000;21.94000053;1368.00000000;18.32999992
SE;SUDESTE;2009-05-23;27465.00000000;95.48999786;27369.00000000;95.16000366
N;NORTE;2009-05-24;15306.00000000;179.58000183;6322.00000000;74.18000031
NE;NORDESTE;2009-05-24;6696.00000000;94.27999878;6102.00000000;85.91999817
S;SUL;2009-05-24;1734.00000000;23.23999977;1464.00000000;19.62000084
SE;SUDESTE;2009-05-24;27143.00000000;94.37000275;27065.00000000;94.09999847
N;NORTE;2009-05-25;14996.00000000;175.94999695;6868.00000000;80.58000183
NE;NORDESTE;2009-05-25;6285.00000000;88.48999786;6018.00000000;84.73000336
S;SUL;2009-05-25;2202.00000000;29.51000023;2017.00000000;27.03000069
SE;SUDESTE;2009-05-25;26860.00000000;93.38999939;26752.00000000;93.01000214
N;NORTE;2009-05-26;14677.00000000;172.19999695;7357.00000000;86.31999969
NE;NORDESTE;2009-05-26;6180.00000000;87.01000214;6180.00000000;87.01000214
S;SUL;2009-05-26;2911.00000000;39.00999832;2724.00000000;36.50000000
SE;SUDESTE;2009-05-26;26739.00000000;92.97000122;26554.00000000;92.31999969
N;NORTE;2009-05-27;14295.00000000;167.72000122;7528.00000000;88.33000183
NE;NORDESTE;2009-05-27;5887.00000000;82.88999939;5887.00000000;82.88999939
S;SUL;2009-05-27;3222.00000000;43.18000031;3036.00000000;40.68000031
SE;SUDESTE;2009-05-27;26681.00000000;92.76000214;26611.00000000;92.51999664
N;NORTE;2009-05-28;13945.00000000;163.61999512;7328.00000000;85.98000336
NE;NORDESTE;2009-05-28;5771.00000000;81.26000214;5771.00000000;81.26000214
S;SUL;2009-05-28;3251.00000000;43.56000137;3060.00000000;41.00000000
SE;SUDESTE;2009-05-28;26674.00000000;92.73999786;26616.00000000;92.54000092
N;NORTE;2009-05-29;13530.00000000;158.75000000;6506.00000000;76.33000183
NE;NORDESTE;2009-05-29;5646.00000000;79.50000000;5646.00000000;79.50000000
S;SUL;2009-05-29;3097.00000000;41.50000000;2911.00000000;39.00999832
SE;SUDESTE;2009-05-29;26777.00000000;93.09999847;26710.00000000;92.87000275
N;NORTE;2009-05-30;12993.00000000;152.44999695;5806.00000000;68.12000275
NE;NORDESTE;2009-05-30;5821.00000000;81.95999908;5821.00000000;81.95999908
S;SUL;2009-05-30;3358.00000000;45.00000000;3089.00000000;41.38999939
SE;SUDESTE;2009-05-30;26722.00000000;92.91000366;26667.00000000;92.72000122
N;NORTE;2009-05-31;12458.00000000;146.16999817;5271.00000000;61.84000015
NE;NORDESTE;2009-05-31;5625.00000000;79.19999695;5625.00000000;79.19999695
S;SUL;2009-05-31;3950.00000000;52.93000031;3677.00000000;49.27000046
SE;SUDESTE;2009-05-31;26604.00000000;92.50000000;26509.00000000;92.16999817
N;NORTE;2009-06-01;11938.00000000;298.41000366;5874.00000000;146.83000183
NE;NORDESTE;2009-06-01;5872.00000000;125.16000366;5872.00000000;125.16000366
S;SUL;2009-06-01;4591.00000000;50.40000153;4364.00000000;47.90999985
SE;SUDESTE;2009-06-01;26394.00000000;106.16000366;26323.00000000;105.87000275
N;NORTE;2009-06-02;11370.00000000;284.20999146;6932.00000000;173.27999878
NE;NORDESTE;2009-06-02;5396.00000000;115.01999664;5396.00000000;115.01999664
S;SUL;2009-06-02;4674.00000000;51.31000137;4457.00000000;48.93000031
SE;SUDESTE;2009-06-02;26272.00000000;105.66999817;26185.00000000;105.31999969
N;NORTE;2009-06-03;10873.00000000;271.79000854;8080.00000000;201.97000122
NE;NORDESTE;2009-06-03;5295.00000000;112.86000061;5295.00000000;112.86000061
S;SUL;2009-06-03;4374.00000000;48.02000046;4185.00000000;45.93999863
SE;SUDESTE;2009-06-03;26006.00000000;104.59999847;25954.00000000;104.38999939
N;NORTE;2009-06-04;10518.00000000;262.91000366;8283.00000000;207.05000305
NE;NORDESTE;2009-06-04;5210.00000000;111.05000305;5210.00000000;111.05000305
S;SUL;2009-06-04;4028.00000000;44.22000122;3839.00000000;42.13999939
SE;SUDESTE;2009-06-04;25697.00000000;103.36000061;25637.00000000;103.11000061
N;NORTE;2009-06-05;10208.00000000;255.16000366;7963.00000000;199.05000305
NE;NORDESTE;2009-06-05;5198.00000000;110.80000305;5198.00000000;110.80000305
S;SUL;2009-06-05;3414.00000000;37.47999954;3234.00000000;35.50000000
SE;SUDESTE;2009-06-05;25290.00000000;101.72000122;25244.00000000;101.52999878
N;NORTE;2009-06-06;9920.00000000;247.97000122;7321.00000000;183.00000000
NE;NORDESTE;2009-06-06;5124.00000000;109.22000122;5124.00000000;109.22000122
S;SUL;2009-06-06;2959.00000000;32.47999954;2718.00000000;29.84000015
SE;SUDESTE;2009-06-06;24923.00000000;100.23999786;24787.00000000;99.69999695
N;NORTE;2009-06-07;9693.00000000;242.28999329;6831.00000000;170.75000000
NE;NORDESTE;2009-06-07;5072.00000000;108.11000061;5072.00000000;108.11000061
S;SUL;2009-06-07;2659.00000000;29.19000053;2407.00000000;26.42000008
SE;SUDESTE;2009-06-07;24610.00000000;98.98000336;24409.00000000;98.18000031
N;NORTE;2009-06-08;9313.00000000;232.78999329;6451.00000000;161.25000000
NE;NORDESTE;2009-06-08;5183.00000000;110.48000336;5183.00000000;110.48000336
S;SUL;2009-06-08;2451.00000000;26.90999985;2273.00000000;24.95000076
SE;SUDESTE;2009-06-08;24412.00000000;98.19000244;24201.00000000;97.33999634
N;NORTE;2009-06-09;8941.00000000;223.49000549;6518.00000000;162.92999268
NE;NORDESTE;2009-06-09;4914.00000000;104.73999786;4914.00000000;104.73999786
S;SUL;2009-06-09;2600.00000000;28.54000092;2420.00000000;26.56999969
SE;SUDESTE;2009-06-09;24320.00000000;97.81999969;24011.00000000;96.56999969
N;NORTE;2009-06-10;8442.00000000;211.02000427;7240.00000000;180.97000122
NE;NORDESTE;2009-06-10;4815.00000000;102.62999725;4815.00000000;102.62999725
S;SUL;2009-06-10;2574.00000000;28.26000023;2395.00000000;26.29000092
SE;SUDESTE;2009-06-10;24346.00000000;97.91999817;24030.00000000;96.65000153
N;NORTE;2009-06-11;7992.00000000;199.77000427;7872.00000000;196.77000427
NE;NORDESTE;2009-06-11;4674.00000000;99.62999725;4674.00000000;99.62999725
S;SUL;2009-06-11;2620.00000000;28.76000023;2360.00000000;25.90999985
SE;SUDESTE;2009-06-11;24387.00000000;98.08999634;24092.00000000;96.90000153
N;NORTE;2009-06-12;7566.00000000;189.11999512;7259.00000000;181.44999695
NE;NORDESTE;2009-06-12;4541.00000000;96.79000092;4541.00000000;96.79000092
S;SUL;2009-06-12;2449.00000000;26.87999916;2265.00000000;24.86000061
SE;SUDESTE;2009-06-12;24502.00000000;98.55000305;24307.00000000;97.76999664
N;NORTE;2009-06-13;7348.00000000;183.66999817;6648.00000000;166.17999268
NE;NORDESTE;2009-06-13;4404.00000000;93.87000275;4404.00000000;93.87000275
S;SUL;2009-06-13;2247.00000000;24.67000008;1984.00000000;21.78000069
SE;SUDESTE;2009-06-13;24650.00000000;99.13999939;24430.00000000;98.26000214
N;NORTE;2009-06-14;7096.00000000;177.38000488;6438.00000000;160.92999268
NE;NORDESTE;2009-06-14;4283.00000000;91.29000092;4283.00000000;91.29000092
S;SUL;2009-06-14;2131.00000000;23.38999939;1868.00000000;20.51000023
SE;SUDESTE;2009-06-14;24760.00000000;99.58999634;24653.00000000;99.16000366
N;NORTE;2009-06-15;6876.00000000;171.88000488;5991.00000000;149.75000000
NE;NORDESTE;2009-06-15;4199.00000000;89.50000000;4199.00000000;89.50000000
S;SUL;2009-06-15;2359.00000000;25.89999962;2177.00000000;23.89999962
SE;SUDESTE;2009-06-15;24770.00000000;99.62999725;24526.00000000;98.65000153
N;NORTE;2009-06-16;6612.00000000;165.27999878;6164.00000000;154.08000183
NE;NORDESTE;2009-06-16;4104.00000000;87.48000336;4104.00000000;87.48000336
S;SUL;2009-06-16;2841.00000000;31.19000053;2668.00000000;29.29000092
SE;SUDESTE;2009-06-16;24839.00000000;99.90000153;24610.00000000;98.98000336
N;NORTE;2009-06-17;6316.00000000;157.88000488;6256.00000000;156.38000488
NE;NORDESTE;2009-06-17;4027.00000000;85.83999634;4027.00000000;85.83999634
S;SUL;2009-06-17;3413.00000000;37.47000122;3233.00000000;35.49000168
SE;SUDESTE;2009-06-17;24764.00000000;99.59999847;24542.00000000;98.70999908
N;NORTE;2009-06-18;5982.00000000;149.52999878;5922.00000000;148.02999878
NE;NORDESTE;2009-06-18;4053.00000000;86.38999939;4053.00000000;86.38999939
S;SUL;2009-06-18;3735.00000000;41.00000000;3556.00000000;39.04000092
SE;SUDESTE;2009-06-18;24761.00000000;99.58999634;24690.00000000;99.30999756
N;NORTE;2009-06-19;5669.00000000;141.71000671;5608.00000000;140.17999268
NE;NORDESTE;2009-06-19;4166.00000000;88.80000305;4166.00000000;88.80000305
S;SUL;2009-06-19;3661.00000000;40.18999863;3482.00000000;38.22000122
SE;SUDESTE;2009-06-19;24744.00000000;99.51999664;24639.00000000;99.09999847
N;NORTE;2009-06-20;5411.00000000;135.25999451;5350.00000000;133.72999573
NE;NORDESTE;2009-06-20;4395.00000000;93.68000031;4395.00000000;93.68000031
S;SUL;2009-06-20;3271.00000000;35.90999985;3041.00000000;33.38000107
SE;SUDESTE;2009-06-20;24606.00000000;98.97000122;24529.00000000;98.66000366
N;NORTE;2009-06-21;5244.00000000;131.08000183;5183.00000000;129.55999756
NE;NORDESTE;2009-06-21;4642.00000000;98.94999695;4642.00000000;98.94999695
S;SUL;2009-06-21;2983.00000000;32.75000000;2763.00000000;30.32999992
SE;SUDESTE;2009-06-21;24486.00000000;98.48999786;24410.00000000;98.18000031
N;NORTE;2009-06-22;5100.00000000;127.48000336;5045.00000000;126.11000061
NE;NORDESTE;2009-06-22;4765.00000000;101.56999969;4765.00000000;101.56999969
S;SUL;2009-06-22;3020.00000000;33.15000153;2838.00000000;31.15999985
SE;SUDESTE;2009-06-22;24488.00000000;98.48999786;24418.00000000;98.20999908
N;NORTE;2009-06-23;4953.00000000;123.80999756;4903.00000000;122.55999756
NE;NORDESTE;2009-06-23;4809.00000000;102.50000000;4809.00000000;102.50000000
S;SUL;2009-06-23;3272.00000000;35.91999817;3093.00000000;33.95000076
SE;SUDESTE;2009-06-23;24391.00000000;98.09999847;24319.00000000;97.80999756
N;NORTE;2009-06-24;4839.00000000;120.95999908;4789.00000000;119.70999908
NE;NORDESTE;2009-06-24;4730.00000000;100.81999969;4730.00000000;100.81999969
S;SUL;2009-06-24;3941.00000000;43.25999832;3760.00000000;41.27999878
SE;SUDESTE;2009-06-24;24273.00000000;97.62999725;24129.00000000;97.05000305
N;NORTE;2009-06-25;4712.00000000;117.77999878;4664.00000000;116.58000183
NE;NORDESTE;2009-06-25;4507.00000000;96.06999969;4507.00000000;96.06999969
S;SUL;2009-06-25;4124.00000000;45.27000046;3939.00000000;43.24000168
SE;SUDESTE;2009-06-25;24247.00000000;97.51999664;24146.00000000;97.12000275
N;NORTE;2009-06-26;4533.00000000;113.30999756;4493.00000000;112.30999756
NE;NORDESTE;2009-06-26;4234.00000000;90.25000000;4234.00000000;90.25000000
S;SUL;2009-06-26;3930.00000000;43.13999939;3757.00000000;41.24000168
SE;SUDESTE;2009-06-26;24276.00000000;97.63999939;24223.00000000;97.43000031
N;NORTE;2009-06-27;4353.00000000;108.80999756;4318.00000000;107.93000031
NE;NORDESTE;2009-06-27;3973.00000000;84.69000244;3973.00000000;84.69000244
S;SUL;2009-06-27;3523.00000000;38.66999817;3336.00000000;36.61999893
SE;SUDESTE;2009-06-27;24517.00000000;98.61000061;24413.00000000;98.19000244
N;NORTE;2009-06-28;4210.00000000;105.23999786;4177.00000000;104.41000366
NE;NORDESTE;2009-06-28;3797.00000000;80.93000031;3797.00000000;80.93000031
S;SUL;2009-06-28;3369.00000000;36.97999954;3168.00000000;34.77999878
SE;SUDESTE;2009-06-28;24876.00000000;100.05000305;24812.00000000;99.80000305
N;NORTE;2009-06-29;4044.00000000;101.08999634;4011.00000000;100.26000214
NE;NORDESTE;2009-06-29;3728.00000000;79.45999908;3728.00000000;79.45999908
S;SUL;2009-06-29;3528.00000000;38.72999954;3353.00000000;36.81000137
SE;SUDESTE;2009-06-29;25338.00000000;101.91000366;25265.00000000;101.62000275
N;NORTE;2009-06-30;3937.00000000;98.41000366;3899.00000000;97.45999908
NE;NORDESTE;2009-06-30;3735.00000000;79.61000061;3735.00000000;79.61000061
S;SUL;2009-06-30;3924.00000000;43.08000183;3749.00000000;41.15999985
SE;SUDESTE;2009-06-30;25632.00000000;103.08999634;25575.00000000;102.87000275
N;NORTE;2009-07-01;3894.00000000;169.16999817;3852.00000000;167.33999634
NE;NORDESTE;2009-07-01;3749.00000000;96.87999725;3749.00000000;96.87999725
S;SUL;2009-07-01;4393.00000000;46.04999924;4221.00000000;44.25000000
SE;SUDESTE;2009-07-01;25933.00000000;126.15000153;25839.00000000;125.69000244
N;NORTE;2009-07-02;3841.00000000;166.86000061;3797.00000000;164.94999695
NE;NORDESTE;2009-07-02;3786.00000000;97.83999634;3786.00000000;97.83999634
S;SUL;2009-07-02;4667.00000000;48.91999817;4500.00000000;47.16999817
SE;SUDESTE;2009-07-02;26106.00000000;126.98999786;26023.00000000;126.58000183
N;NORTE;2009-07-03;3767.00000000;163.64999390;3723.00000000;161.74000549
NE;NORDESTE;2009-07-03;3854.00000000;99.59999847;3854.00000000;99.59999847
S;SUL;2009-07-03;4630.00000000;48.52999878;4467.00000000;46.81999969
SE;SUDESTE;2009-07-03;26217.00000000;127.52999878;26170.00000000;127.30000305
N;NORTE;2009-07-04;3727.00000000;161.91000366;3683.00000000;160.00000000
NE;NORDESTE;2009-07-04;3940.00000000;101.81999969;3940.00000000;101.81999969
S;SUL;2009-07-04;4270.00000000;44.75999832;4074.00000000;42.70000076
SE;SUDESTE;2009-07-04;26146.00000000;127.18000031;25499.00000000;124.02999878
N;NORTE;2009-07-05;3634.00000000;157.86999512;3595.00000000;156.17999268
NE;NORDESTE;2009-07-05;3926.00000000;101.45999908;3926.00000000;101.45999908
S;SUL;2009-07-05;4075.00000000;42.70999908;3818.00000000;40.02000046
SE;SUDESTE;2009-07-05;26097.00000000;126.94000244;25135.00000000;122.26000214
N;NORTE;2009-07-06;3541.00000000;153.83000183;3508.00000000;152.39999390
NE;NORDESTE;2009-07-06;3931.00000000;101.58999634;3931.00000000;101.58999634
S;SUL;2009-07-06;4168.00000000;43.68999863;3992.00000000;41.84000015
SE;SUDESTE;2009-07-06;26046.00000000;126.69999695;25092.00000000;122.05999756
N;NORTE;2009-07-07;3424.00000000;148.75000000;3390.00000000;147.27000427
NE;NORDESTE;2009-07-07;3964.00000000;102.44000244;3964.00000000;102.44000244
S;SUL;2009-07-07;5022.00000000;52.63999939;4845.00000000;50.79000092
SE;SUDESTE;2009-07-07;25745.00000000;125.23000336;24734.00000000;120.30999756
N;NORTE;2009-07-08;3361.00000000;146.00999451;3328.00000000;144.58000183
NE;NORDESTE;2009-07-08;3961.00000000;102.36000061;3961.00000000;102.36000061
S;SUL;2009-07-08;7997.00000000;83.83000183;7810.00000000;81.87000275
SE;SUDESTE;2009-07-08;25420.00000000;123.65000153;24471.00000000;119.02999878
N;NORTE;2009-07-09;3266.00000000;141.88000488;3233.00000000;140.44999695
NE;NORDESTE;2009-07-09;3976.00000000;102.75000000;3976.00000000;102.75000000
S;SUL;2009-07-09;9011.00000000;94.44999695;8729.00000000;91.50000000
SE;SUDESTE;2009-07-09;25009.00000000;121.65000153;24601.00000000;119.66999817
N;NORTE;2009-07-10;3194.00000000;138.75999451;3160.00000000;137.27999878
NE;NORDESTE;2009-07-10;3935.00000000;101.69000244;3935.00000000;101.69000244
S;SUL;2009-07-10;9608.00000000;100.70999908;9354.00000000;98.05000305
SE;SUDESTE;2009-07-10;24913.00000000;121.18000031;24836.00000000;120.80999756
N;NORTE;2009-07-11;3114.00000000;135.27999878;3081.00000000;133.85000610
NE;NORDESTE;2009-07-11;3927.00000000;101.48000336;3927.00000000;101.48000336
S;SUL;2009-07-11;13206.00000000;138.42999268;12562.00000000;131.67999268
SE;SUDESTE;2009-07-11;27645.00000000;134.47000122;27591.00000000;134.21000671
N;NORTE;2009-07-12;3113.00000000;135.24000549;3080.00000000;133.80000305
NE;NORDESTE;2009-07-12;3897.00000000;100.70999908;3897.00000000;100.70999908
S;SUL;2009-07-12;14887.00000000;156.05000305;14090.00000000;147.69000244
SE;SUDESTE;2009-07-12;28765.00000000;139.91999817;27688.00000000;134.67999268
N;NORTE;2009-07-13;3086.00000000;134.05999756;3050.00000000;132.50000000
NE;NORDESTE;2009-07-13;3892.00000000;100.58000183;3892.00000000;100.58000183
S;SUL;2009-07-13;14425.00000000;151.21000671;13743.00000000;144.05999756
SE;SUDESTE;2009-07-13;31279.00000000;152.14999390;29977.00000000;145.82000732
N;NORTE;2009-07-14;3050.00000000;132.50000000;3005.00000000;130.55000305
NE;NORDESTE;2009-07-14;3885.00000000;100.40000153;3885.00000000;100.40000153
S;SUL;2009-07-14;12577.00000000;131.83000183;12041.00000000;126.22000122
SE;SUDESTE;2009-07-14;33076.00000000;160.88999939;31055.00000000;151.05999756
N;NORTE;2009-07-15;3051.00000000;132.53999329;3001.00000000;130.36999512
NE;NORDESTE;2009-07-15;3876.00000000;100.16999817;3876.00000000;100.16999817
S;SUL;2009-07-15;11459.00000000;120.12000275;11146.00000000;116.83000183
SE;SUDESTE;2009-07-15;33130.00000000;161.14999390;31270.00000000;152.11000061
N;NORTE;2009-07-16;2989.00000000;129.85000610;2939.00000000;127.68000031
NE;NORDESTE;2009-07-16;3856.00000000;99.65000153;3856.00000000;99.65000153
S;SUL;2009-07-16;15232.00000000;159.66000366;14658.00000000;153.64999390
SE;SUDESTE;2009-07-16;31310.00000000;152.30000305;29781.00000000;144.86000061
N;NORTE;2009-07-17;2899.00000000;125.94000244;2875.00000000;124.90000153
NE;NORDESTE;2009-07-17;3827.00000000;98.90000153;3827.00000000;98.90000153
S;SUL;2009-07-17;22746.00000000;238.42999268;20086.00000000;210.53999329
SE;SUDESTE;2009-07-17;28880.00000000;140.47999573;28141.00000000;136.88999939
N;NORTE;2009-07-18;2817.00000000;122.37999725;2784.00000000;120.94000244
NE;NORDESTE;2009-07-18;3801.00000000;98.23000336;3801.00000000;98.23000336
S;SUL;2009-07-18;19189.00000000;201.13999939;17090.00000000;179.13999939
SE;SUDESTE;2009-07-18;27082.00000000;131.74000549;27052.00000000;131.58999634
N;NORTE;2009-07-19;2721.00000000;118.20999908;2688.00000000;116.76999664
NE;NORDESTE;2009-07-19;3783.00000000;97.76000214;3783.00000000;97.76000214
S;SUL;2009-07-19;15658.00000000;164.13000488;14201.00000000;148.86000061
SE;SUDESTE;2009-07-19;25704.00000000;125.02999878;25632.00000000;124.68000031
N;NORTE;2009-07-20;2649.00000000;115.08000183;2612.00000000;113.47000122
NE;NORDESTE;2009-07-20;3724.00000000;96.23999786;3724.00000000;96.23999786
S;SUL;2009-07-20;13234.00000000;138.72000122;12238.00000000;128.27999878
SE;SUDESTE;2009-07-20;24691.00000000;120.09999847;24642.00000000;119.87000275
N;NORTE;2009-07-21;2585.00000000;112.30000305;2546.00000000;110.61000061
NE;NORDESTE;2009-07-21;3685.00000000;95.23000336;3685.00000000;95.23000336
S;SUL;2009-07-21;11501.00000000;120.55999756;10824.00000000;113.45999908
SE;SUDESTE;2009-07-21;24184.00000000;117.63999939;24053.00000000;117.00000000
N;NORTE;2009-07-22;2554.00000000;110.94999695;2512.00000000;109.12999725
NE;NORDESTE;2009-07-22;3632.00000000;93.86000061;3632.00000000;93.86000061
S;SUL;2009-07-22;10901.00000000;114.26999664;10268.00000000;107.62999725
SE;SUDESTE;2009-07-22;23993.00000000;116.70999908;23793.00000000;115.73999786
N;NORTE;2009-07-23;2488.00000000;108.08999634;2444.00000000;106.16999817
NE;NORDESTE;2009-07-23;3597.00000000;92.95999908;3597.00000000;92.95999908
S;SUL;2009-07-23;11254.00000000;117.97000122;10600.00000000;111.11000061
SE;SUDESTE;2009-07-23;24093.00000000;117.19999695;23909.00000000;116.30000305
N;NORTE;2009-07-24;2486.00000000;108.00000000;2445.00000000;106.22000122
NE;NORDESTE;2009-07-24;3535.00000000;91.34999847;3535.00000000;91.34999847
S;SUL;2009-07-24;11040.00000000;115.72000122;10396.00000000;108.97000122
SE;SUDESTE;2009-07-24;25705.00000000;125.04000092;25493.00000000;124.01000214
N;NORTE;2009-07-25;2441.00000000;106.04000092;2403.00000000;104.38999939
NE;NORDESTE;2009-07-25;3482.00000000;89.98000336;3482.00000000;89.98000336
S;SUL;2009-07-25;10149.00000000;106.37999725;9700.00000000;101.68000031
SE;SUDESTE;2009-07-25;26312.00000000;127.98999786;26121.00000000;127.05999756
N;NORTE;2009-07-26;2444.00000000;106.16999817;2407.00000000;104.56999969
NE;NORDESTE;2009-07-26;3397.00000000;87.79000092;3397.00000000;87.79000092
S;SUL;2009-07-26;9546.00000000;100.05999756;9184.00000000;96.26999664
SE;SUDESTE;2009-07-26;26548.00000000;129.13999939;26380.00000000;128.32000732
N;NORTE;2009-07-27;2398.00000000;104.18000031;2368.00000000;102.87000275
NE;NORDESTE;2009-07-27;3314.00000000;85.63999939;3314.00000000;85.63999939
S;SUL;2009-07-27;9288.00000000;97.36000061;9084.00000000;95.22000122
SE;SUDESTE;2009-07-27;27721.00000000;134.83999634;27627.00000000;134.38999939
N;NORTE;2009-07-28;2380.00000000;103.38999939;2352.00000000;102.18000031
NE;NORDESTE;2009-07-28;3228.00000000;83.41999817;3228.00000000;83.41999817
S;SUL;2009-07-28;9536.00000000;99.95999908;9385.00000000;98.37999725
SE;SUDESTE;2009-07-28;28957.00000000;140.86000061;28859.00000000;140.38000488
N;NORTE;2009-07-29;2340.00000000;101.66000366;2313.00000000;100.48000336
NE;NORDESTE;2009-07-29;3178.00000000;82.12999725;3178.00000000;82.12999725
S;SUL;2009-07-29;9839.00000000;103.12999725;9530.00000000;99.88999939
SE;SUDESTE;2009-07-29;29733.00000000;144.63000488;29582.00000000;143.89999390
N;NORTE;2009-07-30;2298.00000000;99.83000183;2271.00000000;98.66000366
NE;NORDESTE;2009-07-30;3095.00000000;79.98000336;3095.00000000;79.98000336
S;SUL;2009-07-30;9753.00000000;102.23000336;9353.00000000;98.04000092
SE;SUDESTE;2009-07-30;29647.00000000;144.21000671;29515.00000000;143.57000732
N;NORTE;2009-07-31;2262.00000000;98.26999664;2235.00000000;97.08999634
NE;NORDESTE;2009-07-31;3174.00000000;82.02999878;3174.00000000;82.02999878
S;SUL;2009-07-31;9278.00000000;97.25000000;8923.00000000;93.52999878
SE;SUDESTE;2009-07-31;30052.00000000;146.17999268;29960.00000000;145.72999573
N;NORTE;2009-08-01;2210.00000000;136.86999512;2180.00000000;135.00999451
NE;NORDESTE;2009-08-01;3182.00000000;94.30000305;3182.00000000;94.30000305
S;SUL;2009-08-01;12164.00000000;139.86999512;11426.00000000;131.38000488
SE;SUDESTE;2009-08-01;30059.00000000;175.44000244;29964.00000000;174.88999939
N;NORTE;2009-08-02;2152.00000000;133.27999878;2115.00000000;130.99000549
NE;NORDESTE;2009-08-02;3257.00000000;96.51999664;3257.00000000;96.51999664
S;SUL;2009-08-02;25208.00000000;289.85998535;21388.00000000;245.92999268
SE;SUDESTE;2009-08-02;29104.00000000;169.86999512;26330.00000000;153.67999268
N;NORTE;2009-08-03;2108.00000000;130.55000305;2070.00000000;128.19999695
NE;NORDESTE;2009-08-03;3244.00000000;96.12999725;3244.00000000;96.12999725
S;SUL;2009-08-03;26721.00000000;307.25000000;22066.00000000;253.72999573
SE;SUDESTE;2009-08-03;28105.00000000;164.03999329;27600.00000000;161.08999634
N;NORTE;2009-08-04;2070.00000000;128.19999695;2035.00000000;126.02999878
NE;NORDESTE;2009-08-04;3421.00000000;101.37999725;3421.00000000;101.37999725
S;SUL;2009-08-04;21414.00000000;246.22999573;18758.00000000;215.69000244
SE;SUDESTE;2009-08-04;27059.00000000;157.92999268;26902.00000000;157.02000427
N;NORTE;2009-08-05;1994.00000000;123.48999786;1967.00000000;121.81999969
NE;NORDESTE;2009-08-05;3580.00000000;106.08999634;3580.00000000;106.08999634
S;SUL;2009-08-05;18198.00000000;209.25000000;16405.00000000;188.63000488
SE;SUDESTE;2009-08-05;25955.00000000;151.49000549;25884.00000000;151.07000732
N;NORTE;2009-08-06;1957.00000000;121.19999695;1933.00000000;119.70999908
NE;NORDESTE;2009-08-06;3632.00000000;107.62999725;3632.00000000;107.62999725
S;SUL;2009-08-06;16439.00000000;189.02999878;15015.00000000;172.64999390
SE;SUDESTE;2009-08-06;24725.00000000;144.30999756;24651.00000000;143.88000488
N;NORTE;2009-08-07;1918.00000000;118.79000092;1896.00000000;117.41999817
NE;NORDESTE;2009-08-07;3630.00000000;107.56999969;3630.00000000;107.56999969
S;SUL;2009-08-07;16745.00000000;192.53999329;14958.00000000;172.00000000
SE;SUDESTE;2009-08-07;23659.00000000;138.08999634;23595.00000000;137.71000671
N;NORTE;2009-08-08;1881.00000000;116.48999786;1857.00000000;115.01000214
NE;NORDESTE;2009-08-08;3495.00000000;103.56999969;3495.00000000;103.56999969
S;SUL;2009-08-08;19775.00000000;227.38000488;17421.00000000;200.32000732
SE;SUDESTE;2009-08-08;22715.00000000;132.58000183;22593.00000000;131.86999512
N;NORTE;2009-08-09;1828.00000000;113.20999908;1800.00000000;111.48000336
NE;NORDESTE;2009-08-09;3290.00000000;97.50000000;3290.00000000;97.50000000
S;SUL;2009-08-09;27274.00000000;313.60998535;22865.00000000;262.92001343
SE;SUDESTE;2009-08-09;21939.00000000;128.05000305;21465.00000000;125.27999878
N;NORTE;2009-08-10;1787.00000000;110.66999817;1759.00000000;108.94000244
NE;NORDESTE;2009-08-10;3080.00000000;91.26999664;3080.00000000;91.26999664
S;SUL;2009-08-10;30037.00000000;345.38000488;22690.00000000;260.89999390
SE;SUDESTE;2009-08-10;21161.00000000;123.51000214;20859.00000000;121.75000000
N;NORTE;2009-08-11;1756.00000000;108.75000000;1731.00000000;107.19999695
NE;NORDESTE;2009-08-11;2877.00000000;85.26000214;2877.00000000;85.26000214
S;SUL;2009-08-11;23712.00000000;272.64999390;18630.00000000;214.22000122
SE;SUDESTE;2009-08-11;20563.00000000;120.01999664;20452.00000000;119.37000275
N;NORTE;2009-08-12;1701.00000000;105.34999847;1677.00000000;103.86000061
NE;NORDESTE;2009-08-12;2794.00000000;82.80000305;2794.00000000;82.80000305
S;SUL;2009-08-12;18632.00000000;214.24000549;16362.00000000;188.13999939
SE;SUDESTE;2009-08-12;19949.00000000;116.43000031;19873.00000000;115.98999786
N;NORTE;2009-08-13;1632.00000000;101.06999969;1604.00000000;99.33999634
NE;NORDESTE;2009-08-13;2766.00000000;81.97000122;2766.00000000;81.97000122
S;SUL;2009-08-13;15682.00000000;180.32000732;14113.00000000;162.27999878
SE;SUDESTE;2009-08-13;19627.00000000;114.55000305;19522.00000000;113.94000244
N;NORTE;2009-08-14;1613.00000000;99.90000153;1586.00000000;98.22000122
NE;NORDESTE;2009-08-14;2752.00000000;81.55000305;2752.00000000;81.55000305
S;SUL;2009-08-14;13374.00000000;153.77999878;12120.00000000;139.36000061
SE;SUDESTE;2009-08-14;19451.00000000;113.52999878;19274.00000000;112.48999786
N;NORTE;2009-08-15;1587.00000000;98.29000092;1563.00000000;96.80000305
NE;NORDESTE;2009-08-15;2744.00000000;81.31999969;2744.00000000;81.31999969
S;SUL;2009-08-15;11967.00000000;137.60000610;11208.00000000;128.88000488
SE;SUDESTE;2009-08-15;19216.00000000;112.16000366;19131.00000000;111.66000366
N;NORTE;2009-08-16;1555.00000000;96.30000305;1531.00000000;94.81999969
NE;NORDESTE;2009-08-16;2743.00000000;81.29000092;2743.00000000;81.29000092
S;SUL;2009-08-16;10935.00000000;125.73999786;10437.00000000;120.01000214
SE;SUDESTE;2009-08-16;19122.00000000;111.61000061;19058.00000000;111.23000336
N;NORTE;2009-08-17;1539.00000000;95.30999756;1530.00000000;94.76000214
NE;NORDESTE;2009-08-17;2730.00000000;80.90000153;2730.00000000;80.90000153
S;SUL;2009-08-17;10883.00000000;125.13999939;9953.00000000;114.44999695
SE;SUDESTE;2009-08-17;19193.00000000;112.01999664;19134.00000000;111.68000031
N;NORTE;2009-08-18;1550.00000000;95.98999786;1550.00000000;95.98999786
NE;NORDESTE;2009-08-18;2741.00000000;81.23000336;2741.00000000;81.23000336
S;SUL;2009-08-18;13447.00000000;154.61999512;12096.00000000;139.08999634
SE;SUDESTE;2009-08-18;19671.00000000;114.80999756;19556.00000000;114.13999939
N;NORTE;2009-08-19;1547.00000000;95.80999756;1547.00000000;95.80999756
NE;NORDESTE;2009-08-19;2749.00000000;81.45999908;2749.00000000;81.45999908
S;SUL;2009-08-19;20986.00000000;241.30999756;16540.00000000;190.19000244
SE;SUDESTE;2009-08-19;20490.00000000;119.58999634;20366.00000000;118.87000275
N;NORTE;2009-08-20;1527.00000000;94.56999969;1523.00000000;94.31999969
NE;NORDESTE;2009-08-20;2734.00000000;81.01999664;2734.00000000;81.01999664
S;SUL;2009-08-20;19928.00000000;229.13999939;14120.00000000;162.36000061
SE;SUDESTE;2009-08-20;21679.00000000;126.52999878;21522.00000000;125.62000275
N;NORTE;2009-08-21;1480.00000000;91.66000366;1468.00000000;90.91999817
NE;NORDESTE;2009-08-21;2751.00000000;81.51999664;2751.00000000;81.51999664
S;SUL;2009-08-21;16090.00000000;185.00999451;13244.00000000;152.28999329
SE;SUDESTE;2009-08-21;23285.00000000;135.91000366;23108.00000000;134.86999512
N;NORTE;2009-08-22;1457.00000000;90.23000336;1435.00000000;88.87000275
NE;NORDESTE;2009-08-22;2731.00000000;80.93000031;2731.00000000;80.93000031
S;SUL;2009-08-22;13315.00000000;153.10000610;11457.00000000;131.74000549
SE;SUDESTE;2009-08-22;24500.00000000;143.00000000;24357.00000000;142.16000366
N;NORTE;2009-08-23;1410.00000000;87.31999969;1396.00000000;86.45999908
NE;NORDESTE;2009-08-23;2723.00000000;80.69000244;2723.00000000;80.69000244
S;SUL;2009-08-23;11877.00000000;136.57000732;10788.00000000;124.05000305
SE;SUDESTE;2009-08-23;25754.00000000;150.32000732;24353.00000000;142.13999939
N;NORTE;2009-08-24;1382.00000000;85.58999634;1380.00000000;85.47000122
NE;NORDESTE;2009-08-24;2670.00000000;79.12000275;2670.00000000;79.12000275
S;SUL;2009-08-24;10794.00000000;124.12000275;10209.00000000;117.38999939
SE;SUDESTE;2009-08-24;26553.00000000;154.97999573;26076.00000000;152.19000244
N;NORTE;2009-08-25;1412.00000000;87.44999695;1407.00000000;87.13999939
NE;NORDESTE;2009-08-25;2633.00000000;78.02999878;2633.00000000;78.02999878
S;SUL;2009-08-25;10062.00000000;115.69999695;9642.00000000;110.87000275
SE;SUDESTE;2009-08-25;27114.00000000;158.25000000;26708.00000000;155.88000488
N;NORTE;2009-08-26;1459.00000000;90.36000061;1451.00000000;89.86000061
NE;NORDESTE;2009-08-26;2590.00000000;76.75000000;2590.00000000;76.75000000
S;SUL;2009-08-26;9269.00000000;106.58000183;9076.00000000;104.36000061
SE;SUDESTE;2009-08-26;27238.00000000;158.97999573;26843.00000000;156.66999817
N;NORTE;2009-08-27;1485.00000000;91.97000122;1476.00000000;91.41000366
NE;NORDESTE;2009-08-27;2570.00000000;76.16000366;2570.00000000;76.16000366
S;SUL;2009-08-27;8459.00000000;97.26999664;8367.00000000;96.20999908
SE;SUDESTE;2009-08-27;27018.00000000;157.69000244;26820.00000000;156.53999329
N;NORTE;2009-08-28;1526.00000000;94.51000214;1517.00000000;93.94999695
NE;NORDESTE;2009-08-28;2607.00000000;77.26000214;2607.00000000;77.26000214
S;SUL;2009-08-28;7901.00000000;90.84999847;7819.00000000;89.91000366
SE;SUDESTE;2009-08-28;26536.00000000;154.88000488;26391.00000000;154.02999878
N;NORTE;2009-08-29;1542.00000000;95.50000000;1533.00000000;94.94000244
NE;NORDESTE;2009-08-29;2643.00000000;78.31999969;2643.00000000;78.31999969
S;SUL;2009-08-29;7397.00000000;85.05999756;7312.00000000;84.08000183
SE;SUDESTE;2009-08-29;25707.00000000;150.03999329;25572.00000000;149.25000000
N;NORTE;2009-08-30;1540.00000000;95.37999725;1530.00000000;94.76000214
NE;NORDESTE;2009-08-30;2665.00000000;78.98000336;2665.00000000;78.98000336
S;SUL;2009-08-30;6756.00000000;77.68000031;6672.00000000;76.72000122
SE;SUDESTE;2009-08-30;24858.00000000;145.08999634;24739.00000000;144.38999939
N;NORTE;2009-08-31;1529.00000000;94.69000244;1525.00000000;94.44999695
NE;NORDESTE;2009-08-31;2714.00000000;80.43000031;2714.00000000;80.43000031
S;SUL;2009-08-31;6227.00000000;71.59999847;6142.00000000;70.62000275
SE;SUDESTE;2009-08-31;24040.00000000;140.30999756;23912.00000000;139.55999756
N;NORTE;2009-09-01;1545.00000000;121.05000305;1545.00000000;121.05000305
NE;NORDESTE;2009-09-01;2779.00000000;92.12999725;2779.00000000;92.12999725
S;SUL;2009-09-01;6020.00000000;59.43999863;5978.00000000;59.02999878
SE;SUDESTE;2009-09-01;23372.00000000;137.53999329;23003.00000000;135.36999512
N;NORTE;2009-09-02;1536.00000000;120.33999634;1532.00000000;120.02999878
NE;NORDESTE;2009-09-02;2833.00000000;93.91999817;2833.00000000;93.91999817
S;SUL;2009-09-02;7000.00000000;69.12000275;6922.00000000;68.34999847
SE;SUDESTE;2009-09-02;22811.00000000;134.24000549;22292.00000000;131.17999268
N;NORTE;2009-09-03;1503.00000000;117.76000214;1490.00000000;116.73999786
NE;NORDESTE;2009-09-03;2947.00000000;97.69999695;2947.00000000;97.69999695
S;SUL;2009-09-03;11502.00000000;112.76999664;10092.00000000;98.94999695
SE;SUDESTE;2009-09-03;22369.00000000;131.63999939;22205.00000000;130.66999817
N;NORTE;2009-09-04;1471.00000000;115.25000000;1454.00000000;113.91999817
NE;NORDESTE;2009-09-04;3003.00000000;99.55999756;3003.00000000;99.55999756
S;SUL;2009-09-04;14242.00000000;139.63999939;12570.00000000;123.25000000
SE;SUDESTE;2009-09-04;22708.00000000;133.63000488;22532.00000000;132.60000610
N;NORTE;2009-09-05;1439.00000000;112.73999786;1422.00000000;111.41000366
NE;NORDESTE;2009-09-05;3053.00000000;101.22000122;3053.00000000;101.22000122
S;SUL;2009-09-05;12792.00000000;125.41999817;11885.00000000;116.52999878
SE;SUDESTE;2009-09-05;23886.00000000;140.55999756;23639.00000000;139.11000061
N;NORTE;2009-09-06;1384.00000000;108.43000031;1367.00000000;107.09999847
NE;NORDESTE;2009-09-06;3082.00000000;102.18000031;3082.00000000;102.18000031
S;SUL;2009-09-06;10588.00000000;103.80999756;10083.00000000;98.86000061
SE;SUDESTE;2009-09-06;25306.00000000;148.91999817;24954.00000000;146.85000610
N;NORTE;2009-09-07;1337.00000000;104.75000000;1328.00000000;104.05000305
NE;NORDESTE;2009-09-07;3085.00000000;102.27999878;3085.00000000;102.27999878
S;SUL;2009-09-07;9794.00000000;96.02999878;9477.00000000;92.91999817
SE;SUDESTE;2009-09-07;27878.00000000;164.05999756;27211.00000000;160.13000488
N;NORTE;2009-09-08;1315.00000000;103.02999878;1315.00000000;103.02999878
NE;NORDESTE;2009-09-08;3081.00000000;102.15000153;3081.00000000;102.15000153
S;SUL;2009-09-08;24167.00000000;236.94999695;21609.00000000;211.86999512
SE;SUDESTE;2009-09-08;31490.00000000;185.30999756;30288.00000000;178.24000549
N;NORTE;2009-09-09;1296.00000000;101.54000092;1296.00000000;101.54000092
NE;NORDESTE;2009-09-09;3076.00000000;101.98000336;3076.00000000;101.98000336
S;SUL;2009-09-09;32175.00000000;315.47000122;24903.00000000;244.16999817
SE;SUDESTE;2009-09-09;34514.00000000;203.11000061;31929.00000000;187.89999390
N;NORTE;2009-09-10;1289.00000000;100.98999786;1287.00000000;100.83000183
NE;NORDESTE;2009-09-10;3099.00000000;102.73999786;3099.00000000;102.73999786
S;SUL;2009-09-10;39856.00000000;390.77999878;23293.00000000;228.38000488
SE;SUDESTE;2009-09-10;36919.00000000;217.25999451;32388.00000000;190.60000610
N;NORTE;2009-09-11;1295.00000000;101.45999908;1286.00000000;100.76000214
NE;NORDESTE;2009-09-11;3172.00000000;105.16000366;3172.00000000;105.16000366
S;SUL;2009-09-11;39948.00000000;391.67999268;18429.00000000;180.69000244
SE;SUDESTE;2009-09-11;37924.00000000;223.17999268;32189.00000000;189.42999268
N;NORTE;2009-09-12;1317.00000000;103.18000031;1308.00000000;102.48000336
NE;NORDESTE;2009-09-12;3197.00000000;105.98999786;3197.00000000;105.98999786
S;SUL;2009-09-12;49922.00000000;489.47000122;16436.00000000;161.14999390
SE;SUDESTE;2009-09-12;38190.00000000;224.74000549;31164.00000000;183.38999939
N;NORTE;2009-09-13;1334.00000000;104.51999664;1325.00000000;103.80999756
NE;NORDESTE;2009-09-13;3222.00000000;106.81999969;3222.00000000;106.81999969
S;SUL;2009-09-13;44051.00000000;431.91000366;14058.00000000;137.83000183
SE;SUDESTE;2009-09-13;38098.00000000;224.19999695;29844.00000000;175.63000488
N;NORTE;2009-09-14;1349.00000000;105.69000244;1340.00000000;104.98999786
NE;NORDESTE;2009-09-14;3197.00000000;105.98999786;3197.00000000;105.98999786
S;SUL;2009-09-14;32161.00000000;315.32998657;13701.00000000;134.33000183
SE;SUDESTE;2009-09-14;36896.00000000;217.13000488;31634.00000000;186.16000366
N;NORTE;2009-09-15;1351.00000000;105.84999847;1341.00000000;105.05999756
NE;NORDESTE;2009-09-15;3156.00000000;104.62999725;3156.00000000;104.62999725
S;SUL;2009-09-15;25998.00000000;254.89999390;12191.00000000;119.52999878
SE;SUDESTE;2009-09-15;34931.00000000;205.55999756;30364.00000000;178.69000244
N;NORTE;2009-09-16;1379.00000000;108.04000092;1362.00000000;106.70999908
NE;NORDESTE;2009-09-16;3104.00000000;102.91000366;3104.00000000;102.91000366
S;SUL;2009-09-16;21950.00000000;215.21000671;10568.00000000;103.62000275
SE;SUDESTE;2009-09-16;32663.00000000;192.22000122;30252.00000000;178.02999878
N;NORTE;2009-09-17;1397.00000000;109.44999695;1375.00000000;107.73000336
NE;NORDESTE;2009-09-17;3074.00000000;101.91000366;3074.00000000;101.91000366
S;SUL;2009-09-17;19543.00000000;191.61000061;11450.00000000;112.26000214
SE;SUDESTE;2009-09-17;30955.00000000;182.16000366;28599.00000000;168.30000305
N;NORTE;2009-09-18;1409.00000000;110.38999939;1386.00000000;108.58999634
NE;NORDESTE;2009-09-18;3036.00000000;100.65000153;3036.00000000;100.65000153
S;SUL;2009-09-18;23566.00000000;231.05999756;12567.00000000;123.22000122
SE;SUDESTE;2009-09-18;29696.00000000;174.75999451;27343.00000000;160.91000366
N;NORTE;2009-09-19;1426.00000000;111.72000122;1416.00000000;110.94000244
NE;NORDESTE;2009-09-19;3027.00000000;100.36000061;3027.00000000;100.36000061
S;SUL;2009-09-19;27169.00000000;266.38000488;9104.00000000;89.26000214
SE;SUDESTE;2009-09-19;28995.00000000;170.63000488;25731.00000000;151.41999817
N;NORTE;2009-09-20;1457.00000000;114.15000153;1457.00000000;114.15000153
NE;NORDESTE;2009-09-20;3034.00000000;100.58999634;3034.00000000;100.58999634
S;SUL;2009-09-20;23659.00000000;231.97000122;9710.00000000;95.19999695
SE;SUDESTE;2009-09-20;28795.00000000;169.44999695;24858.00000000;146.27999878
N;NORTE;2009-09-21;1449.00000000;113.52999878;1449.00000000;113.52999878
NE;NORDESTE;2009-09-21;3040.00000000;100.79000092;3040.00000000;100.79000092
S;SUL;2009-09-21;20662.00000000;202.58000183;15813.00000000;155.03999329
SE;SUDESTE;2009-09-21;29016.00000000;170.75000000;26868.00000000;158.11000061
N;NORTE;2009-09-22;1431.00000000;112.12000275;1427.00000000;111.80000305
NE;NORDESTE;2009-09-22;3037.00000000;100.69000244;3037.00000000;100.69000244
S;SUL;2009-09-22;18849.00000000;184.80999756;14362.00000000;140.82000732
SE;SUDESTE;2009-09-22;29800.00000000;175.36999512;27740.00000000;163.24000549
N;NORTE;2009-09-23;1434.00000000;112.34999847;1410.00000000;110.47000122
NE;NORDESTE;2009-09-23;3009.00000000;99.76000214;3009.00000000;99.76000214
S;SUL;2009-09-23;22265.00000000;218.30000305;10018.00000000;98.22000122
SE;SUDESTE;2009-09-23;31027.00000000;182.58999634;26786.00000000;157.63000488
N;NORTE;2009-09-24;1415.00000000;110.86000061;1400.00000000;109.69000244
NE;NORDESTE;2009-09-24;2985.00000000;98.95999908;2975.00000000;98.62999725
S;SUL;2009-09-24;22713.00000000;222.69000244;12673.00000000;124.26000214
SE;SUDESTE;2009-09-24;32673.00000000;192.27000427;26779.00000000;157.58999634
N;NORTE;2009-09-25;1404.00000000;110.00000000;1400.00000000;109.69000244
NE;NORDESTE;2009-09-25;2929.00000000;97.11000061;2918.00000000;96.73999786
S;SUL;2009-09-25;20824.00000000;204.16999817;13008.00000000;127.54000092
SE;SUDESTE;2009-09-25;34090.00000000;200.61000061;25161.00000000;148.07000732
N;NORTE;2009-09-26;1411.00000000;110.55000305;1411.00000000;110.55000305
NE;NORDESTE;2009-09-26;2880.00000000;95.48000336;2858.00000000;94.75000000
S;SUL;2009-09-26;18639.00000000;182.75000000;11644.00000000;114.16999817
SE;SUDESTE;2009-09-26;35264.00000000;207.52000427;24258.00000000;142.75000000
N;NORTE;2009-09-27;1401.00000000;109.76999664;1401.00000000;109.76999664
NE;NORDESTE;2009-09-27;2798.00000000;92.76000214;2781.00000000;92.19999695
S;SUL;2009-09-27;26415.00000000;258.98999023;11819.00000000;115.87999725
SE;SUDESTE;2009-09-27;35749.00000000;210.38000488;22787.00000000;134.10000610
N;NORTE;2009-09-28;1395.00000000;109.30000305;1395.00000000;109.30000305
NE;NORDESTE;2009-09-28;2769.00000000;91.80000305;2758.00000000;91.44000244
S;SUL;2009-09-28;56370.00000000;552.69000244;1409.00000000;13.81000042
SE;SUDESTE;2009-09-28;33997.00000000;200.07000732;23459.00000000;138.05000305
N;NORTE;2009-09-29;1415.00000000;110.86000061;1415.00000000;110.86000061
NE;NORDESTE;2009-09-29;2733.00000000;90.61000061;2719.00000000;90.13999939
S;SUL;2009-09-29;46540.00000000;456.30999756;5479.00000000;53.72000122
SE;SUDESTE;2009-09-29;31469.00000000;185.19000244;24214.00000000;142.49000549
N;NORTE;2009-09-30;1434.00000000;112.34999847;1434.00000000;112.34999847
NE;NORDESTE;2009-09-30;2725.00000000;90.33999634;2714.00000000;89.98000336
S;SUL;2009-09-30;35669.00000000;349.72000122;6343.00000000;62.18999863
SE;SUDESTE;2009-09-30;30265.00000000;178.10000610;24526.00000000;144.33000183
N;NORTE;2009-10-01;1439.00000000;100.87000275;1439.00000000;100.87000275
NE;NORDESTE;2009-10-01;2728.00000000;82.87999725;2728.00000000;82.87999725
S;SUL;2009-10-01;30038.00000000;257.85000610;8928.00000000;76.63999939
SE;SUDESTE;2009-10-01;29100.00000000;143.30000305;24989.00000000;123.05999756
N;NORTE;2009-10-02;1475.00000000;103.38999939;1475.00000000;103.38999939
NE;NORDESTE;2009-10-02;2814.00000000;85.48999786;2814.00000000;85.48999786
S;SUL;2009-10-02;27904.00000000;239.52999878;12049.00000000;103.43000031
SE;SUDESTE;2009-10-02;28097.00000000;138.36000061;25786.00000000;126.98000336
N;NORTE;2009-10-03;1509.00000000;105.76999664;1509.00000000;105.76999664
NE;NORDESTE;2009-10-03;3025.00000000;91.90000153;3025.00000000;91.90000153
S;SUL;2009-10-03;25315.00000000;217.30000305;11966.00000000;102.72000122
SE;SUDESTE;2009-10-03;27253.00000000;134.21000671;25506.00000000;125.61000061
N;NORTE;2009-10-04;1502.00000000;105.27999878;1502.00000000;105.27999878
NE;NORDESTE;2009-10-04;3108.00000000;94.41999817;3108.00000000;94.41999817
S;SUL;2009-10-04;22478.00000000;192.94999695;11774.00000000;101.06999969
SE;SUDESTE;2009-10-04;26566.00000000;130.83000183;24180.00000000;119.08000183
N;NORTE;2009-10-05;1480.00000000;103.73999786;1480.00000000;103.73999786
NE;NORDESTE;2009-10-05;3323.00000000;100.95999908;3323.00000000;100.95999908
S;SUL;2009-10-05;21056.00000000;180.74000549;10441.00000000;89.62999725
SE;SUDESTE;2009-10-05;25749.00000000;126.80000305;25283.00000000;124.51000214
N;NORTE;2009-10-06;1471.00000000;103.11000061;1471.00000000;103.11000061
NE;NORDESTE;2009-10-06;3537.00000000;107.45999908;3537.00000000;107.45999908
S;SUL;2009-10-06;21225.00000000;182.19999695;8236.00000000;70.69999695
SE;SUDESTE;2009-10-06;25255.00000000;124.37000275;24542.00000000;120.86000061
N;NORTE;2009-10-07;1450.00000000;101.63999939;1450.00000000;101.63999939
NE;NORDESTE;2009-10-07;3675.00000000;111.65000153;3675.00000000;111.65000153
S;SUL;2009-10-07;21375.00000000;183.47999573;13118.00000000;112.59999847
SE;SUDESTE;2009-10-07;25178.00000000;123.98999786;24271.00000000;119.51999664
N;NORTE;2009-10-08;1413.00000000;99.04000092;1413.00000000;99.04000092
NE;NORDESTE;2009-10-08;3641.00000000;110.62000275;3641.00000000;110.62000275
S;SUL;2009-10-08;20229.00000000;173.64999390;12641.00000000;108.51000214
SE;SUDESTE;2009-10-08;25912.00000000;127.59999847;25117.00000000;123.69000244
N;NORTE;2009-10-09;1386.00000000;97.15000153;1386.00000000;97.15000153
NE;NORDESTE;2009-10-09;3578.00000000;108.69999695;3578.00000000;108.69999695
S;SUL;2009-10-09;19198.00000000;164.80000305;12157.00000000;104.36000061
SE;SUDESTE;2009-10-09;26108.00000000;128.57000732;25570.00000000;125.91999817
N;NORTE;2009-10-10;1388.00000000;97.29000092;1388.00000000;97.29000092
NE;NORDESTE;2009-10-10;3470.00000000;105.41999817;3470.00000000;105.41999817
S;SUL;2009-10-10;18098.00000000;155.35000610;12067.00000000;103.58000183
SE;SUDESTE;2009-10-10;26562.00000000;130.80999756;23523.00000000;115.83999634
N;NORTE;2009-10-11;1397.00000000;97.91999817;1397.00000000;97.91999817
NE;NORDESTE;2009-10-11;3601.00000000;109.40000153;3601.00000000;109.40000153
S;SUL;2009-10-11;17262.00000000;148.17999268;12156.00000000;104.34999847
SE;SUDESTE;2009-10-11;26730.00000000;131.63000488;22479.00000000;110.69999695
N;NORTE;2009-10-12;1426.00000000;99.94999695;1426.00000000;99.94999695
NE;NORDESTE;2009-10-12;3440.00000000;104.51000214;3440.00000000;104.51000214
S;SUL;2009-10-12;26388.00000000;226.50999451;5875.00000000;50.43000031
SE;SUDESTE;2009-10-12;27113.00000000;133.52000427;24136.00000000;118.86000061
N;NORTE;2009-10-13;1489.00000000;104.37000275;1489.00000000;104.37000275
NE;NORDESTE;2009-10-13;3283.00000000;99.73999786;3283.00000000;99.73999786
S;SUL;2009-10-13;29240.00000000;251.00000000;7409.00000000;63.59999847
SE;SUDESTE;2009-10-13;27727.00000000;136.53999329;27033.00000000;133.13000488
N;NORTE;2009-10-14;1573.00000000;110.26000214;1573.00000000;110.26000214
NE;NORDESTE;2009-10-14;3138.00000000;95.33999634;3138.00000000;95.33999634
S;SUL;2009-10-14;26300.00000000;225.75999451;16684.00000000;143.22000122
SE;SUDESTE;2009-10-14;28630.00000000;140.99000549;27752.00000000;136.66999817
N;NORTE;2009-10-15;1640.00000000;114.95999908;1640.00000000;114.95999908
NE;NORDESTE;2009-10-15;3125.00000000;94.94000244;3125.00000000;94.94000244
S;SUL;2009-10-15;28811.00000000;247.30999756;8554.00000000;73.43000031
SE;SUDESTE;2009-10-15;31093.00000000;153.11999512;28654.00000000;141.11000061
N;NORTE;2009-10-16;1690.00000000;118.45999908;1690.00000000;118.45999908
NE;NORDESTE;2009-10-16;3159.00000000;95.97000122;3159.00000000;95.97000122
S;SUL;2009-10-16;27853.00000000;239.08999634;17016.00000000;146.07000732
SE;SUDESTE;2009-10-16;33905.00000000;166.97000122;28511.00000000;140.39999390
N;NORTE;2009-10-17;1747.00000000;122.45999908;1747.00000000;122.45999908
NE;NORDESTE;2009-10-17;3208.00000000;97.45999908;3208.00000000;97.45999908
S;SUL;2009-10-17;27454.00000000;235.66000366;11965.00000000;102.70999908
SE;SUDESTE;2009-10-17;35873.00000000;176.66000366;24837.00000000;122.30999756
N;NORTE;2009-10-18;1791.00000000;125.54000092;1791.00000000;125.54000092
NE;NORDESTE;2009-10-18;3235.00000000;98.27999878;3235.00000000;98.27999878
S;SUL;2009-10-18;26777.00000000;229.85000610;4932.00000000;42.34000015
SE;SUDESTE;2009-10-18;38326.00000000;188.74000549;23953.00000000;117.95999908
N;NORTE;2009-10-19;1833.00000000;128.47999573;1833.00000000;128.47999573
NE;NORDESTE;2009-10-19;3290.00000000;99.94999695;3290.00000000;99.94999695
S;SUL;2009-10-19;24799.00000000;212.86999512;13551.00000000;116.31999969
SE;SUDESTE;2009-10-19;41689.00000000;205.30000305;28175.00000000;138.75000000
N;NORTE;2009-10-20;1887.00000000;132.27000427;1887.00000000;132.27000427
NE;NORDESTE;2009-10-20;3344.00000000;101.58999634;3344.00000000;101.58999634
S;SUL;2009-10-20;21999.00000000;188.83999634;12318.00000000;105.73999786
SE;SUDESTE;2009-10-20;44250.00000000;217.91000366;27157.00000000;133.74000549
N;NORTE;2009-10-21;1952.00000000;136.82000732;1952.00000000;136.82000732
NE;NORDESTE;2009-10-21;3508.00000000;106.58000183;3508.00000000;106.58000183
S;SUL;2009-10-21;20542.00000000;176.33000183;11625.00000000;99.79000092
SE;SUDESTE;2009-10-21;46342.00000000;228.21000671;27857.00000000;137.17999268
N;NORTE;2009-10-22;1987.00000000;139.27999878;1987.00000000;139.27999878
NE;NORDESTE;2009-10-22;3684.00000000;111.91999817;3684.00000000;111.91999817
S;SUL;2009-10-22;20740.00000000;178.02999878;5966.00000000;51.20999908
SE;SUDESTE;2009-10-22;48389.00000000;238.28999329;30676.00000000;151.07000732
N;NORTE;2009-10-23;2009.00000000;140.82000732;2009.00000000;140.82000732
NE;NORDESTE;2009-10-23;4196.00000000;127.48000336;4196.00000000;127.48000336
S;SUL;2009-10-23;19853.00000000;170.41999817;12451.00000000;106.87999725
SE;SUDESTE;2009-10-23;49777.00000000;245.13000488;34270.00000000;168.75999451
N;NORTE;2009-10-24;2027.00000000;142.08000183;2027.00000000;142.08000183
NE;NORDESTE;2009-10-24;5173.00000000;157.16000366;5173.00000000;157.16000366
S;SUL;2009-10-24;19032.00000000;163.36999512;12975.00000000;111.37999725
SE;SUDESTE;2009-10-24;48506.00000000;238.86999512;31983.00000000;157.50000000
N;NORTE;2009-10-25;2033.00000000;142.50000000;2033.00000000;142.50000000
NE;NORDESTE;2009-10-25;6444.00000000;195.77000427;6444.00000000;195.77000427
S;SUL;2009-10-25;19413.00000000;166.63999939;7828.00000000;67.19999695
SE;SUDESTE;2009-10-25;47371.00000000;233.27999878;31090.00000000;153.10000610
N;NORTE;2009-10-26;2024.00000000;141.86999512;2024.00000000;141.86999512
NE;NORDESTE;2009-10-26;6966.00000000;211.63000488;6966.00000000;211.63000488
S;SUL;2009-10-26;18497.00000000;158.77999878;12401.00000000;106.44999695
SE;SUDESTE;2009-10-26;46199.00000000;227.50999451;31689.00000000;156.05000305
N;NORTE;2009-10-27;2033.00000000;142.50000000;2033.00000000;142.50000000
NE;NORDESTE;2009-10-27;7114.00000000;216.13000488;7114.00000000;216.13000488
S;SUL;2009-10-27;17108.00000000;146.85000610;8545.00000000;73.34999847
SE;SUDESTE;2009-10-27;44494.00000000;219.11000061;30588.00000000;150.63000488
N;NORTE;2009-10-28;2050.00000000;143.69000244;2050.00000000;143.69000244
NE;NORDESTE;2009-10-28;6230.00000000;189.27000427;6230.00000000;189.27000427
S;SUL;2009-10-28;15735.00000000;135.07000732;11785.00000000;101.16000366
SE;SUDESTE;2009-10-28;44904.00000000;221.13000488;33230.00000000;163.63999939
N;NORTE;2009-10-29;2097.00000000;146.99000549;2097.00000000;146.99000549
NE;NORDESTE;2009-10-29;6636.00000000;201.61000061;6636.00000000;201.61000061
S;SUL;2009-10-29;14717.00000000;126.33000183;11228.00000000;96.37999725
SE;SUDESTE;2009-10-29;45713.00000000;225.11999512;34669.00000000;170.72999573
N;NORTE;2009-10-30;2171.00000000;152.17999268;2171.00000000;152.17999268
NE;NORDESTE;2009-10-30;5737.00000000;174.28999329;5737.00000000;174.28999329
S;SUL;2009-10-30;13801.00000000;118.47000122;11802.00000000;101.30999756
SE;SUDESTE;2009-10-30;44619.00000000;219.72999573;35277.00000000;173.72000122
N;NORTE;2009-10-31;2250.00000000;157.71000671;2250.00000000;157.71000671
NE;NORDESTE;2009-10-31;5569.00000000;169.19000244;5566.00000000;169.10000610
S;SUL;2009-10-31;12681.00000000;108.84999847;10093.00000000;86.63999939
SE;SUDESTE;2009-10-31;44658.00000000;219.75999451;36065.00000000;177.47000122
N;NORTE;2009-11-01;2346.00000000;99.62999725;2346.00000000;99.62999725
NE;NORDESTE;2009-11-01;6094.00000000;113.25000000;6022.00000000;111.91000366
S;SUL;2009-11-01;11973.00000000;146.17999268;8596.00000000;104.94999695
SE;SUDESTE;2009-11-01;42647.00000000;163.74000549;34016.00000000;130.60000610
N;NORTE;2009-11-02;2472.00000000;104.98000336;2472.00000000;104.98000336
NE;NORDESTE;2009-11-02;6996.00000000;130.00999451;6487.00000000;120.55000305
S;SUL;2009-11-02;11317.00000000;138.16999817;9011.00000000;110.01999664
SE;SUDESTE;2009-11-02;40237.00000000;154.47999573;34217.00000000;131.36999512
N;NORTE;2009-11-03;2640.00000000;112.12000275;2640.00000000;112.12000275
NE;NORDESTE;2009-11-03;7589.00000000;141.02999878;6651.00000000;123.59999847
S;SUL;2009-11-03;10717.00000000;130.85000610;10274.00000000;125.44000244
SE;SUDESTE;2009-11-03;37630.00000000;144.47000122;33658.00000000;129.22000122
N;NORTE;2009-11-04;2827.00000000;120.05999756;2827.00000000;120.05999756
NE;NORDESTE;2009-11-04;7669.00000000;142.52000427;7200.00000000;133.80000305
S;SUL;2009-11-04;9917.00000000;121.08000183;9497.00000000;115.94999695
SE;SUDESTE;2009-11-04;35047.00000000;134.55999756;31937.00000000;122.62000275
N;NORTE;2009-11-05;3054.00000000;129.69999695;3054.00000000;129.69999695
NE;NORDESTE;2009-11-05;8243.00000000;153.19000244;8075.00000000;150.07000732
S;SUL;2009-11-05;9202.00000000;112.34999847;8988.00000000;109.73999786
SE;SUDESTE;2009-11-05;34069.00000000;130.80000305;30258.00000000;116.16999817
N;NORTE;2009-11-06;3287.00000000;139.58999634;3287.00000000;139.58999634
NE;NORDESTE;2009-11-06;8389.00000000;155.89999390;8383.00000000;155.78999329
S;SUL;2009-11-06;9211.00000000;112.45999908;9029.00000000;110.23999786
SE;SUDESTE;2009-11-06;34212.00000000;131.35000610;31075.00000000;119.30999756
N;NORTE;2009-11-07;3494.00000000;148.38000488;3492.00000000;148.30000305
NE;NORDESTE;2009-11-07;8520.00000000;158.33999634;8520.00000000;158.33999634
S;SUL;2009-11-07;10448.00000000;127.55999756;9646.00000000;117.76999664
SE;SUDESTE;2009-11-07;34391.00000000;132.03999329;30901.00000000;118.63999939
N;NORTE;2009-11-08;3609.00000000;153.27000427;3598.00000000;152.80000305
NE;NORDESTE;2009-11-08;8512.00000000;158.19000244;8512.00000000;158.19000244
S;SUL;2009-11-08;11821.00000000;144.32000732;10916.00000000;133.27999878
SE;SUDESTE;2009-11-08;34524.00000000;132.55000305;30341.00000000;116.48999786
N;NORTE;2009-11-09;3569.00000000;151.57000732;3557.00000000;151.05999756
NE;NORDESTE;2009-11-09;8636.00000000;160.49000549;8636.00000000;160.49000549
S;SUL;2009-11-09;10803.00000000;131.89999390;10000.00000000;122.08999634
SE;SUDESTE;2009-11-09;35518.00000000;136.36999512;33163.00000000;127.31999969
N;NORTE;2009-11-10;3383.00000000;143.66999817;3372.00000000;143.19999695
NE;NORDESTE;2009-11-10;8869.00000000;164.82000732;8869.00000000;164.82000732
S;SUL;2009-11-10;10438.00000000;127.44000244;8658.00000000;105.70999908
SE;SUDESTE;2009-11-10;36253.00000000;139.19000244;32497.00000000;124.76999664
N;NORTE;2009-11-11;3289.00000000;139.67999268;3278.00000000;139.21000671
NE;NORDESTE;2009-11-11;9068.00000000;168.52000427;9068.00000000;168.52000427
S;SUL;2009-11-11;10258.00000000;125.23999786;8549.00000000;104.37999725
SE;SUDESTE;2009-11-11;38072.00000000;146.16999817;31630.00000000;121.44000244
N;NORTE;2009-11-12;3285.00000000;139.50999451;3274.00000000;139.03999329
NE;NORDESTE;2009-11-12;9006.00000000;167.36999512;9006.00000000;167.36999512
S;SUL;2009-11-12;9598.00000000;117.18000031;8106.00000000;98.97000122
SE;SUDESTE;2009-11-12;39424.00000000;151.36000061;32697.00000000;125.52999878
N;NORTE;2009-11-13;3289.00000000;139.67999268;3278.00000000;139.21000671
NE;NORDESTE;2009-11-13;9070.00000000;168.55999756;9070.00000000;168.55999756
S;SUL;2009-11-13;9410.00000000;114.88999939;8587.00000000;104.83999634
SE;SUDESTE;2009-11-13;39487.00000000;151.60000610;33387.00000000;128.17999268
N;NORTE;2009-11-14;3291.00000000;139.75999451;3283.00000000;139.41999817
NE;NORDESTE;2009-11-14;8935.00000000;166.05000305;8935.00000000;166.05000305
S;SUL;2009-11-14;13350.00000000;162.99000549;10574.00000000;129.10000610
SE;SUDESTE;2009-11-14;38875.00000000;149.25000000;32434.00000000;124.51999664
N;NORTE;2009-11-15;3328.00000000;141.33000183;3325.00000000;141.21000671
NE;NORDESTE;2009-11-15;8925.00000000;165.86000061;8925.00000000;165.86000061
S;SUL;2009-11-15;15069.00000000;183.97999573;11978.00000000;146.24000549
SE;SUDESTE;2009-11-15;37966.00000000;145.75999451;29510.00000000;113.30000305
N;NORTE;2009-11-16;3362.00000000;142.77999878;3362.00000000;142.77999878
NE;NORDESTE;2009-11-16;8838.00000000;164.25000000;8838.00000000;164.25000000
S;SUL;2009-11-16;15812.00000000;193.05000305;13647.00000000;166.61999512
SE;SUDESTE;2009-11-16;37287.00000000;143.16000366;30340.00000000;116.48999786
N;NORTE;2009-11-17;3440.00000000;146.08999634;3440.00000000;146.08999634
NE;NORDESTE;2009-11-17;8685.00000000;161.39999390;8685.00000000;161.39999390
S;SUL;2009-11-17;12579.00000000;153.58000183;10607.00000000;129.50000000
SE;SUDESTE;2009-11-17;36811.00000000;141.33000183;30886.00000000;118.58000183
N;NORTE;2009-11-18;3527.00000000;149.77999878;3527.00000000;149.77999878
NE;NORDESTE;2009-11-18;8563.00000000;159.13999939;8563.00000000;159.13999939
S;SUL;2009-11-18;10578.00000000;129.14999390;9022.00000000;110.15000153
SE;SUDESTE;2009-11-18;36338.00000000;139.50999451;31799.00000000;122.08999634
N;NORTE;2009-11-19;3658.00000000;155.35000610;3658.00000000;155.35000610
NE;NORDESTE;2009-11-19;8317.00000000;154.55999756;8317.00000000;154.55999756
S;SUL;2009-11-19;9558.00000000;116.69999695;8534.00000000;104.19000244
SE;SUDESTE;2009-11-19;35795.00000000;137.42999268;30164.00000000;115.80999756
N;NORTE;2009-11-20;3722.00000000;158.07000732;3722.00000000;158.07000732
NE;NORDESTE;2009-11-20;7865.00000000;146.16000366;7865.00000000;146.16000366
S;SUL;2009-11-20;10205.00000000;124.58999634;9184.00000000;112.12999725
SE;SUDESTE;2009-11-20;35465.00000000;136.16000366;30761.00000000;118.09999847
N;NORTE;2009-11-21;3749.00000000;159.21000671;3749.00000000;159.21000671
NE;NORDESTE;2009-11-21;7510.00000000;139.57000732;7510.00000000;139.57000732
S;SUL;2009-11-21;14106.00000000;172.22000122;12522.00000000;152.88000488
SE;SUDESTE;2009-11-21;34952.00000000;134.19000244;28834.00000000;110.69999695
N;NORTE;2009-11-22;3674.00000000;156.02999878;3674.00000000;156.02999878
NE;NORDESTE;2009-11-22;7273.00000000;135.16000366;7273.00000000;135.16000366
S;SUL;2009-11-22;19201.00000000;234.42999268;15846.00000000;193.47000122
SE;SUDESTE;2009-11-22;34400.00000000;132.07000732;27971.00000000;107.38999939
N;NORTE;2009-11-23;3588.00000000;152.38000488;3588.00000000;152.38000488
NE;NORDESTE;2009-11-23;7197.00000000;133.75000000;7197.00000000;133.75000000
S;SUL;2009-11-23;19691.00000000;240.41000366;14637.00000000;178.71000671
SE;SUDESTE;2009-11-23;33931.00000000;130.27000427;28834.00000000;110.69999695
N;NORTE;2009-11-24;3500.00000000;148.63999939;3500.00000000;148.63999939
NE;NORDESTE;2009-11-24;7257.00000000;134.86000061;7257.00000000;134.86000061
S;SUL;2009-11-24;16627.00000000;203.00000000;11596.00000000;141.58000183
SE;SUDESTE;2009-11-24;33463.00000000;128.47999573;28580.00000000;109.73000336
N;NORTE;2009-11-25;3496.00000000;148.47000122;3496.00000000;148.47000122
NE;NORDESTE;2009-11-25;7333.00000000;136.27999878;7333.00000000;136.27999878
S;SUL;2009-11-25;14370.00000000;175.44999695;10972.00000000;133.96000671
SE;SUDESTE;2009-11-25;33646.00000000;129.17999268;27263.00000000;104.66999817
N;NORTE;2009-11-26;3472.00000000;147.44999695;3472.00000000;147.44999695
NE;NORDESTE;2009-11-26;7215.00000000;134.08000183;7215.00000000;134.08000183
S;SUL;2009-11-26;14454.00000000;176.47000122;10474.00000000;127.87999725
SE;SUDESTE;2009-11-26;33820.00000000;129.85000610;27740.00000000;106.50000000
N;NORTE;2009-11-27;3497.00000000;148.50999451;3497.00000000;148.50999451
NE;NORDESTE;2009-11-27;6904.00000000;128.30000305;6904.00000000;128.30000305
S;SUL;2009-11-27;13473.00000000;164.49000549;10725.00000000;130.94000244
SE;SUDESTE;2009-11-27;34888.00000000;133.21000671;28018.00000000;106.98000336
N;NORTE;2009-11-28;3542.00000000;150.41999817;3542.00000000;150.41999817
NE;NORDESTE;2009-11-28;6463.00000000;120.11000061;6463.00000000;120.11000061
S;SUL;2009-11-28;13632.00000000;166.44000244;11485.00000000;140.22000122
SE;SUDESTE;2009-11-28;35927.00000000;137.17999268;27857.00000000;106.36000061
N;NORTE;2009-11-29;3562.00000000;151.27000427;3562.00000000;151.27000427
NE;NORDESTE;2009-11-29;5957.00000000;110.70999908;5957.00000000;110.70999908
S;SUL;2009-11-29;13485.00000000;164.63999939;9767.00000000;119.25000000
SE;SUDESTE;2009-11-29;37647.00000000;143.74000549;27415.00000000;104.68000031
N;NORTE;2009-11-30;3533.00000000;150.03999329;3533.00000000;150.03999329
NE;NORDESTE;2009-11-30;5497.00000000;102.16000366;5497.00000000;102.16000366
S;SUL;2009-11-30;13929.00000000;170.05999756;10891.00000000;132.97000122
SE;SUDESTE;2009-11-30;39443.00000000;150.60000610;29805.00000000;113.80000305
N;NORTE;2009-12-01;3567.00000000;77.08999634;3562.00000000;76.98000336
NE;NORDESTE;2009-12-01;5333.00000000;53.40999985;5333.00000000;53.40999985
S;SUL;2009-12-01;13424.00000000;205.47000122;11145.00000000;170.58999634
SE;SUDESTE;2009-12-01;42269.00000000;106.72000122;32342.00000000;81.65000153
N;NORTE;2009-12-02;3526.00000000;76.20999908;3519.00000000;76.05000305
NE;NORDESTE;2009-12-02;5215.00000000;52.22999954;5215.00000000;52.22999954
S;SUL;2009-12-02;13805.00000000;211.30000305;11361.00000000;173.89999390
SE;SUDESTE;2009-12-02;46156.00000000;116.52999878;35321.00000000;89.16999817
N;NORTE;2009-12-03;3488.00000000;75.37999725;3481.00000000;75.23000336
NE;NORDESTE;2009-12-03;5131.00000000;51.38999939;5131.00000000;51.38999939
S;SUL;2009-12-03;16055.00000000;245.74000549;12843.00000000;196.58000183
SE;SUDESTE;2009-12-03;48329.00000000;122.01999664;37566.00000000;94.83999634
N;NORTE;2009-12-04;3504.00000000;75.73000336;3497.00000000;75.58000183
NE;NORDESTE;2009-12-04;5050.00000000;50.58000183;5050.00000000;50.58000183
S;SUL;2009-12-04;14990.00000000;229.44000244;11710.00000000;179.24000549
SE;SUDESTE;2009-12-04;52072.00000000;131.47000122;41303.00000000;104.27999878
N;NORTE;2009-12-05;3571.00000000;77.18000031;3567.00000000;77.08999634
NE;NORDESTE;2009-12-05;4895.00000000;49.02000046;4895.00000000;49.02000046
S;SUL;2009-12-05;13172.00000000;201.61000061;7937.00000000;121.48999786
SE;SUDESTE;2009-12-05;54599.00000000;137.85000610;42585.00000000;107.51000214
N;NORTE;2009-12-06;3723.00000000;80.45999908;3723.00000000;80.45999908
NE;NORDESTE;2009-12-06;4792.00000000;47.99000168;4792.00000000;47.99000168
S;SUL;2009-12-06;11566.00000000;177.02999878;7058.00000000;108.02999878
SE;SUDESTE;2009-12-06;59489.00000000;150.19000244;46124.00000000;116.44999695
N;NORTE;2009-12-07;4028.00000000;87.05000305;4028.00000000;87.05000305
NE;NORDESTE;2009-12-07;4732.00000000;47.38999939;4732.00000000;47.38999939
S;SUL;2009-12-07;11035.00000000;168.91000366;8899.00000000;136.21000671
SE;SUDESTE;2009-12-07;64099.00000000;161.83000183;51324.00000000;129.58000183
N;NORTE;2009-12-08;4343.00000000;93.86000061;4343.00000000;93.86000061
NE;NORDESTE;2009-12-08;4866.00000000;48.72999954;4866.00000000;48.72999954
S;SUL;2009-12-08;10339.00000000;158.25000000;8645.00000000;132.32000732
SE;SUDESTE;2009-12-08;69366.00000000;175.13000488;57990.00000000;146.41000366
N;NORTE;2009-12-09;4583.00000000;99.05000305;4583.00000000;99.05000305
NE;NORDESTE;2009-12-09;5064.00000000;50.72000122;5064.00000000;50.72000122
S;SUL;2009-12-09;10047.00000000;153.77999878;8704.00000000;133.22999573
SE;SUDESTE;2009-12-09;70411.00000000;177.77000427;55858.00000000;141.02000427
N;NORTE;2009-12-10;4833.00000000;104.44999695;4833.00000000;104.44999695
NE;NORDESTE;2009-12-10;5269.00000000;52.77000046;5269.00000000;52.77000046
S;SUL;2009-12-10;9941.00000000;152.16000366;8837.00000000;135.25999451
SE;SUDESTE;2009-12-10;69730.00000000;176.05000305;53983.00000000;136.28999329
N;NORTE;2009-12-11;5075.00000000;109.68000031;5075.00000000;109.68000031
NE;NORDESTE;2009-12-11;5396.00000000;54.04000092;5396.00000000;54.04000092
S;SUL;2009-12-11;10046.00000000;153.77000427;9189.00000000;140.64999390
SE;SUDESTE;2009-12-11;69387.00000000;175.17999268;52347.00000000;132.16000366
N;NORTE;2009-12-12;5224.00000000;112.90000153;5224.00000000;112.90000153
NE;NORDESTE;2009-12-12;5723.00000000;57.31999969;5723.00000000;57.31999969
S;SUL;2009-12-12;12146.00000000;185.91000366;11192.00000000;171.30999756
SE;SUDESTE;2009-12-12;69091.00000000;174.42999268;50199.00000000;126.73999786
N;NORTE;2009-12-13;5378.00000000;116.23000336;5378.00000000;116.23000336
NE;NORDESTE;2009-12-13;6147.00000000;61.56000137;6147.00000000;61.56000137
S;SUL;2009-12-13;12224.00000000;187.10000610;8727.00000000;133.58000183
SE;SUDESTE;2009-12-13;69558.00000000;175.61000061;48189.00000000;121.66000366
N;NORTE;2009-12-14;5589.00000000;120.79000092;5589.00000000;120.79000092
NE;NORDESTE;2009-12-14;6676.00000000;66.86000061;6676.00000000;66.86000061
S;SUL;2009-12-14;11120.00000000;170.21000671;8385.00000000;128.33999634
SE;SUDESTE;2009-12-14;69264.00000000;174.86999512;48708.00000000;122.97000122
N;NORTE;2009-12-15;5750.00000000;124.26999664;5750.00000000;124.26999664
NE;NORDESTE;2009-12-15;7298.00000000;73.08999634;7298.00000000;73.08999634
S;SUL;2009-12-15;9886.00000000;151.32000732;8721.00000000;133.49000549
SE;SUDESTE;2009-12-15;68494.00000000;172.92999268;47722.00000000;120.48000336
N;NORTE;2009-12-16;5813.00000000;125.62999725;5813.00000000;125.62999725
NE;NORDESTE;2009-12-16;7981.00000000;79.93000031;7981.00000000;79.93000031
S;SUL;2009-12-16;9172.00000000;140.38999939;8566.00000000;131.11000061
SE;SUDESTE;2009-12-16;67083.00000000;169.36000061;44667.00000000;112.76999664
N;NORTE;2009-12-17;5996.00000000;129.58999634;5996.00000000;129.58999634
NE;NORDESTE;2009-12-17;8737.00000000;87.50000000;8737.00000000;87.50000000
S;SUL;2009-12-17;9756.00000000;149.33000183;8351.00000000;127.81999969
SE;SUDESTE;2009-12-17;65832.00000000;166.21000671;41756.00000000;105.41999817
N;NORTE;2009-12-18;6270.00000000;135.50999451;6270.00000000;135.50999451
NE;NORDESTE;2009-12-18;9525.00000000;95.38999939;9525.00000000;95.38999939
S;SUL;2009-12-18;9868.00000000;151.03999329;8416.00000000;128.82000732
SE;SUDESTE;2009-12-18;63997.00000000;161.57000732;37835.00000000;95.51999664
N;NORTE;2009-12-19;6440.00000000;139.17999268;6440.00000000;139.17999268
NE;NORDESTE;2009-12-19;10050.00000000;100.65000153;10050.00000000;100.65000153
S;SUL;2009-12-19;8953.00000000;137.03999329;8409.00000000;128.71000671
SE;SUDESTE;2009-12-19;61749.00000000;155.89999390;35410.00000000;89.40000153
N;NORTE;2009-12-20;6327.00000000;136.74000549;6327.00000000;136.74000549
NE;NORDESTE;2009-12-20;10415.00000000;104.30999756;10415.00000000;104.30999756
S;SUL;2009-12-20;7841.00000000;120.01999664;6911.00000000;105.77999878
SE;SUDESTE;2009-12-20;59597.00000000;150.46000671;30618.00000000;77.30000305
N;NORTE;2009-12-21;6102.00000000;131.88000488;6102.00000000;131.88000488
NE;NORDESTE;2009-12-21;10503.00000000;105.19000244;10503.00000000;105.19000244
S;SUL;2009-12-21;7781.00000000;119.09999847;7333.00000000;112.23999786
SE;SUDESTE;2009-12-21;57362.00000000;144.82000732;30558.00000000;77.15000153
N;NORTE;2009-12-22;5895.00000000;127.41000366;5895.00000000;127.41000366
NE;NORDESTE;2009-12-22;10565.00000000;105.80999756;10565.00000000;105.80999756
S;SUL;2009-12-22;7747.00000000;118.58000183;7437.00000000;113.83000183
SE;SUDESTE;2009-12-22;55495.00000000;140.11000061;29865.00000000;75.40000153
N;NORTE;2009-12-23;5766.00000000;124.62000275;5766.00000000;124.62000275
NE;NORDESTE;2009-12-23;10607.00000000;106.23000336;10607.00000000;106.23000336
S;SUL;2009-12-23;7723.00000000;118.20999908;7454.00000000;114.08999634
SE;SUDESTE;2009-12-23;53703.00000000;135.58000183;29650.00000000;74.86000061
N;NORTE;2009-12-24;5719.00000000;123.59999847;5719.00000000;123.59999847
NE;NORDESTE;2009-12-24;10645.00000000;106.61000061;10645.00000000;106.61000061
S;SUL;2009-12-24;8154.00000000;124.80999756;7845.00000000;120.08000183
SE;SUDESTE;2009-12-24;52120.00000000;131.58999634;27588.00000000;69.65000153
N;NORTE;2009-12-25;5807.00000000;125.50000000;5807.00000000;125.50000000
NE;NORDESTE;2009-12-25;10576.00000000;105.91999817;10576.00000000;105.91999817
S;SUL;2009-12-25;8755.00000000;134.00999451;8028.00000000;122.87999725
SE;SUDESTE;2009-12-25;51782.00000000;130.72999573;26275.00000000;66.33999634
N;NORTE;2009-12-26;5965.00000000;128.91999817;5965.00000000;128.91999817
NE;NORDESTE;2009-12-26;10444.00000000;104.59999847;10444.00000000;104.59999847
S;SUL;2009-12-26;9701.00000000;148.49000549;7392.00000000;113.13999939
SE;SUDESTE;2009-12-26;52612.00000000;132.83000183;28007.00000000;70.70999908
N;NORTE;2009-12-27;6078.00000000;131.36000061;6078.00000000;131.36000061
NE;NORDESTE;2009-12-27;10359.00000000;103.75000000;10359.00000000;103.75000000
S;SUL;2009-12-27;10497.00000000;160.66999817;5744.00000000;87.91999817
SE;SUDESTE;2009-12-27;55524.00000000;140.17999268;30732.00000000;77.58999634
N;NORTE;2009-12-28;6216.00000000;134.33999634;6216.00000000;134.33999634
NE;NORDESTE;2009-12-28;10248.00000000;102.62999725;10248.00000000;102.62999725
S;SUL;2009-12-28;10392.00000000;159.05999756;7953.00000000;121.73000336
SE;SUDESTE;2009-12-28;59658.00000000;150.61999512;36089.00000000;91.11000061
N;NORTE;2009-12-29;6452.00000000;139.44000244;6452.00000000;139.44000244
NE;NORDESTE;2009-12-29;10145.00000000;101.59999847;10145.00000000;101.59999847
S;SUL;2009-12-29;9936.00000000;152.08000183;8136.00000000;124.52999878
SE;SUDESTE;2009-12-29;63377.00000000;160.00999451;38529.00000000;97.26999664
N;NORTE;2009-12-30;6818.00000000;147.35000610;6818.00000000;147.35000610
NE;NORDESTE;2009-12-30;9973.00000000;99.87999725;9973.00000000;99.87999725
S;SUL;2009-12-30;9552.00000000;146.21000671;7377.00000000;112.91000366
SE;SUDESTE;2009-12-30;65840.00000000;166.22999573;37470.00000000;94.59999847
N;NORTE;2009-12-31;7279.00000000;157.32000732;7279.00000000;157.32000732
NE;NORDESTE;2009-12-31;9730.00000000;97.44999695;9730.00000000;97.44999695
S;SUL;2009-12-31;9101.00000000;139.30000305;6886.00000000;105.40000153
SE;SUDESTE;2009-12-31;71833.00000000;181.36000061;37629.00000000;95.00000000
