id_subsistema;nom_subsistema;ena_data;ena_bruta_regiao_mwmed;ena_bruta_regiao_percentualmlt;ena_armazenavel_regiao_mwmed;ena_armazenavel_regiao_percentualmlt
N;NORTE;2000-01-01;10392.56152344;126.63939667;10381.55273438;126.50520325
NE;NORDESTE;2000-01-01;10174.40234375;78.59410095;9990.51074219;77.17359924
S;SUL;2000-01-01;1772.41503906;43.59740067;1772.41503906;43.59740067
SE;SUDESTE;2000-01-01;27179.79101563;60.57680130;27097.95703125;60.39440155
N;NORTE;2000-01-02;10888.61132813;132.68400574;10867.50390625;132.42680359
NE;NORDESTE;2000-01-02;10052.96875000;77.65609741;9895.76562500;76.44170380
S;SUL;2000-01-02;1915.10095215;47.10720062;1915.10095215;47.10720062
SE;SUDESTE;2000-01-02;30354.52929688;67.65249634;30070.77734375;67.02010345
N;NORTE;2000-01-03;11226.66601563;136.80340576;11210.15039063;136.60220337
NE;NORDESTE;2000-01-03;10730.20507813;82.88749695;10556.05371094;81.54219818
S;SUL;2000-01-03;2064.64892578;50.78570175;2064.64892578;50.78570175
SE;SUDESTE;2000-01-03;36120.01171875;80.50229645;35387.05078125;78.86869812
N;NORTE;2000-01-04;11387.32324219;138.76109314;11370.81445313;138.55999756
NE;NORDESTE;2000-01-04;10194.25781250;78.74749756;10001.50390625;77.25849915
S;SUL;2000-01-04;2191.43798828;53.90449905;2191.43798828;53.90449905
SE;SUDESTE;2000-01-04;45823.45312500;102.12879944;44639.35156250;99.48970032
N;NORTE;2000-01-05;11516.74707031;140.33819580;11293.43457031;137.61709595
NE;NORDESTE;2000-01-05;10387.76953125;80.24230194;10197.74316406;78.77439880
S;SUL;2000-01-05;2281.89599609;56.12950134;2281.89599609;56.12950134
SE;SUDESTE;2000-01-05;50955.57421875;113.56700134;49668.96484375;110.69940186
N;NORTE;2000-01-06;11693.97558594;142.49789429;10776.88378906;131.32260132
NE;NORDESTE;2000-01-06;10911.27734375;84.28620148;10722.32128906;82.82659912
S;SUL;2000-01-06;2369.93603516;58.29510117;2369.93603516;58.29510117
SE;SUDESTE;2000-01-06;55203.55859375;123.03459930;54412.05078125;121.27059937
N;NORTE;2000-01-07;11904.66699219;145.06530762;10097.46582031;123.04350281
NE;NORDESTE;2000-01-07;11791.25878906;91.08380127;11595.97167969;89.57530212
S;SUL;2000-01-07;2344.85107422;57.67810059;2344.85107422;57.67810059
SE;SUDESTE;2000-01-07;57764.76562500;128.74290466;56942.33203125;126.90989685
N;NORTE;2000-01-08;12223.06835938;148.94520569;9241.17382813;112.60910034
NE;NORDESTE;2000-01-08;12625.72656250;97.52980042;12435.99121094;96.06420135
S;SUL;2000-01-08;2227.76196289;54.79790115;2227.76196289;54.79790115
SE;SUDESTE;2000-01-08;60160.06640625;134.08140564;59376.98828125;132.33619690
N;NORTE;2000-01-09;12559.40429688;153.04359436;8401.16406250;102.37310028
NE;NORDESTE;2000-01-09;13307.07617188;102.79299927;13126.78808594;101.40039825
S;SUL;2000-01-09;2154.48803711;52.99560165;2154.48803711;52.99560165
SE;SUDESTE;2000-01-09;61060.23046875;136.08770752;60386.50390625;134.58610535
N;NORTE;2000-01-10;12812.43847656;156.12699890;7791.48095703;94.94370270
NE;NORDESTE;2000-01-10;13879.09765625;107.21170044;13717.12207031;105.96050262
S;SUL;2000-01-10;2290.43798828;56.33959961;2290.43798828;56.33959961
SE;SUDESTE;2000-01-10;61120.62890625;136.22230530;60510.61328125;134.86270142
N;NORTE;2000-01-11;12988.06347656;158.26710510;7433.18896484;90.57769775
NE;NORDESTE;2000-01-11;14135.53710938;109.19259644;13958.46386719;107.82479858
S;SUL;2000-01-11;2694.37207031;66.27549744;2694.37207031;66.27549744
SE;SUDESTE;2000-01-11;59950.58203125;133.61459351;59260.54296875;132.07659912
N;NORTE;2000-01-12;13165.57812500;160.43020630;7165.66308594;87.31780243
NE;NORDESTE;2000-01-12;14109.82324219;108.99400330;13922.23144531;107.54489899
S;SUL;2000-01-12;3293.37500000;81.00959778;3293.37500000;81.00959778
SE;SUDESTE;2000-01-12;57933.82812500;129.11970520;57359.48046875;127.83959961
N;NORTE;2000-01-13;13284.11816406;161.87469482;6688.58105469;81.50420380
NE;NORDESTE;2000-01-13;14132.93945313;109.17259979;13942.62011719;107.70240021
S;SUL;2000-01-13;3673.56909180;90.36160278;3673.56909180;90.36160278
SE;SUDESTE;2000-01-13;55184.50781250;122.99220276;54732.63281250;121.98509979
N;NORTE;2000-01-14;13349.64355469;162.67320251;6208.11718750;75.64949799
NE;NORDESTE;2000-01-14;14542.92675781;112.33959961;14346.27636719;110.82050323
S;SUL;2000-01-14;3687.06494141;90.69349670;3687.06494141;90.69349670
SE;SUDESTE;2000-01-14;52163.33203125;116.25879669;51799.28906250;115.44740295
N;NORTE;2000-01-15;13335.69433594;162.50320435;5317.27587891;64.79409790
NE;NORDESTE;2000-01-15;14744.38769531;113.89579773;14548.51562500;112.38279724
S;SUL;2000-01-15;3603.69189453;88.64270020;3603.69189453;88.64270020
SE;SUDESTE;2000-01-15;49134.96093750;109.50930023;48867.88281250;108.91400146
N;NORTE;2000-01-16;13294.17285156;161.99719238;4499.98095703;54.83489990
NE;NORDESTE;2000-01-16;14757.63183594;113.99810028;14573.35058594;112.57460022
S;SUL;2000-01-16;3697.15405273;90.94170380;3697.15405273;90.94170380
SE;SUDESTE;2000-01-16;46237.29296875;103.05110168;45977.44921875;102.47200012
N;NORTE;2000-01-17;13254.76953125;161.51710510;4266.90722656;51.99470139
NE;NORDESTE;2000-01-17;15215.69726563;117.53649902;15055.28027344;116.29740143
S;SUL;2000-01-17;3774.23388672;92.83769989;3774.23388672;92.83769989
SE;SUDESTE;2000-01-17;43833.83593750;97.47190094;43509.18750000;96.75000000
N;NORTE;2000-01-18;13134.84277344;160.05569458;4208.37109375;51.28139877
NE;NORDESTE;2000-01-18;15473.22851563;119.52590179;15272.19531250;117.97299957
S;SUL;2000-01-18;3626.59399414;89.20610046;3626.59399414;89.20610046
SE;SUDESTE;2000-01-18;41375.92187500;92.00630188;40942.87500000;91.04340363
N;NORTE;2000-01-19;12916.30957031;157.39270020;4326.39306641;52.71960068
NE;NORDESTE;2000-01-19;15177.92089844;117.24469757;14975.03710938;115.67749786
S;SUL;2000-01-19;3328.32690430;81.86940002;3328.32690430;81.86940002
SE;SUDESTE;2000-01-19;39544.68750000;87.93419647;39118.30078125;86.98609924
N;NORTE;2000-01-20;12590.24023438;153.41940308;4273.94921875;52.08050156
NE;NORDESTE;2000-01-20;14756.04785156;113.98590088;14557.93554688;112.45549774
S;SUL;2000-01-20;3079.87207031;75.75789642;3079.87207031;75.75789642
SE;SUDESTE;2000-01-20;38274.05859375;85.10880280;37864.43359375;84.19789886
N;NORTE;2000-01-21;12197.47265625;148.63330078;4177.13085938;50.90079880
NE;NORDESTE;2000-01-21;14410.25097656;111.31469727;14217.49609375;109.82569885
S;SUL;2000-01-21;2888.29711914;71.04560089;2888.29711914;71.04560089
SE;SUDESTE;2000-01-21;38386.75781250;85.35939789;37969.21484375;84.43090057
N;NORTE;2000-01-22;11815.60937500;143.97999573;4138.85595703;50.43439865
NE;NORDESTE;2000-01-22;13916.69531250;107.50209808;13727.05664063;106.03720093
S;SUL;2000-01-22;2669.63500977;65.66699982;2669.63500977;65.66699982
SE;SUDESTE;2000-01-22;37446.39062500;83.26830292;37186.00781250;82.68930054
N;NORTE;2000-01-23;11489.03417969;140.00050354;3878.45996094;47.26129913
NE;NORDESTE;2000-01-23;13271.03710938;102.51460266;13090.16503906;101.11750031
S;SUL;2000-01-23;2648.25610352;65.14119720;2648.25610352;65.14119720
SE;SUDESTE;2000-01-23;36324.01953125;80.77259827;36150.16406250;80.38600159
N;NORTE;2000-01-24;11212.53222656;136.63119507;3607.47705078;43.95920181
NE;NORDESTE;2000-01-24;12664.32031250;97.82790375;12496.98730469;96.53530121
S;SUL;2000-01-24;2731.30395508;67.18399811;2731.30395508;67.18399811
SE;SUDESTE;2000-01-24;35170.69921875;78.20790100;34968.14453125;77.75749969
N;NORTE;2000-01-25;11049.85546875;134.64889526;3444.80395508;41.97689819
NE;NORDESTE;2000-01-25;11792.48925781;91.09329987;11596.81152344;89.58180237
S;SUL;2000-01-25;2918.69702148;71.79340363;2918.69702148;71.79340363
SE;SUDESTE;2000-01-25;34696.79296875;77.15409851;34450.14062500;76.60569763
N;NORTE;2000-01-26;11004.85937500;134.10060120;3399.81689453;41.42869949
NE;NORDESTE;2000-01-26;10726.32910156;82.85759735;10536.78906250;81.39340210
S;SUL;2000-01-26;3087.49389648;75.94539642;3087.49389648;75.94539642
SE;SUDESTE;2000-01-26;34900.99218750;77.60820007;34661.53906250;77.07569885
N;NORTE;2000-01-27;11074.80761719;134.95300293;3469.77807617;42.28129959
NE;NORDESTE;2000-01-27;9863.19726563;76.19010162;9662.74707031;74.64170074
S;SUL;2000-01-27;3094.52587891;76.11840057;3094.52587891;76.11840057
SE;SUDESTE;2000-01-27;34758.07812500;77.29039764;34438.54687500;76.57990265
N;NORTE;2000-01-28;11224.64453125;136.77879333;3619.62792969;44.10729980
NE;NORDESTE;2000-01-28;9226.26074219;71.26999664;9036.23339844;69.80210114
S;SUL;2000-01-28;2945.90698242;72.46269989;2945.90698242;72.46269989
SE;SUDESTE;2000-01-28;35918.27343750;79.87030029;35268.33593750;78.42510223
N;NORTE;2000-01-29;11374.69531250;138.60729980;3750.93505859;45.70729828
NE;NORDESTE;2000-01-29;8734.77832031;67.47339630;8539.19921875;65.96269989
S;SUL;2000-01-29;2778.93505859;68.35559845;2778.93505859;68.35559845
SE;SUDESTE;2000-01-29;38909.77343750;86.52239990;37929.75781250;84.34320068
N;NORTE;2000-01-30;11498.25390625;140.11289978;3292.11303711;40.11629868
NE;NORDESTE;2000-01-30;8592.79785156;66.37670135;8406.47167969;64.93740082
S;SUL;2000-01-30;2751.02905273;67.66909790;2723.54296875;66.99299622
SE;SUDESTE;2000-01-30;40176.50000000;89.33920288;39157.41015625;87.07309723
N;NORTE;2000-01-31;11619.77636719;141.59370422;3420.01196289;41.67480087
NE;NORDESTE;2000-01-31;8618.98339844;66.57900238;8442.49414063;65.21559906
S;SUL;2000-01-31;2936.72705078;72.23690033;2936.72705078;72.23690033
SE;SUDESTE;2000-01-31;41526.39843750;92.34089661;40588.33203125;90.25499725
N;NORTE;2000-02-01;11736.31835938;104.40360260;3984.61596680;35.44620132
NE;NORDESTE;2000-02-01;8567.92968750;62.04610062;8374.10351563;60.64250183
S;SUL;2000-02-01;3377.17309570;78.82540131;3377.17309570;78.82540131
SE;SUDESTE;2000-02-01;42507.94921875;91.39959717;41665.65625000;89.58850098
N;NORTE;2000-02-02;11845.31445313;105.37319946;4673.36718750;41.57320023
NE;NORDESTE;2000-02-02;8748.61425781;63.35459900;8540.47070313;61.84730148
S;SUL;2000-02-02;3805.52294922;88.82330322;3805.52294922;88.82330322
SE;SUDESTE;2000-02-02;44925.39453125;96.59750366;44211.50000000;95.06250000
N;NORTE;2000-02-03;11877.84277344;105.66249847;4864.62109375;43.27450180
NE;NORDESTE;2000-02-03;9267.32519531;67.11090088;9062.39453125;65.62689972
S;SUL;2000-02-03;3850.54907227;89.87429810;3850.54907227;89.87429810
SE;SUDESTE;2000-02-03;46875.58984375;100.79080200;46294.64843750;99.54170227
N;NORTE;2000-02-04;11839.83691406;105.32440186;5028.79492188;44.73500061
NE;NORDESTE;2000-02-04;10006.41699219;72.46320343;9802.65625000;70.98760223
S;SUL;2000-02-04;3679.65502930;85.88549805;3679.65502930;85.88549805
SE;SUDESTE;2000-02-04;48156.25781250;103.54450226;47472.49609375;102.07430267
N;NORTE;2000-02-05;11742.81054688;104.46130371;4992.68017578;44.41370010
NE;NORDESTE;2000-02-05;10850.34570313;78.57460022;10651.84375000;77.13710022
S;SUL;2000-02-05;3533.29296875;82.46929932;3533.29296875;82.46929932
SE;SUDESTE;2000-02-05;48440.87500000;104.15640259;48037.59765625;103.28929901
N;NORTE;2000-02-06;11553.37207031;102.77610016;4793.87597656;42.64519882
NE;NORDESTE;2000-02-06;11686.12207031;84.62699890;11499.99023438;83.27909851
S;SUL;2000-02-06;3379.24707031;78.87380219;3379.24707031;78.87380219
SE;SUDESTE;2000-02-06;48744.15234375;104.80850220;48315.50781250;103.88690186
N;NORTE;2000-02-07;11330.03320313;100.78929901;4566.56884766;40.62310028
NE;NORDESTE;2000-02-07;12556.54101563;90.93029785;12384.04589844;89.68119812
S;SUL;2000-02-07;3168.15991211;73.94689941;3168.15991211;73.94689941
SE;SUDESTE;2000-02-07;52407.25781250;112.68489838;51908.83203125;111.61319733
N;NORTE;2000-02-08;11123.12988281;98.94879913;4362.93310547;38.81159973
NE;NORDESTE;2000-02-08;13052.64941406;94.52300262;12852.29687500;93.07209778
S;SUL;2000-02-08;2918.15600586;68.11160278;2918.15600586;68.11160278
SE;SUDESTE;2000-02-08;53687.75781250;115.43820190;53082.14843750;114.13600159
N;NORTE;2000-02-09;10992.38867188;97.78569794;4231.14990234;37.63930130
NE;NORDESTE;2000-02-09;13360.40820313;96.75170135;13162.68554688;95.31980133
S;SUL;2000-02-09;2671.83593750;62.36230087;2671.83593750;62.36230087
SE;SUDESTE;2000-02-09;54450.16015625;117.07749939;53867.90625000;115.82550049
N;NORTE;2000-02-10;11021.96484375;98.04879761;4257.41601563;37.87300110
NE;NORDESTE;2000-02-10;13715.67968750;99.32440186;13512.40625000;97.85240173
S;SUL;2000-02-10;2511.53491211;58.62080002;2511.53491211;58.62080002
SE;SUDESTE;2000-02-10;56791.14843750;122.11100006;55965.82812500;120.33640289
N;NORTE;2000-02-11;11194.07128906;99.57990265;4143.63378906;36.86080170
NE;NORDESTE;2000-02-11;13793.73339844;99.88960266;13559.39160156;98.19259644
S;SUL;2000-02-11;2362.15600586;55.13420105;2362.15600586;55.13420105
SE;SUDESTE;2000-02-11;59275.06250000;127.45189667;58378.15625000;125.52339935
N;NORTE;2000-02-12;11488.22851563;102.19660187;3870.55004883;34.43149948
NE;NORDESTE;2000-02-12;13860.81933594;100.37550354;13542.17089844;98.06790161
S;SUL;2000-02-12;2163.83789063;50.50540161;2163.83789063;50.50540161
SE;SUDESTE;2000-02-12;60882.13671875;130.90739441;60108.92968750;129.24479675
N;NORTE;2000-02-13;11919.40234375;106.03220367;3486.70092773;31.01689911
NE;NORDESTE;2000-02-13;14112.45214844;102.19770050;13752.58984375;99.59169769
S;SUL;2000-02-13;2130.74707031;49.73300171;2130.74707031;49.73300171
SE;SUDESTE;2000-02-13;61728.46875000;132.72709656;61097.14453125;131.36970520
N;NORTE;2000-02-14;12453.23339844;110.78109741;3182.49707031;28.31080055
NE;NORDESTE;2000-02-14;14633.26757813;105.96929932;14297.56152344;103.53820038
S;SUL;2000-02-14;2279.41796875;53.20309830;2279.41796875;53.20309830
SE;SUDESTE;2000-02-14;63283.00000000;136.06959534;62440.66796875;134.25849915
N;NORTE;2000-02-15;13066.72265625;116.23850250;2967.81396484;26.40099907
NE;NORDESTE;2000-02-15;15061.90429688;109.07330322;14642.53906250;106.03639984
S;SUL;2000-02-15;2775.45507813;64.78089905;2775.45507813;64.78089905
SE;SUDESTE;2000-02-15;63637.34375000;136.83149719;62901.16796875;135.24859619
N;NORTE;2000-02-16;13695.82421875;121.83489990;3463.50805664;30.81060028
NE;NORDESTE;2000-02-16;15367.56542969;111.28679657;14888.20605469;107.81549835
S;SUL;2000-02-16;3809.03588867;88.90529633;3809.03588867;88.90529633
SE;SUDESTE;2000-02-16;63968.93359375;137.54449463;63348.55468750;136.21060181
N;NORTE;2000-02-17;14213.63476563;126.44120026;3915.68505859;34.83300018
NE;NORDESTE;2000-02-17;15889.32128906;115.06520081;15406.91699219;111.57180023
S;SUL;2000-02-17;4892.67919922;114.19819641;4892.67919922;114.19819641
SE;SUDESTE;2000-02-17;65105.95312500;139.98930359;64550.62500000;138.79530334
N;NORTE;2000-02-18;14656.33691406;130.37939453;3870.45605469;34.43069839
NE;NORDESTE;2000-02-18;16382.51171875;118.63670349;15908.30957031;115.20269775
S;SUL;2000-02-18;5338.33789063;124.60019684;5338.33789063;124.60019684
SE;SUDESTE;2000-02-18;65666.46093750;141.19450378;65137.40234375;140.05690002
N;NORTE;2000-02-19;15020.18457031;133.61610413;3661.41088867;32.57109833
NE;NORDESTE;2000-02-19;16789.13476563;121.58139801;16551.76953125;119.86239624
S;SUL;2000-02-19;5266.69189453;122.92790222;5266.69189453;122.92790222
SE;SUDESTE;2000-02-19;65601.87500000;141.05560303;65036.63281250;139.84030151
N;NORTE;2000-02-20;15372.71093750;136.75210571;3016.61401367;26.83510017
NE;NORDESTE;2000-02-20;17088.60156250;123.75000000;16742.75781250;121.24549866
S;SUL;2000-02-20;5133.58398438;119.82109833;5133.58398438;119.82109833
SE;SUDESTE;2000-02-20;64741.96093750;139.20669556;64231.76953125;138.10969543
N;NORTE;2000-02-21;15712.31933594;139.77310181;3226.91503906;28.70590019
NE;NORDESTE;2000-02-21;17314.20117188;125.38369751;17020.04492188;123.25350189
S;SUL;2000-02-21;5057.50195313;118.04530334;5057.50195313;118.04530334
SE;SUDESTE;2000-02-21;62613.99218750;134.63119507;62117.11328125;133.56280518
N;NORTE;2000-02-22;16047.04296875;142.75079346;3842.65795898;34.18339920
NE;NORDESTE;2000-02-22;17263.36328125;125.01560211;16943.68750000;122.70059967
S;SUL;2000-02-22;5012.80419922;117.00199890;5012.80419922;117.00199890
SE;SUDESTE;2000-02-22;58994.42187500;126.84839630;58535.24609375;125.86109924
N;NORTE;2000-02-23;16397.95117188;145.87240601;4087.01391602;36.35710144
NE;NORDESTE;2000-02-23;17231.83398438;124.78720093;16898.61718750;122.37419891
S;SUL;2000-02-23;5049.05419922;117.84809875;5049.05419922;117.84809875
SE;SUDESTE;2000-02-23;55547.52343750;119.43699646;55197.73046875;118.68489838
N;NORTE;2000-02-24;16690.45898438;148.47439575;3894.74804688;34.64680099
NE;NORDESTE;2000-02-24;17570.54101563;127.23999786;17226.81054688;124.75090027
S;SUL;2000-02-24;5368.65722656;125.30789948;5368.65722656;125.30789948
SE;SUDESTE;2000-02-24;53229.66015625;114.45320129;52806.47656250;113.54329681
N;NORTE;2000-02-25;16813.92968750;149.57279968;3651.49804688;32.48289871
NE;NORDESTE;2000-02-25;18050.05273438;130.71249390;17687.62695313;128.08790588
S;SUL;2000-02-25;5311.21191406;123.96710205;5311.21191406;123.96710205
SE;SUDESTE;2000-02-25;50859.98828125;109.35800171;50599.03515625;108.79689789
N;NORTE;2000-02-26;16822.17382813;149.64610291;3531.67089844;31.41690063
NE;NORDESTE;2000-02-26;18279.74804688;132.37590027;17912.74218750;129.71809387
S;SUL;2000-02-26;4977.55517578;116.17929840;4977.55517578;116.17929840
SE;SUDESTE;2000-02-26;48607.03515625;104.51370239;48383.73046875;104.03359985
N;NORTE;2000-02-27;16817.93945313;149.60850525;3516.49511719;31.28190041
NE;NORDESTE;2000-02-27;18061.38085938;130.79449463;17698.08789063;128.16369629
S;SUL;2000-02-27;5085.40722656;118.69660187;5085.40722656;118.69660187
SE;SUDESTE;2000-02-27;46908.27734375;100.86109924;46667.17968750;100.34269714
N;NORTE;2000-02-28;16824.10156250;149.66329956;3522.73803711;31.33749962
NE;NORDESTE;2000-02-28;17372.99023438;125.80940247;16993.80859375;123.06349945
S;SUL;2000-02-28;5393.18603516;125.88040161;5393.18603516;125.88040161
SE;SUDESTE;2000-02-28;46254.88281250;99.45619965;45273.97265625;97.34700012
N;NORTE;2000-02-29;16925.67968750;150.56689453;3627.59497070;32.27019882
NE;NORDESTE;2000-02-29;16554.01953125;119.87870026;16107.39355469;116.64440155
S;SUL;2000-02-29;5957.81298828;139.05909729;5957.81298828;139.05909729
SE;SUDESTE;2000-02-29;46289.64062500;99.53089905;45340.30468750;97.48970032
N;NORTE;2000-03-01;17113.91992188;129.91549683;4067.55004883;30.87770081
NE;NORDESTE;2000-03-01;15533.81054688;113.06809998;15085.64941406;109.80599976
S;SUL;2000-03-01;6541.04394531;171.70489502;6541.04394531;171.70489502
SE;SUDESTE;2000-03-01;46040.41406250;106.29149628;45173.17578125;104.28939819
N;NORTE;2000-03-02;17178.84570313;130.40840149;4247.22998047;32.24169922
NE;NORDESTE;2000-03-02;14528.32226563;105.74939728;14105.25488281;102.66989899
S;SUL;2000-03-02;7350.17578125;192.94500732;7350.17578125;192.94500732
SE;SUDESTE;2000-03-02;46257.35156250;106.79239655;45431.96093750;104.88680267
N;NORTE;2000-03-03;17104.94921875;129.84739685;4694.76806641;35.63899994
NE;NORDESTE;2000-03-03;13789.34375000;100.37039948;13415.63574219;97.65029907
S;SUL;2000-03-03;7580.44824219;198.98970032;7580.44824219;198.98970032
SE;SUDESTE;2000-03-03;46219.01562500;106.70390320;45534.23828125;105.12290192
N;NORTE;2000-03-04;16878.56640625;128.12890625;4463.85205078;33.88610077
NE;NORDESTE;2000-03-04;13347.31152344;97.15299988;13061.75878906;95.07450104
S;SUL;2000-03-04;7209.35791016;189.24839783;7209.35791016;189.24839783
SE;SUDESTE;2000-03-04;45897.61328125;105.96189880;45562.16796875;105.18740082
N;NORTE;2000-03-05;16623.17968750;126.19020081;4292.13916016;32.58259964
NE;NORDESTE;2000-03-05;13091.09375000;95.28800201;12855.33105469;93.57189941
S;SUL;2000-03-05;6753.66601563;177.28630066;6753.66601563;177.28630066
SE;SUDESTE;2000-03-05;45823.25390625;105.79019928;45733.46093750;105.58290100
N;NORTE;2000-03-06;16392.99023438;124.44280243;4601.90185547;34.93410110
NE;NORDESTE;2000-03-06;12720.22851563;92.58850098;12566.33691406;91.46839905
S;SUL;2000-03-06;6607.49218750;173.44920349;6607.49218750;173.44920349
SE;SUDESTE;2000-03-06;44744.49609375;103.29969788;44673.22265625;103.13520050
N;NORTE;2000-03-07;16186.10156250;122.87229919;4197.56005859;31.86459923
NE;NORDESTE;2000-03-07;12384.09472656;90.14189911;12210.33300781;88.87709808
S;SUL;2000-03-07;6693.30615234;175.70190430;6693.30615234;175.70190430
SE;SUDESTE;2000-03-07;43820.44921875;101.16639709;43746.94921875;100.99669647
N;NORTE;2000-03-08;16098.96777344;122.21080017;3946.10205078;29.95569992
NE;NORDESTE;2000-03-08;11799.61230469;85.88749695;11630.13574219;84.65390015
S;SUL;2000-03-08;6432.94824219;168.86740112;6432.94824219;168.86740112
SE;SUDESTE;2000-03-08;42827.23046875;98.87339783;42744.95312500;98.68340302
N;NORTE;2000-03-09;16084.24218750;122.09899902;3915.90893555;29.72649956
NE;NORDESTE;2000-03-09;11938.42578125;86.89790344;11753.17089844;85.54949951
S;SUL;2000-03-09;6080.10693359;159.60519409;6080.10693359;159.60519409
SE;SUDESTE;2000-03-09;42684.61328125;98.54409790;42596.85156250;98.34149933
N;NORTE;2000-03-10;16104.02539063;122.24919891;3940.59301758;29.91390038
NE;NORDESTE;2000-03-10;10910.47460938;79.41560364;10709.92871094;77.95590210
S;SUL;2000-03-10;5573.91503906;146.31739807;5573.91503906;146.31739807
SE;SUDESTE;2000-03-10;42929.48437500;99.10949707;42846.33593750;98.91750336
N;NORTE;2000-03-11;16134.00292969;122.47679901;3774.63989258;28.65410042
NE;NORDESTE;2000-03-11;10639.60546875;77.44400024;10439.74023438;75.98919678
S;SUL;2000-03-11;5173.06689453;135.79499817;5173.06689453;135.79499817
SE;SUDESTE;2000-03-11;44426.58984375;102.56580353;44215.89062500;102.07929993
N;NORTE;2000-03-12;16175.46484375;122.79149628;3354.39111328;25.46389961
NE;NORDESTE;2000-03-12;10633.25878906;77.39779663;10414.49511719;75.80549622
S;SUL;2000-03-12;4883.45507813;128.19259644;4873.57324219;127.93319702
SE;SUDESTE;2000-03-12;47160.24218750;108.87680054;46914.08203125;108.30850220
N;NORTE;2000-03-13;16211.07910156;123.06189728;2744.86206055;20.83690071
NE;NORDESTE;2000-03-13;10891.13671875;79.27490234;10652.91210938;77.54090118
S;SUL;2000-03-13;4736.26416016;124.32879639;4736.26416016;124.32879639
SE;SUDESTE;2000-03-13;48973.60156250;113.06330109;48588.10156250;112.17330170
N;NORTE;2000-03-14;16175.58593750;122.79239655;3119.76098633;23.68280029
NE;NORDESTE;2000-03-14;11107.88183594;80.85250092;10810.87011719;78.69059753
S;SUL;2000-03-14;4607.11816406;120.93859863;4607.11816406;120.93859863
SE;SUDESTE;2000-03-14;49533.10546875;114.35500336;49032.32031250;113.19879913
N;NORTE;2000-03-15;16167.59375000;122.73179626;3229.43090820;24.51530075
NE;NORDESTE;2000-03-15;11043.94238281;80.38710022;10714.28027344;77.98750305
S;SUL;2000-03-15;4364.65478516;114.57389832;4364.65478516;114.57389832
SE;SUDESTE;2000-03-15;49279.24609375;113.76889801;48951.03515625;113.01119995
N;NORTE;2000-03-16;16263.70996094;123.46140289;2990.97900391;22.70520020
NE;NORDESTE;2000-03-16;11248.16796875;81.87359619;11048.30273438;80.41880035
S;SUL;2000-03-16;4041.77197266;106.09809875;4041.77197266;106.09809875
SE;SUDESTE;2000-03-16;50699.88281250;117.04859924;50337.64062500;116.21240234
N;NORTE;2000-03-17;16541.82421875;125.57260132;2746.01196289;20.84560013
NE;NORDESTE;2000-03-17;11911.16699219;86.69950104;11439.21972656;83.26429749
S;SUL;2000-03-17;3754.06689453;98.54570007;3754.06689453;98.54570007
SE;SUDESTE;2000-03-17;52165.29296875;120.43180084;51456.00390625;118.79429626
N;NORTE;2000-03-18;16930.56250000;128.52360535;2238.54589844;16.99329948
NE;NORDESTE;2000-03-18;12365.50390625;90.00650024;11872.87402344;86.42079926
S;SUL;2000-03-18;3605.62207031;94.64900208;3605.62207031;94.64900208
SE;SUDESTE;2000-03-18;53672.44921875;123.91130066;52939.26171875;122.21859741
N;NORTE;2000-03-19;17393.46679688;132.03759766;1764.41296387;13.39400005
NE;NORDESTE;2000-03-19;12541.52441406;91.28780365;12052.10742188;87.72540283
S;SUL;2000-03-19;3384.40502930;88.84190369;3384.40502930;88.84190369
SE;SUDESTE;2000-03-19;54988.03906250;126.94850159;54079.89843750;124.85189819
N;NORTE;2000-03-20;17964.96484375;136.37600708;2264.32495117;17.18899918
NE;NORDESTE;2000-03-20;12599.56738281;91.71019745;12227.07714844;88.99900055
S;SUL;2000-03-20;3074.38110352;80.70369720;3074.38110352;80.70369720
SE;SUDESTE;2000-03-20;58277.71484375;134.54330444;56904.14062500;131.37219238
N;NORTE;2000-03-21;18543.44531250;140.76739502;2910.58911133;22.09490013
NE;NORDESTE;2000-03-21;12372.09765625;90.05449677;12039.52343750;87.63379669
S;SUL;2000-03-21;2844.30493164;74.66410065;2844.30493164;74.66410065
SE;SUDESTE;2000-03-21;58640.71093750;135.38130188;56107.78906250;129.53370667
N;NORTE;2000-03-22;19070.22265625;144.76629639;3444.53491211;26.14819908
NE;NORDESTE;2000-03-22;12122.23925781;88.23590088;11844.20410156;86.21209717
S;SUL;2000-03-22;2658.75097656;69.79319763;2658.75097656;69.79319763
SE;SUDESTE;2000-03-22;58298.20312500;134.59060669;54687.69921875;126.25520325
N;NORTE;2000-03-23;19458.25976563;147.71189880;4058.73706055;30.81080055
NE;NORDESTE;2000-03-23;12208.13183594;88.86109924;11990.54003906;87.27719879
S;SUL;2000-03-23;2561.26098633;67.23410034;2561.26098633;67.23410034
SE;SUDESTE;2000-03-23;57158.27734375;131.95889282;53846.41796875;124.31289673
N;NORTE;2000-03-24;19701.10351563;149.55540466;4405.21289063;33.44089890
NE;NORDESTE;2000-03-24;12610.07617188;91.78669739;12402.12695313;90.27310181
S;SUL;2000-03-24;2554.72290039;67.06250000;2554.72290039;67.06250000
SE;SUDESTE;2000-03-24;55297.38671875;127.66269684;52119.77734375;120.32669830
N;NORTE;2000-03-25;19721.37500000;149.70930481;4422.11083984;33.56919861
NE;NORDESTE;2000-03-25;13208.23242188;96.14060211;13014.60058594;94.73120117
S;SUL;2000-03-25;2588.89599609;67.95950317;2586.77197266;67.90380096
SE;SUDESTE;2000-03-25;53243.36718750;122.92070007;50868.41015625;117.43769836
N;NORTE;2000-03-26;19503.46679688;148.05509949;4211.00390625;31.96669960
NE;NORDESTE;2000-03-26;13883.01562500;101.05229950;13568.35742188;98.76190186
S;SUL;2000-03-26;2674.89111328;70.21690369;2632.58203125;69.10630035
SE;SUDESTE;2000-03-26;51144.32031250;118.07469940;49380.98046875;114.00379944
N;NORTE;2000-03-27;19152.53710938;145.39109802;4220.80322266;32.04100037
NE;NORDESTE;2000-03-27;14717.87597656;107.12909698;14535.15332031;105.79910278
S;SUL;2000-03-27;2827.57690430;74.22499847;2827.57690430;74.22499847
SE;SUDESTE;2000-03-27;48971.69140625;113.05879974;48111.07421875;111.07199860
N;NORTE;2000-03-28;18674.33593750;141.76100159;4543.91113281;34.49380112
NE;NORDESTE;2000-03-28;15272.06542969;111.16290283;15060.61035156;109.62380219
S;SUL;2000-03-28;2975.94604492;78.11969757;2975.94604492;78.11969757
SE;SUDESTE;2000-03-28;47492.64453125;109.64420319;46198.50390625;106.65650177
N;NORTE;2000-03-29;18148.23242188;137.76719666;4438.64501953;33.69469833
NE;NORDESTE;2000-03-29;15583.54687500;113.43019867;15376.18261719;111.92079926
S;SUL;2000-03-29;3052.21191406;80.12169647;3052.21191406;80.12169647
SE;SUDESTE;2000-03-29;46873.40234375;108.21459961;46146.11328125;106.53559875
N;NORTE;2000-03-30;17606.88281250;133.65769958;4075.18896484;30.93569946
NE;NORDESTE;2000-03-30;15931.91406250;115.96589661;15732.73144531;114.51609802
S;SUL;2000-03-30;2924.90893555;76.77999878;2924.90893555;76.77999878
SE;SUDESTE;2000-03-30;46430.94140625;107.19309998;45468.19531250;104.97049713
N;NORTE;2000-03-31;17095.01171875;129.77200317;3824.12304688;29.02980042
NE;NORDESTE;2000-03-31;16198.19335938;117.90409851;15999.30175781;116.45639801
S;SUL;2000-03-31;2809.76708984;73.75749969;2809.76708984;73.75749969
SE;SUDESTE;2000-03-31;46487.98437500;107.32479858;45632.26562500;105.34929657
N;NORTE;2000-04-01;16596.34375000;125.99520111;3480.84497070;26.42569923
NE;NORDESTE;2000-04-01;16383.48828125;145.65089417;16189.66210938;143.92779541
S;SUL;2000-04-01;2683.48706055;79.87439728;2683.48706055;79.87439728
SE;SUDESTE;2000-04-01;44977.39062500;137.53900146;43191.96093750;132.07919312
N;NORTE;2000-04-02;16247.69531250;123.34829712;3109.86889648;23.60930061
NE;NORDESTE;2000-04-02;16490.72656250;146.60429382;16312.09570313;145.01629639
S;SUL;2000-04-02;2530.79492188;75.32949829;2530.79492188;75.32949829
SE;SUDESTE;2000-04-02;42985.05468750;131.44650269;38950.15625000;119.10790253
N;NORTE;2000-04-03;15980.88964844;121.32279968;2996.34106445;22.74740028
NE;NORDESTE;2000-04-03;16522.78515625;146.88929749;16358.47167969;145.42849731
S;SUL;2000-04-03;2345.76000977;69.82189941;2345.76000977;69.82189941
SE;SUDESTE;2000-04-03;41451.60156250;126.75730133;40668.87500000;124.36370087
N;NORTE;2000-04-04;15745.44433594;119.53540039;3104.41210938;23.56789970
NE;NORDESTE;2000-04-04;16425.06445313;146.02059937;16245.36132813;144.42300415
S;SUL;2000-04-04;2179.22094727;64.86479950;2179.22094727;64.86479950
SE;SUDESTE;2000-04-04;39699.34375000;121.39890289;39648.95312500;121.24479675
N;NORTE;2000-04-05;15555.20410156;118.09110260;3030.33398438;23.00550079
NE;NORDESTE;2000-04-05;16218.19433594;144.18150330;16021.34863281;142.43150330
S;SUL;2000-04-05;2073.16796875;61.70819855;2073.16796875;61.70819855
SE;SUDESTE;2000-04-05;37961.75390625;116.08550262;37919.05078125;115.95490265
N;NORTE;2000-04-06;15403.44335938;116.93900299;3345.04003906;25.39469910
NE;NORDESTE;2000-04-06;15853.32324219;140.93769836;15657.25683594;139.19470215
S;SUL;2000-04-06;1961.34301758;58.37969971;1961.34301758;58.37969971
SE;SUDESTE;2000-04-06;36346.64453125;111.14649963;36266.39843750;110.90110016
N;NORTE;2000-04-07;15284.38476563;116.03510284;4109.75292969;31.20019913
NE;NORDESTE;2000-04-07;15282.55273438;135.86349487;15085.41601563;134.11090088
S;SUL;2000-04-07;1855.72998047;55.23609924;1855.72998047;55.23609924
SE;SUDESTE;2000-04-07;34762.71875000;106.30290222;34745.86328125;106.25140381
N;NORTE;2000-04-08;15222.15332031;115.56269836;4635.95410156;35.19499969
NE;NORDESTE;2000-04-08;14532.51367188;129.19560242;14338.98046875;127.47499847
S;SUL;2000-04-08;1781.61499023;53.02999878;1781.61499023;53.02999878
SE;SUDESTE;2000-04-08;33167.18750000;101.42389679;33138.24218750;101.33540344
N;NORTE;2000-04-09;15173.72460938;115.19499969;4925.69482422;37.39459991
NE;NORDESTE;2000-04-09;13650.39746094;121.35350037;13469.91503906;119.74900055
S;SUL;2000-04-09;1701.63696289;50.64950180;1701.63696289;50.64950180
SE;SUDESTE;2000-04-09;31738.92773438;97.05629730;30968.16796875;94.69940186
N;NORTE;2000-04-10;15133.45800781;114.88929749;4975.38720703;37.77190018
NE;NORDESTE;2000-04-10;12842.86914063;114.17449951;12676.31542969;112.69380188
S;SUL;2000-04-10;1620.19604492;48.22539902;1620.19604492;48.22539902
SE;SUDESTE;2000-04-10;30512.95312500;93.30729675;30469.47656250;93.17440033
N;NORTE;2000-04-11;15090.74414063;114.56500244;4927.20605469;37.40610123
NE;NORDESTE;2000-04-11;11970.78515625;106.42150116;11782.51074219;104.74780273
S;SUL;2000-04-11;1540.10595703;45.84149933;1540.10595703;45.84149933
SE;SUDESTE;2000-04-11;29510.12890625;90.24069977;29466.57617188;90.10759735
N;NORTE;2000-04-12;14981.35253906;113.73459625;4654.24511719;35.33380127
NE;NORDESTE;2000-04-12;11117.80175781;98.83840179;10914.23632813;97.02870178
S;SUL;2000-04-12;1499.17199707;44.62310028;1499.17199707;44.62310028
SE;SUDESTE;2000-04-12;28691.99804688;87.73889923;28623.80859375;87.53040314
N;NORTE;2000-04-13;14806.19042969;112.40480042;4095.08300781;31.08880043
NE;NORDESTE;2000-04-13;10452.94628906;92.92780304;10250.35351563;91.12670135
S;SUL;2000-04-13;1469.96398926;43.75370026;1469.96398926;43.75370026
SE;SUDESTE;2000-04-13;28089.81640625;85.89749908;28029.65429688;85.71350098
N;NORTE;2000-04-14;14671.25585938;111.38040161;3861.81396484;29.31789970
NE;NORDESTE;2000-04-14;9938.20898438;88.35169983;9753.63574219;86.71089935
S;SUL;2000-04-14;1438.45800781;42.81589890;1438.45800781;42.81589890
SE;SUDESTE;2000-04-14;27786.54882813;84.97010040;27718.45117188;84.76190186
N;NORTE;2000-04-15;14566.76953125;110.58719635;3772.69409180;28.64130020
NE;NORDESTE;2000-04-15;9548.62402344;84.88829803;9355.87011719;83.17469788
S;SUL;2000-04-15;1384.89294434;41.22150040;1384.89294434;41.22150040
SE;SUDESTE;2000-04-15;27414.28906250;83.83180237;27344.41796875;83.61810303
N;NORTE;2000-04-16;14525.77148438;110.27590179;3750.47998047;28.47270012
NE;NORDESTE;2000-04-16;9144.86425781;81.29879761;8964.38183594;79.69429779
S;SUL;2000-04-16;1426.98706055;42.47449875;1426.98706055;42.47449875
SE;SUDESTE;2000-04-16;26894.06054688;82.24089813;26838.06835938;82.06970215
N;NORTE;2000-04-17;14520.24707031;110.23400116;3721.20800781;28.25049973
NE;NORDESTE;2000-04-17;8789.24121094;78.13729858;8627.94628906;76.70330048
S;SUL;2000-04-17;1713.08996582;50.99039841;1713.08996582;50.99039841
SE;SUDESTE;2000-04-17;26560.89648438;81.22209930;26514.09765625;81.07900238
N;NORTE;2000-04-18;14592.31347656;110.78109741;3805.49707031;28.89039993
NE;NORDESTE;2000-04-18;8477.26757813;75.36380005;8277.30566406;73.58609772
S;SUL;2000-04-18;2281.89404297;67.92089844;2281.89404297;67.92089844
SE;SUDESTE;2000-04-18;26330.84960938;80.51860046;26290.57617188;80.39550018
N;NORTE;2000-04-19;14669.90625000;111.37010193;3723.14306641;28.26510048
NE;NORDESTE;2000-04-19;8162.39794922;72.56459808;7961.75390625;70.78079987
S;SUL;2000-04-19;2970.88598633;88.42890167;2970.88598633;88.42890167
SE;SUDESTE;2000-04-19;26665.71679688;81.54260254;26615.71875000;81.38980103
N;NORTE;2000-04-20;14629.70214844;111.06490326;3254.97094727;24.71089935
NE;NORDESTE;2000-04-20;7868.80175781;69.95449829;7671.66503906;68.20189667
S;SUL;2000-04-20;3306.10107422;98.40660095;3306.10107422;98.40660095
SE;SUDESTE;2000-04-20;27396.92187500;83.77860260;27319.61718750;83.54229736
N;NORTE;2000-04-21;14555.50097656;110.50160217;2608.30688477;19.80159950
NE;NORDESTE;2000-04-21;7593.18212891;67.50420380;7412.01806641;65.89360046
S;SUL;2000-04-21;3120.58300781;92.88459778;3120.58300781;92.88459778
SE;SUDESTE;2000-04-21;28027.03125000;85.70549774;27946.67382813;85.45980072
N;NORTE;2000-04-22;14495.16210938;110.04350281;1652.88305664;12.54829979
NE;NORDESTE;2000-04-22;7333.88623047;65.19899750;7166.26123047;63.70880127
S;SUL;2000-04-22;2739.46508789;81.54060364;2739.46508789;81.54060364
SE;SUDESTE;2000-04-22;28141.38671875;86.05519867;28082.43750000;85.87490082
N;NORTE;2000-04-23;14518.69921875;110.22219849;1363.55798340;10.35179996
NE;NORDESTE;2000-04-23;7345.04882813;65.29830170;7155.80078125;63.61579895
S;SUL;2000-04-23;2392.49707031;71.21299744;2392.49707031;71.21299744
SE;SUDESTE;2000-04-23;27999.37695313;85.62090302;27957.25585938;85.49210358
N;NORTE;2000-04-24;14587.79785156;110.74680328;1815.57995605;13.78339958
NE;NORDESTE;2000-04-24;7173.67089844;63.77470016;6994.35791016;62.18059921
S;SUL;2000-04-24;2134.62207031;63.53730011;2134.62207031;63.53730011
SE;SUDESTE;2000-04-24;27720.83593750;84.76920319;27676.52734375;84.63369751
N;NORTE;2000-04-25;14656.67675781;111.26969910;2493.87890625;18.93289948
NE;NORDESTE;2000-04-25;6868.58203125;61.06240082;6678.16503906;59.36959839
S;SUL;2000-04-25;1939.19799805;57.72050095;1939.19799805;57.72050095
SE;SUDESTE;2000-04-25;26936.89648438;82.37190247;26903.27343750;82.26909637
N;NORTE;2000-04-26;14752.61816406;111.99810028;3216.87597656;24.42169952
NE;NORDESTE;2000-04-26;6718.49121094;59.72809982;6526.22314453;58.01879883
S;SUL;2000-04-26;1814.58203125;54.01129913;1814.58203125;54.01129913
SE;SUDESTE;2000-04-26;26149.70703125;79.96469879;26105.63671875;79.82990265
N;NORTE;2000-04-27;14844.19140625;112.69329834;3497.08691406;26.54899979
NE;NORDESTE;2000-04-27;6623.94287109;58.88759995;6429.72705078;57.16099930
S;SUL;2000-04-27;1743.78002930;51.90390015;1743.78002930;51.90390015
SE;SUDESTE;2000-04-27;25312.44335938;77.40440369;25275.69531250;77.29199982
N;NORTE;2000-04-28;14958.23730469;113.55909729;3597.93188477;27.31459999
NE;NORDESTE;2000-04-28;6547.33886719;58.20650101;6357.79882813;56.52149963
S;SUL;2000-04-28;1668.64404297;49.66740036;1668.64404297;49.66740036
SE;SUDESTE;2000-04-28;24709.49023438;75.56060028;24674.87695313;75.45469666
N;NORTE;2000-04-29;15079.75195313;114.48159790;3700.38696289;28.09239960
NE;NORDESTE;2000-04-29;6482.80908203;57.63290024;6287.13183594;55.89329910
S;SUL;2000-04-29;1586.53601074;47.22349930;1586.53601074;47.22349930
SE;SUDESTE;2000-04-29;24152.84179688;73.85839844;24120.33984375;73.75900269
N;NORTE;2000-04-30;15157.12304688;115.06900024;3776.36596680;28.66920090
NE;NORDESTE;2000-04-30;6421.67480469;57.08940125;6237.88183594;55.45539856
S;SUL;2000-04-30;1537.14001465;45.75320053;1534.33496094;45.66970062
SE;SUDESTE;2000-04-30;23712.45703125;72.51170349;23668.79101563;72.37819672
N;NORTE;2000-05-01;15174.62597656;177.55250549;3790.83691406;44.35509872
NE;NORDESTE;2000-05-01;6474.38623047;95.14009857;6306.95605469;92.67980194
S;SUL;2000-05-01;1517.84704590;36.10120010;1517.84704590;36.10120010
SE;SUDESTE;2000-05-01;23105.32617188;94.77549744;23056.56445313;94.57550049
N;NORTE;2000-05-02;14997.61328125;175.48129272;3844.01196289;44.97729874
NE;NORDESTE;2000-05-02;6425.11279297;94.41609955;6260.89697266;92.00289917
S;SUL;2000-05-02;1492.11901855;35.48929977;1492.11901855;35.48929977
SE;SUDESTE;2000-05-02;22719.06835938;93.19120026;22673.96875000;93.00620270
N;NORTE;2000-05-03;14698.50292969;171.98150635;3801.37988281;44.47850037
NE;NORDESTE;2000-05-03;6292.85498047;92.47260284;6096.00878906;89.57990265
S;SUL;2000-05-03;1689.63696289;40.18709946;1689.63696289;40.18709946
SE;SUDESTE;2000-05-03;22499.64062500;92.29109955;22467.36523438;92.15869904
N;NORTE;2000-05-04;14301.18652344;167.33270264;3675.97705078;43.01119995
NE;NORDESTE;2000-05-04;6221.62890625;91.42590332;6028.29003906;88.58480072
S;SUL;2000-05-04;2124.62011719;50.53300095;2124.62011719;50.53300095
SE;SUDESTE;2000-05-04;22229.30664063;91.18219757;22197.18750000;91.05049896
N;NORTE;2000-05-05;13881.79589844;162.42559814;3629.42602539;42.46649933
NE;NORDESTE;2000-05-05;6168.05615234;90.63870239;5972.47705078;87.76470184
S;SUL;2000-05-05;2747.12109375;65.33879852;2747.12109375;65.33879852
SE;SUDESTE;2000-05-05;22007.26562500;90.27140045;21969.15429688;90.11509705
N;NORTE;2000-05-06;13437.52832031;157.22729492;3807.29394531;44.54769897
NE;NORDESTE;2000-05-06;6112.68994141;89.82510376;5913.11816406;86.89240265
S;SUL;2000-05-06;3593.85205078;85.47789764;3593.85205078;85.47789764
SE;SUDESTE;2000-05-06;21860.68164063;89.67009735;21834.71679688;89.56359863
N;NORTE;2000-05-07;12960.62500000;151.64729309;3922.11401367;45.89110184
NE;NORDESTE;2000-05-07;6048.82714844;88.88659668;5863.57324219;86.16429901
S;SUL;2000-05-07;4126.98095703;98.15809631;4126.98095703;98.15809631
SE;SUDESTE;2000-05-07;21785.08398438;89.36000061;21753.35546875;89.22989655
N;NORTE;2000-05-08;12537.23828125;146.69340515;4001.96191406;46.82540131
NE;NORDESTE;2000-05-08;5973.28076172;87.77649689;5803.22119141;85.27749634
S;SUL;2000-05-08;4033.96997070;95.94589996;4033.96997070;95.94589996
SE;SUDESTE;2000-05-08;21763.26562500;89.27059937;21736.60742188;89.16120148
N;NORTE;2000-05-09;12116.20996094;141.76710510;3750.48193359;43.88290024
NE;NORDESTE;2000-05-09;5881.03076172;86.42089844;5678.45703125;83.44409943
S;SUL;2000-05-09;3433.20190430;81.65689850;3433.20190430;81.65689850
SE;SUDESTE;2000-05-09;21635.43750000;88.74620056;21592.63476563;88.57060242
N;NORTE;2000-05-10;11711.26953125;137.02909851;3352.35888672;39.22470093
NE;NORDESTE;2000-05-10;5772.11279297;84.82029724;5576.72802734;81.94920349
S;SUL;2000-05-10;2862.90600586;68.09269714;2862.90600586;68.09269714
SE;SUDESTE;2000-05-10;21444.37109375;87.96250153;21416.63476563;87.84870148
N;NORTE;2000-05-11;11338.18945313;132.66380310;2972.26293945;34.77730179
NE;NORDESTE;2000-05-11;5653.54882813;83.07810211;5458.63085938;80.21379852
S;SUL;2000-05-11;2483.69409180;59.07339859;2483.69409180;59.07339859
SE;SUDESTE;2000-05-11;21118.64648438;86.62640381;21087.05273438;86.49680328
N;NORTE;2000-05-12;10998.11230469;128.68469238;2878.61499023;33.68159866
NE;NORDESTE;2000-05-12;5533.19824219;81.30950165;5342.45703125;78.50659943
S;SUL;2000-05-12;2286.84692383;54.39149857;2286.84692383;54.39149857
SE;SUDESTE;2000-05-12;20714.02539063;84.96669769;20681.73046875;84.83419800
N;NORTE;2000-05-13;10681.20019531;124.97660065;2877.76904297;33.67169952
NE;NORDESTE;2000-05-13;5416.50292969;79.59470367;5229.96289063;76.85350037
S;SUL;2000-05-13;2167.90893555;51.56259918;2167.90893555;51.56259918
SE;SUDESTE;2000-05-13;20329.11132813;83.38780212;20302.03320313;83.27670288
N;NORTE;2000-05-14;10367.08203125;121.30120087;2896.24804688;33.88790131
NE;NORDESTE;2000-05-14;5306.85595703;77.98349762;5129.39306641;75.37570190
S;SUL;2000-05-14;2054.08593750;48.85540009;2054.08593750;48.85540009
SE;SUDESTE;2000-05-14;19982.23437500;81.96499634;19934.52929688;81.76930237
N;NORTE;2000-05-15;10029.45214844;117.35079956;2840.99804688;33.24140167
NE;NORDESTE;2000-05-15;5387.78515625;79.17269897;5225.51708984;76.78820038
S;SUL;2000-05-15;1932.91198730;45.97330093;1932.91198730;45.97330093
SE;SUDESTE;2000-05-15;19703.45507813;80.82140350;19659.56445313;80.64140320
N;NORTE;2000-05-16;9703.43847656;113.53620148;2775.11499023;32.47060013
NE;NORDESTE;2000-05-16;5311.53710938;78.05220032;5127.43212891;75.34680176
S;SUL;2000-05-16;1868.26501465;44.43569946;1868.26501465;44.43569946
SE;SUDESTE;2000-05-16;19447.26953125;79.77059937;19415.26367188;79.63929749
N;NORTE;2000-05-17;9346.83496094;109.36370087;2758.22998047;32.27299881
NE;NORDESTE;2000-05-17;5115.86181641;75.17680359;4940.07617188;72.59369659
S;SUL;2000-05-17;1865.90795898;44.37960052;1865.90795898;44.37960052
SE;SUDESTE;2000-05-17;19310.97460938;79.21150208;19249.79687500;78.96060181
N;NORTE;2000-05-18;9015.36035156;105.48529816;2775.47509766;32.47480011
NE;NORDESTE;2000-05-18;5017.81396484;73.73600006;4845.69824219;71.20680237
S;SUL;2000-05-18;1924.93395996;45.78359985;1924.93395996;45.78359985
SE;SUDESTE;2000-05-18;19181.32421875;78.67970276;19130.66406250;78.47190094
N;NORTE;2000-05-19;8711.32031250;101.92780304;2771.84912109;32.43230057
NE;NORDESTE;2000-05-19;4949.71679688;72.73539734;4779.85693359;70.23930359
S;SUL;2000-05-19;1898.93005371;45.16510010;1898.93005371;45.16510010
SE;SUDESTE;2000-05-19;19137.37304688;78.49939728;19117.20898438;78.41670227
N;NORTE;2000-05-20;8405.30175781;98.34719849;2967.72998047;34.72430038
NE;NORDESTE;2000-05-20;4893.89404297;71.91500092;4726.24707031;69.45149994
S;SUL;2000-05-20;1837.77294922;43.71049881;1837.77294922;43.71049881
SE;SUDESTE;2000-05-20;19042.31445313;78.10949707;19015.87109375;78.00099945
N;NORTE;2000-05-21;8080.35693359;94.54519653;2830.31909180;33.11650085
NE;NORDESTE;2000-05-21;4823.78417969;70.88480377;4658.81591797;68.46060181
S;SUL;2000-05-21;1795.12597656;42.69609833;1795.12597656;42.69609833
SE;SUDESTE;2000-05-21;18954.11132813;77.74770355;18891.81835938;77.49220276
N;NORTE;2000-05-22;7762.56201172;90.82679749;2516.63891602;29.44619942
NE;NORDESTE;2000-05-22;4876.59619141;71.66089630;4711.08984375;69.22879791
S;SUL;2000-05-22;1752.43994141;41.68090057;1752.43994141;41.68090057
SE;SUDESTE;2000-05-22;18915.34375000;77.58869934;18869.84765625;77.40209961
N;NORTE;2000-05-23;7464.49707031;87.33920288;2218.49194336;25.95770073
NE;NORDESTE;2000-05-23;4790.29687500;70.39270020;4624.86181641;67.96170044
S;SUL;2000-05-23;1694.42395020;40.30099869;1694.42395020;40.30099869
SE;SUDESTE;2000-05-23;18829.13085938;77.23500061;18790.84960938;77.07800293
N;NORTE;2000-05-24;7208.61621094;84.34519958;2108.74291992;24.67359924
NE;NORDESTE;2000-05-24;4605.48388672;67.67690277;4447.63378906;65.35729980
S;SUL;2000-05-24;1635.67004395;38.90359879;1635.67004395;38.90359879
SE;SUDESTE;2000-05-24;18770.34570313;76.99389648;18732.60937500;76.83910370
N;NORTE;2000-05-25;7004.07421875;81.95200348;2091.83398438;24.47570038
NE;NORDESTE;2000-05-25;4498.19824219;66.10030365;4344.43701172;63.84090042
S;SUL;2000-05-25;1604.97302246;38.17340088;1604.97302246;38.17340088
SE;SUDESTE;2000-05-25;18644.87695313;76.47930145;18626.73632813;76.40480042
N;NORTE;2000-05-26;6822.32324219;79.82540131;2136.23510742;24.99530029
NE;NORDESTE;2000-05-26;4417.06689453;64.90809631;4266.15478516;62.69049835
S;SUL;2000-05-26;1631.55395508;38.80569839;1631.55395508;38.80569839
SE;SUDESTE;2000-05-26;18551.97460938;76.09819794;18514.54882813;75.94470215
N;NORTE;2000-05-27;6635.06298828;77.63430023;2499.36596680;29.24410057
NE;NORDESTE;2000-05-27;4344.13085938;63.83639908;4195.75292969;61.65599823
S;SUL;2000-05-27;1721.20898438;40.93809891;1721.20898438;40.93809891
SE;SUDESTE;2000-05-27;18456.13867188;75.70510101;18425.04101563;75.57749939
N;NORTE;2000-05-28;6418.25585938;75.09750366;2898.05200195;33.90900040
NE;NORDESTE;2000-05-28;4275.22607422;62.82379913;4129.37890625;60.68059921
S;SUL;2000-05-28;1791.82397461;42.61759949;1791.82397461;42.61759949
SE;SUDESTE;2000-05-28;18369.14648438;75.34819794;18311.93945313;75.11360168
N;NORTE;2000-05-29;6177.37792969;72.27909851;3236.03393555;37.86360168
NE;NORDESTE;2000-05-29;4347.26611328;63.88240051;4200.42285156;61.72460175
S;SUL;2000-05-29;1747.27502441;41.55799866;1747.27502441;41.55799866
SE;SUDESTE;2000-05-29;18253.03320313;74.87200165;18209.01757813;74.69139862
N;NORTE;2000-05-30;5945.15087891;69.56189728;3611.90893555;42.26160049
NE;NORDESTE;2000-05-30;4304.38281250;63.25230026;4156.52587891;61.07949829
S;SUL;2000-05-30;1690.31201172;40.20320129;1690.31201172;40.20320129
SE;SUDESTE;2000-05-30;18147.35742188;74.43849945;18099.71679688;74.24310303
N;NORTE;2000-05-31;5730.13476563;67.04609680;4107.59082031;48.06129837
NE;NORDESTE;2000-05-31;4175.13183594;61.35290146;4032.90698242;59.26300049
S;SUL;2000-05-31;1616.77001953;38.45399857;1616.77001953;38.45399857
SE;SUDESTE;2000-05-31;18123.90039063;74.34230042;18062.76562500;74.09149933
N;NORTE;2000-06-01;5519.14697266;137.75280762;3995.20507813;99.71659851
NE;NORDESTE;2000-06-01;4111.77099609;91.87210083;3971.62207031;88.74060059
S;SUL;2000-06-01;1613.44396973;30.92670059;1613.44396973;30.92670059
SE;SUDESTE;2000-06-01;18319.37695313;85.11419678;18253.37500000;84.80750275
N;NORTE;2000-06-02;5328.67089844;132.99870300;3273.98803711;81.71569824
NE;NORDESTE;2000-06-02;4072.07006836;90.98500061;3932.82299805;87.87370300
S;SUL;2000-06-02;1582.44995117;30.33259964;1582.44995117;30.33259964
SE;SUDESTE;2000-06-02;18366.38671875;85.15760040;18298.48437500;84.84279633
N;NORTE;2000-06-03;5134.05712891;128.14129639;3001.48999023;74.91439819
NE;NORDESTE;2000-06-03;4035.47290039;90.16729736;3897.18603516;87.07749939
S;SUL;2000-06-03;1560.04504395;29.90309906;1560.04504395;29.90309906
SE;SUDESTE;2000-06-03;18360.50195313;85.13030243;18301.08007813;84.85479736
N;NORTE;2000-06-04;4933.93505859;123.14640045;3201.46508789;79.90560150
NE;NORDESTE;2000-06-04;3984.08789063;89.01920319;3847.41699219;85.96540070
S;SUL;2000-06-04;1518.50402832;29.10680008;1486.07702637;28.48530006
SE;SUDESTE;2000-06-04;18263.34179688;84.67980194;18200.05859375;84.38639832
N;NORTE;2000-06-05;4749.38085938;118.54019928;3450.20288086;86.11389923
NE;NORDESTE;2000-06-05;3923.23291016;87.65950012;3788.84301758;84.65670013
S;SUL;2000-06-05;1658.39501953;31.78829956;1658.39501953;31.78829956
SE;SUDESTE;2000-06-05;18281.00390625;84.76170349;18056.19140625;83.71939850
N;NORTE;2000-06-06;4554.66796875;113.68029785;3038.19702148;75.83059692
NE;NORDESTE;2000-06-06;3856.34790039;86.16500092;3724.46997070;83.21839905
S;SUL;2000-06-06;2229.33911133;42.73220062;2229.33911133;42.73220062
SE;SUDESTE;2000-06-06;18265.14453125;84.68820190;18152.12695313;84.16419983
N;NORTE;2000-06-07;4370.23681641;109.07710266;3186.87402344;79.54139709
NE;NORDESTE;2000-06-07;3796.34399414;84.82430267;3666.67211914;81.92690277
S;SUL;2000-06-07;2656.06201172;50.91170120;2656.06201172;50.91170120
SE;SUDESTE;2000-06-07;18188.43359375;84.33249664;18119.22265625;84.01159668
N;NORTE;2000-06-08;4171.89208984;104.12660217;3867.81494141;96.53710175
NE;NORDESTE;2000-06-08;3749.33691406;83.77400208;3621.31396484;80.91349792
S;SUL;2000-06-08;2176.28198242;41.71519852;2176.28198242;41.71519852
SE;SUDESTE;2000-06-08;17995.94726563;83.44000244;17936.43359375;83.16410065
N;NORTE;2000-06-09;3986.40600586;99.49700165;3548.61303711;88.57009888
NE;NORDESTE;2000-06-09;3710.88696289;82.91490173;3584.13110352;80.08270264
S;SUL;2000-06-09;1849.07299805;35.44319916;1849.07299805;35.44319916
SE;SUDESTE;2000-06-09;17854.35546875;82.78350067;17784.40039063;82.45919800
N;NORTE;2000-06-10;3831.94702148;95.64179993;2653.35888672;66.22540283
NE;NORDESTE;2000-06-10;3673.46606445;82.07869720;3547.95092773;79.27429962
S;SUL;2000-06-10;1702.24194336;32.62879944;1702.24194336;32.62879944
SE;SUDESTE;2000-06-10;17691.80468750;82.02989960;17657.91406250;81.87270355
N;NORTE;2000-06-11;3690.79492188;92.11879730;2245.94799805;56.05680084
NE;NORDESTE;2000-06-11;3634.42895508;81.20649719;3510.34008789;78.43389893
S;SUL;2000-06-11;1638.08898926;31.39909935;1638.08898926;31.39909935
SE;SUDESTE;2000-06-11;17612.43945313;81.66190338;17580.08398438;81.51190186
N;NORTE;2000-06-12;3569.36108398;89.08789825;2798.64501953;69.85160065
NE;NORDESTE;2000-06-12;3595.80493164;80.34349823;3473.27392578;77.60569763
S;SUL;2000-06-12;1589.68395996;30.47120094;1589.68395996;30.47120094
SE;SUDESTE;2000-06-12;17398.63281250;80.67050171;17357.11132813;80.47799683
N;NORTE;2000-06-13;3463.01806641;86.43370056;3330.73510742;83.13210297
NE;NORDESTE;2000-06-13;3558.30297852;79.50559998;3437.21801758;76.80010223
S;SUL;2000-06-13;1573.52294922;30.16150093;1573.52294922;30.16150093
SE;SUDESTE;2000-06-13;17287.66210938;80.15599823;17229.38671875;79.88580322
N;NORTE;2000-06-14;3370.94091797;84.13559723;3291.05395508;82.14170074
NE;NORDESTE;2000-06-14;3526.39599609;78.79270172;3406.39990234;76.11150360
S;SUL;2000-06-14;1590.62194824;30.48920059;1590.62194824;30.48920059
SE;SUDESTE;2000-06-14;17154.38476563;79.53810120;17098.48437500;79.27890015
N;NORTE;2000-06-15;3294.43505859;82.22599792;3011.60107422;75.16680145
NE;NORDESTE;2000-06-15;3501.86889648;78.24459839;3382.58300781;75.57929993
S;SUL;2000-06-15;1561.20202637;29.92530060;1561.20202637;29.92530060
SE;SUDESTE;2000-06-15;17060.43750000;79.10250092;17015.35937500;78.89350128
N;NORTE;2000-06-16;3241.74511719;80.91100311;3012.42993164;75.18750000
NE;NORDESTE;2000-06-16;3479.89208984;77.75360107;3361.21508789;75.10189819
S;SUL;2000-06-16;1584.88098145;30.37919998;1584.88098145;30.37919998
SE;SUDESTE;2000-06-16;16914.85156250;78.42739868;16852.62304688;78.13890076
N;NORTE;2000-06-17;3178.23706055;79.32589722;2797.83203125;69.83129883
NE;NORDESTE;2000-06-17;3453.24804688;77.15830231;3335.43505859;74.52590179
S;SUL;2000-06-17;1737.66699219;33.30780029;1737.66699219;33.30780029
SE;SUDESTE;2000-06-17;16764.95117188;77.73239899;16708.22070313;77.46939850
N;NORTE;2000-06-18;3125.28002930;78.00409698;2529.78393555;63.14110184
NE;NORDESTE;2000-06-18;3419.71093750;76.40889740;3303.13696289;73.80419922
S;SUL;2000-06-18;2212.87207031;42.41659927;2212.87207031;42.41659927
SE;SUDESTE;2000-06-18;16689.91796875;77.38449860;16582.14453125;76.88480377
N;NORTE;2000-06-19;3073.47509766;76.71109772;2845.80590820;71.02870178
NE;NORDESTE;2000-06-19;3527.09692383;78.80829620;3408.28588867;76.15360260
S;SUL;2000-06-19;3079.81298828;59.03419876;3079.81298828;59.03419876
SE;SUDESTE;2000-06-19;16733.27148438;77.58550262;16685.48632813;77.36399841
N;NORTE;2000-06-20;3018.17211914;75.33080292;2948.22509766;73.58499908
NE;NORDESTE;2000-06-20;3501.67211914;78.24019623;3380.80810547;75.53970337
S;SUL;2000-06-20;4078.38110352;78.17479706;4078.38110352;78.17479706
SE;SUDESTE;2000-06-20;16874.85546875;78.24199677;16816.41601563;77.97100067
N;NORTE;2000-06-21;2962.81201172;73.94899750;2929.79907227;73.12509918
NE;NORDESTE;2000-06-21;3374.69091797;75.40299988;3259.32202148;72.82520294
S;SUL;2000-06-21;4465.67187500;85.59850311;4465.67187500;85.59850311
SE;SUDESTE;2000-06-21;17298.52734375;80.20639801;17241.52539063;79.94210052
N;NORTE;2000-06-22;2919.25195313;72.86180115;2880.95605469;71.90599823
NE;NORDESTE;2000-06-22;3317.82910156;74.13249969;3204.64794922;71.60359955
S;SUL;2000-06-22;4326.56103516;82.93199921;4326.56103516;82.93199921
SE;SUDESTE;2000-06-22;17866.26562500;82.83879852;17832.62109375;82.68280029
N;NORTE;2000-06-23;2878.90087891;71.85469818;2840.37500000;70.89309692
NE;NORDESTE;2000-06-23;3285.62890625;73.41300201;3173.62792969;70.91049957
S;SUL;2000-06-23;3878.70092773;74.34739685;3878.70092773;74.34739685
SE;SUDESTE;2000-06-23;18043.27343750;83.65950012;17996.05078125;83.44049835
N;NORTE;2000-06-24;2856.42797852;71.29380035;2819.14111328;70.36309814
NE;NORDESTE;2000-06-24;3256.59692383;72.76439667;3145.73608398;70.28730011
S;SUL;2000-06-24;3530.15795898;67.66649628;3530.15795898;67.66649628
SE;SUDESTE;2000-06-24;17905.38085938;83.02010345;17873.12109375;82.87049866
N;NORTE;2000-06-25;2822.52587891;70.44760132;2787.67993164;69.57790375
NE;NORDESTE;2000-06-25;3226.15307617;72.08409882;3116.59594727;69.63619995
S;SUL;2000-06-25;3307.00903320;63.38909912;3307.00903320;63.38909912
SE;SUDESTE;2000-06-25;17862.38085938;82.82070160;17804.16992188;82.55079651
N;NORTE;2000-06-26;2798.98388672;69.86000061;2764.12988281;68.99009705
NE;NORDESTE;2000-06-26;3202.19799805;71.54889679;3093.83007813;69.12750244
S;SUL;2000-06-26;3276.68994141;62.80789948;3276.68994141;62.80789948
SE;SUDESTE;2000-06-26;17715.59375000;82.14019775;17671.04492188;81.93360138
N;NORTE;2000-06-27;2769.54589844;69.12529755;2724.90209961;68.01100159
NE;NORDESTE;2000-06-27;3188.73193359;71.24800110;3081.06298828;68.84230042
S;SUL;2000-06-27;3432.84692383;65.80120087;3432.84692383;65.80120087
SE;SUDESTE;2000-06-27;17432.66210938;80.82830048;17393.70898438;80.64769745
N;NORTE;2000-06-28;2747.91210938;68.58529663;2713.05297852;67.71530151
NE;NORDESTE;2000-06-28;3186.14111328;71.19010162;3078.51489258;68.78530121
S;SUL;2000-06-28;3786.18310547;72.57399750;3786.18310547;72.57399750
SE;SUDESTE;2000-06-28;17361.50976563;80.49839783;17315.49218750;80.28500366
N;NORTE;2000-06-29;2708.87109375;67.61090088;2674.01611328;66.74099731
NE;NORDESTE;2000-06-29;3190.58007813;71.28929901;3082.52490234;68.87490082
S;SUL;2000-06-29;4278.77294922;82.01599884;4278.77294922;82.01599884
SE;SUDESTE;2000-06-29;17454.40234375;80.92910004;17412.93945313;80.73690033
N;NORTE;2000-06-30;2656.80200195;66.31130219;2621.94091797;65.44120026
NE;NORDESTE;2000-06-30;3193.29199219;71.34989929;3084.81396484;68.92610168
S;SUL;2000-06-30;5132.33203125;98.37709808;5132.33203125;98.37709808
SE;SUDESTE;2000-06-30;17716.40234375;82.14389801;17661.19726563;81.88790131
N;NORTE;2000-07-01;2618.70288086;113.62039948;2583.84301758;112.10790253
NE;NORDESTE;2000-07-01;3179.58007813;86.37319946;3071.17797852;83.42849731
S;SUL;2000-07-01;5014.39404297;97.16809845;5014.39404297;97.16809845
SE;SUDESTE;2000-07-01;17514.76562500;97.86519623;17456.14843750;97.53769684
N;NORTE;2000-07-02;2591.44409180;112.43769836;2556.58789063;110.92539978
NE;NORDESTE;2000-07-02;3147.76611328;85.50900269;3040.17797852;82.58640289
S;SUL;2000-07-02;4753.95507813;92.12129974;4738.67822266;91.82530212
SE;SUDESTE;2000-07-02;17491.65234375;97.73600006;17426.34765625;97.37120056
N;NORTE;2000-07-03;2557.91699219;110.98310089;2527.65698242;109.67009735
NE;NORDESTE;2000-07-03;3097.45507813;84.14230347;2991.38403320;81.26090240
S;SUL;2000-07-03;4674.32421875;90.57830048;4674.32421875;90.57830048
SE;SUDESTE;2000-07-03;17275.65820313;96.52919769;17216.69921875;96.19969940
N;NORTE;2000-07-04;2529.63110352;109.75579834;2502.11303711;108.56179810
NE;NORDESTE;2000-07-04;3038.71899414;82.54669952;2934.68896484;79.72070313
S;SUL;2000-07-04;4507.42919922;87.34420013;4507.42919922;87.34420013
SE;SUDESTE;2000-07-04;16983.73437500;94.89800262;16939.07812500;94.64849854
N;NORTE;2000-07-05;2503.48901367;108.62149811;2475.96508789;107.42729950
NE;NORDESTE;2000-07-05;2970.38891602;80.69049835;2868.69799805;77.92810059
S;SUL;2000-07-05;4294.82324219;83.22440338;4294.82324219;83.22440338
SE;SUDESTE;2000-07-05;16800.10742188;93.87200165;16745.76562500;93.56829834
N;NORTE;2000-07-06;2479.15502930;107.56569672;2451.46411133;106.36430359
NE;NORDESTE;2000-07-06;2902.89794922;78.85710144;2803.62597656;76.16040039
S;SUL;2000-07-06;4015.58911133;77.81340027;4015.58911133;77.81340027
SE;SUDESTE;2000-07-06;16567.08984375;92.56999969;16515.79296875;92.28340149
N;NORTE;2000-07-07;2449.08007813;106.26080322;2421.55102539;105.06639862
NE;NORDESTE;2000-07-07;2841.28393555;77.18340302;2744.36303711;74.55049896
S;SUL;2000-07-07;3731.91992188;72.31649780;3731.91992188;72.31649780
SE;SUDESTE;2000-07-07;16234.44726563;90.71130371;16186.89843750;90.44560242
N;NORTE;2000-07-08;2428.04809570;105.34829712;2397.77709961;104.03489685
NE;NORDESTE;2000-07-08;2786.84497070;75.70459747;2692.13208008;73.13169861
S;SUL;2000-07-08;3559.02490234;68.96620178;3559.02490234;68.96620178
SE;SUDESTE;2000-07-08;15958.94726563;89.17189789;15903.97070313;88.86479950
N;NORTE;2000-07-09;2420.95410156;105.04049683;2389.75708008;103.68689728
NE;NORDESTE;2000-07-09;2743.68408203;74.53209686;2650.92602539;72.01229858
S;SUL;2000-07-09;3794.70800781;73.53320313;3794.70800781;73.53320313
SE;SUDESTE;2000-07-09;15711.87402344;87.79139709;15640.13964844;87.39060211
N;NORTE;2000-07-10;2411.21704102;104.61799622;2380.02587891;103.26470184
NE;NORDESTE;2000-07-10;2837.45898438;77.07949829;2743.12011719;74.51679993
S;SUL;2000-07-10;4895.72119141;94.86849976;4895.72119141;94.86849976
SE;SUDESTE;2000-07-10;15473.78906250;86.46109772;15404.58398438;86.07440186
N;NORTE;2000-07-11;2380.74511719;103.29589844;2349.34497070;101.93350220
NE;NORDESTE;2000-07-11;2833.32910156;76.96730042;2736.82006836;74.34559631
S;SUL;2000-07-11;7148.03222656;138.51339722;7148.03222656;138.51339722
SE;SUDESTE;2000-07-11;15284.27441406;85.40209961;15198.60156250;84.92340088
N;NORTE;2000-07-12;2357.76611328;102.29889679;2322.90405273;100.78630066
NE;NORDESTE;2000-07-12;2756.82299805;74.88899994;2664.01196289;72.36779785
S;SUL;2000-07-12;7283.38818359;141.13630676;7283.38818359;141.13630676
SE;SUDESTE;2000-07-12;15205.61230469;84.96260071;15138.79687500;84.58930206
N;NORTE;2000-07-13;2331.92407227;101.17769623;2280.76391602;98.95790100
NE;NORDESTE;2000-07-13;2747.64794922;74.63980103;2655.34008789;72.13220215
S;SUL;2000-07-13;6358.82080078;123.22019958;6358.82080078;123.22019958
SE;SUDESTE;2000-07-13;15211.72167969;84.99680328;15140.96582031;84.60140228
N;NORTE;2000-07-14;2297.05688477;99.66480255;2262.20410156;98.15260315
NE;NORDESTE;2000-07-14;2758.98608398;74.94779968;2666.07788086;72.42389679
S;SUL;2000-07-14;5590.53417969;108.33239746;5590.53417969;108.33239746
SE;SUDESTE;2000-07-14;15216.78906250;85.02510071;15122.53222656;84.49839783
N;NORTE;2000-07-15;2264.09790039;98.23480225;2237.65502930;97.08750153
NE;NORDESTE;2000-07-15;2769.98803711;75.24659729;2676.51196289;72.70739746
S;SUL;2000-07-15;5066.02392578;98.16860199;5066.02392578;98.16860199
SE;SUDESTE;2000-07-15;15227.33984375;85.08399963;15155.61718750;84.68329620
N;NORTE;2000-07-16;2256.70898438;97.91419983;2240.19506836;97.19770050
NE;NORDESTE;2000-07-16;2772.04296875;75.30249786;2678.50903320;72.76159668
S;SUL;2000-07-16;4734.28808594;91.74019623;4734.28808594;91.74019623
SE;SUDESTE;2000-07-16;15305.86621094;85.52279663;15249.68652344;85.20890045
N;NORTE;2000-07-17;2245.39990234;97.42359924;2226.73608398;96.61380005
NE;NORDESTE;2000-07-17;2763.07299805;75.05879974;2669.92089844;72.52829742
S;SUL;2000-07-17;4463.52001953;86.49330139;4463.52001953;86.49330139
SE;SUDESTE;2000-07-17;15314.07910156;85.56870270;15260.87207031;85.27140045
N;NORTE;2000-07-18;2246.77294922;97.48310089;2197.65698242;95.35209656
NE;NORDESTE;2000-07-18;2748.21508789;74.65519714;2655.52099609;72.13719940
S;SUL;2000-07-18;4071.30493164;78.89309692;4071.30493164;78.89309692
SE;SUDESTE;2000-07-18;15480.38964844;86.49800110;15429.04589844;86.21109772
N;NORTE;2000-07-19;2225.97192383;96.58059692;2176.43505859;94.43129730
NE;NORDESTE;2000-07-19;2735.45996094;74.30870056;2643.02490234;71.79769897
S;SUL;2000-07-19;3761.03100586;72.88059998;3761.03100586;72.88059998
SE;SUDESTE;2000-07-19;15565.53515625;86.97370148;15515.89257813;86.69629669
N;NORTE;2000-07-20;2198.34399414;95.38189697;2156.01293945;93.54519653
NE;NORDESTE;2000-07-20;2725.08007813;74.02670288;2632.79907227;71.51989746
S;SUL;2000-07-20;3526.29809570;68.33200073;3526.29809570;68.33200073
SE;SUDESTE;2000-07-20;15585.84667969;87.08719635;15529.13867188;86.77030182
N;NORTE;2000-07-21;2179.98193359;94.58519745;2146.96411133;93.15260315
NE;NORDESTE;2000-07-21;2707.87792969;73.55940247;2616.01196289;71.06390381
S;SUL;2000-07-21;3425.95800781;66.38760376;3425.95800781;66.38760376
SE;SUDESTE;2000-07-21;15582.77832031;87.07009888;15547.90527344;86.87519836
N;NORTE;2000-07-22;2179.80004883;94.57730103;2146.77099609;93.14420319
NE;NORDESTE;2000-07-22;2680.57910156;72.81790161;2589.67309570;70.34839630
S;SUL;2000-07-22;3596.79809570;69.69809723;3596.79809570;69.69809723
SE;SUDESTE;2000-07-22;15535.65332031;86.80670166;15484.02441406;86.51830292
N;NORTE;2000-07-23;2194.21411133;95.20269775;2158.87402344;93.66940308
NE;NORDESTE;2000-07-23;2643.58007813;71.81279755;2554.14111328;69.38320160
S;SUL;2000-07-23;4227.40722656;81.91799927;4227.40722656;81.91799927
SE;SUDESTE;2000-07-23;15716.45703125;87.81700134;15650.72558594;87.44969940
N;NORTE;2000-07-24;2207.76391602;95.79060364;2159.39990234;93.69219971
NE;NORDESTE;2000-07-24;2607.45507813;70.83139801;2519.64892578;68.44619751
S;SUL;2000-07-24;5416.49414063;104.95989990;5416.49414063;104.95989990
SE;SUDESTE;2000-07-24;16141.80273438;90.19370270;16095.40722656;89.93440247
N;NORTE;2000-07-25;2199.72705078;95.44190216;2147.02001953;93.15499878
NE;NORDESTE;2000-07-25;2580.08789063;70.08799744;2493.60693359;67.73880005
S;SUL;2000-07-25;5471.18505859;106.01969910;5471.18505859;106.01969910
SE;SUDESTE;2000-07-25;17124.82226563;95.68640137;17087.73828125;95.47920227
N;NORTE;2000-07-26;2196.16601563;95.28739929;2146.29809570;93.12370300
NE;NORDESTE;2000-07-26;2565.93408203;69.70349884;2480.10009766;67.37180328
S;SUL;2000-07-26;4952.41699219;95.96710205;4952.41699219;95.96710205
SE;SUDESTE;2000-07-26;18939.26953125;105.82469940;18887.20507813;105.53379822
N;NORTE;2000-07-27;2176.79589844;94.44699860;2126.78588867;92.27709961
NE;NORDESTE;2000-07-27;2568.52905273;69.77400208;2482.59399414;67.43959808
S;SUL;2000-07-27;4606.22802734;89.25869751;4606.22802734;89.25869751
SE;SUDESTE;2000-07-27;19883.51562500;111.10079956;19817.49218750;110.73190308
N;NORTE;2000-07-28;2150.02905273;93.28559875;2101.63208008;91.18569946
NE;NORDESTE;2000-07-28;2582.34301758;70.14929962;2495.83691406;67.79930115
S;SUL;2000-07-28;4435.78417969;85.95590210;4435.78417969;85.95590210
SE;SUDESTE;2000-07-28;19428.60937500;108.55899811;19371.99023438;108.24259949
N;NORTE;2000-07-29;2112.99804688;91.67890167;2074.23901367;89.99720001
NE;NORDESTE;2000-07-29;2598.26391602;70.58180237;2511.14697266;68.21520233
S;SUL;2000-07-29;4266.45605469;82.67469788;4266.45605469;82.67469788
SE;SUDESTE;2000-07-29;18628.72265625;104.08950043;18572.51171875;103.77539825
N;NORTE;2000-07-30;2093.60302734;90.83740234;2058.96411133;89.33450317
NE;NORDESTE;2000-07-30;2610.01708984;70.90100098;2522.49902344;68.52359772
S;SUL;2000-07-30;4073.07006836;78.92729950;4073.07006836;78.92729950
SE;SUDESTE;2000-07-30;17882.33203125;99.91899872;17807.92578125;99.50330353
N;NORTE;2000-07-31;2075.24804688;90.04100037;2042.20898438;88.60749817
NE;NORDESTE;2000-07-31;2810.31298828;76.34210205;2717.71704102;73.82669830
S;SUL;2000-07-31;3871.87011719;75.02839661;3871.87011719;75.02839661
SE;SUDESTE;2000-07-31;17208.10351563;96.15170288;17158.36523438;95.87380219
N;NORTE;2000-08-01;2047.60302734;126.64779663;2014.56994629;124.60459900
NE;NORDESTE;2000-08-01;2824.15307617;87.79409790;2726.77905273;84.76699829
S;SUL;2000-08-01;3609.05493164;82.85230255;3609.05493164;82.85230255
SE;SUDESTE;2000-08-01;16987.22070313;113.83589935;16939.35546875;113.51509857
N;NORTE;2000-08-02;2006.79199219;124.12349701;1978.81201172;122.39289856
NE;NORDESTE;2000-08-02;2720.34204102;84.56690216;2628.42309570;81.70950317
S;SUL;2000-08-02;3464.65795898;79.53739929;3464.65795898;79.53739929
SE;SUDESTE;2000-08-02;16645.19140625;111.54380035;16621.61718750;111.38580322
N;NORTE;2000-08-03;1958.17797852;121.11669922;1938.45202637;119.89659882
NE;NORDESTE;2000-08-03;2706.28100586;84.12979889;2615.61010742;81.31109619
S;SUL;2000-08-03;3292.32690430;75.58119965;3292.32690430;75.58119965
SE;SUDESTE;2000-08-03;16321.50683594;109.37470245;16267.70507813;109.01419830
N;NORTE;2000-08-04;1910.78405762;118.18530273;1892.27600098;117.04049683
NE;NORDESTE;2000-08-04;2723.05395508;84.65119934;2631.76391602;81.81330109
S;SUL;2000-08-04;3123.26708984;71.70020294;3123.26708984;71.70020294
SE;SUDESTE;2000-08-04;16111.72460938;107.96890259;16067.39746094;107.67189789
N;NORTE;2000-08-05;1877.07604980;116.10040283;1846.86999512;114.23210144
NE;NORDESTE;2000-08-05;2764.20703125;85.93060303;2671.35009766;83.04389954
S;SUL;2000-08-05;3036.78100586;69.71469879;3036.78100586;69.71469879
SE;SUDESTE;2000-08-05;15971.96191406;107.03230286;15932.81152344;106.76999664
N;NORTE;2000-08-06;1874.69702148;115.95320129;1849.93200684;114.42150116
NE;NORDESTE;2000-08-06;2932.74902344;91.16999817;2834.92895508;88.12909698
S;SUL;2000-08-06;2924.78002930;67.14350128;2924.78002930;67.14350128
SE;SUDESTE;2000-08-06;15905.71191406;106.58840179;15852.83984375;106.23410034
N;NORTE;2000-08-07;1895.70800781;117.25279999;1873.69604492;115.89129639
NE;NORDESTE;2000-08-07;3118.13891602;96.93319702;3012.31909180;93.64360046
S;SUL;2000-08-07;2788.25708008;64.00939941;2788.25708008;64.00939941
SE;SUDESTE;2000-08-07;15781.72753906;105.75749969;15622.70410156;104.69190216
N;NORTE;2000-08-08;1908.88403320;118.06770325;1886.86694336;116.70600128
NE;NORDESTE;2000-08-08;3055.39111328;94.98259735;2949.44506836;91.68900299
S;SUL;2000-08-08;2680.03710938;61.52500153;2680.03710938;61.52500153
SE;SUDESTE;2000-08-08;15639.25878906;104.80280304;15392.08984375;103.14649963
N;NORTE;2000-08-09;1892.72399902;117.06819916;1873.91699219;115.90499878
NE;NORDESTE;2000-08-09;2929.32788086;91.06359863;2829.13696289;87.94899750
S;SUL;2000-08-09;2652.54711914;60.89390182;2652.54711914;60.89390182
SE;SUDESTE;2000-08-09;15534.81640625;104.10289764;15280.60742188;102.39939880
N;NORTE;2000-08-10;1839.74401855;113.79129791;1818.69104004;112.48919678
NE;NORDESTE;2000-08-10;2876.98510742;89.43650055;2778.85400391;86.38590240
S;SUL;2000-08-10;2619.12988281;60.12680054;2619.12988281;60.12680054
SE;SUDESTE;2000-08-10;15381.76562500;103.07730103;15211.86132813;101.93869781
N;NORTE;2000-08-11;1786.96301270;110.52670288;1766.31298828;109.24949646
NE;NORDESTE;2000-08-11;2950.94702148;91.73570251;2851.17993164;88.63430023
S;SUL;2000-08-11;2500.55590820;57.40470123;2500.55590820;57.40470123
SE;SUDESTE;2000-08-11;15191.91113281;101.80500031;15151.81542969;101.53630066
N;NORTE;2000-08-12;1724.14099121;106.64109802;1703.18994141;105.34519958
NE;NORDESTE;2000-08-12;3117.22998047;96.90489960;3011.18408203;93.60829926
S;SUL;2000-08-12;2412.92309570;55.39300156;2412.92309570;55.39300156
SE;SUDESTE;2000-08-12;15138.91210938;101.44989777;15089.53710938;101.11900330
N;NORTE;2000-08-13;1691.64196777;104.63099670;1673.29199219;103.49600220
NE;NORDESTE;2000-08-13;3187.23706055;99.08119965;3077.08398438;95.65689850
S;SUL;2000-08-13;2356.42309570;54.09590149;2356.42309570;54.09590149
SE;SUDESTE;2000-08-13;15091.06933594;101.12920380;15030.45507813;100.72309875
N;NORTE;2000-08-14;1692.24499512;104.66819763;1674.89001465;103.59480286
NE;NORDESTE;2000-08-14;3141.39208984;97.65609741;3032.55297852;94.27259827
S;SUL;2000-08-14;2382.27905273;54.68949890;2382.27905273;54.68949890
SE;SUDESTE;2000-08-14;14999.39746094;100.51490021;14964.39453125;100.28040314
N;NORTE;2000-08-15;1719.68298340;106.36530304;1703.16796875;105.34390259
NE;NORDESTE;2000-08-15;3086.54296875;95.95099640;2980.18188477;92.64450073
S;SUL;2000-08-15;2499.02709961;57.36959839;2499.02709961;57.36959839
SE;SUDESTE;2000-08-15;14946.87011719;100.16290283;14910.91406250;99.92199707
N;NORTE;2000-08-16;1722.50903320;106.54010010;1705.99194336;105.51850128
NE;NORDESTE;2000-08-16;2933.88696289;91.20539856;2831.71997070;88.02929688
S;SUL;2000-08-16;2635.30004883;60.49800110;2635.30004883;60.49800110
SE;SUDESTE;2000-08-16;14961.37695313;100.26010132;14930.01074219;100.05000305
N;NORTE;2000-08-17;1697.51599121;104.99430084;1680.99902344;103.97270203
NE;NORDESTE;2000-08-17;2786.31689453;86.61789703;2690.70703125;83.64569855
S;SUL;2000-08-17;2800.51098633;64.29070282;2800.51098633;64.29070282
SE;SUDESTE;2000-08-17;14830.88378906;99.38569641;14791.35058594;99.12079620
N;NORTE;2000-08-18;1651.71398926;102.16130066;1635.19494629;101.13960266
NE;NORDESTE;2000-08-18;2727.00390625;84.77400208;2633.86499023;81.87860107
S;SUL;2000-08-18;2987.03100586;68.57260132;2987.03100586;68.57260132
SE;SUDESTE;2000-08-18;14918.55078125;99.97319794;14889.62500000;99.77929688
N;NORTE;2000-08-19;1621.02404785;100.26309967;1604.50500488;99.24140167
NE;NORDESTE;2000-08-19;2889.02294922;89.81069946;2792.17602539;86.80000305
S;SUL;2000-08-19;2996.77197266;68.79620361;2996.77197266;68.79620361
SE;SUDESTE;2000-08-19;15146.75781250;101.50240326;15101.99609375;101.20249939
N;NORTE;2000-08-20;1611.04504395;99.64589691;1594.54101563;98.62509918
NE;NORDESTE;2000-08-20;3101.20800781;96.40689850;2994.91796875;93.10260010
S;SUL;2000-08-20;2916.26611328;66.94809723;2874.86596680;65.99770355
SE;SUDESTE;2000-08-20;15534.99511719;104.10410309;15485.50097656;103.77239990
N;NORTE;2000-08-21;1613.21997070;99.78040314;1593.41394043;98.55539703
NE;NORDESTE;2000-08-21;3222.09301758;100.16480255;3110.94702148;96.70960236
S;SUL;2000-08-21;2763.62890625;63.44400024;2763.62890625;63.44400024
SE;SUDESTE;2000-08-21;15869.42968750;106.34519958;15780.04492188;105.74629974
N;NORTE;2000-08-22;1611.19604492;99.65519714;1594.22595215;98.60559845
NE;NORDESTE;2000-08-22;3110.28491211;96.68900299;3000.80395508;93.28559875
S;SUL;2000-08-22;2576.74511719;59.15380096;2576.74511719;59.15380096
SE;SUDESTE;2000-08-22;15979.15722656;107.08059692;15868.79980469;106.34100342
N;NORTE;2000-08-23;1593.14404297;98.53869629;1581.52502441;97.81999969
NE;NORDESTE;2000-08-23;2841.89990234;88.34580231;2742.55297852;85.25740051
S;SUL;2000-08-23;2404.05004883;55.18930054;2404.05004883;55.18930054
SE;SUDESTE;2000-08-23;15882.34765625;106.43180084;15794.83496094;105.84539795
N;NORTE;2000-08-24;1554.37805176;96.14089966;1543.36804199;95.45999908
NE;NORDESTE;2000-08-24;2669.24194336;82.97840118;2577.70507813;80.13279724
S;SUL;2000-08-24;2272.18798828;52.16210175;2272.18798828;52.16210175
SE;SUDESTE;2000-08-24;15550.62304688;104.20880127;15490.54101563;103.80619812
N;NORTE;2000-08-25;1506.59802246;93.18569946;1497.42395020;92.61820221
NE;NORDESTE;2000-08-25;2768.13598633;86.05269623;2675.25488281;83.16529846
S;SUL;2000-08-25;2279.12792969;52.32139969;2279.12792969;52.32139969
SE;SUDESTE;2000-08-25;15174.62695313;101.68920135;15115.44531250;101.29260254
N;NORTE;2000-08-26;1468.14904785;90.80750275;1462.64294434;90.46700287
NE;NORDESTE;2000-08-26;2875.89306641;89.40249634;2777.03710938;86.32939911
S;SUL;2000-08-26;2534.04199219;58.17350006;2534.04199219;58.17350006
SE;SUDESTE;2000-08-26;14928.78710938;100.04170227;14867.58593750;99.63159943
N;NORTE;2000-08-27;1426.52197266;88.23280334;1418.26098633;87.72190094
NE;NORDESTE;2000-08-27;2869.80004883;89.21309662;2770.83007813;86.13639832
S;SUL;2000-08-27;3233.76391602;74.23680115;3233.76391602;74.23680115
SE;SUDESTE;2000-08-27;14712.07519531;98.58950043;14645.37597656;98.14250183
N;NORTE;2000-08-28;1413.37597656;87.41970062;1396.16601563;86.35530090
NE;NORDESTE;2000-08-28;2936.25610352;91.27899933;2835.89697266;88.15920258
S;SUL;2000-08-28;3987.53906250;91.54109955;3987.53906250;91.54109955
SE;SUDESTE;2000-08-28;15477.73828125;103.72039795;15405.30175781;103.23500061
N;NORTE;2000-08-29;1401.96997070;86.71420288;1389.35400391;85.93389893
NE;NORDESTE;2000-08-29;2794.93188477;86.88569641;2696.29492188;83.81939697
S;SUL;2000-08-29;4197.68310547;96.36530304;4197.68310547;96.36530304
SE;SUDESTE;2000-08-29;17271.14843750;115.73850250;17187.42968750;115.17749786
N;NORTE;2000-08-30;1370.01794434;84.73799896;1364.51293945;84.39749908
NE;NORDESTE;2000-08-30;2589.93188477;80.51290131;2500.48095703;77.73210144
S;SUL;2000-08-30;3905.52099609;89.65820313;3905.52099609;89.65820313
SE;SUDESTE;2000-08-30;20579.21484375;137.90679932;20470.08984375;137.17550659
N;NORTE;2000-08-31;1335.79296875;82.62110138;1330.28698730;82.28050232
NE;NORDESTE;2000-08-31;2500.19091797;77.72309875;2414.58789063;75.06199646
S;SUL;2000-08-31;3597.64990234;82.59049988;3597.64990234;82.59049988
SE;SUDESTE;2000-08-31;23140.85937500;155.07299805;23041.91406250;154.41000366
N;NORTE;2000-09-01;1296.72802734;101.47100067;1290.76098633;101.00409698
NE;NORDESTE;2000-09-01;2444.48193359;84.77729797;2360.92797852;81.87960052
S;SUL;2000-09-01;3430.75390625;67.32779694;3430.75390625;67.32779694
SE;SUDESTE;2000-09-01;22111.89648438;148.76939392;22028.82617188;148.21049500
N;NORTE;2000-09-02;1272.40100098;99.56739807;1261.38903809;98.70570374
NE;NORDESTE;2000-09-02;2404.64306641;83.39569855;2322.59497070;80.55020142
S;SUL;2000-09-02;3306.92797852;64.89779663;3306.92797852;64.89779663
SE;SUDESTE;2000-09-02;22590.01367188;151.98620605;22496.43554688;151.35659790
N;NORTE;2000-09-03;1261.21997070;98.69249725;1252.96301270;98.04630280
NE;NORDESTE;2000-09-03;2373.07397461;82.30079651;2292.31494141;79.50000000
S;SUL;2000-09-03;3338.74291992;65.52210236;3338.74291992;65.52210236
SE;SUDESTE;2000-09-03;24463.20507813;164.58909607;24406.57226563;164.20809937
N;NORTE;2000-09-04;1271.62402344;99.50659943;1264.28405762;98.93219757
NE;NORDESTE;2000-09-04;2491.24194336;86.39900208;2408.01000977;83.51249695
S;SUL;2000-09-04;3353.69189453;65.81549835;3353.69189453;65.81549835
SE;SUDESTE;2000-09-04;27036.26562500;181.90069580;26773.54296875;180.13310242
N;NORTE;2000-09-05;1303.22595215;101.97949982;1295.88598633;101.40509796
NE;NORDESTE;2000-09-05;2486.32006836;86.22830200;2400.42089844;83.24929810
S;SUL;2000-09-05;3200.68188477;62.81269836;3200.68188477;62.81269836
SE;SUDESTE;2000-09-05;29660.83789063;199.55889893;28243.16992188;190.02079773
N;NORTE;2000-09-06;1287.47900391;100.74729919;1280.14001465;100.17299652
NE;NORDESTE;2000-09-06;2387.13696289;82.78859711;2305.97607422;79.97380066
S;SUL;2000-09-06;2956.54101563;58.02149963;2956.54101563;58.02149963
SE;SUDESTE;2000-09-06;30256.01562500;203.56329346;29167.28906250;196.23829651
N;NORTE;2000-09-07;1282.18298340;100.33280182;1274.84204102;99.75839996
NE;NORDESTE;2000-09-07;2359.76391602;81.83920288;2280.08300781;79.07579803
S;SUL;2000-09-07;2785.28198242;54.66059875;2785.28198242;54.66059875
SE;SUDESTE;2000-09-07;29164.95117188;196.22259521;29092.60546875;195.73579407
N;NORTE;2000-09-08;1282.13098145;100.32879639;1275.63098145;99.82009888
NE;NORDESTE;2000-09-08;2507.61694336;86.96690369;2424.49389648;84.08409882
S;SUL;2000-09-08;2674.90405273;52.49440002;2674.90405273;52.49440002
SE;SUDESTE;2000-09-08;27642.51757813;185.97959900;27569.04101563;185.48530579
N;NORTE;2000-09-09;1282.25500488;100.33850098;1276.74902344;99.90760040
NE;NORDESTE;2000-09-09;2536.65795898;87.97409821;2449.65502930;84.95670319
S;SUL;2000-09-09;2703.04003906;53.04660034;2703.04003906;53.04660034
SE;SUDESTE;2000-09-09;26560.71289063;178.70120239;26490.80078125;178.23080444
N;NORTE;2000-09-10;1298.08996582;101.57759857;1292.58398438;101.14669800
NE;NORDESTE;2000-09-10;2476.73388672;85.89589691;2393.31494141;83.00279999
S;SUL;2000-09-10;3177.34790039;62.35480118;3177.34790039;62.35480118
SE;SUDESTE;2000-09-10;25542.04296875;171.84750366;25484.41601563;171.45979309
N;NORTE;2000-09-11;1309.98803711;102.50859833;1302.49194336;101.92209625
NE;NORDESTE;2000-09-11;2481.13403320;86.04850006;2398.32592773;83.17659760
S;SUL;2000-09-11;4656.65722656;91.38590240;4656.65722656;91.38590240
SE;SUDESTE;2000-09-11;24755.02343750;166.55250549;24681.19335938;166.05569458
N;NORTE;2000-09-12;1329.50000000;104.03549957;1314.58105469;102.86799622
NE;NORDESTE;2000-09-12;2501.59692383;86.75820160;2418.24511719;83.86740112
S;SUL;2000-09-12;8511.47167969;167.03579712;8511.47167969;167.03579712
SE;SUDESTE;2000-09-12;24083.36523438;162.03349304;24026.19140625;161.64889526
N;NORTE;2000-09-13;1355.49499512;106.06960297;1344.48205566;105.20780182
NE;NORDESTE;2000-09-13;2533.57690430;87.86730194;2449.20288086;84.94110107
S;SUL;2000-09-13;14523.81347656;285.02670288;14010.43066406;274.95169067
SE;SUDESTE;2000-09-13;24851.34570313;167.20050049;24802.85937500;166.87429810
N;NORTE;2000-09-14;1393.91198730;109.07579803;1378.92199707;107.90280151
NE;NORDESTE;2000-09-14;2572.20898438;89.20709991;2486.53295898;86.23570251
S;SUL;2000-09-14;19095.34570313;374.74209595;18702.09375000;367.02459717
SE;SUDESTE;2000-09-14;26447.53710938;177.93969727;26392.01757813;177.56619263
N;NORTE;2000-09-15;1424.99194336;111.50789642;1406.64001465;110.07180023
NE;NORDESTE;2000-09-15;2618.85888672;90.82489777;2531.59301758;87.79840088
S;SUL;2000-09-15;21663.30468750;425.13769531;20726.02148438;406.74371338
SE;SUDESTE;2000-09-15;30536.14843750;205.44799805;28945.12695313;194.74360657
N;NORTE;2000-09-16;1468.31799316;114.89820099;1461.28601074;114.34790039
NE;NORDESTE;2000-09-16;2673.44702148;92.71810150;2584.26708984;89.62519836
S;SUL;2000-09-16;22320.56250000;438.03628540;21794.08789063;427.70431519
SE;SUDESTE;2000-09-16;35291.52734375;237.44230652;30171.22265625;202.99279785
N;NORTE;2000-09-17;1530.51403809;119.76509857;1530.51403809;119.76509857
NE;NORDESTE;2000-09-17;2849.80200195;98.83429718;2763.40893555;95.83809662
S;SUL;2000-09-17;21593.59960938;423.76980591;21564.66015625;423.20190430
SE;SUDESTE;2000-09-17;37373.08593750;251.44709778;29537.02343750;198.72590637
N;NORTE;2000-09-18;1589.70605469;124.39700317;1589.70605469;124.39700317
NE;NORDESTE;2000-09-18;3089.20898438;107.13719940;3005.54296875;104.23560333
S;SUL;2000-09-18;20718.72656250;406.60058594;19881.84570313;390.17700195
SE;SUDESTE;2000-09-18;35946.67187500;241.85020447;29813.03125000;200.58290100
N;NORTE;2000-09-19;1620.65002441;126.81839752;1620.65002441;126.81839752
NE;NORDESTE;2000-09-19;3075.52001953;106.66239929;2981.62597656;103.40609741
S;SUL;2000-09-19;19932.78710938;391.17669678;15679.69824219;307.71069336
SE;SUDESTE;2000-09-19;32227.03125000;216.82429504;27421.21289063;184.49070740
N;NORTE;2000-09-20;1640.11901855;128.34190369;1637.15905762;128.11030579
NE;NORDESTE;2000-09-20;2982.48706055;103.43599701;2891.32104492;100.27420044
S;SUL;2000-09-20;19689.36718750;386.39959717;11249.64648438;220.77189636
SE;SUDESTE;2000-09-20;28600.16796875;192.42269897;24557.93359375;165.22639465
N;NORTE;2000-09-21;1636.86499023;128.08729553;1625.39904785;127.19000244
NE;NORDESTE;2000-09-21;2961.48388672;102.70749664;2871.58398438;99.58969879
S;SUL;2000-09-21;18542.02343750;363.88320923;7781.71386719;152.71449280
SE;SUDESTE;2000-09-21;26746.47851563;179.95100403;24737.68554688;166.43580627
N;NORTE;2000-09-22;1612.87097168;126.20970154;1603.84704590;125.50360107
NE;NORDESTE;2000-09-22;2951.04101563;102.34539795;2860.36206055;99.20050049
S;SUL;2000-09-22;17437.97656250;342.21661377;8430.47558594;165.44630432
SE;SUDESTE;2000-09-22;26279.32421875;176.80799866;25124.90625000;169.04100037
N;NORTE;2000-09-23;1594.94494629;124.80699921;1587.60205078;124.23239899
NE;NORDESTE;2000-09-23;2931.55908203;101.66970062;2838.54199219;98.44380188
S;SUL;2000-09-23;16806.82617188;329.83041382;7210.01904297;141.49510193
SE;SUDESTE;2000-09-23;24928.14453125;167.71719360;24136.64453125;162.39199829
N;NORTE;2000-09-24;1594.43896484;124.76740265;1586.02600098;124.10900116
NE;NORDESTE;2000-09-24;2900.91992188;100.60710144;2813.74707031;97.58390045
S;SUL;2000-09-24;17436.91406250;342.19570923;1039.75195313;20.40489960
SE;SUDESTE;2000-09-24;23403.50195313;157.45939636;21885.56445313;147.24670410
N;NORTE;2000-09-25;1593.26904297;124.67579651;1585.92797852;124.10140228
NE;NORDESTE;2000-09-25;2998.74609375;103.99980164;2913.32592773;101.03739929
S;SUL;2000-09-25;18511.85937500;363.29129028;5010.22216797;98.32450104
SE;SUDESTE;2000-09-25;22300.45117188;150.03799438;21868.21093750;147.12989807
N;NORTE;2000-09-26;1581.05895996;123.72039795;1573.71704102;123.14579773
NE;NORDESTE;2000-09-26;2954.73095703;102.47329712;2852.85107422;98.94000244
S;SUL;2000-09-26;17727.52734375;347.89889526;11052.22558594;216.89759827
SE;SUDESTE;2000-09-26;21421.46484375;144.12420654;21376.44921875;143.82130432
N;NORTE;2000-09-27;1571.66003418;122.98490143;1560.80004883;122.13510132
NE;NORDESTE;2000-09-27;2808.43994141;97.39980316;2711.47802734;94.03710175
S;SUL;2000-09-27;16393.28710938;321.71469116;9875.74902344;193.80949402
SE;SUDESTE;2000-09-27;21019.25195313;141.41810608;20977.39843750;141.13650513
N;NORTE;2000-09-28;1551.99401855;121.44599915;1540.97900391;120.58399963
NE;NORDESTE;2000-09-28;2730.45507813;94.69519806;2636.57299805;91.43930054
S;SUL;2000-09-28;14824.81054688;290.93368530;10082.62890625;197.86940002
SE;SUDESTE;2000-09-28;20499.41796875;137.92059326;18929.29296875;127.35679626
N;NORTE;2000-09-29;1524.13793945;119.26619720;1513.12402344;118.40429688
NE;NORDESTE;2000-09-29;2681.43603516;92.99520111;2589.31909180;89.80039978
S;SUL;2000-09-29;13470.30664063;264.35189819;7778.11718750;152.64390564
SE;SUDESTE;2000-09-29;19747.13671875;132.85929871;19467.58398438;130.97839355
N;NORTE;2000-09-30;1515.19104004;118.56610107;1504.17895508;117.70439911
NE;NORDESTE;2000-09-30;2641.43408203;91.60790253;2550.70410156;88.46119690
S;SUL;2000-09-30;12502.57617188;245.36039734;9546.17871094;187.34170532
SE;SUDESTE;2000-09-30;19127.80078125;128.69239807;18751.87695313;126.16310120
N;NORTE;2000-10-01;1509.72802734;105.66310120;1498.71704102;104.89250183
NE;NORDESTE;2000-10-01;2725.18310547;87.69080353;2637.03588867;84.85440063
S;SUL;2000-10-01;11689.81152344;180.92379761;6577.34082031;101.79779816
SE;SUDESTE;2000-10-01;18724.94921875;105.27439880;18028.94726563;101.36129761
N;NORTE;2000-10-02;1533.74499512;107.34400177;1519.06396484;106.31649780
NE;NORDESTE;2000-10-02;2825.55493164;90.92050171;2740.42797852;88.18129730
S;SUL;2000-10-02;11043.85644531;170.92630005;7602.18896484;117.65940094
SE;SUDESTE;2000-10-02;18194.99023438;102.29489899;18154.24218750;102.06580353
N;NORTE;2000-10-03;1584.72497559;110.91200256;1566.37402344;109.62770081
NE;NORDESTE;2000-10-03;2708.52709961;87.15480042;2620.86694336;84.33409882
S;SUL;2000-10-03;10318.30957031;159.69700623;9238.80078125;142.98939514
SE;SUDESTE;2000-10-03;17626.72265625;99.09999847;17572.40429688;98.79460144
N;NORTE;2000-10-04;1628.80297852;113.99690247;1610.45605469;112.71289825
NE;NORDESTE;2000-10-04;2556.26489258;82.25530243;2468.22094727;79.42230225
S;SUL;2000-10-04;9719.83398438;150.43429565;6570.67089844;101.69460297
SE;SUDESTE;2000-10-04;17093.05078125;96.09960175;17059.07617188;95.90859985
N;NORTE;2000-10-05;1642.52697754;114.95749664;1628.91796875;114.00499725
NE;NORDESTE;2000-10-05;2485.93408203;79.99220276;2400.77392578;77.25199890
S;SUL;2000-10-05;9528.65332031;147.47540283;6638.70019531;102.74749756
SE;SUDESTE;2000-10-05;16733.23242188;94.07659912;16681.10937500;93.78359985
N;NORTE;2000-10-06;1618.48400879;113.27469635;1603.94995117;112.25749969
NE;NORDESTE;2000-10-06;2608.18896484;83.92610168;2520.42211914;81.10199738
S;SUL;2000-10-06;9280.85351563;143.64019775;8036.45605469;124.38059998
SE;SUDESTE;2000-10-06;16735.62890625;94.09010315;16696.80859375;93.87190247
N;NORTE;2000-10-07;1619.20202637;113.32499695;1597.17602539;111.78340149
NE;NORDESTE;2000-10-07;2716.92700195;87.42510223;2623.16088867;84.40789795
S;SUL;2000-10-07;8388.05273438;129.82229614;5960.50000000;92.25090027
SE;SUDESTE;2000-10-07;17418.21093750;97.92769623;17128.53710938;96.29910278
N;NORTE;2000-10-08;1597.47204590;111.80410004;1580.34704590;110.60559845
NE;NORDESTE;2000-10-08;2740.98901367;88.19940186;2650.40698242;85.28459930
S;SUL;2000-10-08;7357.65917969;113.87480164;4599.46923828;71.18620300
SE;SUDESTE;2000-10-08;18233.00585938;102.50859833;16314.33593750;91.72160339
N;NORTE;2000-10-09;1584.23095703;110.87740326;1569.55004883;109.84989929
NE;NORDESTE;2000-10-09;2800.43701172;90.11229706;2717.25805664;87.43579865
S;SUL;2000-10-09;6694.21923828;103.60679626;5561.13378906;86.06990051
SE;SUDESTE;2000-10-09;18619.97070313;104.68419647;17921.43554688;100.75689697
N;NORTE;2000-10-10;1576.51599121;110.33750153;1561.83300781;109.30979919
NE;NORDESTE;2000-10-10;2638.47607422;84.90070343;2545.31005859;81.90280151
S;SUL;2000-10-10;7056.54296875;109.21450043;4357.52197266;67.44159698
SE;SUDESTE;2000-10-10;17879.97265625;100.52380371;16431.22460938;92.37870026
N;NORTE;2000-10-11;1566.29699707;109.62229919;1549.01293945;108.41259766
NE;NORDESTE;2000-10-11;3081.50488281;99.15650177;2987.61108398;96.13520050
S;SUL;2000-10-11;8138.83593750;125.96520233;5867.08496094;90.80519867
SE;SUDESTE;2000-10-11;16904.69921875;95.04070282;15803.97656250;88.85220337
N;NORTE;2000-10-12;1557.09094238;108.97799683;1539.35205078;107.73639679
NE;NORDESTE;2000-10-12;2332.36206055;75.05059814;2252.62402344;72.48480225
S;SUL;2000-10-12;9420.52148438;145.80189514;7183.43310547;111.17829895
SE;SUDESTE;2000-10-12;16408.63476563;92.25170135;15241.80468750;85.69159698
N;NORTE;2000-10-13;1543.30603027;108.01319885;1535.20300293;107.44609833
NE;NORDESTE;2000-10-13;2283.72900391;73.48570251;2205.78491211;70.97760010
S;SUL;2000-10-13;11142.70117188;172.45610046;7530.43115234;116.54879761
SE;SUDESTE;2000-10-13;16535.81640625;92.96679688;15971.59667969;89.79460144
N;NORTE;2000-10-14;1529.97497559;107.08020020;1529.97497559;107.08020020
NE;NORDESTE;2000-10-14;2471.67895508;79.53350067;2389.31298828;76.88320160
S;SUL;2000-10-14;13709.46484375;212.18209839;5313.98681641;82.24479675
SE;SUDESTE;2000-10-14;16732.79296875;94.07420349;14531.54589844;81.69850159
N;NORTE;2000-10-15;1528.37695313;106.96829987;1518.13305664;106.25140381
NE;NORDESTE;2000-10-15;2445.39501953;78.68779755;2358.91992188;75.90519714
S;SUL;2000-10-15;14675.49804688;227.13340759;5903.15283203;91.36340332
SE;SUDESTE;2000-10-15;16595.41015625;93.30180359;13299.93554688;74.77420044
N;NORTE;2000-10-16;1534.87695313;107.42320251;1514.68505859;106.01000214
NE;NORDESTE;2000-10-16;2413.96899414;77.67649841;2332.00610352;75.03910065
S;SUL;2000-10-16;14458.30664063;223.77189636;7406.49902344;114.63069916
SE;SUDESTE;2000-10-16;16578.90039063;93.20899963;14517.77929688;81.62110138
N;NORTE;2000-10-17;1529.73095703;107.06310272;1513.21301270;105.90699768
NE;NORDESTE;2000-10-17;2441.97290039;78.57769775;2357.25610352;75.85160065
S;SUL;2000-10-17;14245.40039063;220.47669983;5677.29882813;87.86779785
SE;SUDESTE;2000-10-17;16962.84375000;95.36759949;15462.80273438;86.93409729
N;NORTE;2000-10-18;1500.44897461;105.01370239;1483.93200684;103.85769653
NE;NORDESTE;2000-10-18;2284.07690430;73.49690247;2203.85498047;70.91549683
S;SUL;2000-10-18;14543.79101563;225.09500122;4706.18212891;72.83779907
SE;SUDESTE;2000-10-18;17077.88867188;96.01439667;15056.06445313;84.64739990
N;NORTE;2000-10-19;1461.91394043;102.31670380;1448.76403809;101.39630127
NE;NORDESTE;2000-10-19;2130.57788086;68.55760193;2057.19604492;66.19629669
S;SUL;2000-10-19;14800.53710938;229.06860352;8771.67578125;135.75970459
SE;SUDESTE;2000-10-19;16180.86914063;90.97119904;15804.03613281;88.85260010
N;NORTE;2000-10-20;1414.93603516;99.02880096;1407.59704590;98.51509857
NE;NORDESTE;2000-10-20;2793.66894531;89.89450073;2691.64111328;86.61150360
S;SUL;2000-10-20;14259.69824219;220.69799805;8691.49902344;134.51879883
SE;SUDESTE;2000-10-20;15037.60546875;84.54360199;14891.82519531;83.72399902
N;NORTE;2000-10-21;1373.17895508;96.10630035;1368.28601074;95.76380157
NE;NORDESTE;2000-10-21;2120.20996094;68.22399902;2046.81201172;65.86219788
S;SUL;2000-10-21;12713.66992188;196.77009583;9063.84375000;140.28160095
SE;SUDESTE;2000-10-21;14351.17578125;80.68440247;12901.96289063;72.53669739
N;NORTE;2000-10-22;1355.77197266;94.88800049;1352.10302734;94.63120270
NE;NORDESTE;2000-10-22;2120.51708984;68.23390198;2048.89208984;65.92910004
S;SUL;2000-10-22;11173.60058594;172.93440247;5691.60693359;88.08930206
SE;SUDESTE;2000-10-22;13793.27734375;77.54779816;11411.19824219;64.15540314
N;NORTE;2000-10-23;1379.92004395;96.57810211;1372.34704590;96.04810333
NE;NORDESTE;2000-10-23;2261.96704102;72.78540039;2185.33593750;70.31960297
S;SUL;2000-10-23;10100.39648438;156.32429504;7611.54003906;117.80419922
SE;SUDESTE;2000-10-23;13396.29687500;75.31590271;13046.24316406;73.34790039
N;NORTE;2000-10-24;1388.35498047;97.16840363;1377.41894531;96.40299988
NE;NORDESTE;2000-10-24;2174.79809570;69.98049927;2097.90502930;67.50630188
S;SUL;2000-10-24;9427.34765625;145.90750122;6267.08789063;96.99600220
SE;SUDESTE;2000-10-24;13154.65722656;73.95739746;13101.30273438;73.65740204
N;NORTE;2000-10-25;1404.48498535;98.29730225;1397.14196777;97.78340149
NE;NORDESTE;2000-10-25;1999.79199219;64.34919739;1930.66394043;62.12480164
S;SUL;2000-10-25;9185.51757813;142.16470337;7005.64111328;108.42659760
SE;SUDESTE;2000-10-25;13178.11718750;74.08930206;13130.35742188;73.82080078
N;NORTE;2000-10-26;1387.25805664;97.09169769;1379.91503906;96.57769775
NE;NORDESTE;2000-10-26;2809.55102539;90.40560150;2708.25488281;87.14610291
S;SUL;2000-10-26;9930.22265625;153.69050598;7541.33105469;116.71749878
SE;SUDESTE;2000-10-26;13345.54003906;75.03060150;13295.78027344;74.75080109
N;NORTE;2000-10-27;1358.30798340;95.06549835;1348.20800781;94.35859680
NE;NORDESTE;2000-10-27;1859.38598633;59.83119965;1796.05004883;57.79320145
S;SUL;2000-10-27;11329.65234375;175.34959412;5964.61914063;92.31469727
SE;SUDESTE;2000-10-27;13539.73144531;76.12229919;13474.27539063;75.75430298
N;NORTE;2000-10-28;1359.14599609;95.12409973;1350.88696289;94.54609680
NE;NORDESTE;2000-10-28;1813.48303223;58.35409927;1751.88000488;56.37189865
S;SUL;2000-10-28;11331.07617188;175.37159729;7920.04296875;122.57890320
SE;SUDESTE;2000-10-28;13854.92578125;77.89440155;13804.14355469;77.60890198
N;NORTE;2000-10-29;1376.38793945;96.33090210;1376.38793945;96.33090210
NE;NORDESTE;2000-10-29;1770.50305176;56.97109985;1710.51904297;55.04100037
S;SUL;2000-10-29;9736.85546875;150.69779968;7059.34423828;109.25779724
SE;SUDESTE;2000-10-29;14456.96289063;81.27909851;13089.63574219;73.59179688
N;NORTE;2000-10-30;1417.45495605;99.20510101;1407.51196289;98.50920105
NE;NORDESTE;2000-10-30;1881.55700684;60.54460144;1819.48999023;58.54740143
S;SUL;2000-10-30;8362.19921875;129.42219543;6877.45605469;106.44270325
SE;SUDESTE;2000-10-30;15176.66699219;85.32540131;15069.04980469;84.72039795
N;NORTE;2000-10-31;1463.19299316;102.40619659;1450.88305664;101.54470062
NE;NORDESTE;2000-10-31;1862.30200195;59.92499924;1797.90600586;57.85290146
S;SUL;2000-10-31;7440.75976563;115.16100311;7071.46923828;109.44550323
SE;SUDESTE;2000-10-31;15934.13671875;89.58399963;15561.82031250;87.49079895
N;NORTE;2000-11-01;1490.07299805;63.02700043;1481.96801758;62.68420029
NE;NORDESTE;2000-11-01;1798.77294922;36.47890091;1739.79504395;35.28290176
S;SUL;2000-11-01;6863.84716797;141.42289734;6063.66113281;124.93589783
SE;SUDESTE;2000-11-01;17031.17382813;76.47699738;16540.07617188;74.27179718
N;NORTE;2000-11-02;1499.46801758;63.42440033;1496.10498047;63.28219986
NE;NORDESTE;2000-11-02;1774.98901367;35.99660110;1717.85095215;34.83779907
S;SUL;2000-11-02;7466.93212891;129.70039368;5941.67675781;103.20680237
SE;SUDESTE;2000-11-02;16910.97851563;75.93730164;16867.54101563;75.74220276
N;NORTE;2000-11-03;1496.47900391;63.29800034;1496.47900391;63.29800034
NE;NORDESTE;2000-11-03;1815.23205566;36.81269836;1757.37805176;35.63940048
S;SUL;2000-11-03;7062.86083984;122.68170166;6065.26318359;105.35350037
SE;SUDESTE;2000-11-03;16866.76562500;75.73870087;16825.09179688;75.55159760
N;NORTE;2000-11-04;1514.86401367;64.07559967;1514.86401367;64.07559967
NE;NORDESTE;2000-11-04;1915.73901367;38.85100174;1855.11303711;37.62149811
S;SUL;2000-11-04;6520.11279297;113.25420380;5252.19189453;91.23049927
SE;SUDESTE;2000-11-04;16786.93359375;75.38020325;16163.69238281;72.58159637
N;NORTE;2000-11-05;1564.28100586;66.16590118;1562.59802246;66.09470367
NE;NORDESTE;2000-11-05;2029.70996094;41.16230011;1965.37902832;39.85770035
S;SUL;2000-11-05;5902.38378906;102.52429962;5145.04199219;89.36930084
SE;SUDESTE;2000-11-05;16884.37109375;75.81780243;14640.34863281;65.74120331
N;NORTE;2000-11-06;1646.44104004;69.64109802;1640.62597656;69.39510345
NE;NORDESTE;2000-11-06;2255.17602539;45.73469925;2184.19311523;44.29520035
S;SUL;2000-11-06;5404.97119141;93.88420105;4261.88378906;74.02880096
SE;SUDESTE;2000-11-06;17221.70117188;77.33249664;16789.51367188;75.39179993
N;NORTE;2000-11-07;1741.49096680;73.66149902;1730.47802734;73.19570160
NE;NORDESTE;2000-11-07;2508.31298828;50.86830139;2427.39208984;49.22719955
S;SUL;2000-11-07;5083.82714844;88.30599976;4380.97802734;76.09750366
SE;SUDESTE;2000-11-07;18033.74414063;80.97889709;17886.52148438;80.31790161
N;NORTE;2000-11-08;1871.12902832;79.14489746;1860.88403320;78.71160126
NE;NORDESTE;2000-11-08;2528.78198242;51.28340149;2444.99707031;49.58430099
S;SUL;2000-11-08;5015.85400391;87.12529755;4437.23291016;77.07460022
SE;SUDESTE;2000-11-08;18911.05664063;84.91840363;18574.35351563;83.40650177
N;NORTE;2000-11-09;2013.28894043;85.15799713;2007.01904297;84.89279938
NE;NORDESTE;2000-11-09;2503.70996094;50.77500153;2422.49389648;49.12789917
S;SUL;2000-11-09;5221.54980469;90.69819641;4957.14404297;86.10549927
SE;SUDESTE;2000-11-09;19049.06640625;85.53820038;18761.67578125;84.24770355
N;NORTE;2000-11-10;2120.57397461;89.69589996;2114.14892578;89.42410278
NE;NORDESTE;2000-11-10;2778.97509766;56.35729980;2690.86596680;54.57049942
S;SUL;2000-11-10;5497.66210938;95.49430084;4963.36376953;86.21350098
SE;SUDESTE;2000-11-10;18770.80664063;84.28869629;18529.99414063;83.20729828
N;NORTE;2000-11-11;2228.75097656;94.27159882;2213.76000977;93.63749695
NE;NORDESTE;2000-11-11;3331.61694336;67.56479645;3237.04101563;65.64679718
S;SUL;2000-11-11;5268.25292969;91.50939941;5020.47021484;87.20549774
SE;SUDESTE;2000-11-11;18202.05078125;81.73470306;18027.63476563;80.95149994
N;NORTE;2000-11-12;2334.37988281;98.73950195;2320.76904297;98.16369629
NE;NORDESTE;2000-11-12;4079.80297852;82.73799896;3986.29907227;80.84169769
S;SUL;2000-11-12;4878.77685547;84.74430084;4734.32080078;82.23509979
SE;SUDESTE;2000-11-12;17825.36328125;80.04319763;17393.78906250;78.10530090
N;NORTE;2000-11-13;2434.07592773;102.95639801;2421.23095703;102.41310120
NE;NORDESTE;2000-11-13;4593.82910156;93.16239929;4502.07812500;91.30169678
S;SUL;2000-11-13;4696.79882813;81.58329773;4603.68896484;79.96600342
SE;SUDESTE;2000-11-13;17936.15429688;80.54070282;17652.49023438;79.26699829
N;NORTE;2000-11-14;2528.24902344;106.93969727;2515.40307617;106.39640045
NE;NORDESTE;2000-11-14;5462.14794922;110.77179718;5365.91601563;108.82019806
S;SUL;2000-11-14;4542.14501953;78.89700317;4532.54785156;78.73030090
SE;SUDESTE;2000-11-14;19208.25781250;86.25299835;19104.79687500;85.78839874
N;NORTE;2000-11-15;2647.73193359;111.99359894;2634.30908203;111.42579651
NE;NORDESTE;2000-11-15;4785.86181641;97.05680084;4684.07910156;94.99259949
S;SUL;2000-11-15;4330.20117188;75.21549988;4320.31884766;75.04380035
SE;SUDESTE;2000-11-15;20678.19726563;92.85359955;20528.23046875;92.18019867
N;NORTE;2000-11-16;2817.86401367;119.18979645;2801.34399414;118.49109650
NE;NORDESTE;2000-11-16;4842.20996094;98.19950104;4746.36914063;96.25589752
S;SUL;2000-11-16;4141.28515625;71.93399811;4009.11108398;69.63819885
SE;SUDESTE;2000-11-16;22897.89257813;102.82099915;22678.67187500;101.83660126
N;NORTE;2000-11-17;2991.72290039;126.54370117;2976.88793945;125.91619873
NE;NORDESTE;2000-11-17;5006.68798828;101.53510284;4904.12500000;99.45510101
S;SUL;2000-11-17;3979.51489258;69.12409973;3794.86499023;65.91670227
SE;SUDESTE;2000-11-17;23841.55273438;107.05840302;23432.36132813;105.22100067
N;NORTE;2000-11-18;3168.17504883;134.00729370;3155.32788086;133.46389771
NE;NORDESTE;2000-11-18;5171.24511719;104.87229919;5069.16992188;102.80220032
S;SUL;2000-11-18;3872.65893555;67.26799774;3670.21411133;63.75149918
SE;SUDESTE;2000-11-18;25386.21289063;113.99459839;24781.19726563;111.27780151
N;NORTE;2000-11-19;3273.04907227;138.44320679;3260.20092773;137.89979553
NE;NORDESTE;2000-11-19;5259.55322266;106.66320038;5159.71777344;104.63849640
S;SUL;2000-11-19;3858.79907227;67.02729797;3737.26293945;64.91619873
SE;SUDESTE;2000-11-19;26454.40039063;118.79119873;25873.34960938;116.18199921
N;NORTE;2000-11-20;3317.06591797;140.30509949;3304.21704102;139.76159668
NE;NORDESTE;2000-11-20;5711.32812500;115.82510376;5620.25878906;113.97820282
S;SUL;2000-11-20;3871.08789063;67.24069977;3695.47192383;64.19029999
SE;SUDESTE;2000-11-20;28692.27539063;128.84010315;28225.04882813;126.74210358
N;NORTE;2000-11-21;3331.52294922;140.91659546;3316.68701172;140.28900146
NE;NORDESTE;2000-11-21;6250.06494141;126.75060272;6147.99023438;124.68060303
S;SUL;2000-11-21;3792.81201172;65.88110352;3788.04003906;65.79820251
SE;SUDESTE;2000-11-21;29163.11132813;130.95440674;28821.04882813;129.41839600
N;NORTE;2000-11-22;3323.13696289;140.56190491;3306.62500000;139.86340332
NE;NORDESTE;2000-11-22;6534.90185547;132.52709961;6434.18994141;130.48469543
S;SUL;2000-11-22;3757.96997070;65.27590179;3641.06005859;63.24509811
SE;SUDESTE;2000-11-22;30085.25781250;135.09519958;29813.23632813;133.87370300
N;NORTE;2000-11-23;3322.71093750;140.54379272;3306.20507813;139.84570313
NE;NORDESTE;2000-11-23;6791.22900391;137.72540283;6688.47216797;135.64149475
S;SUL;2000-11-23;3725.10205078;64.70490265;3601.83007813;62.56370163
SE;SUDESTE;2000-11-23;31253.57812500;140.34150696;31003.57421875;139.21879578
N;NORTE;2000-11-24;3350.57592773;141.72250366;3335.68310547;141.09249878
NE;NORDESTE;2000-11-24;7047.74609375;142.92750549;6946.64404297;140.87719727
S;SUL;2000-11-24;3674.55200195;63.82690048;3550.48608398;61.67190170
SE;SUDESTE;2000-11-24;31635.25976563;142.05540466;31497.73828125;141.43780518
N;NORTE;2000-11-25;3354.02294922;141.86830139;3343.02709961;141.40319824
NE;NORDESTE;2000-11-25;7178.26123047;145.57440186;7075.69921875;143.49440002
S;SUL;2000-11-25;3638.07397461;63.19329834;3514.80297852;61.05210114
SE;SUDESTE;2000-11-25;31653.96093750;142.13929749;31587.71093750;141.84179688
N;NORTE;2000-11-26;3344.85302734;141.48039246;3335.23388672;141.07350159
NE;NORDESTE;2000-11-26;7234.60791016;146.71710205;7132.62988281;144.64900208
S;SUL;2000-11-26;3658.49707031;63.54800034;3536.02099609;61.42060089
SE;SUDESTE;2000-11-26;31362.59375000;140.83099365;31308.38476563;140.58760071
N;NORTE;2000-11-27;3338.46093750;141.21000671;3333.11596680;140.98390198
NE;NORDESTE;2000-11-27;7413.47509766;150.34449768;7320.55615234;148.46009827
S;SUL;2000-11-27;3568.38500977;61.98279953;3461.81494141;60.13169861
SE;SUDESTE;2000-11-27;31070.80078125;139.52070618;30983.72070313;139.12969971
N;NORTE;2000-11-28;3310.17504883;140.01359558;3307.27392578;139.89089966
NE;NORDESTE;2000-11-28;7750.29296875;157.17509460;7648.89892578;155.11889648
S;SUL;2000-11-28;3438.47192383;59.72620010;3438.47192383;59.72620010
SE;SUDESTE;2000-11-28;31257.26953125;140.35800171;30989.67968750;139.15640259
N;NORTE;2000-11-29;3279.14794922;138.70120239;3279.14794922;138.70120239
NE;NORDESTE;2000-11-29;8842.99316406;179.33489990;8736.24316406;177.17010498
S;SUL;2000-11-29;3341.65307617;58.04439926;3341.65307617;58.04439926
SE;SUDESTE;2000-11-29;31363.06835938;140.83309937;30901.07812500;138.75860596
N;NORTE;2000-11-30;3247.82006836;137.37609863;3247.82006836;137.37609863
NE;NORDESTE;2000-11-30;8517.56542969;172.73530579;8414.12597656;170.63760376
S;SUL;2000-11-30;3301.89208984;57.35380173;3301.89208984;57.35380173
SE;SUDESTE;2000-11-30;31786.16992188;142.73300171;31352.94726563;140.78770447
N;NORTE;2000-12-01;3225.96997070;69.18360138;3223.06689453;69.12139893
NE;NORDESTE;2000-12-01;9003.44042969;98.53289795;8901.26660156;97.41470337
S;SUL;2000-12-01;3262.26489258;70.41809845;3262.26489258;70.41809845
SE;SUDESTE;2000-12-01;31954.28710938;97.00469971;31386.94140625;95.28240204
N;NORTE;2000-12-02;3237.65307617;69.43419647;3233.98510742;69.35549927
NE;NORDESTE;2000-12-02;9394.07617188;102.80799866;9285.66992188;101.62159729
S;SUL;2000-12-02;3362.37109375;72.57900238;3362.37109375;72.57900238
SE;SUDESTE;2000-12-02;32827.88671875;99.65670013;32277.23828125;97.98509979
N;NORTE;2000-12-03;3248.92504883;69.67590332;3245.25610352;69.59719849
NE;NORDESTE;2000-12-03;9271.36035156;101.46499634;9178.14843750;100.44490051
S;SUL;2000-12-03;3362.76098633;72.58740234;3362.76098633;72.58740234
SE;SUDESTE;2000-12-03;33494.27734375;101.67970276;32886.22265625;99.83380127
N;NORTE;2000-12-04;3297.58398438;70.71939850;3293.76196289;70.63749695
NE;NORDESTE;2000-12-04;8934.84375000;97.78220367;8843.58007813;96.78340149
S;SUL;2000-12-04;3301.66796875;71.26869965;3301.66796875;71.26869965
SE;SUDESTE;2000-12-04;33261.43359375;100.97290039;32716.59570313;99.31890106
N;NORTE;2000-12-05;3373.86108398;72.35530090;3370.19311523;72.27660370
NE;NORDESTE;2000-12-05;8703.70898438;95.25270081;8599.10058594;94.10780334
S;SUL;2000-12-05;3280.79907227;70.81819916;3280.79907227;70.81819916
SE;SUDESTE;2000-12-05;32887.24609375;99.83689880;32270.64843750;97.96510315
N;NORTE;2000-12-06;3438.49511719;73.74140167;3434.82690430;73.66269684
NE;NORDESTE;2000-12-06;8322.13378906;91.07669830;8219.28027344;89.95110321
S;SUL;2000-12-06;3195.01489258;68.96649933;3195.01489258;68.96649933
SE;SUDESTE;2000-12-06;33183.45703125;100.73619843;32616.86718750;99.01609802
N;NORTE;2000-12-07;3484.97412109;74.73819733;3481.30688477;74.65950012
NE;NORDESTE;2000-12-07;7851.02685547;85.92099762;7740.96484375;84.71649933
S;SUL;2000-12-07;3038.44702148;65.58689880;3038.44702148;65.58689880
SE;SUDESTE;2000-12-07;33480.88281250;101.63909912;32816.64062500;99.62259674
N;NORTE;2000-12-08;3557.49609375;76.29350281;3554.74291992;76.23439789
NE;NORDESTE;2000-12-08;7488.63183594;81.95500183;7385.29101563;80.82399750
S;SUL;2000-12-08;2885.33496094;62.28179932;2885.33496094;62.28179932
SE;SUDESTE;2000-12-08;32951.25390625;100.03119659;32376.32226563;98.28589630
N;NORTE;2000-12-09;3672.83203125;78.76699829;3672.83203125;78.76699829
NE;NORDESTE;2000-12-09;7240.91503906;79.24400330;7141.56689453;78.15670013
S;SUL;2000-12-09;2743.19506836;59.21369934;2737.91406250;59.09970093
SE;SUDESTE;2000-12-09;31792.62500000;96.51399994;31281.79296875;94.96320343
N;NORTE;2000-12-10;3866.62402344;82.92299652;3866.62402344;82.92299652
NE;NORDESTE;2000-12-10;7269.79785156;79.56009674;7172.88476563;78.49949646
S;SUL;2000-12-10;2571.53198242;55.50820160;2520.93188477;54.41600037
SE;SUDESTE;2000-12-10;30986.34765625;94.06629944;30649.66015625;93.04419708
N;NORTE;2000-12-11;4057.01806641;87.00610352;4057.01806641;87.00610352
NE;NORDESTE;2000-12-11;7470.79492188;81.75980377;7377.58300781;80.73970032
S;SUL;2000-12-11;2425.68603516;52.36000061;2425.68603516;52.36000061
SE;SUDESTE;2000-12-11;29911.65039063;90.80380249;29612.33203125;89.89520264
N;NORTE;2000-12-12;4206.02392578;90.20169830;4206.02392578;90.20169830
NE;NORDESTE;2000-12-12;7581.13623047;82.96730042;7475.16503906;81.80760193
S;SUL;2000-12-12;2326.00903320;50.20840073;2326.00903320;50.20840073
SE;SUDESTE;2000-12-12;29414.20117188;89.29370117;29131.12109375;88.43430328
N;NORTE;2000-12-13;4348.23388672;93.25150299;4348.23388672;93.25150299
NE;NORDESTE;2000-12-13;7838.46582031;85.78350067;7735.90380859;84.66110229
S;SUL;2000-12-13;2289.74609375;49.42570114;2289.74609375;49.42570114
SE;SUDESTE;2000-12-13;28910.35156250;87.76409912;28704.90820313;87.14050293
N;NORTE;2000-12-14;4508.90576172;96.69730377;4493.72607422;96.37169647
NE;NORDESTE;2000-12-14;8432.93847656;92.28939819;8332.51855469;91.19039917
S;SUL;2000-12-14;2467.02587891;53.25239944;2467.02587891;53.25239944
SE;SUDESTE;2000-12-14;29623.03320313;89.92769623;29444.41015625;89.38539886
N;NORTE;2000-12-15;4762.87011719;102.14369965;4759.20214844;102.06510162
NE;NORDESTE;2000-12-15;9228.57128906;100.99669647;9128.34570313;99.89990234
S;SUL;2000-12-15;2915.14404297;62.92530060;2915.14404297;62.92530060
SE;SUDESTE;2000-12-15;30907.71484375;93.82759857;30724.72460938;93.27210236
N;NORTE;2000-12-16;5153.06396484;110.51180267;5149.39599609;110.43309784
NE;NORDESTE;2000-12-16;10017.90917969;109.63520050;9917.58691406;108.53730011
S;SUL;2000-12-16;3360.22998047;72.53279877;3360.22998047;72.53279877
SE;SUDESTE;2000-12-16;32573.23437500;98.88369751;32401.77343750;98.36319733
N;NORTE;2000-12-17;5624.94580078;120.63169861;5621.27587891;120.55300140
NE;NORDESTE;2000-12-17;10783.05078125;118.00879669;10691.98242188;117.01219940
S;SUL;2000-12-17;3478.66503906;75.08930206;3478.66503906;75.08930206
SE;SUDESTE;2000-12-17;34983.42578125;106.20040131;34903.85937500;105.95880127
N;NORTE;2000-12-18;6223.05322266;133.45860291;6214.33398438;133.27160645
NE;NORDESTE;2000-12-18;11595.97558594;126.90540314;11501.79003906;125.87460327
S;SUL;2000-12-18;3286.04492188;70.93139648;3286.04492188;70.93139648
SE;SUDESTE;2000-12-18;40644.38671875;123.38549805;40188.25390625;122.00090027
N;NORTE;2000-12-19;6793.80419922;145.69880676;6779.12500000;145.38400269
NE;NORDESTE;2000-12-19;12184.26074219;133.34350586;12091.82812500;132.33200073
S;SUL;2000-12-19;2955.62304688;63.79909897;2955.62304688;63.79909897
SE;SUDESTE;2000-12-19;43321.14453125;131.51150513;42319.00781250;128.46929932
N;NORTE;2000-12-20;7434.74902344;159.44439697;7420.07812500;159.12980652
NE;NORDESTE;2000-12-20;12108.10351563;132.51010132;12020.83300781;131.55499268
S;SUL;2000-12-20;2649.49511719;57.19110107;2649.49511719;57.19110107
SE;SUDESTE;2000-12-20;43332.03125000;131.54449463;42547.08203125;129.16160583
N;NORTE;2000-12-21;8139.34912109;174.55520630;8124.68798828;174.24070740
NE;NORDESTE;2000-12-21;11924.81640625;130.50419617;11820.59765625;129.36360168
S;SUL;2000-12-21;2495.40991211;53.86510086;2495.40991211;53.86510086
SE;SUDESTE;2000-12-21;42911.75000000;130.26870728;42167.14062500;128.00819397
N;NORTE;2000-12-22;8877.19140625;190.37879944;8874.13769531;190.31329346
NE;NORDESTE;2000-12-22;12076.35742188;132.16270447;11980.02832031;131.10839844
S;SUL;2000-12-22;2557.00488281;55.19459915;2557.00488281;55.19459915
SE;SUDESTE;2000-12-22;41722.94140625;126.65979767;41288.77343750;125.34169769
N;NORTE;2000-12-23;9640.88867188;206.75689697;9640.88867188;206.75689697
NE;NORDESTE;2000-12-23;12272.29687500;134.30700684;12186.58496094;133.36900330
S;SUL;2000-12-23;2748.56909180;59.32970047;2748.56909180;59.32970047
SE;SUDESTE;2000-12-23;40321.03906250;122.40399933;40086.71484375;121.69259644
N;NORTE;2000-12-24;10359.45117188;222.16709900;10359.45117188;222.16709900
NE;NORDESTE;2000-12-24;12629.90332031;138.22059631;12537.86035156;137.21330261
S;SUL;2000-12-24;3076.17895508;66.40129852;3076.17895508;66.40129852
SE;SUDESTE;2000-12-24;39184.01171875;118.95220184;38995.24609375;118.37920380
N;NORTE;2000-12-25;10972.26464844;235.30940247;10972.26464844;235.30940247
NE;NORDESTE;2000-12-25;12970.04101563;141.94309998;12898.54980469;141.16070557
S;SUL;2000-12-25;3529.59399414;76.18859863;3529.59399414;76.18859863
SE;SUDESTE;2000-12-25;38650.48828125;117.33260345;38514.17187500;116.91880035
N;NORTE;2000-12-26;11446.57226563;245.48129272;11446.57226563;245.48129272
NE;NORDESTE;2000-12-26;12875.08105469;140.90379333;12803.97851563;140.12570190
S;SUL;2000-12-26;3877.90893555;83.70719910;3877.90893555;83.70719910
SE;SUDESTE;2000-12-26;37944.29296875;115.18879700;37834.08203125;114.85420227
N;NORTE;2000-12-27;11765.26660156;252.31599426;11758.40429688;252.16879272
NE;NORDESTE;2000-12-27;12712.87402344;139.12860107;12634.75878906;138.27380371
S;SUL;2000-12-27;4137.89306641;89.31909943;4137.89306641;89.31909943
SE;SUDESTE;2000-12-27;37696.16796875;114.43550110;37611.65234375;114.17900085
N;NORTE;2000-12-28;11864.41113281;254.44219971;11666.48632813;250.19760132
NE;NORDESTE;2000-12-28;12641.26660156;138.34500122;12553.50976563;137.38459778
S;SUL;2000-12-28;4585.86376953;98.98889923;4585.86376953;98.98889923
SE;SUDESTE;2000-12-28;37684.14453125;114.39900208;37567.80859375;114.04589844
N;NORTE;2000-12-29;11676.85839844;250.41999817;11166.48437500;239.47459412
NE;NORDESTE;2000-12-29;12974.95214844;141.99679565;12880.47363281;140.96279907
S;SUL;2000-12-29;5332.89697266;115.11409760;5332.89697266;115.11409760
SE;SUDESTE;2000-12-29;37882.02343750;114.99980164;37533.93359375;113.94300079
N;NORTE;2000-12-30;11277.42285156;241.85380554;10510.90820313;225.41520691
NE;NORDESTE;2000-12-30;13391.03808594;146.55039978;13290.61816406;145.45140076
S;SUL;2000-12-30;6312.61083984;136.26190186;6312.61083984;136.26190186
SE;SUDESTE;2000-12-30;38027.71093750;115.44200134;37464.96875000;113.73370361
N;NORTE;2000-12-31;10767.16308594;230.91079712;9840.72070313;211.04249573
NE;NORDESTE;2000-12-31;13460.40234375;147.30949402;13370.20996094;146.32249451
S;SUL;2000-12-31;7389.13281250;159.49929810;7389.13281250;159.49929810
SE;SUDESTE;2000-12-31;38581.11328125;117.12200165;38018.82031250;115.41500092
