id_subsistema;nom_subsistema;ena_data;ena_bruta_regiao_mwmed;ena_bruta_regiao_percentualmlt;ena_armazenavel_regiao_mwmed;ena_armazenavel_regiao_percentualmlt
N;NORTE;2004-01-01;3901.00000000;47.61999893;3901.00000000;47.61999893
NE;NORDESTE;2004-01-01;4654.00000000;34.06000137;4626.00000000;33.84999847
S;SUL;2004-01-01;16816.00000000;306.14999390;14671.00000000;267.10000610
SE;SUDESTE;2004-01-01;24436.00000000;48.79000092;24146.00000000;48.22000122
N;NORTE;2004-01-02;4019.00000000;49.06000137;4019.00000000;49.06000137
NE;NORDESTE;2004-01-02;4647.00000000;34.00999832;4634.00000000;33.90999985
S;SUL;2004-01-02;15451.00000000;281.29998779;14737.00000000;268.29998779
SE;SUDESTE;2004-01-02;25969.00000000;51.86000061;25549.00000000;51.02000046
N;NORTE;2004-01-03;4094.00000000;49.97999954;4094.00000000;49.97999954
NE;NORDESTE;2004-01-03;4656.00000000;34.06999969;4656.00000000;34.06999969
S;SUL;2004-01-03;13361.00000000;243.25000000;13265.00000000;241.50000000
SE;SUDESTE;2004-01-03;28963.00000000;57.83000183;28142.00000000;56.18999863
N;NORTE;2004-01-04;4121.00000000;50.31000137;4121.00000000;50.31000137
NE;NORDESTE;2004-01-04;4643.00000000;33.97999954;4643.00000000;33.97999954
S;SUL;2004-01-04;11740.00000000;213.74000549;11721.00000000;213.38999939
SE;SUDESTE;2004-01-04;31073.00000000;62.04999924;30086.00000000;60.08000183
N;NORTE;2004-01-05;4119.00000000;50.27999878;4119.00000000;50.27999878
NE;NORDESTE;2004-01-05;4619.00000000;33.79999924;4619.00000000;33.79999924
S;SUL;2004-01-05;9971.00000000;181.52999878;9955.00000000;181.24000549
SE;SUDESTE;2004-01-05;31981.00000000;63.86000061;31233.00000000;62.36999893
N;NORTE;2004-01-06;4037.00000000;49.27999878;4037.00000000;49.27999878
NE;NORDESTE;2004-01-06;4645.00000000;33.99000168;4645.00000000;33.99000168
S;SUL;2004-01-06;9527.00000000;173.44999695;9495.00000000;172.86999512
SE;SUDESTE;2004-01-06;32384.00000000;64.66000366;31655.00000000;63.20999908
N;NORTE;2004-01-07;4097.00000000;50.00999832;4097.00000000;50.00999832
NE;NORDESTE;2004-01-07;4706.00000000;34.43999863;4706.00000000;34.43999863
S;SUL;2004-01-07;9307.00000000;169.44000244;9198.00000000;167.46000671
SE;SUDESTE;2004-01-07;33177.00000000;66.25000000;32538.00000000;64.97000122
N;NORTE;2004-01-08;4041.00000000;49.33000183;4041.00000000;49.33000183
NE;NORDESTE;2004-01-08;4809.00000000;35.18999863;4809.00000000;35.18999863
S;SUL;2004-01-08;8993.00000000;163.72999573;8824.00000000;160.64999390
SE;SUDESTE;2004-01-08;34372.00000000;68.62999725;33830.00000000;67.55000305
N;NORTE;2004-01-09;4168.00000000;50.88000107;4168.00000000;50.88000107
NE;NORDESTE;2004-01-09;5513.00000000;40.34999847;5513.00000000;40.34999847
S;SUL;2004-01-09;8664.00000000;157.74000549;7991.00000000;145.47999573
SE;SUDESTE;2004-01-09;37850.00000000;75.58000183;37073.00000000;74.02999878
N;NORTE;2004-01-10;4361.00000000;53.24000168;4361.00000000;53.24000168
NE;NORDESTE;2004-01-10;6028.00000000;44.11000061;6028.00000000;44.11000061
S;SUL;2004-01-10;7943.00000000;144.61000061;7268.00000000;132.32000732
SE;SUDESTE;2004-01-10;42255.00000000;84.37999725;40398.00000000;80.66999817
N;NORTE;2004-01-11;4590.00000000;56.02999878;4590.00000000;56.02999878
NE;NORDESTE;2004-01-11;6456.00000000;47.25000000;6456.00000000;47.25000000
S;SUL;2004-01-11;7133.00000000;129.86000061;6893.00000000;125.48999786
SE;SUDESTE;2004-01-11;44204.00000000;88.26999664;42161.00000000;84.19000244
N;NORTE;2004-01-12;4642.00000000;56.66999817;4642.00000000;56.66999817
NE;NORDESTE;2004-01-12;6860.00000000;50.20000076;6860.00000000;50.20000076
S;SUL;2004-01-12;6450.00000000;117.43000031;6314.00000000;114.94999695
SE;SUDESTE;2004-01-12;45634.00000000;91.12000275;44092.00000000;88.04000092
N;NORTE;2004-01-13;4832.00000000;58.99000168;4832.00000000;58.99000168
NE;NORDESTE;2004-01-13;8656.00000000;63.34999847;8656.00000000;63.34999847
S;SUL;2004-01-13;5833.00000000;106.19999695;5817.00000000;105.90000153
SE;SUDESTE;2004-01-13;47058.00000000;93.97000122;45158.00000000;90.16999817
N;NORTE;2004-01-14;4856.00000000;59.27999878;4856.00000000;59.27999878
NE;NORDESTE;2004-01-14;9411.00000000;68.87000275;9411.00000000;68.87000275
S;SUL;2004-01-14;5366.00000000;97.69000244;5350.00000000;97.40000153
SE;SUDESTE;2004-01-14;47500.00000000;94.84999847;45784.00000000;91.41999817
N;NORTE;2004-01-15;5372.00000000;65.58000183;5372.00000000;65.58000183
NE;NORDESTE;2004-01-15;10565.00000000;77.31999969;10565.00000000;77.31999969
S;SUL;2004-01-15;5193.00000000;94.54000092;5185.00000000;94.40000153
SE;SUDESTE;2004-01-15;47360.00000000;94.56999969;45179.00000000;90.20999908
N;NORTE;2004-01-16;5638.00000000;68.83000183;5638.00000000;68.83000183
NE;NORDESTE;2004-01-16;11191.00000000;81.90000153;10976.00000000;80.33000183
S;SUL;2004-01-16;5089.00000000;92.65000153;5078.00000000;92.44999695
SE;SUDESTE;2004-01-16;46543.00000000;92.94000244;44175.00000000;88.20999908
N;NORTE;2004-01-17;6130.00000000;74.83000183;6130.00000000;74.83000183
NE;NORDESTE;2004-01-17;12197.00000000;89.26000214;11705.00000000;85.66000366
S;SUL;2004-01-17;4909.00000000;89.37000275;4903.00000000;89.26000214
SE;SUDESTE;2004-01-17;44521.00000000;88.90000153;42644.00000000;85.15000153
N;NORTE;2004-01-18;6699.00000000;81.77999878;6699.00000000;81.77999878
NE;NORDESTE;2004-01-18;13581.00000000;99.38999939;12655.00000000;92.61000061
S;SUL;2004-01-18;4502.00000000;81.95999908;4499.00000000;81.91000366
SE;SUDESTE;2004-01-18;42549.00000000;84.95999908;41298.00000000;82.45999908
N;NORTE;2004-01-19;7264.00000000;88.68000031;7264.00000000;88.68000031
NE;NORDESTE;2004-01-19;12546.00000000;91.81999969;11076.00000000;81.05999756
S;SUL;2004-01-19;4135.00000000;75.27999878;4132.00000000;75.23000336
SE;SUDESTE;2004-01-19;40683.00000000;81.23999786;39880.00000000;79.62999725
N;NORTE;2004-01-20;7304.00000000;89.16000366;7304.00000000;89.16000366
NE;NORDESTE;2004-01-20;13016.00000000;95.26000214;12213.00000000;89.37999725
S;SUL;2004-01-20;3846.00000000;70.01999664;3840.00000000;69.91000366
SE;SUDESTE;2004-01-20;38714.00000000;77.30000305;38193.00000000;76.26000214
N;NORTE;2004-01-21;8042.00000000;98.16999817;8042.00000000;98.16999817
NE;NORDESTE;2004-01-21;14266.00000000;104.40000153;13941.00000000;102.01999664
S;SUL;2004-01-21;3713.00000000;67.59999847;3713.00000000;67.59999847
SE;SUDESTE;2004-01-21;37121.00000000;74.12000275;36589.00000000;73.05999756
N;NORTE;2004-01-22;8697.00000000;106.16999817;8697.00000000;106.16999817
NE;NORDESTE;2004-01-22;16844.00000000;123.26999664;16825.00000000;123.12999725
S;SUL;2004-01-22;3627.00000000;66.02999878;3622.00000000;65.94000244
SE;SUDESTE;2004-01-22;36874.00000000;73.62999725;35798.00000000;71.48000336
N;NORTE;2004-01-23;9125.00000000;111.38999939;9125.00000000;111.38999939
NE;NORDESTE;2004-01-23;20055.00000000;146.77000427;20055.00000000;146.77000427
S;SUL;2004-01-23;3561.00000000;64.83000183;3561.00000000;64.83000183
SE;SUDESTE;2004-01-23;38314.00000000;76.51000214;36739.00000000;73.36000061
N;NORTE;2004-01-24;9532.00000000;116.36000061;9532.00000000;116.36000061
NE;NORDESTE;2004-01-24;22473.00000000;164.46000671;22473.00000000;164.46000671
S;SUL;2004-01-24;3685.00000000;67.08999634;3675.00000000;66.91000366
SE;SUDESTE;2004-01-24;38502.00000000;76.87999725;37438.00000000;74.76000214
N;NORTE;2004-01-25;10129.00000000;123.65000153;10129.00000000;123.65000153
NE;NORDESTE;2004-01-25;24450.00000000;178.92999268;24450.00000000;178.92999268
S;SUL;2004-01-25;4170.00000000;75.91999817;4170.00000000;75.91999817
SE;SUDESTE;2004-01-25;40846.00000000;81.55999756;40146.00000000;80.16000366
N;NORTE;2004-01-26;10101.00000000;123.30999756;10101.00000000;123.30999756
NE;NORDESTE;2004-01-26;24455.00000000;178.97000122;24455.00000000;178.97000122
S;SUL;2004-01-26;4782.00000000;87.05999756;4782.00000000;87.05999756
SE;SUDESTE;2004-01-26;48727.00000000;97.30000305;47257.00000000;94.36000061
N;NORTE;2004-01-27;10133.00000000;123.69999695;10133.00000000;123.69999695
NE;NORDESTE;2004-01-27;24852.00000000;181.86999512;24852.00000000;181.86999512
S;SUL;2004-01-27;4811.00000000;87.58999634;4811.00000000;87.58999634
SE;SUDESTE;2004-01-27;54815.00000000;109.45999908;53574.00000000;106.98000336
N;NORTE;2004-01-28;10835.00000000;132.27000427;10835.00000000;132.27000427
NE;NORDESTE;2004-01-28;25398.00000000;185.86999512;23382.00000000;171.11999512
S;SUL;2004-01-28;4118.00000000;74.97000122;4118.00000000;74.97000122
SE;SUDESTE;2004-01-28;58443.00000000;116.69999695;57229.00000000;114.27999878
N;NORTE;2004-01-29;11565.00000000;141.17999268;11565.00000000;141.17999268
NE;NORDESTE;2004-01-29;28258.00000000;206.80000305;22806.00000000;166.89999390
S;SUL;2004-01-29;3975.00000000;72.37000275;3975.00000000;72.37000275
SE;SUDESTE;2004-01-29;60016.00000000;119.83999634;58264.00000000;116.33999634
N;NORTE;2004-01-30;12134.00000000;148.13000488;12134.00000000;148.13000488
NE;NORDESTE;2004-01-30;31616.00000000;231.38000488;23251.00000000;170.16000366
S;SUL;2004-01-30;4372.00000000;79.59999847;4366.00000000;79.48999786
SE;SUDESTE;2004-01-30;59165.00000000;118.13999939;57073.00000000;113.95999908
N;NORTE;2004-01-31;12503.00000000;152.63000488;12503.00000000;152.63000488
NE;NORDESTE;2004-01-31;33141.00000000;242.53999329;21198.00000000;155.13000488
S;SUL;2004-01-31;4565.00000000;83.11000061;4565.00000000;83.11000061
SE;SUDESTE;2004-01-31;57944.00000000;115.69999695;55993.00000000;111.80999756
N;NORTE;2004-02-01;14350.00000000;128.55999756;13984.00000000;125.27999878
NE;NORDESTE;2004-02-01;32550.00000000;226.41999817;19353.00000000;134.61999512
S;SUL;2004-02-01;4815.00000000;79.75000000;4809.00000000;79.65000153
SE;SUDESTE;2004-02-01;55974.00000000;107.23000336;53814.00000000;103.08999634
N;NORTE;2004-02-02;15429.00000000;138.22999573;14150.00000000;126.76999664
NE;NORDESTE;2004-02-02;30183.00000000;209.96000671;17544.00000000;122.04000092
S;SUL;2004-02-02;4782.00000000;79.20999908;4782.00000000;79.20999908
SE;SUDESTE;2004-02-02;54745.00000000;104.87999725;52605.00000000;100.77999878
N;NORTE;2004-02-03;15840.00000000;141.91000366;13117.00000000;117.51000214
NE;NORDESTE;2004-02-03;28523.00000000;198.41000366;16849.00000000;117.19999695
S;SUL;2004-02-03;4768.00000000;78.97000122;4768.00000000;78.97000122
SE;SUDESTE;2004-02-03;54466.00000000;104.33999634;52198.00000000;100.00000000
N;NORTE;2004-02-04;16327.00000000;146.27000427;11940.00000000;106.97000122
NE;NORDESTE;2004-02-04;26029.00000000;181.05999756;15638.00000000;108.77999878
S;SUL;2004-02-04;4524.00000000;74.93000031;4519.00000000;74.84999847
SE;SUDESTE;2004-02-04;54462.00000000;104.33000183;52084.00000000;99.77999878
N;NORTE;2004-02-05;17034.00000000;152.61000061;10980.00000000;98.37000275
NE;NORDESTE;2004-02-05;25774.00000000;179.28999329;17816.00000000;123.93000031
S;SUL;2004-02-05;4408.00000000;73.01000214;4408.00000000;73.01000214
SE;SUDESTE;2004-02-05;54413.00000000;104.23999786;52173.00000000;99.94999695
N;NORTE;2004-02-06;17573.00000000;157.42999268;9864.00000000;88.37000275
NE;NORDESTE;2004-02-06;25594.00000000;178.03999329;17878.00000000;124.36000061
S;SUL;2004-02-06;4527.00000000;74.98000336;4527.00000000;74.98000336
SE;SUDESTE;2004-02-06;53981.00000000;103.41000366;51588.00000000;98.83000183
N;NORTE;2004-02-07;18132.00000000;162.44000244;9107.00000000;81.58999634
NE;NORDESTE;2004-02-07;25222.00000000;175.44999695;17541.00000000;122.01999664
S;SUL;2004-02-07;4421.00000000;73.23000336;4421.00000000;73.23000336
SE;SUDESTE;2004-02-07;53490.00000000;102.47000122;51183.00000000;98.05000305
N;NORTE;2004-02-08;18177.00000000;162.85000610;8105.00000000;72.61000061
NE;NORDESTE;2004-02-08;23800.00000000;165.55999756;15746.00000000;109.52999878
S;SUL;2004-02-08;4111.00000000;68.08999634;4111.00000000;68.08999634
SE;SUDESTE;2004-02-08;54917.00000000;105.20999908;52550.00000000;100.66999817
N;NORTE;2004-02-09;18071.00000000;161.89999390;6533.00000000;58.52999878
NE;NORDESTE;2004-02-09;21998.00000000;153.02000427;15032.00000000;104.55999756
S;SUL;2004-02-09;3774.00000000;62.50999832;3774.00000000;62.50999832
SE;SUDESTE;2004-02-09;55675.00000000;106.66000366;53341.00000000;102.19000244
N;NORTE;2004-02-10;18393.00000000;164.77999878;6289.00000000;56.34000015
NE;NORDESTE;2004-02-10;20387.00000000;141.80999756;15546.00000000;108.13999939
S;SUL;2004-02-10;3665.00000000;60.70999908;3665.00000000;60.70999908
SE;SUDESTE;2004-02-10;58774.00000000;112.58999634;55556.00000000;106.43000031
N;NORTE;2004-02-11;18471.00000000;165.47999573;6366.00000000;57.02999878
NE;NORDESTE;2004-02-11;18984.00000000;132.05999756;15087.00000000;104.94999695
S;SUL;2004-02-11;3472.00000000;57.50999832;3472.00000000;57.50999832
SE;SUDESTE;2004-02-11;60926.00000000;116.72000122;56943.00000000;109.08999634
N;NORTE;2004-02-12;18646.00000000;167.05000305;6542.00000000;58.61000061
NE;NORDESTE;2004-02-12;18041.00000000;125.50000000;15106.00000000;105.08000183
S;SUL;2004-02-12;3185.00000000;52.75000000;3185.00000000;52.75000000
SE;SUDESTE;2004-02-12;60501.00000000;115.90000153;55693.00000000;106.69000244
N;NORTE;2004-02-13;18745.00000000;167.92999268;6316.00000000;56.58000183
NE;NORDESTE;2004-02-13;17404.00000000;121.05999756;15353.00000000;106.80000305
S;SUL;2004-02-13;3137.00000000;51.95999908;3137.00000000;51.95999908
SE;SUDESTE;2004-02-13;61337.00000000;117.50000000;55719.00000000;106.73999786
N;NORTE;2004-02-14;19206.00000000;172.05999756;6511.00000000;58.33000183
NE;NORDESTE;2004-02-14;16611.00000000;115.55000305;15135.00000000;105.27999878
S;SUL;2004-02-14;3240.00000000;53.66999817;3240.00000000;53.66999817
SE;SUDESTE;2004-02-14;59675.00000000;114.31999969;55139.00000000;105.62999725
N;NORTE;2004-02-15;19633.00000000;175.88999939;6734.00000000;60.33000183
NE;NORDESTE;2004-02-15;15891.00000000;110.54000092;14476.00000000;100.69999695
S;SUL;2004-02-15;3538.00000000;58.59999847;3535.00000000;58.54999924
SE;SUDESTE;2004-02-15;60257.00000000;115.44000244;56608.00000000;108.44000244
N;NORTE;2004-02-16;19949.00000000;178.72000122;6849.00000000;61.36000061
NE;NORDESTE;2004-02-16;14887.00000000;103.55999756;13988.00000000;97.30000305
S;SUL;2004-02-16;3587.00000000;59.40999985;3582.00000000;59.33000183
SE;SUDESTE;2004-02-16;62013.00000000;118.80000305;58731.00000000;112.51000214
N;NORTE;2004-02-17;19918.00000000;178.44000244;6531.00000000;58.50999832
NE;NORDESTE;2004-02-17;14529.00000000;101.06999969;13851.00000000;96.34999847
S;SUL;2004-02-17;3299.00000000;54.63999939;3299.00000000;54.63999939
SE;SUDESTE;2004-02-17;60742.00000000;116.36000061;58068.00000000;111.23999786
N;NORTE;2004-02-18;20035.00000000;179.49000549;6917.00000000;61.97000122
NE;NORDESTE;2004-02-18;14142.00000000;98.37000275;13474.00000000;93.73000336
S;SUL;2004-02-18;2929.00000000;48.50999832;2929.00000000;48.50999832
SE;SUDESTE;2004-02-18;59967.00000000;114.87999725;57434.00000000;110.02999878
N;NORTE;2004-02-19;20202.00000000;180.99000549;7265.00000000;65.08999634
NE;NORDESTE;2004-02-19;14404.00000000;100.19999695;13918.00000000;96.81999969
S;SUL;2004-02-19;2717.00000000;45.00000000;2717.00000000;45.00000000
SE;SUDESTE;2004-02-19;59741.00000000;114.44999695;57400.00000000;109.95999908
N;NORTE;2004-02-20;19765.00000000;177.07000732;7161.00000000;64.15000153
NE;NORDESTE;2004-02-20;14163.00000000;98.51999664;13744.00000000;95.61000061
S;SUL;2004-02-20;2607.00000000;43.18000031;2607.00000000;43.18000031
SE;SUDESTE;2004-02-20;60999.00000000;116.86000061;57954.00000000;111.01999664
N;NORTE;2004-02-21;20099.00000000;180.07000732;7927.00000000;71.01999664
NE;NORDESTE;2004-02-21;14470.00000000;100.66000366;13942.00000000;96.98000336
S;SUL;2004-02-21;2507.00000000;41.52000046;2507.00000000;41.52000046
SE;SUDESTE;2004-02-21;62280.00000000;119.30999756;58769.00000000;112.58000183
N;NORTE;2004-02-22;20519.00000000;183.83000183;8481.00000000;75.98000336
NE;NORDESTE;2004-02-22;14692.00000000;102.19999695;14354.00000000;99.84999847
S;SUL;2004-02-22;2395.00000000;39.66999817;2395.00000000;39.66999817
SE;SUDESTE;2004-02-22;65750.00000000;125.95999908;61499.00000000;117.80999756
N;NORTE;2004-02-23;21192.00000000;189.86000061;8708.00000000;78.01000214
NE;NORDESTE;2004-02-23;15387.00000000;107.02999878;14938.00000000;103.91000366
S;SUL;2004-02-23;2338.00000000;38.72999954;2338.00000000;38.72999954
SE;SUDESTE;2004-02-23;70612.00000000;135.27000427;66778.00000000;127.93000031
N;NORTE;2004-02-24;20852.00000000;186.80999756;8144.00000000;72.95999908
NE;NORDESTE;2004-02-24;15538.00000000;108.08000183;15119.00000000;105.16999817
S;SUL;2004-02-24;2304.00000000;38.15999985;2304.00000000;38.15999985
SE;SUDESTE;2004-02-24;73741.00000000;141.27000427;69526.00000000;133.19000244
N;NORTE;2004-02-25;20638.00000000;184.88999939;7931.00000000;71.05000305
NE;NORDESTE;2004-02-25;15826.00000000;110.08999634;15450.00000000;107.47000122
S;SUL;2004-02-25;2227.00000000;36.88999939;2227.00000000;36.88999939
SE;SUDESTE;2004-02-25;77896.00000000;149.22999573;72294.00000000;138.49000549
N;NORTE;2004-02-26;20523.00000000;183.86000061;7401.00000000;66.30000305
NE;NORDESTE;2004-02-26;15787.00000000;109.81999969;15548.00000000;108.15000153
S;SUL;2004-02-26;2189.00000000;36.25999832;2189.00000000;36.25999832
SE;SUDESTE;2004-02-26;81319.00000000;155.77999878;75020.00000000;143.72000122
N;NORTE;2004-02-27;20695.00000000;185.39999390;7341.00000000;65.76999664
NE;NORDESTE;2004-02-27;16842.00000000;117.16000366;16607.00000000;115.51999664
S;SUL;2004-02-27;2150.00000000;35.61000061;2150.00000000;35.61000061
SE;SUDESTE;2004-02-27;81927.00000000;156.94999695;75905.00000000;145.41000366
N;NORTE;2004-02-28;20810.00000000;186.42999268;7215.00000000;64.63999939
NE;NORDESTE;2004-02-28;17538.00000000;122.00000000;17301.00000000;120.34999847
S;SUL;2004-02-28;2062.00000000;34.15000153;2062.00000000;34.15000153
SE;SUDESTE;2004-02-28;80158.00000000;153.55999756;74294.00000000;142.33000183
N;NORTE;2004-02-29;21175.00000000;189.69999695;7265.00000000;65.08999634
NE;NORDESTE;2004-02-29;17813.00000000;123.91000366;17607.00000000;122.48000336
S;SUL;2004-02-29;1990.00000000;32.95999908;1990.00000000;32.95999908
SE;SUDESTE;2004-02-29;78520.00000000;150.41999817;72442.00000000;138.77999878
N;NORTE;2004-03-01;21202.00000000;162.00999451;7075.00000000;54.06000137
NE;NORDESTE;2004-03-01;18328.00000000;128.94999695;18134.00000000;127.58999634
S;SUL;2004-03-01;1856.00000000;35.47999954;1856.00000000;35.47999954
SE;SUDESTE;2004-03-01;76327.00000000;156.53999329;71545.00000000;146.72999573
N;NORTE;2004-03-02;21681.00000000;165.66999817;6972.00000000;53.27000046
NE;NORDESTE;2004-03-02;18910.00000000;133.05000305;18597.00000000;130.83999634
S;SUL;2004-03-02;1923.00000000;36.75999832;1923.00000000;36.75999832
SE;SUDESTE;2004-03-02;74046.00000000;151.86000061;68996.00000000;141.50999451
N;NORTE;2004-03-03;22045.00000000;168.44999695;7552.00000000;57.70999908
NE;NORDESTE;2004-03-03;19342.00000000;136.08999634;18680.00000000;131.42999268
S;SUL;2004-03-03;1898.00000000;36.27999878;1898.00000000;36.27999878
SE;SUDESTE;2004-03-03;72541.00000000;148.77999878;67048.00000000;137.50999451
N;NORTE;2004-03-04;22202.00000000;169.64999390;7911.00000000;60.45000076
NE;NORDESTE;2004-03-04;19405.00000000;136.52999878;18929.00000000;133.17999268
S;SUL;2004-03-04;1786.00000000;34.13999939;1786.00000000;34.13999939
SE;SUDESTE;2004-03-04;73126.00000000;149.97999573;67311.00000000;138.05000305
N;NORTE;2004-03-05;22174.00000000;169.44000244;7500.00000000;57.31000137
NE;NORDESTE;2004-03-05;19984.00000000;140.60000610;19785.00000000;139.19999695
S;SUL;2004-03-05;1591.00000000;30.40999985;1591.00000000;30.40999985
SE;SUDESTE;2004-03-05;73887.00000000;151.53999329;66921.00000000;137.25000000
N;NORTE;2004-03-06;21907.00000000;167.39999390;6479.00000000;49.50999832
NE;NORDESTE;2004-03-06;19706.00000000;138.64999390;19468.00000000;136.97000122
S;SUL;2004-03-06;1515.00000000;28.95999908;1515.00000000;28.95999908
SE;SUDESTE;2004-03-06;72520.00000000;148.72999573;64722.00000000;132.74000549
N;NORTE;2004-03-07;21764.00000000;166.30000305;5141.00000000;39.27999878
NE;NORDESTE;2004-03-07;20003.00000000;140.74000549;19784.00000000;139.19999695
S;SUL;2004-03-07;1494.00000000;28.55999947;1494.00000000;28.55999947
SE;SUDESTE;2004-03-07;70360.00000000;144.30000305;60968.00000000;125.04000092
N;NORTE;2004-03-08;22062.00000000;168.58000183;4982.00000000;38.06999969
NE;NORDESTE;2004-03-08;19383.00000000;136.36999512;19183.00000000;134.97000122
S;SUL;2004-03-08;1627.00000000;31.10000038;1627.00000000;31.10000038
SE;SUDESTE;2004-03-08;65511.00000000;134.36000061;57691.00000000;118.31999969
N;NORTE;2004-03-09;21988.00000000;168.02000427;5021.00000000;38.36999893
NE;NORDESTE;2004-03-09;19452.00000000;136.86000061;19342.00000000;136.08999634
S;SUL;2004-03-09;1690.00000000;32.31000137;1690.00000000;32.31000137
SE;SUDESTE;2004-03-09;61534.00000000;126.19999695;54075.00000000;110.90000153
N;NORTE;2004-03-10;21446.00000000;163.86999512;4703.00000000;35.93999863
NE;NORDESTE;2004-03-10;19437.00000000;136.75000000;19415.00000000;136.60000610
S;SUL;2004-03-10;1808.00000000;34.56000137;1808.00000000;34.56000137
SE;SUDESTE;2004-03-10;57539.00000000;118.01000214;51275.00000000;105.16000366
N;NORTE;2004-03-11;21228.00000000;162.21000671;4485.00000000;34.27000046
NE;NORDESTE;2004-03-11;19615.00000000;138.00999451;19505.00000000;137.22999573
S;SUL;2004-03-11;1884.00000000;36.00999832;1884.00000000;36.00999832
SE;SUDESTE;2004-03-11;54507.00000000;111.79000092;49168.00000000;100.83999634
N;NORTE;2004-03-12;20625.00000000;157.60000610;4041.00000000;30.87999916
NE;NORDESTE;2004-03-12;19953.00000000;140.38000488;19912.00000000;140.10000610
S;SUL;2004-03-12;2056.00000000;39.29999924;2056.00000000;39.29999924
SE;SUDESTE;2004-03-12;52306.00000000;107.27999878;49032.00000000;100.55999756
N;NORTE;2004-03-13;21088.00000000;161.13999939;4939.00000000;37.74000168
NE;NORDESTE;2004-03-13;19932.00000000;140.24000549;19932.00000000;140.24000549
S;SUL;2004-03-13;2376.00000000;45.41999817;2376.00000000;45.41999817
SE;SUDESTE;2004-03-13;51765.00000000;106.16999817;50357.00000000;103.27999878
N;NORTE;2004-03-14;19864.00000000;151.78999329;4273.00000000;32.65000153
NE;NORDESTE;2004-03-14;20036.00000000;140.97000122;20036.00000000;140.97000122
S;SUL;2004-03-14;2908.00000000;55.59000015;2908.00000000;55.59000015
SE;SUDESTE;2004-03-14;51808.00000000;106.25000000;50545.00000000;103.66000366
N;NORTE;2004-03-15;19271.00000000;147.25000000;4600.00000000;35.15000153
NE;NORDESTE;2004-03-15;20420.00000000;143.66999817;20420.00000000;143.66999817
S;SUL;2004-03-15;3248.00000000;62.09000015;3248.00000000;62.09000015
SE;SUDESTE;2004-03-15;53034.00000000;108.76999664;50607.00000000;103.79000092
N;NORTE;2004-03-16;19193.00000000;146.66000366;5961.00000000;45.54999924
NE;NORDESTE;2004-03-16;20782.00000000;146.22000122;20782.00000000;146.22000122
S;SUL;2004-03-16;3381.00000000;64.62999725;3381.00000000;64.62999725
SE;SUDESTE;2004-03-16;52868.00000000;108.43000031;49414.00000000;101.33999634
N;NORTE;2004-03-17;18996.00000000;145.14999390;6304.00000000;48.16999817
NE;NORDESTE;2004-03-17;20847.00000000;146.66999817;20847.00000000;146.66999817
S;SUL;2004-03-17;3193.00000000;61.04000092;3115.00000000;59.54999924
SE;SUDESTE;2004-03-17;52231.00000000;107.12000275;48720.00000000;99.91999817
N;NORTE;2004-03-18;18893.00000000;144.36999512;5822.00000000;44.49000168
NE;NORDESTE;2004-03-18;21106.00000000;148.50000000;21106.00000000;148.50000000
S;SUL;2004-03-18;2989.00000000;57.13999939;2989.00000000;57.13999939
SE;SUDESTE;2004-03-18;51425.00000000;105.47000122;47607.00000000;97.63999939
N;NORTE;2004-03-19;18617.00000000;142.25999451;5020.00000000;38.36000061
NE;NORDESTE;2004-03-19;21121.00000000;148.60000610;21121.00000000;148.60000610
S;SUL;2004-03-19;2938.00000000;56.15999985;2938.00000000;56.15999985
SE;SUDESTE;2004-03-19;51449.00000000;105.51999664;47277.00000000;96.95999908
N;NORTE;2004-03-20;18244.00000000;139.41000366;4075.00000000;31.13999939
NE;NORDESTE;2004-03-20;21714.00000000;152.77000427;21588.00000000;151.88999939
S;SUL;2004-03-20;3048.00000000;58.27000046;3048.00000000;58.27000046
SE;SUDESTE;2004-03-20;50350.00000000;103.26000214;46426.00000000;95.22000122
N;NORTE;2004-03-21;18131.00000000;138.53999329;4178.00000000;31.93000031
NE;NORDESTE;2004-03-21;21900.00000000;154.08000183;21577.00000000;151.80999756
S;SUL;2004-03-21;3196.00000000;61.09000015;3196.00000000;61.09000015
SE;SUDESTE;2004-03-21;50508.00000000;103.58999634;45201.00000000;92.69999695
N;NORTE;2004-03-22;18098.00000000;138.28999329;5089.00000000;38.88999939
NE;NORDESTE;2004-03-22;21476.00000000;151.10000610;20972.00000000;147.55000305
S;SUL;2004-03-22;3173.00000000;60.65000153;3173.00000000;60.65000153
SE;SUDESTE;2004-03-22;50981.00000000;104.55999756;45355.00000000;93.01999664
N;NORTE;2004-03-23;18256.00000000;139.50000000;5399.00000000;41.25000000
NE;NORDESTE;2004-03-23;21645.00000000;152.28999329;20828.00000000;146.53999329
S;SUL;2004-03-23;2884.00000000;55.13000107;2884.00000000;55.13000107
SE;SUDESTE;2004-03-23;50051.00000000;102.65000153;44568.00000000;91.41000366
N;NORTE;2004-03-24;19127.00000000;146.14999390;5971.00000000;45.63000107
NE;NORDESTE;2004-03-24;22081.00000000;155.36000061;20917.00000000;147.16999817
S;SUL;2004-03-24;2609.00000000;49.86999893;2609.00000000;49.86999893
SE;SUDESTE;2004-03-24;48605.00000000;99.69000244;42836.00000000;87.84999847
N;NORTE;2004-03-25;19459.00000000;148.69000244;5857.00000000;44.75000000
NE;NORDESTE;2004-03-25;21165.00000000;148.91000366;19053.00000000;134.05000305
S;SUL;2004-03-25;2422.00000000;46.29999924;2422.00000000;46.29999924
SE;SUDESTE;2004-03-25;47119.00000000;96.63999939;41237.00000000;84.56999969
N;NORTE;2004-03-26;19400.00000000;148.24000549;4907.00000000;37.50000000
NE;NORDESTE;2004-03-26;20486.00000000;144.13000488;18858.00000000;132.67999268
S;SUL;2004-03-26;2340.00000000;44.72999954;2340.00000000;44.72999954
SE;SUDESTE;2004-03-26;46019.00000000;94.37999725;41064.00000000;84.22000122
N;NORTE;2004-03-27;20204.00000000;154.38000488;4983.00000000;38.08000183
NE;NORDESTE;2004-03-27;19815.00000000;139.41000366;18886.00000000;132.88000488
S;SUL;2004-03-27;2228.00000000;42.59000015;2226.00000000;42.54999924
SE;SUDESTE;2004-03-27;44488.00000000;91.23999786;40529.00000000;83.12000275
N;NORTE;2004-03-28;20930.00000000;159.92999268;4983.00000000;38.08000183
NE;NORDESTE;2004-03-28;19327.00000000;135.97999573;18815.00000000;132.38000488
S;SUL;2004-03-28;2566.00000000;49.04999924;2566.00000000;49.04999924
SE;SUDESTE;2004-03-28;43344.00000000;88.90000153;39606.00000000;81.23000336
N;NORTE;2004-03-29;20601.00000000;157.41999817;4388.00000000;33.52999878
NE;NORDESTE;2004-03-29;19018.00000000;133.80999756;18760.00000000;131.99000549
S;SUL;2004-03-29;3020.00000000;57.72999954;3020.00000000;57.72999954
SE;SUDESTE;2004-03-29;42133.00000000;86.41000366;39184.00000000;80.36000061
N;NORTE;2004-03-30;20849.00000000;159.30999756;4637.00000000;35.43000031
NE;NORDESTE;2004-03-30;18878.00000000;132.82000732;18715.00000000;131.66999817
S;SUL;2004-03-30;2971.00000000;56.79000092;2926.00000000;55.93000031
SE;SUDESTE;2004-03-30;41638.00000000;85.40000153;38733.00000000;79.44000244
N;NORTE;2004-03-31;20987.00000000;160.36999512;5128.00000000;39.18000031
NE;NORDESTE;2004-03-31;18840.00000000;132.55000305;18749.00000000;131.91000366
S;SUL;2004-03-31;2486.00000000;47.52000046;2486.00000000;47.52000046
SE;SUDESTE;2004-03-31;40758.00000000;83.58999634;37971.00000000;77.87999725
N;NORTE;2004-04-01;21659.00000000;165.61000061;6526.00000000;49.90000153
NE;NORDESTE;2004-04-01;18660.00000000;160.82000732;18632.00000000;160.58000183
S;SUL;2004-04-01;2367.00000000;49.40000153;2367.00000000;49.40000153
SE;SUDESTE;2004-04-01;39851.00000000;108.15000153;37599.00000000;102.04000092
N;NORTE;2004-04-02;21443.00000000;163.96000671;6577.00000000;50.29000092
NE;NORDESTE;2004-04-02;18531.00000000;159.71000671;18515.00000000;159.57000732
S;SUL;2004-04-02;2305.00000000;48.11000061;2305.00000000;48.11000061
SE;SUDESTE;2004-04-02;39506.00000000;107.22000122;37643.00000000;102.16000366
N;NORTE;2004-04-03;21064.00000000;161.07000732;6191.00000000;47.34000015
NE;NORDESTE;2004-04-03;18187.00000000;156.74000549;18187.00000000;156.74000549
S;SUL;2004-04-03;2192.00000000;45.75000000;2192.00000000;45.75000000
SE;SUDESTE;2004-04-03;38793.00000000;105.27999878;37576.00000000;101.98000336
N;NORTE;2004-04-04;20177.00000000;154.27999878;4753.00000000;36.34000015
NE;NORDESTE;2004-04-04;17852.00000000;153.86000061;17819.00000000;153.57000732
S;SUL;2004-04-04;2174.00000000;45.36999893;2174.00000000;45.36999893
SE;SUDESTE;2004-04-04;38449.00000000;104.34999847;37188.00000000;100.93000031
N;NORTE;2004-04-05;20640.00000000;157.82000732;4933.00000000;37.72000122
NE;NORDESTE;2004-04-05;17640.00000000;152.02999878;17640.00000000;152.02999878
S;SUL;2004-04-05;2297.00000000;47.93999863;2297.00000000;47.93999863
SE;SUDESTE;2004-04-05;38263.00000000;103.83999634;37240.00000000;101.06999969
N;NORTE;2004-04-06;20457.00000000;156.41999817;4759.00000000;36.38999939
NE;NORDESTE;2004-04-06;17427.00000000;150.19000244;17427.00000000;150.19000244
S;SUL;2004-04-06;2488.00000000;51.93000031;2488.00000000;51.93000031
SE;SUDESTE;2004-04-06;39208.00000000;106.41000366;37989.00000000;103.09999847
N;NORTE;2004-04-07;19413.00000000;148.44000244;3718.00000000;28.43000031
NE;NORDESTE;2004-04-07;17179.00000000;148.05999756;17179.00000000;148.05999756
S;SUL;2004-04-07;2486.00000000;51.88999939;2486.00000000;51.88999939
SE;SUDESTE;2004-04-07;39939.00000000;108.38999939;38526.00000000;104.55999756
N;NORTE;2004-04-08;19553.00000000;149.50999451;4427.00000000;33.84999847
NE;NORDESTE;2004-04-08;17219.00000000;148.39999390;17219.00000000;148.39999390
S;SUL;2004-04-08;2369.00000000;49.43999863;2369.00000000;49.43999863
SE;SUDESTE;2004-04-08;40414.00000000;109.68000031;38691.00000000;105.01000214
N;NORTE;2004-04-09;19390.00000000;148.25999451;4544.00000000;34.75000000
NE;NORDESTE;2004-04-09;17235.00000000;148.53999329;17183.00000000;148.08999634
S;SUL;2004-04-09;2242.00000000;46.79000092;2242.00000000;46.79000092
SE;SUDESTE;2004-04-09;41121.00000000;111.59999847;39255.00000000;106.54000092
N;NORTE;2004-04-10;19385.00000000;148.22999573;4925.00000000;37.65999985
NE;NORDESTE;2004-04-10;16962.00000000;146.19000244;16773.00000000;144.55999756
S;SUL;2004-04-10;2082.00000000;43.45000076;2082.00000000;43.45000076
SE;SUDESTE;2004-04-10;42971.00000000;116.62000275;40672.00000000;110.37999725
N;NORTE;2004-04-11;19072.00000000;145.83000183;4808.00000000;36.75999832
NE;NORDESTE;2004-04-11;16394.00000000;141.28999329;16016.00000000;138.02999878
S;SUL;2004-04-11;2024.00000000;42.24000168;2024.00000000;42.24000168
SE;SUDESTE;2004-04-11;43932.00000000;119.23000336;41396.00000000;112.34999847
N;NORTE;2004-04-12;19136.00000000;146.32000732;5553.00000000;42.45999908
NE;NORDESTE;2004-04-12;16118.00000000;138.91000366;15834.00000000;136.46000671
S;SUL;2004-04-12;2012.00000000;41.99000168;2012.00000000;41.99000168
SE;SUDESTE;2004-04-12;45722.00000000;124.08999634;43389.00000000;117.76000214
N;NORTE;2004-04-13;19169.00000000;146.58000183;5925.00000000;45.31000137
NE;NORDESTE;2004-04-13;16201.00000000;139.63000488;15993.00000000;137.83000183
S;SUL;2004-04-13;1911.00000000;39.88000107;1911.00000000;39.88000107
SE;SUDESTE;2004-04-13;47288.00000000;128.33999634;43331.00000000;117.59999847
N;NORTE;2004-04-14;19072.00000000;145.83000183;5095.00000000;38.95999908
NE;NORDESTE;2004-04-14;16013.00000000;138.00999451;14861.00000000;128.08000183
S;SUL;2004-04-14;1775.00000000;37.04999924;1775.00000000;37.04999924
SE;SUDESTE;2004-04-14;48454.00000000;131.50000000;43183.00000000;117.19999695
N;NORTE;2004-04-15;18731.00000000;143.22999573;3945.00000000;30.17000008
NE;NORDESTE;2004-04-15;15817.00000000;136.32000732;14854.00000000;128.02000427
S;SUL;2004-04-15;1829.00000000;38.16999817;1829.00000000;38.16999817
SE;SUDESTE;2004-04-15;49478.00000000;134.27999878;42907.00000000;116.44999695
N;NORTE;2004-04-16;18715.00000000;143.10000610;3710.00000000;28.37000084
NE;NORDESTE;2004-04-16;15592.00000000;134.38000488;14771.00000000;127.30000305
S;SUL;2004-04-16;1787.00000000;37.29999924;1787.00000000;37.29999924
SE;SUDESTE;2004-04-16;49651.00000000;134.75000000;41983.00000000;113.94000244
N;NORTE;2004-04-17;18388.00000000;140.60000610;3823.00000000;29.22999954
NE;NORDESTE;2004-04-17;15168.00000000;130.72000122;14731.00000000;126.95999908
S;SUL;2004-04-17;1768.00000000;36.90000153;1768.00000000;36.90000153
SE;SUDESTE;2004-04-17;49729.00000000;134.96000671;41139.00000000;111.65000153
N;NORTE;2004-04-18;18153.00000000;138.80999756;3816.00000000;29.18000031
NE;NORDESTE;2004-04-18;14711.00000000;126.79000092;14535.00000000;125.26999664
S;SUL;2004-04-18;1979.00000000;41.29999924;1979.00000000;41.29999924
SE;SUDESTE;2004-04-18;48994.00000000;132.97000122;40278.00000000;109.30999756
N;NORTE;2004-04-19;18109.00000000;138.47000122;3787.00000000;28.95999908
NE;NORDESTE;2004-04-19;14341.00000000;123.59999847;14258.00000000;122.87999725
S;SUL;2004-04-19;2875.00000000;60.00000000;2875.00000000;60.00000000
SE;SUDESTE;2004-04-19;48221.00000000;130.86999512;41494.00000000;112.61000061
N;NORTE;2004-04-20;18443.00000000;141.02000427;4080.00000000;31.20000076
NE;NORDESTE;2004-04-20;14019.00000000;120.81999969;14006.00000000;120.70999908
S;SUL;2004-04-20;3879.00000000;80.95999908;3879.00000000;80.95999908
SE;SUDESTE;2004-04-20;47289.00000000;128.33999634;41433.00000000;112.44999695
N;NORTE;2004-04-21;18281.00000000;139.78999329;4309.00000000;32.95000076
NE;NORDESTE;2004-04-21;13762.00000000;118.61000061;13762.00000000;118.61000061
S;SUL;2004-04-21;4233.00000000;88.34999847;4233.00000000;88.34999847
SE;SUDESTE;2004-04-21;46054.00000000;124.98999786;39973.00000000;108.48999786
N;NORTE;2004-04-22;18082.00000000;138.25999451;4308.00000000;32.93999863
NE;NORDESTE;2004-04-22;13700.00000000;118.06999969;13700.00000000;118.06999969
S;SUL;2004-04-22;3912.00000000;81.65000153;3912.00000000;81.65000153
SE;SUDESTE;2004-04-22;44646.00000000;121.16999817;38593.00000000;104.73999786
N;NORTE;2004-04-23;17654.00000000;134.99000549;4226.00000000;32.31000137
NE;NORDESTE;2004-04-23;13828.00000000;119.18000031;13828.00000000;119.18000031
S;SUL;2004-04-23;3690.00000000;77.01000214;3690.00000000;77.01000214
SE;SUDESTE;2004-04-23;43229.00000000;117.31999969;37806.00000000;102.59999847
N;NORTE;2004-04-24;17159.00000000;131.21000671;4292.00000000;32.81999969
NE;NORDESTE;2004-04-24;14226.00000000;122.61000061;14226.00000000;122.61000061
S;SUL;2004-04-24;3893.00000000;81.25000000;3893.00000000;81.25000000
SE;SUDESTE;2004-04-24;41476.00000000;112.55999756;36059.00000000;97.86000061
N;NORTE;2004-04-25;16833.00000000;128.71000671;4161.00000000;31.81999969
NE;NORDESTE;2004-04-25;14527.00000000;125.19999695;14527.00000000;125.19999695
S;SUL;2004-04-25;3994.00000000;83.36000061;3994.00000000;83.36000061
SE;SUDESTE;2004-04-25;40377.00000000;109.58000183;33663.00000000;91.36000061
N;NORTE;2004-04-26;16286.00000000;124.52999878;3975.00000000;30.38999939
NE;NORDESTE;2004-04-26;14791.00000000;127.47000122;13604.00000000;117.23999786
S;SUL;2004-04-26;3634.00000000;75.84999847;3634.00000000;75.84999847
SE;SUDESTE;2004-04-26;39008.00000000;105.87000275;34500.00000000;93.62999725
N;NORTE;2004-04-27;15722.00000000;120.22000122;3978.00000000;30.42000008
NE;NORDESTE;2004-04-27;14916.00000000;128.55000305;12595.00000000;108.55000305
S;SUL;2004-04-27;3256.00000000;67.95999908;3256.00000000;67.95999908
SE;SUDESTE;2004-04-27;38003.00000000;103.13999939;34168.00000000;92.73000336
N;NORTE;2004-04-28;15029.00000000;114.91999817;4220.00000000;32.27000046
NE;NORDESTE;2004-04-28;15034.00000000;129.57000732;11300.00000000;97.38999939
S;SUL;2004-04-28;3004.00000000;62.70000076;3004.00000000;62.70000076
SE;SUDESTE;2004-04-28;37054.00000000;100.55999756;33095.00000000;89.81999969
N;NORTE;2004-04-29;14675.00000000;112.20999908;4976.00000000;38.04999924
NE;NORDESTE;2004-04-29;15180.00000000;130.83000183;10932.00000000;94.22000122
S;SUL;2004-04-29;2920.00000000;60.93999863;2920.00000000;60.93999863
SE;SUDESTE;2004-04-29;35872.00000000;97.36000061;31615.00000000;85.80000305
N;NORTE;2004-04-30;14093.00000000;107.76000214;4757.00000000;36.36999893
NE;NORDESTE;2004-04-30;14871.00000000;128.16000366;10606.00000000;91.41000366
S;SUL;2004-04-30;3113.00000000;64.97000122;3113.00000000;64.97000122
SE;SUDESTE;2004-04-30;34880.00000000;94.66000366;30152.00000000;81.83000183
N;NORTE;2004-05-01;13886.00000000;162.91999817;4553.00000000;53.41999817
NE;NORDESTE;2004-05-01;14750.00000000;209.82000732;10044.00000000;142.88000488
S;SUL;2004-05-01;3608.00000000;58.16999817;3608.00000000;58.16999817
SE;SUDESTE;2004-05-01;34044.00000000;125.69999695;26901.00000000;99.33000183
N;NORTE;2004-05-02;13653.00000000;160.19000244;4134.00000000;48.50000000
NE;NORDESTE;2004-05-02;14333.00000000;203.88999939;9638.00000000;137.10000610
S;SUL;2004-05-02;4212.00000000;67.91000366;4212.00000000;67.91000366
SE;SUDESTE;2004-05-02;32646.00000000;120.54000092;24260.00000000;89.56999969
N;NORTE;2004-05-03;13393.00000000;157.13999939;3500.00000000;41.06999969
NE;NORDESTE;2004-05-03;14142.00000000;201.16999817;9807.00000000;139.50000000
S;SUL;2004-05-03;4745.00000000;76.51000214;4745.00000000;76.51000214
SE;SUDESTE;2004-05-03;31828.00000000;117.51999664;27964.00000000;103.25000000
N;NORTE;2004-05-04;13163.00000000;154.44000244;3270.00000000;38.36999893
NE;NORDESTE;2004-05-04;13446.00000000;191.27000427;9899.00000000;140.80999756
S;SUL;2004-05-04;5519.00000000;88.98999786;5519.00000000;88.98999786
SE;SUDESTE;2004-05-04;31624.00000000;116.76000214;29739.00000000;109.80000305
N;NORTE;2004-05-05;13229.00000000;155.22000122;3716.00000000;43.59999847
NE;NORDESTE;2004-05-05;12628.00000000;179.63000488;9104.00000000;129.50000000
S;SUL;2004-05-05;5704.00000000;91.97000122;5704.00000000;91.97000122
SE;SUDESTE;2004-05-05;31424.00000000;116.02999878;29567.00000000;109.16999817
N;NORTE;2004-05-06;12967.00000000;152.13999939;4005.00000000;46.99000168
NE;NORDESTE;2004-05-06;11555.00000000;164.36999512;8521.00000000;121.20999908
S;SUL;2004-05-06;5949.00000000;95.91999817;5949.00000000;95.91999817
SE;SUDESTE;2004-05-06;31169.00000000;115.08000183;29432.00000000;108.66999817
N;NORTE;2004-05-07;12770.00000000;149.83000183;3991.00000000;46.83000183
NE;NORDESTE;2004-05-07;10760.00000000;153.05999756;7619.00000000;108.37999725
S;SUL;2004-05-07;6719.00000000;108.33999634;6719.00000000;108.33999634
SE;SUDESTE;2004-05-07;31236.00000000;115.33000183;29809.00000000;110.05999756
N;NORTE;2004-05-08;12536.00000000;147.08000183;3340.00000000;39.18999863
NE;NORDESTE;2004-05-08;10094.00000000;143.58999634;7380.00000000;104.98000336
S;SUL;2004-05-08;7788.00000000;125.56999969;7788.00000000;125.56999969
SE;SUDESTE;2004-05-08;31554.00000000;116.51000214;31052.00000000;114.65000153
N;NORTE;2004-05-09;12215.00000000;143.32000732;2799.00000000;32.84000015
NE;NORDESTE;2004-05-09;9989.00000000;142.08999634;7574.00000000;107.73999786
S;SUL;2004-05-09;7683.00000000;123.87999725;7683.00000000;123.87999725
SE;SUDESTE;2004-05-09;32388.00000000;119.58999634;31515.00000000;116.36000061
N;NORTE;2004-05-10;11659.00000000;136.78999329;2981.00000000;34.97999954
NE;NORDESTE;2004-05-10;9635.00000000;137.05999756;7135.00000000;101.50000000
S;SUL;2004-05-10;6892.00000000;111.12999725;6892.00000000;111.12999725
SE;SUDESTE;2004-05-10;32671.00000000;120.62999725;31793.00000000;117.38999939
N;NORTE;2004-05-11;11399.00000000;133.74000549;4228.00000000;49.61000061
NE;NORDESTE;2004-05-11;10051.00000000;142.97999573;8463.00000000;120.38999939
S;SUL;2004-05-11;6075.00000000;97.94999695;6075.00000000;97.94999695
SE;SUDESTE;2004-05-11;32700.00000000;120.73999786;32174.00000000;118.79000092
N;NORTE;2004-05-12;10920.00000000;128.11999512;5062.00000000;59.38999939
NE;NORDESTE;2004-05-12;10025.00000000;142.61000061;8911.00000000;126.76000214
S;SUL;2004-05-12;6511.00000000;104.98000336;6511.00000000;104.98000336
SE;SUDESTE;2004-05-12;32753.00000000;120.93000031;32261.00000000;119.12000275
N;NORTE;2004-05-13;10587.00000000;124.22000122;5106.00000000;59.90999985
NE;NORDESTE;2004-05-13;9898.00000000;140.80000305;8486.00000000;120.70999908
S;SUL;2004-05-13;7959.00000000;128.33000183;7959.00000000;128.33000183
SE;SUDESTE;2004-05-13;33017.00000000;121.91000366;32536.00000000;120.12999725
N;NORTE;2004-05-14;10287.00000000;120.69999695;3859.00000000;45.27999878
NE;NORDESTE;2004-05-14;8788.00000000;125.01000214;8438.00000000;120.02999878
S;SUL;2004-05-14;8071.00000000;130.13999939;8071.00000000;130.13999939
SE;SUDESTE;2004-05-14;32930.00000000;121.58999634;32040.00000000;118.30000305
N;NORTE;2004-05-15;10053.00000000;117.94999695;3791.00000000;44.47999954
NE;NORDESTE;2004-05-15;8277.00000000;117.73999786;8162.00000000;116.09999847
S;SUL;2004-05-15;7936.00000000;127.95999908;7936.00000000;127.95999908
SE;SUDESTE;2004-05-15;33082.00000000;122.15000153;32044.00000000;118.30999756
N;NORTE;2004-05-16;9616.00000000;112.81999969;3924.00000000;46.04000092
NE;NORDESTE;2004-05-16;7635.00000000;108.61000061;7469.00000000;106.25000000
S;SUL;2004-05-16;7148.00000000;115.25000000;7148.00000000;115.25000000
SE;SUDESTE;2004-05-16;32948.00000000;121.65000153;29694.00000000;109.63999939
N;NORTE;2004-05-17;9376.00000000;110.01000214;3881.00000000;45.54000092
NE;NORDESTE;2004-05-17;7469.00000000;106.25000000;7425.00000000;105.62000275
S;SUL;2004-05-17;6341.00000000;102.23999786;6341.00000000;102.23999786
SE;SUDESTE;2004-05-17;33090.00000000;122.18000031;32097.00000000;118.51000214
N;NORTE;2004-05-18;9118.00000000;106.98000336;3986.00000000;46.77000046
NE;NORDESTE;2004-05-18;7334.00000000;104.33000183;7334.00000000;104.33000183
S;SUL;2004-05-18;5700.00000000;91.91000366;5700.00000000;91.91000366
SE;SUDESTE;2004-05-18;33099.00000000;122.20999908;32336.00000000;119.38999939
N;NORTE;2004-05-19;8869.00000000;104.05999756;4285.00000000;50.27999878
NE;NORDESTE;2004-05-19;7179.00000000;102.12000275;7179.00000000;102.12000275
S;SUL;2004-05-19;5299.00000000;85.44000244;5299.00000000;85.44000244
SE;SUDESTE;2004-05-19;33209.00000000;122.62000275;32685.00000000;120.68000031
N;NORTE;2004-05-20;8585.00000000;100.73000336;4725.00000000;55.43999863
NE;NORDESTE;2004-05-20;6939.00000000;98.70999908;6939.00000000;98.70999908
S;SUL;2004-05-20;5016.00000000;80.87999725;5016.00000000;80.87999725
SE;SUDESTE;2004-05-20;33164.00000000;122.44999695;32449.00000000;119.80999756
N;NORTE;2004-05-21;8469.00000000;99.37000275;4880.00000000;57.25999832
NE;NORDESTE;2004-05-21;6680.00000000;95.01999664;6680.00000000;95.01999664
S;SUL;2004-05-21;4858.00000000;78.33000183;4858.00000000;78.33000183
SE;SUDESTE;2004-05-21;33202.00000000;122.58999634;32519.00000000;120.06999969
N;NORTE;2004-05-22;8326.00000000;97.69000244;4360.00000000;51.15999985
NE;NORDESTE;2004-05-22;6687.00000000;95.12000275;6687.00000000;95.12000275
S;SUL;2004-05-22;4721.00000000;76.12000275;4721.00000000;76.12000275
SE;SUDESTE;2004-05-22;33166.00000000;122.45999908;32657.00000000;120.58000183
N;NORTE;2004-05-23;7925.00000000;92.98000336;3410.00000000;40.00999832
NE;NORDESTE;2004-05-23;6211.00000000;88.34999847;6211.00000000;88.34999847
S;SUL;2004-05-23;4631.00000000;74.66999817;4631.00000000;74.66999817
SE;SUDESTE;2004-05-23;33684.00000000;124.37000275;31298.00000000;115.55999756
N;NORTE;2004-05-24;7935.00000000;93.09999847;3622.00000000;42.50000000
NE;NORDESTE;2004-05-24;6079.00000000;86.47000122;6079.00000000;86.47000122
S;SUL;2004-05-24;4747.00000000;76.54000092;4747.00000000;76.54000092
SE;SUDESTE;2004-05-24;34514.00000000;127.43000031;33964.00000000;125.40000153
N;NORTE;2004-05-25;7660.00000000;89.87000275;4443.00000000;52.13000107
NE;NORDESTE;2004-05-25;5821.00000000;82.80000305;5821.00000000;82.80000305
S;SUL;2004-05-25;6706.00000000;108.12999725;6706.00000000;108.12999725
SE;SUDESTE;2004-05-25;36557.00000000;134.97999573;35863.00000000;132.41999817
N;NORTE;2004-05-26;7357.00000000;86.31999969;3695.00000000;43.34999847
NE;NORDESTE;2004-05-26;5825.00000000;82.86000061;5825.00000000;82.86000061
S;SUL;2004-05-26;8936.00000000;144.08000183;8936.00000000;144.08000183
SE;SUDESTE;2004-05-26;38786.00000000;143.21000671;36656.00000000;135.33999634
N;NORTE;2004-05-27;7167.00000000;84.08999634;3528.00000000;41.38999939
NE;NORDESTE;2004-05-27;5706.00000000;81.16999817;5706.00000000;81.16999817
S;SUL;2004-05-27;8913.00000000;143.71000671;8913.00000000;143.71000671
SE;SUDESTE;2004-05-27;40504.00000000;149.55000305;35840.00000000;132.33000183
N;NORTE;2004-05-28;7036.00000000;82.55000305;3777.00000000;44.31999969
NE;NORDESTE;2004-05-28;5675.00000000;80.73000336;5675.00000000;80.73000336
S;SUL;2004-05-28;8187.00000000;132.00999451;8187.00000000;132.00999451
SE;SUDESTE;2004-05-28;41851.00000000;154.52000427;35093.00000000;129.57000732
N;NORTE;2004-05-29;6574.00000000;77.12999725;3214.00000000;37.70999908
NE;NORDESTE;2004-05-29;5669.00000000;80.63999939;5669.00000000;80.63999939
S;SUL;2004-05-29;7315.00000000;117.94999695;7315.00000000;117.94999695
SE;SUDESTE;2004-05-29;41182.00000000;152.05000305;33013.00000000;121.88999939
N;NORTE;2004-05-30;6346.00000000;74.45999908;2986.00000000;35.02999878
NE;NORDESTE;2004-05-30;5617.00000000;79.90000153;5617.00000000;79.90000153
S;SUL;2004-05-30;7108.00000000;114.61000061;7108.00000000;114.61000061
SE;SUDESTE;2004-05-30;40337.00000000;148.92999268;30734.00000000;113.48000336
N;NORTE;2004-05-31;6141.00000000;72.05000305;2882.00000000;33.81000137
NE;NORDESTE;2004-05-31;5549.00000000;78.93000031;5549.00000000;78.93000031
S;SUL;2004-05-31;6939.00000000;111.87999725;6939.00000000;111.87999725
SE;SUDESTE;2004-05-31;39633.00000000;146.33999634;32346.00000000;119.43000031
N;NORTE;2004-06-01;5851.00000000;146.25000000;3515.00000000;87.86000061
NE;NORDESTE;2004-06-01;5433.00000000;117.04000092;5433.00000000;117.04000092
S;SUL;2004-06-01;6662.00000000;87.87000275;6662.00000000;87.87000275
SE;SUDESTE;2004-06-01;38741.00000000;163.72999573;32723.00000000;138.28999329
N;NORTE;2004-06-02;5717.00000000;142.89999390;3733.00000000;93.30999756
NE;NORDESTE;2004-06-02;5312.00000000;114.43000031;5312.00000000;114.43000031
S;SUL;2004-06-02;6406.00000000;84.50000000;6406.00000000;84.50000000
SE;SUDESTE;2004-06-02;37955.00000000;160.39999390;33389.00000000;141.11000061
N;NORTE;2004-06-03;5641.00000000;141.00999451;3454.00000000;86.33999634
NE;NORDESTE;2004-06-03;5085.00000000;109.54000092;5085.00000000;109.54000092
S;SUL;2004-06-03;6044.00000000;79.72000122;6044.00000000;79.72000122
SE;SUDESTE;2004-06-03;37460.00000000;158.30999756;33718.00000000;142.50000000
N;NORTE;2004-06-04;5291.00000000;132.25999451;3491.00000000;87.26000214
NE;NORDESTE;2004-06-04;4900.00000000;105.55999756;4900.00000000;105.55999756
S;SUL;2004-06-04;5601.00000000;73.87999725;5601.00000000;73.87999725
SE;SUDESTE;2004-06-04;37414.00000000;158.11999512;33799.00000000;142.83999634
N;NORTE;2004-06-05;5197.00000000;129.91000366;3593.00000000;89.80999756
NE;NORDESTE;2004-06-05;4819.00000000;103.80999756;4819.00000000;103.80999756
S;SUL;2004-06-05;5499.00000000;72.52999878;5499.00000000;72.52999878
SE;SUDESTE;2004-06-05;37238.00000000;157.36999512;32423.00000000;137.02000427
N;NORTE;2004-06-06;4943.00000000;123.55999756;2953.00000000;73.80999756
NE;NORDESTE;2004-06-06;4768.00000000;102.70999908;4768.00000000;102.70999908
S;SUL;2004-06-06;5288.00000000;69.75000000;5288.00000000;69.75000000
SE;SUDESTE;2004-06-06;36156.00000000;152.80000305;31755.00000000;134.19999695
N;NORTE;2004-06-07;4757.00000000;118.91000366;3258.00000000;81.44000244
NE;NORDESTE;2004-06-07;4736.00000000;102.01999664;4736.00000000;102.01999664
S;SUL;2004-06-07;5022.00000000;66.23999786;5022.00000000;66.23999786
SE;SUDESTE;2004-06-07;35498.00000000;150.02000427;32328.00000000;136.61999512
N;NORTE;2004-06-08;4376.00000000;109.37999725;3799.00000000;94.95999908
NE;NORDESTE;2004-06-08;4699.00000000;101.23000336;4699.00000000;101.23000336
S;SUL;2004-06-08;4839.00000000;63.83000183;4839.00000000;63.83000183
SE;SUDESTE;2004-06-08;34268.00000000;144.82000732;32000.00000000;135.24000549
N;NORTE;2004-06-09;4399.00000000;109.95999908;4262.00000000;106.54000092
NE;NORDESTE;2004-06-09;4660.00000000;100.38999939;4660.00000000;100.38999939
S;SUL;2004-06-09;4937.00000000;65.12000275;4921.00000000;64.91000366
SE;SUDESTE;2004-06-09;33355.00000000;140.96000671;31492.00000000;133.08999634
N;NORTE;2004-06-10;4162.00000000;104.04000092;4025.00000000;100.61000061
NE;NORDESTE;2004-06-10;4618.00000000;99.48000336;4618.00000000;99.48000336
S;SUL;2004-06-10;5837.00000000;76.98999786;5837.00000000;76.98999786
SE;SUDESTE;2004-06-10;32480.00000000;137.27000427;29319.00000000;123.91000366
N;NORTE;2004-06-11;4021.00000000;100.51000214;3883.00000000;97.05999756
NE;NORDESTE;2004-06-11;4577.00000000;98.59999847;4577.00000000;98.59999847
S;SUL;2004-06-11;8489.00000000;111.97000122;8489.00000000;111.97000122
SE;SUDESTE;2004-06-11;31853.00000000;134.61999512;29707.00000000;125.55000305
N;NORTE;2004-06-12;3908.00000000;97.69000244;3763.00000000;94.05999756
NE;NORDESTE;2004-06-12;4537.00000000;97.73999786;4537.00000000;97.73999786
S;SUL;2004-06-12;10256.00000000;135.27999878;10256.00000000;135.27999878
SE;SUDESTE;2004-06-12;32239.00000000;136.25000000;29650.00000000;125.30999756
N;NORTE;2004-06-13;3842.00000000;96.04000092;3695.00000000;92.36000061
NE;NORDESTE;2004-06-13;4494.00000000;96.80999756;4494.00000000;96.80999756
S;SUL;2004-06-13;9955.00000000;131.30999756;9934.00000000;131.02999878
SE;SUDESTE;2004-06-13;32283.00000000;136.42999268;27379.00000000;115.70999908
N;NORTE;2004-06-14;3754.00000000;93.83999634;3657.00000000;91.41000366
NE;NORDESTE;2004-06-14;4484.00000000;96.58999634;4484.00000000;96.58999634
S;SUL;2004-06-14;9294.00000000;122.58999634;9294.00000000;122.58999634
SE;SUDESTE;2004-06-14;32227.00000000;136.19999695;28676.00000000;121.19000244
N;NORTE;2004-06-15;3622.00000000;90.54000092;3599.00000000;89.95999908
NE;NORDESTE;2004-06-15;4449.00000000;95.83999634;4449.00000000;95.83999634
S;SUL;2004-06-15;8627.00000000;113.79000092;8627.00000000;113.79000092
SE;SUDESTE;2004-06-15;32075.00000000;135.55000305;28431.00000000;120.15000153
N;NORTE;2004-06-16;3599.00000000;89.95999908;3599.00000000;89.95999908
NE;NORDESTE;2004-06-16;4439.00000000;95.62000275;4439.00000000;95.62000275
S;SUL;2004-06-16;8169.00000000;107.75000000;8169.00000000;107.75000000
SE;SUDESTE;2004-06-16;32039.00000000;135.03999329;27952.00000000;117.81999969
N;NORTE;2004-06-17;3574.00000000;89.33999634;3570.00000000;89.23999786
NE;NORDESTE;2004-06-17;4422.00000000;95.26000214;4422.00000000;95.26000214
S;SUL;2004-06-17;7596.00000000;100.19000244;7596.00000000;100.19000244
SE;SUDESTE;2004-06-17;31054.00000000;130.88999939;27470.00000000;115.79000092
N;NORTE;2004-06-18;3433.00000000;85.80999756;3422.00000000;85.54000092
NE;NORDESTE;2004-06-18;4370.00000000;94.13999939;4370.00000000;94.13999939
S;SUL;2004-06-18;7090.00000000;93.51999664;7090.00000000;93.51999664
SE;SUDESTE;2004-06-18;29831.00000000;125.73999786;27862.00000000;117.44000244
N;NORTE;2004-06-19;3438.00000000;85.94000244;3427.00000000;85.66000366
NE;NORDESTE;2004-06-19;4288.00000000;92.37000275;4288.00000000;92.37000275
S;SUL;2004-06-19;6814.00000000;89.87999725;6814.00000000;89.87999725
SE;SUDESTE;2004-06-19;28633.00000000;120.69000244;27081.00000000;114.15000153
N;NORTE;2004-06-20;3406.00000000;85.13999939;3386.00000000;84.63999939
NE;NORDESTE;2004-06-20;4202.00000000;90.51999664;4202.00000000;90.51999664
S;SUL;2004-06-20;6637.00000000;87.54000092;6637.00000000;87.54000092
SE;SUDESTE;2004-06-20;27918.00000000;117.66999817;25057.00000000;105.62000275
N;NORTE;2004-06-21;3244.00000000;81.08999634;3227.00000000;80.66000366
NE;NORDESTE;2004-06-21;4148.00000000;89.36000061;4148.00000000;89.36000061
S;SUL;2004-06-21;6099.00000000;80.44999695;6099.00000000;80.44999695
SE;SUDESTE;2004-06-21;27132.00000000;114.36000061;26567.00000000;111.98000336
N;NORTE;2004-06-22;3101.00000000;77.51000214;3088.00000000;77.19000244
NE;NORDESTE;2004-06-22;4089.00000000;88.08000183;4089.00000000;88.08000183
S;SUL;2004-06-22;5746.00000000;75.79000092;5746.00000000;75.79000092
SE;SUDESTE;2004-06-22;26938.00000000;113.54000092;26753.00000000;112.76000214
N;NORTE;2004-06-23;3078.00000000;76.94000244;3074.00000000;76.83999634
NE;NORDESTE;2004-06-23;4024.00000000;86.68000031;4024.00000000;86.68000031
S;SUL;2004-06-23;5422.00000000;71.51999664;5422.00000000;71.51999664
SE;SUDESTE;2004-06-23;26782.00000000;112.88999939;26682.00000000;112.47000122
N;NORTE;2004-06-24;2933.00000000;73.30999756;2933.00000000;73.30999756
NE;NORDESTE;2004-06-24;4046.00000000;87.16000366;4046.00000000;87.16000366
S;SUL;2004-06-24;5411.00000000;71.37000275;5411.00000000;71.37000275
SE;SUDESTE;2004-06-24;26506.00000000;111.72000122;26303.00000000;110.87000275
N;NORTE;2004-06-25;2836.00000000;70.88999939;2836.00000000;70.88999939
NE;NORDESTE;2004-06-25;4077.00000000;87.83000183;4077.00000000;87.83000183
S;SUL;2004-06-25;5337.00000000;70.40000153;5337.00000000;70.40000153
SE;SUDESTE;2004-06-25;26276.00000000;110.75000000;26111.00000000;110.05999756
N;NORTE;2004-06-26;2810.00000000;70.23999786;2801.00000000;70.01999664
NE;NORDESTE;2004-06-26;4147.00000000;89.33000183;4147.00000000;89.33000183
S;SUL;2004-06-26;5279.00000000;69.62999725;5279.00000000;69.62999725
SE;SUDESTE;2004-06-26;25832.00000000;108.87999725;25734.00000000;108.47000122
N;NORTE;2004-06-27;2876.00000000;71.88999939;2858.00000000;71.44000244
NE;NORDESTE;2004-06-27;4163.00000000;89.68000031;4163.00000000;89.68000031
S;SUL;2004-06-27;4973.00000000;65.58999634;4973.00000000;65.58999634
SE;SUDESTE;2004-06-27;25716.00000000;108.38999939;25627.00000000;108.01999664
N;NORTE;2004-06-28;2831.00000000;70.76999664;2819.00000000;70.47000122
NE;NORDESTE;2004-06-28;4122.00000000;88.80000305;4122.00000000;88.80000305
S;SUL;2004-06-28;4770.00000000;62.91999817;4770.00000000;62.91999817
SE;SUDESTE;2004-06-28;25517.00000000;107.55000305;25410.00000000;107.09999847
N;NORTE;2004-06-29;2719.00000000;67.97000122;2714.00000000;67.83999634
NE;NORDESTE;2004-06-29;4077.00000000;87.83000183;4077.00000000;87.83000183
S;SUL;2004-06-29;4587.00000000;60.50000000;4587.00000000;60.50000000
SE;SUDESTE;2004-06-29;25375.00000000;106.95999908;25257.00000000;106.45999908
N;NORTE;2004-06-30;2788.00000000;69.69000244;2788.00000000;69.69000244
NE;NORDESTE;2004-06-30;4043.00000000;87.08999634;4043.00000000;87.08999634
S;SUL;2004-06-30;4389.00000000;57.88999939;4389.00000000;57.88999939
SE;SUDESTE;2004-06-30;25102.00000000;105.80999756;24945.00000000;105.13999939
N;NORTE;2004-07-01;2803.00000000;121.76999664;2803.00000000;121.76999664
NE;NORDESTE;2004-07-01;4019.00000000;105.22000122;4019.00000000;105.22000122
S;SUL;2004-07-01;4391.00000000;56.41999817;4391.00000000;56.41999817
SE;SUDESTE;2004-07-01;24696.00000000;125.56999969;24516.00000000;124.66000366
N;NORTE;2004-07-02;2622.00000000;113.91000366;2617.00000000;113.69000244
NE;NORDESTE;2004-07-02;4015.00000000;105.11000061;4015.00000000;105.11000061
S;SUL;2004-07-02;4412.00000000;56.68999863;4412.00000000;56.68999863
SE;SUDESTE;2004-07-02;24359.00000000;123.86000061;24126.00000000;122.68000031
N;NORTE;2004-07-03;2649.00000000;115.08000183;2638.00000000;114.59999847
NE;NORDESTE;2004-07-03;4065.00000000;106.41999817;4065.00000000;106.41999817
S;SUL;2004-07-03;5096.00000000;65.48000336;5096.00000000;65.48000336
SE;SUDESTE;2004-07-03;24279.00000000;123.44999695;23980.00000000;121.93000031
N;NORTE;2004-07-04;2580.00000000;112.08000183;2572.00000000;111.73000336
NE;NORDESTE;2004-07-04;4116.00000000;107.76000214;4116.00000000;107.76000214
S;SUL;2004-07-04;7273.00000000;93.44999695;7273.00000000;93.44999695
SE;SUDESTE;2004-07-04;24033.00000000;122.19999695;23725.00000000;120.63999939
N;NORTE;2004-07-05;2493.00000000;108.30000305;2487.00000000;108.04000092
NE;NORDESTE;2004-07-05;4093.00000000;107.16000366;4093.00000000;107.16000366
S;SUL;2004-07-05;10231.00000000;131.44999695;10231.00000000;131.44999695
SE;SUDESTE;2004-07-05;23876.00000000;121.41000366;23681.00000000;120.41000366
N;NORTE;2004-07-06;2469.00000000;107.26000214;2464.00000000;107.04000092
NE;NORDESTE;2004-07-06;4090.00000000;107.08000183;4090.00000000;107.08000183
S;SUL;2004-07-06;9683.00000000;124.41000366;9656.00000000;124.06999969
SE;SUDESTE;2004-07-06;23598.00000000;119.98999786;23166.00000000;117.80000305
N;NORTE;2004-07-07;2434.00000000;105.73999786;2429.00000000;105.51999664
NE;NORDESTE;2004-07-07;4065.00000000;106.41999817;4065.00000000;106.41999817
S;SUL;2004-07-07;8538.00000000;109.69999695;8538.00000000;109.69999695
SE;SUDESTE;2004-07-07;23325.00000000;118.59999847;22614.00000000;114.98999786
N;NORTE;2004-07-08;2398.00000000;104.18000031;2392.00000000;103.91000366
NE;NORDESTE;2004-07-08;4063.00000000;106.37000275;4063.00000000;106.37000275
S;SUL;2004-07-08;8885.00000000;114.16000366;8885.00000000;114.16000366
SE;SUDESTE;2004-07-08;23281.00000000;118.37999725;23061.00000000;117.26000214
N;NORTE;2004-07-09;2447.00000000;106.30000305;2444.00000000;106.16999817
NE;NORDESTE;2004-07-09;4032.00000000;105.55999756;4032.00000000;105.55999756
S;SUL;2004-07-09;9411.00000000;120.91999817;9359.00000000;120.25000000
SE;SUDESTE;2004-07-09;23539.00000000;119.69000244;23373.00000000;118.84999847
N;NORTE;2004-07-10;2370.00000000;102.95999908;2370.00000000;102.95999908
NE;NORDESTE;2004-07-10;4018.00000000;105.19000244;4018.00000000;105.19000244
S;SUL;2004-07-10;8999.00000000;115.62000275;8798.00000000;113.04000092
SE;SUDESTE;2004-07-10;24371.00000000;123.91999817;24211.00000000;123.11000061
N;NORTE;2004-07-11;2297.00000000;99.79000092;2295.00000000;99.69999695
NE;NORDESTE;2004-07-11;3997.00000000;104.63999939;3997.00000000;104.63999939
S;SUL;2004-07-11;8069.00000000;103.68000031;7869.00000000;101.11000061
SE;SUDESTE;2004-07-11;25237.00000000;128.33000183;24855.00000000;126.37999725
N;NORTE;2004-07-12;2338.00000000;101.56999969;2332.00000000;101.30999756
NE;NORDESTE;2004-07-12;4002.00000000;104.76999664;4002.00000000;104.76999664
S;SUL;2004-07-12;7065.00000000;90.77999878;6984.00000000;89.73000336
SE;SUDESTE;2004-07-12;25870.00000000;131.53999329;25713.00000000;130.75000000
N;NORTE;2004-07-13;2220.00000000;96.44000244;2214.00000000;96.18000031
NE;NORDESTE;2004-07-13;3996.00000000;104.62000275;3996.00000000;104.62000275
S;SUL;2004-07-13;6131.00000000;78.77999878;6131.00000000;78.77999878
SE;SUDESTE;2004-07-13;26276.00000000;133.61000061;26085.00000000;132.63999939
N;NORTE;2004-07-14;2192.00000000;95.23000336;2188.00000000;95.05000305
NE;NORDESTE;2004-07-14;3966.00000000;103.83000183;3966.00000000;103.83000183
S;SUL;2004-07-14;6517.00000000;83.73000336;6517.00000000;83.73000336
SE;SUDESTE;2004-07-14;26597.00000000;135.24000549;26448.00000000;134.47999573
N;NORTE;2004-07-15;2157.00000000;93.70999908;2157.00000000;93.70999908
NE;NORDESTE;2004-07-15;3933.00000000;102.97000122;3933.00000000;102.97000122
S;SUL;2004-07-15;10327.00000000;132.69000244;10055.00000000;129.19000244
SE;SUDESTE;2004-07-15;26735.00000000;135.94000244;26569.00000000;135.10000610
N;NORTE;2004-07-16;2156.00000000;93.66000366;2156.00000000;93.66000366
NE;NORDESTE;2004-07-16;3884.00000000;101.68000031;3884.00000000;101.68000031
S;SUL;2004-07-16;15581.00000000;200.19000244;11399.00000000;146.46000671
SE;SUDESTE;2004-07-16;27058.00000000;137.58999634;26861.00000000;136.58000183
N;NORTE;2004-07-17;2240.00000000;97.30999756;2240.00000000;97.30999756
NE;NORDESTE;2004-07-17;3857.00000000;100.98000336;3857.00000000;100.98000336
S;SUL;2004-07-17;16659.00000000;214.05000305;14047.00000000;180.47999573
SE;SUDESTE;2004-07-17;27171.00000000;138.16000366;26087.00000000;132.64999390
N;NORTE;2004-07-18;2268.00000000;98.52999878;2268.00000000;98.52999878
NE;NORDESTE;2004-07-18;3851.00000000;100.81999969;3851.00000000;100.81999969
S;SUL;2004-07-18;14699.00000000;188.86000061;12383.00000000;159.10000610
SE;SUDESTE;2004-07-18;27723.00000000;140.97000122;23986.00000000;121.95999908
N;NORTE;2004-07-19;2308.00000000;100.26999664;2300.00000000;99.91999817
NE;NORDESTE;2004-07-19;3845.00000000;100.66000366;3845.00000000;100.66000366
S;SUL;2004-07-19;13004.00000000;167.08000183;11134.00000000;143.05999756
SE;SUDESTE;2004-07-19;29420.00000000;149.60000610;25733.00000000;130.85000610
N;NORTE;2004-07-20;2420.00000000;105.12999725;2416.00000000;104.95999908
NE;NORDESTE;2004-07-20;3860.00000000;101.05999756;3860.00000000;101.05999756
S;SUL;2004-07-20;11874.00000000;152.55999756;11376.00000000;146.16999817
SE;SUDESTE;2004-07-20;29799.00000000;151.52000427;25996.00000000;132.19000244
N;NORTE;2004-07-21;2426.00000000;105.38999939;2420.00000000;105.12999725
NE;NORDESTE;2004-07-21;3871.00000000;101.33999634;3871.00000000;101.33999634
S;SUL;2004-07-21;11144.00000000;143.19000244;10841.00000000;139.28999329
SE;SUDESTE;2004-07-21;30192.00000000;153.52000427;26044.00000000;132.42999268
N;NORTE;2004-07-22;2311.00000000;100.40000153;2305.00000000;100.13999939
NE;NORDESTE;2004-07-22;3825.00000000;100.13999939;3825.00000000;100.13999939
S;SUL;2004-07-22;10166.00000000;130.61999512;9882.00000000;126.97000122
SE;SUDESTE;2004-07-22;29815.00000000;151.60000610;25701.00000000;130.69000244
N;NORTE;2004-07-23;2276.00000000;98.87999725;2267.00000000;98.48000336
NE;NORDESTE;2004-07-23;3817.00000000;99.93000031;3507.00000000;91.80999756
S;SUL;2004-07-23;9393.00000000;120.69000244;9049.00000000;116.26999664
SE;SUDESTE;2004-07-23;29096.00000000;147.94999695;24721.00000000;125.69999695
N;NORTE;2004-07-24;2160.00000000;93.83999634;2149.00000000;93.36000061
NE;NORDESTE;2004-07-24;3820.00000000;100.01000214;3820.00000000;100.01000214
S;SUL;2004-07-24;8845.00000000;113.65000153;8527.00000000;109.55999756
SE;SUDESTE;2004-07-24;28555.00000000;145.19999695;23182.00000000;117.87999725
N;NORTE;2004-07-25;2017.00000000;87.62000275;2009.00000000;87.27999878
NE;NORDESTE;2004-07-25;3774.00000000;98.80000305;3774.00000000;98.80000305
S;SUL;2004-07-25;8232.00000000;105.76999664;7914.00000000;101.68000031
SE;SUDESTE;2004-07-25;27129.00000000;137.94999695;20971.00000000;106.62999725
N;NORTE;2004-07-26;1899.00000000;82.50000000;1893.00000000;82.23999786
NE;NORDESTE;2004-07-26;3711.00000000;97.15000153;3711.00000000;97.15000153
S;SUL;2004-07-26;7745.00000000;99.51000214;7365.00000000;94.62999725
SE;SUDESTE;2004-07-26;25920.00000000;131.80000305;22610.00000000;114.97000122
N;NORTE;2004-07-27;1884.00000000;81.84999847;1879.00000000;81.62999725
NE;NORDESTE;2004-07-27;3611.00000000;94.54000092;3611.00000000;94.54000092
S;SUL;2004-07-27;7241.00000000;93.04000092;6949.00000000;89.29000092
SE;SUDESTE;2004-07-27;24617.00000000;125.16999817;23163.00000000;117.77999878
N;NORTE;2004-07-28;1853.00000000;80.50000000;1851.00000000;80.41000366
NE;NORDESTE;2004-07-28;3501.00000000;91.66000366;3501.00000000;91.66000366
S;SUL;2004-07-28;6803.00000000;87.41000366;6715.00000000;86.27999878
SE;SUDESTE;2004-07-28;23766.00000000;120.84999847;23122.00000000;117.56999969
N;NORTE;2004-07-29;1802.00000000;78.27999878;1802.00000000;78.27999878
NE;NORDESTE;2004-07-29;3465.00000000;90.70999908;3465.00000000;90.70999908
S;SUL;2004-07-29;6305.00000000;81.01000214;6305.00000000;81.01000214
SE;SUDESTE;2004-07-29;22956.00000000;116.73000336;22195.00000000;112.86000061
N;NORTE;2004-07-30;1787.00000000;77.62999725;1787.00000000;77.62999725
NE;NORDESTE;2004-07-30;3426.00000000;89.69000244;3426.00000000;89.69000244
S;SUL;2004-07-30;6270.00000000;80.55999756;6270.00000000;80.55999756
SE;SUDESTE;2004-07-30;22648.00000000;115.16000366;22148.00000000;112.62000275
N;NORTE;2004-07-31;1868.00000000;81.15000153;1868.00000000;81.15000153
NE;NORDESTE;2004-07-31;3436.00000000;89.95999908;3436.00000000;89.95999908
S;SUL;2004-07-31;5959.00000000;76.56999969;5959.00000000;76.56999969
SE;SUDESTE;2004-07-31;22254.00000000;113.16000366;21187.00000000;107.73000336
N;NORTE;2004-08-01;1781.00000000;110.30000305;1781.00000000;110.30000305
NE;NORDESTE;2004-08-01;3438.00000000;103.11000061;3438.00000000;103.11000061
S;SUL;2004-08-01;5562.00000000;79.91999817;5562.00000000;79.91999817
SE;SUDESTE;2004-08-01;21840.00000000;133.25000000;19861.00000000;121.16999817
N;NORTE;2004-08-02;1809.00000000;112.02999878;1809.00000000;112.02999878
NE;NORDESTE;2004-08-02;3453.00000000;103.55000305;3453.00000000;103.55000305
S;SUL;2004-08-02;5220.00000000;75.01000214;5220.00000000;75.01000214
SE;SUDESTE;2004-08-02;21435.00000000;130.77999878;21023.00000000;128.25999451
N;NORTE;2004-08-03;1781.00000000;110.30000305;1781.00000000;110.30000305
NE;NORDESTE;2004-08-03;3361.00000000;100.80000305;3361.00000000;100.80000305
S;SUL;2004-08-03;5179.00000000;74.41999817;5179.00000000;74.41999817
SE;SUDESTE;2004-08-03;21477.00000000;131.02999878;21305.00000000;129.97999573
N;NORTE;2004-08-04;1751.00000000;108.44000244;1751.00000000;108.44000244
NE;NORDESTE;2004-08-04;3354.00000000;100.58999634;3354.00000000;100.58999634
S;SUL;2004-08-04;4714.00000000;67.73999786;4714.00000000;67.73999786
SE;SUDESTE;2004-08-04;20979.00000000;127.98999786;20821.00000000;127.02999878
N;NORTE;2004-08-05;1694.00000000;104.91000366;1694.00000000;104.91000366
NE;NORDESTE;2004-08-05;3272.00000000;98.12999725;3272.00000000;98.12999725
S;SUL;2004-08-05;4228.00000000;60.75999832;4228.00000000;60.75999832
SE;SUDESTE;2004-08-05;20652.00000000;126.00000000;20519.00000000;125.19000244
N;NORTE;2004-08-06;1688.00000000;104.54000092;1685.00000000;104.36000061
NE;NORDESTE;2004-08-06;3243.00000000;97.26000214;3243.00000000;97.26000214
S;SUL;2004-08-06;3988.00000000;57.31000137;3988.00000000;57.31000137
SE;SUDESTE;2004-08-06;19960.00000000;121.77999878;19825.00000000;120.94999695
N;NORTE;2004-08-07;1571.00000000;97.30000305;1559.00000000;96.55000305
NE;NORDESTE;2004-08-07;3238.00000000;97.11000061;3238.00000000;97.11000061
S;SUL;2004-08-07;3896.00000000;55.97999954;3896.00000000;55.97999954
SE;SUDESTE;2004-08-07;19396.00000000;118.33999634;19267.00000000;117.55000305
N;NORTE;2004-08-08;1659.00000000;102.75000000;1648.00000000;102.05999756
NE;NORDESTE;2004-08-08;3230.00000000;96.87000275;3230.00000000;96.87000275
S;SUL;2004-08-08;3787.00000000;54.41999817;3787.00000000;54.41999817
SE;SUDESTE;2004-08-08;19124.00000000;116.68000031;18994.00000000;115.87999725
N;NORTE;2004-08-09;1640.00000000;101.56999969;1637.00000000;101.37999725
NE;NORDESTE;2004-08-09;3196.00000000;95.84999847;3196.00000000;95.84999847
S;SUL;2004-08-09;3466.00000000;49.81000137;3466.00000000;49.81000137
SE;SUDESTE;2004-08-09;18907.00000000;115.34999847;18780.00000000;114.58000183
N;NORTE;2004-08-10;1608.00000000;99.58999634;1608.00000000;99.58999634
NE;NORDESTE;2004-08-10;3186.00000000;95.55000305;3186.00000000;95.55000305
S;SUL;2004-08-10;3175.00000000;45.61999893;3175.00000000;45.61999893
SE;SUDESTE;2004-08-10;18614.00000000;113.56999969;18459.00000000;112.62000275
N;NORTE;2004-08-11;1630.00000000;100.94999695;1623.00000000;100.51999664
NE;NORDESTE;2004-08-11;3122.00000000;93.62999725;3122.00000000;93.62999725
S;SUL;2004-08-11;2982.00000000;42.84999847;2982.00000000;42.84999847
SE;SUDESTE;2004-08-11;18612.00000000;113.55000305;18468.00000000;112.68000031
N;NORTE;2004-08-12;1739.00000000;107.69999695;1724.00000000;106.76999664
NE;NORDESTE;2004-08-12;3076.00000000;92.25000000;3076.00000000;92.25000000
S;SUL;2004-08-12;3006.00000000;43.20000076;3006.00000000;43.20000076
SE;SUDESTE;2004-08-12;18195.00000000;111.01000214;18057.00000000;110.16999817
N;NORTE;2004-08-13;1689.00000000;104.59999847;1679.00000000;103.98000336
NE;NORDESTE;2004-08-13;3000.00000000;89.97000122;3000.00000000;89.97000122
S;SUL;2004-08-13;3182.00000000;45.72000122;3182.00000000;45.72000122
SE;SUDESTE;2004-08-13;17968.00000000;109.62000275;17832.00000000;108.79000092
N;NORTE;2004-08-14;1628.00000000;100.83000183;1626.00000000;100.69999695
NE;NORDESTE;2004-08-14;2940.00000000;88.16999817;2917.00000000;87.48000336
S;SUL;2004-08-14;3218.00000000;46.24000168;3218.00000000;46.24000168
SE;SUDESTE;2004-08-14;17709.00000000;108.04000092;17574.00000000;107.22000122
N;NORTE;2004-08-15;1604.00000000;99.33999634;1589.00000000;98.41000366
NE;NORDESTE;2004-08-15;2903.00000000;87.05999756;2903.00000000;87.05999756
S;SUL;2004-08-15;3027.00000000;43.50000000;3027.00000000;43.50000000
SE;SUDESTE;2004-08-15;17422.00000000;106.29000092;17242.00000000;105.19999695
N;NORTE;2004-08-16;1595.00000000;98.77999878;1578.00000000;97.73000336
NE;NORDESTE;2004-08-16;2910.00000000;87.26999664;2910.00000000;87.26999664
S;SUL;2004-08-16;2780.00000000;39.95000076;2780.00000000;39.95000076
SE;SUDESTE;2004-08-16;17146.00000000;104.61000061;16980.00000000;103.59999847
N;NORTE;2004-08-17;1517.00000000;93.94999695;1500.00000000;92.90000153
NE;NORDESTE;2004-08-17;2914.00000000;87.38999939;2891.00000000;86.69999695
S;SUL;2004-08-17;2645.00000000;38.00999832;2645.00000000;38.00999832
SE;SUDESTE;2004-08-17;16964.00000000;103.50000000;16839.00000000;102.73999786
N;NORTE;2004-08-18;1456.00000000;90.16999817;1444.00000000;89.43000031
NE;NORDESTE;2004-08-18;2923.00000000;87.66000366;2923.00000000;87.66000366
S;SUL;2004-08-18;2582.00000000;37.09999847;2582.00000000;37.09999847
SE;SUDESTE;2004-08-18;16771.00000000;102.31999969;16688.00000000;101.81999969
N;NORTE;2004-08-19;1461.00000000;90.48000336;1459.00000000;90.36000061
NE;NORDESTE;2004-08-19;2896.00000000;86.84999847;2871.00000000;86.09999847
S;SUL;2004-08-19;2551.00000000;36.65999985;2551.00000000;36.65999985
SE;SUDESTE;2004-08-19;16533.00000000;100.87000275;16459.00000000;100.41999817
N;NORTE;2004-08-20;1459.00000000;90.36000061;1456.00000000;90.16999817
NE;NORDESTE;2004-08-20;2878.00000000;86.30999756;2855.00000000;85.62000275
S;SUL;2004-08-20;2590.00000000;37.22000122;2590.00000000;37.22000122
SE;SUDESTE;2004-08-20;16314.00000000;99.52999878;16244.00000000;99.11000061
N;NORTE;2004-08-21;1404.00000000;86.94999695;1399.00000000;86.63999939
NE;NORDESTE;2004-08-21;2850.00000000;85.47000122;2826.00000000;84.75000000
S;SUL;2004-08-21;2556.00000000;36.72999954;2475.00000000;35.56999969
SE;SUDESTE;2004-08-21;16268.00000000;99.25000000;16206.00000000;98.87000275
N;NORTE;2004-08-22;1436.00000000;88.93000031;1425.00000000;88.25000000
NE;NORDESTE;2004-08-22;2860.00000000;85.76999664;2837.00000000;85.08000183
S;SUL;2004-08-22;2565.00000000;36.86000061;2542.00000000;36.52999878
SE;SUDESTE;2004-08-22;16411.00000000;100.12999725;16265.00000000;99.23000336
N;NORTE;2004-08-23;1449.00000000;89.73999786;1446.00000000;89.55000305
NE;NORDESTE;2004-08-23;2874.00000000;86.19000244;2851.00000000;85.50000000
S;SUL;2004-08-23;2497.00000000;35.88000107;2497.00000000;35.88000107
SE;SUDESTE;2004-08-23;16554.00000000;101.00000000;16480.00000000;100.55000305
N;NORTE;2004-08-24;1527.00000000;94.56999969;1527.00000000;94.56999969
NE;NORDESTE;2004-08-24;2868.00000000;86.01000214;2841.00000000;85.19999695
S;SUL;2004-08-24;2500.00000000;35.91999817;2500.00000000;35.91999817
SE;SUDESTE;2004-08-24;16626.00000000;101.44000244;16557.00000000;101.01999664
N;NORTE;2004-08-25;1573.00000000;97.41999817;1564.00000000;96.86000061
NE;NORDESTE;2004-08-25;2868.00000000;86.01000214;2845.00000000;85.31999969
S;SUL;2004-08-25;2490.00000000;35.77999878;2490.00000000;35.77999878
SE;SUDESTE;2004-08-25;16563.00000000;101.05000305;16455.00000000;100.38999939
N;NORTE;2004-08-26;1631.00000000;101.01000214;1626.00000000;100.69999695
NE;NORDESTE;2004-08-26;2862.00000000;85.83000183;2839.00000000;85.13999939
S;SUL;2004-08-26;2578.00000000;37.04999924;2578.00000000;37.04999924
SE;SUDESTE;2004-08-26;16433.00000000;100.26000214;16329.00000000;99.62000275
N;NORTE;2004-08-27;1605.00000000;99.40000153;1605.00000000;99.40000153
NE;NORDESTE;2004-08-27;2848.00000000;85.41000366;2827.00000000;84.77999878
S;SUL;2004-08-27;2815.00000000;40.45000076;2815.00000000;40.45000076
SE;SUDESTE;2004-08-27;16330.00000000;99.62999725;16191.00000000;98.77999878
N;NORTE;2004-08-28;1585.00000000;98.16000366;1585.00000000;98.16000366
NE;NORDESTE;2004-08-28;2806.00000000;84.15000153;2782.00000000;83.43000031
S;SUL;2004-08-28;3226.00000000;46.36000061;3226.00000000;46.36000061
SE;SUDESTE;2004-08-28;16277.00000000;99.30999756;16187.00000000;98.76000214
N;NORTE;2004-08-29;1555.00000000;96.30000305;1555.00000000;96.30000305
NE;NORDESTE;2004-08-29;2763.00000000;82.86000061;2740.00000000;82.16999817
S;SUL;2004-08-29;3483.00000000;50.04999924;3483.00000000;50.04999924
SE;SUDESTE;2004-08-29;16258.00000000;99.19000244;16056.00000000;97.95999908
N;NORTE;2004-08-30;1499.00000000;92.83999634;1495.00000000;92.58999634
NE;NORDESTE;2004-08-30;2723.00000000;81.66000366;2700.00000000;80.97000122
S;SUL;2004-08-30;3467.00000000;49.81999969;3467.00000000;49.81999969
SE;SUDESTE;2004-08-30;16020.00000000;97.73999786;15945.00000000;97.27999878
N;NORTE;2004-08-31;1474.00000000;91.29000092;1464.00000000;90.66999817
NE;NORDESTE;2004-08-31;2690.00000000;80.66999817;2662.00000000;79.83000183
S;SUL;2004-08-31;3246.00000000;46.63999939;3246.00000000;46.63999939
SE;SUDESTE;2004-08-31;15953.00000000;97.33000183;15736.00000000;96.01000214
N;NORTE;2004-09-01;1437.00000000;112.58999634;1426.00000000;111.72000122
NE;NORDESTE;2004-09-01;2758.00000000;92.26999664;2734.00000000;91.47000122
S;SUL;2004-09-01;2968.00000000;36.65999985;2968.00000000;36.65999985
SE;SUDESTE;2004-09-01;15896.00000000;97.59999847;15792.00000000;96.97000122
N;NORTE;2004-09-02;1400.00000000;109.69000244;1397.00000000;109.44999695
NE;NORDESTE;2004-09-02;2753.00000000;92.11000061;2730.00000000;91.33999634
S;SUL;2004-09-02;2841.00000000;35.09000015;2841.00000000;35.09000015
SE;SUDESTE;2004-09-02;15619.00000000;95.90000153;15399.00000000;94.55000305
N;NORTE;2004-09-03;1373.00000000;107.56999969;1373.00000000;107.56999969
NE;NORDESTE;2004-09-03;2822.00000000;94.41999817;2799.00000000;93.65000153
S;SUL;2004-09-03;2731.00000000;33.72999954;2731.00000000;33.72999954
SE;SUDESTE;2004-09-03;15400.00000000;94.55999756;15245.00000000;93.61000061
N;NORTE;2004-09-04;1389.00000000;108.83000183;1389.00000000;108.83000183
NE;NORDESTE;2004-09-04;2897.00000000;96.93000031;2872.00000000;96.08999634
S;SUL;2004-09-04;2634.00000000;32.52999878;2634.00000000;32.52999878
SE;SUDESTE;2004-09-04;15007.00000000;92.15000153;14948.00000000;91.77999878
N;NORTE;2004-09-05;1351.00000000;105.84999847;1351.00000000;105.84999847
NE;NORDESTE;2004-09-05;2873.00000000;96.12000275;2848.00000000;95.29000092
S;SUL;2004-09-05;2481.00000000;30.63999939;2481.00000000;30.63999939
SE;SUDESTE;2004-09-05;14625.00000000;89.80000305;14566.00000000;89.44000244
N;NORTE;2004-09-06;1358.00000000;106.40000153;1358.00000000;106.40000153
NE;NORDESTE;2004-09-06;2870.00000000;96.01999664;2845.00000000;95.19000244
S;SUL;2004-09-06;2283.00000000;28.20000076;2283.00000000;28.20000076
SE;SUDESTE;2004-09-06;14359.00000000;88.16999817;14297.00000000;87.79000092
N;NORTE;2004-09-07;1320.00000000;103.41999817;1320.00000000;103.41999817
NE;NORDESTE;2004-09-07;2869.00000000;95.98999786;2844.00000000;95.15000153
S;SUL;2004-09-07;2140.00000000;26.43000031;2140.00000000;26.43000031
SE;SUDESTE;2004-09-07;14225.00000000;87.33999634;14100.00000000;86.58000183
N;NORTE;2004-09-08;1343.00000000;105.22000122;1343.00000000;105.22000122
NE;NORDESTE;2004-09-08;2864.00000000;95.81999969;2849.00000000;95.31999969
S;SUL;2004-09-08;2040.00000000;25.20000076;2040.00000000;25.20000076
SE;SUDESTE;2004-09-08;13767.00000000;84.52999878;13642.00000000;83.76000214
N;NORTE;2004-09-09;1330.00000000;104.19999695;1330.00000000;104.19999695
NE;NORDESTE;2004-09-09;2831.00000000;94.72000122;2806.00000000;93.87999725
S;SUL;2004-09-09;2073.00000000;25.60000038;2073.00000000;25.60000038
SE;SUDESTE;2004-09-09;13687.00000000;84.04000092;13578.00000000;83.37000275
N;NORTE;2004-09-10;1331.00000000;104.27999878;1331.00000000;104.27999878
NE;NORDESTE;2004-09-10;2821.00000000;94.37999725;2795.00000000;93.51000214
S;SUL;2004-09-10;2053.00000000;25.36000061;2053.00000000;25.36000061
SE;SUDESTE;2004-09-10;13459.00000000;82.63999939;13345.00000000;81.94000244
N;NORTE;2004-09-11;1271.00000000;99.58000183;1271.00000000;99.58000183
NE;NORDESTE;2004-09-11;2813.00000000;94.11000061;2790.00000000;93.34999847
S;SUL;2004-09-11;2112.00000000;26.09000015;2112.00000000;26.09000015
SE;SUDESTE;2004-09-11;13277.00000000;81.51999664;13194.00000000;81.01000214
N;NORTE;2004-09-12;1415.00000000;110.86000061;1415.00000000;110.86000061
NE;NORDESTE;2004-09-12;2786.00000000;93.20999908;2761.00000000;92.37999725
S;SUL;2004-09-12;2613.00000000;32.27000046;2613.00000000;32.27000046
SE;SUDESTE;2004-09-12;13587.00000000;83.43000031;13516.00000000;82.98999786
N;NORTE;2004-09-13;1328.00000000;104.05000305;1328.00000000;104.05000305
NE;NORDESTE;2004-09-13;2786.00000000;93.20999908;2761.00000000;92.37999725
S;SUL;2004-09-13;4574.00000000;56.49000168;4574.00000000;56.49000168
SE;SUDESTE;2004-09-13;13538.00000000;83.12999725;13263.00000000;81.44000244
N;NORTE;2004-09-14;1349.00000000;105.69000244;1349.00000000;105.69000244
NE;NORDESTE;2004-09-14;2762.00000000;92.41000366;2737.00000000;91.56999969
S;SUL;2004-09-14;7556.00000000;93.33000183;7556.00000000;93.33000183
SE;SUDESTE;2004-09-14;13524.00000000;83.04000092;13235.00000000;81.26999664
N;NORTE;2004-09-15;1325.00000000;103.80999756;1325.00000000;103.80999756
NE;NORDESTE;2004-09-15;2733.00000000;91.44000244;2733.00000000;91.44000244
S;SUL;2004-09-15;9712.00000000;119.95999908;9585.00000000;118.38999939
SE;SUDESTE;2004-09-15;13812.00000000;84.80999756;13531.00000000;83.08000183
N;NORTE;2004-09-16;1378.00000000;107.95999908;1378.00000000;107.95999908
NE;NORDESTE;2004-09-16;2671.00000000;89.36000061;2647.00000000;88.55999756
S;SUL;2004-09-16;9484.00000000;117.13999939;9267.00000000;114.45999908
SE;SUDESTE;2004-09-16;13924.00000000;85.50000000;13749.00000000;84.41999817
N;NORTE;2004-09-17;1279.00000000;100.20999908;1279.00000000;100.20999908
NE;NORDESTE;2004-09-17;2648.00000000;88.58999634;2624.00000000;87.79000092
S;SUL;2004-09-17;7628.00000000;94.22000122;7628.00000000;94.22000122
SE;SUDESTE;2004-09-17;14237.00000000;87.41999817;14133.00000000;86.77999878
N;NORTE;2004-09-18;1323.00000000;103.65000153;1323.00000000;103.65000153
NE;NORDESTE;2004-09-18;2632.00000000;88.05999756;2632.00000000;88.05999756
S;SUL;2004-09-18;6248.00000000;77.16999817;6070.00000000;74.97000122
SE;SUDESTE;2004-09-18;14580.00000000;89.51999664;14476.00000000;88.88999939
N;NORTE;2004-09-19;1225.00000000;95.98000336;1225.00000000;95.98000336
NE;NORDESTE;2004-09-19;2632.00000000;88.05999756;2607.00000000;87.22000122
S;SUL;2004-09-19;5546.00000000;68.50000000;5456.00000000;67.38999939
SE;SUDESTE;2004-09-19;14735.00000000;90.48000336;14640.00000000;89.88999939
N;NORTE;2004-09-20;1322.00000000;103.58000183;1322.00000000;103.58000183
NE;NORDESTE;2004-09-20;2603.00000000;87.08999634;2580.00000000;86.31999969
S;SUL;2004-09-20;5016.00000000;61.95000076;5016.00000000;61.95000076
SE;SUDESTE;2004-09-20;14927.00000000;91.66000366;14858.00000000;91.23000336
N;NORTE;2004-09-21;1258.00000000;98.55999756;1258.00000000;98.55999756
NE;NORDESTE;2004-09-21;2603.00000000;87.08999634;2578.00000000;86.25000000
S;SUL;2004-09-21;4667.00000000;57.63999939;4667.00000000;57.63999939
SE;SUDESTE;2004-09-21;14731.00000000;90.44999695;14644.00000000;89.91999817
N;NORTE;2004-09-22;1329.00000000;104.12000275;1329.00000000;104.12000275
NE;NORDESTE;2004-09-22;2613.00000000;87.41999817;2589.00000000;86.62000275
S;SUL;2004-09-22;4597.00000000;56.77999878;4597.00000000;56.77999878
SE;SUDESTE;2004-09-22;14454.00000000;88.75000000;14353.00000000;88.12999725
N;NORTE;2004-09-23;1302.00000000;102.01000214;1302.00000000;102.01000214
NE;NORDESTE;2004-09-23;2630.00000000;87.98999786;2606.00000000;87.19000244
S;SUL;2004-09-23;5199.00000000;64.20999908;5199.00000000;64.20999908
SE;SUDESTE;2004-09-23;14203.00000000;87.20999908;14110.00000000;86.63999939
N;NORTE;2004-09-24;1264.00000000;99.02999878;1264.00000000;99.02999878
NE;NORDESTE;2004-09-24;2615.00000000;87.48999786;2596.00000000;86.84999847
S;SUL;2004-09-24;6608.00000000;81.62000275;5175.00000000;63.91999817
SE;SUDESTE;2004-09-24;13984.00000000;85.86000061;13907.00000000;85.38999939
N;NORTE;2004-09-25;1168.00000000;91.51000214;1168.00000000;91.51000214
NE;NORDESTE;2004-09-25;2613.00000000;87.41999817;2584.00000000;86.44999695
S;SUL;2004-09-25;8146.00000000;100.61000061;6601.00000000;81.52999878
SE;SUDESTE;2004-09-25;13679.00000000;83.98999786;13620.00000000;83.62999725
N;NORTE;2004-09-26;1073.00000000;84.06999969;1073.00000000;84.06999969
NE;NORDESTE;2004-09-26;2598.00000000;86.91999817;2569.00000000;85.94999695
S;SUL;2004-09-26;7326.00000000;90.48999786;6597.00000000;81.48000336
SE;SUDESTE;2004-09-26;13559.00000000;83.26000214;13501.00000000;82.90000153
N;NORTE;2004-09-27;998.00000000;78.19000244;998.00000000;78.19000244
NE;NORDESTE;2004-09-27;2580.00000000;86.31999969;2580.00000000;86.31999969
S;SUL;2004-09-27;6183.00000000;76.37000275;5768.00000000;71.23999786
SE;SUDESTE;2004-09-27;12963.00000000;79.59999847;12888.00000000;79.13999939
N;NORTE;2004-09-28;1033.00000000;80.93000031;1033.00000000;80.93000031
NE;NORDESTE;2004-09-28;2537.00000000;84.87999725;2508.00000000;83.91000366
S;SUL;2004-09-28;8506.00000000;105.05999756;2173.00000000;26.84000015
SE;SUDESTE;2004-09-28;12602.00000000;77.37999725;12533.00000000;76.95999908
N;NORTE;2004-09-29;1004.00000000;78.66000366;1004.00000000;78.66000366
NE;NORDESTE;2004-09-29;2510.00000000;83.98000336;2482.00000000;83.04000092
S;SUL;2004-09-29;10930.00000000;135.00000000;3608.00000000;44.56000137
SE;SUDESTE;2004-09-29;12778.00000000;78.45999908;12703.00000000;78.00000000
N;NORTE;2004-09-30;1065.00000000;83.44000244;1065.00000000;83.44000244
NE;NORDESTE;2004-09-30;2481.00000000;83.01000214;2455.00000000;82.13999939
S;SUL;2004-09-30;9928.00000000;122.62000275;7020.00000000;86.70999908
SE;SUDESTE;2004-09-30;12544.00000000;77.01999664;12479.00000000;76.62000275
N;NORTE;2004-10-01;1055.00000000;73.94999695;1055.00000000;73.94999695
NE;NORDESTE;2004-10-01;2482.00000000;76.16000366;2453.00000000;75.26999664
S;SUL;2004-10-01;7219.00000000;75.52999878;5792.00000000;60.59999847
SE;SUDESTE;2004-10-01;11369.00000000;58.52999878;11304.00000000;58.20000076
N;NORTE;2004-10-02;1080.00000000;75.69999695;1080.00000000;75.69999695
NE;NORDESTE;2004-10-02;2485.00000000;76.25000000;2485.00000000;76.25000000
S;SUL;2004-10-02;5629.00000000;58.88999939;5013.00000000;52.45000076
SE;SUDESTE;2004-10-02;11770.00000000;60.59999847;11702.00000000;60.25000000
N;NORTE;2004-10-03;1074.00000000;75.27999878;1074.00000000;75.27999878
NE;NORDESTE;2004-10-03;2556.00000000;78.43000031;2528.00000000;77.56999969
S;SUL;2004-10-03;4721.00000000;49.38999939;4088.00000000;42.77000046
SE;SUDESTE;2004-10-03;12119.00000000;62.38999939;12067.00000000;62.13000107
N;NORTE;2004-10-04;1130.00000000;79.20999908;1130.00000000;79.20999908
NE;NORDESTE;2004-10-04;2604.00000000;79.90000153;2575.00000000;79.01000214
S;SUL;2004-10-04;4131.00000000;43.22000122;3947.00000000;41.29000092
SE;SUDESTE;2004-10-04;12749.00000000;65.63999939;12643.00000000;65.08999634
N;NORTE;2004-10-05;1110.00000000;77.80999756;1110.00000000;77.80999756
NE;NORDESTE;2004-10-05;2753.00000000;84.47000122;2726.00000000;83.63999939
S;SUL;2004-10-05;3781.00000000;39.56000137;3781.00000000;39.56000137
SE;SUDESTE;2004-10-05;13271.00000000;68.33000183;13182.00000000;67.87000275
N;NORTE;2004-10-06;1297.00000000;90.91000366;1297.00000000;90.91000366
NE;NORDESTE;2004-10-06;2753.00000000;84.47000122;2725.00000000;83.61000061
S;SUL;2004-10-06;3508.00000000;36.70000076;3508.00000000;36.70000076
SE;SUDESTE;2004-10-06;13442.00000000;69.20999908;13335.00000000;68.66000366
N;NORTE;2004-10-07;1309.00000000;91.75000000;1309.00000000;91.75000000
NE;NORDESTE;2004-10-07;2758.00000000;84.62999725;2730.00000000;83.76999664
S;SUL;2004-10-07;3350.00000000;35.04999924;3350.00000000;35.04999924
SE;SUDESTE;2004-10-07;13316.00000000;68.55999756;13219.00000000;68.05999756
N;NORTE;2004-10-08;1177.00000000;82.50000000;1177.00000000;82.50000000
NE;NORDESTE;2004-10-08;2755.00000000;84.52999878;2726.00000000;83.63999939
S;SUL;2004-10-08;3072.00000000;32.13999939;3072.00000000;32.13999939
SE;SUDESTE;2004-10-08;13270.00000000;68.31999969;13165.00000000;67.77999878
N;NORTE;2004-10-09;1294.00000000;90.69999695;1294.00000000;90.69999695
NE;NORDESTE;2004-10-09;2760.00000000;84.69000244;2732.00000000;83.83000183
S;SUL;2004-10-09;3005.00000000;31.44000053;3005.00000000;31.44000053
SE;SUDESTE;2004-10-09;13001.00000000;66.94000244;12911.00000000;66.47000122
N;NORTE;2004-10-10;1292.00000000;90.55999756;1292.00000000;90.55999756
NE;NORDESTE;2004-10-10;2790.00000000;85.61000061;2761.00000000;84.72000122
S;SUL;2004-10-10;3280.00000000;34.31999969;3280.00000000;34.31999969
SE;SUDESTE;2004-10-10;13534.00000000;69.68000031;13444.00000000;69.22000122
N;NORTE;2004-10-11;1218.00000000;85.37999725;1218.00000000;85.37999725
NE;NORDESTE;2004-10-11;2796.00000000;85.79000092;2767.00000000;84.90000153
S;SUL;2004-10-11;3904.00000000;40.84000015;3904.00000000;40.84000015
SE;SUDESTE;2004-10-11;14409.00000000;74.18000031;14319.00000000;73.72000122
N;NORTE;2004-10-12;1147.00000000;80.40000153;1147.00000000;80.40000153
NE;NORDESTE;2004-10-12;2807.00000000;86.12999725;2778.00000000;85.23999786
S;SUL;2004-10-12;4398.00000000;46.00999832;4398.00000000;46.00999832
SE;SUDESTE;2004-10-12;15420.00000000;79.38999939;15311.00000000;78.83000183
N;NORTE;2004-10-13;1315.00000000;92.16999817;1315.00000000;92.16999817
NE;NORDESTE;2004-10-13;2812.00000000;86.27999878;2783.00000000;85.38999939
S;SUL;2004-10-13;9602.00000000;100.45999908;9150.00000000;95.73000336
SE;SUDESTE;2004-10-13;16756.00000000;86.26999664;16556.00000000;85.23999786
N;NORTE;2004-10-14;1286.00000000;90.13999939;1286.00000000;90.13999939
NE;NORDESTE;2004-10-14;2805.00000000;86.06999969;2776.00000000;85.18000031
S;SUL;2004-10-14;13028.00000000;136.30000305;12021.00000000;125.76000214
SE;SUDESTE;2004-10-14;18285.00000000;94.13999939;18082.00000000;93.09999847
N;NORTE;2004-10-15;1301.00000000;91.19000244;1301.00000000;91.19000244
NE;NORDESTE;2004-10-15;2808.00000000;86.16000366;2779.00000000;85.26999664
S;SUL;2004-10-15;12876.00000000;134.71000671;12389.00000000;129.61000061
SE;SUDESTE;2004-10-15;19699.00000000;101.41999817;19531.00000000;100.55999756
N;NORTE;2004-10-16;1323.00000000;92.73999786;1323.00000000;92.73999786
NE;NORDESTE;2004-10-16;2765.00000000;84.83999634;2737.00000000;83.98000336
S;SUL;2004-10-16;11235.00000000;117.54000092;10749.00000000;112.45999908
SE;SUDESTE;2004-10-16;21650.00000000;111.45999908;21490.00000000;110.63999939
N;NORTE;2004-10-17;1415.00000000;99.18000031;1415.00000000;99.18000031
NE;NORDESTE;2004-10-17;2724.00000000;83.58000183;2695.00000000;82.69000244
S;SUL;2004-10-17;12270.00000000;128.36999512;11737.00000000;122.79000092
SE;SUDESTE;2004-10-17;22972.00000000;118.26999664;22823.00000000;117.50000000
N;NORTE;2004-10-18;1320.00000000;92.51999664;1320.00000000;92.51999664
NE;NORDESTE;2004-10-18;2675.00000000;82.08000183;2647.00000000;81.22000122
S;SUL;2004-10-18;14204.00000000;148.60000610;12652.00000000;132.36999512
SE;SUDESTE;2004-10-18;24016.00000000;123.65000153;23720.00000000;122.12000275
N;NORTE;2004-10-19;1301.00000000;91.19000244;1301.00000000;91.19000244
NE;NORDESTE;2004-10-19;2659.00000000;81.58999634;2630.00000000;80.69999695
S;SUL;2004-10-19;15020.00000000;157.13999939;13256.00000000;138.67999268
SE;SUDESTE;2004-10-19;25836.00000000;133.02000427;24269.00000000;124.94999695
N;NORTE;2004-10-20;1304.00000000;91.40000153;1304.00000000;91.40000153
NE;NORDESTE;2004-10-20;2618.00000000;80.33000183;2589.00000000;79.44000244
S;SUL;2004-10-20;13767.00000000;144.02999878;12571.00000000;131.52000427
SE;SUDESTE;2004-10-20;26834.00000000;137.83000183;24926.00000000;128.02999878
N;NORTE;2004-10-21;1288.00000000;90.27999878;1288.00000000;90.27999878
NE;NORDESTE;2004-10-21;2612.00000000;80.15000153;2584.00000000;79.29000092
S;SUL;2004-10-21;11883.00000000;124.31999969;11671.00000000;122.09999847
SE;SUDESTE;2004-10-21;26683.00000000;137.05000305;23286.00000000;119.61000061
N;NORTE;2004-10-22;1245.00000000;87.26999664;1245.00000000;87.26999664
NE;NORDESTE;2004-10-22;2603.00000000;79.87000275;2574.00000000;78.98000336
S;SUL;2004-10-22;10107.00000000;105.73999786;10072.00000000;105.37000275
SE;SUDESTE;2004-10-22;26750.00000000;137.39999390;22415.00000000;115.12999725
N;NORTE;2004-10-23;1276.00000000;89.44000244;1276.00000000;89.44000244
NE;NORDESTE;2004-10-23;2613.00000000;80.18000031;2584.00000000;79.29000092
S;SUL;2004-10-23;10152.00000000;106.20999908;10105.00000000;105.72000122
SE;SUDESTE;2004-10-23;26927.00000000;138.30999756;23540.00000000;120.91000366
N;NORTE;2004-10-24;1221.00000000;85.58999634;1221.00000000;85.58999634
NE;NORDESTE;2004-10-24;2607.00000000;79.98999786;2578.00000000;79.09999847
S;SUL;2004-10-24;13299.00000000;139.13000488;13006.00000000;136.07000732
SE;SUDESTE;2004-10-24;27283.00000000;140.13999939;22619.00000000;116.18000031
N;NORTE;2004-10-25;1327.00000000;93.01999664;1327.00000000;93.01999664
NE;NORDESTE;2004-10-25;2571.00000000;78.88999939;2542.00000000;78.00000000
S;SUL;2004-10-25;20271.00000000;212.07000732;18286.00000000;191.30999756
SE;SUDESTE;2004-10-25;27813.00000000;142.86000061;25537.00000000;131.16999817
N;NORTE;2004-10-26;1389.00000000;97.36000061;1389.00000000;97.36000061
NE;NORDESTE;2004-10-26;2532.00000000;77.69000244;2503.00000000;76.80000305
S;SUL;2004-10-26;19926.00000000;208.47000122;16072.00000000;168.14999390
SE;SUDESTE;2004-10-26;28305.00000000;145.38999939;25640.00000000;131.69999695
N;NORTE;2004-10-27;1436.00000000;100.66000366;1436.00000000;100.66000366
NE;NORDESTE;2004-10-27;2580.00000000;79.16999817;2551.00000000;78.27999878
S;SUL;2004-10-27;18581.00000000;194.38999939;15382.00000000;160.92999268
SE;SUDESTE;2004-10-27;28270.00000000;145.21000671;24944.00000000;128.11999512
N;NORTE;2004-10-28;1662.00000000;116.50000000;1662.00000000;116.50000000
NE;NORDESTE;2004-10-28;2838.00000000;87.08000183;2809.00000000;86.19000244
S;SUL;2004-10-28;16582.00000000;173.47999573;14712.00000000;153.91999817
SE;SUDESTE;2004-10-28;28030.00000000;143.97000122;23860.00000000;122.55000305
N;NORTE;2004-10-29;1838.00000000;128.83000183;1838.00000000;128.83000183
NE;NORDESTE;2004-10-29;2766.00000000;84.87000275;2737.00000000;83.98000336
S;SUL;2004-10-29;13793.00000000;144.30000305;11699.00000000;122.38999939
SE;SUDESTE;2004-10-29;27510.00000000;141.30000305;23170.00000000;119.01000214
N;NORTE;2004-10-30;1912.00000000;134.02000427;1912.00000000;134.02000427
NE;NORDESTE;2004-10-30;2908.00000000;89.23000336;2880.00000000;88.37000275
S;SUL;2004-10-30;13231.00000000;138.41999817;6001.00000000;62.77999878
SE;SUDESTE;2004-10-30;26485.00000000;136.03999329;21364.00000000;109.73000336
N;NORTE;2004-10-31;1940.00000000;135.97999573;1940.00000000;135.97999573
NE;NORDESTE;2004-10-31;3025.00000000;92.81999969;2996.00000000;91.93000031
S;SUL;2004-10-31;12678.00000000;132.63999939;4671.00000000;48.86999893
SE;SUDESTE;2004-10-31;25063.00000000;128.72999573;19711.00000000;101.23999786
N;NORTE;2004-11-01;2064.00000000;87.65000153;2064.00000000;87.65000153
NE;NORDESTE;2004-11-01;2851.00000000;53.84999847;2831.00000000;53.47000122
S;SUL;2004-11-01;13505.00000000;196.67999268;3712.00000000;54.06000137
SE;SUDESTE;2004-11-01;23713.00000000;96.36000061;20682.00000000;84.04000092
N;NORTE;2004-11-02;1937.00000000;82.26000214;1937.00000000;82.26000214
NE;NORDESTE;2004-11-02;2841.00000000;53.65999985;2841.00000000;53.65999985
S;SUL;2004-11-02;12774.00000000;186.02999878;9503.00000000;138.38999939
SE;SUDESTE;2004-11-02;22850.00000000;92.84999847;20644.00000000;83.88999939
N;NORTE;2004-11-03;1884.00000000;80.01000214;1884.00000000;80.01000214
NE;NORDESTE;2004-11-03;2807.00000000;53.02000046;2807.00000000;53.02000046
S;SUL;2004-11-03;12611.00000000;183.66000366;10092.00000000;146.97000122
SE;SUDESTE;2004-11-03;22652.00000000;92.05000305;21605.00000000;87.79000092
N;NORTE;2004-11-04;1803.00000000;76.56999969;1803.00000000;76.56999969
NE;NORDESTE;2004-11-04;2803.00000000;52.93999863;2803.00000000;52.93999863
S;SUL;2004-11-04;13524.00000000;196.94999695;6166.00000000;89.80000305
SE;SUDESTE;2004-11-04;22545.00000000;91.61000061;21383.00000000;86.88999939
N;NORTE;2004-11-05;1857.00000000;78.86000061;1857.00000000;78.86000061
NE;NORDESTE;2004-11-05;2827.00000000;53.38999939;2827.00000000;53.38999939
S;SUL;2004-11-05;14632.00000000;213.08999634;6969.00000000;101.48999786
SE;SUDESTE;2004-11-05;22569.00000000;91.70999908;21034.00000000;85.47000122
N;NORTE;2004-11-06;1840.00000000;78.13999939;1840.00000000;78.13999939
NE;NORDESTE;2004-11-06;2910.00000000;54.95999908;2908.00000000;54.91999817
S;SUL;2004-11-06;13860.00000000;201.85000610;9001.00000000;131.08000183
SE;SUDESTE;2004-11-06;23169.00000000;94.15000153;19985.00000000;81.20999908
N;NORTE;2004-11-07;1851.00000000;78.61000061;1851.00000000;78.61000061
NE;NORDESTE;2004-11-07;3028.00000000;57.18999863;3015.00000000;56.93999863
S;SUL;2004-11-07;11955.00000000;174.10000610;8380.00000000;122.04000092
SE;SUDESTE;2004-11-07;23342.00000000;94.84999847;18637.00000000;75.73000336
N;NORTE;2004-11-08;1817.00000000;77.16000366;1817.00000000;77.16000366
NE;NORDESTE;2004-11-08;3132.00000000;59.15000153;3119.00000000;58.90999985
S;SUL;2004-11-08;10386.00000000;151.25000000;7801.00000000;113.61000061
SE;SUDESTE;2004-11-08;23406.00000000;95.11000061;18783.00000000;76.33000183
N;NORTE;2004-11-09;1813.00000000;76.98999786;1813.00000000;76.98999786
NE;NORDESTE;2004-11-09;3187.00000000;60.18999863;3186.00000000;60.16999817
S;SUL;2004-11-09;9573.00000000;139.41000366;7439.00000000;108.33999634
SE;SUDESTE;2004-11-09;23370.00000000;94.95999908;20420.00000000;82.98000336
N;NORTE;2004-11-10;1814.00000000;77.04000092;1814.00000000;77.04000092
NE;NORDESTE;2004-11-10;3219.00000000;60.79999924;3219.00000000;60.79999924
S;SUL;2004-11-10;11136.00000000;162.17999268;6764.00000000;98.51000214
SE;SUDESTE;2004-11-10;23418.00000000;95.16000366;21335.00000000;86.69999695
N;NORTE;2004-11-11;1771.00000000;75.20999908;1771.00000000;75.20999908
NE;NORDESTE;2004-11-11;3219.00000000;60.79999924;3219.00000000;60.79999924
S;SUL;2004-11-11;13120.00000000;191.07000732;7960.00000000;115.91999817
SE;SUDESTE;2004-11-11;23321.00000000;94.76999664;20799.00000000;84.51999664
N;NORTE;2004-11-12;1782.00000000;75.68000031;1782.00000000;75.68000031
NE;NORDESTE;2004-11-12;3207.00000000;60.56999969;3207.00000000;60.56999969
S;SUL;2004-11-12;13668.00000000;199.05000305;10528.00000000;153.32000732
SE;SUDESTE;2004-11-12;23634.00000000;96.04000092;21750.00000000;88.37999725
N;NORTE;2004-11-13;1773.00000000;75.30000305;1773.00000000;75.30000305
NE;NORDESTE;2004-11-13;3177.00000000;60.00000000;3155.00000000;59.59000015
S;SUL;2004-11-13;13301.00000000;193.69999695;7653.00000000;111.44999695
SE;SUDESTE;2004-11-13;23572.00000000;95.79000092;20765.00000000;84.37999725
N;NORTE;2004-11-14;1821.00000000;77.33000183;1821.00000000;77.33000183
NE;NORDESTE;2004-11-14;3018.00000000;57.00000000;2995.00000000;56.56999969
S;SUL;2004-11-14;11508.00000000;167.58999634;6920.00000000;100.77999878
SE;SUDESTE;2004-11-14;23852.00000000;96.91999817;20977.00000000;85.23999786
N;NORTE;2004-11-15;1764.00000000;74.91000366;1764.00000000;74.91000366
NE;NORDESTE;2004-11-15;2844.00000000;53.72000122;2822.00000000;53.29999924
S;SUL;2004-11-15;10763.00000000;156.74000549;6356.00000000;92.55999756
SE;SUDESTE;2004-11-15;24393.00000000;99.12000275;21687.00000000;88.12999725
N;NORTE;2004-11-16;1785.00000000;75.80999756;1785.00000000;75.80999756
NE;NORDESTE;2004-11-16;2669.00000000;50.40999985;2647.00000000;49.99000168
S;SUL;2004-11-16;10962.00000000;159.63999939;6852.00000000;99.79000092
SE;SUDESTE;2004-11-16;25469.00000000;103.48999786;23135.00000000;94.01000214
N;NORTE;2004-11-17;1758.00000000;74.66000366;1758.00000000;74.66000366
NE;NORDESTE;2004-11-17;2690.00000000;50.81000137;2668.00000000;50.38999939
S;SUL;2004-11-17;11230.00000000;163.53999329;8496.00000000;123.73000336
SE;SUDESTE;2004-11-17;25979.00000000;105.56999969;24125.00000000;98.02999878
N;NORTE;2004-11-18;1906.00000000;80.94000244;1906.00000000;80.94000244
NE;NORDESTE;2004-11-18;2834.00000000;53.52999878;2812.00000000;53.11000061
S;SUL;2004-11-18;10440.00000000;152.03999329;7397.00000000;107.72000122
SE;SUDESTE;2004-11-18;26813.00000000;108.95999908;26108.00000000;106.08999634
N;NORTE;2004-11-19;1829.00000000;77.66999817;1829.00000000;77.66999817
NE;NORDESTE;2004-11-19;2953.00000000;55.77000046;2938.00000000;55.49000168
S;SUL;2004-11-19;9333.00000000;135.91999817;7344.00000000;106.94999695
SE;SUDESTE;2004-11-19;27508.00000000;111.77999878;27341.00000000;111.09999847
N;NORTE;2004-11-20;1867.00000000;79.29000092;1867.00000000;79.29000092
NE;NORDESTE;2004-11-20;3009.00000000;56.83000183;2988.00000000;56.43000031
S;SUL;2004-11-20;8649.00000000;125.95999908;7986.00000000;116.30000305
SE;SUDESTE;2004-11-20;27702.00000000;112.56999969;27553.00000000;111.95999908
N;NORTE;2004-11-21;1876.00000000;79.66999817;1876.00000000;79.66999817
NE;NORDESTE;2004-11-21;3049.00000000;57.59000015;3024.00000000;57.11000061
S;SUL;2004-11-21;7483.00000000;108.98000336;7259.00000000;105.70999908
SE;SUDESTE;2004-11-21;27871.00000000;113.25000000;26703.00000000;108.51000214
N;NORTE;2004-11-22;1882.00000000;79.91999817;1882.00000000;79.91999817
NE;NORDESTE;2004-11-22;3251.00000000;61.40000153;3229.00000000;60.99000168
S;SUL;2004-11-22;6717.00000000;97.81999969;6670.00000000;97.13999939
SE;SUDESTE;2004-11-22;27373.00000000;111.23000336;26165.00000000;106.31999969
N;NORTE;2004-11-23;1870.00000000;79.41999817;1870.00000000;79.41999817
NE;NORDESTE;2004-11-23;3506.00000000;66.22000122;3506.00000000;66.22000122
S;SUL;2004-11-23;6600.00000000;96.12000275;6351.00000000;92.48999786
SE;SUDESTE;2004-11-23;26712.00000000;108.54000092;24870.00000000;101.05999756
N;NORTE;2004-11-24;1970.00000000;83.66000366;1970.00000000;83.66000366
NE;NORDESTE;2004-11-24;3432.00000000;64.81999969;3432.00000000;64.81999969
S;SUL;2004-11-24;6236.00000000;90.81999969;6133.00000000;89.31999969
SE;SUDESTE;2004-11-24;25550.00000000;103.81999969;23766.00000000;96.56999969
N;NORTE;2004-11-25;2097.00000000;89.05999756;2097.00000000;89.05999756
NE;NORDESTE;2004-11-25;3488.00000000;65.87999725;3488.00000000;65.87999725
S;SUL;2004-11-25;5674.00000000;82.62999725;5656.00000000;82.37000275
SE;SUDESTE;2004-11-25;24320.00000000;98.81999969;23406.00000000;95.11000061
N;NORTE;2004-11-26;2185.00000000;92.79000092;2185.00000000;92.79000092
NE;NORDESTE;2004-11-26;3556.00000000;67.16000366;3556.00000000;67.16000366
S;SUL;2004-11-26;5263.00000000;76.65000153;5237.00000000;76.26999664
SE;SUDESTE;2004-11-26;23077.00000000;93.76999664;22422.00000000;91.11000061
N;NORTE;2004-11-27;2373.00000000;100.77999878;2373.00000000;100.77999878
NE;NORDESTE;2004-11-27;3587.00000000;67.75000000;3587.00000000;67.75000000
S;SUL;2004-11-27;5096.00000000;74.20999908;5052.00000000;73.56999969
SE;SUDESTE;2004-11-27;22469.00000000;91.30000305;20301.00000000;82.48999786
N;NORTE;2004-11-28;2478.00000000;105.23999786;2478.00000000;105.23999786
NE;NORDESTE;2004-11-28;3575.00000000;67.51999664;3575.00000000;67.51999664
S;SUL;2004-11-28;5080.00000000;73.98000336;5023.00000000;73.15000153
SE;SUDESTE;2004-11-28;22576.00000000;91.73999786;19258.00000000;78.26000214
N;NORTE;2004-11-29;2574.00000000;109.30999756;2574.00000000;109.30999756
NE;NORDESTE;2004-11-29;3549.00000000;67.02999878;3549.00000000;67.02999878
S;SUL;2004-11-29;5165.00000000;75.22000122;5097.00000000;74.23000336
SE;SUDESTE;2004-11-29;23168.00000000;94.13999939;21857.00000000;88.81999969
N;NORTE;2004-11-30;2652.00000000;112.62999725;2652.00000000;112.62999725
NE;NORDESTE;2004-11-30;3557.00000000;67.18000031;3557.00000000;67.18000031
S;SUL;2004-11-30;4975.00000000;72.44999695;4930.00000000;71.80000305
SE;SUDESTE;2004-11-30;23842.00000000;96.87999725;23428.00000000;95.19999695
N;NORTE;2004-12-01;2867.00000000;61.95999908;2867.00000000;61.95999908
NE;NORDESTE;2004-12-01;3590.00000000;36.61000061;3590.00000000;36.61000061
S;SUL;2004-12-01;4613.00000000;83.77999878;4578.00000000;83.15000153
SE;SUDESTE;2004-12-01;25116.00000000;68.11000061;24853.00000000;67.38999939
N;NORTE;2004-12-02;3073.00000000;66.41000366;3073.00000000;66.41000366
NE;NORDESTE;2004-12-02;3721.00000000;37.95000076;3721.00000000;37.95000076
S;SUL;2004-12-02;4347.00000000;78.94999695;4321.00000000;78.48000336
SE;SUDESTE;2004-12-02;25840.00000000;70.06999969;25464.00000000;69.05000305
N;NORTE;2004-12-03;3145.00000000;67.97000122;3145.00000000;67.97000122
NE;NORDESTE;2004-12-03;3837.00000000;39.13000107;3837.00000000;39.13000107
S;SUL;2004-12-03;4228.00000000;76.79000092;4218.00000000;76.61000061
SE;SUDESTE;2004-12-03;26131.00000000;70.86000061;25755.00000000;69.83999634
N;NORTE;2004-12-04;3184.00000000;68.80999756;3184.00000000;68.80999756
NE;NORDESTE;2004-12-04;4061.00000000;41.41999817;4061.00000000;41.41999817
S;SUL;2004-12-04;4022.00000000;73.05000305;4022.00000000;73.05000305
SE;SUDESTE;2004-12-04;26277.00000000;71.25000000;25844.00000000;70.08000183
N;NORTE;2004-12-05;3165.00000000;68.40000153;3165.00000000;68.40000153
NE;NORDESTE;2004-12-05;4205.00000000;42.88999939;4205.00000000;42.88999939
S;SUL;2004-12-05;3879.00000000;70.44999695;3879.00000000;70.44999695
SE;SUDESTE;2004-12-05;26231.00000000;71.12999725;25816.00000000;70.00000000
N;NORTE;2004-12-06;3035.00000000;65.58999634;3035.00000000;65.58999634
NE;NORDESTE;2004-12-06;4155.00000000;42.38000107;4155.00000000;42.38000107
S;SUL;2004-12-06;3976.00000000;72.20999908;3942.00000000;71.59999847
SE;SUDESTE;2004-12-06;26664.00000000;72.30000305;26250.00000000;71.18000031
N;NORTE;2004-12-07;2866.00000000;61.93999863;2866.00000000;61.93999863
NE;NORDESTE;2004-12-07;3974.00000000;40.52999878;3974.00000000;40.52999878
S;SUL;2004-12-07;4090.00000000;74.29000092;4073.00000000;73.98000336
SE;SUDESTE;2004-12-07;27203.00000000;73.76000214;26713.00000000;72.44000244
N;NORTE;2004-12-08;2911.00000000;62.90999985;2911.00000000;62.90999985
NE;NORDESTE;2004-12-08;3761.00000000;38.36000061;3761.00000000;38.36000061
S;SUL;2004-12-08;4146.00000000;75.30000305;4146.00000000;75.30000305
SE;SUDESTE;2004-12-08;28050.00000000;76.05999756;27546.00000000;74.69000244
N;NORTE;2004-12-09;2977.00000000;64.33999634;2977.00000000;64.33999634
NE;NORDESTE;2004-12-09;3623.00000000;36.95000076;3623.00000000;36.95000076
S;SUL;2004-12-09;4240.00000000;77.01000214;4240.00000000;77.01000214
SE;SUDESTE;2004-12-09;29257.00000000;79.33000183;28742.00000000;77.94000244
N;NORTE;2004-12-10;2934.00000000;63.40999985;2934.00000000;63.40999985
NE;NORDESTE;2004-12-10;3590.00000000;36.61000061;3590.00000000;36.61000061
S;SUL;2004-12-10;4451.00000000;80.83999634;4436.00000000;80.56999969
SE;SUDESTE;2004-12-10;30757.00000000;83.40000153;30244.00000000;82.01000214
N;NORTE;2004-12-11;2863.00000000;61.88000107;2863.00000000;61.88000107
NE;NORDESTE;2004-12-11;3619.00000000;36.90999985;3619.00000000;36.90999985
S;SUL;2004-12-11;5054.00000000;91.79000092;5036.00000000;91.47000122
SE;SUDESTE;2004-12-11;32591.00000000;88.37000275;31816.00000000;86.26999664
N;NORTE;2004-12-12;2827.00000000;61.09999847;2827.00000000;61.09999847
NE;NORDESTE;2004-12-12;3716.00000000;37.90000153;3716.00000000;37.90000153
S;SUL;2004-12-12;5338.00000000;96.94999695;5334.00000000;96.87999725
SE;SUDESTE;2004-12-12;33712.00000000;91.41000366;32923.00000000;89.27999878
N;NORTE;2004-12-13;2685.00000000;58.02999878;2685.00000000;58.02999878
NE;NORDESTE;2004-12-13;3953.00000000;40.31999969;3953.00000000;40.31999969
S;SUL;2004-12-13;5284.00000000;95.97000122;5270.00000000;95.72000122
SE;SUDESTE;2004-12-13;34232.00000000;92.81999969;33323.00000000;90.36000061
N;NORTE;2004-12-14;2531.00000000;54.70000076;2531.00000000;54.70000076
NE;NORDESTE;2004-12-14;4547.00000000;46.38000107;4547.00000000;46.38000107
S;SUL;2004-12-14;5296.00000000;96.19000244;5269.00000000;95.69999695
SE;SUDESTE;2004-12-14;34050.00000000;92.33000183;33244.00000000;90.15000153
N;NORTE;2004-12-15;2539.00000000;54.86999893;2539.00000000;54.86999893
NE;NORDESTE;2004-12-15;5563.00000000;56.74000168;5563.00000000;56.74000168
S;SUL;2004-12-15;4947.00000000;89.84999847;4917.00000000;89.30999756
SE;SUDESTE;2004-12-15;32659.00000000;88.55999756;32078.00000000;86.98000336
N;NORTE;2004-12-16;2937.00000000;63.47999954;2937.00000000;63.47999954
NE;NORDESTE;2004-12-16;6372.00000000;63.81999969;6372.00000000;63.81999969
S;SUL;2004-12-16;4839.00000000;87.88999939;4811.00000000;87.37999725
SE;SUDESTE;2004-12-16;32046.00000000;86.90000153;31410.00000000;85.16999817
N;NORTE;2004-12-17;2906.00000000;62.81000137;2906.00000000;62.81000137
NE;NORDESTE;2004-12-17;6120.00000000;61.29000092;6120.00000000;61.29000092
S;SUL;2004-12-17;4803.00000000;87.23999786;4782.00000000;86.84999847
SE;SUDESTE;2004-12-17;31654.00000000;85.83000183;31161.00000000;84.50000000
N;NORTE;2004-12-18;3064.00000000;66.22000122;3064.00000000;66.22000122
NE;NORDESTE;2004-12-18;5694.00000000;57.02999878;5694.00000000;57.02999878
S;SUL;2004-12-18;4505.00000000;81.81999969;4490.00000000;81.55000305
SE;SUDESTE;2004-12-18;31539.00000000;85.51999664;30644.00000000;83.09999847
N;NORTE;2004-12-19;3200.00000000;69.16000366;3200.00000000;69.16000366
NE;NORDESTE;2004-12-19;5260.00000000;52.68000031;5260.00000000;52.68000031
S;SUL;2004-12-19;4438.00000000;80.61000061;4435.00000000;80.55000305
SE;SUDESTE;2004-12-19;32920.00000000;89.26999664;32184.00000000;87.26999664
N;NORTE;2004-12-20;3401.00000000;73.50000000;3401.00000000;73.50000000
NE;NORDESTE;2004-12-20;4915.00000000;49.22000122;4915.00000000;49.22000122
S;SUL;2004-12-20;4409.00000000;80.08000183;4409.00000000;80.08000183
SE;SUDESTE;2004-12-20;35476.00000000;96.19999695;35095.00000000;95.16000366
N;NORTE;2004-12-21;3100.00000000;67.00000000;3100.00000000;67.00000000
NE;NORDESTE;2004-12-21;4893.00000000;49.00000000;4893.00000000;49.00000000
S;SUL;2004-12-21;4431.00000000;80.48000336;4431.00000000;80.48000336
SE;SUDESTE;2004-12-21;38877.00000000;105.41999817;38410.00000000;104.15000153
N;NORTE;2004-12-22;3268.00000000;70.62999725;3268.00000000;70.62999725
NE;NORDESTE;2004-12-22;4950.00000000;49.56999969;4950.00000000;49.56999969
S;SUL;2004-12-22;4547.00000000;82.58999634;4547.00000000;82.58999634
SE;SUDESTE;2004-12-22;43425.00000000;117.75000000;42176.00000000;114.37000275
N;NORTE;2004-12-23;3331.00000000;71.98999786;3331.00000000;71.98999786
NE;NORDESTE;2004-12-23;5237.00000000;52.45000076;5237.00000000;52.45000076
S;SUL;2004-12-23;4568.00000000;82.97000122;4568.00000000;82.97000122
SE;SUDESTE;2004-12-23;48568.00000000;131.69999695;46494.00000000;126.06999969
N;NORTE;2004-12-24;3376.00000000;72.95999908;3376.00000000;72.95999908
NE;NORDESTE;2004-12-24;5963.00000000;59.72000122;5963.00000000;59.72000122
S;SUL;2004-12-24;4787.00000000;86.94000244;4787.00000000;86.94000244
SE;SUDESTE;2004-12-24;53070.00000000;143.91000366;49615.00000000;134.53999329
N;NORTE;2004-12-25;3428.00000000;74.08999634;3428.00000000;74.08999634
NE;NORDESTE;2004-12-25;6546.00000000;65.55999756;6546.00000000;65.55999756
S;SUL;2004-12-25;4672.00000000;84.86000061;4672.00000000;84.86000061
SE;SUDESTE;2004-12-25;55291.00000000;149.92999268;49727.00000000;134.83999634
N;NORTE;2004-12-26;3764.00000000;81.34999847;3764.00000000;81.34999847
NE;NORDESTE;2004-12-26;7488.00000000;74.98999786;7488.00000000;74.98999786
S;SUL;2004-12-26;4308.00000000;78.23999786;4308.00000000;78.23999786
SE;SUDESTE;2004-12-26;54223.00000000;147.02999878;50490.00000000;136.91000366
N;NORTE;2004-12-27;3938.00000000;85.11000061;3938.00000000;85.11000061
NE;NORDESTE;2004-12-27;8148.00000000;81.59999847;8148.00000000;81.59999847
S;SUL;2004-12-27;3966.00000000;72.02999878;3966.00000000;72.02999878
SE;SUDESTE;2004-12-27;53279.00000000;144.47000122;51492.00000000;139.63000488
N;NORTE;2004-12-28;4022.00000000;86.93000031;4022.00000000;86.93000031
NE;NORDESTE;2004-12-28;8556.00000000;85.69000244;8556.00000000;85.69000244
S;SUL;2004-12-28;3687.00000000;66.97000122;3687.00000000;66.97000122
SE;SUDESTE;2004-12-28;51471.00000000;139.57000732;50129.00000000;135.92999268
N;NORTE;2004-12-29;4337.00000000;93.73000336;4337.00000000;93.73000336
NE;NORDESTE;2004-12-29;8600.00000000;86.12999725;8600.00000000;86.12999725
S;SUL;2004-12-29;3413.00000000;61.25999832;3407.00000000;61.15999985
SE;SUDESTE;2004-12-29;49844.00000000;135.16000366;48564.00000000;131.69000244
N;NORTE;2004-12-30;4414.00000000;95.40000153;4414.00000000;95.40000153
NE;NORDESTE;2004-12-30;8577.00000000;85.90000153;8577.00000000;85.90000153
S;SUL;2004-12-30;3131.00000000;56.20000076;3107.00000000;55.77000046
SE;SUDESTE;2004-12-30;48376.00000000;131.17999268;46793.00000000;126.88999939
N;NORTE;2004-12-31;4261.00000000;92.08999634;4261.00000000;92.08999634
NE;NORDESTE;2004-12-31;8420.00000000;84.33000183;8420.00000000;84.33000183
S;SUL;2004-12-31;2963.00000000;53.18999863;2956.00000000;53.06000137
SE;SUDESTE;2004-12-31;46593.00000000;126.33999634;43859.00000000;118.93000031
