id_subsistema;nom_subsistema;ena_data;ena_bruta_regiao_mwmed;ena_bruta_regiao_percentualmlt;ena_armazenavel_regiao_mwmed;ena_armazenavel_regiao_percentualmlt
N;NORTE;2005-01-01;4157.00000000;50.75000000;4157.00000000;50.75000000
NE;NORDESTE;2005-01-01;10222.00000000;74.01000214;10222.00000000;74.01000214
S;SUL;2005-01-01;2812.00000000;50.65000153;2802.00000000;50.47000122
SE;SUDESTE;2005-01-01;43952.00000000;87.31999969;40017.00000000;79.51000214
N;NORTE;2005-01-02;4184.00000000;51.08000183;4184.00000000;51.08000183
NE;NORDESTE;2005-01-02;10267.00000000;74.33999634;10267.00000000;74.33999634
S;SUL;2005-01-02;2814.00000000;50.68999863;2800.00000000;50.43999863
SE;SUDESTE;2005-01-02;43352.00000000;86.12999725;40536.00000000;80.54000092
N;NORTE;2005-01-03;4086.00000000;49.88000107;4086.00000000;49.88000107
NE;NORDESTE;2005-01-03;10929.00000000;79.12999725;10929.00000000;79.12999725
S;SUL;2005-01-03;2878.00000000;51.84000015;2863.00000000;51.56999969
SE;SUDESTE;2005-01-03;43314.00000000;86.05999756;42508.00000000;84.44999695
N;NORTE;2005-01-04;4037.00000000;49.27999878;4037.00000000;49.27999878
NE;NORDESTE;2005-01-04;11285.00000000;81.70999908;11285.00000000;81.70999908
S;SUL;2005-01-04;2958.00000000;53.27999878;2945.00000000;53.04999924
SE;SUDESTE;2005-01-04;44388.00000000;88.19000244;43785.00000000;86.98999786
N;NORTE;2005-01-05;3979.00000000;48.56999969;3979.00000000;48.56999969
NE;NORDESTE;2005-01-05;11820.00000000;85.58000183;11820.00000000;85.58000183
S;SUL;2005-01-05;3057.00000000;55.06999969;3041.00000000;54.77999878
SE;SUDESTE;2005-01-05;45324.00000000;90.05000305;44564.00000000;88.54000092
N;NORTE;2005-01-06;4159.00000000;50.77000046;4159.00000000;50.77000046
NE;NORDESTE;2005-01-06;12534.00000000;90.75000000;12534.00000000;90.75000000
S;SUL;2005-01-06;3091.00000000;55.68000031;3076.00000000;55.40999985
SE;SUDESTE;2005-01-06;46665.00000000;92.70999908;44902.00000000;89.20999908
N;NORTE;2005-01-07;4117.00000000;50.25999832;4117.00000000;50.25999832
NE;NORDESTE;2005-01-07;13176.00000000;95.40000153;13176.00000000;95.40000153
S;SUL;2005-01-07;3256.00000000;58.65000153;3241.00000000;58.38000107
SE;SUDESTE;2005-01-07;48389.00000000;96.13999939;44769.00000000;88.94999695
N;NORTE;2005-01-08;4201.00000000;51.27999878;4201.00000000;51.27999878
NE;NORDESTE;2005-01-08;13809.00000000;99.98000336;13809.00000000;99.98000336
S;SUL;2005-01-08;3430.00000000;61.77999878;3417.00000000;61.54999924
SE;SUDESTE;2005-01-08;49506.00000000;98.36000061;45252.00000000;89.91000366
N;NORTE;2005-01-09;4231.00000000;51.65000153;4231.00000000;51.65000153
NE;NORDESTE;2005-01-09;13892.00000000;100.58000183;13892.00000000;100.58000183
S;SUL;2005-01-09;3721.00000000;67.02999878;3709.00000000;66.80999756
SE;SUDESTE;2005-01-09;51536.00000000;102.38999939;46708.00000000;92.80000305
N;NORTE;2005-01-10;4289.00000000;52.36000061;4289.00000000;52.36000061
NE;NORDESTE;2005-01-10;13311.00000000;96.37999725;13304.00000000;96.33000183
S;SUL;2005-01-10;4204.00000000;75.73000336;4190.00000000;75.47000122
SE;SUDESTE;2005-01-10;52186.00000000;103.68000031;46763.00000000;92.91000366
N;NORTE;2005-01-11;4211.00000000;51.40999985;4211.00000000;51.40999985
NE;NORDESTE;2005-01-11;12615.00000000;91.33999634;12615.00000000;91.33999634
S;SUL;2005-01-11;4791.00000000;86.30000305;4778.00000000;86.06999969
SE;SUDESTE;2005-01-11;54212.00000000;107.70999908;47497.00000000;94.37000275
N;NORTE;2005-01-12;4257.00000000;51.97000122;4257.00000000;51.97000122
NE;NORDESTE;2005-01-12;11818.00000000;85.56999969;11818.00000000;85.56999969
S;SUL;2005-01-12;5130.00000000;92.41000366;5116.00000000;92.15000153
SE;SUDESTE;2005-01-12;54628.00000000;108.52999878;48686.00000000;96.73000336
N;NORTE;2005-01-13;4288.00000000;52.34999847;4288.00000000;52.34999847
NE;NORDESTE;2005-01-13;11235.00000000;81.34999847;11235.00000000;81.34999847
S;SUL;2005-01-13;4874.00000000;87.80000305;4857.00000000;87.48999786
SE;SUDESTE;2005-01-13;54913.00000000;109.09999847;48468.00000000;96.30000305
N;NORTE;2005-01-14;4408.00000000;53.81000137;4408.00000000;53.81000137
NE;NORDESTE;2005-01-14;10804.00000000;78.23000336;10804.00000000;78.23000336
S;SUL;2005-01-14;4406.00000000;79.37000275;4392.00000000;79.11000061
SE;SUDESTE;2005-01-14;54955.00000000;109.18000031;44858.00000000;89.12000275
N;NORTE;2005-01-15;4727.00000000;57.70999908;4727.00000000;57.70999908
NE;NORDESTE;2005-01-15;10755.00000000;77.87000275;10755.00000000;77.87000275
S;SUL;2005-01-15;4125.00000000;74.30000305;4113.00000000;74.08999634
SE;SUDESTE;2005-01-15;55419.00000000;110.11000061;43849.00000000;87.12000275
N;NORTE;2005-01-16;4915.00000000;60.00000000;4915.00000000;60.00000000
NE;NORDESTE;2005-01-16;10961.00000000;79.36000061;10961.00000000;79.36000061
S;SUL;2005-01-16;4062.00000000;73.16999817;4050.00000000;72.94999695
SE;SUDESTE;2005-01-16;57211.00000000;113.66999817;45018.00000000;89.44000244
N;NORTE;2005-01-17;5235.00000000;63.90999985;5235.00000000;63.90999985
NE;NORDESTE;2005-01-17;11380.00000000;82.40000153;11380.00000000;82.40000153
S;SUL;2005-01-17;4186.00000000;75.40000153;4173.00000000;75.16999817
SE;SUDESTE;2005-01-17;60195.00000000;119.58999634;48883.00000000;97.12000275
N;NORTE;2005-01-18;5482.00000000;66.91999817;5482.00000000;66.91999817
NE;NORDESTE;2005-01-18;11668.00000000;84.48000336;11668.00000000;84.48000336
S;SUL;2005-01-18;4080.00000000;73.48999786;4066.00000000;73.23999786
SE;SUDESTE;2005-01-18;63778.00000000;126.70999908;51993.00000000;103.30000305
N;NORTE;2005-01-19;5731.00000000;69.95999908;5731.00000000;69.95999908
NE;NORDESTE;2005-01-19;11899.00000000;86.15000153;11899.00000000;86.15000153
S;SUL;2005-01-19;3736.00000000;67.30000305;3726.00000000;67.12000275
SE;SUDESTE;2005-01-19;67498.00000000;134.10000610;55481.00000000;110.23000336
N;NORTE;2005-01-20;5911.00000000;72.16000366;5911.00000000;72.16000366
NE;NORDESTE;2005-01-20;11946.00000000;86.48999786;11946.00000000;86.48999786
S;SUL;2005-01-20;3508.00000000;63.18999863;3499.00000000;63.02999878
SE;SUDESTE;2005-01-20;71144.00000000;141.35000610;57717.00000000;114.66999817
N;NORTE;2005-01-21;6187.00000000;75.52999878;6187.00000000;75.52999878
NE;NORDESTE;2005-01-21;11862.00000000;85.88999939;11862.00000000;85.88999939
S;SUL;2005-01-21;3456.00000000;62.25000000;3447.00000000;62.09000015
SE;SUDESTE;2005-01-21;73652.00000000;146.33000183;60038.00000000;119.27999878
N;NORTE;2005-01-22;6512.00000000;79.50000000;6512.00000000;79.50000000
NE;NORDESTE;2005-01-22;11705.00000000;84.75000000;11705.00000000;84.75000000
S;SUL;2005-01-22;3411.00000000;61.43999863;3382.00000000;60.91999817
SE;SUDESTE;2005-01-22;75174.00000000;149.35000610;56984.00000000;113.22000122
N;NORTE;2005-01-23;6752.00000000;82.43000031;6752.00000000;82.43000031
NE;NORDESTE;2005-01-23;11585.00000000;83.87999725;11585.00000000;83.87999725
S;SUL;2005-01-23;3488.00000000;62.83000183;3481.00000000;62.70000076
SE;SUDESTE;2005-01-23;75332.00000000;149.66999817;55233.00000000;109.73999786
N;NORTE;2005-01-24;6969.00000000;85.06999969;6969.00000000;85.06999969
NE;NORDESTE;2005-01-24;11420.00000000;82.69000244;11420.00000000;82.69000244
S;SUL;2005-01-24;3847.00000000;69.30000305;3843.00000000;69.22000122
SE;SUDESTE;2005-01-24;76315.00000000;151.61999512;53642.00000000;106.58000183
N;NORTE;2005-01-25;7080.00000000;86.43000031;7080.00000000;86.43000031
NE;NORDESTE;2005-01-25;11484.00000000;83.15000153;11484.00000000;83.15000153
S;SUL;2005-01-25;4877.00000000;87.84999847;4589.00000000;82.66000366
SE;SUDESTE;2005-01-25;77876.00000000;154.72000122;53621.00000000;106.52999878
N;NORTE;2005-01-26;7283.00000000;88.91000366;7283.00000000;88.91000366
NE;NORDESTE;2005-01-26;11567.00000000;83.75000000;11567.00000000;83.75000000
S;SUL;2005-01-26;5388.00000000;97.05000305;5252.00000000;94.59999847
SE;SUDESTE;2005-01-26;78149.00000000;155.27000427;51868.00000000;103.05000305
N;NORTE;2005-01-27;7449.00000000;90.93000031;7449.00000000;90.93000031
NE;NORDESTE;2005-01-27;11921.00000000;86.30999756;11921.00000000;86.30999756
S;SUL;2005-01-27;5468.00000000;98.50000000;5381.00000000;96.93000031
SE;SUDESTE;2005-01-27;78333.00000000;155.63000488;48395.00000000;96.15000153
N;NORTE;2005-01-28;7411.00000000;90.47000122;7411.00000000;90.47000122
NE;NORDESTE;2005-01-28;12051.00000000;87.25000000;12051.00000000;87.25000000
S;SUL;2005-01-28;5085.00000000;91.59999847;5019.00000000;90.41000366
SE;SUDESTE;2005-01-28;79341.00000000;157.63000488;47587.00000000;94.55000305
N;NORTE;2005-01-29;7766.00000000;94.80000305;7766.00000000;94.80000305
NE;NORDESTE;2005-01-29;12205.00000000;88.37000275;12205.00000000;88.37000275
S;SUL;2005-01-29;4665.00000000;84.02999878;4611.00000000;83.05999756
SE;SUDESTE;2005-01-29;82215.00000000;163.33999634;49018.00000000;97.38999939
N;NORTE;2005-01-30;8002.00000000;97.68000031;8002.00000000;97.68000031
NE;NORDESTE;2005-01-30;12569.00000000;91.01000214;12569.00000000;91.01000214
S;SUL;2005-01-30;4480.00000000;80.69999695;4429.00000000;79.77999878
SE;SUDESTE;2005-01-30;82645.00000000;164.19999695;48147.00000000;95.66000366
N;NORTE;2005-01-31;8177.00000000;99.81999969;8177.00000000;99.81999969
NE;NORDESTE;2005-01-31;12802.00000000;92.69000244;12802.00000000;92.69000244
S;SUL;2005-01-31;4240.00000000;76.37999725;4211.00000000;75.84999847
SE;SUDESTE;2005-01-31;82326.00000000;163.55999756;52379.00000000;104.06999969
N;NORTE;2005-02-01;8244.00000000;73.86000061;8244.00000000;73.86000061
NE;NORDESTE;2005-02-01;13249.00000000;91.25000000;13249.00000000;91.25000000
S;SUL;2005-02-01;3876.00000000;63.43000031;3860.00000000;63.16999817
SE;SUDESTE;2005-02-01;82206.00000000;156.77999878;55078.00000000;105.04000092
N;NORTE;2005-02-02;8520.00000000;76.33000183;8520.00000000;76.33000183
NE;NORDESTE;2005-02-02;13377.00000000;92.12999725;13377.00000000;92.12999725
S;SUL;2005-02-02;3571.00000000;58.43999863;3548.00000000;58.06000137
SE;SUDESTE;2005-02-02;82836.00000000;157.97999573;54266.00000000;103.48999786
N;NORTE;2005-02-03;8339.00000000;74.70999908;8339.00000000;74.70999908
NE;NORDESTE;2005-02-03;13024.00000000;89.69999695;13024.00000000;89.69999695
S;SUL;2005-02-03;3411.00000000;55.81999969;3388.00000000;55.43999863
SE;SUDESTE;2005-02-03;83022.00000000;158.33000183;50657.00000000;96.61000061
N;NORTE;2005-02-04;8587.00000000;76.93000031;8587.00000000;76.93000031
NE;NORDESTE;2005-02-04;12967.00000000;89.30999756;12967.00000000;89.30999756
S;SUL;2005-02-04;3260.00000000;53.34999847;3243.00000000;53.06999969
SE;SUDESTE;2005-02-04;81578.00000000;155.58000183;48258.00000000;92.02999878
N;NORTE;2005-02-05;8959.00000000;80.26000214;8959.00000000;80.26000214
NE;NORDESTE;2005-02-05;12894.00000000;88.80999756;12894.00000000;88.80999756
S;SUL;2005-02-05;3095.00000000;50.65000153;3082.00000000;50.43999863
SE;SUDESTE;2005-02-05;79610.00000000;151.83000183;47106.00000000;89.83999634
N;NORTE;2005-02-06;9276.00000000;83.09999847;9276.00000000;83.09999847
NE;NORDESTE;2005-02-06;12461.00000000;85.81999969;12440.00000000;85.68000031
S;SUL;2005-02-06;2830.00000000;46.31000137;2824.00000000;46.20999908
SE;SUDESTE;2005-02-06;76683.00000000;146.24000549;43166.00000000;82.31999969
N;NORTE;2005-02-07;9483.00000000;84.95999908;9483.00000000;84.95999908
NE;NORDESTE;2005-02-07;11858.00000000;81.66999817;11697.00000000;80.55999756
S;SUL;2005-02-07;2568.00000000;42.02000046;2564.00000000;41.95999908
SE;SUDESTE;2005-02-07;72069.00000000;137.44999695;40447.00000000;77.13999939
N;NORTE;2005-02-08;9872.00000000;88.44000244;9872.00000000;88.44000244
NE;NORDESTE;2005-02-08;11769.00000000;81.05999756;11685.00000000;80.48000336
S;SUL;2005-02-08;2389.00000000;39.09999847;2384.00000000;39.00999832
SE;SUDESTE;2005-02-08;67484.00000000;128.69999695;38442.00000000;73.30999756
N;NORTE;2005-02-09;9964.00000000;89.26999664;9964.00000000;89.26999664
NE;NORDESTE;2005-02-09;11424.00000000;78.68000031;11424.00000000;78.68000031
S;SUL;2005-02-09;2200.00000000;36.00000000;2190.00000000;35.84000015
SE;SUDESTE;2005-02-09;63474.00000000;121.05000305;37643.00000000;71.79000092
N;NORTE;2005-02-10;10211.00000000;91.48000336;9846.00000000;88.20999908
NE;NORDESTE;2005-02-10;11190.00000000;77.06999969;11190.00000000;77.06999969
S;SUL;2005-02-10;1987.00000000;32.52000046;1972.00000000;32.27000046
SE;SUDESTE;2005-02-10;59381.00000000;113.25000000;37495.00000000;71.51000214
N;NORTE;2005-02-11;10281.00000000;92.11000061;9294.00000000;83.26000214
NE;NORDESTE;2005-02-11;11716.00000000;80.69000244;11716.00000000;80.69000244
S;SUL;2005-02-11;1927.00000000;31.53000069;1908.00000000;31.21999931
SE;SUDESTE;2005-02-11;55393.00000000;105.63999939;38335.00000000;73.11000061
N;NORTE;2005-02-12;10289.00000000;92.18000031;8325.00000000;74.58000183
NE;NORDESTE;2005-02-12;12223.00000000;84.18000031;12223.00000000;84.18000031
S;SUL;2005-02-12;1866.00000000;30.54000092;1859.00000000;30.42000008
SE;SUDESTE;2005-02-12;52091.00000000;99.33999634;37743.00000000;71.98000336
N;NORTE;2005-02-13;10480.00000000;93.88999939;7820.00000000;70.05999756
NE;NORDESTE;2005-02-13;12479.00000000;85.94999695;12479.00000000;85.94999695
S;SUL;2005-02-13;1753.00000000;28.69000053;1749.00000000;28.62000084
SE;SUDESTE;2005-02-13;49603.00000000;94.59999847;35102.00000000;66.94000244
N;NORTE;2005-02-14;10492.00000000;94.00000000;7685.00000000;68.84999847
NE;NORDESTE;2005-02-14;13411.00000000;92.37000275;13411.00000000;92.37000275
S;SUL;2005-02-14;1622.00000000;26.54000092;1618.00000000;26.47999954
SE;SUDESTE;2005-02-14;48451.00000000;92.40000153;39781.00000000;75.87000275
N;NORTE;2005-02-15;10613.00000000;95.08000183;7806.00000000;69.93000031
NE;NORDESTE;2005-02-15;14516.00000000;99.98000336;12643.00000000;87.08000183
S;SUL;2005-02-15;1566.00000000;25.62999916;1543.00000000;25.25000000
SE;SUDESTE;2005-02-15;46066.00000000;87.84999847;41191.00000000;78.55999756
N;NORTE;2005-02-16;10596.00000000;94.93000031;7789.00000000;69.77999878
NE;NORDESTE;2005-02-16;16174.00000000;111.40000153;12919.00000000;88.98000336
S;SUL;2005-02-16;1605.00000000;26.27000046;1601.00000000;26.20000076
SE;SUDESTE;2005-02-16;44113.00000000;84.12999725;40762.00000000;77.73999786
N;NORTE;2005-02-17;10580.00000000;94.79000092;7773.00000000;69.63999939
NE;NORDESTE;2005-02-17;17300.00000000;119.15000153;13607.00000000;93.72000122
S;SUL;2005-02-17;1626.00000000;26.61000061;1619.00000000;26.48999977
SE;SUDESTE;2005-02-17;42411.00000000;80.87999725;40288.00000000;76.83000183
N;NORTE;2005-02-18;10603.00000000;94.98999786;7796.00000000;69.83999634
NE;NORDESTE;2005-02-18;18559.00000000;127.81999969;14241.00000000;98.08000183
S;SUL;2005-02-18;1586.00000000;25.95000076;1576.00000000;25.79000092
SE;SUDESTE;2005-02-18;40944.00000000;78.08999634;40039.00000000;76.36000061
N;NORTE;2005-02-19;11190.00000000;100.25000000;7935.00000000;71.08999634
NE;NORDESTE;2005-02-19;18810.00000000;129.55000305;13395.00000000;92.26000214
S;SUL;2005-02-19;1536.00000000;25.13999939;1526.00000000;24.96999931
SE;SUDESTE;2005-02-19;40264.00000000;76.79000092;39234.00000000;74.81999969
N;NORTE;2005-02-20;11647.00000000;104.33999634;8161.00000000;73.11000061
NE;NORDESTE;2005-02-20;18708.00000000;128.85000610;12749.00000000;87.80999756
S;SUL;2005-02-20;1523.00000000;24.92000008;1513.00000000;24.76000023
SE;SUDESTE;2005-02-20;39908.00000000;76.11000061;38284.00000000;73.01000214
N;NORTE;2005-02-21;12338.00000000;110.54000092;8824.00000000;79.05000305
NE;NORDESTE;2005-02-21;18392.00000000;126.66999817;12741.00000000;87.75000000
S;SUL;2005-02-21;1604.00000000;26.25000000;1601.00000000;26.20000076
SE;SUDESTE;2005-02-21;39072.00000000;74.51999664;37884.00000000;72.25000000
N;NORTE;2005-02-22;12948.00000000;116.00000000;9155.00000000;82.01999664
NE;NORDESTE;2005-02-22;18230.00000000;125.55999756;13317.00000000;91.72000122
S;SUL;2005-02-22;1654.00000000;27.06999969;1645.00000000;26.92000008
SE;SUDESTE;2005-02-22;38785.00000000;73.97000122;37729.00000000;71.94999695
N;NORTE;2005-02-23;13504.00000000;120.98000336;9191.00000000;82.33999634
NE;NORDESTE;2005-02-23;18291.00000000;125.98000336;14566.00000000;100.31999969
S;SUL;2005-02-23;1651.00000000;27.02000046;1642.00000000;26.87000084
SE;SUDESTE;2005-02-23;37222.00000000;70.98999786;36050.00000000;68.75000000
N;NORTE;2005-02-24;13818.00000000;123.79000092;9310.00000000;83.41000366
NE;NORDESTE;2005-02-24;18414.00000000;126.81999969;15078.00000000;103.84999847
S;SUL;2005-02-24;1775.00000000;29.04999924;1765.00000000;28.87999916
SE;SUDESTE;2005-02-24;36218.00000000;69.06999969;35381.00000000;67.48000336
N;NORTE;2005-02-25;13784.00000000;123.48999786;8921.00000000;79.91999817
NE;NORDESTE;2005-02-25;18185.00000000;125.25000000;15063.00000000;103.73999786
S;SUL;2005-02-25;1797.00000000;29.40999985;1787.00000000;29.23999977
SE;SUDESTE;2005-02-25;35907.00000000;68.48000336;34841.00000000;66.44999695
N;NORTE;2005-02-26;13355.00000000;119.65000153;8005.00000000;71.72000122
NE;NORDESTE;2005-02-26;17484.00000000;120.41999817;15001.00000000;103.31999969
S;SUL;2005-02-26;1931.00000000;31.60000038;1896.00000000;31.03000069
SE;SUDESTE;2005-02-26;36267.00000000;69.16999817;35458.00000000;67.62000275
N;NORTE;2005-02-27;12725.00000000;114.00000000;6726.00000000;60.25999832
NE;NORDESTE;2005-02-27;16385.00000000;112.84999847;13461.00000000;92.70999908
S;SUL;2005-02-27;1937.00000000;31.70000076;1933.00000000;31.62999916
SE;SUDESTE;2005-02-27;36950.00000000;70.47000122;35701.00000000;68.08999634
N;NORTE;2005-02-28;12519.00000000;112.16000366;6319.00000000;56.61000061
NE;NORDESTE;2005-02-28;15716.00000000;108.23999786;12561.00000000;86.51000214
S;SUL;2005-02-28;1861.00000000;30.45000076;1858.00000000;30.40999985
SE;SUDESTE;2005-02-28;38190.00000000;72.83000183;37168.00000000;70.87999725
N;NORTE;2005-03-01;12037.00000000;91.98000336;5845.00000000;44.65999985
NE;NORDESTE;2005-03-01;14988.00000000;104.41000366;12996.00000000;90.54000092
S;SUL;2005-03-01;1798.00000000;34.00000000;1794.00000000;33.93000031
SE;SUDESTE;2005-03-01;39950.00000000;81.55000305;38898.00000000;79.40000153
N;NORTE;2005-03-02;12051.00000000;92.08000183;6290.00000000;48.06000137
NE;NORDESTE;2005-03-02;14463.00000000;100.76000214;12581.00000000;87.63999939
S;SUL;2005-03-02;1793.00000000;33.90999985;1789.00000000;33.83000183
SE;SUDESTE;2005-03-02;42112.00000000;85.95999908;40718.00000000;83.12000275
N;NORTE;2005-03-03;11769.00000000;89.93000031;6588.00000000;50.34000015
NE;NORDESTE;2005-03-03;14537.00000000;101.26999664;13344.00000000;92.95999908
S;SUL;2005-03-03;1799.00000000;34.02000046;1792.00000000;33.88999939
SE;SUDESTE;2005-03-03;45645.00000000;93.16999817;43906.00000000;89.62000275
N;NORTE;2005-03-04;11960.00000000;91.38999939;6595.00000000;50.38999939
NE;NORDESTE;2005-03-04;14378.00000000;100.16000366;13378.00000000;93.19999695
S;SUL;2005-03-04;1746.00000000;33.02000046;1737.00000000;32.84999847
SE;SUDESTE;2005-03-04;47819.00000000;97.61000061;44039.00000000;89.90000153
N;NORTE;2005-03-05;11794.00000000;90.12000275;6246.00000000;47.72999954
NE;NORDESTE;2005-03-05;14483.00000000;100.90000153;13281.00000000;92.51999664
S;SUL;2005-03-05;1660.00000000;31.38999939;1651.00000000;31.21999931
SE;SUDESTE;2005-03-05;48979.00000000;99.98000336;43285.00000000;88.36000061
N;NORTE;2005-03-06;11854.00000000;90.58000183;5571.00000000;42.56999969
NE;NORDESTE;2005-03-06;14064.00000000;97.98000336;12054.00000000;83.97000122
S;SUL;2005-03-06;1587.00000000;30.01000023;1580.00000000;29.87999916
SE;SUDESTE;2005-03-06;49627.00000000;101.30000305;43837.00000000;89.48000336
N;NORTE;2005-03-07;11650.00000000;89.01999664;5394.00000000;41.22000122
NE;NORDESTE;2005-03-07;13417.00000000;93.47000122;12172.00000000;84.80000305
S;SUL;2005-03-07;1533.00000000;28.98999977;1529.00000000;28.90999985
SE;SUDESTE;2005-03-07;48248.00000000;98.48999786;43186.00000000;88.15000153
N;NORTE;2005-03-08;11989.00000000;91.61000061;5931.00000000;45.31999969
NE;NORDESTE;2005-03-08;12659.00000000;88.19000244;11691.00000000;81.44000244
S;SUL;2005-03-08;1503.00000000;28.42000008;1499.00000000;28.35000038
SE;SUDESTE;2005-03-08;48293.00000000;98.58000183;43088.00000000;87.94999695
N;NORTE;2005-03-09;12224.00000000;93.41000366;5765.00000000;44.04999924
NE;NORDESTE;2005-03-09;11672.00000000;81.30999756;10443.00000000;72.75000000
S;SUL;2005-03-09;1380.00000000;26.10000038;1357.00000000;25.65999985
SE;SUDESTE;2005-03-09;47403.00000000;96.76000214;42641.00000000;87.04000092
N;NORTE;2005-03-10;12711.00000000;97.12999725;5716.00000000;43.68000031
NE;NORDESTE;2005-03-10;11052.00000000;76.98999786;9482.00000000;66.05999756
S;SUL;2005-03-10;1299.00000000;24.55999947;1296.00000000;24.51000023
SE;SUDESTE;2005-03-10;46441.00000000;94.80000305;42069.00000000;85.87000275
N;NORTE;2005-03-11;13325.00000000;101.81999969;5031.00000000;38.43999863
NE;NORDESTE;2005-03-11;10505.00000000;73.18000031;9120.00000000;63.52999878
S;SUL;2005-03-11;1215.00000000;22.97999954;1212.00000000;22.92000008
SE;SUDESTE;2005-03-11;44632.00000000;91.11000061;40661.00000000;83.00000000
N;NORTE;2005-03-12;14083.00000000;107.61000061;4563.00000000;34.86999893
NE;NORDESTE;2005-03-12;10651.00000000;74.19999695;9587.00000000;66.79000092
S;SUL;2005-03-12;1268.00000000;23.97999954;1264.00000000;23.89999962
SE;SUDESTE;2005-03-12;43603.00000000;89.01000214;40730.00000000;83.13999939
N;NORTE;2005-03-13;15046.00000000;114.97000122;4414.00000000;33.72999954
NE;NORDESTE;2005-03-13;10840.00000000;75.51999664;9007.00000000;62.75000000
S;SUL;2005-03-13;1447.00000000;27.36000061;1440.00000000;27.22999954
SE;SUDESTE;2005-03-13;42680.00000000;87.12000275;38742.00000000;79.08000183
N;NORTE;2005-03-14;15798.00000000;120.72000122;4590.00000000;35.06999969
NE;NORDESTE;2005-03-14;11427.00000000;79.61000061;10002.00000000;69.68000031
S;SUL;2005-03-14;1888.00000000;35.70000076;1872.00000000;35.40000153
SE;SUDESTE;2005-03-14;43011.00000000;87.80000305;39777.00000000;81.19999695
N;NORTE;2005-03-15;16010.00000000;122.33999634;4375.00000000;33.43000031
NE;NORDESTE;2005-03-15;12009.00000000;83.66000366;11552.00000000;80.48000336
S;SUL;2005-03-15;2304.00000000;43.56999969;2269.00000000;42.90999985
SE;SUDESTE;2005-03-15;43237.00000000;88.26000214;40395.00000000;82.45999908
N;NORTE;2005-03-16;16675.00000000;127.41999817;4499.00000000;34.38000107
NE;NORDESTE;2005-03-16;12992.00000000;90.51000214;10226.00000000;71.23999786
S;SUL;2005-03-16;2295.00000000;43.40000153;2267.00000000;42.86999893
SE;SUDESTE;2005-03-16;44917.00000000;91.69000244;41815.00000000;85.36000061
N;NORTE;2005-03-17;17530.00000000;133.94999695;4808.00000000;36.74000168
NE;NORDESTE;2005-03-17;13466.00000000;93.80999756;11024.00000000;76.80000305
S;SUL;2005-03-17;1930.00000000;36.50000000;1921.00000000;36.33000183
SE;SUDESTE;2005-03-17;45541.00000000;92.95999908;41973.00000000;85.68000031
N;NORTE;2005-03-18;17584.00000000;134.36000061;5120.00000000;39.11999893
NE;NORDESTE;2005-03-18;14257.00000000;99.31999969;10581.00000000;73.70999908
S;SUL;2005-03-18;1651.00000000;31.21999931;1645.00000000;31.11000061
SE;SUDESTE;2005-03-18;48433.00000000;98.87000275;44179.00000000;90.18000031
N;NORTE;2005-03-19;18451.00000000;140.99000549;5768.00000000;44.06999969
NE;NORDESTE;2005-03-19;14787.00000000;103.01000214;10957.00000000;76.33000183
S;SUL;2005-03-19;1541.00000000;29.13999939;1537.00000000;29.06999969
SE;SUDESTE;2005-03-19;50014.00000000;102.08999634;45158.00000000;92.18000031
N;NORTE;2005-03-20;18423.00000000;140.77000427;5521.00000000;42.18999863
NE;NORDESTE;2005-03-20;15064.00000000;104.94000244;10884.00000000;75.81999969
S;SUL;2005-03-20;1511.00000000;28.56999969;1502.00000000;28.39999962
SE;SUDESTE;2005-03-20;51886.00000000;105.91000366;46743.00000000;95.41999817
N;NORTE;2005-03-21;17938.00000000;137.07000732;4446.00000000;33.97000122
NE;NORDESTE;2005-03-21;15046.00000000;104.81999969;11418.00000000;79.54000092
S;SUL;2005-03-21;1568.00000000;29.64999962;1559.00000000;29.47999954
SE;SUDESTE;2005-03-21;54836.00000000;111.94000244;48136.00000000;98.26000214
N;NORTE;2005-03-22;18288.00000000;139.74000549;4501.00000000;34.38999939
NE;NORDESTE;2005-03-22;15527.00000000;108.16999817;12209.00000000;85.05000305
S;SUL;2005-03-22;1621.00000000;30.64999962;1612.00000000;30.47999954
SE;SUDESTE;2005-03-22;56841.00000000;116.02999878;50443.00000000;102.97000122
N;NORTE;2005-03-23;18109.00000000;138.36999512;4536.00000000;34.65999985
NE;NORDESTE;2005-03-23;16098.00000000;112.15000153;12880.00000000;89.73000336
S;SUL;2005-03-23;1783.00000000;33.72000122;1773.00000000;33.52999878
SE;SUDESTE;2005-03-23;57811.00000000;118.01000214;51821.00000000;105.77999878
N;NORTE;2005-03-24;18492.00000000;141.30000305;4807.00000000;36.72999954
NE;NORDESTE;2005-03-24;16639.00000000;115.91000366;12944.00000000;90.16999817
S;SUL;2005-03-24;2204.00000000;41.68000031;2194.00000000;41.49000168
SE;SUDESTE;2005-03-24;59452.00000000;121.36000061;52255.00000000;106.66999817
N;NORTE;2005-03-25;18352.00000000;140.22999573;4359.00000000;33.31000137
NE;NORDESTE;2005-03-25;17092.00000000;119.06999969;12442.00000000;86.68000031
S;SUL;2005-03-25;2715.00000000;51.34000015;2693.00000000;50.93000031
SE;SUDESTE;2005-03-25;59793.00000000;122.05000305;48829.00000000;99.66999817
N;NORTE;2005-03-26;18249.00000000;139.44000244;4167.00000000;31.84000015
NE;NORDESTE;2005-03-26;17637.00000000;122.87000275;13038.00000000;90.83000183
S;SUL;2005-03-26;2649.00000000;50.09000015;2636.00000000;49.84999847
SE;SUDESTE;2005-03-26;61472.00000000;125.48000336;46399.00000000;94.70999908
N;NORTE;2005-03-27;18225.00000000;139.25999451;4139.00000000;31.62999916
NE;NORDESTE;2005-03-27;18315.00000000;127.58999634;13593.00000000;94.69000244
S;SUL;2005-03-27;2206.00000000;41.72000122;2197.00000000;41.54999924
SE;SUDESTE;2005-03-27;61766.00000000;126.08000183;44647.00000000;91.13999939
N;NORTE;2005-03-28;18333.00000000;140.08999634;4246.00000000;32.43999863
NE;NORDESTE;2005-03-28;18091.00000000;126.02999878;14262.00000000;99.36000061
S;SUL;2005-03-28;1944.00000000;36.75999832;1943.00000000;36.74000168
SE;SUDESTE;2005-03-28;60177.00000000;122.83999634;45413.00000000;92.69999695
N;NORTE;2005-03-29;17993.00000000;137.49000549;4140.00000000;31.62999916
NE;NORDESTE;2005-03-29;18552.00000000;129.24000549;14765.00000000;102.86000061
S;SUL;2005-03-29;1853.00000000;35.04000092;1844.00000000;34.86999893
SE;SUDESTE;2005-03-29;59626.00000000;121.70999908;47194.00000000;96.33999634
N;NORTE;2005-03-30;17936.00000000;137.05000305;4380.00000000;33.47000122
NE;NORDESTE;2005-03-30;18589.00000000;129.50000000;14799.00000000;103.09999847
S;SUL;2005-03-30;1772.00000000;33.50999832;1762.00000000;33.31999969
SE;SUDESTE;2005-03-30;56515.00000000;115.36000061;48344.00000000;98.68000031
N;NORTE;2005-03-31;18301.00000000;139.83999634;5030.00000000;38.43999863
NE;NORDESTE;2005-03-31;18911.00000000;131.74000549;15031.00000000;104.70999908
S;SUL;2005-03-31;1739.00000000;32.88999939;1730.00000000;32.72000122
SE;SUDESTE;2005-03-31;53509.00000000;109.23000336;47656.00000000;97.27999878
N;NORTE;2005-04-01;18662.00000000;142.69999695;5485.00000000;41.93999863
NE;NORDESTE;2005-04-01;18448.00000000;157.38000488;14764.00000000;125.94999695
S;SUL;2005-04-01;2264.00000000;46.63000107;2254.00000000;46.43000031
SE;SUDESTE;2005-04-01;50962.00000000;137.63000488;46193.00000000;124.75000000
N;NORTE;2005-04-02;18379.00000000;140.52999878;5402.00000000;41.31000137
NE;NORDESTE;2005-04-02;18559.00000000;158.33000183;14487.00000000;123.58999634
S;SUL;2005-04-02;3489.00000000;71.86000061;3386.00000000;69.73999786
SE;SUDESTE;2005-04-02;49053.00000000;132.47999573;44918.00000000;121.30999756
N;NORTE;2005-04-03;17608.00000000;134.63999939;4726.00000000;36.13999939
NE;NORDESTE;2005-04-03;17936.00000000;153.00999451;13318.00000000;113.62000275
S;SUL;2005-04-03;6452.00000000;132.88999939;6318.00000000;130.13000488
SE;SUDESTE;2005-04-03;48013.00000000;129.66999817;41770.00000000;112.80999756
N;NORTE;2005-04-04;17595.00000000;134.53999329;5046.00000000;38.58000183
NE;NORDESTE;2005-04-04;17500.00000000;149.28999329;13768.00000000;117.45999908
S;SUL;2005-04-04;8510.00000000;175.27999878;8416.00000000;173.33999634
SE;SUDESTE;2005-04-04;46358.00000000;125.19999695;41731.00000000;112.69999695
N;NORTE;2005-04-05;16966.00000000;129.72999573;4964.00000000;37.95999908
NE;NORDESTE;2005-04-05;16826.00000000;143.53999329;14092.00000000;120.22000122
S;SUL;2005-04-05;7527.00000000;155.02999878;7490.00000000;154.27000427
SE;SUDESTE;2005-04-05;44527.00000000;120.26000214;41611.00000000;112.37999725
N;NORTE;2005-04-06;16575.00000000;126.73999786;5123.00000000;39.16999817
NE;NORDESTE;2005-04-06;16496.00000000;140.72999573;14731.00000000;125.66999817
S;SUL;2005-04-06;5832.00000000;120.12000275;5817.00000000;119.80999756
SE;SUDESTE;2005-04-06;42890.00000000;115.83000183;40432.00000000;109.19999695
N;NORTE;2005-04-07;16436.00000000;125.68000031;5167.00000000;39.50999832
NE;NORDESTE;2005-04-07;16222.00000000;138.38999939;15384.00000000;131.24000549
S;SUL;2005-04-07;5146.00000000;105.98999786;5126.00000000;105.58000183
SE;SUDESTE;2005-04-07;41040.00000000;110.83999634;38962.00000000;105.23000336
N;NORTE;2005-04-08;16043.00000000;122.66999817;4776.00000000;36.52000046
NE;NORDESTE;2005-04-08;15890.00000000;135.55999756;15533.00000000;132.50999451
S;SUL;2005-04-08;4864.00000000;100.18000031;4831.00000000;99.50000000
SE;SUDESTE;2005-04-08;38752.00000000;104.66000366;37488.00000000;101.23999786
N;NORTE;2005-04-09;16056.00000000;122.76999664;4794.00000000;36.65999985
NE;NORDESTE;2005-04-09;15580.00000000;132.91999817;15580.00000000;132.91999817
S;SUL;2005-04-09;5283.00000000;108.80999756;5158.00000000;106.23999786
SE;SUDESTE;2005-04-09;36557.00000000;98.73000336;35773.00000000;96.61000061
N;NORTE;2005-04-10;15407.00000000;117.80999756;4152.00000000;31.75000000
NE;NORDESTE;2005-04-10;15501.00000000;132.24000549;15482.00000000;132.08000183
S;SUL;2005-04-10;5550.00000000;114.30999756;5474.00000000;112.75000000
SE;SUDESTE;2005-04-10;35114.00000000;94.83000183;33686.00000000;90.98000336
N;NORTE;2005-04-11;14612.00000000;111.73000336;3682.00000000;28.14999962
NE;NORDESTE;2005-04-11;15184.00000000;129.53999329;15164.00000000;129.36999512
S;SUL;2005-04-11;5000.00000000;102.98000336;4967.00000000;102.30000305
SE;SUDESTE;2005-04-11;33975.00000000;91.76000214;33570.00000000;90.66000366
N;NORTE;2005-04-12;14083.00000000;107.69000244;4620.00000000;35.33000183
NE;NORDESTE;2005-04-12;15354.00000000;130.99000549;15354.00000000;130.99000549
S;SUL;2005-04-12;4232.00000000;87.16999817;4222.00000000;86.95999908
SE;SUDESTE;2005-04-12;32702.00000000;88.31999969;32380.00000000;87.44999695
N;NORTE;2005-04-13;13446.00000000;102.80999756;5834.00000000;44.61000061
NE;NORDESTE;2005-04-13;14218.00000000;121.30000305;14218.00000000;121.30000305
S;SUL;2005-04-13;3705.00000000;76.30999756;3686.00000000;75.91999817
SE;SUDESTE;2005-04-13;31355.00000000;84.68000031;31045.00000000;83.83999634
N;NORTE;2005-04-14;12887.00000000;98.54000092;6103.00000000;46.66999817
NE;NORDESTE;2005-04-14;13498.00000000;115.15000153;13498.00000000;115.15000153
S;SUL;2005-04-14;3459.00000000;71.23999786;3386.00000000;69.73999786
SE;SUDESTE;2005-04-14;30306.00000000;81.84999847;30054.00000000;81.16999817
N;NORTE;2005-04-15;12322.00000000;94.22000122;5728.00000000;43.79999924
NE;NORDESTE;2005-04-15;12790.00000000;109.11000061;12790.00000000;109.11000061
S;SUL;2005-04-15;3328.00000000;68.55000305;3216.00000000;66.23999786
SE;SUDESTE;2005-04-15;29394.00000000;79.38999939;29152.00000000;78.73000336
N;NORTE;2005-04-16;11893.00000000;90.94000244;5301.00000000;40.52999878
NE;NORDESTE;2005-04-16;12059.00000000;102.87999725;12059.00000000;102.87999725
S;SUL;2005-04-16;3243.00000000;66.80000305;3144.00000000;64.76000214
SE;SUDESTE;2005-04-16;28433.00000000;76.79000092;28187.00000000;76.12999725
N;NORTE;2005-04-17;11368.00000000;86.93000031;4777.00000000;36.52999878
NE;NORDESTE;2005-04-17;11312.00000000;96.50000000;11312.00000000;96.50000000
S;SUL;2005-04-17;3027.00000000;62.34999847;2976.00000000;61.29999924
SE;SUDESTE;2005-04-17;28122.00000000;75.94999695;27551.00000000;74.41000366
N;NORTE;2005-04-18;11173.00000000;85.43000031;4958.00000000;37.90999985
NE;NORDESTE;2005-04-18;10571.00000000;90.18000031;10571.00000000;90.18000031
S;SUL;2005-04-18;2760.00000000;56.84999847;2732.00000000;56.27000046
SE;SUDESTE;2005-04-18;27555.00000000;74.41999817;27282.00000000;73.68000031
N;NORTE;2005-04-19;10730.00000000;82.05000305;5252.00000000;40.15999985
NE;NORDESTE;2005-04-19;9916.00000000;84.58999634;9564.00000000;81.58999634
S;SUL;2005-04-19;2557.00000000;52.66999817;2544.00000000;52.40000153
SE;SUDESTE;2005-04-19;26917.00000000;72.69999695;26718.00000000;72.16000366
N;NORTE;2005-04-20;10500.00000000;80.29000092;5666.00000000;43.31999969
NE;NORDESTE;2005-04-20;9361.00000000;79.86000061;8512.00000000;72.62000275
S;SUL;2005-04-20;2684.00000000;55.27999878;2677.00000000;55.13999939
SE;SUDESTE;2005-04-20;26494.00000000;71.55000305;26265.00000000;70.93000031
N;NORTE;2005-04-21;10346.00000000;79.11000061;5331.00000000;40.75999832
NE;NORDESTE;2005-04-21;8865.00000000;75.62999725;7801.00000000;66.55000305
S;SUL;2005-04-21;2986.00000000;61.50000000;2980.00000000;61.38000107
SE;SUDESTE;2005-04-21;26470.00000000;71.48999786;26020.00000000;70.26999664
N;NORTE;2005-04-22;10265.00000000;78.48999786;4875.00000000;37.27999878
NE;NORDESTE;2005-04-22;8480.00000000;72.33999634;7440.00000000;63.47000122
S;SUL;2005-04-22;3089.00000000;63.61999893;3082.00000000;63.47999954
SE;SUDESTE;2005-04-22;26197.00000000;70.75000000;25974.00000000;70.15000153
N;NORTE;2005-04-23;9950.00000000;76.08000183;3624.00000000;27.70999908
NE;NORDESTE;2005-04-23;8235.00000000;70.25000000;7456.00000000;63.61000061
S;SUL;2005-04-23;3000.00000000;61.79000092;2993.00000000;61.65000153
SE;SUDESTE;2005-04-23;26393.00000000;71.27999878;26195.00000000;70.75000000
N;NORTE;2005-04-24;9786.00000000;74.83000183;3186.00000000;24.36000061
NE;NORDESTE;2005-04-24;7992.00000000;68.18000031;7265.00000000;61.97999954
S;SUL;2005-04-24;2927.00000000;60.29000092;2920.00000000;60.13999939
SE;SUDESTE;2005-04-24;27123.00000000;73.25000000;26200.00000000;70.76000214
N;NORTE;2005-04-25;9700.00000000;74.16999817;3643.00000000;27.86000061
NE;NORDESTE;2005-04-25;7770.00000000;66.29000092;7498.00000000;63.97000122
S;SUL;2005-04-25;3493.00000000;71.94000244;3486.00000000;71.80000305
SE;SUDESTE;2005-04-25;27982.00000000;75.56999969;27712.00000000;74.83999634
N;NORTE;2005-04-26;10038.00000000;76.76000214;4964.00000000;37.95999908
NE;NORDESTE;2005-04-26;7662.00000000;65.37000275;7662.00000000;65.37000275
S;SUL;2005-04-26;4590.00000000;94.54000092;4584.00000000;94.41999817
SE;SUDESTE;2005-04-26;28756.00000000;77.66000366;28468.00000000;76.87999725
N;NORTE;2005-04-27;10215.00000000;78.11000061;5857.00000000;44.79000092
NE;NORDESTE;2005-04-27;7645.00000000;65.22000122;7634.00000000;65.12999725
S;SUL;2005-04-27;4383.00000000;90.27999878;4376.00000000;90.12999725
SE;SUDESTE;2005-04-27;29716.00000000;80.25000000;29443.00000000;79.51999664
N;NORTE;2005-04-28;10532.00000000;80.52999878;5813.00000000;44.45000076
NE;NORDESTE;2005-04-28;7628.00000000;65.08000183;7619.00000000;65.00000000
S;SUL;2005-04-28;3829.00000000;78.87000275;3822.00000000;78.72000122
SE;SUDESTE;2005-04-28;30270.00000000;81.75000000;29986.00000000;80.98000336
N;NORTE;2005-04-29;10857.00000000;83.01999664;5429.00000000;41.50999832
NE;NORDESTE;2005-04-29;7545.00000000;64.37000275;7535.00000000;64.27999878
S;SUL;2005-04-29;3505.00000000;72.19000244;3498.00000000;72.05000305
SE;SUDESTE;2005-04-29;30406.00000000;82.12000275;30144.00000000;81.41000366
N;NORTE;2005-04-30;11306.00000000;86.44999695;4597.00000000;35.15000153
NE;NORDESTE;2005-04-30;7871.00000000;67.15000153;7861.00000000;67.05999756
S;SUL;2005-04-30;3269.00000000;67.33000183;3263.00000000;67.20999908
SE;SUDESTE;2005-04-30;31423.00000000;84.86000061;31098.00000000;83.98999786
N;NORTE;2005-05-01;11240.00000000;131.88000488;4001.00000000;46.93999863
NE;NORDESTE;2005-05-01;7794.00000000;109.73999786;7784.00000000;109.59999847
S;SUL;2005-05-01;2977.00000000;47.33000183;2971.00000000;47.24000168
SE;SUDESTE;2005-05-01;31704.00000000;116.50000000;30596.00000000;112.43000031
N;NORTE;2005-05-02;11492.00000000;134.83999634;3686.00000000;43.25000000
NE;NORDESTE;2005-05-02;13029.00000000;183.44999695;12351.00000000;173.89999390
S;SUL;2005-05-02;2792.00000000;44.38999939;2785.00000000;44.27999878
SE;SUDESTE;2005-05-02;31188.00000000;114.59999847;30906.00000000;113.56999969
N;NORTE;2005-05-03;11763.00000000;138.00999451;3672.00000000;43.08000183
NE;NORDESTE;2005-05-03;11052.00000000;155.61000061;9616.00000000;135.38999939
S;SUL;2005-05-03;2673.00000000;42.50000000;2666.00000000;42.38999939
SE;SUDESTE;2005-05-03;30519.00000000;112.13999939;30288.00000000;111.29000092
N;NORTE;2005-05-04;12108.00000000;142.05999756;4454.00000000;52.25999832
NE;NORDESTE;2005-05-04;9982.00000000;140.55000305;8396.00000000;118.22000122
S;SUL;2005-05-04;2550.00000000;40.54000092;2547.00000000;40.50000000
SE;SUDESTE;2005-05-04;29533.00000000;108.51999664;29348.00000000;107.83999634
N;NORTE;2005-05-05;12313.00000000;144.47000122;4868.00000000;57.11999893
NE;NORDESTE;2005-05-05;7603.00000000;107.05000305;5837.00000000;82.19000244
S;SUL;2005-05-05;2430.00000000;38.63999939;2428.00000000;38.59999847
SE;SUDESTE;2005-05-05;28707.00000000;105.48000336;28527.00000000;104.81999969
N;NORTE;2005-05-06;12592.00000000;147.74000549;4696.00000000;55.09999847
NE;NORDESTE;2005-05-06;7150.00000000;100.66999817;5287.00000000;74.44000244
S;SUL;2005-05-06;2294.00000000;36.47000122;2290.00000000;36.40999985
SE;SUDESTE;2005-05-06;27633.00000000;101.54000092;27486.00000000;101.00000000
N;NORTE;2005-05-07;12563.00000000;147.39999390;4451.00000000;52.22000122
NE;NORDESTE;2005-05-07;6972.00000000;98.16999817;4773.00000000;67.19999695
S;SUL;2005-05-07;2234.00000000;35.52000046;2229.00000000;35.43999863
SE;SUDESTE;2005-05-07;27039.00000000;99.36000061;26930.00000000;98.95999908
N;NORTE;2005-05-08;12414.00000000;145.64999390;4306.00000000;50.52000046
NE;NORDESTE;2005-05-08;7265.00000000;102.29000092;4998.00000000;70.37000275
S;SUL;2005-05-08;2251.00000000;35.79000092;2246.00000000;35.70999908
SE;SUDESTE;2005-05-08;26522.00000000;97.45999908;26430.00000000;97.12000275
N;NORTE;2005-05-09;12069.00000000;141.61000061;3957.00000000;46.43000031
NE;NORDESTE;2005-05-09;6966.00000000;98.08000183;5199.00000000;73.19999695
S;SUL;2005-05-09;2322.00000000;36.91999817;2315.00000000;36.81000137
SE;SUDESTE;2005-05-09;25797.00000000;94.79000092;25685.00000000;94.37999725
N;NORTE;2005-05-10;11693.00000000;137.19000244;4024.00000000;47.20999908
NE;NORDESTE;2005-05-10;7137.00000000;100.48999786;5634.00000000;79.33000183
S;SUL;2005-05-10;2386.00000000;37.93999863;2380.00000000;37.84000015
SE;SUDESTE;2005-05-10;25179.00000000;92.51999664;25027.00000000;91.95999908
N;NORTE;2005-05-11;11286.00000000;132.41999817;4571.00000000;53.63000107
NE;NORDESTE;2005-05-11;7140.00000000;100.52999878;7011.00000000;98.72000122
S;SUL;2005-05-11;2449.00000000;38.93999863;2442.00000000;38.83000183
SE;SUDESTE;2005-05-11;24798.00000000;91.12000275;24629.00000000;90.50000000
N;NORTE;2005-05-12;10810.00000000;126.83000183;4841.00000000;56.79999924
NE;NORDESTE;2005-05-12;7122.00000000;100.27999878;7057.00000000;99.36000061
S;SUL;2005-05-12;2731.00000000;43.41999817;2683.00000000;42.65999985
SE;SUDESTE;2005-05-12;24500.00000000;90.02999878;24349.00000000;89.47000122
N;NORTE;2005-05-13;10257.00000000;120.33999634;4487.00000000;52.65000153
NE;NORDESTE;2005-05-13;7136.00000000;100.48000336;7127.00000000;100.34999847
S;SUL;2005-05-13;3181.00000000;50.58000183;3121.00000000;49.61999893
SE;SUDESTE;2005-05-13;23625.00000000;86.80999756;23507.00000000;86.37999725
N;NORTE;2005-05-14;9810.00000000;115.09999847;4041.00000000;47.40999985
NE;NORDESTE;2005-05-14;7066.00000000;99.48999786;7057.00000000;99.36000061
S;SUL;2005-05-14;3388.00000000;53.86999893;3351.00000000;53.27999878
SE;SUDESTE;2005-05-14;23844.00000000;87.62000275;23755.00000000;87.29000092
N;NORTE;2005-05-15;9191.00000000;107.83999634;3414.00000000;40.06000137
NE;NORDESTE;2005-05-15;6935.00000000;97.63999939;6926.00000000;97.51999664
S;SUL;2005-05-15;3200.00000000;50.88000107;3183.00000000;50.61000061
SE;SUDESTE;2005-05-15;23427.00000000;86.08000183;23327.00000000;85.72000122
N;NORTE;2005-05-16;8679.00000000;101.83000183;3785.00000000;44.40999985
NE;NORDESTE;2005-05-16;6721.00000000;94.62999725;6712.00000000;94.51000214
S;SUL;2005-05-16;4118.00000000;65.47000122;4106.00000000;65.27999878
SE;SUDESTE;2005-05-16;23288.00000000;85.56999969;23164.00000000;85.12000275
N;NORTE;2005-05-17;8334.00000000;97.77999878;4635.00000000;54.38000107
NE;NORDESTE;2005-05-17;6530.00000000;91.94000244;6516.00000000;91.75000000
S;SUL;2005-05-17;5314.00000000;84.48999786;5307.00000000;84.37999725
SE;SUDESTE;2005-05-17;23026.00000000;84.61000061;22831.00000000;83.88999939
N;NORTE;2005-05-18;7977.00000000;93.58999634;5028.00000000;58.99000168
NE;NORDESTE;2005-05-18;6216.00000000;87.51999664;6192.00000000;87.18000031
S;SUL;2005-05-18;8636.00000000;137.30999756;8228.00000000;130.82000732
SE;SUDESTE;2005-05-18;23036.00000000;84.65000153;22942.00000000;84.30000305
N;NORTE;2005-05-19;7727.00000000;90.66000366;5137.00000000;60.27000046
NE;NORDESTE;2005-05-19;5979.00000000;84.18000031;5955.00000000;83.84999847
S;SUL;2005-05-19;18990.00000000;301.92999268;3068.00000000;48.77999878
SE;SUDESTE;2005-05-19;22106.00000000;81.23000336;22006.00000000;80.86000061
N;NORTE;2005-05-20;7767.00000000;91.12999725;5258.00000000;61.68999863
NE;NORDESTE;2005-05-20;5768.00000000;81.20999908;5746.00000000;80.90000153
S;SUL;2005-05-20;28790.00000000;457.75000000;9777.00000000;155.44999695
SE;SUDESTE;2005-05-20;22168.00000000;81.45999908;22072.00000000;81.09999847
N;NORTE;2005-05-21;7631.00000000;89.52999878;5105.00000000;59.90000153
NE;NORDESTE;2005-05-21;5583.00000000;78.61000061;5559.00000000;78.26999664
S;SUL;2005-05-21;32462.00000000;516.13000488;21539.00000000;342.45999146
SE;SUDESTE;2005-05-21;22611.00000000;83.08000183;22512.00000000;82.72000122
N;NORTE;2005-05-22;7588.00000000;89.02999878;4694.00000000;55.06999969
NE;NORDESTE;2005-05-22;5422.00000000;76.33999634;5398.00000000;76.00000000
S;SUL;2005-05-22;26627.00000000;423.35998535;18430.00000000;293.02999878
SE;SUDESTE;2005-05-22;23457.00000000;86.19000244;23367.00000000;85.86000061
N;NORTE;2005-05-23;7307.00000000;85.73000336;4062.00000000;47.65999985
NE;NORDESTE;2005-05-23;5267.00000000;74.16000366;5244.00000000;73.83999634
S;SUL;2005-05-23;21645.00000000;344.14999390;16823.00000000;267.48001099
SE;SUDESTE;2005-05-23;24938.00000000;91.63999939;24833.00000000;91.25000000
N;NORTE;2005-05-24;7301.00000000;85.66000366;3771.00000000;44.24000168
NE;NORDESTE;2005-05-24;5236.00000000;73.72000122;5205.00000000;73.29000092
S;SUL;2005-05-24;18561.00000000;295.10998535;14822.00000000;235.66000366
SE;SUDESTE;2005-05-24;28475.00000000;104.62999725;28316.00000000;104.05000305
N;NORTE;2005-05-25;7005.00000000;82.19000244;3735.00000000;43.81999969
NE;NORDESTE;2005-05-25;5205.00000000;73.29000092;5182.00000000;72.95999908
S;SUL;2005-05-25;17614.00000000;280.05999756;14131.00000000;224.67999268
SE;SUDESTE;2005-05-25;33443.00000000;122.88999939;32811.00000000;120.56999969
N;NORTE;2005-05-26;6636.00000000;77.86000061;3946.00000000;46.29999924
NE;NORDESTE;2005-05-26;5125.00000000;72.16000366;5102.00000000;71.83999634
S;SUL;2005-05-26;16200.00000000;257.57000732;13454.00000000;213.91000366
SE;SUDESTE;2005-05-26;37145.00000000;136.49000549;35888.00000000;131.86999512
N;NORTE;2005-05-27;6186.00000000;72.58000183;4078.00000000;47.84999847
NE;NORDESTE;2005-05-27;5008.00000000;70.51000214;4984.00000000;70.16999817
S;SUL;2005-05-27;14350.00000000;228.16000366;12391.00000000;197.00999451
SE;SUDESTE;2005-05-27;38475.00000000;141.38000488;36950.00000000;135.77000427
N;NORTE;2005-05-28;6041.00000000;70.87999725;4511.00000000;52.93000031
NE;NORDESTE;2005-05-28;4966.00000000;69.91999817;4943.00000000;69.59999847
S;SUL;2005-05-28;12599.00000000;200.32000732;11260.00000000;179.02999878
SE;SUDESTE;2005-05-28;39097.00000000;143.66000366;37480.00000000;137.72000122
N;NORTE;2005-05-29;5717.00000000;67.08000183;4843.00000000;56.81999969
NE;NORDESTE;2005-05-29;4970.00000000;69.98000336;4948.00000000;69.66999817
S;SUL;2005-05-29;11272.00000000;179.22000122;10649.00000000;169.32000732
SE;SUDESTE;2005-05-29;39714.00000000;145.92999268;37088.00000000;136.27999878
N;NORTE;2005-05-30;5387.00000000;63.20999908;4742.00000000;55.63999939
NE;NORDESTE;2005-05-30;4922.00000000;69.30000305;4911.00000000;69.15000153
S;SUL;2005-05-30;10270.00000000;163.28999329;9555.00000000;151.91999817
SE;SUDESTE;2005-05-30;39080.00000000;143.60000610;37671.00000000;138.41999817
N;NORTE;2005-05-31;5149.00000000;60.40999985;4717.00000000;55.34000015
NE;NORDESTE;2005-05-31;4824.00000000;67.91999817;4824.00000000;67.91999817
S;SUL;2005-05-31;9596.00000000;152.57000732;9178.00000000;145.92999268
SE;SUDESTE;2005-05-31;37480.00000000;137.72000122;36374.00000000;133.66000366
N;NORTE;2005-06-01;5052.00000000;126.27999878;4736.00000000;118.37999725
NE;NORDESTE;2005-06-01;4731.00000000;100.83999634;4729.00000000;100.80000305
S;SUL;2005-06-01;8735.00000000;113.45999908;8470.00000000;110.01000214
SE;SUDESTE;2005-06-01;36621.00000000;154.03999329;36258.00000000;152.50999451
N;NORTE;2005-06-02;5050.00000000;126.23000336;4520.00000000;112.98000336
NE;NORDESTE;2005-06-02;4704.00000000;100.26999664;4693.00000000;100.02999878
S;SUL;2005-06-02;8044.00000000;104.48000336;7988.00000000;103.75000000
SE;SUDESTE;2005-06-02;35257.00000000;148.30000305;34900.00000000;146.80000305
N;NORTE;2005-06-03;4756.00000000;118.87999725;3912.00000000;97.79000092
NE;NORDESTE;2005-06-03;4714.00000000;100.48000336;4704.00000000;100.26999664
S;SUL;2005-06-03;7487.00000000;97.25000000;7480.00000000;97.16000366
SE;SUDESTE;2005-06-03;33851.00000000;142.38999939;33560.00000000;141.16000366
N;NORTE;2005-06-04;4799.00000000;119.95999908;3850.00000000;96.23999786
NE;NORDESTE;2005-06-04;4775.00000000;101.77999878;4775.00000000;101.77999878
S;SUL;2005-06-04;6949.00000000;90.26000214;6942.00000000;90.16999817
SE;SUDESTE;2005-06-04;32159.00000000;135.27000427;31836.00000000;133.91000366
N;NORTE;2005-06-05;4738.00000000;118.43000031;3796.00000000;94.88999939
NE;NORDESTE;2005-06-05;4834.00000000;103.04000092;4832.00000000;102.98999786
S;SUL;2005-06-05;6470.00000000;84.04000092;6463.00000000;83.94999695
SE;SUDESTE;2005-06-05;30536.00000000;128.44000244;30048.00000000;126.38999939
N;NORTE;2005-06-06;4647.00000000;116.16000366;3710.00000000;92.73999786
NE;NORDESTE;2005-06-06;4877.00000000;103.94999695;4877.00000000;103.94999695
S;SUL;2005-06-06;6020.00000000;78.19000244;6013.00000000;78.09999847
SE;SUDESTE;2005-06-06;28687.00000000;120.66999817;28445.00000000;119.65000153
N;NORTE;2005-06-07;4364.00000000;109.08000183;3754.00000000;93.83999634
NE;NORDESTE;2005-06-07;4947.00000000;105.44999695;4947.00000000;105.44999695
S;SUL;2005-06-07;5560.00000000;72.22000122;5554.00000000;72.13999939
SE;SUDESTE;2005-06-07;26884.00000000;113.08000183;26587.00000000;111.83000183
N;NORTE;2005-06-08;4391.00000000;109.76000214;4268.00000000;106.69000244
NE;NORDESTE;2005-06-08;5036.00000000;107.33999634;5036.00000000;107.33999634
S;SUL;2005-06-08;5103.00000000;66.27999878;5096.00000000;66.19000244
SE;SUDESTE;2005-06-08;25690.00000000;108.05999756;25399.00000000;106.83999634
N;NORTE;2005-06-09;4062.00000000;101.54000092;4057.00000000;101.41000366
NE;NORDESTE;2005-06-09;5124.00000000;109.22000122;5124.00000000;109.22000122
S;SUL;2005-06-09;4582.00000000;59.50999832;4575.00000000;59.41999817
SE;SUDESTE;2005-06-09;24909.00000000;104.77999878;24617.00000000;103.55000305
N;NORTE;2005-06-10;3872.00000000;96.79000092;3872.00000000;96.79000092
NE;NORDESTE;2005-06-10;5162.00000000;110.02999878;5162.00000000;110.02999878
S;SUL;2005-06-10;4241.00000000;55.09000015;4235.00000000;55.00999832
SE;SUDESTE;2005-06-10;23977.00000000;100.86000061;23636.00000000;99.41999817
N;NORTE;2005-06-11;3711.00000000;92.76000214;3711.00000000;92.76000214
NE;NORDESTE;2005-06-11;5123.00000000;109.19999695;5116.00000000;109.05000305
S;SUL;2005-06-11;4461.00000000;57.93999863;4455.00000000;57.86000061
SE;SUDESTE;2005-06-11;23259.00000000;97.83999634;23042.00000000;96.91999817
N;NORTE;2005-06-12;3718.00000000;92.94000244;3718.00000000;92.94000244
NE;NORDESTE;2005-06-12;5015.00000000;106.90000153;5002.00000000;106.62000275
S;SUL;2005-06-12;5515.00000000;71.62999725;5508.00000000;71.54000092
SE;SUDESTE;2005-06-12;22738.00000000;95.63999939;22435.00000000;94.37000275
N;NORTE;2005-06-13;3525.00000000;88.11000061;3525.00000000;88.11000061
NE;NORDESTE;2005-06-13;4846.00000000;103.29000092;4840.00000000;103.16999817
S;SUL;2005-06-13;8263.00000000;107.33000183;7385.00000000;95.91999817
SE;SUDESTE;2005-06-13;22481.00000000;94.55999756;22190.00000000;93.33999634
N;NORTE;2005-06-14;3466.00000000;86.63999939;3466.00000000;86.63999939
NE;NORDESTE;2005-06-14;4649.00000000;99.08999634;4648.00000000;99.06999969
S;SUL;2005-06-14;14312.00000000;185.88999939;10827.00000000;140.63000488
SE;SUDESTE;2005-06-14;22452.00000000;94.44000244;22096.00000000;92.94000244
N;NORTE;2005-06-15;3398.00000000;84.94000244;3398.00000000;84.94000244
NE;NORDESTE;2005-06-15;4467.00000000;95.20999908;4467.00000000;95.20999908
S;SUL;2005-06-15;20428.00000000;265.32998657;14778.00000000;191.94999695
SE;SUDESTE;2005-06-15;22722.00000000;95.58000183;22259.00000000;93.62999725
N;NORTE;2005-06-16;3377.00000000;84.41000366;3377.00000000;84.41000366
NE;NORDESTE;2005-06-16;4306.00000000;91.77999878;4306.00000000;91.77999878
S;SUL;2005-06-16;25481.00000000;330.97000122;18567.00000000;241.16000366
SE;SUDESTE;2005-06-16;22816.00000000;95.97000122;22592.00000000;95.02999878
N;NORTE;2005-06-17;3238.00000000;80.94000244;3238.00000000;80.94000244
NE;NORDESTE;2005-06-17;4178.00000000;89.05000305;4178.00000000;89.05000305
S;SUL;2005-06-17;26814.00000000;348.27999878;18371.00000000;238.61999512
SE;SUDESTE;2005-06-17;23138.00000000;97.33000183;23053.00000000;96.97000122
N;NORTE;2005-06-18;3233.00000000;80.80999756;3229.00000000;80.70999908
NE;NORDESTE;2005-06-18;4075.00000000;86.86000061;4075.00000000;86.86000061
S;SUL;2005-06-18;30273.00000000;393.20999146;18027.00000000;234.14999390
SE;SUDESTE;2005-06-18;23833.00000000;100.25000000;23747.00000000;99.88999939
N;NORTE;2005-06-19;3130.00000000;78.23999786;3129.00000000;78.20999908
NE;NORDESTE;2005-06-19;3962.00000000;84.44999695;3962.00000000;84.44999695
S;SUL;2005-06-19;28623.00000000;371.77999878;20154.00000000;261.76998901
SE;SUDESTE;2005-06-19;24596.00000000;103.45999908;23686.00000000;99.62999725
N;NORTE;2005-06-20;3103.00000000;77.55999756;3103.00000000;77.55999756
NE;NORDESTE;2005-06-20;3880.00000000;82.69999695;3880.00000000;82.69999695
S;SUL;2005-06-20;23839.00000000;309.64001465;18827.00000000;244.53999329
SE;SUDESTE;2005-06-20;25086.00000000;105.51999664;24330.00000000;102.33999634
N;NORTE;2005-06-21;3006.00000000;75.13999939;3006.00000000;75.13999939
NE;NORDESTE;2005-06-21;3880.00000000;82.69999695;3880.00000000;82.69999695
S;SUL;2005-06-21;19296.00000000;250.63000488;16634.00000000;216.05000305
SE;SUDESTE;2005-06-21;25740.00000000;108.26999664;24491.00000000;103.01999664
N;NORTE;2005-06-22;3095.00000000;77.36000061;3095.00000000;77.36000061
NE;NORDESTE;2005-06-22;3929.00000000;83.75000000;3929.00000000;83.75000000
S;SUL;2005-06-22;16296.00000000;211.66000366;14982.00000000;194.60000610
SE;SUDESTE;2005-06-22;26004.00000000;109.37999725;24538.00000000;103.22000122
N;NORTE;2005-06-23;2857.00000000;71.41000366;2857.00000000;71.41000366
NE;NORDESTE;2005-06-23;3979.00000000;84.80999756;3979.00000000;84.80999756
S;SUL;2005-06-23;14037.00000000;182.32000732;12774.00000000;165.91999817
SE;SUDESTE;2005-06-23;25843.00000000;108.69999695;24489.00000000;103.01000214
N;NORTE;2005-06-24;2884.00000000;72.08999634;2884.00000000;72.08999634
NE;NORDESTE;2005-06-24;3992.00000000;85.08999634;3992.00000000;85.08999634
S;SUL;2005-06-24;12556.00000000;163.08999634;11567.00000000;150.24000549
SE;SUDESTE;2005-06-24;25291.00000000;106.37999725;23784.00000000;100.04000092
N;NORTE;2005-06-25;2791.00000000;69.76999664;2791.00000000;69.76999664
NE;NORDESTE;2005-06-25;3974.00000000;84.70999908;3974.00000000;84.70999908
S;SUL;2005-06-25;11380.00000000;147.80999756;10706.00000000;139.05999756
SE;SUDESTE;2005-06-25;25030.00000000;105.27999878;24247.00000000;101.98999786
N;NORTE;2005-06-26;2779.00000000;69.47000122;2779.00000000;69.47000122
NE;NORDESTE;2005-06-26;3956.00000000;84.31999969;3956.00000000;84.31999969
S;SUL;2005-06-26;10389.00000000;134.94000244;9927.00000000;128.94000244
SE;SUDESTE;2005-06-26;24682.00000000;103.81999969;23907.00000000;100.55999756
N;NORTE;2005-06-27;2684.00000000;67.08999634;2684.00000000;67.08999634
NE;NORDESTE;2005-06-27;3961.00000000;84.43000031;3961.00000000;84.43000031
S;SUL;2005-06-27;9627.00000000;125.04000092;9243.00000000;120.05000305
SE;SUDESTE;2005-06-27;24164.00000000;101.63999939;23581.00000000;99.19000244
N;NORTE;2005-06-28;2712.00000000;67.79000092;2712.00000000;67.79000092
NE;NORDESTE;2005-06-28;3960.00000000;84.41000366;3960.00000000;84.41000366
S;SUL;2005-06-28;8796.00000000;114.25000000;8504.00000000;110.45999908
SE;SUDESTE;2005-06-28;23939.00000000;100.69999695;23355.00000000;98.23999786
N;NORTE;2005-06-29;2516.00000000;62.88999939;2516.00000000;62.88999939
NE;NORDESTE;2005-06-29;3964.00000000;84.48999786;3964.00000000;84.48999786
S;SUL;2005-06-29;8255.00000000;107.22000122;8083.00000000;104.98999786
SE;SUDESTE;2005-06-29;23995.00000000;100.93000031;23937.00000000;100.69000244
N;NORTE;2005-06-30;2555.00000000;63.86999893;2555.00000000;63.86999893
NE;NORDESTE;2005-06-30;3980.00000000;84.83000183;3980.00000000;84.83000183
S;SUL;2005-06-30;7623.00000000;99.01000214;7491.00000000;97.30000305
SE;SUDESTE;2005-06-30;23743.00000000;99.87000275;23666.00000000;99.55000305
N;NORTE;2005-07-01;2467.00000000;107.16999817;2467.00000000;107.16999817
NE;NORDESTE;2005-07-01;3927.00000000;101.48000336;3927.00000000;101.48000336
S;SUL;2005-07-01;7145.00000000;90.08999634;7073.00000000;89.18000031
SE;SUDESTE;2005-07-01;23140.00000000;117.40000153;23072.00000000;117.05999756
N;NORTE;2005-07-02;2398.00000000;104.18000031;2398.00000000;104.18000031
NE;NORDESTE;2005-07-02;3901.00000000;100.80999756;3878.00000000;100.22000122
S;SUL;2005-07-02;6660.00000000;83.98000336;6632.00000000;83.62000275
SE;SUDESTE;2005-07-02;22661.00000000;114.97000122;22591.00000000;114.62000275
N;NORTE;2005-07-03;2375.00000000;103.18000031;2375.00000000;103.18000031
NE;NORDESTE;2005-07-03;3866.00000000;99.91000366;3845.00000000;99.37000275
S;SUL;2005-07-03;6307.00000000;79.52999878;6279.00000000;79.16999817
SE;SUDESTE;2005-07-03;22008.00000000;111.66000366;21913.00000000;111.18000031
N;NORTE;2005-07-04;2355.00000000;102.30999756;2355.00000000;102.30999756
NE;NORDESTE;2005-07-04;3805.00000000;98.33000183;3782.00000000;97.73999786
S;SUL;2005-07-04;6251.00000000;78.81999969;6223.00000000;78.47000122
SE;SUDESTE;2005-07-04;21404.00000000;108.58999634;21286.00000000;108.00000000
N;NORTE;2005-07-05;2251.00000000;97.79000092;2251.00000000;97.79000092
NE;NORDESTE;2005-07-05;3727.00000000;96.31999969;3704.00000000;95.72000122
S;SUL;2005-07-05;6452.00000000;81.34999847;6425.00000000;81.01000214
SE;SUDESTE;2005-07-05;21173.00000000;107.41999817;21079.00000000;106.94999695
N;NORTE;2005-07-06;2224.00000000;96.62000275;2224.00000000;96.62000275
NE;NORDESTE;2005-07-06;3697.00000000;95.54000092;3674.00000000;94.94999695
S;SUL;2005-07-06;6402.00000000;80.72000122;6355.00000000;80.12999725
SE;SUDESTE;2005-07-06;20993.00000000;106.51000214;20901.00000000;106.04000092
N;NORTE;2005-07-07;2230.00000000;96.87999725;2230.00000000;96.87999725
NE;NORDESTE;2005-07-07;3688.00000000;95.30999756;3665.00000000;94.70999908
S;SUL;2005-07-07;6167.00000000;77.76000214;6115.00000000;77.09999847
SE;SUDESTE;2005-07-07;20577.00000000;104.40000153;20492.00000000;103.97000122
N;NORTE;2005-07-08;2214.00000000;96.18000031;2214.00000000;96.18000031
NE;NORDESTE;2005-07-08;3697.00000000;95.54000092;3674.00000000;94.94999695
S;SUL;2005-07-08;5804.00000000;73.18000031;5797.00000000;73.08999634
SE;SUDESTE;2005-07-08;20287.00000000;102.93000031;20202.00000000;102.50000000
N;NORTE;2005-07-09;2244.00000000;97.48999786;2244.00000000;97.48999786
NE;NORDESTE;2005-07-09;3704.00000000;95.72000122;3681.00000000;95.12999725
S;SUL;2005-07-09;5488.00000000;69.19999695;5482.00000000;69.12000275
SE;SUDESTE;2005-07-09;19967.00000000;101.30000305;19868.00000000;100.80000305
N;NORTE;2005-07-10;2226.00000000;96.69999695;2226.00000000;96.69999695
NE;NORDESTE;2005-07-10;3691.00000000;95.38999939;3679.00000000;95.08000183
S;SUL;2005-07-10;5308.00000000;66.93000031;5301.00000000;66.83999634
SE;SUDESTE;2005-07-10;19713.00000000;100.01000214;19612.00000000;99.50000000
N;NORTE;2005-07-11;2161.00000000;93.87999725;2161.00000000;93.87999725
NE;NORDESTE;2005-07-11;3659.00000000;94.55999756;3630.00000000;93.80999756
S;SUL;2005-07-11;5093.00000000;64.22000122;5086.00000000;64.12999725
SE;SUDESTE;2005-07-11;19384.00000000;98.34999847;19215.00000000;97.48999786
N;NORTE;2005-07-12;2086.00000000;90.62000275;2086.00000000;90.62000275
NE;NORDESTE;2005-07-12;3630.00000000;93.80999756;3601.00000000;93.05999756
S;SUL;2005-07-12;4881.00000000;61.54000092;4874.00000000;61.45999908
SE;SUDESTE;2005-07-12;19026.00000000;96.52999878;18864.00000000;95.70999908
N;NORTE;2005-07-13;2018.00000000;87.66999817;2018.00000000;87.66999817
NE;NORDESTE;2005-07-13;3597.00000000;92.95999908;3588.00000000;92.72000122
S;SUL;2005-07-13;4671.00000000;58.90000153;4664.00000000;58.81000137
SE;SUDESTE;2005-07-13;18954.00000000;96.16000366;18849.00000000;95.62999725
N;NORTE;2005-07-14;1923.00000000;83.54000092;1923.00000000;83.54000092
NE;NORDESTE;2005-07-14;3547.00000000;91.66000366;3530.00000000;91.23000336
S;SUL;2005-07-14;4458.00000000;56.20999908;4451.00000000;56.11999893
SE;SUDESTE;2005-07-14;18596.00000000;94.34999847;18521.00000000;93.97000122
N;NORTE;2005-07-15;1872.00000000;81.31999969;1872.00000000;81.31999969
NE;NORDESTE;2005-07-15;3513.00000000;90.79000092;3495.00000000;90.31999969
S;SUL;2005-07-15;4294.00000000;54.13999939;4287.00000000;54.04999924
SE;SUDESTE;2005-07-15;18185.00000000;92.26000214;18023.00000000;91.44000244
N;NORTE;2005-07-16;1858.00000000;80.72000122;1858.00000000;80.72000122
NE;NORDESTE;2005-07-16;3490.00000000;90.19000244;3476.00000000;89.83000183
S;SUL;2005-07-16;4424.00000000;55.77999878;4417.00000000;55.68999863
SE;SUDESTE;2005-07-16;17914.00000000;90.88999939;17834.00000000;90.48000336
N;NORTE;2005-07-17;1882.00000000;81.76000214;1882.00000000;81.76000214
NE;NORDESTE;2005-07-17;3472.00000000;89.73000336;3443.00000000;88.98000336
S;SUL;2005-07-17;5823.00000000;73.41999817;5597.00000000;70.56999969
SE;SUDESTE;2005-07-17;17847.00000000;90.55000305;17768.00000000;90.15000153
N;NORTE;2005-07-18;1841.00000000;79.98000336;1841.00000000;79.98000336
NE;NORDESTE;2005-07-18;3450.00000000;89.16000366;3421.00000000;88.41000366
S;SUL;2005-07-18;7515.00000000;94.76000214;7175.00000000;90.47000122
SE;SUDESTE;2005-07-18;17891.00000000;90.76999664;17613.00000000;89.36000061
N;NORTE;2005-07-19;1818.00000000;78.98000336;1818.00000000;78.98000336
NE;NORDESTE;2005-07-19;3433.00000000;88.72000122;3410.00000000;88.12000275
S;SUL;2005-07-19;7972.00000000;100.51999664;7808.00000000;98.44999695
SE;SUDESTE;2005-07-19;18392.00000000;93.30999756;18126.00000000;91.95999908
N;NORTE;2005-07-20;1838.00000000;79.84999847;1838.00000000;79.84999847
NE;NORDESTE;2005-07-20;3424.00000000;88.48999786;3403.00000000;87.94000244
S;SUL;2005-07-20;6748.00000000;85.08999634;6658.00000000;83.94999695
SE;SUDESTE;2005-07-20;18716.00000000;94.95999908;18599.00000000;94.36000061
N;NORTE;2005-07-21;1851.00000000;80.41000366;1851.00000000;80.41000366
NE;NORDESTE;2005-07-21;3421.00000000;88.41000366;3404.00000000;87.97000122
S;SUL;2005-07-21;5938.00000000;74.87000275;5864.00000000;73.94000244
SE;SUDESTE;2005-07-21;18833.00000000;95.55000305;18756.00000000;95.16000366
N;NORTE;2005-07-22;1761.00000000;76.50000000;1761.00000000;76.50000000
NE;NORDESTE;2005-07-22;3430.00000000;88.63999939;3429.00000000;88.62000275
S;SUL;2005-07-22;7534.00000000;95.00000000;7299.00000000;92.02999878
SE;SUDESTE;2005-07-22;19145.00000000;97.12999725;19067.00000000;96.73999786
N;NORTE;2005-07-23;1767.00000000;76.76000214;1767.00000000;76.76000214
NE;NORDESTE;2005-07-23;3455.00000000;89.29000092;3432.00000000;88.69000244
S;SUL;2005-07-23;9560.00000000;120.54000092;9195.00000000;115.94000244
SE;SUDESTE;2005-07-23;19282.00000000;97.83000183;19220.00000000;97.51000214
N;NORTE;2005-07-24;1756.00000000;76.29000092;1756.00000000;76.29000092
NE;NORDESTE;2005-07-24;3451.00000000;89.18000031;3429.00000000;88.62000275
S;SUL;2005-07-24;11133.00000000;140.38000488;10646.00000000;134.24000549
SE;SUDESTE;2005-07-24;19676.00000000;99.83000183;19626.00000000;99.56999969
N;NORTE;2005-07-25;1699.00000000;73.80999756;1699.00000000;73.80999756
NE;NORDESTE;2005-07-25;3446.00000000;89.05000305;3432.00000000;88.69000244
S;SUL;2005-07-25;11213.00000000;141.38999939;10718.00000000;135.13999939
SE;SUDESTE;2005-07-25;19786.00000000;100.38999939;19731.00000000;100.11000061
N;NORTE;2005-07-26;1615.00000000;70.16000366;1615.00000000;70.16000366
NE;NORDESTE;2005-07-26;3466.00000000;89.56999969;3446.00000000;89.05000305
S;SUL;2005-07-26;9853.00000000;124.23999786;9592.00000000;120.94999695
SE;SUDESTE;2005-07-26;20096.00000000;101.95999908;20033.00000000;101.63999939
N;NORTE;2005-07-27;1606.00000000;69.76999664;1606.00000000;69.76999664
NE;NORDESTE;2005-07-27;3501.00000000;90.48000336;3484.00000000;90.04000092
S;SUL;2005-07-27;8860.00000000;111.72000122;8621.00000000;108.69999695
SE;SUDESTE;2005-07-27;20208.00000000;102.52999878;20152.00000000;102.23999786
N;NORTE;2005-07-28;1626.00000000;70.63999939;1626.00000000;70.63999939
NE;NORDESTE;2005-07-28;3477.00000000;89.86000061;3459.00000000;89.38999939
S;SUL;2005-07-28;8288.00000000;104.50000000;8065.00000000;101.69000244
SE;SUDESTE;2005-07-28;20297.00000000;102.98000336;20230.00000000;102.63999939
N;NORTE;2005-07-29;1560.00000000;67.76999664;1560.00000000;67.76999664
NE;NORDESTE;2005-07-29;3447.00000000;89.08000183;3442.00000000;88.94999695
S;SUL;2005-07-29;7759.00000000;97.83000183;7653.00000000;96.50000000
SE;SUDESTE;2005-07-29;20147.00000000;102.22000122;20075.00000000;101.84999847
N;NORTE;2005-07-30;1532.00000000;66.55000305;1532.00000000;66.55000305
NE;NORDESTE;2005-07-30;3427.00000000;88.55999756;3406.00000000;88.01999664
S;SUL;2005-07-30;7310.00000000;92.16999817;7285.00000000;91.86000061
SE;SUDESTE;2005-07-30;19810.00000000;100.51000214;19734.00000000;100.12000275
N;NORTE;2005-07-31;1533.00000000;66.59999847;1533.00000000;66.59999847
NE;NORDESTE;2005-07-31;3405.00000000;87.98999786;3383.00000000;87.43000031
S;SUL;2005-07-31;6888.00000000;86.84999847;6878.00000000;86.72000122
SE;SUDESTE;2005-07-31;19589.00000000;99.38999939;19528.00000000;99.08000183
N;NORTE;2005-08-01;1498.00000000;92.76999664;1498.00000000;92.76999664
NE;NORDESTE;2005-08-01;3372.00000000;99.93000031;3351.00000000;99.30000305
S;SUL;2005-08-01;6595.00000000;92.79000092;6587.00000000;92.68000031
SE;SUDESTE;2005-08-01;19142.00000000;116.51000214;19053.00000000;115.97000122
N;NORTE;2005-08-02;1429.00000000;88.50000000;1429.00000000;88.50000000
NE;NORDESTE;2005-08-02;3332.00000000;98.73999786;3319.00000000;98.36000061
S;SUL;2005-08-02;6221.00000000;87.52999878;6215.00000000;87.44000244
SE;SUDESTE;2005-08-02;18636.00000000;113.43000031;18575.00000000;113.05999756
N;NORTE;2005-08-03;1312.00000000;81.25000000;1312.00000000;81.25000000
NE;NORDESTE;2005-08-03;3160.00000000;93.63999939;3146.00000000;93.23000336
S;SUL;2005-08-03;5807.00000000;81.69999695;5800.00000000;81.59999847
SE;SUDESTE;2005-08-03;18355.00000000;111.72000122;18313.00000000;111.45999908
N;NORTE;2005-08-04;1280.00000000;79.26999664;1280.00000000;79.26999664
NE;NORDESTE;2005-08-04;3064.00000000;90.80000305;3045.00000000;90.23999786
S;SUL;2005-08-04;5317.00000000;74.80999756;5310.00000000;74.70999908
SE;SUDESTE;2005-08-04;18059.00000000;109.91999817;17984.00000000;109.45999908
N;NORTE;2005-08-05;1309.00000000;81.06999969;1309.00000000;81.06999969
NE;NORDESTE;2005-08-05;2991.00000000;88.63999939;2971.00000000;88.04000092
S;SUL;2005-08-05;4918.00000000;69.19000244;4911.00000000;69.08999634
SE;SUDESTE;2005-08-05;17204.00000000;104.70999908;17133.00000000;104.27999878
N;NORTE;2005-08-06;1255.00000000;77.72000122;1255.00000000;77.72000122
NE;NORDESTE;2005-08-06;2957.00000000;87.62999725;2950.00000000;87.41999817
S;SUL;2005-08-06;4559.00000000;64.13999939;4552.00000000;64.04000092
SE;SUDESTE;2005-08-06;16732.00000000;101.83999634;16708.00000000;101.69000244
N;NORTE;2005-08-07;1286.00000000;79.63999939;1286.00000000;79.63999939
NE;NORDESTE;2005-08-07;2951.00000000;87.44999695;2933.00000000;86.91999817
S;SUL;2005-08-07;4290.00000000;60.36000061;4283.00000000;60.25999832
SE;SUDESTE;2005-08-07;16308.00000000;99.26000214;16287.00000000;99.12999725
N;NORTE;2005-08-08;1324.00000000;82.00000000;1324.00000000;82.00000000
NE;NORDESTE;2005-08-08;2954.00000000;87.54000092;2931.00000000;86.86000061
S;SUL;2005-08-08;4233.00000000;59.56000137;4226.00000000;59.45999908
SE;SUDESTE;2005-08-08;16116.00000000;98.08999634;15986.00000000;97.30000305
N;NORTE;2005-08-09;1346.00000000;83.36000061;1346.00000000;83.36000061
NE;NORDESTE;2005-08-09;2956.00000000;87.59999847;2930.00000000;86.83000183
S;SUL;2005-08-09;4546.00000000;63.95999908;4519.00000000;63.58000183
SE;SUDESTE;2005-08-09;15867.00000000;96.58000183;15602.00000000;94.95999908
N;NORTE;2005-08-10;1339.00000000;82.93000031;1339.00000000;82.93000031
NE;NORDESTE;2005-08-10;2946.00000000;87.30000305;2918.00000000;86.47000122
S;SUL;2005-08-10;5650.00000000;79.48999786;5550.00000000;78.08999634
SE;SUDESTE;2005-08-10;15763.00000000;95.94000244;15494.00000000;94.30000305
N;NORTE;2005-08-11;1355.00000000;83.91999817;1355.00000000;83.91999817
NE;NORDESTE;2005-08-11;2929.00000000;86.80000305;2904.00000000;86.05999756
S;SUL;2005-08-11;7223.00000000;101.62000275;7083.00000000;99.65000153
SE;SUDESTE;2005-08-11;15590.00000000;94.88999939;15431.00000000;93.91999817
N;NORTE;2005-08-12;1305.00000000;80.81999969;1305.00000000;80.81999969
NE;NORDESTE;2005-08-12;2917.00000000;86.44000244;2891.00000000;85.66999817
S;SUL;2005-08-12;7395.00000000;104.04000092;7303.00000000;102.75000000
SE;SUDESTE;2005-08-12;15541.00000000;94.58999634;15428.00000000;93.90000153
N;NORTE;2005-08-13;1306.00000000;80.87999725;1306.00000000;80.87999725
NE;NORDESTE;2005-08-13;2934.00000000;86.94999695;2909.00000000;86.20999908
S;SUL;2005-08-13;6281.00000000;88.37000275;6226.00000000;87.59999847
SE;SUDESTE;2005-08-13;15504.00000000;94.37000275;15464.00000000;94.12000275
N;NORTE;2005-08-14;1301.00000000;80.56999969;1301.00000000;80.56999969
NE;NORDESTE;2005-08-14;2957.00000000;87.62999725;2948.00000000;87.36000061
S;SUL;2005-08-14;5628.00000000;79.18000031;5594.00000000;78.69999695
SE;SUDESTE;2005-08-14;15716.00000000;95.66000366;15667.00000000;95.36000061
N;NORTE;2005-08-15;1310.00000000;81.12999725;1310.00000000;81.12999725
NE;NORDESTE;2005-08-15;2971.00000000;88.04000092;2946.00000000;87.30000305
S;SUL;2005-08-15;5346.00000000;75.20999908;5325.00000000;74.91999817
SE;SUDESTE;2005-08-15;15407.00000000;93.77999878;15199.00000000;92.51000214
N;NORTE;2005-08-16;1278.00000000;79.15000153;1278.00000000;79.15000153
NE;NORDESTE;2005-08-16;2969.00000000;87.98000336;2943.00000000;87.20999908
S;SUL;2005-08-16;5180.00000000;72.87999725;5168.00000000;72.70999908
SE;SUDESTE;2005-08-16;15307.00000000;93.16999817;15094.00000000;91.87000275
N;NORTE;2005-08-17;1217.00000000;75.37000275;1217.00000000;75.37000275
NE;NORDESTE;2005-08-17;2973.00000000;88.09999847;2948.00000000;87.36000061
S;SUL;2005-08-17;4964.00000000;69.83999634;4955.00000000;69.70999908
SE;SUDESTE;2005-08-17;15332.00000000;93.31999969;15056.00000000;91.63999939
N;NORTE;2005-08-18;1295.00000000;80.19999695;1295.00000000;80.19999695
NE;NORDESTE;2005-08-18;2941.00000000;87.15000153;2918.00000000;86.47000122
S;SUL;2005-08-18;4752.00000000;66.86000061;4745.00000000;66.76000214
SE;SUDESTE;2005-08-18;15365.00000000;93.51999664;15221.00000000;92.63999939
N;NORTE;2005-08-19;1221.00000000;75.62000275;1221.00000000;75.62000275
NE;NORDESTE;2005-08-19;2971.00000000;88.04000092;2947.00000000;87.33000183
S;SUL;2005-08-19;4589.00000000;64.55999756;4582.00000000;64.47000122
SE;SUDESTE;2005-08-19;15174.00000000;92.36000061;15092.00000000;91.86000061
N;NORTE;2005-08-20;1256.00000000;77.79000092;1256.00000000;77.79000092
NE;NORDESTE;2005-08-20;2945.00000000;87.26999664;2918.00000000;86.47000122
S;SUL;2005-08-20;4696.00000000;66.06999969;4689.00000000;65.97000122
SE;SUDESTE;2005-08-20;15299.00000000;93.12000275;15202.00000000;92.52999878
N;NORTE;2005-08-21;1304.00000000;80.76000214;1304.00000000;80.76000214
NE;NORDESTE;2005-08-21;2923.00000000;86.62000275;2895.00000000;85.79000092
S;SUL;2005-08-21;5079.00000000;71.45999908;5054.00000000;71.11000061
SE;SUDESTE;2005-08-21;15364.00000000;93.51000214;15295.00000000;93.08999634
N;NORTE;2005-08-22;1307.00000000;80.94999695;1307.00000000;80.94999695
NE;NORDESTE;2005-08-22;2926.00000000;86.70999908;2902.00000000;86.00000000
S;SUL;2005-08-22;4820.00000000;67.80999756;4727.00000000;66.51000214
SE;SUDESTE;2005-08-22;15193.00000000;92.47000122;15075.00000000;91.75000000
N;NORTE;2005-08-23;1196.00000000;74.06999969;1196.00000000;74.06999969
NE;NORDESTE;2005-08-23;2968.00000000;87.94999695;2945.00000000;87.26999664
S;SUL;2005-08-23;4413.00000000;62.09000015;4349.00000000;61.18999863
SE;SUDESTE;2005-08-23;14982.00000000;91.19000244;14837.00000000;90.30999756
N;NORTE;2005-08-24;1160.00000000;71.83999634;1160.00000000;71.83999634
NE;NORDESTE;2005-08-24;2986.00000000;88.48999786;2962.00000000;87.77999878
S;SUL;2005-08-24;4430.00000000;62.33000183;4350.00000000;61.20000076
SE;SUDESTE;2005-08-24;14802.00000000;90.08999634;14663.00000000;89.25000000
N;NORTE;2005-08-25;1003.00000000;62.11999893;1003.00000000;62.11999893
NE;NORDESTE;2005-08-25;2967.00000000;87.93000031;2952.00000000;87.48000336
S;SUL;2005-08-25;4737.00000000;66.65000153;4620.00000000;65.00000000
SE;SUDESTE;2005-08-25;14673.00000000;89.30999756;14532.00000000;88.44999695
N;NORTE;2005-08-26;908.00000000;56.22999954;908.00000000;56.22999954
NE;NORDESTE;2005-08-26;2927.00000000;86.73999786;2915.00000000;86.37999725
S;SUL;2005-08-26;4916.00000000;69.16999817;4702.00000000;66.15000153
SE;SUDESTE;2005-08-26;14587.00000000;88.77999878;14439.00000000;87.87999725
N;NORTE;2005-08-27;921.00000000;57.04000092;921.00000000;57.04000092
NE;NORDESTE;2005-08-27;2891.00000000;85.66999817;2867.00000000;84.95999908
S;SUL;2005-08-27;4497.00000000;63.27000046;4261.00000000;59.95000076
SE;SUDESTE;2005-08-27;14522.00000000;88.38999939;14457.00000000;87.98999786
N;NORTE;2005-08-28;963.00000000;59.63999939;963.00000000;59.63999939
NE;NORDESTE;2005-08-28;2881.00000000;85.37999725;2856.00000000;84.63999939
S;SUL;2005-08-28;3979.00000000;55.97999954;3763.00000000;52.93999863
SE;SUDESTE;2005-08-28;14640.00000000;89.11000061;14573.00000000;88.69999695
N;NORTE;2005-08-29;1055.00000000;65.33999634;1055.00000000;65.33999634
NE;NORDESTE;2005-08-29;2896.00000000;85.81999969;2873.00000000;85.13999939
S;SUL;2005-08-29;4041.00000000;56.84999847;3836.00000000;53.97000122
SE;SUDESTE;2005-08-29;14656.00000000;89.19999695;14529.00000000;88.43000031
N;NORTE;2005-08-30;1073.00000000;66.44999695;1073.00000000;66.44999695
NE;NORDESTE;2005-08-30;2899.00000000;85.91000366;2875.00000000;85.19999695
S;SUL;2005-08-30;5504.00000000;77.44000244;4930.00000000;69.36000061
SE;SUDESTE;2005-08-30;14493.00000000;88.20999908;14318.00000000;87.15000153
N;NORTE;2005-08-31;1088.00000000;67.37999725;1088.00000000;67.37999725
NE;NORDESTE;2005-08-31;2876.00000000;85.23000336;2853.00000000;84.55000305
S;SUL;2005-08-31;13168.00000000;183.38000488;10516.00000000;146.44999695
SE;SUDESTE;2005-08-31;14592.00000000;88.29000092;14365.00000000;86.91000366
N;NORTE;2005-09-01;1066.00000000;83.51999664;1066.00000000;83.51999664
NE;NORDESTE;2005-09-01;2850.00000000;94.48999786;2821.00000000;93.52999878
S;SUL;2005-09-01;21205.00000000;253.83000183;15200.00000000;181.94999695
SE;SUDESTE;2005-09-01;14893.00000000;90.69999695;14708.00000000;89.56999969
N;NORTE;2005-09-02;1070.00000000;83.83000183;1070.00000000;83.83000183
NE;NORDESTE;2005-09-02;2839.00000000;94.12000275;2810.00000000;93.16000366
S;SUL;2005-09-02;23594.00000000;282.42999268;20339.00000000;243.46000671
SE;SUDESTE;2005-09-02;15177.00000000;92.43000031;14981.00000000;91.23999786
N;NORTE;2005-09-03;1006.00000000;78.81999969;1006.00000000;78.81999969
NE;NORDESTE;2005-09-03;2849.00000000;94.44999695;2839.00000000;94.12000275
S;SUL;2005-09-03;20576.00000000;246.30000305;18331.00000000;219.42999268
SE;SUDESTE;2005-09-03;15488.00000000;94.31999969;15329.00000000;93.36000061
N;NORTE;2005-09-04;1014.00000000;79.44999695;1014.00000000;79.44999695
NE;NORDESTE;2005-09-04;2867.00000000;95.05000305;2866.00000000;95.01999664
S;SUL;2005-09-04;20072.00000000;240.27000427;14928.00000000;178.69000244
SE;SUDESTE;2005-09-04;16071.00000000;97.87000275;15863.00000000;96.61000061
N;NORTE;2005-09-05;939.00000000;73.56999969;939.00000000;73.56999969
NE;NORDESTE;2005-09-05;2889.00000000;95.77999878;2887.00000000;95.70999908
S;SUL;2005-09-05;24889.00000000;297.92999268;11997.00000000;143.61000061
SE;SUDESTE;2005-09-05;17435.00000000;106.18000031;17244.00000000;105.01999664
N;NORTE;2005-09-06;961.00000000;75.29000092;961.00000000;75.29000092
NE;NORDESTE;2005-09-06;2902.00000000;96.20999908;2894.00000000;95.94999695
S;SUL;2005-09-06;26235.00000000;314.04000854;16383.00000000;196.11000061
SE;SUDESTE;2005-09-06;17404.00000000;105.98999786;17239.00000000;104.98999786
N;NORTE;2005-09-07;855.00000000;66.98999786;855.00000000;66.98999786
NE;NORDESTE;2005-09-07;2897.00000000;96.05000305;2889.00000000;95.77999878
S;SUL;2005-09-07;23183.00000000;277.51000977;14194.00000000;169.91000366
SE;SUDESTE;2005-09-07;18133.00000000;110.43000031;18048.00000000;109.91999817
N;NORTE;2005-09-08;916.00000000;71.76999664;916.00000000;71.76999664
NE;NORDESTE;2005-09-08;2894.00000000;95.94999695;2870.00000000;95.15000153
S;SUL;2005-09-08;19186.00000000;229.66000366;13337.00000000;159.64999390
SE;SUDESTE;2005-09-08;17891.00000000;108.95999908;17828.00000000;108.58000183
N;NORTE;2005-09-09;895.00000000;70.12000275;895.00000000;70.12000275
NE;NORDESTE;2005-09-09;2890.00000000;95.80999756;2863.00000000;94.91999817
S;SUL;2005-09-09;16731.00000000;200.27999878;9138.00000000;109.37999725
SE;SUDESTE;2005-09-09;17807.00000000;107.51999664;17727.00000000;107.04000092
N;NORTE;2005-09-10;1055.00000000;82.66000366;1055.00000000;82.66000366
NE;NORDESTE;2005-09-10;2881.00000000;95.51999664;2852.00000000;94.55000305
S;SUL;2005-09-10;15203.00000000;181.97999573;5325.00000000;63.74000168
SE;SUDESTE;2005-09-10;17369.00000000;104.87000275;17297.00000000;104.44000244
N;NORTE;2005-09-11;1036.00000000;81.16999817;1036.00000000;81.16999817
NE;NORDESTE;2005-09-11;2864.00000000;94.94999695;2835.00000000;93.98999786
S;SUL;2005-09-11;15784.00000000;188.94000244;5730.00000000;68.58999634
SE;SUDESTE;2005-09-11;17539.00000000;105.90000153;17458.00000000;105.41000366
N;NORTE;2005-09-12;1124.00000000;88.05999756;1124.00000000;88.05999756
NE;NORDESTE;2005-09-12;2852.00000000;94.55000305;2823.00000000;93.58999634
S;SUL;2005-09-12;17246.00000000;206.44000244;6457.00000000;77.29000092
SE;SUDESTE;2005-09-12;17243.00000000;104.11000061;17172.00000000;103.69000244
N;NORTE;2005-09-13;1070.00000000;83.83000183;1070.00000000;83.83000183
NE;NORDESTE;2005-09-13;2851.00000000;94.51999664;2822.00000000;93.55999756
S;SUL;2005-09-13;17559.00000000;210.19000244;9483.00000000;113.51000214
SE;SUDESTE;2005-09-13;17490.00000000;105.61000061;17413.00000000;105.13999939
N;NORTE;2005-09-14;1048.00000000;82.11000061;1048.00000000;82.11000061
NE;NORDESTE;2005-09-14;2863.00000000;94.91999817;2835.00000000;93.98999786
S;SUL;2005-09-14;20291.00000000;242.88999939;4445.00000000;53.20999908
SE;SUDESTE;2005-09-14;17945.00000000;108.34999847;17876.00000000;107.94000244
N;NORTE;2005-09-15;1020.00000000;79.91999817;1020.00000000;79.91999817
NE;NORDESTE;2005-09-15;2901.00000000;96.18000031;2873.00000000;95.25000000
S;SUL;2005-09-15;22137.00000000;264.98999023;8257.00000000;98.83999634
SE;SUDESTE;2005-09-15;18399.00000000;111.08999634;18322.00000000;110.62999725
N;NORTE;2005-09-16;952.00000000;74.58999634;952.00000000;74.58999634
NE;NORDESTE;2005-09-16;2985.00000000;98.95999908;2957.00000000;98.04000092
S;SUL;2005-09-16;22530.00000000;269.69000244;8653.00000000;103.58000183
SE;SUDESTE;2005-09-16;18879.00000000;113.98999786;18810.00000000;113.58000183
N;NORTE;2005-09-17;917.00000000;71.84999847;917.00000000;71.84999847
NE;NORDESTE;2005-09-17;3095.00000000;102.61000061;3066.00000000;101.65000153
S;SUL;2005-09-17;21854.00000000;261.60000610;12715.00000000;152.19999695
SE;SUDESTE;2005-09-17;19133.00000000;115.52999878;19079.00000000;115.19999695
N;NORTE;2005-09-18;963.00000000;75.44999695;963.00000000;75.44999695
NE;NORDESTE;2005-09-18;3168.00000000;105.02999878;3139.00000000;104.06999969
S;SUL;2005-09-18;20517.00000000;245.58999634;10065.00000000;120.48000336
SE;SUDESTE;2005-09-18;19260.00000000;116.29000092;19215.00000000;116.01999664
N;NORTE;2005-09-19;1026.00000000;80.38999939;1026.00000000;80.38999939
NE;NORDESTE;2005-09-19;3195.00000000;105.93000031;3166.00000000;104.95999908
S;SUL;2005-09-19;20090.00000000;240.47999573;11859.00000000;141.96000671
SE;SUDESTE;2005-09-19;19411.00000000;117.19999695;19316.00000000;116.62999725
N;NORTE;2005-09-20;904.00000000;70.83000183;904.00000000;70.83000183
NE;NORDESTE;2005-09-20;3180.00000000;105.43000031;3151.00000000;104.47000122
S;SUL;2005-09-20;19737.00000000;236.25999451;15016.00000000;179.75000000
SE;SUDESTE;2005-09-20;19398.00000000;117.12999725;19242.00000000;116.18000031
N;NORTE;2005-09-21;1034.00000000;81.01000214;1034.00000000;81.01000214
NE;NORDESTE;2005-09-21;3117.00000000;103.33999634;3088.00000000;102.37999725
S;SUL;2005-09-21;19710.00000000;235.92999268;12710.00000000;152.13999939
SE;SUDESTE;2005-09-21;19392.00000000;117.08999634;19300.00000000;116.52999878
N;NORTE;2005-09-22;934.00000000;73.18000031;934.00000000;73.18000031
NE;NORDESTE;2005-09-22;3017.00000000;100.01999664;2989.00000000;99.09999847
S;SUL;2005-09-22;17791.00000000;212.96000671;11531.00000000;138.02999878
SE;SUDESTE;2005-09-22;19354.00000000;116.86000061;19150.00000000;115.62999725
N;NORTE;2005-09-23;891.00000000;69.80999756;891.00000000;69.80999756
NE;NORDESTE;2005-09-23;2901.00000000;96.18000031;2872.00000000;95.22000122
S;SUL;2005-09-23;16473.00000000;197.19000244;9246.00000000;110.68000031
SE;SUDESTE;2005-09-23;19483.00000000;117.63999939;19341.00000000;116.77999878
N;NORTE;2005-09-24;913.00000000;71.52999878;913.00000000;71.52999878
NE;NORDESTE;2005-09-24;2810.00000000;93.16000366;2781.00000000;92.19999695
S;SUL;2005-09-24;15989.00000000;191.38999939;9687.00000000;115.95999908
SE;SUDESTE;2005-09-24;19906.00000000;120.19000244;19858.00000000;119.90000153
N;NORTE;2005-09-25;946.00000000;74.12000275;946.00000000;74.12000275
NE;NORDESTE;2005-09-25;2762.00000000;91.56999969;2733.00000000;90.61000061
S;SUL;2005-09-25;16157.00000000;193.39999390;8401.00000000;100.55999756
SE;SUDESTE;2005-09-25;20724.00000000;125.12999725;20250.00000000;122.26999664
N;NORTE;2005-09-26;1004.00000000;78.66000366;1004.00000000;78.66000366
NE;NORDESTE;2005-09-26;2735.00000000;90.68000031;2707.00000000;89.75000000
S;SUL;2005-09-26;16360.00000000;195.83000183;9196.00000000;110.08000183
SE;SUDESTE;2005-09-26;21410.00000000;129.27000427;21350.00000000;128.91000366
N;NORTE;2005-09-27;1057.00000000;82.80999756;1057.00000000;82.80999756
NE;NORDESTE;2005-09-27;2740.00000000;90.83999634;2711.00000000;89.87999725
S;SUL;2005-09-27;15512.00000000;185.67999268;12497.00000000;149.58999634
SE;SUDESTE;2005-09-27;21704.00000000;131.05000305;21475.00000000;129.66999817
N;NORTE;2005-09-28;1141.00000000;89.40000153;1141.00000000;89.40000153
NE;NORDESTE;2005-09-28;2775.00000000;92.00000000;2747.00000000;91.06999969
S;SUL;2005-09-28;14409.00000000;172.47999573;11315.00000000;135.44000244
SE;SUDESTE;2005-09-28;22140.00000000;133.67999268;21558.00000000;130.16999817
N;NORTE;2005-09-29;1052.00000000;82.41999817;1052.00000000;82.41999817
NE;NORDESTE;2005-09-29;2823.00000000;93.58999634;2795.00000000;92.66000366
S;SUL;2005-09-29;13577.00000000;162.52000427;7771.00000000;93.01999664
SE;SUDESTE;2005-09-29;22077.00000000;133.30000305;20677.00000000;124.84999847
N;NORTE;2005-09-30;1106.00000000;86.65000153;1106.00000000;86.65000153
NE;NORDESTE;2005-09-30;2878.00000000;95.41999817;2849.00000000;94.44999695
S;SUL;2005-09-30;13122.00000000;157.07000732;8387.00000000;100.38999939
SE;SUDESTE;2005-09-30;21756.00000000;131.36000061;20138.00000000;121.58999634
N;NORTE;2005-10-01;1009.00000000;70.73000336;1009.00000000;70.73000336
NE;NORDESTE;2005-10-01;2896.00000000;87.98000336;2867.00000000;87.09999847
S;SUL;2005-10-01;14115.00000000;143.77999878;4742.00000000;48.29999924
SE;SUDESTE;2005-10-01;21139.00000000;107.11000061;18466.00000000;93.55999756
N;NORTE;2005-10-02;1107.00000000;77.58999634;1107.00000000;77.58999634
NE;NORDESTE;2005-10-02;2911.00000000;88.44000244;2882.00000000;87.55999756
S;SUL;2005-10-02;14303.00000000;145.69999695;6223.00000000;63.38999939
SE;SUDESTE;2005-10-02;20875.00000000;105.76999664;16694.00000000;84.58999634
N;NORTE;2005-10-03;1017.00000000;71.29000092;1017.00000000;71.29000092
NE;NORDESTE;2005-10-03;2902.00000000;88.16999817;2873.00000000;87.27999878
S;SUL;2005-10-03;13547.00000000;138.00000000;8395.00000000;85.51999664
SE;SUDESTE;2005-10-03;20626.00000000;104.51000214;19248.00000000;97.52999878
N;NORTE;2005-10-04;1070.00000000;75.00000000;1070.00000000;75.00000000
NE;NORDESTE;2005-10-04;2988.00000000;90.77999878;2959.00000000;89.90000153
S;SUL;2005-10-04;14465.00000000;147.35000610;11122.00000000;113.29000092
SE;SUDESTE;2005-10-04;20883.00000000;105.80999756;18307.00000000;92.76000214
N;NORTE;2005-10-05;1092.00000000;76.54000092;1092.00000000;76.54000092
NE;NORDESTE;2005-10-05;3061.00000000;93.00000000;3032.00000000;92.11000061
S;SUL;2005-10-05;27482.00000000;279.95001221;-2542.00000000;-25.88999939
SE;SUDESTE;2005-10-05;20737.00000000;105.06999969;14381.00000000;72.87000275
N;NORTE;2005-10-06;1122.00000000;78.65000153;1122.00000000;78.65000153
NE;NORDESTE;2005-10-06;3122.00000000;94.84999847;3093.00000000;93.97000122
S;SUL;2005-10-06;32327.00000000;329.29998779;7063.00000000;71.94999695
SE;SUDESTE;2005-10-06;23111.00000000;117.09999847;17168.00000000;86.98999786
N;NORTE;2005-10-07;1139.00000000;79.83999634;1139.00000000;79.83999634
NE;NORDESTE;2005-10-07;3143.00000000;95.48999786;3118.00000000;94.73000336
S;SUL;2005-10-07;29908.00000000;304.66000366;11911.00000000;121.33000183
SE;SUDESTE;2005-10-07;24422.00000000;123.73999786;17880.00000000;90.58999634
N;NORTE;2005-10-08;1200.00000000;84.11000061;1200.00000000;84.11000061
NE;NORDESTE;2005-10-08;3140.00000000;95.40000153;3111.00000000;94.51000214
S;SUL;2005-10-08;27765.00000000;282.82998657;5571.00000000;56.75000000
SE;SUDESTE;2005-10-08;25676.00000000;130.08999634;20456.00000000;103.65000153
N;NORTE;2005-10-09;1188.00000000;83.26999664;1188.00000000;83.26999664
NE;NORDESTE;2005-10-09;3116.00000000;94.66999817;3087.00000000;93.79000092
S;SUL;2005-10-09;27586.00000000;281.01000977;-646.00000000;-6.57999992
SE;SUDESTE;2005-10-09;24897.00000000;126.15000153;18620.00000000;94.33999634
N;NORTE;2005-10-10;1163.00000000;81.51999664;1163.00000000;81.51999664
NE;NORDESTE;2005-10-10;3012.00000000;91.51000214;2986.00000000;90.72000122
S;SUL;2005-10-10;24659.00000000;251.19000244;12872.00000000;131.11999512
SE;SUDESTE;2005-10-10;25947.00000000;131.47000122;21573.00000000;109.30999756
N;NORTE;2005-10-11;1207.00000000;84.59999847;1207.00000000;84.59999847
NE;NORDESTE;2005-10-11;2871.00000000;87.22000122;2842.00000000;86.33999634
S;SUL;2005-10-11;22201.00000000;226.14999390;15770.00000000;160.63999939
SE;SUDESTE;2005-10-11;23885.00000000;121.01999664;19376.00000000;98.16999817
N;NORTE;2005-10-12;1122.00000000;78.65000153;1122.00000000;78.65000153
NE;NORDESTE;2005-10-12;2857.00000000;86.80000305;2828.00000000;85.91999817
S;SUL;2005-10-12;19777.00000000;201.46000671;11981.00000000;122.04000092
SE;SUDESTE;2005-10-12;21305.00000000;107.94999695;16698.00000000;84.61000061
N;NORTE;2005-10-13;1113.00000000;78.01999664;1113.00000000;78.01999664
NE;NORDESTE;2005-10-13;2952.00000000;89.68000031;2924.00000000;88.83000183
S;SUL;2005-10-13;18024.00000000;183.60000610;7834.00000000;79.80000305
SE;SUDESTE;2005-10-13;19843.00000000;100.54000092;16226.00000000;82.20999908
N;NORTE;2005-10-14;1098.00000000;76.95999908;1098.00000000;76.95999908
NE;NORDESTE;2005-10-14;3019.00000000;91.72000122;2995.00000000;90.98999786
S;SUL;2005-10-14;16927.00000000;172.42999268;11033.00000000;112.38999939
SE;SUDESTE;2005-10-14;19056.00000000;96.55000305;16923.00000000;85.75000000
N;NORTE;2005-10-15;1043.00000000;73.11000061;1043.00000000;73.11000061
NE;NORDESTE;2005-10-15;2982.00000000;90.59999847;2953.00000000;89.70999908
S;SUL;2005-10-15;17162.00000000;174.82000732;9446.00000000;96.22000122
SE;SUDESTE;2005-10-15;18421.00000000;93.33999634;15610.00000000;79.08999634
N;NORTE;2005-10-16;1012.00000000;70.94000244;1012.00000000;70.94000244
NE;NORDESTE;2005-10-16;2865.00000000;87.04000092;2836.00000000;86.16000366
S;SUL;2005-10-16;22399.00000000;228.16999817;5086.00000000;51.81000137
SE;SUDESTE;2005-10-16;17857.00000000;90.48000336;14856.00000000;75.26999664
N;NORTE;2005-10-17;1004.00000000;70.37999725;1004.00000000;70.37999725
NE;NORDESTE;2005-10-17;2732.00000000;83.00000000;2704.00000000;82.15000153
S;SUL;2005-10-17;33357.00000000;339.79000854;989.00000000;10.06999969
SE;SUDESTE;2005-10-17;19741.00000000;100.01999664;16769.00000000;84.97000122
N;NORTE;2005-10-18;938.00000000;65.75000000;938.00000000;65.75000000
NE;NORDESTE;2005-10-18;2634.00000000;80.01999664;2606.00000000;79.16999817
S;SUL;2005-10-18;37500.00000000;381.98999023;14321.00000000;145.88000488
SE;SUDESTE;2005-10-18;21108.00000000;106.94999695;20308.00000000;102.90000153
N;NORTE;2005-10-19;964.00000000;67.56999969;964.00000000;67.56999969
NE;NORDESTE;2005-10-19;2585.00000000;78.52999878;2556.00000000;77.65000153
S;SUL;2005-10-19;31640.00000000;322.29998779;15715.00000000;160.08000183
SE;SUDESTE;2005-10-19;20854.00000000;105.66000366;20639.00000000;104.56999969
N;NORTE;2005-10-20;919.00000000;64.41999817;919.00000000;64.41999817
NE;NORDESTE;2005-10-20;2560.00000000;77.76999664;2531.00000000;76.88999939
S;SUL;2005-10-20;24109.00000000;245.58999634;11119.00000000;113.26000214
SE;SUDESTE;2005-10-20;20269.00000000;102.69999695;18989.00000000;96.20999908
N;NORTE;2005-10-21;977.00000000;68.48000336;977.00000000;68.48000336
NE;NORDESTE;2005-10-21;2549.00000000;77.44000244;2520.00000000;76.55999756
S;SUL;2005-10-21;19607.00000000;199.72999573;8327.00000000;84.81999969
SE;SUDESTE;2005-10-21;20302.00000000;102.87000275;17557.00000000;88.95999908
N;NORTE;2005-10-22;1024.00000000;71.77999878;1024.00000000;71.77999878
NE;NORDESTE;2005-10-22;2531.00000000;76.88999939;2503.00000000;76.04000092
S;SUL;2005-10-22;16692.00000000;170.02999878;9159.00000000;93.30000305
SE;SUDESTE;2005-10-22;20575.00000000;104.25000000;16510.00000000;83.65000153
N;NORTE;2005-10-23;1041.00000000;72.97000122;1041.00000000;72.97000122
NE;NORDESTE;2005-10-23;2505.00000000;76.09999847;2476.00000000;75.22000122
S;SUL;2005-10-23;15373.00000000;156.60000610;7073.00000000;72.05000305
SE;SUDESTE;2005-10-23;20988.00000000;106.33999634;16012.00000000;81.12999725
N;NORTE;2005-10-24;998.00000000;69.94999695;998.00000000;69.94999695
NE;NORDESTE;2005-10-24;2474.00000000;75.16000366;2445.00000000;74.27999878
S;SUL;2005-10-24;14273.00000000;145.38999939;8485.00000000;86.43000031
SE;SUDESTE;2005-10-24;21113.00000000;106.98000336;18619.00000000;94.33999634
N;NORTE;2005-10-25;1092.00000000;76.54000092;1092.00000000;76.54000092
NE;NORDESTE;2005-10-25;2443.00000000;74.22000122;2414.00000000;73.33999634
S;SUL;2005-10-25;13501.00000000;137.52999878;10528.00000000;107.23999786
SE;SUDESTE;2005-10-25;22886.00000000;115.95999908;19796.00000000;100.30000305
N;NORTE;2005-10-26;934.00000000;65.47000122;934.00000000;65.47000122
NE;NORDESTE;2005-10-26;2411.00000000;73.25000000;2382.00000000;72.37000275
S;SUL;2005-10-26;13169.00000000;134.14999390;8929.00000000;90.95999908
SE;SUDESTE;2005-10-26;22745.00000000;115.23999786;20559.00000000;104.16999817
N;NORTE;2005-10-27;1001.00000000;70.16000366;1001.00000000;70.16000366
NE;NORDESTE;2005-10-27;2376.00000000;72.18000031;2348.00000000;71.33000183
S;SUL;2005-10-27;13320.00000000;135.67999268;8312.00000000;84.66999817
SE;SUDESTE;2005-10-27;22422.00000000;113.61000061;19448.00000000;98.54000092
N;NORTE;2005-10-28;1085.00000000;76.05000305;1085.00000000;76.05000305
NE;NORDESTE;2005-10-28;2366.00000000;71.87999725;2338.00000000;71.02999878
S;SUL;2005-10-28;22214.00000000;226.27999878;-2636.00000000;-26.85000038
SE;SUDESTE;2005-10-28;25132.00000000;127.33999634;21626.00000000;109.56999969
N;NORTE;2005-10-29;1126.00000000;78.93000031;1126.00000000;78.93000031
NE;NORDESTE;2005-10-29;2354.00000000;71.51999664;2326.00000000;70.66999817
S;SUL;2005-10-29;28089.00000000;286.13000488;-4636.00000000;-47.22000122
SE;SUDESTE;2005-10-29;26027.00000000;131.86999512;21405.00000000;108.44999695
N;NORTE;2005-10-30;1138.00000000;79.76999664;1138.00000000;79.76999664
NE;NORDESTE;2005-10-30;2327.00000000;70.69999695;2298.00000000;69.81999969
S;SUL;2005-10-30;26268.00000000;267.57998657;5797.00000000;59.04999924
SE;SUDESTE;2005-10-30;27088.00000000;137.25000000;21572.00000000;109.30000305
N;NORTE;2005-10-31;1116.00000000;78.23000336;1116.00000000;78.23000336
NE;NORDESTE;2005-10-31;2288.00000000;69.51000214;2259.00000000;68.62999725
S;SUL;2005-10-31;22368.00000000;227.85000610;13280.00000000;135.27999878
SE;SUDESTE;2005-10-31;29412.00000000;149.02000427;22841.00000000;115.73000336
N;NORTE;2005-11-01;1083.00000000;45.99000168;1083.00000000;45.99000168
NE;NORDESTE;2005-11-01;2268.00000000;42.15000153;2240.00000000;41.63000107
S;SUL;2005-11-01;19119.00000000;271.67999268;9251.00000000;131.46000671
SE;SUDESTE;2005-11-01;31285.00000000;125.27999878;24103.00000000;96.51999664
N;NORTE;2005-11-02;1026.00000000;43.56999969;1026.00000000;43.56999969
NE;NORDESTE;2005-11-02;2343.00000000;43.54000092;2314.00000000;43.00000000
S;SUL;2005-11-02;16755.00000000;238.08999634;8076.00000000;114.76000214
SE;SUDESTE;2005-11-02;30722.00000000;123.02999878;23340.00000000;93.47000122
N;NORTE;2005-11-03;1000.00000000;42.47000122;1000.00000000;42.47000122
NE;NORDESTE;2005-11-03;2366.00000000;43.97000122;2338.00000000;43.45000076
S;SUL;2005-11-03;15426.00000000;219.19999695;7028.00000000;99.87000275
SE;SUDESTE;2005-11-03;29492.00000000;118.09999847;23821.00000000;95.38999939
N;NORTE;2005-11-04;969.00000000;41.15000153;969.00000000;41.15000153
NE;NORDESTE;2005-11-04;2394.00000000;44.49000168;2365.00000000;43.95000076
S;SUL;2005-11-04;14025.00000000;199.30000305;8092.00000000;114.98999786
SE;SUDESTE;2005-11-04;28898.00000000;115.72000122;23445.00000000;93.88999939
N;NORTE;2005-11-05;998.00000000;42.38000107;998.00000000;42.38000107
NE;NORDESTE;2005-11-05;2436.00000000;45.27000046;2407.00000000;44.72999954
S;SUL;2005-11-05;12990.00000000;184.58999634;5778.00000000;82.11000061
SE;SUDESTE;2005-11-05;27657.00000000;110.75000000;23707.00000000;94.94000244
N;NORTE;2005-11-06;991.00000000;42.09000015;991.00000000;42.09000015
NE;NORDESTE;2005-11-06;2508.00000000;46.61000061;2479.00000000;46.06999969
S;SUL;2005-11-06;13186.00000000;187.36999512;4020.00000000;57.11999893
SE;SUDESTE;2005-11-06;26681.00000000;106.83999634;23238.00000000;93.05999756
N;NORTE;2005-11-07;975.00000000;41.40999985;975.00000000;41.40999985
NE;NORDESTE;2005-11-07;2586.00000000;48.06000137;2574.00000000;47.84000015
S;SUL;2005-11-07;13510.00000000;191.97999573;5299.00000000;75.30000305
SE;SUDESTE;2005-11-07;26168.00000000;104.79000092;24746.00000000;99.09999847
N;NORTE;2005-11-08;964.00000000;40.93999863;964.00000000;40.93999863
NE;NORDESTE;2005-11-08;2655.00000000;49.34000015;2655.00000000;49.34000015
S;SUL;2005-11-08;13671.00000000;194.27000427;8200.00000000;116.51999664
SE;SUDESTE;2005-11-08;25671.00000000;102.80000305;25331.00000000;101.44000244
N;NORTE;2005-11-09;1063.00000000;45.13999939;1063.00000000;45.13999939
NE;NORDESTE;2005-11-09;2653.00000000;49.29999924;2653.00000000;49.29999924
S;SUL;2005-11-09;13495.00000000;191.77000427;8315.00000000;118.16000366
SE;SUDESTE;2005-11-09;25632.00000000;102.63999939;25034.00000000;100.25000000
N;NORTE;2005-11-10;1251.00000000;53.13000107;1251.00000000;53.13000107
NE;NORDESTE;2005-11-10;2658.00000000;49.40000153;2658.00000000;49.40000153
S;SUL;2005-11-10;12795.00000000;181.82000732;9184.00000000;130.50999451
SE;SUDESTE;2005-11-10;25388.00000000;101.66999817;22925.00000000;91.80000305
N;NORTE;2005-11-11;1295.00000000;55.00000000;1295.00000000;55.00000000
NE;NORDESTE;2005-11-11;2724.00000000;50.61999893;2724.00000000;50.61999893
S;SUL;2005-11-11;11817.00000000;167.91999817;8211.00000000;116.68000031
SE;SUDESTE;2005-11-11;24532.00000000;98.23999786;21536.00000000;86.23999786
N;NORTE;2005-11-12;1288.00000000;54.70000076;1288.00000000;54.70000076
NE;NORDESTE;2005-11-12;2813.00000000;52.27999878;2813.00000000;52.27999878
S;SUL;2005-11-12;10988.00000000;156.13999939;8548.00000000;121.47000122
SE;SUDESTE;2005-11-12;24198.00000000;96.90000153;21070.00000000;84.37999725
N;NORTE;2005-11-13;1397.00000000;59.33000183;1397.00000000;59.33000183
NE;NORDESTE;2005-11-13;3085.00000000;57.33000183;3085.00000000;57.33000183
S;SUL;2005-11-13;10108.00000000;143.63999939;7129.00000000;101.30000305
SE;SUDESTE;2005-11-13;23667.00000000;94.77999878;19046.00000000;76.26999664
N;NORTE;2005-11-14;1393.00000000;59.15999985;1393.00000000;59.15999985
NE;NORDESTE;2005-11-14;3594.00000000;66.79000092;3594.00000000;66.79000092
S;SUL;2005-11-14;9172.00000000;130.33000183;7319.00000000;104.00000000
SE;SUDESTE;2005-11-14;22697.00000000;90.88999939;20344.00000000;81.47000122
N;NORTE;2005-11-15;1325.00000000;56.27000046;1325.00000000;56.27000046
NE;NORDESTE;2005-11-15;4185.00000000;77.76999664;4185.00000000;77.76999664
S;SUL;2005-11-15;8206.00000000;116.61000061;6627.00000000;94.16999817
SE;SUDESTE;2005-11-15;22215.00000000;88.95999908;20405.00000000;81.70999908
N;NORTE;2005-11-16;1347.00000000;57.20000076;1347.00000000;57.20000076
NE;NORDESTE;2005-11-16;4625.00000000;85.94999695;4625.00000000;85.94999695
S;SUL;2005-11-16;7658.00000000;108.81999969;6933.00000000;98.51999664
SE;SUDESTE;2005-11-16;21840.00000000;87.45999908;21226.00000000;85.00000000
N;NORTE;2005-11-17;1231.00000000;52.27999878;1231.00000000;52.27999878
NE;NORDESTE;2005-11-17;4796.00000000;89.12999725;4796.00000000;89.12999725
S;SUL;2005-11-17;7134.00000000;101.37000275;5879.00000000;83.54000092
SE;SUDESTE;2005-11-17;21658.00000000;86.73000336;21330.00000000;85.41999817
N;NORTE;2005-11-18;1217.00000000;51.68000031;1217.00000000;51.68000031
NE;NORDESTE;2005-11-18;4782.00000000;88.87000275;4782.00000000;88.87000275
S;SUL;2005-11-18;6780.00000000;96.33999634;5436.00000000;77.25000000
SE;SUDESTE;2005-11-18;21679.00000000;86.80999756;21349.00000000;85.48999786
N;NORTE;2005-11-19;1264.00000000;53.68000031;1264.00000000;53.68000031
NE;NORDESTE;2005-11-19;4645.00000000;86.31999969;4645.00000000;86.31999969
S;SUL;2005-11-19;6858.00000000;97.44999695;6593.00000000;93.69000244
SE;SUDESTE;2005-11-19;22335.00000000;89.44000244;22010.00000000;88.13999939
N;NORTE;2005-11-20;1295.00000000;55.00000000;1295.00000000;55.00000000
NE;NORDESTE;2005-11-20;4560.00000000;84.73999786;4560.00000000;84.73999786
S;SUL;2005-11-20;6494.00000000;92.27999878;6028.00000000;85.66000366
SE;SUDESTE;2005-11-20;23356.00000000;93.52999878;22572.00000000;90.38999939
N;NORTE;2005-11-21;1416.00000000;60.13000107;1416.00000000;60.13000107
NE;NORDESTE;2005-11-21;4573.00000000;84.98000336;4573.00000000;84.98000336
S;SUL;2005-11-21;6098.00000000;86.65000153;5702.00000000;81.02999878
SE;SUDESTE;2005-11-21;24221.00000000;96.98999786;23353.00000000;93.51999664
N;NORTE;2005-11-22;1664.00000000;70.66999817;1664.00000000;70.66999817
NE;NORDESTE;2005-11-22;4567.00000000;84.87000275;4567.00000000;84.87000275
S;SUL;2005-11-22;5801.00000000;82.43000031;5453.00000000;77.48999786
SE;SUDESTE;2005-11-22;24501.00000000;98.11000061;23752.00000000;95.12000275
N;NORTE;2005-11-23;1822.00000000;77.37999725;1822.00000000;77.37999725
NE;NORDESTE;2005-11-23;4687.00000000;87.09999847;4687.00000000;87.09999847
S;SUL;2005-11-23;5378.00000000;76.41999817;5054.00000000;71.81999969
SE;SUDESTE;2005-11-23;24822.00000000;99.40000153;23999.00000000;96.09999847
N;NORTE;2005-11-24;1949.00000000;82.76999664;1949.00000000;82.76999664
NE;NORDESTE;2005-11-24;5070.00000000;94.22000122;5070.00000000;94.22000122
S;SUL;2005-11-24;5539.00000000;78.70999908;4862.00000000;69.08999634
SE;SUDESTE;2005-11-24;25377.00000000;101.62000275;24625.00000000;98.61000061
N;NORTE;2005-11-25;2234.00000000;94.87000275;2234.00000000;94.87000275
NE;NORDESTE;2005-11-25;5467.00000000;101.59999847;5467.00000000;101.59999847
S;SUL;2005-11-25;5762.00000000;81.87999725;4724.00000000;67.12999725
SE;SUDESTE;2005-11-25;26608.00000000;106.55000305;25935.00000000;103.86000061
N;NORTE;2005-11-26;2338.00000000;99.29000092;2338.00000000;99.29000092
NE;NORDESTE;2005-11-26;5866.00000000;109.01000214;5866.00000000;109.01000214
S;SUL;2005-11-26;5617.00000000;79.81999969;5185.00000000;73.68000031
SE;SUDESTE;2005-11-26;29672.00000000;118.81999969;29084.00000000;116.47000122
N;NORTE;2005-11-27;2358.00000000;100.13999939;2358.00000000;100.13999939
NE;NORDESTE;2005-11-27;6224.00000000;115.66999817;6224.00000000;115.66999817
S;SUL;2005-11-27;5276.00000000;74.97000122;5128.00000000;72.87000275
SE;SUDESTE;2005-11-27;32449.00000000;129.94000244;30857.00000000;123.56999969
N;NORTE;2005-11-28;2338.00000000;99.29000092;2338.00000000;99.29000092
NE;NORDESTE;2005-11-28;6546.00000000;121.65000153;6326.00000000;117.55999756
S;SUL;2005-11-28;4968.00000000;70.59999847;4910.00000000;69.76999664
SE;SUDESTE;2005-11-28;34945.00000000;139.94000244;33099.00000000;132.55000305
N;NORTE;2005-11-29;2295.00000000;97.45999908;2295.00000000;97.45999908
NE;NORDESTE;2005-11-29;7024.00000000;130.52999878;6308.00000000;117.23000336
S;SUL;2005-11-29;4794.00000000;68.12000275;4743.00000000;67.40000153
SE;SUDESTE;2005-11-29;36611.00000000;146.61000061;35010.00000000;140.19999695
N;NORTE;2005-11-30;2119.00000000;89.98999786;2119.00000000;89.98999786
NE;NORDESTE;2005-11-30;7333.00000000;136.27999878;6220.00000000;115.58999634
S;SUL;2005-11-30;4678.00000000;66.47000122;4632.00000000;65.81999969
SE;SUDESTE;2005-11-30;38311.00000000;153.41999817;36900.00000000;147.77000427
N;NORTE;2005-12-01;2218.00000000;47.93999863;2218.00000000;47.93999863
NE;NORDESTE;2005-12-01;7737.00000000;77.48999786;6483.00000000;64.93000031
S;SUL;2005-12-01;4503.00000000;79.73999786;4470.00000000;79.15000153
SE;SUDESTE;2005-12-01;39730.00000000;106.23999786;38038.00000000;101.72000122
N;NORTE;2005-12-02;2344.00000000;50.65999985;2344.00000000;50.65999985
NE;NORDESTE;2005-12-02;7986.00000000;79.98000336;7085.00000000;70.95999908
S;SUL;2005-12-02;4313.00000000;76.37000275;4279.00000000;75.76999664
SE;SUDESTE;2005-12-02;42138.00000000;112.68000031;40315.00000000;107.80999756
N;NORTE;2005-12-03;2468.00000000;53.34000015;2468.00000000;53.34000015
NE;NORDESTE;2005-12-03;8296.00000000;83.08999634;7709.00000000;77.20999908
S;SUL;2005-12-03;4161.00000000;73.68000031;4121.00000000;72.97000122
SE;SUDESTE;2005-12-03;43797.00000000;117.12000275;41904.00000000;112.05999756
N;NORTE;2005-12-04;2664.00000000;57.58000183;2664.00000000;57.58000183
NE;NORDESTE;2005-12-04;8512.00000000;85.25000000;7918.00000000;79.30000305
S;SUL;2005-12-04;4091.00000000;72.44000244;4053.00000000;71.76999664
SE;SUDESTE;2005-12-04;45681.00000000;122.16000366;43752.00000000;117.00000000
N;NORTE;2005-12-05;2762.00000000;59.68999863;2762.00000000;59.68999863
NE;NORDESTE;2005-12-05;8904.00000000;89.16999817;8456.00000000;84.69000244
S;SUL;2005-12-05;3976.00000000;70.40000153;3938.00000000;69.73000336
SE;SUDESTE;2005-12-05;46635.00000000;124.70999908;44800.00000000;119.80000305
N;NORTE;2005-12-06;2960.00000000;63.97000122;2960.00000000;63.97000122
NE;NORDESTE;2005-12-06;9521.00000000;95.34999847;9358.00000000;93.72000122
S;SUL;2005-12-06;3911.00000000;69.25000000;3872.00000000;68.55999756
SE;SUDESTE;2005-12-06;48077.00000000;128.55999756;46438.00000000;124.18000031
N;NORTE;2005-12-07;2997.00000000;64.76999664;2997.00000000;64.76999664
NE;NORDESTE;2005-12-07;9957.00000000;99.72000122;9865.00000000;98.80000305
S;SUL;2005-12-07;3776.00000000;66.86000061;3731.00000000;66.06999969
SE;SUDESTE;2005-12-07;52388.00000000;139.96000671;50531.00000000;135.00000000
N;NORTE;2005-12-08;3005.00000000;64.94999695;3005.00000000;64.94999695
NE;NORDESTE;2005-12-08;10843.00000000;108.58999634;10766.00000000;107.81999969
S;SUL;2005-12-08;3661.00000000;64.83000183;3628.00000000;64.23999786
SE;SUDESTE;2005-12-08;52285.00000000;139.69000244;50153.00000000;133.99000549
N;NORTE;2005-12-09;3052.00000000;65.95999908;3052.00000000;65.95999908
NE;NORDESTE;2005-12-09;11878.00000000;118.95999908;11422.00000000;114.38999939
S;SUL;2005-12-09;3408.00000000;60.34999847;3390.00000000;60.02999878
SE;SUDESTE;2005-12-09;52362.00000000;139.88999939;49836.00000000;133.14999390
N;NORTE;2005-12-10;3264.00000000;70.54000092;3264.00000000;70.54000092
NE;NORDESTE;2005-12-10;12639.00000000;126.58000183;12193.00000000;122.11000061
S;SUL;2005-12-10;3131.00000000;55.43999863;3123.00000000;55.29999924
SE;SUDESTE;2005-12-10;52506.00000000;140.27999878;50002.00000000;133.58999634
N;NORTE;2005-12-11;3359.00000000;72.59999847;3359.00000000;72.59999847
NE;NORDESTE;2005-12-11;13246.00000000;132.66000366;12780.00000000;127.98999786
S;SUL;2005-12-11;2943.00000000;52.11000061;2937.00000000;52.00999832
SE;SUDESTE;2005-12-11;53924.00000000;144.07000732;49033.00000000;131.00000000
N;NORTE;2005-12-12;3641.00000000;78.69000244;3641.00000000;78.69000244
NE;NORDESTE;2005-12-12;13762.00000000;137.83000183;13726.00000000;137.47000122
S;SUL;2005-12-12;2890.00000000;51.16999817;2883.00000000;51.04999924
SE;SUDESTE;2005-12-12;59000.00000000;157.63000488;54508.00000000;145.63000488
N;NORTE;2005-12-13;3865.00000000;83.52999878;3865.00000000;83.52999878
NE;NORDESTE;2005-12-13;14108.00000000;141.28999329;14108.00000000;141.28999329
S;SUL;2005-12-13;2768.00000000;49.00999832;2761.00000000;48.88999939
SE;SUDESTE;2005-12-13;63948.00000000;170.85000610;58776.00000000;157.02999878
N;NORTE;2005-12-14;4213.00000000;91.05000305;4213.00000000;91.05000305
NE;NORDESTE;2005-12-14;14401.00000000;144.22999573;14401.00000000;144.22999573
S;SUL;2005-12-14;2686.00000000;47.56000137;2679.00000000;47.43999863
SE;SUDESTE;2005-12-14;65340.00000000;174.57000732;59432.00000000;158.77999878
N;NORTE;2005-12-15;4553.00000000;98.40000153;4553.00000000;98.40000153
NE;NORDESTE;2005-12-15;15088.00000000;151.11000061;15088.00000000;151.11000061
S;SUL;2005-12-15;2627.00000000;46.52000046;2618.00000000;46.36000061
SE;SUDESTE;2005-12-15;66243.00000000;176.97999573;56654.00000000;151.36000061
N;NORTE;2005-12-16;4831.00000000;104.41000366;4831.00000000;104.41000366
NE;NORDESTE;2005-12-16;15691.00000000;157.14999390;15687.00000000;157.11000061
S;SUL;2005-12-16;2572.00000000;45.54000092;2562.00000000;45.36999893
SE;SUDESTE;2005-12-16;66453.00000000;177.53999329;54550.00000000;145.74000549
N;NORTE;2005-12-17;5383.00000000;116.33999634;5383.00000000;116.33999634
NE;NORDESTE;2005-12-17;16167.00000000;161.91000366;15814.00000000;158.38000488
S;SUL;2005-12-17;2555.00000000;45.24000168;2547.00000000;45.09999847
SE;SUDESTE;2005-12-17;66154.00000000;176.74000549;51700.00000000;138.13000488
N;NORTE;2005-12-18;5810.00000000;125.56999969;5810.00000000;125.56999969
NE;NORDESTE;2005-12-18;16868.00000000;168.92999268;16615.00000000;166.39999390
S;SUL;2005-12-18;2681.00000000;47.47000122;2672.00000000;47.31000137
SE;SUDESTE;2005-12-18;64017.00000000;171.02999878;49728.00000000;132.86000061
N;NORTE;2005-12-19;5904.00000000;127.59999847;5904.00000000;127.59999847
NE;NORDESTE;2005-12-19;16343.00000000;163.67999268;15860.00000000;158.83999634
S;SUL;2005-12-19;2907.00000000;51.47999954;2900.00000000;51.34999847
SE;SUDESTE;2005-12-19;61049.00000000;163.10000610;48946.00000000;130.77000427
N;NORTE;2005-12-20;5964.00000000;128.89999390;5964.00000000;128.89999390
NE;NORDESTE;2005-12-20;15819.00000000;158.42999268;15690.00000000;157.13999939
S;SUL;2005-12-20;3057.00000000;54.13000107;3050.00000000;54.00999832
SE;SUDESTE;2005-12-20;59338.00000000;158.52999878;46581.00000000;124.44999695
N;NORTE;2005-12-21;6232.00000000;134.69000244;6232.00000000;134.69000244
NE;NORDESTE;2005-12-21;15226.00000000;152.49000549;15226.00000000;152.49000549
S;SUL;2005-12-21;3115.00000000;55.15999985;3106.00000000;55.00000000
SE;SUDESTE;2005-12-21;57404.00000000;153.36000061;44680.00000000;119.37000275
N;NORTE;2005-12-22;6998.00000000;151.24000549;6998.00000000;151.24000549
NE;NORDESTE;2005-12-22;14377.00000000;143.99000549;14377.00000000;143.99000549
S;SUL;2005-12-22;3156.00000000;55.88000107;3125.00000000;55.34000015
SE;SUDESTE;2005-12-22;54737.00000000;146.24000549;42841.00000000;114.45999908
N;NORTE;2005-12-23;7774.00000000;168.00999451;7774.00000000;168.00999451
NE;NORDESTE;2005-12-23;13971.00000000;139.91999817;13971.00000000;139.91999817
S;SUL;2005-12-23;3191.00000000;56.50000000;3179.00000000;56.29000092
SE;SUDESTE;2005-12-23;52184.00000000;139.41999817;39963.00000000;106.76999664
N;NORTE;2005-12-24;7731.00000000;167.08999634;7731.00000000;167.08999634
NE;NORDESTE;2005-12-24;13973.00000000;139.94000244;13973.00000000;139.94000244
S;SUL;2005-12-24;3233.00000000;57.25000000;3221.00000000;57.04000092
SE;SUDESTE;2005-12-24;49810.00000000;133.08000183;37635.00000000;100.55000305
N;NORTE;2005-12-25;7456.00000000;161.13999939;7456.00000000;161.13999939
NE;NORDESTE;2005-12-25;14097.00000000;141.17999268;14092.00000000;141.13000488
S;SUL;2005-12-25;3194.00000000;56.56000137;3185.00000000;56.40000153
SE;SUDESTE;2005-12-25;47512.00000000;126.94000244;34973.00000000;93.44000244
N;NORTE;2005-12-26;7318.00000000;158.16000366;7318.00000000;158.16000366
NE;NORDESTE;2005-12-26;14130.00000000;141.50999451;14130.00000000;141.50999451
S;SUL;2005-12-26;3127.00000000;55.36999893;3118.00000000;55.20999908
SE;SUDESTE;2005-12-26;45151.00000000;120.62999725;35590.00000000;95.08000183
N;NORTE;2005-12-27;7301.00000000;157.78999329;7301.00000000;157.78999329
NE;NORDESTE;2005-12-27;14246.00000000;142.66999817;14246.00000000;142.66999817
S;SUL;2005-12-27;2974.00000000;52.65999985;2965.00000000;52.50000000
SE;SUDESTE;2005-12-27;43786.00000000;116.98000336;35969.00000000;96.09999847
N;NORTE;2005-12-28;7018.00000000;151.67999268;7018.00000000;151.67999268
NE;NORDESTE;2005-12-28;14284.00000000;143.05999756;14284.00000000;143.05999756
S;SUL;2005-12-28;2748.00000000;48.65999985;2739.00000000;48.50000000
SE;SUDESTE;2005-12-28;42691.00000000;114.05999756;36763.00000000;98.22000122
N;NORTE;2005-12-29;6598.00000000;142.60000610;6598.00000000;142.60000610
NE;NORDESTE;2005-12-29;14212.00000000;142.33000183;14212.00000000;142.33000183
S;SUL;2005-12-29;2634.00000000;46.63999939;2623.00000000;46.45000076
SE;SUDESTE;2005-12-29;41639.00000000;111.25000000;36471.00000000;97.44000244
N;NORTE;2005-12-30;6597.00000000;142.58000183;6592.00000000;142.47000122
NE;NORDESTE;2005-12-30;14136.00000000;141.57000732;14136.00000000;141.57000732
S;SUL;2005-12-30;2526.00000000;44.72999954;2513.00000000;44.50000000
SE;SUDESTE;2005-12-30;39896.00000000;106.58999634;36498.00000000;97.51000214
N;NORTE;2005-12-31;6650.00000000;143.72000122;6639.00000000;143.47999573
NE;NORDESTE;2005-12-31;14094.00000000;141.14999390;14094.00000000;141.14999390
S;SUL;2005-12-31;2393.00000000;42.36999893;2381.00000000;42.15999985
SE;SUDESTE;2005-12-31;39414.00000000;105.30000305;35186.00000000;94.01000214
