id_subsistema;nom_subsistema;ena_data;ena_bruta_regiao_mwmed;ena_bruta_regiao_percentualmlt;ena_armazenavel_regiao_mwmed;ena_armazenavel_regiao_percentualmlt
N;NORTE;2014-01-01;12226.00000000;127.00000000;11373.00000000;118.13999939
NE;NORDESTE;2014-01-01;14889.00000000;107.80000305;14478.00000000;104.83000183
S;SUL;2014-01-01;6496.00000000;85.68000031;6292.00000000;82.98999786
SE;SUDESTE;2014-01-01;40460.00000000;73.16999817;38964.00000000;70.45999908
N;NORTE;2014-01-02;12227.00000000;127.01999664;11518.00000000;119.65000153
NE;NORDESTE;2014-01-02;14473.00000000;104.79000092;14266.00000000;103.29000092
S;SUL;2014-01-02;7384.00000000;97.40000153;6976.00000000;92.01999664
SE;SUDESTE;2014-01-02;39692.00000000;71.77999878;38726.00000000;70.02999878
N;NORTE;2014-01-03;12112.00000000;125.81999969;11736.00000000;121.91000366
NE;NORDESTE;2014-01-03;14281.00000000;103.40000153;14281.00000000;103.40000153
S;SUL;2014-01-03;9357.00000000;123.41999817;8873.00000000;117.04000092
SE;SUDESTE;2014-01-03;38834.00000000;70.23000336;37958.00000000;68.63999939
N;NORTE;2014-01-04;12039.00000000;125.05999756;11949.00000000;124.12999725
NE;NORDESTE;2014-01-04;14175.00000000;102.62999725;14175.00000000;102.62999725
S;SUL;2014-01-04;11154.00000000;147.11999512;10196.00000000;134.49000549
SE;SUDESTE;2014-01-04;37977.00000000;68.68000031;37090.00000000;67.06999969
N;NORTE;2014-01-05;11752.00000000;122.08000183;11752.00000000;122.08000183
NE;NORDESTE;2014-01-05;14051.00000000;101.73999786;14051.00000000;101.73999786
S;SUL;2014-01-05;10744.00000000;141.72000122;10031.00000000;132.30999756
SE;SUDESTE;2014-01-05;34625.00000000;62.61999893;33841.00000000;61.20000076
N;NORTE;2014-01-06;11409.00000000;118.51999664;11409.00000000;118.51999664
NE;NORDESTE;2014-01-06;14001.00000000;101.37000275;14001.00000000;101.37000275
S;SUL;2014-01-06;10047.00000000;132.52000427;9736.00000000;128.41999817
SE;SUDESTE;2014-01-06;33458.00000000;60.50999832;32974.00000000;59.63000107
N;NORTE;2014-01-07;11019.00000000;114.47000122;11019.00000000;114.47000122
NE;NORDESTE;2014-01-07;13971.00000000;101.16000366;13971.00000000;101.16000366
S;SUL;2014-01-07;9572.00000000;126.26000214;9459.00000000;124.76999664
SE;SUDESTE;2014-01-07;32488.00000000;58.75000000;32030.00000000;57.91999817
N;NORTE;2014-01-08;10328.00000000;107.29000092;10328.00000000;107.29000092
NE;NORDESTE;2014-01-08;14034.00000000;101.61000061;14034.00000000;101.61000061
S;SUL;2014-01-08;9006.00000000;118.79000092;8942.00000000;117.94999695
SE;SUDESTE;2014-01-08;31418.00000000;56.81999969;31077.00000000;56.20000076
N;NORTE;2014-01-09;9648.00000000;100.22000122;9648.00000000;100.22000122
NE;NORDESTE;2014-01-09;14140.00000000;102.37999725;14140.00000000;102.37999725
S;SUL;2014-01-09;8930.00000000;117.79000092;8872.00000000;117.01999664
SE;SUDESTE;2014-01-09;30272.00000000;54.74000168;29925.00000000;54.11999893
N;NORTE;2014-01-10;9219.00000000;95.76999664;9219.00000000;95.76999664
NE;NORDESTE;2014-01-10;14252.00000000;103.19000244;14243.00000000;103.12999725
S;SUL;2014-01-10;8955.00000000;118.12000275;8897.00000000;117.34999847
SE;SUDESTE;2014-01-10;29110.00000000;52.63999939;28664.00000000;51.84000015
N;NORTE;2014-01-11;9003.00000000;93.51999664;9003.00000000;93.51999664
NE;NORDESTE;2014-01-11;14355.00000000;103.94000244;14355.00000000;103.94000244
S;SUL;2014-01-11;10038.00000000;132.39999390;9905.00000000;130.64999390
SE;SUDESTE;2014-01-11;27979.00000000;50.59999847;27562.00000000;49.84000015
N;NORTE;2014-01-12;8980.00000000;93.29000092;8980.00000000;93.29000092
NE;NORDESTE;2014-01-12;14379.00000000;104.11000061;14379.00000000;104.11000061
S;SUL;2014-01-12;12004.00000000;158.33999634;11216.00000000;147.94000244
SE;SUDESTE;2014-01-12;27127.00000000;49.06000137;26807.00000000;48.47999954
N;NORTE;2014-01-13;8977.00000000;93.25000000;8977.00000000;93.25000000
NE;NORDESTE;2014-01-13;14324.00000000;103.70999908;14324.00000000;103.70999908
S;SUL;2014-01-13;15077.00000000;198.86999512;14135.00000000;186.44000244
SE;SUDESTE;2014-01-13;26920.00000000;48.68000031;26642.00000000;48.18000031
N;NORTE;2014-01-14;8971.00000000;93.19000244;8971.00000000;93.19000244
NE;NORDESTE;2014-01-14;14122.00000000;102.25000000;14116.00000000;102.20999908
S;SUL;2014-01-14;17094.00000000;225.47999573;16185.00000000;213.49000549
SE;SUDESTE;2014-01-14;26811.00000000;48.49000168;26522.00000000;47.95999908
N;NORTE;2014-01-15;8969.00000000;93.16999817;8969.00000000;93.16999817
NE;NORDESTE;2014-01-15;13856.00000000;100.31999969;13856.00000000;100.31999969
S;SUL;2014-01-15;16620.00000000;219.22000122;15863.00000000;209.24000549
SE;SUDESTE;2014-01-15;27181.00000000;49.15000153;26916.00000000;48.66999817
N;NORTE;2014-01-16;8968.00000000;93.16000366;8968.00000000;93.16000366
NE;NORDESTE;2014-01-16;13411.00000000;97.09999847;13411.00000000;97.09999847
S;SUL;2014-01-16;16230.00000000;214.08000183;15303.00000000;201.85000610
SE;SUDESTE;2014-01-16;27642.00000000;49.99000168;27357.00000000;49.47000122
N;NORTE;2014-01-17;8897.00000000;92.41999817;8897.00000000;92.41999817
NE;NORDESTE;2014-01-17;12729.00000000;92.16000366;12722.00000000;92.11000061
S;SUL;2014-01-17;16098.00000000;212.33999634;15402.00000000;203.16000366
SE;SUDESTE;2014-01-17;27839.00000000;50.34000015;27585.00000000;49.88000107
N;NORTE;2014-01-18;8825.00000000;91.66999817;8825.00000000;91.66999817
NE;NORDESTE;2014-01-18;11703.00000000;84.73999786;11689.00000000;84.62999725
S;SUL;2014-01-18;14408.00000000;190.05000305;13758.00000000;181.47000122
SE;SUDESTE;2014-01-18;28074.00000000;50.77000046;27753.00000000;50.18999863
N;NORTE;2014-01-19;8791.00000000;91.31999969;8791.00000000;91.31999969
NE;NORDESTE;2014-01-19;10479.00000000;75.87000275;10454.00000000;75.69000244
S;SUL;2014-01-19;12835.00000000;169.30000305;12211.00000000;161.07000732
SE;SUDESTE;2014-01-19;27754.00000000;50.18999863;27447.00000000;49.63999939
N;NORTE;2014-01-20;8823.00000000;91.65000153;8823.00000000;91.65000153
NE;NORDESTE;2014-01-20;9252.00000000;66.98999786;9252.00000000;66.98999786
S;SUL;2014-01-20;11303.00000000;149.08999634;10994.00000000;145.00999451
SE;SUDESTE;2014-01-20;28054.00000000;50.72999954;27791.00000000;50.25999832
N;NORTE;2014-01-21;8898.00000000;92.43000031;8898.00000000;92.43000031
NE;NORDESTE;2014-01-21;8181.00000000;59.22999954;8181.00000000;59.22999954
S;SUL;2014-01-21;10195.00000000;134.47999573;9963.00000000;131.41999817
SE;SUDESTE;2014-01-21;28174.00000000;50.95000076;27843.00000000;50.34999847
N;NORTE;2014-01-22;9046.00000000;93.97000122;9046.00000000;93.97000122
NE;NORDESTE;2014-01-22;7351.00000000;53.22000122;7351.00000000;53.22000122
S;SUL;2014-01-22;9248.00000000;121.98000336;9077.00000000;119.73000336
SE;SUDESTE;2014-01-22;28804.00000000;52.09000015;28533.00000000;51.59999847
N;NORTE;2014-01-23;9239.00000000;95.98000336;9239.00000000;95.98000336
NE;NORDESTE;2014-01-23;6715.00000000;48.61999893;6715.00000000;48.61999893
S;SUL;2014-01-23;8488.00000000;111.95999908;8345.00000000;110.06999969
SE;SUDESTE;2014-01-23;29081.00000000;52.59000015;28650.00000000;51.81000137
N;NORTE;2014-01-24;9446.00000000;98.12999725;9446.00000000;98.12999725
NE;NORDESTE;2014-01-24;6262.00000000;45.34000015;6262.00000000;45.34000015
S;SUL;2014-01-24;7846.00000000;103.48999786;7727.00000000;101.91999817
SE;SUDESTE;2014-01-24;29045.00000000;52.52999878;28525.00000000;51.58000183
N;NORTE;2014-01-25;9693.00000000;100.69000244;9693.00000000;100.69000244
NE;NORDESTE;2014-01-25;5927.00000000;42.90999985;5927.00000000;42.90999985
S;SUL;2014-01-25;7613.00000000;100.41999817;7552.00000000;99.61000061
SE;SUDESTE;2014-01-25;28864.00000000;52.20000076;28454.00000000;51.45999908
N;NORTE;2014-01-26;9975.00000000;103.62000275;9975.00000000;103.62000275
NE;NORDESTE;2014-01-26;5676.00000000;41.09999847;5676.00000000;41.09999847
S;SUL;2014-01-26;7681.00000000;101.30999756;7619.00000000;100.50000000
SE;SUDESTE;2014-01-26;28710.00000000;51.91999817;28323.00000000;51.22000122
N;NORTE;2014-01-27;10235.00000000;106.31999969;10235.00000000;106.31999969
NE;NORDESTE;2014-01-27;5496.00000000;39.79000092;5496.00000000;39.79000092
S;SUL;2014-01-27;7940.00000000;104.73000336;7896.00000000;104.15000153
SE;SUDESTE;2014-01-27;28342.00000000;51.25000000;27944.00000000;50.52999878
N;NORTE;2014-01-28;10511.00000000;109.19000244;10511.00000000;109.19000244
NE;NORDESTE;2014-01-28;5308.00000000;38.43000031;5303.00000000;38.40000153
S;SUL;2014-01-28;7607.00000000;100.33999634;7562.00000000;99.75000000
SE;SUDESTE;2014-01-28;27732.00000000;50.15000153;27233.00000000;49.25000000
N;NORTE;2014-01-29;10832.00000000;112.51999664;10832.00000000;112.51999664
NE;NORDESTE;2014-01-29;5151.00000000;37.29999924;5138.00000000;37.20000076
S;SUL;2014-01-29;7103.00000000;93.69000244;7059.00000000;93.11000061
SE;SUDESTE;2014-01-29;27016.00000000;48.86000061;26409.00000000;47.75999832
N;NORTE;2014-01-30;11122.00000000;115.54000092;11122.00000000;115.54000092
NE;NORDESTE;2014-01-30;5067.00000000;36.68999863;5067.00000000;36.68999863
S;SUL;2014-01-30;6491.00000000;85.62000275;6433.00000000;84.84999847
SE;SUDESTE;2014-01-30;26015.00000000;47.04999924;25445.00000000;46.00999832
N;NORTE;2014-01-31;11309.00000000;117.48000336;11309.00000000;117.48000336
NE;NORDESTE;2014-01-31;5034.00000000;36.45000076;5034.00000000;36.45000076
S;SUL;2014-01-31;5958.00000000;78.58999634;5907.00000000;77.91999817
SE;SUDESTE;2014-01-31;25022.00000000;45.25000000;24398.00000000;44.11999893
N;NORTE;2014-02-01;11505.00000000;89.08999634;11505.00000000;89.08999634
NE;NORDESTE;2014-02-01;5083.00000000;35.00999832;5065.00000000;34.88000107
S;SUL;2014-02-01;5370.00000000;63.49000168;5302.00000000;62.68999863
SE;SUDESTE;2014-02-01;24023.00000000;41.70000076;23493.00000000;40.77999878
N;NORTE;2014-02-02;11601.00000000;89.83000183;11601.00000000;89.83000183
NE;NORDESTE;2014-02-02;5172.00000000;35.61999893;5172.00000000;35.61999893
S;SUL;2014-02-02;4970.00000000;58.75999832;4893.00000000;57.84999847
SE;SUDESTE;2014-02-02;23058.00000000;40.02000046;22547.00000000;39.13000107
N;NORTE;2014-02-03;11639.00000000;90.12999725;11616.00000000;89.94999695
NE;NORDESTE;2014-02-03;5310.00000000;36.56999969;5310.00000000;36.56999969
S;SUL;2014-02-03;4659.00000000;55.08000183;4600.00000000;54.38999939
SE;SUDESTE;2014-02-03;22091.00000000;38.34000015;21561.00000000;37.41999817
N;NORTE;2014-02-04;11626.00000000;90.02999878;11582.00000000;89.68000031
NE;NORDESTE;2014-02-04;5485.00000000;37.77999878;5485.00000000;37.77999878
S;SUL;2014-02-04;4410.00000000;52.13999939;4352.00000000;51.45000076
SE;SUDESTE;2014-02-04;21133.00000000;36.68000031;20361.00000000;35.34000015
N;NORTE;2014-02-05;11612.00000000;89.91999817;11572.00000000;89.61000061
NE;NORDESTE;2014-02-05;5626.00000000;38.75000000;5625.00000000;38.74000168
S;SUL;2014-02-05;4208.00000000;49.75000000;4108.00000000;48.56999969
SE;SUDESTE;2014-02-05;20126.00000000;34.93000031;19292.00000000;33.47999954
N;NORTE;2014-02-06;11502.00000000;89.05999756;11452.00000000;88.68000031
NE;NORDESTE;2014-02-06;5668.00000000;39.04000092;5642.00000000;38.86000061
S;SUL;2014-02-06;4009.00000000;47.40000153;3920.00000000;46.34999847
SE;SUDESTE;2014-02-06;19245.00000000;33.40000153;18432.00000000;31.98999977
N;NORTE;2014-02-07;11359.00000000;87.95999908;11306.00000000;87.55000305
NE;NORDESTE;2014-02-07;5621.00000000;38.70999908;5614.00000000;38.66999817
S;SUL;2014-02-07;3829.00000000;45.27000046;3631.00000000;42.93000031
SE;SUDESTE;2014-02-07;18417.00000000;31.96999931;17636.00000000;30.61000061
N;NORTE;2014-02-08;11192.00000000;86.66000366;11137.00000000;86.23999786
NE;NORDESTE;2014-02-08;5455.00000000;37.56999969;5429.00000000;37.38999939
S;SUL;2014-02-08;3683.00000000;43.54000092;3469.00000000;41.00999832
SE;SUDESTE;2014-02-08;17817.00000000;30.92000008;16830.00000000;29.20999908
N;NORTE;2014-02-09;10985.00000000;85.05999756;10352.00000000;80.16000366
NE;NORDESTE;2014-02-09;5257.00000000;36.20999908;5228.00000000;36.00999832
S;SUL;2014-02-09;3592.00000000;42.47000122;3354.00000000;39.65000153
SE;SUDESTE;2014-02-09;17373.00000000;30.14999962;16329.00000000;28.34000015
N;NORTE;2014-02-10;10805.00000000;83.66999817;9946.00000000;77.01999664
NE;NORDESTE;2014-02-10;5011.00000000;34.50999832;5001.00000000;34.43999863
S;SUL;2014-02-10;3682.00000000;43.52999878;3480.00000000;41.13999939
SE;SUDESTE;2014-02-10;17043.00000000;29.57999992;16216.00000000;28.14999962
N;NORTE;2014-02-11;10689.00000000;82.76999664;10223.00000000;79.16000366
NE;NORDESTE;2014-02-11;4745.00000000;32.68000031;4732.00000000;32.59000015
S;SUL;2014-02-11;3639.00000000;43.02000046;3359.00000000;39.70999908
SE;SUDESTE;2014-02-11;16814.00000000;29.18000031;15710.00000000;27.27000046
N;NORTE;2014-02-12;10694.00000000;82.80999756;10403.00000000;80.55000305
NE;NORDESTE;2014-02-12;4482.00000000;30.87000084;4470.00000000;30.79000092
S;SUL;2014-02-12;3516.00000000;41.56999969;3177.00000000;37.56000137
SE;SUDESTE;2014-02-12;16743.00000000;29.05999947;15105.00000000;26.21999931
N;NORTE;2014-02-13;10800.00000000;83.62999725;10516.00000000;81.43000031
NE;NORDESTE;2014-02-13;4224.00000000;29.09000015;4205.00000000;28.95999908
S;SUL;2014-02-13;3478.00000000;41.11999893;3161.00000000;37.36999893
SE;SUDESTE;2014-02-13;16891.00000000;29.31999969;15307.00000000;26.56999969
N;NORTE;2014-02-14;11096.00000000;85.91999817;10812.00000000;83.72000122
NE;NORDESTE;2014-02-14;3987.00000000;27.45999908;3958.00000000;27.26000023
S;SUL;2014-02-14;3979.00000000;47.04000092;3727.00000000;44.06000137
SE;SUDESTE;2014-02-14;17295.00000000;30.02000046;15794.00000000;27.40999985
N;NORTE;2014-02-15;11422.00000000;88.44999695;10667.00000000;82.59999847
NE;NORDESTE;2014-02-15;3765.00000000;25.93000031;3736.00000000;25.72999954
S;SUL;2014-02-15;4686.00000000;55.40000153;4558.00000000;53.88999939
SE;SUDESTE;2014-02-15;18219.00000000;31.62000084;16792.00000000;29.13999939
N;NORTE;2014-02-16;11882.00000000;92.01000214;10516.00000000;81.43000031
NE;NORDESTE;2014-02-16;3561.00000000;24.53000069;3553.00000000;24.46999931
S;SUL;2014-02-16;5520.00000000;65.26000214;5447.00000000;64.40000153
SE;SUDESTE;2014-02-16;19604.00000000;34.02999878;18521.00000000;32.15000153
N;NORTE;2014-02-17;12424.00000000;96.19999695;10619.00000000;82.23000336
NE;NORDESTE;2014-02-17;3418.00000000;23.54000092;3418.00000000;23.54000092
S;SUL;2014-02-17;5418.00000000;64.05999756;5321.00000000;62.90999985
SE;SUDESTE;2014-02-17;21723.00000000;37.70000076;20960.00000000;36.38000107
N;NORTE;2014-02-18;13102.00000000;101.44999695;11000.00000000;85.18000031
NE;NORDESTE;2014-02-18;3317.00000000;22.85000038;3288.00000000;22.64999962
S;SUL;2014-02-18;5363.00000000;63.40999985;5128.00000000;60.63000107
SE;SUDESTE;2014-02-18;23476.00000000;40.75000000;22755.00000000;39.49000168
N;NORTE;2014-02-19;13793.00000000;106.80999756;10531.00000000;81.55000305
NE;NORDESTE;2014-02-19;3331.00000000;22.94000053;3305.00000000;22.76000023
S;SUL;2014-02-19;4622.00000000;54.65000153;4327.00000000;51.15999985
SE;SUDESTE;2014-02-19;25179.00000000;43.70000076;24129.00000000;41.88000107
N;NORTE;2014-02-20;14545.00000000;112.62999725;9975.00000000;77.23999786
NE;NORDESTE;2014-02-20;3198.00000000;22.03000069;3186.00000000;21.94000053
S;SUL;2014-02-20;4145.00000000;49.00999832;3858.00000000;45.61000061
SE;SUDESTE;2014-02-20;26503.00000000;46.00000000;25461.00000000;44.18999863
N;NORTE;2014-02-21;15282.00000000;118.33999634;9441.00000000;73.11000061
NE;NORDESTE;2014-02-21;3022.00000000;20.80999947;2994.00000000;20.62000084
S;SUL;2014-02-21;3871.00000000;45.77000046;3623.00000000;42.84000015
SE;SUDESTE;2014-02-21;27748.00000000;48.15999985;26330.00000000;45.70000076
N;NORTE;2014-02-22;15824.00000000;122.52999878;9362.00000000;72.48999786
NE;NORDESTE;2014-02-22;2950.00000000;20.31999969;2939.00000000;20.23999977
S;SUL;2014-02-22;4034.00000000;47.68999863;3878.00000000;45.84999847
SE;SUDESTE;2014-02-22;28764.00000000;49.91999817;27418.00000000;47.59000015
N;NORTE;2014-02-23;16110.00000000;124.75000000;9453.00000000;73.19999695
NE;NORDESTE;2014-02-23;2907.00000000;20.02000046;2907.00000000;20.02000046
S;SUL;2014-02-23;4526.00000000;53.50999832;4355.00000000;51.49000168
SE;SUDESTE;2014-02-23;29726.00000000;51.59000015;28435.00000000;49.34999847
N;NORTE;2014-02-24;16281.00000000;126.06999969;9696.00000000;75.08000183
NE;NORDESTE;2014-02-24;2884.00000000;19.86000061;2884.00000000;19.86000061
S;SUL;2014-02-24;5958.00000000;70.44000244;5674.00000000;67.08000183
SE;SUDESTE;2014-02-24;30419.00000000;52.79999924;28981.00000000;50.29999924
N;NORTE;2014-02-25;16396.00000000;126.95999908;9955.00000000;77.08999634
NE;NORDESTE;2014-02-25;2882.00000000;19.85000038;2880.00000000;19.84000015
S;SUL;2014-02-25;6857.00000000;81.06999969;6535.00000000;77.26000214
SE;SUDESTE;2014-02-25;30934.00000000;53.68999863;28787.00000000;49.95999908
N;NORTE;2014-02-26;16302.00000000;126.23000336;9557.00000000;74.00000000
NE;NORDESTE;2014-02-26;2911.00000000;20.04999924;2901.00000000;19.97999954
S;SUL;2014-02-26;7242.00000000;85.62000275;6933.00000000;81.97000122
SE;SUDESTE;2014-02-26;30624.00000000;53.15000153;28497.00000000;49.45999908
N;NORTE;2014-02-27;16353.00000000;126.62999725;9462.00000000;73.26999664
NE;NORDESTE;2014-02-27;2962.00000000;20.39999962;2953.00000000;20.34000015
S;SUL;2014-02-27;9773.00000000;115.55000305;9230.00000000;109.12999725
SE;SUDESTE;2014-02-27;30773.00000000;53.40999985;29093.00000000;50.49000168
N;NORTE;2014-02-28;16520.00000000;127.91999817;9712.00000000;75.19999695
NE;NORDESTE;2014-02-28;3041.00000000;20.94000053;3041.00000000;20.94000053
S;SUL;2014-02-28;11048.00000000;130.61999512;10446.00000000;123.50000000
SE;SUDESTE;2014-02-28;30364.00000000;52.70000076;28997.00000000;50.33000183
N;NORTE;2014-03-01;16711.00000000;111.62000275;9884.00000000;66.01999664
NE;NORDESTE;2014-03-01;3142.00000000;21.88999939;3142.00000000;21.88999939
S;SUL;2014-03-01;9867.00000000;137.50000000;9727.00000000;135.55000305
SE;SUDESTE;2014-03-01;29917.00000000;55.29999924;28800.00000000;53.24000168
N;NORTE;2014-03-02;16851.00000000;112.55000305;9736.00000000;65.02999878
NE;NORDESTE;2014-03-02;3340.00000000;23.27000046;3314.00000000;23.09000015
S;SUL;2014-03-02;8448.00000000;117.72000122;8373.00000000;116.68000031
SE;SUDESTE;2014-03-02;29639.00000000;54.79000092;28277.00000000;52.27000046
N;NORTE;2014-03-03;16965.00000000;113.31999969;9080.00000000;60.65000153
NE;NORDESTE;2014-03-03;3515.00000000;24.48999977;3507.00000000;24.43000031
S;SUL;2014-03-03;7695.00000000;107.23000336;7639.00000000;106.44999695
SE;SUDESTE;2014-03-03;29809.00000000;55.09999847;28602.00000000;52.86999893
N;NORTE;2014-03-04;17205.00000000;114.91999817;8183.00000000;54.65999985
NE;NORDESTE;2014-03-04;3682.00000000;25.64999962;3682.00000000;25.64999962
S;SUL;2014-03-04;8329.00000000;116.06999969;8284.00000000;115.44000244
SE;SUDESTE;2014-03-04;29948.00000000;55.36000061;28720.00000000;53.09000015
N;NORTE;2014-03-05;17433.00000000;116.44000244;7723.00000000;51.58000183
NE;NORDESTE;2014-03-05;3880.00000000;27.03000069;3879.00000000;27.02000046
S;SUL;2014-03-05;10657.00000000;148.50999451;10599.00000000;147.69999695
SE;SUDESTE;2014-03-05;31034.00000000;57.36999893;30027.00000000;55.50999832
N;NORTE;2014-03-06;17724.00000000;118.37999725;8874.00000000;59.27000046
NE;NORDESTE;2014-03-06;4036.00000000;28.12000084;4036.00000000;28.12000084
S;SUL;2014-03-06;12625.00000000;175.92999268;12488.00000000;174.02000427
SE;SUDESTE;2014-03-06;32002.00000000;59.15999985;31122.00000000;57.52999878
N;NORTE;2014-03-07;18026.00000000;120.40000153;8894.00000000;59.40999985
NE;NORDESTE;2014-03-07;4164.00000000;29.01000023;4164.00000000;29.01000023
S;SUL;2014-03-07;13625.00000000;189.86999512;13465.00000000;187.63999939
SE;SUDESTE;2014-03-07;33938.00000000;62.74000168;32734.00000000;60.50999832
N;NORTE;2014-03-08;18356.00000000;122.61000061;9882.00000000;66.01000214
NE;NORDESTE;2014-03-08;4233.00000000;29.48999977;4226.00000000;29.44000053
S;SUL;2014-03-08;12003.00000000;167.25999451;11948.00000000;166.50000000
SE;SUDESTE;2014-03-08;36322.00000000;67.13999939;34816.00000000;64.36000061
N;NORTE;2014-03-09;18437.00000000;123.15000153;5865.00000000;39.16999817
NE;NORDESTE;2014-03-09;4277.00000000;29.79999924;4266.00000000;29.71999931
S;SUL;2014-03-09;9047.00000000;126.06999969;8967.00000000;124.95999908
SE;SUDESTE;2014-03-09;38494.00000000;71.16000366;36051.00000000;66.63999939
N;NORTE;2014-03-10;18448.00000000;123.22000122;6399.00000000;42.74000168
NE;NORDESTE;2014-03-10;4254.00000000;29.63999939;4254.00000000;29.63999939
S;SUL;2014-03-10;8503.00000000;118.48999786;8450.00000000;117.75000000
SE;SUDESTE;2014-03-10;39800.00000000;73.56999969;38014.00000000;70.26999664
N;NORTE;2014-03-11;18387.00000000;122.80999756;7869.00000000;52.56000137
NE;NORDESTE;2014-03-11;4155.00000000;28.95000076;4145.00000000;28.87999916
S;SUL;2014-03-11;8264.00000000;115.16000366;8110.00000000;113.01000214
SE;SUDESTE;2014-03-11;40887.00000000;75.58000183;38905.00000000;71.91999817
N;NORTE;2014-03-12;18360.00000000;122.62999725;8544.00000000;57.06999969
NE;NORDESTE;2014-03-12;4033.00000000;28.10000038;4004.00000000;27.88999939
S;SUL;2014-03-12;8069.00000000;112.44000244;7787.00000000;108.51000214
SE;SUDESTE;2014-03-12;39922.00000000;73.80000305;38055.00000000;70.34999847
N;NORTE;2014-03-13;18443.00000000;123.19000244;8926.00000000;59.61999893
NE;NORDESTE;2014-03-13;3933.00000000;27.39999962;3915.00000000;27.27000046
S;SUL;2014-03-13;8396.00000000;117.00000000;8070.00000000;112.45999908
SE;SUDESTE;2014-03-13;38808.00000000;71.73999786;37057.00000000;68.50000000
N;NORTE;2014-03-14;18718.00000000;125.01999664;9069.00000000;60.56999969
NE;NORDESTE;2014-03-14;3935.00000000;27.40999985;3935.00000000;27.40999985
S;SUL;2014-03-14;8843.00000000;123.23000336;8524.00000000;118.77999878
SE;SUDESTE;2014-03-14;38093.00000000;70.41999817;36734.00000000;67.90000153
N;NORTE;2014-03-15;19065.00000000;127.33999634;9025.00000000;60.27999878
NE;NORDESTE;2014-03-15;3864.00000000;26.92000008;3864.00000000;26.92000008
S;SUL;2014-03-15;9076.00000000;126.48000336;8803.00000000;122.66999817
SE;SUDESTE;2014-03-15;37053.00000000;68.48999786;35812.00000000;66.19999695
N;NORTE;2014-03-16;19524.00000000;130.41000366;8608.00000000;57.50000000
NE;NORDESTE;2014-03-16;3805.00000000;26.51000023;3805.00000000;26.51000023
S;SUL;2014-03-16;9043.00000000;126.01999664;8788.00000000;122.45999908
SE;SUDESTE;2014-03-16;35806.00000000;66.19000244;34726.00000000;64.19000244
N;NORTE;2014-03-17;19711.00000000;131.66000366;8867.00000000;59.22999954
NE;NORDESTE;2014-03-17;3818.00000000;26.60000038;3818.00000000;26.60000038
S;SUL;2014-03-17;9248.00000000;128.86999512;8914.00000000;124.22000122
SE;SUDESTE;2014-03-17;34254.00000000;63.31999969;33320.00000000;61.59000015
N;NORTE;2014-03-18;19558.00000000;130.63000488;8958.00000000;59.83000183
NE;NORDESTE;2014-03-18;3848.00000000;26.80999947;3819.00000000;26.60000038
S;SUL;2014-03-18;9805.00000000;136.63000488;9575.00000000;133.42999268
SE;SUDESTE;2014-03-18;33104.00000000;61.18999863;32042.00000000;59.22999954
N;NORTE;2014-03-19;19151.00000000;127.91999817;8458.00000000;56.49000168
NE;NORDESTE;2014-03-19;3903.00000000;27.19000053;3896.00000000;27.13999939
S;SUL;2014-03-19;12848.00000000;179.03999329;12427.00000000;173.16999817
SE;SUDESTE;2014-03-19;32209.00000000;59.54000092;31249.00000000;57.77000046
N;NORTE;2014-03-20;18565.00000000;124.00000000;8808.00000000;58.83000183
NE;NORDESTE;2014-03-20;3981.00000000;27.72999954;3956.00000000;27.55999947
S;SUL;2014-03-20;17634.00000000;245.72999573;17031.00000000;237.33000183
SE;SUDESTE;2014-03-20;31778.00000000;58.74000168;30669.00000000;56.68999863
N;NORTE;2014-03-21;17788.00000000;118.80999756;9627.00000000;64.30000305
NE;NORDESTE;2014-03-21;4053.00000000;28.22999954;4053.00000000;28.22999954
S;SUL;2014-03-21;20938.00000000;291.76998901;20437.00000000;284.79000854
SE;SUDESTE;2014-03-21;32431.00000000;59.95000076;31406.00000000;58.06000137
N;NORTE;2014-03-22;17178.00000000;114.73999786;9800.00000000;65.45999908
NE;NORDESTE;2014-03-22;4127.00000000;28.75000000;4127.00000000;28.75000000
S;SUL;2014-03-22;20389.00000000;284.11999512;20158.00000000;280.91000366
SE;SUDESTE;2014-03-22;33935.00000000;62.72999954;33142.00000000;61.25999832
N;NORTE;2014-03-23;16539.00000000;110.47000122;9288.00000000;62.04000092
NE;NORDESTE;2014-03-23;4183.00000000;29.13999939;4183.00000000;29.13999939
S;SUL;2014-03-23;17935.00000000;249.92999268;17837.00000000;248.55999756
SE;SUDESTE;2014-03-23;35992.00000000;66.52999878;35163.00000000;65.00000000
N;NORTE;2014-03-24;16080.00000000;107.40000153;8893.00000000;59.40000153
NE;NORDESTE;2014-03-24;4221.00000000;29.40999985;4221.00000000;29.40999985
S;SUL;2014-03-24;15128.00000000;210.80999756;14955.00000000;208.39999390
SE;SUDESTE;2014-03-24;36874.00000000;68.16000366;36014.00000000;66.56999969
N;NORTE;2014-03-25;15622.00000000;104.33999634;8442.00000000;56.38999939
NE;NORDESTE;2014-03-25;4244.00000000;29.56999969;4244.00000000;29.56999969
S;SUL;2014-03-25;13095.00000000;182.47999573;12920.00000000;180.03999329
SE;SUDESTE;2014-03-25;36679.00000000;67.80000305;35844.00000000;66.26000214
N;NORTE;2014-03-26;15288.00000000;102.11000061;8636.00000000;57.68000031
NE;NORDESTE;2014-03-26;4222.00000000;29.40999985;4222.00000000;29.40999985
S;SUL;2014-03-26;11662.00000000;162.50999451;11432.00000000;159.30999756
SE;SUDESTE;2014-03-26;35416.00000000;65.47000122;34559.00000000;63.88000107
N;NORTE;2014-03-27;15069.00000000;100.65000153;8853.00000000;59.13000107
NE;NORDESTE;2014-03-27;4167.00000000;29.03000069;4167.00000000;29.03000069
S;SUL;2014-03-27;10619.00000000;147.97999573;10330.00000000;143.94999695
SE;SUDESTE;2014-03-27;34719.00000000;64.18000031;33792.00000000;62.47000122
N;NORTE;2014-03-28;15031.00000000;100.40000153;8448.00000000;56.43000031
NE;NORDESTE;2014-03-28;4060.00000000;28.28000069;4060.00000000;28.28000069
S;SUL;2014-03-28;9780.00000000;136.28999329;9505.00000000;132.44999695
SE;SUDESTE;2014-03-28;34008.00000000;62.86999893;33088.00000000;61.15999985
N;NORTE;2014-03-29;15084.00000000;100.75000000;8345.00000000;55.74000168
NE;NORDESTE;2014-03-29;3937.00000000;27.43000031;3925.00000000;27.34000015
S;SUL;2014-03-29;9065.00000000;126.31999969;8938.00000000;124.55000305
SE;SUDESTE;2014-03-29;33503.00000000;61.93000031;32597.00000000;60.25999832
N;NORTE;2014-03-30;15311.00000000;102.26999664;7955.00000000;53.13000107
NE;NORDESTE;2014-03-30;3803.00000000;26.48999977;3803.00000000;26.48999977
S;SUL;2014-03-30;8432.00000000;117.50000000;8332.00000000;116.11000061
SE;SUDESTE;2014-03-30;33559.00000000;62.04000092;32584.00000000;60.22999954
N;NORTE;2014-03-31;15573.00000000;104.01999664;8250.00000000;55.09999847
NE;NORDESTE;2014-03-31;3691.00000000;25.70999908;3691.00000000;25.70999908
S;SUL;2014-03-31;8594.00000000;119.76000214;8463.00000000;117.93000031
SE;SUDESTE;2014-03-31;33211.00000000;61.38999939;32141.00000000;59.40999985
N;NORTE;2014-04-01;15866.00000000;107.72000122;8583.00000000;58.27000046
NE;NORDESTE;2014-04-01;3607.00000000;30.77000046;3578.00000000;30.52000046
S;SUL;2014-04-01;8696.00000000;130.49000549;8444.00000000;126.70999908
SE;SUDESTE;2014-04-01;33699.00000000;82.15000153;32739.00000000;79.80999756
N;NORTE;2014-04-02;16127.00000000;109.48999786;8788.00000000;59.66999817
NE;NORDESTE;2014-04-02;3589.00000000;30.62000084;3561.00000000;30.37999916
S;SUL;2014-04-02;8534.00000000;128.05999756;8213.00000000;123.25000000
SE;SUDESTE;2014-04-02;34261.00000000;83.52999878;33209.00000000;80.95999908
N;NORTE;2014-04-03;16358.00000000;111.05999756;9138.00000000;62.04000092
NE;NORDESTE;2014-04-03;3611.00000000;30.80999947;3600.00000000;30.70999908
S;SUL;2014-04-03;8527.00000000;127.95999908;8207.00000000;123.16000366
SE;SUDESTE;2014-04-03;35223.00000000;85.87000275;34283.00000000;83.58000183
N;NORTE;2014-04-04;16515.00000000;112.12999725;8977.00000000;60.95000076
NE;NORDESTE;2014-04-04;3753.00000000;32.02000046;3753.00000000;32.02000046
S;SUL;2014-04-04;8785.00000000;131.83000183;8478.00000000;127.22000122
SE;SUDESTE;2014-04-04;35904.00000000;87.52999878;34952.00000000;85.20999908
N;NORTE;2014-04-05;16561.00000000;112.44000244;8811.00000000;59.81999969
NE;NORDESTE;2014-04-05;4016.00000000;34.25999832;4006.00000000;34.18000031
S;SUL;2014-04-05;7902.00000000;118.58000183;7672.00000000;115.12999725
SE;SUDESTE;2014-04-05;35686.00000000;87.00000000;34625.00000000;84.41000366
N;NORTE;2014-04-06;16503.00000000;112.05000305;8481.00000000;57.58000183
NE;NORDESTE;2014-04-06;4413.00000000;37.65000153;4393.00000000;37.47999954
S;SUL;2014-04-06;6911.00000000;103.70999908;6750.00000000;101.29000092
SE;SUDESTE;2014-04-06;35093.00000000;85.55000305;33850.00000000;82.51999664
N;NORTE;2014-04-07;16282.00000000;110.55000305;9107.00000000;61.83000183
NE;NORDESTE;2014-04-07;4891.00000000;41.72999954;4891.00000000;41.72999954
S;SUL;2014-04-07;6274.00000000;94.15000153;6079.00000000;91.22000122
SE;SUDESTE;2014-04-07;33924.00000000;82.69999695;33004.00000000;80.45999908
N;NORTE;2014-04-08;16123.00000000;109.47000122;9658.00000000;65.56999969
NE;NORDESTE;2014-04-08;5369.00000000;45.79999924;5366.00000000;45.77999878
S;SUL;2014-04-08;6098.00000000;91.51000214;5810.00000000;87.19000244
SE;SUDESTE;2014-04-08;32560.00000000;79.37999725;31722.00000000;77.33999634
N;NORTE;2014-04-09;15992.00000000;108.58000183;10534.00000000;71.51999664
NE;NORDESTE;2014-04-09;5922.00000000;50.52000046;5922.00000000;50.52000046
S;SUL;2014-04-09;8517.00000000;127.80999756;8042.00000000;120.68000031
SE;SUDESTE;2014-04-09;31558.00000000;76.94000244;30641.00000000;74.69999695
N;NORTE;2014-04-10;15888.00000000;107.87000275;9184.00000000;62.36000061
NE;NORDESTE;2014-04-10;6792.00000000;57.93999863;6792.00000000;57.93999863
S;SUL;2014-04-10;9798.00000000;147.02999878;9468.00000000;142.08000183
SE;SUDESTE;2014-04-10;31043.00000000;75.68000031;30195.00000000;73.61000061
N;NORTE;2014-04-11;15730.00000000;106.80000305;8375.00000000;56.86000061
NE;NORDESTE;2014-04-11;7752.00000000;66.12999725;7725.00000000;65.90000153
S;SUL;2014-04-11;10084.00000000;151.32000732;9873.00000000;148.16000366
SE;SUDESTE;2014-04-11;30997.00000000;75.56999969;30262.00000000;73.77999878
N;NORTE;2014-04-12;15775.00000000;107.09999847;8718.00000000;59.18999863
NE;NORDESTE;2014-04-12;8166.00000000;69.66999817;8156.00000000;69.58000183
S;SUL;2014-04-12;13490.00000000;202.42999268;13033.00000000;195.57000732
SE;SUDESTE;2014-04-12;31590.00000000;77.01000214;30856.00000000;75.22000122
N;NORTE;2014-04-13;15655.00000000;106.29000092;8123.00000000;55.15000153
NE;NORDESTE;2014-04-13;7756.00000000;66.16999817;7736.00000000;66.00000000
S;SUL;2014-04-13;14353.00000000;215.38000488;13756.00000000;206.41999817
SE;SUDESTE;2014-04-13;32085.00000000;78.22000122;31287.00000000;76.26999664
N;NORTE;2014-04-14;15616.00000000;106.02999878;8641.00000000;58.66999817
NE;NORDESTE;2014-04-14;7055.00000000;60.18999863;7043.00000000;60.08000183
S;SUL;2014-04-14;12518.00000000;187.85000610;12059.00000000;180.96000671
SE;SUDESTE;2014-04-14;32629.00000000;79.55000305;31825.00000000;77.58999634
N;NORTE;2014-04-15;15590.00000000;105.84999847;8386.00000000;56.93999863
NE;NORDESTE;2014-04-15;6476.00000000;55.25000000;6464.00000000;55.15000153
S;SUL;2014-04-15;10556.00000000;158.39999390;10179.00000000;152.75000000
SE;SUDESTE;2014-04-15;32971.00000000;80.37999725;32024.00000000;78.06999969
N;NORTE;2014-04-16;15641.00000000;106.19999695;8317.00000000;56.47000122
NE;NORDESTE;2014-04-16;5989.00000000;51.09000015;5989.00000000;51.09000015
S;SUL;2014-04-16;9000.00000000;135.05999756;8789.00000000;131.88999939
SE;SUDESTE;2014-04-16;33290.00000000;81.16000366;32284.00000000;78.70999908
N;NORTE;2014-04-17;15522.00000000;105.38999939;8557.00000000;58.09999847
NE;NORDESTE;2014-04-17;5622.00000000;47.95999908;5622.00000000;47.95999908
S;SUL;2014-04-17;7909.00000000;118.68000031;7697.00000000;115.50000000
SE;SUDESTE;2014-04-17;33926.00000000;82.70999908;32811.00000000;79.98999786
N;NORTE;2014-04-18;15470.00000000;105.02999878;8604.00000000;58.41999817
NE;NORDESTE;2014-04-18;5372.00000000;45.83000183;5359.00000000;45.72000122
S;SUL;2014-04-18;7329.00000000;109.98000336;7207.00000000;108.15000153
SE;SUDESTE;2014-04-18;34481.00000000;84.05999756;33381.00000000;81.37999725
N;NORTE;2014-04-19;15314.00000000;103.97000122;8653.00000000;58.75000000
NE;NORDESTE;2014-04-19;5242.00000000;44.72000122;5242.00000000;44.72000122
S;SUL;2014-04-19;7107.00000000;106.65000153;7033.00000000;105.54000092
SE;SUDESTE;2014-04-19;34900.00000000;85.08000183;33958.00000000;82.79000092
N;NORTE;2014-04-20;15111.00000000;102.59999847;8449.00000000;57.36000061
NE;NORDESTE;2014-04-20;5118.00000000;43.65999985;5118.00000000;43.65999985
S;SUL;2014-04-20;6676.00000000;100.18000031;6592.00000000;98.91999817
SE;SUDESTE;2014-04-20;35074.00000000;85.51000214;34353.00000000;83.75000000
N;NORTE;2014-04-21;14865.00000000;100.93000031;8198.00000000;55.65999985
NE;NORDESTE;2014-04-21;5002.00000000;42.66999817;4996.00000000;42.61999893
S;SUL;2014-04-21;6487.00000000;97.33999634;6406.00000000;96.12999725
SE;SUDESTE;2014-04-21;34890.00000000;85.05999756;34178.00000000;83.31999969
N;NORTE;2014-04-22;14606.00000000;99.16999817;7939.00000000;53.90000153
NE;NORDESTE;2014-04-22;4864.00000000;41.50000000;4861.00000000;41.47000122
S;SUL;2014-04-22;6864.00000000;103.00000000;6813.00000000;102.23999786
SE;SUDESTE;2014-04-22;35229.00000000;85.87999725;34547.00000000;84.22000122
N;NORTE;2014-04-23;14313.00000000;97.18000031;8097.00000000;54.97000122
NE;NORDESTE;2014-04-23;4719.00000000;40.25999832;4718.00000000;40.25000000
S;SUL;2014-04-23;6955.00000000;104.37000275;6733.00000000;101.04000092
SE;SUDESTE;2014-04-23;35345.00000000;86.16999817;34572.00000000;84.27999878
N;NORTE;2014-04-24;14242.00000000;96.69999695;8893.00000000;60.38000107
NE;NORDESTE;2014-04-24;4599.00000000;39.22999954;4589.00000000;39.15000153
S;SUL;2014-04-24;6940.00000000;104.13999939;6660.00000000;99.94000244
SE;SUDESTE;2014-04-24;35462.00000000;86.44999695;34512.00000000;84.13999939
N;NORTE;2014-04-25;14133.00000000;95.95999908;9355.00000000;63.52000046
NE;NORDESTE;2014-04-25;4202.00000000;35.84999847;4175.00000000;35.61999893
S;SUL;2014-04-25;6502.00000000;97.56999969;6308.00000000;94.66000366
SE;SUDESTE;2014-04-25;35201.00000000;85.81999969;33978.00000000;82.83999634
N;NORTE;2014-04-26;14135.00000000;95.97000122;10852.00000000;73.68000031
NE;NORDESTE;2014-04-26;4157.00000000;35.45999908;4145.00000000;35.36000061
S;SUL;2014-04-26;6182.00000000;92.76999664;6078.00000000;91.20999908
SE;SUDESTE;2014-04-26;33992.00000000;82.87000275;32772.00000000;79.90000153
N;NORTE;2014-04-27;14181.00000000;96.27999878;9826.00000000;66.70999908
NE;NORDESTE;2014-04-27;4142.00000000;35.34000015;4136.00000000;35.27999878
S;SUL;2014-04-27;5725.00000000;85.91000366;5608.00000000;84.15000153
SE;SUDESTE;2014-04-27;32524.00000000;79.29000092;31645.00000000;77.15000153
N;NORTE;2014-04-28;14348.00000000;97.41999817;8196.00000000;55.65000153
NE;NORDESTE;2014-04-28;4137.00000000;35.29000092;4126.00000000;35.20000076
S;SUL;2014-04-28;5351.00000000;80.30000305;5266.00000000;79.01999664
SE;SUDESTE;2014-04-28;31001.00000000;75.58000183;30447.00000000;74.23000336
N;NORTE;2014-04-29;14232.00000000;96.62999725;7491.00000000;50.86000061
NE;NORDESTE;2014-04-29;4124.00000000;35.18000031;4124.00000000;35.18000031
S;SUL;2014-04-29;5140.00000000;77.12999725;4937.00000000;74.08999634
SE;SUDESTE;2014-04-29;29635.00000000;72.25000000;29116.00000000;70.98000336
N;NORTE;2014-04-30;14236.00000000;96.66000366;8195.00000000;55.63999939
NE;NORDESTE;2014-04-30;4086.00000000;34.86000061;4075.00000000;34.75999832
S;SUL;2014-04-30;11216.00000000;168.30999756;10606.00000000;159.14999390
SE;SUDESTE;2014-04-30;28732.00000000;70.05000305;28209.00000000;68.76999664
N;NORTE;2014-05-01;14043.00000000;146.64999390;8495.00000000;88.70999908
NE;NORDESTE;2014-05-01;4343.00000000;61.15000153;4333.00000000;61.00999832
S;SUL;2014-05-01;23058.00000000;264.63000488;18927.00000000;217.22000122
SE;SUDESTE;2014-05-01;27891.00000000;93.55000305;27266.00000000;91.44999695
N;NORTE;2014-05-02;13788.00000000;143.99000549;8235.00000000;86.00000000
NE;NORDESTE;2014-05-02;4370.00000000;61.52999878;4362.00000000;61.41999817
S;SUL;2014-05-02;23637.00000000;271.27999878;20087.00000000;230.52999878
SE;SUDESTE;2014-05-02;27129.00000000;90.98999786;26615.00000000;89.26999664
N;NORTE;2014-05-03;13358.00000000;139.50000000;7799.00000000;81.44999695
NE;NORDESTE;2014-05-03;4237.00000000;59.65999985;4227.00000000;59.52000046
S;SUL;2014-05-03;19572.00000000;224.61999512;18253.00000000;209.49000549
SE;SUDESTE;2014-05-03;26226.00000000;87.97000122;25571.00000000;85.76999664
N;NORTE;2014-05-04;12901.00000000;134.72999573;7323.00000000;76.47000122
NE;NORDESTE;2014-05-04;3994.00000000;56.24000168;3994.00000000;56.24000168
S;SUL;2014-05-04;15349.00000000;176.16000366;14664.00000000;168.30000305
SE;SUDESTE;2014-05-04;25318.00000000;84.91999817;24595.00000000;82.48999786
N;NORTE;2014-05-05;12404.00000000;129.53999329;7316.00000000;76.40000153
NE;NORDESTE;2014-05-05;3819.00000000;53.77000046;3797.00000000;53.45999908
S;SUL;2014-05-05;12152.00000000;139.47000122;11751.00000000;134.86000061
SE;SUDESTE;2014-05-05;24416.00000000;81.88999939;23861.00000000;80.02999878
N;NORTE;2014-05-06;11892.00000000;124.19000244;9854.00000000;102.91000366
NE;NORDESTE;2014-05-06;3690.00000000;51.95999908;3690.00000000;51.95999908
S;SUL;2014-05-06;10078.00000000;115.66000366;9813.00000000;112.62000275
SE;SUDESTE;2014-05-06;23658.00000000;79.34999847;23218.00000000;77.87999725
N;NORTE;2014-05-07;11401.00000000;119.05999756;10813.00000000;112.91999817
NE;NORDESTE;2014-05-07;3613.00000000;50.86999893;3613.00000000;50.86999893
S;SUL;2014-05-07;8914.00000000;102.30000305;8634.00000000;99.08999634
SE;SUDESTE;2014-05-07;22924.00000000;76.88999939;22495.00000000;75.44999695
N;NORTE;2014-05-08;10956.00000000;114.41000366;9265.00000000;96.75000000
NE;NORDESTE;2014-05-08;3559.00000000;50.11000061;3548.00000000;49.95999908
S;SUL;2014-05-08;7901.00000000;90.68000031;7643.00000000;87.72000122
SE;SUDESTE;2014-05-08;22315.00000000;74.84999847;21924.00000000;73.54000092
N;NORTE;2014-05-09;10614.00000000;110.83999634;7194.00000000;75.12999725
NE;NORDESTE;2014-05-09;3531.00000000;49.72000122;3531.00000000;49.72000122
S;SUL;2014-05-09;7297.00000000;83.75000000;7169.00000000;82.27999878
SE;SUDESTE;2014-05-09;21802.00000000;73.12999725;21392.00000000;71.75000000
N;NORTE;2014-05-10;10332.00000000;107.90000153;7615.00000000;79.51999664
NE;NORDESTE;2014-05-10;3520.00000000;49.56000137;3511.00000000;49.43000031
S;SUL;2014-05-10;6775.00000000;77.76000214;6685.00000000;76.72000122
SE;SUDESTE;2014-05-10;21379.00000000;71.70999908;20934.00000000;70.22000122
N;NORTE;2014-05-11;10102.00000000;105.50000000;6880.00000000;71.84999847
NE;NORDESTE;2014-05-11;3522.00000000;49.59000015;3494.00000000;49.20000076
S;SUL;2014-05-11;6162.00000000;70.72000122;6099.00000000;70.00000000
SE;SUDESTE;2014-05-11;20932.00000000;70.20999908;20457.00000000;68.62000275
N;NORTE;2014-05-12;9871.00000000;103.08000183;7093.00000000;74.06999969
NE;NORDESTE;2014-05-12;3500.00000000;49.27999878;3471.00000000;48.86999893
S;SUL;2014-05-12;5792.00000000;66.47000122;5657.00000000;64.91999817
SE;SUDESTE;2014-05-12;20612.00000000;69.13999939;20177.00000000;67.68000031
N;NORTE;2014-05-13;9699.00000000;101.29000092;9128.00000000;95.31999969
NE;NORDESTE;2014-05-13;3456.00000000;48.65999985;3443.00000000;48.47999954
S;SUL;2014-05-13;5609.00000000;64.37000275;5499.00000000;63.11000061
SE;SUDESTE;2014-05-13;20341.00000000;68.23000336;19886.00000000;66.69999695
N;NORTE;2014-05-14;9469.00000000;98.88999939;9261.00000000;96.70999908
NE;NORDESTE;2014-05-14;3386.00000000;47.66999817;3384.00000000;47.65000153
S;SUL;2014-05-14;5394.00000000;61.90999985;5299.00000000;60.81999969
SE;SUDESTE;2014-05-14;20136.00000000;67.54000092;19690.00000000;66.04000092
N;NORTE;2014-05-15;9224.00000000;96.33000183;8290.00000000;86.56999969
NE;NORDESTE;2014-05-15;3304.00000000;46.52000046;3275.00000000;46.11000061
S;SUL;2014-05-15;5232.00000000;60.04999924;5133.00000000;58.90999985
SE;SUDESTE;2014-05-15;19868.00000000;66.63999939;19490.00000000;65.37000275
N;NORTE;2014-05-16;8966.00000000;93.62999725;7747.00000000;80.90000153
NE;NORDESTE;2014-05-16;3211.00000000;45.20999908;3182.00000000;44.79999924
S;SUL;2014-05-16;5375.00000000;61.68999863;5282.00000000;60.61999893
SE;SUDESTE;2014-05-16;19637.00000000;65.86000061;19304.00000000;64.75000000
N;NORTE;2014-05-17;8774.00000000;91.62999725;8711.00000000;90.97000122
NE;NORDESTE;2014-05-17;3122.00000000;43.95999908;3094.00000000;43.56000137
S;SUL;2014-05-17;5214.00000000;59.84000015;5141.00000000;59.00000000
SE;SUDESTE;2014-05-17;19381.00000000;64.93000031;19063.00000000;63.86999893
N;NORTE;2014-05-18;8560.00000000;89.38999939;8122.00000000;84.81999969
NE;NORDESTE;2014-05-18;3026.00000000;42.61000061;3016.00000000;42.47000122
S;SUL;2014-05-18;5005.00000000;57.43999863;4945.00000000;56.75000000
SE;SUDESTE;2014-05-18;19232.00000000;64.44000244;18785.00000000;62.93999863
N;NORTE;2014-05-19;8436.00000000;88.09999847;7313.00000000;76.37000275
NE;NORDESTE;2014-05-19;2942.00000000;41.41999817;2942.00000000;41.41999817
S;SUL;2014-05-19;4867.00000000;55.86000061;4814.00000000;55.25000000
SE;SUDESTE;2014-05-19;19103.00000000;64.00000000;18693.00000000;62.63000107
N;NORTE;2014-05-20;8387.00000000;87.58999634;8340.00000000;87.08999634
NE;NORDESTE;2014-05-20;2872.00000000;40.43999863;2858.00000000;40.24000168
S;SUL;2014-05-20;4821.00000000;55.33000183;4774.00000000;54.79000092
SE;SUDESTE;2014-05-20;18953.00000000;63.50000000;18495.00000000;61.97000122
N;NORTE;2014-05-21;8389.00000000;87.61000061;8342.00000000;87.12000275
NE;NORDESTE;2014-05-21;2823.00000000;39.75000000;2794.00000000;39.34000015
S;SUL;2014-05-21;5607.00000000;64.34999847;5501.00000000;63.13000107
SE;SUDESTE;2014-05-21;18830.00000000;63.09000015;18400.00000000;61.65000153
N;NORTE;2014-05-22;8408.00000000;87.80999756;8361.00000000;87.30999756
NE;NORDESTE;2014-05-22;2780.00000000;39.13999939;2764.00000000;38.91999817
S;SUL;2014-05-22;15946.00000000;183.00999451;15321.00000000;175.83999634
SE;SUDESTE;2014-05-22;19011.00000000;63.68999863;18471.00000000;61.88999939
N;NORTE;2014-05-23;8362.00000000;87.31999969;8195.00000000;85.58000183
NE;NORDESTE;2014-05-23;2749.00000000;38.70999908;2746.00000000;38.65999985
S;SUL;2014-05-23;20585.00000000;236.25000000;18362.00000000;210.74000549
SE;SUDESTE;2014-05-23;19521.00000000;65.40000153;19074.00000000;63.90999985
N;NORTE;2014-05-24;8216.00000000;85.80000305;6535.00000000;68.25000000
NE;NORDESTE;2014-05-24;2722.00000000;38.33000183;2721.00000000;38.31000137
S;SUL;2014-05-24;18817.00000000;215.96000671;17630.00000000;202.33999634
SE;SUDESTE;2014-05-24;20478.00000000;68.61000061;19866.00000000;66.55999756
N;NORTE;2014-05-25;8064.00000000;84.20999908;6712.00000000;70.08999634
NE;NORDESTE;2014-05-25;2692.00000000;37.90000153;2664.00000000;37.50999832
S;SUL;2014-05-25;16493.00000000;189.28999329;15779.00000000;181.08999634
SE;SUDESTE;2014-05-25;22072.00000000;73.94999695;21528.00000000;72.12999725
N;NORTE;2014-05-26;7887.00000000;82.36000061;7834.00000000;81.80999756
NE;NORDESTE;2014-05-26;2663.00000000;37.50000000;2649.00000000;37.29999924
S;SUL;2014-05-26;17323.00000000;198.80999756;16583.00000000;190.32000732
SE;SUDESTE;2014-05-26;24762.00000000;82.95999908;24361.00000000;81.62000275
N;NORTE;2014-05-27;7720.00000000;80.62000275;7679.00000000;80.19000244
NE;NORDESTE;2014-05-27;2632.00000000;37.06000137;2632.00000000;37.06000137
S;SUL;2014-05-27;18300.00000000;210.02999878;16972.00000000;194.77999878
SE;SUDESTE;2014-05-27;26528.00000000;88.87999725;26047.00000000;87.26999664
N;NORTE;2014-05-28;7556.00000000;78.91000366;7528.00000000;78.62000275
NE;NORDESTE;2014-05-28;2609.00000000;36.72999954;2591.00000000;36.47999954
S;SUL;2014-05-28;17079.00000000;196.00999451;16088.00000000;184.63999939
SE;SUDESTE;2014-05-28;27335.00000000;91.58000183;26928.00000000;90.22000122
N;NORTE;2014-05-29;7374.00000000;77.01000214;7347.00000000;76.73000336
NE;NORDESTE;2014-05-29;2583.00000000;36.36999893;2555.00000000;35.97000122
S;SUL;2014-05-29;15126.00000000;173.60000610;14531.00000000;166.77000427
SE;SUDESTE;2014-05-29;27123.00000000;90.87000275;26772.00000000;89.69999695
N;NORTE;2014-05-30;6995.00000000;73.05000305;6963.00000000;72.70999908
NE;NORDESTE;2014-05-30;2549.00000000;35.88999939;2524.00000000;35.54000092
S;SUL;2014-05-30;13397.00000000;153.75999451;12856.00000000;147.55000305
SE;SUDESTE;2014-05-30;25838.00000000;86.56999969;25549.00000000;85.59999847
N;NORTE;2014-05-31;6579.00000000;68.69999695;6537.00000000;68.26999664
NE;NORDESTE;2014-05-31;2502.00000000;35.22999954;2477.00000000;34.88000107
S;SUL;2014-05-31;16566.00000000;190.13000488;15882.00000000;182.27000427
SE;SUDESTE;2014-05-31;24427.00000000;81.83999634;24157.00000000;80.94000244
N;NORTE;2014-06-01;6198.00000000;132.57000732;6147.00000000;131.47000122
NE;NORDESTE;2014-06-01;2460.00000000;52.43999863;2435.00000000;51.90000153
S;SUL;2014-06-01;21779.00000000;205.63999939;17345.00000000;163.77000427
SE;SUDESTE;2014-06-01;23546.00000000;91.70999908;23286.00000000;90.69999695
N;NORTE;2014-06-02;5790.00000000;123.83999634;5737.00000000;122.70999908
NE;NORDESTE;2014-06-02;2420.00000000;51.58000183;2402.00000000;51.20000076
S;SUL;2014-06-02;22170.00000000;209.33000183;17839.00000000;168.44000244
SE;SUDESTE;2014-06-02;22766.00000000;88.66999817;22564.00000000;87.88999939
N;NORTE;2014-06-03;5543.00000000;118.55999756;5523.00000000;118.12999725
NE;NORDESTE;2014-06-03;2377.00000000;50.66999817;2355.00000000;50.20000076
S;SUL;2014-06-03;19366.00000000;182.86000061;16869.00000000;159.27999878
SE;SUDESTE;2014-06-03;23243.00000000;90.52999878;23083.00000000;89.91000366
N;NORTE;2014-06-04;5445.00000000;116.45999908;5402.00000000;115.54000092
NE;NORDESTE;2014-06-04;2332.00000000;49.70999908;2306.00000000;49.15000153
S;SUL;2014-06-04;16268.00000000;153.61000061;14646.00000000;138.28999329
SE;SUDESTE;2014-06-04;22424.00000000;87.33999634;22264.00000000;86.72000122
N;NORTE;2014-06-05;5324.00000000;113.87000275;5267.00000000;112.65000153
NE;NORDESTE;2014-06-05;2300.00000000;49.02000046;2274.00000000;48.47000122
S;SUL;2014-06-05;20169.00000000;190.44000244;17128.00000000;161.72999573
SE;SUDESTE;2014-06-05;22372.00000000;87.13999939;22193.00000000;86.44000244
N;NORTE;2014-06-06;5147.00000000;110.08999634;5086.00000000;108.77999878
NE;NORDESTE;2014-06-06;2271.00000000;48.40999985;2253.00000000;48.02000046
S;SUL;2014-06-06;30717.00000000;290.04000854;22114.00000000;208.80000305
SE;SUDESTE;2014-06-06;23177.00000000;90.26999664;23051.00000000;89.77999878
N;NORTE;2014-06-07;5081.00000000;108.66999817;5027.00000000;107.51999664
NE;NORDESTE;2014-06-07;2247.00000000;47.90000153;2220.00000000;47.31999969
S;SUL;2014-06-07;38664.00000000;365.07000732;28995.00000000;273.77999878
SE;SUDESTE;2014-06-07;27675.00000000;107.79000092;27133.00000000;105.68000031
N;NORTE;2014-06-08;4932.00000000;105.48999786;4885.00000000;104.48000336
NE;NORDESTE;2014-06-08;2221.00000000;47.34000015;2196.00000000;46.81000137
S;SUL;2014-06-08;59320.00000000;560.10998535;11880.00000000;112.16999817
SE;SUDESTE;2014-06-08;32227.00000000;125.51999664;28503.00000000;111.01999664
N;NORTE;2014-06-09;4727.00000000;101.09999847;4683.00000000;100.16000366
NE;NORDESTE;2014-06-09;2198.00000000;46.84999847;2174.00000000;46.34000015
S;SUL;2014-06-09;73809.00000000;696.91998291;26811.00000000;253.14999390
SE;SUDESTE;2014-06-09;35364.00000000;137.74000549;27138.00000000;105.69999695
N;NORTE;2014-06-10;4629.00000000;99.01000214;4587.00000000;98.11000061
NE;NORDESTE;2014-06-10;2179.00000000;46.45000076;2156.00000000;45.95999908
S;SUL;2014-06-10;68953.00000000;651.07000732;38795.00000000;366.30999756
SE;SUDESTE;2014-06-10;37551.00000000;146.25999451;26844.00000000;104.55999756
N;NORTE;2014-06-11;4521.00000000;96.69999695;4487.00000000;95.97000122
NE;NORDESTE;2014-06-11;2164.00000000;46.13000107;2142.00000000;45.65999985
S;SUL;2014-06-11;56689.00000000;535.27001953;36031.00000000;340.20999146
SE;SUDESTE;2014-06-11;40260.00000000;156.80999756;27733.00000000;108.01999664
N;NORTE;2014-06-12;4379.00000000;93.66000366;4345.00000000;92.93000031
NE;NORDESTE;2014-06-12;2156.00000000;45.95999908;2136.00000000;45.52999878
S;SUL;2014-06-12;46200.00000000;436.23001099;23044.00000000;217.58999634
SE;SUDESTE;2014-06-12;40106.00000000;156.21000671;29904.00000000;116.47000122
N;NORTE;2014-06-13;4264.00000000;91.19999695;4231.00000000;90.48999786
NE;NORDESTE;2014-06-13;2152.00000000;45.86999893;2141.00000000;45.63999939
S;SUL;2014-06-13;39667.00000000;374.54000854;16458.00000000;155.39999390
SE;SUDESTE;2014-06-13;35845.00000000;139.61000061;29515.00000000;114.95999908
N;NORTE;2014-06-14;4163.00000000;89.04000092;4130.00000000;88.33000183
NE;NORDESTE;2014-06-14;2144.00000000;45.70000076;2127.00000000;45.34000015
S;SUL;2014-06-14;38633.00000000;364.77999878;14885.00000000;140.55000305
SE;SUDESTE;2014-06-14;31104.00000000;121.15000153;22214.00000000;86.51999664
N;NORTE;2014-06-15;4031.00000000;86.22000122;3998.00000000;85.51000214
NE;NORDESTE;2014-06-15;2131.00000000;45.41999817;2113.00000000;45.04000092
S;SUL;2014-06-15;36737.00000000;346.88000488;14283.00000000;134.86000061
SE;SUDESTE;2014-06-15;27426.00000000;106.81999969;19675.00000000;76.62999725
N;NORTE;2014-06-16;3907.00000000;83.55999756;3874.00000000;82.86000061
NE;NORDESTE;2014-06-16;2121.00000000;45.20999908;2101.00000000;44.77999878
S;SUL;2014-06-16;34201.00000000;322.92999268;16795.00000000;158.58000183
SE;SUDESTE;2014-06-16;26031.00000000;101.38999939;23303.00000000;90.76000214
N;NORTE;2014-06-17;3794.00000000;81.15000153;3760.00000000;80.41999817
NE;NORDESTE;2014-06-17;2115.00000000;45.08000183;2114.00000000;45.06000137
S;SUL;2014-06-17;32286.00000000;304.85000610;13151.00000000;124.16999817
SE;SUDESTE;2014-06-17;25099.00000000;97.76000214;23781.00000000;92.62999725
N;NORTE;2014-06-18;3721.00000000;79.58999634;3684.00000000;78.79000092
NE;NORDESTE;2014-06-18;2103.00000000;44.83000183;2092.00000000;44.59000015
S;SUL;2014-06-18;30849.00000000;291.27999878;11457.00000000;108.18000031
SE;SUDESTE;2014-06-18;24307.00000000;94.66999817;23759.00000000;92.54000092
N;NORTE;2014-06-19;3671.00000000;78.51999664;3633.00000000;77.69999695
NE;NORDESTE;2014-06-19;2099.00000000;44.74000168;2069.00000000;44.09999847
S;SUL;2014-06-19;29330.00000000;276.94000244;12549.00000000;118.48999786
SE;SUDESTE;2014-06-19;23501.00000000;91.54000092;23189.00000000;90.31999969
N;NORTE;2014-06-20;3621.00000000;77.44999695;3582.00000000;76.61000061
NE;NORDESTE;2014-06-20;2079.00000000;44.31000137;2057.00000000;43.84999847
S;SUL;2014-06-20;27457.00000000;259.25000000;17845.00000000;168.50000000
SE;SUDESTE;2014-06-20;22779.00000000;88.72000122;22546.00000000;87.81999969
N;NORTE;2014-06-21;3581.00000000;76.58999634;3542.00000000;75.76000214
NE;NORDESTE;2014-06-21;2073.00000000;44.18999863;2052.00000000;43.74000168
S;SUL;2014-06-21;25891.00000000;244.47000122;20626.00000000;194.75000000
SE;SUDESTE;2014-06-21;21721.00000000;84.59999847;21452.00000000;83.55000305
N;NORTE;2014-06-22;3560.00000000;76.13999939;3521.00000000;75.30999756
NE;NORDESTE;2014-06-22;2060.00000000;43.90999985;2039.00000000;43.45999908
S;SUL;2014-06-22;24432.00000000;230.69000244;16528.00000000;156.05999756
SE;SUDESTE;2014-06-22;21020.00000000;81.87000275;20096.00000000;78.26999664
N;NORTE;2014-06-23;3452.00000000;73.83000183;3413.00000000;73.00000000
NE;NORDESTE;2014-06-23;2052.00000000;43.74000168;2024.00000000;43.13999939
S;SUL;2014-06-23;24159.00000000;228.11000061;18503.00000000;174.71000671
SE;SUDESTE;2014-06-23;20638.00000000;80.37999725;20177.00000000;78.58999634
N;NORTE;2014-06-24;3369.00000000;72.05999756;3330.00000000;71.22000122
NE;NORDESTE;2014-06-24;2040.00000000;43.47999954;2016.00000000;42.97000122
S;SUL;2014-06-24;23615.00000000;222.97999573;15479.00000000;146.16000366
SE;SUDESTE;2014-06-24;20289.00000000;79.01999664;20047.00000000;78.08000183
N;NORTE;2014-06-25;3327.00000000;71.16000366;3289.00000000;70.34999847
NE;NORDESTE;2014-06-25;2034.00000000;43.36000061;2006.00000000;42.75999832
S;SUL;2014-06-25;33509.00000000;316.39999390;12482.00000000;117.86000061
SE;SUDESTE;2014-06-25;19909.00000000;77.54000092;19679.00000000;76.65000153
N;NORTE;2014-06-26;3271.00000000;69.95999908;3232.00000000;69.12999725
NE;NORDESTE;2014-06-26;2020.00000000;43.06000137;1991.00000000;42.43999863
S;SUL;2014-06-26;52401.00000000;494.77999878;12225.00000000;115.43000031
SE;SUDESTE;2014-06-26;19623.00000000;76.43000031;19404.00000000;75.58000183
N;NORTE;2014-06-27;3230.00000000;69.08000183;3195.00000000;68.33999634
NE;NORDESTE;2014-06-27;2013.00000000;42.90999985;1990.00000000;42.41999817
S;SUL;2014-06-27;72532.00000000;684.85998535;2060.00000000;19.45000076
SE;SUDESTE;2014-06-27;19866.00000000;77.37999725;19639.00000000;76.48999786
N;NORTE;2014-06-28;3227.00000000;69.01999664;3195.00000000;68.33999634
NE;NORDESTE;2014-06-28;2005.00000000;42.74000168;1985.00000000;42.31000137
S;SUL;2014-06-28;86961.00000000;821.09997559;1539.00000000;14.52999973
SE;SUDESTE;2014-06-28;20224.00000000;78.76999664;19956.00000000;77.73000336
N;NORTE;2014-06-29;3214.00000000;68.73999786;3175.00000000;67.91000366
NE;NORDESTE;2014-06-29;2006.00000000;42.75999832;1987.00000000;42.34999847
S;SUL;2014-06-29;79115.00000000;747.02001953;27939.00000000;263.80999756
SE;SUDESTE;2014-06-29;19911.00000000;77.55000305;19625.00000000;76.44000244
N;NORTE;2014-06-30;3170.00000000;67.80000305;3131.00000000;66.97000122
NE;NORDESTE;2014-06-30;2005.00000000;42.74000168;1982.00000000;42.25000000
S;SUL;2014-06-30;64798.00000000;611.83001709;32100.00000000;303.08999634
SE;SUDESTE;2014-06-30;19101.00000000;74.40000153;18882.00000000;73.54000092
N;NORTE;2014-07-01;3138.00000000;113.48000336;3102.00000000;112.18000031
NE;NORDESTE;2014-07-01;2015.00000000;52.06999969;2010.00000000;51.93999863
S;SUL;2014-07-01;50429.00000000;452.42001343;27655.00000000;248.10000610
SE;SUDESTE;2014-07-01;18579.00000000;87.61000061;18334.00000000;86.44999695
N;NORTE;2014-07-02;3071.00000000;111.05999756;3038.00000000;109.86000061
NE;NORDESTE;2014-07-02;2024.00000000;52.31000137;2006.00000000;51.84000015
S;SUL;2014-07-02;39617.00000000;355.42001343;22411.00000000;201.05999756
SE;SUDESTE;2014-07-02;18119.00000000;85.44000244;17886.00000000;84.33999634
N;NORTE;2014-07-03;3001.00000000;108.51999664;2968.00000000;107.33000183
NE;NORDESTE;2014-07-03;2038.00000000;52.66999817;2010.00000000;51.93999863
S;SUL;2014-07-03;32301.00000000;289.77999878;17998.00000000;161.47000122
SE;SUDESTE;2014-07-03;17831.00000000;84.08000183;17586.00000000;82.93000031
N;NORTE;2014-07-04;2928.00000000;105.87999725;2895.00000000;104.69000244
NE;NORDESTE;2014-07-04;2064.00000000;53.34000015;2036.00000000;52.61999893
S;SUL;2014-07-04;27483.00000000;246.55999756;16490.00000000;147.94000244
SE;SUDESTE;2014-07-04;17537.00000000;82.69999695;17320.00000000;81.66999817
N;NORTE;2014-07-05;2840.00000000;102.69999695;2807.00000000;101.51000214
NE;NORDESTE;2014-07-05;2087.00000000;53.93000031;2024.00000000;52.31000137
S;SUL;2014-07-05;23616.00000000;211.86999512;13694.00000000;122.84999847
SE;SUDESTE;2014-07-05;17286.00000000;81.51000214;17075.00000000;80.51999664
N;NORTE;2014-07-06;2757.00000000;99.69999695;2529.00000000;91.45999908
NE;NORDESTE;2014-07-06;2106.00000000;54.41999817;2070.00000000;53.49000168
S;SUL;2014-07-06;21284.00000000;190.94999695;10574.00000000;94.86000061
SE;SUDESTE;2014-07-06;17014.00000000;80.23000336;16717.00000000;78.83000183
N;NORTE;2014-07-07;2676.00000000;96.76999664;2627.00000000;95.00000000
NE;NORDESTE;2014-07-07;2116.00000000;54.68000031;2080.00000000;53.75000000
S;SUL;2014-07-07;19319.00000000;173.32000732;12413.00000000;111.36000061
SE;SUDESTE;2014-07-07;16900.00000000;79.69000244;16714.00000000;78.81999969
N;NORTE;2014-07-08;2645.00000000;95.65000153;2612.00000000;94.45999908
NE;NORDESTE;2014-07-08;2124.00000000;54.88999939;2102.00000000;54.31999969
S;SUL;2014-07-08;17821.00000000;159.88000488;14365.00000000;128.86999512
SE;SUDESTE;2014-07-08;16848.00000000;79.44999695;16637.00000000;78.44999695
N;NORTE;2014-07-09;2603.00000000;94.12999725;2570.00000000;92.94000244
NE;NORDESTE;2014-07-09;2128.00000000;54.99000168;2103.00000000;54.34999847
S;SUL;2014-07-09;16403.00000000;147.16000366;12907.00000000;115.79000092
SE;SUDESTE;2014-07-09;16849.00000000;79.44999695;16695.00000000;78.73000336
N;NORTE;2014-07-10;2616.00000000;94.59999847;2587.00000000;93.55000305
NE;NORDESTE;2014-07-10;2135.00000000;55.16999817;2114.00000000;54.63000107
S;SUL;2014-07-10;15075.00000000;135.24000549;12933.00000000;116.02999878
SE;SUDESTE;2014-07-10;16912.00000000;79.75000000;16755.00000000;79.01000214
N;NORTE;2014-07-11;2580.00000000;93.30000305;2553.00000000;92.31999969
NE;NORDESTE;2014-07-11;2143.00000000;55.38000107;2114.00000000;54.63000107
S;SUL;2014-07-11;13911.00000000;124.80000305;10906.00000000;97.83999634
SE;SUDESTE;2014-07-11;16867.00000000;79.54000092;16702.00000000;78.76000214
N;NORTE;2014-07-12;2552.00000000;92.29000092;2524.00000000;91.26999664
NE;NORDESTE;2014-07-12;2147.00000000;55.47999954;2132.00000000;55.09999847
S;SUL;2014-07-12;12868.00000000;115.44000244;11136.00000000;99.91000366
SE;SUDESTE;2014-07-12;16973.00000000;80.04000092;16802.00000000;79.23000336
N;NORTE;2014-07-13;2499.00000000;90.37000275;2472.00000000;89.38999939
NE;NORDESTE;2014-07-13;2160.00000000;55.81999969;2160.00000000;55.81999969
S;SUL;2014-07-13;11901.00000000;106.76999664;11140.00000000;99.94000244
SE;SUDESTE;2014-07-13;16895.00000000;79.66999817;16670.00000000;78.61000061
N;NORTE;2014-07-14;2436.00000000;88.08999634;2412.00000000;87.22000122
NE;NORDESTE;2014-07-14;2167.00000000;56.00000000;2164.00000000;55.91999817
S;SUL;2014-07-14;11125.00000000;99.80999756;10101.00000000;90.62000275
SE;SUDESTE;2014-07-14;16811.00000000;79.26999664;16585.00000000;78.20999908
N;NORTE;2014-07-15;2380.00000000;86.06999969;2356.00000000;85.19999695
NE;NORDESTE;2014-07-15;2183.00000000;56.40999985;2156.00000000;55.72000122
S;SUL;2014-07-15;10517.00000000;94.34999847;9083.00000000;81.48999786
SE;SUDESTE;2014-07-15;16657.00000000;78.55000305;16451.00000000;77.58000183
N;NORTE;2014-07-16;2316.00000000;83.75000000;2290.00000000;82.80999756
NE;NORDESTE;2014-07-16;2193.00000000;56.66999817;2193.00000000;56.66999817
S;SUL;2014-07-16;9912.00000000;88.91999817;8098.00000000;72.65000153
SE;SUDESTE;2014-07-16;16519.00000000;77.90000153;16325.00000000;76.98000336
N;NORTE;2014-07-17;2311.00000000;83.56999969;2289.00000000;82.77999878
NE;NORDESTE;2014-07-17;2210.00000000;57.11000061;2186.00000000;56.49000168
S;SUL;2014-07-17;9685.00000000;86.88999939;8086.00000000;72.54000092
SE;SUDESTE;2014-07-17;16489.00000000;77.75000000;16309.00000000;76.91000366
N;NORTE;2014-07-18;2261.00000000;81.76000214;2239.00000000;80.97000122
NE;NORDESTE;2014-07-18;2230.00000000;57.63000107;2230.00000000;57.63000107
S;SUL;2014-07-18;9982.00000000;89.55000305;8532.00000000;76.54000092
SE;SUDESTE;2014-07-18;16667.00000000;78.58999634;16513.00000000;77.87000275
N;NORTE;2014-07-19;2221.00000000;80.31999969;2199.00000000;79.51999664
NE;NORDESTE;2014-07-19;2247.00000000;58.06999969;2247.00000000;58.06999969
S;SUL;2014-07-19;9953.00000000;89.29000092;8251.00000000;74.01999664
SE;SUDESTE;2014-07-19;16901.00000000;79.69999695;16775.00000000;79.09999847
N;NORTE;2014-07-20;2129.00000000;76.98999786;2107.00000000;76.19000244
NE;NORDESTE;2014-07-20;2267.00000000;58.59000015;2267.00000000;58.59000015
S;SUL;2014-07-20;8958.00000000;80.37000275;7562.00000000;67.83999634
SE;SUDESTE;2014-07-20;16954.00000000;79.94999695;16636.00000000;78.44999695
N;NORTE;2014-07-21;2074.00000000;75.00000000;2052.00000000;74.20999908
NE;NORDESTE;2014-07-21;2276.00000000;58.81999969;2255.00000000;58.27999878
S;SUL;2014-07-21;8074.00000000;72.44000244;7234.00000000;64.90000153
SE;SUDESTE;2014-07-21;16933.00000000;79.84999847;16728.00000000;78.87999725
N;NORTE;2014-07-22;2027.00000000;73.30000305;2005.00000000;72.51000214
NE;NORDESTE;2014-07-22;2288.00000000;59.13000107;2268.00000000;58.61000061
S;SUL;2014-07-22;7605.00000000;68.23000336;6789.00000000;60.90999985
SE;SUDESTE;2014-07-22;16904.00000000;79.70999908;16688.00000000;78.69000244
N;NORTE;2014-07-23;2058.00000000;74.41999817;2036.00000000;73.62999725
NE;NORDESTE;2014-07-23;2299.00000000;59.40999985;2284.00000000;59.02999878
S;SUL;2014-07-23;9320.00000000;83.61000061;7702.00000000;69.09999847
SE;SUDESTE;2014-07-23;17093.00000000;80.59999847;16806.00000000;79.25000000
N;NORTE;2014-07-24;2055.00000000;74.30999756;2033.00000000;73.51999664
NE;NORDESTE;2014-07-24;2311.00000000;59.72000122;2296.00000000;59.34000015
S;SUL;2014-07-24;15512.00000000;139.16000366;9969.00000000;89.44000244
SE;SUDESTE;2014-07-24;17651.00000000;83.23000336;17362.00000000;81.87000275
N;NORTE;2014-07-25;2045.00000000;73.94999695;2023.00000000;73.16000366
NE;NORDESTE;2014-07-25;2322.00000000;60.00999832;2300.00000000;59.43999863
S;SUL;2014-07-25;18391.00000000;164.99000549;13203.00000000;118.44999695
SE;SUDESTE;2014-07-25;18749.00000000;88.41000366;18458.00000000;87.04000092
N;NORTE;2014-07-26;2049.00000000;74.09999847;2027.00000000;73.30000305
NE;NORDESTE;2014-07-26;2329.00000000;60.18999863;2301.00000000;59.45999908
S;SUL;2014-07-26;17456.00000000;156.60000610;14002.00000000;125.62000275
SE;SUDESTE;2014-07-26;19269.00000000;90.86000061;18958.00000000;89.40000153
N;NORTE;2014-07-27;2016.00000000;72.90000153;1994.00000000;72.11000061
NE;NORDESTE;2014-07-27;2485.00000000;64.22000122;2454.00000000;63.41999817
S;SUL;2014-07-27;14522.00000000;130.27999878;11466.00000000;102.87000275
SE;SUDESTE;2014-07-27;20026.00000000;94.43000031;19620.00000000;92.51999664
N;NORTE;2014-07-28;1988.00000000;71.88999939;1966.00000000;71.09999847
NE;NORDESTE;2014-07-28;2640.00000000;68.23000336;2608.00000000;67.40000153
S;SUL;2014-07-28;12114.00000000;108.68000031;10463.00000000;93.87000275
SE;SUDESTE;2014-07-28;21239.00000000;100.15000153;20862.00000000;98.37999725
N;NORTE;2014-07-29;1958.00000000;70.80999756;1936.00000000;70.01000214
NE;NORDESTE;2014-07-29;2668.00000000;68.94999695;2643.00000000;68.30000305
S;SUL;2014-07-29;10398.00000000;93.27999878;9525.00000000;85.44999695
SE;SUDESTE;2014-07-29;21483.00000000;101.30000305;21101.00000000;99.50000000
N;NORTE;2014-07-30;1927.00000000;69.69000244;1905.00000000;68.88999939
NE;NORDESTE;2014-07-30;2518.00000000;65.06999969;2495.00000000;64.48000336
S;SUL;2014-07-30;9342.00000000;83.80999756;8624.00000000;77.37000275
SE;SUDESTE;2014-07-30;21203.00000000;99.98000336;20861.00000000;98.37000275
N;NORTE;2014-07-31;1880.00000000;67.98999786;1858.00000000;67.19000244
NE;NORDESTE;2014-07-31;2375.00000000;61.38000107;2364.00000000;61.09000015
S;SUL;2014-07-31;8841.00000000;79.31999969;8155.00000000;73.16000366
SE;SUDESTE;2014-07-31;20573.00000000;97.01000214;20279.00000000;95.62999725
N;NORTE;2014-08-01;1803.00000000;92.33999634;1781.00000000;91.20999908
NE;NORDESTE;2014-08-01;2303.00000000;68.25000000;2281.00000000;67.59999847
S;SUL;2014-08-01;8363.00000000;81.55999756;7374.00000000;71.91000366
SE;SUDESTE;2014-08-01;19947.00000000;112.90000153;19666.00000000;111.30999756
N;NORTE;2014-08-02;1755.00000000;89.87999725;1733.00000000;88.75000000
NE;NORDESTE;2014-08-02;2257.00000000;66.87999725;2239.00000000;66.34999847
S;SUL;2014-08-02;8720.00000000;85.04000092;7404.00000000;72.19999695
SE;SUDESTE;2014-08-02;19423.00000000;109.94000244;19194.00000000;108.63999939
N;NORTE;2014-08-03;1748.00000000;89.51999664;1726.00000000;88.40000153
NE;NORDESTE;2014-08-03;2214.00000000;65.61000061;2201.00000000;65.23000336
S;SUL;2014-08-03;8759.00000000;85.41999817;8170.00000000;79.66999817
SE;SUDESTE;2014-08-03;18962.00000000;107.33000183;18807.00000000;106.44999695
N;NORTE;2014-08-04;1737.00000000;88.95999908;1714.00000000;87.77999878
NE;NORDESTE;2014-08-04;2171.00000000;64.33999634;2155.00000000;63.86000061
S;SUL;2014-08-04;8302.00000000;80.95999908;7724.00000000;75.33000183
SE;SUDESTE;2014-08-04;18454.00000000;104.44999695;18287.00000000;103.51000214
N;NORTE;2014-08-05;1718.00000000;87.98999786;1696.00000000;86.86000061
NE;NORDESTE;2014-08-05;2153.00000000;63.79999924;2153.00000000;63.79999924
S;SUL;2014-08-05;7851.00000000;76.55999756;7134.00000000;69.56999969
SE;SUDESTE;2014-08-05;17908.00000000;101.36000061;17770.00000000;100.58000183
N;NORTE;2014-08-06;1723.00000000;88.23999786;1703.00000000;87.22000122
NE;NORDESTE;2014-08-06;2252.00000000;66.73999786;2229.00000000;66.05999756
S;SUL;2014-08-06;7395.00000000;72.12000275;6716.00000000;65.50000000
SE;SUDESTE;2014-08-06;17358.00000000;98.25000000;17232.00000000;97.54000092
N;NORTE;2014-08-07;1708.00000000;87.47000122;1691.00000000;86.59999847
NE;NORDESTE;2014-08-07;2298.00000000;68.09999847;2288.00000000;67.80000305
S;SUL;2014-08-07;6901.00000000;67.30000305;6193.00000000;60.38999939
SE;SUDESTE;2014-08-07;16807.00000000;95.12999725;16668.00000000;94.33999634
N;NORTE;2014-08-08;1675.00000000;85.77999878;1641.00000000;84.04000092
NE;NORDESTE;2014-08-08;2227.00000000;66.00000000;2201.00000000;65.23000336
S;SUL;2014-08-08;6392.00000000;62.34000015;5582.00000000;54.43999863
SE;SUDESTE;2014-08-08;16342.00000000;92.50000000;16226.00000000;91.83999634
N;NORTE;2014-08-09;1899.00000000;97.26000214;1883.00000000;96.44000244
NE;NORDESTE;2014-08-09;2170.00000000;64.30999756;2146.00000000;63.59999847
S;SUL;2014-08-09;5926.00000000;57.79000092;5290.00000000;51.59000015
SE;SUDESTE;2014-08-09;15914.00000000;90.08000183;15804.00000000;89.44999695
N;NORTE;2014-08-10;1857.00000000;95.11000061;1675.00000000;85.77999878
NE;NORDESTE;2014-08-10;2156.00000000;63.88999939;2127.00000000;63.02999878
S;SUL;2014-08-10;5558.00000000;54.20000076;5185.00000000;50.56000137
SE;SUDESTE;2014-08-10;15483.00000000;87.63999939;15387.00000000;87.08999634
N;NORTE;2014-08-11;1813.00000000;92.84999847;1793.00000000;91.83000183
NE;NORDESTE;2014-08-11;2169.00000000;64.27999878;2148.00000000;63.65000153
S;SUL;2014-08-11;5558.00000000;54.20000076;5239.00000000;51.09000015
SE;SUDESTE;2014-08-11;15068.00000000;85.29000092;14960.00000000;84.68000031
N;NORTE;2014-08-12;1773.00000000;90.80000305;1751.00000000;89.68000031
NE;NORDESTE;2014-08-12;2181.00000000;64.62999725;2181.00000000;64.62999725
S;SUL;2014-08-12;5732.00000000;55.90000153;5294.00000000;51.63000107
SE;SUDESTE;2014-08-12;14802.00000000;83.77999878;14692.00000000;83.16000366
N;NORTE;2014-08-13;1763.00000000;90.29000092;1741.00000000;89.16000366
NE;NORDESTE;2014-08-13;2162.00000000;64.06999969;2147.00000000;63.63000107
S;SUL;2014-08-13;6952.00000000;67.80000305;6106.00000000;59.54999924
SE;SUDESTE;2014-08-13;14724.00000000;83.33999634;14586.00000000;82.55999756
N;NORTE;2014-08-14;1463.00000000;74.93000031;1440.00000000;73.75000000
NE;NORDESTE;2014-08-14;2140.00000000;63.41999817;2140.00000000;63.41999817
S;SUL;2014-08-14;7278.00000000;70.98000336;6231.00000000;60.77000046
SE;SUDESTE;2014-08-14;14734.00000000;83.40000153;14634.00000000;82.83000183
N;NORTE;2014-08-15;1442.00000000;73.84999847;1416.00000000;72.51999664
NE;NORDESTE;2014-08-15;2126.00000000;63.00000000;2105.00000000;62.38000107
S;SUL;2014-08-15;6856.00000000;66.86000061;6088.00000000;59.36999893
SE;SUDESTE;2014-08-15;14714.00000000;83.27999878;14550.00000000;82.36000061
N;NORTE;2014-08-16;1424.00000000;72.93000031;1403.00000000;71.84999847
NE;NORDESTE;2014-08-16;2123.00000000;62.90999985;2099.00000000;62.20000076
S;SUL;2014-08-16;6940.00000000;67.68000031;6542.00000000;63.79999924
SE;SUDESTE;2014-08-16;14517.00000000;82.16999817;14343.00000000;81.18000031
N;NORTE;2014-08-17;1437.00000000;73.59999847;1420.00000000;72.72000122
NE;NORDESTE;2014-08-17;2114.00000000;62.65000153;2095.00000000;62.08000183
S;SUL;2014-08-17;7710.00000000;75.19000244;7452.00000000;72.66999817
SE;SUDESTE;2014-08-17;14353.00000000;81.23999786;14145.00000000;80.05999756
N;NORTE;2014-08-18;1452.00000000;74.36000061;1436.00000000;73.54000092
NE;NORDESTE;2014-08-18;2103.00000000;62.31999969;2081.00000000;61.66999817
S;SUL;2014-08-18;7960.00000000;77.62999725;7659.00000000;74.69000244
SE;SUDESTE;2014-08-18;14191.00000000;80.31999969;14030.00000000;79.41000366
N;NORTE;2014-08-19;1490.00000000;76.30999756;1473.00000000;75.44000244
NE;NORDESTE;2014-08-19;2078.00000000;61.58000183;2057.00000000;60.95999908
S;SUL;2014-08-19;7437.00000000;72.52999878;6606.00000000;64.41999817
SE;SUDESTE;2014-08-19;14089.00000000;79.75000000;13953.00000000;78.98000336
N;NORTE;2014-08-20;1483.00000000;75.94999695;1466.00000000;75.08000183
NE;NORDESTE;2014-08-20;2050.00000000;60.75000000;2022.00000000;59.91999817
S;SUL;2014-08-20;7090.00000000;69.13999939;6204.00000000;60.50000000
SE;SUDESTE;2014-08-20;13945.00000000;78.93000031;13735.00000000;77.73999786
N;NORTE;2014-08-21;1436.00000000;73.54000092;1420.00000000;72.72000122
NE;NORDESTE;2014-08-21;2026.00000000;60.04000092;2015.00000000;59.70999908
S;SUL;2014-08-21;6604.00000000;64.40000153;5980.00000000;58.31999969
SE;SUDESTE;2014-08-21;13784.00000000;78.01999664;13526.00000000;76.55999756
N;NORTE;2014-08-22;1401.00000000;71.75000000;1384.00000000;70.87999725
NE;NORDESTE;2014-08-22;1993.00000000;59.06000137;1972.00000000;58.43999863
S;SUL;2014-08-22;6164.00000000;60.11000061;5569.00000000;54.31000137
SE;SUDESTE;2014-08-22;13673.00000000;77.38999939;13493.00000000;76.37000275
N;NORTE;2014-08-23;1367.00000000;70.01000214;1353.00000000;69.29000092
NE;NORDESTE;2014-08-23;1964.00000000;58.20000076;1936.00000000;57.36999893
S;SUL;2014-08-23;5740.00000000;55.97999954;5249.00000000;51.18999863
SE;SUDESTE;2014-08-23;13612.00000000;77.05000305;13349.00000000;75.55999756
N;NORTE;2014-08-24;1387.00000000;71.02999878;1376.00000000;70.47000122
NE;NORDESTE;2014-08-24;1933.00000000;57.27999878;1919.00000000;56.86999893
S;SUL;2014-08-24;5316.00000000;51.84000015;5181.00000000;50.52999878
SE;SUDESTE;2014-08-24;13397.00000000;75.83000183;13131.00000000;74.31999969
N;NORTE;2014-08-25;1371.00000000;70.22000122;1360.00000000;69.65000153
NE;NORDESTE;2014-08-25;1908.00000000;56.54000092;1880.00000000;55.70999908
S;SUL;2014-08-25;5224.00000000;50.93999863;5032.00000000;49.06999969
SE;SUDESTE;2014-08-25;13119.00000000;74.26000214;12861.00000000;72.80000305
N;NORTE;2014-08-26;1367.00000000;70.01000214;1356.00000000;69.44999695
NE;NORDESTE;2014-08-26;1892.00000000;56.06999969;1870.00000000;55.41999817
S;SUL;2014-08-26;5345.00000000;52.11999893;4943.00000000;48.20000076
SE;SUDESTE;2014-08-26;12953.00000000;73.31999969;12679.00000000;71.76999664
N;NORTE;2014-08-27;1346.00000000;68.93000031;1335.00000000;68.37000275
NE;NORDESTE;2014-08-27;1907.00000000;56.50999832;1881.00000000;55.74000168
S;SUL;2014-08-27;5395.00000000;52.61000061;5025.00000000;49.00000000
SE;SUDESTE;2014-08-27;12823.00000000;72.58000183;12594.00000000;71.27999878
N;NORTE;2014-08-28;1358.00000000;69.55000305;1347.00000000;68.98999786
NE;NORDESTE;2014-08-28;1926.00000000;57.08000183;1901.00000000;56.33000183
S;SUL;2014-08-28;5263.00000000;51.33000183;4918.00000000;47.95999908
SE;SUDESTE;2014-08-28;12720.00000000;72.00000000;12612.00000000;71.38999939
N;NORTE;2014-08-29;1379.00000000;70.62000275;1365.00000000;69.91000366
NE;NORDESTE;2014-08-29;1941.00000000;57.52000046;1912.00000000;56.65999985
S;SUL;2014-08-29;5050.00000000;49.25000000;4702.00000000;45.84999847
SE;SUDESTE;2014-08-29;12579.00000000;71.19999695;12465.00000000;70.55000305
N;NORTE;2014-08-30;1367.00000000;70.01000214;1350.00000000;69.13999939
NE;NORDESTE;2014-08-30;1954.00000000;57.90999985;1929.00000000;57.15999985
S;SUL;2014-08-30;5111.00000000;49.84000015;4781.00000000;46.61999893
SE;SUDESTE;2014-08-30;12431.00000000;70.36000061;12323.00000000;69.75000000
N;NORTE;2014-08-31;1390.00000000;71.19000244;1373.00000000;70.31999969
NE;NORDESTE;2014-08-31;1955.00000000;57.93999863;1928.00000000;57.13999939
S;SUL;2014-08-31;6243.00000000;60.88000107;6071.00000000;59.20000076
SE;SUDESTE;2014-08-31;12515.00000000;70.83999634;12411.00000000;70.25000000
N;NORTE;2014-09-01;1381.00000000;88.08000183;1365.00000000;87.05999756
NE;NORDESTE;2014-09-01;1962.00000000;65.05000305;1934.00000000;64.12000275
S;SUL;2014-09-01;8376.00000000;70.19000244;8180.00000000;68.55000305
SE;SUDESTE;2014-09-01;12610.00000000;72.02999878;12513.00000000;71.48000336
N;NORTE;2014-09-02;1354.00000000;86.36000061;1338.00000000;85.33999634
NE;NORDESTE;2014-09-02;1972.00000000;65.37999725;1972.00000000;65.37999725
S;SUL;2014-09-02;11272.00000000;94.45999908;10457.00000000;87.62999725
SE;SUDESTE;2014-09-02;12822.00000000;73.23999786;12695.00000000;72.51999664
N;NORTE;2014-09-03;1306.00000000;83.30000305;1289.00000000;82.20999908
NE;NORDESTE;2014-09-03;1954.00000000;64.77999878;1954.00000000;64.77999878
S;SUL;2014-09-03;15314.00000000;128.33000183;12831.00000000;107.51999664
SE;SUDESTE;2014-09-03;13317.00000000;76.06999969;13107.00000000;74.87000275
N;NORTE;2014-09-04;1299.00000000;82.84999847;1283.00000000;81.83000183
NE;NORDESTE;2014-09-04;1941.00000000;64.34999847;1941.00000000;64.34999847
S;SUL;2014-09-04;14950.00000000;125.27999878;12668.00000000;106.16000366
SE;SUDESTE;2014-09-04;13600.00000000;77.69000244;13411.00000000;76.61000061
N;NORTE;2014-09-05;1296.00000000;82.66000366;1279.00000000;81.58000183
NE;NORDESTE;2014-09-05;1945.00000000;64.48000336;1945.00000000;64.48000336
S;SUL;2014-09-05;12999.00000000;108.93000031;11857.00000000;99.36000061
SE;SUDESTE;2014-09-05;13937.00000000;79.61000061;13764.00000000;78.62000275
N;NORTE;2014-09-06;1306.00000000;83.30000305;1289.00000000;82.20999908
NE;NORDESTE;2014-09-06;1960.00000000;64.98000336;1937.00000000;64.22000122
S;SUL;2014-09-06;11625.00000000;97.41999817;10875.00000000;91.12999725
SE;SUDESTE;2014-09-06;14073.00000000;80.38999939;13877.00000000;79.26999664
N;NORTE;2014-09-07;1339.00000000;85.40000153;1322.00000000;84.31999969
NE;NORDESTE;2014-09-07;1968.00000000;65.25000000;1945.00000000;64.48000336
S;SUL;2014-09-07;12392.00000000;103.83999634;11575.00000000;97.00000000
SE;SUDESTE;2014-09-07;14193.00000000;81.06999969;14070.00000000;80.37000275
N;NORTE;2014-09-08;1335.00000000;85.15000153;1318.00000000;84.05999756
NE;NORDESTE;2014-09-08;1968.00000000;65.25000000;1945.00000000;64.48000336
S;SUL;2014-09-08;11939.00000000;100.05000305;11106.00000000;93.06999969
SE;SUDESTE;2014-09-08;14248.00000000;81.38999939;14110.00000000;80.59999847
N;NORTE;2014-09-09;1344.00000000;85.72000122;1327.00000000;84.63999939
NE;NORDESTE;2014-09-09;1962.00000000;65.05000305;1939.00000000;64.27999878
S;SUL;2014-09-09;10652.00000000;89.26000214;9968.00000000;83.52999878
SE;SUDESTE;2014-09-09;13880.00000000;79.29000092;13752.00000000;78.55000305
N;NORTE;2014-09-10;1319.00000000;84.12999725;1303.00000000;83.11000061
NE;NORDESTE;2014-09-10;1976.00000000;65.51000214;1947.00000000;64.55000305
S;SUL;2014-09-10;9314.00000000;78.05000305;8782.00000000;73.58999634
SE;SUDESTE;2014-09-10;13497.00000000;77.09999847;13336.00000000;76.18000031
N;NORTE;2014-09-11;1308.00000000;83.41999817;1292.00000000;82.40000153
NE;NORDESTE;2014-09-11;2006.00000000;66.51000214;1997.00000000;66.20999908
S;SUL;2014-09-11;9993.00000000;83.73999786;9252.00000000;77.52999878
SE;SUDESTE;2014-09-11;13135.00000000;75.02999878;12925.00000000;73.83000183
N;NORTE;2014-09-12;1257.00000000;80.16999817;1240.00000000;79.08999634
NE;NORDESTE;2014-09-12;2122.00000000;70.34999847;2097.00000000;69.51999664
S;SUL;2014-09-12;9609.00000000;80.51999664;8905.00000000;74.62000275
SE;SUDESTE;2014-09-12;12876.00000000;73.55000305;12601.00000000;71.98000336
N;NORTE;2014-09-13;1260.00000000;80.36000061;1248.00000000;79.59999847
NE;NORDESTE;2014-09-13;2078.00000000;68.88999939;2054.00000000;68.09999847
S;SUL;2014-09-13;8751.00000000;73.33000183;7922.00000000;66.38999939
SE;SUDESTE;2014-09-13;12549.00000000;71.68000031;12321.00000000;70.37999725
N;NORTE;2014-09-14;1227.00000000;78.26000214;1216.00000000;77.55999756
NE;NORDESTE;2014-09-14;2010.00000000;66.63999939;1988.00000000;65.91000366
S;SUL;2014-09-14;7708.00000000;64.58999634;6963.00000000;58.34999847
SE;SUDESTE;2014-09-14;12240.00000000;69.91999817;12075.00000000;68.97000122
N;NORTE;2014-09-15;1235.00000000;78.76999664;1224.00000000;78.06999969
NE;NORDESTE;2014-09-15;2006.00000000;66.51000214;1982.00000000;65.70999908
S;SUL;2014-09-15;7095.00000000;59.45999908;6477.00000000;54.27999878
SE;SUDESTE;2014-09-15;11892.00000000;67.93000031;11724.00000000;66.97000122
N;NORTE;2014-09-16;1218.00000000;77.68000031;1207.00000000;76.98000336
NE;NORDESTE;2014-09-16;2023.00000000;67.06999969;2000.00000000;66.30999756
S;SUL;2014-09-16;6552.00000000;54.90999985;5909.00000000;49.52000046
SE;SUDESTE;2014-09-16;11632.00000000;66.44000244;11432.00000000;65.30000305
N;NORTE;2014-09-17;1232.00000000;78.58000183;1221.00000000;77.87999725
NE;NORDESTE;2014-09-17;2049.00000000;67.93000031;2027.00000000;67.19999695
S;SUL;2014-09-17;6157.00000000;51.59999847;5395.00000000;45.20999908
SE;SUDESTE;2014-09-17;11447.00000000;65.38999939;11158.00000000;63.74000168
N;NORTE;2014-09-18;1257.00000000;80.16999817;1246.00000000;79.47000122
NE;NORDESTE;2014-09-18;2003.00000000;66.41000366;1982.00000000;65.70999908
S;SUL;2014-09-18;6228.00000000;52.18999863;4775.00000000;40.00999832
SE;SUDESTE;2014-09-18;11880.00000000;67.86000061;11626.00000000;66.41000366
N;NORTE;2014-09-19;1272.00000000;81.12999725;1261.00000000;80.43000031
NE;NORDESTE;2014-09-19;1995.00000000;66.13999939;1976.00000000;65.51000214
S;SUL;2014-09-19;8251.00000000;69.13999939;6619.00000000;55.47000122
SE;SUDESTE;2014-09-19;12175.00000000;69.55000305;11899.00000000;67.97000122
N;NORTE;2014-09-20;1274.00000000;81.26000214;1263.00000000;80.55000305
NE;NORDESTE;2014-09-20;1963.00000000;65.08000183;1963.00000000;65.08000183
S;SUL;2014-09-20;10580.00000000;88.66000366;9539.00000000;79.94000244
SE;SUDESTE;2014-09-20;12388.00000000;70.76000214;12186.00000000;69.61000061
N;NORTE;2014-09-21;1257.00000000;80.16999817;1246.00000000;79.47000122
NE;NORDESTE;2014-09-21;1895.00000000;62.83000183;1895.00000000;62.83000183
S;SUL;2014-09-21;10785.00000000;90.37999725;10073.00000000;84.41000366
SE;SUDESTE;2014-09-21;12892.00000000;73.63999939;12724.00000000;72.68000031
N;NORTE;2014-09-22;1251.00000000;79.79000092;1224.00000000;78.06999969
NE;NORDESTE;2014-09-22;1851.00000000;61.36999893;1828.00000000;60.59999847
S;SUL;2014-09-22;9652.00000000;80.87999725;9169.00000000;76.83999634
SE;SUDESTE;2014-09-22;13332.00000000;76.15000153;13098.00000000;74.81999969
N;NORTE;2014-09-23;1258.00000000;80.23999786;1247.00000000;79.52999878
NE;NORDESTE;2014-09-23;1831.00000000;60.70000076;1802.00000000;59.74000168
S;SUL;2014-09-23;8543.00000000;71.58999634;7789.00000000;65.26999664
SE;SUDESTE;2014-09-23;14099.00000000;80.54000092;13795.00000000;78.80000305
N;NORTE;2014-09-24;1265.00000000;80.68000031;1254.00000000;79.98000336
NE;NORDESTE;2014-09-24;1810.00000000;60.00999832;1797.00000000;59.58000183
S;SUL;2014-09-24;8670.00000000;72.65000153;7998.00000000;67.01999664
SE;SUDESTE;2014-09-24;14295.00000000;81.66000366;13941.00000000;79.62999725
N;NORTE;2014-09-25;1290.00000000;82.27999878;1279.00000000;81.58000183
NE;NORDESTE;2014-09-25;1832.00000000;60.74000168;1822.00000000;60.40999985
S;SUL;2014-09-25;10305.00000000;86.36000061;9739.00000000;81.61000061
SE;SUDESTE;2014-09-25;15031.00000000;85.86000061;14683.00000000;83.87000275
N;NORTE;2014-09-26;1304.00000000;83.16999817;1293.00000000;82.47000122
NE;NORDESTE;2014-09-26;1819.00000000;60.31000137;1805.00000000;59.84000015
S;SUL;2014-09-26;14469.00000000;121.25000000;11587.00000000;97.09999847
SE;SUDESTE;2014-09-26;17435.00000000;99.58999634;17109.00000000;97.73000336
N;NORTE;2014-09-27;1318.00000000;84.05999756;1303.00000000;83.11000061
NE;NORDESTE;2014-09-27;1847.00000000;61.22999954;1821.00000000;60.36999893
S;SUL;2014-09-27;16472.00000000;138.02999878;12233.00000000;102.51000214
SE;SUDESTE;2014-09-27;19829.00000000;113.26999664;19619.00000000;112.06999969
N;NORTE;2014-09-28;1317.00000000;84.00000000;1300.00000000;82.91000366
NE;NORDESTE;2014-09-28;1853.00000000;61.43000031;1830.00000000;60.66999817
S;SUL;2014-09-28;17670.00000000;148.07000732;13360.00000000;111.95999908
SE;SUDESTE;2014-09-28;21456.00000000;122.55999756;21283.00000000;121.56999969
N;NORTE;2014-09-29;1318.00000000;84.05999756;1301.00000000;82.98000336
NE;NORDESTE;2014-09-29;1816.00000000;60.20999908;1805.00000000;59.84000015
S;SUL;2014-09-29;34804.00000000;291.66000366;23697.00000000;198.58000183
SE;SUDESTE;2014-09-29;22715.00000000;129.75000000;22419.00000000;128.05999756
N;NORTE;2014-09-30;1339.00000000;85.40000153;1322.00000000;84.31999969
NE;NORDESTE;2014-09-30;1774.00000000;58.81000137;1765.00000000;58.52000046
S;SUL;2014-09-30;50913.00000000;426.64999390;28697.00000000;240.47999573
SE;SUDESTE;2014-09-30;23285.00000000;133.00999451;22899.00000000;130.80000305
N;NORTE;2014-10-01;1359.00000000;76.55999756;1342.00000000;75.61000061
NE;NORDESTE;2014-10-01;1710.00000000;51.95000076;1710.00000000;51.95000076
S;SUL;2014-10-01;58813.00000000;434.20001221;33631.00000000;248.28999329
SE;SUDESTE;2014-10-01;22579.00000000;107.81999969;22240.00000000;106.19999695
N;NORTE;2014-10-02;1375.00000000;77.47000122;1359.00000000;76.55999756
NE;NORDESTE;2014-10-02;1758.00000000;53.40999985;1746.00000000;53.04000092
S;SUL;2014-10-02;53487.00000000;394.88000488;35301.00000000;260.61999512
SE;SUDESTE;2014-10-02;22633.00000000;108.08000183;22253.00000000;106.26000214
N;NORTE;2014-10-03;1336.00000000;75.26999664;1325.00000000;74.65000153
NE;NORDESTE;2014-10-03;1830.00000000;55.59999847;1810.00000000;54.99000168
S;SUL;2014-10-03;42753.00000000;315.64001465;28454.00000000;210.07000732
SE;SUDESTE;2014-10-03;22986.00000000;109.76000214;22776.00000000;108.76000214
N;NORTE;2014-10-04;1330.00000000;74.93000031;1319.00000000;74.30999756
NE;NORDESTE;2014-10-04;1853.00000000;56.29999924;1824.00000000;55.40999985
S;SUL;2014-10-04;33658.00000000;248.49000549;26665.00000000;196.86000061
SE;SUDESTE;2014-10-04;22469.00000000;107.29000092;22334.00000000;106.65000153
N;NORTE;2014-10-05;1325.00000000;74.65000153;1314.00000000;74.02999878
NE;NORDESTE;2014-10-05;1785.00000000;54.22999954;1764.00000000;53.59000015
S;SUL;2014-10-05;26610.00000000;196.46000671;19394.00000000;143.17999268
SE;SUDESTE;2014-10-05;20462.00000000;97.70999908;20336.00000000;97.11000061
N;NORTE;2014-10-06;1306.00000000;73.58000183;1295.00000000;72.95999908
NE;NORDESTE;2014-10-06;1650.00000000;50.13000107;1637.00000000;49.72999954
S;SUL;2014-10-06;22771.00000000;168.11000061;17615.00000000;130.05000305
SE;SUDESTE;2014-10-06;18482.00000000;88.26000214;18356.00000000;87.65000153
N;NORTE;2014-10-07;1286.00000000;72.44999695;1275.00000000;71.83000183
NE;NORDESTE;2014-10-07;1564.00000000;47.52000046;1545.00000000;46.93999863
S;SUL;2014-10-07;20454.00000000;151.00999451;16491.00000000;121.75000000
SE;SUDESTE;2014-10-07;16834.00000000;80.38999939;16683.00000000;79.66000366
N;NORTE;2014-10-08;1316.00000000;74.13999939;1306.00000000;73.58000183
NE;NORDESTE;2014-10-08;1503.00000000;45.65999985;1484.00000000;45.09000015
S;SUL;2014-10-08;18474.00000000;136.38999939;14166.00000000;104.58000183
SE;SUDESTE;2014-10-08;15481.00000000;73.91999817;15247.00000000;72.80999756
N;NORTE;2014-10-09;1308.00000000;73.69000244;1302.00000000;73.34999847
NE;NORDESTE;2014-10-09;1527.00000000;46.38999939;1513.00000000;45.97000122
S;SUL;2014-10-09;16934.00000000;125.01999664;12816.00000000;94.62000275
SE;SUDESTE;2014-10-09;14412.00000000;68.81999969;14158.00000000;67.61000061
N;NORTE;2014-10-10;1304.00000000;73.47000122;1299.00000000;73.18000031
NE;NORDESTE;2014-10-10;1568.00000000;47.63999939;1553.00000000;47.18000031
S;SUL;2014-10-10;15671.00000000;115.69999695;12008.00000000;88.65000153
SE;SUDESTE;2014-10-10;13638.00000000;65.12000275;13381.00000000;63.90000153
N;NORTE;2014-10-11;1287.00000000;72.51000214;1281.00000000;72.16999817
NE;NORDESTE;2014-10-11;1566.00000000;47.58000183;1528.00000000;46.41999817
S;SUL;2014-10-11;14460.00000000;106.76000214;12382.00000000;91.41000366
SE;SUDESTE;2014-10-11;12835.00000000;61.29000092;12587.00000000;60.11000061
N;NORTE;2014-10-12;1272.00000000;71.66000366;1266.00000000;71.33000183
NE;NORDESTE;2014-10-12;1494.00000000;45.38999939;1479.00000000;44.93000031
S;SUL;2014-10-12;13838.00000000;102.16000366;11832.00000000;87.34999847
SE;SUDESTE;2014-10-12;12284.00000000;58.65999985;12060.00000000;57.59000015
N;NORTE;2014-10-13;1244.00000000;70.08999634;1238.00000000;69.75000000
NE;NORDESTE;2014-10-13;1439.00000000;43.72000122;1427.00000000;43.34999847
S;SUL;2014-10-13;13112.00000000;96.80000305;12218.00000000;90.19999695
SE;SUDESTE;2014-10-13;11748.00000000;56.09999847;11622.00000000;55.50000000
N;NORTE;2014-10-14;1218.00000000;68.62000275;1213.00000000;68.33999634
NE;NORDESTE;2014-10-14;1409.00000000;42.81000137;1399.00000000;42.50000000
S;SUL;2014-10-14;15961.00000000;117.83999634;13785.00000000;101.76999664
SE;SUDESTE;2014-10-14;11297.00000000;53.95000076;11083.00000000;52.91999817
N;NORTE;2014-10-15;1230.00000000;69.30000305;1224.00000000;68.95999908
NE;NORDESTE;2014-10-15;1385.00000000;42.08000183;1372.00000000;41.68000031
S;SUL;2014-10-15;15502.00000000;114.44999695;12275.00000000;90.62000275
SE;SUDESTE;2014-10-15;11025.00000000;52.65000153;10756.00000000;51.36000061
N;NORTE;2014-10-16;1246.00000000;70.19999695;1241.00000000;69.91999817
NE;NORDESTE;2014-10-16;1477.00000000;44.86999893;1462.00000000;44.41999817
S;SUL;2014-10-16;13451.00000000;99.30999756;10542.00000000;77.83000183
SE;SUDESTE;2014-10-16;10702.00000000;51.09999847;10533.00000000;50.29999924
N;NORTE;2014-10-17;1268.00000000;71.44000244;1258.00000000;70.87000275
NE;NORDESTE;2014-10-17;1622.00000000;49.27999878;1601.00000000;48.63999939
S;SUL;2014-10-17;13434.00000000;99.18000031;10756.00000000;79.41000366
SE;SUDESTE;2014-10-17;10397.00000000;49.65000153;10183.00000000;48.63000107
N;NORTE;2014-10-18;1295.00000000;72.95999908;1284.00000000;72.33999634
NE;NORDESTE;2014-10-18;1736.00000000;52.74000168;1710.00000000;51.95000076
S;SUL;2014-10-18;18241.00000000;134.66999817;14607.00000000;107.83999634
SE;SUDESTE;2014-10-18;10101.00000000;48.22999954;9939.00000000;47.45999908
N;NORTE;2014-10-19;1303.00000000;73.41000366;1292.00000000;72.79000092
NE;NORDESTE;2014-10-19;1598.00000000;48.54999924;1585.00000000;48.15000153
S;SUL;2014-10-19;21981.00000000;162.27999878;14233.00000000;105.08000183
SE;SUDESTE;2014-10-19;10013.00000000;47.81000137;9909.00000000;47.31999969
N;NORTE;2014-10-20;1349.00000000;76.00000000;1322.00000000;74.48000336
NE;NORDESTE;2014-10-20;1417.00000000;43.04999924;1402.00000000;42.59000015
S;SUL;2014-10-20;22162.00000000;163.61999512;14857.00000000;109.69000244
SE;SUDESTE;2014-10-20;10320.00000000;49.27999878;10207.00000000;48.74000168
N;NORTE;2014-10-21;1394.00000000;78.54000092;1383.00000000;77.91999817
NE;NORDESTE;2014-10-21;1320.00000000;40.09999847;1305.00000000;39.65000153
S;SUL;2014-10-21;18101.00000000;133.63999939;12600.00000000;93.01999664
SE;SUDESTE;2014-10-21;10389.00000000;49.61000061;10262.00000000;49.00000000
N;NORTE;2014-10-22;1449.00000000;81.63999939;1438.00000000;81.01999664
NE;NORDESTE;2014-10-22;1359.00000000;41.29000092;1340.00000000;40.70999908
S;SUL;2014-10-22;14333.00000000;105.81999969;11113.00000000;82.05000305
SE;SUDESTE;2014-10-22;10303.00000000;49.20000076;10177.00000000;48.59999847
N;NORTE;2014-10-23;1503.00000000;84.68000031;1492.00000000;84.05999756
NE;NORDESTE;2014-10-23;1386.00000000;42.11000061;1369.00000000;41.59000015
S;SUL;2014-10-23;11646.00000000;85.98000336;9963.00000000;73.55000305
SE;SUDESTE;2014-10-23;10198.00000000;48.70000076;10069.00000000;48.08000183
N;NORTE;2014-10-24;1587.00000000;89.41000366;1573.00000000;88.62000275
NE;NORDESTE;2014-10-24;1403.00000000;42.61999893;1403.00000000;42.61999893
S;SUL;2014-10-24;9935.00000000;73.34999847;9112.00000000;67.26999664
SE;SUDESTE;2014-10-24;10413.00000000;49.72000122;10280.00000000;49.09000015
N;NORTE;2014-10-25;1591.00000000;89.63999939;1574.00000000;88.68000031
NE;NORDESTE;2014-10-25;1358.00000000;41.25999832;1335.00000000;40.56000137
S;SUL;2014-10-25;8767.00000000;64.72000122;7645.00000000;56.43999863
SE;SUDESTE;2014-10-25;10745.00000000;51.31000137;10586.00000000;50.54999924
N;NORTE;2014-10-26;1565.00000000;88.16999817;1548.00000000;87.20999908
NE;NORDESTE;2014-10-26;1287.00000000;39.09999847;1260.00000000;38.27999878
S;SUL;2014-10-26;8048.00000000;59.41999817;7490.00000000;55.29999924
SE;SUDESTE;2014-10-26;10995.00000000;52.50000000;10877.00000000;51.93999863
N;NORTE;2014-10-27;1530.00000000;86.19999695;1513.00000000;85.23999786
NE;NORDESTE;2014-10-27;1253.00000000;38.06999969;1230.00000000;37.36999893
S;SUL;2014-10-27;7358.00000000;54.31999969;6852.00000000;50.59000015
SE;SUDESTE;2014-10-27;11496.00000000;54.90000153;11329.00000000;54.09999847
N;NORTE;2014-10-28;1508.00000000;84.95999908;1491.00000000;84.00000000
NE;NORDESTE;2014-10-28;1331.00000000;40.43999863;1316.00000000;39.97999954
S;SUL;2014-10-28;6799.00000000;50.20000076;6249.00000000;46.13999939
SE;SUDESTE;2014-10-28;12031.00000000;57.45000076;11870.00000000;56.68000031
N;NORTE;2014-10-29;1490.00000000;83.94999695;1474.00000000;83.04000092
NE;NORDESTE;2014-10-29;1511.00000000;45.90999985;1509.00000000;45.84000015
S;SUL;2014-10-29;6381.00000000;47.11000061;5696.00000000;42.04999924
SE;SUDESTE;2014-10-29;12474.00000000;59.56999969;12282.00000000;58.65000153
N;NORTE;2014-10-30;1486.00000000;83.72000122;1469.00000000;82.76000214
NE;NORDESTE;2014-10-30;1418.00000000;43.08000183;1410.00000000;42.84000015
S;SUL;2014-10-30;6410.00000000;47.31999969;5195.00000000;38.34999847
SE;SUDESTE;2014-10-30;12660.00000000;60.45000076;12230.00000000;58.40000153
N;NORTE;2014-10-31;1534.00000000;86.41999817;1521.00000000;85.69000244
NE;NORDESTE;2014-10-31;1269.00000000;38.54999924;1250.00000000;37.97999954
S;SUL;2014-10-31;6144.00000000;45.36000061;4964.00000000;36.65000153
SE;SUDESTE;2014-10-31;12827.00000000;61.25000000;12059.00000000;57.58000183
N;NORTE;2014-11-01;1586.00000000;54.33000183;1575.00000000;53.95999908
NE;NORDESTE;2014-11-01;1247.00000000;23.17000008;1224.00000000;22.75000000
S;SUL;2014-11-01;6047.00000000;63.63000107;4821.00000000;50.72999954
SE;SUDESTE;2014-11-01;13044.00000000;48.34000015;12278.00000000;45.50000000
N;NORTE;2014-11-02;1619.00000000;55.45999908;1608.00000000;55.09000015
NE;NORDESTE;2014-11-02;1300.00000000;24.15999985;1268.00000000;23.55999947
S;SUL;2014-11-02;5998.00000000;63.11999893;4943.00000000;52.00999832
SE;SUDESTE;2014-11-02;13479.00000000;49.95000076;12676.00000000;46.97000122
N;NORTE;2014-11-03;1626.00000000;55.70000076;1615.00000000;55.33000183
NE;NORDESTE;2014-11-03;1428.00000000;26.54000092;1417.00000000;26.32999992
S;SUL;2014-11-03;5909.00000000;62.18000031;4911.00000000;51.68000031
SE;SUDESTE;2014-11-03;13879.00000000;51.43000031;13122.00000000;48.63000107
N;NORTE;2014-11-04;1664.00000000;57.00000000;1653.00000000;56.63000107
NE;NORDESTE;2014-11-04;1502.00000000;27.90999985;1492.00000000;27.72999954
S;SUL;2014-11-04;6804.00000000;71.59999847;5266.00000000;55.40999985
SE;SUDESTE;2014-11-04;14193.00000000;52.59999847;13392.00000000;49.63000107
N;NORTE;2014-11-05;1693.00000000;58.00000000;1684.00000000;57.68999863
NE;NORDESTE;2014-11-05;1533.00000000;28.48999977;1533.00000000;28.48999977
S;SUL;2014-11-05;7777.00000000;81.83999634;6464.00000000;68.01999664
SE;SUDESTE;2014-11-05;14688.00000000;54.43000031;13899.00000000;51.50999832
N;NORTE;2014-11-06;1710.00000000;58.58000183;1705.00000000;58.40999985
NE;NORDESTE;2014-11-06;1567.00000000;29.12000084;1549.00000000;28.79000092
S;SUL;2014-11-06;8662.00000000;91.15000153;7523.00000000;79.16000366
SE;SUDESTE;2014-11-06;15278.00000000;56.61999893;14436.00000000;53.50000000
N;NORTE;2014-11-07;1753.00000000;60.04999924;1748.00000000;59.88000107
NE;NORDESTE;2014-11-07;1587.00000000;29.48999977;1557.00000000;28.94000053
S;SUL;2014-11-07;12595.00000000;132.52999878;11275.00000000;118.63999939
SE;SUDESTE;2014-11-07;15908.00000000;58.95000076;15144.00000000;56.11999893
N;NORTE;2014-11-08;1843.00000000;63.13999939;1837.00000000;62.93000031
NE;NORDESTE;2014-11-08;1693.00000000;31.45999908;1671.00000000;31.04999924
S;SUL;2014-11-08;16979.00000000;178.66999817;15464.00000000;162.72000122
SE;SUDESTE;2014-11-08;16452.00000000;60.97000122;15938.00000000;59.06000137
N;NORTE;2014-11-09;1876.00000000;64.26999664;1870.00000000;64.05999756
NE;NORDESTE;2014-11-09;1790.00000000;33.27000046;1766.00000000;32.81999969
S;SUL;2014-11-09;16951.00000000;178.36999512;16153.00000000;169.97000122
SE;SUDESTE;2014-11-09;16964.00000000;62.86000061;16776.00000000;62.16999817
N;NORTE;2014-11-10;1910.00000000;65.43000031;1904.00000000;65.23000336
NE;NORDESTE;2014-11-10;1894.00000000;35.20000076;1885.00000000;35.02999878
S;SUL;2014-11-10;14747.00000000;155.17999268;13936.00000000;146.63999939
SE;SUDESTE;2014-11-10;17562.00000000;65.08000183;17136.00000000;63.50000000
N;NORTE;2014-11-11;1960.00000000;67.13999939;1955.00000000;66.97000122
NE;NORDESTE;2014-11-11;1949.00000000;36.22000122;1920.00000000;35.68000031
S;SUL;2014-11-11;12134.00000000;127.68000031;11134.00000000;117.16000366
SE;SUDESTE;2014-11-11;18137.00000000;67.20999908;17497.00000000;64.83999634
N;NORTE;2014-11-12;1992.00000000;68.23999786;1981.00000000;67.86000061
NE;NORDESTE;2014-11-12;2062.00000000;38.31999969;2053.00000000;38.15000153
S;SUL;2014-11-12;10489.00000000;110.37000275;9440.00000000;99.33000183
SE;SUDESTE;2014-11-12;18344.00000000;67.98000336;17721.00000000;65.66999817
N;NORTE;2014-11-13;1997.00000000;68.41000366;1985.00000000;68.00000000
NE;NORDESTE;2014-11-13;2189.00000000;40.68000031;2182.00000000;40.54999924
S;SUL;2014-11-13;9145.00000000;96.23000336;8027.00000000;84.47000122
SE;SUDESTE;2014-11-13;18395.00000000;68.16999817;17781.00000000;65.88999939
N;NORTE;2014-11-14;2157.00000000;72.47000122;2135.00000000;71.73000336
NE;NORDESTE;2014-11-14;2297.00000000;42.68999863;2285.00000000;42.45999908
S;SUL;2014-11-14;8336.00000000;87.72000122;7427.00000000;78.15000153
SE;SUDESTE;2014-11-14;18589.00000000;68.88999939;18240.00000000;67.58999634
N;NORTE;2014-11-15;2258.00000000;75.86000061;2237.00000000;75.16000366
NE;NORDESTE;2014-11-15;2478.00000000;46.04999924;2469.00000000;45.88000107
S;SUL;2014-11-15;7531.00000000;79.25000000;6926.00000000;72.87999725
SE;SUDESTE;2014-11-15;19012.00000000;70.44999695;18855.00000000;69.87000275
N;NORTE;2014-11-16;2359.00000000;79.25000000;2211.00000000;74.27999878
NE;NORDESTE;2014-11-16;2670.00000000;49.61999893;2670.00000000;49.61999893
S;SUL;2014-11-16;6855.00000000;72.12999725;6507.00000000;68.47000122
SE;SUDESTE;2014-11-16;19215.00000000;71.20999908;18984.00000000;70.34999847
N;NORTE;2014-11-17;2461.00000000;82.68000031;2440.00000000;81.98000336
NE;NORDESTE;2014-11-17;2850.00000000;52.95999908;2850.00000000;52.95999908
S;SUL;2014-11-17;6223.00000000;65.48000336;5373.00000000;56.54000092
SE;SUDESTE;2014-11-17;19061.00000000;70.63999939;18774.00000000;69.56999969
N;NORTE;2014-11-18;2598.00000000;87.27999878;2577.00000000;86.58000183
NE;NORDESTE;2014-11-18;3005.00000000;55.84000015;3005.00000000;55.84000015
S;SUL;2014-11-18;5683.00000000;59.79999924;4993.00000000;52.54000092
SE;SUDESTE;2014-11-18;18614.00000000;68.98000336;18116.00000000;67.12999725
N;NORTE;2014-11-19;2698.00000000;90.63999939;2672.00000000;89.76999664
NE;NORDESTE;2014-11-19;3112.00000000;57.83000183;3112.00000000;57.83000183
S;SUL;2014-11-19;5327.00000000;56.04999924;4641.00000000;48.84000015
SE;SUDESTE;2014-11-19;17977.00000000;66.62000275;17466.00000000;64.72000122
N;NORTE;2014-11-20;2786.00000000;93.59999847;2764.00000000;92.86000061
NE;NORDESTE;2014-11-20;3315.00000000;61.61000061;3315.00000000;61.61000061
S;SUL;2014-11-20;5167.00000000;54.36999893;4310.00000000;45.34999847
SE;SUDESTE;2014-11-20;17392.00000000;64.44999695;16890.00000000;62.59000015
N;NORTE;2014-11-21;2887.00000000;96.98999786;2865.00000000;96.25000000
NE;NORDESTE;2014-11-21;3363.00000000;62.50000000;3363.00000000;62.50000000
S;SUL;2014-11-21;5102.00000000;53.68999863;3941.00000000;41.47000122
SE;SUDESTE;2014-11-21;16917.00000000;62.68999863;16663.00000000;61.75000000
N;NORTE;2014-11-22;2993.00000000;100.55000305;2971.00000000;99.81999969
NE;NORDESTE;2014-11-22;3529.00000000;65.58000183;3529.00000000;65.58000183
S;SUL;2014-11-22;5169.00000000;54.38999939;4196.00000000;44.15000153
SE;SUDESTE;2014-11-22;16843.00000000;62.41999817;16727.00000000;61.99000168
N;NORTE;2014-11-23;3085.00000000;103.65000153;3063.00000000;102.91000366
NE;NORDESTE;2014-11-23;3500.00000000;65.04000092;3500.00000000;65.04000092
S;SUL;2014-11-23;5317.00000000;55.95000076;4641.00000000;48.84000015
SE;SUDESTE;2014-11-23;17124.00000000;63.45999908;16965.00000000;62.86999893
N;NORTE;2014-11-24;3092.00000000;103.87999725;3070.00000000;103.13999939
NE;NORDESTE;2014-11-24;3347.00000000;62.20000076;3347.00000000;62.20000076
S;SUL;2014-11-24;5482.00000000;57.68999863;4710.00000000;49.56000137
SE;SUDESTE;2014-11-24;17796.00000000;65.94999695;17614.00000000;65.26999664
N;NORTE;2014-11-25;3066.00000000;103.01000214;3044.00000000;102.26999664
NE;NORDESTE;2014-11-25;3249.00000000;60.38000107;3239.00000000;60.18999863
S;SUL;2014-11-25;7527.00000000;79.19999695;6531.00000000;68.72000122
SE;SUDESTE;2014-11-25;19000.00000000;70.41000366;18721.00000000;69.37999725
N;NORTE;2014-11-26;3006.00000000;100.98999786;2984.00000000;100.25000000
NE;NORDESTE;2014-11-26;3217.00000000;59.77999878;3205.00000000;59.56000137
S;SUL;2014-11-26;9359.00000000;98.48000336;8081.00000000;85.02999878
SE;SUDESTE;2014-11-26;20298.00000000;75.22000122;20027.00000000;74.20999908
N;NORTE;2014-11-27;2860.00000000;96.08999634;2838.00000000;95.34999847
NE;NORDESTE;2014-11-27;3284.00000000;61.02999878;3284.00000000;61.02999878
S;SUL;2014-11-27;9832.00000000;103.45999908;8713.00000000;91.68000031
SE;SUDESTE;2014-11-27;21893.00000000;81.12999725;21678.00000000;80.33000183
N;NORTE;2014-11-28;2738.00000000;91.98999786;2717.00000000;91.27999878
NE;NORDESTE;2014-11-28;3395.00000000;63.09000015;3393.00000000;63.06000137
S;SUL;2014-11-28;8984.00000000;94.54000092;8137.00000000;85.62000275
SE;SUDESTE;2014-11-28;24408.00000000;90.44999695;24100.00000000;89.30999756
N;NORTE;2014-11-29;2665.00000000;89.52999878;2646.00000000;88.90000153
NE;NORDESTE;2014-11-29;3424.00000000;63.63000107;3399.00000000;63.16999817
S;SUL;2014-11-29;7795.00000000;82.01999664;6819.00000000;71.75000000
SE;SUDESTE;2014-11-29;27479.00000000;101.83000183;26793.00000000;99.29000092
N;NORTE;2014-11-30;2657.00000000;89.26999664;2504.00000000;84.12999725
NE;NORDESTE;2014-11-30;3524.00000000;65.48999786;3497.00000000;64.98999786
S;SUL;2014-11-30;6778.00000000;71.31999969;6066.00000000;63.83000183
SE;SUDESTE;2014-11-30;29745.00000000;110.23000336;28983.00000000;107.40000153
N;NORTE;2014-12-01;2633.00000000;46.15999985;2622.00000000;45.97000122
NE;NORDESTE;2014-12-01;3578.00000000;35.83000183;3578.00000000;35.83000183
S;SUL;2014-12-01;6251.00000000;82.45999908;5851.00000000;77.18000031
SE;SUDESTE;2014-12-01;31511.00000000;77.20999908;30965.00000000;75.87000275
N;NORTE;2014-12-02;2685.00000000;47.06999969;2674.00000000;46.88000107
NE;NORDESTE;2014-12-02;3656.00000000;36.61999893;3656.00000000;36.61999893
S;SUL;2014-12-02;6103.00000000;80.51000214;5331.00000000;70.31999969
SE;SUDESTE;2014-12-02;32753.00000000;80.26000214;32223.00000000;78.95999908
N;NORTE;2014-12-03;2689.00000000;47.13999939;2689.00000000;47.13999939
NE;NORDESTE;2014-12-03;3712.00000000;37.18000031;3712.00000000;37.18000031
S;SUL;2014-12-03;6241.00000000;82.33000183;5463.00000000;72.05999756
SE;SUDESTE;2014-12-03;32894.00000000;80.59999847;32605.00000000;79.88999939
N;NORTE;2014-12-04;2706.00000000;47.43999863;2706.00000000;47.43999863
NE;NORDESTE;2014-12-04;3804.00000000;38.09999847;3804.00000000;38.09999847
S;SUL;2014-12-04;6238.00000000;82.29000092;5373.00000000;70.87999725
SE;SUDESTE;2014-12-04;32078.00000000;78.59999847;31801.00000000;77.91999817
N;NORTE;2014-12-05;2740.00000000;48.04000092;2730.00000000;47.86000061
NE;NORDESTE;2014-12-05;4017.00000000;40.22999954;4017.00000000;40.22999954
S;SUL;2014-12-05;5847.00000000;77.12999725;4721.00000000;62.27999878
SE;SUDESTE;2014-12-05;31588.00000000;77.40000153;31296.00000000;76.69000244
N;NORTE;2014-12-06;2834.00000000;49.68999863;2824.00000000;49.50999832
NE;NORDESTE;2014-12-06;4265.00000000;42.70999908;4257.00000000;42.63000107
S;SUL;2014-12-06;5273.00000000;69.55999756;4258.00000000;56.16999817
SE;SUDESTE;2014-12-06;31745.00000000;77.79000092;31344.00000000;76.80000305
N;NORTE;2014-12-07;2932.00000000;51.40000153;2922.00000000;51.22999954
NE;NORDESTE;2014-12-07;4438.00000000;44.45000076;4438.00000000;44.45000076
S;SUL;2014-12-07;4612.00000000;60.84000015;3788.00000000;49.97000122
SE;SUDESTE;2014-12-07;31918.00000000;78.20999908;31497.00000000;77.18000031
N;NORTE;2014-12-08;3054.00000000;53.54000092;3043.00000000;53.34999847
NE;NORDESTE;2014-12-08;4594.00000000;46.00999832;4594.00000000;46.00999832
S;SUL;2014-12-08;4346.00000000;57.33000183;3331.00000000;43.93999863
SE;SUDESTE;2014-12-08;31547.00000000;77.30000305;31140.00000000;76.30000305
N;NORTE;2014-12-09;3189.00000000;55.90999985;3178.00000000;55.72000122
NE;NORDESTE;2014-12-09;4767.00000000;47.74000168;4758.00000000;47.65000153
S;SUL;2014-12-09;4285.00000000;56.52999878;3035.00000000;40.04000092
SE;SUDESTE;2014-12-09;30864.00000000;75.62999725;30226.00000000;74.05999756
N;NORTE;2014-12-10;3331.00000000;58.40000153;3320.00000000;58.20999908
NE;NORDESTE;2014-12-10;5116.00000000;51.24000168;5109.00000000;51.16999817
S;SUL;2014-12-10;4369.00000000;57.63000107;3133.00000000;41.33000183
SE;SUDESTE;2014-12-10;30191.00000000;73.98000336;29425.00000000;72.09999847
N;NORTE;2014-12-11;3461.00000000;60.68000031;3451.00000000;60.50000000
NE;NORDESTE;2014-12-11;5525.00000000;55.33000183;5499.00000000;55.06999969
S;SUL;2014-12-11;4440.00000000;58.56999969;3308.00000000;43.63999939
SE;SUDESTE;2014-12-11;30307.00000000;74.26000214;29716.00000000;72.80999756
N;NORTE;2014-12-12;3596.00000000;63.04999924;3586.00000000;62.86999893
NE;NORDESTE;2014-12-12;5991.00000000;60.00000000;5979.00000000;59.88000107
S;SUL;2014-12-12;5102.00000000;67.30000305;4154.00000000;54.79999924
SE;SUDESTE;2014-12-12;30756.00000000;75.36000061;30080.00000000;73.70999908
N;NORTE;2014-12-13;3767.00000000;66.04000092;3762.00000000;65.95999908
NE;NORDESTE;2014-12-13;6406.00000000;64.16000366;6388.00000000;63.97999954
S;SUL;2014-12-13;6759.00000000;89.16000366;5965.00000000;78.69000244
SE;SUDESTE;2014-12-13;31637.00000000;77.51999664;30947.00000000;75.83000183
N;NORTE;2014-12-14;3964.00000000;69.50000000;3958.00000000;69.38999939
NE;NORDESTE;2014-12-14;6810.00000000;68.19999695;6786.00000000;67.95999908
S;SUL;2014-12-14;6859.00000000;90.48000336;6516.00000000;85.95999908
SE;SUDESTE;2014-12-14;33241.00000000;81.44999695;32685.00000000;80.08999634
N;NORTE;2014-12-15;4200.00000000;73.63999939;4194.00000000;73.52999878
NE;NORDESTE;2014-12-15;7214.00000000;72.25000000;7214.00000000;72.25000000
S;SUL;2014-12-15;6424.00000000;84.73999786;5717.00000000;75.41999817
SE;SUDESTE;2014-12-15;34404.00000000;84.30000305;33807.00000000;82.83999634
N;NORTE;2014-12-16;4471.00000000;78.38999939;4465.00000000;78.27999878
NE;NORDESTE;2014-12-16;7488.00000000;74.98999786;7488.00000000;74.98999786
S;SUL;2014-12-16;5744.00000000;75.76999664;4764.00000000;62.84000015
SE;SUDESTE;2014-12-16;35257.00000000;86.38999939;34722.00000000;85.08000183
N;NORTE;2014-12-17;4777.00000000;83.20999908;4767.00000000;83.02999878
NE;NORDESTE;2014-12-17;8116.00000000;81.27999878;8116.00000000;81.27999878
S;SUL;2014-12-17;5231.00000000;69.00000000;4465.00000000;58.90000153
SE;SUDESTE;2014-12-17;35665.00000000;87.38999939;35169.00000000;86.18000031
N;NORTE;2014-12-18;5038.00000000;87.75000000;5034.00000000;87.68000031
NE;NORDESTE;2014-12-18;8526.00000000;85.38999939;8526.00000000;85.38999939
S;SUL;2014-12-18;4918.00000000;64.87999725;3979.00000000;52.49000168
SE;SUDESTE;2014-12-18;35661.00000000;87.37999725;35225.00000000;86.30999756
N;NORTE;2014-12-19;5293.00000000;92.19999695;5292.00000000;92.18000031
NE;NORDESTE;2014-12-19;8736.00000000;87.48999786;8657.00000000;86.69999695
S;SUL;2014-12-19;4797.00000000;63.27999878;3898.00000000;51.41999817
SE;SUDESTE;2014-12-19;35363.00000000;86.65000153;34812.00000000;85.30000305
N;NORTE;2014-12-20;5551.00000000;96.69000244;5549.00000000;96.65000153
NE;NORDESTE;2014-12-20;8882.00000000;88.94999695;8677.00000000;86.90000153
S;SUL;2014-12-20;4915.00000000;64.83999634;4382.00000000;57.79999924
SE;SUDESTE;2014-12-20;35298.00000000;86.48999786;34746.00000000;85.13999939
N;NORTE;2014-12-21;5808.00000000;101.16999817;5805.00000000;101.11000061
NE;NORDESTE;2014-12-21;9052.00000000;90.66000366;8712.00000000;87.25000000
S;SUL;2014-12-21;6876.00000000;90.69999695;6274.00000000;82.76000214
SE;SUDESTE;2014-12-21;35455.00000000;86.87999725;34858.00000000;85.41000366
N;NORTE;2014-12-22;6091.00000000;106.09999847;6085.00000000;105.98999786
NE;NORDESTE;2014-12-22;8652.00000000;86.65000153;8172.00000000;81.83999634
S;SUL;2014-12-22;10490.00000000;138.38000488;10009.00000000;132.02999878
SE;SUDESTE;2014-12-22;36191.00000000;88.68000031;35845.00000000;87.83000183
N;NORTE;2014-12-23;6412.00000000;111.69000244;6405.00000000;111.55999756
NE;NORDESTE;2014-12-23;8424.00000000;84.37000275;8137.00000000;81.48999786
S;SUL;2014-12-23;11212.00000000;147.89999390;10746.00000000;141.75000000
SE;SUDESTE;2014-12-23;37818.00000000;92.66999817;37422.00000000;91.69999695
N;NORTE;2014-12-24;6665.00000000;116.08999634;6648.00000000;115.80000305
NE;NORDESTE;2014-12-24;8288.00000000;83.01000214;8061.00000000;80.73000336
S;SUL;2014-12-24;10715.00000000;141.35000610;10361.00000000;136.67999268
SE;SUDESTE;2014-12-24;39740.00000000;97.37999725;39341.00000000;96.40000153
N;NORTE;2014-12-25;6838.00000000;119.11000061;6791.00000000;118.29000092
NE;NORDESTE;2014-12-25;8033.00000000;80.44999695;7577.00000000;75.87999725
S;SUL;2014-12-25;10054.00000000;132.63000488;9766.00000000;128.83000183
SE;SUDESTE;2014-12-25;42298.00000000;103.63999939;41958.00000000;102.80999756
N;NORTE;2014-12-26;6960.00000000;121.23000336;6915.00000000;120.44999695
NE;NORDESTE;2014-12-26;7937.00000000;79.48999786;7606.00000000;76.16999817
S;SUL;2014-12-26;10223.00000000;134.86000061;10107.00000000;133.33000183
SE;SUDESTE;2014-12-26;42950.00000000;105.23999786;42622.00000000;104.44000244
N;NORTE;2014-12-27;6977.00000000;121.52999878;6964.00000000;121.30000305
NE;NORDESTE;2014-12-27;7646.00000000;76.58000183;7289.00000000;73.00000000
S;SUL;2014-12-27;13225.00000000;174.46000671;12588.00000000;166.05000305
SE;SUDESTE;2014-12-27;41436.00000000;101.52999878;41170.00000000;100.87999725
N;NORTE;2014-12-28;6846.00000000;119.25000000;6834.00000000;119.04000092
NE;NORDESTE;2014-12-28;7527.00000000;75.37999725;7381.00000000;73.91999817
S;SUL;2014-12-28;14068.00000000;185.58000183;13238.00000000;174.63000488
SE;SUDESTE;2014-12-28;38984.00000000;95.51999664;38736.00000000;94.91999817
N;NORTE;2014-12-29;6667.00000000;116.12999725;6655.00000000;115.91999817
NE;NORDESTE;2014-12-29;7513.00000000;75.23999786;7488.00000000;74.98999786
S;SUL;2014-12-29;14512.00000000;191.42999268;13532.00000000;178.50999451
SE;SUDESTE;2014-12-29;36767.00000000;90.08999634;36533.00000000;89.51999664
N;NORTE;2014-12-30;6484.00000000;112.94000244;6479.00000000;112.84999847
NE;NORDESTE;2014-12-30;7319.00000000;73.30000305;7319.00000000;73.30000305
S;SUL;2014-12-30;14914.00000000;196.74000549;13974.00000000;184.33999634
SE;SUDESTE;2014-12-30;35029.00000000;85.83000183;34820.00000000;85.31999969
N;NORTE;2014-12-31;6266.00000000;109.13999939;6265.00000000;109.12999725
NE;NORDESTE;2014-12-31;7103.00000000;71.13999939;7095.00000000;71.05999756
S;SUL;2014-12-31;16745.00000000;220.88999939;16047.00000000;211.67999268
SE;SUDESTE;2014-12-31;33741.00000000;82.68000031;33566.00000000;82.25000000
